target_z,snapshot_z,query_index,channel,source_kind,source_index,target_kind,target_index,source_energy_eV,target_energy_eV,eta_query,thermal_zero,left_index,right_index,fraction,uses_current_accepted_endpoint
1300,1299.9971824762927,0,virtual_to_virtual,virtual,1,virtual,0,5.3383879,5.1790432,-7.201189700072472,False,2804,2805,0.06964402415997029,False
1300,1299.9971824762927,1,virtual_to_virtual,virtual,2,virtual,1,5.4977327,5.3383879,-7.200298367724186,False,2814,2815,0.56825825603255,False
1300,1299.9971824762927,2,virtual_to_virtual,virtual,3,virtual,2,5.6571046,5.4977327,-7.199462748524096,False,2824,2825,0.4106516611054758,False
1300,1299.9971824762927,3,virtual_to_virtual,virtual,4,virtual,3,5.8164493,5.6571046,-7.198664095948689,False,2833,2834,0.8176313478743396,False
1300,1299.9971824762927,4,virtual_to_virtual,virtual,5,virtual,4,5.9758212,5.8164493,-7.197917850899765,False,2842,2843,0.6073256814870547,False
1300,1299.9971824762927,5,virtual_to_virtual,virtual,6,virtual,5,6.1351659,5.9758212,-7.197201904507975,False,2851,2852,0.04014537277453201,False
1300,1299.9971824762927,6,virtual_to_virtual,virtual,7,virtual,6,6.2945106,6.1351659,-7.196527113720682,False,2858,2859,0.9882111830524991,False
1300,1299.9971824762927,7,virtual_to_virtual,virtual,8,virtual,7,6.4538826,6.2945106,-7.19589029581224,False,2866,2867,0.4890110469204956,False
1300,1299.9971824762927,8,virtual_to_virtual,virtual,9,virtual,8,6.6132273,6.4538826,-7.195276189449353,False,2873,2874,0.7223015402896635,False
1300,1299.9971824762927,9,virtual_to_virtual,virtual,10,virtual,9,6.772572,6.6132273,-7.194695459206008,False,2880,2881,0.562469306427829,False
1300,1299.9971824762927,10,virtual_to_virtual,virtual,11,virtual,10,6.9319439,6.772572,-7.194145665618416,False,2887,2888,0.038247723289714486,False
1300,1299.9971824762927,11,virtual_to_virtual,virtual,12,virtual,11,7.0912886,6.9319439,-7.193613106903864,False,2893,2894,0.3110241020012836,False
1300,1299.9971824762927,12,virtual_to_virtual,virtual,13,virtual,12,7.2506605,7.0912886,-7.1931118080434455,False,2899,2900,0.2156043189393131,False
1300,1299.9971824762927,13,virtual_to_virtual,virtual,14,virtual,13,7.4100052,7.2506605,-7.192624885747067,False,2904,2905,0.9508492703921547,False
1300,1299.9971824762927,14,virtual_to_virtual,virtual,15,virtual,14,7.56935,7.4100052,-7.192162370293118,False,2910,2911,0.39861669029187397,False
1300,1299.9971824762927,15,virtual_to_virtual,virtual,16,virtual,15,7.7287219,7.56935,-7.191722620453513,False,2915,2916,0.578237887049454,False
1300,1299.9971824762927,16,virtual_to_virtual,virtual,17,virtual,16,7.8880666,7.7287219,-7.191293867211164,False,2920,2921,0.6283349700743202,False
1300,1299.9971824762927,17,virtual_to_virtual,virtual,18,virtual,17,8.0474113,7.8880666,-7.190885714454109,False,2925,2926,0.43578793892220347,False
1300,1299.9971824762927,18,virtual_to_virtual,virtual,19,virtual,18,8.2067832,8.0474113,-7.190496882601492,False,2930,2931,0.015668417333017715,False
1300,1299.9971824762927,19,virtual_to_virtual,virtual,20,virtual,19,8.319513,8.2067832,-7.184529000491322,False,3000,3001,0.3087439199225628,False
1300,1299.9971824762927,20,virtual_to_virtual,virtual,21,virtual,20,8.384676,8.319513,-7.178688347483288,False,3069,3070,0.10324342562807942,False
1300,1299.9971824762927,21,virtual_to_virtual,virtual,22,virtual,21,8.4486423,8.384676,-7.17848631265418,False,3071,3072,0.48292339155750597,False
1300,1299.9971824762927,22,virtual_to_virtual,virtual,23,virtual,22,8.5114392,8.4486423,-7.178291605917026,False,3073,3074,0.7762889646387521,False
1300,1299.9971824762927,23,virtual_to_virtual,virtual,24,virtual,23,8.5730938,8.5114392,-7.178103936844079,False,3075,3076,0.9867609663674557,False
1300,1299.9971824762927,24,virtual_to_virtual,virtual,25,virtual,24,8.6336334,8.5730938,-7.177923078076074,False,3078,3079,0.1170173621808317,False
1300,1299.9971824762927,25,virtual_to_virtual,virtual,26,virtual,25,8.6930851,8.6336334,-7.17774877019479,False,3080,3081,0.170113725954252,False
1300,1299.9971824762927,26,virtual_to_virtual,virtual,27,virtual,26,8.7515034,8.6930851,-7.177583922068825,False,3082,3083,0.1117877655869961,False
1300,1299.9971824762927,27,virtual_to_virtual,virtual,28,virtual,27,8.8088609,8.7515034,-7.1774189454309685,False,3084,3085,0.054975490636024915,False
1300,1299.9971824762927,28,virtual_to_virtual,virtual,29,virtual,28,8.865185,8.8088609,-7.1772599854085195,False,3085,3086,0.9272961319666138,False
1300,1299.9971824762927,29,virtual_to_virtual,virtual,30,virtual,29,8.9205573,8.865185,-7.177112927176129,False,3087,3088,0.6594307890995879,False
1300,1299.9971824762927,30,virtual_to_virtual,virtual,31,virtual,30,8.9749504,8.9205573,-7.176965298528049,False,3089,3090,0.3982841233691943,False
1300,1299.9971824762927,31,virtual_to_virtual,virtual,32,virtual,31,9.0283917,8.9749504,-7.176823150207237,False,3091,3092,0.07258707758364835,False
1300,1299.9971824762927,32,virtual_to_virtual,virtual,33,virtual,32,9.0809082,9.0283917,-7.176686277234099,False,3092,3093,0.6847540167791522,False
1300,1299.9971824762927,33,virtual_to_virtual,virtual,34,virtual,33,9.1325545,9.0809082,-7.176557550579636,False,3094,3095,0.2009690281215626,False
1300,1299.9971824762927,34,virtual_to_virtual,virtual,35,virtual,34,9.1833033,9.1325545,-7.176427841990891,False,3095,3096,0.7287498142850382,False
1300,1299.9971824762927,35,virtual_to_virtual,virtual,36,virtual,35,9.2331818,9.1833033,-7.176303049180246,False,3097,3098,0.19862979831623306,False
1300,1299.9971824762927,36,virtual_to_virtual,virtual,37,virtual,36,9.2822173,9.2331818,-7.176183051459734,False,3098,3099,0.6120305110630397,False
1300,1299.9971824762927,37,virtual_to_virtual,virtual,38,virtual,37,9.3304368,9.2822173,-7.176067691885989,False,3099,3100,0.970800519839031,False
1300,1299.9971824762927,38,virtual_to_virtual,virtual,39,virtual,38,9.3778676,9.3304368,-7.175956884785356,False,3101,3102,0.2759489371865129,False
1300,1299.9971824762927,39,virtual_to_virtual,virtual,40,virtual,39,9.4071039,9.3778676,-7.173999048326584,False,3124,3125,0.33644904051379854,False
1300,1299.9971824762927,40,virtual_to_virtual,virtual,41,virtual,40,9.4187169,9.4071039,-7.1721200440745285,False,3146,3147,0.46841902938695057,False
1300,1299.9971824762927,41,virtual_to_virtual,virtual,42,virtual,41,9.4302754,9.4187169,-7.172112744615263,False,3146,3147,0.5543961703228888,False
1300,1299.9971824762927,42,virtual_to_virtual,virtual,43,virtual,42,9.4417796,9.4302754,-7.172105491304721,False,3146,3147,0.6398297456162254,False
1300,1299.9971824762927,43,virtual_to_virtual,virtual,44,virtual,43,9.4532565,9.4417796,-7.172101118828867,False,3146,3147,0.6913312279884849,False
1300,1299.9971824762927,44,virtual_to_virtual,virtual,45,virtual,44,9.4646791,9.4532565,-7.172093907762131,False,3146,3147,0.7762672319531703,False
1300,1299.9971824762927,45,virtual_to_virtual,virtual,46,virtual,45,9.4760472,9.4646791,-7.172086699908676,False,3146,3147,0.8611653880725498,False
1300,1299.9971824762927,46,virtual_to_virtual,virtual,47,virtual,46,9.487361,9.4760472,-7.17207953731938,False,3146,3147,0.9455303974473281,False
1300,1299.9971824762927,47,virtual_to_virtual,virtual,48,virtual,47,9.4986476,9.487361,-7.172075251670002,False,3146,3147,0.9960091887132876,False
1300,1299.9971824762927,48,virtual_to_virtual,virtual,49,virtual,48,9.5098798,9.4986476,-7.17206811942261,False,3147,3148,0.08001681405858108,False
1300,1299.9971824762927,49,virtual_to_virtual,virtual,50,virtual,49,9.5210576,9.5098798,-7.172061010769667,False,3147,3148,0.16374653069851774,False
1300,1299.9971824762927,50,virtual_to_virtual,virtual,51,virtual,50,9.5322082,9.5210576,-7.172056778993835,False,3147,3148,0.21359076900171203,False
1300,1299.9971824762927,51,virtual_to_virtual,virtual,52,virtual,51,9.5433044,9.5322082,-7.172049710288949,False,3147,3148,0.2968499549419903,False
1300,1299.9971824762927,52,virtual_to_virtual,virtual,53,virtual,52,9.5543462,9.5433044,-7.172042664640367,False,3147,3148,0.3798375707474406,False
1300,1299.9971824762927,53,virtual_to_virtual,virtual,54,virtual,53,9.5653608,9.5543462,-7.172038485445498,False,3147,3148,0.4290624808686516,False
1300,1299.9971824762927,54,virtual_to_virtual,virtual,55,virtual,54,9.576321,9.5653608,-7.172031478809132,False,3147,3148,0.5115905888228554,False
1300,1299.9971824762927,55,virtual_to_virtual,virtual,56,virtual,55,9.5872268,9.576321,-7.172024494703625,False,3147,3148,0.5938533156459016,False
1300,1299.9971824762927,56,virtual_to_virtual,virtual,57,virtual,56,9.5981055,9.5872268,-7.17202037724847,False,3147,3148,0.6423510206577703,False
1300,1299.9971824762927,57,virtual_to_virtual,virtual,58,virtual,57,9.6089297,9.5981055,-7.172013420811679,False,3147,3148,0.7242878497631864,False
1300,1299.9971824762927,58,virtual_to_virtual,virtual,59,virtual,58,9.6196995,9.6089297,-7.17200649682311,False,3147,3148,0.8058424854316399,False
1300,1299.9971824762927,59,virtual_to_virtual,virtual,60,virtual,59,9.6304422,9.6196995,-7.172002429425535,False,3147,3148,0.8537505840795347,False
1300,1299.9971824762927,60,virtual_to_virtual,virtual,61,virtual,60,9.6411304,9.6304422,-7.1719955322498805,False,3147,3148,0.9349894021547698,False
1300,1299.9971824762927,61,virtual_to_virtual,virtual,62,virtual,61,9.6517915,9.6411304,-7.171991495480356,False,3147,3148,0.9825367463818111,False
1300,1299.9971824762927,62,virtual_to_virtual,virtual,63,virtual,62,9.6623982,9.6517915,-7.171984645343593,False,3148,3149,0.06322151390531872,False
1300,1299.9971824762927,63,virtual_to_virtual,virtual,64,virtual,63,9.6729776,9.6623982,-7.17198061804131,False,3148,3149,0.1106573476245103,False
1300,1299.9971824762927,64,virtual_to_virtual,virtual,65,virtual,64,9.6835027,9.6729776,-7.171973814386992,False,3148,3149,0.19079461874525805,False
1300,1299.9971824762927,65,virtual_to_virtual,virtual,66,virtual,65,9.6939734,9.6835027,-7.1719670212937885,False,3148,3149,0.27080749511151225,False
1300,1299.9971824762927,66,virtual_to_virtual,virtual,67,virtual,66,9.7044169,9.6939734,-7.171963051780259,False,3148,3149,0.31756266035836234,False
1300,1299.9971824762927,67,virtual_to_virtual,virtual,68,virtual,67,9.7148059,9.7044169,-7.171956283682442,False,3148,3149,0.3972811269932208,False
1300,1299.9971824762927,68,virtual_to_virtual,virtual,69,virtual,68,9.7251678,9.7148059,-7.171952353487957,False,3148,3149,0.4435731703915735,False
1300,1299.9971824762927,69,virtual_to_virtual,virtual,70,virtual,69,9.7354753,9.7251678,-7.171945630459611,False,3148,3149,0.5227607834240189,False
1300,1299.9971824762927,70,virtual_to_virtual,virtual,71,virtual,70,9.7457556,9.7354753,-7.171941718538504,False,3148,3149,0.5688375926943081,False
1300,1299.9971824762927,71,virtual_to_virtual,virtual,72,virtual,71,9.7559816,9.7457556,-7.171935040030925,False,3148,3149,0.6475008150614485,False
1300,1299.9971824762927,72,virtual_to_virtual,virtual,73,virtual,72,9.7661803,9.7559816,-7.1719311459971955,False,3148,3149,0.6933669367249422,False
1300,1299.9971824762927,73,virtual_to_virtual,virtual,74,virtual,73,9.7763246,9.7661803,-7.171924491012345,False,3148,3149,0.7717530951504159,False
1300,1299.9971824762927,74,virtual_to_virtual,virtual,75,virtual,74,9.7864417,9.7763246,-7.171920634964574,False,3148,3149,0.8171717968098164,False
1300,1299.9971824762927,75,virtual_to_virtual,virtual,76,virtual,75,9.7965044,9.7864417,-7.171914013261929,False,3148,3149,0.895165938691207,False
1300,1299.9971824762927,76,virtual_to_virtual,virtual,77,virtual,76,9.80654,9.7965044,-7.171910194719893,False,3148,3149,0.9401428766827848,False
1300,1299.9971824762927,77,virtual_to_virtual,virtual,78,virtual,77,9.8165211,9.80654,-7.171903595608394,False,3149,3150,0.017870927319108887,False
1300,1299.9971824762927,78,virtual_to_virtual,virtual,79,virtual,78,9.8264751,9.8165211,-7.171899803943915,False,3149,3150,0.06253128632124572,False
1300,1299.9971824762927,79,virtual_to_virtual,virtual,80,virtual,79,9.8364018,9.8264751,-7.171896002418321,False,3149,3150,0.107307795082761,False
1300,1299.9971824762927,80,virtual_to_virtual,virtual,81,virtual,80,9.8462742,9.8364018,-7.171889469212389,False,3149,3150,0.1842595728426204,False
1300,1299.9971824762927,81,virtual_to_virtual,virtual,82,virtual,81,9.8561193,9.8462742,-7.171885694049105,False,3149,3150,0.22872557147866246,False
1300,1299.9971824762927,82,virtual_to_virtual,virtual,83,virtual,82,9.8659101,9.8561193,-7.17187919249813,False,3149,3150,0.30530449933394266,False
1300,1299.9971824762927,83,virtual_to_virtual,virtual,84,virtual,83,9.8756737,9.8659101,-7.171875453427189,False,3149,3150,0.34934538202969634,False
1300,1299.9971824762927,84,virtual_to_virtual,virtual,85,virtual,84,9.8853828,9.8756737,-7.171868962819397,False,3149,3150,0.4257954149225043,False
1300,1299.9971824762927,85,virtual_to_virtual,virtual,86,virtual,85,9.8950648,9.8853828,-7.171865259431011,False,3149,3150,0.4694160083886345,False
1300,1299.9971824762927,86,virtual_to_virtual,virtual,87,virtual,86,9.9047196,9.8950648,-7.171861555869964,False,3149,3150,0.5130386355635892,False
1300,1299.9971824762927,87,virtual_to_virtual,virtual,88,virtual,87,9.91432,9.9047196,-7.171855118699919,False,3149,3150,0.5888592485789559,False
1300,1299.9971824762927,88,virtual_to_virtual,virtual,89,virtual,88,9.9238932,9.91432,-7.171851440167447,False,3149,3150,0.6321870751094139,False
1300,1299.9971824762927,89,virtual_to_virtual,virtual,90,virtual,89,9.933412,9.9238932,-7.1718450331430565,False,3149,3150,0.7076526156292857,False
1300,1299.9971824762927,90,virtual_to_virtual,virtual,91,virtual,90,9.9429036,9.933412,-7.171841379263084,False,3149,3150,0.7506900711391609,False
1300,1299.9971824762927,91,virtual_to_virtual,virtual,92,virtual,91,9.952368,9.9429036,-7.17183773496732,False,3149,3150,0.7936146384399763,False
1300,1299.9971824762927,92,virtual_to_virtual,virtual,93,virtual,92,9.961778,9.952368,-7.171831369765983,False,3149,3150,0.8685875634892,False
1300,1299.9971824762927,93,virtual_to_virtual,virtual,94,virtual,93,9.9711608,9.961778,-7.171827749613377,False,3149,3150,0.9112277590857047,False
1300,1299.9971824762927,94,virtual_to_virtual,virtual,95,virtual,94,9.9805165,9.9711608,-7.171824148857097,False,3149,3150,0.9536394938299964,False
1300,1299.9971824762927,95,virtual_to_virtual,virtual,96,virtual,95,9.9898449,9.9805165,-7.171820537373318,False,3149,3150,0.9961775831066007,False
1300,1299.9971824762927,96,virtual_to_virtual,virtual,97,virtual,96,9.9991189,9.9898449,-7.171814224947841,False,3150,3151,0.07052888436192006,False
1300,1299.9971824762927,97,virtual_to_virtual,virtual,98,virtual,97,10.008339,9.9991189,-7.171807979230607,False,3150,3151,0.1440944583791861,False
1300,1299.9971824762927,98,virtual_to_virtual,virtual,99,virtual,98,10.017558,10.008339,-7.171807020736642,False,3150,3151,0.15538413994636358,False
1300,1299.9971824762927,99,virtual_to_virtual,virtual,100,virtual,99,10.023854,10.017558,-7.171514611914793,False,3153,3154,0.5995398743307305,False
1300,1299.9971824762927,100,virtual_to_virtual,virtual,101,virtual,100,10.031818,10.023854,-7.171680502186547,False,3151,3152,0.6455908548482512,False
1300,1299.9971824762927,101,virtual_to_virtual,virtual,102,virtual,101,10.039597,10.031818,-7.171661445085643,False,3151,3152,0.8700561187297353,False
1300,1299.9971824762927,102,virtual_to_virtual,virtual,103,virtual,102,10.047192,10.039597,-7.171642531314105,False,3152,3153,0.09283316865094093,False
1300,1299.9971824762927,103,virtual_to_virtual,virtual,104,virtual,103,10.054603,10.047192,-7.171623659971191,False,3152,3153,0.3151104703483725,False
1300,1299.9971824762927,104,virtual_to_virtual,virtual,105,virtual,104,10.061829,10.054603,-7.171604730540775,False,3152,3153,0.5380719593476897,False
1300,1299.9971824762927,105,virtual_to_virtual,virtual,106,virtual,105,10.068871,10.061829,-7.17158594081013,False,3152,3153,0.7593879857927277,False
1300,1299.9971824762927,106,virtual_to_virtual,virtual,107,virtual,106,10.075729,10.068871,-7.171567190133857,False,3152,3153,0.9802440078537984,False
1300,1299.9971824762927,107,virtual_to_virtual,virtual,108,virtual,107,10.082402,10.075729,-7.171548378221536,False,3153,3154,0.20182130255716402,False
1300,1299.9971824762927,108,virtual_to_virtual,virtual,109,virtual,108,10.088891,10.082402,-7.171529702465638,False,3153,3154,0.4217948702630565,False
1300,1299.9971824762927,109,virtual_to_virtual,virtual,110,virtual,109,10.095196,10.088891,-7.171511062456591,False,3153,3154,0.6413473914335555,False
1300,1299.9971824762927,110,virtual_to_virtual,virtual,111,virtual,110,10.101317,10.095196,-7.171492457107542,False,3153,3154,0.8604916676285939,False
1300,1299.9971824762927,111,virtual_to_virtual,virtual,112,virtual,111,10.107253,10.101317,-7.171473786399289,False,3154,3155,0.08040578132977316,False
1300,1299.9971824762927,112,virtual_to_virtual,virtual,113,virtual,112,10.113004,10.107253,-7.1714551483654265,False,3154,3155,0.29993503765535934,False
1300,1299.9971824762927,113,virtual_to_virtual,virtual,114,virtual,113,10.118572,10.113004,-7.171436739583125,False,3154,3155,0.5167640400250093,False
1300,1299.9971824762927,114,virtual_to_virtual,virtual,115,virtual,114,10.123955,10.118572,-7.171418163456216,False,3154,3155,0.7355641214103343,False
1300,1299.9971824762927,115,virtual_to_virtual,virtual,116,virtual,115,10.129153,10.123955,-7.171399616794796,False,3154,3155,0.9540171416692829,False
1300,1299.9971824762927,116,virtual_to_virtual,virtual,117,virtual,116,10.134168,10.129153,-7.171381295888925,False,3155,3156,0.1698110859638291,False
1300,1299.9971824762927,117,virtual_to_virtual,virtual,118,virtual,117,10.138998,10.134168,-7.171362804789408,False,3155,3156,0.38760966685140374,False
1300,1299.9971824762927,118,virtual_to_virtual,virtual,119,virtual,118,10.143643,10.138998,-7.171344339995722,False,3155,3156,0.6050984028470339,False
1300,1299.9971824762927,119,virtual_to_virtual,virtual,120,virtual,119,10.148105,10.143643,-7.171326097542099,False,3155,3156,0.8199682923923319,False
1300,1299.9971824762927,120,virtual_to_virtual,virtual,121,virtual,120,10.152382,10.148105,-7.171307682057994,False,3156,3157,0.03687623238783999,False
1300,1299.9971824762927,121,virtual_to_virtual,virtual,122,virtual,121,10.156475,10.152382,-7.171289388223141,False,3156,3157,0.25235131898716645,False
1300,1299.9971824762927,122,virtual_to_virtual,virtual,123,virtual,122,10.160383,10.156475,-7.1712710180095725,False,3156,3157,0.46872603711426564,False
1300,1299.9971824762927,123,virtual_to_virtual,virtual,124,virtual,123,10.164107,10.160383,-7.171252767313844,False,3156,3157,0.6836930068202491,False
1300,1299.9971824762927,124,virtual_to_virtual,virtual,125,virtual,124,10.167647,10.164107,-7.1712345366222365,False,3156,3157,0.8984243567365411,False
1300,1299.9971824762927,125,virtual_to_virtual,virtual,126,virtual,125,10.171002,10.167647,-7.171216226605008,False,3157,3158,0.114090048475191,False
1300,1299.9971824762927,126,virtual_to_virtual,virtual,127,virtual,126,10.174173,10.171002,-7.17119803295336,False,3157,3158,0.3283851208939268,False
1300,1299.9971824762927,127,virtual_to_virtual,virtual,128,virtual,127,10.17716,10.174173,-7.171179856277618,False,3157,3158,0.5424802415236627,False
1300,1299.9971824762927,128,virtual_to_virtual,virtual,129,virtual,128,10.179962,10.17716,-7.171161597344434,False,3157,3158,0.7575442366246534,False
1300,1299.9971824762927,129,virtual_to_virtual,virtual,130,virtual,129,10.18258,10.179962,-7.171143451670456,False,3157,3158,0.9712742010251532,False
1300,1299.9971824762927,130,virtual_to_virtual,virtual,131,virtual,130,10.185014,10.18258,-7.1711253199720835,False,3158,3159,0.1848395528859328,False
1300,1299.9971824762927,131,virtual_to_virtual,virtual,132,virtual,131,10.187263,10.185014,-7.171107103094546,False,3158,3159,0.3994081928990454,False
1300,1299.9971824762927,132,virtual_to_virtual,virtual,133,virtual,132,10.189328,10.187263,-7.171088996410595,False,3158,3159,0.6126789108175217,False
1300,1299.9971824762927,133,virtual_to_virtual,virtual,134,virtual,133,10.191209,10.189328,-7.171070900724853,False,3158,3159,0.8258200856330404,False
1300,1299.9971824762927,134,virtual_to_virtual,virtual,135,virtual,134,10.192905,10.191209,-7.171052716943421,False,3159,3160,0.039998901093895256,True
1300,1299.9971824762927,135,virtual_to_virtual,virtual,136,virtual,135,10.194417,10.192905,-7.171034640325677,False,3159,3160,0.2529154822950659,True
1300,1299.9971824762927,136,virtual_to_virtual,virtual,137,virtual,136,10.195745,10.194417,-7.171016571746731,False,3159,3160,0.4657373780069065,True
1300,1299.9971824762927,137,virtual_to_virtual,virtual,138,virtual,137,10.196889,10.195745,-7.170998510225039,False,3159,3160,0.6784761494036502,True
1300,1299.9971824762927,138,virtual_to_virtual,virtual,139,virtual,138,10.197848,10.196889,-7.170980356720433,False,3159,3160,0.8922983473567001,True
1300,1299.9971824762927,139,lya_to_virtual,lyman,0,virtual,139,10.198714553953742,10.197848,-7.170971283437885,False,3159,3160,0.9991685775985388,True
1300,1299.9971824762927,140,virtual_to_lya,virtual,140,lyman,0,10.199581,10.198714553953742,-7.170971265638898,False,3159,3160,0.9993782240903784,True
1300,1299.9971824762927,141,virtual_to_virtual,virtual,141,virtual,140,10.200541,10.199581,-7.170980429934395,False,3159,3160,0.8914359920918287,True
1300,1299.9971824762927,142,virtual_to_virtual,virtual,142,virtual,141,10.201684,10.200541,-7.170998359453002,False,3159,3160,0.6802520273486152,True
1300,1299.9971824762927,143,virtual_to_virtual,virtual,143,virtual,142,10.203012,10.201684,-7.17101647896501,False,3159,3160,0.4668302133541147,True
1300,1299.9971824762927,144,virtual_to_virtual,virtual,144,virtual,143,10.204524,10.203012,-7.171034493404872,False,3159,3160,0.25464599824817924,True
1300,1299.9971824762927,145,virtual_to_virtual,virtual,145,virtual,144,10.20622,10.204524,-7.171052499835165,False,3159,3160,0.04255612436600131,True
1300,1299.9971824762927,146,virtual_to_virtual,virtual,146,virtual,145,10.208101,10.20622,-7.1710705952473015,False,3158,3159,0.8294181722258145,False
1300,1299.9971824762927,147,virtual_to_virtual,virtual,147,virtual,146,10.210166,10.208101,-7.1710885827104445,False,3158,3159,0.6175517041106104,False
1300,1299.9971824762927,148,virtual_to_virtual,virtual,148,virtual,147,10.212415,10.210166,-7.171106559253758,False,3158,3159,0.4058138558953033,False
1300,1299.9971824762927,149,virtual_to_virtual,virtual,149,virtual,148,10.214849,10.212415,-7.1711246218093185,False,3158,3159,0.1930629070075156,False
1300,1299.9971824762927,150,virtual_to_virtual,virtual,150,virtual,149,10.217467,10.214849,-7.171142573571065,False,3157,3158,0.981616950040916,False
1300,1299.9971824762927,151,virtual_to_virtual,virtual,151,virtual,150,10.220269,10.217467,-7.171160511520422,False,3157,3158,0.7703336831741581,False
1300,1299.9971824762927,152,virtual_to_virtual,virtual,152,virtual,151,10.223256,10.220269,-7.171178532515887,False,3157,3158,0.5580722524932753,False
1300,1299.9971824762927,153,virtual_to_virtual,virtual,153,virtual,152,10.226427,10.223256,-7.171196439909346,False,3157,3158,0.3471488901891462,False
1300,1299.9971824762927,154,virtual_to_virtual,virtual,154,virtual,153,10.229782,10.226427,-7.171214330620189,False,3157,3158,0.13642202514120072,False
1300,1299.9971824762927,155,virtual_to_virtual,virtual,155,virtual,154,10.233322,10.229782,-7.171232301419142,False,3156,3157,0.9247518372385457,False
1300,1299.9971824762927,156,virtual_to_virtual,virtual,156,virtual,155,10.237046,10.233322,-7.171250155849046,False,3156,3157,0.7144523095080331,False
1300,1299.9971824762927,157,virtual_to_virtual,virtual,157,virtual,156,10.240955,10.237046,-7.171268088400137,False,3156,3157,0.5032326264554285,False
1300,1299.9971824762927,158,virtual_to_virtual,virtual,158,virtual,157,10.245047,10.240955,-7.171285805152665,False,3156,3157,0.29455474038604734,False
1300,1299.9971824762927,159,virtual_to_virtual,virtual,159,virtual,158,10.249324,10.245047,-7.1713036957561025,False,3156,3157,0.08382914041203549,False
1300,1299.9971824762927,160,virtual_to_virtual,virtual,160,virtual,159,10.253786,10.249324,-7.171321563899398,False,3155,3156,0.8733680886375623,False
1300,1299.9971824762927,161,virtual_to_virtual,virtual,161,virtual,160,10.258431,10.253786,-7.171339213682773,False,3155,3156,0.6654790029456308,False
1300,1299.9971824762927,162,virtual_to_virtual,virtual,162,virtual,161,10.263261,10.258431,-7.171357034278862,False,3155,3156,0.45557798894606094,False
1300,1299.9971824762927,163,virtual_to_virtual,virtual,163,virtual,162,10.268276,10.263261,-7.171374829623099,False,3155,3156,0.24597440546767757,False
1300,1299.9971824762927,164,virtual_to_virtual,virtual,164,virtual,163,10.273474,10.268276,-7.171392404114106,False,3155,3156,0.03897215568622414,False
1300,1299.9971824762927,165,virtual_to_virtual,virtual,165,virtual,164,10.278858,10.273474,-7.171410243674437,False,3154,3155,0.8288477701594275,False
1300,1299.9971824762927,166,virtual_to_virtual,virtual,166,virtual,165,10.284425,10.278858,-7.171427763370064,False,3154,3155,0.6224909312118143,False
1300,1299.9971824762927,167,virtual_to_virtual,virtual,167,virtual,166,10.290177,10.284425,-7.171445448832424,False,3154,3155,0.41418159834529433,False
1300,1299.9971824762927,168,virtual_to_virtual,virtual,168,virtual,167,10.296113,10.290177,-7.171463007355498,False,3154,3155,0.20736742786539253,False
1300,1299.9971824762927,169,virtual_to_virtual,virtual,169,virtual,168,10.302233,10.296113,-7.171480535335762,False,3154,3155,0.0009130077883128251,False
1300,1299.9971824762927,170,virtual_to_virtual,virtual,170,virtual,169,10.308538,10.302233,-7.171498128894917,False,3153,3154,0.7936861626244536,False
1300,1299.9971824762927,171,virtual_to_virtual,virtual,171,virtual,170,10.315027,10.308538,-7.171515593017169,False,3153,3154,0.5879838981677494,False
1300,1299.9971824762927,172,virtual_to_virtual,virtual,172,virtual,171,10.3217,10.315027,-7.171533023952381,False,3153,3154,0.3826725293615709,False
1300,1299.9971824762927,173,virtual_to_virtual,virtual,173,virtual,172,10.328558,10.3217,-7.171550517651064,False,3153,3154,0.17662189704788034,False
1300,1299.9971824762927,174,virtual_to_virtual,virtual,174,virtual,173,10.3356,10.328558,-7.171567879480867,False,3152,3153,0.9721244906500033,False
1300,1299.9971824762927,175,virtual_to_virtual,virtual,175,virtual,174,10.342826,10.3356,-7.171585205531233,False,3152,3153,0.7680485146079263,False
1300,1299.9971824762927,176,virtual_to_virtual,virtual,176,virtual,175,10.350237,10.342826,-7.171602591567958,False,3152,3153,0.5632659854563826,False
1300,1299.9971824762927,177,virtual_to_virtual,virtual,177,virtual,176,10.357832,10.350237,-7.171619843372989,False,3152,3153,0.3600645127739881,False
1300,1299.9971824762927,178,virtual_to_virtual,virtual,178,virtual,177,10.365611,10.357832,-7.171637056861663,False,3152,3153,0.15731435170846453,False
1300,1299.9971824762927,179,virtual_to_virtual,virtual,179,virtual,178,10.373575,10.365611,-7.171654327601663,False,3151,3152,0.953889852298289,False
1300,1299.9971824762927,180,virtual_to_virtual,virtual,180,virtual,179,10.3759,10.373575,-7.171110414906656,False,3158,3159,0.3603998052676616,False
1300,1299.9971824762927,181,virtual_to_virtual,virtual,181,virtual,180,10.383733,10.3759,-7.171640950504048,False,3152,3153,0.111452839523281,False
1300,1299.9971824762927,182,virtual_to_virtual,virtual,182,virtual,181,10.391538,10.383733,-7.171637686959006,False,3152,3153,0.14989271045624264,False
1300,1299.9971824762927,183,virtual_to_virtual,virtual,183,virtual,182,10.399289,10.391538,-7.171631930170598,False,3152,3153,0.21769940548301747,False
1300,1299.9971824762927,184,virtual_to_virtual,virtual,184,virtual,183,10.40704,10.399289,-7.171631374639598,False,3152,3153,0.22424276237188678,False
1300,1299.9971824762927,185,virtual_to_virtual,virtual,185,virtual,184,10.414764,10.40704,-7.17162822746562,False,3152,3153,0.2613119493953491,False
1300,1299.9971824762927,186,virtual_to_virtual,virtual,186,virtual,185,10.422461,10.414764,-7.171625086880742,False,3152,3153,0.2983035262800513,False
1300,1299.9971824762927,187,virtual_to_virtual,virtual,187,virtual,186,10.430103,10.422461,-7.171619268312304,False,3152,3153,0.3668379012933656,False
1300,1299.9971824762927,188,virtual_to_virtual,virtual,188,virtual,187,10.437745,10.430103,-7.1716187314820425,False,3152,3153,0.3731609903525168,False
1300,1299.9971824762927,189,virtual_to_virtual,virtual,189,virtual,188,10.445333,10.437745,-7.1716130256779875,False,3152,3153,0.44036716296750456,False
1300,1299.9971824762927,190,virtual_to_virtual,virtual,190,virtual,189,10.452921,10.445333,-7.171612497949937,False,3152,3153,0.44658304106633295,False
1300,1299.9971824762927,191,virtual_to_virtual,virtual,191,virtual,190,10.460482,10.452921,-7.171609389848108,False,3152,3153,0.4831920143201387,False
1300,1299.9971824762927,192,virtual_to_virtual,virtual,192,virtual,191,10.467988,10.460482,-7.171603613285543,False,3152,3153,0.5512316204954004,False
1300,1299.9971824762927,193,virtual_to_virtual,virtual,193,virtual,192,10.475494,10.467988,-7.1716030991344075,False,3152,3153,0.5572875820489571,False
1300,1299.9971824762927,194,virtual_to_virtual,virtual,194,virtual,193,10.482973,10.475494,-7.171600010117912,False,3152,3153,0.5936717575013972,False
1300,1299.9971824762927,195,virtual_to_virtual,virtual,195,virtual,194,10.490398,10.482973,-7.171594353566153,False,3152,3153,0.6602978088390046,False
1300,1299.9971824762927,196,virtual_to_virtual,virtual,196,virtual,195,10.497822,10.490398,-7.1715937573413315,False,3152,3153,0.6673204804701527,False
1300,1299.9971824762927,197,virtual_to_virtual,virtual,197,virtual,196,10.50522,10.497822,-7.171590782260408,False,3152,3153,0.7023626586073988,False
1300,1299.9971824762927,198,virtual_to_virtual,virtual,198,virtual,197,10.512563,10.50522,-7.1715850545108175,False,3152,3153,0.769827318091302,False
1300,1299.9971824762927,199,virtual_to_virtual,virtual,199,virtual,198,10.519906,10.512563,-7.171584566611805,False,3152,3153,0.7755740673578657,False
1300,1299.9971824762927,200,virtual_to_virtual,virtual,200,virtual,199,10.527222,10.519906,-7.171581514617762,False,3152,3153,0.8115221715083862,False
1300,1299.9971824762927,201,virtual_to_virtual,virtual,201,virtual,200,10.534511,10.527222,-7.171578468646706,False,3152,3153,0.8473993335428531,False
1300,1299.9971824762927,202,virtual_to_virtual,virtual,202,virtual,201,10.541772,10.534511,-7.171575333801993,False,3152,3153,0.8843232995345716,False
1300,1299.9971824762927,203,virtual_to_virtual,virtual,203,virtual,202,10.549006,10.541772,-7.17157229989941,False,3152,3153,0.9200583122956232,False
1300,1299.9971824762927,204,virtual_to_virtual,virtual,204,virtual,203,10.556213,10.549006,-7.171569271911589,False,3152,3153,0.9557236576483774,False
1300,1299.9971824762927,205,virtual_to_virtual,virtual,205,virtual,204,10.563393,10.556213,-7.171566249803173,False,3152,3153,0.9913197520650101,False
1300,1299.9971824762927,206,virtual_to_virtual,virtual,206,virtual,205,10.570546,10.563393,-7.171563233538987,False,3153,3154,0.02684700985037125,False
1300,1299.9971824762927,207,virtual_to_virtual,virtual,207,virtual,206,10.577672,10.570546,-7.171560223084044,False,3153,3154,0.06230584310242193,False
1300,1299.9971824762927,208,virtual_to_virtual,virtual,208,virtual,207,10.58477,10.577672,-7.171557123928181,False,3153,3154,0.098809445734787,False
1300,1299.9971824762927,209,virtual_to_virtual,virtual,209,virtual,208,10.591868,10.58477,-7.171556674242315,False,3153,3154,0.10410609903829027,False
1300,1299.9971824762927,210,virtual_to_virtual,virtual,210,virtual,209,10.598912,10.591868,-7.171551130309362,False,3153,3154,0.16940566267430768,False
1300,1299.9971824762927,211,virtual_to_virtual,virtual,211,virtual,210,10.605929,10.598912,-7.1715481428781,False,3153,3154,0.20459331005213244,False
1300,1299.9971824762927,212,virtual_to_virtual,virtual,212,virtual,211,10.612946,10.605929,-7.171547705148801,False,3153,3154,0.20974913218424263,False
1300,1299.9971824762927,213,virtual_to_virtual,virtual,213,virtual,212,10.619935,10.612946,-7.171544631450638,False,3153,3154,0.24595287968304547,False
1300,1299.9971824762927,214,virtual_to_virtual,virtual,214,virtual,213,10.626897,10.619935,-7.171541657632741,False,3153,3154,0.2809801811872603,False
1300,1299.9971824762927,215,virtual_to_virtual,virtual,215,virtual,214,10.633833,10.626897,-7.171538783414029,False,3153,3154,0.31483434740584926,False
1300,1299.9971824762927,216,virtual_to_virtual,virtual,216,virtual,215,10.64074,10.633833,-7.171535632603115,False,3153,3154,0.3519463722996079,False
1300,1299.9971824762927,217,virtual_to_virtual,virtual,217,virtual,216,10.647621,10.64074,-7.171532769403508,False,3153,3154,0.3856707492982423,False
1300,1299.9971824762927,218,virtual_to_virtual,virtual,218,virtual,217,10.654475,10.647621,-7.171529817624163,False,3153,3154,0.4204384683253011,False
1300,1299.9971824762927,219,virtual_to_virtual,virtual,219,virtual,218,10.661301,10.654475,-7.1715267774743845,False,3153,3154,0.4562470640630636,False
1300,1299.9971824762927,220,virtual_to_virtual,virtual,220,virtual,219,10.668127,10.661301,-7.171526367541983,False,3153,3154,0.46107547868996335,False
1300,1299.9971824762927,221,virtual_to_virtual,virtual,221,virtual,220,10.674899,10.668127,-7.171520899550928,False,3153,3154,0.5254805558938642,False
1300,1299.9971824762927,222,virtual_to_virtual,virtual,222,virtual,221,10.681671,10.674899,-7.17152049710602,False,3153,3154,0.5302207786089639,False
1300,1299.9971824762927,223,virtual_to_virtual,virtual,223,virtual,222,10.688416,10.681671,-7.171517569075143,False,3153,3154,0.5647087747975092,False
1300,1299.9971824762927,224,virtual_to_virtual,virtual,224,virtual,223,10.695134,10.688416,-7.171514646332733,False,3153,3154,0.5991344804497203,False
1300,1299.9971824762927,225,virtual_to_virtual,virtual,225,virtual,224,10.701824,10.695134,-7.171511635404666,False,3153,3154,0.6345988864200081,False
1300,1299.9971824762927,226,virtual_to_virtual,virtual,226,virtual,225,10.708514,10.701824,-7.1715112446207225,False,3153,3154,0.6392017597281665,False
1300,1299.9971824762927,227,virtual_to_virtual,virtual,227,virtual,226,10.71515,10.708514,-7.171505814744126,False,3153,3154,0.7031579033837261,False
1300,1299.9971824762927,228,virtual_to_virtual,virtual,228,virtual,227,10.721786,10.71515,-7.171505431199124,False,3153,3154,0.7076755123589464,False
1300,1299.9971824762927,229,virtual_to_virtual,virtual,229,virtual,228,10.728395,10.721786,-7.1715025314460545,False,3153,3154,0.741830436618784,False
1300,1299.9971824762927,230,virtual_to_virtual,virtual,230,virtual,229,10.734977,10.728395,-7.171499636814907,False,3153,3154,0.7759250319923012,False
1300,1299.9971824762927,231,virtual_to_virtual,virtual,231,virtual,230,10.741531,10.734977,-7.171496654177816,False,3153,3154,0.8110562109213788,False
1300,1299.9971824762927,232,virtual_to_virtual,virtual,232,virtual,231,10.748058,10.741531,-7.1714937698099295,False,3153,3154,0.8450299198348148,False
1300,1299.9971824762927,233,virtual_to_virtual,virtual,233,virtual,232,10.754585,10.748058,-7.171493401029978,False,3153,3154,0.8493736177319988,False
1300,1299.9971824762927,234,virtual_to_virtual,virtual,234,virtual,233,10.761058,10.754585,-7.1714880146161635,False,3153,3154,0.9128178322730491,False
1300,1299.9971824762927,235,virtual_to_virtual,virtual,235,virtual,234,10.767531,10.761058,-7.17148765278885,False,3153,3154,0.9170796380903994,False
1300,1299.9971824762927,236,virtual_to_virtual,virtual,236,virtual,235,10.773976,10.767531,-7.171484692544944,False,3153,3154,0.9519470574778097,False
1300,1299.9971824762927,237,virtual_to_virtual,virtual,237,virtual,236,10.780395,10.773976,-7.1714819229182405,False,3153,3154,0.9845692801291079,False
1300,1299.9971824762927,238,virtual_to_virtual,virtual,238,virtual,237,10.786813,10.780395,-7.171481475672261,False,3153,3154,0.9898371950857836,False
1300,1299.9971824762927,239,virtual_to_virtual,virtual,239,virtual,238,10.821625,10.786813,-7.17410839027354,False,3123,3124,0.04855802807287546,False
1300,1299.9971824762927,240,virtual_to_virtual,virtual,240,virtual,239,10.883334,10.821625,-7.17657249417559,False,3094,3095,0.02495494149661681,False
1300,1299.9971824762927,241,virtual_to_virtual,virtual,241,virtual,240,10.942976,10.883334,-7.1763514737910965,False,3096,3097,0.6282574679266872,False
1300,1299.9971824762927,242,virtual_to_virtual,virtual,242,virtual,241,11.000687,10.942976,-7.1761462489927,False,3099,3100,0.04551068813998427,False
1300,1299.9971824762927,243,virtual_to_virtual,virtual,243,virtual,242,11.056549,11.000687,-7.175951509544208,False,3101,3102,0.33926155377321265,False
1300,1299.9971824762927,244,virtual_to_virtual,virtual,244,virtual,243,11.110616,11.056549,-7.1757644384214645,False,3103,3104,0.542690561353993,False
1300,1299.9971824762927,245,virtual_to_virtual,virtual,245,virtual,244,11.162969,11.110616,-7.175587226188553,False,3105,3106,0.6299960137821472,False
1300,1299.9971824762927,246,virtual_to_virtual,virtual,246,virtual,245,11.213691,11.162969,-7.175419794332326,False,3107,3108,0.6021026831281233,False
1300,1299.9971824762927,247,virtual_to_virtual,virtual,247,virtual,246,11.262835,11.213691,-7.175259237590617,False,3109,3110,0.49323038287911913,False
1300,1299.9971824762927,248,virtual_to_virtual,virtual,248,virtual,247,11.310483,11.262835,-7.175107940416417,False,3111,3112,0.2752936832293926,False
1300,1299.9971824762927,249,virtual_to_virtual,virtual,249,virtual,248,11.35669,11.310483,-7.174963315659799,False,3112,3113,0.9787654926353753,False
1300,1299.9971824762927,250,virtual_to_virtual,virtual,250,virtual,249,11.40151,11.35669,-7.174825118023246,False,3114,3115,0.6065350633430171,False
1300,1299.9971824762927,251,virtual_to_virtual,virtual,251,virtual,250,11.445025,11.40151,-7.17469564784299,False,3116,3117,0.13150774009091037,False
1300,1299.9971824762927,252,virtual_to_virtual,virtual,252,virtual,251,11.487234,11.445025,-7.17456750689779,False,3117,3118,0.6408239379666156,False
1300,1299.9971824762927,253,virtual_to_virtual,virtual,253,virtual,252,11.528219,11.487234,-7.1744478367812565,False,3119,3120,0.050365946607143997,False
1300,1299.9971824762927,254,virtual_to_virtual,virtual,254,virtual,253,11.568008,11.528219,-7.1743318140883,False,3120,3121,0.4169465467975897,False
1300,1299.9971824762927,255,virtual_to_virtual,virtual,255,virtual,254,11.606681,11.568008,-7.174223836464651,False,3121,3122,0.6887677911963692,False
1300,1299.9971824762927,256,virtual_to_virtual,virtual,256,virtual,255,11.64424,11.606681,-7.174117069401178,False,3122,3123,0.9463303762718169,False
1300,1299.9971824762927,257,virtual_to_virtual,virtual,257,virtual,256,11.680765,11.64424,-7.1740181475360565,False,3124,3125,0.11148779819768606,False
1300,1299.9971824762927,258,virtual_to_virtual,virtual,258,virtual,257,11.716256,11.680765,-7.1739201202071845,False,3125,3126,0.2661088685390496,False
1300,1299.9971824762927,259,virtual_to_virtual,virtual,259,virtual,258,11.750796,11.716256,-7.173830016638898,False,3126,3127,0.3273994255064281,False
1300,1299.9971824762927,260,virtual_to_virtual,virtual,260,virtual,259,11.784356,11.750796,-7.173738219032528,False,3127,3128,0.40864331678676535,False
1300,1299.9971824762927,261,virtual_to_virtual,virtual,261,virtual,260,11.817047,11.784356,-7.173656573661045,False,3128,3129,0.37030846970947096,False
1300,1299.9971824762927,262,virtual_to_virtual,virtual,262,virtual,261,11.848839,11.817047,-7.173573050978109,False,3129,3130,0.35408565388024726,False
1300,1299.9971824762927,263,virtual_to_virtual,virtual,263,virtual,262,11.879816,11.848839,-7.173497250351428,False,3130,3131,0.2469081118451868,False
1300,1299.9971824762927,264,virtual_to_virtual,virtual,264,virtual,263,11.90995,11.879816,-7.173419672456641,False,3131,3132,0.1606642341916995,False
1300,1299.9971824762927,265,virtual_to_virtual,virtual,265,virtual,264,11.939295,11.90995,-7.173347188639627,False,3132,3133,0.014419440474739531,False
1300,1299.9971824762927,266,virtual_to_virtual,virtual,266,virtual,265,11.967906,11.939295,-7.173279818778238,False,3132,3133,0.8079395981790185,False
1300,1299.9971824762927,267,virtual_to_virtual,virtual,267,virtual,266,11.995755,11.967906,-7.173210583130632,False,3133,3134,0.6234360364146596,False
1300,1299.9971824762927,268,virtual_to_virtual,virtual,268,virtual,267,12.022925,11.995755,-7.17314871957598,False,3134,3135,0.3520998132275963,False
1300,1299.9971824762927,269,virtual_to_virtual,virtual,269,virtual,268,12.049387,12.022925,-7.1730848561939355,False,3135,3136,0.10431868301429859,False
1300,1299.9971824762927,270,virtual_to_virtual,virtual,270,virtual,269,12.075196,12.049387,-7.173025956867705,False,3135,3136,0.7980681085796277,False
1300,1299.9971824762927,271,lyb_to_virtual,lyman,1,virtual,270,12.087365397278509,12.075196,-7.171893606580899,False,3149,3150,0.13552731712979948,False
1300,1299.9971824762927,272,virtual_to_lyb,virtual,271,lyman,1,12.10038,12.087365397278509,-7.1719624448966375,False,3148,3149,0.3247108773380205,False
1300,1299.9971824762927,273,virtual_to_virtual,virtual,272,virtual,271,12.124939,12.10038,-7.172913861664933,False,3137,3138,0.11838851814900408,False
1300,1299.9971824762927,274,virtual_to_virtual,virtual,273,virtual,272,12.148872,12.124939,-7.172858232937598,False,3137,3138,0.7736149885231498,False
1300,1299.9971824762927,275,virtual_to_virtual,virtual,274,virtual,273,12.172261,12.148872,-7.172809661339701,False,3138,3139,0.34571861510312374,False
1300,1299.9971824762927,276,virtual_to_virtual,virtual,275,virtual,274,12.195079,12.172261,-7.172759148101697,False,3138,3139,0.9406919720404403,False
1300,1299.9971824762927,277,virtual_to_virtual,virtual,276,virtual,275,12.217326,12.195079,-7.172708911333023,False,3139,3140,0.5324089175514928,False
1300,1299.9971824762927,278,virtual_to_virtual,virtual,277,virtual,276,12.239083,12.217326,-7.172665560632553,False,3140,3141,0.04301787479789709,False
1300,1299.9971824762927,279,virtual_to_virtual,virtual,278,virtual,277,12.260324,12.239083,-7.17262031443818,False,3140,3141,0.5759530264281238,False
1300,1299.9971824762927,280,virtual_to_virtual,virtual,279,virtual,278,12.281047,12.260324,-7.1725751349558955,False,3141,3142,0.10810240551199968,False
1300,1299.9971824762927,281,virtual_to_virtual,virtual,280,virtual,279,12.301309,12.281047,-7.172534812659384,False,3141,3142,0.5830411158949573,False
1300,1299.9971824762927,282,virtual_to_virtual,virtual,281,virtual,280,12.321108,12.301309,-7.172494522496418,False,3142,3143,0.05760133928652067,False
1300,1299.9971824762927,283,virtual_to_virtual,virtual,282,virtual,281,12.340472,12.321108,-7.172456691064289,False,3142,3143,0.5032012465799198,False
1300,1299.9971824762927,284,virtual_to_virtual,virtual,283,virtual,282,12.359373,12.340472,-7.172416768097054,False,3142,3143,0.9734364319178894,False
1300,1299.9971824762927,285,virtual_to_virtual,virtual,284,virtual,283,12.377867,12.359373,-7.172381548652148,False,3143,3144,0.38827088310017643,False
1300,1299.9971824762927,286,virtual_to_virtual,virtual,285,virtual,284,12.395926,12.377867,-7.17234422470066,False,3143,3144,0.8278933976889675,False
1300,1299.9971824762927,287,virtual_to_virtual,virtual,286,virtual,285,12.413603,12.395926,-7.172311330067609,False,3144,3145,0.2153449059378545,False
1300,1299.9971824762927,288,virtual_to_virtual,virtual,287,virtual,286,12.4309,12.413603,-7.172278733764696,False,3144,3145,0.5992825138737317,False
1300,1299.9971824762927,289,virtual_to_virtual,virtual,288,virtual,287,12.447817,12.4309,-7.172246270649179,False,3144,3145,0.9816513656596726,False
1300,1299.9971824762927,290,virtual_to_virtual,virtual,289,virtual,288,12.464379,12.447817,-7.172215942918868,False,3145,3146,0.33886844824019136,False
1300,1299.9971824762927,291,virtual_to_virtual,virtual,290,virtual,289,12.480561,12.464379,-7.172183730464271,False,3145,3146,0.7182848745892443,False
1300,1299.9971824762927,292,virtual_to_virtual,virtual,291,virtual,290,12.496417,12.480561,-7.172155962215231,False,3146,3147,0.04535494572883181,False
1300,1299.9971824762927,293,virtual_to_virtual,virtual,292,virtual,291,12.511946,12.496417,-7.172128217567829,False,3146,3147,0.37214702348774154,False
1300,1299.9971824762927,294,virtual_to_virtual,virtual,293,virtual,292,12.527122,12.511946,-7.172098498691729,False,3146,3147,0.7221926783813615,False
1300,1299.9971824762927,295,virtual_to_virtual,virtual,294,virtual,293,12.541998,12.527122,-7.17207311172827,False,3147,3148,0.02121462724517187,False
1300,1299.9971824762927,296,virtual_to_virtual,virtual,295,virtual,294,12.556576,12.541998,-7.172047972603332,False,3147,3148,0.3173173944796872,False
1300,1299.9971824762927,297,virtual_to_virtual,virtual,296,virtual,295,12.570854,12.556576,-7.172022760273253,False,3147,3148,0.614282413075216,False
1300,1299.9971824762927,298,virtual_to_virtual,virtual,297,virtual,296,12.584806,12.570854,-7.171995566308836,False,3147,3148,0.9345882365996658,False
1300,1299.9971824762927,299,virtual_to_virtual,virtual,298,virtual,297,12.598513,12.584806,-7.171974890678452,False,3148,3149,0.1781174519560409,False
1300,1299.9971824762927,300,virtual_to_virtual,virtual,299,virtual,298,12.611921,12.598513,-7.1719499995176506,False,3148,3149,0.47129955798482115,False
1300,1299.9971824762927,301,virtual_to_virtual,virtual,300,virtual,299,12.625084,12.611921,-7.1719294636672375,False,3148,3149,0.7131823661479757,False
1300,1299.9971824762927,302,virtual_to_virtual,virtual,301,virtual,300,12.637975,12.625084,-7.1719068544336935,False,3148,3149,0.9794866481743156,False
1300,1299.9971824762927,303,virtual_to_virtual,virtual,302,virtual,301,12.650594,12.637975,-7.171884313254764,False,3149,3150,0.24498934463645128,False
1300,1299.9971824762927,304,virtual_to_virtual,virtual,303,virtual,302,12.662996,12.650594,-7.171866181844787,False,3149,3150,0.4585512996068246,False
1300,1299.9971824762927,305,virtual_to_virtual,virtual,304,virtual,303,12.675126,12.662996,-7.171843763518855,False,3149,3150,0.7226069642902075,False
1300,1299.9971824762927,306,virtual_to_virtual,virtual,305,virtual,304,12.687038,12.675126,-7.171825664939789,False,3149,3150,0.9357822183133067,False
1300,1299.9971824762927,307,virtual_to_virtual,virtual,306,virtual,305,12.698732,12.687038,-7.171807616464484,False,3150,3151,0.14836732201774794,False
1300,1299.9971824762927,308,virtual_to_virtual,virtual,307,virtual,306,12.710182,12.698732,-7.171787571422217,False,3150,3151,0.38446911550317964,False
1300,1299.9971824762927,309,virtual_to_virtual,virtual,308,virtual,307,12.721414,12.710182,-7.171769623573549,False,3150,3151,0.5958689820358813,False
1300,1299.9971824762927,310,virtual_to_virtual,virtual,309,virtual,308,12.732456,12.721414,-7.171753921641451,False,3150,3151,0.7808151787098723,False
1300,1299.9971824762927,311,virtual_to_virtual,virtual,310,virtual,309,12.74328,12.732456,-7.171736062639595,False,3150,3151,0.9911685574620606,False
1300,1299.9971824762927,312,lyg_to_virtual,lyman,2,virtual,310,12.748393192442178,12.74328,-7.171287478554089,False,3156,3157,0.2748444762573854,False
1100,1099.9986525171403,0,virtual_to_virtual,virtual,1,virtual,0,5.3383879,5.1790432,-7.034276300072472,False,4770,4771,0.06964402416360826,False
1100,1099.9986525171403,1,virtual_to_virtual,virtual,2,virtual,1,5.4977327,5.3383879,-7.033384967724186,False,4780,4781,0.5682582560366427,False
1100,1099.9986525171403,2,virtual_to_virtual,virtual,3,virtual,2,5.6571046,5.4977327,-7.032549348524096,False,4790,4791,0.41065166109819984,False
1100,1099.9986525171403,3,virtual_to_virtual,virtual,4,virtual,3,5.8164493,5.6571046,-7.031750695948689,False,4799,4800,0.8176313478779775,False
1100,1099.9986525171403,4,virtual_to_virtual,virtual,5,virtual,4,5.9758212,5.8164493,-7.031004450899765,False,4808,4809,0.6073256814906927,False
1100,1099.9986525171403,5,virtual_to_virtual,virtual,6,virtual,5,6.1351659,5.9758212,-7.0302885045079755,False,4817,4818,0.04014537276725605,False
1100,1099.9986525171403,6,virtual_to_virtual,virtual,7,virtual,6,6.2945106,6.1351659,-7.029613713720682,False,4824,4825,0.9882111830556823,False
1100,1099.9986525171403,7,virtual_to_virtual,virtual,8,virtual,7,6.4538826,6.2945106,-7.02897689581224,False,4832,4833,0.48901104692413355,False
1100,1099.9986525171403,8,virtual_to_virtual,virtual,9,virtual,8,6.6132273,6.4538826,-7.0283627894493526,False,4839,4840,0.7223015402933015,False
1100,1099.9986525171403,9,virtual_to_virtual,virtual,10,virtual,9,6.772572,6.6132273,-7.027782059206008,False,4846,4847,0.5624693064210078,False
1100,1099.9986525171403,10,virtual_to_virtual,virtual,11,virtual,10,6.9319439,6.772572,-7.027232265618417,False,4853,4854,0.03824772328334802,False
1100,1099.9986525171403,11,virtual_to_virtual,virtual,12,virtual,11,7.0912886,6.9319439,-7.026699706903863,False,4859,4860,0.3110241020049216,False
1100,1099.9986525171403,12,virtual_to_virtual,virtual,13,virtual,12,7.2506605,7.0912886,-7.026198408043446,False,4865,4866,0.21560431893249188,False
1100,1099.9986525171403,13,virtual_to_virtual,virtual,14,virtual,13,7.4100052,7.2506605,-7.025711485747067,False,4870,4871,0.9508492703962474,False
1100,1099.9986525171403,14,virtual_to_virtual,virtual,15,virtual,14,7.56935,7.4100052,-7.025248970293118,False,4876,4877,0.39861669028505275,False
1100,1099.9986525171403,15,virtual_to_virtual,virtual,16,virtual,15,7.7287219,7.56935,-7.024809220453513,False,4881,4882,0.5782378870535467,False
1100,1099.9986525171403,16,virtual_to_virtual,virtual,17,virtual,16,7.8880666,7.7287219,-7.024380467211164,False,4886,4887,0.6283349700779581,False
1100,1099.9986525171403,17,virtual_to_virtual,virtual,18,virtual,17,8.0474113,7.8880666,-7.023972314454109,False,4891,4892,0.4357879389262962,False
1100,1099.9986525171403,18,virtual_to_virtual,virtual,19,virtual,18,8.2067832,8.0474113,-7.023583482601492,False,4896,4897,0.01566841733711044,False
1100,1099.9986525171403,19,virtual_to_virtual,virtual,20,virtual,19,8.319513,8.2067832,-7.017615600491323,False,4966,4967,0.3087439199161963,False
1100,1099.9986525171403,20,virtual_to_virtual,virtual,21,virtual,20,8.384676,8.319513,-7.011774947483287,False,5035,5036,0.10324342563126265,False
1100,1099.9986525171403,21,virtual_to_virtual,virtual,22,virtual,21,8.4486423,8.384676,-7.01157291265418,False,5037,5038,0.4829233915606892,False
1100,1099.9986525171403,22,virtual_to_virtual,virtual,23,virtual,22,8.5114392,8.4486423,-7.011378205917025,False,5039,5040,0.7762889646428448,False
1100,1099.9986525171403,23,virtual_to_virtual,virtual,24,virtual,23,8.5730938,8.5114392,-7.011190536844079,False,5041,5042,0.9867609663706389,False
1100,1099.9986525171403,24,virtual_to_virtual,virtual,25,virtual,24,8.6336334,8.5730938,-7.011009678076075,False,5044,5045,0.11701736217401049,False
1100,1099.9986525171403,25,virtual_to_virtual,virtual,26,virtual,25,8.6930851,8.6336334,-7.0108353701947905,False,5046,5047,0.17011372594697605,False
1100,1099.9986525171403,26,virtual_to_virtual,virtual,27,virtual,26,8.7515034,8.6930851,-7.010670522068826,False,5048,5049,0.11178776558062964,False
1100,1099.9986525171403,27,virtual_to_virtual,virtual,28,virtual,27,8.8088609,8.7515034,-7.010505545430969,False,5050,5051,0.05497549062874896,False
1100,1099.9986525171403,28,virtual_to_virtual,virtual,29,virtual,28,8.865185,8.8088609,-7.010346585408519,False,5051,5052,0.9272961319702517,False
1100,1099.9986525171403,29,virtual_to_virtual,virtual,30,virtual,29,8.9205573,8.865185,-7.010199527176129,False,5053,5054,0.6594307891027711,False
1100,1099.9986525171403,30,virtual_to_virtual,virtual,31,virtual,30,8.9749504,8.9205573,-7.010051898528049,False,5055,5056,0.39828412337283225,False
1100,1099.9986525171403,31,virtual_to_virtual,virtual,32,virtual,31,9.0283917,8.9749504,-7.009909750207236,False,5057,5058,0.07258707758774108,False
1100,1099.9986525171403,32,virtual_to_virtual,virtual,33,virtual,32,9.0809082,9.0283917,-7.0097728772340995,False,5058,5059,0.6847540167727857,False
1100,1099.9986525171403,33,virtual_to_virtual,virtual,34,virtual,33,9.1325545,9.0809082,-7.0096441505796365,False,5060,5061,0.20096902811474138,False
1100,1099.9986525171403,34,virtual_to_virtual,virtual,35,virtual,34,9.1833033,9.1325545,-7.00951444199089,False,5061,5062,0.7287498142886761,False
1100,1099.9986525171403,35,virtual_to_virtual,virtual,36,virtual,35,9.2331818,9.1833033,-7.009389649180246,False,5063,5064,0.1986297983203258,False
1100,1099.9986525171403,36,virtual_to_virtual,virtual,37,virtual,36,9.2822173,9.2331818,-7.009269651459734,False,5064,5065,0.612030511066223,False
1100,1099.9986525171403,37,virtual_to_virtual,virtual,38,virtual,37,9.3304368,9.2822173,-7.009154291885989,False,5065,5066,0.970800519842669,False
1100,1099.9986525171403,38,virtual_to_virtual,virtual,39,virtual,38,9.3778676,9.3304368,-7.009043484785356,False,5067,5068,0.2759489371901509,False
1100,1099.9986525171403,39,virtual_to_virtual,virtual,40,virtual,39,9.4071039,9.3778676,-7.0070856483265835,False,5090,5091,0.3364490405174365,False
1100,1099.9986525171403,40,virtual_to_virtual,virtual,41,virtual,40,9.4187169,9.4071039,-7.005206644074528,False,5112,5113,0.4684190293901338,False
1100,1099.9986525171403,41,virtual_to_virtual,virtual,42,virtual,41,9.4302754,9.4187169,-7.005199344615264,False,5112,5113,0.5543961703160676,False
1100,1099.9986525171403,42,virtual_to_virtual,virtual,43,virtual,42,9.4417796,9.4302754,-7.005192091304721,False,5112,5113,0.639829745609859,False
1100,1099.9986525171403,43,virtual_to_virtual,virtual,44,virtual,43,9.4532565,9.4417796,-7.005187718828867,False,5112,5113,0.6913312279921229,False
1100,1099.9986525171403,44,virtual_to_virtual,virtual,45,virtual,44,9.4646791,9.4532565,-7.005180507762131,False,5112,5113,0.7762672319468038,False
1100,1099.9986525171403,45,virtual_to_virtual,virtual,46,virtual,45,9.4760472,9.4646791,-7.005173299908676,False,5112,5113,0.8611653880761878,False
1100,1099.9986525171403,46,virtual_to_virtual,virtual,47,virtual,46,9.487361,9.4760472,-7.00516613731938,False,5112,5113,0.9455303974509661,False
1100,1099.9986525171403,47,virtual_to_virtual,virtual,48,virtual,47,9.4986476,9.487361,-7.005161851670001,False,5112,5113,0.9960091887169256,False
1100,1099.9986525171403,48,virtual_to_virtual,virtual,49,virtual,48,9.5098798,9.4986476,-7.0051547194226105,False,5113,5114,0.08001681405130512,False
1100,1099.9986525171403,49,virtual_to_virtual,virtual,50,virtual,49,9.5210576,9.5098798,-7.005147610769667,False,5113,5114,0.16374653070215572,False
1100,1099.9986525171403,50,virtual_to_virtual,virtual,51,virtual,50,9.5322082,9.5210576,-7.005143378993835,False,5113,5114,0.21359076900535,False
1100,1099.9986525171403,51,virtual_to_virtual,virtual,52,virtual,51,9.5433044,9.5322082,-7.005136310288949,False,5113,5114,0.296849954946083,False
1100,1099.9986525171403,52,virtual_to_virtual,virtual,53,virtual,52,9.5543462,9.5433044,-7.005129264640368,False,5113,5114,0.37983757074107416,False
1100,1099.9986525171403,53,virtual_to_virtual,virtual,54,virtual,53,9.5653608,9.5543462,-7.005125085445498,False,5113,5114,0.4290624808618304,False
1100,1099.9986525171403,54,virtual_to_virtual,virtual,55,virtual,54,9.576321,9.5653608,-7.005118078809133,False,5113,5114,0.5115905888160341,False
1100,1099.9986525171403,55,virtual_to_virtual,virtual,56,virtual,55,9.5872268,9.576321,-7.005111094703626,False,5113,5114,0.5938533156395351,False
1100,1099.9986525171403,56,virtual_to_virtual,virtual,57,virtual,56,9.5981055,9.5872268,-7.005106977248469,False,5113,5114,0.6423510206614083,False
1100,1099.9986525171403,57,virtual_to_virtual,virtual,58,virtual,57,9.6089297,9.5981055,-7.005100020811679,False,5113,5114,0.7242878497563652,False
1100,1099.9986525171403,58,virtual_to_virtual,virtual,59,virtual,58,9.6196995,9.6089297,-7.005093096823111,False,5113,5114,0.8058424854252735,False
1100,1099.9986525171403,59,virtual_to_virtual,virtual,60,virtual,59,9.6304422,9.6196995,-7.005089029425536,False,5113,5114,0.8537505840731683,False
1100,1099.9986525171403,60,virtual_to_virtual,virtual,61,virtual,60,9.6411304,9.6304422,-7.00508213224988,False,5113,5114,0.9349894021588625,False
1100,1099.9986525171403,61,virtual_to_virtual,virtual,62,virtual,61,9.6517915,9.6411304,-7.005078095480355,False,5113,5114,0.9825367463854491,False
1100,1099.9986525171403,62,virtual_to_virtual,virtual,63,virtual,62,9.6623982,9.6517915,-7.005071245343593,False,5114,5115,0.06322151390850195,False
1100,1099.9986525171403,63,virtual_to_virtual,virtual,64,virtual,63,9.6729776,9.6623982,-7.00506721804131,False,5114,5115,0.11065734762814827,False
1100,1099.9986525171403,64,virtual_to_virtual,virtual,65,virtual,64,9.6835027,9.6729776,-7.005060414386992,False,5114,5115,0.19079461874935078,False
1100,1099.9986525171403,65,virtual_to_virtual,virtual,66,virtual,65,9.6939734,9.6835027,-7.005053621293788,False,5114,5115,0.27080749511515023,False
1100,1099.9986525171403,66,virtual_to_virtual,virtual,67,virtual,66,9.7044169,9.6939734,-7.00504965178026,False,5114,5115,0.3175626603515411,False
1100,1099.9986525171403,67,virtual_to_virtual,virtual,68,virtual,67,9.7148059,9.7044169,-7.005042883682441,False,5114,5115,0.3972811269968588,False
1100,1099.9986525171403,68,virtual_to_virtual,virtual,69,virtual,68,9.7251678,9.7148059,-7.005038953487957,False,5114,5115,0.4435731703952115,False
1100,1099.9986525171403,69,virtual_to_virtual,virtual,70,virtual,69,9.7354753,9.7251678,-7.00503223045961,False,5114,5115,0.5227607834276569,False
1100,1099.9986525171403,70,virtual_to_virtual,virtual,71,virtual,70,9.7457556,9.7354753,-7.005028318538504,False,5114,5115,0.5688375926874869,False
1100,1099.9986525171403,71,virtual_to_virtual,virtual,72,virtual,71,9.7559816,9.7457556,-7.005021640030924,False,5114,5115,0.6475008150655412,False
1100,1099.9986525171403,72,virtual_to_virtual,virtual,73,virtual,72,9.7661803,9.7559816,-7.005017745997195,False,5114,5115,0.6933669367290349,False
1100,1099.9986525171403,73,virtual_to_virtual,virtual,74,virtual,73,9.7763246,9.7661803,-7.005011091012345,False,5114,5115,0.7717530951540539,False
1100,1099.9986525171403,74,virtual_to_virtual,virtual,75,virtual,74,9.7864417,9.7763246,-7.005007234964574,False,5114,5115,0.8171717968134544,False
1100,1099.9986525171403,75,virtual_to_virtual,virtual,76,virtual,75,9.7965044,9.7864417,-7.005000613261928,False,5114,5115,0.895165938694845,False
1100,1099.9986525171403,76,virtual_to_virtual,virtual,77,virtual,76,9.80654,9.7965044,-7.004996794719893,False,5114,5115,0.9401428766859681,False
1100,1099.9986525171403,77,virtual_to_virtual,virtual,78,virtual,77,9.8165211,9.80654,-7.004990195608394,False,5115,5116,0.017870927323201613,False
1100,1099.9986525171403,78,virtual_to_virtual,virtual,79,virtual,78,9.8264751,9.8165211,-7.0049864039439145,False,5115,5116,0.0625312863248837,False
1100,1099.9986525171403,79,virtual_to_virtual,virtual,80,virtual,79,9.8364018,9.8264751,-7.004982602418321,False,5115,5116,0.10730779508685373,False
1100,1099.9986525171403,80,virtual_to_virtual,virtual,81,virtual,80,9.8462742,9.8364018,-7.004976069212389,False,5115,5116,0.18425957284671313,False
1100,1099.9986525171403,81,virtual_to_virtual,virtual,82,virtual,81,9.8561193,9.8462742,-7.004972294049105,False,5115,5116,0.22872557148275519,False
1100,1099.9986525171403,82,virtual_to_virtual,virtual,83,virtual,82,9.8659101,9.8561193,-7.004965792498131,False,5115,5116,0.3053044993275762,False
1100,1099.9986525171403,83,virtual_to_virtual,virtual,84,virtual,83,9.8756737,9.8659101,-7.004962053427189,False,5115,5116,0.34934538203378906,False
1100,1099.9986525171403,84,virtual_to_virtual,virtual,85,virtual,84,9.8853828,9.8756737,-7.004955562819396,False,5115,5116,0.42579541492614226,False
1100,1099.9986525171403,85,virtual_to_virtual,virtual,86,virtual,85,9.8950648,9.8853828,-7.004951859431011,False,5115,5116,0.46941600839272724,False
1100,1099.9986525171403,86,virtual_to_virtual,virtual,87,virtual,86,9.9047196,9.8950648,-7.004948155869965,False,5115,5116,0.513038635556768,False
1100,1099.9986525171403,87,virtual_to_virtual,virtual,88,virtual,87,9.91432,9.9047196,-7.004941718699919,False,5115,5116,0.5888592485825939,False
1100,1099.9986525171403,88,virtual_to_virtual,virtual,89,virtual,88,9.9238932,9.91432,-7.004938040167446,False,5115,5116,0.6321870751125971,False
1100,1099.9986525171403,89,virtual_to_virtual,virtual,90,virtual,89,9.933412,9.9238932,-7.004931633143056,False,5115,5116,0.707652615632469,False
1100,1099.9986525171403,90,virtual_to_virtual,virtual,91,virtual,90,9.9429036,9.933412,-7.004927979263084,False,5115,5116,0.7506900711323397,False
1100,1099.9986525171403,91,virtual_to_virtual,virtual,92,virtual,91,9.952368,9.9429036,-7.0049243349673205,False,5115,5116,0.7936146384336098,False
1100,1099.9986525171403,92,virtual_to_virtual,virtual,93,virtual,92,9.961778,9.952368,-7.004917969765983,False,5115,5116,0.8685875634928379,False
1100,1099.9986525171403,93,virtual_to_virtual,virtual,94,virtual,93,9.9711608,9.961778,-7.004914349613377,False,5115,5116,0.9112277590893427,False
1100,1099.9986525171403,94,virtual_to_virtual,virtual,95,virtual,94,9.9805165,9.9711608,-7.004910748857097,False,5115,5116,0.9536394938340891,False
1100,1099.9986525171403,95,virtual_to_virtual,virtual,96,virtual,95,9.9898449,9.9805165,-7.004907137373318,False,5115,5116,0.9961775830997794,False
1100,1099.9986525171403,96,virtual_to_virtual,virtual,97,virtual,96,9.9991189,9.9898449,-7.004900824947841,False,5116,5117,0.07052888436555804,False
1100,1099.9986525171403,97,virtual_to_virtual,virtual,98,virtual,97,10.008339,9.9991189,-7.004894579230607,False,5116,5117,0.1440944583828241,False
1100,1099.9986525171403,98,virtual_to_virtual,virtual,99,virtual,98,10.017558,10.008339,-7.004893620736642,False,5116,5117,0.15538413995000155,False
1100,1099.9986525171403,99,virtual_to_virtual,virtual,100,virtual,99,10.023854,10.017558,-7.0046012119147925,False,5119,5120,0.5995398743343685,False
1100,1099.9986525171403,100,virtual_to_virtual,virtual,101,virtual,100,10.031818,10.023854,-7.0047671021865465,False,5117,5118,0.6455908548523439,False
1100,1099.9986525171403,101,virtual_to_virtual,virtual,102,virtual,101,10.039597,10.031818,-7.004748045085643,False,5117,5118,0.8700561187333733,False
1100,1099.9986525171403,102,virtual_to_virtual,virtual,103,virtual,102,10.047192,10.039597,-7.004729131314105,False,5118,5119,0.09283316865457891,False
1100,1099.9986525171403,103,virtual_to_virtual,virtual,104,virtual,103,10.054603,10.047192,-7.0047102599711915,False,5118,5119,0.315110470342006,False
1100,1099.9986525171403,104,virtual_to_virtual,virtual,105,virtual,104,10.061829,10.054603,-7.004691330540775,False,5118,5119,0.5380719593413232,False
1100,1099.9986525171403,105,virtual_to_virtual,virtual,106,virtual,105,10.068871,10.061829,-7.004672540810129,False,5118,5119,0.7593879857959109,False
1100,1099.9986525171403,106,virtual_to_virtual,virtual,107,virtual,106,10.075729,10.068871,-7.004653790133857,False,5118,5119,0.9802440078474319,False
1100,1099.9986525171403,107,virtual_to_virtual,virtual,108,virtual,107,10.082402,10.075729,-7.004634978221536,False,5119,5120,0.20182130256125674,False
1100,1099.9986525171403,108,virtual_to_virtual,virtual,109,virtual,108,10.088891,10.082402,-7.004616302465638,False,5119,5120,0.42179487026623974,False
1100,1099.9986525171403,109,virtual_to_virtual,virtual,110,virtual,109,10.095196,10.088891,-7.004597662456591,False,5119,5120,0.641347391427189,False
1100,1099.9986525171403,110,virtual_to_virtual,virtual,111,virtual,110,10.101317,10.095196,-7.004579057107542,False,5119,5120,0.8604916676222274,False
1100,1099.9986525171403,111,virtual_to_virtual,virtual,112,virtual,111,10.107253,10.101317,-7.004560386399288,False,5120,5121,0.08040578133386589,False
1100,1099.9986525171403,112,virtual_to_virtual,virtual,113,virtual,112,10.113004,10.107253,-7.004541748365426,False,5120,5121,0.29993503765945206,False
1100,1099.9986525171403,113,virtual_to_virtual,virtual,114,virtual,113,10.118572,10.113004,-7.004523339583126,False,5120,5121,0.5167640400186428,False
1100,1099.9986525171403,114,virtual_to_virtual,virtual,115,virtual,114,10.123955,10.118572,-7.004504763456215,False,5120,5121,0.7355641214135176,False
1100,1099.9986525171403,115,virtual_to_virtual,virtual,116,virtual,115,10.129153,10.123955,-7.004486216794795,False,5120,5121,0.9540171416729208,False
1100,1099.9986525171403,116,virtual_to_virtual,virtual,117,virtual,116,10.134168,10.129153,-7.004467895888925,False,5121,5122,0.16981108596701233,False
1100,1099.9986525171403,117,virtual_to_virtual,virtual,118,virtual,117,10.138998,10.134168,-7.004449404789408,False,5121,5122,0.38760966684458253,False
1100,1099.9986525171403,118,virtual_to_virtual,virtual,119,virtual,118,10.143643,10.138998,-7.004430939995721,False,5121,5122,0.6050984028506718,False
1100,1099.9986525171403,119,virtual_to_virtual,virtual,120,virtual,119,10.148105,10.143643,-7.004412697542099,False,5121,5122,0.8199682923959699,False
1100,1099.9986525171403,120,virtual_to_virtual,virtual,121,virtual,120,10.152382,10.148105,-7.004394282057993,False,5122,5123,0.03687623239147797,False
1100,1099.9986525171403,121,virtual_to_virtual,virtual,122,virtual,121,10.156475,10.152382,-7.004375988223141,False,5122,5123,0.25235131899080443,False
1100,1099.9986525171403,122,virtual_to_virtual,virtual,123,virtual,122,10.160383,10.156475,-7.004357618009573,False,5122,5123,0.4687260371074444,False
1100,1099.9986525171403,123,virtual_to_virtual,virtual,124,virtual,123,10.164107,10.160383,-7.004339367313845,False,5122,5123,0.6836930068138827,False
1100,1099.9986525171403,124,virtual_to_virtual,virtual,125,virtual,124,10.167647,10.164107,-7.004321136622236,False,5122,5123,0.8984243567401791,False
1100,1099.9986525171403,125,virtual_to_virtual,virtual,126,virtual,125,10.171002,10.167647,-7.004302826605008,False,5123,5124,0.11409004847882898,False
1100,1099.9986525171403,126,virtual_to_virtual,virtual,127,virtual,126,10.174173,10.171002,-7.00428463295336,False,5123,5124,0.3283851208871056,False
1100,1099.9986525171403,127,virtual_to_virtual,virtual,128,virtual,127,10.17716,10.174173,-7.004266456277618,False,5123,5124,0.5424802415273007,False
1100,1099.9986525171403,128,virtual_to_virtual,virtual,129,virtual,128,10.179962,10.17716,-7.004248197344435,False,5123,5124,0.7575442366178322,False
1100,1099.9986525171403,129,virtual_to_virtual,virtual,130,virtual,129,10.18258,10.179962,-7.004230051670456,False,5123,5124,0.9712742010287911,False
1100,1099.9986525171403,130,virtual_to_virtual,virtual,131,virtual,130,10.185014,10.18258,-7.004211919972083,False,5124,5125,0.18483955288957077,False
1100,1099.9986525171403,131,virtual_to_virtual,virtual,132,virtual,131,10.187263,10.185014,-7.004193703094546,False,5124,5125,0.3994081929022286,False
1100,1099.9986525171403,132,virtual_to_virtual,virtual,133,virtual,132,10.189328,10.187263,-7.004175596410595,False,5124,5125,0.6126789108211597,False
1100,1099.9986525171403,133,virtual_to_virtual,virtual,134,virtual,133,10.191209,10.189328,-7.004157500724854,False,5124,5125,0.8258200856262192,False
1100,1099.9986525171403,134,virtual_to_virtual,virtual,135,virtual,134,10.192905,10.191209,-7.00413931694342,False,5125,5126,0.039998901097533235,True
1100,1099.9986525171403,135,virtual_to_virtual,virtual,136,virtual,135,10.194417,10.192905,-7.004121240325677,False,5125,5126,0.2529154822886994,True
1100,1099.9986525171403,136,virtual_to_virtual,virtual,137,virtual,136,10.195745,10.194417,-7.00410317174673,False,5125,5126,0.46573737801099924,True
1100,1099.9986525171403,137,virtual_to_virtual,virtual,138,virtual,137,10.196889,10.195745,-7.004085110225039,False,5125,5126,0.6784761494072882,True
1100,1099.9986525171403,138,virtual_to_virtual,virtual,139,virtual,138,10.197848,10.196889,-7.004066956720433,False,5125,5126,0.8922983473603381,True
1100,1099.9986525171403,139,lya_to_virtual,lyman,0,virtual,139,10.198714553953742,10.197848,-7.004057883437885,False,5125,5126,0.9991685776021768,True
1100,1099.9986525171403,140,virtual_to_lya,virtual,140,lyman,0,10.199581,10.198714553953742,-7.004057865638899,False,5125,5126,0.9993782240835571,True
1100,1099.9986525171403,141,virtual_to_virtual,virtual,141,virtual,140,10.200541,10.199581,-7.004067029934395,False,5125,5126,0.8914359920954666,True
1100,1099.9986525171403,142,virtual_to_virtual,virtual,142,virtual,141,10.201684,10.200541,-7.004084959453001,False,5125,5126,0.6802520273522532,True
1100,1099.9986525171403,143,virtual_to_virtual,virtual,143,virtual,142,10.203012,10.201684,-7.00410307896501,False,5125,5126,0.4668302133468387,True
1100,1099.9986525171403,144,virtual_to_virtual,virtual,144,virtual,143,10.204524,10.203012,-7.004121093404873,False,5125,5126,0.25464599824135803,True
1100,1099.9986525171403,145,virtual_to_virtual,virtual,145,virtual,144,10.20622,10.204524,-7.004139099835165,False,5125,5126,0.0425561243591801,True
1100,1099.9986525171403,146,virtual_to_virtual,virtual,146,virtual,145,10.208101,10.20622,-7.004157195247302,False,5124,5125,0.8294181722185385,False
1100,1099.9986525171403,147,virtual_to_virtual,virtual,147,virtual,146,10.210166,10.208101,-7.004175182710444,False,5124,5125,0.6175517041147032,False
1100,1099.9986525171403,148,virtual_to_virtual,virtual,148,virtual,147,10.212415,10.210166,-7.0041931592537585,False,5124,5125,0.40581385588848207,False
1100,1099.9986525171403,149,virtual_to_virtual,virtual,149,virtual,148,10.214849,10.212415,-7.004211221809318,False,5124,5125,0.19306290701115358,False
1100,1099.9986525171403,150,virtual_to_virtual,virtual,150,virtual,149,10.217467,10.214849,-7.004229173571065,False,5123,5124,0.981616950044554,False
1100,1099.9986525171403,151,virtual_to_virtual,virtual,151,virtual,150,10.220269,10.217467,-7.004247111520423,False,5123,5124,0.7703336831673369,False
1100,1099.9986525171403,152,virtual_to_virtual,virtual,152,virtual,151,10.223256,10.220269,-7.0042651325158864,False,5123,5124,0.558072252497368,False
1100,1099.9986525171403,153,virtual_to_virtual,virtual,153,virtual,152,10.226427,10.223256,-7.004283039909347,False,5123,5124,0.347148890182325,False
1100,1099.9986525171403,154,virtual_to_virtual,virtual,154,virtual,153,10.229782,10.226427,-7.004300930620189,False,5123,5124,0.13642202514529345,False
1100,1099.9986525171403,155,virtual_to_virtual,virtual,155,virtual,154,10.233322,10.229782,-7.004318901419142,False,5122,5123,0.9247518372421837,False
1100,1099.9986525171403,156,virtual_to_virtual,virtual,156,virtual,155,10.237046,10.233322,-7.004336755849046,False,5122,5123,0.7144523095121258,False
1100,1099.9986525171403,157,virtual_to_virtual,virtual,157,virtual,156,10.240955,10.237046,-7.004354688400138,False,5122,5123,0.5032326264481526,False
1100,1099.9986525171403,158,virtual_to_virtual,virtual,158,virtual,157,10.245047,10.240955,-7.004372405152665,False,5122,5123,0.2945547403796809,False
1100,1099.9986525171403,159,virtual_to_virtual,virtual,159,virtual,158,10.249324,10.245047,-7.004390295756102,False,5122,5123,0.08382914041521872,False
1100,1099.9986525171403,160,virtual_to_virtual,virtual,160,virtual,159,10.253786,10.249324,-7.004408163899398,False,5121,5122,0.873368088641655,False
1100,1099.9986525171403,161,virtual_to_virtual,virtual,161,virtual,160,10.258431,10.253786,-7.004425813682774,False,5121,5122,0.6654790029388096,False
1100,1099.9986525171403,162,virtual_to_virtual,virtual,162,virtual,161,10.263261,10.258431,-7.0044436342788625,False,5121,5122,0.455577988938785,False
1100,1099.9986525171403,163,virtual_to_virtual,virtual,163,virtual,162,10.268276,10.263261,-7.0044614296231,False,5121,5122,0.2459744054613111,False
1100,1099.9986525171403,164,virtual_to_virtual,virtual,164,virtual,163,10.273474,10.268276,-7.004479004114105,False,5121,5122,0.03897215568940737,False
1100,1099.9986525171403,165,virtual_to_virtual,virtual,165,virtual,164,10.278858,10.273474,-7.004496843674437,False,5120,5121,0.8288477701635202,False
1100,1099.9986525171403,166,virtual_to_virtual,virtual,166,virtual,165,10.284425,10.278858,-7.004514363370063,False,5120,5121,0.6224909312149975,False
1100,1099.9986525171403,167,virtual_to_virtual,virtual,167,virtual,166,10.290177,10.284425,-7.0045320488324245,False,5120,5121,0.4141815983384731,False
1100,1099.9986525171403,168,virtual_to_virtual,virtual,168,virtual,167,10.296113,10.290177,-7.004549607355497,False,5120,5121,0.2073674278690305,False
1100,1099.9986525171403,169,virtual_to_virtual,virtual,169,virtual,168,10.302233,10.296113,-7.004567135335762,False,5120,5121,0.0009130077924055513,False
1100,1099.9986525171403,170,virtual_to_virtual,virtual,170,virtual,169,10.308538,10.302233,-7.004584728894916,False,5119,5120,0.7936861626276368,False
1100,1099.9986525171403,171,virtual_to_virtual,virtual,171,virtual,170,10.315027,10.308538,-7.004602193017169,False,5119,5120,0.5879838981718422,False
1100,1099.9986525171403,172,virtual_to_virtual,virtual,172,virtual,171,10.3217,10.315027,-7.004619623952381,False,5119,5120,0.3826725293547497,False
1100,1099.9986525171403,173,virtual_to_virtual,virtual,173,virtual,172,10.328558,10.3217,-7.004637117651064,False,5119,5120,0.17662189705151832,False
1100,1099.9986525171403,174,virtual_to_virtual,virtual,174,virtual,173,10.3356,10.328558,-7.004654479480867,False,5118,5119,0.972124490654096,False
1100,1099.9986525171403,175,virtual_to_virtual,virtual,175,virtual,174,10.342826,10.3356,-7.004671805531233,False,5118,5119,0.7680485146120191,False
1100,1099.9986525171403,176,virtual_to_virtual,virtual,176,virtual,175,10.350237,10.342826,-7.004689191567959,False,5118,5119,0.5632659854500162,False
1100,1099.9986525171403,177,virtual_to_virtual,virtual,177,virtual,176,10.357832,10.350237,-7.0047064433729895,False,5118,5119,0.3600645127671669,False
1100,1099.9986525171403,178,virtual_to_virtual,virtual,178,virtual,177,10.365611,10.357832,-7.004723656861663,False,5118,5119,0.15731435171255725,False
1100,1099.9986525171403,179,virtual_to_virtual,virtual,179,virtual,178,10.373575,10.365611,-7.004740927601664,False,5117,5118,0.9538898522914678,False
1100,1099.9986525171403,180,virtual_to_virtual,virtual,180,virtual,179,10.3759,10.373575,-7.004197014906656,False,5124,5125,0.36039980527129956,False
1100,1099.9986525171403,181,virtual_to_virtual,virtual,181,virtual,180,10.383733,10.3759,-7.0047275505040485,False,5118,5119,0.11145283951645979,False
1100,1099.9986525171403,182,virtual_to_virtual,virtual,182,virtual,181,10.391538,10.383733,-7.004724286959005,False,5118,5119,0.14989271046033537,False
1100,1099.9986525171403,183,virtual_to_virtual,virtual,183,virtual,182,10.399289,10.391538,-7.0047185301705985,False,5118,5119,0.21769940547619626,False
1100,1099.9986525171403,184,virtual_to_virtual,virtual,184,virtual,183,10.40704,10.399289,-7.004717974639598,False,5118,5119,0.22424276237507001,False
1100,1099.9986525171403,185,virtual_to_virtual,virtual,185,virtual,184,10.414764,10.40704,-7.00471482746562,False,5118,5119,0.2613119493889826,False
1100,1099.9986525171403,186,virtual_to_virtual,virtual,186,virtual,185,10.422461,10.414764,-7.004711686880742,False,5118,5119,0.298303526284144,False
1100,1099.9986525171403,187,virtual_to_virtual,virtual,187,virtual,186,10.430103,10.422461,-7.004705868312303,False,5118,5119,0.36683790129700355,False
1100,1099.9986525171403,188,virtual_to_virtual,virtual,188,virtual,187,10.437745,10.430103,-7.004705331482042,False,5118,5119,0.3731609903561548,False
1100,1099.9986525171403,189,virtual_to_virtual,virtual,189,virtual,188,10.445333,10.437745,-7.004699625677988,False,5118,5119,0.44036716296068334,False
1100,1099.9986525171403,190,virtual_to_virtual,virtual,190,virtual,189,10.452921,10.445333,-7.0046990979499375,False,5118,5119,0.4465830410599665,False
1100,1099.9986525171403,191,virtual_to_virtual,virtual,191,virtual,190,10.460482,10.452921,-7.004695989848107,False,5118,5119,0.48319201432332193,False
1100,1099.9986525171403,192,virtual_to_virtual,virtual,192,virtual,191,10.467988,10.460482,-7.004690213285543,False,5118,5119,0.5512316204994931,False
1100,1099.9986525171403,193,virtual_to_virtual,virtual,193,virtual,192,10.475494,10.467988,-7.004689699134407,False,5118,5119,0.5572875820525951,False
1100,1099.9986525171403,194,virtual_to_virtual,virtual,194,virtual,193,10.482973,10.475494,-7.004686610117911,False,5118,5119,0.5936717575050352,False
1100,1099.9986525171403,195,virtual_to_virtual,virtual,195,virtual,194,10.490398,10.482973,-7.004680953566153,False,5118,5119,0.6602978088421878,False
1100,1099.9986525171403,196,virtual_to_virtual,virtual,196,virtual,195,10.497822,10.490398,-7.004680357341331,False,5118,5119,0.6673204804737907,False
1100,1099.9986525171403,197,virtual_to_virtual,virtual,197,virtual,196,10.50522,10.497822,-7.004677382260407,False,5118,5119,0.7023626586114915,False
1100,1099.9986525171403,198,virtual_to_virtual,virtual,198,virtual,197,10.512563,10.50522,-7.004671654510818,False,5118,5119,0.7698273180849355,False
1100,1099.9986525171403,199,virtual_to_virtual,virtual,199,virtual,198,10.519906,10.512563,-7.004671166611805,False,5118,5119,0.7755740673510445,False
1100,1099.9986525171403,200,virtual_to_virtual,virtual,200,virtual,199,10.527222,10.519906,-7.004668114617762,False,5118,5119,0.811522171512479,False
1100,1099.9986525171403,201,virtual_to_virtual,virtual,201,virtual,200,10.534511,10.527222,-7.004665068646705,False,5118,5119,0.8473993335464911,False
1100,1099.9986525171403,202,virtual_to_virtual,virtual,202,virtual,201,10.541772,10.534511,-7.0046619338019935,False,5118,5119,0.8843232995277504,False
1100,1099.9986525171403,203,virtual_to_virtual,virtual,203,virtual,202,10.549006,10.541772,-7.004658899899409,False,5118,5119,0.9200583122992612,False
1100,1099.9986525171403,204,virtual_to_virtual,virtual,204,virtual,203,10.556213,10.549006,-7.004655871911589,False,5118,5119,0.9557236576520154,False
1100,1099.9986525171403,205,virtual_to_virtual,virtual,205,virtual,204,10.563393,10.556213,-7.004652849803173,False,5118,5119,0.9913197520691028,False
1100,1099.9986525171403,206,virtual_to_virtual,virtual,206,virtual,205,10.570546,10.563393,-7.004649833538987,False,5119,5120,0.026847009854463977,False
1100,1099.9986525171403,207,virtual_to_virtual,virtual,207,virtual,206,10.577672,10.570546,-7.004646823084045,False,5119,5120,0.06230584309560072,False
1100,1099.9986525171403,208,virtual_to_virtual,virtual,208,virtual,207,10.58477,10.577672,-7.004643723928181,False,5119,5120,0.0988094457279658,False
1100,1099.9986525171403,209,virtual_to_virtual,virtual,209,virtual,208,10.591868,10.58477,-7.004643274242316,False,5119,5120,0.10410609903101431,False
1100,1099.9986525171403,210,virtual_to_virtual,virtual,210,virtual,209,10.598912,10.591868,-7.004637730309363,False,5119,5120,0.16940566266748647,False
1100,1099.9986525171403,211,virtual_to_virtual,virtual,211,virtual,210,10.605929,10.598912,-7.0046347428781,False,5119,5120,0.20459331005531567,False
1100,1099.9986525171403,212,virtual_to_virtual,virtual,212,virtual,211,10.612946,10.605929,-7.004634305148801,False,5119,5120,0.20974913218833535,False
1100,1099.9986525171403,213,virtual_to_virtual,virtual,213,virtual,212,10.619935,10.612946,-7.004631231450639,False,5119,5120,0.24595287967622426,False
1100,1099.9986525171403,214,virtual_to_virtual,virtual,214,virtual,213,10.626897,10.619935,-7.00462825763274,False,5119,5120,0.2809801811908983,False
1100,1099.9986525171403,215,virtual_to_virtual,virtual,215,virtual,214,10.633833,10.626897,-7.004625383414028,False,5119,5120,0.31483434740948724,False
1100,1099.9986525171403,216,virtual_to_virtual,virtual,216,virtual,215,10.64074,10.633833,-7.004622232603115,False,5119,5120,0.3519463723032459,False
1100,1099.9986525171403,217,virtual_to_virtual,virtual,217,virtual,216,10.647621,10.64074,-7.004619369403509,False,5119,5120,0.3856707492914211,False
1100,1099.9986525171403,218,virtual_to_virtual,virtual,218,virtual,217,10.654475,10.647621,-7.004616417624163,False,5119,5120,0.4204384683189346,False
1100,1099.9986525171403,219,virtual_to_virtual,virtual,219,virtual,218,10.661301,10.654475,-7.004613377474384,False,5119,5120,0.45624706406670157,False
1100,1099.9986525171403,220,virtual_to_virtual,virtual,220,virtual,219,10.668127,10.661301,-7.004612967541983,False,5119,5120,0.4610754786835969,False
1100,1099.9986525171403,221,virtual_to_virtual,virtual,221,virtual,220,10.674899,10.668127,-7.004607499550928,False,5119,5120,0.5254805558970475,False
1100,1099.9986525171403,222,virtual_to_virtual,virtual,222,virtual,221,10.681671,10.674899,-7.00460709710602,False,5119,5120,0.5302207786016879,False
1100,1099.9986525171403,223,virtual_to_virtual,virtual,223,virtual,222,10.688416,10.681671,-7.004604169075144,False,5119,5120,0.5647087747911428,False
1100,1099.9986525171403,224,virtual_to_virtual,virtual,224,virtual,223,10.695134,10.688416,-7.004601246332733,False,5119,5120,0.5991344804533583,False
1100,1099.9986525171403,225,virtual_to_virtual,virtual,225,virtual,224,10.701824,10.695134,-7.004598235404666,False,5119,5120,0.6345988864241008,False
1100,1099.9986525171403,226,virtual_to_virtual,virtual,226,virtual,225,10.708514,10.701824,-7.004597844620722,False,5119,5120,0.6392017597318045,False
1100,1099.9986525171403,227,virtual_to_virtual,virtual,227,virtual,226,10.71515,10.708514,-7.004592414744126,False,5119,5120,0.7031579033873641,False
1100,1099.9986525171403,228,virtual_to_virtual,virtual,228,virtual,227,10.721786,10.71515,-7.004592031199124,False,5119,5120,0.7076755123625844,False
1100,1099.9986525171403,229,virtual_to_virtual,virtual,229,virtual,228,10.728395,10.721786,-7.004589131446054,False,5119,5120,0.7418304366219672,False
1100,1099.9986525171403,230,virtual_to_virtual,virtual,230,virtual,229,10.734977,10.728395,-7.004586236814907,False,5119,5120,0.7759250319959392,False
1100,1099.9986525171403,231,virtual_to_virtual,virtual,231,virtual,230,10.741531,10.734977,-7.004583254177816,False,5119,5120,0.8110562109250168,False
1100,1099.9986525171403,232,virtual_to_virtual,virtual,232,virtual,231,10.748058,10.741531,-7.004580369809929,False,5119,5120,0.8450299198384528,False
1100,1099.9986525171403,233,virtual_to_virtual,virtual,233,virtual,232,10.754585,10.748058,-7.004580001029979,False,5119,5120,0.8493736177251776,False
1100,1099.9986525171403,234,virtual_to_virtual,virtual,234,virtual,233,10.761058,10.754585,-7.004574614616164,False,5119,5120,0.9128178322662279,False
1100,1099.9986525171403,235,virtual_to_virtual,virtual,235,virtual,234,10.767531,10.761058,-7.004574252788849,False,5119,5120,0.9170796380940374,False
1100,1099.9986525171403,236,virtual_to_virtual,virtual,236,virtual,235,10.773976,10.767531,-7.004571292544943,False,5119,5120,0.9519470574814477,False
1100,1099.9986525171403,237,virtual_to_virtual,virtual,237,virtual,236,10.780395,10.773976,-7.004568522918241,False,5119,5120,0.9845692801227415,False
1100,1099.9986525171403,238,virtual_to_virtual,virtual,238,virtual,237,10.786813,10.780395,-7.00456807567226,False,5119,5120,0.9898371950894216,False
1100,1099.9986525171403,239,virtual_to_virtual,virtual,239,virtual,238,10.821625,10.786813,-7.00719499027354,False,5089,5090,0.04855802807651344,False
1100,1099.9986525171403,240,virtual_to_virtual,virtual,240,virtual,239,10.883334,10.821625,-7.009659094175591,False,5060,5061,0.02495494149025035,False
1100,1099.9986525171403,241,virtual_to_virtual,virtual,241,virtual,240,10.942976,10.883334,-7.009438073791097,False,5062,5063,0.628257467919866,False
1100,1099.9986525171403,242,virtual_to_virtual,virtual,242,virtual,241,11.000687,10.942976,-7.009232848992701,False,5065,5066,0.045510688133617805,False
1100,1099.9986525171403,243,virtual_to_virtual,virtual,243,virtual,242,11.056549,11.000687,-7.009038109544208,False,5067,5068,0.33926155377685063,False
1100,1099.9986525171403,244,virtual_to_virtual,virtual,244,virtual,243,11.110616,11.056549,-7.008851038421464,False,5069,5070,0.5426905613576309,False
1100,1099.9986525171403,245,virtual_to_virtual,virtual,245,virtual,244,11.162969,11.110616,-7.008673826188553,False,5071,5072,0.6299960137857852,False
1100,1099.9986525171403,246,virtual_to_virtual,virtual,246,virtual,245,11.213691,11.162969,-7.0085063943323265,False,5073,5074,0.6021026831213021,False
1100,1099.9986525171403,247,virtual_to_virtual,virtual,247,virtual,246,11.262835,11.213691,-7.008345837590617,False,5075,5076,0.4932303828827571,False
1100,1099.9986525171403,248,virtual_to_virtual,virtual,248,virtual,247,11.310483,11.262835,-7.008194540416417,False,5077,5078,0.2752936832330306,False
1100,1099.9986525171403,249,virtual_to_virtual,virtual,249,virtual,248,11.35669,11.310483,-7.008049915659798,False,5078,5079,0.978765492639468,False
1100,1099.9986525171403,250,virtual_to_virtual,virtual,250,virtual,249,11.40151,11.35669,-7.007911718023245,False,5080,5081,0.6065350633471098,False
1100,1099.9986525171403,251,virtual_to_virtual,virtual,251,virtual,250,11.445025,11.40151,-7.00778224784299,False,5082,5083,0.13150774008408916,False
1100,1099.9986525171403,252,virtual_to_virtual,virtual,252,virtual,251,11.487234,11.445025,-7.00765410689779,False,5083,5084,0.6408239379707084,False
1100,1099.9986525171403,253,virtual_to_virtual,virtual,253,virtual,252,11.528219,11.487234,-7.007534436781257,False,5085,5086,0.050365946600322786,False
1100,1099.9986525171403,254,virtual_to_virtual,virtual,254,virtual,253,11.568008,11.528219,-7.0074184140883,False,5086,5087,0.41694654680122767,False
1100,1099.9986525171403,255,virtual_to_virtual,virtual,255,virtual,254,11.606681,11.568008,-7.007310436464651,False,5087,5088,0.6887677912000072,False
1100,1099.9986525171403,256,virtual_to_virtual,virtual,256,virtual,255,11.64424,11.606681,-7.007203669401179,False,5088,5089,0.9463303762649957,False
1100,1099.9986525171403,257,virtual_to_virtual,virtual,257,virtual,256,11.680765,11.64424,-7.007104747536057,False,5090,5091,0.11148779819086485,False
1100,1099.9986525171403,258,virtual_to_virtual,virtual,258,virtual,257,11.716256,11.680765,-7.007006720207185,False,5091,5092,0.2661088685326831,False
1100,1099.9986525171403,259,virtual_to_virtual,virtual,259,virtual,258,11.750796,11.716256,-7.0069166166388985,False,5092,5093,0.3273994254996069,False
1100,1099.9986525171403,260,virtual_to_virtual,virtual,260,virtual,259,11.784356,11.750796,-7.006824819032529,False,5093,5094,0.4086433167794894,False
1100,1099.9986525171403,261,virtual_to_virtual,virtual,261,virtual,260,11.817047,11.784356,-7.006743173661045,False,5094,5095,0.3703084697126542,False
1100,1099.9986525171403,262,virtual_to_virtual,virtual,262,virtual,261,11.848839,11.817047,-7.006659650978109,False,5095,5096,0.35408565388388524,False
1100,1099.9986525171403,263,virtual_to_virtual,virtual,263,virtual,262,11.879816,11.848839,-7.0065838503514275,False,5096,5097,0.24690811184882477,False
1100,1099.9986525171403,264,virtual_to_virtual,virtual,264,virtual,263,11.90995,11.879816,-7.00650627245664,False,5097,5098,0.16066423419579223,False
1100,1099.9986525171403,265,virtual_to_virtual,virtual,265,virtual,264,11.939295,11.90995,-7.006433788639628,False,5098,5099,0.014419440467463573,False
1100,1099.9986525171403,266,virtual_to_virtual,virtual,266,virtual,265,11.967906,11.939295,-7.006366418778238,False,5098,5099,0.8079395981831112,False
1100,1099.9986525171403,267,virtual_to_virtual,virtual,267,virtual,266,11.995755,11.967906,-7.0062971831306315,False,5099,5100,0.6234360364187523,False
1100,1099.9986525171403,268,virtual_to_virtual,virtual,268,virtual,267,12.022925,11.995755,-7.006235319575981,False,5100,5101,0.3520998132207751,False
1100,1099.9986525171403,269,virtual_to_virtual,virtual,269,virtual,268,12.049387,12.022925,-7.006171456193935,False,5101,5102,0.10431868301839131,False
1100,1099.9986525171403,270,virtual_to_virtual,virtual,270,virtual,269,12.075196,12.049387,-7.006112556867705,False,5101,5102,0.7980681085837205,False
1100,1099.9986525171403,271,lyb_to_virtual,lyman,1,virtual,270,12.087365397278509,12.075196,-7.004980206580899,False,5115,5116,0.1355273171338922,False
1100,1099.9986525171403,272,virtual_to_lyb,virtual,271,lyman,1,12.10038,12.087365397278509,-7.005049044896637,False,5114,5115,0.32471087734120374,False
1100,1099.9986525171403,273,virtual_to_virtual,virtual,272,virtual,271,12.124939,12.10038,-7.006000461664933,False,5103,5104,0.11838851814263762,False
1100,1099.9986525171403,274,virtual_to_virtual,virtual,273,virtual,272,12.148872,12.124939,-7.005944832937598,False,5103,5104,0.7736149885167833,False
1100,1099.9986525171403,275,virtual_to_virtual,virtual,274,virtual,273,12.172261,12.148872,-7.005896261339702,False,5104,5105,0.34571861509630253,False
1100,1099.9986525171403,276,virtual_to_virtual,virtual,275,virtual,274,12.195079,12.172261,-7.005845748101697,False,5104,5105,0.9406919720440783,False
1100,1099.9986525171403,277,virtual_to_virtual,virtual,276,virtual,275,12.217326,12.195079,-7.005795511333023,False,5105,5106,0.532408917554676,False
1100,1099.9986525171403,278,virtual_to_virtual,virtual,277,virtual,276,12.239083,12.217326,-7.005752160632554,False,5106,5107,0.04301787479107588,False
1100,1099.9986525171403,279,virtual_to_virtual,virtual,278,virtual,277,12.260324,12.239083,-7.00570691443818,False,5106,5107,0.5759530264213026,False
1100,1099.9986525171403,280,virtual_to_virtual,virtual,279,virtual,278,12.281047,12.260324,-7.005661734955895,False,5107,5108,0.10810240551563766,False
1100,1099.9986525171403,281,virtual_to_virtual,virtual,280,virtual,279,12.301309,12.281047,-7.0056214126593845,False,5107,5108,0.5830411158885909,False
1100,1099.9986525171403,282,virtual_to_virtual,virtual,281,virtual,280,12.321108,12.301309,-7.005581122496419,False,5108,5109,0.05760133927924471,False
1100,1099.9986525171403,283,virtual_to_virtual,virtual,282,virtual,281,12.340472,12.321108,-7.0055432910642885,False,5108,5109,0.5032012465835578,False
1100,1099.9986525171403,284,virtual_to_virtual,virtual,283,virtual,282,12.359373,12.340472,-7.005503368097054,False,5108,5109,0.9734364319110682,False
1100,1099.9986525171403,285,virtual_to_virtual,virtual,284,virtual,283,12.377867,12.359373,-7.005468148652148,False,5109,5110,0.38827088310335967,False
1100,1099.9986525171403,286,virtual_to_virtual,virtual,285,virtual,284,12.395926,12.377867,-7.005430824700659,False,5109,5110,0.8278933976926055,False
1100,1099.9986525171403,287,virtual_to_virtual,virtual,286,virtual,285,12.413603,12.395926,-7.005397930067609,False,5110,5111,0.21534490594149247,False
1100,1099.9986525171403,288,virtual_to_virtual,virtual,287,virtual,286,12.4309,12.413603,-7.005365333764695,False,5110,5111,0.5992825138773696,False
1100,1099.9986525171403,289,virtual_to_virtual,virtual,288,virtual,287,12.447817,12.4309,-7.005332870649179,False,5110,5111,0.9816513656633106,False
1100,1099.9986525171403,290,virtual_to_virtual,virtual,289,virtual,288,12.464379,12.447817,-7.005302542918868,False,5111,5112,0.3388684482433746,False
1100,1099.9986525171403,291,virtual_to_virtual,virtual,290,virtual,289,12.480561,12.464379,-7.0052703304642705,False,5111,5112,0.718284874593337,False
1100,1099.9986525171403,292,virtual_to_virtual,virtual,291,virtual,290,12.496417,12.480561,-7.005242562215232,False,5112,5113,0.04535494572155585,False
1100,1099.9986525171403,293,virtual_to_virtual,virtual,292,virtual,291,12.511946,12.496417,-7.00521481756783,False,5112,5113,0.3721470234804656,False
1100,1099.9986525171403,294,virtual_to_virtual,virtual,293,virtual,292,12.527122,12.511946,-7.005185098691729,False,5112,5113,0.7221926783849995,False
1100,1099.9986525171403,295,virtual_to_virtual,virtual,294,virtual,293,12.541998,12.527122,-7.00515971172827,False,5113,5114,0.021214627248809848,False
1100,1099.9986525171403,296,virtual_to_virtual,virtual,295,virtual,294,12.556576,12.541998,-7.005134572603332,False,5113,5114,0.3173173944833252,False
1100,1099.9986525171403,297,virtual_to_virtual,virtual,296,virtual,295,12.570854,12.556576,-7.005109360273254,False,5113,5114,0.6142824130683948,False
1100,1099.9986525171403,298,virtual_to_virtual,virtual,297,virtual,296,12.584806,12.570854,-7.005082166308836,False,5113,5114,0.9345882366033038,False
1100,1099.9986525171403,299,virtual_to_virtual,virtual,298,virtual,297,12.598513,12.584806,-7.005061490678453,False,5114,5115,0.17811745194921969,False
1100,1099.9986525171403,300,virtual_to_virtual,virtual,299,virtual,298,12.611921,12.598513,-7.005036599517651,False,5114,5115,0.4712995579784547,False
1100,1099.9986525171403,301,virtual_to_virtual,virtual,300,virtual,299,12.625084,12.611921,-7.005016063667237,False,5114,5115,0.7131823661520684,False
1100,1099.9986525171403,302,virtual_to_virtual,virtual,301,virtual,300,12.637975,12.625084,-7.004993454433694,False,5114,5115,0.9794866481679492,False
1100,1099.9986525171403,303,virtual_to_virtual,virtual,302,virtual,301,12.650594,12.637975,-7.0049709132547635,False,5115,5116,0.24498934464008926,False
1100,1099.9986525171403,304,virtual_to_virtual,virtual,303,virtual,302,12.662996,12.650594,-7.0049527818447865,False,5115,5116,0.45855129961000785,False
1100,1099.9986525171403,305,virtual_to_virtual,virtual,304,virtual,303,12.675126,12.662996,-7.004930363518855,False,5115,5116,0.7226069642938455,False
1100,1099.9986525171403,306,virtual_to_virtual,virtual,305,virtual,304,12.687038,12.675126,-7.004912264939788,False,5115,5116,0.9357822183164899,False
1100,1099.9986525171403,307,virtual_to_virtual,virtual,306,virtual,305,12.698732,12.687038,-7.004894216464484,False,5116,5117,0.14836732202093117,False
1100,1099.9986525171403,308,virtual_to_virtual,virtual,307,virtual,306,12.710182,12.698732,-7.004874171422217,False,5116,5117,0.38446911550727236,False
1100,1099.9986525171403,309,virtual_to_virtual,virtual,308,virtual,307,12.721414,12.710182,-7.004856223573548,False,5116,5117,0.5958689820390646,False
1100,1099.9986525171403,310,virtual_to_virtual,virtual,309,virtual,308,12.732456,12.721414,-7.0048405216414515,False,5116,5117,0.7808151787030511,False
1100,1099.9986525171403,311,virtual_to_virtual,virtual,310,virtual,309,12.74328,12.732456,-7.004822662639595,False,5116,5117,0.9911685574652438,False
1100,1099.9986525171403,312,lyg_to_virtual,lyman,2,virtual,310,12.748393192442178,12.74328,-7.004374078554089,False,5122,5123,0.2748444762610234,False
900,900.0168986313175,0,virtual_to_virtual,virtual,1,virtual,0,5.3383879,5.1790432,-6.8338274000724715,False,7131,7132,0.06964402416906523,False
900,900.0168986313175,1,virtual_to_virtual,virtual,2,virtual,1,5.4977327,5.3383879,-6.832936067724186,False,7141,7142,0.5682582560311857,False
900,900.0168986313175,2,virtual_to_virtual,virtual,3,virtual,2,5.6571046,5.4977327,-6.832100448524096,False,7151,7152,0.4106516611045663,False
900,900.0168986313175,3,virtual_to_virtual,virtual,4,virtual,3,5.8164493,5.6571046,-6.831301795948689,False,7160,7161,0.8176313478734301,False
900,900.0168986313175,4,virtual_to_virtual,virtual,5,virtual,4,5.9758212,5.8164493,-6.830555550899765,False,7169,7170,0.6073256814861452,False
900,900.0168986313175,5,virtual_to_virtual,virtual,6,virtual,5,6.1351659,5.9758212,-6.829839604507975,False,7178,7179,0.04014537277362251,False
900,900.0168986313175,6,virtual_to_virtual,virtual,7,virtual,6,6.2945106,6.1351659,-6.829164813720682,False,7185,7186,0.9882111830511349,False
900,900.0168986313175,7,virtual_to_virtual,virtual,8,virtual,7,6.4538826,6.2945106,-6.82852799581224,False,7193,7194,0.4890110469195861,False
900,900.0168986313175,8,virtual_to_virtual,virtual,9,virtual,8,6.6132273,6.4538826,-6.827913889449353,False,7200,7201,0.722301540288754,False
900,900.0168986313175,9,virtual_to_virtual,virtual,10,virtual,9,6.772572,6.6132273,-6.827333159206008,False,7207,7208,0.5624693064264648,False
900,900.0168986313175,10,virtual_to_virtual,virtual,11,virtual,10,6.9319439,6.772572,-6.826783365618416,False,7214,7215,0.03824772328880499,False
900,900.0168986313175,11,virtual_to_virtual,virtual,12,virtual,11,7.0912886,6.9319439,-6.826250806903864,False,7220,7221,0.3110241020003741,False
900,900.0168986313175,12,virtual_to_virtual,virtual,13,virtual,12,7.2506605,7.0912886,-6.825749508043446,False,7226,7227,0.21560431893794885,False
900,900.0168986313175,13,virtual_to_virtual,virtual,14,virtual,13,7.4100052,7.2506605,-6.825262585747066,False,7231,7232,0.9508492704017044,False
900,900.0168986313175,14,virtual_to_virtual,virtual,15,virtual,14,7.56935,7.4100052,-6.824800070293118,False,7237,7238,0.3986166902905097,False
900,900.0168986313175,15,virtual_to_virtual,virtual,16,virtual,15,7.7287219,7.56935,-6.824360320453513,False,7242,7243,0.5782378870480898,False
900,900.0168986313175,16,virtual_to_virtual,virtual,17,virtual,16,7.8880666,7.7287219,-6.823931567211164,False,7247,7248,0.6283349700734107,False
900,900.0168986313175,17,virtual_to_virtual,virtual,18,virtual,17,8.0474113,7.8880666,-6.823523414454108,False,7252,7253,0.43578793893175316,False
900,900.0168986313175,18,virtual_to_virtual,virtual,19,virtual,18,8.2067832,8.0474113,-6.823134582601492,False,7257,7258,0.015668417331653473,False
900,900.0168986313175,19,virtual_to_virtual,virtual,20,virtual,19,8.319513,8.2067832,-6.817166700491322,False,7327,7328,0.3087439199216533,False
900,900.0168986313175,20,virtual_to_virtual,virtual,21,virtual,20,8.384676,8.319513,-6.811326047483288,False,7396,7397,0.10324342562671518,False
900,900.0168986313175,21,virtual_to_virtual,virtual,22,virtual,21,8.4486423,8.384676,-6.81112401265418,False,7398,7399,0.4829233915561417,False
900,900.0168986313175,22,virtual_to_virtual,virtual,23,virtual,22,8.5114392,8.4486423,-6.810929305917026,False,7400,7401,0.7762889646373878,False
900,900.0168986313175,23,virtual_to_virtual,virtual,24,virtual,23,8.5730938,8.5114392,-6.810741636844079,False,7402,7403,0.9867609663660915,False
900,900.0168986313175,24,virtual_to_virtual,virtual,25,virtual,24,8.6336334,8.5730938,-6.810560778076074,False,7405,7406,0.11701736217946745,False
900,900.0168986313175,25,virtual_to_virtual,virtual,26,virtual,25,8.6930851,8.6336334,-6.81038647019479,False,7407,7408,0.1701137259533425,False
900,900.0168986313175,26,virtual_to_virtual,virtual,27,virtual,26,8.7515034,8.6930851,-6.810221622068825,False,7409,7410,0.11178776558608661,False
900,900.0168986313175,27,virtual_to_virtual,virtual,28,virtual,27,8.8088609,8.7515034,-6.810056645430969,False,7411,7412,0.05497549063511542,False
900,900.0168986313175,28,virtual_to_virtual,virtual,29,virtual,28,8.865185,8.8088609,-6.809897685408519,False,7412,7413,0.9272961319757087,False
900,900.0168986313175,29,virtual_to_virtual,virtual,30,virtual,29,8.9205573,8.865185,-6.809750627176129,False,7414,7415,0.6594307890982236,False
900,900.0168986313175,30,virtual_to_virtual,virtual,31,virtual,30,8.9749504,8.9205573,-6.8096029985280495,False,7416,7417,0.3982841233682848,False
900,900.0168986313175,31,virtual_to_virtual,virtual,32,virtual,31,9.0283917,8.9749504,-6.809460850207237,False,7418,7419,0.07258707758228411,False
900,900.0168986313175,32,virtual_to_virtual,virtual,33,virtual,32,9.0809082,9.0283917,-6.809323977234099,False,7419,7420,0.6847540167782427,False
900,900.0168986313175,33,virtual_to_virtual,virtual,34,virtual,33,9.1325545,9.0809082,-6.809195250579636,False,7421,7422,0.20096902812019835,False
900,900.0168986313175,34,virtual_to_virtual,virtual,35,virtual,34,9.1833033,9.1325545,-6.809065541990891,False,7422,7423,0.7287498142841287,False
900,900.0168986313175,35,virtual_to_virtual,virtual,36,virtual,35,9.2331818,9.1833033,-6.8089407491802465,False,7424,7425,0.19862979831486882,False
900,900.0168986313175,36,virtual_to_virtual,virtual,37,virtual,36,9.2822173,9.2331818,-6.808820751459734,False,7425,7426,0.6120305110616755,False
900,900.0168986313175,37,virtual_to_virtual,virtual,38,virtual,37,9.3304368,9.2822173,-6.808705391885989,False,7426,7427,0.9708005198381215,False
900,900.0168986313175,38,virtual_to_virtual,virtual,39,virtual,38,9.3778676,9.3304368,-6.808594584785356,False,7428,7429,0.2759489371856034,False
900,900.0168986313175,39,virtual_to_virtual,virtual,40,virtual,39,9.4071039,9.3778676,-6.806636748326584,False,7451,7452,0.33644904051288904,False
900,900.0168986313175,40,virtual_to_virtual,virtual,41,virtual,40,9.4187169,9.4071039,-6.804757744074529,False,7473,7474,0.4684190293855863,False
900,900.0168986313175,41,virtual_to_virtual,virtual,42,virtual,41,9.4302754,9.4187169,-6.804750444615263,False,7473,7474,0.5543961703215246,False
900,900.0168986313175,42,virtual_to_virtual,virtual,43,virtual,42,9.4417796,9.4302754,-6.804743191304721,False,7473,7474,0.6398297456153159,False
900,900.0168986313175,43,virtual_to_virtual,virtual,44,virtual,43,9.4532565,9.4417796,-6.804738818828867,False,7473,7474,0.6913312279875754,False
900,900.0168986313175,44,virtual_to_virtual,virtual,45,virtual,44,9.4646791,9.4532565,-6.804731607762131,False,7473,7474,0.7762672319522608,False
900,900.0168986313175,45,virtual_to_virtual,virtual,46,virtual,45,9.4760472,9.4646791,-6.804724399908676,False,7473,7474,0.8611653880716403,False
900,900.0168986313175,46,virtual_to_virtual,virtual,47,virtual,46,9.487361,9.4760472,-6.80471723731938,False,7473,7474,0.9455303974464186,False
900,900.0168986313175,47,virtual_to_virtual,virtual,48,virtual,47,9.4986476,9.487361,-6.804712951670002,False,7473,7474,0.9960091887123781,False
900,900.0168986313175,48,virtual_to_virtual,virtual,49,virtual,48,9.5098798,9.4986476,-6.80470581942261,False,7474,7475,0.08001681405767158,False
900,900.0168986313175,49,virtual_to_virtual,virtual,50,virtual,49,9.5210576,9.5098798,-6.804698710769667,False,7474,7475,0.16374653069760825,False
900,900.0168986313175,50,virtual_to_virtual,virtual,51,virtual,50,9.5322082,9.5210576,-6.804694478993835,False,7474,7475,0.21359076900080254,False
900,900.0168986313175,51,virtual_to_virtual,virtual,52,virtual,51,9.5433044,9.5322082,-6.804687410288948,False,7474,7475,0.29684995495154,False
900,900.0168986313175,52,virtual_to_virtual,virtual,53,virtual,52,9.5543462,9.5433044,-6.804680364640367,False,7474,7475,0.37983757074653113,False
900,900.0168986313175,53,virtual_to_virtual,virtual,54,virtual,53,9.5653608,9.5543462,-6.804676185445498,False,7474,7475,0.4290624808672874,False
900,900.0168986313175,54,virtual_to_virtual,virtual,55,virtual,54,9.576321,9.5653608,-6.8046691788091325,False,7474,7475,0.5115905888214911,False
900,900.0168986313175,55,virtual_to_virtual,virtual,56,virtual,55,9.5872268,9.576321,-6.804662194703625,False,7474,7475,0.5938533156449921,False
900,900.0168986313175,56,virtual_to_virtual,virtual,57,virtual,56,9.5981055,9.5872268,-6.804658077248469,False,7474,7475,0.6423510206668652,False
900,900.0168986313175,57,virtual_to_virtual,virtual,58,virtual,57,9.6089297,9.5981055,-6.804651120811679,False,7474,7475,0.7242878497618221,False
900,900.0168986313175,58,virtual_to_virtual,virtual,59,virtual,58,9.6196995,9.6089297,-6.80464419682311,False,7474,7475,0.8058424854307304,False
900,900.0168986313175,59,virtual_to_virtual,virtual,60,virtual,59,9.6304422,9.6196995,-6.804640129425535,False,7474,7475,0.8537505840786253,False
900,900.0168986313175,60,virtual_to_virtual,virtual,61,virtual,60,9.6411304,9.6304422,-6.804633232249881,False,7474,7475,0.9349894021534055,False
900,900.0168986313175,61,virtual_to_virtual,virtual,62,virtual,61,9.6517915,9.6411304,-6.804629195480356,False,7474,7475,0.9825367463809016,False
900,900.0168986313175,62,virtual_to_virtual,virtual,63,virtual,62,9.6623982,9.6517915,-6.804622345343593,False,7475,7476,0.06322151390395447,False
900,900.0168986313175,63,virtual_to_virtual,virtual,64,virtual,63,9.6729776,9.6623982,-6.80461831804131,False,7475,7476,0.1106573476236008,False
900,900.0168986313175,64,virtual_to_virtual,virtual,65,virtual,64,9.6835027,9.6729776,-6.804611514386992,False,7475,7476,0.1907946187438938,False
900,900.0168986313175,65,virtual_to_virtual,virtual,66,virtual,65,9.6939734,9.6835027,-6.804604721293789,False,7475,7476,0.27080749511060276,False
900,900.0168986313175,66,virtual_to_virtual,virtual,67,virtual,66,9.7044169,9.6939734,-6.804600751780259,False,7475,7476,0.3175626603569981,False
900,900.0168986313175,67,virtual_to_virtual,virtual,68,virtual,67,9.7148059,9.7044169,-6.804593983682442,False,7475,7476,0.39728112699231133,False
900,900.0168986313175,68,virtual_to_virtual,virtual,69,virtual,68,9.7251678,9.7148059,-6.804590053487957,False,7475,7476,0.443573170390664,False
900,900.0168986313175,69,virtual_to_virtual,virtual,70,virtual,69,9.7354753,9.7251678,-6.804583330459611,False,7475,7476,0.5227607834231094,False
900,900.0168986313175,70,virtual_to_virtual,virtual,71,virtual,70,9.7457556,9.7354753,-6.804579418538504,False,7475,7476,0.5688375926929439,False
900,900.0168986313175,71,virtual_to_virtual,virtual,72,virtual,71,9.7559816,9.7457556,-6.804572740030925,False,7475,7476,0.6475008150600843,False
900,900.0168986313175,72,virtual_to_virtual,virtual,73,virtual,72,9.7661803,9.7559816,-6.804568845997195,False,7475,7476,0.6933669367344919,False
900,900.0168986313175,73,virtual_to_virtual,virtual,74,virtual,73,9.7763246,9.7661803,-6.804562191012345,False,7475,7476,0.7717530951495064,False
900,900.0168986313175,74,virtual_to_virtual,virtual,75,virtual,74,9.7864417,9.7763246,-6.804558334964574,False,7475,7476,0.817171796808907,False
900,900.0168986313175,75,virtual_to_virtual,virtual,76,virtual,75,9.7965044,9.7864417,-6.804551713261929,False,7475,7476,0.8951659386902975,False
900,900.0168986313175,76,virtual_to_virtual,virtual,77,virtual,76,9.80654,9.7965044,-6.804547894719893,False,7475,7476,0.9401428766814206,False
900,900.0168986313175,77,virtual_to_virtual,virtual,78,virtual,77,9.8165211,9.80654,-6.804541295608394,False,7476,7477,0.017870927317744645,False
900,900.0168986313175,78,virtual_to_virtual,virtual,79,virtual,78,9.8264751,9.8165211,-6.804537503943915,False,7476,7477,0.06253128632033622,False
900,900.0168986313175,79,virtual_to_virtual,virtual,80,virtual,79,9.8364018,9.8264751,-6.804533702418321,False,7476,7477,0.10730779508139676,False
900,900.0168986313175,80,virtual_to_virtual,virtual,81,virtual,80,9.8462742,9.8364018,-6.804527169212389,False,7476,7477,0.18425957284125616,False
900,900.0168986313175,81,virtual_to_virtual,virtual,82,virtual,81,9.8561193,9.8462742,-6.804523394049105,False,7476,7477,0.22872557147729822,False
900,900.0168986313175,82,virtual_to_virtual,virtual,83,virtual,82,9.8659101,9.8561193,-6.80451689249813,False,7476,7477,0.30530449933303316,False
900,900.0168986313175,83,virtual_to_virtual,virtual,84,virtual,83,9.8756737,9.8659101,-6.804513153427189,False,7476,7477,0.3493453820283321,False
900,900.0168986313175,84,virtual_to_virtual,virtual,85,virtual,84,9.8853828,9.8756737,-6.804506662819397,False,7476,7477,0.4257954149215948,False
900,900.0168986313175,85,virtual_to_virtual,virtual,86,virtual,85,9.8950648,9.8853828,-6.804502959431011,False,7476,7477,0.46941600838727027,False
900,900.0168986313175,86,virtual_to_virtual,virtual,87,virtual,86,9.9047196,9.8950648,-6.804499255869964,False,7476,7477,0.513038635562225,False
900,900.0168986313175,87,virtual_to_virtual,virtual,88,virtual,87,9.91432,9.9047196,-6.804492818699919,False,7476,7477,0.5888592485780464,False
900,900.0168986313175,88,virtual_to_virtual,virtual,89,virtual,88,9.9238932,9.91432,-6.804489140167447,False,7476,7477,0.6321870751080496,False
900,900.0168986313175,89,virtual_to_virtual,virtual,90,virtual,89,9.933412,9.9238932,-6.804482733143057,False,7476,7477,0.7076526156279215,False
900,900.0168986313175,90,virtual_to_virtual,virtual,91,virtual,90,9.9429036,9.933412,-6.804479079263084,False,7476,7477,0.7506900711377966,False
900,900.0168986313175,91,virtual_to_virtual,virtual,92,virtual,91,9.952368,9.9429036,-6.80447543496732,False,7476,7477,0.7936146384390668,False
900,900.0168986313175,92,virtual_to_virtual,virtual,93,virtual,92,9.961778,9.952368,-6.804469069765983,False,7476,7477,0.8685875634882905,False
900,900.0168986313175,93,virtual_to_virtual,virtual,94,virtual,93,9.9711608,9.961778,-6.804465449613377,False,7476,7477,0.9112277590847953,False
900,900.0168986313175,94,virtual_to_virtual,virtual,95,virtual,94,9.9805165,9.9711608,-6.8044618488570965,False,7476,7477,0.953639493839546,False
900,900.0168986313175,95,virtual_to_virtual,virtual,96,virtual,95,9.9898449,9.9805165,-6.804458237373318,False,7476,7477,0.9961775831052364,False
900,900.0168986313175,96,virtual_to_virtual,virtual,97,virtual,96,9.9991189,9.9898449,-6.804451924947841,False,7477,7478,0.07052888436101057,False
900,900.0168986313175,97,virtual_to_virtual,virtual,98,virtual,97,10.008339,9.9991189,-6.804445679230607,False,7477,7478,0.1440944583782766,False
900,900.0168986313175,98,virtual_to_virtual,virtual,99,virtual,98,10.017558,10.008339,-6.804444720736642,False,7477,7478,0.15538413994545408,False
900,900.0168986313175,99,virtual_to_virtual,virtual,100,virtual,99,10.023854,10.017558,-6.804152311914792,False,7480,7481,0.5995398743398255,False
900,900.0168986313175,100,virtual_to_virtual,virtual,101,virtual,100,10.031818,10.023854,-6.804318202186547,False,7478,7479,0.6455908548468869,False
900,900.0168986313175,101,virtual_to_virtual,virtual,102,virtual,101,10.039597,10.031818,-6.8042991450856425,False,7478,7479,0.8700561187388303,False
900,900.0168986313175,102,virtual_to_virtual,virtual,103,virtual,102,10.047192,10.039597,-6.804280231314105,False,7479,7480,0.09283316865003144,False
900,900.0168986313175,103,virtual_to_virtual,virtual,104,virtual,103,10.054603,10.047192,-6.804261359971191,False,7479,7480,0.315110470347463,False
900,900.0168986313175,104,virtual_to_virtual,virtual,105,virtual,104,10.061829,10.054603,-6.804242430540775,False,7479,7480,0.5380719593467802,False
900,900.0168986313175,105,virtual_to_virtual,virtual,106,virtual,105,10.068871,10.061829,-6.80422364081013,False,7479,7480,0.7593879857913635,False
900,900.0168986313175,106,virtual_to_virtual,virtual,107,virtual,106,10.075729,10.068871,-6.804204890133857,False,7479,7480,0.9802440078528889,False
900,900.0168986313175,107,virtual_to_virtual,virtual,108,virtual,107,10.082402,10.075729,-6.804186078221536,False,7480,7481,0.20182130255579978,False
900,900.0168986313175,108,virtual_to_virtual,virtual,109,virtual,108,10.088891,10.082402,-6.804167402465637,False,7480,7481,0.4217948702726062,False
900,900.0168986313175,109,virtual_to_virtual,virtual,110,virtual,109,10.095196,10.088891,-6.804148762456591,False,7480,7481,0.641347391432646,False
900,900.0168986313175,110,virtual_to_virtual,virtual,111,virtual,110,10.101317,10.095196,-6.804130157107542,False,7480,7481,0.8604916676276844,False
900,900.0168986313175,111,virtual_to_virtual,virtual,112,virtual,111,10.107253,10.101317,-6.804111486399289,False,7481,7482,0.08040578132840892,False
900,900.0168986313175,112,virtual_to_virtual,virtual,113,virtual,112,10.113004,10.107253,-6.804092848365427,False,7481,7482,0.2999350376539951,False
900,900.0168986313175,113,virtual_to_virtual,virtual,114,virtual,113,10.118572,10.113004,-6.804074439583125,False,7481,7482,0.5167640400240998,False
900,900.0168986313175,114,virtual_to_virtual,virtual,115,virtual,114,10.123955,10.118572,-6.804055863456216,False,7481,7482,0.7355641214089701,False
900,900.0168986313175,115,virtual_to_virtual,virtual,116,virtual,115,10.129153,10.123955,-6.804037316794796,False,7481,7482,0.9540171416683734,False
900,900.0168986313175,116,virtual_to_virtual,virtual,117,virtual,116,10.134168,10.129153,-6.804018995888925,False,7482,7483,0.16981108596246486,False
900,900.0168986313175,117,virtual_to_virtual,virtual,118,virtual,117,10.138998,10.134168,-6.804000504789408,False,7482,7483,0.3876096668500395,False
900,900.0168986313175,118,virtual_to_virtual,virtual,119,virtual,118,10.143643,10.138998,-6.803982039995722,False,7482,7483,0.6050984028461244,False
900,900.0168986313175,119,virtual_to_virtual,virtual,120,virtual,119,10.148105,10.143643,-6.8039637975420995,False,7482,7483,0.8199682923914224,False
900,900.0168986313175,120,virtual_to_virtual,virtual,121,virtual,120,10.152382,10.148105,-6.803945382057994,False,7483,7484,0.036876232386930496,False
900,900.0168986313175,121,virtual_to_virtual,virtual,122,virtual,121,10.156475,10.152382,-6.8039270882231415,False,7483,7484,0.25235131898625696,False
900,900.0168986313175,122,virtual_to_virtual,virtual,123,virtual,122,10.160383,10.156475,-6.8039087180095725,False,7483,7484,0.4687260371129014,False
900,900.0168986313175,123,virtual_to_virtual,virtual,124,virtual,123,10.164107,10.160383,-6.8038904673138445,False,7483,7484,0.6836930068193396,False
900,900.0168986313175,124,virtual_to_virtual,virtual,125,virtual,124,10.167647,10.164107,-6.803872236622237,False,7483,7484,0.8984243567356316,False
900,900.0168986313175,125,virtual_to_virtual,virtual,126,virtual,125,10.171002,10.167647,-6.803853926605008,False,7484,7485,0.1140900484742815,False
900,900.0168986313175,126,virtual_to_virtual,virtual,127,virtual,126,10.174173,10.171002,-6.80383573295336,False,7484,7485,0.32838512089256255,False
900,900.0168986313175,127,virtual_to_virtual,virtual,128,virtual,127,10.17716,10.174173,-6.803817556277618,False,7484,7485,0.5424802415227532,False
900,900.0168986313175,128,virtual_to_virtual,virtual,129,virtual,128,10.179962,10.17716,-6.803799297344434,False,7484,7485,0.7575442366232892,False
900,900.0168986313175,129,virtual_to_virtual,virtual,130,virtual,129,10.18258,10.179962,-6.8037811516704565,False,7484,7485,0.9712742010242437,False
900,900.0168986313175,130,virtual_to_virtual,virtual,131,virtual,130,10.185014,10.18258,-6.8037630199720835,False,7485,7486,0.1848395528850233,False
900,900.0168986313175,131,virtual_to_virtual,virtual,132,virtual,131,10.187263,10.185014,-6.803744803094546,False,7485,7486,0.39940819289768115,False
900,900.0168986313175,132,virtual_to_virtual,virtual,133,virtual,132,10.189328,10.187263,-6.803726696410594,False,7485,7486,0.6126789108266166,False
900,900.0168986313175,133,virtual_to_virtual,virtual,134,virtual,133,10.191209,10.189328,-6.803708600724854,False,7485,7486,0.8258200856216718,False
900,900.0168986313175,134,virtual_to_virtual,virtual,135,virtual,134,10.192905,10.191209,-6.803690416943421,False,7486,7487,0.03999890109298576,True
900,900.0168986313175,135,virtual_to_virtual,virtual,136,virtual,135,10.194417,10.192905,-6.803672340325677,False,7486,7487,0.2529154822941564,True
900,900.0168986313175,136,virtual_to_virtual,virtual,137,virtual,136,10.195745,10.194417,-6.803654271746731,False,7486,7487,0.46573737800554227,True
900,900.0168986313175,137,virtual_to_virtual,virtual,138,virtual,137,10.196889,10.195745,-6.803636210225038,False,7486,7487,0.6784761494127451,True
900,900.0168986313175,138,virtual_to_virtual,virtual,139,virtual,138,10.197848,10.196889,-6.803618056720433,False,7486,7487,0.8922983473557906,True
900,900.0168986313175,139,lya_to_virtual,lyman,0,virtual,139,10.198714553953742,10.197848,-6.8036089834378854,False,7486,7487,0.9991685775976293,True
900,900.0168986313175,140,virtual_to_lya,virtual,140,lyman,0,10.199581,10.198714553953742,-6.803608965638898,False,7486,7487,0.9993782240890141,True
900,900.0168986313175,141,virtual_to_virtual,virtual,141,virtual,140,10.200541,10.199581,-6.803618129934395,False,7486,7487,0.8914359920909192,True
900,900.0168986313175,142,virtual_to_virtual,virtual,142,virtual,141,10.201684,10.200541,-6.803636059453002,False,7486,7487,0.6802520273477057,True
900,900.0168986313175,143,virtual_to_virtual,virtual,143,virtual,142,10.203012,10.201684,-6.80365417896501,False,7486,7487,0.4668302133532052,True
900,900.0168986313175,144,virtual_to_virtual,virtual,144,virtual,143,10.204524,10.203012,-6.803672193404872,False,7486,7487,0.254645998246815,True
900,900.0168986313175,145,virtual_to_virtual,virtual,145,virtual,144,10.20622,10.204524,-6.803690199835165,False,7486,7487,0.04255612436463707,True
900,900.0168986313175,146,virtual_to_virtual,virtual,146,virtual,145,10.208101,10.20622,-6.803708295247302,False,7485,7486,0.829418172224905,False
900,900.0168986313175,147,virtual_to_virtual,virtual,147,virtual,146,10.210166,10.208101,-6.8037262827104446,False,7485,7486,0.6175517041092462,False
900,900.0168986313175,148,virtual_to_virtual,virtual,148,virtual,147,10.212415,10.210166,-6.803744259253758,False,7485,7486,0.40581385589393904,False
900,900.0168986313175,149,virtual_to_virtual,virtual,149,virtual,148,10.214849,10.212415,-6.803762321809319,False,7485,7486,0.1930629070066061,False
900,900.0168986313175,150,virtual_to_virtual,virtual,150,virtual,149,10.217467,10.214849,-6.803780273571064,False,7484,7485,0.9816169500500109,False
900,900.0168986313175,151,virtual_to_virtual,virtual,151,virtual,150,10.220269,10.217467,-6.803798211520422,False,7484,7485,0.7703336831727938,False
900,900.0168986313175,152,virtual_to_virtual,virtual,152,virtual,151,10.223256,10.220269,-6.803816232515886,False,7484,7485,0.558072252502825,False
900,900.0168986313175,153,virtual_to_virtual,virtual,153,virtual,152,10.226427,10.223256,-6.8038341399093465,False,7484,7485,0.34714889018778194,False
900,900.0168986313175,154,virtual_to_virtual,virtual,154,virtual,153,10.229782,10.226427,-6.803852030620189,False,7484,7485,0.13642202513983648,False
900,900.0168986313175,155,virtual_to_virtual,virtual,155,virtual,154,10.233322,10.229782,-6.803870001419142,False,7483,7484,0.9247518372376362,False
900,900.0168986313175,156,virtual_to_virtual,virtual,156,virtual,155,10.237046,10.233322,-6.803887855849046,False,7483,7484,0.7144523095066688,False
900,900.0168986313175,157,virtual_to_virtual,virtual,157,virtual,156,10.240955,10.237046,-6.8039057884001375,False,7483,7484,0.503232626454519,False
900,900.0168986313175,158,virtual_to_virtual,virtual,158,virtual,157,10.245047,10.240955,-6.803923505152665,False,7483,7484,0.29455474038513785,False
900,900.0168986313175,159,virtual_to_virtual,virtual,159,virtual,158,10.249324,10.245047,-6.803941395756103,False,7483,7484,0.08382914041067124,False
900,900.0168986313175,160,virtual_to_virtual,virtual,160,virtual,159,10.253786,10.249324,-6.803959263899398,False,7482,7483,0.8733680886361981,False
900,900.0168986313175,161,virtual_to_virtual,virtual,161,virtual,160,10.258431,10.253786,-6.8039769136827735,False,7482,7483,0.6654790029442665,False
900,900.0168986313175,162,virtual_to_virtual,virtual,162,virtual,161,10.263261,10.258431,-6.803994734278862,False,7482,7483,0.45557798894515145,False
900,900.0168986313175,163,virtual_to_virtual,virtual,163,virtual,162,10.268276,10.263261,-6.804012529623099,False,7482,7483,0.24597440546676808,False
900,900.0168986313175,164,virtual_to_virtual,virtual,164,virtual,163,10.273474,10.268276,-6.804030104114106,False,7482,7483,0.0389721556848599,False
900,900.0168986313175,165,virtual_to_virtual,virtual,165,virtual,164,10.278858,10.273474,-6.804047943674437,False,7481,7482,0.8288477701580632,False
900,900.0168986313175,166,virtual_to_virtual,virtual,166,virtual,165,10.284425,10.278858,-6.804065463370063,False,7481,7482,0.622490931221364,False
900,900.0168986313175,167,virtual_to_virtual,virtual,167,virtual,166,10.290177,10.284425,-6.804083148832424,False,7481,7482,0.4141815983439301,False
900,900.0168986313175,168,virtual_to_virtual,virtual,168,virtual,167,10.296113,10.290177,-6.804100707355498,False,7481,7482,0.20736742786448303,False
900,900.0168986313175,169,virtual_to_virtual,virtual,169,virtual,168,10.302233,10.296113,-6.804118235335762,False,7481,7482,0.0009130077869485831,False
900,900.0168986313175,170,virtual_to_virtual,virtual,170,virtual,169,10.308538,10.302233,-6.804135828894917,False,7480,7481,0.7936861626230893,False
900,900.0168986313175,171,virtual_to_virtual,virtual,171,virtual,170,10.315027,10.308538,-6.804153293017169,False,7480,7481,0.5879838981663852,False
900,900.0168986313175,172,virtual_to_virtual,virtual,172,virtual,171,10.3217,10.315027,-6.804170723952381,False,7480,7481,0.3826725293602067,False
900,900.0168986313175,173,virtual_to_virtual,virtual,173,virtual,172,10.328558,10.3217,-6.804188217651064,False,7480,7481,0.17662189704697084,False
900,900.0168986313175,174,virtual_to_virtual,virtual,174,virtual,173,10.3356,10.328558,-6.804205579480867,False,7479,7480,0.972124490648639,False
900,900.0168986313175,175,virtual_to_virtual,virtual,175,virtual,174,10.342826,10.3356,-6.804222905531233,False,7479,7480,0.7680485146065621,False
900,900.0168986313175,176,virtual_to_virtual,virtual,176,virtual,175,10.350237,10.342826,-6.804240291567958,False,7479,7480,0.5632659854554731,False
900,900.0168986313175,177,virtual_to_virtual,virtual,177,virtual,176,10.357832,10.350237,-6.804257543372989,False,7479,7480,0.36006451277262386,False
900,900.0168986313175,178,virtual_to_virtual,virtual,178,virtual,177,10.365611,10.357832,-6.8042747568616635,False,7479,7480,0.1573143517071003,False
900,900.0168986313175,179,virtual_to_virtual,virtual,179,virtual,178,10.373575,10.365611,-6.804292027601663,False,7478,7479,0.9538898522969248,False
900,900.0168986313175,180,virtual_to_virtual,virtual,180,virtual,179,10.3759,10.373575,-6.803748114906655,False,7485,7486,0.3603998052767565,False
900,900.0168986313175,181,virtual_to_virtual,virtual,181,virtual,180,10.383733,10.3759,-6.804278650504048,False,7479,7480,0.11145283952191676,False
900,900.0168986313175,182,virtual_to_virtual,virtual,182,virtual,181,10.391538,10.383733,-6.804275386959006,False,7479,7480,0.1498927104548784,False
900,900.0168986313175,183,virtual_to_virtual,virtual,183,virtual,182,10.399289,10.391538,-6.804269630170598,False,7479,7480,0.21769940548165323,False
900,900.0168986313175,184,virtual_to_virtual,virtual,184,virtual,183,10.40704,10.399289,-6.804269074639597,False,7479,7480,0.22424276238143648,False
900,900.0168986313175,185,virtual_to_virtual,virtual,185,virtual,184,10.414764,10.40704,-6.80426592746562,False,7479,7480,0.2613119493944396,False
900,900.0168986313175,186,virtual_to_virtual,virtual,186,virtual,185,10.422461,10.414764,-6.804262786880742,False,7479,7480,0.29830352627868706,False
900,900.0168986313175,187,virtual_to_virtual,virtual,187,virtual,186,10.430103,10.422461,-6.804256968312303,False,7479,7480,0.3668379013024605,False
900,900.0168986313175,188,virtual_to_virtual,virtual,188,virtual,187,10.437745,10.430103,-6.804256431482043,False,7479,7480,0.3731609903516073,False
900,900.0168986313175,189,virtual_to_virtual,virtual,189,virtual,188,10.445333,10.437745,-6.804250725677988,False,7479,7480,0.4403671629661403,False
900,900.0168986313175,190,virtual_to_virtual,virtual,190,virtual,189,10.452921,10.445333,-6.804250197949937,False,7479,7480,0.44658304106542346,False
900,900.0168986313175,191,virtual_to_virtual,virtual,191,virtual,190,10.460482,10.452921,-6.804247089848108,False,7479,7480,0.48319201431877445,False
900,900.0168986313175,192,virtual_to_virtual,virtual,192,virtual,191,10.467988,10.460482,-6.8042413132855435,False,7479,7480,0.5512316204940362,False
900,900.0168986313175,193,virtual_to_virtual,virtual,193,virtual,192,10.475494,10.467988,-6.804240799134408,False,7479,7480,0.5572875820480476,False
900,900.0168986313175,194,virtual_to_virtual,virtual,194,virtual,193,10.482973,10.475494,-6.804237710117912,False,7479,7480,0.5936717575004877,False
900,900.0168986313175,195,virtual_to_virtual,virtual,195,virtual,194,10.490398,10.482973,-6.804232053566153,False,7479,7480,0.6602978088376403,False
900,900.0168986313175,196,virtual_to_virtual,virtual,196,virtual,195,10.497822,10.490398,-6.804231457341332,False,7479,7480,0.6673204804692432,False
900,900.0168986313175,197,virtual_to_virtual,virtual,197,virtual,196,10.50522,10.497822,-6.804228482260408,False,7479,7480,0.7023626586060345,False
900,900.0168986313175,198,virtual_to_virtual,virtual,198,virtual,197,10.512563,10.50522,-6.804222754510818,False,7479,7480,0.7698273180903925,False
900,900.0168986313175,199,virtual_to_virtual,virtual,199,virtual,198,10.519906,10.512563,-6.804222266611805,False,7479,7480,0.7755740673565015,False
900,900.0168986313175,200,virtual_to_virtual,virtual,200,virtual,199,10.527222,10.519906,-6.8042192146177625,False,7479,7480,0.811522171507022,False
900,900.0168986313175,201,virtual_to_virtual,virtual,201,virtual,200,10.534511,10.527222,-6.804216168646706,False,7479,7480,0.8473993335419436,False
900,900.0168986313175,202,virtual_to_virtual,virtual,202,virtual,201,10.541772,10.534511,-6.804213033801993,False,7479,7480,0.8843232995332073,False
900,900.0168986313175,203,virtual_to_virtual,virtual,203,virtual,202,10.549006,10.541772,-6.80420999989941,False,7479,7480,0.9200583122947137,False
900,900.0168986313175,204,virtual_to_virtual,virtual,204,virtual,203,10.556213,10.549006,-6.804206971911589,False,7479,7480,0.9557236576474679,False
900,900.0168986313175,205,virtual_to_virtual,virtual,205,virtual,204,10.563393,10.556213,-6.804203949803173,False,7479,7480,0.9913197520636459,False
900,900.0168986313175,206,virtual_to_virtual,virtual,206,virtual,205,10.570546,10.563393,-6.804200933538987,False,7480,7481,0.02684700984900701,False
900,900.0168986313175,207,virtual_to_virtual,virtual,207,virtual,206,10.577672,10.570546,-6.804197923084044,False,7480,7481,0.06230584310105769,False
900,900.0168986313175,208,virtual_to_virtual,virtual,208,virtual,207,10.58477,10.577672,-6.804194823928181,False,7480,7481,0.09880944573342276,False
900,900.0168986313175,209,virtual_to_virtual,virtual,209,virtual,208,10.591868,10.58477,-6.804194374242315,False,7480,7481,0.10410609903738077,False
900,900.0168986313175,210,virtual_to_virtual,virtual,210,virtual,209,10.598912,10.591868,-6.8041888303093625,False,7480,7481,0.16940566267294344,False
900,900.0168986313175,211,virtual_to_virtual,virtual,211,virtual,210,10.605929,10.598912,-6.8041858428781,False,7480,7481,0.2045933100507682,False
900,900.0168986313175,212,virtual_to_virtual,virtual,212,virtual,211,10.612946,10.605929,-6.8041854051488,False,7480,7481,0.20974913219379232,False
900,900.0168986313175,213,virtual_to_virtual,virtual,213,virtual,212,10.619935,10.612946,-6.804182331450638,False,7480,7481,0.24595287968168122,False
900,900.0168986313175,214,virtual_to_virtual,virtual,214,virtual,213,10.626897,10.619935,-6.804179357632741,False,7480,7481,0.2809801811863508,False
900,900.0168986313175,215,virtual_to_virtual,virtual,215,virtual,214,10.633833,10.626897,-6.804176483414029,False,7480,7481,0.31483434740493976,False
900,900.0168986313175,216,virtual_to_virtual,virtual,216,virtual,215,10.64074,10.633833,-6.804173332603114,False,7480,7481,0.35194637230870285,False
900,900.0168986313175,217,virtual_to_virtual,virtual,217,virtual,216,10.647621,10.64074,-6.804170469403508,False,7480,7481,0.38567074929687806,False
900,900.0168986313175,218,virtual_to_virtual,virtual,218,virtual,217,10.654475,10.647621,-6.804167517624163,False,7480,7481,0.4204384683243916,False
900,900.0168986313175,219,virtual_to_virtual,virtual,219,virtual,218,10.661301,10.654475,-6.804164477474385,False,7480,7481,0.4562470640621541,False
900,900.0168986313175,220,virtual_to_virtual,virtual,220,virtual,219,10.668127,10.661301,-6.804164067541983,False,7480,7481,0.46107547868905385,False
900,900.0168986313175,221,virtual_to_virtual,virtual,221,virtual,220,10.674899,10.668127,-6.804158599550927,False,7480,7481,0.5254805559034139,False
900,900.0168986313175,222,virtual_to_virtual,virtual,222,virtual,221,10.681671,10.674899,-6.80415819710602,False,7480,7481,0.5302207786080544,False
900,900.0168986313175,223,virtual_to_virtual,virtual,223,virtual,222,10.688416,10.681671,-6.804155269075143,False,7480,7481,0.5647087747965998,False
900,900.0168986313175,224,virtual_to_virtual,virtual,224,virtual,223,10.695134,10.688416,-6.804152346332733,False,7480,7481,0.5991344804488108,False
900,900.0168986313175,225,virtual_to_virtual,virtual,225,virtual,224,10.701824,10.695134,-6.8041493354046665,False,7480,7481,0.6345988864186438,False
900,900.0168986313175,226,virtual_to_virtual,virtual,226,virtual,225,10.708514,10.701824,-6.804148944620723,False,7480,7481,0.639201759727257,False
900,900.0168986313175,227,virtual_to_virtual,virtual,227,virtual,226,10.71515,10.708514,-6.804143514744126,False,7480,7481,0.7031579033828166,False
900,900.0168986313175,228,virtual_to_virtual,virtual,228,virtual,227,10.721786,10.71515,-6.804143131199124,False,7480,7481,0.7076755123580369,False
900,900.0168986313175,229,virtual_to_virtual,virtual,229,virtual,228,10.728395,10.721786,-6.804140231446054,False,7480,7481,0.7418304366283337,False
900,900.0168986313175,230,virtual_to_virtual,virtual,230,virtual,229,10.734977,10.728395,-6.8041373368149065,False,7480,7481,0.7759250320013962,False
900,900.0168986313175,231,virtual_to_virtual,virtual,231,virtual,230,10.741531,10.734977,-6.804134354177816,False,7480,7481,0.8110562109204693,False
900,900.0168986313175,232,virtual_to_virtual,virtual,232,virtual,231,10.748058,10.741531,-6.8041314698099296,False,7480,7481,0.8450299198339053,False
900,900.0168986313175,233,virtual_to_virtual,virtual,233,virtual,232,10.754585,10.748058,-6.804131101029978,False,7480,7481,0.8493736177306346,False
900,900.0168986313175,234,virtual_to_virtual,virtual,234,virtual,233,10.761058,10.754585,-6.804125714616164,False,7480,7481,0.9128178322716849,False
900,900.0168986313175,235,virtual_to_virtual,virtual,235,virtual,234,10.767531,10.761058,-6.80412535278885,False,7480,7481,0.9170796380894899,False
900,900.0168986313175,236,virtual_to_virtual,virtual,236,virtual,235,10.773976,10.767531,-6.804122392544944,False,7480,7481,0.9519470574769002,False
900,900.0168986313175,237,virtual_to_virtual,virtual,237,virtual,236,10.780395,10.773976,-6.804119622918241,False,7480,7481,0.9845692801281984,False
900,900.0168986313175,238,virtual_to_virtual,virtual,238,virtual,237,10.786813,10.780395,-6.804119175672261,False,7480,7481,0.9898371950848741,False
900,900.0168986313175,239,virtual_to_virtual,virtual,239,virtual,238,10.821625,10.786813,-6.80674609027354,False,7450,7451,0.048558028071965964,False
900,900.0168986313175,240,virtual_to_virtual,virtual,240,virtual,239,10.883334,10.821625,-6.8092101941755905,False,7421,7422,0.024954941495707317,False
900,900.0168986313175,241,virtual_to_virtual,virtual,241,virtual,240,10.942976,10.883334,-6.808989173791097,False,7423,7424,0.628257467925323,False
900,900.0168986313175,242,virtual_to_virtual,virtual,242,virtual,241,11.000687,10.942976,-6.8087839489927005,False,7426,7427,0.04551068813907477,False
900,900.0168986313175,243,virtual_to_virtual,virtual,243,virtual,242,11.056549,11.000687,-6.808589209544208,False,7428,7429,0.33926155377230316,False
900,900.0168986313175,244,virtual_to_virtual,virtual,244,virtual,243,11.110616,11.056549,-6.808402138421464,False,7430,7431,0.5426905613630879,False
900,900.0168986313175,245,virtual_to_virtual,virtual,245,virtual,244,11.162969,11.110616,-6.8082249261885535,False,7432,7433,0.6299960137812377,False
900,900.0168986313175,246,virtual_to_virtual,virtual,246,virtual,245,11.213691,11.162969,-6.808057494332326,False,7434,7435,0.6021026831267591,False
900,900.0168986313175,247,virtual_to_virtual,virtual,247,virtual,246,11.262835,11.213691,-6.807896937590617,False,7436,7437,0.49323038287820964,False
900,900.0168986313175,248,virtual_to_virtual,virtual,248,virtual,247,11.310483,11.262835,-6.807745640416417,False,7438,7439,0.27529368322848313,False
900,900.0168986313175,249,virtual_to_virtual,virtual,249,virtual,248,11.35669,11.310483,-6.807601015659799,False,7439,7440,0.978765492634011,False
900,900.0168986313175,250,virtual_to_virtual,virtual,250,virtual,249,11.40151,11.35669,-6.807462818023246,False,7441,7442,0.6065350633416529,False
900,900.0168986313175,251,virtual_to_virtual,virtual,251,virtual,250,11.445025,11.40151,-6.80733334784299,False,7443,7444,0.13150774008954613,False
900,900.0168986313175,252,virtual_to_virtual,virtual,252,virtual,251,11.487234,11.445025,-6.80720520689779,False,7444,7445,0.6408239379652514,False
900,900.0168986313175,253,virtual_to_virtual,virtual,253,virtual,252,11.528219,11.487234,-6.807085536781257,False,7446,7447,0.050365946605779754,False
900,900.0168986313175,254,virtual_to_virtual,virtual,254,virtual,253,11.568008,11.528219,-6.8069695140882995,False,7447,7448,0.41694654680668464,False
900,900.0168986313175,255,virtual_to_virtual,virtual,255,virtual,254,11.606681,11.568008,-6.806861536464651,False,7448,7449,0.6887677911954597,False
900,900.0168986313175,256,virtual_to_virtual,virtual,256,virtual,255,11.64424,11.606681,-6.806754769401178,False,7449,7450,0.9463303762704527,False
900,900.0168986313175,257,virtual_to_virtual,virtual,257,virtual,256,11.680765,11.64424,-6.806655847536057,False,7451,7452,0.11148779819632182,False
900,900.0168986313175,258,virtual_to_virtual,virtual,258,virtual,257,11.716256,11.680765,-6.806557820207185,False,7452,7453,0.2661088685381401,False
900,900.0168986313175,259,virtual_to_virtual,virtual,259,virtual,258,11.750796,11.716256,-6.806467716638898,False,7453,7454,0.32739942550506385,False
900,900.0168986313175,260,virtual_to_virtual,virtual,260,virtual,259,11.784356,11.750796,-6.806375919032528,False,7454,7455,0.40864331678585586,False
900,900.0168986313175,261,virtual_to_virtual,virtual,261,virtual,260,11.817047,11.784356,-6.806294273661045,False,7455,7456,0.3703084697081067,False
900,900.0168986313175,262,virtual_to_virtual,virtual,262,virtual,261,11.848839,11.817047,-6.806210750978109,False,7456,7457,0.35408565387933777,False
900,900.0168986313175,263,virtual_to_virtual,virtual,263,virtual,262,11.879816,11.848839,-6.806134950351428,False,7457,7458,0.2469081118442773,False
900,900.0168986313175,264,virtual_to_virtual,virtual,264,virtual,263,11.90995,11.879816,-6.806057372456641,False,7458,7459,0.16066423419033526,False
900,900.0168986313175,265,virtual_to_virtual,virtual,265,virtual,264,11.939295,11.90995,-6.805984888639627,False,7459,7460,0.014419440473830036,False
900,900.0168986313175,266,virtual_to_virtual,virtual,266,virtual,265,11.967906,11.939295,-6.805917518778238,False,7459,7460,0.8079395981776543,False
900,900.0168986313175,267,virtual_to_virtual,virtual,267,virtual,266,11.995755,11.967906,-6.805848283130631,False,7460,7461,0.6234360364242093,False
900,900.0168986313175,268,virtual_to_virtual,virtual,268,virtual,267,12.022925,11.995755,-6.8057864195759805,False,7461,7462,0.3520998132262321,False
900,900.0168986313175,269,virtual_to_virtual,virtual,269,virtual,268,12.049387,12.022925,-6.805722556193936,False,7462,7463,0.10431868301293434,False
900,900.0168986313175,270,virtual_to_virtual,virtual,270,virtual,269,12.075196,12.049387,-6.805663656867705,False,7462,7463,0.7980681085782635,False
900,900.0168986313175,271,lyb_to_virtual,lyman,1,virtual,270,12.087365397278509,12.075196,-6.804531306580898,False,7476,7477,0.13552731713934918,False
900,900.0168986313175,272,virtual_to_lyb,virtual,271,lyman,1,12.10038,12.087365397278509,-6.804600144896638,False,7475,7476,0.32471087733665627,False
900,900.0168986313175,273,virtual_to_virtual,virtual,272,virtual,271,12.124939,12.10038,-6.805551561664933,False,7464,7465,0.11838851814809459,False
900,900.0168986313175,274,virtual_to_virtual,virtual,273,virtual,272,12.148872,12.124939,-6.805495932937598,False,7464,7465,0.7736149885222403,False
900,900.0168986313175,275,virtual_to_virtual,virtual,274,virtual,273,12.172261,12.148872,-6.805447361339701,False,7465,7466,0.3457186151017595,False
900,900.0168986313175,276,virtual_to_virtual,virtual,275,virtual,274,12.195079,12.172261,-6.805396848101696,False,7465,7466,0.9406919720495353,False
900,900.0168986313175,277,virtual_to_virtual,virtual,276,virtual,275,12.217326,12.195079,-6.805346611333023,False,7466,7467,0.5324089175501285,False
900,900.0168986313175,278,virtual_to_virtual,virtual,277,virtual,276,12.239083,12.217326,-6.805303260632553,False,7467,7468,0.04301787479653285,False
900,900.0168986313175,279,virtual_to_virtual,virtual,278,virtual,277,12.260324,12.239083,-6.80525801443818,False,7467,7468,0.5759530264267596,False
900,900.0168986313175,280,virtual_to_virtual,virtual,279,virtual,278,12.281047,12.260324,-6.805212834955896,False,7468,7469,0.10810240551109018,False
900,900.0168986313175,281,virtual_to_virtual,virtual,280,virtual,279,12.301309,12.281047,-6.805172512659384,False,7468,7469,0.5830411158940478,False
900,900.0168986313175,282,virtual_to_virtual,virtual,281,virtual,280,12.321108,12.301309,-6.805132222496418,False,7469,7470,0.057601339285611175,False
900,900.0168986313175,283,virtual_to_virtual,virtual,282,virtual,281,12.340472,12.321108,-6.805094391064289,False,7469,7470,0.5032012465790103,False
900,900.0168986313175,284,virtual_to_virtual,virtual,283,virtual,282,12.359373,12.340472,-6.805054468097054,False,7469,7470,0.9734364319165252,False
900,900.0168986313175,285,virtual_to_virtual,virtual,284,virtual,283,12.377867,12.359373,-6.805019248652148,False,7470,7471,0.3882708830988122,False
900,900.0168986313175,286,virtual_to_virtual,virtual,285,virtual,284,12.395926,12.377867,-6.80498192470066,False,7470,7471,0.827893397688058,False
900,900.0168986313175,287,virtual_to_virtual,virtual,286,virtual,285,12.413603,12.395926,-6.804949030067609,False,7471,7472,0.215344905936945,False
900,900.0168986313175,288,virtual_to_virtual,virtual,287,virtual,286,12.4309,12.413603,-6.804916433764696,False,7471,7472,0.5992825138728222,False
900,900.0168986313175,289,virtual_to_virtual,virtual,288,virtual,287,12.447817,12.4309,-6.804883970649178,False,7471,7472,0.9816513656687675,False
900,900.0168986313175,290,virtual_to_virtual,virtual,289,virtual,288,12.464379,12.447817,-6.804853642918867,False,7472,7473,0.33886844824974105,False
900,900.0168986313175,291,virtual_to_virtual,virtual,290,virtual,289,12.480561,12.464379,-6.804821430464271,False,7472,7473,0.71828487458788,False
900,900.0168986313175,292,virtual_to_virtual,virtual,291,virtual,290,12.496417,12.480561,-6.804793662215231,False,7473,7474,0.04535494572792231,False
900,900.0168986313175,293,virtual_to_virtual,virtual,292,virtual,291,12.511946,12.496417,-6.8047659175678294,False,7473,7474,0.37214702348683204,False
900,900.0168986313175,294,virtual_to_virtual,virtual,293,virtual,292,12.527122,12.511946,-6.804736198691729,False,7473,7474,0.722192678380452,False
900,900.0168986313175,295,virtual_to_virtual,virtual,294,virtual,293,12.541998,12.527122,-6.80471081172827,False,7474,7475,0.021214627244262374,False
900,900.0168986313175,296,virtual_to_virtual,virtual,295,virtual,294,12.556576,12.541998,-6.804685672603332,False,7474,7475,0.3173173944787777,False
900,900.0168986313175,297,virtual_to_virtual,virtual,296,virtual,295,12.570854,12.556576,-6.804660460273253,False,7474,7475,0.6142824130738518,False
900,900.0168986313175,298,virtual_to_virtual,virtual,297,virtual,296,12.584806,12.570854,-6.804633266308836,False,7474,7475,0.9345882365987563,False
900,900.0168986313175,299,virtual_to_virtual,virtual,298,virtual,297,12.598513,12.584806,-6.8046125906784525,False,7475,7476,0.17811745195467665,False
900,900.0168986313175,300,virtual_to_virtual,virtual,299,virtual,298,12.611921,12.598513,-6.804587699517651,False,7475,7476,0.47129955798391165,False
900,900.0168986313175,301,virtual_to_virtual,virtual,300,virtual,299,12.625084,12.611921,-6.804567163667238,False,7475,7476,0.7131823661466115,False
900,900.0168986313175,302,virtual_to_virtual,virtual,301,virtual,300,12.637975,12.625084,-6.8045445544336935,False,7475,7476,0.9794866481734061,False
900,900.0168986313175,303,virtual_to_virtual,virtual,302,virtual,301,12.650594,12.637975,-6.804522013254764,False,7476,7477,0.24498934463554178,False
900,900.0168986313175,304,virtual_to_virtual,virtual,303,virtual,302,12.662996,12.650594,-6.804503881844787,False,7476,7477,0.45855129960546037,False
900,900.0168986313175,305,virtual_to_virtual,virtual,304,virtual,303,12.675126,12.662996,-6.804481463518854,False,7476,7477,0.7226069642993025,False
900,900.0168986313175,306,virtual_to_virtual,virtual,305,virtual,304,12.687038,12.675126,-6.804463364939789,False,7476,7477,0.9357822183119424,False
900,900.0168986313175,307,virtual_to_virtual,virtual,306,virtual,305,12.698732,12.687038,-6.804445316464484,False,7477,7478,0.1483673220163837,False
900,900.0168986313175,308,virtual_to_virtual,virtual,307,virtual,306,12.710182,12.698732,-6.804425271422217,False,7477,7478,0.3844691155018154,False
900,900.0168986313175,309,virtual_to_virtual,virtual,308,virtual,307,12.721414,12.710182,-6.804407323573549,False,7477,7478,0.5958689820345171,False
900,900.0168986313175,310,virtual_to_virtual,virtual,309,virtual,308,12.732456,12.721414,-6.804391621641451,False,7477,7478,0.780815178708508,False
900,900.0168986313175,311,virtual_to_virtual,virtual,310,virtual,309,12.74328,12.732456,-6.804373762639595,False,7477,7478,0.9911685574606963,False
900,900.0168986313175,312,lyg_to_virtual,lyman,2,virtual,310,12.748393192442178,12.74328,-6.803925178554089,False,7483,7484,0.2748444762564759,False
