i,j,mu,group,branch,log_low,log_high,relative_low_high,amp_reciprocity
2,2,-1.0,1,back_32_48,146.27084518184415,146.2708451818442,-5.68434188608064e-14,2.325357526204605e-16
2,2,-0.5773502691896258,1,GL8_12,146.34458984857054,146.34458984856994,5.968558980386623e-13,1.1072655869778446e-15
2,2,-0.7071067811865475,1,GL8_12,146.3209075896125,146.32090758961215,3.4106051316490625e-13,1.2491683478298431e-15
2,2,-0.816496580927726,1,GL8_12,146.30168625554364,146.30168625554342,2.273736754432579e-13,1.230740747677065e-15
2,2,-0.5,1,GL8_12,146.3591940261116,146.35919402611069,9.094947017733418e-13,9.907409175702191e-16
2,2,-0.3333333333333333,1,GL8_12,146.3920034266154,146.39200342661297,2.4158453015872588e-12,7.871762592336591e-16
2,2,0.0,1,GL8_12,146.46395393853027,146.46395393850923,2.103206497872014e-11,9.721287217539866e-16
2,2,0.3333333333333333,1,GL8_12,146.5467404486861,146.54674044854067,1.454338871659528e-10,9.230555184413137e-16
2,2,0.5773502691896258,1,GL8_12,146.617770632568,146.617770638744,-6.175980596736562e-09,1.222774851977668e-15
2,2,0.5,1,GL8_12,146.59393505524173,146.5939350562712,-1.0294627367487667e-09,1.1565245277735337e-15
2,2,0.7071067811865475,1,GL8_12,146.66187007559103,146.66187013678018,-6.118915320407933e-08,1.6176198257683368e-15
2,2,0.816496580927726,1,GL8_12,146.70562955238,146.70562840864113,1.1437395247931612e-06,2.0473488941934763e-15
2,3,-1.0,1,back_32_48,145.433083696628,145.4330836966278,1.9895196601284784e-13,2.7653082970720853e-16
2,3,-0.816496580927726,1,GL8_12,145.4100713531875,145.41007135318677,7.389644451907772e-13,1.445323103246481e-15
2,3,-0.7071067811865475,1,GL8_12,145.39364414789634,145.39364414789566,6.821210263299288e-13,1.310872515032681e-15
2,3,-0.5773502691896258,1,GL8_12,145.3710194060359,145.37101940603537,5.400124791778219e-13,1.354648620676375e-15
2,3,-0.5,1,GL8_12,145.35566627375587,145.35566627375556,3.1263880373449295e-13,1.2591031450059935e-15
2,3,-0.3333333333333333,1,GL8_12,145.31693024828468,145.31693024828544,-7.673861546206138e-13,1.0864980545295874e-15
2,3,0.3333333333333333,1,GL8_12,145.0286391486901,145.02863914880697,-1.1687006917099197e-10,1.6282423764183758e-15
2,3,0.0,1,GL8_12,145.20792124074225,145.20792124076235,-2.0094148567093746e-11,1.5095504215898024e-15
2,3,0.5773502691896258,1,GL8_12,144.8082604537965,144.80826044113536,1.2661132666951934e-08,3.740992668514808e-15
2,3,0.5,1,GL8_12,144.89080018387372,144.89080018141243,2.461291617992535e-09,3.0834555658880647e-15
2,3,0.7071067811865475,1,GL8_12,144.6260482189792,144.62604808596018,1.3301903752782335e-07,3.362262255867862e-14
2,4,-1.0,1,back_32_48,143.23222552635076,143.2322255263506,1.7053025658243858e-13,2.6836210450821494e-16
2,4,-0.816496580927726,1,GL8_12,143.0526157810474,143.0526157810448,2.5863755581701093e-12,1.57539399133651e-15
2,3,0.816496580927726,1,GL8_12,144.3926059787621,144.39260790276978,-1.9240058258330353e-06,2.861488677544865e-12
2,4,-0.7071067811865475,1,GL8_12,142.92884449304677,142.92884449304495,1.818989403547511e-12,1.5210143997725833e-15
2,4,-0.5773502691896258,1,GL8_12,142.761987253869,142.76198725386917,-1.705302565824095e-13,1.4198254990457253e-15
2,4,-0.5,1,GL8_12,142.65022121304196,142.65022121304435,-2.3874235921510867e-12,1.6750987829637173e-15
2,4,0.3333333333333333,1,GL8_12,140.09722521222372,140.09722520909781,3.1259048731697645e-09,3.4630533462381968e-15
2,4,0.0,1,GL8_12,141.56942439536198,141.56942439533105,3.092281986075767e-11,1.734553897112011e-15
2,4,-0.3333333333333333,1,GL8_12,142.37036712944067,142.37036712945167,-1.099920154950586e-11,1.6725217620225594e-15
2,4,0.5,1,GL8_12,138.7377356882053,138.7377357304311,-4.22257917487293e-08,1.8709126307614164e-12
2,4,0.5773502691896258,1,GL8_12,137.78891763650654,137.7889178141357,-1.7762913117080007e-07,2.510958896600539e-12
2,5,-1.0,1,back_32_48,141.11083062073175,141.1108306207313,4.547473508865675e-13,3.012380865312136e-16
2,5,-0.816496580927726,1,GL8_12,140.75026086076622,140.7502608607556,1.0629719327027594e-11,1.8197479600746176e-15
2,4,0.7071067811865475,1,GL8_12,135.20599426548824,135.2059897992959,4.46620231030126e-06,3.2563246337292377e-12
2,5,-0.7071067811865475,1,GL8_12,140.5009668510371,140.50096685102244,1.4665602066196008e-11,1.5885758366848235e-15
2,5,-0.5773502691896258,1,GL8_12,140.1636150667724,140.1636150667482,2.4186874725566312e-11,1.5402042635180856e-15
2,4,0.816496580927726,1,GL8_12,130.49270886220654,130.49300541333164,-0.0002965071581647616,2.584448959700461e-12
2,5,-0.5,1,GL8_12,139.93674422217268,139.93674422213923,3.3452352000145046e-11,1.9370019007125605e-15
2,5,-0.3333333333333333,1,GL8_12,139.36523670970274,139.36523670964544,5.729816621333602e-11,1.974408296618232e-15
2,5,0.0,1,GL8_12,137.7006664221076,137.70066642304937,-9.417817632423908e-10,2.936975675348441e-15
2,5,0.3333333333333333,1,GL8_12,134.5320102359329,134.53201019595298,3.997990996024412e-08,1.911870057845513e-12
2,5,0.5,1,GL8_12,131.49755554568083,131.49755509288974,4.5279118713626805e-07,3.823073133166199e-12
2,5,0.5773502691896258,1,GL8_12,129.32975291295992,129.32975841879443,-5.505819351233547e-06,2.9958011772233368e-12
2,6,-1.0,1,back_32_48,138.90650131828497,138.90650131828454,4.26325641456151e-13,3.422130383804566e-16
2,5,0.7071067811865475,1,GL8_12,123.27262550858454,123.27316058074533,-0.0005349290352068717,2.9908550217468016e-12
2,6,-0.816496580927726,1,GL8_12,138.35452257752354,138.3545225775187,4.831690603180354e-12,2.2244001407955974e-15
2,6,-0.7071067811865475,1,GL8_12,137.97166367580024,137.971663675804,-3.7516656448062915e-12,2.096743132261993e-15
2,6,-0.5773502691896258,1,GL8_12,137.45195188864437,137.45195188868206,-3.7687186704005553e-11,1.969008902405952e-15
2,5,0.816496580927726,1,GL8_12,111.83078675262207,111.8466594562497,-0.015747396132995403,3.3916391411659273e-12
2,6,-0.5,1,GL8_12,137.10140260933645,137.10140260942023,-8.378719939732087e-11,2.2404681858680943e-15
2,6,-0.3333333333333333,1,GL8_12,136.21471021547188,136.21471021577028,-2.9839952726529054e-10,2.5791926419348264e-15
2,6,0.0,1,GL8_12,133.6048209816116,133.60482097593757,5.674024821654844e-09,4.2557000273907196e-15
2,6,0.3333333333333333,1,GL8_12,128.54693023860128,128.54693076657043,-5.279690099130783e-07,3.938632383091566e-12
2,6,0.5,1,GL8_12,123.62633085858012,123.62637137535472,-4.0515953810389165e-05,3.930732821016169e-12
2,7,-1.0,1,back_32_48,136.87999817856962,136.87999817856945,1.7053025658243858e-13,3.37164739655784e-16
2,7,-0.816496580927726,1,GL8_12,136.16086223618157,136.1608622362108,-2.921751729402849e-11,1.829708876523109e-15
2,6,0.5773502691896258,1,GL8_12,120.07948382600944,120.07972330076359,-0.00023944608236281024,3.4616726391056626e-12
2,6,0.7071067811865475,1,GL8_12,110.07551980643885,110.08018285723163,-0.0046521956506852605,3.243501897301595e-12
2,6,0.816496580927726,1,GL8_12,90.94947907370141,91.00821786607938,-0.057046956486483995,4.201865311286025e-12
2,7,-0.5773502691896258,1,GL8_12,134.98077457580746,134.98077457590284,-9.538325684388687e-11,2.0497150965387184e-15
2,7,-0.7071067811865475,1,GL8_12,135.66091001625327,135.66091001631318,-5.991296347749687e-11,1.9359778940975896e-15
2,7,-0.5,1,GL8_12,134.5210837505246,134.52108375059794,-7.332801032775385e-11,1.801206587932164e-15
2,7,0.0,1,GL8_12,129.89924768146662,129.89924766503054,1.6436075746708916e-08,6.655326645765523e-15
2,7,-0.3333333333333333,1,GL8_12,133.3551078717669,133.3551078710846,6.822915568190395e-10,2.297911913108635e-15
2,7,0.3333333333333333,1,GL8_12,123.12511738712503,123.12512793514878,-1.0547968122014583e-05,4.7115417639835534e-12
2,7,0.5,1,GL8_12,116.47324599723389,116.47348873307372,-0.00024270638187316477,4.855820673280745e-12
2,8,-1.0,1,back_32_48,135.5041598039345,135.50415980393453,-2.8421709430403604e-14,4.036258694116714e-16
2,7,0.5773502691896258,1,GL8_12,111.65543167526997,111.65648201955051,-0.001049792862065769,3.938212687803121e-12
2,8,-0.816496580927726,1,GL8_12,134.64816060530015,134.64816060533087,-3.0723867893794754e-11,2.1743223356314088e-15
2,7,0.7071067811865475,1,GL8_12,98.00378387204833,98.01664543850022,-0.012779209962016196,4.01802728579151e-12
2,7,0.816496580927726,1,GL8_12,71.76635668911679,71.87738984378815,-0.10509092197921063,4.339757433546211e-12
2,8,-0.7071067811865475,1,GL8_12,134.05282262867928,134.0528226286769,2.3874235921567865e-12,2.065604437189911e-15
2,8,-0.5773502691896258,1,GL8_12,133.24262684297594,133.24262684274936,2.265778676048495e-10,2.170376252895531e-15
2,8,-0.5,1,GL8_12,132.69484560929538,132.69484560867977,6.156142264520412e-10,2.632347239577236e-15
2,8,-0.3333333333333333,1,GL8_12,131.3048104027286,131.30481039957158,3.157026645093825e-09,3.1843816254838873e-15
2,8,0.0,1,GL8_12,127.18028568540016,127.18028578750646,-1.0210629331451227e-07,1.2464662004560731e-14
2,8,0.3333333333333333,1,GL8_12,119.0795658820209,119.07960188129178,-3.599862291207457e-05,4.2423382389158465e-12
2,8,0.5,1,GL8_12,111.10843607811944,111.10902297854966,-0.0005867282378519913,5.226029390176048e-12
2,8,0.5773502691896258,1,GL8_12,105.32644973667351,105.32866406484573,-0.002211878356153845,3.7695822672191925e-12
2,9,-1.0,1,back_32_48,134.01210203939254,134.01210203939212,4.26325641456151e-13,3.6885330608314085e-16
2,8,0.7071067811865475,1,GL8_12,88.91195035671578,88.93359881427989,-0.021415811540108878,3.7412903594054385e-12
2,9,-0.816496580927726,1,GL8_12,133.00699703925093,133.00699703913244,1.1849010662237425e-10,2.1900037360955608e-15
2,8,0.816496580927726,1,GL8_12,57.29229258745545,57.446663498333,-0.14304589154390043,5.0206010845548784e-12
2,9,-0.7071067811865475,1,GL8_12,132.30771343384498,132.30771343348715,3.578293217928074e-10,2.660430194640699e-15
2,9,-0.5773502691896258,1,GL8_12,131.3557552718383,131.35575527078134,1.0569465308564322e-09,2.620216381268953e-15
2,9,-0.5,1,GL8_12,130.71194003032332,130.71194002853906,1.7842580762136913e-09,3.0266254347770104e-15
2,9,-0.3333333333333333,1,GL8_12,129.0775831712335,129.07758316924068,1.9928165804078664e-09,3.857317522386166e-15
2,9,0.0,1,GL8_12,124.22348996381776,124.22349064394443,-6.801264436928701e-07,4.005101921187285e-12
2,9,0.3333333333333333,1,GL8_12,114.67363484552459,114.67372969134814,-9.484132583119889e-05,4.351556092766679e-12
2,9,0.5,1,GL8_12,105.25948105032748,105.26069413465433,-0.0012123488374909878,4.314179752795272e-12
2,9,0.5773502691896258,1,GL8_12,98.42199090797965,98.42609997615787,-0.004100637508928318,4.046065097181889e-12
2,10,-1.0,1,back_32_48,132.40332644293758,132.4033264429375,8.526512829121566e-14,4.119518914793123e-16
2,9,0.7071067811865475,1,GL8_12,78.98109582928038,79.01451390289056,-0.03286585820546813,4.139387323955262e-12
2,10,-0.816496580927726,1,GL8_12,131.23683308955185,131.23683308910165,4.5019987747893944e-10,2.8478534202689287e-15
2,9,0.816496580927726,1,GL8_12,41.46720268018845,41.67063039295198,-0.18407081654324223,4.032408852469297e-12
2,10,-0.7071067811865475,1,GL8_12,130.4250182907142,130.42501828987645,8.37758307521508e-10,2.1317670749064005e-15
2,10,-0.5773502691896258,1,GL8_12,129.31956229816006,129.31956229705523,1.1048371112984275e-09,3.0775944678961797e-15
2,10,-0.5,1,GL8_12,128.57174733519565,128.57174733510527,9.038103599276912e-11,3.1110878912446594e-15
2,10,-0.3333333333333333,1,GL8_12,126.67275033287282,126.67275035724361,-2.4370791310030215e-08,4.140026340023492e-15
2,10,0.0,1,GL8_12,121.02800268121545,121.02800513864528,-2.4574268099273454e-06,4.617007434021789e-12
2,10,0.5,1,GL8_12,98.9246405731594,98.92687758184174,-0.0022345084431202294,4.484936560893534e-12
2,10,0.3333333333333333,1,GL8_12,109.90603149747352,109.90624296057598,-0.00021144074571372715,4.620542261810815e-12
2,10,0.5773502691896258,1,GL8_12,90.94005083390438,90.94698229339096,-0.006907492329038391,3.6330439549090547e-12
2,11,-1.0,1,back_32_48,130.67744949134425,130.67744949134357,6.821210263299288e-13,4.0508336241127203e-16
2,10,0.7071067811865475,1,GL8_12,68.2090178103605,68.25730494383559,-0.047139850251901455,4.141817268450847e-12
2,10,0.816496580927726,1,GL8_12,24.289587051558403,24.546865674704,-0.22684723450314523,3.6667183945784695e-12
2,11,-0.5773502691896258,1,GL8_12,127.13358739449325,127.13358739972787,-5.2346251640628685e-09,3.4360492073715356e-15
2,11,-0.7071067811865475,1,GL8_12,128.4043033421887,128.40430334230786,-1.1914380592515598e-10,3.0178482142681834e-15
2,11,-0.816496580927726,1,GL8_12,129.33725488978425,129.33725488931606,4.681908195566465e-10,2.684550115843992e-15
2,11,-0.5,1,GL8_12,126.2737889508572,126.27378896708603,-1.622883858563723e-08,3.322810486705101e-15
2,11,-0.3333333333333333,1,GL8_12,124.08978630412561,124.08978643710313,-1.32977509932659e-07,7.024835049905507e-15
2,11,0.0,1,GL8_12,117.59314040243446,117.59314720498791,-6.802530320104674e-06,4.878205268988333e-12
2,11,0.3333333333333333,1,GL8_12,104.77569718333822,104.776115331724,-0.0004180609739242315,4.48026938949985e-12
2,11,0.5,1,GL8_12,92.10249664404127,92.10627737228847,-0.0037735902925567283,4.325451958512161e-12
2,11,0.5773502691896258,1,GL8_12,82.87902938114121,82.88988849749835,-0.010800368993553812,4.204728683193854e-12
2,11,0.7071067811865475,1,GL8_12,56.594104464712046,56.66035592718011,-0.06410450789107415,4.109206798110899e-12
2,12,-1.0,1,back_32_48,128.834187737591,128.83418773759087,1.4210854715203013e-13,4.507927265875005e-16
2,12,-0.7071067811865475,1,GL8_12,126.2452458376307,126.24524584511138,-7.480679159230345e-09,3.5591036149809505e-15
2,11,0.816496580927726,1,GL8_12,5.758439777769077,6.073509874396699,-0.27026227967702493,4.305132442491992e-12
2,12,-0.816496580927726,1,GL8_12,127.30795558466262,127.3079555864081,-1.7454766505807722e-09,3.0057538430654725e-15
2,12,-0.5773502691896258,1,GL8_12,124.79748603398826,124.79748606699833,-3.3010067023452014e-08,3.097392517526919e-15
2,12,-0.5,1,GL8_12,123.817705295254,123.81770537150608,-7.625207552201679e-08,4.3543729547023415e-15
2,12,-0.3333333333333333,1,GL8_12,121.32829139614518,121.32829184124641,-4.4510113681106536e-07,8.52518953334541e-15
2,12,0.0,1,GL8_12,113.91836516846125,113.91838113076805,-1.596217940739878e-05,5.5370228344519955e-12
2,12,0.3333333333333333,1,GL8_12,99.28177040151307,99.28252490084967,-0.0007542147735415785,5.066453420278251e-12
2,12,0.5,1,GL8_12,84.79190534843514,84.79786997486829,-0.0059468733632585865,5.248844766700754e-12
2,12,0.5773502691896258,1,GL8_12,74.23766717996838,74.25370766272403,-0.015912519324123887,3.825073547964004e-12
2,13,-1.0,1,back_32_48,126.8733466799212,126.87334667992047,7.247535904755648e-13,4.66480474652671e-16
2,12,0.7071067811865475,1,GL8_12,44.135198714360726,44.22241340259065,-0.08351968302613103,3.974382264136214e-12
2,13,-0.816496580927726,1,GL8_12,125.14872244596533,125.1487224574405,-1.1475165640702898e-08,2.9679320315191924e-15
2,13,-0.5773502691896258,1,GL8_12,122.31101465941987,122.3110147746049,-1.1518502465702545e-07,4.054901812105365e-15
2,13,-0.7071067811865475,1,GL8_12,123.94762024411808,123.94762027750801,-3.3389923157378134e-08,3.871338850726993e-15
2,12,0.816496580927726,1,GL8_12,-14.126904982016903,-13.75084978197777,-0.31343556638731696,5.095848576983058e-12
2,13,-0.5,1,GL8_12,121.20324009104804,121.20324033123684,-2.4018876800639903e-07,5.6413847536483146e-15
2,13,-0.3333333333333333,1,GL8_12,118.38797476631899,118.38797595204112,-1.1857214237382202e-06,1.3086725502979111e-14
2,13,0.0,1,GL8_12,110.00326456513133,110.00329787561908,-3.33099329630999e-05,6.9263966294587754e-12
2,13,0.5,1,GL8_12,76.99196102109741,77.00086173642347,-0.008861221221526905,4.2922280610288975e-12
2,13,0.5773502691896258,1,GL8_12,65.01499562675554,65.03758554142448,-0.02233667303319428,4.378095845471077e-12
2,13,0.3333333333333333,1,GL8_12,93.42356089194263,93.42482701597068,-0.0012653228311960436,4.940298727729636e-12
2,13,0.7071067811865475,1,GL8_12,30.831496223202826,30.942512268936007,-0.10507561090413954,3.841156327330302e-12
2,14,-1.0,1,back_32_48,124.79481295440186,124.79481295440173,1.278976924368262e-13,5.506963849795706e-16
2,14,-0.816496580927726,1,GL8_12,122.85942798206209,122.85942802216903,-4.010693918706343e-08,4.098793256148091e-15
2,14,-0.7071067811865475,1,GL8_12,121.51128875248402,121.51128885500952,-1.0252549927486458e-07,3.2178508826954476e-15
2,14,-0.5773502691896258,1,GL8_12,119.67402051520952,119.67402082959497,-3.143853962575358e-07,4.830668381542023e-15
2,14,-0.5,1,GL8_12,118.43022981506755,118.43023043307576,-6.180080243025454e-07,6.44446000628261e-15
2,14,-0.3333333333333333,1,GL8_12,115.2686430735485,115.26864580600865,-2.7324564129828716e-06,2.5965869272693674e-12
2,13,0.816496580927726,1,GL8_12,-35.3668680641462,-34.92726428816354,-0.35570834565735,5.644909180080929e-12
2,14,0.0,1,GL8_12,105.8475385585075,105.84760212815527,-6.356762727140478e-05,5.511258498583196e-12
2,14,0.3333333333333333,1,GL8_12,87.20053194179619,87.20253485525882,-0.002000908969961767,4.813358066469929e-12
2,14,0.5,1,GL8_12,68.70196942536536,68.71465718798919,-0.012607612297831616,5.0419123763613535e-12
2,14,0.5773502691896258,1,GL8_12,55.21029738784739,55.240884181875025,-0.03012375105198567,4.184282476583036e-12
2,15,-1.0,1,back_32_48,122.59854952840497,122.59854952840539,-4.121147867407732e-13,5.378070117809006e-16
2,14,0.7071067811865475,1,GL8_12,16.682470777474435,16.819925118779707,-0.12842585597354583,4.2733059826409846e-12
2,15,-0.816496580927726,1,GL8_12,120.44002452010243,120.44002462969465,-1.0959221551473344e-07,4.184034480734436e-15
2,15,-0.7071067811865475,1,GL8_12,118.93619553321825,118.9361957933472,-2.6012890855294236e-07,4.228045893198067e-15
2,15,-0.5773502691896258,1,GL8_12,116.88643554974945,116.88643628882085,-7.390711229698938e-07,7.644609316145262e-15
2,15,-0.5,1,GL8_12,115.49859740392088,115.49859879783195,-1.39391009152543e-06,1.0430822402868875e-14
2,14,0.816496580927726,1,GL8_12,-57.96168347773062,-57.4564851200583,-0.3966141226622195,5.961409160220011e-12
2,15,-0.3333333333333333,1,GL8_12,111.97019377645748,111.97019944986545,-5.67339187544924e-06,5.634819697261878e-12
2,15,0.0,1,GL8_12,101.45099171363672,101.45110470030471,-0.00011298028523291211,5.739631521460026e-12
2,15,0.3333333333333333,1,GL8_12,80.61228915053361,80.6153062790111,-0.0030125815194245154,7.241556325104544e-12
2,15,0.5,1,GL8_12,59.92142803381707,59.938836357383835,-0.017257674153337916,5.834738802893614e-12
2,15,0.5773502691896258,1,GL8_12,44.823075859721435,44.86315335291721,-0.03928501260699311,4.252329632031473e-12
2,16,-1.0,1,back_32_48,120.28459368403058,120.28459368403021,3.6948222259532036e-13,5.905484583723502e-16
2,15,0.7071067811865475,1,GL8_12,1.6878215793071263,1.8541287311788395,-0.15321389769481653,4.646683675200081e-12
2,16,-0.816496580927726,1,GL8_12,117.89054192954661,117.89054218780053,-2.582538862352443e-07,4.4014682549749975e-15
2,16,-0.7071067811865475,1,GL8_12,116.22236433952848,116.2223649218172,-5.822885508221092e-07,5.239807639065018e-15
2,16,-0.5,1,GL8_12,112.40834968479108,112.40835254044543,-2.85565028093656e-06,1.613388845630493e-14
2,16,-0.5773502691896258,1,GL8_12,113.94827390356105,113.94827546706829,-1.5635060178441902e-06,7.924832872068242e-15
2,15,0.816496580927726,1,GL8_12,-81.91143279823662,-81.33900981487274,-0.4358431613131806,6.0119332556172915e-12
2,16,-0.3333333333333333,1,GL8_12,108.492612450243,108.49262332090223,-1.0870600138936055e-05,6.866106182804e-12
2,16,0.0,1,GL8_12,96.8135300265368,96.81371947392479,-0.00018942944397251402,6.74846210603296e-12
2,16,0.5,1,GL8_12,50.650012501808895,50.673139971475045,-0.022862079610075407,5.7001048173687785e-12
2,16,0.3333333333333333,1,GL8_12,73.65857467163889,73.6629361917011,-0.004352022446622749,5.677256519067794e-12
2,16,0.5773502691896258,1,GL8_12,33.853032858057325,33.90411194810277,-0.049796484078783836,4.207631969363512e-12
2,16,0.7071067811865475,1,GL8_12,-14.152561852240623,-13.955216463404888,-0.17909294778840656,4.4605686034844025e-12
2,17,-1.0,1,back_32_48,117.85305771915168,117.85305771915147,2.1316282072805277e-13,6.106386621771934e-16
2,17,-0.816496580927726,1,GL8_12,115.21108835261816,115.21108890154285,-5.489245381554932e-07,4.4561143165240546e-15
2,17,-0.7071067811865475,1,GL8_12,113.36989928920761,113.3699004787054,-1.1894970870326295e-06,6.614965535706753e-15
2,17,-0.5773502691896258,1,GL8_12,110.85963277905242,110.85963583141498,-3.0523578998107224e-06,1.8739861534026566e-14
2,17,-0.5,1,GL8_12,109.15957830841421,109.15958373762865,-5.429199701642445e-06,2.6543763616279663e-13
2,16,0.816496580927726,1,GL8_12,-107.2160633905785,-106.57511409282303,-0.47320789595767193,4.977970875903361e-12
2,17,-0.3333333333333333,1,GL8_12,104.83597386635043,104.83599339439036,-1.9527849257287705e-05,7.275978195061155e-12
2,17,0.0,1,GL8_12,91.93516208885313,91.93546461583469,-0.00030248122488367977,6.092304875387158e-12
2,17,0.3333333333333333,1,GL8_12,66.33926657548915,66.34535423103034,-0.006069163310006263,4.961968927115834e-12
2,17,0.5773502691896258,1,GL8_12,22.300054366053807,22.36363834181717,-0.06160468647096524,4.857926735856381e-12
2,17,0.5,1,GL8_12,40.88756916806633,40.917462052137004,-0.02945051070874931,4.939474436557773e-12
2,18,-1.0,1,back_32_48,115.3041324557467,115.30413245574557,1.1226575225015886e-12,7.581439068695838e-16
2,17,0.7071067811865475,1,GL8_12,-30.83862022054096,-30.60827637522776,-0.20573954718875498,5.220958357542653e-12
2,18,-0.816496580927726,1,GL8_12,112.40185401603998,112.40185509482794,-1.0787873784042904e-06,5.561004301311686e-15
2,18,-0.7071067811865475,1,GL8_12,110.37898889537445,110.37899115809529,-2.262718280966738e-06,7.0938402301856214e-15
2,18,-0.5773502691896258,1,GL8_12,107.6206967624339,107.62070235120197,-5.58875245874628e-06,2.5803575348041756e-14
2,18,-0.5,1,GL8_12,105.7524642582935,105.75247397542357,-9.717082858319913e-06,1.0098655634686616e-11
2,17,0.816496580927726,1,GL8_12,-133.87539459145347,-133.16487211852115,-0.5086126062322119,5.162545657938915e-12
2,18,-0.3333333333333333,1,GL8_12,101.00044692583556,101.00048018525389,-3.325886524222255e-05,8.159988357379256e-12
2,18,0.0,1,GL8_12,86.81600475544704,86.81646823365605,-0.0004633708195800144,6.512246272682744e-12
2,18,0.3333333333333333,1,GL8_12,58.65438357684526,58.66262813896081,-0.008210668922117302,5.27591863866751e-12
2,18,0.5,1,GL8_12,30.63411407095811,30.671850037568966,-0.03703283718818416,5.2428887297525005e-12
2,19,-1.0,1,back_32_48,112.63809383844021,112.6380938384402,1.4210854715202105e-14,7.049897656333818e-16
2,18,0.5773502691896258,1,GL8_12,10.164204713052918,10.241769465603603,-0.07463289742359983,5.603346853775364e-12
2,19,-0.816496580927726,1,GL8_12,109.46311843510375,109.46312042704938,-1.9919436396360556e-06,4.703560460019488e-15
2,19,-0.7071067811865475,1,GL8_12,107.24991368094197,107.24991774392001,-4.062969781906284e-06,9.54505167341044e-15
2,19,-0.5773502691896258,1,GL8_12,104.23174596854116,104.23175567515493,-9.706566657956911e-06,5.240387279342596e-12
2,18,0.7071067811865475,1,GL8_12,-48.37013215340325,-48.10504365969955,-0.2328619399162005,4.4909647011165225e-12
2,18,0.816496580927726,1,GL8_12,-161.8891135404582,-161.10816526864022,-0.5420284761578217,5.313544740042498e-12
2,19,-0.5,1,GL8_12,102.18728633270506,102.18730287372537,-1.6540883513308274e-05,9.388971383512874e-12
2,19,-0.3333333333333333,1,GL8_12,96.98630391153108,96.98635806859724,-5.415559969219825e-05,8.04598517957856e-12
2,19,0.0,1,GL8_12,81.45629397870754,81.45697914986368,-0.0006849364799937504,5.0612990995528436e-12
2,19,0.3333333333333333,1,GL8_12,50.60409605488208,50.614973811754446,-0.010818808012483317,5.2548691696325665e-12
2,19,0.5,1,GL8_12,19.889839710974456,19.936513355828787,-0.04560118026366062,5.272246534569316e-12
2,20,-1.0,1,back_32_48,109.8553131490286,109.8553131490273,1.307398633799439e-12,7.534603684163773e-16
2,19,0.5773502691896258,1,GL8_12,-2.554269718987257,-2.461290655309668,-0.08878742246325562,5.137804775722457e-12
2,20,-0.816496580927726,1,GL8_12,106.3952616143803,106.39526510873739,-3.494350982871e-06,7.603697616775588e-15
2,20,-0.7071067811865475,1,GL8_12,103.98305803821972,103.98306499219376,-6.953949857783955e-06,1.5311315394667067e-14
2,19,0.7071067811865475,1,GL8_12,-66.74670926044531,-66.44532793414417,-0.26020438457250733,5.6964400966635504e-12
2,20,-0.5773502691896258,1,GL8_12,100.69316874947125,100.69318487580463,-1.6126203349381924e-05,7.695675031980918e-12
2,19,0.816496580927726,1,GL8_12,-191.25676008138134,-190.40467815865821,-0.5734739872586763,5.143492789607212e-12
2,20,-0.5,1,GL8_12,98.4644343946815,98.46446138194943,-2.6986903776672972e-05,7.182178346672879e-12
2,20,-0.3333333333333333,1,GL8_12,92.7939349916707,92.79401985034079,-8.485506969745535e-05,8.348433942827093e-12
2,20,0.0,1,GL8_12,75.85640211799475,75.8573841206024,-0.0009815206008862857,6.219337732257811e-12
2,20,0.3333333333333333,1,GL8_12,42.18874523900309,42.202773936019256,-0.013930753388275433,4.456613495737064e-12
2,20,0.5,1,GL8_12,8.655131922418178,8.711842592332495,-0.05513259160975616,5.579759156320109e-12
2,21,-1.0,1,back_32_48,106.95627168635359,106.95627168635302,5.684341886082417e-13,7.793753260273595e-16
2,21,-0.816496580927726,1,GL8_12,103.1987802395123,103.19878611125347,-5.871723927536195e-06,8.83180350354532e-15
2,20,0.5773502691896258,1,GL8_12,-15.854924825628771,-15.745150618854595,-0.10396356858657319,4.826435598221899e-12
2,21,-0.7071067811865475,1,GL8_12,100.5789274319643,100.57893886040536,-1.1428375751343783e-05,3.185798681587497e-14
2,20,0.7071067811865475,1,GL8_12,-85.96777591773865,-85.62873232620173,-0.28754860843886565,5.532602011526097e-12
2,20,0.816496580927726,1,GL8_12,-221.9776948318218,-221.05387535104165,-0.6030001915465752,6.143874713044453e-12
2,21,-0.5773502691896258,1,GL8_12,97.00548020826577,97.00550600320969,-2.5794611236368798e-05,9.927938813342382e-12
2,21,-0.5,1,GL8_12,94.5844287281486,94.58447118490872,-4.2455858851666813e-05,9.956269357400121e-12
2,21,-0.3333333333333333,1,GL8_12,88.42386955758992,88.42399817263947,-0.00012860677898651193,8.391147124478437e-12
2,21,0.0,1,GL8_12,70.01686398299854,70.01823378659654,-0.001368865845275004,6.285346379978999e-12
2,21,0.3333333333333333,1,GL8_12,33.40887396880618,33.42660865268775,-0.017578349917401922,6.023699798492311e-12
2,21,0.5,1,GL8_12,-3.069398176469491,-3.001555821778524,-0.06559223303196104,5.8767824697713725e-12
2,22,-1.0,1,back_32_48,103.94158121619093,103.94158121618962,1.307398633799439e-12,9.219232232555457e-16
2,21,0.5773502691896258,1,GL8_12,-29.737084469422783,-29.609192700396605,-0.12005138831384823,6.887395124761448e-12
2,22,-0.816496580927726,1,GL8_12,99.87431041415599,99.87431992565709,-9.511455870769693e-06,1.2059729200074338e-14
2,22,-0.7071067811865475,1,GL8_12,97.0381726784184,97.03819081791806,-1.813933513905775e-05,7.216096442763671e-12
2,21,0.7071067811865475,1,GL8_12,-106.03251878872835,-105.65459945035336,-0.31471422529922566,5.123976442390643e-12
2,21,0.816496580927726,1,GL8_12,-254.05101459701734,-253.05491930129648,-0.6306812902700356,5.620459562485143e-12
2,22,-0.5773502691896258,1,GL8_12,93.16934849728946,93.16938842943284,-3.993134610295831e-05,8.613489823860826e-12
2,22,-0.5,1,GL8_12,90.54794764868862,90.54801236972735,-6.47189443644356e-05,1.0046036499287605e-11
2,22,-0.3333333333333333,1,GL8_12,83.87680697459666,83.8769963384641,-0.00018934593922914647,7.83189779844829e-12
2,22,0.0,1,GL8_12,63.93841543327783,63.94028121808333,-0.001864045311034462,6.058283716220034e-12
2,22,0.3333333333333333,1,GL8_12,24.26527602586529,24.28730535850559,-0.02178845889689593,5.9562509504799065e-12
2,22,0.5,1,GL8_12,-15.282849214286799,-15.20279061315047,-0.07693774769522385,6.157001297882034e-12
2,22,0.5773502691896258,1,GL8_12,-44.19975396515831,-44.05247917900198,-0.13694321122794778,5.344065174960456e-12
2,23,-1.0,1,back_32_48,100.81201216538057,100.81201216538048,8.526512829121566e-14,1.0512612819558747e-15
2,23,-0.816496580927726,1,GL8_12,96.4226593367044,96.4226742658534,-1.4929037564060626e-05,1.574698024106551e-14
2,22,0.7071067811865475,1,GL8_12,-126.93970556961865,-126.52181584228636,-0.34156516821291827,5.279262535153699e-12
2,22,0.816496580927726,1,GL8_12,-287.4751813428514,-286.40627206942463,-0.6566171499663416,6.061658613243478e-12
2,23,-0.7071067811865475,1,GL8_12,93.36162400078112,93.36165193884003,-2.7937668642396077e-05,1.1121607179314261e-11
2,23,-0.5773502691896258,1,GL8_12,89.18563203162446,89.18569211630307,-6.008287356036886e-05,8.252233473551185e-12
2,23,-0.5,1,GL8_12,86.35586679729354,86.35596278560809,-9.59837078104076e-05,8.20322700022924e-12
2,23,-0.3333333333333333,1,GL8_12,79.15366095076527,79.15393276924502,-0.0002717815404499268,6.665517110290605e-12
2,23,0.0,1,GL8_12,57.622051151582475,57.62453973033835,-0.0024854848108017756,7.437419287934523e-12
2,23,0.3333333333333333,1,GL8_12,14.759089364320296,14.786033860544102,-0.02658473175182748,5.138861096302988e-12
2,24,-1.0,1,back_32_48,97.56853255858826,97.5685325585887,-4.405364961711651e-13,1.0299305452056723e-15
2,23,0.5,1,GL8_12,-27.9838125212642,-27.890455211908602,-0.08913201950717503,6.569880844973079e-12
2,23,0.5773502691896258,1,GL8_12,-59.2412423547931,-59.073345324534415,-0.15455911496796618,5.122651212071078e-12
2,24,-0.816496580927726,1,GL8_12,92.84484963578134,92.84487243837512,-2.2802333798684856e-05,3.8965257255154497e-14
2,23,0.7071067811865475,1,GL8_12,-148.68670116922732,-148.2277383997532,-0.3680612281256621,5.081851320375214e-12
2,23,0.816496580927726,1,GL8_12,-322.2459775960659,-321.10346481487693,-0.680983604571036,6.1848177388550965e-12
2,24,-0.7071067811865475,1,GL8_12,89.55033911615814,89.55038103710937,-4.1920072562212015e-05,9.793542793956196e-12
2,24,-0.5773502691896258,1,GL8_12,85.05543264276818,85.05552083918448,-8.819252711039361e-05,1.2939243955118982e-11
2,24,-0.3333333333333333,1,GL8_12,74.25562455794066,74.25600615108316,-0.0003815203450891793,9.87770397973858e-12
2,24,-0.5,1,GL8_12,82.00931568769506,82.00945467715695,-0.00013897980330040047,9.254572599007563e-12
2,24,0.0,1,GL8_12,51.069114288789166,51.07237279422011,-0.003253202263817192,7.789695902352208e-12
2,24,0.3333333333333333,1,GL8_12,4.892116473790459,4.924638668842931,-0.03199903523933013,5.6459530435145634e-12
2,25,-1.0,1,back_32_48,94.21236231784971,94.2123623178486,1.1084466677863706e-12,1.002632195654179e-15
2,24,0.5,1,GL8_12,-41.16911701360118,-41.061288614981606,-0.10221835621791836,5.6458513625624475e-12
2,24,0.5773502691896258,1,GL8_12,-74.85686345376523,-74.6669212950558,-0.1729930322897101,5.551384108341627e-12
2,24,0.816496580927726,1,GL8_12,-358.3460580218899,-357.12778308041845,-0.7042601042290103,6.641445324443652e-12
2,25,-0.816496580927726,1,GL8_12,89.14218225496947,89.14221627269865,-3.4017150581160635e-05,3.050241110654676e-12
2,24,0.7071067811865475,1,GL8_12,-171.26384779078273,-170.76208185878386,-0.3945394870063789,5.927254200318014e-12
2,25,-0.7071067811865475,1,GL8_12,85.60567221812549,85.60573371379975,-6.149378343928705e-05,1.1251769345753168e-11
2,25,-0.5773502691896258,1,GL8_12,80.78017297684099,80.78029968200019,-0.00012669713244409578,8.560898924779922e-12
2,25,-0.3333333333333333,1,GL8_12,69.18426818998793,69.1847935918983,-0.000525263910951721,7.856489406577598e-12
2,25,0.0,1,GL8_12,44.28145775347247,44.28565646942619,-0.004189913669629489,6.2136051176000526e-12
2,25,-0.5,1,GL8_12,77.50976085970412,77.50995795984943,-0.00019708072235673498,1.036707903040193e-11
2,25,0.3333333333333333,1,GL8_12,-5.331128871767568,-5.292221231059187,-0.03816046013731419,5.380585205446769e-12
2,25,0.5,1,GL8_12,-54.82593187843635,-54.70176752265152,-0.11676533577365997,5.611947573009622e-12
2,25,0.5773502691896258,1,GL8_12,-91.02573638843155,-90.81099209302697,-0.1932522970999886,7.345610571886611e-12
2,25,0.816496580927726,1,GL8_12,-395.7047262545012,-394.40373315436636,-0.7277387239789291,6.201010893593568e-12
2,25,0.7071067811865475,1,GL8_12,-194.62796330437783,-194.07851193459067,-0.42273357067683126,6.035186285122509e-12
2,26,-1.0,1,back_32_48,90.74505020483545,90.74505020483501,4.4053649617135915e-13,1.3422350480399197e-15
2,26,-0.816496580927726,1,GL8_12,85.31632749263647,85.31637722734487,-4.973347164775738e-05,1.1570230464706679e-11
2,26,-0.7071067811865475,1,GL8_12,81.52937531247441,81.52946378874331,-8.847235499009082e-05,9.135222744974479e-12
2,26,-0.5773502691896258,1,GL8_12,76.36171243891508,76.36189113057539,-0.0001786756959056664,9.659575114825728e-12
2,26,-0.5,1,GL8_12,72.8591320884012,72.85940662379842,-0.0002744977158306466,1.071192172167265e-11
2,26,-0.3333333333333333,1,GL8_12,63.94169336650121,63.94240478245344,-0.0007111629558947951,8.551493682332097e-12
2,26,0.0,1,GL8_12,37.261998504852414,37.26734321780964,-0.005330455391102724,6.758833370591683e-12
2,26,0.3333333333333333,1,GL8_12,-15.889590121714164,-15.842631048811342,-0.04587355358291987,5.797694110091722e-12
2,26,0.5,1,GL8_12,-68.89231099642849,-68.74656920850843,-0.13561913204674136,5.918430459515601e-12
2,27,-1.0,1,back_32_48,87.16858521134189,87.16858521133969,2.2026824808587364e-12,1.261248503391219e-15
2,26,0.5773502691896258,1,GL8_12,-107.6559774185828,-107.40846098515003,-0.21926260948991053,5.434108278442389e-12
2,26,0.7071067811865475,1,GL8_12,-218.6298259874593,-218.02063230408788,-0.4562108414082929,6.773782894369626e-12
2,26,0.816496580927726,1,GL8_12,-434.13544209177206,-432.73957539622563,-0.7523816663672576,5.9440707165193035e-12
2,27,-0.816496580927726,1,GL8_12,81.36946046310153,81.36953195361045,-7.148795352988034e-05,1.1384604727196926e-11
2,27,-0.7071067811865475,1,GL8_12,77.32375190048529,77.32387713710678,-0.0001252287797073514,1.1249543106474184e-11
2,27,-0.5773502691896258,1,GL8_12,71.80252769934634,71.80277583023127,-0.0002481001030049298,9.485505503683706e-12
2,27,-0.5,1,GL8_12,68.06002245804743,68.060399149652,-0.00037662066519721256,9.24207093889644e-12
2,27,-0.3333333333333333,1,GL8_12,58.5307934718863,58.53174354839831,-0.000949625332219369,8.091387690958413e-12
2,27,0.0,1,GL8_12,30.01909106037086,30.025933886050296,-0.006819466858277367,6.300753446258877e-12
2,27,0.3333333333333333,1,GL8_12,-26.678194481228104,-26.617718719971833,-0.05868341492663804,5.661805009895424e-12
2,27,0.5,1,GL8_12,-83.16201974643577,-82.98304872304654,-0.16386987273674272,5.721455799661003e-12
2,27,0.5773502691896258,1,GL8_12,-124.51252765446365,-124.21982828806075,-0.25375354626677643,5.352011324379018e-12
2,28,-1.0,1,back_32_48,83.50517011896885,83.50517011896818,6.679101716147172e-13,1.6637385001059554e-15
2,27,0.7071067811865475,1,GL8_12,-243.0515603783051,-242.37583650386728,-0.49121201134486425,6.041926289793719e-12
2,27,0.816496580927726,1,GL8_12,-473.49834477452976,-472.009005018234,-0.7744784944503972,5.9807779854620826e-12
2,28,-0.816496580927726,1,GL8_12,77.31805900907743,77.31816089854942,-0.00010188428143600496,1.2437516052083279e-11
2,28,-0.7071067811865475,1,GL8_12,73.00238799125434,73.0025636338057,-0.00017562712711917644,9.775826674981112e-12
2,28,-0.5773502691896258,1,GL8_12,67.11334657920136,67.11368779821356,-0.0003411608036128604,1.0246872626887297e-11
2,28,-0.5,1,GL8_12,63.12177403631891,63.12228585086301,-0.0005116835893761214,9.371811280772611e-12
2,28,-0.3333333333333333,1,GL8_12,52.95897671665007,52.960237334822075,-0.0012598239266984651,7.909364417744127e-12
2,28,0.0,1,GL8_12,22.6032959933947,22.61300279518766,-0.009659842855628998,6.641436814375617e-12
2,28,0.3333333333333333,1,GL8_12,-37.40983438813977,-37.32682352883788,-0.07965884709656519,5.481449140102456e-12
2,28,0.5,1,GL8_12,-97.42680640232216,-97.21231163044543,-0.19305096945012318,6.685188084186118e-12
2,29,-1.0,1,back_32_48,77.78854837612876,77.78854837612928,-5.258016244623359e-13,2.4513949370988004e-15
2,28,0.5773502691896258,1,GL8_12,-141.49090496352528,-141.15687175507918,-0.2839699964113961,7.190558787496555e-12
2,28,0.7071067811865475,1,GL8_12,-267.97830879258254,-267.2434120359123,-0.5204450327292326,7.1572763302756415e-12
2,28,0.816496580927726,1,GL8_12,-514.0396689558163,-512.4094921806621,-0.8041050582925946,6.072150519744387e-12
2,29,-0.816496580927726,1,GL8_12,71.00750057010944,71.00766973343258,-0.00016914901582781158,1.5499553129504407e-11
2,29,-0.5773502691896258,1,GL8_12,59.821568236491075,59.82210985017377,-0.0005414670364780972,9.367393441871917e-12
2,29,-0.7071067811865475,1,GL8_12,66.27710715341695,66.27739276971681,-0.00028557551541018804,9.46202021704052e-12
2,29,-0.5,1,GL8_12,55.44606751900246,55.446875610403715,-0.0008077649833285221,9.74913973648291e-12
2,29,-0.3333333333333333,1,GL8_12,44.32594266010635,44.328210001255705,-0.0022647726729826748,8.19889521501302e-12
2,29,0.0,1,GL8_12,11.770313666393214,11.793065276956227,-0.022494744398859345,5.326169041461183e-12
2,29,0.3333333333333333,1,GL8_12,-53.346690339925146,-53.239172151340625,-0.10193981214138045,5.637826129044885e-12
2,29,0.5,1,GL8_12,-119.31324452756864,-119.06559386962961,-0.21936739654802442,6.22601251537402e-12
2,29,0.5773502691896258,1,GL8_12,-167.78647021987388,-167.4091781626385,-0.3142842236056237,6.063863159690257e-12
2,30,-1.0,1,back_32_48,69.83591344283263,69.83591344283329,-6.536993168990785e-13,4.365811309858902e-15
2,29,0.7071067811865475,1,GL8_12,-306.90520059108013,-306.07718646645344,-0.5630839137457561,6.414522045204849e-12
2,29,0.816496580927726,1,GL8_12,-577.4896764676955,-575.5966187887273,-0.8493894147600133,7.011939560051699e-12
2,30,-0.816496580927726,1,GL8_12,62.232443771796206,62.232776911120865,-0.00033308383991646285,1.3003785862800694e-11
2,30,-0.7071067811865475,1,GL8_12,56.92938792146646,56.9299637082965,-0.0005756210966144133,8.314373598317626e-12
2,30,-0.5773502691896258,1,GL8_12,49.751450595771836,49.75341099101556,-0.0019584749240389517,8.329295641077412e-12
2,30,-0.5,1,GL8_12,45.056850205025285,45.06148859741302,-0.004627651658750451,7.974740475880532e-12
2,30,-0.3333333333333333,1,GL8_12,33.651767715049296,33.66346688901745,-0.011631004732608441,8.111728988489487e-12
2,30,0.0,1,GL8_12,-1.9136121239696209,-1.8827421998906715,-0.030398313293874647,6.2748228949378075e-12
2,30,0.3333333333333333,1,GL8_12,-75.8843516346699,-75.76170463985159,-0.1154241326826094,5.5691687574294445e-12
2,30,0.5,1,GL8_12,-150.51376515661474,-150.2288453431632,-0.24792544183543336,6.565854024200329e-12
2,30,0.5773502691896258,1,GL8_12,-205.25475701130256,-204.8158580646454,-0.355254069930574,6.218028769553722e-12
2,31,-1.0,1,back_32_48,59.50754419870857,59.50754420532989,-6.621320358951989e-09,4.270265266962818e-13
2,30,0.7071067811865475,1,GL8_12,-362.2116736107544,-361.2218724849848,-0.628349404600915,6.12038702141705e-12
2,30,0.816496580927726,1,GL8_12,-667.3040356753612,-665.0196732780041,-0.8981610257908721,6.2991526754503625e-12
2,31,-0.7071067811865475,1,GL8_12,46.82946141399734,46.839668739033534,-0.010155407091927464,9.141221587910278e-12
2,31,-0.816496580927726,1,GL8_12,51.19723094189601,51.20387696626263,-0.00662398839091147,9.735858549345208e-12
2,31,-0.5773502691896258,1,GL8_12,40.0340658424753,40.04237820722466,-0.008277912571272937,6.795633029797898e-12
2,31,-0.5,1,GL8_12,34.94718623351442,34.95549701239446,-0.008276339828393129,8.665377111051087e-12
2,31,-0.3333333333333333,1,GL8_12,21.304586674757697,21.31529388568186,-0.010650092781709036,7.47519273105814e-12
2,31,0.0,1,GL8_12,-21.166556679409666,-21.13296747827016,-0.03303134732140604,7.229355177383857e-12
2,31,0.3333333333333333,1,GL8_12,-107.13376229155544,-106.961669852443,-0.15809865504172588,7.061715871822035e-12
2,31,0.5,1,GL8_12,-193.30592343297826,-192.8688630095284,-0.35406759923257103,6.48090081574283e-12
2,31,0.5773502691896258,1,GL8_12,-256.4341249967157,-255.74597541167594,-0.49749494783500314,7.896482448688473e-12
2,32,-1.0,1,back_32_48,50.24870209250763,50.26121597826308,-0.012435912674738168,7.898503257172821e-12
2,31,0.7071067811865475,1,GL8_12,-437.31995808677044,-435.7843310610828,-0.7846793627376083,6.224928261720939e-12
2,31,0.816496580927726,1,GL8_12,-788.7380784481763,-785.4154060003702,-0.9639436558154363,7.623661903241612e-12
2,32,-0.816496580927726,1,GL8_12,37.81981453686423,37.81991709791744,-0.00010255579400602789,1.0473871645838591e-11
2,32,-0.7071067811865475,1,GL8_12,30.09686382274579,30.098059916556235,-0.0011953787753555658,7.663855320192544e-12
2,32,-0.5773502691896258,1,GL8_12,19.67736554213054,19.680510729213538,-0.003140246163498761,7.2588438982869276e-12
2,32,-0.5,1,GL8_12,12.650415881429588,12.65536644602296,-0.004938330744953577,7.750346121418435e-12
2,32,-0.3333333333333333,1,GL8_12,-5.182043974319555,-5.17007787385608,-0.011894791397208155,8.01270910383953e-12
2,32,0.0,1,GL8_12,-58.39196484583994,-58.32934528262831,-0.06069924971500091,6.360719378008243e-12
2,32,0.3333333333333333,1,GL8_12,-164.4693733972769,-164.14629625825467,-0.2760819901134201,9.115390545755563e-12
2,32,0.5,1,GL8_12,-270.47352529559095,-269.7312460911346,-0.5239722863331345,8.81050367808555e-12
3,32,-1.0,1,back_32_48,59.52030177040542,59.5203003620165,1.4083899101581613e-06,4.416353454474533e-12
2,32,0.5773502691896258,1,GL8_12,-348.07313682328066,-346.97190743507014,-0.667537892640989,7.472698089733155e-12
2,32,0.7071067811865475,1,GL8_12,-570.3183842802702,-568.1052844073662,-0.8906388830281675,7.507711883654279e-12
2,32,0.816496580927726,1,GL8_12,-1001.9301855522469,-997.4954150313788,-0.9881422132899577,1.0552982106948935e-11
3,32,-0.816496580927726,1,GL8_12,51.229182216406514,51.23600534156263,-0.006799900489292434,8.980175342498808e-12
3,32,-0.7071067811865475,1,GL8_12,46.88294426809487,46.89307192330265,-0.010076543201564188,6.429117288252937e-12
3,32,-0.5773502691896258,1,GL8_12,40.08253398897359,40.09075434725467,-0.008186663526814818,7.183179811872593e-12
3,32,-0.5,1,GL8_12,34.9929767949681,35.00119885637548,-0.008188352708748676,6.285650795354948e-12
3,32,-0.3333333333333333,1,GL8_12,21.347470771669293,21.358079958455683,-0.010553107856743077,6.1569667993793204e-12
3,32,0.0,1,GL8_12,-21.121486507750248,-21.088085722946758,-0.032849137465708396,5.835428620077466e-12
3,32,0.3333333333333333,1,GL8_12,-107.0754313069691,-106.90376815524944,-0.1577371598212428,6.578999934180609e-12
3,32,0.5,1,GL8_12,-193.23231438308238,-192.79587496625396,-0.3536663463572477,7.169375610273719e-12
3,32,0.5773502691896258,1,GL8_12,-256.34899395942034,-255.66157007429865,-0.4971301476080828,7.44344592936075e-12
3,32,0.7071067811865475,1,GL8_12,-437.2012837053653,-435.6666237351184,-0.7844710350278625,7.377409516285025e-12
4,32,-1.0,1,back_32_48,69.84774958624553,69.84774958624617,-6.394884621838857e-13,4.116474289677156e-15
3,32,0.816496580927726,1,GL8_12,-788.5535485046497,-785.2323250197112,-0.963891373643256,7.990860443305988e-12
4,32,-0.816496580927726,1,GL8_12,62.24621650473872,62.24654883461933,-0.00033227466515569037,6.8227394508028694e-12
4,32,-0.5773502691896258,1,GL8_12,49.771717533145996,49.77371297392356,-0.0019934512091897964,6.74692955499704e-12
4,32,-0.7071067811865475,1,GL8_12,56.94462158817939,56.94519754909443,-0.0005757950813946827,8.224632898113265e-12
4,32,-0.5,1,GL8_12,45.08657684391882,45.09129195320921,-0.004704010613254476,5.647956521813021e-12
4,32,-0.3333333333333333,1,GL8_12,33.702557260268634,33.71424304705351,-0.011617773167153886,6.361922367918058e-12
4,32,0.0,1,GL8_12,-1.8512503565790936,-1.8205641314356882,-0.030220182135373953,5.286676627304846e-12
4,32,0.3333333333333333,1,GL8_12,-75.80250628694809,-75.6803812903482,-0.11496226511927979,4.915561619939484e-12
4,32,0.5,1,GL8_12,-150.41016780133344,-150.12613295785542,-0.24725958384489716,5.617413536586361e-12
4,32,0.5773502691896258,1,GL8_12,-205.13479910767546,-204.69701288176333,-0.3545362484655603,5.372609096745466e-12
5,32,-1.0,1,back_32_48,77.80020941816531,77.80020941816584,-5.258016244623359e-13,2.137840769197183e-15
4,32,0.7071067811865475,1,GL8_12,-362.04418746299825,-361.05597815728936,-0.6277573326165575,6.391774468302569e-12
4,32,0.816496580927726,1,GL8_12,-667.0433959151328,-664.7613504891938,-0.8979247942331833,6.628492892146422e-12
5,32,-0.816496580927726,1,GL8_12,71.02096259133813,71.02113116298862,-0.00016855744308854798,8.520926818752739e-12
5,32,-0.7071067811865475,1,GL8_12,66.29183092754494,66.29211558035051,-0.00028461229580951675,5.842021500972454e-12
5,32,-0.5773502691896258,1,GL8_12,59.838025667128406,59.83856559785819,-0.0005397849934202968,5.321225460765305e-12
5,32,-0.5,1,GL8_12,55.46373226470227,55.4645383874486,-0.000805797916674836,5.518521584300619e-12
5,32,-0.3333333333333333,1,GL8_12,44.3477860631436,44.35006343562251,-0.00227478123365387,5.899894072200216e-12
5,32,0.0,1,GL8_12,11.82517228622865,11.848007534603362,-0.02257649738049383,4.7674679152972115e-12
5,32,0.3333333333333333,1,GL8_12,-53.25584151008201,-53.14866319700069,-0.10163453160737847,5.285632806171682e-12
6,32,-1.0,1,back_32_48,83.5165753941421,83.51657539414143,6.679101716147172e-13,1.6319410278935265e-15
5,32,0.5773502691896258,1,GL8_12,-167.6496002977505,-167.27331415650718,-0.31359410409722277,6.448492607038521e-12
5,32,0.5,1,GL8_12,-119.19567420045631,-118.94876396545875,-0.2187891842251459,5.419326359424592e-12
5,32,0.7071067811865475,1,GL8_12,-306.7129784513732,-305.8865807284041,-0.5623771107748476,6.873645544764369e-12
5,32,0.816496580927726,1,GL8_12,-577.1896149597463,-575.2990583359724,-0.8490122579250489,6.889167135701175e-12
6,32,-0.816496580927726,1,GL8_12,77.33123903749254,77.33134052296796,-0.00010148032594932791,8.307007713804722e-12
6,32,-0.7071067811865475,1,GL8_12,73.01680555765031,73.01698052027965,-0.00017494732426215324,7.445192095966016e-12
6,32,-0.5773502691896258,1,GL8_12,67.12945352652493,67.12979347077004,-0.0003398864706146289,6.016033708786853e-12
6,32,-0.5,1,GL8_12,63.139027029552636,63.1395369815894,-0.0005098220333246162,5.5754012953049824e-12
6,32,-0.3333333333333333,1,GL8_12,52.97916541259694,52.98042197177108,-0.001255770034227024,5.44030319757602e-12
6,32,0.0,1,GL8_12,22.635287843334524,22.645025854962107,-0.009690750725834427,4.202152661194872e-12
6,32,0.3333333333333333,1,GL8_12,-37.334420575554404,-37.2511675086688,-0.07988173370989542,5.312640284294926e-12
6,32,0.5,1,GL8_12,-97.31531457446768,-97.10085776814024,-0.19302033260535556,5.5449547608606504e-12
7,32,-1.0,1,back_32_48,87.17970978412595,87.17970978412376,2.1884716261435033e-12,1.2852712667787425e-15
6,32,0.5773502691896258,1,GL8_12,-141.35651322281973,-141.02278644440497,-0.2837505496941381,6.124387480331346e-12
6,32,0.7071067811865475,1,GL8_12,-267.7826651561627,-267.048759362395,-0.5199695760058487,5.739336647889252e-12
7,32,-0.816496580927726,1,GL8_12,81.38234932412843,81.38242051252126,-7.118585900397405e-05,8.82102952850379e-12
6,32,0.816496580927726,1,GL8_12,-513.7288967218741,-512.1007347011273,-0.8037099802364265,6.483442275459579e-12
7,32,-0.7071067811865475,1,GL8_12,77.33786931705633,77.33799403516826,-0.0001247103349535215,6.097946255218438e-12
7,32,-0.5773502691896258,1,GL8_12,71.81831997872703,71.8185671133268,-0.0002471040645208472,6.459557250984479e-12
7,32,-0.5,1,GL8_12,68.0769493727633,68.07732458498013,-0.0003751418335372291,5.5297965710683126e-12
7,32,-0.3333333333333333,1,GL8_12,58.550609315264964,58.551555882913135,-0.0009461197943338743,5.486791387936501e-12
7,32,0.0,1,GL8_12,30.04788267797996,30.054711557839255,-0.006805616044615785,4.6638722882927336e-12
7,32,0.3333333333333333,1,GL8_12,-26.622796020083214,-26.562142143775546,-0.05885106264783548,4.263378000579899e-12
7,32,0.5,1,GL8_12,-83.07271822091833,-82.89327360109216,-0.1642657672313163,5.7019736665551846e-12
7,32,0.5773502691896258,1,GL8_12,-124.39907401203904,-124.10585450700164,-0.2541415969493963,6.196507012869357e-12
7,32,0.7071067811865475,1,GL8_12,-242.87385882734463,-242.19788546997006,-0.49133892943384383,6.335237272196025e-12
7,32,0.816496580927726,1,GL8_12,-473.2038744320067,-471.715027620157,-0.774367297472063,6.554118987623877e-12
8,32,-1.0,1,back_32_48,90.75580272949124,90.7558027294908,4.4053649617135915e-13,1.386587733491776e-15
8,32,-0.816496580927726,1,GL8_12,85.32883080514611,85.32888031819621,-4.951182434997858e-05,7.95609272041681e-12
8,32,-0.7071067811865475,1,GL8_12,81.54309697560818,81.54318506454334,-8.808505544144296e-05,6.819385385054391e-12
8,32,-0.5773502691896258,1,GL8_12,76.37709399891911,76.37727192940295,-0.00017791465515390028,5.85205240180564e-12
8,32,-0.5,1,GL8_12,72.87563746901796,72.87591085809146,-0.00027335170611132167,5.796061566912964e-12
8,32,-0.3333333333333333,1,GL8_12,63.96105738179608,63.961765984216555,-0.0007083514210684926,5.10779316714555e-12
8,32,0.0,1,GL8_12,37.28993846628903,37.295265960063716,-0.005313327847187891,4.55449694730448e-12
8,32,0.3333333333333333,1,GL8_12,-15.84288795080829,-15.795972567975838,-0.04583186682069148,4.404030102323781e-12
9,32,-1.0,1,back_32_48,94.22264511685879,94.22264511685769,1.094235813071153e-12,1.0446693869622974e-15
8,32,0.7071067811865475,1,GL8_12,-218.48785382499403,-217.87790698870526,-0.4566202436089288,6.726497239798966e-12
8,32,0.5773502691896258,1,GL8_12,-107.56836530450316,-107.32055919927366,-0.21948873434002159,4.837089589639034e-12
8,32,0.5,1,GL8_12,-68.82292479972612,-68.6770812382325,-0.13570709870017494,4.276841240437233e-12
9,32,-0.816496580927726,1,GL8_12,89.15419745059236,89.15423130936824,-3.385820267714273e-05,4.2581954726172105e-12
8,32,0.816496580927726,1,GL8_12,-433.88800533758445,-432.4910823786978,-0.7526430784511345,6.798870076117166e-12
9,32,-0.7071067811865475,1,GL8_12,85.61889250499911,85.61895371782427,-6.121095169216331e-05,7.710067582327574e-12
9,32,-0.5773502691896258,1,GL8_12,80.7950345116444,80.79516064827934,-0.00012612868004168508,6.280936523669905e-12
9,32,-0.5,1,GL8_12,77.5257332285143,77.5259294603661,-0.00019621259959199723,5.000275608982881e-12
9,32,-0.3333333333333333,1,GL8_12,69.20306492763898,69.2035881290827,-0.000523064597718553,5.965542476475725e-12
9,32,0.0,1,GL8_12,44.30869635748878,44.31288017688547,-0.004175079417401901,4.101205409602217e-12
9,32,0.3333333333333333,1,GL8_12,-5.286818522799372,-5.248003356945333,-0.03807151005320617,4.180722281044178e-12
10,32,-1.0,1,back_32_48,97.57824844025848,97.57824844025892,-4.405364961711651e-13,1.0024848472369107e-15
9,32,0.5,1,GL8_12,-54.76369999447442,-54.63971262767416,-0.11660899913278389,4.679918116159714e-12
9,32,0.5773502691896258,1,GL8_12,-90.94978941712596,-90.73524526021389,-0.19309081967250355,4.95735985771286e-12
10,32,-0.816496580927726,1,GL8_12,92.85627321762402,92.85629590896396,-2.2691082489425094e-05,2.9179712765696614e-14
9,32,0.7071067811865475,1,GL8_12,-194.510913760219,-193.96156605876928,-0.42267372332376446,5.789313976285414e-12
9,32,0.816496580927726,1,GL8_12,-395.5046506003889,-394.20342342315683,-0.7278024466498052,7.237285391435552e-12
10,32,-0.7071067811865475,1,GL8_12,89.56295030821445,89.56299202745878,-4.1718374086708736e-05,7.0242626860090475e-12
10,32,-0.5773502691896258,1,GL8_12,85.06966090352941,85.06974868502365,-8.777764156152097e-05,7.10180136446144e-12
10,32,-0.5,1,GL8_12,82.02463819460739,82.0247765412015,-0.00013833702466441291,5.956033106943172e-12
10,32,0.0,1,GL8_12,51.095525445040586,51.0987716644494,-0.0032409561353774667,5.362205312555656e-12
10,32,-0.3333333333333333,1,GL8_12,74.27372852870168,74.27410843867804,-0.00037983781970262533,4.933578706889316e-12
10,32,0.3333333333333333,1,GL8_12,4.935133497393288,4.967565621284926,-0.03191184234202209,5.10649844240137e-12
10,32,0.5,1,GL8_12,-41.1093445232367,-41.00174175978671,-0.10201576224917071,4.685902663180788e-12
10,32,0.5773502691896258,1,GL8_12,-74.7846978465741,-74.59508600383204,-0.17271981356138683,5.1442233417076375e-12
11,32,-1.0,1,back_32_48,100.8210666076885,100.82106660768838,1.136868377216225e-13,1.0007862495752033e-15
11,32,-0.816496580927726,1,GL8_12,96.43338982978997,96.43340468310868,-1.4853208392997692e-05,1.4701102754628274e-14
10,32,0.7071067811865475,1,GL8_12,-171.15570792838815,-170.6545072982152,-0.39419712231227944,4.838083638158068e-12
10,32,0.816496580927726,1,GL8_12,-358.16691135196794,-356.9494562567242,-0.704017543573441,5.695819842642367e-12
11,32,-0.7071067811865475,1,GL8_12,93.37351986052329,93.37354765838545,-2.779747580268271e-05,7.425830307020583e-12
11,32,-0.5773502691896258,1,GL8_12,89.19911439313854,89.19917418238512,-5.9787459236297755e-05,7.708522275303264e-12
11,32,-0.5,1,GL8_12,86.37042255596423,86.37051807965975,-9.551913327774848e-05,5.830889362348996e-12
11,32,-0.3333333333333333,1,GL8_12,79.17094465049345,79.17121521066179,-0.00027052357023010613,4.872741678734066e-12
11,32,0.0,1,GL8_12,57.64747854019069,57.64995720905682,-0.0024755995029603173,4.668723938130299e-12
11,32,0.3333333333333333,1,GL8_12,14.800768695175535,14.827633115427481,-0.026506781457269302,5.026083696427063e-12
11,32,0.5,1,GL8_12,-27.925839478220496,-27.832699045101705,-0.08893445246431488,4.561120113446479e-12
12,32,-1.0,1,back_32_48,103.94988385904995,103.94988385904864,1.307398633799439e-12,8.866255388883827e-16
12,32,-0.816496580927726,1,GL8_12,99.88425032812543,99.88425978944397,-9.461273782937684e-06,1.078898306681023e-14
12,32,-0.7071067811865475,1,GL8_12,97.04925078371096,97.04926882849183,-1.8044618067004144e-05,6.06252962874528e-12
11,32,0.5773502691896258,1,GL8_12,-59.171309795093634,-59.003747661759135,-0.1542759320000813,4.883002343810502e-12
11,32,0.7071067811865475,1,GL8_12,-148.58241657001082,-148.12410882408182,-0.3676471577529014,5.389291544930375e-12
11,32,0.816496580927726,1,GL8_12,-322.0747445585612,-320.93336379122974,-0.6806222691108348,6.656239143432948e-12
12,32,-0.5773502691896258,1,GL8_12,93.18197585963101,93.18201558703504,-3.972661490671148e-05,5.829677256246877e-12
12,32,-0.5,1,GL8_12,90.56162306385417,90.56168745780825,-6.439188083037686e-05,6.064634894673159e-12
12,32,-0.3333333333333333,1,GL8_12,83.89314546201797,83.89333390806051,-0.00018842828770279684,5.040272250840762e-12
12,32,0.0,1,GL8_12,63.96270088738453,63.96455884586592,-0.001856233544987748,4.3356608220013126e-12
12,32,0.3333333333333333,1,GL8_12,24.30541183066915,24.327371716444034,-0.021720522812704417,4.1941563130542816e-12
13,32,-1.0,1,back_32_48,106.96373737711058,106.96373737711,5.826450433234519e-13,8.705746613356292e-16
12,32,0.5,1,GL8_12,-15.226835123532652,-15.146975028391125,-0.07675449611689865,4.574697655249059e-12
13,32,-0.816496580927726,1,GL8_12,103.20783741566916,103.20784325528871,-5.839602496487233e-06,6.5518347575415155e-15
12,32,0.5773502691896258,1,GL8_12,-44.132097505282786,-43.985137871657045,-0.13667117383253857,4.499163995450187e-12
12,32,0.7071067811865475,1,GL8_12,-126.83867140451606,-126.42143081415303,-0.3411376150664946,4.9402533899637235e-12
12,32,0.816496580927726,1,GL8_12,-287.30929096529985,-286.24155629893323,-0.6562135730706282,6.620695303632217e-12
13,32,-0.7071067811865475,1,GL8_12,100.5890907553018,100.58910212175357,-1.1366387174819268e-05,2.3794255458526676e-14
13,32,-0.5773502691896258,1,GL8_12,97.01714892198554,97.0171745792521,-2.5656937417158227e-05,6.6015337976460906e-12
13,32,-0.5,1,GL8_12,94.59711567426655,94.59715790737715,-4.223221879987771e-05,5.570162636941585e-12
13,32,-0.3333333333333333,1,GL8_12,88.43914334738245,88.43927131082172,-0.0001279552522971167,4.70439159492522e-12
13,32,0.0,1,GL8_12,70.03985423932227,70.04121800009543,-0.0013628312740225487,4.427894042977663e-12
13,32,0.3333333333333333,1,GL8_12,33.44724712384688,33.464922634419686,-0.017520215057773927,5.254193774283043e-12
13,32,0.5,1,GL8_12,-3.015617067923337,-2.947953221068822,-0.06542541903475572,4.206395869112496e-12
14,32,-1.0,1,back_32_48,109.86186269010608,109.86186269010477,1.307398633799439e-12,8.654939478274675e-16
13,32,0.5773502691896258,1,GL8_12,-29.672005412506536,-29.544404345727017,-0.1197955480906247,4.05757026296159e-12
13,32,0.7071067811865475,1,GL8_12,-105.93505219863782,-105.55775666963255,-0.3142866042488842,5.295945508116412e-12
14,32,-0.816496580927726,1,GL8_12,106.40335017373523,106.40335364829983,-3.4745585570827967e-06,6.675714193686114e-15
14,32,-0.7071067811865475,1,GL8_12,103.99221604611134,103.99222296095678,-6.914821535418236e-06,8.781649884655132e-15
13,32,0.816496580927726,1,GL8_12,-253.8906417475365,-252.89570429502044,-0.6302534294615058,5.402024616151416e-12
14,32,-0.5773502691896258,1,GL8_12,100.70378193636964,100.70379797321645,-1.603671822629622e-05,6.41457436736466e-12
14,32,-0.5,1,GL8_12,98.47603169617084,98.47605853544374,-2.6838912735413914e-05,6.498294056064325e-12
14,32,0.0,1,GL8_12,75.87795235343711,75.87892980468042,-0.000976973693455431,4.188099190289187e-12
14,32,-0.3333333333333333,1,GL8_12,92.80803197333557,92.80811638314105,-8.440624307390433e-05,4.934768589609195e-12
14,32,0.3333333333333333,1,GL8_12,42.22514530440509,42.23912449405986,-0.013881934493284384,4.016668423086519e-12
14,32,0.5,1,GL8_12,8.706404150727003,8.762956603386456,-0.054983085455275624,4.4755926825909935e-12
15,32,-1.0,1,back_32_48,112.64365453074691,112.64365453074689,2.842170943040441e-14,7.119024212980728e-16
14,32,0.5773502691896258,1,GL8_12,-15.792745642882991,-15.683236153239008,-0.10372634099618286,4.2559512843154825e-12
15,32,-0.816496580927726,1,GL8_12,109.47015945903777,109.470161439315,-1.9802752721126516e-06,5.0895704278487395e-15
15,32,-0.7071067811865475,1,GL8_12,107.25798311663121,107.2579871559183,-4.039278933563823e-06,1.0096663398708873e-14
14,32,0.816496580927726,1,GL8_12,-221.82349373617438,-220.90080209815545,-0.6025521855937648,5.604964702391335e-12
15,32,-0.5773502691896258,1,GL8_12,104.2412144516481,104.24122410231544,-9.65062076972849e-06,5.17347970719785e-12
14,32,0.7071067811865475,1,GL8_12,-85.87432304294951,-85.53587232349194,-0.2871260906637938,4.704659855035808e-12
15,32,-0.5,1,GL8_12,102.19770079868393,102.1977172453577,-1.6446538522857697e-05,6.198662647262734e-12
15,32,-0.3333333333333333,1,GL8_12,96.99912066740127,96.99917452562397,-5.38567723713935e-05,5.8144374877702604e-12
15,32,0.3333333333333333,1,GL8_12,50.638327102494266,50.64916426405953,-0.010778651083125965,4.450341418112112e-12
15,32,0.0,1,GL8_12,81.47627009579476,81.47695193260029,-0.0006816044076338204,4.623886817552104e-12
15,32,0.5,1,GL8_12,19.938344204442256,19.98487975804199,-0.0454693770330322,4.784456821913726e-12
16,32,-1.0,1,back_32_48,115.30863849837817,115.30863849837705,1.1226575225015886e-12,6.550986650359059e-16
15,32,0.5773502691896258,1,GL8_12,-2.4952955887986263,-2.402554464594381,-0.08857058322616834,4.436694427686147e-12
16,32,-0.816496580927726,1,GL8_12,112.40777604239857,112.40777711465728,-1.0722581371734723e-06,4.094716093516058e-15
16,32,-0.7071067811865475,1,GL8_12,110.38589434570048,110.38589659475966,-2.249056649762032e-06,4.650859306229231e-15
16,32,-0.5773502691896258,1,GL8_12,107.6289397338946,107.62894528922664,-5.555316607114666e-06,1.8908442723768797e-14
16,32,-0.5,1,GL8_12,105.76161142166153,105.76162108117953,-9.659471346700111e-06,5.548242477204208e-12
15,32,0.7071067811865475,1,GL8_12,-66.65770671995601,-66.35688394220517,-0.25979105738308506,4.478606795771597e-12
15,32,0.816496580927726,1,GL8_12,-191.10941684121758,-190.25842748915494,-0.5730077227841591,4.901585479276704e-12
16,32,-0.3333333333333333,1,GL8_12,101.01188966034871,101.01192272840726,-3.306751179986377e-05,5.114366272179914e-12
16,32,0.0,1,GL8_12,86.83428494014842,86.83474605083902,-0.00046100439539815686,3.6171133089392104e-12
16,32,0.3333333333333333,1,GL8_12,58.686267262222465,58.69447928047855,-0.008178391744295122,4.006645069006936e-12
16,32,0.5,1,GL8_12,30.679614696716573,30.717232191917816,-0.03691874635287618,3.988834457464054e-12
16,32,0.5773502691896258,1,GL8_12,10.219694824742156,10.297048767447968,-0.07443780036478731,4.057827309030646e-12
17,32,-1.0,1,back_32_48,117.85645050541005,117.85645050540985,1.9895196601284784e-13,6.469144159058655e-16
17,32,-0.816496580927726,1,GL8_12,115.21582774086497,115.21582828635923,-5.454941107586799e-07,2.9559435288462608e-15
17,32,-0.7071067811865475,1,GL8_12,113.37557359995148,113.3755747820163,-1.1820641224985735e-06,5.299266669161322e-15
16,32,0.7071067811865475,1,GL8_12,-48.28598166441441,-48.02141449691655,-0.2324619064770827,4.2455074110849935e-12
17,32,-0.5773502691896258,1,GL8_12,110.866578286496,110.86658131990988,-3.0334092890571927e-06,1.0242272320798258e-14
17,32,-0.5,1,GL8_12,109.16738296190815,109.16738835767252,-5.395749818638096e-06,1.885707573623621e-13
16,32,0.816496580927726,1,GL8_12,-161.74926635643715,-160.96937134591616,-0.5415458583599285,4.652891262871941e-12
17,32,-0.3333333333333333,1,GL8_12,104.845959073671,104.8459784845856,-1.9410726213084133e-05,5.417877704534676e-12
17,32,0.0,1,GL8_12,91.95163790409484,91.95193880902795,-0.00030085966576375104,3.51823581314214e-12
17,32,0.3333333333333333,1,GL8_12,66.36864417244766,66.37470640015395,-0.006043889479461845,4.034639585907414e-12
17,32,0.5,1,GL8_12,40.92985565655199,40.95964886738837,-0.0293537680808557,4.1088890314466015e-12
17,32,0.5773502691896258,1,GL8_12,22.351811810185023,22.4152120434542,-0.061432247533832446,4.866520011570087e-12
18,32,-1.0,1,back_32_48,120.2868220206981,120.28682202069773,3.6948222259532036e-13,6.542497343474269e-16
17,32,0.7071067811865475,1,GL8_12,-30.759680844812962,-30.529818477206504,-0.2053570364095624,4.920657400571582e-12
18,32,-0.816496580927726,1,GL8_12,117.89404313050646,117.89404338709423,-2.565877350030625e-07,2.8235805222409053e-15
18,32,-0.5773502691896258,1,GL8_12,113.95385920697814,113.95386076041312,-1.5534337776232948e-06,7.68937025184944e-15
18,32,-0.7071067811865475,1,GL8_12,116.22674892140729,116.22674949993016,-5.785227049300095e-07,3.966293125412575e-15
18,32,-0.5,1,GL8_12,112.41474627323765,112.41474911060665,-2.837364970428549e-06,1.6712019174256012e-14
17,32,0.816496580927726,1,GL8_12,-133.7436154927659,-133.03410307123613,-0.5081160289638781,4.8339500079065445e-12
18,32,-0.3333333333333333,1,GL8_12,108.5010673995599,108.50107820224079,-1.0802622541517937e-05,4.182356496781475e-12
18,32,0.3333333333333333,1,GL8_12,73.68530849396012,73.68965072348612,-0.004332815678000007,3.3311276354354606e-12
18,32,0.0,1,GL8_12,96.82810719482683,96.82829557580348,-0.0001883632340704815,3.812778296382478e-12
18,32,0.5,1,GL8_12,50.68890257836026,50.711948052596576,-0.02278195548142084,4.321579536895405e-12
18,32,0.5773502691896258,1,GL8_12,33.9008419792208,33.95176390566454,-0.049647134936050635,3.73589089943065e-12
19,32,-1.0,1,back_32_48,122.59956979656444,122.59956979656485,-4.121147867407732e-13,5.966990062147548e-16
18,32,0.7071067811865475,1,GL8_12,-14.079145724375543,-13.882239625179288,-0.17873225260636574,4.362559911257434e-12
19,32,-0.816496580927726,1,GL8_12,120.44224027420232,120.44224038306422,-1.0886189134898095e-07,3.1348237418778992e-15
19,32,-0.7071067811865475,1,GL8_12,118.93924058669137,118.93924084507785,-2.5838644505378505e-07,3.666249935722617e-15
19,32,-0.5773502691896258,1,GL8_12,116.89060738326718,116.89060811739392,-7.341264739248193e-07,4.578592662782324e-15
19,32,-0.5,1,GL8_12,115.50353031155055,115.50353169617837,-1.3846268635796382e-06,7.619744107791242e-15
18,32,0.816496580927726,1,GL8_12,-107.09285050938614,-106.452864046118,-0.472700438092486,4.916850330334254e-12
19,32,-0.3333333333333333,1,GL8_12,111.97705686607462,111.9770625024683,-5.636377796237683e-06,4.051387128594891e-12
19,32,0.0,1,GL8_12,101.46359068303593,101.46370300160629,-0.00011231226286462147,3.712698941534546e-12
19,32,0.3333333333333333,1,GL8_12,80.6362635660942,80.6392665519117,-0.002998481365655763,4.1370537723135155e-12
19,32,0.5,1,GL8_12,59.95676893806972,59.974111546139625,-0.017193090631064355,3.9715023940059e-12
19,32,0.5773502691896258,1,GL8_12,44.86675590571191,44.90670188245073,-0.039158654466803916,3.6240067832808475e-12
19,32,0.7071067811865475,1,GL8_12,1.755452212136312,1.9213642422521247,-0.15287924797386263,5.166217797899256e-12
20,32,-1.0,1,back_32_48,124.79458922417926,124.79458922417915,1.136868377216225e-13,5.409804935051898e-16
20,32,-0.816496580927726,1,GL8_12,122.86031946223673,122.86031950206669,-3.9829955428880034e-08,2.7669251696447683e-15
20,32,-0.7071067811865475,1,GL8_12,121.51295343036332,121.51295353217552,-1.0181218549531347e-07,3.151174544200861e-15
20,32,-0.5,1,GL8_12,118.43365357383837,118.43365418755711,-6.137185515027657e-07,5.697782264083447e-15
20,32,-0.5773502691896258,1,GL8_12,119.67673527682625,119.67673558902224,-3.121959447683543e-07,3.2642244587135402e-15
20,32,-0.3333333333333333,1,GL8_12,115.27386408747644,115.27386680130883,-2.713828704817971e-06,2.314229594403937e-12
19,32,0.816496580927726,1,GL8_12,-81.7972054644937,-81.22569387851898,-0.4353287558650408,5.1051886681909865e-12
20,32,0.0,1,GL8_12,105.85809491184199,105.85815808623889,-6.31724014393215e-05,4.611594163361755e-12
20,32,0.5,1,GL8_12,68.73363901139975,68.7462756947087,-0.012557175683035037,3.357277479984582e-12
20,32,0.3333333333333333,1,GL8_12,87.2216541014134,87.22364705347309,-0.001990967449354338,3.6083420982342335e-12
20,32,0.5773502691896258,1,GL8_12,55.24970391103272,55.280183449336135,-0.03001972069367812,3.662816279482955e-12
20,32,0.7071067811865475,1,GL8_12,16.74410574943486,16.881210647445144,-0.1281212370124053,3.8924382492080094e-12
21,32,-1.0,1,back_32_48,126.87185078727299,126.87185078727227,7.247535904755648e-13,4.701693416399167e-16
21,32,-0.816496580927726,1,GL8_12,125.14825935600237,125.14825936739456,-1.1392188460969568e-08,2.681201844266864e-15
21,32,-0.7071067811865475,1,GL8_12,123.94787276470238,123.94787279784914,-3.314676123043591e-08,2.586342672013566e-15
21,32,-0.5773502691896258,1,GL8_12,122.3122385441811,122.3122386585264,-1.1434529113742161e-07,3.169546170778149e-15
21,32,-0.5,1,GL8_12,121.20511952739295,121.20511976583614,-2.384431638743535e-07,3.4959832004163145e-15
21,32,-0.3333333333333333,1,GL8_12,118.39151505587425,118.39151623312287,-1.1772479274085048e-06,1.0875564369773462e-14
20,32,0.816496580927726,1,GL8_12,-57.85677869358129,-57.352435802378935,-0.3960977254269439,4.0726380518500036e-12
21,32,0.0,1,GL8_12,110.01172931136576,110.01176240370609,-3.3091792785654546e-05,3.2243365925083145e-12
21,32,0.3333333333333333,1,GL8_12,93.44176124996673,93.44302068313114,-0.001258640411300327,3.0007533779032323e-12
21,32,0.5773502691896258,1,GL8_12,65.0500215219771,65.07252660367925,-0.02225373143460301,3.159824605867409e-12
21,32,0.5,1,GL8_12,77.01986855287377,77.02873098162303,-0.008823273184097983,4.54912839151395e-12
21,32,0.7071067811865475,1,GL8_12,30.886979133758608,30.997692316759665,-0.10480453061062692,3.406962629186989e-12
22,32,-1.0,1,back_32_48,128.83139932798798,128.8313993279878,1.7053025658243858e-13,4.127622853250905e-16
22,32,-0.816496580927726,1,GL8_12,127.30611621976792,127.30611622149914,-1.7312231633262022e-09,2.5821691745624517e-15
22,32,-0.7071067811865475,1,GL8_12,126.24406355654015,126.24406356396183,-7.421675690892472e-09,2.5579506749714396e-15
22,32,-0.5773502691896258,1,GL8_12,124.79719512073186,124.79719515348552,-3.2753660580256745e-08,2.8309009834863137e-15
21,32,0.816496580927726,1,GL8_12,-35.27153785586893,-34.832728831053714,-0.35519609058218804,4.159431731365815e-12
22,32,-0.5,1,GL8_12,123.81801562672577,123.81801570239013,-7.566435724820222e-08,3.3364651800858253e-15
22,32,-0.3333333333333333,1,GL8_12,121.3301240015096,121.33012444325263,-4.41742928589856e-07,5.646217142749252e-15
22,32,0.0,1,GL8_12,113.92470494173052,113.9247207936097,-1.5851753528931365e-05,3.3187480276783363e-12
22,32,0.3333333333333333,1,GL8_12,99.29700307779538,99.29775333254986,-0.0007499733837515395,3.321586329582278e-12
22,32,0.5,1,GL8_12,84.8159920616061,84.82192921433398,-0.005919562665469904,2.9107833933429064e-12
22,32,0.5773502691896258,1,GL8_12,74.26824344550086,74.28421925484753,-0.015848872973931553,3.4559294173774586e-12
22,32,0.7071067811865475,1,GL8_12,44.18442825628569,44.271386793734365,-0.08328489580775945,3.2129031082651555e-12
23,32,-1.0,1,back_32_48,130.67335603243794,130.67335603243725,6.821210263299288e-13,3.970441205633206e-16
23,32,-0.816496580927726,1,GL8_12,129.33402616291238,129.3340261624468,4.6557602228782856e-10,2.087765537955613e-15
23,32,-0.7071067811865475,1,GL8_12,128.4016727874952,128.40167278761103,-1.1584688763161649e-10,2.4079217180407696e-15
23,32,-0.5773502691896258,1,GL8_12,127.13176769221191,127.13176769739897,-5.187061433578935e-09,2.613571435683067e-15
22,32,0.816496580927726,1,GL8_12,-14.041314346800654,-13.665988149330396,-0.312934876671645,4.6844379278407464e-12
23,32,-0.5,1,GL8_12,126.27251583970644,126.27251585579593,-1.6089486946551767e-08,2.5210082993741294e-15
23,32,-0.3333333333333333,1,GL8_12,124.08989602539293,124.08989615729115,-1.3189820987083433e-07,4.867457623472364e-15
23,32,0.0,1,GL8_12,117.59733758521612,117.59734433779093,-6.752552006509239e-06,3.171969827388506e-12
23,32,0.3333333333333333,1,GL8_12,104.78794019844514,104.7883558360488,-0.0004155512383091215,3.0902927238742267e-12
23,32,0.5,1,GL8_12,92.12273611863444,92.12649815036659,-0.0037549641563669246,2.863491483800765e-12
23,32,0.7071067811865475,1,GL8_12,56.63703549137867,56.70307670140361,-0.06390771288975852,3.759599744243934e-12
23,32,0.5773502691896258,1,GL8_12,82.90512565323357,82.9159376255181,-0.010753732995026855,3.4824215651594157e-12
24,32,-1.0,1,back_32_48,132.39792320566735,132.39792320566727,8.526512829121566e-14,4.146524260664513e-16
24,32,-0.816496580927726,1,GL8_12,131.2322105240924,131.23221052364516,4.472440196968511e-10,2.0540415820481565e-15
24,32,-0.7071067811865475,1,GL8_12,130.42093516279073,130.4209351619583,8.324150261441299e-10,1.8329721338006394e-15
24,32,-0.5773502691896258,1,GL8_12,129.31620975455178,129.31620975345186,1.0999201555615473e-09,2.315751161674478e-15
24,32,-0.5,1,GL8_12,128.56888690222416,128.56888690212674,9.742961993217121e-11,2.490202185974053e-15
23,32,0.816496580927726,1,GL8_12,5.834214518971457,6.148626518557386,-0.2697818833857172,3.58541883479272e-12
24,32,-0.3333333333333333,1,GL8_12,126.67113375583104,126.67113377997099,-2.413995019163561e-08,4.011391938817915e-15
24,32,0.0,1,GL8_12,121.03005546167589,121.03005789971833,-2.4380394714636027e-06,2.9832379077592907e-12
24,32,0.3333333333333333,1,GL8_12,109.91528690055446,109.91549700319683,-0.00021008057235572008,4.1544469001296304e-12
24,32,0.5,1,GL8_12,98.94103894453238,98.94326403734561,-0.0022226191292855453,2.4338349092836988e-12
24,32,0.5773502691896258,1,GL8_12,90.96167572161741,90.96857466639477,-0.006875201689966982,3.12098179536005e-12
25,32,-1.0,1,back_32_48,134.0053920441834,134.00539204418294,4.547473508865675e-13,3.7991703839236583e-16
24,32,0.7071067811865475,1,GL8_12,68.24566219544243,68.2937830482236,-0.04698139483132099,3.8555152380394645e-12
24,32,0.816496580927726,1,GL8_12,24.35555963218056,24.612256101465036,-0.22639700959810405,4.4153914874723245e-12
25,32,-0.816496580927726,1,GL8_12,133.00098472557062,133.0009847254529,1.1772272046766272e-10,2.2840855871471082e-15
25,32,-0.7071067811865475,1,GL8_12,132.30218256811412,132.30218256775885,3.5527136794315896e-10,2.1647485555604764e-15
25,32,-0.5773502691896258,1,GL8_12,131.35087574318754,131.35087574213802,1.0495284646872838e-09,2.299434093217312e-15
25,32,-0.5,1,GL8_12,130.70749882880588,130.70749882703342,1.7724630667790978e-09,2.25320184192709e-15
25,32,-0.3333333333333333,1,GL8_12,129.07424864926068,129.07424864726747,1.993214484340685e-09,3.708730952390503e-15
25,32,0.0,1,GL8_12,124.22341233228617,124.22341300648286,-6.741964569877435e-07,2.741228453223358e-12
25,32,0.3333333333333333,1,GL8_12,114.67992874456556,114.68002293250663,-9.418350552832474e-05,3.2349137660391683e-12
25,32,0.5,1,GL8_12,105.2720770740896,105.27328316784447,-0.0012053667161228063,3.0116086116582948e-12
25,32,0.5773502691896258,1,GL8_12,98.43919213889644,98.44328029162838,-0.004079807611474199,2.7202972955106566e-12
26,32,-1.0,1,back_32_48,135.4961537253534,135.4961537253534,0.0,3.868871809678767e-16
25,32,0.7071067811865475,1,GL8_12,79.01152313563924,79.04481572833923,-0.03274449371878073,3.471470664203383e-12
25,32,0.816496580927726,1,GL8_12,41.523478104485505,41.726404123799014,-0.18366136751586307,3.814142123886676e-12
26,32,-0.816496580927726,1,GL8_12,134.64077111499796,134.64077111502849,-3.052491592778802e-11,2.2157260015977444e-15
26,32,-0.7071067811865475,1,GL8_12,134.04585791564443,134.04585791564205,2.3874235921567865e-12,1.6870012892138579e-15
26,32,-0.5773502691896258,1,GL8_12,133.2362360205762,133.2362360203515,2.2470203478201958e-10,1.6217705204197318e-15
26,32,-0.5,1,GL8_12,132.6888405547628,132.68884055415208,6.107256924270142e-10,1.8002136771485824e-15
26,32,-0.3333333333333333,1,GL8_12,131.29977799203405,131.29977798889945,3.1346019162826923e-09,2.580922380761779e-15
26,32,0.0,1,GL8_12,127.1781073702706,127.17810747125115,-1.0098055215084974e-07,1.4817519374415854e-14
26,32,0.3333333333333333,1,GL8_12,119.08294837777899,119.0829841047046,-3.572628740382411e-05,2.6111573839639205e-12
26,32,0.5,1,GL8_12,111.11730105540835,111.11788427364876,-0.0005830482017079372,2.868530646815746e-12
27,32,-1.0,1,back_32_48,136.87071419778616,136.87071419778601,1.4210854715203013e-13,3.8782085445281936e-16
26,32,0.7071067811865475,1,GL8_12,88.93628829394893,88.9578475996682,-0.021328565065335342,3.5940095342503007e-12
26,32,0.5773502691896258,1,GL8_12,105.33931411311812,105.3415161425358,-0.002199606729499108,2.551246096595353e-12
27,32,-0.816496580927726,1,GL8_12,136.1521164832708,136.15211648329978,-2.8990143618591873e-11,1.9935020929447588e-15
26,32,0.816496580927726,1,GL8_12,57.33906827357953,57.49302134838293,-0.14268775038656012,3.2833147096217547e-12
27,32,-0.7071067811865475,1,GL8_12,135.652534268292,135.65253426835147,-5.948663783606626e-11,1.6605058665283756e-15
27,32,-0.5773502691896258,1,GL8_12,134.97289785903672,134.97289785913148,-9.475797923647743e-11,1.7221487756967342e-15
27,32,-0.5,1,GL8_12,134.5135419970385,134.51354199711147,-7.298694981461394e-11,1.798774458724368e-15
27,32,-0.3333333333333333,1,GL8_12,133.34840921199304,133.34840921131712,6.759250939023055e-10,2.02199110369532e-15
27,32,0.0,1,GL8_12,129.8950140196279,129.8950140032362,1.6391681035849935e-08,5.2859911672686625e-15
27,32,0.3333333333333333,1,GL8_12,123.1256624038135,123.12567286245334,-1.045858515789256e-05,3.1639753476966677e-12
27,32,0.5,1,GL8_12,116.47848355705717,116.47872461728309,-0.00024103117323579128,2.9567357375022276e-12
28,32,-1.0,1,back_32_48,138.89551757841423,138.89551757841377,4.547473508865675e-13,3.479117818690598e-16
27,32,0.5773502691896258,1,GL8_12,111.66408483277795,111.66512875950787,-0.0010433820279712274,2.6563594843617966e-12
28,32,-0.816496580927726,1,GL8_12,138.3439637884951,138.34396378849027,4.831690603180354e-12,1.6884611660752377e-15
27,32,0.816496580927726,1,GL8_12,71.80392360755202,71.91462423659867,-0.10479329229697425,3.296007450724204e-12
28,32,-0.7071067811865475,1,GL8_12,137.9613952357152,137.9613952357189,-3.694822225945695e-12,1.5497744621391527e-15
27,32,0.7071067811865475,1,GL8_12,98.02221848041526,98.03502153870673,-0.012721447799898856,3.078510608523375e-12
28,32,-0.5773502691896258,1,GL8_12,137.44207305625943,137.44207305629686,-3.743139131914152e-11,1.6095667413231687e-15
28,32,-0.5,1,GL8_12,137.09178416009826,137.09178416018142,-8.316192178990417e-11,1.6282494565659148e-15
28,32,0.0,1,GL8_12,133.59774130465496,133.5977412990335,5.621473080621228e-09,3.2759021419411708e-15
28,32,-0.3333333333333333,1,GL8_12,136.20574375131508,136.2057437516115,-2.9641000760575395e-10,1.893926625136526e-15
28,32,0.3333333333333333,1,GL8_12,128.5434723211621,128.54347284226205,-5.210997989856928e-07,2.877469536526841e-12
28,32,0.5,1,GL8_12,123.626420275809,123.62646045739736,-4.0180781091401375e-05,2.4929264975804393e-12
29,32,-1.0,1,back_32_48,141.0976369292069,141.0976369292065,4.26325641456151e-13,3.426865284516912e-16
28,32,0.5773502691896258,1,GL8_12,120.08215483954855,120.08239258377482,-0.00023771596734937993,2.530734376278939e-12
29,32,-0.816496580927726,1,GL8_12,140.73735935110784,140.73735935109724,1.0601297617596888e-11,1.9613257396084046e-15
28,32,0.816496580927726,1,GL8_12,90.97398599852669,91.03251609458763,-0.0568501451229936,2.9658042096971528e-12
29,32,-0.5773502691896258,1,GL8_12,140.15117284918392,140.15117284915982,2.4101609597273042e-11,1.420992102249811e-15
29,32,-0.7071067811865475,1,GL8_12,140.48826259763882,140.48826259762419,1.4637180356765187e-11,1.6322736498816994e-15
28,32,0.7071067811865475,1,GL8_12,110.0855773636026,110.09021532815767,-0.004627225805859906,2.5189682773675278e-12
29,32,-0.5,1,GL8_12,139.9244756208987,139.92447562086545,3.325340003412558e-11,1.4917434012073822e-15
29,32,-0.3333333333333333,1,GL8_12,139.3533983379763,139.35339833791932,5.698552740958371e-11,1.710232896436629e-15
29,32,0.0,1,GL8_12,137.69004734567125,137.6900473466057,-9.344489622162254e-10,2.0329256520544278e-15
29,32,0.3333333333333333,1,GL8_12,134.52367920468225,134.52367916512208,3.9560178138683165e-08,1.686214451700993e-12
29,32,0.5,1,GL8_12,131.4914422152806,131.4914417623168,4.5296390594269704e-07,2.508157318812072e-12
30,32,-1.0,1,back_32_48,143.21650643831606,143.2165064383159,1.7053025658243858e-13,2.683221535873127e-16
29,32,0.5773502691896258,1,GL8_12,129.32524791595486,129.32525335190462,-5.435934984909765e-06,1.9253069634588375e-12
30,32,-0.816496580927726,1,GL8_12,143.0370627960519,143.03706279604933,2.5863755581701093e-12,1.641273725877411e-15
30,32,-0.7071067811865475,1,GL8_12,142.91340072541334,142.91340072541152,1.818989403547511e-12,1.2106410778039527e-15
29,32,0.7071067811865475,1,GL8_12,123.27270419895598,123.27323538272914,-0.0005310427200382381,2.6724895190329333e-12
30,32,-0.5773502691896258,1,GL8_12,142.7466851827068,142.74668518270698,-1.705302565824095e-13,1.4987643566056587e-15
29,32,0.816496580927726,1,GL8_12,111.83979124888634,111.85558920623299,-0.01567382416173728,3.314468556486287e-12
30,32,-0.5,1,GL8_12,142.63501104146985,142.63501104147218,-2.330580173290413e-12,1.2278641214073015e-15
30,32,-0.3333333333333333,1,GL8_12,142.35537857202448,142.35537857203536,-1.0885514711785488e-11,1.4111558094571716e-15
30,32,0.0,1,GL8_12,141.5550268445237,141.5550268444929,3.0809133023032545e-11,1.4032059315078212e-15
30,32,0.3333333333333333,1,GL8_12,140.08385079420518,140.08385079109718,3.107999196172799e-09,3.219951203964029e-15
30,32,0.5,1,GL8_12,138.72530571102834,138.72530575287698,-4.184863568044243e-08,1.936268769996337e-12
30,32,0.5773502691896258,1,GL8_12,137.7771605858506,137.77716076253347,-1.7668285894466203e-07,1.928282483812131e-12
31,32,-1.0,1,back_32_48,145.41423433411586,145.4142343341157,1.7053025658243858e-13,2.6933481247445225e-16
30,32,0.7071067811865475,1,GL8_12,135.1961314109816,135.19612698052947,4.430461936973311e-06,2.130807745718786e-12
30,32,0.816496580927726,1,GL8_12,130.48647643740588,130.48677008339146,-0.0002936028758162548,2.7140428619004593e-12
31,32,-0.816496580927726,1,GL8_12,145.3912765633879,145.39127656338718,7.105427357603526e-13,1.2950741696563625e-15
31,32,-0.7071067811865475,1,GL8_12,145.37488283869266,145.37488283869197,6.821210263299288e-13,1.1793570830622277e-15
31,32,-0.5773502691896258,1,GL8_12,145.35229864800414,145.35229864800363,5.11590769747403e-13,1.0545799374356192e-15
31,32,-0.5,1,GL8_12,145.33697006615475,145.33697006615444,3.1263880373449295e-13,1.212654554959904e-15
31,32,-0.3333333333333333,1,GL8_12,145.2982876317464,145.29828763174714,-7.389644451902312e-13,1.1052165652762341e-15
31,32,0.0,1,GL8_12,145.18938542429683,145.1893854243167,-1.9866774891655057e-11,1.0555446965600917e-15
31,32,0.3333333333333333,1,GL8_12,145.0101965345906,145.01019653470576,-1.1516476660536558e-10,1.6036944378916683e-15
31,32,0.5,1,GL8_12,144.87239018793275,144.87239018548843,2.444323857420965e-09,2.61570871162899e-15
31,32,0.5773502691896258,1,GL8_12,144.78986085566123,144.7898608430982,1.2563020924760786e-08,4.066817562549077e-15
32,32,-1.0,1,back_32_48,146.24924854189652,146.24924854189658,-5.68434188608064e-14,2.2053256186420995e-16
31,32,0.7071067811865475,1,GL8_12,144.60765951501443,144.60765938290854,1.321059047261962e-07,5.923049212919894e-14
31,32,0.816496580927726,1,GL8_12,144.37422258567682,144.37422449356615,-1.9078875073930187e-06,1.9835270264414034e-12
32,32,-0.816496580927726,1,GL8_12,146.28012051907936,146.28012051907916,1.9895196601284784e-13,1.1998994763726453e-15
32,32,-0.7071067811865475,1,GL8_12,146.29936119390317,146.29936119390285,3.1263880373449295e-13,9.67037387267155e-16
32,32,-0.5773502691896258,1,GL8_12,146.32306741064298,146.32306741064235,6.252776074690836e-13,1.1050048348925387e-15
32,32,-0.5,1,GL8_12,146.33768645039288,146.33768645039197,9.094947017733418e-13,1.2438210938003468e-15
32,32,-0.3333333333333333,1,GL8_12,146.37052953904237,146.37052953903998,2.3874235921567865e-12,8.975540204682233e-16
32,32,0.0,1,GL8_12,146.44255567856783,146.44255567854702,2.080469130327215e-11,8.862441252421665e-16
32,32,0.3333333333333333,1,GL8_12,146.5254320207849,146.5254320206402,1.446949227206551e-10,1.078257683345192e-15
32,32,0.5,1,GL8_12,146.57267821885156,146.5726782198683,-1.0167298109369728e-09,1.2279950699909913e-15
32,32,0.5773502691896258,1,GL8_12,146.59653957533723,146.59653958145645,-6.119222443352972e-09,1.185624965747599e-15
32,32,0.7071067811865475,1,GL8_12,146.64068573706174,146.64068579797163,-6.090988150426559e-08,1.3603446886296426e-15
32,32,0.816496580927726,1,GL8_12,146.68448999925684,146.68448886747348,1.1317840043838714e-06,2.274410752366597e-15
1,1,-1.0,2,back_40_56,146.3309573365562,146.33095733655608,1.136868377216225e-13,1.8631355061006397e-16
1,1,-0.7071067811865475,2,GL12_16,146.36640290695226,146.36640290695203,2.273736754432579e-13,8.859148619941846e-16
1,1,-0.816496580927726,2,GL12_16,146.3528984381507,146.35289843815048,2.273736754432579e-13,1.010414172268026e-15
1,1,-0.5773502691896258,2,GL12_16,146.38286790544856,146.38286790544834,2.273736754432579e-13,7.738612340008761e-16
1,1,-0.5,2,GL12_16,146.39292950340678,146.39292950340655,2.273736754432579e-13,7.766817088902338e-16
1,1,-0.3333333333333333,2,GL12_16,146.41529487707282,146.41529487707257,2.557953848736688e-13,7.289715305053567e-16
1,1,0.0,2,GL12_16,146.4633872282006,146.46338722820036,2.273736754432579e-13,6.225391982490248e-16
1,1,0.3333333333333333,2,GL12_16,146.51789459446576,146.51789459446533,4.26325641456151e-13,5.258513518304229e-16
1,1,0.5,2,GL12_16,146.5490796699695,146.5490796699659,3.6095570976678234e-12,5.300798092132883e-16
1,1,0.5773502691896258,2,GL12_16,146.56495766741875,146.56495766741133,7.41806616136296e-12,4.794158060989933e-16
1,1,0.7071067811865475,2,GL12_16,146.5946311152452,146.59463111558813,-3.429363459284521e-10,6.70228378445219e-16
1,2,-1.0,2,back_40_56,145.09189680000975,145.09189680000964,1.136868377216225e-13,2.5616784096011573e-16
1,2,-0.816496580927726,2,GL12_16,145.05525333473867,145.05525333473577,2.899014361905411e-12,1.1697537341205726e-15
1,1,0.816496580927726,2,GL12_16,146.62448112725724,146.62448107944186,4.781537769023304e-08,6.45803127413481e-16
1,2,-0.7071067811865475,2,GL12_16,145.0305964839663,145.03059648396334,2.9558577807663853e-12,1.059500781521738e-15
1,2,-0.5,2,GL12_16,144.97697328309062,144.9769732830875,3.126388037349328e-12,8.403027847600574e-16
1,2,-0.5773502691896258,2,GL12_16,144.99816564236568,144.9981656423626,3.069544618488344e-12,8.966400187394998e-16
1,2,-0.3333333333333333,2,GL12_16,144.92578778055514,144.9257877805519,3.240074875071306e-12,7.818538768359581e-16
1,2,0.0,2,GL12_16,144.7935333178397,144.79353331783608,3.6095570976678234e-12,7.559302282981717e-16
1,2,0.3333333333333333,2,GL12_16,144.5966517053333,144.59665170532963,3.666400516528839e-12,8.540841636990858e-16
1,2,0.5,2,GL12_16,144.45385781376615,144.45385781376928,-3.1263880373395537e-12,9.301991820604206e-16
1,2,0.5773502691896258,2,GL12_16,144.37005829231921,144.37005829232663,-7.418066161307932e-12,8.211483331394116e-16
1,3,-1.0,2,back_40_56,142.08038730485202,142.08038730485242,-3.9790393202557694e-13,2.7830542842346776e-16
1,2,0.816496580927726,2,GL12_16,143.9533170336345,143.9533170822338,-4.859930295564115e-08,1.1437874944476824e-15
1,2,0.7071067811865475,2,GL12_16,144.18693350327413,144.1869335020021,1.2720420280762073e-09,1.021210526694231e-15
1,3,-0.816496580927726,2,GL12_16,141.8175813761025,141.81758137609722,5.2864379540691186e-12,1.410866818963394e-15
1,3,-0.7071067811865475,2,GL12_16,141.63807737966,141.6380773796545,5.4853899200830186e-12,1.3558786078370352e-15
1,3,-0.5773502691896258,2,GL12_16,141.39772829334055,141.3977282933348,5.74118530495809e-12,1.099760290579943e-15
1,3,-0.5,2,GL12_16,141.23760211443846,141.23760211443258,5.8832938521109365e-12,1.099845012595988e-15
1,3,-0.3333333333333333,2,GL12_16,140.83897522384018,140.83897522383384,6.3380412030001794e-12,1.1275822782249703e-15
1,3,0.0,2,GL12_16,139.7078717657159,139.70787176570795,7.958078640544788e-12,1.0127926471913382e-15
1,3,0.3333333333333333,2,GL12_16,137.62875675046268,137.6287567504547,7.986500349975418e-12,1.3116524179837071e-15
1,3,0.5,2,GL12_16,135.68598517532706,135.68598517522338,1.0368239600748884e-10,1.3114023391793825e-15
1,3,0.5773502691896258,2,GL12_16,134.3153647627716,134.3153647624345,3.370814739014035e-10,1.4335030650722977e-15
1,3,0.7071067811865475,2,GL12_16,130.53439470530765,130.53439470429095,1.016701390261253e-09,1.6947280636011774e-15
1,4,-1.0,2,back_40_56,137.88476490914394,137.88476490914434,-3.9790393202557694e-13,2.9892659233386055e-16
1,3,0.816496580927726,2,GL12_16,123.51204368627914,123.51205833691435,-1.4650527888081374e-05,2.1847820843166212e-15
1,4,-0.816496580927726,2,GL12_16,137.25583436859415,137.25583436859847,-4.3200998334120775e-12,1.7246960871276584e-15
1,4,-0.7071067811865475,2,GL12_16,136.82110674232197,136.8211067423269,-4.9169557314478055e-12,1.3089707866370066e-15
1,4,-0.5773502691896258,2,GL12_16,136.23270672218632,136.23270672219212,-5.798028723785609e-12,1.430273130064964e-15
1,4,-0.5,2,GL12_16,135.8368227085913,135.8368227085977,-6.394884621820455e-12,1.4232474294495816e-15
1,4,-0.3333333333333333,2,GL12_16,134.83849737108142,134.83849737108932,-7.9012352216211e-12,1.2827408085455463e-15
1,4,0.0,2,GL12_16,131.91752791888786,131.91752791890042,-1.2562395568159664e-11,1.397921310686859e-15
1,4,0.3333333333333333,2,GL12_16,126.28656309255564,126.28656309233915,2.1648816075482089e-10,1.7042327860731243e-15
1,4,0.5,2,GL12_16,120.81188133763698,120.81188135391203,-1.6275052284420007e-08,2.209610947287338e-15
1,4,0.5773502691896258,2,GL12_16,116.86238217254244,116.8623830856212,-9.130783477409422e-07,2.5177289031317823e-15
1,5,-1.0,2,back_40_56,134.38284950309674,134.38284950309605,6.821210263299288e-13,3.6155601150101005e-16
1,4,0.7071067811865475,2,GL12_16,105.71198517380233,105.71212375373374,-0.0001385703296470534,3.7568611476391064e-15
1,4,0.816496580927726,2,GL12_16,84.40182511085487,84.40902306167916,-0.007172107619471726,4.772341388615068e-15
1,5,-0.816496580927726,2,GL12_16,133.42685311065776,133.42685311066145,-3.694822225945695e-12,1.8250226209419375e-15
1,5,-0.7071067811865475,2,GL12_16,132.7638493458871,132.76384934589117,-4.064304448539514e-12,1.5507113817622327e-15
1,5,-0.5773502691896258,2,GL12_16,131.86379494645075,131.86379494645524,-4.49063008999375e-12,1.5629541849581674e-15
1,5,-0.5,2,GL12_16,131.25658519082702,131.25658519083186,-4.831690603157009e-12,1.2868107437490271e-15
1,5,-0.3333333333333333,2,GL12_16,129.7199463103879,129.71994631039362,-5.712763595494888e-12,1.2531947902335571e-15
1,5,0.0,2,GL12_16,125.18665472594205,125.18665472593923,2.8137492336139553e-12,2.005298181419406e-15
1,5,0.3333333333333333,2,GL12_16,116.33879969646028,116.33879972887281,-3.241252902393344e-08,2.0472479079409593e-15
1,5,0.5,2,GL12_16,107.65258916278896,107.65259367987808,-4.517078922046949e-06,3.684529136558812e-15
1,5,0.5773502691896258,2,GL12_16,101.35375809838888,101.353797394708,-3.9295547025798806e-05,3.864566739927862e-15
1,5,0.7071067811865475,2,GL12_16,83.47821763928665,83.47965807855448,-0.0014394023331225454,9.667424264155831e-15
1,6,-1.0,2,back_40_56,131.0502048592905,131.0502048592905,0.0,4.0716075254674805e-16
1,5,0.816496580927726,2,GL12_16,49.09745582048687,49.12655638900139,-0.02868122453190107,2.9902162853284655e-12
1,6,-0.816496580927726,2,GL12_16,129.78110642193593,129.78110642193116,4.774847184319273e-12,1.645991982697761e-15
1,6,-0.7071067811865475,2,GL12_16,128.89904964461738,128.89904964461212,5.258016244638565e-12,1.5137207929631096e-15
1,6,-0.5773502691896258,2,GL12_16,127.69932623159478,127.69932623158887,5.911715561541508e-12,1.488069348247933e-15
1,6,-0.5,2,GL12_16,126.88856450746488,126.88856450745855,6.323830348284887e-12,1.752122121533257e-15
1,6,-0.3333333333333333,2,GL12_16,124.8323300585803,124.83233005857196,8.34177171785837e-12,1.6729809231073634e-15
1,6,0.0,2,GL12_16,118.73643734247317,118.7364373425347,-6.153300091493152e-11,2.0253992809089755e-15
1,6,0.3333333333333333,2,GL12_16,106.75876583456697,106.7587666641476,-8.295802840902473e-07,4.008497607543246e-15
1,6,0.5,2,GL12_16,94.94326372615791,94.94330235460757,-3.862770358956266e-05,5.7773776116338434e-15
1,6,0.5773502691896258,2,GL12_16,86.35417644710193,86.35440865405207,-0.00023217999218317937,9.998940584997595e-15
1,7,-1.0,2,back_40_56,128.18637693045412,128.18637693045417,-5.68434188608064e-14,4.1070611477298785e-16
1,6,0.7071067811865475,2,GL12_16,61.91902317799601,61.92382524265943,-0.004790553184566901,3.661628172439572e-12
1,7,-0.816496580927726,2,GL12_16,126.65787603038738,126.65787603039166,-4.277467269266655e-12,1.9257285647144727e-15
1,6,0.816496580927726,2,GL12_16,14.780865437577035,14.841224506433491,-0.05857356402608301,4.592119606998348e-12
1,7,-0.7071067811865475,2,GL12_16,125.59380287839231,125.59380287839711,-4.803268893726742e-12,1.7487921123737933e-15
1,7,-0.5773502691896258,2,GL12_16,124.14441405145747,124.14441405146282,-5.343281372901678e-12,1.6784842782109682e-15
1,7,-0.5,2,GL12_16,123.16365557961801,123.16365557962321,-5.201172825750408e-12,1.8382717833566713e-15
1,7,-0.3333333333333333,2,GL12_16,120.67211538033614,120.67211538033538,7.531752999059898e-13,1.89643968728632e-15
1,7,0.3333333333333333,2,GL12_16,98.6170386004003,98.61704277367187,-4.173262854904866e-06,5.625768725717594e-15
1,7,0.0,2,GL12_16,113.2578202453025,113.25782024975953,-4.457035619524513e-09,2.8322236703661717e-15
1,7,0.5,2,GL12_16,84.1290901363079,84.12921648304783,-0.00012633875851941417,2.2289147289095425e-14
1,8,-1.0,2,back_40_56,126.20299137193804,126.20299137193786,1.8474111129764311e-13,4.626111307758424e-16
1,7,0.5773502691896258,2,GL12_16,73.58254357932805,73.5831736033323,-0.000629825580801783,3.969471392653822e-12
1,8,-0.816496580927726,2,GL12_16,124.47592604771391,124.47592604771208,1.8332002582627387e-12,2.123780350105469e-15
1,7,0.7071067811865475,2,GL12_16,43.53849512945958,43.54801487923601,-0.00947458040586538,4.434649251256284e-12
1,8,-0.7071067811865475,2,GL12_16,123.27335512941748,123.27335512941536,2.11741735256734e-12,1.801976357633683e-15
1,7,0.816496580927726,2,GL12_16,-14.509696160138375,-14.418321387493059,-0.08732439905273881,4.671581307913366e-12
1,8,-0.5773502691896258,2,GL12_16,121.63499299852646,121.63499299852313,3.325340003362798e-12,1.959150747827567e-15
1,8,-0.5,2,GL12_16,120.5261631719065,120.52616317190142,5.087485988055259e-12,1.9821199490408895e-15
1,8,-0.3333333333333333,2,GL12_16,117.70859981647615,117.70859981648219,-6.039613253942613e-12,2.1588844154131723e-15
1,8,0.0,2,GL12_16,109.3191556195988,109.31915563962646,-2.0027655777529703e-08,2.9195808208060244e-15
1,8,0.3333333333333333,2,GL12_16,92.7352413684461,92.73525145488685,-1.0086389884870868e-05,6.503678395447437e-15
1,8,0.5,2,GL12_16,76.30748735560017,76.30773165457164,-0.0002442691329027686,4.041885408771076e-12
1,9,-1.0,2,back_40_56,124.10035019615951,124.10035019615951,0.0,4.515920990234349e-16
1,8,0.5773502691896258,2,GL12_16,64.34125011153972,64.34235025957751,-0.001099543096802147,3.7975328411073875e-12
1,9,-0.816496580927726,2,GL12_16,122.16232300868498,122.16232300868514,-1.5631940186720982e-13,2.171688025525298e-15
1,8,0.7071067811865475,2,GL12_16,30.22933414107233,30.243291822455628,-0.013860724570136786,5.010986625682975e-12
1,9,-0.7071067811865475,2,GL12_16,120.8125923436427,120.81259234364244,2.700062395888745e-13,1.8780082192845843e-15
1,8,0.816496580927726,2,GL12_16,-35.73083479367483,-35.615635586003805,-0.10881140538155026,4.983041779963337e-12
1,9,-0.5773502691896258,2,GL12_16,118.97341897244357,118.97341897244256,1.0089706847798514e-12,2.221900628368641e-15
1,9,-0.3333333333333333,2,GL12_16,114.56439785377381,114.56439785395449,-1.8067680683275622e-10,2.0347099613185178e-15
1,9,-0.5,2,GL12_16,117.72848266600012,117.72848266600259,-2.4726887204420916e-12,2.3301908406342418e-15
1,9,0.0,2,GL12_16,105.13814224421893,105.1381423114574,-6.723847208336081e-08,3.811325505831022e-15
1,9,0.3333333333333333,2,GL12_16,86.48703091061972,86.48705265448629,-2.174363017245987e-05,1.7242077324679308e-14
1,10,-1.0,2,back_40_56,121.87823757719669,121.87823757719646,2.273736754432579e-13,5.060767897173831e-16
1,9,0.5,2,GL12_16,67.9947588230147,67.99519471103038,-0.00043579303029335216,4.508713088275875e-12
1,9,0.5773502691896258,2,GL12_16,54.517285078633165,54.519081149553536,-0.0017944589502104326,4.581957651971008e-12
1,10,-0.816496580927726,2,GL12_16,119.71683593814376,119.71683593815114,-7.375433597162642e-12,2.1516203468157018e-15
1,9,0.7071067811865475,2,GL12_16,16.074622783889062,16.09415937451501,-0.019346988175366463,5.704816960062032e-12
1,10,-0.7071067811865475,2,GL12_16,118.21127248237674,118.21127248238486,-8.114398042347422e-12,2.1075230215114175e-15
1,9,0.816496580927726,2,GL12_16,-58.308104742074335,-58.166899028713175,-0.13168932978267306,5.854579741067406e-12
1,10,-0.5773502691896258,2,GL12_16,116.1594341149999,116.15943411502049,-2.0591528482115696e-11,2.6448749224752497e-15
1,10,-0.5,2,GL12_16,114.77034500219557,114.77034500225909,-6.35225205749354e-11,2.29378563787065e-15
1,10,-0.3333333333333333,2,GL12_16,111.23921029443258,111.23921029538039,-9.478071656359436e-10,2.2998178761940246e-15
1,10,0.0,2,GL12_16,100.71438293192446,100.71438311967131,-1.8774683155399985e-07,4.60338564290733e-15
1,10,0.3333333333333333,2,GL12_16,79.87184251654867,79.87188533489237,-4.281742700870625e-05,3.5187317497295993e-12
1,11,-1.0,2,back_40_56,119.536485312714,119.53648531271442,-4.121147867407732e-13,4.894623045724305e-16
1,10,0.5,2,GL12_16,59.19023501785696,59.19096323619476,-0.0007279532511752574,5.188726243802463e-12
1,10,0.5773502691896258,2,GL12_16,44.10992296646028,44.112696799921316,-0.002769989939584104,4.484585041018281e-12
1,11,-0.816496580927726,2,GL12_16,117.13928326479686,117.139283264782,1.4864554032211773e-11,2.1622172869646837e-15
1,10,0.7071067811865475,2,GL12_16,1.0735893836766977,1.0999016222575122,-0.025969087906418838,5.1319002996487004e-12
1,10,0.816496580927726,2,GL12_16,-82.24201055908911,-82.0729033645698,-0.15558161848810861,5.2328624525028714e-12
1,11,-0.7071067811865475,2,GL12_16,115.4692041014545,115.46920410144746,7.034373084049733e-12,2.1575405563152672e-15
1,11,-0.5773502691896258,2,GL12_16,113.19283277351724,113.19283277358579,-6.85531631437847e-11,2.6027835461933413e-15
1,11,-0.5,2,GL12_16,111.6515344359625,111.65153443622971,-2.6720670117424356e-10,2.50624189792717e-15
1,11,-0.3333333333333333,2,GL12_16,107.73279425854804,107.73279426192366,-3.375618001642255e-09,2.6164329791628735e-15
1,11,0.0,2,GL12_16,96.04754841365443,96.04754887295056,-4.592960263175104e-07,6.290187299017531e-15
1,11,0.3333333333333333,2,GL12_16,72.88920856025617,72.88928688435686,-7.832103344622891e-05,5.00778917316879e-12
1,12,-1.0,2,back_40_56,117.0749676376585,117.07496763765806,4.4053649617135915e-13,4.975444844341631e-16
1,11,0.5,2,GL12_16,49.8933638503354,49.894515597460014,-0.0011510841184598955,5.419106253166295e-12
1,11,0.5773502691896258,2,GL12_16,33.11856765719371,33.122656935280766,-0.004080928374730503,5.8296639454236845e-12
1,12,-0.816496580927726,2,GL12_16,114.42952736437955,114.4295273644008,-2.1245227799001314e-11,2.1571935339654507e-15
1,11,0.7071067811865475,2,GL12_16,-14.774371891997077,-14.740061422895508,-0.033728539369534204,5.6691604914278335e-12
1,12,-0.7071067811865475,2,GL12_16,112.58624073147325,112.58624073154286,-6.9604766392637e-11,2.2682072992526524e-15
1,12,-0.5773502691896258,2,GL12_16,110.07345568634037,110.07345568671602,-3.756497334710934e-10,2.7358114003257624e-15
1,11,0.816496580927726,2,GL12_16,-107.53290790877811,-107.33427485904339,-0.18014931743233933,5.833808902586736e-12
1,12,-0.5,2,GL12_16,108.37188260565452,108.3718826067147,-1.0601866046109324e-09,2.7106977114980134e-15
1,12,-0.3333333333333333,2,GL12_16,104.0449569815965,104.04495699166961,-1.0073108518752309e-08,3.2128954068898976e-15
1,12,0.0,2,GL12_16,91.13737013254799,91.13737114787446,-1.0153259598961103e-06,8.762572612894543e-15
1,12,0.3333333333333333,2,GL12_16,65.538746415934,65.5388811602455,-0.00013473523388816603,5.755611509541341e-12
1,13,-1.0,2,back_40_56,114.49359745702012,114.4935974570206,-4.831690603167514e-13,5.312139889686986e-16
1,12,0.5,2,GL12_16,40.10369399316478,40.105433248575075,-0.0017377437820976888,5.3556189610433725e-12
1,12,0.5773502691896258,2,GL12_16,21.5427341885648,21.548529912667696,-0.005778961293797771,4.834707686278704e-12
1,13,-0.7071067811865475,2,GL12_16,109.56227682849405,109.5622768287075,-2.1344703779955427e-10,2.5528367599399745e-15
1,13,-0.816496580927726,2,GL12_16,111.58747061582076,111.5874706158623,-4.153832833167274e-11,2.408911735063209e-15
1,12,0.7071067811865475,2,GL12_16,-31.46972737340083,-31.426196625240564,-0.042596884746051764,6.004414060271729e-12
1,12,0.816496580927726,2,GL12_16,-134.18103671317897,-133.95149977824104,-0.2050983915459294,6.415396150231997e-12
1,13,-0.5773502691896258,2,GL12_16,106.80118580743115,106.80118580859362,-1.16246212588258e-09,2.8930732220215595e-15
1,13,-0.5,2,GL12_16,104.93126427964037,104.93126428274786,-3.1074875957449826e-09,3.0947065348851154e-15
1,13,-0.3333333333333333,2,GL12_16,100.17555137282537,100.1755513987269,-2.590152769805608e-08,3.8068493260892694e-15
1,13,0.0,2,GL12_16,85.98363492488537,85.98363699337406,-2.0684865583383608e-06,2.0301032304955494e-14
1,13,0.3333333333333333,2,GL12_16,57.8201489921208,57.8203690759026,-0.0002200595651391447,5.0783470633836635e-12
1,14,-1.0,2,back_40_56,111.79232376914001,111.79232376913997,4.263256414560692e-14,5.528107956299362e-16
1,13,0.5,2,GL12_16,29.82086227138067,29.823386993703398,-0.0025215378918238343,5.296633436821125e-12
1,13,0.5773502691896258,2,GL12_16,9.382034988701974,9.389977052307515,-0.007910608745632626,5.84996013013075e-12
1,14,-0.816496580927726,2,GL12_16,108.61305271789698,108.61305271810548,-2.0850166035970733e-10,2.876433526967595e-15
1,13,0.7071067811865475,2,GL12_16,-49.01282485518321,-48.958874323103316,-0.052521024843214664,7.32253575613353e-12
1,13,0.816496580927726,2,GL12_16,-162.18654457052895,-161.92494435490272,-0.23018127630697827,6.710978662970536e-12
1,14,-0.7071067811865475,2,GL12_16,106.3972450278419,106.39724502856217,-7.20262960125909e-10,2.8615680269566946e-15
1,14,-0.5773502691896258,2,GL12_16,103.3759454840463,103.37594548730799,-3.2616895797685697e-09,3.407813372179292e-15
1,14,-0.5,2,GL12_16,101.32959448529843,101.3295944934292,-8.130768913957555e-09,4.457654454623362e-15
1,14,-0.3333333333333333,2,GL12_16,96.12447301207575,96.12447307227112,-6.01953597724514e-08,4.103178914945719e-15
1,14,0.0,2,GL12_16,80.58618123522908,80.58618517483532,-3.939598484546464e-06,5.457726512092903e-12
1,14,0.3333333333333333,2,GL12_16,49.73317749760514,49.7335213443427,-0.00034378762904287136,6.291477315408721e-12
1,14,0.5,2,GL12_16,19.04458430548428,19.04812651582637,-0.00353594411598676,5.99497024345859e-12
1,15,-1.0,2,back_40_56,108.97113012306947,108.97113012306994,-4.689582056015562e-13,5.384007853783089e-16
1,14,0.7071067811865475,2,GL12_16,-67.40391012518612,-67.3383802616568,-0.06342892297582717,6.378744487139522e-12
1,14,0.5773502691896258,2,GL12_16,-3.3638304645606,-3.353259111026304,-0.010515673154905371,5.7644795135354486e-12
1,15,-0.816496580927726,2,GL12_16,105.50624909628023,105.50624909683128,-5.510543131395576e-10,3.512587673857914e-15
1,15,-0.7071067811865475,2,GL12_16,103.09111452168955,103.09111452355668,-1.867135777577863e-09,3.3166636634592504e-15
1,14,0.816496580927726,2,GL12_16,-191.54950303687843,-191.25487048910117,-0.25519478247747535,6.264834913916673e-12
1,15,-0.5773502691896258,2,GL12_16,99.79769479683372,99.79769480477415,-7.940428727431636e-09,3.768344271037128e-15
1,15,-0.5,2,GL12_16,97.5668268223869,97.56682684137233,-1.898543171304698e-08,3.782633518966292e-15
1,15,-0.3333333333333333,2,GL12_16,91.8916583737473,91.89165850233348,-1.2858617165885767e-07,6.147826364566439e-15
1,15,0.0,2,GL12_16,74.94489664641432,74.94490373469428,-7.088254835859573e-06,5.619662504322e-12
1,15,0.3333333333333333,2,GL12_16,41.27765617372532,41.278173113748004,-0.0005168064322116499,5.435432058394325e-12
1,16,-1.0,2,back_40_56,106.03003401267296,106.03003401267347,-5.115907697471413e-13,5.950699064332135e-16
1,15,0.5,2,GL12_16,7.7746478170592255,7.779472653997857,-0.0048132161099358525,5.659799439672499e-12
1,15,0.7071067811865475,2,GL12_16,-86.64313970912211,-86.56492392934784,-0.07523514053958219,7.213859461644977e-12
1,15,0.5773502691896258,2,GL12_16,-16.695083266166108,-16.68136336528771,-0.013626211995168964,6.195135928325415e-12
1,15,0.816496580927726,2,GL12_16,-222.26991858097773,-221.94144790603667,-0.27997595733628194,6.559013121168788e-12
1,16,-0.816496580927726,2,GL12_16,102.26707029426143,102.26707029571546,-1.4540262316929425e-09,2.8970044947815852e-15
1,16,-0.5773502691896258,2,GL12_16,96.06643094408673,96.06643096193456,-1.7847824392336518e-08,3.756883793086087e-15
1,16,-0.7071067811865475,2,GL12_16,99.64389044844029,99.64389045296437,-4.524082431769758e-09,3.2490390354829365e-15
1,16,-0.5,2,GL12_16,93.64295283893634,93.64295287996777,-4.103142630305521e-08,4.313719997907966e-15
1,16,-0.3333333333333333,2,GL12_16,87.47708414965737,87.47708440646645,-2.568090405867335e-07,6.8353402935693655e-15
1,16,0.0,2,GL12_16,69.05971660041916,69.0597287472872,-1.2146794257624231e-05,6.840178154473805e-12
1,16,0.3333333333333333,2,GL12_16,32.45346881254373,32.45422032927809,-0.0007512344163797897,5.140662307535523e-12
1,16,0.5,2,GL12_16,-3.98909182407413,-3.982687930734869,-0.006383432114775732,6.61707729806036e-12
1,17,-1.0,2,back_40_56,102.96908716131094,102.96908716131085,8.526512829121566e-14,5.972035495243028e-16
1,16,0.5773502691896258,2,GL12_16,-30.611870446114096,-30.594453641072477,-0.01726600922231914,6.322820050629567e-12
1,16,0.7071067811865475,2,GL12_16,-106.7305903128913,-106.63864401726805,-0.08784586510096615,6.781847687572689e-12
1,16,0.816496580927726,2,GL12_16,-254.34773946565997,-253.98476323378952,-0.3043970335159606,6.1589735133750016e-12
1,17,-0.816496580927726,2,GL12_16,98.89556229882214,98.89556230216456,-3.342421445139051e-09,3.834731852056571e-15
1,17,-0.7071067811865475,2,GL12_16,96.05561424379042,96.05561425373509,-9.944670815121831e-09,3.2099393082728324e-15
1,17,-0.5773502691896258,2,GL12_16,92.1821886182137,92.18218865539129,-3.717758476354215e-08,4.748107857865933e-15
1,17,-0.5,2,GL12_16,89.55800241696045,89.55800249975721,-8.279675624294869e-08,7.0855958573855885e-15
1,17,-0.3333333333333333,2,GL12_16,82.88076761813983,82.88076810237817,-4.842382246256918e-07,1.0270423941853739e-14
1,17,0.0,2,GL12_16,62.93062427229988,62.93064422548974,-1.9952990799462316e-05,6.8967699058418345e-12
1,17,0.3333333333333333,2,GL12_16,23.260556967475956,23.261617737625212,-0.0010602077314834494,5.914697263582702e-12
1,17,0.5,2,GL12_16,-16.246714067449133,-16.23840593121153,-0.008273719053901542,6.500298602914596e-12
1,18,-1.0,2,back_40_56,99.78837669857856,99.78837669857893,-3.6948222259518384e-13,6.148603706944141e-16
1,17,0.5773502691896258,2,GL12_16,-45.114268320831656,-45.092584436721395,-0.021450478783947253,6.420684092386017e-12
1,17,0.7071067811865475,2,GL12_16,-127.66626529028203,-127.55961145528862,-0.10116323502270842,7.36169892442229e-12
1,18,-0.816496580927726,2,GL12_16,95.39180780388934,95.39180781107194,-7.182606483764346e-09,3.651555693982392e-15
1,18,-0.5773502691896258,2,GL12_16,88.1450413791689,88.14504145214644,-7.297753956859526e-08,5.288067560117776e-15
1,18,-0.7071067811865475,2,GL12_16,92.32636495638913,92.32636497687551,-2.0486382158443993e-08,3.5897408672168684e-15
1,18,-0.5,2,GL12_16,85.31204517425661,85.31204533224556,-1.5798893744232935e-07,6.453898261781343e-15
1,17,0.816496580927726,2,GL12_16,-287.7828593739583,-287.38482628523184,-0.3283601964113957,7.19268463974488e-12
1,18,-0.3333333333333333,2,GL12_16,78.10276807078637,78.10276894026228,-8.694755337193089e-07,2.397806009751025e-14
1,18,0.0,2,GL12_16,56.55765163083873,56.55768321434871,-3.158301122598181e-05,7.954164574142808e-12
1,18,0.3333333333333333,2,GL12_16,13.698919840042919,13.70037853848062,-0.0014576350542505505,6.168612180169314e-12
1,18,0.5,2,GL12_16,-28.998233781048057,-28.98767051220929,-0.010507673443053615,6.00260539453438e-12
1,18,0.5773502691896258,2,GL12_16,-60.202283923414086,-60.17574801062425,-0.026186929136606325,6.469422494958168e-12
1,19,-1.0,2,back_40_56,96.48802727862328,96.48802727862295,3.268496584496995e-13,6.199689434058803e-16
1,18,0.7071067811865475,2,GL12_16,-149.45009833305352,-149.32783025166748,-0.11508889149493606,7.279898810432925e-12
1,19,-0.816496580927726,2,GL12_16,91.75592846718878,91.75592848169188,-1.4503100837250165e-08,3.6554211149464564e-15
1,19,-0.7071067811865475,2,GL12_16,88.45626158882993,88.45626162870599,-3.987605543973893e-08,4.0189731809455114e-15
1,19,-0.5773502691896258,2,GL12_16,83.95510409152928,83.95510422763708,-1.36107791323039e-07,5.535037783551439e-15
1,18,0.816496580927726,2,GL12_16,-322.5751182601488,-322.14157367613365,-0.3517926077168343,6.351459787784453e-12
1,19,-0.5,2,GL12_16,80.90519295310557,80.905193240383,-2.8727738902451125e-07,8.631770620134963e-15
1,19,-0.3333333333333333,2,GL12_16,73.14318937861538,73.1431908747724,-1.4961559065841407e-06,5.378602422421226e-12
1,19,0.0,2,GL12_16,49.94088179997552,49.940930182018796,-4.838087288266131e-05,8.123984598660571e-12
1,19,0.5,2,GL12_16,-42.243599951710934,-42.23040834697261,-0.013104976859162357,5.964749900035466e-12
1,19,0.3333333333333333,2,GL12_16,3.768615922514222,3.7705757760091245,-0.001957934236068627,7.0586167623330075e-12
1,19,0.5773502691896258,2,GL12_16,-75.87585444901087,-75.84387335640511,-0.0314751058119157,7.1341431210024044e-12
1,20,-1.0,2,back_40_56,93.06820424226129,93.06820424226184,-5.542233338927246e-13,6.41523332432413e-16
1,19,0.7071067811865475,2,GL12_16,-172.08195443685275,-171.94323616906973,-0.12952676573044591,6.750599646267452e-12
1,20,-0.816496580927726,2,GL12_16,87.98808827454376,87.98808830227351,-2.7729754108141754e-08,4.289083584239511e-15
1,20,-0.7071067811865475,2,GL12_16,84.44546658578756,84.44546665967559,-7.388802896333847e-08,5.43342144899965e-15
1,20,-0.5773502691896258,2,GL12_16,79.61253655765623,79.61253680046656,-2.4281030058603215e-07,7.073757243822091e-15
1,20,-0.5,2,GL12_16,76.33760353539287,76.33760403625791,-5.00864916452971e-07,1.1214154409034191e-14
1,19,0.816496580927726,2,GL12_16,-358.72430063549973,-358.2548697718822,-0.37464191894388393,6.255200213708426e-12
1,20,-0.3333333333333333,2,GL12_16,68.00218385489535,68.00218633494461,-2.4800461857469705e-06,8.542276046454645e-12
1,20,0.0,2,GL12_16,43.08045292361786,43.08052491091224,-7.198470335308383e-05,8.102707254496641e-12
1,20,0.3333333333333333,2,GL12_16,-6.5302334106646285,-6.527654319943643,-0.0025757677238959446,6.129724862579241e-12
1,20,0.5,2,GL12_16,-55.9826923004355,-55.9664803980596,-0.016081196768637666,6.082223495789775e-12
1,20,0.5773502691896258,2,GL12_16,-92.13484449262545,-92.09682280694902,-0.03730793596376295,7.568967426878781e-12
1,21,-1.0,2,back_40_56,89.52911798746342,89.529117987463,4.26325641456151e-13,8.083676966327998e-16
1,20,0.7071067811865475,2,GL12_16,-195.5616280215158,-195.40569306341024,-0.14438516062868464,7.659148791079155e-12
1,21,-0.816496580927726,2,GL12_16,84.08849819481698,84.08849824562685,-5.080987235098895e-08,4.8128133230029485e-15
1,21,-0.5773502691896258,2,GL12_16,75.11754855973365,75.11754897660973,-4.1687598987694805e-07,1.3585118398222433e-14
1,21,-0.7071067811865475,2,GL12_16,80.29419066527046,80.29419079668381,-1.3141333557178815e-07,5.587047877022003e-15
1,21,-0.5,2,GL12_16,71.60948580798338,71.60948664981858,-8.418348480932594e-07,1.8273515578156014e-14
1,20,0.816496580927726,2,GL12_16,-396.230131218275,-395.72450477997864,-0.3968723651868774,6.3839817672359255e-12
1,21,-0.3333333333333333,2,GL12_16,62.679957665302865,62.679961642667436,-3.9773566613243955e-06,9.923151711790405e-12
1,21,0.0,2,GL12_16,35.976563849588544,35.97666820432593,-0.00010434929262202443,9.250645255191312e-12
1,21,0.3333333333333333,2,GL12_16,-17.197438021866333,-17.19410668724602,-0.0033257918817506515,8.443838301056539e-12
1,21,0.5,2,GL12_16,-70.21531544197605,-70.195676087987,-0.01944775819907626,6.257913563145306e-12
1,21,0.5773502691896258,2,GL12_16,-108.97904067193771,-108.93438591409661,-0.043672410552116465,7.731090087320566e-12
1,22,-1.0,2,back_40_56,85.87102979113307,85.87102979113396,-8.952838470573255e-13,7.921319548796987e-16
1,21,0.7071067811865475,2,GL12_16,-219.88883787854576,-219.7149864807704,-0.15957822307478445,6.854537959125885e-12
1,22,-0.816496580927726,2,GL12_16,80.05742239874841,80.05742248814201,-8.939359075319166e-08,5.05692499528482e-15
1,22,-0.7071067811865475,2,GL12_16,76.002699285991,76.00269951114511,-2.2515408511978925e-07,7.832768885948846e-15
1,22,-0.5773502691896258,2,GL12_16,70.47040662963923,70.47040732122868,-6.915892096722679e-07,1.4117055116871708e-14
1,22,-0.5,2,GL12_16,66.72110671426526,66.72110808367079,-1.36940458645228e-06,2.839500715403067e-13
1,21,0.816496580927726,2,GL12_16,-435.09226761891244,-434.55018958937086,-0.41846145836710724,6.5412783471534514e-12
1,22,-0.3333333333333333,2,GL12_16,57.176778162219904,57.17678435543616,-6.193197080130472e-06,8.877373381577935e-12
1,22,0.0,2,GL12_16,28.62948210827674,28.629629882617024,-0.00014776342219444458,9.159586524705624e-12
1,22,0.3333333333333333,2,GL12_16,-28.2327302816867,-28.22849891126333,-0.004222430788952372,5.832608000076483e-12
1,23,-1.0,2,back_40_56,82.09425942845904,82.0942594284592,-1.5631940186720982e-13,9.671604935065432e-16
1,22,0.5,2,GL12_16,-84.94118995620006,-84.9177042490626,-0.023212064335240024,7.776260373711236e-12
1,22,0.5773502691896258,2,GL12_16,-126.40814295581437,-126.35626997118455,-0.050550546141629765,7.25332617810676e-12
1,22,0.7071067811865475,2,GL12_16,-245.06321829818404,-244.8708137881365,-0.17502690891621595,7.386087490363606e-12
1,23,-0.816496580927726,2,GL12_16,75.89518643104293,75.89518658312146,-1.520785159848992e-07,5.615312725559019e-15
1,23,-0.7071067811865475,2,GL12_16,71.57132117001656,71.5713215435712,-3.7355457167031585e-07,9.576880052819642e-15
1,23,-0.5773502691896258,2,GL12_16,65.67144300506716,65.67144411826796,-1.1132001759361138e-06,3.355756858834994e-14
1,22,0.816496580927726,2,GL12_16,-475.3102893462885,-474.731546617621,-0.439397246559288,6.6972230900646115e-12
1,23,-0.5,2,GL12_16,61.67280047595027,61.6728026398749,-2.1639222928632745e-06,9.013019277049206e-12
1,23,-0.3333333333333333,2,GL12_16,51.49298368911342,51.492993081334625,-9.392177094893589e-06,8.015071716796279e-12
1,23,0.0,2,GL12_16,21.039554883525604,21.039759769697042,-0.00020486518370031213,7.920029738604089e-12
1,23,0.3333333333333333,2,GL12_16,-39.63575262742877,-39.63045895066868,-0.005279689944713149,6.802635123328961e-12
1,23,0.5,2,GL12_16,-100.15993937385632,-100.13217986738623,-0.027377751965643633,6.877647694957231e-12
1,24,-1.0,2,back_40_56,78.19919507730732,78.19919507730764,-3.126388037343952e-13,8.800675155659251e-16
1,23,0.5773502691896258,2,GL12_16,-144.42175163347844,-144.362086137649,-0.057920389557266985,8.316503081146122e-12
1,23,0.7071067811865475,2,GL12_16,-271.08430527221105,-270.8727696485795,-0.19065955110678381,7.517267951967846e-12
1,24,-0.816496580927726,2,GL12_16,71.60218789187422,71.60218814267785,-2.508035917517293e-07,5.95959476930779e-15
1,24,-0.7071067811865475,2,GL12_16,67.00045948268942,67.00046008463579,-6.019461871363378e-07,9.503705082092923e-15
1,24,-0.5773502691896258,2,GL12_16,60.72106743462207,60.72106917837758,-1.7437539911999538e-06,5.801711498574647e-12
1,23,0.816496580927726,2,GL12_16,-516.8836818851009,-516.2680954123458,-0.45967608288746575,7.603675823651587e-12
1,24,-0.5,2,GL12_16,56.46498078777413,56.464984119110426,-3.3313307459260376e-06,1.0367589104289776e-11
1,24,-0.3333333333333333,2,GL12_16,45.62899665450436,45.629010563201,-1.390859991161564e-05,8.37288431727875e-12
1,24,0.0,2,GL12_16,13.207224019808287,13.207502712033019,-0.0002786533936617506,8.262918634906297e-12
1,24,0.3333333333333333,2,GL12_16,-51.406040047236345,-51.39950774014672,-0.006511017952621796,6.486521096256291e-12
1,25,-1.0,2,back_40_56,74.18630619409893,74.18630619410027,-1.3358203432280961e-12,1.060524073402636e-15
1,24,0.5,2,GL12_16,-115.87107148011582,-115.83860503740438,-0.03194506541496388,7.1059260075997105e-12
1,24,0.5773502691896258,2,GL12_16,-163.0193482039287,-162.95132945831722,-0.06575703954249977,9.533451924680917e-12
1,25,-0.816496580927726,2,GL12_16,67.17891041632431,67.17891081891004,-4.025856454956661e-07,9.140598666568891e-15
1,24,0.7071067811865475,2,GL12_16,-297.95151583326503,-297.7203248075788,-0.20641214410978925,7.879551313586512e-12
1,25,-0.7071067811865475,2,GL12_16,62.29060652928535,62.29060747454443,-9.452586349177513e-07,1.6381127347800302e-14
1,25,-0.5773502691896258,2,GL12_16,55.61978278627959,55.61978545212967,-2.66584652242518e-06,1.0409144784745893e-11
1,24,0.816496580927726,2,GL12_16,-559.8118134493028,-559.1592305691081,-0.4793008650805849,6.892750254872733e-12
1,25,-0.5,2,GL12_16,51.098157002418866,51.09816201224778,-5.0098163687626184e-06,9.610943120480244e-12
1,25,-0.3333333333333333,2,GL12_16,39.58534104722202,39.585361206790495,-2.0159365268721185e-05,9.852605317838077e-12
1,25,0.0,2,GL12_16,5.1330466415855796,5.133419212395431,-0.0003725014139658093,9.248200313324497e-12
1,25,0.3333333333333333,2,GL12_16,-63.542995329424954,-63.535034490358754,-0.007929235506105756,8.5301020958146e-12
1,25,0.5,2,GL12_16,-132.07395130134188,-132.0363414823069,-0.03691135355266436,7.413300007719302e-12
1,26,-1.0,2,back_40_56,70.05616033468971,70.05616033468954,1.7053025658243858e-13,9.789776983889425e-16
1,25,0.5773502691896258,2,GL12_16,-182.2002672067203,-182.12334977344477,-0.0740336955449636,6.565511215965049e-12
1,26,-0.816496580927726,2,GL12_16,62.62594208835171,62.62594271894018,-6.305882750613289e-07,1.1044130023770683e-14
1,26,-0.7071067811865475,2,GL12_16,57.44236321777026,57.442364667967844,-1.4501965353692207e-06,3.563857073641143e-14
1,25,0.7071067811865475,2,GL12_16,-325.66411635314756,-325.41279384891857,-0.22222850348981632,8.077415674838268e-12
1,25,0.816496580927726,2,GL12_16,-604.0938974822632,-603.4041848041497,-0.4982797964460209,7.80418076953751e-12
1,26,-0.5773502691896258,2,GL12_16,50.36820586131774,50.368209848430595,-3.987104906462312e-06,9.890838391339227e-12
1,26,-0.5,2,GL12_16,45.57295581016143,45.572963186581134,-7.376392496892462e-06,1.0653305143052555e-11
1,26,-0.3333333333333333,2,GL12_16,33.362666152502655,33.362694810252435,-2.865733915094776e-05,9.658231291649334e-12
1,26,0.0,2,GL12_16,-3.1822761582133197,-3.181785863549919,-0.0004901744886131232,8.656525742831512e-12
1,26,0.3333333333333333,2,GL12_16,-76.04585346897376,-76.03626105750993,-0.009546551039477812,6.108418937089503e-12
1,26,0.5,2,GL12_16,-148.76776058302107,-148.7245693931976,-0.04227173533611225,7.5173986619957e-12
1,27,-1.0,2,back_40_56,65.80944531849111,65.8094453184921,-9.805489753484576e-13,1.3528933961590833e-15
1,26,0.5773502691896258,2,GL12_16,-201.9636518481978,-201.8773062193893,-0.08272286097940457,8.721574196302093e-12
1,27,-0.816496580927726,2,GL12_16,57.943999945610905,57.94400091203516,-9.664237856363974e-07,1.2593684277067903e-14
1,27,-0.7071067811865475,2,GL12_16,52.45646512742321,52.456467306366804,-2.1789412223246324e-06,1.1047949006414684e-11
1,26,0.7071067811865475,2,GL12_16,-354.2211637612174,-353.94927513960863,-0.23806088008256515,7.074407245995301e-12
1,26,0.816496580927726,2,GL12_16,-649.7289052040627,-649.0019396612333,-0.5166264567811436,7.337802586356422e-12
1,27,-0.5773502691896258,2,GL12_16,44.96709550586242,44.96710135258387,-5.8467043580553555e-06,9.922383678009845e-12
1,27,-0.5,2,GL12_16,39.89015067702763,39.890161333017545,-1.0655933143148078e-05,1.1586405688896798e-11
1,27,-0.3333333333333333,2,GL12_16,26.961779168613802,26.961819197866166,-4.002845120451618e-05,8.671136659246717e-12
1,27,0.0,2,GL12_16,-11.737858603765325,-11.73722254071437,-0.0006358608057348755,9.420652109504358e-12
1,27,0.3333333333333333,2,GL12_16,-88.9136281435819,-88.9021882322236,-0.011374724386885658,6.426180229494683e-12
1,28,-1.0,2,back_40_56,61.45725575462511,61.45725575462373,1.3784529073755445e-12,1.4663835065657494e-15
1,27,0.5,2,GL12_16,-165.9514257575501,-165.9022141415814,-0.04802034571518983,7.56126949058758e-12
1,27,0.5773502691896258,2,GL12_16,-222.3083596250409,-222.212070300162,-0.09179878715314867,7.361274136596115e-12
1,28,-0.816496580927726,2,GL12_16,53.14057925264965,53.140580709473916,-1.4568232036103797e-06,2.5869041442227418e-14
1,28,-0.7071067811865475,2,GL12_16,47.33867570856589,47.33867892849945,-3.219928376691458e-06,1.1276191786842842e-11
1,27,0.7071067811865475,2,GL12_16,-383.62131902977495,-383.328457237914,-0.2538747458456329,8.564413852210334e-12
1,27,0.816496580927726,2,GL12_16,-696.7151998530456,-695.9508436307576,-0.5343664009628414,7.0404106314909705e-12
1,28,-0.5773502691896258,2,GL12_16,39.420567028897295,39.42057546263227,-8.433699412322551e-06,1.0936903319649172e-11
1,28,-0.5,2,GL12_16,34.05307891000691,34.053094055862395,-1.5145740787453293e-05,1.2208649106188511e-11
1,28,-0.3333333333333333,2,GL12_16,20.38482037268528,20.38487542857036,-5.505436953371792e-05,9.067715468565416e-12
1,28,0.0,2,GL12_16,-20.532452509340047,-20.53163792388432,-0.0008142537710640394,8.259440634543697e-12
1,28,0.3333333333333333,2,GL12_16,-102.14501403694852,-102.13149735520277,-0.013425741600488355,7.556754677536292e-12
1,29,-1.0,2,back_40_56,54.69819210330631,54.69819210330496,1.3500311979451017e-12,1.598118981526028e-15
1,28,0.5,2,GL12_16,-183.62339614115433,-183.56771880859407,-0.05415572019010046,7.803031554769149e-12
1,28,0.5773502691896258,2,GL12_16,-243.23257996470574,-243.12582968841383,-0.10124991582758656,7.830039178677071e-12
1,29,-0.816496580927726,2,GL12_16,45.68710765429952,45.68711025304944,-2.5987465460631834e-06,1.4884628542032715e-11
1,28,0.7071067811865475,2,GL12_16,-413.86189929571594,-413.54759122202427,-0.2697059908714192,8.363941157390395e-12
1,29,-0.7071067811865475,2,GL12_16,39.400229041547036,39.40023463161647,-5.5900538104930045e-06,1.25405123438653e-11
1,28,0.816496580927726,2,GL12_16,-745.0509094391458,-744.2465293816581,-0.5526348186961204,7.670115756512416e-12
1,29,-0.5773502691896258,2,GL12_16,30.81956693981057,30.819581100399255,-1.4160488423202031e-05,1.2289381994343416e-11
1,29,-0.5,2,GL12_16,25.002527008979527,25.002551920857435,-2.4911567609842157e-05,1.0930564683894878e-11
1,29,-0.3333333333333333,2,GL12_16,10.188103276585672,10.18818973198114,-8.645165830847376e-05,1.0680357109356718e-11
1,29,0.0,2,GL12_16,-34.169591498720024,-34.16843600996292,-0.0011548214370243803,7.75179573886371e-12
1,29,0.3333333333333333,2,GL12_16,-122.66907907714806,-122.65196906110766,-0.016964470990873354,1.077358511264824e-11
1,30,-1.0,2,back_40_56,45.29203143318675,45.29203143318732,-5.684341886079186e-13,2.226814856785541e-15
1,29,0.5,2,GL12_16,-211.03776326293587,-210.97138305695177,-0.06422499061151996,7.237782589887521e-12
1,29,0.5773502691896258,2,GL12_16,-275.6916500111749,-275.56787199908507,-0.11642403770498623,9.987833090573867e-12
1,30,-0.816496580927726,2,GL12_16,35.31314548970324,35.31315084394632,-5.354228745191461e-06,1.5420353854804054e-11
1,29,0.7071067811865475,2,GL12_16,-460.7706178848189,-460.4215751343593,-0.2946370249659856,8.274087467665432e-12
1,29,0.816496580927726,2,GL12_16,-820.0441480470531,-819.1641341024302,-0.5852228722693691,9.45039250085726e-12
1,30,-0.7071067811865475,2,GL12_16,28.350075552621576,28.350086682709005,-1.113002549028511e-05,1.2286102241690026e-11
1,30,-0.5773502691896258,2,GL12_16,18.845389797723765,18.84541682683108,-2.7028742031971942e-05,1.3309626677852106e-11
1,30,-0.5,2,GL12_16,12.401276204766653,12.401322531843718,-4.6326003982736514e-05,1.2018342226560574e-11
1,30,-0.3333333333333333,2,GL12_16,-4.012184794193644,-4.012033174248522,-0.00015160845139871538,1.0035653121700493e-11
1,30,0.0,2,GL12_16,-53.16949914286434,-53.16770654652473,-0.0017909905984192192,8.285116892882234e-12
1,30,0.3333333333333333,2,GL12_16,-151.21824089986217,-151.19419154902357,-0.023762469571720884,8.551858025729673e-12
1,31,-1.0,2,back_40_56,32.92806380223708,32.92806380223468,2.3945290195144045e-12,3.8019748878599194e-15
1,30,0.5,2,GL12_16,-249.064340770135,-248.97659876161532,-0.08400283429351062,7.933427334280547e-12
1,30,0.7071067811865475,2,GL12_16,-525.7075599684653,-525.2930645607835,-0.3393264325820788,9.081608650945176e-12
1,30,0.5773502691896258,2,GL12_16,-320.65823817840476,-320.50091777371546,-0.1455697485038075,9.111368283066409e-12
1,30,0.816496580927726,2,GL12_16,-924.0496448789377,-923.0285860643714,-0.6397866609440249,9.622466486034863e-12
1,31,-0.816496580927726,2,GL12_16,21.67368094368897,21.67369350882539,-1.2565057478344223e-05,1.4543707335294903e-11
1,31,-0.7071067811865475,2,GL12_16,13.81932142561957,13.819346516523666,-2.5090589321646592e-05,1.4782501136948842e-11
1,31,-0.5773502691896258,2,GL12_16,3.0965757515840266,3.096633750712094,-5.799744615045373e-05,1.2539748516438229e-11
1,31,-0.5,2,GL12_16,-4.174153597903413,-4.174056995555915,-9.659768164078434e-05,1.0828194928764983e-11
1,31,-0.3333333333333333,2,GL12_16,-22.690991432792202,-22.69068046916435,-0.0003109152836760659,9.420158134544236e-12
1,31,0.0,2,GL12_16,-77.7875983141543,-77.78268019674994,-0.004906043267074703,9.479542413902114e-12
1,31,0.5,2,GL12_16,-297.3782486628026,-297.2502908619377,-0.12010949102034074,8.535593385157153e-12
1,31,0.3333333333333333,2,GL12_16,-187.2683963368682,-187.22399704274028,-0.043428072346648215,8.562207333900878e-12
1,31,0.5773502691896258,2,GL12_16,-378.17458372777804,-377.9594613463498,-0.19355725947641206,9.129062822273863e-12
1,31,0.7071067811865475,2,GL12_16,-609.9046801374226,-609.3508926860537,-0.4252312260766379,9.489930974738592e-12
1,32,-1.0,2,back_40_56,11.929143328628918,11.929143328631291,-2.3732127374359187e-12,4.627348854538713e-13
1,31,0.816496580927726,2,GL12_16,-1060.4081408457157,-1059.011111590736,-0.7526693701281258,1.1449154918392432e-11
1,32,-0.816496580927726,2,GL12_16,-1.4741638116994977,-1.4740976654378528,-6.614407402918677e-05,1.5335858229645794e-11
1,32,-0.7071067811865475,2,GL12_16,-10.611817307068527,-10.611218125523493,-0.0005990020716199093,1.1063664008230079e-11
1,32,-0.5773502691896258,2,GL12_16,-22.049673715377892,-22.048265483234914,-0.0014072410493785365,1.18901288287541e-11
1,32,-0.5,2,GL12_16,-29.90859591135022,-29.907039134702856,-0.0015555654991746915,9.919789826687242e-12
1,32,-0.3333333333333333,2,GL12_16,-50.833194028357454,-50.83096892811753,-0.0022226265394709598,9.174121734369445e-12
1,32,0.0,2,GL12_16,-116.0900149617505,-116.0810659123385,-0.008909125850708221,8.646181040309427e-12
1,32,0.3333333333333333,2,GL12_16,-248.38721391020277,-248.3261816978881,-0.05920706583013081,8.517948772809423e-12
1,32,0.5,2,GL12_16,-381.0157483676851,-380.833869456838,-0.16629771339247948,9.197537845746697e-12
1,32,0.5773502691896258,2,GL12_16,-478.16431008849406,-477.85478929547844,-0.2662014866440285,8.246661119655164e-12
1,33,-1.0,2,back_40_56,-7.50731009169904,-7.490313979401613,-0.016852493187428385,7.004177408234243e-12
1,32,0.7071067811865475,2,GL12_16,-756.4953864479236,-755.7108029203619,-0.5436902973676998,9.975793022297119e-12
1,32,0.816496580927726,2,GL12_16,-1297.169613269348,-1295.3124632955808,-0.8438830657135672,1.0350727432298537e-11
1,33,-0.7071067811865475,2,GL12_16,-37.69252819019876,-37.69241524997645,-0.00011293384480175332,1.0432175867211868e-11
1,33,-0.816496580927726,2,GL12_16,-25.908465601617394,-25.90846107352162,-4.528085520305916e-06,1.1836167880360161e-11
1,33,-0.5773502691896258,2,GL12_16,-53.65511474646168,-53.654732301548734,-0.00038237179021030903,9.115623844405174e-12
1,33,-0.5,2,GL12_16,-64.4413422283487,-64.44065906560763,-0.0006829294385345526,9.978376302491659e-12
1,33,-0.3333333333333333,2,GL12_16,-91.85333698892602,-91.85121361952805,-0.0021211166439221952,1.0586300105939075e-11
1,33,0.3333333333333333,2,GL12_16,-337.2181999400049,-337.08050682894225,-0.12863393667779488,9.239624269028498e-12
1,33,0.0,2,GL12_16,-173.78023611338426,-173.76256495892318,-0.017515935256742724,9.723644089329354e-12
2,33,-1.0,2,back_40_56,11.951134344333838,11.951134344399968,-6.613021241500592e-11,4.882418684597536e-12
1,33,0.5,2,GL12_16,-500.5397063677394,-500.1653778355077,-0.31224907363746424,1.1113556808567183e-11
1,33,0.5773502691896258,2,GL12_16,-620.0910618580722,-619.4988324747849,-0.44690714672806486,1.0477104817045795e-11
1,33,0.7071067811865475,2,GL12_16,-962.4677923529223,-961.1739412252776,-0.725787281154841,1.1854117916038015e-11
1,33,0.816496580927726,2,GL12_16,-1627.3380580419237,-1624.6219197282064,-0.9338703661225517,1.0623394953341472e-11
2,33,-0.7071067811865475,2,GL12_16,-10.563990521431862,-10.563364374851254,-0.0006259505917455167,8.789764375622754e-12
2,33,-0.816496580927726,2,GL12_16,-1.4480363380556582,-1.4479688369695012,-6.749880800999453e-05,9.758202366632917e-12
2,33,-0.5773502691896258,2,GL12_16,-21.962438004708375,-21.961039937963278,-0.0013970899050669175,8.659095747198847e-12
2,33,-0.5,2,GL12_16,-29.819723393549808,-29.818188066148807,-0.0015341493888421508,9.077626652460873e-12
2,33,-0.3333333333333333,2,GL12_16,-50.74777733634224,-50.74558454760482,-0.0021903863325037414,7.385776694584162e-12
2,33,0.3333333333333333,2,GL12_16,-248.27346312044438,-248.21275692800043,-0.05890029863596885,8.417877178609666e-12
2,33,0.0,2,GL12_16,-116.00107853632507,-115.99222070700445,-0.008818714326993974,9.829132032299989e-12
2,33,0.5,2,GL12_16,-380.87285391495925,-380.69153583930705,-0.1658300126688242,9.087354211838729e-12
3,33,-1.0,2,back_40_56,32.95135448160465,32.951354481602266,2.3874235921567865e-12,3.93048258880999e-15
2,33,0.5773502691896258,2,GL12_16,-477.99935264066573,-477.6905154728479,-0.2656996719831746,9.785754411145481e-12
2,33,0.7071067811865475,2,GL12_16,-756.2661120168306,-755.482431063988,-0.5432782578457522,1.3003572227287481e-11
3,33,-0.816496580927726,2,GL12_16,21.700004630898793,21.700017121107024,-1.249013022891562e-05,8.47588049593199e-12
2,33,0.816496580927726,2,GL12_16,-1296.813979054135,-1294.958125019741,-0.8436806164789654,1.1310533594042424e-11
3,33,-0.7071067811865475,2,GL12_16,13.847769333172266,13.847794280576352,-2.4947092901753656e-05,8.144148359028858e-12
3,33,-0.5773502691896258,2,GL12_16,3.127935545042128,3.127993232696916,-5.768599088743478e-05,7.0963543495396666e-12
3,33,-0.5,2,GL12_16,-4.140805523577782,-4.140709400717405,-9.611824072295495e-05,7.103664340131223e-12
3,33,0.0,2,GL12_16,-77.7066146616446,-77.70163014014496,-0.004972119387101863,8.61952797944892e-12
3,33,-0.3333333333333333,2,GL12_16,-22.652106625273774,-22.651795725651596,-0.0003108512978989345,7.016307808088677e-12
3,33,0.3333333333333333,2,GL12_16,-187.112077794938,-187.0677883142418,-0.04332302213272858,6.158280597598057e-12
4,33,-1.0,2,back_40_56,45.316036377971045,45.31603637797161,-5.684341886079186e-13,2.147912936613721e-15
3,33,0.5,2,GL12_16,-297.17259146354064,-297.0450690381657,-0.11972632485433417,8.460463871511414e-12
3,33,0.5773502691896258,2,GL12_16,-377.9345629018461,-377.7200958797505,-0.19302857648045899,8.059369126790277e-12
4,33,-0.816496580927726,2,GL12_16,35.340250945828586,35.3402562620532,-5.316210484983902e-06,1.036647346834716e-11
3,33,0.7071067811865475,2,GL12_16,-609.5672517004595,-609.0145777998337,-0.4245908353937547,1.182470487295351e-11
3,33,0.816496580927726,2,GL12_16,-1059.881784522074,-1058.4864729818364,-0.7522441615700429,1.2958893627273816e-11
4,33,-0.7071067811865475,2,GL12_16,28.379343926153574,28.379354979620818,-1.1053406154382828e-05,1.0318108249619172e-11
4,33,-0.5773502691896258,2,GL12_16,18.87761050563594,18.877637356561504,-2.6850565081883252e-05,8.17500477120126e-12
4,33,-0.5,2,GL12_16,12.435498802370681,12.435544833001018,-4.6029570943492275e-05,5.9598625147258774e-12
4,33,-0.3333333333333333,2,GL12_16,-3.9728613118057226,-3.9727105906441054,-0.00015070980375353542,8.124843351405257e-12
4,33,0.0,2,GL12_16,-53.1147165905726,-53.1129315251339,-0.0017834731569692315,6.705193543003289e-12
4,33,0.3333333333333333,2,GL12_16,-151.12535862375813,-151.1012700240929,-0.023800784997374144,6.952007272265427e-12
5,33,-1.0,2,back_40_56,54.72222133079941,54.72222133079805,1.3571366253027122e-12,1.8977508496580796e-15
4,33,0.5,2,GL12_16,-248.92154062399436,-248.8334780434451,-0.08429643030216179,7.708948441663322e-12
5,33,-0.816496580927726,2,GL12_16,45.714283085009065,45.714285663442986,-2.5784305973272703e-06,8.531379322844505e-12
4,33,0.5773502691896258,2,GL12_16,-320.47656054136235,-320.31870663738465,-0.14602546486197818,6.710298708201773e-12
4,33,0.7071067811865475,2,GL12_16,-525.4163253356156,-525.0010993652002,-0.33980891980450956,7.625219353572928e-12
4,33,0.816496580927726,2,GL12_16,-923.5551671574233,-922.5338112863124,-0.6398936487823728,9.256807323862898e-12
5,33,-0.7071067811865475,2,GL12_16,39.42959804649824,39.42960359407505,-5.5475614172670595e-06,8.85310845519764e-12
5,33,-0.5773502691896258,2,GL12_16,30.85192853704941,30.851942594174147,-1.40570259362063e-05,9.202498603286315e-12
5,33,-0.5,2,GL12_16,25.036916764767852,25.036941499538365,-2.47344646107659e-05,7.196589171523466e-12
5,33,-0.3333333333333333,2,GL12_16,10.227657054072623,10.227742936577897,-8.587881747774306e-05,7.07005394842751e-12
5,33,0.0,2,GL12_16,-34.11457299790338,-34.11342374100535,-0.0011485967552381819,5.65060241999187e-12
5,33,0.3333333333333333,2,GL12_16,-122.58302247888706,-122.56597486028836,-0.016903130175032473,6.776255497698784e-12
6,33,-1.0,2,back_40_56,61.480947711904925,61.480947711903546,1.3784529073755445e-12,1.3926096157906041e-15
5,33,0.5,2,GL12_16,-210.92001224209918,-210.85379465654614,-0.0640728021019639,6.350636672598139e-12
6,33,-0.816496580927726,2,GL12_16,53.16742762845772,53.16742907316685,-1.4447080838488178e-06,1.3869495436114481e-14
5,33,0.5773502691896258,2,GL12_16,-275.55015817669096,-275.42660719867246,-0.11622341308349951,8.090047403700226e-12
5,33,0.7071067811865475,2,GL12_16,-460.55919030724743,-460.2104438782263,-0.2944279798238516,8.1372190436711e-12
5,33,0.816496580927726,2,GL12_16,-819.6926710625386,-818.8129024306646,-0.5851211096706568,9.22420408782668e-12
6,33,-0.7071067811865475,2,GL12_16,47.367724535100805,47.36772772895651,-3.1938506040014544e-06,8.623730229791968e-12
6,33,-0.5773502691896258,2,GL12_16,39.45261753961982,39.452625907574095,-8.3679192613828e-06,6.071585266994349e-12
6,33,-0.5,2,GL12_16,34.08716356371224,34.087178594482936,-1.5030657735953845e-05,5.9014628088555975e-12
6,33,-0.3333333333333333,2,GL12_16,20.42408367024475,20.4241383351366,-5.466339775071267e-05,5.810354106723806e-12
6,33,0.0,2,GL12_16,-20.477686336675177,-20.47687649220626,-0.0008095166333908357,5.493322056189791e-12
6,33,0.3333333333333333,2,GL12_16,-102.05927011723232,-102.04580893235742,-0.013370988296974622,6.828945619121748e-12
7,33,-1.0,2,back_40_56,65.83273895751594,65.83273895751692,-9.805489753484576e-13,1.1814124681977648e-15
6,33,0.5,2,GL12_16,-183.50660951662013,-183.4511038205619,-0.053993364853781554,8.556764365167368e-12
6,33,0.5773502691896258,2,GL12_16,-243.093011813916,-242.98653700944942,-0.10100230139756067,6.706209368619262e-12
7,33,-0.816496580927726,2,GL12_16,57.97044445509348,57.97044541316215,-9.580682161133392e-07,1.0750439554054204e-14
6,33,0.7071067811865475,2,GL12_16,-413.6568807586547,-413.3431223028949,-0.2693044978646857,6.8986471598604665e-12
7,33,-0.7071067811865475,2,GL12_16,52.48510589562396,52.4851080562058,-2.1605795091582798e-06,5.915213568983024e-12
6,33,0.816496580927726,2,GL12_16,-744.7182808738323,-743.9148308189344,-0.5522185743947718,8.658365556264918e-12
7,33,-0.5773502691896258,2,GL12_16,44.99873192257951,44.99873772180185,-5.7992055277705515e-06,7.312363228937674e-12
7,33,-0.5,2,GL12_16,39.92381698552556,39.92382755712397,-1.0571542529965263e-05,5.933035928736244e-12
7,33,-0.3333333333333333,2,GL12_16,27.000612874216518,27.000652606719704,-3.973171386077872e-05,5.905982362593336e-12
7,33,0.0,2,GL12_16,-11.683557973610718,-11.682925788827319,-0.0006319849967015111,6.227469709865694e-12
7,33,0.3333333333333333,2,GL12_16,-88.82843106376747,-88.81704062077598,-0.011325817499437145,5.943364278049935e-12
8,33,-1.0,2,back_40_56,70.07892590469764,70.07892590469747,1.7053025658243858e-13,1.1739635167909979e-15
7,33,0.5,2,GL12_16,-165.83529481661935,-165.78624405693785,-0.047867201485726915,7.783826541572868e-12
7,33,0.5773502691896258,2,GL12_16,-222.1695550014956,-222.07353075759534,-0.09155800837532173,6.324874121068675e-12
8,33,-0.816496580927726,2,GL12_16,62.65184065919178,62.65184128412343,-6.249314560465302e-07,7.846644254637681e-15
8,33,-0.7071067811865475,2,GL12_16,57.47044549622785,57.47044693373415,-1.437505265673043e-06,2.4837310957183867e-14
7,33,0.7071067811865475,2,GL12_16,-383.4175116600757,-383.12520619169726,-0.25345954336312443,7.69177114284314e-12
7,33,0.816496580927726,2,GL12_16,-696.3850648633241,-695.621696684832,-0.5339061072163929,7.350550469440658e-12
8,33,-0.5773502691896258,2,GL12_16,50.399266570894966,50.3992705243313,-3.953428519039793e-06,6.86897025857105e-12
8,33,-0.5,2,GL12_16,45.60603469297751,45.60604200861919,-7.315614922529658e-06,8.257131334146981e-12
8,33,-0.3333333333333333,2,GL12_16,33.40088245526911,33.400910891642745,-2.8435969322860596e-05,7.185851296434533e-12
8,33,0.0,2,GL12_16,-3.1286836313756723,-3.128196462828832,-0.00048704989951151576,5.092684352134087e-12
8,33,0.3333333333333333,2,GL12_16,-75.96155008376935,-75.95200123138589,-0.009503406858440599,5.077097694064117e-12
8,33,0.5,2,GL12_16,-148.652713743586,-148.60967117844461,-0.042129382698958794,6.721961570895685e-12
9,33,-1.0,2,back_40_56,74.20841566036547,74.2084156603668,-1.3216094885129131e-12,9.832410903566761e-16
8,33,0.5773502691896258,2,GL12_16,-201.82607339430768,-201.73997830734532,-0.0824930158798776,5.992382479095758e-12
8,33,0.7071067811865475,2,GL12_16,-354.0190053546516,-353.7476615966974,-0.2376456140277121,6.6330491507398725e-12
9,33,-0.816496580927726,2,GL12_16,67.2041236317657,67.20412403060865,-3.988428773456857e-07,6.999845216999151e-15
9,33,-0.7071067811865475,2,GL12_16,62.317982971482024,62.31798390816012,-9.366776599569384e-07,1.1374244566793961e-14
8,33,0.816496580927726,2,GL12_16,-649.4013059436032,-648.6753288408663,-0.5161484347822655,6.574503039445057e-12
9,33,-0.5773502691896258,2,GL12_16,55.650109631588336,55.650112274055616,-2.6424637883429705e-06,7.109691309681271e-12
9,33,-0.5,2,GL12_16,51.13048298089428,51.13048794782737,-4.9669207554081825e-06,5.949944907615492e-12
9,33,-0.3333333333333333,2,GL12_16,39.622755847483845,39.622775844969325,-1.999728553249159e-05,5.861002699662257e-12
9,33,0.0,2,GL12_16,5.185691428834247,5.186061518496352,-0.00037002118737402466,5.028074533956846e-12
9,33,0.3333333333333333,2,GL12_16,-63.4599352538784,-63.452012330130984,-0.007891620113717348,6.070425688445728e-12
9,33,0.5,2,GL12_16,-131.96044587627904,-131.92297207788408,-0.036780344708833346,5.684197149678474e-12
10,33,-1.0,2,back_40_56,78.22052562842285,78.22052562842316,-3.126388037343952e-13,1.0248916558362313e-15
9,33,0.5773502691896258,2,GL12_16,-182.06444793304854,-181.98776521321201,-0.07381633330132552,5.5703857327165e-12
10,33,-0.816496580927726,2,GL12_16,71.6265817893934,71.6265820377823,-2.483888697103731e-07,5.1213584200949784e-15
9,33,0.7071067811865475,2,GL12_16,-325.464337374579,-325.21354375440023,-0.22181704375291458,6.716746839402032e-12
10,33,-0.7071067811865475,2,GL12_16,67.02698834395632,67.02698894023877,-5.962822696418184e-07,8.475348520466815e-15
9,33,0.816496580927726,2,GL12_16,-603.7698831265983,-603.0811472171035,-0.4977894924780539,8.685678303062387e-12
10,33,-0.5773502691896258,2,GL12_16,60.75050804543193,60.75050977331692,-1.7278834996271902e-06,5.560247952350953e-12
10,33,-0.5,2,GL12_16,56.49639428556132,56.49639758727989,-3.301713113663518e-06,6.219111128668418e-12
10,33,-0.3333333333333333,2,GL12_16,45.66543201561492,45.66544580801657,-1.3792306538044674e-05,5.202189618587382e-12
10,33,0.3333333333333333,2,GL12_16,-51.324565813200564,-51.31806611490978,-0.006478620942038649,4.559702460741546e-12
10,33,0.0,2,GL12_16,13.258688147593134,13.25896490280627,-0.00027671691994466665,5.222587073295481e-12
11,33,-1.0,2,back_40_56,82.11469416888275,82.11469416888292,-1.705302565824095e-13,8.860241932096692e-16
10,33,0.5,2,GL12_16,-115.75955969101987,-115.72721658277099,-0.03182566351684756,6.03445129535163e-12
10,33,0.5773502691896258,2,GL12_16,-162.8858205069049,-162.81801991717856,-0.06555320670967128,5.753095230842903e-12
11,33,-0.816496580927726,2,GL12_16,75.91863335040372,75.91863350096708,-1.5056334067358743e-07,4.468903946604697e-15
10,33,0.7071067811865475,2,GL12_16,-297.7548758169567,-297.5241953786426,-0.20600684471029818,6.05448115722454e-12
11,33,-0.7071067811865475,2,GL12_16,71.59686727021769,71.59686764013149,-3.699137378348492e-07,7.226933395821561e-15
11,33,-0.5773502691896258,2,GL12_16,65.69985192464398,65.69985302733802,-1.1026934347759164e-06,1.86127516030191e-14
10,33,0.816496580927726,2,GL12_16,-559.4925740497245,-558.8409524822313,-0.4788000697166106,6.911572770864991e-12
11,33,-0.5,2,GL12_16,61.70314906126678,61.70315120522639,-2.1439573142308034e-06,5.735397599975441e-12
11,33,-0.3333333333333333,2,GL12_16,51.52826938908826,51.528278699683874,-9.310552271914112e-06,5.7488241558466565e-12
11,33,0.0,2,GL12_16,21.089614727684026,21.08981812833147,-0.00020337996293392268,4.49859903985275e-12
11,33,0.3333333333333333,2,GL12_16,-39.556194600841394,-39.55092861225222,-0.005252147577456682,4.85211413443491e-12
11,33,0.5,2,GL12_16,-100.05085872020872,-100.0232099588276,-0.027270032863689352,5.378494918706727e-12
11,33,0.5773502691896258,2,GL12_16,-144.29103170219446,-144.23156732453936,-0.05773090117178622,5.66875664911863e-12
12,33,-1.0,2,back_40_56,85.89045826550951,85.8904582655104,-8.952838470573255e-13,8.431988102375732e-16
11,33,0.7071067811865475,2,GL12_16,-270.89154565160806,-270.68050042863223,-0.1902625526837462,5.6632351748666475e-12
12,33,-0.816496580927726,2,GL12_16,80.07980161817562,80.07980170664743,-8.847180374406709e-08,5.567641107007652e-15
12,33,-0.7071067811865475,2,GL12_16,76.0271347274182,76.02713495029954,-2.2288131521261837e-07,5.062416654404134e-15
12,33,-0.5773502691896258,2,GL12_16,70.49764614858229,70.49764683340443,-6.848219058382051e-07,7.847974081694432e-15
12,33,-0.5,2,GL12_16,66.75024601496709,66.750247371265,-1.3562969950957537e-06,2.346604090860891e-13
11,33,0.816496580927726,2,GL12_16,-516.5703941263196,-515.9557511295545,-0.459166059685312,7.016337003011271e-12
12,33,-0.3333333333333333,2,GL12_16,57.21075282411876,57.21075896140791,-6.13727032198536e-06,5.416355644971621e-12
12,33,0.0,2,GL12_16,28.677925169199053,28.678071826114746,-0.00014664616209273187,5.2698409862304166e-12
12,33,0.3333333333333333,2,GL12_16,-28.155403293047414,-28.151195109816115,-0.004199341235505764,5.7580277316261e-12
13,33,-1.0,2,back_40_56,89.54743658236723,89.5474365823668,4.26325641456151e-13,7.416376114001875e-16
12,33,0.5,2,GL12_16,-84.83495804555771,-84.81157074168466,-0.023115940484354773,6.021646029168943e-12
12,33,0.5773502691896258,2,GL12_16,-126.2807239761283,-126.22903479049243,-0.05037602224902922,5.961440151590945e-12
12,33,0.7071067811865475,2,GL12_16,-244.87504899861312,-244.68311297373634,-0.17464033071076213,6.689108394149663e-12
13,33,-0.816496580927726,2,GL12_16,84.10969641479787,84.10969646506604,-5.026816880747733e-08,3.586322016914716e-15
13,33,-0.7071067811865475,2,GL12_16,80.31739537598015,80.3173955060203,-1.3004014086017146e-07,3.981579781919399e-15
13,33,-0.5773502691896258,2,GL12_16,75.14348934328561,75.14348975593373,-4.126480349790958e-07,6.313074980626196e-15
13,33,-0.5,2,GL12_16,71.6372801974147,71.63728103089215,-8.334771103756508e-07,1.362799428790048e-14
12,33,0.816496580927726,2,GL12_16,-475.0040830252701,-474.4262638546436,-0.43887925821921425,6.3233941084931595e-12
13,33,-0.3333333333333333,2,GL12_16,62.71246959723098,62.71247353728079,-3.940042053312528e-06,5.493966551438082e-12
13,33,0.0,2,GL12_16,36.023190084154116,36.023293615982325,-0.00010352646897443936,5.760193670150226e-12
13,33,0.3333333333333333,2,GL12_16,-17.12263898693439,-17.11932677977802,-0.0033067278494488474,5.096814942964379e-12
13,33,0.5,2,GL12_16,-70.1123264987202,-70.09277358978056,-0.019362990648260973,4.434543356171113e-12
14,33,-1.0,2,back_40_56,93.08531649706762,93.08531649706818,-5.542233338927246e-13,7.43573427386182e-16
13,33,0.5773502691896258,2,GL12_16,-108.85538847833492,-108.8109001052582,-0.04351327897330423,6.110412471844617e-12
13,33,0.7071067811865475,2,GL12_16,-219.70593029450663,-219.53252384852055,-0.15920419269481012,5.991584861017859e-12
14,33,-0.816496580927726,2,GL12_16,88.00799998989746,88.00800001732105,-2.742359546260028e-08,3.2165064335399377e-15
14,33,-0.7071067811865475,2,GL12_16,84.4673287358354,84.46732880892367,-7.30882705404491e-08,3.7408620196811734e-15
14,33,-0.5773502691896258,2,GL12_16,79.63705812396982,79.63705836422716,-2.402573069422258e-07,4.847105185650471e-15
14,33,-0.5,2,GL12_16,76.36392665374763,76.36392714945431,-4.957065635027989e-07,8.113024599512062e-15
13,33,0.816496580927726,2,GL12_16,-434.7942124741575,-434.25303608727063,-0.4179368819579263,5.533066318014035e-12
14,33,-0.3333333333333333,2,GL12_16,68.03309168437592,68.03309414025131,-2.4558723736138923e-06,5.1689766822045215e-12
14,33,0.0,2,GL12_16,43.125075736447165,43.12514713170216,-7.139270641099242e-05,4.677909863219851e-12
14,33,0.3333333333333333,2,GL12_16,-6.458239597350037,-6.455676026372451,-0.0025602878356286904,4.473529430836101e-12
14,33,0.5,2,GL12_16,-55.88331466136512,-55.86717775439487,-0.016007404611856485,5.667172793615867e-12
15,33,-1.0,2,back_40_56,96.50384412789397,96.50384412789364,3.268496584496995e-13,6.276786321838048e-16
14,33,0.5773502691896258,2,GL12_16,-92.01539448439631,-91.97752185802169,-0.03716442706144206,5.670807400680601e-12
14,33,0.7071067811865475,2,GL12_16,-195.38461025719545,-195.2290952015697,-0.14402581039513931,6.9999071821456835e-12
15,33,-0.7071067811865475,2,GL12_16,88.47667791218038,88.47667795160964,-3.942926618520936e-08,3.456389112524602e-15
15,33,-0.5773502691896258,2,GL12_16,83.97809518014688,83.97809531477114,-1.346242493458667e-07,4.418089023973823e-15
15,33,-0.816496580927726,2,GL12_16,91.77445625572233,91.77445627005996,-1.4337629647332507e-08,3.579982273004752e-15
14,33,0.816496580927726,2,GL12_16,-395.94122882647264,-395.4364801203968,-0.39634274823177007,7.023941302914683e-12
15,33,-0.5,2,GL12_16,80.92992810819217,80.9299283924002,-2.842079873916341e-07,4.915028178119134e-15
15,33,-0.3333333333333333,2,GL12_16,73.17236253784039,73.17236401884318,-1.4810017010477875e-06,3.087068008590578e-12
15,33,0.0,2,GL12_16,49.98332879414673,49.98337676111437,-4.796581724571136e-05,4.095495017109435e-12
15,33,0.3333333333333333,2,GL12_16,3.837548186300978,3.8394956751076634,-0.0019455936808043008,4.7725694720126245e-12
15,33,0.5,2,GL12_16,-42.14817421711297,-42.13504678109264,-0.01304164703885398,4.586650173120146e-12
15,33,0.5773502691896258,2,GL12_16,-75.76100932220893,-75.72916023693851,-0.031347244982327035,5.323970216862225e-12
16,33,-1.0,2,back_40_56,99.80281666202293,99.8028166620233,-3.6948222259518384e-13,6.747059328891559e-16
15,33,0.7071067811865475,2,GL12_16,-171.91140784483224,-171.7730830250569,-0.12918421238663305,5.579822530256488e-12
16,33,-0.7071067811865475,2,GL12_16,92.34524100156997,92.3452410218184,-2.024842140108458e-08,3.137799559568351e-15
16,33,-0.816496580927726,2,GL12_16,95.40886255172167,95.40886255881937,-7.097696627447283e-09,3.149827657689584e-15
16,33,-0.5773502691896258,2,GL12_16,88.16640023708374,88.16640030923605,-7.215231529516582e-08,4.071635349392922e-15
16,33,-0.5,2,GL12_16,85.33508565208169,85.33508580831841,-1.5623671090953281e-07,4.1744813589414864e-15
15,33,0.816496580927726,2,GL12_16,-358.4454786585775,-357.97689957229113,-0.3741090261858224,5.873311950108557e-12
16,33,-0.3333333333333333,2,GL12_16,78.13008717135868,78.1300880316795,-8.603204542826416e-07,1.3143934942361332e-14
16,33,0.0,2,GL12_16,56.59776518433797,56.597796485095806,-3.130026796914347e-05,5.489305992482763e-12
16,33,0.3333333333333333,2,GL12_16,13.764556148216087,13.766005193230654,-0.001447995655757347,4.496210576921884e-12
16,33,0.5,2,GL12_16,-28.907071420824508,-28.896562219633367,-0.010454172474291128,4.836577249787348e-12
16,33,0.5773502691896258,2,GL12_16,-60.09241196368596,-60.065991465876365,-0.02607453003412678,5.156106314444434e-12
17,33,-1.0,2,back_40_56,102.98207649298881,102.98207649298871,9.947598300641897e-14,5.854984447313309e-16
16,33,0.7071067811865475,2,GL12_16,-149.28655491811145,-149.16465255723926,-0.1147652021633109,4.997563998280965e-12
17,33,-0.816496580927726,2,GL12_16,98.91106337683144,98.91106338013284,-3.3014089185672184e-09,2.3008343179556535e-15
17,33,-0.7071067811865475,2,GL12_16,96.07286456979688,96.07286457962168,-9.824802256783972e-09,2.4383767880505225e-15
17,33,-0.5773502691896258,2,GL12_16,92.20182322293722,92.2018232596783,-3.6741084166242774e-08,3.116093596719625e-15
16,33,0.816496580927726,2,GL12_16,-322.30722617543705,-321.8745052811331,-0.3512584660037441,7.027323217013123e-12
17,33,-0.5,2,GL12_16,89.57925172360794,89.57925180545077,-8.184282427700881e-08,3.8452161220622036e-15
17,33,-0.3333333333333333,2,GL12_16,82.90612474224451,82.90612522117914,-4.789345088265015e-07,6.4447422945919446e-15
17,33,0.0,2,GL12_16,62.96826198519059,62.968281751880724,-1.976649477741399e-05,3.686886547238381e-12
17,33,0.3333333333333333,2,GL12_16,23.322685593576445,23.323738995570515,-0.0010528473609577496,4.331765267715248e-12
17,33,0.5773502691896258,2,GL12_16,-45.00970209514692,-44.98811767903865,-0.02135313957723425,5.10187681009479e-12
17,33,0.5,2,GL12_16,-16.160096352736076,-16.151832997445325,-0.008229307617637974,4.04458691702555e-12
18,33,-1.0,2,back_40_56,106.04150681800348,106.04150681800398,-4.973799150319464e-13,5.439581348725062e-16
17,33,0.7071067811865475,2,GL12_16,-127.51020571782898,-127.40388876676234,-0.10086038035323243,7.0571669254559435e-12
18,33,-0.816496580927726,2,GL12_16,102.28094569618945,102.28094569762506,-1.4356089640086503e-09,2.6536018829081074e-15
18,33,-0.7071067811865475,2,GL12_16,99.65943877785696,99.6594387823245,-4.467537441112185e-09,2.8112979621752525e-15
18,33,-0.5773502691896258,2,GL12_16,96.08425917771456,96.08425919534469,-1.7630128312816044e-08,2.9804291400350593e-15
17,33,0.816496580927726,2,GL12_16,-287.52666522543785,-287.1294254877222,-0.32782713887143505,5.527083275256131e-12
18,33,-0.5,2,GL12_16,93.6623248891459,93.66232492968584,-4.053992970192125e-08,2.6843026225955e-15
18,33,-0.3333333333333333,2,GL12_16,87.50038307678193,87.50038333066271,-2.538807526118426e-07,4.583595409719949e-15
18,33,0.0,2,GL12_16,69.0947516438928,69.09476367214491,-1.2028179761869736e-05,4.049009849631039e-12
18,33,0.3333333333333333,2,GL12_16,32.51190130217435,32.5126473359343,-0.0007457555459499088,3.907180726872395e-12
19,33,-1.0,2,back_40_56,108.98102844997219,108.98102844997265,-4.689582056015562e-13,6.334699384360258e-16
18,33,0.5,2,GL12_16,-3.9072689975176615,-3.9009014848373127,-0.006347283031770352,4.49286139355031e-12
18,33,0.5773502691896258,2,GL12_16,-30.512905786026266,-30.49557332923338,-0.01718311383523441,4.1405875745062164e-12
18,33,0.7071067811865475,2,GL12_16,-106.5824423520239,-106.49080319934261,-0.08756566036721178,5.486687763507833e-12
19,33,-0.816496580927726,2,GL12_16,105.51843554623991,105.5184355467834,-5.434799275805002e-10,2.1050839901738045e-15
19,33,-0.7071067811865475,2,GL12_16,103.10489385979938,103.1048938616419,-1.8425225772567863e-09,2.400420327296906e-15
18,33,0.816496580927726,2,GL12_16,-254.10392734263678,-253.74171173144885,-0.30386774224340907,5.509834247653097e-12
19,33,-0.5773502691896258,2,GL12_16,99.81364458131091,99.8136445891501,-7.839190599239288e-09,1.9882137445279856e-15
19,33,-0.5,2,GL12_16,97.58424608602115,97.5842461047693,-1.8748153076343936e-08,2.772750705100999e-15
19,33,-0.3333333333333333,2,GL12_16,91.9128147567157,91.91281488377297,-1.2705725441718736e-07,3.951142685424107e-15
19,33,0.0,2,GL12_16,74.9772180356431,74.97722505154245,-7.015874731013218e-06,3.720219317592033e-12
19,33,0.3333333333333333,2,GL12_16,41.33222781237647,41.332740787474464,-0.0005128435487596291,4.77292778656366e-12
20,33,-1.0,2,back_40_56,111.80059767798636,111.80059767798633,2.842170943040441e-14,5.386396117415982e-16
19,33,0.5,2,GL12_16,7.851457192250884,7.8562531101212585,-0.004784435819256952,5.254641144487106e-12
19,33,0.5773502691896258,2,GL12_16,-16.601978469380853,-16.588328796995725,-0.013556938017759897,4.455508633427111e-12
19,33,0.7071067811865475,2,GL12_16,-86.50327699535508,-86.42533796617893,-0.0749791758940571,4.522440839826343e-12
19,33,0.816496580927726,2,GL12_16,-222.03908662657375,-221.7113412964339,-0.27945350218304105,5.794448248633979e-12
20,33,-0.816496580927726,2,GL12_16,108.62349575300355,108.6234957532093,-2.0574475454552915e-10,2.2517004012054167e-15
20,33,-0.5773502691896258,2,GL12_16,103.3899548851278,103.3899548883463,-3.2184885815743307e-09,2.41030182437184e-15
20,33,-0.7071067811865475,2,GL12_16,106.40919775418703,106.4091977548976,-7.105711572170749e-10,2.357746368602947e-15
20,33,-0.5,2,GL12_16,101.34499609990081,101.34499610792571,-8.024898047184508e-09,2.614851852475481e-15
20,33,-0.3333333333333333,2,GL12_16,96.1434145124085,96.14341457185651,-5.94480109676866e-08,2.929848796995817e-15
20,33,0.0,2,GL12_16,80.61569404159616,80.61569793908703,-3.897483275278178e-06,3.020730587764999e-12
20,33,0.3333333333333333,2,GL12_16,49.78374768261253,49.78408875397193,-0.0003410132011768785,3.726523329829939e-12
21,33,-1.0,2,back_40_56,114.5002050728264,114.50020507282689,-4.831690603167514e-13,5.014079053058883e-16
20,33,0.5,2,GL12_16,19.116193860025025,19.119713644604218,-0.003513597398760965,4.080095772656678e-12
20,33,0.5773502691896258,2,GL12_16,-3.276805663716857,-3.2662915760920583,-0.0104590078125148,4.684624800711041e-12
20,33,0.7071067811865475,2,GL12_16,-67.27265116340531,-67.2073673139028,-0.06319848500946033,5.8303656442370895e-12
21,33,-0.816496580927726,2,GL12_16,111.5961246481587,111.5961246481994,-4.06998879035103e-11,2.2624867363810044e-15
20,33,0.816496580927726,2,GL12_16,-191.33216184879035,-191.03821666841924,-0.2546826516561608,6.199297097125394e-12
21,33,-0.7071067811865475,2,GL12_16,109.57235476565349,109.57235476586361,-2.1012169779690126e-10,2.029780891729187e-15
21,33,-0.5773502691896258,2,GL12_16,106.81320311286042,106.81320311400638,-1.1459633235772736e-09,2.0077466092901374e-15
21,33,-0.5,2,GL12_16,104.94459413511936,104.94459413818406,-3.0646987123295596e-09,1.8770926370363874e-15
21,33,0.0,2,GL12_16,86.01026043870624,86.01026248400801,-2.0452996780981546e-06,1.088722667321849e-14
21,33,-0.3333333333333333,2,GL12_16,100.19221776275398,100.1922177883182,-2.556421885921597e-08,2.3118503568964625e-15
21,33,0.3333333333333333,2,GL12_16,57.86660152913584,57.8668197412148,-0.00021818827243151386,3.674156658138547e-12
22,33,-1.0,2,back_40_56,117.07987518697377,117.07987518697334,4.26325641456151e-13,4.728426267465613e-16
21,33,0.5,2,GL12_16,29.887118238471057,29.889626055591936,-0.0025046751745475123,4.239040075599835e-12
21,33,0.5773502691896258,2,GL12_16,9.462798326429343,9.47069479553555,-0.007865373895322077,4.145268948812209e-12
21,33,0.7071067811865475,2,GL12_16,-48.890432207167166,-48.836696972655474,-0.052317012963096474,5.006294974205806e-12
22,33,-0.816496580927726,2,GL12_16,114.43635572535669,114.43635572537772,-2.1032064978277792e-11,1.8778079188949593e-15
22,33,-0.7071067811865475,2,GL12_16,112.59440519452878,112.59440519459746,-6.868106083621273e-11,1.9473615819290464e-15
22,33,-0.5773502691896258,2,GL12_16,110.08343946228736,110.08343946265757,-3.702069761172008e-10,1.9778258825914305e-15
21,33,0.816496580927726,2,GL12_16,-161.98311589550912,-161.7221622258461,-0.22968339218363237,4.959874738412991e-12
22,33,-0.3333333333333333,2,GL12_16,104.05930021809382,104.05930022802909,-9.935263229393878e-09,1.885082561093207e-15
22,33,-0.5,2,GL12_16,108.38309740551648,108.38309740656146,-1.0449809900816716e-09,1.8962770620423584e-15
22,33,0.0,2,GL12_16,91.16104598418457,91.16104698755134,-1.0033662729586738e-06,4.919748856741264e-15
22,33,0.3333333333333333,2,GL12_16,65.58098975422426,65.58112328936755,-0.00013352622787099485,3.1456324476367337e-12
23,33,-1.0,2,back_40_56,119.53966714685161,119.53966714685203,-4.121147867407732e-13,4.849015028935797e-16
22,33,0.5,2,GL12_16,40.16447553356006,40.1662024537653,-0.001725429936527419,3.932877836527243e-12
22,33,0.7071067811865475,2,GL12_16,-31.356406990897582,-31.31306126483294,-0.04241972762682765,4.804431474325331e-12
22,33,0.5773502691896258,2,GL12_16,21.617093657475234,21.622854064643853,-0.005743847834671149,3.672345866664598e-12
23,33,-0.816496580927726,2,GL12_16,117.14425823400414,117.14425823398926,1.4878764886927188e-11,1.9160214856796384e-15
23,33,-0.7071067811865475,2,GL12_16,115.47542593059121,115.47542593058401,7.204903340633371e-12,1.7669118220378739e-15
22,33,0.816496580927726,2,GL12_16,-133.9918523627034,-133.76291820037835,-0.20461910218969404,5.816005731511371e-12
23,33,-0.5773502691896258,2,GL12_16,113.2007519021631,113.20075190223025,-6.714628852707515e-11,2.2172028954682013e-15
23,33,-0.5,2,GL12_16,111.66060173827113,111.66060173853386,-2.6273028194014105e-10,1.5523315205328308e-15
23,33,-0.3333333333333333,2,GL12_16,107.7447785332491,107.74477853657527,-3.3261642273990663e-09,2.168566760995767e-15
23,33,0.0,2,GL12_16,96.06822865855507,96.0682291121478,-4.535926302785404e-07,4.0810422605224974e-15
23,33,0.3333333333333333,2,GL12_16,72.92717597653721,72.92725355765369,-7.757810713449895e-05,3.0737689958202777e-12
23,33,0.5,2,GL12_16,49.94858331051857,49.94972639085258,-0.0011424272665453417,4.223490233550078e-12
24,33,-1.0,2,back_40_56,121.87967618275118,121.87967618275094,2.4158453015846324e-13,5.005830467935526e-16
23,33,0.5773502691896258,2,GL12_16,33.186420224299496,33.19048300590202,-0.0040545396708465626,3.665654743330067e-12
23,33,0.7071067811865475,2,GL12_16,-14.670272568477202,-14.636117758457175,-0.03357811873458644,3.726055677272016e-12
24,33,-0.816496580927726,2,GL12_16,119.71993875804115,119.71993875804853,-7.375433597162642e-12,1.7911795442898245e-15
24,33,-0.7071067811865475,2,GL12_16,118.21553206020245,118.21553206021053,-8.085976332917249e-12,1.761425956777681e-15
23,33,0.816496580927726,2,GL12_16,-107.35820884109644,-107.16013179426311,-0.17969335132663214,5.138720614222764e-12
24,33,-0.5773502691896258,2,GL12_16,116.16526781520551,116.16526781522585,-2.0335733097247295e-11,1.7255593035566625e-15
24,33,-0.5,2,GL12_16,114.7772432424258,114.77724324248832,-6.252776074493396e-11,1.7626906632085526e-15
24,33,-0.3333333333333333,2,GL12_16,111.24881206215082,111.24881206308386,-9.330420876007342e-10,1.9180232328824324e-15
24,33,0.0,2,GL12_16,100.7320381033333,100.73203828861122,-1.8527790917053887e-07,2.448335403144748e-15
24,33,0.3333333333333333,2,GL12_16,79.90549225333696,79.90553464134811,-4.238711279358721e-05,2.572284190443256e-12
24,33,0.5,2,GL12_16,59.23983813346954,59.240560526063135,-0.0007221317308838719,3.0124835553356083e-12
25,33,-1.0,2,back_40_56,124.10003619307494,124.10003619307494,0.0,5.132491282887132e-16
24,33,0.5773502691896258,2,GL12_16,44.17120521284294,44.17395989635403,-0.0027508928519499173,3.2703206848506376e-12
25,33,-0.816496580927726,2,GL12_16,122.16354388569317,122.16354388569333,-1.5631940186720982e-13,1.625284590310494e-15
25,33,-0.7071067811865475,2,GL12_16,120.81487959802598,120.81487959802571,2.700062395888745e-13,1.4395263167374226e-15
24,33,0.7071067811865475,2,GL12_16,1.168376460227833,1.1945609810677098,-0.02584467893427535,4.043659833055258e-12
24,33,0.816496580927726,2,GL12_16,-82.08194608527243,-81.91334518425036,-0.15515398670814035,3.964084728797064e-12
25,33,-0.5773502691896258,2,GL12_16,118.97715680459606,118.97715680459507,9.94759830064635e-13,1.4205571881934218e-15
25,33,-0.5,2,GL12_16,117.73320116307193,117.73320116307433,-2.401634446866255e-12,1.525623791890886e-15
25,33,-0.3333333333333333,2,GL12_16,114.57160584133403,114.57160584151146,-1.7742252110355763e-10,1.5380332946822065e-15
25,33,0.0,2,GL12_16,105.15275937589512,105.15275944218962,-6.629450191107438e-08,2.0955580770943575e-15
25,33,0.3333333333333333,2,GL12_16,86.51634627192468,86.51636778357772,-2.1511421671586857e-05,1.6337435884688065e-14
25,33,0.5,2,GL12_16,68.0387248759215,68.03915704774855,-0.000432078454250718,2.5497955250515224e-12
26,33,-1.0,2,back_40_56,126.20092349868612,126.20092349868594,1.8474111129764311e-13,3.9821574316152014e-16
25,33,0.5773502691896258,2,GL12_16,54.571973382406796,54.57375621060213,-0.001781239901169762,3.497345003648598e-12
25,33,0.7071067811865475,2,GL12_16,16.160064387486642,16.17949925450567,-0.019247227539949438,3.883562413849353e-12
26,33,-0.816496580927726,2,GL12_16,124.47526413953776,124.47526413953592,1.8332002582627387e-12,1.4287106538405015e-15
26,33,-0.7071067811865475,2,GL12_16,123.27366952185955,123.27366952185744,2.1032064978521083e-12,1.4340024727753312e-15
25,33,0.816496580927726,2,GL12_16,-58.16273182282055,-58.02197995920129,-0.13129515776843667,4.065065669401601e-12
26,33,-0.5773502691896258,2,GL12_16,121.63663485383529,121.63663485383198,3.3111291486475486e-12,1.7187954252783881e-15
26,33,-0.5,2,GL12_16,120.52870211783784,120.52870211783278,5.05906427862471e-12,1.460413412200653e-15
26,33,-0.3333333333333333,2,GL12_16,117.71341501268323,117.71341501268894,-5.712763595494888e-12,1.7385658033774478e-15
26,33,0.0,2,GL12_16,109.33073823973427,109.33073825945718,-1.9722904004219223e-08,1.6085663096858865e-15
26,33,0.3333333333333333,2,GL12_16,92.76023077276581,92.76024074427707,-9.97146154578887e-06,5.238090358669574e-15
26,33,0.5,2,GL12_16,76.34582928928386,76.34607136203655,-0.00024204345545343346,3.083176089534097e-12
27,33,-1.0,2,back_40_56,128.1825620150684,128.18256201506844,-2.8421709430403604e-14,4.114800399253349e-16
26,33,0.5773502691896258,2,GL12_16,64.38936078117685,64.39045224193762,-0.00109086533412775,2.5208876733798036e-12
26,33,0.7071067811865475,2,GL12_16,30.305455278120895,30.31933477218933,-0.013783617973767356,3.3116262850519016e-12
27,33,-0.816496580927726,2,GL12_16,126.65533941854791,126.65533941855217,-4.2632564145515134e-12,1.4970942612265397e-15
26,33,0.816496580927726,2,GL12_16,-35.60011740111669,-35.485317275836294,-0.10845567672890917,4.683868866535033e-12
27,33,-0.7071067811865475,2,GL12_16,125.59215337707673,125.59215337708153,-4.803268893726742e-12,1.333225391462797e-15
27,33,-0.5773502691896258,2,GL12_16,124.14397012507492,124.14397012508026,-5.343281372901678e-12,1.4573574157071268e-15
27,33,-0.5,2,GL12_16,123.1640260123262,123.1640260123314,-5.201172825750408e-12,1.1586588994371477e-15
27,33,-0.3333333333333333,2,GL12_16,120.67455100696674,120.67455100696606,6.821210263299288e-13,1.303493084087572e-15
27,33,0.3333333333333333,2,GL12_16,98.63773558829905,98.63773971053088,-4.1222233323877425e-06,2.547973499420115e-15
27,33,0.0,2,GL12_16,113.26638834179573,113.26638834617671,-4.380979125424846e-09,1.5261381934720426e-15
27,33,0.5,2,GL12_16,84.16185463016531,84.1619797415483,-0.00012510355688251552,9.408126250762539e-15
28,33,-1.0,2,back_40_56,131.04395595472528,131.04395595472528,0.0,3.849215673238555e-16
27,33,0.5773502691896258,2,GL12_16,73.62413294329409,73.62475762103149,-0.0006244826668889775,2.442975731743026e-12
27,33,0.7071067811865475,2,GL12_16,43.605379223252456,43.61484140960138,-0.009417560726575621,2.7096349695106833e-12
28,33,-0.7071067811865475,2,GL12_16,128.89463250096554,128.89463250096026,5.2864379540691186e-12,1.2619400902562433e-15
28,33,-0.816496580927726,2,GL12_16,129.77593962574628,129.7759396257415,4.774847184319273e-12,1.4411523410550156e-15
28,33,-0.5773502691896258,2,GL12_16,127.6959265148587,127.6959265148528,5.897504706826222e-12,1.2453821272659812e-15
27,33,0.816496580927726,2,GL12_16,-14.393504686332811,-14.30247258376955,-0.08701159883909557,3.2919965477980567e-12
28,33,-0.5,2,GL12_16,126.88585135708678,126.88585135708045,6.323830348284887e-12,1.5271068980953082e-15
28,33,-0.3333333333333333,2,GL12_16,124.83135623147858,124.83135623147027,8.313350008427728e-12,1.5300995544250524e-15
28,33,0.0,2,GL12_16,118.74062223951977,118.7406222395783,-5.853451057020391e-11,1.1801989750987353e-15
28,33,0.3333333333333333,2,GL12_16,106.773160404153,106.77316122225952,-8.181061794398247e-07,2.34818370981844e-15
28,33,0.5,2,GL12_16,94.96782783931458,94.9678660438749,-3.820383054107283e-05,5.486127997163565e-15
29,33,-1.0,2,back_40_56,134.37337565357694,134.37337565357626,6.821210263299288e-13,3.624063698295853e-16
28,33,0.5773502691896258,2,GL12_16,86.38617857264016,86.38640856594898,-0.00022996686238749677,9.90605866646106e-15
28,33,0.7071067811865475,2,GL12_16,61.97233618011745,61.977105434499315,-0.004757899546721016,3.779073003663743e-12
29,33,-0.816496580927726,2,GL12_16,133.41821540596183,133.4182154059655,-3.666400516515396e-12,1.3033428629955871e-15
28,33,0.816496580927726,2,GL12_16,14.87571710830482,14.935818906830818,-0.058331331777548893,3.4844126006955393e-12
29,33,-0.7071067811865475,2,GL12_16,132.7557894340768,132.75578943408084,-4.035882739109225e-12,1.3973660648174568e-15
29,33,-0.5773502691896258,2,GL12_16,131.8565177277717,131.8565177277762,-4.519051799424027e-12,1.212909971053052e-15
29,33,-0.5,2,GL12_16,131.24983536728894,131.24983536729374,-4.803268893726742e-12,1.19970387439499e-15
29,33,-0.3333333333333333,2,GL12_16,129.71453056070766,129.71453056071334,-5.684341886064646e-12,1.1206946998524927e-15
29,33,0.0,2,GL12_16,125.18518730651441,125.1851873065118,2.600586412885348e-12,1.1570040136917528e-15
29,33,0.3333333333333333,2,GL12_16,116.34513777880767,116.34513781061654,-3.180886614587041e-08,1.9763790640596354e-15
29,33,0.5,2,GL12_16,107.66669866834242,107.66670312538704,-4.457034692319493e-06,2.0465824573252316e-15
29,33,0.5773502691896258,2,GL12_16,101.37354927544207,101.3735881223952,-3.8846198598497125e-05,4.602371956004968e-15
30,33,-1.0,2,back_40_56,137.8714811715331,137.8714811715335,-3.9790393202557694e-13,3.608878401833681e-16
29,33,0.7071067811865475,2,GL12_16,83.51427389065113,83.51570252187317,-0.0014276112142524741,1.3250502370523499e-14
29,33,0.816496580927726,2,GL12_16,49.16519072979327,49.19414117084556,-0.028535391962670558,2.9550113632137687e-12
30,33,-0.816496580927726,2,GL12_16,137.24311441143982,137.2431144114441,-4.291678123981796e-12,1.189679285986816e-15
30,33,-0.7071067811865475,2,GL12_16,136.8087742292517,136.80877422925658,-4.88853402201754e-12,1.1281765868272168e-15
30,33,-0.5773502691896258,2,GL12_16,136.22089677496118,136.22089677496695,-5.76960701435537e-12,1.1870881618724147e-15
30,33,-0.5,2,GL12_16,135.82536363646162,135.82536363646796,-6.338041202960009e-12,1.1071537325571983e-15
30,33,-0.3333333333333333,2,GL12_16,134.8279223465645,134.8279223465724,-7.9012352216211e-12,9.765708932380427e-16
30,33,0.0,2,GL12_16,131.909551163785,131.90955116379752,-1.2505552149299569e-11,9.821338714986308e-16
30,33,0.3333333333333333,2,GL12_16,126.28369163818707,126.28369163797618,2.1088908399583483e-10,1.2130550115510285e-15
30,33,0.5,2,GL12_16,120.81407958500353,120.81407960073962,-1.573609141711763e-08,1.5902981710697831e-15
30,33,0.5773502691896258,2,GL12_16,116.86828310416688,116.86828400187078,-8.97703495836282e-07,1.5673058693338545e-15
30,33,0.7071067811865475,2,GL12_16,105.72847274565835,105.72860981009687,-0.0001370550456180148,2.645973571861587e-15
31,33,-1.0,2,back_40_56,142.06192948733133,142.06192948733172,-3.9790393202557694e-13,3.164867848728219e-16
30,33,0.816496580927726,2,GL12_16,84.43888453511232,84.44603312154804,-0.007123096067903177,5.346355026103252e-15
31,33,-0.816496580927726,2,GL12_16,141.79934625425912,141.79934625425383,5.2864379540691186e-12,1.1885167665106623e-15
31,33,-0.7071067811865475,2,GL12_16,141.61999202439208,141.6199920243866,5.4853899200830186e-12,1.002815657278812e-15
31,33,-0.5773502691896258,2,GL12_16,141.37984154456515,141.37984154455944,5.712763595527524e-12,1.0059458497246754e-15
31,33,-0.5,2,GL12_16,141.21984690788742,141.2198469078815,5.911715561541508e-12,8.31935859375745e-16
31,33,-0.3333333333333333,2,GL12_16,140.82154644065525,140.8215464406489,6.3664629124307636e-12,8.233503937474056e-16
31,33,0.0,2,GL12_16,139.69137693221876,139.6913769322108,7.958078640544788e-12,8.439998440277728e-16
31,33,0.3333333333333333,2,GL12_16,137.61405003719753,137.6140500371895,8.043343768836681e-12,8.35403824219869e-16
31,33,0.5,2,GL12_16,135.6730289598969,135.67302895979475,1.0214762369808907e-10,1.0665014864130686e-15
31,33,0.5773502691896258,2,GL12_16,134.30367888771553,134.30367888737763,3.379057034751634e-10,1.1200473375197647e-15
32,33,-1.0,2,back_40_56,145.06872072969597,145.06872072969585,1.136868377216225e-13,2.54935983818339e-16
31,33,0.7071067811865475,2,GL12_16,130.52632047452954,130.52632047392387,6.056666281453254e-10,1.4819003806978059e-15
31,33,0.816496580927726,2,GL12_16,123.51093516567273,123.51094954252807,-1.4376751986408865e-05,1.972664360550727e-15
32,33,-0.816496580927726,2,GL12_16,145.03212427131575,145.03212427131288,2.870592652474925e-12,1.1066923262032361e-15
32,33,-0.7071067811865475,2,GL12_16,145.00749502773655,145.00749502773357,2.9842794901968737e-12,8.980023019311045e-16
32,33,-0.5773502691896258,2,GL12_16,144.97509626009128,144.97509626008824,3.041122909057853e-12,8.839580325145905e-16
32,33,-0.5,2,GL12_16,144.953922544011,144.95392254400787,3.126388037349328e-12,7.650483811664157e-16
32,33,-0.3333333333333333,2,GL12_16,144.90277553394782,144.90277553394458,3.240074875071306e-12,6.988764361269365e-16
32,33,0.0,2,GL12_16,144.77058741808492,144.7705874180813,3.6095570976678234e-12,7.721751159064571e-16
32,33,0.3333333333333333,2,GL12_16,144.5737497208034,144.5737497207997,3.694822225959347e-12,7.782771968745183e-16
33,33,-1.0,2,back_40_56,146.30396312120695,146.30396312120683,1.136868377216225e-13,1.9262154120050426e-16
32,33,0.5,2,GL12_16,144.43096764569304,144.43096764569606,-3.0127011996182866e-12,7.190241607935616e-16
32,33,0.5773502691896258,2,GL12_16,144.3471717928423,144.34717179284968,-7.389644451877739e-12,6.497890637480585e-16
32,33,0.7071067811865475,2,GL12_16,144.16405183084566,144.16405182958846,1.2572058957347743e-09,9.520112492667996e-16
32,33,0.816496580927726,2,GL12_16,143.9304390585478,143.93043910654558,-4.799778592630847e-08,8.347998853372527e-16
33,33,-0.816496580927726,2,GL12_16,146.32593645829567,146.32593645829544,2.273736754432579e-13,1.0236988706373293e-15
33,33,-0.7071067811865475,2,GL12_16,146.33946087750854,146.33946087750832,2.273736754432579e-13,8.282416719590512e-16
33,33,-0.5773502691896258,2,GL12_16,146.35595029751198,146.35595029751175,2.273736754432579e-13,7.438034713935497e-16
33,33,-0.5,2,GL12_16,146.36602686225768,146.36602686225746,2.273736754432579e-13,7.356343912696075e-16
33,33,-0.3333333333333333,2,GL12_16,146.38842557889618,146.38842557889592,2.557953848736688e-13,7.239022853689447e-16
33,33,0.0,2,GL12_16,146.4365895266132,146.43658952661292,2.8421709430408046e-13,6.657152395577474e-16
33,33,0.3333333333333333,2,GL12_16,146.49117654085086,146.4911765408504,4.547473508865675e-13,5.860104797744496e-16
33,33,0.5,2,GL12_16,146.52240591366086,146.5224059136573,3.552713678806812e-12,6.483475380708549e-16
33,33,0.5773502691896258,2,GL12_16,146.53830605178186,146.5383060517745,7.361222742501731e-12,6.267354346507022e-16
33,33,0.7071067811865475,2,GL12_16,146.56802010062177,146.568020100961,-3.3924152370375983e-10,6.451064978390788e-16
33,33,0.816496580927726,2,GL12_16,146.5979099059404,146.59790985895552,4.698489530131166e-08,6.65454809885275e-16
0,0,-1.0,3,back_48_64,146.31141809355313,146.3114180935531,2.842170943040441e-14,2.402757733449271e-16
0,0,-0.816496580927726,3,GL16_20,146.32555559614713,146.3255555961473,-1.705302565824095e-13,8.286236567730707e-16
0,0,-0.5,3,GL16_20,146.35125507713218,146.3512550771323,-1.1368683772160957e-13,5.95168571838371e-16
0,0,-0.5773502691896258,3,GL16_20,146.34480050016955,146.3448005001697,-1.4210854715200994e-13,5.984222131283551e-16
0,0,-0.7071067811865475,3,GL16_20,146.33423360074084,146.33423360074096,-1.1368683772160957e-13,6.461512101032434e-16
0,0,-0.3333333333333333,3,GL16_20,146.3656104136471,146.36561041364718,-8.526512829120839e-14,5.58024425964655e-16
0,0,0.0,3,GL16_20,146.39662598104573,146.3966259810457,2.842170943040441e-14,4.816803137498118e-16
0,0,0.3333333333333333,3,GL16_20,146.43223978947145,146.43223978947117,2.8421709430408046e-13,4.209705022612863e-16
0,0,0.5773502691896258,3,GL16_20,146.46349091919382,146.4634909191934,4.26325641456151e-13,3.7359577742742994e-16
0,0,0.5,3,GL16_20,146.4528938559808,146.45289385598016,6.252776074690836e-13,3.8744274351144076e-16
0,1,-1.0,3,back_48_64,144.65357264274368,144.65357264274377,-8.526512829120839e-14,2.3606253591587803e-16
0,0,0.7071067811865475,3,GL16_20,146.48344125424785,146.4834412541543,9.356426744926714e-11,4.083219192002887e-16
0,1,-0.816496580927726,3,GL16_20,144.6078358992421,144.60783589924233,-2.273736754432062e-13,9.777197152807967e-16
0,0,0.816496580927726,3,GL16_20,146.5037013632944,146.50370120928093,1.540134751760791e-07,3.744833405764571e-16
0,1,-0.7071067811865475,3,GL16_20,144.57797724895627,144.57797724895659,-3.126388037343952e-13,7.300810977118792e-16
0,1,-0.5773502691896258,3,GL16_20,144.53965431376895,144.53965431376932,-3.6948222259518384e-13,6.884349465777845e-16
0,1,-0.5,3,GL16_20,144.5151228649467,144.51512286494716,-4.547473508863607e-13,7.332577491184473e-16
0,1,-0.3333333333333333,3,GL16_20,144.45728331134347,144.4572833113441,-6.252776074686927e-13,6.623865084604623e-16
0,1,0.0,3,GL16_20,144.31464693488647,144.3146469348876,-1.136868377215514e-12,6.346037525840698e-16
0,1,0.3333333333333333,3,GL16_20,144.112405490309,144.1124054903114,-2.4158453015814225e-12,5.851299786123803e-16
0,1,0.5,3,GL16_20,143.9687275625327,143.96872756253677,-4.064304448539514e-12,5.625980145955224e-16
0,1,0.5773502691896258,3,GL16_20,143.8847686443748,143.8847686443778,-3.0127011996182866e-12,5.466101403538469e-16
0,2,-1.0,3,back_48_64,139.6642926020395,139.66429260203904,4.547473508865675e-13,3.0917772125085536e-16
0,1,0.7071067811865475,3,GL16_20,143.7015234220964,143.70152342211315,-1.676880856379777e-11,5.461184896836549e-16
0,1,0.816496580927726,3,GL16_20,143.4678394380736,143.46783943357792,4.495689164388055e-09,5.072298869046926e-16
0,2,-0.816496580927726,3,GL16_20,139.23527661560695,139.23527661561417,-7.21911419529656e-12,1.0856627581333994e-15
0,2,-0.7071067811865475,3,GL16_20,138.94111965816302,138.94111965817092,-7.9012352216211e-12,9.23896325663381e-16
0,2,-0.5773502691896258,3,GL16_20,138.54564713987006,138.545647139879,-8.952838470537186e-12,7.828649805513666e-16
0,2,-0.5,3,GL16_20,138.28108815329696,138.28108815330657,-9.606537787430412e-12,9.674330800982657e-16
0,2,-0.3333333333333333,3,GL16_20,137.6185320411101,137.61853204112134,-1.125499693437665e-11,7.651392462933253e-16
0,2,0.0,3,GL16_20,135.7077437450667,135.70774374508213,-1.5432988220590288e-11,7.366456752646838e-16
0,2,0.3333333333333333,3,GL16_20,132.09347960870588,132.09347960872634,-2.0463630789681505e-11,7.127009668383634e-16
0,2,0.5,3,GL16_20,128.62921473114784,128.62921473115915,-1.1311840353236816e-11,7.794459644734782e-16
0,3,-1.0,3,back_48_64,133.02340950002448,133.02340950002366,8.242295734820559e-13,3.317988879060188e-16
0,2,0.5773502691896258,3,GL16_20,126.14915799909471,126.14915799930901,-2.1429968908228404e-10,7.175104627784278e-16
0,2,0.816496580927726,3,GL16_20,106.04958927943936,106.04971277461121,-0.00012348754663389159,7.560505937549938e-16
0,2,0.7071067811865475,3,GL16_20,119.2016003393679,119.20160031766966,2.1698241661245046e-08,9.03585632956454e-16
0,3,-0.816496580927726,3,GL16_20,131.9817497118162,131.9817497118273,-1.108446667779613e-11,1.1835981398518214e-15
0,3,-0.7071067811865475,3,GL16_20,131.26069544880738,131.26069544881906,-1.1681322575827821e-11,1.0197877880494232e-15
0,3,-0.5773502691896258,3,GL16_20,130.28313483427476,130.28313483428715,-1.2391865311579368e-11,9.683173521602871e-16
0,3,-0.5,3,GL16_20,129.62427123574201,129.6242712357548,-1.2789769243600014e-11,9.839784134416013e-16
0,3,-0.3333333333333333,3,GL16_20,127.95840685627776,127.95840685629142,-1.3656631381215874e-11,9.166560756889774e-16
0,3,0.0,3,GL16_20,123.04830070695863,123.04830070697304,-1.4409806681111011e-11,1.0901914495628598e-15
0,3,0.3333333333333333,3,GL16_20,113.45986993283594,113.45986993280562,3.032596396270091e-11,9.768117187691331e-16
0,3,0.5,3,GL16_20,104.0359092449861,104.03590945028809,-2.0530196589188157e-07,1.0040665120111748e-15
0,4,-1.0,3,back_48_64,125.65422773680334,125.65422773680267,6.679101716147172e-13,3.740183496339775e-16
0,3,0.5773502691896258,3,GL16_20,97.19747478361742,97.19747826277793,-3.479154459416037e-06,9.975759492951907e-16
0,3,0.7071067811865475,3,GL16_20,77.77852970905774,77.77884077509822,-0.00031101766445688374,1.3995252562949301e-15
0,3,0.816496580927726,3,GL16_20,40.41664520523649,40.42834625635999,-0.011632860053005808,1.1420324497226664e-15
0,4,-0.816496580927726,3,GL16_20,123.90225482343095,123.9022548234346,-3.652189661800246e-12,1.4142788692701027e-15
0,4,-0.7071067811865475,3,GL16_20,122.68514446122161,122.6851444612251,-3.48165940521843e-12,1.1552329638775865e-15
0,4,-0.5773502691896258,3,GL16_20,121.03006204360157,121.03006204360473,-3.1548097467698684e-12,1.1007815862782266e-15
0,4,-0.5,3,GL16_20,119.91163996515571,119.91163996515859,-2.8705926524666846e-12,1.1177915285130265e-15
0,4,-0.3333333333333333,3,GL16_20,117.07471163581313,117.07471163581509,-1.9610979506959536e-12,9.887351556645264e-16
0,4,0.0,3,GL16_20,108.65428269219858,108.65428269222026,-2.1685764295163122e-11,1.223932460325633e-15
0,4,0.3333333333333333,3,GL16_20,92.05278810234829,92.05278841712251,-3.147741766985318e-07,1.0818853620405475e-15
0,4,0.5,3,GL16_20,75.62014234657319,75.62016339990463,-2.1053109817488114e-05,1.207611879213132e-15
0,4,0.5773502691896258,3,GL16_20,63.65215891477935,63.652304552201926,-0.00014562681796217157,1.2068578156409326e-15
0,5,-1.0,3,back_48_64,120.09188773196085,120.09188773196273,-1.875832822404905e-12,4.263142231666965e-16
0,4,0.7071067811865475,3,GL16_20,29.54356591830645,29.54719067458919,-0.003618194784023932,1.642887915061765e-15
0,5,-0.816496580927726,3,GL16_20,117.79467430196921,117.79467430197806,-8.853362487531657e-12,1.3731009394416466e-15
0,4,0.816496580927726,3,GL16_20,-36.36936605844582,-36.31965069413613,-0.04849978311864096,1.769363064206336e-15
0,5,-0.7071067811865475,3,GL16_20,116.19667844026081,116.1966784402696,-8.782308213956274e-12,1.2752758078658503e-15
0,5,-0.5773502691896258,3,GL16_20,114.02123196330636,114.02123196331485,-8.483880264939607e-12,1.2911276579145024e-15
0,5,-0.5,3,GL16_20,112.54976166850147,112.54976166850965,-8.171241461207768e-12,1.2347084186662257e-15
0,5,-0.3333333333333333,3,GL16_20,108.81290047120113,108.81290047120865,-7.517542144313603e-12,1.2377466475752852e-15
0,5,0.0,3,GL16_20,97.6931904074745,97.69319041012844,-2.6539339579611524e-09,1.3141730305029547e-15
0,5,0.3333333333333333,3,GL16_20,75.69540510889357,75.69540845379788,-3.344898720231164e-06,1.1925492001008345e-15
0,5,0.5,3,GL16_20,53.86787161910873,53.86798878007709,-0.00011715410527989857,1.684059832782359e-15
0,6,-1.0,3,back_48_64,115.0977129381169,115.09771293811562,1.2789769243689982e-12,4.3480971199689066e-16
0,5,0.5773502691896258,3,GL16_20,37.950682356295175,37.9512934741539,-0.0006109311642387855,1.5088428246705358e-15
0,5,0.7071067811865475,3,GL16_20,-7.470934896500417,-7.461429726929985,-0.009460138235915818,1.5237479765989626e-15
0,5,0.816496580927726,3,GL16_20,-95.37704769852296,-95.28941329543464,-0.08390426272004048,2.08319977447969e-15
0,6,-0.816496580927726,3,GL16_20,112.31015214409818,112.31015214411522,-1.7038814803382042e-11,1.3668871844862543e-15
0,6,-0.7071067811865475,3,GL16_20,110.36921785934351,110.3692178593609,-1.7394086171255975e-11,1.4336253591694062e-15
0,6,-0.5773502691896258,3,GL16_20,107.72483214536842,107.72483214538627,-1.7848833522134426e-11,1.2697432348469182e-15
0,6,-0.5,3,GL16_20,105.93498151026203,105.93498151028095,-1.8914647625754986e-11,1.225341702645805e-15
0,6,-0.3333333333333333,3,GL16_20,101.38596014831239,101.3859601483728,-6.041034339249901e-11,1.3412919324845139e-15
0,6,0.3333333333333333,3,GL16_20,60.951198708019994,60.9512125573012,-1.3849185301885788e-05,1.5772819215852143e-15
0,6,0.0,3,GL16_20,87.82754813391003,87.82754815952364,-2.5613615788941998e-08,1.5463951679835894e-15
0,6,0.5,3,GL16_20,34.24548554288765,34.24582134798533,-0.00033574872145600423,1.70949291555866e-15
0,7,-1.0,3,back_48_64,111.00355197613729,111.00355197613628,1.0089706847798514e-12,4.568055281822663e-16
0,6,0.5773502691896258,3,GL16_20,14.756947220358349,14.758424757353978,-0.0014764459752501105,1.8223637746964542e-15
0,6,0.7071067811865475,3,GL16_20,-40.89687369839976,-40.87968268391384,-0.017044092115982602,2.4559026783814142e-15
0,6,0.816496580927726,3,GL16_20,-148.69372864388765,-148.5696304327792,-0.1167069125704552,3.12743670089262e-15
0,7,-0.7071067811865475,3,GL16_20,105.60488849336319,105.60488849336747,-4.277467269266655e-12,1.262411536708709e-15
0,7,-0.5773502691896258,3,GL16_20,102.58192457141493,102.58192457142128,-6.35225205767512e-12,1.4939320205453319e-15
0,7,-0.816496580927726,3,GL16_20,107.82205905732587,107.82205905733082,-4.945377440878069e-12,1.4301533878581148e-15
0,7,-0.5,3,GL16_20,100.53455095770202,100.53455095771956,-1.7536194718405514e-11,1.7007459396990594e-15
0,7,-0.3333333333333333,3,GL16_20,95.32712375713743,95.32712375744822,-3.1079139257317216e-10,1.498861471696002e-15
0,7,0.0,3,GL16_20,79.78351413868731,79.7835142373633,-9.86759922826004e-08,1.6532659864418986e-15
0,7,0.5,3,GL16_20,18.23088437195621,18.231533272870507,-0.0006486904236294057,2.2990913732065687e-15
0,7,0.3333333333333333,3,GL16_20,48.92315739590562,48.92319091727815,-3.352081069439124e-05,1.879344638292802e-15
0,7,0.5773502691896258,3,GL16_20,-4.176592560971173,-4.174025648073517,-0.0025636211938519296,2.448910012598381e-15
0,8,-1.0,3,back_48_64,108.15868227229927,108.15868227229944,-1.705302565824095e-13,4.27706454441061e-16
0,7,0.7071067811865475,3,GL16_20,-68.19409555074287,-68.16922010880651,-0.024568597691435514,2.8985941214689916e-15
0,7,0.816496580927726,3,GL16_20,-192.24759532383985,-192.09339034961442,-0.14290367964935685,4.266046751628358e-15
0,8,-0.816496580927726,3,GL16_20,104.69141376077744,104.6914137607917,-1.4267698133961028e-11,1.778931829830141e-15
0,8,-0.7071067811865475,3,GL16_20,102.27481276207145,102.27481276208678,-1.5333512237585402e-11,1.6549351148001897e-15
0,8,-0.5773502691896258,3,GL16_20,98.97959977562249,98.97959977565205,-2.955857780718331e-11,1.6011976291017516e-15
0,8,-0.5,3,GL16_20,96.74762850371748,96.74762850379106,-7.358380571260869e-11,1.5994375768748544e-15
0,8,-0.3333333333333333,3,GL16_20,91.06996772310022,91.06996772405759,-9.57371070850164e-10,1.4223037904177004e-15
0,8,0.0,3,GL16_20,74.11743341039023,74.11743362752583,-2.1713556948742603e-07,1.8634634637280346e-15
0,8,0.3333333333333333,3,GL16_20,40.442282438636354,40.44233895631481,-5.651608136514383e-05,1.9954410400733883e-15
0,9,-1.0,3,back_48_64,105.1924790427006,105.19247904269949,1.1084466677863706e-12,5.131514576284317e-16
0,8,0.5,3,GL16_20,6.935838347538251,6.9367964791295265,-0.00095767272976395,2.2463486424136104e-15
0,8,0.5773502691896258,3,GL16_20,-17.532135851664577,-17.52857775976399,-0.003551769392511285,3.0202675797122686e-15
0,8,0.7071067811865475,3,GL16_20,-87.45377960402745,-87.42284945935803,-0.030456701521857324,3.829286315086295e-15
0,8,0.816496580927726,3,GL16_20,-222.9821748041494,-222.80684712791617,-0.16081800428326382,4.501638526293475e-15
0,9,-0.816496580927726,3,GL16_20,101.42694226960847,101.42694226961744,-8.96704932525226e-12,1.9471517079808196e-15
0,9,-0.7071067811865475,3,GL16_20,98.80218009793197,98.80218009794652,-1.4551915228260973e-11,1.509618216962737e-15
0,9,-0.5773502691896258,3,GL16_20,95.2227832776256,95.22278327769023,-6.463096724265013e-11,1.5279077335039143e-15
0,9,-0.5,3,GL16_20,92.79811184584035,92.79811184604021,-1.9986146069462868e-10,1.9311283328622143e-15
0,9,-0.3333333333333333,3,GL16_20,86.62954320365242,86.62954320618181,-2.529390027559898e-09,1.4310896197146408e-15
0,9,0.0,3,GL16_20,68.20590308164668,68.20590352551044,-4.4386365613250415e-07,2.078166662698651e-15
0,9,0.3333333333333333,3,GL16_20,31.591177884815377,31.591268974711774,-9.108574783863043e-05,2.64706866881685e-15
0,9,0.5,3,GL16_20,-4.8544632198400635,-4.853095215583487,-0.0013670689652964434,2.9079834150405452e-15
0,9,0.5773502691896258,3,GL16_20,-31.47457064729099,-31.469776616823694,-0.004782557444563181,3.1711583128377744e-15
0,10,-1.0,3,back_48_64,102.10485643660186,102.1048564366015,3.6948222259532036e-13,4.711016392347458e-16
0,9,0.7071067811865475,3,GL16_20,-107.5630171818877,-107.52529557306538,-0.03701901101003966,6.093537381653016e-15
0,9,0.816496580927726,3,GL16_20,-255.07585044705309,-254.87870055331422,-0.17893244879684295,8.15831881767584e-15
0,10,-0.816496580927726,3,GL16_20,98.02855007037039,98.02855007038275,-1.2363443602149316e-11,2.029843181128014e-15
0,10,-0.5773502691896258,3,GL16_20,91.31136531714846,91.31136531732874,-1.8027890290080237e-10,1.6892317818766126e-15
0,10,-0.7071067811865475,3,GL16_20,95.18688964722965,95.1868896472624,-3.275602011800414e-11,1.5758610668694336e-15
0,10,-0.5,3,GL16_20,88.6858851047908,88.68588510533365,-5.42854649973371e-10,1.6413754753923517e-15
0,10,-0.3333333333333333,3,GL16_20,82.00571886603312,82.00571887213025,-6.09712456440581e-09,1.4848917465634275e-15
0,10,0.0,3,GL16_20,62.04875250763371,62.04875336033642,-8.527023484444804e-07,2.242964268496501e-15
0,10,0.5,3,GL16_20,-17.14025185086612,-17.138355302582568,-0.0018947509722668514,4.0261481291186914e-15
0,10,0.3333333333333333,3,GL16_20,22.369633878363707,22.369775035525254,-0.00014114719934367934,2.3864499869600807e-15
0,10,0.5773502691896258,3,GL16_20,-46.00413951048195,-45.99783908589271,-0.0062806185315933075,3.567316731939242e-15
0,11,-1.0,3,back_48_64,98.89574567905456,98.89574567905414,4.1211478674094303e-13,5.383785729370075e-16
0,10,0.7071067811865475,3,GL16_20,-128.52202442618972,-128.4767928755274,-0.04422385439073337,6.866607606780751e-15
0,10,0.816496580927726,3,GL16_20,-288.5287128811885,-288.3091468514611,-0.19713285715579956,1.5272096249851916e-14
0,11,-0.816496580927726,3,GL16_20,94.49616038353125,94.4961603835714,-4.0145664569639825e-11,1.6431798691518408e-15
0,11,-0.7071067811865475,3,GL16_20,91.42885879789566,91.42885879799653,-1.0086864676341658e-10,1.794688179529656e-15
0,11,-0.5773502691896258,3,GL16_20,87.24525514289871,87.24525514338347,-4.847606759274743e-10,1.6614848234677419e-15
0,11,-0.5,3,GL16_20,84.4108519806544,84.4108519820172,-1.3628067554045359e-09,1.8927240750305666e-15
0,11,-0.3333333333333333,3,GL16_20,77.1983845774137,77.19838459099307,-1.357936687202297e-08,1.839304540289331e-15
0,11,0.0,3,GL16_20,55.645837755505475,55.645839308618314,-1.553111632258136e-06,2.261870717187921e-15
0,11,0.3333333333333333,3,GL16_20,12.77747445149852,12.777685781123417,-0.00021130729636419196,2.9882896770843756e-15
0,11,0.5,3,GL16_20,-29.921722190412538,-29.919160300972536,-0.0025586106018557903,4.726395389851029e-15
0,11,0.5773502691896258,3,GL16_20,-61.12104492176127,-61.11294476892482,-0.00806743499789047,4.2828338270786125e-15
0,12,-1.0,3,back_48_64,95.56509390650795,95.56509390650763,3.268496584496995e-13,5.272351411689446e-16
0,11,0.7071067811865475,3,GL16_20,-150.33097021649945,-150.27753602599813,-0.052031675728741,1.1152398056639783e-14
0,11,0.816496580927726,3,GL16_20,-323.3408182053541,-323.09833414376556,-0.21532374602793514,3.795628675919634e-12
0,12,-0.816496580927726,3,GL16_20,90.8297129673899,90.8297129674445,-5.459810381431562e-11,2.0486309093523745e-15
0,12,-0.5773502691896258,3,GL16_20,83.0243797567137,83.02437975782085,-1.1071534793937784e-09,1.6087841345778012e-15
0,12,-0.7071067811865475,3,GL16_20,87.52802196041102,87.52802196061796,-2.069384663413598e-10,1.7732252610467235e-15
0,12,-0.5,3,GL16_20,79.97293446648487,79.9729344695461,-3.0612312637896713e-09,1.9572614388031e-15
0,12,-0.3333333333333333,3,GL16_20,72.2074500117673,72.20745003993507,-2.816776105993196e-08,1.8526150752267094e-15
0,12,0.0,3,GL16_20,48.99703960452909,48.99704230519568,-2.7006629377907344e-06,2.732668256002881e-15
0,12,0.3333333333333333,3,GL16_20,2.814554098306921,2.8148609832244134,-0.0003068378331326359,3.811516957569845e-15
0,12,0.5,3,GL16_20,-43.1990357236309,-43.19565390943721,-0.003376102300735074,7.0389296017074865e-15
0,12,0.5773502691896258,3,GL16_20,-76.82545315664268,-76.81524028133315,-0.010160900984739022,8.110716181573707e-15
0,13,-1.0,3,back_48_64,92.11286331761116,92.11286331761106,9.947598300641897e-14,5.910343969715138e-16
0,12,0.7071067811865475,3,GL16_20,-172.98998204444507,-172.92768393157502,-0.06039726263365681,9.090853124059135e-14
0,13,-0.816496580927726,3,GL16_20,87.02916324591486,87.02916324605943,-1.4456702500730016e-10,1.9963143408355906e-15
0,12,0.816496580927726,3,GL16_20,-359.5121932623869,-359.2463686838334,-0.2334264108452117,5.6051056922481295e-12
0,13,-0.7071067811865475,3,GL16_20,83.48432967711531,83.4843296776177,-5.023821357656273e-10,1.8916745059837906e-15
0,13,-0.5773502691896258,3,GL16_20,78.64868299064415,78.64868299311527,-2.4711255233732457e-09,1.7638950981506511e-15
0,13,-0.5,3,GL16_20,75.37207189726348,75.37207190380678,-6.543302767079066e-09,1.8531994371368143e-15
0,13,-0.3333333333333333,3,GL16_20,67.03284359809702,67.03284365338001,-5.528299443070047e-08,1.976059706036624e-15
0,13,0.0,3,GL16_20,42.10226194074293,42.10226644986307,-4.509109979645622e-06,2.5928301295118177e-15
0,13,0.3333333333333333,3,GL16_20,-7.519244962651996,-7.518811241373577,-0.0004336272349423747,5.6747383137041665e-15
0,13,0.5,3,GL16_20,-56.97232367500119,-56.967950296058646,-0.004363829646826655,7.741510520338035e-15
0,13,0.5773502691896258,3,GL16_20,-93.11749739587124,-93.10484259354773,-0.012575067011854344,2.811007678758589e-14
0,14,-1.0,3,back_48_64,88.5390306016933,88.53903060169182,1.4779288903821005e-12,5.730514263775803e-16
0,13,0.7071067811865475,3,GL16_20,-196.49915083808042,-196.4273628962855,-0.06927175655340712,6.479070990317099e-12
0,13,0.816496580927726,3,GL16_20,-397.04283954219744,-396.75331994437647,-0.25137687861478014,6.921819334810687e-12
0,14,-0.816496580927726,3,GL16_20,83.09448172134319,83.09448172164113,-2.979447799145397e-10,2.0914936023312285e-15
0,14,-0.7071067811865475,3,GL16_20,79.29774801979879,79.2977480208729,-1.0741132422169686e-09,1.982097691992825e-15
0,14,-0.5773502691896258,3,GL16_20,74.11812487600497,74.11812488111536,-5.11039387278516e-09,2.2179449063662864e-15
0,14,-0.5,3,GL16_20,70.60822029295933,70.6082203060794,-1.3120072053759097e-08,2.2577631123064937e-15
0,14,-0.3333333333333333,3,GL16_20,61.67451176892256,61.674511872074525,-1.0315196342427741e-07,2.281244465781045e-15
0,14,0.0,3,GL16_20,34.961430505977226,34.961437768290786,-7.262287188873259e-06,3.014065720974744e-15
0,14,0.3333333333333333,3,GL16_20,-18.224014923267816,-18.2234166348033,-0.0005981095256604491,6.089612541031475e-15
0,14,0.5,3,GL16_20,-71.24168923552318,-71.23613666089172,-0.005537187581367639,3.767649937719209e-14
0,15,-1.0,3,back_48_64,84.8435866188494,84.84358661884747,1.93267624126934e-12,5.941056987350155e-16
0,14,0.5773502691896258,3,GL16_20,-109.99728020525207,-109.9818415943207,-0.015320046518426486,4.763214155842576e-12
0,15,-0.816496580927726,3,GL16_20,79.02565364380236,79.02565364444698,-6.446185805285115e-10,2.0169420701985153e-15
0,14,0.7071067811865475,3,GL16_20,-220.85853487057045,-220.77666907648467,-0.07860439286120433,6.269933103872302e-12
0,14,0.816496580927726,3,GL16_20,-435.9327360156735,-435.6192247113409,-0.269123883109825,6.343862539541269e-12
0,15,-0.7071067811865475,3,GL16_20,74.968258247324,74.9682582495576,-2.233605298222094e-09,1.9866528628072995e-15
0,15,-0.5773502691896258,3,GL16_20,69.43268127579289,69.43268128587472,-1.0081833983459512e-08,2.3795060004095133e-15
0,15,-0.5,3,GL16_20,65.68135196707583,65.68135199215548,-2.5079657147407053e-08,2.28050890738968e-15
0,15,-0.3333333333333333,3,GL16_20,56.132418480960496,56.1324186652877,-1.843271889549327e-07,2.1949560855791454e-15
0,15,0.3333333333333333,3,GL16_20,-29.29982398746111,-29.29901648412246,-0.0008071773955672993,1.0965901291135342e-14
0,15,0.0,3,GL16_20,27.574491973436206,27.574503300730694,-1.132723033371535e-05,3.522333880980336e-15
0,15,0.5,3,GL16_20,-86.00720922563654,-86.00027516860148,-0.0069100719316292315,4.956353878772382e-12
0,16,-1.0,3,back_48_64,81.02653631537888,81.02653631537697,1.9042545318388816e-12,6.827732164382558e-16
0,15,0.5773502691896258,3,GL16_20,-127.46487547850144,-127.4463019899605,-0.0184020642589503,7.024261964760865e-12
0,16,-0.816496580927726,3,GL16_20,74.82267892203173,74.82267892333034,-1.2986163247413872e-09,2.439120515397616e-15
0,15,0.7071067811865475,3,GL16_20,-246.0681628579115,-245.97567035582853,-0.08834395353976064,6.213628505244367e-12
0,16,-0.7071067811865475,3,GL16_20,70.49585670729097,70.49585671167571,-4.384745001907869e-09,2.1452081426844853e-15
0,15,0.816496580927726,3,GL16_20,-476.18184110768834,-475.8440903054551,-0.2866269632823287,7.1737462252021944e-12
0,16,-0.5773502691896258,3,GL16_20,64.59234376466844,64.59234378361482,-1.8946380285030248e-08,2.2790629896898556e-15
0,16,-0.5,3,GL16_20,60.59145538515682,60.59145543099362,-4.5836798194574265e-08,2.722897209948654e-15
0,16,-0.3333333333333333,3,GL16_20,50.406544993510515,50.40654531040068,-3.168901154539248e-07,2.7751222825530276e-15
0,16,0.0,3,GL16_20,19.94141333567377,19.94143050208263,-1.716626151778329e-05,4.6444019042313986e-15
0,16,0.3333333333333333,3,GL16_20,-40.74671748906994,-40.745648836936525,-0.0010680813280699942,2.5550026955622674e-14
0,17,-1.0,3,back_48_64,77.08789886710036,77.08789886710065,-2.842170943039997e-13,6.09841415359135e-16
0,16,0.5,3,GL16_20,-101.26893526727379,-101.26040432541838,-0.008494656626645709,6.238443131764104e-12
0,16,0.5773502691896258,3,GL16_20,-145.5203299019924,-145.4982646267216,-0.021823617761003715,6.0027140568801845e-12
0,16,0.7071067811865475,3,GL16_20,-272.1280363294578,-272.02440771877446,-0.0984399349707373,7.094189453236984e-12
0,17,-0.7071067811865475,3,GL16_20,65.88055497362475,65.88055498191238,-8.287628327016265e-09,2.370134963375806e-15
0,17,-0.816496580927726,3,GL16_20,70.48557226694462,70.48557226950076,-2.556149066920581e-09,2.360781144105547e-15
0,16,0.816496580927726,3,GL16_20,-517.7900939651711,-517.427897031495,-0.303854740103465,6.989442277529469e-12
0,17,-0.5773502691896258,3,GL16_20,59.597119748753954,59.597119782974985,-3.4221030756446025e-08,2.6172689011325233e-15
0,17,-0.5,3,GL16_20,55.338535265852606,55.338535346474686,-8.062207642900051e-08,3.019506691730103e-15
0,17,0.0,3,GL16_20,12.062181597992392,12.062206947371855,-2.5349058170275194e-05,6.601401160296617e-15
0,17,-0.3333333333333333,3,GL16_20,44.49688989816785,44.49689042460334,-5.264353539644788e-07,3.206362306214001e-15
0,17,0.3333333333333333,3,GL16_20,-52.56471856405179,-52.56332927795566,-0.0013883214849579894,4.005511683790297e-12
0,18,-1.0,3,back_48_64,73.0277080513113,73.02770805130987,1.4210854715212101e-12,6.578345872135314e-16
0,17,0.5,3,GL16_20,-117.02689451626775,-117.01653985128125,-0.010301240001283296,6.821545563591265e-12
0,17,0.5773502691896258,3,GL16_20,-164.16366397918398,-164.1377472969096,-0.02558372762566289,8.25263393086255e-12
0,18,-0.816496580927726,3,GL16_20,66.0143635701964,66.01436357498035,-4.783956330737199e-09,2.5310884553880625e-15
0,17,0.7071067811865475,3,GL16_20,-299.0381313381135,-298.9228961710076,-0.10884345144357829,6.386976526679307e-12
0,17,0.816496580927726,3,GL16_20,-560.7574151288364,-560.3705999327364,-0.32078339479358764,8.52878842162834e-12
0,18,-0.7071067811865475,3,GL16_20,61.12238022280005,61.12238023781051,-1.501046387023262e-08,2.356709261715934e-15
0,18,-0.5773502691896258,3,GL16_20,54.44703282882016,54.44703288835983,-5.9539663869719505e-08,2.8987381394612646e-15
0,18,-0.5,3,GL16_20,49.922612928744236,49.92261306565693,-1.3691268691880417e-07,3.4793475438762634e-15
0,18,-0.3333333333333333,3,GL16_20,38.40346940560757,38.40347025354211,-8.479341844163491e-07,3.182934671640143e-15
0,18,0.0,3,GL16_20,3.93680378334291,3.936840347192181,-3.656318082158663e-05,8.378127216522738e-15
0,18,0.3333333333333333,3,GL16_20,-64.75382839529665,-64.75205128138964,-0.0017755357750698845,5.396492907439354e-12
0,19,-1.0,3,back_48_64,68.84601285641733,68.84601285641705,2.8421709430408046e-13,7.556066260201258e-16
0,18,0.5,3,GL16_20,-133.28108997814388,-133.26867507533063,-0.012338155837708524,7.212859966065739e-12
0,18,0.5773502691896258,3,GL16_20,-183.39487262636408,-183.36474506292166,-0.029678251929013775,9.353851144172505e-12
0,18,0.7071067811865475,3,GL16_20,-326.7983995527734,-326.6711252244008,-0.11950790450070595,7.110787128788896e-12
0,19,-0.816496580927726,3,GL16_20,61.409098526951254,61.40909853558121,-8.629953603355108e-09,2.63162549648872e-15
0,18,0.816496580927726,3,GL16_20,-605.0837066728448,-604.672129898627,-0.33739535191191833,7.885936211779039e-12
0,19,-0.7071067811865475,3,GL16_20,56.22137585858494,56.22137588482454,-2.6239596817489724e-08,3.147199025894332e-15
0,19,-0.5773502691896258,3,GL16_20,49.14212341772145,49.14212351796002,-1.0023856797368296e-07,2.8313498425644292e-15
0,19,-0.5,3,GL16_20,44.34372690044608,44.343727125792725,-2.2534662084152941e-07,2.8911729474678057e-15
0,19,-0.3333333333333333,3,GL16_20,32.126317902456876,32.12631923070227,-1.3282445142194986e-06,3.900765694793654e-15
0,19,0.0,3,GL16_20,-4.434692738404898,-4.434641113600065,-5.162347229547761e-05,1.1115206187712724e-14
0,19,0.3333333333333333,3,GL16_20,-77.31402603752814,-77.31178614238387,-0.0022373884510683037,8.454386745221434e-12
0,19,0.5,3,GL16_20,-150.03150041466142,-150.0167808693463,-0.014611742392827231,6.117963867900128e-12
0,20,-1.0,3,back_48_64,64.54287834694185,64.54287834694131,5.400124791778219e-13,7.015759625461436e-16
0,19,0.5773502691896258,3,GL16_20,-203.2139253382848,-203.17923011925882,-0.03410024073036197,7.950662875924699e-12
0,20,-0.816496580927726,3,GL16_20,56.66983952298294,56.66983953804521,-1.506226954031792e-08,3.208797008744136e-15
0,19,0.7071067811865475,3,GL16_20,-355.40876876147195,-355.26905895385585,-0.13038944685382714,6.963624626349449e-12
0,19,0.816496580927726,3,GL16_20,-650.7688518516761,-650.332394168076,-0.3536781526787023,7.669161529249772e-12
0,20,-0.7071067811865475,3,GL16_20,51.17760240659679,51.17760245103294,-4.4436147995354933e-08,2.8772491841453482e-15
0,20,-0.5773502691896258,3,GL16_20,43.68244963491195,43.68244979875124,-1.6383928248636257e-07,3.090330091010084e-15
0,20,-0.5,3,GL16_20,38.601933802812596,38.60193416339717,-3.6058450696835237e-07,3.561567768764672e-15
0,20,-0.3333333333333333,3,GL16_20,25.665488804275654,25.66549083298479,-2.0287070788520836e-06,3.668251711690108e-15
0,20,0.0,3,GL16_20,-13.052259569336911,-13.052188087095786,-7.147968633088536e-05,2.1686696213200655e-14
0,20,0.3333333333333333,3,GL16_20,-90.2452678090731,-90.24248247016199,-0.00278146345367438,7.138718901018085e-12
0,21,-1.0,3,back_48_64,60.11838681128027,60.118386811279066,1.2008172234352903e-12,7.784224111666611e-16
0,20,0.5,3,GL16_20,-167.27807982373565,-167.2608051071477,-0.01712636414847186,8.234598522789673e-12
0,20,0.5773502691896258,3,GL16_20,-223.62076589978506,-223.58115118198197,-0.03884031446170189,8.17731345821036e-12
0,21,-0.816496580927726,3,GL16_20,51.79666681495573,51.79666684036328,-2.5407551295401037e-08,3.0223656957623984e-15
0,20,0.816496580927726,3,GL16_20,-697.812714255277,-697.351276226652,-0.36962350603455446,9.0917617347324e-12
0,20,0.7071067811865475,3,GL16_20,-384.86914278825225,-384.7166355980763,-0.14144727921090153,7.0966841916897845e-12
0,21,-0.7071067811865475,3,GL16_20,45.99113870892891,45.99113878193751,-7.300859738930833e-08,3.4339227266718687e-15
0,21,-0.5773502691896258,3,GL16_20,38.06808851012201,38.06808877070862,-2.605865761153155e-07,3.963665404503936e-15
0,21,-0.5,3,GL16_20,32.69730955647377,32.69731011873442,-5.622604941907923e-07,3.885351944568213e-15
0,21,0.0,3,GL16_20,-21.91582621265819,-21.915728986010805,-9.722192102645997e-05,5.989021234024995e-12
0,21,-0.3333333333333333,3,GL16_20,19.02105574034458,19.021058768228073,-3.0278789101209027e-06,5.002676406682502e-15
0,21,0.3333333333333333,3,GL16_20,-103.54748622234406,-103.54406521301142,-0.003415164347363222,8.671577440846804e-12
0,22,-1.0,3,back_48_64,55.57263923083829,55.57263923083714,1.1510792319320249e-12,8.812665171077932e-16
0,21,0.5,3,GL16_20,-185.02075645809867,-185.00067162513437,-0.019884476325340326,8.546308200013406e-12
0,21,0.5773502691896258,3,GL16_20,-244.615311604292,-244.57043238228,-0.04388704774152215,8.116853092900202e-12
0,21,0.7071067811865475,3,GL16_20,-415.1794008092192,-415.0137666689583,-0.15264380899946953,8.330113520352945e-12
0,22,-0.816496580927726,3,GL16_20,46.78968004590393,46.78968008765007,-4.174613989509309e-08,3.0859583617579636e-15
0,21,0.816496580927726,3,GL16_20,-746.2151364582245,-745.7286350917589,-0.3852264967851522,9.67483865145219e-12
0,22,-0.7071067811865475,3,GL16_20,40.66208346287996,40.66208357978122,-1.1690124806554236e-07,3.950349777060894e-15
0,22,-0.5773502691896258,3,GL16_20,32.299137542783626,32.299137947285075,-4.045013674141809e-07,4.110636885156939e-15
0,22,-0.5,3,GL16_20,26.629950947880896,26.629951804403397,-8.565221341096463e-07,4.4580279535673986e-15
0,22,-0.3333333333333333,3,GL16_20,12.193114121910412,12.193118546910242,-4.424990039369071e-06,7.16591582037129e-15
0,22,0.0,3,GL16_20,-31.025298555894793,-31.025168462629892,-0.00013008480313836786,8.29866548839126e-12
0,22,0.3333333333333333,3,GL16_20,-117.2205884004071,-117.2164341583911,-0.004145625089032484,7.79927485573549e-12
0,22,0.5,3,GL16_20,-203.25943132075355,-203.23627862738857,-0.022886726331850106,8.990590837528846e-12
0,23,-1.0,3,back_48_64,50.90575712281944,50.905757122817604,1.8332002582627387e-12,8.885777779611978e-16
0,22,0.5773502691896258,3,GL16_20,-266.19745191317884,-266.14697160614446,-0.04922734797888118,8.928475349010919e-12
0,22,0.7071067811865475,3,GL16_20,-446.33939601787444,-446.1603354978665,-0.16394470020744867,1.0196699611250799e-11
0,23,-0.816496580927726,3,GL16_20,41.649000152493606,41.649000219318715,-6.682510676911364e-08,3.538211428491553e-15
0,23,-0.7071067811865475,3,GL16_20,35.190557163031514,35.19055734572053,-1.8268899745112246e-07,4.282819072152972e-15
0,22,0.816496580927726,3,GL16_20,-795.9759380963746,-795.4643039357865,-0.40048492602662594,1.1137750145584374e-11
0,23,-0.5773502691896258,3,GL16_20,26.37571667980133,26.375717293740326,-6.139388089575099e-07,4.88876856561531e-15
0,23,-0.5,3,GL16_20,20.399977624539886,20.39997890161645,-1.2770757481486076e-06,5.412128871930535e-15
0,23,-0.3333333333333333,3,GL16_20,5.1817831631232,5.181789505971153,-6.342827837715687e-06,8.834878809424142e-15
0,23,0.0,3,GL16_20,-40.38055683166614,-40.380385368272414,-0.000171448694719299,7.815723719180144e-12
0,23,0.3333333333333333,3,GL16_20,-131.26445390164702,-131.25946183063718,-0.0049796313318810305,9.217021937266472e-12
0,23,0.5,3,GL16_20,-221.99397604954993,-221.96749645630803,-0.026132082880236197,9.601677415218737e-12
0,24,-1.0,3,back_48_64,46.11788482590866,46.11788482590648,2.181366198785887e-12,9.672286252772627e-16
0,23,0.5773502691896258,3,GL16_20,-288.3670464664513,-288.3106381986759,-0.05484681847743687,9.866959060203017e-12
0,23,0.7071067811865475,3,GL16_20,-478.348953568188,-478.156195125045,-0.1753188425305014,1.0645657459111749e-11
0,24,-0.816496580927726,3,GL16_20,36.374771738177145,36.37477184273085,-1.0455370067152846e-07,4.113292170939448e-15
0,24,-0.7071067811865475,3,GL16_20,29.576704524358416,29.576704803682116,-2.7932366115883687e-07,4.455547884359551e-15
0,24,-0.5773502691896258,3,GL16_20,20.29797079384996,20.29797170675066,-9.12900282341219e-07,5.180535884317263e-15
0,23,0.816496580927726,3,GL16_20,-847.0949132980201,-846.5580879722188,-0.4153987720442289,1.0885323858877886e-11
0,24,-0.5,3,GL16_20,14.007534603410015,14.00753647046293,-1.867051172884906e-06,5.8130919604734865e-15
0,24,-0.3333333333333333,3,GL16_20,-2.01279155414651,-2.012782622607183,-8.93149944071662e-06,1.1023876384145923e-14
0,24,0.0,3,GL16_20,-49.98145295342867,-49.98123008866119,-0.00022283993497229724,8.852240587054242e-12
0,24,0.3333333333333333,3,GL16_20,-145.67893184054145,-145.67299067099725,-0.005923555695973907,9.123774247332217e-12
0,25,-1.0,3,back_48_64,41.20919231981908,41.209192319817106,1.9753088054150293e-12,8.862474535069387e-16
0,24,0.5,3,GL16_20,-241.22423006494967,-241.19416460764597,-0.029617987120529557,8.754432772765663e-12
0,24,0.5773502691896258,3,GL16_20,-311.1239223147805,-311.0612699074315,-0.06073009973124681,1.1153367168698909e-11
0,24,0.7071067811865475,3,GL16_20,-511.20786767082063,-511.0011653944189,-0.1867382588404529,9.358550585676546e-12
0,24,0.816496580927726,3,GL16_20,-899.5718273254897,-899.0097614805164,-0.4299697474844653,1.1427652265311195e-11
0,25,-0.7071067811865475,3,GL16_20,23.82069749105629,23.82069790951872,-4.184623433735212e-07,4.99320381058821e-15
0,25,-0.816496580927726,3,GL16_20,30.967166011908393,30.967166171981237,-1.600728310572178e-07,4.3681006752670515e-15
0,25,-0.5773502691896258,3,GL16_20,14.06607277321148,14.066074105160908,-1.331948540152588e-06,6.298985848214489e-15
0,25,-0.5,3,GL16_20,7.4527954074388845,7.4527980879210745,-2.6804785974981123e-06,8.612471708972314e-15
0,25,-0.3333333333333333,3,GL16_20,-9.39043484772835,-9.390422475929597,-1.237172222307669e-05,2.1479673780411595e-14
0,25,0.0,3,GL16_20,-59.82780708433111,-59.82752111461909,-0.0002859288265836532,8.864969405797287e-12
0,25,0.3333333333333333,3,GL16_20,-160.463837144153,-160.45682933985415,-0.006983306896029032,9.808777025091889e-12
0,26,-1.0,3,back_48_64,36.17987869794787,36.17987869794749,3.836930773105277e-13,9.316637218982766e-16
0,25,0.5,3,GL16_20,-260.9499968042019,-260.91608781812624,-0.03334051989323675,1.1275186274103764e-11
0,25,0.5773502691896258,3,GL16_20,-334.46787019214133,-334.3986688852982,-0.06686118605936638,1.0202053359382946e-11
0,26,-0.816496580927726,3,GL16_20,25.426384421176564,25.426384661527877,-2.403512833018745e-07,5.2188456705951024e-15
0,25,0.7071067811865475,3,GL16_20,-544.9158976661193,-544.6950290585936,-0.1981779732508152,8.763308886026416e-12
0,26,-0.7071067811865475,3,GL16_20,17.922738966658756,17.922739582036513,-6.153775682952364e-07,5.6055612774627426e-15
0,25,0.816496580927726,3,GL16_20,-953.4064122384691,-952.8190637837046,-0.44420094101907215,1.1623927181622967e-11
0,26,-0.5773502691896258,3,GL16_20,7.6802273673491115,7.680229277129051,-1.9097781158954665e-06,6.744285585085301e-15
0,26,-0.3333333333333333,3,GL16_20,-16.950937872862895,-16.950920993956586,-1.6878763860255484e-05,4.3591574642575224e-12
0,26,-0.5,3,GL16_20,0.7359659798509597,0.7359697643154419,-3.7844573211604514e-06,9.286973258310761e-15
0,26,0.0,3,GL16_20,-69.91940325087545,-69.91904065828881,-0.0003625268578927248,1.0100143186607674e-11
0,26,0.3333333333333333,3,GL16_20,-175.6189457254289,-175.61074792113237,-0.008164293931865376,1.018249189240642e-11
0,27,-1.0,3,back_48_64,31.03017644988448,31.030176449883164,1.3145040611570493e-12,9.916907230466552e-16
0,26,0.5,3,GL16_20,-281.17103880044255,-281.13303098887707,-0.03729457937460247,1.0997169703463745e-11
0,26,0.5773502691896258,3,GL16_20,-358.39863958023165,-358.32259650651974,-0.07322371399511478,9.333033879352713e-12
0,26,0.7071067811865475,3,GL16_20,-579.4727628194254,-579.2375266312562,-0.2096158518036667,8.562677545125252e-12
0,27,-0.816496580927726,3,GL16_20,19.752663152190802,19.752663506587606,-3.543967406606274e-07,5.053080169568612e-15
0,27,-0.7071067811865475,3,GL16_20,11.883067448093307,11.883068337595631,-8.895019286346004e-07,5.688132127945691e-15
0,27,-0.5773502691896258,3,GL16_20,1.1406759833808593,1.1406786778374993,-2.6944530099838426e-06,7.523762520204375e-15
0,27,-0.5,3,GL16_20,-6.142710420724065,-6.142705159704498,-5.261005727521081e-06,1.3169280328024504e-14
0,26,0.816496580927726,3,GL16_20,-1008.5983613087212,-1007.9856939176348,-0.45809652894402053,1.1623368936657894e-11
0,27,-0.3333333333333333,3,GL16_20,-24.69405300884948,-24.69403030259798,-2.27059937144939e-05,1.0348665704517127e-11
0,27,0.0,3,GL16_20,-80.255983738962,-80.2555290528553,-0.000454582752644288,9.957846563285462e-12
0,27,0.3333333333333333,3,GL16_20,-191.1439882605577,-191.134471715178,-0.009471406364374785,1.0532283082400242e-11
0,27,0.5,3,GL16_20,-301.88707126156345,-301.84471259989886,-0.041474067592880255,9.060230929417315e-12
0,27,0.5773502691896258,3,GL16_20,-382.9159322074685,-382.83276663393633,-0.07980122595530088,9.81449684558075e-12
0,28,-1.0,3,back_48_64,25.764633934560052,25.764633934559498,5.542233338930317e-13,1.168799068478154e-15
0,27,0.7071067811865475,3,GL16_20,-614.8781354654935,-614.6283495968257,-0.22103243342324788,1.0532825273859395e-11
0,28,-0.816496580927726,3,GL16_20,13.948788029290832,13.948788543715182,-5.144242179124538e-07,5.5259321517699915e-15
0,28,-0.7071067811865475,3,GL16_20,5.703687791162849,5.703689057460139,-1.2662964874944675e-06,7.51424089942906e-15
0,28,-0.5773502691896258,3,GL16_20,-5.551266015674123,-5.551262269093506,-3.7465735988787564e-06,1.5216906536130608e-14
0,27,0.816496580927726,3,GL16_20,-1065.1473217869254,-1064.5093035957584,-0.47166154700107,1.2585094553371187e-11
0,28,-0.5,3,GL16_20,-13.182220541474038,-13.182213330176758,-7.211271278865687e-06,4.324088715857153e-14
0,28,-0.3333333333333333,3,GL16_20,-32.6191909538222,-32.61916080170474,-3.01516628900774e-05,9.058979629888e-12
0,28,0.0,3,GL16_20,-90.83722211054295,-90.83665777027535,-0.0005641810575835691,1.0807062773624248e-11
0,28,0.3333333333333333,3,GL16_20,-207.0386420476794,-207.02767309726613,-0.010909010834941934,1.3961429695365471e-11
0,29,-1.0,3,back_48_64,17.634922210951235,17.6349222109522,-9.663381206332693e-13,1.6449885157665736e-15
0,28,0.5,3,GL16_20,-323.097753663713,-323.0507961339541,-0.045872081227314884,1.2307381148731696e-11
0,28,0.5773502691896258,3,GL16_20,-408.0193934775628,-407.92883683292507,-0.08657740805629989,1.084451575778234e-11
0,29,-0.816496580927726,3,GL16_20,4.990842293278249,4.990843165988835,-8.727102056518811e-07,7.652295155026847e-15
0,28,0.7071067811865475,3,GL16_20,-651.1316321299128,-650.8671314362905,-0.232410883549515,8.82635661473479e-12
0,29,-0.7071067811865475,3,GL16_20,-3.8326937786474318,-3.832691688040576,-2.09060467031446e-06,1.1239832072679349e-14
0,29,-0.5773502691896258,3,GL16_20,-15.877830280359902,-15.877824296748045,-5.983593954893909e-06,1.2828760909094662e-13
0,28,0.816496580927726,3,GL16_20,-1123.0529583797372,-1122.3894880992739,-0.4849391760131249,1.2041470432221926e-11
0,29,-0.5,3,GL16_20,-24.044886233921886,-24.04487494811589,-1.1285742311939354e-05,1.1562651357526785e-11
0,29,-0.3333333333333333,3,GL16_20,-44.84848338081572,-44.84843827279275,-4.5107005622178606e-05,1.1272377290238402e-11
0,29,0.0,3,GL16_20,-107.16706920130072,-107.16630257145452,-0.0007663360606162075,1.2382999243285229e-11
0,29,0.3333333333333333,3,GL16_20,-231.57277806431017,-231.55937017742747,-0.013318401550237296,1.0318363619255703e-11
0,29,0.5,3,GL16_20,-355.84033299632904,-355.7860222079313,-0.052862298653328484,1.1229079380744888e-11
0,30,-1.0,3,back_48_64,6.378158054645276,6.378158054642817,2.4584778657329686e-12,1.6090846239070573e-15
0,29,0.5773502691896258,3,GL16_20,-446.77270568940276,-446.67058489861176,-0.09707951939743482,9.931624736156138e-12
0,30,-0.816496580927726,3,GL16_20,-7.413910766529298,-7.4139090828815455,-1.6836463354363297e-06,1.3008645379977687e-14
0,29,0.7071067811865475,3,GL16_20,-707.1011121202307,-706.8142492358343,-0.24938535723886368,9.888597189342395e-12
0,30,-0.7071067811865475,3,GL16_20,-17.039292348536762,-17.039288450364552,-3.898164612051757e-06,3.029952839349247e-14
0,29,0.816496580927726,3,GL16_20,-1212.4552724472157,-1211.752299522951,-0.5048888144011382,1.2450387522641675e-11
0,30,-0.5773502691896258,3,GL16_20,-30.1798756085457,-30.179864905829433,-1.0702658993155824e-05,1.2707564395615056e-11
0,30,-0.5,3,GL16_20,-39.090170514667136,-39.09015083493142,-1.967954207008846e-05,1.407709399853449e-11
0,30,-0.3333333333333333,3,GL16_20,-61.78849635363461,-61.78842201898385,-7.433188801020258e-05,1.1262738313312859e-11
0,30,0.0,3,GL16_20,-129.79252855165782,-129.79140892329292,-0.0011190018149226453,1.2263057950815321e-11
0,30,0.3333333333333333,3,GL16_20,-265.5742874795619,-265.5571210795365,-0.017019896888839682,1.1781600529826868e-11
0,30,0.5,3,GL16_20,-401.22383606968464,-401.15889753428706,-0.06287493837340428,1.0144996795437767e-11
0,31,-1.0,3,back_48_64,-8.356634358202989,-8.356634358201639,-1.3500311979432792e-12,1.9280483651050354e-15
0,30,0.5773502691896258,3,GL16_20,-500.4906848412329,-500.372309556926,-0.11163739849415427,1.1086318788989292e-11
0,31,-0.816496580927726,3,GL16_20,-23.6539565087876,-23.65395292262474,-3.586156431505136e-06,1.4346079710467936e-11
0,30,0.7071067811865475,3,GL16_20,-784.6907490654319,-784.3734022067583,-0.27192182890590993,1.3890168765547839e-11
0,31,-0.7071067811865475,3,GL16_20,-34.330777844716636,-34.33076986510882,-7.979575978414653e-06,1.2579657366923677e-11
0,30,0.816496580927726,3,GL16_20,-1336.4076332870975,-1335.645791856612,-0.5331939557951234,1.6559113470252418e-11
0,31,-0.5773502691896258,3,GL16_20,-48.907849296571314,-48.9078284250613,-2.0871292208723158e-05,1.3750635679328939e-11
0,31,-0.5,3,GL16_20,-58.792804955188174,-58.79276769839174,-3.725610240614035e-05,1.2070308381877153e-11
0,31,-0.3333333333333333,3,GL16_20,-83.97591807283375,-83.97578631191196,-0.00013175224170021782,1.3788067543638248e-11
0,31,0.0,3,GL16_20,-159.43660482339357,-159.43487996908254,-0.001723367604730962,1.3310276652975093e-11
0,31,0.3333333333333333,3,GL16_20,-310.14005727801134,-310.1173300392022,-0.022470920591032874,1.0387218572153213e-11
0,32,-1.0,3,back_48_64,-33.434780914208886,-33.43478091421328,4.39115410700706e-12,3.2901731776332522e-15
0,31,0.5,3,GL16_20,-460.7197717244427,-460.6400678662032,-0.07661023983077543,1.0299747440159366e-11
0,31,0.5773502691896258,3,GL16_20,-570.9197348187786,-570.778839761123,-0.13141954221541616,1.0704911326722127e-11
0,31,0.7071067811865475,3,GL16_20,-886.4436827068014,-886.0752488185102,-0.3081830547132881,1.1457814420013898e-11
0,32,-0.816496580927726,3,GL16_20,-51.301200807528446,-51.30119010717965,-1.0700291546939129e-05,1.6303448050231403e-11
0,31,0.816496580927726,3,GL16_20,-1499.0612248734612,-1498.1401005788255,-0.6019287599583061,1.2674413764456159e-11
0,32,-0.7071067811865475,3,GL16_20,-63.772763275642774,-63.772740826158014,-2.2449232772248052e-05,1.7459433372702154e-11
0,32,-0.5773502691896258,3,GL16_20,-80.80205039951262,-80.80199574301308,-5.46550059039122e-05,1.478652251996474e-11
0,32,-0.5,3,GL16_20,-92.35096996321182,-92.3508765764479,-9.338240351379678e-05,1.643303427912073e-11
0,32,-0.3333333333333333,3,GL16_20,-121.77658000241023,-121.77628026693519,-0.0002996905588494144,1.3977973838184442e-11
0,32,0.0,3,GL16_20,-209.97101381713776,-209.96781535618896,-0.0031933513216737632,1.3005124760068485e-11
0,32,0.3333333333333333,3,GL16_20,-386.14017916704466,-386.105759286946,-0.033834254310201234,1.1132134080190081e-11
0,33,-1.0,3,back_48_64,-67.21813215903747,-67.21813215903936,1.8900436771236525e-12,6.203129393254696e-13
0,32,0.5,3,GL16_20,-562.1601088254791,-562.0495270669448,-0.10468687229199325,1.1001188347126347e-11
0,32,0.5773502691896258,3,GL16_20,-690.9827137018299,-690.7934372850243,-0.17244227578602223,1.2246070972412056e-11
0,32,0.7071067811865475,3,GL16_20,-1059.8947023488738,-1059.4147383940856,-0.38119430361347006,1.258826802348667e-11
0,32,0.816496580927726,3,GL16_20,-1776.3972527777444,-1775.2222087436528,-0.6911946185758145,1.276337647702814e-11
0,33,-0.816496580927726,3,GL16_20,-88.55670223152818,-88.55666365551274,-3.85752713966331e-05,2.3190983779527844e-11
0,33,-0.7071067811865475,3,GL16_20,-103.45370866615464,-103.4536327120514,-7.59512187981479e-05,1.5963478183124198e-11
0,33,-0.5773502691896258,3,GL16_20,-123.78936363872101,-123.78917446661696,-0.00018915421214364662,1.549605013223544e-11
0,33,-0.5,3,GL16_20,-137.53945629923066,-137.53905757751477,-0.00039864223695681316,1.4204670190915597e-11
0,33,-0.3333333333333333,3,GL16_20,-172.11137268204055,-172.10944673124834,-0.0019240973390633712,1.40949170868954e-11
0,33,0.0,3,GL16_20,-275.5399688620841,-275.5291949109896,-0.010716119959688691,1.3568982144308251e-11
0,33,0.3333333333333333,3,GL16_20,-485.1615579382866,-485.0951803195952,-0.06422256948451223,1.2011582487905821e-11
0,33,0.5,3,GL16_20,-695.5770964341449,-695.3923393520985,-0.16869380147267002,1.2102334790389353e-11
0,34,-1.0,3,back_48_64,-109.30121568794185,-109.36334174196769,0.06409646991826028,1.4227471785154333e-11
0,33,0.5773502691896258,3,GL16_20,-849.7536511255157,-849.4496298456079,-0.2621548349935743,1.1645021206769383e-11
0,33,0.7071067811865475,3,GL16_20,-1291.5325865474017,-1290.804940046844,-0.5169555016855414,1.4938019755210725e-11
0,33,0.816496580927726,3,GL16_20,-2149.750074249638,-2148.1018210490415,-0.8076143255410436,1.3406665868760522e-11
0,34,-0.816496580927726,3,GL16_20,-138.135018627622,-138.13496461715272,-5.400901074541163e-05,1.4629311301398916e-11
0,34,-0.7071067811865475,3,GL16_20,-157.08422678931333,-157.0840184287742,-0.00020833883359804988,1.6736197775425528e-11
0,34,-0.5773502691896258,3,GL16_20,-182.83141023336833,-182.83083578309567,-0.0005742853076973582,1.5984511068589056e-11
0,34,-0.5,3,GL16_20,-200.25509888111839,-200.2541228080372,-0.0009755968767957717,1.4467386245501733e-11
0,34,-0.3333333333333333,3,GL16_20,-244.58550290750145,-244.58264707831808,-0.0028517551823521625,1.2658287316285535e-11
0,34,0.0,3,GL16_20,-377.2679969579443,-377.24612142185373,-0.021638001767389947,1.2331126928601909e-11
0,34,0.3333333333333333,3,GL16_20,-642.2292779931425,-642.0769858586592,-0.14126262270590034,1.3361529617590746e-11
0,34,0.5,3,GL16_20,-907.0845611134641,-906.7005423631452,-0.31888134413218316,1.641845117112772e-11
1,34,-1.0,3,back_48_64,-67.17626935957314,-67.17626935957503,1.8900436771236525e-12,8.716822282013555e-12
0,34,0.5773502691896258,3,GL16_20,-1100.9660504399,-1100.380604919415,-0.4431422849802936,1.498441001798509e-11
0,34,0.7071067811865475,3,GL16_20,-1656.2042921591346,-1654.9975424634958,-0.7008319117949571,1.30758658472465e-11
1,34,-0.816496580927726,3,GL16_20,-88.50951031973274,-88.50947196734576,-3.8351651536631354e-05,1.2443335865870125e-11
0,34,0.816496580927726,3,GL16_20,-2734.3903873827235,-2731.95048104185,-0.9128309847465204,1.4748455261257045e-11
1,34,-0.7071067811865475,3,GL16_20,-103.40269893411671,-103.40262334815453,-7.558310563218059e-05,1.1572869017122282e-11
1,34,-0.5773502691896258,3,GL16_20,-123.73161602809414,-123.73142458718111,-0.00019142258938564466,1.082894377071902e-11
1,34,-0.5,3,GL16_20,-137.47043048742643,-137.47001697389237,-0.00041342804911820644,1.1538766735211415e-11
1,34,-0.3333333333333333,3,GL16_20,-171.97854619040345,-171.97657571116952,-0.001968539114257953,1.0365595336363292e-11
1,34,0.0,3,GL16_20,-275.3447852933773,-275.33411811137665,-0.010610489377304855,1.1092155260038487e-11
1,34,0.3333333333333333,3,GL16_20,-484.90778291657455,-484.8418242532781,-0.06383043834454717,1.1566785958928909e-11
1,34,0.5,3,GL16_20,-695.2585755812236,-695.0744923124729,-0.1681334675442395,1.2631315904269628e-11
2,34,-1.0,3,back_48_64,-33.385531722916525,-33.385531722920916,4.39115410700706e-12,3.4224885270532803e-15
1,34,0.5773502691896258,3,GL16_20,-849.3862476393047,-849.083019903601,-0.2615690898627288,1.2224300129574461e-11
2,34,-0.816496580927726,3,GL16_20,-51.24624809988718,-51.246237500511015,-1.0599319994685546e-05,1.3158297489444132e-11
2,34,-0.7071067811865475,3,GL16_20,-63.71382847724857,-63.71380623040719,-2.2246593923271048e-05,9.174185598058245e-12
1,34,0.7071067811865475,3,GL16_20,-1291.0227039811207,-1290.2960775368458,-0.5164625177171799,1.1593005116301434e-11
1,34,0.816496580927726,3,GL16_20,-2148.9602170292396,-2147.3134563414965,-0.8073269730637985,1.3695401403337556e-11
2,34,-0.5773502691896258,3,GL16_20,-80.73767673131813,-80.7376225396791,-5.4190170697179584e-05,8.39184055369157e-12
2,34,-0.5,3,GL16_20,-92.28290656801182,-92.28281394471831,-9.261900410663477e-05,9.363759978463453e-12
2,34,-0.3333333333333333,3,GL16_20,-121.69911039208442,-121.69881287914613,-0.0002974686857034027,1.0220318648491017e-11
2,34,0.0,3,GL16_20,-209.86522755504137,-209.86204674919549,-0.0031757524423568946,9.035073706120812e-12
2,34,0.3333333333333333,3,GL16_20,-385.97235529723395,-385.9379727757958,-0.03379815897788259,1.133583750104515e-11
2,34,0.5,3,GL16_20,-561.9169864381507,-561.806218743446,-0.10485332791072521,9.715916438732134e-12
3,34,-1.0,3,back_48_64,-8.304011487924221,-8.304011487922878,-1.3429257705856877e-12,1.9076745482034912e-15
3,34,-0.816496580927726,3,GL16_20,-23.595205430004,-23.595201883530066,-3.5464676453483377e-06,5.547236666286224e-12
2,34,0.5773502691896258,3,GL16_20,-690.6788572818605,-690.4891709929312,-0.1727813991245552,1.0537974196074527e-11
3,34,-0.7071067811865475,3,GL16_20,-34.267750414940565,-34.26774252007898,-7.894830417920584e-06,8.897471575972816e-12
2,34,0.7071067811865475,3,GL16_20,-1059.4091388062873,-1058.9285192448692,-0.38159986377210947,1.1251505665955845e-11
2,34,0.816496580927726,3,GL16_20,-1775.5589582510063,-1774.3835229551644,-0.6913154186760938,1.5130730592786625e-11
3,34,-0.5773502691896258,3,GL16_20,-48.838983987124834,-48.83896332532068,-2.0661590703779318e-05,8.94746201639115e-12
3,34,-0.5,3,GL16_20,-58.7199810813937,-58.71994418535918,-3.68953538653107e-05,8.846654276602354e-12
3,34,-0.3333333333333333,3,GL16_20,-83.89300918809003,-83.89287859165468,-0.0001305879080116,9.730474582802021e-12
3,34,0.0,3,GL16_20,-159.3234651005223,-159.3217521279276,-0.0017115062945113467,1.0356425541192893e-11
3,34,0.3333333333333333,3,GL16_20,-309.96644137523117,-309.9438184422846,-0.022368953259407,9.822640787214703e-12
4,34,-1.0,3,back_48_64,6.431321664597334,6.431321664594876,2.4584778657329686e-12,1.5422647309969976e-15
3,34,0.5,3,GL16_20,-460.4855998600932,-460.4061624251595,-0.07636419450369054,9.179876696340384e-12
3,34,0.5773502691896258,3,GL16_20,-570.641196097099,-570.5006904126169,-0.1310812744342478,9.771099585826721e-12
4,34,-0.816496580927726,3,GL16_20,-7.354482411469441,-7.354480748071701,-1.663396356103347e-06,7.570963013114222e-15
3,34,0.7071067811865475,3,GL16_20,-886.0380074161426,-885.6702514473144,-0.30771389953450823,1.113235994337839e-11
4,34,-0.7071067811865475,3,GL16_20,-16.975492284143797,-16.97548843102254,-3.853113833462814e-06,1.806664298429714e-14
4,34,-0.5773502691896258,3,GL16_20,-30.110107433940527,-30.110096848433514,-1.0585450986879404e-05,7.35365136804035e-12
3,34,0.816496580927726,3,GL16_20,-1498.4085242469569,-1497.4884927874623,-0.6014934959258885,1.1647264277235274e-11
4,34,-0.5,3,GL16_20,-39.01635545924954,-39.016335987428775,-1.9471631189111927e-05,6.9510754013183996e-12
4,34,-0.3333333333333333,3,GL16_20,-61.70437136553181,-61.704297749332426,-7.36134897811456e-05,7.838686016600098e-12
4,34,0.0,3,GL16_20,-129.67750077689487,-129.67638962920267,-0.0011105305961854914,9.549273347675586e-12
4,34,0.3333333333333333,3,GL16_20,-265.397453014971,-265.3803738808259,-0.016934112521830413,9.188043997968226e-12
4,34,0.5,3,GL16_20,-400.98512294475,-400.9204262294669,-0.0626482952814063,9.167599460515255e-12
5,34,-1.0,3,back_48_64,17.68766510548792,17.687665105488882,-9.627854069544723e-13,1.4509711699906961e-15
4,34,0.5773502691896258,3,GL16_20,-500.2066403968357,-500.088631627925,-0.11131174024756373,9.980426223910683e-12
4,34,0.7071067811865475,3,GL16_20,-784.2768380322315,-783.9601663812663,-0.271430058907739,1.0840053311506074e-11
5,34,-0.816496580927726,3,GL16_20,5.049879780416937,5.0498806419492155,-8.61531907287858e-07,4.658603659226923e-15
5,34,-0.7071067811865475,3,GL16_20,-3.7692635895185234,-3.7692615246683587,-2.0648480328275722e-06,6.60525744605332e-15
5,34,-0.5773502691896258,3,GL16_20,-15.808403155807284,-15.808397242140416,-5.9136493825023865e-06,5.056405128848727e-14
4,34,0.816496580927726,3,GL16_20,-1335.7415404318258,-1334.9808332335865,-0.5326641889445567,1.2328363223581794e-11
5,34,-0.5,3,GL16_20,-23.971392597295065,-23.971381438858884,-1.1158373925263265e-05,6.563376896344382e-12
5,34,-0.3333333333333333,3,GL16_20,-44.76462959662166,-44.76458495515841,-4.4640466832492144e-05,6.940443913376915e-12
5,34,0.0,3,GL16_20,-107.05216204577933,-107.05140165630884,-0.0007601004476735972,8.798227539815997e-12
5,34,0.3333333333333333,3,GL16_20,-231.39576915442058,-231.38243490706077,-0.013245740112733708,9.094419794522058e-12
5,34,0.5,3,GL16_20,-355.60115195383554,-355.5470601003801,-0.05265491441431075,8.925124667166105e-12
6,34,-1.0,3,back_48_64,25.81658769911966,25.816587699119108,5.506706202142293e-13,1.2183278058643027e-15
5,34,0.5773502691896258,3,GL16_20,-446.4879753972928,-446.3861967245656,-0.09677056114378639,9.914067181711324e-12
5,34,0.7071067811865475,3,GL16_20,-706.6858796480278,-706.3996729703106,-0.24889263725138905,8.55015148436624e-12
6,34,-0.816496580927726,3,GL16_20,14.00701351020917,14.00701401773383,-5.075245317295568e-07,3.437903320025684e-15
6,34,-0.7071067811865475,3,GL16_20,5.766290090340966,5.766291340289143,-1.2499473957774373e-06,5.160043515743273e-15
6,34,-0.5773502691896258,3,GL16_20,-5.4826883660425025,-5.482684665401635,-3.700634020158119e-06,9.785884124973805e-15
5,34,0.816496580927726,3,GL16_20,-1211.7866089103213,-1211.0847562359538,-0.5043338553579944,1.243459085976315e-11
6,34,-0.5,3,GL16_20,-13.109590959433127,-13.109583833557586,-7.12585015220101e-06,3.033531930456538e-14
6,34,-0.3333333333333333,3,GL16_20,-32.53623821483818,-32.53620839050464,-2.9823888796917014e-05,6.74496674054407e-12
6,34,0.0,3,GL16_20,-90.72332662429532,-90.72276712766033,-0.0005593401459358845,8.753624901907048e-12
6,34,0.3333333333333333,3,GL16_20,-206.8628701515521,-206.851964986815,-0.01084591898525615,8.703864064585224e-12
6,34,0.5773502691896258,3,GL16_20,-407.7362921029322,-407.6460571829092,-0.08628349024708004,1.0056825820272969e-11
7,34,-1.0,3,back_48_64,31.081386350733425,31.081386350732117,1.307398633799439e-12,9.878590457578029e-16
6,34,0.5,3,GL16_20,-322.8600370858289,-322.8132803269283,-0.04568050091493426,9.335754498139282e-12
6,34,0.7071067811865475,3,GL16_20,-650.7184902324498,-650.4546280222323,-0.23192063414553535,1.0244785147312855e-11
7,34,-0.816496580927726,3,GL16_20,19.810109979832493,19.81011032932838,-3.494958271562862e-07,3.1452315534240765e-15
7,34,-0.5773502691896258,3,GL16_20,1.2084167966722674,1.2084194570276878,-2.66035188166065e-06,6.078853000223634e-15
6,34,0.816496580927726,3,GL16_20,-1122.3872699039857,-1121.7249031658343,-0.4843704708632354,1.0821742100313033e-11
7,34,-0.7071067811865475,3,GL16_20,11.944866579214548,11.944867456870398,-8.776554650779237e-07,4.454633376876454e-15
7,34,-0.5,3,GL16_20,-6.07094059310365,-6.0709353964324535,-5.196657693800008e-06,1.0561848262944993e-14
7,34,-0.3333333333333333,3,GL16_20,-24.612018594206617,-24.611996143059912,-2.2450894680185365e-05,6.49871975360902e-12
7,34,0.0,3,GL16_20,-80.14318286713761,-80.14273222288496,-0.0004505427277818366,6.982289914277901e-12
7,34,0.3333333333333333,3,GL16_20,-190.9696667999666,-190.96020773464778,-0.009414469084137027,9.968072970696576e-12
7,34,0.5,3,GL16_20,-301.6511629409516,-301.6089926387376,-0.04129350316990207,1.0732359432367923e-11
8,34,-1.0,3,back_48_64,36.230183082347075,36.23018308234669,3.836930773105277e-13,9.57033583353581e-16
7,34,0.5773502691896258,3,GL16_20,-382.63489988262575,-382.55204161305124,-0.07951840177595176,8.771706569031633e-12
7,34,0.7071067811865475,3,GL16_20,-614.4678031347134,-614.2186424693062,-0.22054526808791522,9.135509911144783e-12
8,34,-0.816496580927726,3,GL16_20,25.48287406777144,25.482874304696765,-2.3692529573756884e-07,2.9841103882508077e-15
8,34,-0.7071067811865475,3,GL16_20,17.98354482568931,17.98354543261502,-6.06925525510305e-07,3.831438023833411e-15
8,34,-0.5773502691896258,3,GL16_20,7.74692560867139,7.74692749350848,-1.8848353136561441e-06,4.841394597716195e-15
7,34,0.816496580927726,3,GL16_20,-1064.48587193765,-1063.8489446444078,-0.47108486918799314,1.1258110845940635e-11
8,34,-0.5,3,GL16_20,0.8066597946469187,0.8066635313239203,-3.736670020229043e-06,6.162764367236639e-15
8,34,-0.3333333333333333,3,GL16_20,-16.87006468578123,-16.87004800283519,-1.668280688016622e-05,3.237483246257352e-12
8,34,0.0,3,GL16_20,-69.80801925767908,-69.80766000318037,-0.00035918997453400893,7.816083328446657e-12
8,34,0.3333333333333333,3,GL16_20,-175.4465553796922,-175.43840900593256,-0.008113281977239536,7.801768765133545e-12
9,34,-1.0,3,back_48_64,41.25843409384065,41.25843409383867,1.9753088054150293e-12,1.048570230379402e-15
8,34,0.5,3,GL16_20,-280.9375782963142,-280.8997462877172,-0.03712531802597834,7.946198030265963e-12
8,34,0.5773502691896258,3,GL16_20,-358.120432382611,-358.0446816219581,-0.07295276558500144,8.951790480809883e-12
8,34,0.7071067811865475,3,GL16_20,-579.0663297832639,-578.8317043840194,-0.20913294645804806,9.997567411137545e-12
9,34,-0.816496580927726,3,GL16_20,31.022526057078966,31.022526214799978,-1.57720998924397e-07,3.2196081117973914e-15
9,34,-0.7071067811865475,3,GL16_20,23.880326941862712,23.880327354398062,-4.125352647880314e-07,3.3631045325041e-15
9,34,-0.5773502691896258,3,GL16_20,14.13153065525632,14.13153196925444,-1.3139972559060368e-06,3.7096091201254716e-15
8,34,0.816496580927726,3,GL16_20,-1007.9428869401136,-1007.3312967434836,-0.45751247901786807,1.1686445887049168e-11
9,34,-0.5,3,GL16_20,7.522205475214349,7.522208120754527,-2.645536678598423e-06,4.450216028058014e-15
9,34,-0.3333333333333333,3,GL16_20,-9.310955995940972,-9.310943772563476,-1.222330279078249e-05,1.57508033670078e-14
9,34,0.0,3,GL16_20,-59.71814924953587,-59.717866006384824,-0.00028320304149125465,6.762230122564689e-12
9,34,0.3333333333333333,3,GL16_20,-160.29383958222178,-160.28687744804313,-0.006937954668694354,7.772517887291566e-12
10,34,-1.0,3,back_48_64,46.16591410993448,46.1659141099323,2.17426077142827e-12,9.02424327456275e-16
9,34,0.5,3,GL16_20,-260.71959864929715,-260.68585284446993,-0.03318276632162263,9.0597713251322e-12
9,34,0.5773502691896258,3,GL16_20,-334.19321479520147,-334.12429031434766,-0.0666028332262874,9.032907335884948e-12
9,34,0.7071067811865475,3,GL16_20,-544.5144117755509,-544.294138422028,-0.19770054339789297,9.19468532798011e-12
10,34,-0.816496580927726,3,GL16_20,36.42883764515514,36.42883774812576,-1.0297061162051971e-07,2.9647621496730208e-15
10,34,-0.7071067811865475,3,GL16_20,29.63498278091104,29.634983056154958,-2.752438786680484e-07,2.5958032962895567e-15
10,34,-0.5773502691896258,3,GL16_20,20.361999515260884,20.362000415465197,-9.0020390768652e-07,2.883136242079033e-15
9,34,0.816496580927726,3,GL16_20,-952.7585841387115,-952.1722981221795,-0.44361012505202563,1.1410950357921604e-11
10,34,-0.3333333333333333,3,GL16_20,-1.9349296351873093,-1.9349208143733563,-8.820775049771566e-06,7.41449681281851e-15
10,34,-0.5,3,GL16_20,14.07546260635101,14.075464448277813,-1.8419251067350185e-06,4.3062913523997115e-15
10,34,0.0,3,GL16_20,-49.87381678571181,-49.87359612178837,-0.0002206395789501273,5.643359302069597e-12
10,34,0.3333333333333333,3,GL16_20,-145.5117684332783,-145.5058674909027,-0.0058835660109199895,8.799901320256287e-12
11,34,-1.0,3,back_48_64,50.95243147513332,50.95243147513149,1.8260948309051248e-12,8.703298878861809e-16
10,34,0.5,3,GL16_20,-240.9974819483424,-240.9675670645782,-0.02947186226520471,7.810344753847287e-12
10,34,0.7071067811865475,3,GL16_20,-510.81233158037764,-510.60620790613166,-0.18626756768548602,9.722665775183041e-12
10,34,0.5773502691896258,3,GL16_20,-310.8535137807042,-310.79112229160626,-0.06048499509685131,9.487055265902892e-12
11,34,-0.816496580927726,3,GL16_20,41.70161552910041,41.701615594882355,-6.578194483705484e-08,2.6633074369997687e-15
11,34,-0.7071067811865475,3,GL16_20,35.24731807697022,35.247318256907064,-1.799368314554241e-07,2.6533345332310812e-15
10,34,0.816496580927726,3,GL16_20,-898.9332446885693,-898.372225500048,-0.42937280930273564,1.143061832865971e-11
11,34,-0.5773502691896258,3,GL16_20,26.43813674956494,26.438137354691705,-6.051265816075425e-07,3.691866107955136e-15
11,34,-0.5,3,GL16_20,20.466235010860437,20.466236270192287,-1.2593310565100055e-06,3.645909101132481e-15
11,34,-0.3333333333333333,3,GL16_20,5.257816476652842,5.257822738234388,-6.261561942935247e-06,5.6729137430840314e-15
11,34,0.0,3,GL16_20,-40.27522345609353,-40.27505374672161,-0.00016969497209644072,5.2595187971528806e-12
11,34,0.3333333333333333,3,GL16_20,-131.1005447108443,-131.0955877652927,-0.0049446801716535975,7.55075830293136e-12
11,34,0.5,3,GL16_20,-221.77143739675392,-221.7450958628947,-0.02599762199522268,8.798317546234856e-12
12,34,-1.0,3,back_48_64,55.61782382980209,55.61782382980094,1.1510792319320249e-12,7.894294047356611e-16
11,34,0.5773502691896258,3,GL16_20,-288.10154652480855,-288.04538292623334,-0.054615540312292966,7.628851523348829e-12
11,34,0.7071067811865475,3,GL16_20,-477.96032215958235,-477.7681245480103,-0.17485620558283557,7.69160150426169e-12
12,34,-0.816496580927726,3,GL16_20,46.84069685663417,46.84069689770867,-4.1074499401928705e-08,2.452411457703592e-15
12,34,-0.7071067811865475,3,GL16_20,40.71716975684619,40.71716987193106,-1.1508486656452441e-07,2.5263304877623366e-15
12,34,-0.5773502691896258,3,GL16_20,32.35977904297493,32.359779441483525,-3.985085173838203e-07,2.4921016957467098e-15
11,34,0.816496580927726,3,GL16_20,-846.4670994909753,-845.931304021374,-0.4147964067235467,1.0700577720415262e-11
12,34,-0.3333333333333333,3,GL16_20,12.26711841713599,12.267122783533267,-4.366387744823365e-06,4.862057776861063e-15
12,34,-0.5,3,GL16_20,26.694359214726212,26.694360058959237,-8.442326684569059e-07,3.85142652952604e-15
12,34,0.0,3,GL16_20,-30.922534222254413,-30.922405507854208,-0.00012870611686188792,4.833083888099163e-12
12,34,0.3333333333333333,3,GL16_20,-117.06033137489133,-117.05620751697778,-0.004115366487997284,5.992697306058937e-12
12,34,0.5,3,GL16_20,-203.0416321690023,-203.01860519452214,-0.02276387701866698,7.619536979348636e-12
13,34,-1.0,3,back_48_64,60.16195460451384,60.16195460451264,1.2008172234352903e-12,8.081314080088083e-16
12,34,0.5773502691896258,3,GL16_20,-265.93748759901837,-265.8872354557054,-0.049010391402492526,7.953916281020337e-12
13,34,-0.816496580927726,3,GL16_20,51.84594555428995,51.84594557927586,-2.4985915246624845e-08,2.1599270261584104e-15
13,34,-0.7071067811865475,3,GL16_20,46.0444021670263,46.04440223886438,-7.183807779289951e-08,2.177525474569764e-15
12,34,0.7071067811865475,3,GL16_20,-445.9585743688031,-445.7800557875404,-0.1634914866514719,8.243070179214346e-12
13,34,-0.5773502691896258,3,GL16_20,38.12679131010776,38.126791566708306,-2.5660051055817333e-07,2.214791171467854e-15
12,34,0.816496580927726,3,GL16_20,-795.3603373378099,-794.8497152049528,-0.39987789303130544,8.31663896245593e-12
13,34,-0.5,3,GL16_20,32.75970048039772,32.75970103432566,-5.539277865432876e-07,2.3144987267365987e-15
13,34,-0.3333333333333333,3,GL16_20,19.09284213648314,19.092845122907384,-2.986419786316296e-06,3.2395235704203256e-15
13,34,0.0,3,GL16_20,-21.81588189691098,-21.815785738252444,-9.615403544056189e-05,4.232278461385708e-12
13,34,0.3333333333333333,3,GL16_20,-103.39125655159775,-103.38786155965109,-0.003389235477735797,4.891176623688762e-12
13,34,0.5,3,GL16_20,-184.80819655484862,-184.7882253544011,-0.019773097003607368,6.035483263337275e-12
14,34,-1.0,3,back_48_64,64.58471017394655,64.58471017394601,5.400124791778219e-13,7.946287358237886e-16
13,34,0.5773502691896258,3,GL16_20,-244.36147416696645,-244.3168064382806,-0.04368481484836232,6.5351590782545426e-12
13,34,0.7071067811865475,3,GL16_20,-414.80724256984627,-414.6421303514206,-0.15220143987015744,7.785854291237203e-12
14,34,-0.816496580927726,3,GL16_20,56.71724935762446,56.717249372429265,-1.4804804383860111e-08,2.3891593338452505e-15
13,34,0.816496580927726,3,GL16_20,-745.6131111752871,-745.1276029552539,-0.3846156333855117,9.13064108475196e-12
14,34,-0.7071067811865475,3,GL16_20,51.22890403058032,51.22890407428156,-4.3701240781572023e-08,2.1431238729673674e-15
14,34,-0.5773502691896258,3,GL16_20,43.73906356688129,43.739063728132734,-1.6125142941994897e-07,2.099234185686103e-15
14,34,-0.5,3,GL16_20,38.66214962857974,38.662149983643516,-3.550637126792355e-07,2.641558123859086e-15
14,34,-0.3333333333333333,3,GL16_20,25.73488017563089,25.73488217561242,-1.9999795279830604e-06,2.9965127576940114e-15
14,34,0.0,3,GL16_20,-12.955370647768618,-12.955299979535347,-7.066573632973166e-05,1.339446083134648e-14
14,34,0.3333333333333333,3,GL16_20,-90.09341739836977,-90.09065409403472,-0.002759489923892173,4.771797440374767e-12
15,34,-1.0,3,back_48_64,68.88599754961302,68.88599754961274,2.8421709430408046e-13,8.011027387942216e-16
14,34,0.5,3,GL16_20,-167.07122789666096,-167.05405506058707,-0.017026223376065342,5.747696060981394e-12
14,34,0.5773502691896258,3,GL16_20,-223.3736099190254,-223.33418995797643,-0.038653103891479454,6.846298597574456e-12
14,34,0.7071067811865475,3,GL16_20,-384.5064488675073,-384.35444246118874,-0.14101722219380572,9.12400217203018e-12
15,34,-0.816496580927726,3,GL16_20,61.45451741289121,61.45451742136871,-8.477506660701769e-09,2.0630945094546862e-15
14,34,0.816496580927726,3,GL16_20,-697.2255429545081,-696.765078099817,-0.36900974146070803,8.221901330130615e-12
15,34,-0.7071067811865475,3,GL16_20,56.27058599635207,56.27058602214335,-2.5791279890025053e-08,1.873622176548243e-15
15,34,-0.5773502691896258,3,GL16_20,49.19650842105306,49.19650851965557,-9.860250796011653e-08,1.850389378378422e-15
15,34,-0.5,3,GL16_20,44.4016204963152,44.40162071809547,-2.2178024422323183e-07,2.130962079186861e-15
15,34,-0.3333333333333333,3,GL16_20,32.19314906189567,32.19315037068179,-1.3087852683493712e-06,3.257394496637247e-15
15,34,0.0,3,GL16_20,-4.341078719249957,-4.341027704118609,-5.101383009806828e-05,6.492444435207337e-15
15,34,0.3333333333333333,3,GL16_20,-77.16688307798633,-77.16466162259657,-0.0022189897838165024,5.207626285126153e-12
15,34,0.5,3,GL16_20,-149.83079357527964,-149.81616457190069,-0.014522519392949426,6.652387612321163e-12
16,34,-1.0,3,back_48_64,73.06574251935344,73.06574251935201,1.4210854715212101e-12,7.263157190147111e-16
15,34,0.5773502691896258,3,GL16_20,-202.97396800125972,-202.93945084234088,-0.03392823720270535,6.073557491387953e-12
15,34,0.7071067811865475,3,GL16_20,-355.0562862521213,-354.91705498042165,-0.12997320738600437,6.203889369966405e-12
16,34,-0.816496580927726,3,GL16_20,66.05767834917592,66.05767835387262,-4.696701683199474e-09,2.1176889685244918e-15
16,34,-0.7071067811865475,3,GL16_20,61.169378674253736,61.169378688999245,-1.4745509593437021e-08,1.7495268637604424e-15
15,34,0.816496580927726,3,GL16_20,-650.1977273848977,-649.7622217599607,-0.35306252335371113,7.772930518925957e-12
16,34,-0.5773502691896258,3,GL16_20,54.49905906905237,54.4990591275875,-5.853512703091655e-08,1.7005064931751026e-15
16,34,-0.5,3,GL16_20,49.97804791448084,49.97804804915289,-1.3467204044383893e-07,2.1506153643581598e-15
16,34,-0.3333333333333333,3,GL16_20,38.467587256020295,38.46758809109711,-8.350764696852637e-07,2.479805433860015e-15
16,34,0.0,3,GL16_20,4.026939482294097,4.026975598137625,-3.611519135902484e-05,4.9787958823902654e-15
16,34,0.3333333333333333,3,GL16_20,-64.61169700890918,-64.60993512671182,-0.0017603309940646165,5.1882502095286295e-12
17,34,-1.0,3,back_48_64,77.1238881635064,77.12388816350669,-2.9842794901919755e-13,6.731790189639044e-16
16,34,0.5,3,GL16_20,-133.08693323093286,-133.074598021535,-0.012259442555676497,7.073693017548957e-12
16,34,0.5773502691896258,3,GL16_20,-183.16259313149357,-183.13262708455574,-0.029521516294582027,6.151252500800674e-12
16,34,0.7071067811865475,3,GL16_20,-326.4568208428051,-326.330001715,-0.11910701276300364,8.586212871648427e-12
17,34,-0.816496580927726,3,GL16_20,70.52667874587621,70.52667874838427,-2.508059534686105e-09,1.8189539403323733e-15
16,34,0.816496580927726,3,GL16_20,-604.52973481067,-604.1190877725267,-0.3367790179979501,7.407523882343137e-12
17,34,-0.7071067811865475,3,GL16_20,65.92523107784767,65.92523108598417,-8.1364958883612e-09,1.992308215950457e-15
17,34,-0.5773502691896258,3,GL16_20,59.64666771562046,59.64666774924437,-3.362391197785105e-08,1.5618997770136204e-15
17,34,-0.5,3,GL16_20,55.3913861182928,55.39138619754975,-7.925694630704927e-08,1.8866989205064553e-15
17,34,0.0,3,GL16_20,12.148651834545511,12.148676861517963,-2.502665927970686e-05,3.653261157541605e-15
17,34,-0.3333333333333333,3,GL16_20,44.558153557671396,44.558154075840285,-5.181687548803352e-07,2.187680022508893e-15
17,34,0.3333333333333333,3,GL16_20,-52.42787850853142,-52.42650162635617,-0.0013759347078886072,4.402426819692276e-12
18,34,-1.0,3,back_48_64,81.06039369485056,81.06039369484866,1.9042545318388816e-12,6.021310491105793e-16
17,34,0.5,3,GL16_20,-116.83966035205334,-116.8293750947111,-0.010232544957884499,4.543086505491316e-12
17,34,0.5773502691896258,3,GL16_20,-163.9395030410381,-163.91373160399763,-0.025442188027529504,5.545028139904855e-12
18,34,-0.816496580927726,3,GL16_20,74.86148193817402,74.86148193944727,-1.2732499491073711e-09,2.033732063586094e-15
17,34,0.7071067811865475,3,GL16_20,-298.70809336910685,-298.5932890173789,-0.10845944478628716,7.101688322800671e-12
17,34,0.816496580927726,3,GL16_20,-560.2216133764132,-559.8357043090532,-0.3201676581806677,7.910474572987437e-12
18,34,-0.7071067811865475,3,GL16_20,70.53810941411187,70.53810941841377,-4.301895719278082e-09,1.5791818167901167e-15
18,34,-0.5773502691896258,3,GL16_20,64.63930435267486,64.6393043712789,-1.8604040801368526e-08,1.6009100616844407e-15
18,34,-0.5,3,GL16_20,60.64160752506801,60.64160757010105,-4.503303939382851e-08,1.5606175434699388e-15
18,34,-0.3333333333333333,3,GL16_20,50.46482589884175,50.46482621057533,-3.117335308056059e-07,1.79146164968021e-15
18,34,0.0,3,GL16_20,20.02404739783933,20.024064337488163,-1.6939505358827947e-05,2.5595335774630337e-15
18,34,0.3333333333333333,3,GL16_20,-40.61542391085362,-40.614365203384196,-0.0010581472363978758,2.1639529452025322e-14
19,34,-1.0,3,back_48_64,84.87523358317972,84.87523358317779,1.93267624126934e-12,6.061764724679939e-16
18,34,0.5,3,GL16_20,-101.08896332468608,-101.08049213447079,-0.008435410786188148,4.396652814135799e-12
18,34,0.5773502691896258,3,GL16_20,-145.30468933781492,-145.28275343289943,-0.021697062548821394,4.748835942305398e-12
18,34,0.7071067811865475,3,GL16_20,-271.81011997207816,-271.70689679809925,-0.09807433532035334,6.973857321960184e-12
19,34,-0.816496580927726,3,GL16_20,79.06206711789162,79.06206711852349,-6.318714438571112e-10,1.6523893847901582e-15
18,34,0.816496580927726,3,GL16_20,-517.2733905705097,-516.9120747833148,-0.3032410638277289,6.124457361967599e-12
19,34,-0.7071067811865475,3,GL16_20,75.00799617569797,75.00799617788812,-2.190148504599127e-09,1.4279369227044765e-15
19,34,-0.5773502691896258,3,GL16_20,69.47695585005442,69.47695585994778,-9.893355419254236e-09,1.4427673248305358e-15
19,34,-0.5,3,GL16_20,65.7287018302379,65.72870185486204,-2.4624142421686375e-08,1.427901397456929e-15
19,34,-0.3333333333333333,3,GL16_20,56.18760047250888,56.18760065372578,-1.812168810681759e-07,1.7139996804273905e-15
19,34,0.0,3,GL16_20,27.65313570864175,27.653146880431642,-1.1171727488970584e-05,2.098157848451204e-15
19,34,0.3333333333333333,3,GL16_20,-29.174307213817144,-29.173507547736904,-0.0007993464325300576,6.229094472562202e-15
19,34,0.5,3,GL16_20,-85.83480600810084,-85.82792273591114,-0.006859636732531927,4.045783778251815e-12
20,34,-1.0,3,back_48_64,88.56839693675529,88.56839693675383,1.4637180356668777e-12,5.687789113078634e-16
19,34,0.5773502691896258,3,GL16_20,-127.25811786145529,-127.2396583916398,-0.0182901373326604,4.769382453054998e-12
19,34,0.7071067811865475,3,GL16_20,-245.76289238162303,-245.67077902318476,-0.08799823941008293,5.426953670625281e-12
20,34,-0.816496580927726,3,GL16_20,83.12842870042267,83.12842870071455,-2.9187674495293793e-10,1.384662504479066e-15
20,34,-0.7071067811865475,3,GL16_20,79.33488950491034,79.3348895059628,-1.052470110508729e-09,1.3603990446740334e-15
19,34,0.816496580927726,3,GL16_20,-475.68507422431344,-475.34817810882566,-0.286016992173291,7.424368389324977e-12
20,34,-0.5773502691896258,3,GL16_20,74.15962532548019,74.15962533049151,-5.0113157942121915e-09,1.2977921591503029e-15
20,34,-0.5,3,GL16_20,70.65267538775343,70.65267540062626,-1.2872831606637262e-08,1.2349767536713308e-15
20,34,-0.3333333333333333,3,GL16_20,61.72649116007985,61.72649126142505,-1.0134519554052609e-07,1.4841051066903113e-15
20,34,0.0,3,GL16_20,35.035946428835835,35.03595358745692,-7.158595465043634e-06,2.221122754701448e-15
20,34,0.3333333333333333,3,GL16_20,-18.104480286418394,-18.103888058427145,-0.0005920526588653984,3.839911293917979e-15
20,34,0.5,3,GL16_20,-71.07712787397212,-71.07161785648293,-0.005494865185414121,1.4528785252945993e-14
21,34,-1.0,3,back_48_64,92.1398871226147,92.1398871226146,9.947598300641897e-14,5.667235526253968e-16
20,34,0.5773502691896258,3,GL16_20,-109.79972857288031,-109.78438927936115,-0.015222245797017446,3.4353253143031675e-12
20,34,0.7071067811865475,3,GL16_20,-220.5663774898622,-220.48486373784857,-0.0782799657397354,4.7022701668404505e-12
21,34,-0.816496580927726,3,GL16_20,87.06057593724037,87.06057593738223,-1.418527517570853e-10,1.6171053896442795e-15
21,34,-0.7071067811865475,3,GL16_20,83.51880280771167,83.51880280820389,-4.922213746493109e-10,1.433965674185079e-15
20,34,0.816496580927726,3,GL16_20,-435.45665298972114,-435.14396832083895,-0.2685194652195161,6.3121463692269565e-12
21,34,-0.5773502691896258,3,GL16_20,78.68733177044308,78.68733177286475,-2.4216717490853265e-09,1.2717030978581797e-15
21,34,-0.5,3,GL16_20,75.41355085056028,75.41355085697582,-6.415532973162559e-09,1.231734417697682e-15
21,34,0.0,3,GL16_20,42.17252932239582,42.17253376449764,-4.44209195981026e-06,1.5620309971233687e-15
21,34,-0.3333333333333333,3,GL16_20,67.0815292310017,67.08152928527872,-5.42770222913732e-08,1.2781220427171554e-15
21,34,0.3333333333333333,3,GL16_20,-7.405872650343696,-7.405443518162919,-0.0004290401167323997,3.448018461813824e-15
21,34,0.5,3,GL16_20,-56.81584372852002,-56.81150545645448,-0.004328875356685703,8.480312001806786e-15
22,34,-1.0,3,back_48_64,95.58972161645812,95.5897216164578,3.268496584496995e-13,5.272898896853295e-16
21,34,0.5773502691896258,3,GL16_20,-92.92943500481202,-92.91686559298294,-0.012490746708585496,1.9154788548675263e-14
21,34,0.7071067811865475,3,GL16_20,-196.22051632146503,-196.14905264825813,-0.06896990168168268,4.452363262259652e-12
22,34,-0.816496580927726,3,GL16_20,90.8585327644972,90.8585327645507,-5.350386800130421e-11,1.4425088771648568e-15
21,34,0.816496580927726,3,GL16_20,-396.5880963002675,-396.29937357104717,-0.250780086604826,5.708999469100206e-12
22,34,-0.7071067811865475,3,GL16_20,87.55976460755141,87.5597646077539,-2.0249046881641214e-10,1.166490569597683e-15
22,34,-0.5773502691896258,3,GL16_20,83.06010992079473,83.0601099218787,-1.083975575378677e-09,1.260165032057329e-15
22,34,-0.5,3,GL16_20,80.01136705922964,80.0113670622285,-2.9988598226336378e-09,1.2646613181687695e-15
22,34,0.3333333333333333,3,GL16_20,2.921609170148706,2.9219126603950585,-0.00030344419784629327,2.6380993834943723e-15
22,34,0.0,3,GL16_20,49.06295454583162,49.06295720467178,-2.658836624884911e-06,1.4099940714559877e-15
22,34,-0.3333333333333333,3,GL16_20,72.25276330104475,72.25276332867887,-2.763411505855592e-08,1.3000129178838046e-15
22,34,0.5,3,GL16_20,-43.050843011772656,-43.04748965658966,-0.003347738966979329,4.3663600933241835e-15
23,34,-1.0,3,back_48_64,98.9179320811363,98.91793208113589,4.1211478674094303e-13,5.437667713498652e-16
22,34,0.5773502691896258,3,GL16_20,-76.6471232765553,-76.63698275652703,-0.010089278307217809,5.525024708921477e-15
22,34,0.7071067811865475,3,GL16_20,-172.72522237559434,-172.66322025685923,-0.060119104569671636,1.4695503895294684e-13
22,34,0.816496580927726,3,GL16_20,-359.0793537811143,-358.8142944575879,-0.23283956203661474,5.33771032020093e-12
23,34,-0.816496580927726,3,GL16_20,94.52233788531345,94.52233788535318,-3.9733549782915427e-11,1.3801689708690343e-15
23,34,-0.7071067811865475,3,GL16_20,91.45781863604302,91.45781863614208,-9.906386821476635e-11,1.223696486428001e-15
23,34,-0.5773502691896258,3,GL16_20,87.27801036817829,87.27801036865293,-4.746425473751042e-10,1.0885969968870664e-15
23,34,-0.5,3,GL16_20,84.44617917423288,84.4461791755672,-1.33431399173898e-09,1.1251057872759702e-15
23,34,-0.3333333333333333,3,GL16_20,77.24025954313412,77.24025955644568,-1.331156331851573e-08,1.1927171735100144e-15
23,34,0.0,3,GL16_20,55.70731324571767,55.70731477373608,-1.528017241272344e-06,1.2934060139922824e-15
23,34,0.3333333333333333,3,GL16_20,12.878082747413117,12.878291630677836,-0.00020886145012869408,2.9489517629994842e-15
24,34,-1.0,3,back_48_64,102.12456468103659,102.12456468103622,3.6948222259532036e-13,4.712366783076509e-16
23,34,0.5,3,GL16_20,-29.781988652066275,-29.779449386167485,-0.002536044690215884,3.635683905492812e-15
23,34,0.5773502691896258,3,GL16_20,-60.95265066286045,-60.944610828054465,-0.008007601774723799,4.300919396660365e-15
23,34,0.7071067811865475,3,GL16_20,-150.08037929936614,-150.02721253578358,-0.0517781295796834,8.479967700891093e-15
23,34,0.816496580927726,3,GL16_20,-322.9303540471401,-322.6886016462587,-0.2147494191645172,4.565566956303732e-12
24,34,-0.816496580927726,3,GL16_20,98.0520450938127,98.05204509382493,-1.223554590971407e-11,1.350501582105956e-15
24,34,-0.7071067811865475,3,GL16_20,95.21302416839507,95.21302416842721,-3.214495336527028e-11,1.1114717672432411e-15
24,34,-0.5773502691896258,3,GL16_20,91.34109991980682,91.34109991998308,-1.7625723101711714e-10,1.4019293689414938e-15
24,34,-0.5,3,GL16_20,88.71805905900169,88.71805905953255,-5.308606886001796e-10,1.015605663059335e-15
24,34,-0.3333333333333333,3,GL16_20,82.04410215679897,82.0441021627702,-5.971230603243502e-09,1.2009453048593605e-15
24,34,0.0,3,GL16_20,62.10571846976701,62.105719308074285,-8.383069211087934e-07,1.0755265472251701e-15
24,34,0.5,3,GL16_20,-17.009115425443937,-17.007236471509543,-0.0018771898055290098,2.3821682805675453e-15
24,34,0.3333333333333333,3,GL16_20,22.463691335839986,22.463830781053232,-0.00013943549121475635,2.3528746370939878e-15
25,34,-1.0,3,back_48_64,105.20968064846038,105.20968064845928,1.094235813071153e-12,4.600388672821593e-16
24,34,0.5773502691896258,3,GL16_20,-45.84584368014154,-45.83959262486664,-0.006231558076053539,3.8532399369202084e-15
24,34,0.7071067811865475,3,GL16_20,-128.28583782802474,-128.24084509152613,-0.04399557425264705,4.7169279927915865e-15
24,34,0.816496580927726,3,GL16_20,-288.141002783165,-287.92213270866364,-0.19657390309098466,1.2510837103434526e-14
25,34,-0.816496580927726,3,GL16_20,101.44772385665398,101.44772385666292,-8.93862761582211e-12,1.363862333530075e-15
25,34,-0.7071067811865475,3,GL16_20,98.82545661939734,98.8254566194117,-1.435296326225102e-11,1.1576874779793432e-15
25,34,-0.5,3,GL16_20,92.82709592908594,92.82709592928123,-1.9528556547723772e-10,1.0511368141268134e-15
25,34,-0.5773502691896258,3,GL16_20,95.24946222219128,95.24946222225448,-6.319567091650646e-11,1.1129001478294541e-15
25,34,-0.3333333333333333,3,GL16_20,86.66439411047273,86.66439411294735,-2.4746213936245405e-09,9.285224071333251e-16
25,34,0.0,3,GL16_20,68.258306405186,68.25830684120618,-4.3602007779915147e-07,1.166744084254666e-15
25,34,0.3333333333333333,3,GL16_20,31.678605992411082,31.678695923408526,-8.992695377265544e-05,1.4066143725296846e-15
25,34,0.5,3,GL16_20,-4.732027747240018,-4.730673091619792,-0.0013537384884803416,2.1185581833367765e-15
25,34,0.5773502691896258,3,GL16_20,-31.326495631945377,-31.32174118073887,-0.0047431666943421325,2.824342009825685e-15
26,34,-1.0,3,back_48_64,108.17335712791456,108.17335712791474,-1.8474111129760898e-13,4.732327198652434e-16
25,34,0.7071067811865475,3,GL16_20,-107.34141190982963,-107.3039007431099,-0.03681633794122832,4.1547873207757606e-15
25,34,0.816496580927726,3,GL16_20,-254.71117995235835,-254.51468807964898,-0.17839199128481287,6.953602469645285e-15
26,34,-0.816496580927726,3,GL16_20,104.70946017963794,104.70946017965221,-1.4267698133961028e-11,1.3370498536537814e-15
26,34,-0.5773502691896258,3,GL16_20,99.00319867724036,99.0031986772695,-2.9132252165739764e-11,1.009898215912577e-15
26,34,-0.7071067811865475,3,GL16_20,102.29520842804914,102.29520842806443,-1.5290879673440452e-11,1.0465087868257432e-15
26,34,-0.3333333333333333,3,GL16_20,91.10125818449174,91.10125818542744,-9.35699517429994e-10,1.0393866836061853e-15
26,34,-0.5,3,GL16_20,96.77339729583821,96.77339729591026,-7.204903340347862e-11,9.719035020213169e-16
26,34,0.0,3,GL16_20,74.16523797173038,74.16523818484029,-2.1310989100800931e-07,9.660388076761882e-16
26,34,0.3333333333333333,3,GL16_20,40.5230283008156,40.523084063061255,-5.5760690973163535e-05,1.5511756883942792e-15
26,34,0.5,3,GL16_20,7.049503211155411,7.0504514956335385,-0.0009478349984911336,1.7941154731246347e-15
26,34,0.5773502691896258,3,GL16_20,-17.394363520760294,-17.39083642184268,-0.00352088601088684,1.8787777340015022e-15
27,34,-1.0,3,back_48_64,111.01568833568226,111.01568833568125,1.0089706847798514e-12,4.3626681552929704e-16
26,34,0.7071067811865475,3,GL16_20,-87.24687391249073,-87.21612640131504,-0.030279614271402067,3.272075376027122e-15
26,34,0.816496580927726,3,GL16_20,-222.64073592612488,-222.466026016128,-0.16029942581650747,4.55370918480442e-15
27,34,-0.816496580927726,3,GL16_20,107.83735779839574,107.83735779840069,-4.945377440878069e-12,1.0469085999082294e-15
27,34,-0.7071067811865475,3,GL16_20,105.62239027079305,105.62239027079733,-4.277467269266655e-12,1.0885664920862307e-15
27,34,-0.5773502691896258,3,GL16_20,102.60242969153899,102.60242969154524,-6.252776074669333e-12,9.354607095324491e-16
27,34,-0.5,3,GL16_20,100.55709024571124,100.55709024572838,-1.7138290786386756e-11,1.1080449285816043e-15
27,34,-0.3333333333333333,3,GL16_20,95.35483835570355,95.35483835600678,-3.0323121786700576e-10,9.80002274528599e-16
27,34,0.0,3,GL16_20,79.82670080928264,79.82670090603312,-9.675047850025758e-08,8.582938506330794e-16
27,34,0.5,3,GL16_20,18.33574322499511,18.336385090840906,-0.000641659893981565,1.501983421886083e-15
27,34,0.3333333333333333,3,GL16_20,48.997193784965674,48.99722683478334,-3.304927152740102e-05,1.2757184333698495e-15
27,34,0.5773502691896258,3,GL16_20,-4.049164190062278,-4.046620903769011,-0.002540054880732314,1.811609551771976e-15
28,34,-1.0,3,back_48_64,115.10615814413788,115.1061581441366,1.2789769243689982e-12,4.1963793652641087e-16
27,34,0.7071067811865475,3,GL16_20,-68.00194877824107,-67.97722907816727,-0.024416670357627877,2.474452932611409e-15
27,34,0.816496580927726,3,GL16_20,-191.929486235014,-191.77585640257172,-0.14241058595754344,3.3329410219806348e-15
28,34,-0.816496580927726,3,GL16_20,112.32143086187384,112.32143086189083,-1.6996182239237163e-11,1.412476687836395e-15
28,34,-0.7071067811865475,3,GL16_20,110.38247031783015,110.38247031784755,-1.7394086171255975e-11,1.1533860216606444e-15
28,34,-0.5773502691896258,3,GL16_20,107.74077544316876,107.74077544318658,-1.782041181270453e-11,9.346650764735152e-16
28,34,-0.5,3,GL16_20,105.95274750945508,105.95274750947397,-1.8886225916325118e-11,1.0430985519976609e-15
28,34,-0.3333333333333333,3,GL16_20,101.4083645508779,101.40836455093714,-5.923084245120781e-11,9.593848807372121e-16
28,34,0.0,3,GL16_20,87.86383022183381,87.8638302469046,-2.5070789574287126e-08,8.902656000559852e-16
28,34,0.3333333333333333,3,GL16_20,61.01517844444182,61.01519208254744,-1.3638012622288213e-05,1.1540988758218828e-15
28,34,0.5,3,GL16_20,34.33714430649019,34.33747615371828,-0.0003317921728882885,1.4226472385745813e-15
28,34,0.5773502691896258,3,GL16_20,14.86887124358681,14.870333959811695,-0.0014616469769074207,1.551012367977456e-15
29,34,-1.0,3,back_48_64,120.09537266566807,120.09537266566993,-1.8616219676897298e-12,4.182288181652999e-16
28,34,0.7071067811865475,3,GL16_20,-40.7268473633995,-40.70977429400914,-0.016928150450261532,1.7365127408895953e-15
28,34,0.816496580927726,3,GL16_20,-148.410592316852,-148.28700092719038,-0.11625912722588293,2.3516198004603238e-15
29,34,-0.816496580927726,3,GL16_20,117.80056794917294,117.8005679491818,-8.853362487531657e-12,1.0523097487633252e-15
29,34,-0.7071067811865475,3,GL16_20,116.20424986454346,116.20424986455222,-8.768097359241197e-12,9.989906385857777e-16
29,34,-0.5773502691896258,3,GL16_20,114.03109083865505,114.03109083866354,-8.49809111965469e-12,1.2249251320391706e-15
29,34,-0.5,3,GL16_20,112.56117012313032,112.56117012313851,-8.185452315922853e-12,9.795951697828444e-16
29,34,-0.3333333333333333,3,GL16_20,108.82825281612439,108.82825281613191,-7.517542144313603e-12,8.405891716163073e-16
29,34,0.0,3,GL16_20,97.72034583725191,97.72034583984106,-2.589146671484389e-09,8.078128114684045e-16
29,34,0.3333333333333333,3,GL16_20,75.74612023816175,75.74612352566368,-3.2874965219686527e-06,1.1388573106264694e-15
29,34,0.5,3,GL16_20,53.9421270764369,53.94224268120632,-0.00011559808744565503,1.0691520327608975e-15
29,34,0.5773502691896258,3,GL16_20,38.04216928362932,38.042773474899725,-0.0006040087836134393,1.2928455770382871e-15
30,34,-1.0,3,back_48_64,125.65165175898066,125.65165175898,6.679101716147172e-13,3.7743535751336683e-16
29,34,0.7071067811865475,3,GL16_20,-7.330058251664212,-7.320627332898383,-0.009386587123608976,1.5801369211891852e-15
29,34,0.816496580927726,3,GL16_20,-95.14000439969026,-95.05277845052053,-0.08353000339769988,1.733894116015881e-15
30,34,-0.816496580927726,3,GL16_20,123.90158060593865,123.9015806059423,-3.652189661800246e-12,1.141414743297569e-15
30,34,-0.7071067811865475,3,GL16_20,122.68579435770815,122.68579435771163,-3.48165940521843e-12,8.835436305039181e-16
30,34,-0.5773502691896258,3,GL16_20,121.0325167238962,121.03251672389935,-3.1548097467698684e-12,9.238383737146124e-16
30,34,-0.5,3,GL16_20,119.91531701716764,119.91531701717052,-2.884803507181846e-12,8.251855081723279e-16
30,34,-0.3333333333333333,3,GL16_20,117.08149918689496,117.08149918689693,-1.9753088054111277e-12,7.648809713727803e-16
30,34,0.0,3,GL16_20,108.67037597419878,108.67037597421952,-2.074784788397969e-11,6.862303191944159e-16
30,34,0.3333333333333333,3,GL16_20,92.0874481683176,92.08744847662778,-3.0831014407146605e-07,9.722017984886135e-16
30,34,0.5,3,GL16_20,75.6733480763816,75.6733687985082,-2.072191190486011e-05,9.747375525044119e-16
30,34,0.5773502691896258,3,GL16_20,63.718936541146576,63.71908022225574,-0.00014367078752885434,9.465198690524746e-16
31,34,-1.0,3,back_48_64,133.01183622865045,133.01183622864966,7.958078640516289e-13,3.787798905383485e-16
30,34,0.7071067811865475,3,GL16_20,29.64922526833834,29.652816200921198,-0.003584492894916765,1.1623223414025573e-15
30,34,0.816496580927726,3,GL16_20,-36.1880065016159,-36.138570099314194,-0.048234313681321986,1.4329663526186855e-15
31,34,-0.816496580927726,3,GL16_20,131.97134045291136,131.97134045292242,-1.1056044968366041e-11,1.1087558061010432e-15
31,34,-0.7071067811865475,3,GL16_20,131.2510961895646,131.2510961895763,-1.1681322575827821e-11,7.96511949256934e-16
31,34,-0.5773502691896258,3,GL16_20,130.27463913293775,130.27463913295014,-1.2391865311579368e-11,7.379119623785797e-16
31,34,-0.5,3,GL16_20,129.61652268605852,129.61652268607133,-1.2818190953030055e-11,8.386705462671489e-16
31,34,-0.3333333333333333,3,GL16_20,127.95255859910027,127.95255859911391,-1.3642420526500866e-11,6.274592428453251e-16
31,34,0.0,3,GL16_20,123.0481307506362,123.04813075065061,-1.4409806681111011e-11,6.358368642766677e-16
31,34,0.3333333333333333,3,GL16_20,113.4710103822575,113.47101038222455,3.2954972085096465e-11,6.78140142436078e-16
31,34,0.5,3,GL16_20,104.05833552569678,104.05833572615686,-2.004600586665039e-07,6.570899793500589e-16
32,34,-1.0,3,back_48_64,139.64334408610023,139.64334408609977,4.547473508865675e-13,3.039147981578057e-16
31,34,0.5773502691896258,3,GL16_20,97.22815597165184,97.22815938376851,-3.412110847946802e-06,7.808814538799152e-16
31,34,0.7071067811865475,3,GL16_20,77.83283952487548,77.83314649909586,-0.0003069271086140085,9.71228561367938e-16
31,34,0.816496580927726,3,GL16_20,40.51689834831453,40.52850550418361,-0.011540052711934775,1.0482436862708188e-15
32,34,-0.816496580927726,3,GL16_20,139.2147857471469,139.21478574715405,-7.162270776436161e-12,9.482622358972363e-16
32,34,-0.7071067811865475,3,GL16_20,138.92094482555305,138.92094482556098,-7.929656931051279e-12,6.875770150631325e-16
32,34,-0.5773502691896258,3,GL16_20,138.52590043405598,138.5259004340649,-8.924416761107036e-12,6.767108257376573e-16
32,34,-0.5,3,GL16_20,138.26163001624778,138.26163001625739,-9.606537787430412e-12,7.303631497302881e-16
32,34,-0.3333333333333333,3,GL16_20,137.5998042701459,137.59980427015714,-1.1226575224946565e-11,6.184507580518736e-16
32,34,0.0,3,GL16_20,135.6911791525108,135.69117915252616,-1.5347723092300388e-11,6.151373524335614e-16
32,34,0.3333333333333333,3,GL16_20,132.08118223571705,132.08118223573746,-2.040678737082186e-11,5.099958349397416e-16
32,34,0.5,3,GL16_20,128.62115050909685,128.6211505091082,-1.1340262062666899e-11,5.006565052594345e-16
32,34,0.5773502691896258,3,GL16_20,126.1441822187977,126.14418221900782,-2.1012169779690126e-10,5.514133420871921e-16
33,34,-1.0,3,back_48_64,144.62429987739745,144.6242998773975,-5.68434188608064e-14,2.3287196099696095e-16
32,34,0.7071067811865475,3,GL16_20,119.20544514420695,119.20544512218564,2.2021311239402678e-08,6.85872271542715e-16
32,34,0.816496580927726,3,GL16_20,106.07052221718911,106.07064373299548,-0.00012150842362354257,7.162841485770889e-16
33,34,-0.816496580927726,3,GL16_20,144.5785842336324,144.57858423363265,-2.5579538487360335e-13,8.027142865705606e-16
33,34,-0.7071067811865475,3,GL16_20,144.54873692934973,144.54873692935004,-3.126388037343952e-13,7.416665269032262e-16
33,34,-0.5773502691896258,3,GL16_20,144.51042616864123,144.51042616864163,-3.9790393202557694e-13,6.38524405623778e-16
33,34,-0.5,3,GL16_20,144.48590128778136,144.48590128778181,-4.547473508863607e-13,6.242230490739365e-16
33,34,-0.3333333333333333,3,GL16_20,144.42807409583702,144.4280740958376,-5.684341886079186e-13,5.7272596866699e-16
33,34,0.0,3,GL16_20,144.28545543800476,144.28545543800593,-1.1652900866458854e-12,4.350393197613287e-16
33,34,0.3333333333333333,3,GL16_20,144.08322495346934,144.08322495347176,-2.4158453015814225e-12,4.690996259312125e-16
33,34,0.5,3,GL16_20,143.93955149761922,143.93955149762328,-4.064304448539514e-12,4.0922676585858027e-16
33,34,0.5773502691896258,3,GL16_20,143.855594614699,143.85559461470206,-3.0695446184789218e-12,4.27427329704004e-16
34,34,-1.0,3,back_48_64,146.2767921997543,146.2767921997543,0.0,2.392248315391669e-16
33,34,0.7071067811865475,3,GL16_20,143.6723528016919,143.67235280170706,-1.5177192835720568e-11,4.575101802326731e-16
33,34,0.816496580927726,3,GL16_20,143.4386716928342,143.43867168848806,4.3461341287041e-09,5.626960132958205e-16
34,34,-0.816496580927726,3,GL16_20,146.29095897579631,146.29095897579649,-1.705302565824095e-13,9.363404413598484e-16
34,34,-0.7071067811865475,3,GL16_20,146.2996548538722,146.29965485387237,-1.705302565824095e-13,5.901504546689473e-16
34,34,-0.5,3,GL16_20,146.31671114031693,146.31671114031707,-1.4210854715200994e-13,6.8460964010292935e-16
34,34,-0.5773502691896258,3,GL16_20,146.3102434044756,146.31024340447573,-1.1368683772160957e-13,6.249641250669637e-16
34,34,0.3333333333333333,3,GL16_20,146.3978558891935,146.39785588919318,3.1263880373449295e-13,3.7977988056382956e-16
34,34,-0.3333333333333333,3,GL16_20,146.33109554759557,146.33109554759562,-5.68434188608064e-14,5.201932202801287e-16
34,34,0.0,3,GL16_20,146.36217292231888,146.36217292231885,2.842170943040441e-14,3.9956624251002044e-16
34,34,0.5773502691896258,3,GL16_20,146.4291660294769,146.4291660294765,3.9790393202573527e-13,4.398254409084676e-16
34,34,0.5,3,GL16_20,146.41854913621174,146.41854913621114,5.968558980386623e-13,3.703332706633881e-16
34,34,0.816496580927726,3,GL16_20,146.46944997418595,146.46944982385855,1.503274062757205e-07,4.1600457538889553e-16
34,34,0.7071067811865475,3,GL16_20,146.44915318332585,146.44915318323564,9.021050573617129e-11,3.913941845773599e-16
