target_z,temperature_K,nH_m3,file,kind,state_a,state_b,block_sha256,file_sha256,context_fingerprint
900,2457.553056790327,137120617.26437098,pair_00_01_L24.npz,interior_pair,0,1,0897b843fde82b7c3fe24abc70a14b462116c48dd3891ac4991bac64a0a707a1,e3dac65402757c62d7c97ab1380f22da4fa27fc92bf43b2f171031397647bc45,d5cc307bc3d63c6a89e4e050b59bedb73c4fdd64ffec553b010af5233416506a
900,2457.553056790327,137120617.26437098,pair_00_02_L24.npz,interior_pair,0,2,bde0cc66aaa2e8475e5ea29289937c6ec7aea218e4122ae564ae7382391614c6,435b27bfbd11d513326eace253c3e4a0a519e0fd194cc5a75a8036dfaf20f233,d5cc307bc3d63c6a89e4e050b59bedb73c4fdd64ffec553b010af5233416506a
900,2457.553056790327,137120617.26437098,pair_00_03_L24.npz,interior_pair,0,3,0ecba439cc27cbf07d0a00949ec6c5a90b3a85000c4bd7f395726f11e4765666,37c51a8fac7882f8b6e2e740d5659c7ca690ea4b64c19af1c60cab157fab94a0,d5cc307bc3d63c6a89e4e050b59bedb73c4fdd64ffec553b010af5233416506a
900,2457.553056790327,137120617.26437098,pair_00_04_L24.npz,interior_pair,0,4,704b956f528bddb40a5aa40888a2f10284c821076b2b8a55c72fc72c1f2b7dd4,e22d78588f8ccb8f98b8de1159b885515dd6ae7a1a1d072de1d196e9e3e97401,d5cc307bc3d63c6a89e4e050b59bedb73c4fdd64ffec553b010af5233416506a
900,2457.553056790327,137120617.26437098,pair_00_05_L24.npz,interior_pair,0,5,9ae481a5a157a74fabf546c4590b4da198cc3f5b1aa3a32568cbc1d00783ff1d,4fe0c6b71b616bd3e019ec5f880ceefaeba85ccf4b3b81487b06f525ef5ed874,d5cc307bc3d63c6a89e4e050b59bedb73c4fdd64ffec553b010af5233416506a
900,2457.553056790327,137120617.26437098,pair_00_06_L24.npz,interior_pair,0,6,aaa4bb71fa0b8a918b33abb88463e6a6e536f9be3500f9b02b41e99484e1d1ed,aff7d06f24da3fa5b077757b83e44451503e03bb6f31b964678bc14fe85ecc8c,d5cc307bc3d63c6a89e4e050b59bedb73c4fdd64ffec553b010af5233416506a
900,2457.553056790327,137120617.26437098,pair_00_07_L24.npz,interior_pair,0,7,0c75779cf669944f66ad5cd00955c504a6453a647935f918032d7e0b8191442e,9dac92042fdf9916d25294321773be792704c365cc1a168afd4f1cd25a7a6bb5,d5cc307bc3d63c6a89e4e050b59bedb73c4fdd64ffec553b010af5233416506a
900,2457.553056790327,137120617.26437098,pair_00_08_L24.npz,interior_pair,0,8,7a6fafc3312c5c365154fd684d027b90a0c067804ac0464d76d346535affecb2,95eeafe89763cb4e84841f1ead6ce379c718d6598d17715aa7ae7557b86a1b08,d5cc307bc3d63c6a89e4e050b59bedb73c4fdd64ffec553b010af5233416506a
900,2457.553056790327,137120617.26437098,pair_00_09_L24.npz,interior_pair,0,9,e383de01d992839ed8f88aa6989a9f32b83ce3f3a8e8478ce47ff09c1875dc1e,b1ad53bf2e71707467ae61412d722298ddae2cc1609e165b6b1e9b7455093c87,d5cc307bc3d63c6a89e4e050b59bedb73c4fdd64ffec553b010af5233416506a
900,2457.553056790327,137120617.26437098,pair_00_10_L24.npz,interior_pair,0,10,3f42fcf7fe43a3894609c5a4382a9e8e800ddc7ab299c927e34b7ebd5042d8d8,a479ecbc67ff7e6ce14d13198359e5217938783ff93fadbdeef792fe28345b45,d5cc307bc3d63c6a89e4e050b59bedb73c4fdd64ffec553b010af5233416506a
900,2457.553056790327,137120617.26437098,pair_00_11_L24.npz,interior_pair,0,11,ccc2273638d3a73c7fc8c8228f41452cf5468ed5234ed7b976c868b48da7eba1,f3ff36cb8e80d6acfc66634e43c04a5b9d14c6237112f46e5dc7136509a3a0b4,d5cc307bc3d63c6a89e4e050b59bedb73c4fdd64ffec553b010af5233416506a
900,2457.553056790327,137120617.26437098,pair_00_12_L24.npz,interior_pair,0,12,fa23a9430d46b5e9b273a6cc01eb59158e75f7f9b7f51125ebe937f3334dac4f,8f8046c5ca70b0b3e77ff62beadc90df06367a5d55f5ac9ae13e4cd3fbb8c87e,d5cc307bc3d63c6a89e4e050b59bedb73c4fdd64ffec553b010af5233416506a
900,2457.553056790327,137120617.26437098,pair_00_13_L24.npz,interior_pair,0,13,29e545aa3629c41d6ffea6e89fac1b8debab91e0b7e65495d40cc622895e6bd5,a746ea515d9f6b187fb7773b666db73034a3a1439737eb2f9b93254884c6058b,d5cc307bc3d63c6a89e4e050b59bedb73c4fdd64ffec553b010af5233416506a
900,2457.553056790327,137120617.26437098,pair_00_14_L24.npz,interior_pair,0,14,367a5610a529919193312250eeced5769d1c7c8da0f5402315379514a4df662c,82ae360e015f3b93353a7877e86c6e0773d77297891ee295073e43eaca6de4d4,d5cc307bc3d63c6a89e4e050b59bedb73c4fdd64ffec553b010af5233416506a
900,2457.553056790327,137120617.26437098,pair_00_15_L24.npz,interior_pair,0,15,71cdb0141c208064889893f83f1dd748c7f37788dea70af75483f133644a275c,f155b7f8c9f1eaf9e2cbe86c0e45840e9d2039d619476115490dfabfc3b46c6c,d5cc307bc3d63c6a89e4e050b59bedb73c4fdd64ffec553b010af5233416506a
900,2457.553056790327,137120617.26437098,pair_00_16_L24.npz,interior_pair,0,16,9ae1503846e537d4c651b33a281368f0d258113373bf0f60357eb5e848b8b9e0,5cff4ad13124aab6d5140b95400402130adb310529226851f352fabbbbf3da23,d5cc307bc3d63c6a89e4e050b59bedb73c4fdd64ffec553b010af5233416506a
900,2457.553056790327,137120617.26437098,pair_00_17_L24.npz,near_interior_pair,0,17,d154133b771b187d03b3e9f4fc7ec9c31c636dc2761799135b29a53073fea070,93c5e7054556689c94c70266828ca3233f84023bbd6eebf1aed048a659d0b2fd,d5cc307bc3d63c6a89e4e050b59bedb73c4fdd64ffec553b010af5233416506a
900,2457.553056790327,137120617.26437098,pair_00_18_L24.npz,near_interior_pair,0,18,d68271c7aac803b4b153afe1be77b12ee7a327d032811057895a5ae36a3bb956,8be515f2ef52195cc885832538771bb47c1c76e949ea5994cd81924b70439ea4,d5cc307bc3d63c6a89e4e050b59bedb73c4fdd64ffec553b010af5233416506a
900,2457.553056790327,137120617.26437098,pair_00_19_L24.npz,near_interior_pair,0,19,a8ab10754d1d18112c34407b09a63d21538d0ca8fa0b9fd9f0639faa146b7521,856b5d5b5c5563b60f5d98ffe5fcded65dfd9f17a4660c2139984c2e931e6455,d5cc307bc3d63c6a89e4e050b59bedb73c4fdd64ffec553b010af5233416506a
900,2457.553056790327,137120617.26437098,pair_00_20_L24.npz,near_interior_pair,0,20,4e5383a285d11cd3a8593b3779d1e0639caa2f862803a712b9ba86b6c26d640c,d325010129e8e9c735fc1467edc7ccae1646440c8f56123f959e095bab6558c1,d5cc307bc3d63c6a89e4e050b59bedb73c4fdd64ffec553b010af5233416506a
900,2457.553056790327,137120617.26437098,pair_00_21_L24.npz,near_interior_pair,0,21,67450047d485d7e2f5add38bb42b0c360063b76dddecc029283806fd5e1fa1d7,de3e9afeb197c02cf021e5a307e266e3a530a46b4b92b7979ce915fdf1677677,d5cc307bc3d63c6a89e4e050b59bedb73c4fdd64ffec553b010af5233416506a
900,2457.553056790327,137120617.26437098,pair_00_22_L24.npz,near_interior_pair,0,22,2de75a1f3e05eed14e426a1587db1ce64523b76196e6ace0157101cb74041b9c,7344a40a84697229005336a493ab63c63ff3fce77196fdff673c9c5b7bd50ce0,d5cc307bc3d63c6a89e4e050b59bedb73c4fdd64ffec553b010af5233416506a
900,2457.553056790327,137120617.26437098,pair_00_23_L24.npz,near_interior_pair,0,23,6057f6bb06cb1c065676549075b93fcc49ef078405a3b3ae5e73718e920c6c5a,8e4d87dee30390768f7f0c0958692b5ab3ec0acb246a3d82b06deb287857f839,d5cc307bc3d63c6a89e4e050b59bedb73c4fdd64ffec553b010af5233416506a
900,2457.553056790327,137120617.26437098,pair_00_24_L24.npz,near_interior_pair,0,24,798279c1116ad6037f349358cbdecc0ea7a32c5763e0ddd1410303722b350dad,ad376d28b77e05751fb5214ba4afa08071109fd65895e23e82b4efaa5a76b665,d5cc307bc3d63c6a89e4e050b59bedb73c4fdd64ffec553b010af5233416506a
900,2457.553056790327,137120617.26437098,pair_00_25_L24.npz,near_interior_pair,0,25,9e7c43edf2e81b064050d6d3a70a02e6fa8094ccf640664ecde3176fc389a958,38b30dedc71f7dddf98760b17eb1e6230877325ca8dd76004008c3d6b134900f,d5cc307bc3d63c6a89e4e050b59bedb73c4fdd64ffec553b010af5233416506a
900,2457.553056790327,137120617.26437098,pair_00_26_L24.npz,near_interior_pair,0,26,69aab1c8d2f4e6e8895d082b6951bfa30928490c8e0f85d128919bf6cf01921e,07ef92a93f2865136de0c16a49c7e23bbeb4ebb53e5568da2ac4728575c24a70,d5cc307bc3d63c6a89e4e050b59bedb73c4fdd64ffec553b010af5233416506a
900,2457.553056790327,137120617.26437098,pair_00_27_L24.npz,near_interior_pair,0,27,9c84d79e34b7c5df29f5a1491af1b12a6adac4a10be24f6fd65a0ef5fa86ffd2,38ed30403bef8e69f92bd1aef8c7c94bc1dc1a35f97f07a9032e0da684d60793,d5cc307bc3d63c6a89e4e050b59bedb73c4fdd64ffec553b010af5233416506a
900,2457.553056790327,137120617.26437098,pair_00_28_L24.npz,near_interior_pair,0,28,c9bf28c978e467993b52385e8d9a0022f8aac99855fbe228dc6167670707806d,040672d3421794de152cdab5bae5bf6c46a90515f035bec92f0334972a7b12a4,d5cc307bc3d63c6a89e4e050b59bedb73c4fdd64ffec553b010af5233416506a
900,2457.553056790327,137120617.26437098,pair_00_29_L24.npz,far_interior_pair,0,29,1f14c3873ff87b1e8a8b55268a709392e76ffebd8932a09e2208a31f0e2f9b04,6658e7043a4b5f8408f93a8265e2e762133d73f47373e9c93f49f2e0f5503c0a,d5cc307bc3d63c6a89e4e050b59bedb73c4fdd64ffec553b010af5233416506a
900,2457.553056790327,137120617.26437098,pair_00_30_L24.npz,far_interior_pair,0,30,d6c8c54f68d7a9b46702a924d89a860410922eb397319f96398f3406c0268653,1b48c2e99c7281b0efdc7704f0b265c925931e9358868bac38066041e1bac63d,d5cc307bc3d63c6a89e4e050b59bedb73c4fdd64ffec553b010af5233416506a
900,2457.553056790327,137120617.26437098,pair_00_31_L24.npz,far_interior_pair,0,31,83b58a077de76274d4d7758832fdea36774861d62fe773a246428ec2452d220b,712385f5745d882d3ef0c273b430fcb73b888ca38ccf269984cf4f25cfd6959b,d5cc307bc3d63c6a89e4e050b59bedb73c4fdd64ffec553b010af5233416506a
900,2457.553056790327,137120617.26437098,pair_00_32_L24.npz,far_interior_pair,0,32,ecc4be3adef13e99246d89d618058f62fb64032d1773bb50ffc5890a4439a676,91ae253523ac322901d82d8f34c98a80771c8418449e51c24e6b986c98675dcf,d5cc307bc3d63c6a89e4e050b59bedb73c4fdd64ffec553b010af5233416506a
900,2457.553056790327,137120617.26437098,pair_00_33_L24.npz,far_interior_pair,0,33,4870663d5a558529400bedb7475e23ae7244191ee190749c3d9dae73ae333992,a2f2009b5d58525e1cc241e42e6b2e9d4f231251b321edba8acf83659cf5758f,d5cc307bc3d63c6a89e4e050b59bedb73c4fdd64ffec553b010af5233416506a
900,2457.553056790327,137120617.26437098,pair_00_34_L24.npz,far_interior_pair,0,34,bef3b2f60fd3d3259dfc8f028b21db8db57ed4d7877f9150448c7588521f58c9,4a41c2a3cfd3c8d0d52d76ea6525b0f13e54609806fc7f539ed921c704704b02,d5cc307bc3d63c6a89e4e050b59bedb73c4fdd64ffec553b010af5233416506a
900,2457.553056790327,137120617.26437098,pair_01_02_L24.npz,interior_pair,1,2,0f79443ce35c1f0d42db496c6f3a6d79bddb72597c7912624d949ed5dd0c5c01,b7085e167b9a83afe4f1458f129790fcc98bd7c5a95d705e6a80e617c4ad2e4b,d5cc307bc3d63c6a89e4e050b59bedb73c4fdd64ffec553b010af5233416506a
900,2457.553056790327,137120617.26437098,pair_01_03_L24.npz,interior_pair,1,3,a7f2d44755d6beb729efd0070d239b557065b9f212f5fce872c0c33aeb646383,a157fe036d08709a6d3f28db448b8edeeaffa654e7f51d359433a6a9e08a0aed,d5cc307bc3d63c6a89e4e050b59bedb73c4fdd64ffec553b010af5233416506a
900,2457.553056790327,137120617.26437098,pair_01_04_L24.npz,interior_pair,1,4,86d320b38b2456121573a1d4a0584c00bae8ca3cfb4b153577b0cc421905f556,1d06bfd2e39764819ac57c9d6d0fae586c007c0e9ab4f51c1c2c13638545eecf,d5cc307bc3d63c6a89e4e050b59bedb73c4fdd64ffec553b010af5233416506a
900,2457.553056790327,137120617.26437098,pair_01_05_L24.npz,interior_pair,1,5,072088b6b83ca9facd8751d26785d18ffc120bd044b1408734ab9d13df087165,7963b36094d457ba964191049c5ac441357216d2acf103f21d062f2c28ba004e,d5cc307bc3d63c6a89e4e050b59bedb73c4fdd64ffec553b010af5233416506a
900,2457.553056790327,137120617.26437098,pair_01_06_L24.npz,interior_pair,1,6,2ab94778034c73c0e6ede11b27eaa746291ba4d802a93fb644c05a1c1ea88afe,dc5ebb4b3d1157335af967d5024f45d336acd792ddb3b9db184e0fab1820100b,d5cc307bc3d63c6a89e4e050b59bedb73c4fdd64ffec553b010af5233416506a
900,2457.553056790327,137120617.26437098,pair_01_07_L24.npz,interior_pair,1,7,0a698d74a5696acbb219054659073c812adb8210fd8aa9bf2ced3224324e94d8,3f24e4dae11ecb98339ed9d8600222a9f3036c626c914d8c8c8dd86362d6b90a,d5cc307bc3d63c6a89e4e050b59bedb73c4fdd64ffec553b010af5233416506a
900,2457.553056790327,137120617.26437098,pair_01_08_L24.npz,interior_pair,1,8,d83c7bce28053ab68a28ec7cb176143d8464861108b0f827c6f4113b441160b5,429b73d27df26148e6dceed4a636e43419779b7761d7438282a7c82d2f518a00,d5cc307bc3d63c6a89e4e050b59bedb73c4fdd64ffec553b010af5233416506a
900,2457.553056790327,137120617.26437098,pair_01_09_L24.npz,interior_pair,1,9,035b9123e0074ee47df9318c764290c09f6a0b9ceb2f7795a07d4415e3bdfd95,9ea5e03e893cb3a8ead92cfcbf6a200289b59f88e90764fd53335a2c0ca27146,d5cc307bc3d63c6a89e4e050b59bedb73c4fdd64ffec553b010af5233416506a
900,2457.553056790327,137120617.26437098,pair_01_10_L24.npz,interior_pair,1,10,4196d23198b7d445ab86441e96e382b7eb4165be1e2d2ef762ad61e1f8839c9c,9e530248e1b4e17c735da89c430eb1949c1ec476dec67df5b4eab4c571000737,d5cc307bc3d63c6a89e4e050b59bedb73c4fdd64ffec553b010af5233416506a
900,2457.553056790327,137120617.26437098,pair_01_11_L24.npz,interior_pair,1,11,1e2323608870ce9cbd38a644d1fbd57b8f017e62174521e31a67ba1fe8877be2,fa79dd054e67b26549d3ea00591e92f5b5f710fe22de6c2c7db147d48c9e0c99,d5cc307bc3d63c6a89e4e050b59bedb73c4fdd64ffec553b010af5233416506a
900,2457.553056790327,137120617.26437098,pair_01_12_L24.npz,interior_pair,1,12,e5a942123eb0d65212072c79b9a2419d760e0d7f913115afbd209f105245954d,98bd5b04643e54bfe80265a9cd2dc00ca0b8e35d1340cd64ab9be75ab64e30e0,d5cc307bc3d63c6a89e4e050b59bedb73c4fdd64ffec553b010af5233416506a
900,2457.553056790327,137120617.26437098,pair_01_13_L24.npz,interior_pair,1,13,f215a795894ea4c73d6d70c2ff2453c240431961c716c57f838c28f79ef5fc68,3d54d639120d19e69248988e2e18cd2cd3a63898ccd6eecd74426ab2fe54769e,d5cc307bc3d63c6a89e4e050b59bedb73c4fdd64ffec553b010af5233416506a
900,2457.553056790327,137120617.26437098,pair_01_14_L24.npz,interior_pair,1,14,60410eba2acdcc99677304130363b21626c4b002d6a372f53b97af74c0712e65,357d7f3d8fe1dc443bb074c440d454d8dd65c388a43ee7b108607ecf3cb92407,d5cc307bc3d63c6a89e4e050b59bedb73c4fdd64ffec553b010af5233416506a
900,2457.553056790327,137120617.26437098,pair_01_15_L24.npz,interior_pair,1,15,51d5de03bc48f900b5884c43f0653a1b56176efc1ed75393f79d3427501fbbf0,59c42bffaf8d0958dd4d636e8b041698327774a0083ecc7efd33c5dffa286cc4,d5cc307bc3d63c6a89e4e050b59bedb73c4fdd64ffec553b010af5233416506a
900,2457.553056790327,137120617.26437098,pair_01_16_L24.npz,interior_pair,1,16,25338740830f9fe65c4d014e24fc12d9e28db1652809e88180ed23402fd45d8e,d0bac07dbf18f4275d5104603da406d5706db8aa77105e57c79e196147b3ebb3,d5cc307bc3d63c6a89e4e050b59bedb73c4fdd64ffec553b010af5233416506a
900,2457.553056790327,137120617.26437098,pair_01_17_L24.npz,near_interior_pair,1,17,b477adeee2bf94b1d44800edab472e0fe3067812e8f778ef76fef296665600df,7a9679e289abfa81318cfacfb20e563ae778154d001e4f1745abea8c4b4768d4,d5cc307bc3d63c6a89e4e050b59bedb73c4fdd64ffec553b010af5233416506a
900,2457.553056790327,137120617.26437098,pair_01_18_L24.npz,near_interior_pair,1,18,16ca352e9bfce58fbb14a1af429e70b3b159a0c805b6c0df4ec45caf1547e142,8954b9e0711152f39b68bead63ad09d567ce80279e0c61142a694f0eb45eec7c,d5cc307bc3d63c6a89e4e050b59bedb73c4fdd64ffec553b010af5233416506a
900,2457.553056790327,137120617.26437098,pair_01_19_L24.npz,near_interior_pair,1,19,14cd98757b6f9ca0257eda5888ea13b9216c72413b3bf31dd0f093772da263a7,b2d9e4013b5fb251d8f6c805870b8435cadc53567fb40bfd5fca02ff03854490,d5cc307bc3d63c6a89e4e050b59bedb73c4fdd64ffec553b010af5233416506a
900,2457.553056790327,137120617.26437098,pair_01_20_L24.npz,near_interior_pair,1,20,7653353a3690df9965f5ea0ebc4aacd57a45eea18f642551676bb11528d21e93,4dbd687be5706489413bc50568240d8f95b5c6d2c41037f0c62a3112a7d74ca3,d5cc307bc3d63c6a89e4e050b59bedb73c4fdd64ffec553b010af5233416506a
900,2457.553056790327,137120617.26437098,pair_01_21_L24.npz,near_interior_pair,1,21,3da67845b1d419c1cf7b4e58b1fb83b484f2a243aed7777501b73397964c2785,26a5217e48aeb5710e20d8fa04bed9d2e76e8732d70c9aabca2284b7dbc0d32e,d5cc307bc3d63c6a89e4e050b59bedb73c4fdd64ffec553b010af5233416506a
900,2457.553056790327,137120617.26437098,pair_01_22_L24.npz,near_interior_pair,1,22,81918a70d8c1ddb1e2fe96bc2188fd8c277edff3c4124987085ec2de2b891ff4,329709425bcf77a827fb64c32bcdc48b25e80c5438511ef2e9951330a8353000,d5cc307bc3d63c6a89e4e050b59bedb73c4fdd64ffec553b010af5233416506a
900,2457.553056790327,137120617.26437098,pair_01_23_L24.npz,near_interior_pair,1,23,79cc9ad9093446ae25d2b99ee28f3cf2c216fd7bcd48306d888e081d43211b34,369de80d738394d531f4bc9c74221f70baa8dd1d4d4223f29b4c247ff231e4ea,d5cc307bc3d63c6a89e4e050b59bedb73c4fdd64ffec553b010af5233416506a
900,2457.553056790327,137120617.26437098,pair_01_24_L24.npz,near_interior_pair,1,24,8a1f4c0eaec9e424426407498aa9003b76cf0a39e5b5c16c8f6bd7a596e3eaac,70b7caa8797e1b97ae85fe81e8d715c13bbd9d8c17e9a44c950d7973a8806637,d5cc307bc3d63c6a89e4e050b59bedb73c4fdd64ffec553b010af5233416506a
900,2457.553056790327,137120617.26437098,pair_01_25_L24.npz,near_interior_pair,1,25,1ffd5cd77dc35376091262394797621c6b294dc36e12422ea6f4a0b9f6ca86a6,2af2431f4169b60e1f1f5a4191fe801974532c1c789e2f52872069489cbd444a,d5cc307bc3d63c6a89e4e050b59bedb73c4fdd64ffec553b010af5233416506a
900,2457.553056790327,137120617.26437098,pair_01_26_L24.npz,near_interior_pair,1,26,6fccef37640ae6b5d5aa6c0e279c089c8522351eef4b2cb2eaf2df2f4871ede6,06c449cb567c516f0cf21e36e563a168f118c39e2f419780ceeb6d7748a2a814,d5cc307bc3d63c6a89e4e050b59bedb73c4fdd64ffec553b010af5233416506a
900,2457.553056790327,137120617.26437098,pair_01_27_L24.npz,near_interior_pair,1,27,f64f087c8ebacd0aef375cd68562bcf143e0822554b6487350de83cb6e538ae2,b98ef060f336be68138485cbb662898be15bd408a4b73f6e9630b67e1f48b5b7,d5cc307bc3d63c6a89e4e050b59bedb73c4fdd64ffec553b010af5233416506a
900,2457.553056790327,137120617.26437098,pair_01_28_L24.npz,near_interior_pair,1,28,001fdb6de3320ffb55e2e6cc43c3f7aa37b77e946787d396d92a091213e926bb,0589fae2869e37229752a36fcd3c6d7627f19b406a84b9c80ea13bf7bc716357,d5cc307bc3d63c6a89e4e050b59bedb73c4fdd64ffec553b010af5233416506a
900,2457.553056790327,137120617.26437098,pair_01_29_L24.npz,far_interior_pair,1,29,b8fe3888599b8edc5f2a43479cffbc15565c55819c608bf0bdf30f04ad9d05d5,c2ab6895e274f8c3b4b73c3ff5fa85f116edbfcdffe6a748f12821aca63dd5a9,d5cc307bc3d63c6a89e4e050b59bedb73c4fdd64ffec553b010af5233416506a
900,2457.553056790327,137120617.26437098,pair_01_30_L24.npz,far_interior_pair,1,30,66602ad8b9d1a4ed3bc4f7fe9d0da0a3e1342e7f7828c609af7801687cb41a44,744c4c4de4f438faa3feacbfd4183838dc82a60142ae2bd9f0d9bc5d3d95a09d,d5cc307bc3d63c6a89e4e050b59bedb73c4fdd64ffec553b010af5233416506a
900,2457.553056790327,137120617.26437098,pair_01_31_L24.npz,far_interior_pair,1,31,4abf25d76c18222800c5b6c1ef1ea45920d728d81db1049793fa4c6578997de7,4d15809bfbb547023c7f50c8ac87d1ca4278fa86119c12d2fbae2d8cabb1648e,d5cc307bc3d63c6a89e4e050b59bedb73c4fdd64ffec553b010af5233416506a
900,2457.553056790327,137120617.26437098,pair_01_32_L24.npz,far_interior_pair,1,32,40a234638ad26f7eb730b0cf8ef5ec4104831a3fe0bef30a58d4a174a7c9e752,c099341c1c6cc881d6c01f40f8d897717d4c4797682a325b00f9f20b7c0b5097,d5cc307bc3d63c6a89e4e050b59bedb73c4fdd64ffec553b010af5233416506a
900,2457.553056790327,137120617.26437098,pair_01_33_L24.npz,far_interior_pair,1,33,46b094c1da76fd44acf3f71d4d219f504642f18d30185092206d4db4d93782a7,c282a4e6b7cb44b41c7b64e281dd6c277c267455b4f1f31dc2e86a618be916d8,d5cc307bc3d63c6a89e4e050b59bedb73c4fdd64ffec553b010af5233416506a
900,2457.553056790327,137120617.26437098,pair_01_34_L24.npz,far_interior_pair,1,34,8b6209191050a86564d2c79508cd4270e291be048a35c190ac7942cba92d57c9,2e490c0b8f9d992da034c25885457b208ca0dcdac98926e9c47675e7ee040a5b,d5cc307bc3d63c6a89e4e050b59bedb73c4fdd64ffec553b010af5233416506a
900,2457.553056790327,137120617.26437098,pair_02_03_L24.npz,interior_pair,2,3,f92033f50e3b9d2650732bfd83fd99df894447a8f28506af06295f749bcb1df2,bc4ba1c9f81aa864f2bdcf70bf05d4634fe855d3a1777a341c94ee23ab25a136,d5cc307bc3d63c6a89e4e050b59bedb73c4fdd64ffec553b010af5233416506a
900,2457.553056790327,137120617.26437098,pair_02_04_L24.npz,interior_pair,2,4,5daf4e711d9f2547206251bc1edc4eb58bcca427e77f3bd6b43acbee90ce51e0,a6a004b726fb48b89133e9f856426ce8ece645d4fbf496570259440a12eac843,d5cc307bc3d63c6a89e4e050b59bedb73c4fdd64ffec553b010af5233416506a
900,2457.553056790327,137120617.26437098,pair_02_05_L24.npz,interior_pair,2,5,02040e14f8746806cb94b38ac3b75688caabf44b4953bd5c60805d1e66f868ac,3f77dfd49056bd0b1d579974ddbd6ffbb13acb0dbd9ba0164b19c6ea919586ec,d5cc307bc3d63c6a89e4e050b59bedb73c4fdd64ffec553b010af5233416506a
900,2457.553056790327,137120617.26437098,pair_02_06_L24.npz,interior_pair,2,6,4a43dacb3e1fc8dc08a1481fca012998555daa959d119d0fc49dc0954c0f76b9,e01c88fe1d128102a796989bfcef3e51383bbb610c05920baab3fdae802d6fef,d5cc307bc3d63c6a89e4e050b59bedb73c4fdd64ffec553b010af5233416506a
900,2457.553056790327,137120617.26437098,pair_02_07_L24.npz,interior_pair,2,7,1938a550069ccfb39c0cb423169843ec7622c9fb29255f59bbf44e1c232aa272,05e2cde43e5c6dbd2f4c01a8aa46c6ef0846842b04084b119a37d558dfb7bb94,d5cc307bc3d63c6a89e4e050b59bedb73c4fdd64ffec553b010af5233416506a
900,2457.553056790327,137120617.26437098,pair_02_08_L24.npz,interior_pair,2,8,e85223df50f2e9cbff38553393b48c230ec40ecba55122cd6faebc1a647bac4c,c33cc37ccfbd259dd3e1cb14adbd00643fcb730f519a4ea94e8d75e7ab969789,d5cc307bc3d63c6a89e4e050b59bedb73c4fdd64ffec553b010af5233416506a
900,2457.553056790327,137120617.26437098,pair_02_09_L24.npz,interior_pair,2,9,d7d1573f22d99b84e50bf2c3445a52c3a0465f2e2cc079c6ab217bc49a532577,69d98f074a64636fd8c3906727c4a80c99444e46aaac72a0cebd99ec10394a67,d5cc307bc3d63c6a89e4e050b59bedb73c4fdd64ffec553b010af5233416506a
900,2457.553056790327,137120617.26437098,pair_02_10_L24.npz,interior_pair,2,10,688e7be2741baafddf883b2644386bc97c766ea034eb91f0aeafb085ec0c7b71,6dc33d1d30194a563c88a7e2c4ddfc26524fa0bbbca26aa6bf9c1193e784beb2,d5cc307bc3d63c6a89e4e050b59bedb73c4fdd64ffec553b010af5233416506a
900,2457.553056790327,137120617.26437098,pair_02_11_L24.npz,interior_pair,2,11,39604be0da27b1650ce122a66a9585fafccd914c0d0fad3ab1f5e06227bf32e9,fe8b015f762fe52ff876c884bd2ecd3f385a4059396b65e83c90c502014702fa,d5cc307bc3d63c6a89e4e050b59bedb73c4fdd64ffec553b010af5233416506a
900,2457.553056790327,137120617.26437098,pair_02_12_L24.npz,interior_pair,2,12,a21da6be1d0579c30b35256725ee4e12368adbcfd64f37270f6b93b2066fe8a7,84d554968d87674e7ff5660898922f9918d5a744da8eaee7650efe4994be70dd,d5cc307bc3d63c6a89e4e050b59bedb73c4fdd64ffec553b010af5233416506a
900,2457.553056790327,137120617.26437098,pair_02_13_L24.npz,interior_pair,2,13,4e0eeda7a67515ab6bcc5b128e8e42c7d7932f4b64cabc65661ca6cf49d72471,bf8c9848473fb37cbcc00e59f7f25b4581a737e19d8a2259e2d0d49d9a5860aa,d5cc307bc3d63c6a89e4e050b59bedb73c4fdd64ffec553b010af5233416506a
900,2457.553056790327,137120617.26437098,pair_02_14_L24.npz,interior_pair,2,14,eab0337ea53e02b3c4ced086fd94240a6b4150bfe8879e9d8448328f2ed89217,0bac5d3309ff1a65e3137db53b6962dde7c49c40c4a86ad2cf25aff75555b00f,d5cc307bc3d63c6a89e4e050b59bedb73c4fdd64ffec553b010af5233416506a
900,2457.553056790327,137120617.26437098,pair_02_15_L24.npz,interior_pair,2,15,93def184cf637049a8e32f5be8b38a4010c6bd900ac8c4d71d1657d2e363c09a,2da3463da21b4cf3444ff3ddb6f83451ccf10e9e784bf99c3b0141f783710493,d5cc307bc3d63c6a89e4e050b59bedb73c4fdd64ffec553b010af5233416506a
900,2457.553056790327,137120617.26437098,pair_02_16_L24.npz,interior_pair,2,16,325970c4a23fad4e3f51a8076aadffc14aed708d345210801b2cc7b796222f1e,e900803fdcdb7ffb9198a383a497c039d35659aa5dc4abe44aab711eee47a175,d5cc307bc3d63c6a89e4e050b59bedb73c4fdd64ffec553b010af5233416506a
900,2457.553056790327,137120617.26437098,pair_02_17_L24.npz,near_interior_pair,2,17,53d1b9d3901840dd0bc332e4971b57da6af665a10c2aad31fae1537cbd3a87a9,d461142e128b274585f31912f0d8e0a78970383a2d8efb3c8793ecc5018589dc,d5cc307bc3d63c6a89e4e050b59bedb73c4fdd64ffec553b010af5233416506a
900,2457.553056790327,137120617.26437098,pair_02_18_L24.npz,near_interior_pair,2,18,6e5540914533c44dd09ccf08a7ae54a7b81868cf9143cec9b1c1829cbabf90fa,e452b2779f2740e5e0322606fafd93131e31c88c1b05a4614f939cb58b2d9c13,d5cc307bc3d63c6a89e4e050b59bedb73c4fdd64ffec553b010af5233416506a
900,2457.553056790327,137120617.26437098,pair_02_19_L24.npz,near_interior_pair,2,19,23b14d678ba37978f51dc89ae88455b0b5d6cc7da0b93e57e1a4374f92fb0579,5a6aaa3da432e3baf328dd2b17b004ef452515d936d53dfff0afd3edab60ccd0,d5cc307bc3d63c6a89e4e050b59bedb73c4fdd64ffec553b010af5233416506a
900,2457.553056790327,137120617.26437098,pair_02_20_L24.npz,near_interior_pair,2,20,9e8832678ab434b83e67c40cb3b65ac6f67cbc30b8cc86b33e28596fbbe50bd6,a99c59518eeaa6363867e448fa6697798940eadff25f0aaece53ddfebd64a302,d5cc307bc3d63c6a89e4e050b59bedb73c4fdd64ffec553b010af5233416506a
900,2457.553056790327,137120617.26437098,pair_02_21_L24.npz,near_interior_pair,2,21,b3335e962137c851b56deef6651679dd29d76239a7ec72fdb3ced4358c7a7c00,d088beffd6f87d2497914b3dea05705c684b0aa57b0aa4b7f7560c46563358bb,d5cc307bc3d63c6a89e4e050b59bedb73c4fdd64ffec553b010af5233416506a
900,2457.553056790327,137120617.26437098,pair_02_22_L24.npz,near_interior_pair,2,22,f804db91059e313f79fbfebd0bf3721bceacef53f96b4bc188b945e9638a9773,7aa8b8b09ebb12d543c61038528cae324f0884f0a60279d1face9057c5aeacda,d5cc307bc3d63c6a89e4e050b59bedb73c4fdd64ffec553b010af5233416506a
900,2457.553056790327,137120617.26437098,pair_02_23_L24.npz,near_interior_pair,2,23,d586858bfa332565377d7e5b694c7d0794b2915cdf817a24ef8bbbf9e2f8391f,2fb681dc02abb60a40a77fceb72f1f8ac1d5d1f0cd95e2353730ca64721abc09,d5cc307bc3d63c6a89e4e050b59bedb73c4fdd64ffec553b010af5233416506a
900,2457.553056790327,137120617.26437098,pair_02_24_L24.npz,near_interior_pair,2,24,b0ac7adb66abf3b2ca8f9c150fee3157b37806069c5f1834c5086282c9ffad19,2c17e262aa4600ad4eb64ae838b567a82592fed8b50f0adf7503c97e9c996139,d5cc307bc3d63c6a89e4e050b59bedb73c4fdd64ffec553b010af5233416506a
900,2457.553056790327,137120617.26437098,pair_02_25_L24.npz,near_interior_pair,2,25,e7885ca2956d4003bf36daf92365d02f2ebe01f7334197dfeee3a24c03ed7755,0d525fa74834c4289bac4a80cf3b170764bc180c824708fcf7084f318b998c28,d5cc307bc3d63c6a89e4e050b59bedb73c4fdd64ffec553b010af5233416506a
900,2457.553056790327,137120617.26437098,pair_02_26_L24.npz,near_interior_pair,2,26,1f4b1fe584f8674747caad1f9b9e58e604946342309073c6a5bc4d396c99cc96,4bff05464e2605b307e553d3ca2f6a10d7a1f64d1b261cfc0de1bf4ff997f3a8,d5cc307bc3d63c6a89e4e050b59bedb73c4fdd64ffec553b010af5233416506a
900,2457.553056790327,137120617.26437098,pair_02_27_L24.npz,near_interior_pair,2,27,63032e38d1e33fc35e824f81214db3205a60879cf881f70f14309c285e593aa8,ed5102d587365eb2c0cf33a27113baecca80011e604cb572abf1b58c016763eb,d5cc307bc3d63c6a89e4e050b59bedb73c4fdd64ffec553b010af5233416506a
900,2457.553056790327,137120617.26437098,pair_02_28_L24.npz,near_interior_pair,2,28,a73ab2f7d0280175e4b0d92109fe7c8ed3e542ce520284efacb069b9e9731045,2eadbd3063723389382cc6c98f681ea8fa63d352cb22a017bbffb459cbc293e9,d5cc307bc3d63c6a89e4e050b59bedb73c4fdd64ffec553b010af5233416506a
900,2457.553056790327,137120617.26437098,pair_02_29_L24.npz,far_interior_pair,2,29,decc641688761fee5c15f8718a111600775332afa1d8deda24e8c066b5cb6ce2,e6ca2a784414a2b3e2d2d897436fc9be19cdd3ad9e053b359a1d3e6fc4fd732e,d5cc307bc3d63c6a89e4e050b59bedb73c4fdd64ffec553b010af5233416506a
900,2457.553056790327,137120617.26437098,pair_02_30_L24.npz,far_interior_pair,2,30,c0343fceeb409b2f633c9c131da4593a67e2aa47032fe325fd5ed705584acf28,46aa223abf51b1231ec00a622ab8be37f58b5cb0b7f090e604bf8be3ef4bd37e,d5cc307bc3d63c6a89e4e050b59bedb73c4fdd64ffec553b010af5233416506a
900,2457.553056790327,137120617.26437098,pair_02_31_L24.npz,far_interior_pair,2,31,3d3045f473c1c2aa9059279f58432a4068135d0f02ba00c0035abcb0112cd802,d75f23d17650d18c14c7498547b0c24cd6a51a570d8bb8ecb9412a497e218f86,d5cc307bc3d63c6a89e4e050b59bedb73c4fdd64ffec553b010af5233416506a
900,2457.553056790327,137120617.26437098,pair_02_32_L24.npz,far_interior_pair,2,32,a2e22277263dad49df0e0e3273b7823975dc965bf21cfa90f8d5e93446964f96,680a536f0fcc007eb07bad31e583c1cb63e48f38ee830b9f9e0cd5c268d2cd23,d5cc307bc3d63c6a89e4e050b59bedb73c4fdd64ffec553b010af5233416506a
900,2457.553056790327,137120617.26437098,pair_02_33_L24.npz,far_interior_pair,2,33,fe9a377598282f1cb7e82f2e3771afa34380e157ee820a8461c9fe5cf8861161,35e3f137cdc59079247d68c6e3988f42eed86ed532940136c8e7ce1325253c88,d5cc307bc3d63c6a89e4e050b59bedb73c4fdd64ffec553b010af5233416506a
900,2457.553056790327,137120617.26437098,pair_02_34_L24.npz,far_interior_pair,2,34,5f29c8fad1e72b8875900ce03a40a891696dfd574955463c71e0396cde5df809,5d1dbae006bad47cdea6a7bca95e046543b23c0b6b61410a2878142ca0f32183,d5cc307bc3d63c6a89e4e050b59bedb73c4fdd64ffec553b010af5233416506a
900,2457.553056790327,137120617.26437098,pair_03_04_L24.npz,interior_pair,3,4,ed11446e0c1f19fe5af4e744850c5a20daa1cbcd7118819005258a8e392a8789,f00e30e1b0fefbcd387daa02f52d3c57618ea5716852047d317b524d6214ab8c,d5cc307bc3d63c6a89e4e050b59bedb73c4fdd64ffec553b010af5233416506a
900,2457.553056790327,137120617.26437098,pair_03_05_L24.npz,interior_pair,3,5,ada5d694e91224aaf1c011e768d419a3c3f9e566eba04efa5d334c35634ed3d0,2f3fdfda61add37275553336301ce726aece1daa868c687cc128bcaefe1552a9,d5cc307bc3d63c6a89e4e050b59bedb73c4fdd64ffec553b010af5233416506a
900,2457.553056790327,137120617.26437098,pair_03_06_L24.npz,interior_pair,3,6,910c48767da27a7b47edbb4335ecbd6a99f421a0f41ec00e64fd68619d96a97c,c8b139b8f8730c4e6735261b915458fe3a2b0045229bf96245e8c5f42c030566,d5cc307bc3d63c6a89e4e050b59bedb73c4fdd64ffec553b010af5233416506a
900,2457.553056790327,137120617.26437098,pair_03_07_L24.npz,interior_pair,3,7,023c995363a6a4cb2a4f68c9a3b793a1b0b3a437c79e02d1575ceec18e2eea90,6648e7677ad4140f68f9b29d982f4889daecd9f775d9f9120c6780d00a0afa56,d5cc307bc3d63c6a89e4e050b59bedb73c4fdd64ffec553b010af5233416506a
900,2457.553056790327,137120617.26437098,pair_03_08_L24.npz,interior_pair,3,8,912334bd219186bfc7ce394dd2e854d57da9aedea44e04ed25db1bc4c0383dba,2b222e0fd52f4b84a2a365c29155125331f29278c76d591dade2a23051d09ae5,d5cc307bc3d63c6a89e4e050b59bedb73c4fdd64ffec553b010af5233416506a
900,2457.553056790327,137120617.26437098,pair_03_09_L24.npz,interior_pair,3,9,9071ec7fa94c460a55db03e674788f8bb683edeeba72c8aebd7804d66d99acfb,051d4e2abaabc0139b68d18495b54005602c7fa39033caad716bf6dc9fb72951,d5cc307bc3d63c6a89e4e050b59bedb73c4fdd64ffec553b010af5233416506a
900,2457.553056790327,137120617.26437098,pair_03_10_L24.npz,interior_pair,3,10,307cc51c9616c9843a3d2da4c4eb24c0aa4f1cd2985550ca6005472818be239f,589d190b792c6f07dfcfe3404195627016af575a0e66be97ff3587f3875e0e3c,d5cc307bc3d63c6a89e4e050b59bedb73c4fdd64ffec553b010af5233416506a
900,2457.553056790327,137120617.26437098,pair_03_11_L24.npz,interior_pair,3,11,5faec3d294d9c988acb3456534bdb3acfdfec953194e0764e1af1d19765cd028,f52d23c9145eba961ea5e543b4d312bdc6168611d1af3119837436994c215375,d5cc307bc3d63c6a89e4e050b59bedb73c4fdd64ffec553b010af5233416506a
900,2457.553056790327,137120617.26437098,pair_03_12_L24.npz,interior_pair,3,12,07948800f58cd82859a0e2f61abc2f78811b234a92cbe0305e30db46f5f92641,a6775dc7b280dfaf23b3848c2ff103635e7b4b62999ee6b2976f37056506d33c,d5cc307bc3d63c6a89e4e050b59bedb73c4fdd64ffec553b010af5233416506a
900,2457.553056790327,137120617.26437098,pair_03_13_L24.npz,interior_pair,3,13,cad4ef9eed5cd5a2dad890826551d93de928e2504c85748a4c913830ad505e98,2532aafb35b536ac85b615127a300dedb4a35aabe530b1b16b7a28db68ce3d84,d5cc307bc3d63c6a89e4e050b59bedb73c4fdd64ffec553b010af5233416506a
900,2457.553056790327,137120617.26437098,pair_03_14_L24.npz,interior_pair,3,14,8de79e180dbea786c5be2e254261262745c09d303c31eb6c1cdae8deee133d64,4e89be3c5106d2240986ff9f46b3468a61dd869f95e964407b218d7059dd81d3,d5cc307bc3d63c6a89e4e050b59bedb73c4fdd64ffec553b010af5233416506a
900,2457.553056790327,137120617.26437098,pair_03_15_L24.npz,interior_pair,3,15,7ff771ae956b0ff9b134bdfc4a88ea553ac72c25efface9793f68214beb6c685,7f9e26ac52874765c381adef7c6deaccf95bc33dec6dbc55cfe50d778bd4cc54,d5cc307bc3d63c6a89e4e050b59bedb73c4fdd64ffec553b010af5233416506a
900,2457.553056790327,137120617.26437098,pair_03_16_L24.npz,interior_pair,3,16,82edd4abfccacc01ae05f5cff7fefbe4abc9263fc81c58697f4903b02340c4d2,d24568ea05f45f5b4af2143c9ace011753fb1ee95b1dca2a7c543dec3ba6b03e,d5cc307bc3d63c6a89e4e050b59bedb73c4fdd64ffec553b010af5233416506a
900,2457.553056790327,137120617.26437098,pair_03_17_L24.npz,near_interior_pair,3,17,30b96b5da6225d010df9f121f21f27872ce886dca0b9ea126f499da851cfb127,a91039607f16d8e2acf019ba110604b69fcd18bf3366bdb904e8b70882fda985,d5cc307bc3d63c6a89e4e050b59bedb73c4fdd64ffec553b010af5233416506a
900,2457.553056790327,137120617.26437098,pair_03_18_L24.npz,near_interior_pair,3,18,8c8e5bb0b66203a1da9b0173542be2afa776c7674b2dd1ca6158f3fbc5e66c09,b430606c14b04a4ae2b9fa8272ccc28d46074fedeaef683faa3faeb3c0ae1d41,d5cc307bc3d63c6a89e4e050b59bedb73c4fdd64ffec553b010af5233416506a
900,2457.553056790327,137120617.26437098,pair_03_19_L24.npz,near_interior_pair,3,19,aac36a26d8ba94ec854eb82ecad9e233e006bc4903003d7f9bf0921f7c892120,6d4fcfa5ed483d7175065dcd2634551907bf6e3498ebf421a90fa6b737dfb3f8,d5cc307bc3d63c6a89e4e050b59bedb73c4fdd64ffec553b010af5233416506a
900,2457.553056790327,137120617.26437098,pair_03_20_L24.npz,near_interior_pair,3,20,a4cb17619ec009e9acc5f78fdc8dc8e9266093060aca1c45f2131615d437c703,2129d78b1cae11b25da072b77570b8f0afdc1a45a273b69450b5497caa58dcb5,d5cc307bc3d63c6a89e4e050b59bedb73c4fdd64ffec553b010af5233416506a
900,2457.553056790327,137120617.26437098,pair_03_21_L24.npz,near_interior_pair,3,21,1c3beb7e8ee876ecbbcbcad52e76443cd610eff30021b9f51c358b69f281c432,853acf99436c73af6e1adf60b98ea2c32d0c48d5de4323925b0e8486898c12e0,d5cc307bc3d63c6a89e4e050b59bedb73c4fdd64ffec553b010af5233416506a
900,2457.553056790327,137120617.26437098,pair_03_22_L24.npz,near_interior_pair,3,22,56a4773bb3f8c329eae46cbd061dcdb1b3d3bb6ee02a0ac50353d857f27d7904,269484bd294e28be31490d239b913404de65d0a383086d6031680b530b47a838,d5cc307bc3d63c6a89e4e050b59bedb73c4fdd64ffec553b010af5233416506a
900,2457.553056790327,137120617.26437098,pair_03_23_L24.npz,near_interior_pair,3,23,6c8fdb8a78fb5fd2a9de0b34a6edb736464d61886e197f5853fbfd37a2f81035,7dccd8f0bdd6258d09915fd48985b01db5489f38f4f8a69773d3307b40258bea,d5cc307bc3d63c6a89e4e050b59bedb73c4fdd64ffec553b010af5233416506a
900,2457.553056790327,137120617.26437098,pair_03_24_L24.npz,near_interior_pair,3,24,8fc9d1fd812224005f7403e1d4991a91dda29e072444cdd2cb775c48371ef6c1,817feb5e48a1a19367edf0e3a6cea09f8784fb666110337194a8acfb4222e8fc,d5cc307bc3d63c6a89e4e050b59bedb73c4fdd64ffec553b010af5233416506a
900,2457.553056790327,137120617.26437098,pair_03_25_L24.npz,near_interior_pair,3,25,1e757f439bcc112626c51f4d5ca78cd1d19badf478b73f325a5a79eb0de6ae00,4fb5fee5aeae2ff9579e42012a70b5ce2806deb70dd581dc6ec9ba655c25bceb,d5cc307bc3d63c6a89e4e050b59bedb73c4fdd64ffec553b010af5233416506a
900,2457.553056790327,137120617.26437098,pair_03_26_L24.npz,near_interior_pair,3,26,d751dd71adea8349ef032b5fee810b131e92c009228ee8f78ae0d20648e297dd,6a8b370f184d6ab85e75551ccbe0d1012f6ec0a392089827622a5c0ff9187fb0,d5cc307bc3d63c6a89e4e050b59bedb73c4fdd64ffec553b010af5233416506a
900,2457.553056790327,137120617.26437098,pair_03_27_L24.npz,near_interior_pair,3,27,3824fb03ea150fc644dba2de1600020d39a4b6bb7094aa8169c68e7ede0c5ac3,6de76d81dce90a4d5b1414dd48d0cea27a5bd04d6e5309d912245fb595c47bfa,d5cc307bc3d63c6a89e4e050b59bedb73c4fdd64ffec553b010af5233416506a
900,2457.553056790327,137120617.26437098,pair_03_28_L24.npz,near_interior_pair,3,28,591f48adbc0f546a7349fba7bba23e17f5fa9d6e48ca3176c100bb2cba07e047,94a81fb45d039ebb9d109d69654d85de988f9a326e288ef3fb4e23e52b3701ea,d5cc307bc3d63c6a89e4e050b59bedb73c4fdd64ffec553b010af5233416506a
900,2457.553056790327,137120617.26437098,pair_03_29_L24.npz,far_interior_pair,3,29,c5a74a3ae421434e5efc44ea7d9c0073a1654c5564e551089911518327333934,a68aa25aefec54ae1a20cc98a375f94dd1ccdfbd66b71f008df68ef082009479,d5cc307bc3d63c6a89e4e050b59bedb73c4fdd64ffec553b010af5233416506a
900,2457.553056790327,137120617.26437098,pair_03_30_L24.npz,far_interior_pair,3,30,a442f55267021582daa95bf74b65c4e2e22c07cc9bdac3ee72c0189c8bcebb76,4604db982931c2dcc9843b29052bb8a1365f9120846cfb2196aa3f7fa2ed3ef2,d5cc307bc3d63c6a89e4e050b59bedb73c4fdd64ffec553b010af5233416506a
900,2457.553056790327,137120617.26437098,pair_03_31_L24.npz,far_interior_pair,3,31,09a2068cc66b83a231127626241927da63890e52c67d27eef2fdca3306ea4d06,78f7512351aaffb6e43ebc8b8faf286490aafc56300cbc813303577d40ab55e9,d5cc307bc3d63c6a89e4e050b59bedb73c4fdd64ffec553b010af5233416506a
900,2457.553056790327,137120617.26437098,pair_03_32_L24.npz,far_interior_pair,3,32,2d5dc0a6d5a8e1b725cf6bea0bb862a6e36b28228c888cb04e7930052b1e64e6,4c62a3e05d0570bd812dccc15d4ebdbf5c97348dab804731cf6807e24573d3e6,d5cc307bc3d63c6a89e4e050b59bedb73c4fdd64ffec553b010af5233416506a
900,2457.553056790327,137120617.26437098,pair_03_33_L24.npz,far_interior_pair,3,33,70dc85e2b2b796f9574fe44b5c3b6fde4162234f684b18a73c44c1e1e5f19038,05155957cf5595caa963695beb7c9c53920ac22f1a3f0552bc222f84820ea6a7,d5cc307bc3d63c6a89e4e050b59bedb73c4fdd64ffec553b010af5233416506a
900,2457.553056790327,137120617.26437098,pair_03_34_L24.npz,far_interior_pair,3,34,fb752774c64def91316dc9b9d00380dcbc9779b2a82ef03d58de0ca76883c7c0,593ed07bd0ab3039f8485ed86d15890d7483ff6d48036e9db4c8a6dd393e0dab,d5cc307bc3d63c6a89e4e050b59bedb73c4fdd64ffec553b010af5233416506a
900,2457.553056790327,137120617.26437098,pair_04_05_L24.npz,interior_pair,4,5,c32164b837e9f378030657e72d56524208b1b7e5e6e9c0c9e808d5f98b152ab5,aa21a93ce24fd6ba22081f5c6ef2981cf909f87b4d2dc2f79b80a9d7f3cecfea,d5cc307bc3d63c6a89e4e050b59bedb73c4fdd64ffec553b010af5233416506a
900,2457.553056790327,137120617.26437098,pair_04_06_L24.npz,interior_pair,4,6,ce249ada972fbfc483b715a328e06dd182558cc3a95feb02ad55b78c2c13fb99,f3211f6d941e7244030528c943326a971fc60ee5541e1ea12c8f903bf4a8e437,d5cc307bc3d63c6a89e4e050b59bedb73c4fdd64ffec553b010af5233416506a
900,2457.553056790327,137120617.26437098,pair_04_07_L24.npz,interior_pair,4,7,d8cdfce4836e4f635d8b7e4cfd8249b2594fd2f746e132cc85497cd535a2e16c,ca4e0fdf54fcb9a560d22e9c9f45d549b6c8651c13cb013e541ec3a7a758e7ae,d5cc307bc3d63c6a89e4e050b59bedb73c4fdd64ffec553b010af5233416506a
900,2457.553056790327,137120617.26437098,pair_04_08_L24.npz,interior_pair,4,8,6e62fd9458867e2f2ac1116f5042b66b3709b11b83f2623e2281f855fd5deb0d,86b82815ce3e96c290ba9fb8c87516e14c70d9aad64dab1be59973bdb53ba839,d5cc307bc3d63c6a89e4e050b59bedb73c4fdd64ffec553b010af5233416506a
900,2457.553056790327,137120617.26437098,pair_04_09_L24.npz,interior_pair,4,9,28622c46b243c71589e76a53d34e85cabfb30515c5751abea784115ba0e564c3,979ccdc5ad74cab92cdc67a78b946de6357814a10d6fb9ebaeb6b5d5e5cd2530,d5cc307bc3d63c6a89e4e050b59bedb73c4fdd64ffec553b010af5233416506a
900,2457.553056790327,137120617.26437098,pair_04_10_L24.npz,interior_pair,4,10,6290a7106406b89043229c81c97fef285049037601e3cd5a3f15fb719b1f9516,dfcfb4ade17d50b69701774be5c348afeae4473c8973c0365947a15358e902dd,d5cc307bc3d63c6a89e4e050b59bedb73c4fdd64ffec553b010af5233416506a
900,2457.553056790327,137120617.26437098,pair_04_11_L24.npz,interior_pair,4,11,b2096850d19c5f148d1b15165f4a493c88b57e23e3ae609fe5cf02e9da10d989,ead45e8c3bfa15a57f61d66681ddf40982dee75421856ded2d2e38d0b16094fc,d5cc307bc3d63c6a89e4e050b59bedb73c4fdd64ffec553b010af5233416506a
900,2457.553056790327,137120617.26437098,pair_04_12_L24.npz,interior_pair,4,12,6e1f185b82885fcb2c22e7e88f85da2ec7aa987f9ac5718bc44d3c201c988703,a9b2204d5f77889fb10dc179035cf3e23b9c05f0918767fe92a6715f14d47e56,d5cc307bc3d63c6a89e4e050b59bedb73c4fdd64ffec553b010af5233416506a
900,2457.553056790327,137120617.26437098,pair_04_13_L24.npz,interior_pair,4,13,813fc5eda917db3f393ae2fd2c0d79b7432fc15feee600d278a780134c7afb54,48553116005a5a3cc869383a0b850edf7b3699f97beba4f4e63da20064a45dea,d5cc307bc3d63c6a89e4e050b59bedb73c4fdd64ffec553b010af5233416506a
900,2457.553056790327,137120617.26437098,pair_04_14_L24.npz,interior_pair,4,14,aec123e4a6eeb2660d945d8793ed0e289aa662567bffb6f1d150f4a16a84650d,62de5cd2a52f4e3ea0e80ddf585e6d93fa8b24b38a71b17e8a199bd5e50d8d60,d5cc307bc3d63c6a89e4e050b59bedb73c4fdd64ffec553b010af5233416506a
900,2457.553056790327,137120617.26437098,pair_04_15_L24.npz,interior_pair,4,15,ac6a35690802eac702adacddfdecefbb2d535dc1b183fc584f33ca0570861375,796ff0f67dc039d4820d865b5547b6e39801910a15e0ddd7ffc1a146f608e887,d5cc307bc3d63c6a89e4e050b59bedb73c4fdd64ffec553b010af5233416506a
900,2457.553056790327,137120617.26437098,pair_04_16_L24.npz,interior_pair,4,16,41c16aa632fdfb5e56ed0d6dfe684b82704e25eb8e1a9f687be015803250a5f2,eae302f7a3e968789787ea3ef6d79c9325d2fc1f55aec843861b115daafdc317,d5cc307bc3d63c6a89e4e050b59bedb73c4fdd64ffec553b010af5233416506a
900,2457.553056790327,137120617.26437098,pair_04_17_L24.npz,near_interior_pair,4,17,c4ee4522a427f6c4b67f8cd7a5481f4829acab00fe4e3db98ca41a959eabecb7,2bf79760a5d30af6bcb43cab1f5f5b7a038b0079e640f60cfe1a6caf2e2d5c19,d5cc307bc3d63c6a89e4e050b59bedb73c4fdd64ffec553b010af5233416506a
900,2457.553056790327,137120617.26437098,pair_04_18_L24.npz,near_interior_pair,4,18,ce599636fcf1f6a762b6011ea4e104ab37e5c5479a6fbec50f657f63571ed1bd,9822b33ec44d0320d28e05359a75ce147aeabb60566881d4ce92232bb95b280f,d5cc307bc3d63c6a89e4e050b59bedb73c4fdd64ffec553b010af5233416506a
900,2457.553056790327,137120617.26437098,pair_04_19_L24.npz,near_interior_pair,4,19,74096b0b747906a63cb76ad34c2eb191b25dc2fde80a5592e0b1dea07a34b836,58a8cba0930eddc84704c66e65e392a7d42962a4a48b714aafe00f1d1ed62595,d5cc307bc3d63c6a89e4e050b59bedb73c4fdd64ffec553b010af5233416506a
900,2457.553056790327,137120617.26437098,pair_04_20_L24.npz,near_interior_pair,4,20,d75e71074ff5f61981dd3d79505f824e6af3dc46a90fe162cd0ffc55afc40f41,c45790f94dd67c7fb83c7b9d86708175aaf71f62c6c429b53d3910269a2fd0d1,d5cc307bc3d63c6a89e4e050b59bedb73c4fdd64ffec553b010af5233416506a
900,2457.553056790327,137120617.26437098,pair_04_21_L24.npz,near_interior_pair,4,21,69a57c446f37d708e81c6027b09629a0cc896321fb62c0b4ef4d3691a18ef35d,75aa4315a3b6a183a6cc496a04a326a564fe763b166039c8785db5688c91e348,d5cc307bc3d63c6a89e4e050b59bedb73c4fdd64ffec553b010af5233416506a
900,2457.553056790327,137120617.26437098,pair_04_22_L24.npz,near_interior_pair,4,22,9d1652828fbae274513ad91964b3690a13eeac555a8471a058da8a6fd3620a13,f995d2c27e13051d092fca1b4a91a450f747ecf693a1eef0486d14d5fb659928,d5cc307bc3d63c6a89e4e050b59bedb73c4fdd64ffec553b010af5233416506a
900,2457.553056790327,137120617.26437098,pair_04_23_L24.npz,near_interior_pair,4,23,0faaa83c030b24386dc2692ef3cc8ebbe128c7cca62aff9eefce931c892ca381,eb58ad7443821dd11f9c9f84cd6d88cbad415c0fe425a80104d5ac329d027236,d5cc307bc3d63c6a89e4e050b59bedb73c4fdd64ffec553b010af5233416506a
900,2457.553056790327,137120617.26437098,pair_04_24_L24.npz,near_interior_pair,4,24,a8ebb9d5abb47f7d6aeb9b26eaaefbc44dda2d3a63bb211e20229802975c7e32,a3ade207e6621dd2537624d431c69b0bbf09a2bcad50a84c28011003c43cb212,d5cc307bc3d63c6a89e4e050b59bedb73c4fdd64ffec553b010af5233416506a
900,2457.553056790327,137120617.26437098,pair_04_25_L24.npz,near_interior_pair,4,25,144056ae1ea54c45ba56e1148de0ce64498ed7370c05123443521c6a2ffc5118,534c4a73cc42fc324b59bccf1ea202aae1f3e08fe8f01a83086bfa21ec51da88,d5cc307bc3d63c6a89e4e050b59bedb73c4fdd64ffec553b010af5233416506a
900,2457.553056790327,137120617.26437098,pair_04_26_L24.npz,near_interior_pair,4,26,99c9d7046ef4d5f08c907b216e5c579d4a77f46caec9fe427a744ba128c68fd1,ad7a438d3b1b9a5c033bac4e373501200ba696e8b5023a71e9639c45e82d665f,d5cc307bc3d63c6a89e4e050b59bedb73c4fdd64ffec553b010af5233416506a
900,2457.553056790327,137120617.26437098,pair_04_27_L24.npz,near_interior_pair,4,27,d96f9d233525edf63f3c8e7f3d51bfe2cd47510e2d6df5cf710116a20e50546f,d08c76b92fc4f581445eef0192e6a973cf0990c173b834ad37dd1d9d296ffd1f,d5cc307bc3d63c6a89e4e050b59bedb73c4fdd64ffec553b010af5233416506a
900,2457.553056790327,137120617.26437098,pair_04_28_L24.npz,near_interior_pair,4,28,adabacaf9b1422a41130195b9a0f5bc109916186b51c70455ffff21d46adb0dd,6f5e07504a0c0dfc386898d969d52707c5f9906ef16e0954af99deecbebda867,d5cc307bc3d63c6a89e4e050b59bedb73c4fdd64ffec553b010af5233416506a
900,2457.553056790327,137120617.26437098,pair_04_29_L24.npz,far_interior_pair,4,29,36c7dc43b3d38ba97e6e0f70e80fec546a3cb2b527f3fc04e7ccacf3ade51a79,1e4d6dbd6f98090b6d5c6c06db659fb4d6901e98e381fa5290ef5c393cba5db1,d5cc307bc3d63c6a89e4e050b59bedb73c4fdd64ffec553b010af5233416506a
900,2457.553056790327,137120617.26437098,pair_04_30_L24.npz,far_interior_pair,4,30,56cd67ec8ca5f696552fc375a8702e38f6ec54ac033301d6c574f79ce9476cd3,38df6b6f16da91a3f9179c405a87e467c0e83eabb71b2de1b4eed46c901b3aa6,d5cc307bc3d63c6a89e4e050b59bedb73c4fdd64ffec553b010af5233416506a
900,2457.553056790327,137120617.26437098,pair_04_31_L24.npz,far_interior_pair,4,31,9bd45b2796a87906fdfd183499d3db2e9652caa4dac2da649b87054092c87975,cc58e374f6db3705154a504a1da88dc2f4cecdc8e7be4b554ec4882f339ff542,d5cc307bc3d63c6a89e4e050b59bedb73c4fdd64ffec553b010af5233416506a
900,2457.553056790327,137120617.26437098,pair_04_32_L24.npz,far_interior_pair,4,32,46e2131e4660b943a7397b49816c8ebc597674c02247ecefa035bad3039f25ff,9c01f490aaaa3b52304757519e231e1b6b663e4b20d12cb0b574efc983c99c26,d5cc307bc3d63c6a89e4e050b59bedb73c4fdd64ffec553b010af5233416506a
900,2457.553056790327,137120617.26437098,pair_04_33_L24.npz,far_interior_pair,4,33,d1eda8e5c059051e9504aa105752f7eaf3249c1cf438002222951ae509f4f287,7b59693ddfbad32c7a2b7d051bdf2b126db61d1647b113f34b1361580fae3b05,d5cc307bc3d63c6a89e4e050b59bedb73c4fdd64ffec553b010af5233416506a
900,2457.553056790327,137120617.26437098,pair_04_34_L24.npz,far_interior_pair,4,34,7e575da0bc3fcd7d0f86e895dd94bd1f469606155d3c7503c789027592e7a225,858034f0ffd338566a46cbefd5cfd75d440866a5246ea5cadc65f42d9b66bed3,d5cc307bc3d63c6a89e4e050b59bedb73c4fdd64ffec553b010af5233416506a
900,2457.553056790327,137120617.26437098,pair_05_06_L24.npz,interior_pair,5,6,5a273658da5a686cde93f8f64d84dc2dd7226844a7f823eec4325223b156ab33,d589f187cd26e09674afac004b42bfa527f2f893ac9d232852e8dda8f6b3a38d,d5cc307bc3d63c6a89e4e050b59bedb73c4fdd64ffec553b010af5233416506a
900,2457.553056790327,137120617.26437098,pair_05_07_L24.npz,interior_pair,5,7,087ff9904d9bd2cb9943e221c267c6a92003d38ae57890ca3b36709e7bc7e041,ffeba1b21eb895504e129cb59c33dff95d55144734ac97edaf89716d43dbca58,d5cc307bc3d63c6a89e4e050b59bedb73c4fdd64ffec553b010af5233416506a
900,2457.553056790327,137120617.26437098,pair_05_08_L24.npz,interior_pair,5,8,328c00651d5036b3db9296c070b5c0e621f98c52ee6ed292f2d9590c3ae7e8ee,d99ee33d29d4ca9254badb83d27c16199b095ff6386e2ecb86e9220ed62192b2,d5cc307bc3d63c6a89e4e050b59bedb73c4fdd64ffec553b010af5233416506a
900,2457.553056790327,137120617.26437098,pair_05_09_L24.npz,interior_pair,5,9,164fc6d7e1f2b3a106b498deeccc6f6a7edf6280668b8499c06e813166db6ab1,45535b5f1e52e23f4da1f22542a3037229d94c97726a773122fb611462fd85e4,d5cc307bc3d63c6a89e4e050b59bedb73c4fdd64ffec553b010af5233416506a
900,2457.553056790327,137120617.26437098,pair_05_10_L24.npz,interior_pair,5,10,ea2e395a672e3a8b649138dbe6a42410144b5f5d6ea56fcce88da8126edd61b3,7e5dbb1dae85f2992abc4ed4cbac5cf3038afce43cb8c9317dd666dcfa608d48,d5cc307bc3d63c6a89e4e050b59bedb73c4fdd64ffec553b010af5233416506a
900,2457.553056790327,137120617.26437098,pair_05_11_L24.npz,interior_pair,5,11,6b93a6c902abde2f9fcc5af848721bfbac4545799ff70c77fc70dd50d5c2ed3a,5b26340509306759d8b37b4bd67b0e9b43f6608ee6d38c362fd31647649c7c3a,d5cc307bc3d63c6a89e4e050b59bedb73c4fdd64ffec553b010af5233416506a
900,2457.553056790327,137120617.26437098,pair_05_12_L24.npz,interior_pair,5,12,568dcdc1d3747d7726f22f03715efb9e04805ae1cd704d523a7ad8c5d5e84d07,5a5ceba199d85300b116aac9809669ac2be24d7d37d4701acfa441f1ebd919cb,d5cc307bc3d63c6a89e4e050b59bedb73c4fdd64ffec553b010af5233416506a
900,2457.553056790327,137120617.26437098,pair_05_13_L24.npz,interior_pair,5,13,f10c55ee4c54cf351ea51e122556dd128f356c82353da8528be3b488fb5d2729,d62c91051c9420f596aab1ca9d5b246f76486acdc7467ef46d93d7cdd5c959a6,d5cc307bc3d63c6a89e4e050b59bedb73c4fdd64ffec553b010af5233416506a
900,2457.553056790327,137120617.26437098,pair_05_14_L24.npz,interior_pair,5,14,3e8d215ea4afc603be9ccf9399922f82dd55352b7b1550ef195b2ae7b68ee741,f5480625bc12c49c9896180d9ff7e234a94ca7c14a2e8992e8ee4a5f0e54eb6d,d5cc307bc3d63c6a89e4e050b59bedb73c4fdd64ffec553b010af5233416506a
900,2457.553056790327,137120617.26437098,pair_05_15_L24.npz,interior_pair,5,15,5f76546d13c87f3c7be2018b1c44cbed7546d7527880033e7a490f04120a3136,c56180b0bd4a25f87fbce3e5e3f588874dbe0291e9ca1ef69354d037f768dbb6,d5cc307bc3d63c6a89e4e050b59bedb73c4fdd64ffec553b010af5233416506a
900,2457.553056790327,137120617.26437098,pair_05_16_L24.npz,interior_pair,5,16,e8e8642cfafcfff23449012a6dc67f07756a43a5b321312c51a87d6834f86952,753d0f64c06cca6c1c7ff8b6370d8e17466893e05b55cfc8b74729294fea091b,d5cc307bc3d63c6a89e4e050b59bedb73c4fdd64ffec553b010af5233416506a
900,2457.553056790327,137120617.26437098,pair_05_17_L24.npz,near_interior_pair,5,17,0846f3fe798f6154266cc8edc0b33517ff246911f0aa6b159195b6e57b9c2643,d87b4a10a10bbf71292e52e472ba5f148eca1318516e13cdd6fd8e1950476602,d5cc307bc3d63c6a89e4e050b59bedb73c4fdd64ffec553b010af5233416506a
900,2457.553056790327,137120617.26437098,pair_05_18_L24.npz,near_interior_pair,5,18,2a5c3ad89de6ab7f8d0622fe519c8c0fb23e18ad54d10e71e140e81b1ea820f6,7c2e6a67012e1a04c6990a03014ee15144b9be13f374649baa412eb5c8a1ab25,d5cc307bc3d63c6a89e4e050b59bedb73c4fdd64ffec553b010af5233416506a
900,2457.553056790327,137120617.26437098,pair_05_19_L24.npz,near_interior_pair,5,19,28277629387018a77e56ff781a0b101fc10ee9e388777979f94c3f2c738c6ad3,b09517d68cfae000d280e95ebd90a5ced85347b143cb3935920c11d7b3b67553,d5cc307bc3d63c6a89e4e050b59bedb73c4fdd64ffec553b010af5233416506a
900,2457.553056790327,137120617.26437098,pair_05_20_L24.npz,near_interior_pair,5,20,652ecea885657b0c09f51e6e0d2f60aa385b9ab5e859c5767071477c92b3608c,86a6153a376e32fba5ebb6b1e6b806bb46b4275320447e6ca7e8f53f10aaee21,d5cc307bc3d63c6a89e4e050b59bedb73c4fdd64ffec553b010af5233416506a
900,2457.553056790327,137120617.26437098,pair_05_21_L24.npz,near_interior_pair,5,21,613506c7e5f6186af36e6058c742a24ce3fc58401c678a9f750ce6f4158fe6c4,3f40c4dba7dd285609a4aab0248f1c2c348cab181337bcff65a6d96959201bff,d5cc307bc3d63c6a89e4e050b59bedb73c4fdd64ffec553b010af5233416506a
900,2457.553056790327,137120617.26437098,pair_05_22_L24.npz,near_interior_pair,5,22,c5beaaca3b1e77f1e6bed9bb1f6de79b400db1d3a04ff7fa7ab75bee9cf8d0c0,bf009a3bca5c8b3715b72960202fd797e02340fd67f78f3e033f915d4a0fd042,d5cc307bc3d63c6a89e4e050b59bedb73c4fdd64ffec553b010af5233416506a
900,2457.553056790327,137120617.26437098,pair_05_23_L24.npz,near_interior_pair,5,23,812d6ef2479c686f2ba790b02a457c6148a32e28e2936385d1ec3ee24fc35c58,05d0cf554e7c1bf9f84d0fdfbb73de66d60f37a698f3c4bf17a04d34b0667af8,d5cc307bc3d63c6a89e4e050b59bedb73c4fdd64ffec553b010af5233416506a
900,2457.553056790327,137120617.26437098,pair_05_24_L24.npz,near_interior_pair,5,24,f85e6b4df28083bd39ce923aa68b22075d4428f65167b0ddc724c6f1a6763de8,df29c8998d89f579cda3c9ba1403bb5d909b5996af28cd56f63a6df608b4d674,d5cc307bc3d63c6a89e4e050b59bedb73c4fdd64ffec553b010af5233416506a
900,2457.553056790327,137120617.26437098,pair_05_25_L24.npz,near_interior_pair,5,25,56bfeeefc50055d0ee23139cdf5307897915ee937fa341e592976ab991d4b533,faca14b3d07ab879aaae8ffaa1bed30399f00fc062341afd91e4742c06a31467,d5cc307bc3d63c6a89e4e050b59bedb73c4fdd64ffec553b010af5233416506a
900,2457.553056790327,137120617.26437098,pair_05_26_L24.npz,near_interior_pair,5,26,0741a3e5d412a059f415824ab432aab8386e2f66d1f94e67a28aba04ea571907,0c45388037882a45c1141fc3fa6c45d389933a989c1cf3cbe68bafbc0a9a5453,d5cc307bc3d63c6a89e4e050b59bedb73c4fdd64ffec553b010af5233416506a
900,2457.553056790327,137120617.26437098,pair_05_27_L24.npz,near_interior_pair,5,27,376dfa3f057315f0d4a19494647f99cd946b85c427db953379534709bdaf2f76,7eaa2ba8a7c826891d32f9a9e0944b96db8196cd64bf866763593ddd57ae485e,d5cc307bc3d63c6a89e4e050b59bedb73c4fdd64ffec553b010af5233416506a
900,2457.553056790327,137120617.26437098,pair_05_28_L24.npz,near_interior_pair,5,28,ceb4d6465c559a79dda99b835cacb077017ec75960146291d78f620d3ef1f62b,44306c70b94ed7566a4848e504f77be41a7e5d7000435cff5a3bf34b904903ae,d5cc307bc3d63c6a89e4e050b59bedb73c4fdd64ffec553b010af5233416506a
900,2457.553056790327,137120617.26437098,pair_05_29_L24.npz,far_interior_pair,5,29,ec99d76c4db34992decc6f4df84e2dc5c7a7065b2123007137b82cb59a6d5836,fd0f8b6d1f7859318204b3837e978c7af42b0493864de7c92ed2a452dd7d074d,d5cc307bc3d63c6a89e4e050b59bedb73c4fdd64ffec553b010af5233416506a
900,2457.553056790327,137120617.26437098,pair_05_30_L24.npz,far_interior_pair,5,30,d41b55ec4648a82400e6fd866529030f7ec8e579cfcf05ec998f90b2c02a5f9d,7f328edcbec7651e8a2b1bd9de3e4d5f6472f34ff4dd6c7a8a0fe8f635dd56c8,d5cc307bc3d63c6a89e4e050b59bedb73c4fdd64ffec553b010af5233416506a
900,2457.553056790327,137120617.26437098,pair_05_31_L24.npz,far_interior_pair,5,31,61aceaae5030ed5741d4f6dc03f83ebc3e5847b8f4bd403064903c5777c4b113,71b0a7780bdd62112c31cda6f40a469398135e92f6d909fa7675f5817987e469,d5cc307bc3d63c6a89e4e050b59bedb73c4fdd64ffec553b010af5233416506a
900,2457.553056790327,137120617.26437098,pair_05_32_L24.npz,far_interior_pair,5,32,1514fc4ddb82996bc407af3d33e8376451489f18178003d43bfeae79e6e1b37e,5909750023296a74a7fbb0d1405d39d766b2561f0e6695f0ff47b46d81a2daf5,d5cc307bc3d63c6a89e4e050b59bedb73c4fdd64ffec553b010af5233416506a
900,2457.553056790327,137120617.26437098,pair_05_33_L24.npz,far_interior_pair,5,33,a8c9b33d6b9e49fd9ebe77c0f2c0873f27b5a5df4ee16c08c7fc4770a29252fd,3eb58a21c60a0f26b204b1697859f33a128a1c6cd63b18943b65acf538208ff8,d5cc307bc3d63c6a89e4e050b59bedb73c4fdd64ffec553b010af5233416506a
900,2457.553056790327,137120617.26437098,pair_05_34_L24.npz,far_interior_pair,5,34,1a5186c74e3c10c78ab6b3b41cb3606c8081629fae3b4763902d255e61de1c29,bd9e976d4e5ad5a41473940d9462d1db3944592e33bcd099616fc4d78f117ad2,d5cc307bc3d63c6a89e4e050b59bedb73c4fdd64ffec553b010af5233416506a
900,2457.553056790327,137120617.26437098,pair_06_07_L24.npz,interior_pair,6,7,698ce366c556af925163672aa55b5f21faf4f40753dbfea5700c0847a7d855ea,8b8e57d146675c19310a3febee30eb7051b1ddecdcd0bcea93090b8e4a9676e4,d5cc307bc3d63c6a89e4e050b59bedb73c4fdd64ffec553b010af5233416506a
900,2457.553056790327,137120617.26437098,pair_06_08_L24.npz,interior_pair,6,8,7c7b5b67516ee6f61cc2519431c1da8a762a3968573ae3b61c75a90284c88e63,0d5182f5dba3042e1b1ecdbdd50c604ddb3febe8e5bcd4db7841b708d9ce51d1,d5cc307bc3d63c6a89e4e050b59bedb73c4fdd64ffec553b010af5233416506a
900,2457.553056790327,137120617.26437098,pair_06_09_L24.npz,interior_pair,6,9,606b078c1e44592a747ae66c2227a7c0fc8ebe4fc0b4b04061473b091330024d,8277da958bcc8d010148344d866a213a021aaf4e2a1f6ad2beb33d307811a5ec,d5cc307bc3d63c6a89e4e050b59bedb73c4fdd64ffec553b010af5233416506a
900,2457.553056790327,137120617.26437098,pair_06_10_L24.npz,interior_pair,6,10,0d3655d34afc079f897f78e11d3d27ae40a3dc5391304c956c7e3cec67d45989,1407261850cab607a8dd2db64ed04d9786bd35671da8d4abe49d559836ab9686,d5cc307bc3d63c6a89e4e050b59bedb73c4fdd64ffec553b010af5233416506a
900,2457.553056790327,137120617.26437098,pair_06_11_L24.npz,interior_pair,6,11,2728a9ee72e307b9ff4341f23bd12ef63f881ffdccd841563ff86a212a8f2ce0,89f670f207ecd73e676e4a29c7cb61757503ae39bd9c865d04568cdcf4220393,d5cc307bc3d63c6a89e4e050b59bedb73c4fdd64ffec553b010af5233416506a
900,2457.553056790327,137120617.26437098,pair_06_12_L24.npz,interior_pair,6,12,4a1d0f31e8d1b4c1aec4b4df0beed406f71700962b57376b72445ad09b2eed84,2cac336b0446470a69fd3eaccab489b32b77d28a7d3aa0a2283bbe3119fdb534,d5cc307bc3d63c6a89e4e050b59bedb73c4fdd64ffec553b010af5233416506a
900,2457.553056790327,137120617.26437098,pair_06_13_L24.npz,interior_pair,6,13,c5550bb05de5405edebb6508655a5eac923d94f05e7a6c1f2afb271e52437ae8,7f764a8ed4590246cb0111fe3b1dd25ae5310af7cba2fc286addc6488143ee08,d5cc307bc3d63c6a89e4e050b59bedb73c4fdd64ffec553b010af5233416506a
900,2457.553056790327,137120617.26437098,pair_06_14_L24.npz,interior_pair,6,14,40931aff00fb8f36ede0c6ba808c49438e4b50ff192fd74b6ec088f29af57084,9e497e9acfc7709c9ae53fa8cf18dbe784ce4b60427186f773f65560b7dd8aff,d5cc307bc3d63c6a89e4e050b59bedb73c4fdd64ffec553b010af5233416506a
900,2457.553056790327,137120617.26437098,pair_06_15_L24.npz,interior_pair,6,15,2bcb2891e8a3802c5586e7b11d8bc99f79907671125c04327a615452bf0570d4,e3e77bd4551473c040c79af193d37bdb0da89f13da3fb70f3a56b15a36226f4f,d5cc307bc3d63c6a89e4e050b59bedb73c4fdd64ffec553b010af5233416506a
900,2457.553056790327,137120617.26437098,pair_06_16_L24.npz,interior_pair,6,16,449c24743ce5c46937a65479b20dc6ff19c000e165f1f23c42a90e03e8d26b65,2fc4a11775c40fce8518a585b9d559adf8010dc633ad490d5d264f794fd91258,d5cc307bc3d63c6a89e4e050b59bedb73c4fdd64ffec553b010af5233416506a
900,2457.553056790327,137120617.26437098,pair_06_17_L24.npz,near_interior_pair,6,17,8c0bd57b2020eb8d79108e8fe67e7b78ad8610863185348bb2004dd60548c2e2,ec07f7a0189868953e612c2ebd478664481120dcc804037befaf178c4150a02e,d5cc307bc3d63c6a89e4e050b59bedb73c4fdd64ffec553b010af5233416506a
900,2457.553056790327,137120617.26437098,pair_06_18_L24.npz,near_interior_pair,6,18,a331b5782883f431fc4d503f1c5955af1fd984bf06f9bee19e469d514dd53cc2,8f9ac40db437b3978c14ede91e64394e208419354c07e030e26bce10eda434ea,d5cc307bc3d63c6a89e4e050b59bedb73c4fdd64ffec553b010af5233416506a
900,2457.553056790327,137120617.26437098,pair_06_19_L24.npz,near_interior_pair,6,19,34d5a90bb0c6863d8398bbb75c91c89725aa15188e9a7a2f751104945f8a11e0,bfcd2d1905c145c2157a3d2d77164c422ed291eb4901cb159fa3eed390bbd1cb,d5cc307bc3d63c6a89e4e050b59bedb73c4fdd64ffec553b010af5233416506a
900,2457.553056790327,137120617.26437098,pair_06_20_L24.npz,near_interior_pair,6,20,5f90d74ba2b2049ac5869e3dbbc937460f59190269e9a8cf8ad3b7ac42e639d1,94c984cd00bdbe93a1a3f61bdb05c98e0175cfeff658728b14549ea8cb68b2cd,d5cc307bc3d63c6a89e4e050b59bedb73c4fdd64ffec553b010af5233416506a
900,2457.553056790327,137120617.26437098,pair_06_21_L24.npz,near_interior_pair,6,21,28dde334ff1f056971beb876896b72ba0d7e924e8fdb72022e737f33a1b0dfd2,7863c58b00c3fe5fda4ef660ea9d50b13fce3862ab19869673ea3ed5b9e8dadf,d5cc307bc3d63c6a89e4e050b59bedb73c4fdd64ffec553b010af5233416506a
900,2457.553056790327,137120617.26437098,pair_06_22_L24.npz,near_interior_pair,6,22,a61ea272da60e2aa249f6c14cd857fcacc2ceefd718349974a236f28ec3f13b0,5e22622382383f1cd77bb147a9188a30ce3588461c9f82b2eb60b2789abc6367,d5cc307bc3d63c6a89e4e050b59bedb73c4fdd64ffec553b010af5233416506a
900,2457.553056790327,137120617.26437098,pair_06_23_L24.npz,near_interior_pair,6,23,3326e71b449392214fb99620dad7bad20713d752ef8ce80cc37075d18eb0d94f,aca352d644c9de269e597fff9dc448cc45f69dda1d028d775e8b8a955a760268,d5cc307bc3d63c6a89e4e050b59bedb73c4fdd64ffec553b010af5233416506a
900,2457.553056790327,137120617.26437098,pair_06_24_L24.npz,near_interior_pair,6,24,17520a1d41f001b0336db770e91e031370f9b29a1a5168e67621dc149d45aa71,843a73a3a2b8f80e3870b2ca9a20489b3562fe3c64f499f0b096cc6d721c6c0e,d5cc307bc3d63c6a89e4e050b59bedb73c4fdd64ffec553b010af5233416506a
900,2457.553056790327,137120617.26437098,pair_06_25_L24.npz,near_interior_pair,6,25,5faee8820dac99c55e36c0724a66cbfc1fef2a3c3d7c23dd5dc82c3120e95842,78accfcbede9bacdbbdeec6d0eb6ebdc4726d6b30b0de773175498b35022e9f0,d5cc307bc3d63c6a89e4e050b59bedb73c4fdd64ffec553b010af5233416506a
900,2457.553056790327,137120617.26437098,pair_06_26_L24.npz,near_interior_pair,6,26,05bd48a7899e10b76f46d29eba59cd3599398169a0fd822d06e01960d7b507e8,e9e09a4f9e0572ccd3667e0cc5495745b81ac130322a4027878e468e6bd5cd20,d5cc307bc3d63c6a89e4e050b59bedb73c4fdd64ffec553b010af5233416506a
900,2457.553056790327,137120617.26437098,pair_06_27_L24.npz,near_interior_pair,6,27,d1a6b15f5148e5872e2eb538bc1d2a86ed8fc121d0f8925e8b8b6748dea8c04b,33efec901d055d4738f830008025d24daa3c18b63038a00c7441f35e3d313488,d5cc307bc3d63c6a89e4e050b59bedb73c4fdd64ffec553b010af5233416506a
900,2457.553056790327,137120617.26437098,pair_06_28_L24.npz,near_interior_pair,6,28,5eab842448a341c078e593d9a82a147b4f9292e2d24e426a5127598f704e0447,0b48d8a3a7cdc476905be2feba44e73542aac81b866808d41677eb29411f8edf,d5cc307bc3d63c6a89e4e050b59bedb73c4fdd64ffec553b010af5233416506a
900,2457.553056790327,137120617.26437098,pair_06_29_L24.npz,far_interior_pair,6,29,77c19a54692d7cf833ae30fe78adc749447863849e824c55a881a1363411da0f,2fa194bf7ab83d44bea838107868cdb5b0c93887c841de56db8a29408daddde2,d5cc307bc3d63c6a89e4e050b59bedb73c4fdd64ffec553b010af5233416506a
900,2457.553056790327,137120617.26437098,pair_06_30_L24.npz,far_interior_pair,6,30,27e42962f957e458fadcfcf5899208ad76c6687952aac6ef20533504eafe7aa2,1c63c9a411468f27c8e26686704d3bc074cf1824e37d59bfaee6d807dc9b90de,d5cc307bc3d63c6a89e4e050b59bedb73c4fdd64ffec553b010af5233416506a
900,2457.553056790327,137120617.26437098,pair_06_31_L24.npz,far_interior_pair,6,31,c973a83b0989ba9bade8ae0e5fdd9e260f44f2ddaa0af6655b17e14bb9d87bc0,6fc67adf0eb9337b46169594db695d87420aadd223578b97eab3438bf17f7b94,d5cc307bc3d63c6a89e4e050b59bedb73c4fdd64ffec553b010af5233416506a
900,2457.553056790327,137120617.26437098,pair_06_32_L24.npz,far_interior_pair,6,32,2147c1d826d89bcc4e2514aa742ecc3bef6821cb90ad72bcba346b59a50d8b80,9aecf2c9523db8f167e4e38d8b526c74eb1cd664be373360513e12d70f5e2a40,d5cc307bc3d63c6a89e4e050b59bedb73c4fdd64ffec553b010af5233416506a
900,2457.553056790327,137120617.26437098,pair_06_33_L24.npz,far_interior_pair,6,33,4826fcb9a2dfe4b80b67c7b00f3042477ecac3ddde0485c5bfa03f65476cc67e,b913f73d1a07013a62d5cff73a68fa773882efc7dece5951b028a2ea8d6d0538,d5cc307bc3d63c6a89e4e050b59bedb73c4fdd64ffec553b010af5233416506a
900,2457.553056790327,137120617.26437098,pair_06_34_L24.npz,far_interior_pair,6,34,fec2e9e5579326dc37da8261f91e46df1c243101606732d7c01e5f717eb29470,ededf3401ffdff477b6722148a5aadf018dc89b23249ac2908d53614cdd22a94,d5cc307bc3d63c6a89e4e050b59bedb73c4fdd64ffec553b010af5233416506a
900,2457.553056790327,137120617.26437098,pair_07_08_L24.npz,interior_pair,7,8,a27c8926964ebaeafe15b4f37a0a888669240c9e380c6a1963013f3816e3af27,1543a0c8e9936eb42e70e80d1f1816faad1bdcc46d659a8b626b78706085d4a0,d5cc307bc3d63c6a89e4e050b59bedb73c4fdd64ffec553b010af5233416506a
900,2457.553056790327,137120617.26437098,pair_07_09_L24.npz,interior_pair,7,9,56270f114569c8e0b21a92525ca8c5950ca8530834931488037480cf48f6c611,437261793e034e7649e97748e02a55309f465ac1138177ccaeaa5205f122eadd,d5cc307bc3d63c6a89e4e050b59bedb73c4fdd64ffec553b010af5233416506a
900,2457.553056790327,137120617.26437098,pair_07_10_L24.npz,interior_pair,7,10,bd9d66bd11fe43d6bcf89187b8bc0c8809174c37b391fe4d1198c1e15f30131a,e21e7036cdd870b482321c06354dc949103be65d29536e5f6c8f86a6681efa19,d5cc307bc3d63c6a89e4e050b59bedb73c4fdd64ffec553b010af5233416506a
900,2457.553056790327,137120617.26437098,pair_07_11_L24.npz,interior_pair,7,11,95f08d859c290d49574d2ddc12df4e1bcf9ff14c9a26b6389d8030ef2cfad6c0,6f45d8ef27ab4a1213fbcb0febacc929663c4932a6f57c0ee8575c5f3c8e82ba,d5cc307bc3d63c6a89e4e050b59bedb73c4fdd64ffec553b010af5233416506a
900,2457.553056790327,137120617.26437098,pair_07_12_L24.npz,interior_pair,7,12,8f7bebd55d34d69f1f9b5c9ec30c33ec7a67cf1383094fc134f9dc762052b8f2,ad8f305e8a8e14fd719fa48d488b4b0871e964f893b8f5a068b8fcd42219f7f0,d5cc307bc3d63c6a89e4e050b59bedb73c4fdd64ffec553b010af5233416506a
900,2457.553056790327,137120617.26437098,pair_07_13_L24.npz,interior_pair,7,13,70200ef31893e25a3ac1abc849ac213df58aaec3b8705a3ad93fe4fe9d130d08,638ce325a5532b9d03f3646ba41e106736e1664dcbb97e7753d57e8ffc1ebe50,d5cc307bc3d63c6a89e4e050b59bedb73c4fdd64ffec553b010af5233416506a
900,2457.553056790327,137120617.26437098,pair_07_14_L24.npz,interior_pair,7,14,f8a546d9ef112ef4cd10631f0b169d39929ec216adbb9c1027fc8c7f67ca762c,25bd4555058f86f9f879126501145ecefb0ccfa7631a86cc92e48cb3bdcad969,d5cc307bc3d63c6a89e4e050b59bedb73c4fdd64ffec553b010af5233416506a
900,2457.553056790327,137120617.26437098,pair_07_15_L24.npz,interior_pair,7,15,3f06444d930b2fa46b4ef2199b70485ab8dafb552bf99012e2ceb6240d43aef4,bc6e405fed62633f21049ec2465ac70c6c216d3916d801cb6d5d1c3fb6f78e96,d5cc307bc3d63c6a89e4e050b59bedb73c4fdd64ffec553b010af5233416506a
900,2457.553056790327,137120617.26437098,pair_07_16_L24.npz,interior_pair,7,16,6ce3288d0fb3a5601eedd09068e07abb41e4c359ec2c24d42cde66b104361dbf,8e7d97cd87c3cb0eddf903650992c8fb766b792ddedc88af64f2dc481f72529c,d5cc307bc3d63c6a89e4e050b59bedb73c4fdd64ffec553b010af5233416506a
900,2457.553056790327,137120617.26437098,pair_07_17_L24.npz,near_interior_pair,7,17,1fbc0766636a590d899fdfab867724b072d592b3707f7c9b3b465bf234f1d6b3,8adbcf286b543b6d5e1097878c0151232e7b38a77994d6dfce1373fb1f680117,d5cc307bc3d63c6a89e4e050b59bedb73c4fdd64ffec553b010af5233416506a
900,2457.553056790327,137120617.26437098,pair_07_18_L24.npz,near_interior_pair,7,18,0956a98a3a1997d649ae2b1b19459f25e548cd9eba2e00800c31715acafbfa88,5f180713576d7754d04e7589136f5df52272eb68786d48e2d6437627ef0e449f,d5cc307bc3d63c6a89e4e050b59bedb73c4fdd64ffec553b010af5233416506a
900,2457.553056790327,137120617.26437098,pair_07_19_L24.npz,near_interior_pair,7,19,3e635c2c8f951ccdaae3881e8c4a518a7a8c5075374c9f959739b20a0edc6648,4278844622aceab81d140777e3c999e3055ad488bdaffe6d5841a3f2f64095cf,d5cc307bc3d63c6a89e4e050b59bedb73c4fdd64ffec553b010af5233416506a
900,2457.553056790327,137120617.26437098,pair_07_20_L24.npz,near_interior_pair,7,20,6a67b47b9c9694d5bcd35d624829160f439f285ba6dd6df7785858e4f5d2c8bd,cc3e672acae6cf1ff439e5cc91a13e2cd7be2a7803cf6866874fefe15326adbd,d5cc307bc3d63c6a89e4e050b59bedb73c4fdd64ffec553b010af5233416506a
900,2457.553056790327,137120617.26437098,pair_07_21_L24.npz,near_interior_pair,7,21,aedfaf42d6a6631907f293b6c7f57610c780e5dc1a9cd1aecbb23f9976bae52f,ad66362de319b7d7af22de0eb0ea72bb9799ccb28db6b461bdcea76f65bd9ffa,d5cc307bc3d63c6a89e4e050b59bedb73c4fdd64ffec553b010af5233416506a
900,2457.553056790327,137120617.26437098,pair_07_22_L24.npz,near_interior_pair,7,22,4d6085bc5fe9f4a3ee7d8b5d41649993edc8e947dc32e6922fb7b41b249ef91e,bc020084ae0972dad3e5fc97623c036a91da3ca7f05cc18ae958771c7a7a1f19,d5cc307bc3d63c6a89e4e050b59bedb73c4fdd64ffec553b010af5233416506a
900,2457.553056790327,137120617.26437098,pair_07_23_L24.npz,near_interior_pair,7,23,222966d3fffa3cf8c1ce284ef471694573b69de44afe4510f31402d184690662,3c626fbddd2bd571af62a7a41dc4411a393e42a414916db7ae0a3169d91b9ea3,d5cc307bc3d63c6a89e4e050b59bedb73c4fdd64ffec553b010af5233416506a
900,2457.553056790327,137120617.26437098,pair_07_24_L24.npz,near_interior_pair,7,24,f22fb7bfa2177f678ce945839522fe8ba2affe920c949c3eff458c747ec79df2,524c1427657bf8492a06962defd5e2f60f8aa3e4be06fba68d0d2ad8663eacf4,d5cc307bc3d63c6a89e4e050b59bedb73c4fdd64ffec553b010af5233416506a
900,2457.553056790327,137120617.26437098,pair_07_25_L24.npz,near_interior_pair,7,25,00ed1177b9c38b1cc005a289fdf23badf0e1175a16ece31ec421edd25da55607,c764e83db3d42a79791aceac219112856b0dd44a9c09f965df0dc7719cabb953,d5cc307bc3d63c6a89e4e050b59bedb73c4fdd64ffec553b010af5233416506a
900,2457.553056790327,137120617.26437098,pair_07_26_L24.npz,near_interior_pair,7,26,78345c93327eaee40fed41236160931b5eeda6943a93343f439dcecec841fa37,aeddd72400ee363e680f0dbf6a4fcdc0b304e42699557daedfeffde8e0e30f39,d5cc307bc3d63c6a89e4e050b59bedb73c4fdd64ffec553b010af5233416506a
900,2457.553056790327,137120617.26437098,pair_07_27_L24.npz,near_interior_pair,7,27,3786a532bc44d603fb24245a3061739f1eb8b3c59e3779445091061fe9e33675,28e093025c0d0921de1237c2b4d2bcfa652554e0bcdce59cd2b48b56654007a3,d5cc307bc3d63c6a89e4e050b59bedb73c4fdd64ffec553b010af5233416506a
900,2457.553056790327,137120617.26437098,pair_07_28_L24.npz,near_interior_pair,7,28,3ce09934a193946a71103a99265e95ed92ec2e49df6d82828e966b17fc747c70,456410e19dc48f2c3fa1750ee27e50b3de0cb0b2494110bfee426a3da1090405,d5cc307bc3d63c6a89e4e050b59bedb73c4fdd64ffec553b010af5233416506a
900,2457.553056790327,137120617.26437098,pair_07_29_L24.npz,far_interior_pair,7,29,ecf3361972e89017a19413407a55372d46a7f7826d1b2c6dd8f781cd7c1599a4,f6b1274f9ad1cfbdb9061863cb32261fb16d9f1bcfd4e7498cdd19984e18ac2c,d5cc307bc3d63c6a89e4e050b59bedb73c4fdd64ffec553b010af5233416506a
900,2457.553056790327,137120617.26437098,pair_07_30_L24.npz,far_interior_pair,7,30,7a1405a7bb8f84e1215e6e018b6928e90e96fcaff9e851dbdbc5bba3ba6e9940,9ae2473551af771493cabee93a38474b19884b10370f9199714b16570c839de7,d5cc307bc3d63c6a89e4e050b59bedb73c4fdd64ffec553b010af5233416506a
900,2457.553056790327,137120617.26437098,pair_07_31_L24.npz,far_interior_pair,7,31,6526fd69fbe006f3dbbc06750114b7b32bb0c72d68081858c5254d4ae297613f,a5a4398c0d95fec4e8723d868823308f080d5a474967a136117a825cac550f4d,d5cc307bc3d63c6a89e4e050b59bedb73c4fdd64ffec553b010af5233416506a
900,2457.553056790327,137120617.26437098,pair_07_32_L24.npz,far_interior_pair,7,32,2b4a049116ff0a7c34b97a7c632f5076cedbb865fe82000e333c4b316b52906a,ed17a5f734b42a4f14ee424b3ccb2fbf0e8f803f5ed634709a1b624f4815230d,d5cc307bc3d63c6a89e4e050b59bedb73c4fdd64ffec553b010af5233416506a
900,2457.553056790327,137120617.26437098,pair_07_33_L24.npz,far_interior_pair,7,33,619751cca771dfe79cca8464d180ff1f8c208264829f03e454eaa999d7a3bc49,71897fd304776b48414af968de73b841fe34f1bc46177be2c03263430246c475,d5cc307bc3d63c6a89e4e050b59bedb73c4fdd64ffec553b010af5233416506a
900,2457.553056790327,137120617.26437098,pair_07_34_L24.npz,far_interior_pair,7,34,bb98fe0ac2cbedaaabadccef0f7b4a87c39c08ee232df0f6a998409d8a13ce00,489157497d35229d2a5c1e709831e7f6130a4b5c234b8afe7e9ba18022cdb515,d5cc307bc3d63c6a89e4e050b59bedb73c4fdd64ffec553b010af5233416506a
900,2457.553056790327,137120617.26437098,pair_08_09_L24.npz,interior_pair,8,9,887474b5ceaee9a6928dc93e99be5c357c711f014dfd2ae04dc50aefc4d98e04,e4f63205920b197bf97feeb64cfab18e3191120108d999585216fbed9519db30,d5cc307bc3d63c6a89e4e050b59bedb73c4fdd64ffec553b010af5233416506a
900,2457.553056790327,137120617.26437098,pair_08_10_L24.npz,interior_pair,8,10,96ef07c8455da59b0897486ffdd70b4c7b931f1026f60c116c9bac3b244822f8,a9ede3115273c4c0d64e732f0f1904e47d3f7209668f3f50226c4d93d0abf366,d5cc307bc3d63c6a89e4e050b59bedb73c4fdd64ffec553b010af5233416506a
900,2457.553056790327,137120617.26437098,pair_08_11_L24.npz,interior_pair,8,11,f4be6f4359772400592fa71d46a10e1454b4a39655953d91da594f909ee593b0,72860e56d472c1a2de2ec3439f0e5010bf8c9e72e65b54db1e006399c8bf3940,d5cc307bc3d63c6a89e4e050b59bedb73c4fdd64ffec553b010af5233416506a
900,2457.553056790327,137120617.26437098,pair_08_12_L24.npz,interior_pair,8,12,3bc7f31b03205a7fa0796cf56f7acf45ec7e7fe58517441fdbdcfcf81996683f,0a028900a1b195057bc835e219964e58eecc632b5c669b23f4344881adb756a3,d5cc307bc3d63c6a89e4e050b59bedb73c4fdd64ffec553b010af5233416506a
900,2457.553056790327,137120617.26437098,pair_08_13_L24.npz,interior_pair,8,13,b98e5b9c7bf2fb51796ccc976f4b5d7937f3e83315dd45afde6ce9ac2e5c102e,6c8fcc29c8b7e64299f0883f615f453d2d80ae2d1348a98f11cf9e62f0a60b41,d5cc307bc3d63c6a89e4e050b59bedb73c4fdd64ffec553b010af5233416506a
900,2457.553056790327,137120617.26437098,pair_08_14_L24.npz,interior_pair,8,14,a1b99656eaaf211acb941b8a8f804293ccc18f2acf16c9a28d292c6393383a03,5d858851c607ca271349e29be1418516cb7662efb3d3c4bac6fdd512c1987d62,d5cc307bc3d63c6a89e4e050b59bedb73c4fdd64ffec553b010af5233416506a
900,2457.553056790327,137120617.26437098,pair_08_15_L24.npz,interior_pair,8,15,c34d6075ffdd6095fff24990ed40addf7811009f1191997b8222773cf0dbeabe,c86dee476681f1e6151524a26ff2784dd36b731e3302ca9e5f753b3545404d05,d5cc307bc3d63c6a89e4e050b59bedb73c4fdd64ffec553b010af5233416506a
900,2457.553056790327,137120617.26437098,pair_08_16_L24.npz,interior_pair,8,16,4b78c38768ead85e86f0dc74adc90a25d51bd377606cc6783553c3f88a44113c,01fe2018a518af2fcbcd9641a91fd222618fb5f21ab8335ea10e1b25367de025,d5cc307bc3d63c6a89e4e050b59bedb73c4fdd64ffec553b010af5233416506a
900,2457.553056790327,137120617.26437098,pair_08_17_L24.npz,near_interior_pair,8,17,465c469e119ed7c713855c6853a457201a3c34dd564477b5ecedda44a16b6cd6,027e34297db5109898cd0e843cec8ab1df7ef93946a376a9a8790b0753c3bf17,d5cc307bc3d63c6a89e4e050b59bedb73c4fdd64ffec553b010af5233416506a
900,2457.553056790327,137120617.26437098,pair_08_18_L24.npz,near_interior_pair,8,18,f263613f8a1ecf6e38c880d836d5ae4dc88c744914bb8eb88f1717b1807a6fb4,18f17bed019d57da23e83e8d083695c31210a622609a9c8e30c5f8f47d459f5c,d5cc307bc3d63c6a89e4e050b59bedb73c4fdd64ffec553b010af5233416506a
900,2457.553056790327,137120617.26437098,pair_08_19_L24.npz,near_interior_pair,8,19,2c6950201f71d44bf46fa121491cb1b6b2e10dc7b81125b8c2937529be8132f2,989814b3eea6027b878007b9b673293133f8aaf42dcee7c0627fe2262222d2e1,d5cc307bc3d63c6a89e4e050b59bedb73c4fdd64ffec553b010af5233416506a
900,2457.553056790327,137120617.26437098,pair_08_20_L24.npz,near_interior_pair,8,20,f1509d89a71e48f7bff80d5567b40906502f5b840d1b7d021ea75f5adc58fce5,ec9042e7f1aa95754aef2649b772e38188c14efc684f5f0a7afda98f46972dab,d5cc307bc3d63c6a89e4e050b59bedb73c4fdd64ffec553b010af5233416506a
900,2457.553056790327,137120617.26437098,pair_08_21_L24.npz,near_interior_pair,8,21,cc69dd233742f9631ee6a9fe13f9acdfe954b4b96d8d4ce3d83d388265b4b494,84663853baf96512fef321a050fe92f175e1a13515483233810a717a63259ce6,d5cc307bc3d63c6a89e4e050b59bedb73c4fdd64ffec553b010af5233416506a
900,2457.553056790327,137120617.26437098,pair_08_22_L24.npz,near_interior_pair,8,22,0856b50ee28c65144e05c18bcee05093f6d7f4466a970c7e96d4823ee3f8d274,7f147e84aa7aadd04334a69187130d573a0c6b28da101788c35f859efc3256f9,d5cc307bc3d63c6a89e4e050b59bedb73c4fdd64ffec553b010af5233416506a
900,2457.553056790327,137120617.26437098,pair_08_23_L24.npz,near_interior_pair,8,23,c5b30c735e1b3eb44971e97a623ae2121cde55dff9ec84dca13d9f8e38273c1d,a9a160ad5bbd26fe5930b81262fc7cca754971c716932978bb878f624068b175,d5cc307bc3d63c6a89e4e050b59bedb73c4fdd64ffec553b010af5233416506a
900,2457.553056790327,137120617.26437098,pair_08_24_L24.npz,near_interior_pair,8,24,53b33f1098e093e1be8ef59e54635b5e117aa1394f0dc9b14584f943b10be51c,0eacf09f3f3fdc4481ffc6d06a81fe985918c4143cffbd894f97229f71cd196a,d5cc307bc3d63c6a89e4e050b59bedb73c4fdd64ffec553b010af5233416506a
900,2457.553056790327,137120617.26437098,pair_08_25_L24.npz,near_interior_pair,8,25,a003108111a2d2752dc4160aaff8cf306cebbe5ac7d721baac8d3a176861da7c,c9def9ea1b5474d48e8655f575b0d682df06dedf9f2fa222544180d7ef0473c9,d5cc307bc3d63c6a89e4e050b59bedb73c4fdd64ffec553b010af5233416506a
900,2457.553056790327,137120617.26437098,pair_08_26_L24.npz,near_interior_pair,8,26,2387de44275cd0fd13ac9876af4da3764ce5031dc94b4683540478c611f49416,833c742ecbfb7c95a0c204c9f71316f7710b3bdccf341182a919fb0f8c36cc70,d5cc307bc3d63c6a89e4e050b59bedb73c4fdd64ffec553b010af5233416506a
900,2457.553056790327,137120617.26437098,pair_08_27_L24.npz,near_interior_pair,8,27,50c9a7fb8c99b8d67c12a62aa82b38627c3312c332d6e4153122e49f02f4de4e,9d083aabc155f646bb9bfa105496ab897919ea10d74681a9ad732dfeeaf42a6d,d5cc307bc3d63c6a89e4e050b59bedb73c4fdd64ffec553b010af5233416506a
900,2457.553056790327,137120617.26437098,pair_08_28_L24.npz,near_interior_pair,8,28,3da86a920c9bfb705c4b2c6500cc33677f8d209d670eb47b0003925439a43d2f,532ca15d5ae3166dd0709184c9df00fb2f4fe33a29985453bae9597daa1bcb1e,d5cc307bc3d63c6a89e4e050b59bedb73c4fdd64ffec553b010af5233416506a
900,2457.553056790327,137120617.26437098,pair_08_29_L24.npz,far_interior_pair,8,29,3a0b4d7e4325f90bc8cbe9ece2c6b5ab2d02f0809305852a9930b8f19ca354c1,70071ad39729c9fdd1b590655e2efa3262808c78c8b00240c5686edfc6752b8b,d5cc307bc3d63c6a89e4e050b59bedb73c4fdd64ffec553b010af5233416506a
900,2457.553056790327,137120617.26437098,pair_08_30_L24.npz,far_interior_pair,8,30,1bc7e795889f4ecf15a85ee4955ad4f4e183c81f6eb393e0da036bba30413ef2,d28407fa6f63020eb4750faa58a1398145cd47003cf454b5df89d231f43a7dad,d5cc307bc3d63c6a89e4e050b59bedb73c4fdd64ffec553b010af5233416506a
900,2457.553056790327,137120617.26437098,pair_08_31_L24.npz,far_interior_pair,8,31,7d1039bc4ecdb82c6ca2ef9efbaf61696229a16ca088708e9f33a6f1c4c5b646,0f39073fe75a1cfdbdf5dd253a1b3fad92b617bc16c7d1250b3292f7445f9921,d5cc307bc3d63c6a89e4e050b59bedb73c4fdd64ffec553b010af5233416506a
900,2457.553056790327,137120617.26437098,pair_08_32_L24.npz,far_interior_pair,8,32,cdcb228d4d2649c4bc03cc70c907979324859929e9fe000ab0cd091cbdccb26e,c2383ed6a90fa90bf621a0032331c842a83225286d7d0708836f9d3da4b9e40b,d5cc307bc3d63c6a89e4e050b59bedb73c4fdd64ffec553b010af5233416506a
900,2457.553056790327,137120617.26437098,pair_08_33_L24.npz,far_interior_pair,8,33,2dde42c76e9bd170dfc72e595d61366adff9978717472ea6c2e5cac75dab5c15,96628f0b3a01cf33b2ceb4c25551a75bb5ca5110d072cdafbb85a3e79b405d45,d5cc307bc3d63c6a89e4e050b59bedb73c4fdd64ffec553b010af5233416506a
900,2457.553056790327,137120617.26437098,pair_08_34_L24.npz,far_interior_pair,8,34,3e2f9df946c018d12afaf48cdd9e5078a2d6bc2eafae408d5db3dfab7a228d83,7b84736a81d1ceed44b82833fdb9a02d8830a73e4ad50f3858d26db5e69db244,d5cc307bc3d63c6a89e4e050b59bedb73c4fdd64ffec553b010af5233416506a
900,2457.553056790327,137120617.26437098,pair_09_10_L24.npz,interior_pair,9,10,2a79151afc756e0ed0caee4e78683b7928d438dd93ec507e756e23924315f610,a8c1334a49fc3722c530fd0f277e8ea3503f64f124d907ec4c99994048308957,d5cc307bc3d63c6a89e4e050b59bedb73c4fdd64ffec553b010af5233416506a
900,2457.553056790327,137120617.26437098,pair_09_11_L24.npz,interior_pair,9,11,a683fc9a90b0f6a5ccad26405b2b1d794d4c0dd2b88b9e5c6288e1643daee02e,fcf6c6f0bc4e24a94cf35af8e39a59eac870abdcac205d3c90c342b6b4f75e89,d5cc307bc3d63c6a89e4e050b59bedb73c4fdd64ffec553b010af5233416506a
900,2457.553056790327,137120617.26437098,pair_09_12_L24.npz,interior_pair,9,12,6cdf04e526e587b2773bc106faa24b07cce8035a58630861af9da9f34c4d3095,56089e2890e08602b92d48c31a7a8e431982936de34f867057a8edf5c103241a,d5cc307bc3d63c6a89e4e050b59bedb73c4fdd64ffec553b010af5233416506a
900,2457.553056790327,137120617.26437098,pair_09_13_L24.npz,interior_pair,9,13,ac922f024a2e3a7ec46a2b96c7f58d7ac166a1bc6ec73de82fdb30b9d62477c7,34b3eb8f78b85bdc9bc5c3bdbcb318fad57a741f0a66c9d0456d2bc57fb2ed33,d5cc307bc3d63c6a89e4e050b59bedb73c4fdd64ffec553b010af5233416506a
900,2457.553056790327,137120617.26437098,pair_09_14_L24.npz,interior_pair,9,14,d4da02538b9b00769a00910e0e53643f6d6eb533fa0aca41ca5e263db7232c90,59804853b17f24ced6366a66fe9a90accdb273497d1cb847a188ed5d1eaaff0e,d5cc307bc3d63c6a89e4e050b59bedb73c4fdd64ffec553b010af5233416506a
900,2457.553056790327,137120617.26437098,pair_09_15_L24.npz,interior_pair,9,15,0fb7ddfd4478eb5617ec3e9293a3644b68490eea6daa6470ce598d61399db764,646f5682a74841fd829d623a9f1a7d680344e37817d071994451df7e04923ac1,d5cc307bc3d63c6a89e4e050b59bedb73c4fdd64ffec553b010af5233416506a
900,2457.553056790327,137120617.26437098,pair_09_16_L24.npz,interior_pair,9,16,07a35c3f82d1f95c3a53f9fd018f64f6deeaa3dd5bbf3603a9df71f03a7ba7d0,3e71bcd9905ce1f5b69c09f07813c883e37dd0f8c7c10cfcd7817b4de6a3561d,d5cc307bc3d63c6a89e4e050b59bedb73c4fdd64ffec553b010af5233416506a
900,2457.553056790327,137120617.26437098,pair_09_17_L24.npz,near_interior_pair,9,17,13549a53ebae5147692c7730fdb8f516ecd8ba36d9092ef794032b4d28ef2bcc,089eda615c85cd2dcef8bbc5870243f63a0dcd943ee4c48fea7fb064bd486ee3,d5cc307bc3d63c6a89e4e050b59bedb73c4fdd64ffec553b010af5233416506a
900,2457.553056790327,137120617.26437098,pair_09_18_L24.npz,near_interior_pair,9,18,3d5e0009f1b70178a84db4e0c5e7e98d056744e1110bf9dece4ceda3aca597ac,dc4b56a0c05c9e81127d13df7781edef5b416ce9093b6f351c733a1541dd77b1,d5cc307bc3d63c6a89e4e050b59bedb73c4fdd64ffec553b010af5233416506a
900,2457.553056790327,137120617.26437098,pair_09_19_L24.npz,near_interior_pair,9,19,f48be7761cbb8a1c84490ef472b6a042543a6123e48b69aad35fcc3b31d8e45b,de27ff9cd87d3291ff6f6a0aa106aee598cf361009dc9c820e3f0a730c7573e2,d5cc307bc3d63c6a89e4e050b59bedb73c4fdd64ffec553b010af5233416506a
900,2457.553056790327,137120617.26437098,pair_09_20_L24.npz,near_interior_pair,9,20,8e325505ad882b6ee9cf3aa32ee6135f9c375b3b5c19495b6c487ade3e9226bb,7081132457908ea55d360fcece5544ad3e0be7b7a0eb894b45bc51d47b6ead9c,d5cc307bc3d63c6a89e4e050b59bedb73c4fdd64ffec553b010af5233416506a
900,2457.553056790327,137120617.26437098,pair_09_21_L24.npz,near_interior_pair,9,21,d25a1a80e47a1011b2743d6e81cdd80e2e5b74b65a4252b785ca7fbab8bc2ebb,d7bec3c5fc2e24c960fa2130e17374d55b60846af6cc3a464413171e5eaee35b,d5cc307bc3d63c6a89e4e050b59bedb73c4fdd64ffec553b010af5233416506a
900,2457.553056790327,137120617.26437098,pair_09_22_L24.npz,near_interior_pair,9,22,0331e59d4d5ae7fdc45524557bb0b3c26cf26f81138c7fcf5f067f16bc6365cf,34a3ea903a4c979fb772c87d631280f3c18d6a900fe143147c2485a1e4ac8951,d5cc307bc3d63c6a89e4e050b59bedb73c4fdd64ffec553b010af5233416506a
900,2457.553056790327,137120617.26437098,pair_09_23_L24.npz,near_interior_pair,9,23,6fdf3e3057d77e86a83618b9c96641aa0eceef5c64e6ce5b6ed3132bd892a81f,ac220e4133be0060c2c53e9398398ba08130149a6d6e1c2b39a521cb63fa16aa,d5cc307bc3d63c6a89e4e050b59bedb73c4fdd64ffec553b010af5233416506a
900,2457.553056790327,137120617.26437098,pair_09_24_L24.npz,near_interior_pair,9,24,0d364945c8c6faa6f14300db5991835505f9bf936a04c49a1cd2f48df776ded5,482831e830ae2a145c6c3c269e846ef302a430595c147bce421d95a661f41ec1,d5cc307bc3d63c6a89e4e050b59bedb73c4fdd64ffec553b010af5233416506a
900,2457.553056790327,137120617.26437098,pair_09_25_L24.npz,near_interior_pair,9,25,1a768ba5ba41c46ead6cc7429cb853815e0472032ec3fa4b77ab0aaa9cd01a84,b3e57b33150089be87e8db758c3160c2e57c1592c2f3a2f1df80304cc4762886,d5cc307bc3d63c6a89e4e050b59bedb73c4fdd64ffec553b010af5233416506a
900,2457.553056790327,137120617.26437098,pair_09_26_L24.npz,near_interior_pair,9,26,708b6d9e0000fb6d22c4d04b366fbe9f8a85378b81b45a73b5f02f945beb7b98,81e71489c1ed2cf236ba6573abd9c6f5ef8cd3182d87abfbcc2584cbca87bcf7,d5cc307bc3d63c6a89e4e050b59bedb73c4fdd64ffec553b010af5233416506a
900,2457.553056790327,137120617.26437098,pair_09_27_L24.npz,near_interior_pair,9,27,1b646f46078b02d166078ef3a9a4664ab97d2a811e6bf6a23fcd8308ed052269,c6e42640f14ea4fa36b447846ae5129eba15249b4158278712aa5b7fc421a6c8,d5cc307bc3d63c6a89e4e050b59bedb73c4fdd64ffec553b010af5233416506a
900,2457.553056790327,137120617.26437098,pair_09_28_L24.npz,near_interior_pair,9,28,d94741b73e57e44b2d2c97f5612ee0defeefa1a5a15866ff60b61723e087a7e0,95775ca8b7d491baf6c42a0e941c03ba5b040eb34a227f7318c6782c695ec216,d5cc307bc3d63c6a89e4e050b59bedb73c4fdd64ffec553b010af5233416506a
900,2457.553056790327,137120617.26437098,pair_09_29_L24.npz,far_interior_pair,9,29,12458a00fc66b93fb45e8cc01337ead566d9731227e78678cf12b0a2f7ffad28,235fe847171b3fb882410b927b8764ce9cbd65f83df857c3c48e5d5cc5cf6245,d5cc307bc3d63c6a89e4e050b59bedb73c4fdd64ffec553b010af5233416506a
900,2457.553056790327,137120617.26437098,pair_09_30_L24.npz,far_interior_pair,9,30,4da654bb02a4a7b073d07ace72de3d9390f9abac51c92e6947572ef236a9eaba,64274b6d527a640eeb686d841b2e5d5fbb338efffe2e2de0dc16a43daab8aae9,d5cc307bc3d63c6a89e4e050b59bedb73c4fdd64ffec553b010af5233416506a
900,2457.553056790327,137120617.26437098,pair_09_31_L24.npz,far_interior_pair,9,31,84f8545a3e71486b88835895dec1e4f56247a1aa0046dfdcfed969a24e7527ce,bb7a2e6dca3640a660e5666e5079fb5582e219ab42af5e6bc5d0d9371af078dc,d5cc307bc3d63c6a89e4e050b59bedb73c4fdd64ffec553b010af5233416506a
900,2457.553056790327,137120617.26437098,pair_09_32_L24.npz,far_interior_pair,9,32,e188fbc154d096d00699b56045755d8ef79cca0dffcba6c68755cbfbabca8509,23e69bf167e7b83fb1a6da249b1c3408301acef5dce0271051204cf27c0b6fea,d5cc307bc3d63c6a89e4e050b59bedb73c4fdd64ffec553b010af5233416506a
900,2457.553056790327,137120617.26437098,pair_09_33_L24.npz,far_interior_pair,9,33,178ed053bf4858321790ec0341f4b71410b84160dc412a9041d7026e407a83f6,53cb6ad409acd854bc75087f9d0b0cc3de33fbd4ac21895ab1c08faa31d60978,d5cc307bc3d63c6a89e4e050b59bedb73c4fdd64ffec553b010af5233416506a
900,2457.553056790327,137120617.26437098,pair_09_34_L24.npz,far_interior_pair,9,34,fa33e145413692fc84d228f202df6cc9f5881a8c4816a51ea4b7dc2acb92130d,4208acd4d469e4d75c6b881ea59281efaa6df8558cbf4b541df668b3e7add04d,d5cc307bc3d63c6a89e4e050b59bedb73c4fdd64ffec553b010af5233416506a
900,2457.553056790327,137120617.26437098,pair_10_11_L24.npz,interior_pair,10,11,319b812aff8fcb728d23404736ac1d48bd0f667dc26ebd1d5dcc937eb9643fc4,4b6278aaeca8213779ca148d7b6ed7e728cce9a9de47f5813ba9d991e52cd364,d5cc307bc3d63c6a89e4e050b59bedb73c4fdd64ffec553b010af5233416506a
900,2457.553056790327,137120617.26437098,pair_10_12_L24.npz,interior_pair,10,12,2b54142b5b4b68c91b6a7823bce444e336e8ef094686f7380437d1e61fa3e7b6,81fb97352263f81ebc9edf1069f30d78725c1579cfb29c24392aa68c04f081ae,d5cc307bc3d63c6a89e4e050b59bedb73c4fdd64ffec553b010af5233416506a
900,2457.553056790327,137120617.26437098,pair_10_13_L24.npz,interior_pair,10,13,5a59f724f5479d4cfcf7d4381e8c7a2fa9edc7b9f5d3edab1743e9fb030e8fb0,956610b334611a007b9371acb16189c8a6e7d23a124c531358e690ccee5a44fb,d5cc307bc3d63c6a89e4e050b59bedb73c4fdd64ffec553b010af5233416506a
900,2457.553056790327,137120617.26437098,pair_10_14_L24.npz,interior_pair,10,14,f6d337aae5d26869828d0dd26adbef1d058d65f41d91e238d15d49c6101f6ef3,4b2a2cc59fc11ec000ad6372e9f5251293b1d39c18c090373994c40f004f37be,d5cc307bc3d63c6a89e4e050b59bedb73c4fdd64ffec553b010af5233416506a
900,2457.553056790327,137120617.26437098,pair_10_15_L24.npz,interior_pair,10,15,0b5daf51db3df3074669b08f89bc78f8efd6d10220a375f000a640f559202ed9,fac5de9061d4b19c6ef03c80f6911bb916f3fc0bacabcfbdf887f6c5b22c119f,d5cc307bc3d63c6a89e4e050b59bedb73c4fdd64ffec553b010af5233416506a
900,2457.553056790327,137120617.26437098,pair_10_16_L24.npz,interior_pair,10,16,655ed0ab077bd92ed9d978abf053994c3a94669087350ea70f5323c22bf4e3f7,150292a24e06787e244e360131a125e01f8bd30eb8a2df48d5e59e5765e79a1e,d5cc307bc3d63c6a89e4e050b59bedb73c4fdd64ffec553b010af5233416506a
900,2457.553056790327,137120617.26437098,pair_10_17_L24.npz,near_interior_pair,10,17,de07612f273331d6c44ade4150f7f6e2f7ffa0c6bf2ec151bfd920db088d9d1f,5ae4ab7f72df94870b90e80c7f6d82ef2507bc64e6dc1d3f40a8e530b8cf72e9,d5cc307bc3d63c6a89e4e050b59bedb73c4fdd64ffec553b010af5233416506a
900,2457.553056790327,137120617.26437098,pair_10_18_L24.npz,near_interior_pair,10,18,457776199b3eacd531e82b142f9d76ac9df50c9fee7cf9af45960e81ea7a2d58,fdb0bda617de57f734189eb0af36f6d8ff84a44321f8a40002d9bc4bdad057a2,d5cc307bc3d63c6a89e4e050b59bedb73c4fdd64ffec553b010af5233416506a
900,2457.553056790327,137120617.26437098,pair_10_19_L24.npz,near_interior_pair,10,19,749a59f8a84fdaa3dc01b3c6ee8313f4630b184b2b1c8d2f9cbf2a914411774b,3d673a75a801938c9263e6408a2fdfebe92a5dc1776fd90f1fc0aeaaf7a10d1d,d5cc307bc3d63c6a89e4e050b59bedb73c4fdd64ffec553b010af5233416506a
900,2457.553056790327,137120617.26437098,pair_10_20_L24.npz,near_interior_pair,10,20,9c343f3a90778134174c18d4024243d74419f8a6468253bdb1e0549912dd42f3,2aadabcd6775bc8bd4886993427c400f27f57a6f0ccfec917af59d90eb2a4075,d5cc307bc3d63c6a89e4e050b59bedb73c4fdd64ffec553b010af5233416506a
900,2457.553056790327,137120617.26437098,pair_10_21_L24.npz,near_interior_pair,10,21,165044d9fbaceff990cb02edb26670b7c9a4939380957ae1db7fbb923a0256bf,e30947aaa2db4a092c357a3dade4c59cfd4277469f46d5892611d7a7707d9c9d,d5cc307bc3d63c6a89e4e050b59bedb73c4fdd64ffec553b010af5233416506a
900,2457.553056790327,137120617.26437098,pair_10_22_L24.npz,near_interior_pair,10,22,e3f625095c2f4a20928aeee592f93ecb1e942c55ba05a58c21814298e576e252,a607d8669a368af9a67b00344649c40a71828c0460bfaa515e51b9ab7b573d03,d5cc307bc3d63c6a89e4e050b59bedb73c4fdd64ffec553b010af5233416506a
900,2457.553056790327,137120617.26437098,pair_10_23_L24.npz,near_interior_pair,10,23,a500c269935b4689c4d8f0076a1c22803e5a15524eb0ea0f1daa17fbc7334b31,6ccf615de0e7c7c199dbcc5adef0258740c992c83d4dd8adab84e11b7d69880c,d5cc307bc3d63c6a89e4e050b59bedb73c4fdd64ffec553b010af5233416506a
900,2457.553056790327,137120617.26437098,pair_10_24_L24.npz,near_interior_pair,10,24,8a19d3af0e2e48e0acbada48d3e29b2e673a5a4760fe1f1303fd3a987d1448b7,6bb1d46673ba2edb0f22748a79e1751655bc092178a26a189f4b0412c289b807,d5cc307bc3d63c6a89e4e050b59bedb73c4fdd64ffec553b010af5233416506a
900,2457.553056790327,137120617.26437098,pair_10_25_L24.npz,near_interior_pair,10,25,c7756c29f02aabd82a59806a0ccbccf6f5103c321440071abedf96f05e57bf6e,96fbcb288c8778a09707095f6fde2880cbc9011a4f4f27ffb07af6320090b1a3,d5cc307bc3d63c6a89e4e050b59bedb73c4fdd64ffec553b010af5233416506a
900,2457.553056790327,137120617.26437098,pair_10_26_L24.npz,near_interior_pair,10,26,92948a78d7051ff1330bee7b1666a940c4aa1220b44813bc05d361dd37f0ce7a,883171d86cc3003fa940c16482879ec0a643a6b8345cc276f8ce8cf7d50dafba,d5cc307bc3d63c6a89e4e050b59bedb73c4fdd64ffec553b010af5233416506a
900,2457.553056790327,137120617.26437098,pair_10_27_L24.npz,near_interior_pair,10,27,0c69aa54c01a616ce251e85e5c863022c29ecb3cae2c997f23efe1a121b3890a,69c0e55b91e9a5ab5a6ecb7dc1d44adaa5522f15e3751883db6a5f10e4537ba5,d5cc307bc3d63c6a89e4e050b59bedb73c4fdd64ffec553b010af5233416506a
900,2457.553056790327,137120617.26437098,pair_10_28_L24.npz,near_interior_pair,10,28,3c95436ec22c90644c4d0e9712ec795e5c85b26c1877fdd4e6695baa9c9556ad,ea15a74dad67d2c967db1e4c910ef8475332f5888ba58c00e11d33b74113eed2,d5cc307bc3d63c6a89e4e050b59bedb73c4fdd64ffec553b010af5233416506a
900,2457.553056790327,137120617.26437098,pair_10_29_L24.npz,far_interior_pair,10,29,6e13fe646203c3f6c4f236b9de0e640b009a0c4e2ad3fba60049df6094a7000e,1aef684159067947e8bc47dc3490cdb2b87e96d507a550d7754c400e88a00f7a,d5cc307bc3d63c6a89e4e050b59bedb73c4fdd64ffec553b010af5233416506a
900,2457.553056790327,137120617.26437098,pair_10_30_L24.npz,far_interior_pair,10,30,7be5f5ade08853fd4df03375c7a6bc273989c7499a408cb2e41cc169c3c722be,be9e9dd5ed88fa0498bfd2c3dcb9fbf31e5f12b709720a798776c16d9b629519,d5cc307bc3d63c6a89e4e050b59bedb73c4fdd64ffec553b010af5233416506a
900,2457.553056790327,137120617.26437098,pair_10_31_L24.npz,far_interior_pair,10,31,dd2d6506102e47f8347a806ca971e38f6f2084aecfea3a602ae4eb04eca57ce3,0ecba610be48247573790e7fd9bb43af1f6c8c74b475614bd683acd23d5da397,d5cc307bc3d63c6a89e4e050b59bedb73c4fdd64ffec553b010af5233416506a
900,2457.553056790327,137120617.26437098,pair_10_32_L24.npz,far_interior_pair,10,32,5b31c798090992eb60e6f469e16f96295c72fd953bf419327f6d9955832a6393,7c2cbafbfe46ded83965759a410910c1538d1e0358e4ac29a80448bcf8933977,d5cc307bc3d63c6a89e4e050b59bedb73c4fdd64ffec553b010af5233416506a
900,2457.553056790327,137120617.26437098,pair_10_33_L24.npz,far_interior_pair,10,33,8305b991abb13a222c9d01b9911c2be7ad438e60e227544206191be8a32d0637,d6a50b23f8aa79f59876baf105416e24c5b50818ea286e10c8c42d9e27b58c92,d5cc307bc3d63c6a89e4e050b59bedb73c4fdd64ffec553b010af5233416506a
900,2457.553056790327,137120617.26437098,pair_10_34_L24.npz,far_interior_pair,10,34,b267ea4d55c651c71e95c080e1592f60539fc8dba93baa500090c8bcd78a9f8c,1425555647d0fcb26b68f289472f78b38ed5e712cc86e2fd352b94d4081d116a,d5cc307bc3d63c6a89e4e050b59bedb73c4fdd64ffec553b010af5233416506a
900,2457.553056790327,137120617.26437098,pair_11_12_L24.npz,interior_pair,11,12,ef16ed8931004e63cc9c5c0ad8f3cad085df9d0dbf038796fd5fd3d06208ca20,3f3a0dbef7148ff93706f9704d7a059c95a1a98bc2b0eb5429606ec8009ae7a4,d5cc307bc3d63c6a89e4e050b59bedb73c4fdd64ffec553b010af5233416506a
900,2457.553056790327,137120617.26437098,pair_11_13_L24.npz,interior_pair,11,13,d7b98af136cfb0d00463b46094edf77f1462aaba2edc133e16c3c6df319c963e,8cc6a357e60531cddb60f29cee32abd410745ded6ddfc3e07ef71243e03c5fe9,d5cc307bc3d63c6a89e4e050b59bedb73c4fdd64ffec553b010af5233416506a
900,2457.553056790327,137120617.26437098,pair_11_14_L24.npz,interior_pair,11,14,1766d15a5747272596f4232796fa8b33ccfc0fe3df073932f1330cef13c68bb5,4eeffc3a26c2fad86c79f12bc4c0754c60a039cbc32be9bd2c1405ba84435d2e,d5cc307bc3d63c6a89e4e050b59bedb73c4fdd64ffec553b010af5233416506a
900,2457.553056790327,137120617.26437098,pair_11_15_L24.npz,interior_pair,11,15,194eef6edc3f083cd8a8cfe10ca655ae26c5fc0442fcacda16f279b846abb25a,897035a7a31de705726006cd60282c57ac90a4e8c4cf0208fd531404990227cb,d5cc307bc3d63c6a89e4e050b59bedb73c4fdd64ffec553b010af5233416506a
900,2457.553056790327,137120617.26437098,pair_11_16_L24.npz,interior_pair,11,16,296dfd9a9f6afab802ea234d7a6196d2dfc9834a1e2f41f897b0ad7ed607e9ad,15d3c58c66d2025f7b4839e59d06d890ee184ece280d797b4d236aa7712f85b1,d5cc307bc3d63c6a89e4e050b59bedb73c4fdd64ffec553b010af5233416506a
900,2457.553056790327,137120617.26437098,pair_11_17_L24.npz,near_interior_pair,11,17,dc5f6fdb8f271bc60a3dddd4b0ed3aff11fe8d04ba7900eaf5257415eb49a30e,0ef79514aa53d0be213e121f4a2859d394e886d5646d8e68617edb28e0c2f053,d5cc307bc3d63c6a89e4e050b59bedb73c4fdd64ffec553b010af5233416506a
900,2457.553056790327,137120617.26437098,pair_11_18_L24.npz,near_interior_pair,11,18,0aa52557ff076b6c06b6c75c3b90c2cb8a6bff7dd896dd552cb1200be3d23179,b7ac252d723e89a4e7717130fa9876729d5bb0b429e0ca976adc39a947395df4,d5cc307bc3d63c6a89e4e050b59bedb73c4fdd64ffec553b010af5233416506a
900,2457.553056790327,137120617.26437098,pair_11_19_L24.npz,near_interior_pair,11,19,39a0f76c10b6e64af77cfcc3069c9ac092912dd2e6fd8c685ecc3305d60fb4f5,9d9fe5045b5ceb91f82f6ffab37f71548324b74630125ab273796ad39d6cf642,d5cc307bc3d63c6a89e4e050b59bedb73c4fdd64ffec553b010af5233416506a
900,2457.553056790327,137120617.26437098,pair_11_20_L24.npz,near_interior_pair,11,20,15c8d7373a035b3485c47626be5cacbe3172bdfd5b068a129ccf352917e72b20,ace7d6d66ce0a3802993335c008e06d7235675a6f8f7243570873509dc177556,d5cc307bc3d63c6a89e4e050b59bedb73c4fdd64ffec553b010af5233416506a
900,2457.553056790327,137120617.26437098,pair_11_21_L24.npz,near_interior_pair,11,21,118b6b47398d40c14090afae3f8e1c372ab8032abed8c77e1a7cf65275a6f341,9171f3e421d3d91021162ee821f4946a2054150fea2fc06c89ce0d5596db8640,d5cc307bc3d63c6a89e4e050b59bedb73c4fdd64ffec553b010af5233416506a
900,2457.553056790327,137120617.26437098,pair_11_22_L24.npz,near_interior_pair,11,22,3494be6d64f84da4320d09b455514c26a7a1507d57ebf15632dfa50577db6ccb,b6a2e2cddfd96f2f365e9bb1287238eeea6f082b0c5aed65052500ccaaefa9b6,d5cc307bc3d63c6a89e4e050b59bedb73c4fdd64ffec553b010af5233416506a
900,2457.553056790327,137120617.26437098,pair_11_23_L24.npz,near_interior_pair,11,23,cb2713f16e5b3cbd6f6ad7bdee8d42c7b69e976213e16c7ba08595cada5c3b60,2d519250526483696fc962e49356aacbeed3fa81211aad09592771d08133813b,d5cc307bc3d63c6a89e4e050b59bedb73c4fdd64ffec553b010af5233416506a
900,2457.553056790327,137120617.26437098,pair_11_24_L24.npz,near_interior_pair,11,24,c5ae0a2fffed43d3984d860a43357741406d47f4499544e6575b99083792f127,e84a95d0df8557d3ac549663920a3c8e42248d293d51e809e4844c6edde17996,d5cc307bc3d63c6a89e4e050b59bedb73c4fdd64ffec553b010af5233416506a
900,2457.553056790327,137120617.26437098,pair_11_25_L24.npz,near_interior_pair,11,25,545d5a3cdca62d80d8a206fd7e38ea266741de5a6279ae5523bf0445cbe04048,bb6e281488a32d25d1ad61eb2601f8a331bcb6dfaa92a00939527298a2e47c20,d5cc307bc3d63c6a89e4e050b59bedb73c4fdd64ffec553b010af5233416506a
900,2457.553056790327,137120617.26437098,pair_11_26_L24.npz,near_interior_pair,11,26,e20d5b7144b46b427db42b397e2598c8070c7ba6777cc1a5b5bc7c498138a02c,0c87a963efb52f39e51a1ff3a397a04961449bae1c82ea769aef65ac2e0aeaf2,d5cc307bc3d63c6a89e4e050b59bedb73c4fdd64ffec553b010af5233416506a
900,2457.553056790327,137120617.26437098,pair_11_27_L24.npz,near_interior_pair,11,27,f3affc24c64826cd3e733e54fcdd18e6466d429ff0d0a1428a16b2f4e80bb5e6,ab29f3aea187ad85481a88e7e25175f76f2c27d47c15bdd01b0245b06674e22a,d5cc307bc3d63c6a89e4e050b59bedb73c4fdd64ffec553b010af5233416506a
900,2457.553056790327,137120617.26437098,pair_11_28_L24.npz,near_interior_pair,11,28,8f69dfb27bcb15dedabd3b61ace173dfafbf79cf8c6eee5a905ad5cf8cdc4bcc,4a776430cf3e848f2f22030e801d6e1fb0ea773962fd8583c91d30dbf031b5d6,d5cc307bc3d63c6a89e4e050b59bedb73c4fdd64ffec553b010af5233416506a
900,2457.553056790327,137120617.26437098,pair_11_29_L24.npz,far_interior_pair,11,29,3b4dc550cf9667af57e59787e7391e702fd9cedb5abb1cbd616fc58f4acb6093,1ae604d9eee5bef520863078b2d09b5a7d475ba05bdbf0d41b358ae491005408,d5cc307bc3d63c6a89e4e050b59bedb73c4fdd64ffec553b010af5233416506a
900,2457.553056790327,137120617.26437098,pair_11_30_L24.npz,far_interior_pair,11,30,61b55dc0bd937d1fc267b42e3a9f1f24bd863e8312f409f7ae861bbdd07210b4,a5eec7aad67f1878abb979d703ee0b9f7549121dd311f9a3109bb66f861ebd39,d5cc307bc3d63c6a89e4e050b59bedb73c4fdd64ffec553b010af5233416506a
900,2457.553056790327,137120617.26437098,pair_11_31_L24.npz,far_interior_pair,11,31,de27271c9d8d6110d7b1dae75ecdb606173e298f7edacf4e526ab18cd4a3789c,3229cb6d486b20020d4b8cf1e3763e8662a00c1788090c24fee253a552556d5a,d5cc307bc3d63c6a89e4e050b59bedb73c4fdd64ffec553b010af5233416506a
900,2457.553056790327,137120617.26437098,pair_11_32_L24.npz,far_interior_pair,11,32,d9caf88bc1fd0039e58350417e2a2e38c7a735d56aafd235a9185394ee211aa9,f9fb75321e34924dfc94eff02ba11495e4d8e8f6f1c2e3c5ecc7a7dfd94008ed,d5cc307bc3d63c6a89e4e050b59bedb73c4fdd64ffec553b010af5233416506a
900,2457.553056790327,137120617.26437098,pair_11_33_L24.npz,far_interior_pair,11,33,91b6f31a0ae897e2008c1c3d1cbdd4198cd2ed67676222fc7a6cc30a27057c7e,3bbb9ccbdc1d354d8dddf9d5bb25232d5c5cabe943732cfe3554bc1f5f632fef,d5cc307bc3d63c6a89e4e050b59bedb73c4fdd64ffec553b010af5233416506a
900,2457.553056790327,137120617.26437098,pair_11_34_L24.npz,far_interior_pair,11,34,c24806cbb67291e441f5bbd79c8f31d8b55069b49cdcbca565f1d3bee5ca852a,a09b0ba89f4e782c6ce860358a2faf81c2df26b82e6d401d03dab40e8f552c99,d5cc307bc3d63c6a89e4e050b59bedb73c4fdd64ffec553b010af5233416506a
900,2457.553056790327,137120617.26437098,pair_12_13_L24.npz,interior_pair,12,13,c8d3cc29f9d5121a528c21b3b9e481a88e5ed1477694abadea13aa903efcffb0,5d72254ab9f198660c240f0a57a9d8cfae89dc9f7bc3fc0c4becdf66427f0269,d5cc307bc3d63c6a89e4e050b59bedb73c4fdd64ffec553b010af5233416506a
900,2457.553056790327,137120617.26437098,pair_12_14_L24.npz,interior_pair,12,14,e07070bbe5cf344931370844ef39d0a2f0c2dc34922f0b700b795f5628e0d69e,ef5f42efdd61c51acd945bc527a12a8800883edbe782a77968668d5d17c5efa0,d5cc307bc3d63c6a89e4e050b59bedb73c4fdd64ffec553b010af5233416506a
900,2457.553056790327,137120617.26437098,pair_12_15_L24.npz,interior_pair,12,15,37c38598ab08cdde5add6bf8bb2816d58c8073907cb7a57c551009d10993c10c,c8e4fb04c1d4d967642344e46ed05ae892802a32735e791ff6b7c1bb70dbf57b,d5cc307bc3d63c6a89e4e050b59bedb73c4fdd64ffec553b010af5233416506a
900,2457.553056790327,137120617.26437098,pair_12_16_L24.npz,interior_pair,12,16,4b057c3caa131132c25b5122856ac1325d91ae5d4fb3e93de1a7880411be4ece,99cc4a0e9c88220b8ffed9fceea0e14d091a83f09b8e9c4ecb239106f3675f68,d5cc307bc3d63c6a89e4e050b59bedb73c4fdd64ffec553b010af5233416506a
900,2457.553056790327,137120617.26437098,pair_12_17_L24.npz,near_interior_pair,12,17,866b9911d8fbad01127de7355dc33600dce7ce805f285c47b46d2a03f2420e6c,e6c0f9dc2c549a28420bb98b9138cd01e44554b60d5718f3d4891fe12c7658c9,d5cc307bc3d63c6a89e4e050b59bedb73c4fdd64ffec553b010af5233416506a
900,2457.553056790327,137120617.26437098,pair_12_18_L24.npz,near_interior_pair,12,18,0a3d39d7755f0c60a8799382a1cb434b519258b6e78caf6c471210f67f1860e1,ca346f93e183b74d2ffb239949ed08dbb73dae1029e9feed09612268f79fd2ac,d5cc307bc3d63c6a89e4e050b59bedb73c4fdd64ffec553b010af5233416506a
900,2457.553056790327,137120617.26437098,pair_12_19_L24.npz,near_interior_pair,12,19,093bd90b41e292f64c13cbf90aeaf5a67084dcf65040dd3fdee491db83db98f4,82597edfa4092c0d99ddd04a05f5ef2c8b0ff3c3a0c9e3061c0b7d4a93ec0854,d5cc307bc3d63c6a89e4e050b59bedb73c4fdd64ffec553b010af5233416506a
900,2457.553056790327,137120617.26437098,pair_12_20_L24.npz,near_interior_pair,12,20,9b09cd1a43a543d52f668e4e6d09e36fdf16b325686db33170dac5e85dde4545,545a857bf92053fddbdcfd2a66292fcd92c6349eaa027153faa7cbd1b8da1c71,d5cc307bc3d63c6a89e4e050b59bedb73c4fdd64ffec553b010af5233416506a
900,2457.553056790327,137120617.26437098,pair_12_21_L24.npz,near_interior_pair,12,21,b82cfc74f1cc71d1caa104537d229a512e3712c2f572ad8f435062c158267bff,781ac2a85a6a12a3ea55f9bfade6fe1cf16397fbd4fe0af436d640e7cb11a3c8,d5cc307bc3d63c6a89e4e050b59bedb73c4fdd64ffec553b010af5233416506a
900,2457.553056790327,137120617.26437098,pair_12_22_L24.npz,near_interior_pair,12,22,54c39b5831497df8ce32f35928334015371c4e9d4a555ab82a4ff98b02450f64,9d4d7719a251249d55272fa8ce48cf44ffa848dc2176746dd993f47535afa30d,d5cc307bc3d63c6a89e4e050b59bedb73c4fdd64ffec553b010af5233416506a
900,2457.553056790327,137120617.26437098,pair_12_23_L24.npz,near_interior_pair,12,23,fa5b7e256dceb2c700d09739ae20fed5644cd1cfbba2255dd7488f92931cb116,6f59f195cdd730edc29bad246cc86e6a1acc8c3af7e21469bc43b59b28865dfe,d5cc307bc3d63c6a89e4e050b59bedb73c4fdd64ffec553b010af5233416506a
900,2457.553056790327,137120617.26437098,pair_12_24_L24.npz,near_interior_pair,12,24,d3bd6a44df6570175b9510a4d8efcbc11619ecc35193dd6dc6195c1ba586da32,de0799c6d6d27b270939e47a02284daa1838e2a61d8b1fc8062379fad8260a49,d5cc307bc3d63c6a89e4e050b59bedb73c4fdd64ffec553b010af5233416506a
900,2457.553056790327,137120617.26437098,pair_12_25_L24.npz,near_interior_pair,12,25,8e903e04a2719b139388a39b96e00557a9f7f6d57d3b78efb72eafcf0e7589d7,ae759d4c7920a379291c999030d18dd5b50ab8b483167e08d931ae001a16c9b7,d5cc307bc3d63c6a89e4e050b59bedb73c4fdd64ffec553b010af5233416506a
900,2457.553056790327,137120617.26437098,pair_12_26_L24.npz,near_interior_pair,12,26,758222bde4a1aba530f8f4ece68f8a793e37a1ac0a97994ec3d0e05ee10dd779,70ae2fe13df69ce9c1e1d42e551bd06c59c2a70341e019608549378b8d6da79b,d5cc307bc3d63c6a89e4e050b59bedb73c4fdd64ffec553b010af5233416506a
900,2457.553056790327,137120617.26437098,pair_12_27_L24.npz,near_interior_pair,12,27,ed35b1a2babcbc37dfad57fe3dd98abd45da277782c2f6b8855d6a9b494e5c35,fc80a21614118c0f534cbd1113a66171c2e23f256a13ab7b67d7be1bb6385d93,d5cc307bc3d63c6a89e4e050b59bedb73c4fdd64ffec553b010af5233416506a
900,2457.553056790327,137120617.26437098,pair_12_28_L24.npz,near_interior_pair,12,28,e64df405678b4966b761f42211604c8249781759a099de14401759ecd686e755,b1164439e1c805907bcc288a5599d4aaeee851950dd4bc963a9f2ff6d85d9245,d5cc307bc3d63c6a89e4e050b59bedb73c4fdd64ffec553b010af5233416506a
900,2457.553056790327,137120617.26437098,pair_12_29_L24.npz,far_interior_pair,12,29,2d9db85d93d1cfcad64c0ac01a41c47e86266477d232c23445504a3287c9b2d6,22fb2e8be5a201f131990a5fe93c49e2ad4d072e58804605e5290717de6ed47b,d5cc307bc3d63c6a89e4e050b59bedb73c4fdd64ffec553b010af5233416506a
900,2457.553056790327,137120617.26437098,pair_12_30_L24.npz,far_interior_pair,12,30,8cb93ec97848e3f4c32906fb1a09fdfd1251f3c6876f8da4fee468bc96f0c515,39865b6796df94fe09f85d1c3bf0ad8caa978c39cb0e3fd177d7a35f98642adb,d5cc307bc3d63c6a89e4e050b59bedb73c4fdd64ffec553b010af5233416506a
900,2457.553056790327,137120617.26437098,pair_12_31_L24.npz,far_interior_pair,12,31,846c4bbc4810a065c7cb5bddefe57056ec66c3da4682d01e392c4483657556d3,b232033877e24a215b00ee5f2c45eade3548762901de2c0721de320bec0ad364,d5cc307bc3d63c6a89e4e050b59bedb73c4fdd64ffec553b010af5233416506a
900,2457.553056790327,137120617.26437098,pair_12_32_L24.npz,far_interior_pair,12,32,0518b47faff4b0ca2c25003af103b139b1de4a3d58ce89fbb1a4044b38010175,9e46f4ca03e6d170a3abd48adfb37ccb207226f516a049a6f5b848a31353aaa8,d5cc307bc3d63c6a89e4e050b59bedb73c4fdd64ffec553b010af5233416506a
900,2457.553056790327,137120617.26437098,pair_12_33_L24.npz,far_interior_pair,12,33,4367842f129a1d278a275781b938f2dd3f914d7f4c7f0ecbdeac58863bd67ca5,f3a4321b397bdbfc16c95f23b557426deda89dd330e5db39f194a9801cbd7300,d5cc307bc3d63c6a89e4e050b59bedb73c4fdd64ffec553b010af5233416506a
900,2457.553056790327,137120617.26437098,pair_12_34_L24.npz,far_interior_pair,12,34,0897f28b0df5cdef668540d1197f85373a6578cded7166ed1f23fd39dac72c7f,8f5063ab9092d3b676029e85a215575fde6772b26068ea19ad6ce1328b325f87,d5cc307bc3d63c6a89e4e050b59bedb73c4fdd64ffec553b010af5233416506a
900,2457.553056790327,137120617.26437098,pair_13_14_L24.npz,interior_pair,13,14,6956a539d95378448cece01cb666d87ce8aa51e05a0564090ef26ff6b37e924d,1e824db0b2bd68758ba9c3d4f8322576c3d5a020466d5de1d0f29244e4fbee44,d5cc307bc3d63c6a89e4e050b59bedb73c4fdd64ffec553b010af5233416506a
900,2457.553056790327,137120617.26437098,pair_13_15_L24.npz,interior_pair,13,15,7c2fb6695055d6ecd2ab73811fba7f5041466ca6aa29c2a516660e95c4dc40f0,815ebc6d3847f2ddbce3ba4c07cc5e39dd01ff978dcd8ecde20b67aace2113c6,d5cc307bc3d63c6a89e4e050b59bedb73c4fdd64ffec553b010af5233416506a
900,2457.553056790327,137120617.26437098,pair_13_16_L24.npz,interior_pair,13,16,77e8af3bc7482d576b6747dec3e187612001b642af3f96d6220b62b57cc32cdd,38c4033482a85fd4cde4909e7bfe58e09274b494db82a87bfac30bfa8c5bbab8,d5cc307bc3d63c6a89e4e050b59bedb73c4fdd64ffec553b010af5233416506a
900,2457.553056790327,137120617.26437098,pair_13_17_L24.npz,near_interior_pair,13,17,cb4ccaf217dcd7d431c8fd0162096e9ecf87db19e8f2d463b61282f9227de6ee,68be67aa0accc4e70548476c791881f761230923e55e170e318f16333fa016fc,d5cc307bc3d63c6a89e4e050b59bedb73c4fdd64ffec553b010af5233416506a
900,2457.553056790327,137120617.26437098,pair_13_18_L24.npz,near_interior_pair,13,18,7e027c1eb3846f9a6999fb3696a199a14dd0eaeb5db2807c4a126762ede5d473,b863c31249c74620b615d21bcc5091a798dd83e6a21f51a61526c5019987c5a9,d5cc307bc3d63c6a89e4e050b59bedb73c4fdd64ffec553b010af5233416506a
900,2457.553056790327,137120617.26437098,pair_13_19_L24.npz,near_interior_pair,13,19,331c220fc56e713c4a550b625f416188535670cecb5ee17480d427b43a7a5f5d,25a09936b4f49e1fd38ed3d7e9513bbf8537560b6e70d677cceb567dc64c9eac,d5cc307bc3d63c6a89e4e050b59bedb73c4fdd64ffec553b010af5233416506a
900,2457.553056790327,137120617.26437098,pair_13_20_L24.npz,near_interior_pair,13,20,5212816ff54d777d77d847e00cca40bfe9dd1e1ddd510b733c6badc660baa0c5,f71b470fd1d1bf2c9fa070aec68ae3f8dab664523de7495b701b68a969703fe5,d5cc307bc3d63c6a89e4e050b59bedb73c4fdd64ffec553b010af5233416506a
900,2457.553056790327,137120617.26437098,pair_13_21_L24.npz,near_interior_pair,13,21,e6f885bf818b1761172d0a7486ec7819ca17e762972202c4d8e1a89891867803,fff4cddd955ccea6e4367203db70b010b05a176073ab7bb518eb4a9f5eb2206c,d5cc307bc3d63c6a89e4e050b59bedb73c4fdd64ffec553b010af5233416506a
900,2457.553056790327,137120617.26437098,pair_13_22_L24.npz,near_interior_pair,13,22,988724ef4351ec8700bdd53638f67e6ce5dcbd7f7ff813d887cb5cbe4cd29955,2e8b7b3d070acdca497714c50e01f8708a7c6235cba82c81d12d0aea05d41ae3,d5cc307bc3d63c6a89e4e050b59bedb73c4fdd64ffec553b010af5233416506a
900,2457.553056790327,137120617.26437098,pair_13_23_L24.npz,near_interior_pair,13,23,ab351ab994dfa4eb18f9410d15a611f90078175997c849523d78f8fae9fb84a6,80c714ee99bf451913a4aad5fa60f123801c33041dfc27e6a40fa3be8b5331c0,d5cc307bc3d63c6a89e4e050b59bedb73c4fdd64ffec553b010af5233416506a
900,2457.553056790327,137120617.26437098,pair_13_24_L24.npz,near_interior_pair,13,24,abaa4a3eace97cced1407e38bc1fc5f5b9d599480c7c87ad19295f77cf9dc7b1,0ac5212c7698dcb6e51160966876c7f3e592c51c08affc8ee81d9dfd3d5449ad,d5cc307bc3d63c6a89e4e050b59bedb73c4fdd64ffec553b010af5233416506a
900,2457.553056790327,137120617.26437098,pair_13_25_L24.npz,near_interior_pair,13,25,512320629ff7184b912f7465a75df944926e629441056f041814d191378fc8d7,cf507eefb0803a9059635d1b6ff4ae707403553f2d02ee67ab16f4a0d510ad5b,d5cc307bc3d63c6a89e4e050b59bedb73c4fdd64ffec553b010af5233416506a
900,2457.553056790327,137120617.26437098,pair_13_26_L24.npz,near_interior_pair,13,26,e4c31c911f2dd0c706f08b7b2f6896421e542dbfdffa121b432a9fe209f375c1,a9f5959934b8a1c561a31310777be0c9d0f0a1ddc59ab7c11107cbe07c4fdded,d5cc307bc3d63c6a89e4e050b59bedb73c4fdd64ffec553b010af5233416506a
900,2457.553056790327,137120617.26437098,pair_13_27_L24.npz,near_interior_pair,13,27,cd285d2a49b2e509c72291843dd7f196a4307f23b06bfeac849bfd8cde88a4fb,83b979318556f156ac5f42f74ab0714bab0be688990a34bc150776bbaea5f4b1,d5cc307bc3d63c6a89e4e050b59bedb73c4fdd64ffec553b010af5233416506a
900,2457.553056790327,137120617.26437098,pair_13_28_L24.npz,near_interior_pair,13,28,2e96c83148e36bc4ac7a7f836e567045447333602473f1173be72c3d26d885ca,1bffe46aac587540531fe9042b3c21ecb0c9374dc01c170d4e3e259b4c79bd88,d5cc307bc3d63c6a89e4e050b59bedb73c4fdd64ffec553b010af5233416506a
900,2457.553056790327,137120617.26437098,pair_13_29_L24.npz,far_interior_pair,13,29,a290e608342d9052cbe4e6126ced8a06e16c3b9474dd21d4c74e238201263898,6e4fc417035cb514b2c4c93266d331479ab1bb0d7e19f0fbb83d25df9ce3ae6f,d5cc307bc3d63c6a89e4e050b59bedb73c4fdd64ffec553b010af5233416506a
900,2457.553056790327,137120617.26437098,pair_13_30_L24.npz,far_interior_pair,13,30,a62d5fd38c144cd0d8147821cba92a796da1db794a663383e6ad7e658855fa0b,7296f206ebee5ab10bcf53fbb84716cab0125eacf15080c26502151da9eddcca,d5cc307bc3d63c6a89e4e050b59bedb73c4fdd64ffec553b010af5233416506a
900,2457.553056790327,137120617.26437098,pair_13_31_L24.npz,far_interior_pair,13,31,6ee215c494beabe625b61f57e9ec37aa80b5178362c4b83fb71feee4d4534251,c05840908035de05fdeb9d71ef07acf4792ab5614974fa69925a621770ca7084,d5cc307bc3d63c6a89e4e050b59bedb73c4fdd64ffec553b010af5233416506a
900,2457.553056790327,137120617.26437098,pair_13_32_L24.npz,far_interior_pair,13,32,f2fa50a624363fe283287041e30d359b24a0704f8c0c02e3eee316be7399ef9d,de355590a98727286ea9d887483fb5e5db61c0da005e9c7983cf883b3ac34873,d5cc307bc3d63c6a89e4e050b59bedb73c4fdd64ffec553b010af5233416506a
900,2457.553056790327,137120617.26437098,pair_13_33_L24.npz,far_interior_pair,13,33,0cb7c573708c06d6cd69195510e72b3225b0e78c3193e1f648e217041f44a04a,9ac6f2067f0304e8a2a12934897af2ed662e4746d0884229f25bc73c3a2d82e8,d5cc307bc3d63c6a89e4e050b59bedb73c4fdd64ffec553b010af5233416506a
900,2457.553056790327,137120617.26437098,pair_13_34_L24.npz,far_interior_pair,13,34,1948c45f1ec93ee8cff0145b7674fb5d9c5264247e634fd4724a177be2199260,0ca4528574c70b2defca6042d4ef08563cfb4d1663560f363bd9d65a49d9509a,d5cc307bc3d63c6a89e4e050b59bedb73c4fdd64ffec553b010af5233416506a
900,2457.553056790327,137120617.26437098,pair_14_15_L24.npz,interior_pair,14,15,495fa510bb19e3f3a4d16440ece16066aaffdee726929c535c641bbe97cf4bf0,cef9ed8fdf177868cf985a20e5920ddd12a585fef1a5d79b5377474dcd1a7126,d5cc307bc3d63c6a89e4e050b59bedb73c4fdd64ffec553b010af5233416506a
900,2457.553056790327,137120617.26437098,pair_14_16_L24.npz,interior_pair,14,16,388ab4033cfb2954135c7999414ac26099922a157e4383929eae34a4ad7be328,773f6ac5d94485d82555c7883cf2b845061e63acf471a129b1f6cfd396c282f5,d5cc307bc3d63c6a89e4e050b59bedb73c4fdd64ffec553b010af5233416506a
900,2457.553056790327,137120617.26437098,pair_14_17_L24.npz,near_interior_pair,14,17,684ffc1c8c7f333095ed41e82e6977d6df173df4f3783d8f7c8e920478559074,5e14ce8dd61f3ba1c40d12733d965ee06dcb4e18c5d3da4fa18dad950a6acf16,d5cc307bc3d63c6a89e4e050b59bedb73c4fdd64ffec553b010af5233416506a
900,2457.553056790327,137120617.26437098,pair_14_18_L24.npz,near_interior_pair,14,18,8140320881580954d4b1e3d61e46174c68996b17f53952892b4a29c8553d6de6,56638aaa75aed3a09b068004092ee556f7d0e03eae2cd1592df7ad2c64dfee14,d5cc307bc3d63c6a89e4e050b59bedb73c4fdd64ffec553b010af5233416506a
900,2457.553056790327,137120617.26437098,pair_14_19_L24.npz,near_interior_pair,14,19,9a4acd025c4c4a55101869f9d818e4681291be3daf9087df6d6e0fc72bb30d89,07a2c6610bbc48c3ed2f03e66ca7db51c8bf30beec8c7bd8b5245a29e8393e15,d5cc307bc3d63c6a89e4e050b59bedb73c4fdd64ffec553b010af5233416506a
900,2457.553056790327,137120617.26437098,pair_14_20_L24.npz,near_interior_pair,14,20,45a6c5170b811c5bd47c97cbef91c78279680c93f4b696ff0a423becc7e4cffe,abbde4ca2c321db4f2a8c19e3133406014e3378623610070c4173047b2fdbb0f,d5cc307bc3d63c6a89e4e050b59bedb73c4fdd64ffec553b010af5233416506a
900,2457.553056790327,137120617.26437098,pair_14_21_L24.npz,near_interior_pair,14,21,b31905026f6e3e5a297c913aeffc4462c4fd4aa9a0d464474993f1c81db805d9,bcf5c8d90c4f0aa19142e1326c24306699032603b65146645cafacce9431db35,d5cc307bc3d63c6a89e4e050b59bedb73c4fdd64ffec553b010af5233416506a
900,2457.553056790327,137120617.26437098,pair_14_22_L24.npz,near_interior_pair,14,22,4b86326aa7335e55ca6f646892ee46f55ccf35b65c6d7601eed0e9ea68c444c7,e513d59d656193afc9f678055b7826417b498200b43d3fdc8e822c42b4f39599,d5cc307bc3d63c6a89e4e050b59bedb73c4fdd64ffec553b010af5233416506a
900,2457.553056790327,137120617.26437098,pair_14_23_L24.npz,near_interior_pair,14,23,c2f4cd533c696ac58ee3fe94d51d18280a03f3b0769095fa65700f471ab3ca68,7387428cb47b9124b638d94c7274db8efad85e7c57ede892fdc04cafdc7274ef,d5cc307bc3d63c6a89e4e050b59bedb73c4fdd64ffec553b010af5233416506a
900,2457.553056790327,137120617.26437098,pair_14_24_L24.npz,near_interior_pair,14,24,a865dd4e1943c14721fb3cb7f5f6b3d9bc1fac73b5c0920c5d0cd34c9514952f,287b2b3a0b686b8c7ac45606888d57b09e367048713bb499fd6ce3ef3c2181c6,d5cc307bc3d63c6a89e4e050b59bedb73c4fdd64ffec553b010af5233416506a
900,2457.553056790327,137120617.26437098,pair_14_25_L24.npz,near_interior_pair,14,25,8bf65e675ae5de4e0179c1199cbf74ea46d38a3199ceb1582809d8f423bb4a5d,c66ac0edd0e5142b78948f7dd1a2e9f3eda54f2bcaa1cbef2615acd22863e1ef,d5cc307bc3d63c6a89e4e050b59bedb73c4fdd64ffec553b010af5233416506a
900,2457.553056790327,137120617.26437098,pair_14_26_L24.npz,near_interior_pair,14,26,f8a36d29be264d774b27e1d55bb819d52fd485d3ccada517fa4c4a2fed795cdc,d76ae9ffdb08dd3c2b7496dacc5eb37138513cd0f4e22f1cb00c3e6340469bac,d5cc307bc3d63c6a89e4e050b59bedb73c4fdd64ffec553b010af5233416506a
900,2457.553056790327,137120617.26437098,pair_14_27_L24.npz,near_interior_pair,14,27,2e15491c010d78d5c79fcb32e52ae51001d9ce5c16e7e728ee1b4fb73b579e37,ec61f847b92da7b8673a976e52eb9cef91c568f16881aff158fd764645b0a791,d5cc307bc3d63c6a89e4e050b59bedb73c4fdd64ffec553b010af5233416506a
900,2457.553056790327,137120617.26437098,pair_14_28_L24.npz,near_interior_pair,14,28,867d55fffec6d7552efedb9a66fc02e2cac643d072ac6dc8d39d59cdc22c7b79,34e1b53fb99c5661f025ffe08e31247216d7a445c7ca9800f49fa61ea327ea8f,d5cc307bc3d63c6a89e4e050b59bedb73c4fdd64ffec553b010af5233416506a
900,2457.553056790327,137120617.26437098,pair_14_29_L24.npz,far_interior_pair,14,29,2043d62842810e6fdf037c1b74271651635eaf23e02c61fa4210bc0c355c9b9a,e65bba5bd6951ab358765ec1c3346ca912c1bd952a3fb5de7a5ffde0f9279878,d5cc307bc3d63c6a89e4e050b59bedb73c4fdd64ffec553b010af5233416506a
900,2457.553056790327,137120617.26437098,pair_14_30_L24.npz,far_interior_pair,14,30,7563613f44a2801fc0c1795f9ab9d640e74f49ae5896f8587fa9f61ad88be66c,f7500f158035493a2afce9afcf2fc45d6ce041be844980be94bbddf90710d2c1,d5cc307bc3d63c6a89e4e050b59bedb73c4fdd64ffec553b010af5233416506a
900,2457.553056790327,137120617.26437098,pair_14_31_L24.npz,far_interior_pair,14,31,b0d831ccfb2b43ecc6376abf1530dbda9de485c66291d329d4cb117d582e253a,3baade7fd8fc93e1efa4e0b0db0f6d29d418e882121a1ecea431d405651ef4de,d5cc307bc3d63c6a89e4e050b59bedb73c4fdd64ffec553b010af5233416506a
900,2457.553056790327,137120617.26437098,pair_14_32_L24.npz,far_interior_pair,14,32,6cf4447290568aecc76b31337c908b00e6506777119c9a3ca1872107c2df9134,15d7328bea37380327120e8a15695295ce1343c205d30f0adca65d2d0a0eace3,d5cc307bc3d63c6a89e4e050b59bedb73c4fdd64ffec553b010af5233416506a
900,2457.553056790327,137120617.26437098,pair_14_33_L24.npz,far_interior_pair,14,33,132ca104b625a1ac1baba08147abf12bccadc3f1d70afca9f73af4e4c7db424e,30e147e0caa6d417de3f2eb69dd5cee0c2d10924bd260f37b75b41efb5e42327,d5cc307bc3d63c6a89e4e050b59bedb73c4fdd64ffec553b010af5233416506a
900,2457.553056790327,137120617.26437098,pair_14_34_L24.npz,far_interior_pair,14,34,5077ba5703cd99015cd75ecb102f6e095c1eee074a59d985fdfda7dc164a1b80,72235be6bd7d3106d95efed300c7e291439d39bb9a1bac165ca9933adb7af48e,d5cc307bc3d63c6a89e4e050b59bedb73c4fdd64ffec553b010af5233416506a
900,2457.553056790327,137120617.26437098,pair_15_16_L24.npz,interior_pair,15,16,2d1fa695565ceb6838eb9e599124b241b913a5c2abe77e1876033a62ddd6d2db,46372494e0ea355b21f696a5599032f32cb42d9eb2e0c440c9c094ab3d798f0f,d5cc307bc3d63c6a89e4e050b59bedb73c4fdd64ffec553b010af5233416506a
900,2457.553056790327,137120617.26437098,pair_15_17_L24.npz,near_interior_pair,15,17,1f52be3d4a1c639f45d45ab93955c54faf5f12d4481df110b7ae90ba5abd8893,2f1be57afe5e88ea8832c886480afb922bf0c6a4c4be72162acd926981df65f4,d5cc307bc3d63c6a89e4e050b59bedb73c4fdd64ffec553b010af5233416506a
900,2457.553056790327,137120617.26437098,pair_15_18_L24.npz,near_interior_pair,15,18,6ad5349a4f1099740d77bc944189021377b9930aa877ae5615e3b932a5e4d416,0f08dc608c5689a8ed363818d5bf3d9929ea016a14a0c7b7650a178808d9a6f5,d5cc307bc3d63c6a89e4e050b59bedb73c4fdd64ffec553b010af5233416506a
900,2457.553056790327,137120617.26437098,pair_15_19_L24.npz,near_interior_pair,15,19,c17082a080c0750be7948020c5c4296ebff021d27e0391bcb5c3e5d09fd1a878,01f6801b61370d3ef0e3026eccec93c5464c39b8efaeff50e1d52162425d957c,d5cc307bc3d63c6a89e4e050b59bedb73c4fdd64ffec553b010af5233416506a
900,2457.553056790327,137120617.26437098,pair_15_20_L24.npz,near_interior_pair,15,20,2e720411ee67d52bc22df18ac76b928015a8268238cd66cb1dbc1ce233517d70,5dd961a9713ad1b0f9919eb74d92df8877205a625ec249d68d45eff6392ec681,d5cc307bc3d63c6a89e4e050b59bedb73c4fdd64ffec553b010af5233416506a
900,2457.553056790327,137120617.26437098,pair_15_21_L24.npz,near_interior_pair,15,21,01e6d51c03a94209cb5ecbd603bd4fd52ee9c907fef1bbe499c98e059b13f7f1,a28f229592447319a76d1c9f484ff3a7457d63b30a63649ecd8c474751dc6659,d5cc307bc3d63c6a89e4e050b59bedb73c4fdd64ffec553b010af5233416506a
900,2457.553056790327,137120617.26437098,pair_15_22_L24.npz,near_interior_pair,15,22,c9d54f23c1bdadf20d0493e9803748e9dd9eeb0a20631e58adfd19ba0cc589c5,0231df6f5ca142e2235449bc7597ab0154cb437c4b4c571533614343a653cd1c,d5cc307bc3d63c6a89e4e050b59bedb73c4fdd64ffec553b010af5233416506a
900,2457.553056790327,137120617.26437098,pair_15_23_L24.npz,near_interior_pair,15,23,cbf83fcaff12c525faf52397bed414752f1cbb322b729144cfb8ede37a356c28,d703a93ed4e221132732be95291485862626d706dd37c7b3c64eed3dd74a2475,d5cc307bc3d63c6a89e4e050b59bedb73c4fdd64ffec553b010af5233416506a
900,2457.553056790327,137120617.26437098,pair_15_24_L24.npz,near_interior_pair,15,24,09d4c0fd8ced434169b060dabf87cb211d87a80a6613a9514724938bfc3c60bc,94638a962c64f9aff9d4c6e1098490aa4fc4c7234e5d193639cb2dd945b7bb3b,d5cc307bc3d63c6a89e4e050b59bedb73c4fdd64ffec553b010af5233416506a
900,2457.553056790327,137120617.26437098,pair_15_25_L24.npz,near_interior_pair,15,25,3f865e1aac6763d4f62da4f92550e48b6b3db4f7075db6d6071ca54de2443578,091514c7f1263a18e10b86373aebe5cf6c126cacb675ee6d77f9cc5c6e1857d8,d5cc307bc3d63c6a89e4e050b59bedb73c4fdd64ffec553b010af5233416506a
900,2457.553056790327,137120617.26437098,pair_15_26_L24.npz,near_interior_pair,15,26,292a27e7bd197510cf410e49861a323b9be0a3903ba8f7b818ec3f4fa62807a2,a62f5c3d8e68c443ff47977ee4a48e7b2ce0d78cf814b175e96910a5d1eba927,d5cc307bc3d63c6a89e4e050b59bedb73c4fdd64ffec553b010af5233416506a
900,2457.553056790327,137120617.26437098,pair_15_27_L24.npz,near_interior_pair,15,27,ec37fb93a246ad04fda5189aa8dc1c438c19dab6526497a9cfaca864be88a40a,69ab9f288876d646a62c28fc0a1b231597d3088191ff1a71fb27b0be38d0d8c3,d5cc307bc3d63c6a89e4e050b59bedb73c4fdd64ffec553b010af5233416506a
900,2457.553056790327,137120617.26437098,pair_15_28_L24.npz,near_interior_pair,15,28,e88b79bf819df6ba2d4775b5da50c668e6e06bda456001908e8af0431567857a,d786ffd0a34b09881a7fdca15bd8389a107c62bf95975d5812c7186f57c6103f,d5cc307bc3d63c6a89e4e050b59bedb73c4fdd64ffec553b010af5233416506a
900,2457.553056790327,137120617.26437098,pair_15_29_L24.npz,far_interior_pair,15,29,804ca979c1122882b8a8058a3a5bd4f8996a587a3b812a8bd3c0fa4b9060f57c,515d2020cc6845332e15377ee4ac21ddb248e0d93f14345a25d0e2f71264d167,d5cc307bc3d63c6a89e4e050b59bedb73c4fdd64ffec553b010af5233416506a
900,2457.553056790327,137120617.26437098,pair_15_30_L24.npz,far_interior_pair,15,30,11fde2eba737640f750bde54c4f70e15e208d39c79b3e6ec73efb22663c6ac0f,8449d24b5b6593621946ce4ab82283d14e0b8a1467337791200febbd7657a680,d5cc307bc3d63c6a89e4e050b59bedb73c4fdd64ffec553b010af5233416506a
900,2457.553056790327,137120617.26437098,pair_15_31_L24.npz,far_interior_pair,15,31,ab680292a49bdb157c7385e31217a4aabecfa8844bbaebf58637fe4de8075362,05cd2c46c6cf08af884071ebe827abdc82677bbe6c476d372c926621ceb7cbe3,d5cc307bc3d63c6a89e4e050b59bedb73c4fdd64ffec553b010af5233416506a
900,2457.553056790327,137120617.26437098,pair_15_32_L24.npz,far_interior_pair,15,32,c63d55009f6de151c9c969bbf92ab5d71bcd0316c6cad0c731c9d038ff543caf,9d7ce0c897a70186832f9bc28689c9b73c5dfaded0bcf7e31ccc4165ef4c27e9,d5cc307bc3d63c6a89e4e050b59bedb73c4fdd64ffec553b010af5233416506a
900,2457.553056790327,137120617.26437098,pair_15_33_L24.npz,far_interior_pair,15,33,057d1bf9ff0e63fc449c7746bdfdcc78f9f11c24ff8cecbc398d7caa5ca8ffc4,dc0dbbc32317a66835112f0b4a5e1ea9c683979860ed8d5772b438aa39565319,d5cc307bc3d63c6a89e4e050b59bedb73c4fdd64ffec553b010af5233416506a
900,2457.553056790327,137120617.26437098,pair_15_34_L24.npz,far_interior_pair,15,34,a142bfcf23ae5c6de68633460bb93449229784167b3477589034710364786813,945c1c0233879d73cdc9f3642c7623bd541015eb94bf29dd4b550a7b3a156ea9,d5cc307bc3d63c6a89e4e050b59bedb73c4fdd64ffec553b010af5233416506a
900,2457.553056790327,137120617.26437098,pair_16_17_L24.npz,near_interior_pair,16,17,b882884e08406c9ad181b676aedc7eeda25aacf8d1f8f01c88d2c90b9d9f6fcc,ed9ac989973a8a9185e8ae225b2c78532c1f2c64abc78d7a35710da206595831,d5cc307bc3d63c6a89e4e050b59bedb73c4fdd64ffec553b010af5233416506a
900,2457.553056790327,137120617.26437098,pair_16_18_L24.npz,near_interior_pair,16,18,ebe1a896fa42077155e38b3e8b8cf9bc513cfdf2525b4b3fd3411302f11a3b1e,a5fb37b8d4a67229898768901c9620f99a3e7de9e92ebe668c9c40ac8f05b192,d5cc307bc3d63c6a89e4e050b59bedb73c4fdd64ffec553b010af5233416506a
900,2457.553056790327,137120617.26437098,pair_16_19_L24.npz,near_interior_pair,16,19,ff6dd037bb11c7e99c5cc176ae3b987dafa8b13072609af2dff99619e218621b,5864455d5161390bf554860b2e63a9bc07c54cf3bb227d41eaec88d6cbec33d8,d5cc307bc3d63c6a89e4e050b59bedb73c4fdd64ffec553b010af5233416506a
900,2457.553056790327,137120617.26437098,pair_16_20_L24.npz,near_interior_pair,16,20,adbd870ed6b7ae2a05563e6a5e21c4308ddbe522f79592fe8ca1003c8635f774,ef4af372da1d23fbcdfc8960fe09de27e55e89865bb3b55ddef20d870ea7455e,d5cc307bc3d63c6a89e4e050b59bedb73c4fdd64ffec553b010af5233416506a
900,2457.553056790327,137120617.26437098,pair_16_21_L24.npz,near_interior_pair,16,21,3b0587eac32ad766b015f7358147eee0e612aac80f81a6533937a96e6c1d7191,f304abb9da6f0ec6aaa7a0d86fb204fa8b101dd4251c5623162b1cf6fb415679,d5cc307bc3d63c6a89e4e050b59bedb73c4fdd64ffec553b010af5233416506a
900,2457.553056790327,137120617.26437098,pair_16_22_L24.npz,near_interior_pair,16,22,7892097b5d6fab6ac85176cc1aba5dce70845003f1981eece93c43dd291dd691,55a1db6dc75eafd0b5dd54f49889b7f7906ac284aacf28498d7770d32cf3f202,d5cc307bc3d63c6a89e4e050b59bedb73c4fdd64ffec553b010af5233416506a
900,2457.553056790327,137120617.26437098,pair_16_23_L24.npz,near_interior_pair,16,23,39699763535a2fe1b7c9508ef141bbc48e4327d13e25c1dd9d91ed5877160706,2d917aa0efc92105a1c7172194a5f00dfae261ab3110fa478b5752c45708870f,d5cc307bc3d63c6a89e4e050b59bedb73c4fdd64ffec553b010af5233416506a
900,2457.553056790327,137120617.26437098,pair_16_24_L24.npz,near_interior_pair,16,24,5c4498246ba54b8f7a85aedea8a122e519a0022901815138088200e0b1ea0d73,475bd9fb9c910f5161cce5ecf991707f385083b3a47d7c3b20e373fccd427a60,d5cc307bc3d63c6a89e4e050b59bedb73c4fdd64ffec553b010af5233416506a
900,2457.553056790327,137120617.26437098,pair_16_25_L24.npz,near_interior_pair,16,25,aa4c9e31dbd0ebadb4dfced3746a28e25c6d65183a5325ed21d11dc79f1fe6d2,d7d29d6096df4a08f5110bc64835543d6d8bef1bef4651b5e6a042613654c513,d5cc307bc3d63c6a89e4e050b59bedb73c4fdd64ffec553b010af5233416506a
900,2457.553056790327,137120617.26437098,pair_16_26_L24.npz,near_interior_pair,16,26,443c0a93d7ba73fecd71d8a26a08e55f84df1b736521dc5434dc90c474909b28,2cf9ad041caec16fe0a6989a4c6c94cdc5778ed15f77bacb4526eef60d8bf4b8,d5cc307bc3d63c6a89e4e050b59bedb73c4fdd64ffec553b010af5233416506a
900,2457.553056790327,137120617.26437098,pair_16_27_L24.npz,near_interior_pair,16,27,92d72ed274f15e2fcbfe6895ef9229e9d73e4684e9c4d4d876616d5c365c1eda,a6b806dadf0780675b7969049e019397a466109eda5d4de75adc40ae5e6612cf,d5cc307bc3d63c6a89e4e050b59bedb73c4fdd64ffec553b010af5233416506a
900,2457.553056790327,137120617.26437098,pair_16_28_L24.npz,near_interior_pair,16,28,e3c22f9df2b455c5fd26842c71e7b4c0edd6e1001211465fbab92cd29bf9dd29,e8ba8be6f486186017d506fd3ced31d216cd31c60a7513498974cc1c7b73036e,d5cc307bc3d63c6a89e4e050b59bedb73c4fdd64ffec553b010af5233416506a
900,2457.553056790327,137120617.26437098,pair_16_29_L24.npz,far_interior_pair,16,29,9be888b75e28ca5411f074b659a04446e51734a8aed47e87fe16f742bd01b2d4,7887a1ba68402f3aaabed0fc5985e13915344eeff6db70a2ca866dc4dac0caa7,d5cc307bc3d63c6a89e4e050b59bedb73c4fdd64ffec553b010af5233416506a
900,2457.553056790327,137120617.26437098,pair_16_30_L24.npz,far_interior_pair,16,30,d9f47bb9456ec56bc8a7a483343a2790598bf1dd7a1bcb617ab3d0cc5c786718,91d85dc4cc9dc429fcb61afca4b7c9e0807cba43e8269e964fdd0df0c50b5093,d5cc307bc3d63c6a89e4e050b59bedb73c4fdd64ffec553b010af5233416506a
900,2457.553056790327,137120617.26437098,pair_16_31_L24.npz,far_interior_pair,16,31,8f966b50326ab57302f82443dec7b759cc8fc0e3082ca5ff17f0ff9bc434df01,bd99c225d3f94a2580a723320ff16c936551523603083cfa5714e53cccd327f8,d5cc307bc3d63c6a89e4e050b59bedb73c4fdd64ffec553b010af5233416506a
900,2457.553056790327,137120617.26437098,pair_16_32_L24.npz,far_interior_pair,16,32,6c11fd5ea389d36ecc7106d9ce93017beb9a2400e201c215c6a2f543c088c2fb,2d06cf8c0a0f9e3e19de8364197e5417e7e007b11d9d3e2964b226fa4c620e20,d5cc307bc3d63c6a89e4e050b59bedb73c4fdd64ffec553b010af5233416506a
900,2457.553056790327,137120617.26437098,pair_16_33_L24.npz,far_interior_pair,16,33,51480e4022018085efb176bc10c0963f1076950b1e47b99886249fe2e19c64bd,b5546ec8134c8b710336352be2336806ec3465afaf3ff66ceb1ce7fbc0225a2c,d5cc307bc3d63c6a89e4e050b59bedb73c4fdd64ffec553b010af5233416506a
900,2457.553056790327,137120617.26437098,pair_16_34_L24.npz,far_interior_pair,16,34,47f3c201b14948cee9871bf99068c6eac1d836818b67ab41f086ec049ad61f9f,ccba53d832bc4a483d7888f5b161ceb21a5c8c4671684af06aff2f635a51392e,d5cc307bc3d63c6a89e4e050b59bedb73c4fdd64ffec553b010af5233416506a
900,2457.553056790327,137120617.26437098,same_00_00_L24.npz,same,0,0,f44a60bf6de275cfae36246f6269a6b38f6827872250b5e40569385bce696159,3a39c77f94934c0c22c2befafad31bc5114d24f70548c4ef51bdd36b7d95e144,d5cc307bc3d63c6a89e4e050b59bedb73c4fdd64ffec553b010af5233416506a
900,2457.553056790327,137120617.26437098,same_01_01_L24.npz,same,1,1,2d5c242e2bd76921312d13824fe09a5bd5ac5fc4216817a93ea924711fe48aa7,9a02f21745ddcbfaa41f284442dd205c24d15ae5cd15d2a158bb3d94fd36e604,d5cc307bc3d63c6a89e4e050b59bedb73c4fdd64ffec553b010af5233416506a
900,2457.553056790327,137120617.26437098,same_02_02_L24.npz,same,2,2,8742337bf246674fe568cf138633025182cc298e217a6c165820af50124493c9,57f08dccb71f14adca9c56cff365d6f3e2f56a5d66b56c7b0bbd76f72f3a0969,d5cc307bc3d63c6a89e4e050b59bedb73c4fdd64ffec553b010af5233416506a
900,2457.553056790327,137120617.26437098,same_03_03_L24.npz,same,3,3,8adab00112815094679e390653e5cf94aca5a472e49b7df0671a641c5abaed95,ae87d51e1c4c2090eb95d68c619584441e21329cf847e41dcf70de926cfcf9c8,d5cc307bc3d63c6a89e4e050b59bedb73c4fdd64ffec553b010af5233416506a
900,2457.553056790327,137120617.26437098,same_04_04_L24.npz,same,4,4,413e9c0b15e91f6b5b81a64b0f22da2ffbb671b9a0db37158a7750ae200e5d69,1babf39efe3dc0726b47af0ab4b0644b06ffdaae7fa1fe62ee7c27afa84f53bf,d5cc307bc3d63c6a89e4e050b59bedb73c4fdd64ffec553b010af5233416506a
900,2457.553056790327,137120617.26437098,same_05_05_L24.npz,same,5,5,8096a81e15a261ab6aea88173c6ecbb0ce8f134ee98de628fb75a1f3bdb66ea2,ee82bfc5ae9ecdfb8ed01199ff5790c8c00886a7be9f17fef264a06457237dc9,d5cc307bc3d63c6a89e4e050b59bedb73c4fdd64ffec553b010af5233416506a
900,2457.553056790327,137120617.26437098,same_06_06_L24.npz,same,6,6,487f4513531069064352071b143b1fa01da19c478fa4f202d0c0e5c984b36a79,42930075681d0a88087f56c4df47c10e2e74d1611bf20ea6215b0dab42f6eca0,d5cc307bc3d63c6a89e4e050b59bedb73c4fdd64ffec553b010af5233416506a
900,2457.553056790327,137120617.26437098,same_07_07_L24.npz,same,7,7,4720f3c64497f7f65356833211443b2751b5b14ce46143954d6699ba18732030,9033945e998f961f98f46885cfa4ee3804dcbb9cacba18b4f0f0e589a9c8cded,d5cc307bc3d63c6a89e4e050b59bedb73c4fdd64ffec553b010af5233416506a
900,2457.553056790327,137120617.26437098,same_08_08_L24.npz,same,8,8,e1cc83558d5980b0fcec7a486051978ef133041a2725a3361cb501d69c99dc2c,c940ba6cc97e5e434f13a915d53a595deb124dd76bdde520ccb76467fd5b4299,d5cc307bc3d63c6a89e4e050b59bedb73c4fdd64ffec553b010af5233416506a
900,2457.553056790327,137120617.26437098,same_09_09_L24.npz,same,9,9,c212b38323760cec1acd3eda8f6a9be24bf9ba694275d7a6924a2446f07944ac,811b955ff3ef314c9a45cad3f99f68aaae738095935e2479114234017f82c29f,d5cc307bc3d63c6a89e4e050b59bedb73c4fdd64ffec553b010af5233416506a
900,2457.553056790327,137120617.26437098,same_10_10_L24.npz,same,10,10,2a57539b413478a8ae0f8d36ab21fdbc5cab2882d944d2fa16392b0b1023274f,569a6cfd2474466ed1fa0209c2dcf16c2dc0850907e1c904b958e52a6ae9a790,d5cc307bc3d63c6a89e4e050b59bedb73c4fdd64ffec553b010af5233416506a
900,2457.553056790327,137120617.26437098,same_11_11_L24.npz,same,11,11,fb455f0fc09176dea93dde73a090c4ca3e19282b6679ae4343c40a500d2ab6f3,0f82b0a284f94ab7299a98a92bba516932a5a6c6c3d2bf0dd0869e2d509398fd,d5cc307bc3d63c6a89e4e050b59bedb73c4fdd64ffec553b010af5233416506a
900,2457.553056790327,137120617.26437098,same_12_12_L24.npz,same,12,12,8b1d40e957552a30d857e64bffea724391913197c79d2eca583701499c2daf7e,df091be8e81ee445055961b14ed69dbfa111a6f18c6fe710fcc726da6b0b4c6e,d5cc307bc3d63c6a89e4e050b59bedb73c4fdd64ffec553b010af5233416506a
900,2457.553056790327,137120617.26437098,same_13_13_L24.npz,same,13,13,ff67fcfc24d74831b8d724056849955f7c06dd60f9b369263cd729134028093a,96896c47692cfaa849ce0e05dd6ebc17c1bed9e8c0f5c396ed9fd4a089cad549,d5cc307bc3d63c6a89e4e050b59bedb73c4fdd64ffec553b010af5233416506a
900,2457.553056790327,137120617.26437098,same_14_14_L24.npz,same,14,14,51f8c2558b49b48c300a52f06dfca3a884710e74b51e5541af998ccb37ad25a4,4b93f14e0ceb8a0bbf80025062e519943e91b6cdc325a05ad5d1607ae6f3d3b2,d5cc307bc3d63c6a89e4e050b59bedb73c4fdd64ffec553b010af5233416506a
900,2457.553056790327,137120617.26437098,same_15_15_L24.npz,same,15,15,259d608af47e8a6ed155a5c5c778b8a2f28d0a9eeb0b203ecf07cdb599de3fb6,b99e2988c25b59b75bc441e5198c2e5f53485a2ebb6ebfecdcc9d1bf9f90c99f,d5cc307bc3d63c6a89e4e050b59bedb73c4fdd64ffec553b010af5233416506a
900,2457.553056790327,137120617.26437098,same_16_16_L24.npz,same,16,16,e849c2e4ee7e2cba87bd339e0cc10cfec9868c1eb846f425f608b081d07d57b0,8a269e1b51a910bcf4dc98a99949a45abe7e8b80e9f0d2177f4649a669de255c,d5cc307bc3d63c6a89e4e050b59bedb73c4fdd64ffec553b010af5233416506a
1100,3003.496188829631,250186754.37302318,pair_00_01_L24.npz,interior_pair,0,1,d69c78f15e88e6a999cf296a591131ce73ff01c7e8b0cbf3f3b4ad0960889530,c23bfb1830bbb730c8e4901e779d7a2092e985c9ad8723623b67ca8c8c69702e,5b0febf98197471af431520ad2e56d19e1e0f017387c80120a55838a3d793e46
1100,3003.496188829631,250186754.37302318,pair_00_02_L24.npz,interior_pair,0,2,f492b97ed1b775e31bd358f606908a268495e4d4bbf194fd75a248b6ac63dbd3,03609f64322531a282d4db77a82b17e5553272745ad82ff5dbbd0b92d3c510f4,5b0febf98197471af431520ad2e56d19e1e0f017387c80120a55838a3d793e46
1100,3003.496188829631,250186754.37302318,pair_00_03_L24.npz,interior_pair,0,3,0ebad538629f99ae2b93914dcbaf63c928da1d937131b9b07bd02d2ca2c38078,c666d785954eef508b2fe6ffa3909bde5831468ab7bf4e4dd852d805a7cdaa3e,5b0febf98197471af431520ad2e56d19e1e0f017387c80120a55838a3d793e46
1100,3003.496188829631,250186754.37302318,pair_00_04_L24.npz,interior_pair,0,4,8bfd912cdc02713e9762aa5fafb2aba2c49db5dca00dbb88df279dc22c0568cf,44b3aa32fbba02c064988fee16f081d3bcc277698bc36eb908ab3448fcd3000a,5b0febf98197471af431520ad2e56d19e1e0f017387c80120a55838a3d793e46
1100,3003.496188829631,250186754.37302318,pair_00_05_L24.npz,interior_pair,0,5,48a37170ba79241193f708a542d8c48b7141ebd58bb1535de0e4c0b766713655,e97f577f0e34cdd177d6d2f69cd3db6dd5648ba577a3708e45f41a10102bc7fb,5b0febf98197471af431520ad2e56d19e1e0f017387c80120a55838a3d793e46
1100,3003.496188829631,250186754.37302318,pair_00_06_L24.npz,interior_pair,0,6,9f80b583f93f0a7ba654ac976b4bcd6b8730c473c22b4bed2e37809cac95d0ac,1c8ad22b3388e9b2f1b8a41bdeea4570ee8afb4e00df7d4d69dd7b2b54191f13,5b0febf98197471af431520ad2e56d19e1e0f017387c80120a55838a3d793e46
1100,3003.496188829631,250186754.37302318,pair_00_07_L24.npz,interior_pair,0,7,6d1efa5ca7a131763de322e961a59fe07b6a1fbce9dc39d54dd005a63164f24c,f9ce4bf37eda361af27f3676de5df1b34ab9f2ddf4e1736a6fd2ac53097f3452,5b0febf98197471af431520ad2e56d19e1e0f017387c80120a55838a3d793e46
1100,3003.496188829631,250186754.37302318,pair_00_08_L24.npz,interior_pair,0,8,e4464fd51c9109f0a3d93e930069555503797eb5fd2d7d35fc148fb32f0b6f5b,f1ee2d661bbc3ee9f6b1d34f6009e528d78f94f03f070be4d150d49ac38f32ff,5b0febf98197471af431520ad2e56d19e1e0f017387c80120a55838a3d793e46
1100,3003.496188829631,250186754.37302318,pair_00_09_L24.npz,interior_pair,0,9,9ae3b9d6535330d1aaedb252e530eedc9c5443c152da78e5fd164344b8fa085f,1ae3a4d5b70b19f1bb4c1f063cc63d8fc793d2eaca34e85d56aa593a7370304e,5b0febf98197471af431520ad2e56d19e1e0f017387c80120a55838a3d793e46
1100,3003.496188829631,250186754.37302318,pair_00_10_L24.npz,interior_pair,0,10,0d943f2bec214e43d71fd3d7d5f0bb40c1a5a3efb40cfe67232c034edc9a8616,fef0aa459b756fc35d546acd0736b0500bf4dcbb5cee534d5a5b256815dd80ef,5b0febf98197471af431520ad2e56d19e1e0f017387c80120a55838a3d793e46
1100,3003.496188829631,250186754.37302318,pair_00_11_L24.npz,interior_pair,0,11,348008d29238e79ea91f4510f2d5b6ce0c6eb8643654857d7760d227f3139e7d,c267bdeca1bb724fea091674cf2fea2eaa66a53ade24489c5ae3ba33ac9ffb3d,5b0febf98197471af431520ad2e56d19e1e0f017387c80120a55838a3d793e46
1100,3003.496188829631,250186754.37302318,pair_00_12_L24.npz,interior_pair,0,12,f5336a9d3392a002b5176d003ccb8bdf2bf34a256167d5a393c88dbc5d46b323,65cccb6510a12fb1a0f29cb848e5df32dcc3335580e6165a7b32bd94b99b4377,5b0febf98197471af431520ad2e56d19e1e0f017387c80120a55838a3d793e46
1100,3003.496188829631,250186754.37302318,pair_00_13_L24.npz,interior_pair,0,13,28e51cf44fba03e75e3fea36af78ca4b0ee6aa60d0ba7750609d1abc61a307fe,d4863458dfee09d186abe6a35b155877539c85448a6f4cb810d787f817690885,5b0febf98197471af431520ad2e56d19e1e0f017387c80120a55838a3d793e46
1100,3003.496188829631,250186754.37302318,pair_00_14_L24.npz,interior_pair,0,14,9b8518461190793b4c16ac3dbd448b59f538ece9303668c051070297f4934920,fad7e84b912f9966afee51193d905b17f2b0b0edad8ffd1b27af26e76746e072,5b0febf98197471af431520ad2e56d19e1e0f017387c80120a55838a3d793e46
1100,3003.496188829631,250186754.37302318,pair_00_15_L24.npz,interior_pair,0,15,b93137ed04cf63aaf19bd69882d1403c5063bd83de50abf2bd21df7b9440e744,f1945f4c64f74b630d9a06544bdf099fb2fbd73872a5cf4f07403de914498d7f,5b0febf98197471af431520ad2e56d19e1e0f017387c80120a55838a3d793e46
1100,3003.496188829631,250186754.37302318,pair_00_16_L24.npz,interior_pair,0,16,5e87db2792ea3e75c1c97bb5a21c1b153b8d153527d4e6280afed75564c53d09,06c84f392afdac10b0a4fc56aed08360608107781a227a65997697ed1e83c085,5b0febf98197471af431520ad2e56d19e1e0f017387c80120a55838a3d793e46
1100,3003.496188829631,250186754.37302318,pair_00_17_L24.npz,near_interior_pair,0,17,7330b008f1fa933643261d7cb8703116110e4afc1950eebcb2a6754658b41d11,cd344f6101c3930cd2411da9f5189893e517f38c796d108d9e2b548a2808ea05,5b0febf98197471af431520ad2e56d19e1e0f017387c80120a55838a3d793e46
1100,3003.496188829631,250186754.37302318,pair_00_18_L24.npz,near_interior_pair,0,18,2db6c2b238535a07bac043fe3b6f4937888ca450ee8bbaf7bf34458c41723bc4,42cc11021b74dc93c2204b3b68b923199c8b3066a60a2c12273a0370c15d0937,5b0febf98197471af431520ad2e56d19e1e0f017387c80120a55838a3d793e46
1100,3003.496188829631,250186754.37302318,pair_00_19_L24.npz,near_interior_pair,0,19,08a6ee6f14d4c07922fbb72f58b0515cdb4d3c2b84909047ddaf2f38e242346f,0209a2e9e517fa6116ab11358ec3d9c2cd857cb4bbe84af2abe717d7163eb9bb,5b0febf98197471af431520ad2e56d19e1e0f017387c80120a55838a3d793e46
1100,3003.496188829631,250186754.37302318,pair_00_20_L24.npz,near_interior_pair,0,20,9ef2721d320de2dc76b72268a18f8e4ce8f9e3dc7d2f6b5c17177d7bbc39f24a,5d7d4776de226659cd04b7547bb8b081e66526cda2dcee208d6590fb71be111c,5b0febf98197471af431520ad2e56d19e1e0f017387c80120a55838a3d793e46
1100,3003.496188829631,250186754.37302318,pair_00_21_L24.npz,near_interior_pair,0,21,e29fcdd999f00c38f6be8fb79edebcb83638467da763277836d2450c0810183a,0d08dc0efeff19c8792aefaf794b7202b64a5c0ab5618bf692645acddcd93ca8,5b0febf98197471af431520ad2e56d19e1e0f017387c80120a55838a3d793e46
1100,3003.496188829631,250186754.37302318,pair_00_22_L24.npz,near_interior_pair,0,22,f3d0d99e0e94f59319c813e86e191680986b05f853680c838652b7c2ebd3c87a,ba83b38ae3a053458f73d3f53145a9b2081c1270d7bcc37bffcfc88ba8c08827,5b0febf98197471af431520ad2e56d19e1e0f017387c80120a55838a3d793e46
1100,3003.496188829631,250186754.37302318,pair_00_23_L24.npz,near_interior_pair,0,23,a454669dd3d838a085312da81e6d8c93c5657d22cb70aa79ebda123ddc708e8e,07bd4fd846c6653b306404fa0f4e70e022d01703588b265f388a07fe5793b434,5b0febf98197471af431520ad2e56d19e1e0f017387c80120a55838a3d793e46
1100,3003.496188829631,250186754.37302318,pair_00_24_L24.npz,near_interior_pair,0,24,467e3abc442073bcb4f5142799daa46390c42dcacce4c17a6bd9af3ab3d89c5b,d95efc740b806e64366db9d87088e9636d7468b17b5cfb060df8b1735e4f1a82,5b0febf98197471af431520ad2e56d19e1e0f017387c80120a55838a3d793e46
1100,3003.496188829631,250186754.37302318,pair_00_25_L24.npz,near_interior_pair,0,25,d2a79a51e41f47efebd86946dbd3b836b7cf23cf2314edb362adee14d3601a6d,a0c70847e1d0a24ece5fc630b925bbffeacfe8138af9b87c47ab593251907ee9,5b0febf98197471af431520ad2e56d19e1e0f017387c80120a55838a3d793e46
1100,3003.496188829631,250186754.37302318,pair_00_26_L24.npz,near_interior_pair,0,26,277124222f0ee163ee0c68056ec8b6d9d2d8481a16cecbf6fe3eeb292af1d119,c8c2098e3d87b7dea0080b5f0fc4db2ea1cbbce93403504472a771887d9d6d74,5b0febf98197471af431520ad2e56d19e1e0f017387c80120a55838a3d793e46
1100,3003.496188829631,250186754.37302318,pair_00_27_L24.npz,near_interior_pair,0,27,85480d19b0b9da6900911f7eee67ed68ade7f02e60b509ec72c9a98520acd93b,3093f3594eacb5114cae361ba65fc77be40324084a08a7fa5e434d8d02e9d562,5b0febf98197471af431520ad2e56d19e1e0f017387c80120a55838a3d793e46
1100,3003.496188829631,250186754.37302318,pair_00_28_L24.npz,near_interior_pair,0,28,3903738acfef24064f55bad23eb29aa94bf118d6d4257df4a4676b2bae23dd65,56bfe7252326888394b371e9046dbaab343feb55a50645a4a111c410ba3d014d,5b0febf98197471af431520ad2e56d19e1e0f017387c80120a55838a3d793e46
1100,3003.496188829631,250186754.37302318,pair_00_29_L24.npz,far_interior_pair,0,29,ae3475f00489ace857ef7876d7174e594943927caee16c417b2b1bb82ff6d285,cf03aba43c5e70b51de06790d14dbe28c06700976b8231d26b8b176076918a4f,5b0febf98197471af431520ad2e56d19e1e0f017387c80120a55838a3d793e46
1100,3003.496188829631,250186754.37302318,pair_00_30_L24.npz,far_interior_pair,0,30,3db8d8370f1498985e329bc4f44bce943bbd5f8177f25bbba3a6cb30a573cb09,47a1d04ced7476dbc7a7fb70339739afdfbf10bbc2ab55dbe0a41a43b2a19705,5b0febf98197471af431520ad2e56d19e1e0f017387c80120a55838a3d793e46
1100,3003.496188829631,250186754.37302318,pair_00_31_L24.npz,far_interior_pair,0,31,985bd8909409a8e1c7f3a027e2819cca05068e8c0a7b47c7ed0494bc127d16b2,dbfb245e3490a81827fbae5ed55ba69c43c9aeeeff78162627d8b61f0953ee7b,5b0febf98197471af431520ad2e56d19e1e0f017387c80120a55838a3d793e46
1100,3003.496188829631,250186754.37302318,pair_00_32_L24.npz,far_interior_pair,0,32,120038f976d4310842461a6f69f90c4ce658e7d894b5f996596f56d83bccad9f,5dcddb5b3b700a77a203759493b655238562e008d46ff05fc68c0810efc6d4bf,5b0febf98197471af431520ad2e56d19e1e0f017387c80120a55838a3d793e46
1100,3003.496188829631,250186754.37302318,pair_00_33_L24.npz,far_interior_pair,0,33,1f664c57fd02f4e3842cd0c7b6a1ee4262212fb7c5d8746cc712650dfa2487b5,ffa3f58c77210f6fbbf7cbf5e0000272f716b9d191949a38b653692dc7e95772,5b0febf98197471af431520ad2e56d19e1e0f017387c80120a55838a3d793e46
1100,3003.496188829631,250186754.37302318,pair_00_34_L24.npz,far_interior_pair,0,34,d01120949fdb8b5371fac9716d8d1ef137cc2984a935cd9f167c1a54f35e7e8d,6a8cb04768d143c0c59a4e4e6002624f887dbdc23d65105df94b83440e9d1b9c,5b0febf98197471af431520ad2e56d19e1e0f017387c80120a55838a3d793e46
1100,3003.496188829631,250186754.37302318,pair_01_02_L24.npz,interior_pair,1,2,b05030485e4c73f33ae6ba72182f8b31b8e0e7f97da6d223e710f4004d70558d,2ae679d09fc8aa28344ba68132d9276d2ac9e3e99130012c965e5e4d531646f4,5b0febf98197471af431520ad2e56d19e1e0f017387c80120a55838a3d793e46
1100,3003.496188829631,250186754.37302318,pair_01_03_L24.npz,interior_pair,1,3,4308c32e29ea1cdf4ad7e0255212a68ab0491e9321a23faf48a361b49a3a7c5b,5e94513f73e63e3f373894076d3c7e7873352695a36beaaface829820bdb6802,5b0febf98197471af431520ad2e56d19e1e0f017387c80120a55838a3d793e46
1100,3003.496188829631,250186754.37302318,pair_01_04_L24.npz,interior_pair,1,4,a73247999c19cc2cd9ef3e1488df26ac8a7b9372e0f67111ce20458d849cf3db,6c69430dddd31732fc40cd9fcacdbac3f3dd1fce8eb1c20340fec452ae952030,5b0febf98197471af431520ad2e56d19e1e0f017387c80120a55838a3d793e46
1100,3003.496188829631,250186754.37302318,pair_01_05_L24.npz,interior_pair,1,5,de6e00d14a9ad0888a4f16fdbd71cea4f1dee9b19f878e709969e6ea77193134,3a3f4066a1a54a35f579160488dfac12e49fc6c58b28f6ea7012a160c39600b8,5b0febf98197471af431520ad2e56d19e1e0f017387c80120a55838a3d793e46
1100,3003.496188829631,250186754.37302318,pair_01_06_L24.npz,interior_pair,1,6,0726f74ffc9b5981e08a6094fd88ecd23241f736eb8f642b815419ed8535b02e,098653086be83126692ce341ff07991a766cc85772db8c9624b0abb35bc7b991,5b0febf98197471af431520ad2e56d19e1e0f017387c80120a55838a3d793e46
1100,3003.496188829631,250186754.37302318,pair_01_07_L24.npz,interior_pair,1,7,0f9d401b20bfad6e3be953a3c10c5d45b6f302ee7c210d4fb07c75dd08770227,63a104d1e455160de4fce1d30e95e199753322adbfe1bb1f6bdc4973cd267a42,5b0febf98197471af431520ad2e56d19e1e0f017387c80120a55838a3d793e46
1100,3003.496188829631,250186754.37302318,pair_01_08_L24.npz,interior_pair,1,8,68f5562975d0b089037583333a9da34da00b78c4d65c3d566a92db3b4d4eaa3d,7fbf61f624f4abcec8b029e281b8d72432615413549fbcbc7f9bf24372395b1d,5b0febf98197471af431520ad2e56d19e1e0f017387c80120a55838a3d793e46
1100,3003.496188829631,250186754.37302318,pair_01_09_L24.npz,interior_pair,1,9,fbd4b00125f1666d760f3854932ee6c7b56bde2f5a6bb1d0cf3cd0ca6ed1e9fd,78659d0d985d6fad05eddff4bb5f7d152e82ee64b8932b9d85b9f8428847e902,5b0febf98197471af431520ad2e56d19e1e0f017387c80120a55838a3d793e46
1100,3003.496188829631,250186754.37302318,pair_01_10_L24.npz,interior_pair,1,10,22456ac2899b7e355c081c9358583fe7d819ae8be08deab19c0e7f01fbd3bde3,e45d30f3bc3e5b9dbf6aae101bfbebec00aa7d0a0b309c8f2b3c1fa0164c3d4a,5b0febf98197471af431520ad2e56d19e1e0f017387c80120a55838a3d793e46
1100,3003.496188829631,250186754.37302318,pair_01_11_L24.npz,interior_pair,1,11,79e988bcc5bb8dfdaa51341a9aafca24bf9bd45618d917891df791a0517fd84b,3719c7eab8f0e180775f16821317202d3193d2674d2a37e5b076d56cbb017542,5b0febf98197471af431520ad2e56d19e1e0f017387c80120a55838a3d793e46
1100,3003.496188829631,250186754.37302318,pair_01_12_L24.npz,interior_pair,1,12,dfb041e5ebcb0b0d6e8f625764b93274b3038ccc1c5a694086b6eae7bef9f046,48a27c279cb9b887ae8f6932f0f68049b1c6089eaf356f85bc6d2dd0a3566018,5b0febf98197471af431520ad2e56d19e1e0f017387c80120a55838a3d793e46
1100,3003.496188829631,250186754.37302318,pair_01_13_L24.npz,interior_pair,1,13,9efd5101027a281cf622cc02fcd1fed2bec387e791c2b5e6b8d042cbe143e3b5,ed14dc6748c2ed4fa6583a69616f7c4262d56f94dc3ae0c08d0be3863e37db62,5b0febf98197471af431520ad2e56d19e1e0f017387c80120a55838a3d793e46
1100,3003.496188829631,250186754.37302318,pair_01_14_L24.npz,interior_pair,1,14,5744938755419c063e2eabfad2bef7065cf0e42e7c20e8dca77374ba7925fd10,ca513f2617b1b4129391204bafe6551e19a3598663ad63b0ac8217d6486b6090,5b0febf98197471af431520ad2e56d19e1e0f017387c80120a55838a3d793e46
1100,3003.496188829631,250186754.37302318,pair_01_15_L24.npz,interior_pair,1,15,dfff20523bef63fd633901bb3749fa2b4cbe5ad7ed67022bd11854a6aa8d3160,4b54e3270714fbe74270838027c591a3d00dadd959d8c73e6b29897a74f2e14b,5b0febf98197471af431520ad2e56d19e1e0f017387c80120a55838a3d793e46
1100,3003.496188829631,250186754.37302318,pair_01_16_L24.npz,interior_pair,1,16,c199f7d83eeb1dfcf8dc762ec966e6904ea5fa9076125e09a247a05ec8d6f8c9,5f500d495f9507b24426da86cfc4901f1ae38cdbce5d54c1b76ff2c4870debb8,5b0febf98197471af431520ad2e56d19e1e0f017387c80120a55838a3d793e46
1100,3003.496188829631,250186754.37302318,pair_01_17_L24.npz,near_interior_pair,1,17,8e93e687269f2f10b2a304ce8607e7a3e31961e40167685d0d3d4dfe26f1402a,44cda56b284fb162820a4810bfffcee4a4691aea0fa5d996b96b791a6a3f8714,5b0febf98197471af431520ad2e56d19e1e0f017387c80120a55838a3d793e46
1100,3003.496188829631,250186754.37302318,pair_01_18_L24.npz,near_interior_pair,1,18,c8ef0b85ddcaea5d60ec01ad58a9f4913323578218664117191e17ed3d82886f,de4ecc435216ec745a08643443395b19b6c9349acc3e62a811e0335bb90ba173,5b0febf98197471af431520ad2e56d19e1e0f017387c80120a55838a3d793e46
1100,3003.496188829631,250186754.37302318,pair_01_19_L24.npz,near_interior_pair,1,19,786167416cdcf2f39cbb19a62b6a623e7d2bad979db2892a633a2676006de039,37a5054d80b512ae7b48eb5731a16dcafb01a76a08a1a42c5bd8bd37c5480de1,5b0febf98197471af431520ad2e56d19e1e0f017387c80120a55838a3d793e46
1100,3003.496188829631,250186754.37302318,pair_01_20_L24.npz,near_interior_pair,1,20,1867fd2759bcac436c36a68461a43dc29e54cdaa5a3281903f1f2f8fdbecb4cd,74974a9c355aa77534c72019723f671833647f13516f0853447ba25567c127fd,5b0febf98197471af431520ad2e56d19e1e0f017387c80120a55838a3d793e46
1100,3003.496188829631,250186754.37302318,pair_01_21_L24.npz,near_interior_pair,1,21,6cb004b586351d036384067ee2c2de5a9a1f5d7d1c7978be4fbc3f5de7296ec8,90309c5b39dde443964dc1c6f9aa2ba3524f3506d559919891c11be1967a15d2,5b0febf98197471af431520ad2e56d19e1e0f017387c80120a55838a3d793e46
1100,3003.496188829631,250186754.37302318,pair_01_22_L24.npz,near_interior_pair,1,22,e296f45faf4b8fa3b6bd4b721eadb521a052f20ffc73715558652af05c751dc8,317b288e8682894340afbadf14d121306c1285f7f497da53e5e8abcfb5471fab,5b0febf98197471af431520ad2e56d19e1e0f017387c80120a55838a3d793e46
1100,3003.496188829631,250186754.37302318,pair_01_23_L24.npz,near_interior_pair,1,23,78c6bf877bda695f6c9f11dc1d64b2542e6b0f72827dd205a46068fc8ae9851d,b60d4962120fa936c6ed9e5fe0d4ccdda161e42b4fa96f040bd64d4df6568487,5b0febf98197471af431520ad2e56d19e1e0f017387c80120a55838a3d793e46
1100,3003.496188829631,250186754.37302318,pair_01_24_L24.npz,near_interior_pair,1,24,470f20ed488e9d3f668e87267690a257bb4d77cbb081d06f3299bc33bfdbef9e,7e71766bbf0c4cfe85d2e6b31942561f29e3453b117b795c1843f534272087c5,5b0febf98197471af431520ad2e56d19e1e0f017387c80120a55838a3d793e46
1100,3003.496188829631,250186754.37302318,pair_01_25_L24.npz,near_interior_pair,1,25,a8783894a2ebb1e7be7ea0928f3daac1da606b6c4f873a4a2b001ce0305e2a87,ac9b43884bf0e0f19a1a5f4ffca3ab2ce5665fe2d2a1612625cd43ee4e7353f8,5b0febf98197471af431520ad2e56d19e1e0f017387c80120a55838a3d793e46
1100,3003.496188829631,250186754.37302318,pair_01_26_L24.npz,near_interior_pair,1,26,3790a3151888f33d60a06550433949d931eb8301c0d592ff8e1d3a872ad52106,f99e8b9d2e984bfa57f6ccf01c1925c4b0a0ef9495fc12613002bed3c271db38,5b0febf98197471af431520ad2e56d19e1e0f017387c80120a55838a3d793e46
1100,3003.496188829631,250186754.37302318,pair_01_27_L24.npz,near_interior_pair,1,27,fbf472f71df7612718b3b5de3e748007022c7b7932cada9cd322a0f6061d881a,942f7ab0c1e87b801024152aea032659c3ead340bac46a94798cefbe1c5c174d,5b0febf98197471af431520ad2e56d19e1e0f017387c80120a55838a3d793e46
1100,3003.496188829631,250186754.37302318,pair_01_28_L24.npz,near_interior_pair,1,28,56af3d0ffd26d1f468a27ea5876d7041cd5e592af1372ef42d9e07b32b444e64,5ad4e088830b48b28582a787e00c3dcb84dd468a441dccd499af8d4da81f5805,5b0febf98197471af431520ad2e56d19e1e0f017387c80120a55838a3d793e46
1100,3003.496188829631,250186754.37302318,pair_01_29_L24.npz,far_interior_pair,1,29,c8287dc93539876c717de3f5728f5eda4953a82c28e7bde67a23ee4741a8af34,8acdce23e3c048d8462b2d0e3cb53e96132bb685e6c2ae2d4e4c3a495747457c,5b0febf98197471af431520ad2e56d19e1e0f017387c80120a55838a3d793e46
1100,3003.496188829631,250186754.37302318,pair_01_30_L24.npz,far_interior_pair,1,30,b5948214450376eba3b51f147c02709d7d0cd584af90f8617540b1f11ab2bf30,1dd76b29c2fe3e89fefbbe518417fc60f804e9320ec8737bd3f90651584d506f,5b0febf98197471af431520ad2e56d19e1e0f017387c80120a55838a3d793e46
1100,3003.496188829631,250186754.37302318,pair_01_31_L24.npz,far_interior_pair,1,31,04cac1139e94b2915795a3bd1b01e96df69e82a903ef395b9972935926fe74ab,82eda0c6b61a9d4e5537b29136a27a54935bddfbb1602e903c2d16e3078b67cd,5b0febf98197471af431520ad2e56d19e1e0f017387c80120a55838a3d793e46
1100,3003.496188829631,250186754.37302318,pair_01_32_L24.npz,far_interior_pair,1,32,98ac638e2ec6e13216523da031592cfbfc06bdc71e8eb5e48820d8ccca21e89e,c57dd3c6855829b7e1461a33a1e26adfad6244cf12a14d5753fbd0b9679c8202,5b0febf98197471af431520ad2e56d19e1e0f017387c80120a55838a3d793e46
1100,3003.496188829631,250186754.37302318,pair_01_33_L24.npz,far_interior_pair,1,33,4973bb4985582c74f7a36e6ebf5d88b70a19322241a2e42289a9db886043243e,f4679fea0b3247987dd4ee698c476d265b93ec5178fe9af16a9775f0cd20bc28,5b0febf98197471af431520ad2e56d19e1e0f017387c80120a55838a3d793e46
1100,3003.496188829631,250186754.37302318,pair_01_34_L24.npz,far_interior_pair,1,34,fa7dca6b02bdad6e29c72b1bf46bab5ceb6bd565e5ed1acd769952091cecefed,2c5783e59558a673697f7c47d0dfce12a1c31ca2824f3b02b04e3e7fb37d93a0,5b0febf98197471af431520ad2e56d19e1e0f017387c80120a55838a3d793e46
1100,3003.496188829631,250186754.37302318,pair_02_03_L24.npz,interior_pair,2,3,ffc0b9ed9ae9780288cb320a945792275cad549697f9bc46c4fe4caa73b41f0b,16b150992be343371c0dff024641b4d50e5e252fdbfac9179a1ea73fe19bb36c,5b0febf98197471af431520ad2e56d19e1e0f017387c80120a55838a3d793e46
1100,3003.496188829631,250186754.37302318,pair_02_04_L24.npz,interior_pair,2,4,a8f72ae773f1b11400a7069d4e896ef614e875c686275cdc219d5778fdff1e11,48cbdae84a68bcb22295ef5b78ad8bbcd35043e88a7edc138a3887eeb72246ac,5b0febf98197471af431520ad2e56d19e1e0f017387c80120a55838a3d793e46
1100,3003.496188829631,250186754.37302318,pair_02_05_L24.npz,interior_pair,2,5,5141eb20137f3a397d4861bacad48bb9e68b5d3edc8a79986953ea8286e5867d,cc11cc54fe95bad4a1425a8b3d55f64ed6ee810279f48ee827628d9c3eb193ad,5b0febf98197471af431520ad2e56d19e1e0f017387c80120a55838a3d793e46
1100,3003.496188829631,250186754.37302318,pair_02_06_L24.npz,interior_pair,2,6,5f0697afbcf7377f9e8ef7c9235c92a8bc16ea8045a3200031d6f98837de783d,0472c2dc50c917a1c3083b2db3e6bab142e0992f5e264cda69f8b043e8e1b854,5b0febf98197471af431520ad2e56d19e1e0f017387c80120a55838a3d793e46
1100,3003.496188829631,250186754.37302318,pair_02_07_L24.npz,interior_pair,2,7,73897545db252f2f265e27ec6fa6793d6e1e8be617f43192a91e72b229d13097,4420b96ab0a7f28245f603f65073ee6b082962a1466ce1cacbd9b5c9fe9e192b,5b0febf98197471af431520ad2e56d19e1e0f017387c80120a55838a3d793e46
1100,3003.496188829631,250186754.37302318,pair_02_08_L24.npz,interior_pair,2,8,f5c00bf09116c99940b8d4bbdbdf1dbafd01e63b37d307b231f87f5f3d98d1c2,cf2e9dbfc3720de8d2a4a7e54b8382e50476b8e26525ec3e96b1d029ef5c9cd0,5b0febf98197471af431520ad2e56d19e1e0f017387c80120a55838a3d793e46
1100,3003.496188829631,250186754.37302318,pair_02_09_L24.npz,interior_pair,2,9,ff3dffa582cd537dfe380e90ff2b1425358a28cf8551619dcf22e6b7f4cca370,db97b9ef0ea797a1859e4cb54a1586840614f638819d1140e698ade89f42b5d3,5b0febf98197471af431520ad2e56d19e1e0f017387c80120a55838a3d793e46
1100,3003.496188829631,250186754.37302318,pair_02_10_L24.npz,interior_pair,2,10,a02e95ec769c582e887da828d10aa8c16c8b15825a43b6ce267f5b284aceeff9,77980291aa9c8a1dded8dd13e92d30c20250f657932c41bbb2e542700c584f1c,5b0febf98197471af431520ad2e56d19e1e0f017387c80120a55838a3d793e46
1100,3003.496188829631,250186754.37302318,pair_02_11_L24.npz,interior_pair,2,11,a3765232df5d12422acb9e9f837454426dde6d37bfd9a42a7c9e2583d6093abc,9268d3eec49474b7c4cffff0ab9ffcb81de05a581bdb3bf6ad563d95d41705b6,5b0febf98197471af431520ad2e56d19e1e0f017387c80120a55838a3d793e46
1100,3003.496188829631,250186754.37302318,pair_02_12_L24.npz,interior_pair,2,12,a3d796fcf129be4aa8f415118f43cbfd620be2320b766e9ce4d24d4a730c814a,abd1499f262868d32d2b47942f9c06d029c7da84f384ada0dca9d1c6e56f5224,5b0febf98197471af431520ad2e56d19e1e0f017387c80120a55838a3d793e46
1100,3003.496188829631,250186754.37302318,pair_02_13_L24.npz,interior_pair,2,13,d8f79b1b601742fa6bd0285c93843e43e5cb626dd32bdd88319cf8ac0d7d9425,d1299d716115663e59b6ab1bb61fbe9af7b46077255eab169dfc420b465016a1,5b0febf98197471af431520ad2e56d19e1e0f017387c80120a55838a3d793e46
1100,3003.496188829631,250186754.37302318,pair_02_14_L24.npz,interior_pair,2,14,1bf328da2cd032540b20069081c2714ef8d1f80afc5b98e565f90deae41909c1,bb810a41e61bca451bc5a0d4e0db08ed0f15327b89ada8f4c0cf5956aaf2d11a,5b0febf98197471af431520ad2e56d19e1e0f017387c80120a55838a3d793e46
1100,3003.496188829631,250186754.37302318,pair_02_15_L24.npz,interior_pair,2,15,28ecc65e105ace3a62fcda109b07dbad2463e48730330d36e5fc93aef7d17caf,1962838c3ba57af0c0d59508b30cd8be82fa89c071eade9d68d46896325ca0d5,5b0febf98197471af431520ad2e56d19e1e0f017387c80120a55838a3d793e46
1100,3003.496188829631,250186754.37302318,pair_02_16_L24.npz,interior_pair,2,16,0da365c9e3d242dee17fe7361ba254ce53707932745a9e6123293297c9cad9f4,51a4becf96800e43f278bae418a5a719f652206917035e38f3f151817cd33372,5b0febf98197471af431520ad2e56d19e1e0f017387c80120a55838a3d793e46
1100,3003.496188829631,250186754.37302318,pair_02_17_L24.npz,near_interior_pair,2,17,6271e650ca7e2cf9251668422591976f9ac890eab8670569338c8654acf99abb,8d3bc112f13cd9bfe3651f1806096d91cbfc876a5482877cf9e15d61fe8c8755,5b0febf98197471af431520ad2e56d19e1e0f017387c80120a55838a3d793e46
1100,3003.496188829631,250186754.37302318,pair_02_18_L24.npz,near_interior_pair,2,18,6185765b7406329bb2f7d5725b9f3e042efeae4e2b5754bf9c9b7622abe99ffc,0aceb9f0271b89b0d41ea9e16586fc3155461c44f72672f4de5bc02a571d2e8d,5b0febf98197471af431520ad2e56d19e1e0f017387c80120a55838a3d793e46
1100,3003.496188829631,250186754.37302318,pair_02_19_L24.npz,near_interior_pair,2,19,7a339db8dfaa2d33c893ec9cd269b21e08d475616651944e15c22b0f147bfc6f,67506a0479758517bdf7ae231c02a3a7e7ee909d91e6d1d2bd87427a192bd2da,5b0febf98197471af431520ad2e56d19e1e0f017387c80120a55838a3d793e46
1100,3003.496188829631,250186754.37302318,pair_02_20_L24.npz,near_interior_pair,2,20,8f24c1ca318c5c11e6d562dc0494f301c51e059bf78f1b6aee439a5f4e63855a,e023499e0598e6b18f8d76da57a9ec8e2b02317ddca9a7e463753b8e8d2fa64f,5b0febf98197471af431520ad2e56d19e1e0f017387c80120a55838a3d793e46
1100,3003.496188829631,250186754.37302318,pair_02_21_L24.npz,near_interior_pair,2,21,4d0ed718a8431f12168b8a11544770a11997c2e4b82a6923f7b9a18904d88b0a,520df5474989f72e7ab00ce81bce738b5d3eea288d79dc33a8665d3949a637db,5b0febf98197471af431520ad2e56d19e1e0f017387c80120a55838a3d793e46
1100,3003.496188829631,250186754.37302318,pair_02_22_L24.npz,near_interior_pair,2,22,93a636b728f5b4994476270edcbae011d51449c57cd4fb391d470840ee638583,dad7f313c42ecdb42cee981ae5e841744663da10a33a917de7b55eea94f11f1a,5b0febf98197471af431520ad2e56d19e1e0f017387c80120a55838a3d793e46
1100,3003.496188829631,250186754.37302318,pair_02_23_L24.npz,near_interior_pair,2,23,8d81a3c3ee2a8045b695d7187d7ed5561f0afa46b9b01cd2f42321cc3437db1e,b4464d671acea7b43d09a9ca726fc27435dcc2298fa0301fa9919a69511eabe5,5b0febf98197471af431520ad2e56d19e1e0f017387c80120a55838a3d793e46
1100,3003.496188829631,250186754.37302318,pair_02_24_L24.npz,near_interior_pair,2,24,0aaa304d769b7eaccd23e22d00ed444ffe9d8373eea6a8afbf414c6918e290fe,eb0a1d5f25702e7ab1d8158f816d3fa4a34bb49b8ba55a644d704bb267c2787e,5b0febf98197471af431520ad2e56d19e1e0f017387c80120a55838a3d793e46
1100,3003.496188829631,250186754.37302318,pair_02_25_L24.npz,near_interior_pair,2,25,05493c5322975a9f031826b125ad468b68edbe2fd0685cdee318131e3a160fa2,0f22b30ce15abc40cc612cabaf1b22352eb00c6f71abefbc5534b10a66b8d644,5b0febf98197471af431520ad2e56d19e1e0f017387c80120a55838a3d793e46
1100,3003.496188829631,250186754.37302318,pair_02_26_L24.npz,near_interior_pair,2,26,15e06dd83385499bfca7a37c189c23681704ee2efad8f719aa84e4ae0683d913,a29f8958b30b05d775b5462813ee4ca66a65a8c08890751a00422e153c8e9638,5b0febf98197471af431520ad2e56d19e1e0f017387c80120a55838a3d793e46
1100,3003.496188829631,250186754.37302318,pair_02_27_L24.npz,near_interior_pair,2,27,47dc7863077883c5cbaa628c026c41771c0f2fc3a4021375662d7e9b0f6994ca,39457f10f4439f51829d33eb99ccc3761940c09545b56c00101fdef846a5f737,5b0febf98197471af431520ad2e56d19e1e0f017387c80120a55838a3d793e46
1100,3003.496188829631,250186754.37302318,pair_02_28_L24.npz,near_interior_pair,2,28,5fb68aaf05515a1e17e474f93629edc8c54b131121b14579f69d934b2852be81,51f97d1b51e79d567dcf60ed9424a8be7ee21e1e157d0f85d0a86f70c2142ec2,5b0febf98197471af431520ad2e56d19e1e0f017387c80120a55838a3d793e46
1100,3003.496188829631,250186754.37302318,pair_02_29_L24.npz,far_interior_pair,2,29,0e5f36b26b80480f13e3fe6c1085d2bb3f3f72fee34c0c612e38994a82263314,756a39b3759991ee4fb2dc5c64f2cf86fcb09ef2b28f994da5aeb81634ee75a3,5b0febf98197471af431520ad2e56d19e1e0f017387c80120a55838a3d793e46
1100,3003.496188829631,250186754.37302318,pair_02_30_L24.npz,far_interior_pair,2,30,208d90e0ad89eb6d8edbff926c7313be937253c781449b575549087ab227fca8,5cf0e72cff9e9309babfb7c09b66b18ac2400af0429546c1236767104abc6d8b,5b0febf98197471af431520ad2e56d19e1e0f017387c80120a55838a3d793e46
1100,3003.496188829631,250186754.37302318,pair_02_31_L24.npz,far_interior_pair,2,31,255ecb12936a53e1f5308b4d22af177a62ac9e168918ae31693044306ed2b1ea,8dacec7c9a09e65f91e2409ee1bf76d533a2811f511310e17b7ff00fc7c81e1f,5b0febf98197471af431520ad2e56d19e1e0f017387c80120a55838a3d793e46
1100,3003.496188829631,250186754.37302318,pair_02_32_L24.npz,far_interior_pair,2,32,55549796239800e7f1438d5978f80da792fce9419108ab8c5a6fcc4d2b5014bf,d580e9666ca4be384faeedb003dfb0459d8686a269400694be19e03334cbb912,5b0febf98197471af431520ad2e56d19e1e0f017387c80120a55838a3d793e46
1100,3003.496188829631,250186754.37302318,pair_02_33_L24.npz,far_interior_pair,2,33,e0665d5417a04a98d978cac59a74ab7104384f09ab277135f9723bfe9c219304,9607d93b7035328c6852d4c84fc677808fd12cc06190f1ae1fa964100c0884c6,5b0febf98197471af431520ad2e56d19e1e0f017387c80120a55838a3d793e46
1100,3003.496188829631,250186754.37302318,pair_02_34_L24.npz,far_interior_pair,2,34,21a3aa37f5e656eca308d7893c8e2fbfe6a9c9a3f50dcf7eed86050ac85c5517,f53f913425d28e75773608d395ebb55dcd16b8d54b5cca18d41cf126bcbebfda,5b0febf98197471af431520ad2e56d19e1e0f017387c80120a55838a3d793e46
1100,3003.496188829631,250186754.37302318,pair_03_04_L24.npz,interior_pair,3,4,7036ed6632baa30410ccd02733eaa3fbcaf9e0f579cd95e2c300957a8dd0d1a1,bd09c9d80d9ec3484bed9c7118eb004f448f315cc39c70f74ec60d0552afa7c0,5b0febf98197471af431520ad2e56d19e1e0f017387c80120a55838a3d793e46
1100,3003.496188829631,250186754.37302318,pair_03_05_L24.npz,interior_pair,3,5,c92cc4fd3ba47707b9a44b7d14b3ab5bf29c2bcd5bb287e1a9aed9d70ed5b1e2,abd626adb450b6d94caf110d78b61b1dbbf4c47ae17e9e8fddeb330f0903e6b6,5b0febf98197471af431520ad2e56d19e1e0f017387c80120a55838a3d793e46
1100,3003.496188829631,250186754.37302318,pair_03_06_L24.npz,interior_pair,3,6,04d1a0681eff6b8bfa038c9a5b80b1f7eee7b110ddd39524ddc2e08623a03b03,9ab9902c567df6596c90e2b2a949ab12843b213459e0f3bc42f1629d34ed8ee0,5b0febf98197471af431520ad2e56d19e1e0f017387c80120a55838a3d793e46
1100,3003.496188829631,250186754.37302318,pair_03_07_L24.npz,interior_pair,3,7,4c30a3a62c2801a500a62322ad2cabcb17507bdc7c6e1588bb740a2e3767e62f,2ed6e2bd274eb93bd5af58b5b83b725bd03e43e74788f5d6851748b6266a96d6,5b0febf98197471af431520ad2e56d19e1e0f017387c80120a55838a3d793e46
1100,3003.496188829631,250186754.37302318,pair_03_08_L24.npz,interior_pair,3,8,0d278e5c1c093c1d391b0a7952c3153d5ca24548426396fe208446dd0ca2378b,24e375881722345320f80b369788fd58b2788b1da8417ec4fe0dab29c5be9408,5b0febf98197471af431520ad2e56d19e1e0f017387c80120a55838a3d793e46
1100,3003.496188829631,250186754.37302318,pair_03_09_L24.npz,interior_pair,3,9,a6e347da2f1471c05c4d39cc7c09a2f5f7de98f63a7138928e40d320f573f8d0,d0747f953926ea4585204fb85e58139fe30971d80ab47cf1c1e796ab62ef77a2,5b0febf98197471af431520ad2e56d19e1e0f017387c80120a55838a3d793e46
1100,3003.496188829631,250186754.37302318,pair_03_10_L24.npz,interior_pair,3,10,187ea59b8433951f8ea91a157b9fcefc9ae6d4a05acbad128de6137a9882cc55,6f42fc5515d6f029399304024078b9d3c04b1dd6c14fdb1a1b14cfab5709f217,5b0febf98197471af431520ad2e56d19e1e0f017387c80120a55838a3d793e46
1100,3003.496188829631,250186754.37302318,pair_03_11_L24.npz,interior_pair,3,11,31d2065c74cb14bd1556453d134a16872e118560f9c8fb374106903b917a797f,6c8f941e93eb4a342557c17b602f1fe974c38781d7446594aaf8abed9e8b58f3,5b0febf98197471af431520ad2e56d19e1e0f017387c80120a55838a3d793e46
1100,3003.496188829631,250186754.37302318,pair_03_12_L24.npz,interior_pair,3,12,5e61b739118d2748c4dc8bd872e92dfcc8b55eafdd19cc6bab24e7d94248b0b0,e9aad2e6fb2b0c5f45074c162b7316afb0bbb475c0a79545456f037f30be532c,5b0febf98197471af431520ad2e56d19e1e0f017387c80120a55838a3d793e46
1100,3003.496188829631,250186754.37302318,pair_03_13_L24.npz,interior_pair,3,13,c1f1f4bec4bc930e0090884bb044f9f83f8de7a3f3a09ffdf73c5f6444ab6e90,e557d9a95516c3d4d4821f45a1784fd37de76d41cdd9d8cb77bae3f883757625,5b0febf98197471af431520ad2e56d19e1e0f017387c80120a55838a3d793e46
1100,3003.496188829631,250186754.37302318,pair_03_14_L24.npz,interior_pair,3,14,2360dedd27a17902c61ecb01564dfcc7a74c190c53109eb5e57ae305d27c9c79,2ed4bffaf6bfb164371668241a965b980263b0c828b3efbc9bc685889836fc1c,5b0febf98197471af431520ad2e56d19e1e0f017387c80120a55838a3d793e46
1100,3003.496188829631,250186754.37302318,pair_03_15_L24.npz,interior_pair,3,15,d398b4ee732a23a323ccb1c8db4cd9e35d1212e7aae9f48c00ca53351df70ec0,83f5e192f4bbc5ce65b0b46b67a71682ad546bffa9fb67ef6fd0822754e2eaa5,5b0febf98197471af431520ad2e56d19e1e0f017387c80120a55838a3d793e46
1100,3003.496188829631,250186754.37302318,pair_03_16_L24.npz,interior_pair,3,16,6ab72a0baf64dfa6c59df39ba728d0e8ffe4d1d25dccab05bada5f8383c50f75,573ba4a79f73cbb710801a5ede1ffa37ae176cd284033b41c861e91fea0db0f2,5b0febf98197471af431520ad2e56d19e1e0f017387c80120a55838a3d793e46
1100,3003.496188829631,250186754.37302318,pair_03_17_L24.npz,near_interior_pair,3,17,c4daec6341c373eb4933a5c57f1a83e277861904c032a9eda44ea809227e7b83,a5927c3de97810ec612748d7d560a794f7416ae6d501af5a9b454c46c9cb72e7,5b0febf98197471af431520ad2e56d19e1e0f017387c80120a55838a3d793e46
1100,3003.496188829631,250186754.37302318,pair_03_18_L24.npz,near_interior_pair,3,18,907e172b2917e0bdc46bc43834cefb0eb1e93c9df60a5122adac4081e264aa96,9bb2ff4c2b5051c3a6d96428bb9670c349dd6dba24e28ae409f8e57ec82bf5d8,5b0febf98197471af431520ad2e56d19e1e0f017387c80120a55838a3d793e46
1100,3003.496188829631,250186754.37302318,pair_03_19_L24.npz,near_interior_pair,3,19,b1b7d85ead3d0f76b8a3c47411136a6964dd808a4e654eb04e34b3c86698597c,5023f9e7d1407009f8543d9dd42153ba245bdd3cfcf3b1b40953de638a55f7d0,5b0febf98197471af431520ad2e56d19e1e0f017387c80120a55838a3d793e46
1100,3003.496188829631,250186754.37302318,pair_03_20_L24.npz,near_interior_pair,3,20,66e0f19eb233883f47aa95f35a77e0a9e8aae2a1f797085a4182ed9f0c86ce26,0c150ae1dd995a70eadff70ebb3b61f59b91e8897d67a1c6894829b3ef88959a,5b0febf98197471af431520ad2e56d19e1e0f017387c80120a55838a3d793e46
1100,3003.496188829631,250186754.37302318,pair_03_21_L24.npz,near_interior_pair,3,21,6d9236e3a7d541538d6fcb1f2b47cdda06b7e02c0530183a9196b5a3a01669e8,f5153476df22232d33b47d02cd67582363c3ea12c3c8d4ee6fbb735d28250ff3,5b0febf98197471af431520ad2e56d19e1e0f017387c80120a55838a3d793e46
1100,3003.496188829631,250186754.37302318,pair_03_22_L24.npz,near_interior_pair,3,22,ab66d464bc275aacb77d0b20524384e39db46eaea966272542e59af1105011ef,14f22f739a24726884594d96b7ae34176b3f241eb78fc4e71a6a198a032bff70,5b0febf98197471af431520ad2e56d19e1e0f017387c80120a55838a3d793e46
1100,3003.496188829631,250186754.37302318,pair_03_23_L24.npz,near_interior_pair,3,23,9359e5392ec2d23b6ff399c04147a5dc8c6be5f68f3e6f8144100df2ad4ecb6b,fd9b23075031b8011d04452f81ddec3d92681b02e14732fe92c6ee0f1f414a01,5b0febf98197471af431520ad2e56d19e1e0f017387c80120a55838a3d793e46
1100,3003.496188829631,250186754.37302318,pair_03_24_L24.npz,near_interior_pair,3,24,8bd52f8a564030cf30201a31c02ac424e0dce584311a6f5156490aed463b4c58,9a91e8a7e92997bcdb7b3e8f75e66714cc93d4c2d342e8e9ada8abc2c492c149,5b0febf98197471af431520ad2e56d19e1e0f017387c80120a55838a3d793e46
1100,3003.496188829631,250186754.37302318,pair_03_25_L24.npz,near_interior_pair,3,25,2d6fd5e8ee2d209e2ead7c73689c22d78005f8b24595d3e6e89a65ef8f4c094a,2e67964b48ae87018ff51c73c557bd9833743275aa85800ea184dda32b7c8ca6,5b0febf98197471af431520ad2e56d19e1e0f017387c80120a55838a3d793e46
1100,3003.496188829631,250186754.37302318,pair_03_26_L24.npz,near_interior_pair,3,26,b852702a1af62522f214eae97ae501062bcf40663af8a388c29ccdfa6ced44ed,dd82ebc3756639a0f529bf5ec491d231c8eaf1306019c6e4fcedee2f3b97fd76,5b0febf98197471af431520ad2e56d19e1e0f017387c80120a55838a3d793e46
1100,3003.496188829631,250186754.37302318,pair_03_27_L24.npz,near_interior_pair,3,27,b9d0ff5291b1c9c6e07d7c77efd0564cad5d56aaded4dadb2e25bf92d2ad8ec9,b51223436d9d559ba73b3075f6c529dfdfde69b0a2bca9d5afcce743ad5c3077,5b0febf98197471af431520ad2e56d19e1e0f017387c80120a55838a3d793e46
1100,3003.496188829631,250186754.37302318,pair_03_28_L24.npz,near_interior_pair,3,28,085ec0885bedef891bc95239b16ede25a536bc1c167c2f060e464ab91aa5532c,6d53f1fab4de30d3954159255713ab708c0b6d0830d205849495371e475b0f0f,5b0febf98197471af431520ad2e56d19e1e0f017387c80120a55838a3d793e46
1100,3003.496188829631,250186754.37302318,pair_03_29_L24.npz,far_interior_pair,3,29,52899fd54b562d71e3d48811ac58f8b28473ded86306cfff286c0632ee84e8a9,887a453165b8e7427cacacf37ccc4c1ece07dcf831cd6d92a10024ce8d7b0347,5b0febf98197471af431520ad2e56d19e1e0f017387c80120a55838a3d793e46
1100,3003.496188829631,250186754.37302318,pair_03_30_L24.npz,far_interior_pair,3,30,d9cc2758b8f7365023ea7aaac74eb89abfcd945d72c5558474f56ebedd4e3f76,35ab1c41ef56b4016444d7b6cd5e7c4410dd07e822fee2bf282ac6b2717a2edc,5b0febf98197471af431520ad2e56d19e1e0f017387c80120a55838a3d793e46
1100,3003.496188829631,250186754.37302318,pair_03_31_L24.npz,far_interior_pair,3,31,46d9ae6fea78205122dd1ff8046d353d5ff1cdb13c3e60dd7720e665331e0d48,ed98d2b8243f573d448f1d6e5c48297149b25d045a143fe19659e1571b74fd82,5b0febf98197471af431520ad2e56d19e1e0f017387c80120a55838a3d793e46
1100,3003.496188829631,250186754.37302318,pair_03_32_L24.npz,far_interior_pair,3,32,18141ce35e472146adcaffe00e82c418b7678cc920b1150284dea96788e746d1,9d63407c167fb521ba0592f703aa7107dc44b9bd8f5654c58e029e7e5092b65d,5b0febf98197471af431520ad2e56d19e1e0f017387c80120a55838a3d793e46
1100,3003.496188829631,250186754.37302318,pair_03_33_L24.npz,far_interior_pair,3,33,98b1927a1782f6bea8791db22570002f120375d7f7b732bb293ef1d9a1599148,3fed7e9aced072088743cf248bdd88dc665b436733d29ffdffe92e299e0f1471,5b0febf98197471af431520ad2e56d19e1e0f017387c80120a55838a3d793e46
1100,3003.496188829631,250186754.37302318,pair_03_34_L24.npz,far_interior_pair,3,34,8b74e45865ed305421e32d9cbdcbb817e694de67309ee3a8838341ff738398bc,254272e465f735c1e4d6d4c90eb249547070a2b1bceb5704c74cf0c1f6d2d85a,5b0febf98197471af431520ad2e56d19e1e0f017387c80120a55838a3d793e46
1100,3003.496188829631,250186754.37302318,pair_04_05_L24.npz,interior_pair,4,5,014dd48dc0cd51b3c455509742b5f4cb1cab45b8c94b4d83ce4f9b1a1d1299a8,42b432cef01fb9ba75bf23b14cbc741b9527aa1491c839770398ac76befc70e0,5b0febf98197471af431520ad2e56d19e1e0f017387c80120a55838a3d793e46
1100,3003.496188829631,250186754.37302318,pair_04_06_L24.npz,interior_pair,4,6,b5a4675a56f167e2df7cd34f405607b603d35ba3016213ba1b9c0b19a31693de,4725771b340190149c60c4afcb8e06b6a8cd2824d151315ade3744f2767f1d51,5b0febf98197471af431520ad2e56d19e1e0f017387c80120a55838a3d793e46
1100,3003.496188829631,250186754.37302318,pair_04_07_L24.npz,interior_pair,4,7,ef5ba5f579f7b61c02c9dd90b693b2f7befbff824e9c9af607b7433bcaec9151,c06d8cf304a23ba56b2023338107848eed791d588e95af8ff0d11bd4b762c738,5b0febf98197471af431520ad2e56d19e1e0f017387c80120a55838a3d793e46
1100,3003.496188829631,250186754.37302318,pair_04_08_L24.npz,interior_pair,4,8,57486439383dc803cc6daca0723dbb2bf1ddea7bfd14fa71e379218f79fc9036,7302b30f08049b50c91db91218bf260a529d88f26947a5066bd4f9270a040452,5b0febf98197471af431520ad2e56d19e1e0f017387c80120a55838a3d793e46
1100,3003.496188829631,250186754.37302318,pair_04_09_L24.npz,interior_pair,4,9,b525255e3c703c6fd8121e3d83a170228199ec0359469f7eb57c4aa16624188d,6768637928c216eb225490424a2bcab82dbd232cbd4ccc22b38b86cc3025b8c3,5b0febf98197471af431520ad2e56d19e1e0f017387c80120a55838a3d793e46
1100,3003.496188829631,250186754.37302318,pair_04_10_L24.npz,interior_pair,4,10,734e4fbd1328f20dfc535e9ffedb12a7446a45ecdbb8ee7a8bf80667c8fed3ec,9883e2a872022e2d932ca8f03976748e970bee3a8565dff6de8fd467a9904db4,5b0febf98197471af431520ad2e56d19e1e0f017387c80120a55838a3d793e46
1100,3003.496188829631,250186754.37302318,pair_04_11_L24.npz,interior_pair,4,11,6339e314886c3576c2e6efde5a52e8f4ddf86eaa499870f562aaf9c4f5d76297,ec3d8d299d0aaf5c10fad6cf16f28c7d9b06ce442331279a28e1944866039465,5b0febf98197471af431520ad2e56d19e1e0f017387c80120a55838a3d793e46
1100,3003.496188829631,250186754.37302318,pair_04_12_L24.npz,interior_pair,4,12,992563baba18109a809fbb3f2de72e56f344734fd950321db055282990274039,2af71b148a8093530dfffefddde8dbd2f8ed731673e84ec796eaac755e83641d,5b0febf98197471af431520ad2e56d19e1e0f017387c80120a55838a3d793e46
1100,3003.496188829631,250186754.37302318,pair_04_13_L24.npz,interior_pair,4,13,cf2f94e54167b1e18f336db5056fa10e968966c43c2e573c6a9a1c5b6f0f4762,36a6f5c8b2e3440b635c24f7c94e51507698bfcf09cc21dd8da15466257e4f82,5b0febf98197471af431520ad2e56d19e1e0f017387c80120a55838a3d793e46
1100,3003.496188829631,250186754.37302318,pair_04_14_L24.npz,interior_pair,4,14,3c5d44c81c99d51fc93b43f4a038abfd8492cdf7ca74e6698ebdfb183e9079d5,b154525aee2bec5c8a16c9f99a656829cc8d789bacbc52adf6e96e17fc03a547,5b0febf98197471af431520ad2e56d19e1e0f017387c80120a55838a3d793e46
1100,3003.496188829631,250186754.37302318,pair_04_15_L24.npz,interior_pair,4,15,ebabd6a7e06474f420a2aa4f9b521168074d322deb85f79bbb8e99c61b5c322e,cadcc9de37d1641cccb2eaa18e35970e9a2e219b5b65a1d24819688127d68af4,5b0febf98197471af431520ad2e56d19e1e0f017387c80120a55838a3d793e46
1100,3003.496188829631,250186754.37302318,pair_04_16_L24.npz,interior_pair,4,16,99830afb7cce488b45f8145eeea020b6ccea29e550332bab8889616acdb4dbc3,a8173dac3ee5740fb0c147f4e719c1ae80c7b0e307bd2dfcdb2721325d462ea4,5b0febf98197471af431520ad2e56d19e1e0f017387c80120a55838a3d793e46
1100,3003.496188829631,250186754.37302318,pair_04_17_L24.npz,near_interior_pair,4,17,fb52b8d76c72f69cff230fb4bbe71ff558edad4d7a3ab14be8080a6dfeecf0b9,397789c526c15831312f5692c436c1560a47f8f9f60817e0a1c3b6ac72c838e4,5b0febf98197471af431520ad2e56d19e1e0f017387c80120a55838a3d793e46
1100,3003.496188829631,250186754.37302318,pair_04_18_L24.npz,near_interior_pair,4,18,fa466bb4a4a72150c73051cff16f2a59db39ddf3a0515b928a03be6863db4e0b,8bafa1279992abb2fb9b7f0ca0c463fb935a99aabab91c17eba1b68ddf35e7fb,5b0febf98197471af431520ad2e56d19e1e0f017387c80120a55838a3d793e46
1100,3003.496188829631,250186754.37302318,pair_04_19_L24.npz,near_interior_pair,4,19,22d5b8d5e5404bde024c8625cf14f55895a18912c675c704b5beca5052180bd0,af3c6e810104f2632c1e3bbdaea5c460fdb6d49b57cdd9d9f6658478fe4bcca1,5b0febf98197471af431520ad2e56d19e1e0f017387c80120a55838a3d793e46
1100,3003.496188829631,250186754.37302318,pair_04_20_L24.npz,near_interior_pair,4,20,63bc6ee3747f5ec0eb14aa92f4750d1d4d919862b80589f59fe046c2f47ead0f,5bc2ed1a87b7a01c20c6e12ed375f11d5ed4e037378d9bf2134cf41071a39b11,5b0febf98197471af431520ad2e56d19e1e0f017387c80120a55838a3d793e46
1100,3003.496188829631,250186754.37302318,pair_04_21_L24.npz,near_interior_pair,4,21,fb03cd68dfb15f87e01b63cf90489b2c5d30db2851b26cc3efb0c93018144fd7,211171b7ea76044c7b4c02678c17b623a99967922c656873303a747f9d5d48f8,5b0febf98197471af431520ad2e56d19e1e0f017387c80120a55838a3d793e46
1100,3003.496188829631,250186754.37302318,pair_04_22_L24.npz,near_interior_pair,4,22,a9bb3ab8ac458f6706a21e816236d5e166be29c2551bc73b2a9a71a36af806db,7687ffbac7facf3761747a602d7a23d7c88421b3778df4ad2872f858fc36b943,5b0febf98197471af431520ad2e56d19e1e0f017387c80120a55838a3d793e46
1100,3003.496188829631,250186754.37302318,pair_04_23_L24.npz,near_interior_pair,4,23,0826b819df56a6f543ea82cbd1b5c326ef136f513382a35f976cc7d093ddbe8f,671acce56d7189670e460c485c0c7071b085762bafc81ca02c7b6970b9108498,5b0febf98197471af431520ad2e56d19e1e0f017387c80120a55838a3d793e46
1100,3003.496188829631,250186754.37302318,pair_04_24_L24.npz,near_interior_pair,4,24,74984d2f6a6d35200838e01cb4d6b17fc5a1bb2c67db7ba3f56ceefbab031746,6f6bf0b779d7b1154d6b9ff8862115d1f4faeb2098115812e5b7bccf5103a18e,5b0febf98197471af431520ad2e56d19e1e0f017387c80120a55838a3d793e46
1100,3003.496188829631,250186754.37302318,pair_04_25_L24.npz,near_interior_pair,4,25,b435d6d033ee47167c8f336fb5e262a94407150a293b365bbd0bdd7a90b84688,b6a4e2281d574356a2536eb776723c2312778729086d5810b66d8e5f03767775,5b0febf98197471af431520ad2e56d19e1e0f017387c80120a55838a3d793e46
1100,3003.496188829631,250186754.37302318,pair_04_26_L24.npz,near_interior_pair,4,26,4f9e8e38670ddc687e269370476016edce5d960c63a527f39510bc1e1079bf26,8c0a044279766154c57d601e83bfe848bee81ad55af1bd02c7b8eba0bd4096b3,5b0febf98197471af431520ad2e56d19e1e0f017387c80120a55838a3d793e46
1100,3003.496188829631,250186754.37302318,pair_04_27_L24.npz,near_interior_pair,4,27,4ff431b43741f0cf9e87dcf6dd5ae87b9625bf2ee5b7d213987c6b332210b4cd,aac9d1a4fde19e75f2e092a5557f0101f0ebb8c5775670680a3adf75afa56ba1,5b0febf98197471af431520ad2e56d19e1e0f017387c80120a55838a3d793e46
1100,3003.496188829631,250186754.37302318,pair_04_28_L24.npz,near_interior_pair,4,28,25ce5cb42254faa31d36f3e568a727da34435dc6881693c9fb91eec0ad24deed,a0a22127feb772f3242406fd81a59a34eb3cd12608ff4d43752fc00875a753be,5b0febf98197471af431520ad2e56d19e1e0f017387c80120a55838a3d793e46
1100,3003.496188829631,250186754.37302318,pair_04_29_L24.npz,far_interior_pair,4,29,af1ee167a660f4eed80cbf6a663148edaafe61c1713b43e1a7faa587e0a95fd2,260f1753c0518e65b37564e76caf853283c524a70f5b5ac3d46bf3eb096c4e85,5b0febf98197471af431520ad2e56d19e1e0f017387c80120a55838a3d793e46
1100,3003.496188829631,250186754.37302318,pair_04_30_L24.npz,far_interior_pair,4,30,00774efb257425ab72e463d7efb7007d70c54667544bee989547d710814b15d9,c053c2cee54f11b0e4521f3395a2d327d3c023dab135d164d44d7f0012b2d6ab,5b0febf98197471af431520ad2e56d19e1e0f017387c80120a55838a3d793e46
1100,3003.496188829631,250186754.37302318,pair_04_31_L24.npz,far_interior_pair,4,31,eb5d2164b401678fbd20dd86d0882f0bd15ce0d51f687495b3b4f7472c575e52,5f0aa03ff77fa84f0231d303b25cafdf2a3a6ba6b0cfbf99d1c1e49e7ad22fab,5b0febf98197471af431520ad2e56d19e1e0f017387c80120a55838a3d793e46
1100,3003.496188829631,250186754.37302318,pair_04_32_L24.npz,far_interior_pair,4,32,ffa0c89685995cfb789b487f38b5c84e6e5f988c08904955075494592c3d83a3,47e12c2844dcb0327cc66554c6aeea636da92072c953fe49263fab64ccf32a24,5b0febf98197471af431520ad2e56d19e1e0f017387c80120a55838a3d793e46
1100,3003.496188829631,250186754.37302318,pair_04_33_L24.npz,far_interior_pair,4,33,b83b4aeb3baf0eda7e5ba110793b8706b5541ea00a32f5ffb1c891b4b638e1e3,763fb5f2464ae864dc971beb1bb4408411187e67295df529551cade3004a0760,5b0febf98197471af431520ad2e56d19e1e0f017387c80120a55838a3d793e46
1100,3003.496188829631,250186754.37302318,pair_04_34_L24.npz,far_interior_pair,4,34,a80883c8a6165aad3d6e7510b881b121b58880b9449f816bb161f05ca92e9f38,0c43f9f800eb66ddf58da037f9d9231b2cf042f2cdcd637adf293c80dc5960db,5b0febf98197471af431520ad2e56d19e1e0f017387c80120a55838a3d793e46
1100,3003.496188829631,250186754.37302318,pair_05_06_L24.npz,interior_pair,5,6,cc06c4b0cc9b82badde3a8204b289826d7ebd509c48b90df568664b464612cae,5639994f2665b63ce081d9987b299724ce127ac0248efe76d0e201def373b67d,5b0febf98197471af431520ad2e56d19e1e0f017387c80120a55838a3d793e46
1100,3003.496188829631,250186754.37302318,pair_05_07_L24.npz,interior_pair,5,7,7ef4dcfdd0eb3538a9b45299e0b0074c40ce175d7668c974498f5c24d6f7cbc1,1086e39af45b4023c40cb2479f022ac11ebbe9cfacf86caaf79a347d9b807570,5b0febf98197471af431520ad2e56d19e1e0f017387c80120a55838a3d793e46
1100,3003.496188829631,250186754.37302318,pair_05_08_L24.npz,interior_pair,5,8,b5a28d83c38502cf9e1786f3393e188edd64f9112aca566474d3b445e6c078a3,12e21b434b5fd712e38cc79e63bfc5be4174b49b6e0e70740e6828b5527bc536,5b0febf98197471af431520ad2e56d19e1e0f017387c80120a55838a3d793e46
1100,3003.496188829631,250186754.37302318,pair_05_09_L24.npz,interior_pair,5,9,5f1faf7ebe3c48b56957196fb6ff80f13161fb8458bef6b8fe8dd98c51dc6326,ab6fe7be974419c293776ad55e7f28ab2f7693c3a81569aba1bb74567a75ed0c,5b0febf98197471af431520ad2e56d19e1e0f017387c80120a55838a3d793e46
1100,3003.496188829631,250186754.37302318,pair_05_10_L24.npz,interior_pair,5,10,10de906c70a0bf49f0e8123ae63d63a977d7cd908b8131b221c5b298ba25b62e,48e0f5d597cc761cff3cde39614d14ae651ce9dee6e22fe5c61c7723ff3c7929,5b0febf98197471af431520ad2e56d19e1e0f017387c80120a55838a3d793e46
1100,3003.496188829631,250186754.37302318,pair_05_11_L24.npz,interior_pair,5,11,23f8ae1f7efc0427e2f59245fb67bd05be9dfa3900cf8a048087ad858beba411,bdb8ce20b44f93055e78c82b2f79c251702795e5f2744c9b84c4a389b8876daf,5b0febf98197471af431520ad2e56d19e1e0f017387c80120a55838a3d793e46
1100,3003.496188829631,250186754.37302318,pair_05_12_L24.npz,interior_pair,5,12,bce370d09ed3c0a43a805ceadb5fd0febb0357dc2f693a980f7b5f6459ee7819,817840762d6faf519d49db3f6bc01af90d3480571da9456cbfb8bd6d591fefb3,5b0febf98197471af431520ad2e56d19e1e0f017387c80120a55838a3d793e46
1100,3003.496188829631,250186754.37302318,pair_05_13_L24.npz,interior_pair,5,13,ca5fc11db1d52e9e4b695140170912889cf8243e51f404280529fcb128b73546,b3ac3e590f5470600e1b504e017f87f9d2158e4e30020a0ce19c96e6e20d8fea,5b0febf98197471af431520ad2e56d19e1e0f017387c80120a55838a3d793e46
1100,3003.496188829631,250186754.37302318,pair_05_14_L24.npz,interior_pair,5,14,e67b1a237d5454c816512395f45efb26b1254c763ec15e3c44ac2fda3fff7cf8,dec66553852380add4dff810d67cdb2470d12bb17f08311e7bda23a6eefb8ff5,5b0febf98197471af431520ad2e56d19e1e0f017387c80120a55838a3d793e46
1100,3003.496188829631,250186754.37302318,pair_05_15_L24.npz,interior_pair,5,15,4277bb31dff83f9701fed2e41b4972f26c8a1df362ac433285518504f07bef24,686b9012e988dff5a308fcb8e95f05d1b32e2ad220fe785534816142d9073d08,5b0febf98197471af431520ad2e56d19e1e0f017387c80120a55838a3d793e46
1100,3003.496188829631,250186754.37302318,pair_05_16_L24.npz,interior_pair,5,16,5598a537a73b45883392869bf9a4fdb7618bf69d73aa3ed916b145e3f108824c,a8987ec118a7f65b5fbaf5a13605e4668d3f44237ebe7f7e9549c2823da0d7cf,5b0febf98197471af431520ad2e56d19e1e0f017387c80120a55838a3d793e46
1100,3003.496188829631,250186754.37302318,pair_05_17_L24.npz,near_interior_pair,5,17,068dc5bd91762071c8af3095baf0f92fde05bcbd76bea60e7ca4c3d95e405295,d8498388ec53ffbf558c5223176e8295d1447ed654c8df2a9e7660459936be20,5b0febf98197471af431520ad2e56d19e1e0f017387c80120a55838a3d793e46
1100,3003.496188829631,250186754.37302318,pair_05_18_L24.npz,near_interior_pair,5,18,743454b090305f6a0a264051f8e2549120591aa11f50f4bfc13108e7441b323d,217cc4e6ead36d1987af462ec0f34ae147f928e4553deb2ded3c4a715dd6b900,5b0febf98197471af431520ad2e56d19e1e0f017387c80120a55838a3d793e46
1100,3003.496188829631,250186754.37302318,pair_05_19_L24.npz,near_interior_pair,5,19,facc0ed0e329e9200240a078bbdf4f513720830df2be063b513750822db91287,1defd3b6d9378a62aeb4eec99b87ef1391309c13eab411fa94115c98f2f13e4e,5b0febf98197471af431520ad2e56d19e1e0f017387c80120a55838a3d793e46
1100,3003.496188829631,250186754.37302318,pair_05_20_L24.npz,near_interior_pair,5,20,fcabc1b9e51a393c4df972dc30475a0f6b9b0abe1317716aa7c7bab4d480e228,7f6312c3ef7d54f235beabf58fae5dd98936d0affe65b8f395de4946856f97a9,5b0febf98197471af431520ad2e56d19e1e0f017387c80120a55838a3d793e46
1100,3003.496188829631,250186754.37302318,pair_05_21_L24.npz,near_interior_pair,5,21,315b326b9e843a22adb66f009c6722f6c50d7572b163ddad5101281901c3ae75,43be437d2bc6f0be8ca4039b129e1ae4bd36d23a107ac7e50200c10d89aac31c,5b0febf98197471af431520ad2e56d19e1e0f017387c80120a55838a3d793e46
1100,3003.496188829631,250186754.37302318,pair_05_22_L24.npz,near_interior_pair,5,22,01190c0d03cb9c19349a1746af7bc27957fc200cde30c3705813b5c1bb8001ef,f9646884db15690ac757f654bdaf00e7f84938c7e769d0f4642bee8760524023,5b0febf98197471af431520ad2e56d19e1e0f017387c80120a55838a3d793e46
1100,3003.496188829631,250186754.37302318,pair_05_23_L24.npz,near_interior_pair,5,23,9b7d39c39d5402a54aeebda5e0ca6e0d2d38c9c1ffe2fb03521ae6aa805f3c4e,de1b124480a0eebd2f6c4e4933daaa8ee996734db26d30cdeff5b5522e2a1725,5b0febf98197471af431520ad2e56d19e1e0f017387c80120a55838a3d793e46
1100,3003.496188829631,250186754.37302318,pair_05_24_L24.npz,near_interior_pair,5,24,48724e1bc51416f692f72a6c3b99f70eaaef3372f63fda20216f6144ca3cb4e9,3490f91eb2b1d90896fd528bd8cea269ddb7f7b0817d817eea4796b8696923a2,5b0febf98197471af431520ad2e56d19e1e0f017387c80120a55838a3d793e46
1100,3003.496188829631,250186754.37302318,pair_05_25_L24.npz,near_interior_pair,5,25,d0b4f9824f4cf805291c290cdfd91cc4fed5ee51b6d866e2ca255e6bfbeaf383,3ba8541ebf190270a98d61e500d234074f7bda9f9380799e8372bb79b7773a6b,5b0febf98197471af431520ad2e56d19e1e0f017387c80120a55838a3d793e46
1100,3003.496188829631,250186754.37302318,pair_05_26_L24.npz,near_interior_pair,5,26,4fd2cab584fe1c573a6f8785a17eb871986daf0846b4ba19b961ad339512868d,93b1b0dfe06eab18404f59075978f0ec9852ac7bcd971470c9366a90fad219c2,5b0febf98197471af431520ad2e56d19e1e0f017387c80120a55838a3d793e46
1100,3003.496188829631,250186754.37302318,pair_05_27_L24.npz,near_interior_pair,5,27,d2890fca2d9ab00f74e5cfbda7db9ecf966e285d69f6c22ad94c7264acb0d879,0ab6c7339133f5572d111e0fe10fb5deb56bb08b3f6b8ece0dc63be2fa7450d7,5b0febf98197471af431520ad2e56d19e1e0f017387c80120a55838a3d793e46
1100,3003.496188829631,250186754.37302318,pair_05_28_L24.npz,near_interior_pair,5,28,aa9157a0ea7f1f7a6cbc3d8cc1fb0ee506f6ce307eff4abd5c6ea58ccf6d8c8f,0820910c2a5caf8ad7f3b6658eff269b3bff888df2a49c1eb5fce7a6013e5994,5b0febf98197471af431520ad2e56d19e1e0f017387c80120a55838a3d793e46
1100,3003.496188829631,250186754.37302318,pair_05_29_L24.npz,far_interior_pair,5,29,0400825ca63f4b628192d0263844f60eb77f72e590a597c2b9427750b5cab328,998c67ec94352e08212f1d6e2f6aa8cfbfe00fbd889e6ef295c306d9b82e3031,5b0febf98197471af431520ad2e56d19e1e0f017387c80120a55838a3d793e46
1100,3003.496188829631,250186754.37302318,pair_05_30_L24.npz,far_interior_pair,5,30,4f6bc43f99a5c899d129e5ac0b03f71c47526993629cad930c64aa4f94e57ebd,10f5f769f259d9fb18267cca5848da2076888ce00bbe954c964ec70a394a4171,5b0febf98197471af431520ad2e56d19e1e0f017387c80120a55838a3d793e46
1100,3003.496188829631,250186754.37302318,pair_05_31_L24.npz,far_interior_pair,5,31,17bcb975304becdf78b6ebca0a4dc3276a989ba5d35d76da3d689e1eabf0c8b5,a25d6845a76d190cdf4ae768a0eafd077ab7297255692563405881d12a77e151,5b0febf98197471af431520ad2e56d19e1e0f017387c80120a55838a3d793e46
1100,3003.496188829631,250186754.37302318,pair_05_32_L24.npz,far_interior_pair,5,32,cc380286685501102a05d3be2f423312ec24edac6c9fd8bb299c00f06603d605,2c1f5356870627f55099121c54544a0e94604bf5250944d6b1efa70d896e917b,5b0febf98197471af431520ad2e56d19e1e0f017387c80120a55838a3d793e46
1100,3003.496188829631,250186754.37302318,pair_05_33_L24.npz,far_interior_pair,5,33,6d03378d6570997ce2ee799c07ca01faa37cd499854e45943ded1ed49bbf9a37,5334e3abc0c9f1b31789e09bbfc0079edfcf7caa1a7f8fd0b74bcfe8c1f2e125,5b0febf98197471af431520ad2e56d19e1e0f017387c80120a55838a3d793e46
1100,3003.496188829631,250186754.37302318,pair_05_34_L24.npz,far_interior_pair,5,34,33a498b876dccf82cfc16be18c9f9cf8d7060369ffbc791098d4509e62d335c1,9931a6b2352fa348584f826f88a6ad3dbe9f6b6f26d6214df966465866c73708,5b0febf98197471af431520ad2e56d19e1e0f017387c80120a55838a3d793e46
1100,3003.496188829631,250186754.37302318,pair_06_07_L24.npz,interior_pair,6,7,71825fb2ab6d343458367a80233fd9390e4c797b720c06d83044e2d5a0acffd1,d39a19fcbd5a3ef6d440a64b04bd22dd4dfeef4d84f4f44bad55c0cbbc118415,5b0febf98197471af431520ad2e56d19e1e0f017387c80120a55838a3d793e46
1100,3003.496188829631,250186754.37302318,pair_06_08_L24.npz,interior_pair,6,8,bd97ba642590415952776eb2fe5822b110c9cb73ad23a50d9eca08632504a402,22c34b03e31de71daed7377cee53d36c9e76aff28f75f0bde577b9ed6dcf3fef,5b0febf98197471af431520ad2e56d19e1e0f017387c80120a55838a3d793e46
1100,3003.496188829631,250186754.37302318,pair_06_09_L24.npz,interior_pair,6,9,508328213935392db5f676d6501d7fdd707f62a80a14ec77a5d6587cc5e8c06b,cd96e6f3ad2d64d0352bca57bdb063690852161d72be36510756585c30185659,5b0febf98197471af431520ad2e56d19e1e0f017387c80120a55838a3d793e46
1100,3003.496188829631,250186754.37302318,pair_06_10_L24.npz,interior_pair,6,10,1a9fe11641926f6a3a6265c172361a1951a446943548694af3e1e258289225c2,32d9348429cb2d258daf22973e8a25067237dafa53f8703bc73eb5dba96090e6,5b0febf98197471af431520ad2e56d19e1e0f017387c80120a55838a3d793e46
1100,3003.496188829631,250186754.37302318,pair_06_11_L24.npz,interior_pair,6,11,1e1380f3b4db592905b82a5e7a569bef6980e2c687f906be1f078256d75a3a91,805425ca9844baa2c052e6792dd667d548c4cd5ee7f43d284f24c0fba8beafaa,5b0febf98197471af431520ad2e56d19e1e0f017387c80120a55838a3d793e46
1100,3003.496188829631,250186754.37302318,pair_06_12_L24.npz,interior_pair,6,12,4733ac8bac645549d823892e5528f768ffddc2a1e922b0d37f640c07dce6131d,9267198e5ae80b263c6231252bdc788ec739f946e2894f1bbd2113a55015be7f,5b0febf98197471af431520ad2e56d19e1e0f017387c80120a55838a3d793e46
1100,3003.496188829631,250186754.37302318,pair_06_13_L24.npz,interior_pair,6,13,a027b961692eb0767089e92d8ebe943210b4fd1dd10279ad989b67b7545ea64a,857059dfdf291d1665ccb2ed6bd6dca85b7fcd28c17da69e0d420d77ef5697b4,5b0febf98197471af431520ad2e56d19e1e0f017387c80120a55838a3d793e46
1100,3003.496188829631,250186754.37302318,pair_06_14_L24.npz,interior_pair,6,14,db8a74773deaa66852b70f7ecc3190636ba9de263952db6fee0427a2782a8685,f15d5d87d238f8e758914ad862bbb59ac458558b29c1bcac0b40fe69e11814ef,5b0febf98197471af431520ad2e56d19e1e0f017387c80120a55838a3d793e46
1100,3003.496188829631,250186754.37302318,pair_06_15_L24.npz,interior_pair,6,15,b8fe6acc1ab773fc04f9a195079658de1841e9d1988bcf82c037aed9e4bc1e17,d757b0228e97dde99215b1c708e2ee9ebce733593ccae5ea4f205011e795888b,5b0febf98197471af431520ad2e56d19e1e0f017387c80120a55838a3d793e46
1100,3003.496188829631,250186754.37302318,pair_06_16_L24.npz,interior_pair,6,16,b06d66b0e5542b60ab513e58adea6b2636664bf389eeda3334e52eaa8db4e800,ef0717a47aac3f9e71059fffdae0fc24d8b65c15b6ee5d8db10b057a06586c34,5b0febf98197471af431520ad2e56d19e1e0f017387c80120a55838a3d793e46
1100,3003.496188829631,250186754.37302318,pair_06_17_L24.npz,near_interior_pair,6,17,282ac976644f7eb0f1f8b89e1423ab6e7193e2fe522ba3c469f55b10627735d2,d1742b44173e02d3a4ec9c61dfba5b7b9b5534550868c76cc3c6a4515227caf0,5b0febf98197471af431520ad2e56d19e1e0f017387c80120a55838a3d793e46
1100,3003.496188829631,250186754.37302318,pair_06_18_L24.npz,near_interior_pair,6,18,0771f1e13acd97b48092bcc47f62b625c5e2e7a62dcee43ff1bbb7f1811acd64,b63b8650d991b407818715db0e083f72b6863a96b8696cec6ea47e23c081ef5e,5b0febf98197471af431520ad2e56d19e1e0f017387c80120a55838a3d793e46
1100,3003.496188829631,250186754.37302318,pair_06_19_L24.npz,near_interior_pair,6,19,a8b559f39385ce087716d865b39624d6091a749da5117cbf1d73ca46cd0244f6,75afe9d87e18539b775712323e6780b19560f175b5934782ff7ac7bc9e5ef875,5b0febf98197471af431520ad2e56d19e1e0f017387c80120a55838a3d793e46
1100,3003.496188829631,250186754.37302318,pair_06_20_L24.npz,near_interior_pair,6,20,1f8af7a4663f1a0768efdb58cd2954bc404147f88e53cb9614f17f312a82c6e5,80dce39296febae05aa6251f8f42f14665b07e26b197dc67b862882a024a1fa8,5b0febf98197471af431520ad2e56d19e1e0f017387c80120a55838a3d793e46
1100,3003.496188829631,250186754.37302318,pair_06_21_L24.npz,near_interior_pair,6,21,b07746b031e941040295324b04dd727cc308ebed5eee847b6ea8d2bfe02bc619,09fa19892e1dbdeac5ca36aa43b032fae57b3db3e2253547b8f6a4d3d85b5d09,5b0febf98197471af431520ad2e56d19e1e0f017387c80120a55838a3d793e46
1100,3003.496188829631,250186754.37302318,pair_06_22_L24.npz,near_interior_pair,6,22,41ee74d0114efae3edfb1a7ed2b48181b7d015abf8f33c736a5d49e268e6b140,1ff3497391d0f1b73db67b2c0344477278ab9e98d8358f6b297f2d21476136fc,5b0febf98197471af431520ad2e56d19e1e0f017387c80120a55838a3d793e46
1100,3003.496188829631,250186754.37302318,pair_06_23_L24.npz,near_interior_pair,6,23,6fbc4c68200da031f0e1eb16799d812188cdb7a7d9ce2387b12a848819c58b3f,5f699d82a52f20e1abfba733f61bf5dd5b313afd053e7b612d34e2de0b75b6bd,5b0febf98197471af431520ad2e56d19e1e0f017387c80120a55838a3d793e46
1100,3003.496188829631,250186754.37302318,pair_06_24_L24.npz,near_interior_pair,6,24,bbbcdc21c475a97cc9ec9364208fc83063a2b0ffac2aeaeba45111a8c89997e1,688d31ee0e8f8d574713354f48ac76b3d7219a52ed3fbf98930ee0c7bf0bf20a,5b0febf98197471af431520ad2e56d19e1e0f017387c80120a55838a3d793e46
1100,3003.496188829631,250186754.37302318,pair_06_25_L24.npz,near_interior_pair,6,25,b90a82bf52ff248522e574111d98a6140a755ffb6c7e52f8fb4c22098ee98e62,83cf8ffb6c7d17a597dacdbf19c96f06253d1f51cbf0add706baa43b4af17504,5b0febf98197471af431520ad2e56d19e1e0f017387c80120a55838a3d793e46
1100,3003.496188829631,250186754.37302318,pair_06_26_L24.npz,near_interior_pair,6,26,b196d717b9092d5dd0c360c56336dddce83cba4c4178b69b4c7ce50c8731dae3,8394c60923fc82800a641be60e801c955b33bbba7000f5f03e54a93dbb58df43,5b0febf98197471af431520ad2e56d19e1e0f017387c80120a55838a3d793e46
1100,3003.496188829631,250186754.37302318,pair_06_27_L24.npz,near_interior_pair,6,27,ae80f255f1ccdcada3301cae69813bc4d8b91a299ef3587ca523e642af4dce6f,a754586b96542451064cd9fea8926af5e78a0b15d1765dbba0a6821b1a746c39,5b0febf98197471af431520ad2e56d19e1e0f017387c80120a55838a3d793e46
1100,3003.496188829631,250186754.37302318,pair_06_28_L24.npz,near_interior_pair,6,28,c5b61fce698d2cff1377845bd82f7a6af6617780a951b8c19cc587c7a5a8eec8,346427d529e77bdf1f6a535aecf670e47e856a31da51b0f75bfa491a4e2d8938,5b0febf98197471af431520ad2e56d19e1e0f017387c80120a55838a3d793e46
1100,3003.496188829631,250186754.37302318,pair_06_29_L24.npz,far_interior_pair,6,29,1e6e033f50681f10d3e37466166509cf10b1fa165ca7d5cd47cad840d5ce194a,b73db9e911ff8f425ee61bc066a1f368898c7bde8c6d1b471e95fde5e2ea038a,5b0febf98197471af431520ad2e56d19e1e0f017387c80120a55838a3d793e46
1100,3003.496188829631,250186754.37302318,pair_06_30_L24.npz,far_interior_pair,6,30,e398c21a2f85296ea67f87ad151b7425fc4fef73f91182688dc70c3dfa8354dc,e9b78a8a2bc92b7878c467173b6578e431c84165c0d9ad95c76370cda2ff5053,5b0febf98197471af431520ad2e56d19e1e0f017387c80120a55838a3d793e46
1100,3003.496188829631,250186754.37302318,pair_06_31_L24.npz,far_interior_pair,6,31,ebbe0eff13b847e01570675b5e52d9ed0e23a0f4897d2c83b489f36bb853a87e,49874280f69ce5017a492d2b1c16c6b3a108d036839f5feb11b9002fa2e79894,5b0febf98197471af431520ad2e56d19e1e0f017387c80120a55838a3d793e46
1100,3003.496188829631,250186754.37302318,pair_06_32_L24.npz,far_interior_pair,6,32,358b14e551942e4a5be3945149d4589dc99ab2c4abcb4617bd529d81f1fdb8a5,40d4bfa446c9732fc028ba7f5764422a8e2ffb8dc9ba9943552bbbd847a204e6,5b0febf98197471af431520ad2e56d19e1e0f017387c80120a55838a3d793e46
1100,3003.496188829631,250186754.37302318,pair_06_33_L24.npz,far_interior_pair,6,33,fd21cf89e2b0b4dc01fe8b7d01719719e5bb9888b6f76bcf46a5df841d630524,048a66b29b019077570bbf45e0a31aace34db4918d004b2a5bbaf07c6420620f,5b0febf98197471af431520ad2e56d19e1e0f017387c80120a55838a3d793e46
1100,3003.496188829631,250186754.37302318,pair_06_34_L24.npz,far_interior_pair,6,34,e497dd9698c1b3f3052a96ab4d1cec6618e66f4384963f07b7ad6566bc0f01ae,b5654f60441465822cce7882a00216f31e0cfcc55728d685ca4f03af968292d5,5b0febf98197471af431520ad2e56d19e1e0f017387c80120a55838a3d793e46
1100,3003.496188829631,250186754.37302318,pair_07_08_L24.npz,interior_pair,7,8,bc618342c1bc88669ed8b2cd48be4f62c0495e058bec2a3a28a52cae11fcf700,8d561d39779b159f9fbfd467b0f157b0d8447c251864a0afba7278caa62e6c78,5b0febf98197471af431520ad2e56d19e1e0f017387c80120a55838a3d793e46
1100,3003.496188829631,250186754.37302318,pair_07_09_L24.npz,interior_pair,7,9,d6fa97b4a432fd8471b6672d224d4a7aff52be870b6178c99dfbb4f28927989f,9c119e69625a471c8197012323ab4a05e1129dd3012d0704577afe1b3cb58daf,5b0febf98197471af431520ad2e56d19e1e0f017387c80120a55838a3d793e46
1100,3003.496188829631,250186754.37302318,pair_07_10_L24.npz,interior_pair,7,10,59e787dc91f3f5b648aa4fb6b20002c6f03890d02ec8d144ba6da9d1d81cd29c,3cb37a359d34d92771ba6360d0e65e916ee4f78d2f357241c2664227ee4c129b,5b0febf98197471af431520ad2e56d19e1e0f017387c80120a55838a3d793e46
1100,3003.496188829631,250186754.37302318,pair_07_11_L24.npz,interior_pair,7,11,6603aa8ef3f0c6d68f17893fd6ea52553f7c9f64904c2fcb4fb83382f44484bf,6ed3087ba6d967bd24f1beb889e6c1d38c6e5f50b99ec33d5b0d2412ceae4a61,5b0febf98197471af431520ad2e56d19e1e0f017387c80120a55838a3d793e46
1100,3003.496188829631,250186754.37302318,pair_07_12_L24.npz,interior_pair,7,12,14eafff9b797678bcf32d10aac7ae11ed78ec8c96e2ba10ac7237bf09dff947b,481b0ceafe1da36fcf50b3f6c604d5e658d2a9cd2ef7d9c62df5b9733a36e56b,5b0febf98197471af431520ad2e56d19e1e0f017387c80120a55838a3d793e46
1100,3003.496188829631,250186754.37302318,pair_07_13_L24.npz,interior_pair,7,13,3d07e8f63bb0620bc06bf550b86116ce1a93767c0caee7127a5c5434e0456488,3ac281ebf5c6e63f31ec791cb6168d16d7ed05f3dda6ecdb814e4e811d55d759,5b0febf98197471af431520ad2e56d19e1e0f017387c80120a55838a3d793e46
1100,3003.496188829631,250186754.37302318,pair_07_14_L24.npz,interior_pair,7,14,9d1f12edd106c3727262b2ee4327a4156b3769b90a5b385474b98303fbae56cf,8801c73a73dea65bf534d24674198ab66e9dc4b3bb739be608248cb2a8fd9792,5b0febf98197471af431520ad2e56d19e1e0f017387c80120a55838a3d793e46
1100,3003.496188829631,250186754.37302318,pair_07_15_L24.npz,interior_pair,7,15,a27c68bee7078c682f12394f750882aa559c6e5117f69710bfc725020aa1f368,ca6322989ec9338bb412cb59b97b807f98ac744751dd3a630d21dae81515627e,5b0febf98197471af431520ad2e56d19e1e0f017387c80120a55838a3d793e46
1100,3003.496188829631,250186754.37302318,pair_07_16_L24.npz,interior_pair,7,16,fc92f0c39ab9dea55ffbbfff05b878e27ec211e034b3813b3117169ac0b73c1c,276ce84cc4062b5398487ed65bb1ee8d6e68f574e6462c8f7f8fbaf195343748,5b0febf98197471af431520ad2e56d19e1e0f017387c80120a55838a3d793e46
1100,3003.496188829631,250186754.37302318,pair_07_17_L24.npz,near_interior_pair,7,17,b26dc6608538f1e20e8b36c07d174ab77eee492e2c769366dc95b78a89f7a992,abe4853abd32ae4c7dcedcd494fa6256e04dbc5e895d636fda73a61d0773e3c7,5b0febf98197471af431520ad2e56d19e1e0f017387c80120a55838a3d793e46
1100,3003.496188829631,250186754.37302318,pair_07_18_L24.npz,near_interior_pair,7,18,c669d93ede32c5bb4ac1afa9d45a017ff0992ba190f76ee7ac0cc3021521a717,5495be60466dc7b5ae233ff973b299bc47ef45e38bc2952299f924c092127a4b,5b0febf98197471af431520ad2e56d19e1e0f017387c80120a55838a3d793e46
1100,3003.496188829631,250186754.37302318,pair_07_19_L24.npz,near_interior_pair,7,19,57e1dcb45ac914913dd6994d9b6658d908ee5a6cc39ff07a13046d3a4f1f1395,ccd94ad8c94b6f9383030a6fdf9f66ec81e83a859a75b43cd58540cba0555ea7,5b0febf98197471af431520ad2e56d19e1e0f017387c80120a55838a3d793e46
1100,3003.496188829631,250186754.37302318,pair_07_20_L24.npz,near_interior_pair,7,20,bbbc5c9b687319ab8e02bbe8bea6ed7c514e50c2e5e6b1e315035329a0bae06e,59eacc506eed59f6f784dfe7227406db7b77d60c725238c3b21385386191259e,5b0febf98197471af431520ad2e56d19e1e0f017387c80120a55838a3d793e46
1100,3003.496188829631,250186754.37302318,pair_07_21_L24.npz,near_interior_pair,7,21,cf0d576791db420c43dea45fde96c9a1b621c615e685e9869e6c9620c2b24501,ed10cd1dc762b80f0cac8613e29579073831b47d09ba9eea6d07962be06d2b89,5b0febf98197471af431520ad2e56d19e1e0f017387c80120a55838a3d793e46
1100,3003.496188829631,250186754.37302318,pair_07_22_L24.npz,near_interior_pair,7,22,cb46c8c7e86606359b5bfe7a832008bab9ac8111a7e69d5ac88d156b09ea6b02,0d5ae97681fc8cf2c09f8d35bb4e712bdb5f383d045d2078acb63946556c896e,5b0febf98197471af431520ad2e56d19e1e0f017387c80120a55838a3d793e46
1100,3003.496188829631,250186754.37302318,pair_07_23_L24.npz,near_interior_pair,7,23,56e26fbe24a4eb9c86fcece64cafefad63756b1b60d1f249f40b1e53ebf79f34,506fe9d56d5aabc8013c90f2b0fcfe455848ecb98d9ebf81d1a9f04c7ec61779,5b0febf98197471af431520ad2e56d19e1e0f017387c80120a55838a3d793e46
1100,3003.496188829631,250186754.37302318,pair_07_24_L24.npz,near_interior_pair,7,24,1def78beb573c2a122f50d14c49bd0593476dfb20f9e10a5b05e46efa5c0e29c,dde0b039a3186347fb37498256fe6f5780d72d9f6584c89587aa5061ac286ef2,5b0febf98197471af431520ad2e56d19e1e0f017387c80120a55838a3d793e46
1100,3003.496188829631,250186754.37302318,pair_07_25_L24.npz,near_interior_pair,7,25,828e0583b81b33468c61f62df6a85ec122be777d0408a145a39672a5af4aba16,5a0a32cf1f34b465692c2aaa1a3d719dde06fa8496dfc52c81969404575cf2bd,5b0febf98197471af431520ad2e56d19e1e0f017387c80120a55838a3d793e46
1100,3003.496188829631,250186754.37302318,pair_07_26_L24.npz,near_interior_pair,7,26,5eacf500ef31d97db7d8cbcfb0cd97c04b97b16771474b8784d3f525530f8933,8a6876c709ce47dd77af1904acbad08fa8516d04497f8d520b89d33eea041dd5,5b0febf98197471af431520ad2e56d19e1e0f017387c80120a55838a3d793e46
1100,3003.496188829631,250186754.37302318,pair_07_27_L24.npz,near_interior_pair,7,27,09bcf15d5d8e6be9ea7bd4d4af4e59ce5d2a060c3f8e2e6590671ca874e72b7b,6d1e3663bde1679beca1089c6df5446716045626a35bb072d823d84152ed0c9f,5b0febf98197471af431520ad2e56d19e1e0f017387c80120a55838a3d793e46
1100,3003.496188829631,250186754.37302318,pair_07_28_L24.npz,near_interior_pair,7,28,e153112d192d021578b7806a2fa2496e01d875848e473e3f2c84ce5a17bc1225,04628460157d5164d6291fc05fe08a855cb1f42ee88233742e756850a7d83a64,5b0febf98197471af431520ad2e56d19e1e0f017387c80120a55838a3d793e46
1100,3003.496188829631,250186754.37302318,pair_07_29_L24.npz,far_interior_pair,7,29,27d699845b2a2944f401a107975486fc1c4f3b8f2ae8487b3621c63ecb3b9fae,e7e492b37ab48cb7f2bebefeea14f52b11017daa3a2040e51bddd0ea4f725fe7,5b0febf98197471af431520ad2e56d19e1e0f017387c80120a55838a3d793e46
1100,3003.496188829631,250186754.37302318,pair_07_30_L24.npz,far_interior_pair,7,30,ce969d3f575327d7430b80894870f2a5a55cfb3abfbb18f18f3e08af71b2001e,3b029cc306a2217ca56b95506a85d58874ecd550aff636cc1fb04e819f0ba239,5b0febf98197471af431520ad2e56d19e1e0f017387c80120a55838a3d793e46
1100,3003.496188829631,250186754.37302318,pair_07_31_L24.npz,far_interior_pair,7,31,dfba7dae7ffb17fab0e8991133a5ae1d24b3654ef4f909aecf38cee2519d1566,31990302f4e32a82ac7b0202e38189913c3403465b87fe0b6c5a2913fe47b505,5b0febf98197471af431520ad2e56d19e1e0f017387c80120a55838a3d793e46
1100,3003.496188829631,250186754.37302318,pair_07_32_L24.npz,far_interior_pair,7,32,dff0dbcf74338526fb54fc52d6d0c70c6b74b644c24a474c3ce193c692138796,4153aa836573cb2b0510b4f2e2010857366eb71510c70a6bfe2c6fca150d555a,5b0febf98197471af431520ad2e56d19e1e0f017387c80120a55838a3d793e46
1100,3003.496188829631,250186754.37302318,pair_07_33_L24.npz,far_interior_pair,7,33,521cb9ea20a3356022af2fab2938b9143028e5fd21e41bcc03ca825082783dac,6479e8bd12f924ca15c57ce72a3f5cd948f7e156eda19212a508b4a403a7fd94,5b0febf98197471af431520ad2e56d19e1e0f017387c80120a55838a3d793e46
1100,3003.496188829631,250186754.37302318,pair_07_34_L24.npz,far_interior_pair,7,34,036d502f2e0cb990db62df9fac2f840a738e706d45af1c0de43f0e665ad4453b,3332a626699e355ee89bfaf3ce7e48c39d811800eaa8186809bf2438ba3f7bb7,5b0febf98197471af431520ad2e56d19e1e0f017387c80120a55838a3d793e46
1100,3003.496188829631,250186754.37302318,pair_08_09_L24.npz,interior_pair,8,9,75a52dfee7e1894528c5c912c65df924abbf30cf67dd216ddf9bd7094bc5386c,4e89eb57ead2819157ef3c92dd1ce71c6cb8cead03c6a1a91e03765b8cb239a0,5b0febf98197471af431520ad2e56d19e1e0f017387c80120a55838a3d793e46
1100,3003.496188829631,250186754.37302318,pair_08_10_L24.npz,interior_pair,8,10,7cd1f1325487bc67dcaf30457db44fde506b5b33d8d96bba36c82f6c49dd0cad,3fa99b51a34f63e290e6eef30c0f5a185bbdf6662a1f638836591bf2b5e8e658,5b0febf98197471af431520ad2e56d19e1e0f017387c80120a55838a3d793e46
1100,3003.496188829631,250186754.37302318,pair_08_11_L24.npz,interior_pair,8,11,6677b2502f14d8b1dfdfa1d04e241d70299d5abac1eac91cf59a26712086c59e,4ed5246242026969d86244d52d923a753ccf858b0a03a753965be039ed951670,5b0febf98197471af431520ad2e56d19e1e0f017387c80120a55838a3d793e46
1100,3003.496188829631,250186754.37302318,pair_08_12_L24.npz,interior_pair,8,12,abb3b242c18de50e47a37d85d56108a189874b960a1c9e17d3b0ef408ba9e5ba,a5da4b1fe3e3fffec49fd2daabd2c010999916a826173a063a426264da70288a,5b0febf98197471af431520ad2e56d19e1e0f017387c80120a55838a3d793e46
1100,3003.496188829631,250186754.37302318,pair_08_13_L24.npz,interior_pair,8,13,1dd7a024746b0b36dafe52d2724b149e64125369b5c0ebe6ea9d534a1909d530,4bd29678ee0eafe25fcb2c850b23687945b22a4970112dfc031f4c49e024e44e,5b0febf98197471af431520ad2e56d19e1e0f017387c80120a55838a3d793e46
1100,3003.496188829631,250186754.37302318,pair_08_14_L24.npz,interior_pair,8,14,4e14232e5b2017366f5612fa9511999dd9f507a2222ffdedb020ca69be7e897e,ccd09d834e3781ecd998728b1cfb19a6718509f5ff3002ba6a9d8ab6b039f679,5b0febf98197471af431520ad2e56d19e1e0f017387c80120a55838a3d793e46
1100,3003.496188829631,250186754.37302318,pair_08_15_L24.npz,interior_pair,8,15,1337fc3d968c0579fced4fbb3152673604243700d30732436c5df558b7eaaa49,ddcf0cb71c06225ab8a84c8798ab1245ef6242f90445add5ebc9dc52bdd13d8d,5b0febf98197471af431520ad2e56d19e1e0f017387c80120a55838a3d793e46
1100,3003.496188829631,250186754.37302318,pair_08_16_L24.npz,interior_pair,8,16,d488291ee4846915a8712e9919cef0ef2bbe12d1f66c4e86ae9ff654f85a0747,497d90a8e5593c0f439a32fa2030ae7482fc1364e34833a8542d95b782ed480f,5b0febf98197471af431520ad2e56d19e1e0f017387c80120a55838a3d793e46
1100,3003.496188829631,250186754.37302318,pair_08_17_L24.npz,near_interior_pair,8,17,3152ea6c1ce09ed37cb9557f9eea6e1275b8e49490dc8ff0f23a5539560060b6,e0ca52be5acb2a3e8a507c21b36b5dbae5dcc4863c44553d3b7111a5cd63c962,5b0febf98197471af431520ad2e56d19e1e0f017387c80120a55838a3d793e46
1100,3003.496188829631,250186754.37302318,pair_08_18_L24.npz,near_interior_pair,8,18,e3205fa8d634e943c9d434fe848365f56224c74b085c91b3257efd87ab0ec863,81c03c0cfea14b41c89c30dd1502827e150c9573b5b2dbc13e7620e336c3370d,5b0febf98197471af431520ad2e56d19e1e0f017387c80120a55838a3d793e46
1100,3003.496188829631,250186754.37302318,pair_08_19_L24.npz,near_interior_pair,8,19,8f1fd53634c8ac7b5dc29596dfac3aae510372e7975b57c3b5da67fdeccd9929,4fbbe6bcf75d953be986c0de119dc4121c0bf4cf1cd1ec10c2bb66aebb1318cb,5b0febf98197471af431520ad2e56d19e1e0f017387c80120a55838a3d793e46
1100,3003.496188829631,250186754.37302318,pair_08_20_L24.npz,near_interior_pair,8,20,167886dc9166f7eba89bacce74ae6f73c296399526d49339d8ef321ea6c1b316,0465819ee0068fce6b42df7cace954f2e3950b53cdf9e305f177ca3cb6e9fa24,5b0febf98197471af431520ad2e56d19e1e0f017387c80120a55838a3d793e46
1100,3003.496188829631,250186754.37302318,pair_08_21_L24.npz,near_interior_pair,8,21,81709938209b395884b379f2db323e23913d95958115e720469091790c3bea51,7f6585935855b2dbfb38fbbec6c8e294d18697b97152568ba28f74a58ac55d55,5b0febf98197471af431520ad2e56d19e1e0f017387c80120a55838a3d793e46
1100,3003.496188829631,250186754.37302318,pair_08_22_L24.npz,near_interior_pair,8,22,07494b504dbe0f1bc1f78761b90453aa8b6b3de133ae6e77d8699e44eaaab128,40b458d239ebcedb733f75932e3d1d13af1476a588788c459b113763bed8f79d,5b0febf98197471af431520ad2e56d19e1e0f017387c80120a55838a3d793e46
1100,3003.496188829631,250186754.37302318,pair_08_23_L24.npz,near_interior_pair,8,23,b1768150c58694c601db927440d7865a8eb15e3b4e469ce22df781e2321c490e,4d253b48c45f2d104dc33716f04589814645df05b07785331f00ef62819d717e,5b0febf98197471af431520ad2e56d19e1e0f017387c80120a55838a3d793e46
1100,3003.496188829631,250186754.37302318,pair_08_24_L24.npz,near_interior_pair,8,24,5fa12a0e0221c7adb50c57b1632cc202a5db81e3950e50d21c14f45820d05041,efca7ef6f9e3c38f6dbb667968f0282ab13332d5287e0459c288dd61c45e0748,5b0febf98197471af431520ad2e56d19e1e0f017387c80120a55838a3d793e46
1100,3003.496188829631,250186754.37302318,pair_08_25_L24.npz,near_interior_pair,8,25,7e5d593828c75cb2abd2171c0cd0cceaa7cfa8b72fd1799c842889f4108de726,8cc9b627b50c871a17e0363080ec6e0ffddf9d2aec26c9dbe12dce0967d4592f,5b0febf98197471af431520ad2e56d19e1e0f017387c80120a55838a3d793e46
1100,3003.496188829631,250186754.37302318,pair_08_26_L24.npz,near_interior_pair,8,26,4c0611f7a951a087cf8de6b78e7244a0ee682a0a43f2fccb39372efd71843eb1,191f1f921491379fcb79af7ded5cb5ac288cd5e2e3304f0e7e1fa8b6c66a5a62,5b0febf98197471af431520ad2e56d19e1e0f017387c80120a55838a3d793e46
1100,3003.496188829631,250186754.37302318,pair_08_27_L24.npz,near_interior_pair,8,27,41caf31bb231bbaad12ac47b5b04cc7178510ff8895dcdb8a675114e06ad5aa4,374610d27882e438d20029156324a298da531e20d49fdedc61b695c5523baa87,5b0febf98197471af431520ad2e56d19e1e0f017387c80120a55838a3d793e46
1100,3003.496188829631,250186754.37302318,pair_08_28_L24.npz,near_interior_pair,8,28,9b2ce8e3ec3c47d8b71e83022c8232d00a2e3c06935dbfeb7c993c1a9ff80ef5,e9257c81750f55eaec4e27a68661e71e61074fae8995439cd375103e87e9e806,5b0febf98197471af431520ad2e56d19e1e0f017387c80120a55838a3d793e46
1100,3003.496188829631,250186754.37302318,pair_08_29_L24.npz,far_interior_pair,8,29,6bb068b593b57994f723e8af749d5315f76e1de49d8d272ee17a7b27b22fd975,e7463eb27a0a76ff4cb03d17eb4a37654daeb0a10a39abfb8adbccd9d43f37cb,5b0febf98197471af431520ad2e56d19e1e0f017387c80120a55838a3d793e46
1100,3003.496188829631,250186754.37302318,pair_08_30_L24.npz,far_interior_pair,8,30,647722063542c3fd23803edde02535b8bd24864cc57e66153851c692391bccd4,6f0620147c244532de5810290cf86802a4dc70e6989ba502bc5d1cbca1226f1f,5b0febf98197471af431520ad2e56d19e1e0f017387c80120a55838a3d793e46
1100,3003.496188829631,250186754.37302318,pair_08_31_L24.npz,far_interior_pair,8,31,6a88b0a6970957010b6c564ba54b52688866b2b5bc425dfbcfe4961447115873,05c805c7e6a427f0e86040ebda949a4b353e863b2aae82918a037ee3269b0fca,5b0febf98197471af431520ad2e56d19e1e0f017387c80120a55838a3d793e46
1100,3003.496188829631,250186754.37302318,pair_08_32_L24.npz,far_interior_pair,8,32,6af6b3502fe7ca429e6bac412c3698134e8191d8b720fae0a324b999146a6403,56489976d969e0ddfd81bff8aa57bc0dbae90ff5c4be8dc6933a2374e5976022,5b0febf98197471af431520ad2e56d19e1e0f017387c80120a55838a3d793e46
1100,3003.496188829631,250186754.37302318,pair_08_33_L24.npz,far_interior_pair,8,33,fe290cb89acc1e031ef2b6ae034b6a7abf7e87eea283387e26e366ac90cdbef8,f48ca0a5f33d4acd1321db815b59b7baf5000ea27fcf4f93a6020290cb92620e,5b0febf98197471af431520ad2e56d19e1e0f017387c80120a55838a3d793e46
1100,3003.496188829631,250186754.37302318,pair_08_34_L24.npz,far_interior_pair,8,34,7263b117aae45ed30277de4282172f46718e5875e01eb8dba6f0e3afb8296320,279d59eefb2226706471e9dc5c3b96e6cd1eb475e78b31631de0d972211f57c7,5b0febf98197471af431520ad2e56d19e1e0f017387c80120a55838a3d793e46
1100,3003.496188829631,250186754.37302318,pair_09_10_L24.npz,interior_pair,9,10,b87f966fa5b454a424412eca61c777ca9497b7b80833c827491fe01f7d06e531,da9471de17708f5ac207b8645de9a927011ffdf29771fa1368803fd628958ac4,5b0febf98197471af431520ad2e56d19e1e0f017387c80120a55838a3d793e46
1100,3003.496188829631,250186754.37302318,pair_09_11_L24.npz,interior_pair,9,11,ac8b79e2b0c7e20a923881db6b25ea3da759e2baa39c59f9e26b1c94dba49da1,148e625e66f8b7b9e3074e3118799e416f9863bf3b6dad3ce24a7593bcc3779f,5b0febf98197471af431520ad2e56d19e1e0f017387c80120a55838a3d793e46
1100,3003.496188829631,250186754.37302318,pair_09_12_L24.npz,interior_pair,9,12,7be96e44957ad058335d3d7b284808c1b3a8a4d8eef275cd792dc2706f76a811,1fe9afe3bb8ca29d21b06042a924aa755f4f78b1b7060d22a6aa1b20b1f1a9f4,5b0febf98197471af431520ad2e56d19e1e0f017387c80120a55838a3d793e46
1100,3003.496188829631,250186754.37302318,pair_09_13_L24.npz,interior_pair,9,13,a7e3d457cda0a83761c554a17f6c12270991780f3abc98b1912f40d497b442fd,550a16667cb0cb75e0054fde72853d06b456ed1edd120817db2cd33dadc8d533,5b0febf98197471af431520ad2e56d19e1e0f017387c80120a55838a3d793e46
1100,3003.496188829631,250186754.37302318,pair_09_14_L24.npz,interior_pair,9,14,551617a5fb85ab354d1b652579c564dbc0988edaccfbd1e539a1dbfcf8140dc3,90c06104c320b15a89ead66c7a8264328bd9d49100235ead438b36f739790e11,5b0febf98197471af431520ad2e56d19e1e0f017387c80120a55838a3d793e46
1100,3003.496188829631,250186754.37302318,pair_09_15_L24.npz,interior_pair,9,15,592c78cd8fe2c185f65c1ce7d111188c5cff245824286bf1ea769a96e8dbf6dc,be2b67e5b271f5395ff84c41fec8b957f555131f22835e58c299f0cd84a59507,5b0febf98197471af431520ad2e56d19e1e0f017387c80120a55838a3d793e46
1100,3003.496188829631,250186754.37302318,pair_09_16_L24.npz,interior_pair,9,16,89dbfcfbba61ab2aff869189e2be01e65467465b706eed8cf67cc6371332b8b9,0f5881a7599d0b05fdbf6bc1d884b57ea0e3f946b481ad5412e781e482296c05,5b0febf98197471af431520ad2e56d19e1e0f017387c80120a55838a3d793e46
1100,3003.496188829631,250186754.37302318,pair_09_17_L24.npz,near_interior_pair,9,17,c0b43d99a77487611e3be5d9feb20bff9c73f4a5279cb2ca45545386955ee96d,e99045d358411217c57d1b55478e8bb9d8b7f1790531a50cfa7d19a2bffc62b7,5b0febf98197471af431520ad2e56d19e1e0f017387c80120a55838a3d793e46
1100,3003.496188829631,250186754.37302318,pair_09_18_L24.npz,near_interior_pair,9,18,144a3a92181c58e64d9484c0440fb326ce82b55662a42acef2a62f6a08fdb188,c3b00530445d237dae818dcc7fa0eb10c70fff1940665201d7c260e7cdd0a3be,5b0febf98197471af431520ad2e56d19e1e0f017387c80120a55838a3d793e46
1100,3003.496188829631,250186754.37302318,pair_09_19_L24.npz,near_interior_pair,9,19,3c18044fa6640b099283a537415b037d22c5500c6670b3bff38f30f4435672c0,2285b95124794eee8d6db3304d58fc3f05f5eea6b492658d1a1a5184ebe643fe,5b0febf98197471af431520ad2e56d19e1e0f017387c80120a55838a3d793e46
1100,3003.496188829631,250186754.37302318,pair_09_20_L24.npz,near_interior_pair,9,20,ce7ed5332ba6fe676e42175ce044b3e7353d3fb8ef8acdd3d6f69ced8a285469,40eef900743cc1c8e3de987f204dae87859a1a32f80d6eb80129dc4388876c44,5b0febf98197471af431520ad2e56d19e1e0f017387c80120a55838a3d793e46
1100,3003.496188829631,250186754.37302318,pair_09_21_L24.npz,near_interior_pair,9,21,8aed231330a20a5594889909cf0ba63f6d8f0902a2b6de153f1eec1a71598c91,3976565bc83c0e48f26cd046641c37b3bff4c7e7ebe8be7285a2c64431c1df6f,5b0febf98197471af431520ad2e56d19e1e0f017387c80120a55838a3d793e46
1100,3003.496188829631,250186754.37302318,pair_09_22_L24.npz,near_interior_pair,9,22,fc6f7ad2d569e87c5d29dfbaf0d703f240814ae8326a3f42bb54f85750857cd0,a2674c130f0e32c2baddd47827858d37e50adfb9e711f6a8b5d9ecbacea02f2c,5b0febf98197471af431520ad2e56d19e1e0f017387c80120a55838a3d793e46
1100,3003.496188829631,250186754.37302318,pair_09_23_L24.npz,near_interior_pair,9,23,a39f44525ede9bc9131384f110c39a48a84d7efe3c04e196474e8899391eaf69,52eecf1da7b59e698fcc017418b2ca958d40529c54ae44a53a5e8e63d0b7ceee,5b0febf98197471af431520ad2e56d19e1e0f017387c80120a55838a3d793e46
1100,3003.496188829631,250186754.37302318,pair_09_24_L24.npz,near_interior_pair,9,24,931b68abbf137ac2ae5f23c6c512c420accf062a2d6f40395deafc9c392d1fa1,51737dbf336e66a2b79b0137e59eb8d71cba844442482756909ba4bb2ee038fd,5b0febf98197471af431520ad2e56d19e1e0f017387c80120a55838a3d793e46
1100,3003.496188829631,250186754.37302318,pair_09_25_L24.npz,near_interior_pair,9,25,9319543ee6c9118d4b8880ea1d0ad17eb051bacccc633592ad1c16d2c9944210,398d42582841d14aacdaa1cf7e59d26b78a21c6e2667593d324c17ed6f4a2ab7,5b0febf98197471af431520ad2e56d19e1e0f017387c80120a55838a3d793e46
1100,3003.496188829631,250186754.37302318,pair_09_26_L24.npz,near_interior_pair,9,26,27995f551b5ceb1fd12b5819cad086b083b793d9aa0825c3dd189071b1d3faa5,7d3c15adb980b870a0b42b7aeb1a7d2c828a2aa3f08fd6687e4d4563271162f1,5b0febf98197471af431520ad2e56d19e1e0f017387c80120a55838a3d793e46
1100,3003.496188829631,250186754.37302318,pair_09_27_L24.npz,near_interior_pair,9,27,d450e1f176534dba8be4c34285915bc0326ca2bcdac61333506973e16e230d9a,bfc573ce4f33fdebf023cf7a4f0abf7c9f5bf0f4ac22e9986d7dcff9d63fbbf3,5b0febf98197471af431520ad2e56d19e1e0f017387c80120a55838a3d793e46
1100,3003.496188829631,250186754.37302318,pair_09_28_L24.npz,near_interior_pair,9,28,4e31c2e33c2cd53f4b7ec988d6378ec874a4bf38f44b645c5b79e05ceaf6b6bb,0ef17422f7b1c9338f4faa051c4a98b541d6ab6cfc6a68853439a96a9897d81a,5b0febf98197471af431520ad2e56d19e1e0f017387c80120a55838a3d793e46
1100,3003.496188829631,250186754.37302318,pair_09_29_L24.npz,far_interior_pair,9,29,5001b3a67451db4ab246f503ac8c6f45988838b98173599bfbb155eb444e695e,80ba4bd320376697b9edf3a5a49b781805096975c501383f358d4941dc5588dd,5b0febf98197471af431520ad2e56d19e1e0f017387c80120a55838a3d793e46
1100,3003.496188829631,250186754.37302318,pair_09_30_L24.npz,far_interior_pair,9,30,bbfc670fc8edc62cda423afe2fdc6441c6907d14df26b7f2a3ab7f2799e163f5,91e5ef4004ad96c7c7844a94721b52ebc47519802970871e35bc1dd1ff1425ec,5b0febf98197471af431520ad2e56d19e1e0f017387c80120a55838a3d793e46
1100,3003.496188829631,250186754.37302318,pair_09_31_L24.npz,far_interior_pair,9,31,15c53ec30ba070c396cbcb9fc39bd1d44a18a2561b41eee7e44e858713ecd7bf,e33c22669fb4c3caab7cfe92e7cb21621c04ef24bbb90d35219f12f0bb6d2d31,5b0febf98197471af431520ad2e56d19e1e0f017387c80120a55838a3d793e46
1100,3003.496188829631,250186754.37302318,pair_09_32_L24.npz,far_interior_pair,9,32,7a6209dfbd3e58339597985fdf1e2b56a8144f7bf66f2cdb7bfd2ce46b6ebf3f,91260549c9eb3c014ba8406e32c5a969e78e2fdbf12336eda23c60b5463b45a8,5b0febf98197471af431520ad2e56d19e1e0f017387c80120a55838a3d793e46
1100,3003.496188829631,250186754.37302318,pair_09_33_L24.npz,far_interior_pair,9,33,043cdc00dcf2287f6b7497ffd77eac6caeca0482a8e0f7666a92e38235630801,964ff8e7373458182584507471750202a229cb7ebd916678d5a6a2882754e5fd,5b0febf98197471af431520ad2e56d19e1e0f017387c80120a55838a3d793e46
1100,3003.496188829631,250186754.37302318,pair_09_34_L24.npz,far_interior_pair,9,34,e5606932d56b4c1bdb14d7b8af45e514f3eff1e43819c57d1d8a8a8090675b27,ea69dce2f85e47e46f4db661293fc430efbe4e877e2f4d4936218fd61a5d71ba,5b0febf98197471af431520ad2e56d19e1e0f017387c80120a55838a3d793e46
1100,3003.496188829631,250186754.37302318,pair_10_11_L24.npz,interior_pair,10,11,f6e0bb9b9abb80eb424c0514b99993c3988a7c6224f5e119eecca7c6be82d06b,5186549421fd1cbec5383d046bdcd26386e7d719ebd2a87167f186c6c46e9253,5b0febf98197471af431520ad2e56d19e1e0f017387c80120a55838a3d793e46
1100,3003.496188829631,250186754.37302318,pair_10_12_L24.npz,interior_pair,10,12,8c4a2935aca1a9134a9781e05291af616a9946ceabaf31e0a2403f11b5ec400f,20d7fa508ac1597488f9dc2ce364609fab6d80da833c31034e51773190fe9fa3,5b0febf98197471af431520ad2e56d19e1e0f017387c80120a55838a3d793e46
1100,3003.496188829631,250186754.37302318,pair_10_13_L24.npz,interior_pair,10,13,14404cbec63812b5d814d1bd302ccbeaa6b6548438c7bb00ac48f68170bcb499,8c1f9170a592484a5ee2c133e27e14f5117c9d15a2253d9010adf4ba6c51eb92,5b0febf98197471af431520ad2e56d19e1e0f017387c80120a55838a3d793e46
1100,3003.496188829631,250186754.37302318,pair_10_14_L24.npz,interior_pair,10,14,632156984cb3216769f0b42bfdf5a371e70a6caa4e0c91be84f799dc7298af85,948cc56c0dbb8c7a36207da246f2f4c868dcf4c7e33df913dcd11412edfffb66,5b0febf98197471af431520ad2e56d19e1e0f017387c80120a55838a3d793e46
1100,3003.496188829631,250186754.37302318,pair_10_15_L24.npz,interior_pair,10,15,eae604cfb3fea601e48eee63ed598ead7a1d5b6bacec5f13917a165507167bf2,50c38e9a65adea85d38285d7926fbc8266368a99377733902fc59d0373d8dc0e,5b0febf98197471af431520ad2e56d19e1e0f017387c80120a55838a3d793e46
1100,3003.496188829631,250186754.37302318,pair_10_16_L24.npz,interior_pair,10,16,d65e37ae251988db026b3696d5d0715bf0356e280f921b9c4cbff347bb84a337,7f3addca9c28e8c237f629845faeae35f073196132e9f8ef86a4f46ba0a25a91,5b0febf98197471af431520ad2e56d19e1e0f017387c80120a55838a3d793e46
1100,3003.496188829631,250186754.37302318,pair_10_17_L24.npz,near_interior_pair,10,17,7fd4989523aca831585a505d47a3daa7412b62460daa86ef3d6f1dfbc342cf2d,f92d38d59045493d87525d2aacf59ff37bfecf191061b8c4d37d30e98188e713,5b0febf98197471af431520ad2e56d19e1e0f017387c80120a55838a3d793e46
1100,3003.496188829631,250186754.37302318,pair_10_18_L24.npz,near_interior_pair,10,18,4f0237dc8fb00e6a1aae26afb4350c929db9641c702b268856dab8dd796f35e3,f62ff4311cbdedb67a5119f7cdb597ce59ae9163090dbac3f3521258bc666cd4,5b0febf98197471af431520ad2e56d19e1e0f017387c80120a55838a3d793e46
1100,3003.496188829631,250186754.37302318,pair_10_19_L24.npz,near_interior_pair,10,19,1608189a523800388ce4bdd56d5eccb074c7100a8555cf452a6568b261de653d,407c5cbe11f61f5c6450946179dad0da102e83dc8e4e67fb5891aa26d4319426,5b0febf98197471af431520ad2e56d19e1e0f017387c80120a55838a3d793e46
1100,3003.496188829631,250186754.37302318,pair_10_20_L24.npz,near_interior_pair,10,20,3975638576f7901b0fe6d8336ea08b0cfca9b281aa63e70e1a2ebc8e520c309b,57a09f93c38d34f4460be54fc161fbae3e162e6b6781a3d716e9bac9929c6855,5b0febf98197471af431520ad2e56d19e1e0f017387c80120a55838a3d793e46
1100,3003.496188829631,250186754.37302318,pair_10_21_L24.npz,near_interior_pair,10,21,57ba34da70c3a2e832639a0d64ab98bbad0651a95965ae2a82cfb16e1ed90c16,93e78eb11ae1d052322b7ee7c0152f413e96c7cad6c117d0fad50c8e42ff1ae4,5b0febf98197471af431520ad2e56d19e1e0f017387c80120a55838a3d793e46
1100,3003.496188829631,250186754.37302318,pair_10_22_L24.npz,near_interior_pair,10,22,0c82a6792425a7ec13dccf9e771592402671ba9e4b06b92d438c1c4d4a59112f,a450a04cef13274ab277ecf3d6a04fcecee6f34022d5226b799ebf51dc3dd35f,5b0febf98197471af431520ad2e56d19e1e0f017387c80120a55838a3d793e46
1100,3003.496188829631,250186754.37302318,pair_10_23_L24.npz,near_interior_pair,10,23,ed27690510b5461070c729aea2fe121c0fea232bd43d50bc7385230f4baa63ec,daa2eb161e491a541484357696bf039f557b384965ba4700134a6c39a76eb59d,5b0febf98197471af431520ad2e56d19e1e0f017387c80120a55838a3d793e46
1100,3003.496188829631,250186754.37302318,pair_10_24_L24.npz,near_interior_pair,10,24,78eef70359e8ea277e078433395cffa2925b3eb486de9ab40e93f0ca3278622c,162c5b7c5ce5f0980455c65a8f77b8930842b5a35cccbc7cb4b862d6df2c4b0a,5b0febf98197471af431520ad2e56d19e1e0f017387c80120a55838a3d793e46
1100,3003.496188829631,250186754.37302318,pair_10_25_L24.npz,near_interior_pair,10,25,966d121505c6819a1d79266f08c5ceee82c9457797cc8720d0aa592abfc15058,39c9136eac2fb0447978dbc544524b93fa5dbcd57e32b908323b57c9cadf9e61,5b0febf98197471af431520ad2e56d19e1e0f017387c80120a55838a3d793e46
1100,3003.496188829631,250186754.37302318,pair_10_26_L24.npz,near_interior_pair,10,26,4b573a510f8e4984a34a9b39e0709d4a99cbc902b027e8062ed603fa12e8428f,aee04350968cfc746499b05d0114ff74e6f6eece5604ae07362e0955f62c3132,5b0febf98197471af431520ad2e56d19e1e0f017387c80120a55838a3d793e46
1100,3003.496188829631,250186754.37302318,pair_10_27_L24.npz,near_interior_pair,10,27,f5b5e61ef1c7d67cdfe888af709d39294f28cfe7556def01bde53d5605911a4f,ee8784988cdfc664000e8759441acc90ace67cd9af7c44bbe8dac5b2037aabaa,5b0febf98197471af431520ad2e56d19e1e0f017387c80120a55838a3d793e46
1100,3003.496188829631,250186754.37302318,pair_10_28_L24.npz,near_interior_pair,10,28,8424a96107d8f179b8814e7115df7b255e9152d1fc24d2a45af696a1abb69b3a,e43375b0ffb6886dd55dd116d1b92e4ff4213a8ea7f14e6cf78367e401c5548e,5b0febf98197471af431520ad2e56d19e1e0f017387c80120a55838a3d793e46
1100,3003.496188829631,250186754.37302318,pair_10_29_L24.npz,far_interior_pair,10,29,7d77e95af49010dec02add5da33f65c590a40d8c80494c898e2756a11b8ceb30,6aa2f6dbc9ed4c5ab7777f2f764f833db482e408413b3d727e0c2642b8365397,5b0febf98197471af431520ad2e56d19e1e0f017387c80120a55838a3d793e46
1100,3003.496188829631,250186754.37302318,pair_10_30_L24.npz,far_interior_pair,10,30,ca0229c95d08d4844ff69cdb3c46297b719e38c0bec14a4d1033e32897812cc1,cc66dce009d60eadbff2b10fb93ab4ef3c3c1bbbc43bbdd01a27627930a3515e,5b0febf98197471af431520ad2e56d19e1e0f017387c80120a55838a3d793e46
1100,3003.496188829631,250186754.37302318,pair_10_31_L24.npz,far_interior_pair,10,31,e40c3137083ad75a7da4d22e861cabf0775e6ec16209c710b4eb02d68ff6492b,51828fee41e7caecdc3cebc38041bfe5029775ab77e10a27df87634931b3dfb6,5b0febf98197471af431520ad2e56d19e1e0f017387c80120a55838a3d793e46
1100,3003.496188829631,250186754.37302318,pair_10_32_L24.npz,far_interior_pair,10,32,64cd600a29fb5cada2ae1aaad4ff77f97de1614da08efe9b5e89bb626cdce35b,29e61e3446968e2c01e44dbae822a4a0295f6dca8c8f806e0f1e10ec5891cf94,5b0febf98197471af431520ad2e56d19e1e0f017387c80120a55838a3d793e46
1100,3003.496188829631,250186754.37302318,pair_10_33_L24.npz,far_interior_pair,10,33,fe7fcf0e838e8507a318c6a748c75b3d10436baceb461868bc843b3da619f63a,dfba93908db2c49c59ca0460fdc71f0d92b2a7ff53f77769bb1316ca0c10cd65,5b0febf98197471af431520ad2e56d19e1e0f017387c80120a55838a3d793e46
1100,3003.496188829631,250186754.37302318,pair_10_34_L24.npz,far_interior_pair,10,34,996a8bac8f8c73fd5a79f85685025eb4e258a3b4f48172c452346ddedbf56b92,73b8b89d10ebf88c6fb402b6286ebd968f562d23a8648ea2c644a9c41aaa9b15,5b0febf98197471af431520ad2e56d19e1e0f017387c80120a55838a3d793e46
1100,3003.496188829631,250186754.37302318,pair_11_12_L24.npz,interior_pair,11,12,6f00213b243053ec3755efc5cba60ebec13b008dc93843cb446d578bf9692474,18e7f61802e651a7bdb502c2211d29615650392faa12097262d3ead2f113314d,5b0febf98197471af431520ad2e56d19e1e0f017387c80120a55838a3d793e46
1100,3003.496188829631,250186754.37302318,pair_11_13_L24.npz,interior_pair,11,13,e27e7c988690fa4a160fca874cc1b44092cd9e1e8b1f0f7dbd6800938a082a27,37b0d26b11f0e782933b92a2e437e3de1f828e08c41e781329bcfad80dfb72b4,5b0febf98197471af431520ad2e56d19e1e0f017387c80120a55838a3d793e46
1100,3003.496188829631,250186754.37302318,pair_11_14_L24.npz,interior_pair,11,14,8f87159c33c888cfd6005d2f0ae16a6b00486919fa94855d4a6a5050cd242d7c,4f3a742f5efe1e629f097d4ef54e0ccd35d20843b5e28c577880e15dcdec1e17,5b0febf98197471af431520ad2e56d19e1e0f017387c80120a55838a3d793e46
1100,3003.496188829631,250186754.37302318,pair_11_15_L24.npz,interior_pair,11,15,b5c401006821e48f77069ac4a4cff104a41244e93191f918ea21732035c5638b,659c8b1d2553ab62108c10393fd74c4da3336881399d1855efd21375319039c2,5b0febf98197471af431520ad2e56d19e1e0f017387c80120a55838a3d793e46
1100,3003.496188829631,250186754.37302318,pair_11_16_L24.npz,interior_pair,11,16,d2ae11085c9e07a793aa6f912d952cf50c892a61945132945b0e8c51faf5c4bc,1122a56d306af996a9af8095fb964f85c6a3fd3400da82a9c42aef9f9365d252,5b0febf98197471af431520ad2e56d19e1e0f017387c80120a55838a3d793e46
1100,3003.496188829631,250186754.37302318,pair_11_17_L24.npz,near_interior_pair,11,17,d7ea11caaf513c3afa8709de1f6d4d5bfa8f8ff4d1095f0911de1e3401474697,b355f89316ef6879965f08558a9e97e9c52895ccaaf2cc9d17a1e5936e443ec2,5b0febf98197471af431520ad2e56d19e1e0f017387c80120a55838a3d793e46
1100,3003.496188829631,250186754.37302318,pair_11_18_L24.npz,near_interior_pair,11,18,efbbc213ad79d9f33b2afe66d2083af178275782b54b0467205bb582cd57b22e,862eaf081258c0cb0da3d8020470de24f0f5e46c194c0eb769908361154645b1,5b0febf98197471af431520ad2e56d19e1e0f017387c80120a55838a3d793e46
1100,3003.496188829631,250186754.37302318,pair_11_19_L24.npz,near_interior_pair,11,19,968eb12f230ecb9197e635f6cc3296babea91799c8e6df13fea353f323ef6298,6d447c98ba2fa9034d206ab9562b303a92f8d206e18f9f82dbd18376a304042d,5b0febf98197471af431520ad2e56d19e1e0f017387c80120a55838a3d793e46
1100,3003.496188829631,250186754.37302318,pair_11_20_L24.npz,near_interior_pair,11,20,eaef60a2f3d419c9b63ec027bbc3b3149ee9ab69deb2d8b083aaa9dfdf04c894,773b1a715ca854a1c44f76fe8f8f2289cc262c12ea55ae68dc70319cb9cad12d,5b0febf98197471af431520ad2e56d19e1e0f017387c80120a55838a3d793e46
1100,3003.496188829631,250186754.37302318,pair_11_21_L24.npz,near_interior_pair,11,21,1ca6640d31781e6c28ddbbb9c2f6f6edc6ad76eb09b44cad9fea3e668a3a029b,5cde69d6c2dfdd6fa5c8165c9743c3a1fd1f38a96d72b2e4ce439d518504221e,5b0febf98197471af431520ad2e56d19e1e0f017387c80120a55838a3d793e46
1100,3003.496188829631,250186754.37302318,pair_11_22_L24.npz,near_interior_pair,11,22,93d1ad2b422f8ee94b7d967f8ddfba8c1b5a267cb2ff1ea29f96b39d55883560,02f861aaf214334811547c856057c37df7f533842e573065327831e1fdd9fc3a,5b0febf98197471af431520ad2e56d19e1e0f017387c80120a55838a3d793e46
1100,3003.496188829631,250186754.37302318,pair_11_23_L24.npz,near_interior_pair,11,23,6fba076e7ee4973ec4c583be5a11eead0b38de3aec4a0432ba38ab67179d1ac0,dd5904f5813236a45f3e4c6ea6907cb89684fcf45437c4e8941b2027aed5da99,5b0febf98197471af431520ad2e56d19e1e0f017387c80120a55838a3d793e46
1100,3003.496188829631,250186754.37302318,pair_11_24_L24.npz,near_interior_pair,11,24,869c1d81005ea1ea510f088101649ba0951bc8ee7fc576b5c99cf58af4bc7151,db3ed3ad6ee5ec05dbfc7d8c35bbc0b844b50177fc1c942fcfefe096ed5e0f98,5b0febf98197471af431520ad2e56d19e1e0f017387c80120a55838a3d793e46
1100,3003.496188829631,250186754.37302318,pair_11_25_L24.npz,near_interior_pair,11,25,cd15d6f821fd709eefce34e7b183b5d7f5681e686d22921ceace397e21419c0d,83a6dd3393f4ffc604bd7dfd5c85f9649f5314bee09c9d86510c84864db373b0,5b0febf98197471af431520ad2e56d19e1e0f017387c80120a55838a3d793e46
1100,3003.496188829631,250186754.37302318,pair_11_26_L24.npz,near_interior_pair,11,26,42e43ea870a42006892e0793c857a5228b9a8769d77561f41465567cfc5d1193,0ebd27c072e869811a587a5aa1b97db4f2c82933330a9dff0876a820d03da80a,5b0febf98197471af431520ad2e56d19e1e0f017387c80120a55838a3d793e46
1100,3003.496188829631,250186754.37302318,pair_11_27_L24.npz,near_interior_pair,11,27,582977328afdeba81536a31f7ea74082c8ee121fcf8be8d3bf7ca6cf2827e175,014e4d27f15097d2fde7b398996ede30731326115dc7aef325d3f4033e98f53d,5b0febf98197471af431520ad2e56d19e1e0f017387c80120a55838a3d793e46
1100,3003.496188829631,250186754.37302318,pair_11_28_L24.npz,near_interior_pair,11,28,14535f624837deac7ee45e4034e70c434c69a42ba0532a3146b69de091ada33a,f012ca51aa2560bb6df9e3098977428022721b2e7bd9293ab52f27a40de3e7ca,5b0febf98197471af431520ad2e56d19e1e0f017387c80120a55838a3d793e46
1100,3003.496188829631,250186754.37302318,pair_11_29_L24.npz,far_interior_pair,11,29,fe3e790757e8c6a93abd12938c244a6e6312fd4c4dd80def6dbdf44885c4319f,1b2560b418253159b3618672957a06b8a6541c6c12631c25645d303e7a8b2b0f,5b0febf98197471af431520ad2e56d19e1e0f017387c80120a55838a3d793e46
1100,3003.496188829631,250186754.37302318,pair_11_30_L24.npz,far_interior_pair,11,30,dcd1ba81d2df84c9fd4bf57f5e53f1906a05ec9d6c5723fcc0be70cdf77226a6,967e20f23cf0bdb56a0bdf38519b011c7e448499412a873e92b64b3db091277a,5b0febf98197471af431520ad2e56d19e1e0f017387c80120a55838a3d793e46
1100,3003.496188829631,250186754.37302318,pair_11_31_L24.npz,far_interior_pair,11,31,bfeb2f74b6c9afe5df15dc616976db94c531eaa494202cc1b98ea0ae9320bc67,5d36fc9403ac7224967c602b947b9643603656d763f21d55a60ae05158fbebb6,5b0febf98197471af431520ad2e56d19e1e0f017387c80120a55838a3d793e46
1100,3003.496188829631,250186754.37302318,pair_11_32_L24.npz,far_interior_pair,11,32,71461cfbfb71d587262f0e548e12f0e5a84508f3df0064df16a3fae5d67b6f4d,6902ff3beefe7ceb3064198e7bc00318e41cfa700e869d02559a82ad29643586,5b0febf98197471af431520ad2e56d19e1e0f017387c80120a55838a3d793e46
1100,3003.496188829631,250186754.37302318,pair_11_33_L24.npz,far_interior_pair,11,33,66d02ebd1fd3ec3e86dcd7b038e074fcd62cfe30843766b17dafe28d7abe3a73,f1b531b386c7de3ece02bfb67ea8c0072aa75c847377a2bccb4893d30e4b137c,5b0febf98197471af431520ad2e56d19e1e0f017387c80120a55838a3d793e46
1100,3003.496188829631,250186754.37302318,pair_11_34_L24.npz,far_interior_pair,11,34,e5169569769ddca261cebb258d03129c0a8c538cb0ce648d246c9f93ff199337,7122a9f1e940ccffdfe09139015d2a1b117ce046e5a512f60c94d98623faba0d,5b0febf98197471af431520ad2e56d19e1e0f017387c80120a55838a3d793e46
1100,3003.496188829631,250186754.37302318,pair_12_13_L24.npz,interior_pair,12,13,ff22fa9629a831bd525c64b6fdc851d5bb666de1be6697ee6c7b11d906b9db47,fd540eff6c3625ad9ee20653f15175a19c4d55abcc10c21098367e2d691b0a4c,5b0febf98197471af431520ad2e56d19e1e0f017387c80120a55838a3d793e46
1100,3003.496188829631,250186754.37302318,pair_12_14_L24.npz,interior_pair,12,14,18117a3a152c106d613d8443dda4870ce8a7d346f4d7c8eecefb8a9d6f5b7290,7a1061752ed50b4a076019f35891e0045d4f404fdf19191c336623a25fd698f7,5b0febf98197471af431520ad2e56d19e1e0f017387c80120a55838a3d793e46
1100,3003.496188829631,250186754.37302318,pair_12_15_L24.npz,interior_pair,12,15,f375445b6c8f3d5b0cafc05101425d2b206733740311f65bc5e403d5139ed1d1,0d5bbb900a485385b8798555591e4811376c9f2f6e9c49ce1280aa27b122ee0e,5b0febf98197471af431520ad2e56d19e1e0f017387c80120a55838a3d793e46
1100,3003.496188829631,250186754.37302318,pair_12_16_L24.npz,interior_pair,12,16,ab037339da3b1d7af2852f71c61a5255da26dc182307fcad344f881b265fc71f,535dc8f039b8ee741d08fce1e3cb275d333eb77d53f5e24eb405417c765bd96f,5b0febf98197471af431520ad2e56d19e1e0f017387c80120a55838a3d793e46
1100,3003.496188829631,250186754.37302318,pair_12_17_L24.npz,near_interior_pair,12,17,d8c2572cd04ad1a1a10e6c6502f74e19c05955dc03f23d26aab36ed7bc5cb5a0,fc9268e55663a9fcfb014bbaaefc08326a7776a5ff32d248512855f1d615bbc2,5b0febf98197471af431520ad2e56d19e1e0f017387c80120a55838a3d793e46
1100,3003.496188829631,250186754.37302318,pair_12_18_L24.npz,near_interior_pair,12,18,1eaf65c6f95107cc9ccbda9106bc3857ad599c21fe4f7cacfd85dd92a1764689,7f40f7f26ad829049d8ab7fbb6f24feebca4f51081a96b26e400f7f3b1e1b39a,5b0febf98197471af431520ad2e56d19e1e0f017387c80120a55838a3d793e46
1100,3003.496188829631,250186754.37302318,pair_12_19_L24.npz,near_interior_pair,12,19,668495c18d9f3e0055f3a0cbee9271d9a292f09a8188a6c9f71b6fe06f26d9be,7ace00ea979ea82029081e23227a63ce37720e72434529ad6f9cd4339d191842,5b0febf98197471af431520ad2e56d19e1e0f017387c80120a55838a3d793e46
1100,3003.496188829631,250186754.37302318,pair_12_20_L24.npz,near_interior_pair,12,20,4fe3358a9600926ef26160bff2dc666dcd8461b16f2f9d7131cf9ee83411af7f,baedb26177a9c3880f13eca5884c719929d7187fa0c184e220b8005091b6abe0,5b0febf98197471af431520ad2e56d19e1e0f017387c80120a55838a3d793e46
1100,3003.496188829631,250186754.37302318,pair_12_21_L24.npz,near_interior_pair,12,21,995660e0691416831a6e299f1d18a05c99861d837ec6e8ad55b37ee59758955e,9693d33ccfbacdaca99fd89d82968619267ea89ca557fa2a9360186875d41301,5b0febf98197471af431520ad2e56d19e1e0f017387c80120a55838a3d793e46
1100,3003.496188829631,250186754.37302318,pair_12_22_L24.npz,near_interior_pair,12,22,40fe014464739bdbd849fa538a4b1a39451e4fdf69acc08d0d4764dbd2149d67,45289e1948743f43a0fb2ecc98a5d4eb59389029091c1b0213385933e5f7e86d,5b0febf98197471af431520ad2e56d19e1e0f017387c80120a55838a3d793e46
1100,3003.496188829631,250186754.37302318,pair_12_23_L24.npz,near_interior_pair,12,23,af32fd932c410fd6a55563c125e65687be41c4164143ff8c4327c6b3d4f8b6c2,a55afffc74c2409586d458e85174cbd7ced702ba413589753450f55da37e9435,5b0febf98197471af431520ad2e56d19e1e0f017387c80120a55838a3d793e46
1100,3003.496188829631,250186754.37302318,pair_12_24_L24.npz,near_interior_pair,12,24,c8c5e8b43025fc541aebc5cdc989ecb57bdc910a09208bc38f2fe15d47ceb646,55b1f02a6bf4b98a9f8875e9196e4aef4113c04f6af1b4996b63147706c6e11f,5b0febf98197471af431520ad2e56d19e1e0f017387c80120a55838a3d793e46
1100,3003.496188829631,250186754.37302318,pair_12_25_L24.npz,near_interior_pair,12,25,4c5113ca8862517a8edb65e5272c5667a6284494b7b128c2b213a630712daf3d,e4a136ff122bacd46b0179de28d27643a4fd48fe809c2056415d950984ed7579,5b0febf98197471af431520ad2e56d19e1e0f017387c80120a55838a3d793e46
1100,3003.496188829631,250186754.37302318,pair_12_26_L24.npz,near_interior_pair,12,26,7d698759f8b678a4c686f8bc5914fae271eb8cc676ccb23241fad8a2686743b1,2799fc321250033668c93f8e57e1cfe69372ff2af5d480516beab336e1e9038e,5b0febf98197471af431520ad2e56d19e1e0f017387c80120a55838a3d793e46
1100,3003.496188829631,250186754.37302318,pair_12_27_L24.npz,near_interior_pair,12,27,0ccee3570f320ba87cadb6695585214ee434892ba00c0c9e171a43af8d975f86,85c38c2ecf3a608d42ea62d6e6f3984589a59c1d0f2a9f0e23e17dec20dc295a,5b0febf98197471af431520ad2e56d19e1e0f017387c80120a55838a3d793e46
1100,3003.496188829631,250186754.37302318,pair_12_28_L24.npz,near_interior_pair,12,28,766532864242d68c871457b4f391d2a92eb92faf9222f5fcd6ffeb5076752430,f23a582211e4f6b2eea13942f870e352830a710bf5220b16fcb86bf8bd7c071d,5b0febf98197471af431520ad2e56d19e1e0f017387c80120a55838a3d793e46
1100,3003.496188829631,250186754.37302318,pair_12_29_L24.npz,far_interior_pair,12,29,9a6258f01a9d51c22235d704d955d9e3cd274837b4d8d5b19bcb925171f58a2c,7f5e518b7aa84120fb2b98081d8c4b4eba3fe165a67ac9e067fe3ee8c98cd248,5b0febf98197471af431520ad2e56d19e1e0f017387c80120a55838a3d793e46
1100,3003.496188829631,250186754.37302318,pair_12_30_L24.npz,far_interior_pair,12,30,f665aae33dff238d42e47b1ade69a0fd028e13d7ffbfc644ec53a0170337c928,bd1d0b66ae41a96fbf3530c40f0caa845a30ae34b805e909fc708fc896932beb,5b0febf98197471af431520ad2e56d19e1e0f017387c80120a55838a3d793e46
1100,3003.496188829631,250186754.37302318,pair_12_31_L24.npz,far_interior_pair,12,31,6b081a83081489dd4b5faff7633cffb69a7990f0d7f890b085741f5f6cb08e40,9ee1cf5d7116365a801513997cd31f0e3110f785f0b70e209048486d1879dbdf,5b0febf98197471af431520ad2e56d19e1e0f017387c80120a55838a3d793e46
1100,3003.496188829631,250186754.37302318,pair_12_32_L24.npz,far_interior_pair,12,32,487fe58e45303ddee597cf98a196b201ddf3c90614550a5a40f927793d8c09b6,6b8e03826e2cd5f1f0965790b54868b50c848497b54e4d31c2d8c39e9f127e1a,5b0febf98197471af431520ad2e56d19e1e0f017387c80120a55838a3d793e46
1100,3003.496188829631,250186754.37302318,pair_12_33_L24.npz,far_interior_pair,12,33,9e67ab8d83feccc663bf3351dc6cd375ff328fa30a83b868f8fafa69908cdc84,e6f021f75f82f9121b2b3f9a416e1f12cf547ab36a3816ec08fdf6c26861b85a,5b0febf98197471af431520ad2e56d19e1e0f017387c80120a55838a3d793e46
1100,3003.496188829631,250186754.37302318,pair_12_34_L24.npz,far_interior_pair,12,34,64facb39b8a83d8724a859bae78dad889b559c9dba9a4d0bb1a48e92eac62307,8308202da21b65d51e8fcec9dd7747257ed5eaedf80d60a3f3310d9ff56a0d17,5b0febf98197471af431520ad2e56d19e1e0f017387c80120a55838a3d793e46
1100,3003.496188829631,250186754.37302318,pair_13_14_L24.npz,interior_pair,13,14,0e43c67fe8ea5219318698d116473a23a01b6def4e47d757f484fdcf7f73ee7e,631060a5ca7c3ca90f22834186ea20d2a6cefbd070ed5c04211be4890435c78f,5b0febf98197471af431520ad2e56d19e1e0f017387c80120a55838a3d793e46
1100,3003.496188829631,250186754.37302318,pair_13_15_L24.npz,interior_pair,13,15,e54c518e2eb7dda9f1322b31955fb55062e746f766e4c5f08be68cfaac759917,65c6ff44a7021feb1bbe9c2844b9eafeb46c25b5cea598243b0e1e032fb99075,5b0febf98197471af431520ad2e56d19e1e0f017387c80120a55838a3d793e46
1100,3003.496188829631,250186754.37302318,pair_13_16_L24.npz,interior_pair,13,16,31484f46d90d010fda83fafcb5d70a217d8a6c3a8e9bdf80ea4b755b32d46495,ffbd0c6acae685d89c257fd27cc85107e50dd980f4c40046d822c4cb406cde24,5b0febf98197471af431520ad2e56d19e1e0f017387c80120a55838a3d793e46
1100,3003.496188829631,250186754.37302318,pair_13_17_L24.npz,near_interior_pair,13,17,4339df40c4425809c06a9661e9e0d77ddf6bc9f25a36c9aaebf9b9dce964cb94,7afa7408b499ee0e36f741e731e2c53f14a82dae7e07b15188755302dc0ce32e,5b0febf98197471af431520ad2e56d19e1e0f017387c80120a55838a3d793e46
1100,3003.496188829631,250186754.37302318,pair_13_18_L24.npz,near_interior_pair,13,18,ae97cf17e618507188c4f17e60c062754dd025211f6c3a5db93c2b0a5d12a22a,cfee9bac7624718af4ea6e8b5d1e5c096d9c5bc02112fce66e81551d00e79aca,5b0febf98197471af431520ad2e56d19e1e0f017387c80120a55838a3d793e46
1100,3003.496188829631,250186754.37302318,pair_13_19_L24.npz,near_interior_pair,13,19,2a4f118beffd744ba2f8bb034f9ad8f0c996653706bf8aa0b78be2053be65d96,508f6e0d2f04abf6dec13a6e5ea07b934c927f19199bf216f07193dbf7a5e1b0,5b0febf98197471af431520ad2e56d19e1e0f017387c80120a55838a3d793e46
1100,3003.496188829631,250186754.37302318,pair_13_20_L24.npz,near_interior_pair,13,20,8a7db79e297707b086ae5332aad412abcece07289b6bdc7367eeb8d94cccb642,14c772b0a63c88e4b52651969b8dfccc02590760e9d71f09b32b338443d3c0d8,5b0febf98197471af431520ad2e56d19e1e0f017387c80120a55838a3d793e46
1100,3003.496188829631,250186754.37302318,pair_13_21_L24.npz,near_interior_pair,13,21,e81dca3c77a21f0c29479211d0767260b25c614764a522ab8f200cafdb957c77,3e3c87a351dd0fa9ce375ddbfaadd7eb7bfd40240ab26c80c43143021e4ce0c0,5b0febf98197471af431520ad2e56d19e1e0f017387c80120a55838a3d793e46
1100,3003.496188829631,250186754.37302318,pair_13_22_L24.npz,near_interior_pair,13,22,92b1de8c8f924a07449bac81b053ee6f584565a30658087262e15907e1a7f222,16e7e08b3c982b1d1a7dc9cb6b8ea2338406c991347642f43d0096f5296a17c6,5b0febf98197471af431520ad2e56d19e1e0f017387c80120a55838a3d793e46
1100,3003.496188829631,250186754.37302318,pair_13_23_L24.npz,near_interior_pair,13,23,91825acfd6f282acc7e27d35b1a8e45f54316a466dd60d41e825f165eb97afd2,33b515e339b3d6067e48af154af0160c0a31523148dce679cf8d041b989b2418,5b0febf98197471af431520ad2e56d19e1e0f017387c80120a55838a3d793e46
1100,3003.496188829631,250186754.37302318,pair_13_24_L24.npz,near_interior_pair,13,24,653abd7c6994916190dc9e9418aecee7711ae5f630a9ead9d18f03e4e629045a,8480f982870104d411970f6219b4c6c1be2df530f19151f35156fed1ddfcbfd0,5b0febf98197471af431520ad2e56d19e1e0f017387c80120a55838a3d793e46
1100,3003.496188829631,250186754.37302318,pair_13_25_L24.npz,near_interior_pair,13,25,142111baa134685a8b9d684067aad70de1fcc1394c0d9f16d7648bbecb0403df,dfbb3f32ab95e2a65eacf90caf210d2279a3df05ed95cf8e6987cd890bc1c4ef,5b0febf98197471af431520ad2e56d19e1e0f017387c80120a55838a3d793e46
1100,3003.496188829631,250186754.37302318,pair_13_26_L24.npz,near_interior_pair,13,26,11e115fa26dcd67ff4c80b2e7fc034f8df17a4dd8475d7a549332c0081bfae19,c21550ea2306ef4f9695bcb54ec0e0b4bfa1b9a27234cc3d8c5d03ebbe11101c,5b0febf98197471af431520ad2e56d19e1e0f017387c80120a55838a3d793e46
1100,3003.496188829631,250186754.37302318,pair_13_27_L24.npz,near_interior_pair,13,27,a345370421bda46d9a90dcd9d7b71452b8a5776dbe6d7a500331fcf32500f3ef,6789e70bef1b28dc8205d9948b8c4bfd2411a50cdda7e057ec500f693f510771,5b0febf98197471af431520ad2e56d19e1e0f017387c80120a55838a3d793e46
1100,3003.496188829631,250186754.37302318,pair_13_28_L24.npz,near_interior_pair,13,28,7ba9319b8906015e6839b6a8998e9e39e17f4db6292468cca246f81d9dadbce8,369616272cab933e7510e8ffbc092527cb6aaa4ff51dea3cc87053c6a149ce72,5b0febf98197471af431520ad2e56d19e1e0f017387c80120a55838a3d793e46
1100,3003.496188829631,250186754.37302318,pair_13_29_L24.npz,far_interior_pair,13,29,3830aacc8a0ba10b4fe2b3a8abeba4cd1c68d0d481102b0350cc20a36f09d0f5,728c3f5dbedd06a57799e747b2f257e46367209be28c4d27bd09c7381e166433,5b0febf98197471af431520ad2e56d19e1e0f017387c80120a55838a3d793e46
1100,3003.496188829631,250186754.37302318,pair_13_30_L24.npz,far_interior_pair,13,30,fcbfddb87dc80636908e4f926dc892fa6121c464ce605cbcb1ea3d1bcad2485d,6c03aba507d10a8614b9ba69f69b32e53e5dcbbb6c4aa16c4d983459a522e7c7,5b0febf98197471af431520ad2e56d19e1e0f017387c80120a55838a3d793e46
1100,3003.496188829631,250186754.37302318,pair_13_31_L24.npz,far_interior_pair,13,31,0da731bd6ea6e71fd61e837bb22d37123aff8b2247e87762a03e3fd42633c96d,e883c3d86a814ed6042b1555491898540e3d2abafe5a2407dd248dca6c723bc9,5b0febf98197471af431520ad2e56d19e1e0f017387c80120a55838a3d793e46
1100,3003.496188829631,250186754.37302318,pair_13_32_L24.npz,far_interior_pair,13,32,c69a29acf77737b38d02b825c2e07201d34b5d32810bcf2ea27aa83d2aa7f2b3,9cc6d9d66dfa11f24cb0eef9f31c7b707544972dc3301fbd99fe89e638afe9ad,5b0febf98197471af431520ad2e56d19e1e0f017387c80120a55838a3d793e46
1100,3003.496188829631,250186754.37302318,pair_13_33_L24.npz,far_interior_pair,13,33,f4f35a39814ccb981e572df3d8babc23e3940684fac164b2f6ad29748e4e68c2,0f3dd0d569e3f2250a13b2f8000b9571310cd5de4e616986d0f486e59bac0934,5b0febf98197471af431520ad2e56d19e1e0f017387c80120a55838a3d793e46
1100,3003.496188829631,250186754.37302318,pair_13_34_L24.npz,far_interior_pair,13,34,38fa805c2b68ce7f7096b338b4daea75f45b26838228130660a39c02e1da6a6b,d2e5ea2d6e70d301625624c0a9456ba83d16de0c9b54bc1d3f5da1616364af1b,5b0febf98197471af431520ad2e56d19e1e0f017387c80120a55838a3d793e46
1100,3003.496188829631,250186754.37302318,pair_14_15_L24.npz,interior_pair,14,15,a3ac02eb716813c5024fe8f78e2647f0459ee19a705fe18e6b369d29844c2135,fc6202d6237741caf492e0e2a23754cea8a09ea2d2deaae77e851707142f0411,5b0febf98197471af431520ad2e56d19e1e0f017387c80120a55838a3d793e46
1100,3003.496188829631,250186754.37302318,pair_14_16_L24.npz,interior_pair,14,16,4eb64b9ea984228db6b1f5693e51f2f8400336e63f6ec6fd4f5e23c85438ed81,f62dc16b5e01fd72d5f33d07c7a57c7a6b1c776d5dd50f081132e7faf3a6079a,5b0febf98197471af431520ad2e56d19e1e0f017387c80120a55838a3d793e46
1100,3003.496188829631,250186754.37302318,pair_14_17_L24.npz,near_interior_pair,14,17,5ef099a993758f01c01ae36e880c6b7a142dc368f2eaa45d3c74dfe42ff0cd64,614f306aa76c01d30c0b93fe9de9c55bc5f9c04fa23d33310ee4596a7a30a1a1,5b0febf98197471af431520ad2e56d19e1e0f017387c80120a55838a3d793e46
1100,3003.496188829631,250186754.37302318,pair_14_18_L24.npz,near_interior_pair,14,18,f4cdef67a48f509f7ab56d9addf88b282e4059e6881a9189dcbcdd01fd39cc9a,27c74cf005f41c81b7d5f43a485ad44531644b9932b0d6a6c37ed9e57c9ebe0c,5b0febf98197471af431520ad2e56d19e1e0f017387c80120a55838a3d793e46
1100,3003.496188829631,250186754.37302318,pair_14_19_L24.npz,near_interior_pair,14,19,d90a1a8c64321c3311c5869be07c4bef1f95ca5b962a0a7e027ad1cb66c8fb36,60884562a47fe06a0247406fecf5089b07ea89eee3ab4a623c1cc11f1d39941d,5b0febf98197471af431520ad2e56d19e1e0f017387c80120a55838a3d793e46
1100,3003.496188829631,250186754.37302318,pair_14_20_L24.npz,near_interior_pair,14,20,81c3396765f9c868bec1644a2ba6252aaf2507b69a261272bc77c268ab41f990,f524484ede414cbc4b2d05deb2bdf45d74d9e3731536bc2411bcf41cf61dbf09,5b0febf98197471af431520ad2e56d19e1e0f017387c80120a55838a3d793e46
1100,3003.496188829631,250186754.37302318,pair_14_21_L24.npz,near_interior_pair,14,21,784ee532abd23f66797e4e2be6a0c90f85268c998251b8584171298bff4bca2b,745789caed149be190b78f187460ab5e81083a2640edf97e6a62599e42910121,5b0febf98197471af431520ad2e56d19e1e0f017387c80120a55838a3d793e46
1100,3003.496188829631,250186754.37302318,pair_14_22_L24.npz,near_interior_pair,14,22,d350a886f36a91a64e7fd470a960182620e8487a6c39f9a71df628730bb30be4,ed6ded28587898cda2e7f285ef323575794cf6ce97a57045cdc521947c35449f,5b0febf98197471af431520ad2e56d19e1e0f017387c80120a55838a3d793e46
1100,3003.496188829631,250186754.37302318,pair_14_23_L24.npz,near_interior_pair,14,23,665ca57659f6ad9417cd36d3e67a05fcdfa90b1a1346cea8a7b6c916b2f6a1f3,db0542a08ba27c560aa29f61009b8fdd9fdeb3d1a6a3ed67cb28a9570d73414a,5b0febf98197471af431520ad2e56d19e1e0f017387c80120a55838a3d793e46
1100,3003.496188829631,250186754.37302318,pair_14_24_L24.npz,near_interior_pair,14,24,3ef35b8fa53c9f49d4d95281039472e3ebd76bf2cd446ce14ae39526b12920c0,665844b4348405938779e9532265b9313a06d80dbe2f55aa46005263a834e7ba,5b0febf98197471af431520ad2e56d19e1e0f017387c80120a55838a3d793e46
1100,3003.496188829631,250186754.37302318,pair_14_25_L24.npz,near_interior_pair,14,25,f377bf0c568eb268b7df06eff775f9c40cdc3e7106600031d6efb8fe03569a75,d8c2e24486768753405eb39940d014514a0d016b3cdf393771313819b49a82ba,5b0febf98197471af431520ad2e56d19e1e0f017387c80120a55838a3d793e46
1100,3003.496188829631,250186754.37302318,pair_14_26_L24.npz,near_interior_pair,14,26,be1dd2d4b7b83599421a1dfdd713556f32c6816f8bb01e95deb9ace86ad012e6,aba5a1c99a6cd8b65b82a4ae18d6abdf5e36ef1d5e85f8a66d25d3a8d216bd02,5b0febf98197471af431520ad2e56d19e1e0f017387c80120a55838a3d793e46
1100,3003.496188829631,250186754.37302318,pair_14_27_L24.npz,near_interior_pair,14,27,bdf776eabad8a36894882e53b393378f60d2f9ad309340f78170d5526fcb85f9,5871d146ff9d2e455da4dac48963f0d73a1b3f9624e8b575153e950ba886c2c4,5b0febf98197471af431520ad2e56d19e1e0f017387c80120a55838a3d793e46
1100,3003.496188829631,250186754.37302318,pair_14_28_L24.npz,near_interior_pair,14,28,3876eef10e8ee4e67da685cc6941017e3404bc9ef5d2e4b0bcf65405d86efa82,f16ec6dabd7e6df7070398a92ee097d9375645856c88600bd7b14aeb56f7f443,5b0febf98197471af431520ad2e56d19e1e0f017387c80120a55838a3d793e46
1100,3003.496188829631,250186754.37302318,pair_14_29_L24.npz,far_interior_pair,14,29,ab7e9258b95b4d51b942fe9bf0112e8e3900c9f8803c1ac946315c51f61b199f,83bee961ab4583ad9252b1ee63013fc221eddabef20be259a297546d9c49721a,5b0febf98197471af431520ad2e56d19e1e0f017387c80120a55838a3d793e46
1100,3003.496188829631,250186754.37302318,pair_14_30_L24.npz,far_interior_pair,14,30,1d31de68601827a0153ad7bd205cf9a44f6aede76bffc0c02239906cb0c10f6a,9a1bde7b0918c76ffb4a2c1b9954852a9ffb49498395297f05d23bba2dcad54e,5b0febf98197471af431520ad2e56d19e1e0f017387c80120a55838a3d793e46
1100,3003.496188829631,250186754.37302318,pair_14_31_L24.npz,far_interior_pair,14,31,7f92c2fb95168d901de05939e0bdbe1863398fd1e2edd0e763aa4e09a04eb248,2d5f6c1a73fc7448b5b8ce1cce7789c776111e0050056e40d008a029d7463ada,5b0febf98197471af431520ad2e56d19e1e0f017387c80120a55838a3d793e46
1100,3003.496188829631,250186754.37302318,pair_14_32_L24.npz,far_interior_pair,14,32,67ce43f9d08eea681a8806f39018503052e30caf25f375d407881e7b833a451a,b4ca2a31a42247fbca080a9e9a7ed81fe4efc80feb0cdc2fa4b22661afb4b5cd,5b0febf98197471af431520ad2e56d19e1e0f017387c80120a55838a3d793e46
1100,3003.496188829631,250186754.37302318,pair_14_33_L24.npz,far_interior_pair,14,33,c3d93de7b0008c0c8a88f3fba575bff58e3b74a510356bc2c7526a0bae915046,09030ebe45613d67e57544eb8d0c9ffab16c831d6f9cce37a0dbe850c42161e4,5b0febf98197471af431520ad2e56d19e1e0f017387c80120a55838a3d793e46
1100,3003.496188829631,250186754.37302318,pair_14_34_L24.npz,far_interior_pair,14,34,c92866219c708c1d676c0106b049258987ddfdcc8abe3576e1a905744bf8e310,ca31ddc520c1c7de2d5a320e09d6ab0847f68abefc9e87139ad3574c38eb86a2,5b0febf98197471af431520ad2e56d19e1e0f017387c80120a55838a3d793e46
1100,3003.496188829631,250186754.37302318,pair_15_16_L24.npz,interior_pair,15,16,067cf64540805edd592f0bcf15b6cbffcb3fcf3b2f9d8560b24d0c26d702d119,673855f50dc79abc775bb7e7872e2888fa5de191cb9218086e89ed91e16f35cc,5b0febf98197471af431520ad2e56d19e1e0f017387c80120a55838a3d793e46
1100,3003.496188829631,250186754.37302318,pair_15_17_L24.npz,near_interior_pair,15,17,1e85847971809396305618fc5bacd15324ee6de178ebecb471b4e2daf0efed15,aef3dbff70ce553716fafcb0a7b9f7f3b438feb95730b6e1de8bb67c16158f5e,5b0febf98197471af431520ad2e56d19e1e0f017387c80120a55838a3d793e46
1100,3003.496188829631,250186754.37302318,pair_15_18_L24.npz,near_interior_pair,15,18,9edb28b7c0bdd277759b865e486930a6f3e1f74aac5e353b3726338f5de54457,1424b9bf481021f859e5d9dfcec491cbdae62a65534c0c03e67034f709165562,5b0febf98197471af431520ad2e56d19e1e0f017387c80120a55838a3d793e46
1100,3003.496188829631,250186754.37302318,pair_15_19_L24.npz,near_interior_pair,15,19,f5a985e8cfcbc91417b33f202048e557ad726f2d5aed943d504f0de18f2fa24c,9c21efe944c1993cb1ac55cc8fd850883bad7af736960ae6c5f4b3480fdfb176,5b0febf98197471af431520ad2e56d19e1e0f017387c80120a55838a3d793e46
1100,3003.496188829631,250186754.37302318,pair_15_20_L24.npz,near_interior_pair,15,20,68217a8792ddf36b2cea706fc5dd0075bd9111bfbe522a8d86ffbcdcea0585dd,45b69dd2d0dac8c520132a866c6220db29ba3d16580c9345aec030663ee63245,5b0febf98197471af431520ad2e56d19e1e0f017387c80120a55838a3d793e46
1100,3003.496188829631,250186754.37302318,pair_15_21_L24.npz,near_interior_pair,15,21,d30cf9d462fcbc3bcb80ebaca29f3122a41e144bb344f7752c394e20cf30ac15,1eb7e3fac843c2deb87ee178bea237c992b11f73ca73b58be3d2679a45dc5ab4,5b0febf98197471af431520ad2e56d19e1e0f017387c80120a55838a3d793e46
1100,3003.496188829631,250186754.37302318,pair_15_22_L24.npz,near_interior_pair,15,22,114cdcf204735689d1f9809dab20aa6c0fa448e5187dfbee13ef14bbe364fa53,c4490b8eaa0573db8e518a48f10b71406ae142f48cf16cbf90f2d19a98e918e3,5b0febf98197471af431520ad2e56d19e1e0f017387c80120a55838a3d793e46
1100,3003.496188829631,250186754.37302318,pair_15_23_L24.npz,near_interior_pair,15,23,cbc2d37cad31b8ef3775036c9c5c903d034ff309f2bcf5c24e9a6b2d1e6dd60d,ac8935e38f045fce2a41394cc3998f2695012cd5efb399a4ce73e872da5fab69,5b0febf98197471af431520ad2e56d19e1e0f017387c80120a55838a3d793e46
1100,3003.496188829631,250186754.37302318,pair_15_24_L24.npz,near_interior_pair,15,24,4870be675f4577bdb7eb0f363c6678b18dbb120d28f3f087538e5990fe0caf5e,2409cd219742c6ad4945c1c8b886a06f1db5350ab0527c2f74b97e8b260c852a,5b0febf98197471af431520ad2e56d19e1e0f017387c80120a55838a3d793e46
1100,3003.496188829631,250186754.37302318,pair_15_25_L24.npz,near_interior_pair,15,25,8f6ebc760e20304d74c8ff4a8ea2852feed34e4b139bac7693cdcec6897d604f,1aeadf1393fc72c44dc1aad52a6f9e9714ad97a6823b34d9f02bc5fefdef23a9,5b0febf98197471af431520ad2e56d19e1e0f017387c80120a55838a3d793e46
1100,3003.496188829631,250186754.37302318,pair_15_26_L24.npz,near_interior_pair,15,26,c687700c4daf9764dba47d339bb2629725b985aa587397db2b56762f340e0d21,b08401845fd730387ff92bc4a4ac2a2f420a02b5705c8b16ce763adac331b2e7,5b0febf98197471af431520ad2e56d19e1e0f017387c80120a55838a3d793e46
1100,3003.496188829631,250186754.37302318,pair_15_27_L24.npz,near_interior_pair,15,27,c3cf39e8f978d01270191d06acabea32dba8b4edafa457bfce045e22046347d4,721452c9a31a6ea4e01038a963ba1b417f960b2f724b73f3ec96a4cc369ef1f4,5b0febf98197471af431520ad2e56d19e1e0f017387c80120a55838a3d793e46
1100,3003.496188829631,250186754.37302318,pair_15_28_L24.npz,near_interior_pair,15,28,2aa1a8a91b6923c0a61065a35c4e7408b10e171302a673aa0ed4aaea7b3372fa,0063f77d6efda137ae6c6944d97300f4256bfbb35ba6e6f8a320d0384ef9b6b0,5b0febf98197471af431520ad2e56d19e1e0f017387c80120a55838a3d793e46
1100,3003.496188829631,250186754.37302318,pair_15_29_L24.npz,far_interior_pair,15,29,b29745b3660afc06b5238ddbad5bba3b0c548348f34a913bb9022112e3583b5b,fd82c7b456ab64e8667fd03d6268211a41425b16b5f5fda225e394d308b089d2,5b0febf98197471af431520ad2e56d19e1e0f017387c80120a55838a3d793e46
1100,3003.496188829631,250186754.37302318,pair_15_30_L24.npz,far_interior_pair,15,30,425d80df8f24b3361bc878d7240f46de980f3da9ae6776317f47a1ab24d5be40,e5b56908eefd574f8948b7ba10022be151af3dbe0ecd03a6fe09a3cee3a674c8,5b0febf98197471af431520ad2e56d19e1e0f017387c80120a55838a3d793e46
1100,3003.496188829631,250186754.37302318,pair_15_31_L24.npz,far_interior_pair,15,31,375eb52e28d9a46fe83b9fdee54cc94cec7e83f2f6837e30a2ac209375485373,daad35ab54616c4d1a7b7fa0f86d1b44474a734fd3f830da32eb3cd76c5ac320,5b0febf98197471af431520ad2e56d19e1e0f017387c80120a55838a3d793e46
1100,3003.496188829631,250186754.37302318,pair_15_32_L24.npz,far_interior_pair,15,32,cb7903b8fb821f790b30e5a6fb3d0ed789d777e15ec2b61478009d68f01b0ada,3dedcdb7339b53706e9098cff9c7a1d1f17b02b452e29feb7950c6978d0b1b5f,5b0febf98197471af431520ad2e56d19e1e0f017387c80120a55838a3d793e46
1100,3003.496188829631,250186754.37302318,pair_15_33_L24.npz,far_interior_pair,15,33,0bab5fb861c3335a23e934a8724acd22604f4599cd7e2939b053fe2c0fa7bab1,ad3d0e03c76bf05b23a08c5dfafcee4e860c70df4df83d2edfacaaa5f64fb77e,5b0febf98197471af431520ad2e56d19e1e0f017387c80120a55838a3d793e46
1100,3003.496188829631,250186754.37302318,pair_15_34_L24.npz,far_interior_pair,15,34,f95a606d101f449d7f17669cb8699a4395c7bf2058530b95a5363da14e816268,b795f29bdf208b0559b564a8779d4ed9d6caa3eac893f6057870b39c4c535393,5b0febf98197471af431520ad2e56d19e1e0f017387c80120a55838a3d793e46
1100,3003.496188829631,250186754.37302318,pair_16_17_L24.npz,near_interior_pair,16,17,7b41ece5a2508e438d16deac0161623be58c2dd48dd1d8b02b167b1a1129d843,7b6df00785c59981c271a1ee60b13f65d4701f047902f40963031df9178c537a,5b0febf98197471af431520ad2e56d19e1e0f017387c80120a55838a3d793e46
1100,3003.496188829631,250186754.37302318,pair_16_18_L24.npz,near_interior_pair,16,18,845bd23abe79b690dc438a3d5445f9828a7486b8dd036732962da582e0bb56a8,b60dd2a4fc46e0496709b34199432f2c00b8adb75f5b95a61ffe4e0d71e4509c,5b0febf98197471af431520ad2e56d19e1e0f017387c80120a55838a3d793e46
1100,3003.496188829631,250186754.37302318,pair_16_19_L24.npz,near_interior_pair,16,19,ead55f56d8d33a56cd2746a81eeea237c210f770f1b80ea9cfce08e06234feb9,5088fa0dfd06483b63e9bb2a58d22658ea248ce0e95dd7f7a8e9cf6b0fdf59f1,5b0febf98197471af431520ad2e56d19e1e0f017387c80120a55838a3d793e46
1100,3003.496188829631,250186754.37302318,pair_16_20_L24.npz,near_interior_pair,16,20,ee63d952391d6c5208a9bfae208ee2f9cfacccb06c5ee73d19f0d138a5515c26,3bcaa165bde37cfbfc834bba91b3dae10126c6f1e83fca1c039366f0ab1a5feb,5b0febf98197471af431520ad2e56d19e1e0f017387c80120a55838a3d793e46
1100,3003.496188829631,250186754.37302318,pair_16_21_L24.npz,near_interior_pair,16,21,7c9c2a2c45f2d779dc5ddc2107ff4a001a598335c054f2aaf741cd34f24bdd11,f4f20d6db32e403dc8a5707681469d29709e3c85a79e83d63cfd9b5ad8ec34cd,5b0febf98197471af431520ad2e56d19e1e0f017387c80120a55838a3d793e46
1100,3003.496188829631,250186754.37302318,pair_16_22_L24.npz,near_interior_pair,16,22,b1aae8b52add31e5e5d0b68dc7c6dfc862293f80654456741effecb7188b8fe6,c362b3faf74021252c15a3a87452161f29230d794a68ddb0b1341ca607cc1fcd,5b0febf98197471af431520ad2e56d19e1e0f017387c80120a55838a3d793e46
1100,3003.496188829631,250186754.37302318,pair_16_23_L24.npz,near_interior_pair,16,23,b272752e3fb361866fccd4e58a8e3d32fed88b25fbfb91cf464e0a56ecb9a80c,6882bc29d6fe38426f0d088c1c518388fb61776f4d04ca31acfb88fff842028b,5b0febf98197471af431520ad2e56d19e1e0f017387c80120a55838a3d793e46
1100,3003.496188829631,250186754.37302318,pair_16_24_L24.npz,near_interior_pair,16,24,0b3febed6b077a244cbc7ca77e52050b6e3b41264e2aa2269768a109fc45d5fc,43dbd92963b85da3d99fa05de3a9b57df9183498fb205bce3344388f38bd50cb,5b0febf98197471af431520ad2e56d19e1e0f017387c80120a55838a3d793e46
1100,3003.496188829631,250186754.37302318,pair_16_25_L24.npz,near_interior_pair,16,25,7a5e91267982e90a834271d96bb68842927c3a863e085ad212f5366ff1354a85,6b506c8027fc0bf513df9e1b5fd6682486e09c7b9629dfe52f53bae827e2742b,5b0febf98197471af431520ad2e56d19e1e0f017387c80120a55838a3d793e46
1100,3003.496188829631,250186754.37302318,pair_16_26_L24.npz,near_interior_pair,16,26,8660a765726acea92916405ddd89a2041364af2a15d348606a7f864c04dc78b9,d35f72721e1fa11862ea914745067b09f4987e8c76bc26a204f817925ca587f2,5b0febf98197471af431520ad2e56d19e1e0f017387c80120a55838a3d793e46
1100,3003.496188829631,250186754.37302318,pair_16_27_L24.npz,near_interior_pair,16,27,56ccfba04e6649bfdac27548c49c0a9accf3adf520bc64f3420cf8bc733eb200,d30aa1aef901cab67f2fcd78711593d9cc348eab5d30884b1d34bb25b3e84758,5b0febf98197471af431520ad2e56d19e1e0f017387c80120a55838a3d793e46
1100,3003.496188829631,250186754.37302318,pair_16_28_L24.npz,near_interior_pair,16,28,a6bd9b66e933b820e60b200a1f2c657f8323e7a099d00c78ee8bda044ca4578d,b2392a6d9193c0d9cb40d353207d1daa7ebc23c1956bb993cfdcb239a809d71f,5b0febf98197471af431520ad2e56d19e1e0f017387c80120a55838a3d793e46
1100,3003.496188829631,250186754.37302318,pair_16_29_L24.npz,far_interior_pair,16,29,440ef72baad15cf9cf434106c9ca545397d43578f634d35c56828a12b078ea80,89bc88725c22845cc8e837e91ed2a5c8b760a750207c197bc7cc9dbe96af6671,5b0febf98197471af431520ad2e56d19e1e0f017387c80120a55838a3d793e46
1100,3003.496188829631,250186754.37302318,pair_16_30_L24.npz,far_interior_pair,16,30,717be4c61363f874d4b368088932a08e093a54f1a63f78f8df1f0308a7493f17,31d72c69b243236a24953cdccc22b97651409b4bb9d6932fe3f7a4d0cdeda45b,5b0febf98197471af431520ad2e56d19e1e0f017387c80120a55838a3d793e46
1100,3003.496188829631,250186754.37302318,pair_16_31_L24.npz,far_interior_pair,16,31,fc9cea55831f6d4bdaffe5281ed45614734852bef1a5c94e5926a5bfd2b532e1,61814196c5f705e259b954ee884e13687a3d737fc3b179bc5ba2a9731cbc3624,5b0febf98197471af431520ad2e56d19e1e0f017387c80120a55838a3d793e46
1100,3003.496188829631,250186754.37302318,pair_16_32_L24.npz,far_interior_pair,16,32,d51f6e69c28cb7d5db000f1d6ec16a47a23651f8379cf4d763ece930a62216dc,b447926506667a9ccb3525034859c2eee69dffdd52563534587c93f1fe8b0724,5b0febf98197471af431520ad2e56d19e1e0f017387c80120a55838a3d793e46
1100,3003.496188829631,250186754.37302318,pair_16_33_L24.npz,far_interior_pair,16,33,68a9dde6e8f080ce04127d047574716954fc9a5fb4b34cbe64f60f7198ed69dd,4e3fb7e6e4546d0466ba0321fb8736f9ab655dd6b001783c2531024f75d45da1,5b0febf98197471af431520ad2e56d19e1e0f017387c80120a55838a3d793e46
1100,3003.496188829631,250186754.37302318,pair_16_34_L24.npz,far_interior_pair,16,34,09b7170fa49cae21c58bbb15d9fa0db4adfb091f5217a578ffabd59f65e0cedb,b440df303c24d4aac641953ce8092a4582ec6c9b23d211cc895abde53776f624,5b0febf98197471af431520ad2e56d19e1e0f017387c80120a55838a3d793e46
1100,3003.496188829631,250186754.37302318,same_00_00_L24.npz,same,0,0,5a7f1f3af50c3211a6e45c0f947a5ab7ebccc74cb2954cee21d28e151f8130e2,d6bddd9c0b7549db8c580ce4084024392d50a49549f23ca97170444184d3a3cc,5b0febf98197471af431520ad2e56d19e1e0f017387c80120a55838a3d793e46
1100,3003.496188829631,250186754.37302318,same_01_01_L24.npz,same,1,1,5a58ef854ca4d0e32fc778addfe015e2cdec2f7dd9c1556eef8a416727b8ecde,7c69c1f74d0beebf7afa31b494be823d33f365d8023667a4bf0b5343a6a34259,5b0febf98197471af431520ad2e56d19e1e0f017387c80120a55838a3d793e46
1100,3003.496188829631,250186754.37302318,same_02_02_L24.npz,same,2,2,a258a4e180f59a84860231911df0eadbca01dea4dcb2b62d48149d27453e98df,2335c8f8a4a29c98c8ccd019988968f3ada4885b29b0ca41764a252bd2d81f52,5b0febf98197471af431520ad2e56d19e1e0f017387c80120a55838a3d793e46
1100,3003.496188829631,250186754.37302318,same_03_03_L24.npz,same,3,3,be17507a6a4fefacef15ff011ddcf96d041da7ab9e42e8f27f86e4077bcac479,d797ff6a4029976f7a6fc4d60e77b96cc166c12382ffc7644161c1ac527a843d,5b0febf98197471af431520ad2e56d19e1e0f017387c80120a55838a3d793e46
1100,3003.496188829631,250186754.37302318,same_04_04_L24.npz,same,4,4,85080a7db3b7ca1e14f343d47ab3453936715e638f04251e3a2ed791bcb5049e,011b65f7417cbaeb5cdab79123bc13dc8cb1485d60958c17b5659a00cbdc0bdc,5b0febf98197471af431520ad2e56d19e1e0f017387c80120a55838a3d793e46
1100,3003.496188829631,250186754.37302318,same_05_05_L24.npz,same,5,5,5839b5e6c2d52cb2380ba4bb73fd291dcd2b72a0cf702a2a67b329d4789fb7ad,8dd8e693c38491bfff5e6580fecdcaecb0a6af99ac81764d8f22794db3bb092b,5b0febf98197471af431520ad2e56d19e1e0f017387c80120a55838a3d793e46
1100,3003.496188829631,250186754.37302318,same_06_06_L24.npz,same,6,6,a0844d3114f379075ec0d9d1ffe1221eb3ebb1858dd120c879370c022db017b9,abcd6f69991d6531264a2fe03da4abd142ff150510ffdda92b80b36b06e6ac14,5b0febf98197471af431520ad2e56d19e1e0f017387c80120a55838a3d793e46
1100,3003.496188829631,250186754.37302318,same_07_07_L24.npz,same,7,7,cca8c643e39f23855b3d46720df877f16681933a059578c87888d685e7a37c70,2df4c364cbc9d719e1a754c24edc63480f04cc8f5d16bdbe0cd6157de8466e7c,5b0febf98197471af431520ad2e56d19e1e0f017387c80120a55838a3d793e46
1100,3003.496188829631,250186754.37302318,same_08_08_L24.npz,same,8,8,97243d02d89e46e5fbc848d61668b96dab0a51405139fb8f74b1f3bcd406b952,5fd3f70b3afda5931a446c84968dac8098895f8ba66fa91a14f1e6d408d89ba2,5b0febf98197471af431520ad2e56d19e1e0f017387c80120a55838a3d793e46
1100,3003.496188829631,250186754.37302318,same_09_09_L24.npz,same,9,9,60421ecfa14775f024afeb2473e426e279bfd65e2655bdae077e2c70233cf072,87062466b145b1b23d72a6effbbafa0283c5631c4bdfbbb1d99461e4b5959234,5b0febf98197471af431520ad2e56d19e1e0f017387c80120a55838a3d793e46
1100,3003.496188829631,250186754.37302318,same_10_10_L24.npz,same,10,10,55f8041ae7636cb741daf9f9363e156d62e3494a13ec85b6b80a866e1c2e835b,bf0fa54bf122c4989929d17168cb581e07df50d6c503601c1f611d66da60a3f5,5b0febf98197471af431520ad2e56d19e1e0f017387c80120a55838a3d793e46
1100,3003.496188829631,250186754.37302318,same_11_11_L24.npz,same,11,11,742688814fbe16552e04dfb76cb9fdb4e6add580bd8b8788beff453a0ffbb4cb,29265be48c917c511ac2b2c0d1adf89179b72608dd2da73090fdf984fcc36641,5b0febf98197471af431520ad2e56d19e1e0f017387c80120a55838a3d793e46
1100,3003.496188829631,250186754.37302318,same_12_12_L24.npz,same,12,12,ac94629cf27bcdd13472a06ad4206aa444b7de9afa4e6779686279ba937aec72,de282e4746914518c1aaade179e8840d60e248a923d3c110d22fdf240d3ed624,5b0febf98197471af431520ad2e56d19e1e0f017387c80120a55838a3d793e46
1100,3003.496188829631,250186754.37302318,same_13_13_L24.npz,same,13,13,9a6938cbccca352c486a25674c09e05594358a3b04051a337cdbf04d8d267f90,35945f824925295bc31e762a10d6899b90ca2a994a274a3624cdc3d427b4ed25,5b0febf98197471af431520ad2e56d19e1e0f017387c80120a55838a3d793e46
1100,3003.496188829631,250186754.37302318,same_14_14_L24.npz,same,14,14,70abd1ee22bb5c18dbb4e0e59b99aafd4463d742659219e1eeb50295abe2c04f,9a7eb9b7d66ff426edef1bdf425b066dcba906459c0cae508e549a63e37ceeda,5b0febf98197471af431520ad2e56d19e1e0f017387c80120a55838a3d793e46
1100,3003.496188829631,250186754.37302318,same_15_15_L24.npz,same,15,15,b6edaebd279041dcd23b3433f00f0ae9f7419a202990e314daa7f9897f4777b9,aaf9ecab54df729e39ef2decff634c70d1423589342154635bc88a8411a711e1,5b0febf98197471af431520ad2e56d19e1e0f017387c80120a55838a3d793e46
1100,3003.496188829631,250186754.37302318,same_16_16_L24.npz,same,16,16,8fad7bf2c2edabb107a1431da46f402610d2f293c400f7b0c4713578b75dec16,59d6f65961a8d1a7634d05dcfe1f6b75ec2fde8594ee7b62c53fd9816e34cce3,5b0febf98197471af431520ad2e56d19e1e0f017387c80120a55838a3d793e46
1300,3549.1156548825625,412793660.3935455,pair_00_01_L24.npz,interior_pair,0,1,daf02900a7a3f15460effdde68d90259202d0256d653d538371a62a920798539,9f962ae1008ec92c2f63290253d4ea5a5b15efa314fd69e152b0899fc78375e9,227c455847ce35aadb87e814a17b1e670f00837a9ecbea225de0a2a3a9a8fa81
1300,3549.1156548825625,412793660.3935455,pair_00_02_L24.npz,interior_pair,0,2,9fd135483b69eb88c89dbe5e6cbd0b07736b0df21db08d7dd227bc85a7faff75,f31b985278fde4ff77b4c9d01fa44ec13059f1ad6dcf87f4c91b1a19594b3da1,227c455847ce35aadb87e814a17b1e670f00837a9ecbea225de0a2a3a9a8fa81
1300,3549.1156548825625,412793660.3935455,pair_00_03_L24.npz,interior_pair,0,3,b39101546f9be935150f4e974914ce736db33ed47b4e71673fa87a32471079ad,0e24bad04dfa1f489b6176361b470bf1d74f5b165fd79d006bf723bde66fbe45,227c455847ce35aadb87e814a17b1e670f00837a9ecbea225de0a2a3a9a8fa81
1300,3549.1156548825625,412793660.3935455,pair_00_04_L24.npz,interior_pair,0,4,ef1ae597221adcb876d407e778f861fea2ba989771e4630f2385c906bc06bddb,f157a307cb866e72c11f07e13a6efe1b0b41b1ae409cdd87fc891fefb9288917,227c455847ce35aadb87e814a17b1e670f00837a9ecbea225de0a2a3a9a8fa81
1300,3549.1156548825625,412793660.3935455,pair_00_05_L24.npz,interior_pair,0,5,43c5b99fdfa0bbf3718fef10cb9e0f4db9d34b455c6fe4ac0e5b8005cfbae824,23a6cfcd5b27bd8d18a13ae4621dce96ebdbacfd91d9534ddc07f5407e0c7cd4,227c455847ce35aadb87e814a17b1e670f00837a9ecbea225de0a2a3a9a8fa81
1300,3549.1156548825625,412793660.3935455,pair_00_06_L24.npz,interior_pair,0,6,84945c142d25cbecdacb4cac8034ca85dc4a3e794206a7762767ddd93f358135,de0f285bf4ef8989056d916c932c126beafd5e631a9d13583e40048cbf0309d0,227c455847ce35aadb87e814a17b1e670f00837a9ecbea225de0a2a3a9a8fa81
1300,3549.1156548825625,412793660.3935455,pair_00_07_L24.npz,interior_pair,0,7,c9024b3bb543239e2f4ff7dbfc8a75a6801d7c31116f6b374cc90c22959cd70a,a24ca99728398484cf61dbc08b9b48ce987495db726fde71153a0b50e90878eb,227c455847ce35aadb87e814a17b1e670f00837a9ecbea225de0a2a3a9a8fa81
1300,3549.1156548825625,412793660.3935455,pair_00_08_L24.npz,interior_pair,0,8,82ff52847d4b3c99f0ffec23fe15e6b25532d9d5299c8cca30966b2cc9102725,8f3e2640c819d3d7ef8cd2f0d170fbbdb6505b1fac7586463c40695e3b7619c5,227c455847ce35aadb87e814a17b1e670f00837a9ecbea225de0a2a3a9a8fa81
1300,3549.1156548825625,412793660.3935455,pair_00_09_L24.npz,interior_pair,0,9,6c6ebf754b0679c8d2cb07c4e16a494647ab4b6bc064c326d070d55ad5179b34,e8b35e4932bcbb226c1bce0a6b1e474dd49244f5b1df5550f59300db0d346bea,227c455847ce35aadb87e814a17b1e670f00837a9ecbea225de0a2a3a9a8fa81
1300,3549.1156548825625,412793660.3935455,pair_00_10_L24.npz,interior_pair,0,10,b1d34b80316d768311b1611b22648ce3115db492158b9754b4994962dbc72fc3,d9fee1b5782178afe704fd4426bb5ad912c620f75b4e7e27036ccdb5a2426f92,227c455847ce35aadb87e814a17b1e670f00837a9ecbea225de0a2a3a9a8fa81
1300,3549.1156548825625,412793660.3935455,pair_00_11_L24.npz,interior_pair,0,11,2c5f8e3971b49c31705b701fe4e02155dfca867de982b837e9d3a4b9159402d9,63909c41e07deaafd0a72d18a77006243c8b704492f300f8e9575b5d1475bad5,227c455847ce35aadb87e814a17b1e670f00837a9ecbea225de0a2a3a9a8fa81
1300,3549.1156548825625,412793660.3935455,pair_00_12_L24.npz,interior_pair,0,12,8e4d8f952b2b1ff66ffb53e3ed1e83919bf628e80c71ab54d49f0b76600aa392,c3a6ed18100196f2be7ca88a160ed07bd4c71e00bfd7ad5d747e7f9c0af5fb92,227c455847ce35aadb87e814a17b1e670f00837a9ecbea225de0a2a3a9a8fa81
1300,3549.1156548825625,412793660.3935455,pair_00_13_L24.npz,interior_pair,0,13,68d26c9bfcc38104bc3656cc843e3dfafd76bb5cbc97f5399c791f7685604c8c,b51c17dbd7143891c092c367f54c703ebaffecf3c868824ed0221aeda0d5588b,227c455847ce35aadb87e814a17b1e670f00837a9ecbea225de0a2a3a9a8fa81
1300,3549.1156548825625,412793660.3935455,pair_00_14_L24.npz,interior_pair,0,14,32f6801e907869f88e9e94f49d0ff7cc3c3f097fbc249bfb823764f07f60ad96,8482995f38de7e39132d14c6ff44d64e2e875eb618f938efd03007690914c906,227c455847ce35aadb87e814a17b1e670f00837a9ecbea225de0a2a3a9a8fa81
1300,3549.1156548825625,412793660.3935455,pair_00_15_L24.npz,interior_pair,0,15,4e374fd6c1249f9a68ab29a71d1f281d633e995d0f41e97b9749c253993210ff,78af32408b915312fadc2c94604d87076e025acc74edf8860a89eaedf4cf6aa4,227c455847ce35aadb87e814a17b1e670f00837a9ecbea225de0a2a3a9a8fa81
1300,3549.1156548825625,412793660.3935455,pair_00_16_L24.npz,interior_pair,0,16,3f7a46ac3147a3201fb89c112191f78de674d68511d789f996de5bbaf3b13e91,fd7c53e27aead8184f7256e4bda6b9c6d820adfeea2cc481181e937d3180c857,227c455847ce35aadb87e814a17b1e670f00837a9ecbea225de0a2a3a9a8fa81
1300,3549.1156548825625,412793660.3935455,pair_00_17_L24.npz,near_interior_pair,0,17,def624f8508fd9be4e86e2e4834418ab9e35dada86ec5189544c25f856aada2c,963a993d039c30c277a2f5ca82f5e2456a503f2e03f374165abc1f95f7f7277a,227c455847ce35aadb87e814a17b1e670f00837a9ecbea225de0a2a3a9a8fa81
1300,3549.1156548825625,412793660.3935455,pair_00_18_L24.npz,near_interior_pair,0,18,8dd8e3284c34f3a8b9ced0f4729ec9f585e3935815430152e7acfae75cc113fe,010477b58e887ed84930bc779eb4858c38d7f13a05c7ee5f73d7133125007b09,227c455847ce35aadb87e814a17b1e670f00837a9ecbea225de0a2a3a9a8fa81
1300,3549.1156548825625,412793660.3935455,pair_00_19_L24.npz,near_interior_pair,0,19,0881d098baf53a7154cd12bb9aa77a1bad1efb1635e2c26efbba5a74c1ba4b72,4d235edcaecc0061b7c67ff0743a8f9fbd75cb3a5cf7c319df17bf9aaf29545f,227c455847ce35aadb87e814a17b1e670f00837a9ecbea225de0a2a3a9a8fa81
1300,3549.1156548825625,412793660.3935455,pair_00_20_L24.npz,near_interior_pair,0,20,10cc8d67411e2c3527a81d5c5daf04f2d01c07b34c15bfd70ec587561fe3420d,9105e65b67ef6c59ffbd51d52808b729e0d4c25db649a4b6bb1bf61614f3e40b,227c455847ce35aadb87e814a17b1e670f00837a9ecbea225de0a2a3a9a8fa81
1300,3549.1156548825625,412793660.3935455,pair_00_21_L24.npz,near_interior_pair,0,21,309ae31b59123e4bf2ed9eff02608720140d42b24f2cc516182a78d370620e87,f5d167237dcf15d139a8b00f5b61896bfe14366440e9129393dedb50e4b93a11,227c455847ce35aadb87e814a17b1e670f00837a9ecbea225de0a2a3a9a8fa81
1300,3549.1156548825625,412793660.3935455,pair_00_22_L24.npz,near_interior_pair,0,22,c07095e11b1fa4c4e8d40d98811534a016eeb688796d042cf48c4735018eb061,c240a3140b96b2d8c80d370b4ca0f2ede8b75377c22e4cef0b93537b5459faa7,227c455847ce35aadb87e814a17b1e670f00837a9ecbea225de0a2a3a9a8fa81
1300,3549.1156548825625,412793660.3935455,pair_00_23_L24.npz,near_interior_pair,0,23,cb6fd14badbb5c4d03d507ff36648263426ac60fb913705d94d18eaa02ac54a0,c63657af546eaee8aa75c1a35bb22abc4712ba7160af115ef8dae7694751b4d2,227c455847ce35aadb87e814a17b1e670f00837a9ecbea225de0a2a3a9a8fa81
1300,3549.1156548825625,412793660.3935455,pair_00_24_L24.npz,near_interior_pair,0,24,4f173c28bfa5bd0be56ae06ec233cf7a740223af725764eea6ff13126befba2b,4f6472d58f393cd2e029a8515307231b7bda2d22c4b1ad936b90d543b6c9e819,227c455847ce35aadb87e814a17b1e670f00837a9ecbea225de0a2a3a9a8fa81
1300,3549.1156548825625,412793660.3935455,pair_00_25_L24.npz,near_interior_pair,0,25,95b36bf16ea32ca4c1eb8421262b52c2d7ea750fd80bc1a670d46e70f5a8d413,7b32927ca95bae293fcdb55b6af9f3d9e4e20068a36b4be0c18e9e9949e8fc96,227c455847ce35aadb87e814a17b1e670f00837a9ecbea225de0a2a3a9a8fa81
1300,3549.1156548825625,412793660.3935455,pair_00_26_L24.npz,near_interior_pair,0,26,98f035e4a2ebb969e45b1b4255ce247d67c1a94b7079ff6df4aef4190cb788a3,e18d33ed8f7fbfda1da24a0976588fb10531204a3fdef859b4e056d39a79c689,227c455847ce35aadb87e814a17b1e670f00837a9ecbea225de0a2a3a9a8fa81
1300,3549.1156548825625,412793660.3935455,pair_00_27_L24.npz,near_interior_pair,0,27,95fac127247b31d96bd400626802e0fd1598c50753e1c3b36fb9a1b5ce0e82d3,8b3efa34b18d7928533b2468c954352dad058331e24517eb3c3de439d1f675ec,227c455847ce35aadb87e814a17b1e670f00837a9ecbea225de0a2a3a9a8fa81
1300,3549.1156548825625,412793660.3935455,pair_00_28_L24.npz,near_interior_pair,0,28,6ee1df08d4230626f8be3054aefddde46f7a54d001fbc430f8dd3f5d2b13cea6,53924246599f9553e06a3b835718a04c1491407302644d83d9e228bb41a40866,227c455847ce35aadb87e814a17b1e670f00837a9ecbea225de0a2a3a9a8fa81
1300,3549.1156548825625,412793660.3935455,pair_00_29_L24.npz,far_interior_pair,0,29,00bfd41354018596ef1786a46281e48bdadc39949b2966a7d9337a948ad2ce25,22cb542b56227f2ca9819816c32faff9177736b7745120a4d734deb3557088a4,227c455847ce35aadb87e814a17b1e670f00837a9ecbea225de0a2a3a9a8fa81
1300,3549.1156548825625,412793660.3935455,pair_00_30_L24.npz,far_interior_pair,0,30,da0cb0378e83713124a539694e2f966ff811e7e3956d19b4aeb8e18ae0219332,7e0cba41425a82ea5d314f020861b983f5b3841a9e8a0ff605f50da078a0d10f,227c455847ce35aadb87e814a17b1e670f00837a9ecbea225de0a2a3a9a8fa81
1300,3549.1156548825625,412793660.3935455,pair_00_31_L24.npz,far_interior_pair,0,31,38f12ccbd628b3b05c719287a55b448a715c429785522d51c0da45c60dbf1c76,93c78e5106144c615166dbf3e065e5fba61265850607725840ddf3d491f57234,227c455847ce35aadb87e814a17b1e670f00837a9ecbea225de0a2a3a9a8fa81
1300,3549.1156548825625,412793660.3935455,pair_00_32_L24.npz,far_interior_pair,0,32,3f9ca1bb2b1f973ecc285262124f5cb5f32d439a1e878ad35fb16b024445aa7d,1ddd7c075e532b63f4bb527a093f0e1de47aa36521d0510eff5a683ea73d9d97,227c455847ce35aadb87e814a17b1e670f00837a9ecbea225de0a2a3a9a8fa81
1300,3549.1156548825625,412793660.3935455,pair_00_33_L24.npz,far_interior_pair,0,33,a04bc246b6279454d72035776441da7bdabe757588633aa0c7e54983388ff0eb,9f249e46e4303e3b01fc43abc8c954497857ac8bedf996b3339abe81fc0139dd,227c455847ce35aadb87e814a17b1e670f00837a9ecbea225de0a2a3a9a8fa81
1300,3549.1156548825625,412793660.3935455,pair_00_34_L24.npz,far_interior_pair,0,34,37c9c3c4b559085aff7c5a396f7db94caf2da3106977a9ca2a450bde1a70335b,9ec81d69f553707e43dd869b0a5f52a0068a1fcd822759f8e7d79ce7f2d8f1e7,227c455847ce35aadb87e814a17b1e670f00837a9ecbea225de0a2a3a9a8fa81
1300,3549.1156548825625,412793660.3935455,pair_01_02_L24.npz,interior_pair,1,2,f025b4aaf991c339c4eee50b46e1961ed7d21679f4b1f5b966dbdd607581ce16,222d3282dd90d43b9d13918a751fe85b4ce65ba5dd7aa9368a9da0472740a135,227c455847ce35aadb87e814a17b1e670f00837a9ecbea225de0a2a3a9a8fa81
1300,3549.1156548825625,412793660.3935455,pair_01_03_L24.npz,interior_pair,1,3,ddd6d77af68734d10d7ae235ff59906c7330122e4d07c5ae5c94f576288689f7,da02531b3fb9fa7129b1b9dd5291e2e3996eb66c796e5c04af371508455a615f,227c455847ce35aadb87e814a17b1e670f00837a9ecbea225de0a2a3a9a8fa81
1300,3549.1156548825625,412793660.3935455,pair_01_04_L24.npz,interior_pair,1,4,af1232b0bcc6b307c7e9740fd965e36e2499f0d35e57354f79bb7b94892f90fa,a3543cf3f0035d292ebf7eb6a36783d74d4ca4c5405bd4407d5b3163e9171a72,227c455847ce35aadb87e814a17b1e670f00837a9ecbea225de0a2a3a9a8fa81
1300,3549.1156548825625,412793660.3935455,pair_01_05_L24.npz,interior_pair,1,5,8f45c9c1e4547071ede8ede37b2b3c5babcd1b9212dbe2a0bbf5d746540b80d4,d12de4cc64b14cb986c951e032b8a0d99742556e0bfdcac71904d73302d2bc26,227c455847ce35aadb87e814a17b1e670f00837a9ecbea225de0a2a3a9a8fa81
1300,3549.1156548825625,412793660.3935455,pair_01_06_L24.npz,interior_pair,1,6,a13ad87c326660bd9224270b4acece9817f660638fbb95836d1548f448e5596a,23ceac8c3bc3bae7bd75e257a0784608b52e5ed8273ab5304c40a3218745aabc,227c455847ce35aadb87e814a17b1e670f00837a9ecbea225de0a2a3a9a8fa81
1300,3549.1156548825625,412793660.3935455,pair_01_07_L24.npz,interior_pair,1,7,b4e0e7b6b3e1481432de4111cb24122d02e31c8df2d150cde7384d736b943d8b,357416aed6557766caa3346370ca67482c87b950bf7a436c3586659d7c161047,227c455847ce35aadb87e814a17b1e670f00837a9ecbea225de0a2a3a9a8fa81
1300,3549.1156548825625,412793660.3935455,pair_01_08_L24.npz,interior_pair,1,8,90ec8b0baea07b8f6ca2c5d6a42d714ba8bf27ceaf7d29f06c9bfd23e6664438,8c45ad5fe5eb0f63b811188baa49a9c719a52ccbf7db415c3685cc9b60bf5472,227c455847ce35aadb87e814a17b1e670f00837a9ecbea225de0a2a3a9a8fa81
1300,3549.1156548825625,412793660.3935455,pair_01_09_L24.npz,interior_pair,1,9,2155bfba484ffe4dc7089040066e5d80eff51b53f9f69fbf6c7377dab36e9d94,8aff2bcf729113e0ddd49b8dc645f4e3b8994fbdbcc202a4095dc409779be3f9,227c455847ce35aadb87e814a17b1e670f00837a9ecbea225de0a2a3a9a8fa81
1300,3549.1156548825625,412793660.3935455,pair_01_10_L24.npz,interior_pair,1,10,f6355cf45ed43212d76680e61814fe7bf31263310bdd7990fc7cbc5d44bcd840,77589de0297e8dedd0152eb0019b0635fa5a59d0c276b6285cfd7f09719dd841,227c455847ce35aadb87e814a17b1e670f00837a9ecbea225de0a2a3a9a8fa81
1300,3549.1156548825625,412793660.3935455,pair_01_11_L24.npz,interior_pair,1,11,41068ffb723673fec736cca813b5401d8549339300d38102083e19c590f836cd,b4f0dd5759ef22d9c56aba0220abd1eb20f457f8090cf3cfc8d42d7080f8a646,227c455847ce35aadb87e814a17b1e670f00837a9ecbea225de0a2a3a9a8fa81
1300,3549.1156548825625,412793660.3935455,pair_01_12_L24.npz,interior_pair,1,12,95766fd7d1c935ed0f9d048df8e829d18b2524c1f09e8dbc79c2838e67556bd4,b29baa37b458f165319a50380efb676a532b88c6ae31cce3f0f64795ad6511d0,227c455847ce35aadb87e814a17b1e670f00837a9ecbea225de0a2a3a9a8fa81
1300,3549.1156548825625,412793660.3935455,pair_01_13_L24.npz,interior_pair,1,13,05c661d099aa9e6ea1583a9007fe02048a6fa3eba5ff0bb91ec7264093aabe16,fcec561efe25f26c2cbcbba47329576d2289d891b118af39386f070cd5b652d1,227c455847ce35aadb87e814a17b1e670f00837a9ecbea225de0a2a3a9a8fa81
1300,3549.1156548825625,412793660.3935455,pair_01_14_L24.npz,interior_pair,1,14,bbe0b0066d922db99d4bd2d4b88a44e9ef57d8849d2f9233903b8d162ac7d5b8,b51f2ccf9a41e4d0e54e60493fa833be4e0bb315c0d3eea87386f741789384a7,227c455847ce35aadb87e814a17b1e670f00837a9ecbea225de0a2a3a9a8fa81
1300,3549.1156548825625,412793660.3935455,pair_01_15_L24.npz,interior_pair,1,15,0aa13588ad50ca84d0c608fc8e61068b94bf2f44f3a39740521f26ce0d93332a,70ec3de69d17eac583ea407040bb3ae00fd9aef63fa3d8ce2ca1f8b53722a794,227c455847ce35aadb87e814a17b1e670f00837a9ecbea225de0a2a3a9a8fa81
1300,3549.1156548825625,412793660.3935455,pair_01_16_L24.npz,interior_pair,1,16,34f38f10fe314cb414bc2f08c3c345c373dd9a99c2289cb51a2c0b053f5b8cc1,6a42d5341b379f78913803101d497404cd8b5bc3fcf809ebac8584c6e1ccfcab,227c455847ce35aadb87e814a17b1e670f00837a9ecbea225de0a2a3a9a8fa81
1300,3549.1156548825625,412793660.3935455,pair_01_17_L24.npz,near_interior_pair,1,17,d117333e12981035b8e5cb32b15515689f4865994ea3c006d53d219188ead03a,d15097fa1fcf9f7da78d011d0d4da1a589dc976b8a9f089edc15f97171cc9387,227c455847ce35aadb87e814a17b1e670f00837a9ecbea225de0a2a3a9a8fa81
1300,3549.1156548825625,412793660.3935455,pair_01_18_L24.npz,near_interior_pair,1,18,4abe83e58f148ad92d4e85488de1bbe577047bb39e1885510e3c0f922b60f78c,9e523d684b001f694f5db17b47a49d2ef99b1d02c7524ee5e66da1ddf808fa82,227c455847ce35aadb87e814a17b1e670f00837a9ecbea225de0a2a3a9a8fa81
1300,3549.1156548825625,412793660.3935455,pair_01_19_L24.npz,near_interior_pair,1,19,0b442bb7edd1c129bfe75b933c6d0cabe46a6e615bb78057989a6cde182ac22f,e5f53b518b740d85edf0da25a0cd8753a2e63bceaf7a1be1d75843e150006d8e,227c455847ce35aadb87e814a17b1e670f00837a9ecbea225de0a2a3a9a8fa81
1300,3549.1156548825625,412793660.3935455,pair_01_20_L24.npz,near_interior_pair,1,20,fe01a21a94281ecdb5498646ffcbff63bf86fad4217f0d07603bce0bd289d8e4,639f4e6e7ab83556cb03f0ca083ed9f391b8ad60f7eaab46907c492925dde49e,227c455847ce35aadb87e814a17b1e670f00837a9ecbea225de0a2a3a9a8fa81
1300,3549.1156548825625,412793660.3935455,pair_01_21_L24.npz,near_interior_pair,1,21,b4118f1907814bdc648360fb7ad9d61ac1778124426129d6064d7f77b5b87bcc,2553f9160b9ed2ce259d6275ccc0f2f6495b839d2f72f9a14115527c49429c82,227c455847ce35aadb87e814a17b1e670f00837a9ecbea225de0a2a3a9a8fa81
1300,3549.1156548825625,412793660.3935455,pair_01_22_L24.npz,near_interior_pair,1,22,c5cde3cad28bdb7b9372c53b62edc288a709c8b098a88a862cae7696e2c5a35f,a0aec2471710dbb094b302fb8a118435a7f26e1936425f95ae7e16cd6135e734,227c455847ce35aadb87e814a17b1e670f00837a9ecbea225de0a2a3a9a8fa81
1300,3549.1156548825625,412793660.3935455,pair_01_23_L24.npz,near_interior_pair,1,23,f2a2e32f6d0a7ee6918377893c61a14ff4662b9ad65acab6be4d7d69b218f94e,e20ed1bdeb60bd1ebb4a00afe9d9d243f64bc97928af795c6c9d6c2ea54e84ae,227c455847ce35aadb87e814a17b1e670f00837a9ecbea225de0a2a3a9a8fa81
1300,3549.1156548825625,412793660.3935455,pair_01_24_L24.npz,near_interior_pair,1,24,820a0979d0270a0c41c55775fd3149b1890d8fc7c7c97b555cc6d2a3bf190b88,cd7e659ee18ae518ef8d8474bbbee53c93f8e713e9a1c3ce6fda6000344c295b,227c455847ce35aadb87e814a17b1e670f00837a9ecbea225de0a2a3a9a8fa81
1300,3549.1156548825625,412793660.3935455,pair_01_25_L24.npz,near_interior_pair,1,25,8c1069badbfa9140bb244a56b15104e3c1b63a7cfa55ff23acfc57c72348dea3,2f625b856dbef2ad7240590931c68b7592523ed33a660e628197e9095f917fd7,227c455847ce35aadb87e814a17b1e670f00837a9ecbea225de0a2a3a9a8fa81
1300,3549.1156548825625,412793660.3935455,pair_01_26_L24.npz,near_interior_pair,1,26,121af3c0432587dc7934336c50a6ca0cb9480d1e87e224535fbded54ca7bfa65,5f9215e293c8df33e025fcc1657103b18f924de8ac344973432c5eeac6685773,227c455847ce35aadb87e814a17b1e670f00837a9ecbea225de0a2a3a9a8fa81
1300,3549.1156548825625,412793660.3935455,pair_01_27_L24.npz,near_interior_pair,1,27,b43e4b5ba8d1eb58dad291e5bd0b730327c164c3ec47a810a3bdcd4177bbc1b6,2f8ad4c7a50ead89e01735cb0d4f48cbac2c9b1226257e252eaf431f6f2768ec,227c455847ce35aadb87e814a17b1e670f00837a9ecbea225de0a2a3a9a8fa81
1300,3549.1156548825625,412793660.3935455,pair_01_28_L24.npz,near_interior_pair,1,28,a5e636f8e3b92d5d65eb11d53084cf03215328b47ba8bebd8a251b16cf70d27e,c0cd15bdb95ce141a919b9f85c3b5c8c6592443e8d92ba241c668ede767b6703,227c455847ce35aadb87e814a17b1e670f00837a9ecbea225de0a2a3a9a8fa81
1300,3549.1156548825625,412793660.3935455,pair_01_29_L24.npz,far_interior_pair,1,29,7bd5a3ad37d2b350c9522d9cf8520537e42459e026b85f7c649b5d1500a75e0e,140a5f1664cb1b47e7ab3e3ca3cc6ff0060c728a3794d70d19e042e9c6145736,227c455847ce35aadb87e814a17b1e670f00837a9ecbea225de0a2a3a9a8fa81
1300,3549.1156548825625,412793660.3935455,pair_01_30_L24.npz,far_interior_pair,1,30,a19008b46664bf77ca2e033773c29d13734e7a8c6a9fe1f48dbd98d9ba175138,b99a14823fef113f9fdd0c1261b00c08961e4e58fea5f0b3f7ff2f147a0f1810,227c455847ce35aadb87e814a17b1e670f00837a9ecbea225de0a2a3a9a8fa81
1300,3549.1156548825625,412793660.3935455,pair_01_31_L24.npz,far_interior_pair,1,31,84b2c559a647fbd662e8d3ad2d5123fbfb5f391cf9463318ae3039b86abd815e,f0336424ca13cff0ffa827b6b73ef390df605a356fa14bcaa383f4ca0f9a2516,227c455847ce35aadb87e814a17b1e670f00837a9ecbea225de0a2a3a9a8fa81
1300,3549.1156548825625,412793660.3935455,pair_01_32_L24.npz,far_interior_pair,1,32,ed1f674c7b61956781f6343e711882f8f9fc330671aa7718d246816558739b5b,2a6887a3e668104aed7922b74081fc4f8f595588ce105ac72eb6c9136e1b06e5,227c455847ce35aadb87e814a17b1e670f00837a9ecbea225de0a2a3a9a8fa81
1300,3549.1156548825625,412793660.3935455,pair_01_33_L24.npz,far_interior_pair,1,33,d6ca8d44c0f5a1492204552c86070d0c8d730f09f918c12cc7a7528e46528341,1e5506f514adb52f901af01ee9de25281d91533b61bd229bb7db9507c89dba7a,227c455847ce35aadb87e814a17b1e670f00837a9ecbea225de0a2a3a9a8fa81
1300,3549.1156548825625,412793660.3935455,pair_01_34_L24.npz,far_interior_pair,1,34,8ecf422ae7fab4ada4dcb3e6a88b15a6600be47523a3c6d51f07672061f7cbc8,fd1025979df6e8fe56ca63735d3f9778458dd18a5bb254225e39014fc25197bd,227c455847ce35aadb87e814a17b1e670f00837a9ecbea225de0a2a3a9a8fa81
1300,3549.1156548825625,412793660.3935455,pair_02_03_L24.npz,interior_pair,2,3,8f6e365a4251d04b97d7e483cd2a0d1594374e7fee99e546299eceff4103e4ff,0e8b38959be744c2fd5f35d2ae95ed6266f514fd157ff7fa4d03be76cb1ecfb9,227c455847ce35aadb87e814a17b1e670f00837a9ecbea225de0a2a3a9a8fa81
1300,3549.1156548825625,412793660.3935455,pair_02_04_L24.npz,interior_pair,2,4,b79b163c4a099d134b094ac89f42ec8db94e29fbf94060601bf55677c4d1ac90,148d266a9098b02677eb58908bc300305c1a8e247477b39dfcc329dee5898dfb,227c455847ce35aadb87e814a17b1e670f00837a9ecbea225de0a2a3a9a8fa81
1300,3549.1156548825625,412793660.3935455,pair_02_05_L24.npz,interior_pair,2,5,64a7054f0a474862c8835cff2e422b9230bd3f78c3df759ddd53e6f677f4f7ff,ed88f31f1f1935eaaf0764d7f15144cff93547efbd31e3c9ca6989c6a12d1220,227c455847ce35aadb87e814a17b1e670f00837a9ecbea225de0a2a3a9a8fa81
1300,3549.1156548825625,412793660.3935455,pair_02_06_L24.npz,interior_pair,2,6,b52fc9285525175d33be53c6352e1fee868cdcfd4a2295d90a7e0755c0210382,58ed123041bae265ccdd6df0d82b158d71f8790b9f4873d37fc3befbc5b47bf4,227c455847ce35aadb87e814a17b1e670f00837a9ecbea225de0a2a3a9a8fa81
1300,3549.1156548825625,412793660.3935455,pair_02_07_L24.npz,interior_pair,2,7,02a4f8ed6dce12e5b988b9c23939a7e834fd8b298d5e9c750ebbcdaa4793d2de,5c108b47b59102db0803363b3a030dbe431855167649de8b39215e5bcd63f1c1,227c455847ce35aadb87e814a17b1e670f00837a9ecbea225de0a2a3a9a8fa81
1300,3549.1156548825625,412793660.3935455,pair_02_08_L24.npz,interior_pair,2,8,e33850386f85503da585ccc142ecb3ae46179bfc85bcf45bb3b0169e25e80e49,7bb73274ceff25b2a3b14ef0947864c81425005db18e733303a5ce7e26b12dc9,227c455847ce35aadb87e814a17b1e670f00837a9ecbea225de0a2a3a9a8fa81
1300,3549.1156548825625,412793660.3935455,pair_02_09_L24.npz,interior_pair,2,9,c8f7917117463df19bf5154e2885cb636f712b0dc36ecd6bbd868805b9637788,d5130c8fd6d1d7d4de06b6c1214c6624f081d714d6fa799351c7d06edc5dbc67,227c455847ce35aadb87e814a17b1e670f00837a9ecbea225de0a2a3a9a8fa81
1300,3549.1156548825625,412793660.3935455,pair_02_10_L24.npz,interior_pair,2,10,31de0e4e9daa5634d3aa3100598e53c40cab80d13c2a4bf863be108c5bdf152b,d74a7e0bf80ef79c2f36645eab47d8cdff55701293c73bef8615b0f4d67cf179,227c455847ce35aadb87e814a17b1e670f00837a9ecbea225de0a2a3a9a8fa81
1300,3549.1156548825625,412793660.3935455,pair_02_11_L24.npz,interior_pair,2,11,20107667162736445cbc4dbffe58a6e297047445e9a2c30fd6d4f1da92485623,ce94eac7f29368e7a4e1b4624bc031616a0ecfcce536c21763ee5fe6a86e68d5,227c455847ce35aadb87e814a17b1e670f00837a9ecbea225de0a2a3a9a8fa81
1300,3549.1156548825625,412793660.3935455,pair_02_12_L24.npz,interior_pair,2,12,1d43fe16a2300a98a3a80ddd5a2d8ef4dad8f83690721771ac752a93fb150ad9,79c5e0340659c0194a7117f8ad8af96239073b1f0f80580c25ba9e7e9ce41cc0,227c455847ce35aadb87e814a17b1e670f00837a9ecbea225de0a2a3a9a8fa81
1300,3549.1156548825625,412793660.3935455,pair_02_13_L24.npz,interior_pair,2,13,6cefd3c0953cf4ba7a91f9e7eac1f454ffa1f888fd5313f1ba5362d78c30149c,f1b7c6ca9ec5695a5d236208c3e127f4f4530f7fc4452e760868cd6c10e626d4,227c455847ce35aadb87e814a17b1e670f00837a9ecbea225de0a2a3a9a8fa81
1300,3549.1156548825625,412793660.3935455,pair_02_14_L24.npz,interior_pair,2,14,fbe707e2d049ecd3eb558dbb400c3834cb3a103b93f7fc60104a9d5186b789d1,dd27124f61afe068d5f56db906cd50d1946bb8647a580e5a2bdb8664a3ebb5c7,227c455847ce35aadb87e814a17b1e670f00837a9ecbea225de0a2a3a9a8fa81
1300,3549.1156548825625,412793660.3935455,pair_02_15_L24.npz,interior_pair,2,15,0fae3356604a8338b53c6b6167dda11a1320c2ecb94371da991a1231a262d216,ed6f0d31e4cca08fe20d219386a36277b3aa7e39df39481475e87db47840286c,227c455847ce35aadb87e814a17b1e670f00837a9ecbea225de0a2a3a9a8fa81
1300,3549.1156548825625,412793660.3935455,pair_02_16_L24.npz,interior_pair,2,16,e8ae49df64e641330122b7e10c7582752c70fa26ee7e7448c17609d2636de5ba,d8b3df9b03c9c4c81fe425fef71f898cb29cf19fa833c5183ef0f8b6108c7f0b,227c455847ce35aadb87e814a17b1e670f00837a9ecbea225de0a2a3a9a8fa81
1300,3549.1156548825625,412793660.3935455,pair_02_17_L24.npz,near_interior_pair,2,17,5a44c5ed25f1afa5b5807fb738a3a2f6311359975b9e733460aad678367e317b,96f5192ee0451c998a25a3d000c1ebf56050cf47225faba4a0158eb0666c987b,227c455847ce35aadb87e814a17b1e670f00837a9ecbea225de0a2a3a9a8fa81
1300,3549.1156548825625,412793660.3935455,pair_02_18_L24.npz,near_interior_pair,2,18,2bfc7c77a651df31382e40e0c8b2c3eb8874a8f8072ec20ba0b8be590aa1f62f,84db64167a36f5afd7a2ed104c2cb6abdab6c5397d7ab623ea3812ae2daba043,227c455847ce35aadb87e814a17b1e670f00837a9ecbea225de0a2a3a9a8fa81
1300,3549.1156548825625,412793660.3935455,pair_02_19_L24.npz,near_interior_pair,2,19,50ac97a1df46d073b90ef84ade19359d6ec1e32c0607f3c8ec6d563f17cfb418,9f27ad6f4d089668d069e32b70d40cc38a28358c601722338552008c31b57529,227c455847ce35aadb87e814a17b1e670f00837a9ecbea225de0a2a3a9a8fa81
1300,3549.1156548825625,412793660.3935455,pair_02_20_L24.npz,near_interior_pair,2,20,a4504ec7a6272796dfa8af41df9680dba3af7eb242f379d7d1d9a2da82e9c354,c615d9a6da77a4f038ecbc057bd575b6ffbc5c7e5d86610386f7fb88fe2fb79f,227c455847ce35aadb87e814a17b1e670f00837a9ecbea225de0a2a3a9a8fa81
1300,3549.1156548825625,412793660.3935455,pair_02_21_L24.npz,near_interior_pair,2,21,0865fc9e5428e8f361895630b2d1a3cbd1a6b0c265c18951add45669a68dbbad,5bee130b0317907bf89884083c2d1dadb22feae76064dd436aa81024a5147e60,227c455847ce35aadb87e814a17b1e670f00837a9ecbea225de0a2a3a9a8fa81
1300,3549.1156548825625,412793660.3935455,pair_02_22_L24.npz,near_interior_pair,2,22,1739bd7dd58b936f9f1eb89ca0576cfe92443e630a22ff5bfb293ae99c0e89f4,c90e260ef2b7769b8f644e391f0ca90d68bb07a45d8b9341e7355a70366e3453,227c455847ce35aadb87e814a17b1e670f00837a9ecbea225de0a2a3a9a8fa81
1300,3549.1156548825625,412793660.3935455,pair_02_23_L24.npz,near_interior_pair,2,23,2f6e01afe00b614792c61e3034d6359c22b42e800253a0e74cca07b1d24d12c7,c2bd6939ff4455c1319143126cf52ec7f65351756dafc7fd139e09a8da644210,227c455847ce35aadb87e814a17b1e670f00837a9ecbea225de0a2a3a9a8fa81
1300,3549.1156548825625,412793660.3935455,pair_02_24_L24.npz,near_interior_pair,2,24,23fe659632370e84303906f88a05b17c496a27178fcb7fd1ea4e913778ec045d,5324e91947ee8b8e31820acf267e2d52cf5d95d9b641502fb93e5ab918a51648,227c455847ce35aadb87e814a17b1e670f00837a9ecbea225de0a2a3a9a8fa81
1300,3549.1156548825625,412793660.3935455,pair_02_25_L24.npz,near_interior_pair,2,25,4f0a8f206f809889fc7c5db2286ac11b2b84e8642e126be6724d874237fa5c49,cc794677e227556cee28ba0cee4b3b4e9ed85d46b82b254a81f96368bd746d99,227c455847ce35aadb87e814a17b1e670f00837a9ecbea225de0a2a3a9a8fa81
1300,3549.1156548825625,412793660.3935455,pair_02_26_L24.npz,near_interior_pair,2,26,351d4e625fe70548b031459a719f430816796eba08c54e119bb5ac15623e89b5,7e27b36b3e6e81b23e42de16deebb89da3947279103af0df8d2bd1d2d0600109,227c455847ce35aadb87e814a17b1e670f00837a9ecbea225de0a2a3a9a8fa81
1300,3549.1156548825625,412793660.3935455,pair_02_27_L24.npz,near_interior_pair,2,27,33f5b369e820b5d6904727ed3447df399a3e6e934aac91cbdc6449004c2d2229,761d226b11c1dd4e765b6c9d6cc03728a6ce2ab536cfeb77e5674eee60e70fcc,227c455847ce35aadb87e814a17b1e670f00837a9ecbea225de0a2a3a9a8fa81
1300,3549.1156548825625,412793660.3935455,pair_02_28_L24.npz,near_interior_pair,2,28,ce9c314da9343434e92e42e64f1d11afea84fc6b961e24a1b7825f578554d0ea,f6f8e8b9f5584d202833dd6cfca85377f69de1c8a0c66ae03ff10fc0a3b27e90,227c455847ce35aadb87e814a17b1e670f00837a9ecbea225de0a2a3a9a8fa81
1300,3549.1156548825625,412793660.3935455,pair_02_29_L24.npz,far_interior_pair,2,29,dfbaab8a5743e10d92555c540cf098364dd565ab8b141f620d228e80c520efcb,084ae457ec42f6a1381f2db999761db490cee7e0d59599c16d7fca56bcd15943,227c455847ce35aadb87e814a17b1e670f00837a9ecbea225de0a2a3a9a8fa81
1300,3549.1156548825625,412793660.3935455,pair_02_30_L24.npz,far_interior_pair,2,30,ad70c73c372fc255e032e566fe680608e12bf32855dd23f5f6984501dcbffd2a,e57b2775f1a24d7eb5110770dcf4da68e688136e86ae459b270fdd1ba1f8fb97,227c455847ce35aadb87e814a17b1e670f00837a9ecbea225de0a2a3a9a8fa81
1300,3549.1156548825625,412793660.3935455,pair_02_31_L24.npz,far_interior_pair,2,31,94808ad8d85bad02a47718d91e4351f62c0a96704fd72988f9ebc7f547642007,ddef65edbfbcf768d04691b5464fb6664ececc329cdd64148fc508d4d438017b,227c455847ce35aadb87e814a17b1e670f00837a9ecbea225de0a2a3a9a8fa81
1300,3549.1156548825625,412793660.3935455,pair_02_32_L24.npz,far_interior_pair,2,32,1209bbe1a55539c2dd0857964bf0bfde057792c3d0bf5d9a0aa1c725175ab80e,b80342713b841a2b3e4a5651e724631df9aaccaff093c2ed11bd490b9abfe6b6,227c455847ce35aadb87e814a17b1e670f00837a9ecbea225de0a2a3a9a8fa81
1300,3549.1156548825625,412793660.3935455,pair_02_33_L24.npz,far_interior_pair,2,33,b53ffffd95fc5be0c2f6fd569288c6d975af0a1e2fb1fc92d8b3f7dbd9db7911,dc91dcf30700c2415da62ec2e7d6d6c6d213bc1ca48b4caae65afb98b17214c0,227c455847ce35aadb87e814a17b1e670f00837a9ecbea225de0a2a3a9a8fa81
1300,3549.1156548825625,412793660.3935455,pair_02_34_L24.npz,far_interior_pair,2,34,4a99f956ddab9da03d1748f552f25fc7eb8984522a7de7e47d3973ed7264689b,702dab25c372dd2bd4de7fb55200217a980e8a5546b1ba22a62fead13ee785bb,227c455847ce35aadb87e814a17b1e670f00837a9ecbea225de0a2a3a9a8fa81
1300,3549.1156548825625,412793660.3935455,pair_03_04_L24.npz,interior_pair,3,4,a7671669ab74377ca2612891a0a13f1b3c02f1956471d45c5b88e6b2bfdf89e9,93680231418bb7cdb53cb38e64e85914c972101ced4b26e68839d2d0aca2573d,227c455847ce35aadb87e814a17b1e670f00837a9ecbea225de0a2a3a9a8fa81
1300,3549.1156548825625,412793660.3935455,pair_03_05_L24.npz,interior_pair,3,5,c7285f92b5674bac26670f09b926665f122e108d04d353a40c3a701dd6ef2c78,61aa3dc9493490b0cdc0ee18fd531f021351e793df6b5aae0d15c3b525b4f2be,227c455847ce35aadb87e814a17b1e670f00837a9ecbea225de0a2a3a9a8fa81
1300,3549.1156548825625,412793660.3935455,pair_03_06_L24.npz,interior_pair,3,6,3cded456e11018170def2d8549f90245f60d66ba74091809854f169f21ef9593,d57fe5d6ceeb9a34df04500b229c09ff8e67f6b56b29f8457e3242ef07cb4e71,227c455847ce35aadb87e814a17b1e670f00837a9ecbea225de0a2a3a9a8fa81
1300,3549.1156548825625,412793660.3935455,pair_03_07_L24.npz,interior_pair,3,7,7b9090228906d3ad8ecfc85aefe591a1bf1f8d867b610c44e872d2c9d5380aa2,c89f63d7f1366a767f67a840654f677143a7047080890728579ac25bcb4f8d06,227c455847ce35aadb87e814a17b1e670f00837a9ecbea225de0a2a3a9a8fa81
1300,3549.1156548825625,412793660.3935455,pair_03_08_L24.npz,interior_pair,3,8,899b76d3b730fffb521cfc9bdcf8fdda351ab347dae272d086495fe8087f9429,0176fb19dfbb487a44c214d245adf5440a7869d862aabcbf93308e7279b245f5,227c455847ce35aadb87e814a17b1e670f00837a9ecbea225de0a2a3a9a8fa81
1300,3549.1156548825625,412793660.3935455,pair_03_09_L24.npz,interior_pair,3,9,58b7e456ccf56fa79ff60c1a2944116eddd1997d5c0cafe4246361b00cfe27df,4e348553c27ef7b1fbbd5d0b1170ef070151cf5c810b66584a43a3c61535de14,227c455847ce35aadb87e814a17b1e670f00837a9ecbea225de0a2a3a9a8fa81
1300,3549.1156548825625,412793660.3935455,pair_03_10_L24.npz,interior_pair,3,10,d3b2c2a52946c07eae4743c80f82de0ed634e2735134ac64c79012381d1f8ef6,6a67fb8b76c927c3508f031eda0f588e69babc7fde9db131044053f9b6260590,227c455847ce35aadb87e814a17b1e670f00837a9ecbea225de0a2a3a9a8fa81
1300,3549.1156548825625,412793660.3935455,pair_03_11_L24.npz,interior_pair,3,11,abd81d585a573ac1278f7a062a7aa3216b49e995ead1ae645c3835ea97dc5010,4a01ae46396228e55a794e48f1c3782d559af5309f78609cfdb58469f1642172,227c455847ce35aadb87e814a17b1e670f00837a9ecbea225de0a2a3a9a8fa81
1300,3549.1156548825625,412793660.3935455,pair_03_12_L24.npz,interior_pair,3,12,479f532ad063bd359557308794aa6f9a7c891655e761f01a7634da02f8288340,1a73034f279fa902602806051d1aada288009cc79810582246e60c71cf689240,227c455847ce35aadb87e814a17b1e670f00837a9ecbea225de0a2a3a9a8fa81
1300,3549.1156548825625,412793660.3935455,pair_03_13_L24.npz,interior_pair,3,13,b390d3c18c86f74e9ad24bf25dd2db516b09d08a2f498ed4e70e4e8dbfef6c6f,c71ff9295ee43dadf3be8cd999ece0cac977d35a6344080369a15a1c314065fb,227c455847ce35aadb87e814a17b1e670f00837a9ecbea225de0a2a3a9a8fa81
1300,3549.1156548825625,412793660.3935455,pair_03_14_L24.npz,interior_pair,3,14,8e9cd1521f87d50fdb087ede9ddab7cba3467166fe94fbca816fcb7af25a4c62,24ba8b74a8cded79a23195810a684caded69d293509c0609cfd06b2990220846,227c455847ce35aadb87e814a17b1e670f00837a9ecbea225de0a2a3a9a8fa81
1300,3549.1156548825625,412793660.3935455,pair_03_15_L24.npz,interior_pair,3,15,c6648577cda818bdd4bb52c5e55c82b8394382af15ccd58d5e0b6e0138b1be4e,b41ba1697050cb792db50eb517f9d8d3460659e264aafed0e9c50fbbc9d4b6ac,227c455847ce35aadb87e814a17b1e670f00837a9ecbea225de0a2a3a9a8fa81
1300,3549.1156548825625,412793660.3935455,pair_03_16_L24.npz,interior_pair,3,16,f64b42fb5ccc11635f89ea5b0edf55d99543a50f514c40e47e1f35d913aa643e,023f10d5b57691b1b9700b6cff6c289b78ef27264a7fdb00aaebacab640ae68b,227c455847ce35aadb87e814a17b1e670f00837a9ecbea225de0a2a3a9a8fa81
1300,3549.1156548825625,412793660.3935455,pair_03_17_L24.npz,near_interior_pair,3,17,2f087491250e2497de9b0286450de203b807dedbfc6c97b1a90d5e886f62d5dc,ee95cb2095485fb5a1d182bec352d42135b202bbff502963ba940e1a15f7c2a9,227c455847ce35aadb87e814a17b1e670f00837a9ecbea225de0a2a3a9a8fa81
1300,3549.1156548825625,412793660.3935455,pair_03_18_L24.npz,near_interior_pair,3,18,786a99bd2e4a60c21b0e85255e1c046149a38a421d91a0d8e3dc3d3d78a4038a,512626b141b4b6930a2500f523e95db55787a0e2232a32a95ece81a19ce4c6c5,227c455847ce35aadb87e814a17b1e670f00837a9ecbea225de0a2a3a9a8fa81
1300,3549.1156548825625,412793660.3935455,pair_03_19_L24.npz,near_interior_pair,3,19,ff04a4536974cdb3327f83aa0252dc2587b4153b64cb0d7aa7ff3c52be360b2c,dc077140308ed5e789b0bdd24b738b21dcc5a16f55a2b9919fbe1c7b0808d0d3,227c455847ce35aadb87e814a17b1e670f00837a9ecbea225de0a2a3a9a8fa81
1300,3549.1156548825625,412793660.3935455,pair_03_20_L24.npz,near_interior_pair,3,20,55baa348cb8913daf53d224f472b247d3a583e5c0df6c51530db34377e270c05,f8f65f7039cb54fe96373db29258b6559022a8ba8568e1be30a988ee980637b2,227c455847ce35aadb87e814a17b1e670f00837a9ecbea225de0a2a3a9a8fa81
1300,3549.1156548825625,412793660.3935455,pair_03_21_L24.npz,near_interior_pair,3,21,ae6177a09b85ff7a8804dd318529f2ad7cb2cace8b722aeb7e94fb32b98824bf,16b19ba394e681729f6ca5ea72ae0163814bddd6dc41a81e989fcf9e36b5b88f,227c455847ce35aadb87e814a17b1e670f00837a9ecbea225de0a2a3a9a8fa81
1300,3549.1156548825625,412793660.3935455,pair_03_22_L24.npz,near_interior_pair,3,22,593aadaaeb35bf0cc944f402a61cb56b85cc50eb79a0b4ada326841a9979e615,dca234e8c7b07e4f595c3c7dce82e13fd2b4f04066c111eff219ed986fb6b4af,227c455847ce35aadb87e814a17b1e670f00837a9ecbea225de0a2a3a9a8fa81
1300,3549.1156548825625,412793660.3935455,pair_03_23_L24.npz,near_interior_pair,3,23,5567a228856373b801126bc6dae20170d54b65f06fbe8f90811392336c8ff72e,4d04a459c72dab3e82918a74953c7ce509b594b07f22e754c6bb300f6dd11265,227c455847ce35aadb87e814a17b1e670f00837a9ecbea225de0a2a3a9a8fa81
1300,3549.1156548825625,412793660.3935455,pair_03_24_L24.npz,near_interior_pair,3,24,a8fd70da332ffd2742fdd11b844fca4e5fde213b6425336c4f912be6ad92a412,30788e4051976e6ed6e2c1f6e8751893009949c9e9a391690d7ee8a6f51ce65c,227c455847ce35aadb87e814a17b1e670f00837a9ecbea225de0a2a3a9a8fa81
1300,3549.1156548825625,412793660.3935455,pair_03_25_L24.npz,near_interior_pair,3,25,76a765960dae67654fc8a155288e9bfcb78ebea22cf6fd8ba161fc0e4058186c,1069dd5a369cc58ba47142719405614c0355407822628cdea33eb48c941bea45,227c455847ce35aadb87e814a17b1e670f00837a9ecbea225de0a2a3a9a8fa81
1300,3549.1156548825625,412793660.3935455,pair_03_26_L24.npz,near_interior_pair,3,26,484e2e134d39d45e4110687f0c56c8363ac794405207b27b37c48bda7208bfd1,94988f112f06721fa518ecb142a02fa8821a0f83d329256839a44f8928199b5b,227c455847ce35aadb87e814a17b1e670f00837a9ecbea225de0a2a3a9a8fa81
1300,3549.1156548825625,412793660.3935455,pair_03_27_L24.npz,near_interior_pair,3,27,1b48333565f4296805731fdd3dee6aeaa7f06abaf2c8e1921fd67162d965bff8,6c3433ef5f170a88b4ac94d6f4705af085679cde19eb3f2ee50bb9194c1596f3,227c455847ce35aadb87e814a17b1e670f00837a9ecbea225de0a2a3a9a8fa81
1300,3549.1156548825625,412793660.3935455,pair_03_28_L24.npz,near_interior_pair,3,28,8b104cc505c44bc5c48950adb161a82a73506966699be67dcb3312b8944b5545,bc7e47e0aae55090ed4c6017a4e7442ea985405f4014c93e400e5e9177ab7abb,227c455847ce35aadb87e814a17b1e670f00837a9ecbea225de0a2a3a9a8fa81
1300,3549.1156548825625,412793660.3935455,pair_03_29_L24.npz,far_interior_pair,3,29,ae2efbfad6cbc306dd5d020a196f9c5f8f5f6d7f458606d8adab2501b1c2f1a6,6c1eae62d1bae2cfd78da2b238aace5c17f8589609d4b397629fe2304ef7e623,227c455847ce35aadb87e814a17b1e670f00837a9ecbea225de0a2a3a9a8fa81
1300,3549.1156548825625,412793660.3935455,pair_03_30_L24.npz,far_interior_pair,3,30,9838088b31a6861e071a803fece18aaca0a149db44fd0ef2ae1f2af417b11d93,095bd54680a92e05d70bed94a7d283577f6e8602c6a2d8bf84c558eae1e4895f,227c455847ce35aadb87e814a17b1e670f00837a9ecbea225de0a2a3a9a8fa81
1300,3549.1156548825625,412793660.3935455,pair_03_31_L24.npz,far_interior_pair,3,31,db201fcae49b09b36a1d03ebfdc257b17ead727c9ff1e7a396a3722513b5acc5,8bf46f45b229788fc008d0265c0becf559b5358fda73a5b58c2a9642daffa0b5,227c455847ce35aadb87e814a17b1e670f00837a9ecbea225de0a2a3a9a8fa81
1300,3549.1156548825625,412793660.3935455,pair_03_32_L24.npz,far_interior_pair,3,32,6b33e1c34e67b1995007e8f8c32fce1e2dfdc85b7370f5e35d3cf8cda980436c,d7bbf4f1fd643b77931f1e25d6f7641d40859d154e13a9867ea16319bd17608d,227c455847ce35aadb87e814a17b1e670f00837a9ecbea225de0a2a3a9a8fa81
1300,3549.1156548825625,412793660.3935455,pair_03_33_L24.npz,far_interior_pair,3,33,6b06213a2ba0493ebd31ce31a48e5008da7dcbeef02f0360d6296ca91bfb30bb,07c58deecfce43b7e0e6ac9b9e1a096e000c80cc01edbc8fabed645112b8bcbe,227c455847ce35aadb87e814a17b1e670f00837a9ecbea225de0a2a3a9a8fa81
1300,3549.1156548825625,412793660.3935455,pair_03_34_L24.npz,far_interior_pair,3,34,a39e70354e70b5023d4b34b664fc3542cc17939448af9847c9562529f2965e5a,c247a45fc8442e75cf34d45d6698cc2f54a81dc960aba77d1b2a8681b93b92d0,227c455847ce35aadb87e814a17b1e670f00837a9ecbea225de0a2a3a9a8fa81
1300,3549.1156548825625,412793660.3935455,pair_04_05_L24.npz,interior_pair,4,5,92418b4e0835b664e5d4e94ca632ee58099e889cae17b5361c70108882312811,c4ec4aafbc2632af27ff3c3539ecb49ab88ea6a5723afe3a0501ed4828d290b3,227c455847ce35aadb87e814a17b1e670f00837a9ecbea225de0a2a3a9a8fa81
1300,3549.1156548825625,412793660.3935455,pair_04_06_L24.npz,interior_pair,4,6,2d430d7242b5e09881b9173dcceac6c048aabbc3645a01efecc63496ee4f7308,13341c81a41641d72c541141030244ff7039a12eb8cb520f1df5cd85983d5946,227c455847ce35aadb87e814a17b1e670f00837a9ecbea225de0a2a3a9a8fa81
1300,3549.1156548825625,412793660.3935455,pair_04_07_L24.npz,interior_pair,4,7,6d37eb412f0e511df1e34fc1732f3956b4f477a3b7fe0a23d1f185351602c050,1b67f30dba434028ce5defe1676095a0c7ce964e5a133332e27da87ed75ca7d1,227c455847ce35aadb87e814a17b1e670f00837a9ecbea225de0a2a3a9a8fa81
1300,3549.1156548825625,412793660.3935455,pair_04_08_L24.npz,interior_pair,4,8,8d46cec1cdc7a750befb200142459541694e6852bd8b037bbbbe2120a3adce00,ab00ac6d2863e9bc2f854d6afd2aaf25ef71a690ffceccf0eda6985c3f9cfd29,227c455847ce35aadb87e814a17b1e670f00837a9ecbea225de0a2a3a9a8fa81
1300,3549.1156548825625,412793660.3935455,pair_04_09_L24.npz,interior_pair,4,9,b6426511526e56f4c727b7a2d72d3869c72a6314f54c82650f18254d530ae0f1,f496cacc439f757b0a9733b05f812e23865140cac0d4024b6c7c8f8f2d3af038,227c455847ce35aadb87e814a17b1e670f00837a9ecbea225de0a2a3a9a8fa81
1300,3549.1156548825625,412793660.3935455,pair_04_10_L24.npz,interior_pair,4,10,55d7b4e91f4d2b9b869c8943237d54be31ac3c023182eeded0b8f4dba69dfcf5,a571f5bb171b68e5d27f57de2cd9c0d878221bedae650ef011e938c6f3bb1ea3,227c455847ce35aadb87e814a17b1e670f00837a9ecbea225de0a2a3a9a8fa81
1300,3549.1156548825625,412793660.3935455,pair_04_11_L24.npz,interior_pair,4,11,edddc4b658c22daafe66774534a89ef5fc05b1fa50bdc8a5727c68220a4a6960,c3446b44b5c838780ec0a68412a51e23fc06378e8224069c5855e8c63c11d034,227c455847ce35aadb87e814a17b1e670f00837a9ecbea225de0a2a3a9a8fa81
1300,3549.1156548825625,412793660.3935455,pair_04_12_L24.npz,interior_pair,4,12,1c1c59c3237200df2db118f69f08647d2660ade121f3dbae1a90720c9a6e31cd,7abe04e0ed89c8cac22ca2ef6d9360ee166304ca7500affcfa812a9104539616,227c455847ce35aadb87e814a17b1e670f00837a9ecbea225de0a2a3a9a8fa81
1300,3549.1156548825625,412793660.3935455,pair_04_13_L24.npz,interior_pair,4,13,4a39ea2977cb4bf456328908efe521f5ff2223ffeb5e20d22bb4e38f87ef1393,966283fa405c9097dc3e4f5b38e8d2f26d28d8ad2260b22e147aecfe22708673,227c455847ce35aadb87e814a17b1e670f00837a9ecbea225de0a2a3a9a8fa81
1300,3549.1156548825625,412793660.3935455,pair_04_14_L24.npz,interior_pair,4,14,66597077fb0df186d3188ee60443b4eb415bf99c90e39b119f6a4a8b7f06bef6,41ffb66838681ee6f507b32a5693a9206c115b860f9cf0b37944ead167824fe9,227c455847ce35aadb87e814a17b1e670f00837a9ecbea225de0a2a3a9a8fa81
1300,3549.1156548825625,412793660.3935455,pair_04_15_L24.npz,interior_pair,4,15,9b737a2e787dfdabbcbf2c495941976e655273722c251154b10ca9bba702dd43,0565a72abef5c4859fad857674c0d9dacea852a299b855e99eaaa790b5b94766,227c455847ce35aadb87e814a17b1e670f00837a9ecbea225de0a2a3a9a8fa81
1300,3549.1156548825625,412793660.3935455,pair_04_16_L24.npz,interior_pair,4,16,b3ed6f03580ea8fe1b5cc77ebd9c712bcd42853bc5485406090e4f28319ed093,975671792413cf9af985474ba81704266913141605ed80069b692f6c073758e5,227c455847ce35aadb87e814a17b1e670f00837a9ecbea225de0a2a3a9a8fa81
1300,3549.1156548825625,412793660.3935455,pair_04_17_L24.npz,near_interior_pair,4,17,6d23e3b432bf15031ab8582be212c8ffe8fe7bdc2b3263794d1f6c4f3f450098,23991a1f71ac3a4e302d2e0d3cce867472e186572f22fd12665bb4f11d55b65d,227c455847ce35aadb87e814a17b1e670f00837a9ecbea225de0a2a3a9a8fa81
1300,3549.1156548825625,412793660.3935455,pair_04_18_L24.npz,near_interior_pair,4,18,e0b1c3a0179f67a3dcbefa0d53022b56cfdb9905dc099f5be0a70226c45563d7,7219499eb2e9f843d529b60f48f7527cf8ba10d91a936f2ef536ad759632bb07,227c455847ce35aadb87e814a17b1e670f00837a9ecbea225de0a2a3a9a8fa81
1300,3549.1156548825625,412793660.3935455,pair_04_19_L24.npz,near_interior_pair,4,19,889964c2747771479bdcaee79893607d727727a5963bb36fe6d34886c434c2ab,03eb02e9bb97878b761da90043cabc7678558eef46e5ff92db7439580c9bceaa,227c455847ce35aadb87e814a17b1e670f00837a9ecbea225de0a2a3a9a8fa81
1300,3549.1156548825625,412793660.3935455,pair_04_20_L24.npz,near_interior_pair,4,20,7a817555d6457a289e37594956aebb8666ac4535f0a0a23ed99951a816e8737a,47cec83fe1096423d290609eab701d31234849fe9a22b724672ae3a317345dd6,227c455847ce35aadb87e814a17b1e670f00837a9ecbea225de0a2a3a9a8fa81
1300,3549.1156548825625,412793660.3935455,pair_04_21_L24.npz,near_interior_pair,4,21,a272dc993b2f61d347d4d62c765e80aee8847c78b35a306316d1b73934b74fa3,0da95dfb959a17a6725cfc58efa59508076753b3f7094e97db27448cccd01261,227c455847ce35aadb87e814a17b1e670f00837a9ecbea225de0a2a3a9a8fa81
1300,3549.1156548825625,412793660.3935455,pair_04_22_L24.npz,near_interior_pair,4,22,ba70501080386e49197cf0f5fb1bbe6effd022e58ce7438e7d5a03dbc279e329,48cc5353585d531cc125c2d5ce29e47994d117d92c9204a8779a738214def15d,227c455847ce35aadb87e814a17b1e670f00837a9ecbea225de0a2a3a9a8fa81
1300,3549.1156548825625,412793660.3935455,pair_04_23_L24.npz,near_interior_pair,4,23,b078973c4283f7ee262a1ac949943d90c85538eab5af8f2cf8a0ddd12ba8a198,3b29035f707965ec349abba90f59ebc967ebcc9c9efe0b1de8b9c1e7e1d8ce87,227c455847ce35aadb87e814a17b1e670f00837a9ecbea225de0a2a3a9a8fa81
1300,3549.1156548825625,412793660.3935455,pair_04_24_L24.npz,near_interior_pair,4,24,a397e8bfd979fa15549778a69e3559132fd0d34ff2d66a270958a369f77e0a15,208199c320cf42cf058d20939cab9b82cb731e0a65039bb09afec9ab51f87b42,227c455847ce35aadb87e814a17b1e670f00837a9ecbea225de0a2a3a9a8fa81
1300,3549.1156548825625,412793660.3935455,pair_04_25_L24.npz,near_interior_pair,4,25,b006998f0bcae716ee39b753f0c7fe4e9288319fc030ab8b5d84bcb617f73892,bd8b04b6bc3c0d42c92537f27fbcbf2138ea68a551ad17789c128a71f0bac9d7,227c455847ce35aadb87e814a17b1e670f00837a9ecbea225de0a2a3a9a8fa81
1300,3549.1156548825625,412793660.3935455,pair_04_26_L24.npz,near_interior_pair,4,26,2ce6e63bd824e0cb62e84b21ed1e9fcb66a49fb12aa0d142922884b0003688fa,9844338ea9ae9dbb8f2af99d8362ea9ebce1196c52894ebb2cc843bc1f80f355,227c455847ce35aadb87e814a17b1e670f00837a9ecbea225de0a2a3a9a8fa81
1300,3549.1156548825625,412793660.3935455,pair_04_27_L24.npz,near_interior_pair,4,27,c1a9ecf7899c7994acfa974170dd2176c6a22e694c5c5d7232989871fe2c7888,bb8eccd887bf449e6b44fbc1d1dd503ece16478b6b53d88deabd22e205834d76,227c455847ce35aadb87e814a17b1e670f00837a9ecbea225de0a2a3a9a8fa81
1300,3549.1156548825625,412793660.3935455,pair_04_28_L24.npz,near_interior_pair,4,28,b08cb14cf13f7acadca25f0674018f0889716a51f6a5fac75c566c73fb9d6dfd,4e332603e38dd36269fd4870cfbe2687bfa4b82a94f5171cd643e342dace4f57,227c455847ce35aadb87e814a17b1e670f00837a9ecbea225de0a2a3a9a8fa81
1300,3549.1156548825625,412793660.3935455,pair_04_29_L24.npz,far_interior_pair,4,29,263113fa6d5ff842c5771e2ed1f4067e1cee235723c9b0243807a0c38b06ea1d,99d810dbc4d154ac7de21cde7be47d466f48a5cd2ee60396096b26dd27bb7e5c,227c455847ce35aadb87e814a17b1e670f00837a9ecbea225de0a2a3a9a8fa81
1300,3549.1156548825625,412793660.3935455,pair_04_30_L24.npz,far_interior_pair,4,30,9de2cd5520efa9cc21e1ed296314a1434a746eebd86f461e8ab0d5572c234245,db465d7b6913188eda4e54d28d58cd719d382d3c96bd8fdf345d235df76f4428,227c455847ce35aadb87e814a17b1e670f00837a9ecbea225de0a2a3a9a8fa81
1300,3549.1156548825625,412793660.3935455,pair_04_31_L24.npz,far_interior_pair,4,31,b17ca9fbc57ca9386300094d6211a611234d6c58b3f98a3a830ba76bfb20dbfc,c22aa1ed7918f398982d90dfada15d3261dbb48ee10a76f8790bafd8b545e337,227c455847ce35aadb87e814a17b1e670f00837a9ecbea225de0a2a3a9a8fa81
1300,3549.1156548825625,412793660.3935455,pair_04_32_L24.npz,far_interior_pair,4,32,4338a892def9d36b1c79374501ca6b4e86a9dd690f55ee3aafba8e848a5946d2,48db6e1beed7fb6d406a7ae5deae63ae718c62af852c2f73b7e88a6339947ace,227c455847ce35aadb87e814a17b1e670f00837a9ecbea225de0a2a3a9a8fa81
1300,3549.1156548825625,412793660.3935455,pair_04_33_L24.npz,far_interior_pair,4,33,f2615de8a15c590dccb4d27ba722465f32af610badaf14219fc91bc31cd3052d,9398d0fff1facdba2edf53dcbcf1b8b26f92f0aa24c7235f8980fe1986a2c5b1,227c455847ce35aadb87e814a17b1e670f00837a9ecbea225de0a2a3a9a8fa81
1300,3549.1156548825625,412793660.3935455,pair_04_34_L24.npz,far_interior_pair,4,34,ac186046f0c57b0ce2b92e9eb25e00556948d4d269782482d45134121e80adfd,83c4d6d33776483d8ae163ae2603f44ffee8adb950b08256ded29436fedf2e4d,227c455847ce35aadb87e814a17b1e670f00837a9ecbea225de0a2a3a9a8fa81
1300,3549.1156548825625,412793660.3935455,pair_05_06_L24.npz,interior_pair,5,6,a9f01d9f2040a4fb594352ddc32819b6ce0a311afb66f894c18aaecb9f12bfd7,caee7114d02efa1125111c895ddc6d5295b491f28c7ac041d6016d9aedce3a06,227c455847ce35aadb87e814a17b1e670f00837a9ecbea225de0a2a3a9a8fa81
1300,3549.1156548825625,412793660.3935455,pair_05_07_L24.npz,interior_pair,5,7,c59ff25fd3e36e8b21babec56848f4535f26c87bbb1df93a4313978d4c264df2,0ed44919807dd83874076cbcc0b9e35a2d58942d6af645e9fe657a339c9922d8,227c455847ce35aadb87e814a17b1e670f00837a9ecbea225de0a2a3a9a8fa81
1300,3549.1156548825625,412793660.3935455,pair_05_08_L24.npz,interior_pair,5,8,e7b21a0e6ab3b3267b66ad75e01eb0784ca187fca840283f8a0d41d00f9f5c62,f74e4c5bbc0f862c742e8d23e657369faa8a9329ba7e808c51e70f7faba5dc04,227c455847ce35aadb87e814a17b1e670f00837a9ecbea225de0a2a3a9a8fa81
1300,3549.1156548825625,412793660.3935455,pair_05_09_L24.npz,interior_pair,5,9,79a125ef32fb9a5e4aad55cad698ef432e6d9c8aac039fcfb73f046ddd83855f,7e7e6e2727e3c7513e6b8c285330cbd210cbfaece9049c55f6686fb43d393038,227c455847ce35aadb87e814a17b1e670f00837a9ecbea225de0a2a3a9a8fa81
1300,3549.1156548825625,412793660.3935455,pair_05_10_L24.npz,interior_pair,5,10,4cdcb1e094d8bec8601c99b08570e161f8e4f7fb3f894ac9c3f3922aad76e2c1,3ded199ddfdbc08829d7f69d869000958c9bd473dd66908df751109f65703d2d,227c455847ce35aadb87e814a17b1e670f00837a9ecbea225de0a2a3a9a8fa81
1300,3549.1156548825625,412793660.3935455,pair_05_11_L24.npz,interior_pair,5,11,40af16b8f93bec2c63980bea9962f8e695017fd002b01e55bf7188a0e1c6156b,9765fb5c665b1b6f858757e7af707b635f021afde66e5bde81c01486f4f6a24d,227c455847ce35aadb87e814a17b1e670f00837a9ecbea225de0a2a3a9a8fa81
1300,3549.1156548825625,412793660.3935455,pair_05_12_L24.npz,interior_pair,5,12,3889155355a295d75b71d1cf73d4c9e42791334f70a6479fcdbc2b9ab45f0eab,d77dd0f33e0f71b4603c900b817a1626b286d8c9b7fb5f4f6cf50c26f9cb2c74,227c455847ce35aadb87e814a17b1e670f00837a9ecbea225de0a2a3a9a8fa81
1300,3549.1156548825625,412793660.3935455,pair_05_13_L24.npz,interior_pair,5,13,e6227617c96ae688dcc130c0e5af74b6814455d02621cb9338b46040beef2f2d,7a78c7c2fc959330f700f4babf20885190e5eb4bcb59eaa00808405ef7188129,227c455847ce35aadb87e814a17b1e670f00837a9ecbea225de0a2a3a9a8fa81
1300,3549.1156548825625,412793660.3935455,pair_05_14_L24.npz,interior_pair,5,14,ab32f85f6e2319bfdfb878d5b140d013147d6d05c2d59085ba5ff6ee889e23c4,ca4c6e6aee7e2463d891e8ecd7520090a43d78b189303f3b68d88e2ca0e83664,227c455847ce35aadb87e814a17b1e670f00837a9ecbea225de0a2a3a9a8fa81
1300,3549.1156548825625,412793660.3935455,pair_05_15_L24.npz,interior_pair,5,15,98dc14981891b482e27becab8e45900e7f26dc6dfce3db3a9452327b4bccfff7,5b00b3c0944ea860b385c9bbd6deb651080c5619701788e73efe5d64fa4ddb86,227c455847ce35aadb87e814a17b1e670f00837a9ecbea225de0a2a3a9a8fa81
1300,3549.1156548825625,412793660.3935455,pair_05_16_L24.npz,interior_pair,5,16,04c3d121f1ac95ac32f4fe7a0c2b54f721179da3cf07ad835b5ffe8802586a88,b6f37d970bdee0a07553e4268e619784c8fd102fcb28808d1a74aaf89a26b53e,227c455847ce35aadb87e814a17b1e670f00837a9ecbea225de0a2a3a9a8fa81
1300,3549.1156548825625,412793660.3935455,pair_05_17_L24.npz,near_interior_pair,5,17,a913afa9bbc4ac18dd70f192d90e46ef5da1c2549b65c2590ef30074a0254c5f,eba961229e9bcf065b1875bd9f585ab6c74621a42ca07af8def450b8a4988eeb,227c455847ce35aadb87e814a17b1e670f00837a9ecbea225de0a2a3a9a8fa81
1300,3549.1156548825625,412793660.3935455,pair_05_18_L24.npz,near_interior_pair,5,18,d08fe8d4c8c086687a59b9cda0cdde6effbed010c40fe285c19bed8c0b9c0072,31ffcd1adbd43ed36b624e4a684688b76a0f3fb7b1bd10a983f93fccd4ec271a,227c455847ce35aadb87e814a17b1e670f00837a9ecbea225de0a2a3a9a8fa81
1300,3549.1156548825625,412793660.3935455,pair_05_19_L24.npz,near_interior_pair,5,19,5710d548705f8bec78f2998dd4254854641d6e6ac313d62bbc28987aacc768ca,f36da14dbe335a28ea82aaeef32c3fd77a89e81408fbe3713ef1fd1c4f43ea83,227c455847ce35aadb87e814a17b1e670f00837a9ecbea225de0a2a3a9a8fa81
1300,3549.1156548825625,412793660.3935455,pair_05_20_L24.npz,near_interior_pair,5,20,008b6781b40cf0a3024d308ee9c44886e054f50fc714a0c79ab6a198f8525515,05b053f3d80297dbb6c149aff30b87de19b1ed03d5989f1d578a2f5cd0e791a4,227c455847ce35aadb87e814a17b1e670f00837a9ecbea225de0a2a3a9a8fa81
1300,3549.1156548825625,412793660.3935455,pair_05_21_L24.npz,near_interior_pair,5,21,54a18e38a254fc173b27996e02fc828cdacda47210b95b198f61731a5d55e910,5137498dbe0dc32ae061ee089eb79c4ca64348641c5f08ae17bf18051de0b154,227c455847ce35aadb87e814a17b1e670f00837a9ecbea225de0a2a3a9a8fa81
1300,3549.1156548825625,412793660.3935455,pair_05_22_L24.npz,near_interior_pair,5,22,62ceaa043ccd888a99fec2e2ab47be811f1a28947ec3cba0b42be1e898c9dbe6,1e3d0f5cafc1e0b4bd8062469292e7247f2de532314734a76580a68894336774,227c455847ce35aadb87e814a17b1e670f00837a9ecbea225de0a2a3a9a8fa81
1300,3549.1156548825625,412793660.3935455,pair_05_23_L24.npz,near_interior_pair,5,23,c9cc009d09cfd4b3c028cfecc30cb5a9aceca1296ec9f695a5bdd6b0ca4410b7,42f55b5baa26c54c4d959b454f4abb527f53f13e9aff1d947c6726cc41b1abbd,227c455847ce35aadb87e814a17b1e670f00837a9ecbea225de0a2a3a9a8fa81
1300,3549.1156548825625,412793660.3935455,pair_05_24_L24.npz,near_interior_pair,5,24,c81c992f82a623fd00614feee6abcc0ad6be0c49d26f56b034df175114e3c07c,b9ff61106a3d33da0ffdd7136b7f02234834b8c1f7cbf339cb2af58dac651ea2,227c455847ce35aadb87e814a17b1e670f00837a9ecbea225de0a2a3a9a8fa81
1300,3549.1156548825625,412793660.3935455,pair_05_25_L24.npz,near_interior_pair,5,25,ca741185c90a00e66ccb7a6151c06f02bff654f778d7ad2e74471f59c35bcc81,daac55f8e1147cc3858b447fd5d390531179c07120a12d5f11b6918c0e04953d,227c455847ce35aadb87e814a17b1e670f00837a9ecbea225de0a2a3a9a8fa81
1300,3549.1156548825625,412793660.3935455,pair_05_26_L24.npz,near_interior_pair,5,26,5cb40f474fa03652cb123be111e16f7de512ef0164a4938a5c216b60378ae657,16f7b79b4d5a9e17d039f73e3bafe7416950988bb56867c8bcf08abb212f5c13,227c455847ce35aadb87e814a17b1e670f00837a9ecbea225de0a2a3a9a8fa81
1300,3549.1156548825625,412793660.3935455,pair_05_27_L24.npz,near_interior_pair,5,27,4a469983776bea7472e0fe24036609626c8c5dfe2134a309217e7376716604f3,9c3bcfcc7fd71d0aefe766112abe7b2d163d52db0b5804b51bf5924a8321f932,227c455847ce35aadb87e814a17b1e670f00837a9ecbea225de0a2a3a9a8fa81
1300,3549.1156548825625,412793660.3935455,pair_05_28_L24.npz,near_interior_pair,5,28,1f2cd41d851ec271341f93a93f5803c6b3bc119eab690bbecc5f7bf90e8ad744,46d07959adec5d940a7cbf4e8d9280b8cf947a2571ce9232acfe833f4be0f330,227c455847ce35aadb87e814a17b1e670f00837a9ecbea225de0a2a3a9a8fa81
1300,3549.1156548825625,412793660.3935455,pair_05_29_L24.npz,far_interior_pair,5,29,596563c1a6851a2fa578d7f41d012937b9151426d1029424201feba4be187f09,37b65a83fe53c5ff0ce7304f86f9b0aa21f2e22d1bc1f2079c12a063ef1a1ba9,227c455847ce35aadb87e814a17b1e670f00837a9ecbea225de0a2a3a9a8fa81
1300,3549.1156548825625,412793660.3935455,pair_05_30_L24.npz,far_interior_pair,5,30,b7c96bd9f8c1b558e648bf13c8a3c96f64f85bfe210fd4a21165ec25185c86cd,09fc7d8db53255db4d0fdac6dc0be60c58d80bc39f2954878e0116f5cce57741,227c455847ce35aadb87e814a17b1e670f00837a9ecbea225de0a2a3a9a8fa81
1300,3549.1156548825625,412793660.3935455,pair_05_31_L24.npz,far_interior_pair,5,31,170149603961ff4501c874aceb930615dda5a4fcafabf039acd2e3897470fdb8,860a2c6cf18b3fe03b58fd8cca9c131fabf9ef13e9e66d5a7a5f074e059d4ca4,227c455847ce35aadb87e814a17b1e670f00837a9ecbea225de0a2a3a9a8fa81
1300,3549.1156548825625,412793660.3935455,pair_05_32_L24.npz,far_interior_pair,5,32,50a832f74b60a0ce74b8435716e3703d7e4c3c789d0634e0ccfbe4a084b90dfb,323c78fbbaa8c807dfe7e04ca32146ec5a8731410976264d4a776ad043ac7f6c,227c455847ce35aadb87e814a17b1e670f00837a9ecbea225de0a2a3a9a8fa81
1300,3549.1156548825625,412793660.3935455,pair_05_33_L24.npz,far_interior_pair,5,33,3b9de21527350a52163e7ac603bcb13e98ee89d6ba5b1d5293eaddd656317744,65fa303d1c19d88446b1fde0e9aefaf9b1ad5fd959edace6fcb3ad7412ea3b55,227c455847ce35aadb87e814a17b1e670f00837a9ecbea225de0a2a3a9a8fa81
1300,3549.1156548825625,412793660.3935455,pair_05_34_L24.npz,far_interior_pair,5,34,3c00c102cce2d7d3452de715dabf3dd54c7f38560c887e6919595022bfcf1616,02ffee4bad8b7cce52db05e82c04c10ed568b12341cc93df04c55f5620526922,227c455847ce35aadb87e814a17b1e670f00837a9ecbea225de0a2a3a9a8fa81
1300,3549.1156548825625,412793660.3935455,pair_06_07_L24.npz,interior_pair,6,7,9e8fa73bf243d8bbccf129f1f0f4d4e6f4a83ae430711b2ff715d8f6e93247f3,e300dd1dbc9b14a75dc46fd56373a6cb8014972d613f1219c95499c9e2ea651b,227c455847ce35aadb87e814a17b1e670f00837a9ecbea225de0a2a3a9a8fa81
1300,3549.1156548825625,412793660.3935455,pair_06_08_L24.npz,interior_pair,6,8,518811d206bf8076730fdfb538bc67b17459108e86ce169c72dfdf2dd69718d5,b0059af968772f0899f631b5dae84786ec1ebe4fd6f9fed017cc68dfbeb889b7,227c455847ce35aadb87e814a17b1e670f00837a9ecbea225de0a2a3a9a8fa81
1300,3549.1156548825625,412793660.3935455,pair_06_09_L24.npz,interior_pair,6,9,8f7549d871a96858f43068f58c8247e084beb05474b4a5b8ca3357ef1958b26e,0b00ed78a7cc5265f10cd52ecab4e1fc19ff30954ccc62995189ca599b826445,227c455847ce35aadb87e814a17b1e670f00837a9ecbea225de0a2a3a9a8fa81
1300,3549.1156548825625,412793660.3935455,pair_06_10_L24.npz,interior_pair,6,10,9c07522671b027d8e4042ecb9a28edd2b39768f40e0694b7624dcdf3fc3c349d,25f4b39b81c6cf689b972624a57e751088d4ec3e205ef86f740fd488d5bc3873,227c455847ce35aadb87e814a17b1e670f00837a9ecbea225de0a2a3a9a8fa81
1300,3549.1156548825625,412793660.3935455,pair_06_11_L24.npz,interior_pair,6,11,69f0f046b15c10f18d1f0a0102d56741b967dc469f0e1cd7d5affa11543221fb,a97ef1254fadd5cb54c040dbdd07db23aadf970179bab48b74b90c122ced40f8,227c455847ce35aadb87e814a17b1e670f00837a9ecbea225de0a2a3a9a8fa81
1300,3549.1156548825625,412793660.3935455,pair_06_12_L24.npz,interior_pair,6,12,cd5bf3ceacec4a01a8666bae94d933ee9e7bd23fce38b4158197e6defda891ba,6e3d97df080d1b45f2131d486f9626af389678aa69bc4856170a6e410580c5a4,227c455847ce35aadb87e814a17b1e670f00837a9ecbea225de0a2a3a9a8fa81
1300,3549.1156548825625,412793660.3935455,pair_06_13_L24.npz,interior_pair,6,13,ef45d6a691c4ba958e2e667a27f6d4cdd2594c95a969cf5039e74da0f210b27b,ecb06c28324025e321f944f462f29f23bc3a7ae470c2364c621f6a559f336643,227c455847ce35aadb87e814a17b1e670f00837a9ecbea225de0a2a3a9a8fa81
1300,3549.1156548825625,412793660.3935455,pair_06_14_L24.npz,interior_pair,6,14,2173b631ebe2ee93a41d0c1b3b32a880024736a12f3974b616f98f36cc8d9e17,1ea9ef28a43fda1f64b63fd773a09f1feba4ccc6a138f0b3e11303be94b356af,227c455847ce35aadb87e814a17b1e670f00837a9ecbea225de0a2a3a9a8fa81
1300,3549.1156548825625,412793660.3935455,pair_06_15_L24.npz,interior_pair,6,15,ced5c02540f05de65364f871f2aafdd8c7315253be95cedb5a0bfd9ae1837b6f,724d35cf050dbbbc9e2d79090d7f25aadb15e332d6c2c7ffe6c9a897520295b6,227c455847ce35aadb87e814a17b1e670f00837a9ecbea225de0a2a3a9a8fa81
1300,3549.1156548825625,412793660.3935455,pair_06_16_L24.npz,interior_pair,6,16,e24a04ca6d254ace65c0ab5a880145157f27178796638fb8f3e15f3890258ebc,95714a8821cf1a38d74a7edd27dc1a0b25de7bdd3d22e4ac5b5e79acd25b8933,227c455847ce35aadb87e814a17b1e670f00837a9ecbea225de0a2a3a9a8fa81
1300,3549.1156548825625,412793660.3935455,pair_06_17_L24.npz,near_interior_pair,6,17,2e1998d1f67d4775631a6b95f704fc95cb2ef6df840dd7b8cd8947f1c5752da8,8faab1e426582959a45e6cb593f4c6a2f0f812f0002d6d5f8b4b90e7c9344576,227c455847ce35aadb87e814a17b1e670f00837a9ecbea225de0a2a3a9a8fa81
1300,3549.1156548825625,412793660.3935455,pair_06_18_L24.npz,near_interior_pair,6,18,94bc0fcffbec4a9d8a5967876f6370590b62adfe347c120a61df0f8b1cdc2a2b,bd50c024c646e56ea82b9ae482c9d25029ca810b7bf104550c1cd69880539859,227c455847ce35aadb87e814a17b1e670f00837a9ecbea225de0a2a3a9a8fa81
1300,3549.1156548825625,412793660.3935455,pair_06_19_L24.npz,near_interior_pair,6,19,e9c740a36cf5230340d0d73b05c57c510ee43f83bd9830e80fb636484e0a50fb,2dad7bd483520b0306b5205f2939e3f59dc075388a6c9f4831a23ef4d3c2bfd8,227c455847ce35aadb87e814a17b1e670f00837a9ecbea225de0a2a3a9a8fa81
1300,3549.1156548825625,412793660.3935455,pair_06_20_L24.npz,near_interior_pair,6,20,4fecc4ad27cb11ee1b252e885a41d786300f57b6271bf7df20be47df9f987fd0,27a1ab103c3dedb5c04e0d12704ce9e13a27ae958f36a368436318bd65d28ded,227c455847ce35aadb87e814a17b1e670f00837a9ecbea225de0a2a3a9a8fa81
1300,3549.1156548825625,412793660.3935455,pair_06_21_L24.npz,near_interior_pair,6,21,de9305b86704e6134216584021f1ed387e03cbaebc57bf5e8d77b7d13ecc28ee,ce836827ce90e13562d3a9beabd6ce96d2a5d5cb86700163344854318b7cc855,227c455847ce35aadb87e814a17b1e670f00837a9ecbea225de0a2a3a9a8fa81
1300,3549.1156548825625,412793660.3935455,pair_06_22_L24.npz,near_interior_pair,6,22,bcb5996f81e6ce2a7ce777ae20344f9066c79720296e4e0bdfe8411be8556706,6b9b2c4dce89a67cfc8568dde04be035f245078ef8d46e0be67ed817d987161b,227c455847ce35aadb87e814a17b1e670f00837a9ecbea225de0a2a3a9a8fa81
1300,3549.1156548825625,412793660.3935455,pair_06_23_L24.npz,near_interior_pair,6,23,5a685d5d889c5c6ec9845ca5a3d76c54f81608c9a4cb1719c0f4c5281d72108c,9c10f1a6f01c36abeb92bff96301559949656594976c7d0405362f3d1dc9ed25,227c455847ce35aadb87e814a17b1e670f00837a9ecbea225de0a2a3a9a8fa81
1300,3549.1156548825625,412793660.3935455,pair_06_24_L24.npz,near_interior_pair,6,24,1b79682c4a30f0d0673d8e3bf5acb007ed9d5b4087d80f0107475655bebc8dfd,453099b75ad7891ff5eb475ad5d322b184e3cea4f95e8affe9a0839500c278d4,227c455847ce35aadb87e814a17b1e670f00837a9ecbea225de0a2a3a9a8fa81
1300,3549.1156548825625,412793660.3935455,pair_06_25_L24.npz,near_interior_pair,6,25,b14a0832f0f4b29e9439bca617055830844b4e81c0ffb21085119c684131daa6,0c84703e49d3255ad0cb42be1923b835d9dcd09497fa1ebe31715a743cdcfa06,227c455847ce35aadb87e814a17b1e670f00837a9ecbea225de0a2a3a9a8fa81
1300,3549.1156548825625,412793660.3935455,pair_06_26_L24.npz,near_interior_pair,6,26,a828f556f9394248a4f981cb69642b3e4ec985cc4b6555be58960ae24d744582,a43684806aad82336458f30c7b89a8927797eeea0e078dfbe0b559a770634e21,227c455847ce35aadb87e814a17b1e670f00837a9ecbea225de0a2a3a9a8fa81
1300,3549.1156548825625,412793660.3935455,pair_06_27_L24.npz,near_interior_pair,6,27,96efe19601d7311fae0ca4168a8d60c9ba0dcb1d09043d80f59a2b443b06743d,cb41b4bfaad401ae0c7e2f17a9f8ddca363bcc674cf89f6986ff893452993a44,227c455847ce35aadb87e814a17b1e670f00837a9ecbea225de0a2a3a9a8fa81
1300,3549.1156548825625,412793660.3935455,pair_06_28_L24.npz,near_interior_pair,6,28,5dab5d6b8b55c0518fe70c38396669575f80ec4ca24566df0e05fd9504a32920,2ba2c2730af24d14c5f2dc61e47e91318d38f214b5656a8d29630d4ef40c7132,227c455847ce35aadb87e814a17b1e670f00837a9ecbea225de0a2a3a9a8fa81
1300,3549.1156548825625,412793660.3935455,pair_06_29_L24.npz,far_interior_pair,6,29,9fe8e53c0c86d87bc9ca2a02c7548f0bdaff64cc50c816115e0c3aa6337d7cea,dbe406906d6b86590d8093c64616b14dd5b2bd608988f54248d6005d65090db3,227c455847ce35aadb87e814a17b1e670f00837a9ecbea225de0a2a3a9a8fa81
1300,3549.1156548825625,412793660.3935455,pair_06_30_L24.npz,far_interior_pair,6,30,4f64c3e33be64cdc697bf2cd57a3cef9db6ded1d1865d0c1ca497938fd2e2bc9,0e7e1f884a46403031c4727bfe3d627174ae8d08c2f895273be6d6eb0c7b5e2b,227c455847ce35aadb87e814a17b1e670f00837a9ecbea225de0a2a3a9a8fa81
1300,3549.1156548825625,412793660.3935455,pair_06_31_L24.npz,far_interior_pair,6,31,74b9c3b21ab0f0d4ab2ade9328ea7dc3bf072eb5013fbcb163ca36edeb0e79ed,b580ff3c0e5fc5ba5c0ccd58fd2f631c9e1c3a784f32ca8ea7140718dff7c3d1,227c455847ce35aadb87e814a17b1e670f00837a9ecbea225de0a2a3a9a8fa81
1300,3549.1156548825625,412793660.3935455,pair_06_32_L24.npz,far_interior_pair,6,32,4f8323eacd9197e49837637dfa7c381c320f68feb96ae654e3b796cb0977d971,1b3e814cd077971c6941fa2e5cb5ff87e88815f21e95f289c0a77112dc2820f7,227c455847ce35aadb87e814a17b1e670f00837a9ecbea225de0a2a3a9a8fa81
1300,3549.1156548825625,412793660.3935455,pair_06_33_L24.npz,far_interior_pair,6,33,0c2c5a5fd9b7673f4b3a6cb58395957ea7e25dde30b722be7a583420ff641cd2,5d858e2bea47c76bfa808c535ef78a08435baa8f29c13665a96f310a4e684cc4,227c455847ce35aadb87e814a17b1e670f00837a9ecbea225de0a2a3a9a8fa81
1300,3549.1156548825625,412793660.3935455,pair_06_34_L24.npz,far_interior_pair,6,34,5131ca91bca0b2dba5e9e969c5ec7f9025d154a0dc376a9f226ceb3110458203,29ff0e2a80053957774faa4a2b2e45b98928b82140ae55f302bfc4d408394a5c,227c455847ce35aadb87e814a17b1e670f00837a9ecbea225de0a2a3a9a8fa81
1300,3549.1156548825625,412793660.3935455,pair_07_08_L24.npz,interior_pair,7,8,6cbbd6abd410c69d74b87235fed700a3cd58d5dceea945938820597dc102472a,852beaf615ebf4c0c85c50cd6ef32775c1e39892fb30badf88223ee7d2a251fa,227c455847ce35aadb87e814a17b1e670f00837a9ecbea225de0a2a3a9a8fa81
1300,3549.1156548825625,412793660.3935455,pair_07_09_L24.npz,interior_pair,7,9,bb3e8126e159bcdba51cfe65a5b13dba4c2c6b2211bf6fd24e58b633ec30b746,bddc906aaaea5719f5512bd1e6154f7f2eb4c0ec870aad0a283a0864524bebde,227c455847ce35aadb87e814a17b1e670f00837a9ecbea225de0a2a3a9a8fa81
1300,3549.1156548825625,412793660.3935455,pair_07_10_L24.npz,interior_pair,7,10,c2185cd75697dc3115f47c313d71c9a39fccd64c3d43dfe5a0c4ae83c157032d,d50b2ee7b4416479f3989ba0645edc56b8fe7740b051c9a1407f5a728581d61d,227c455847ce35aadb87e814a17b1e670f00837a9ecbea225de0a2a3a9a8fa81
1300,3549.1156548825625,412793660.3935455,pair_07_11_L24.npz,interior_pair,7,11,a90cf11bf7abc1f1ebf6132cc8a6f989cff4f53b989d352d52271d0c2e4233e4,5b8f76c9be021d817dabcd47ea5f5ff5d529049417a46d7695e88dc3ab8a054c,227c455847ce35aadb87e814a17b1e670f00837a9ecbea225de0a2a3a9a8fa81
1300,3549.1156548825625,412793660.3935455,pair_07_12_L24.npz,interior_pair,7,12,692c27e658515be6bbdc06c5686a2f5483fd73da4cdeb2431c7ba6a980a27f16,a5af99c77b53e5eec09bf8d2cdef346b873ea2998fcd73630409d3e5ece8e1eb,227c455847ce35aadb87e814a17b1e670f00837a9ecbea225de0a2a3a9a8fa81
1300,3549.1156548825625,412793660.3935455,pair_07_13_L24.npz,interior_pair,7,13,5d0e2d81fe038a56df819c0ac7837f0f94d0e09e2a32eff5e69678155470f14f,ff5e3aaed3bc81eb97df23fd69c181399e47ed9510f35431bbc91d38d11bd360,227c455847ce35aadb87e814a17b1e670f00837a9ecbea225de0a2a3a9a8fa81
1300,3549.1156548825625,412793660.3935455,pair_07_14_L24.npz,interior_pair,7,14,56672fb3246f2a8cfa5a3484f1fb0ebaaad7530f5ca519fe92e1b4d141efa806,d9481e53d7b9bdb1c74919e59df49b326435e53d2f36277b46c74bcc38c0979b,227c455847ce35aadb87e814a17b1e670f00837a9ecbea225de0a2a3a9a8fa81
1300,3549.1156548825625,412793660.3935455,pair_07_15_L24.npz,interior_pair,7,15,08394562479c9efbd259cd4a6783391c651faab4110300885e166eb79a23b053,3ca462c08abb0ba5209b4b07a209279130a23198cb2f898f129c47d70a63cfe6,227c455847ce35aadb87e814a17b1e670f00837a9ecbea225de0a2a3a9a8fa81
1300,3549.1156548825625,412793660.3935455,pair_07_16_L24.npz,interior_pair,7,16,c8c27ab24a6be973cd2a4f0234d2f926aa44c8b02d1227f468ef6cae07e63c27,573c8134f998ae8217f50c958fc75bb1253fd0808c26ff143210eb30829a7a42,227c455847ce35aadb87e814a17b1e670f00837a9ecbea225de0a2a3a9a8fa81
1300,3549.1156548825625,412793660.3935455,pair_07_17_L24.npz,near_interior_pair,7,17,76f7c6144b2e379017c7c72b20026a3beebdf1ae7e2f217c9bcd3dcb231f808b,9c2327f28fef579e9360e9f93476133ae9044c3591f42f91817eb2cdccf1d939,227c455847ce35aadb87e814a17b1e670f00837a9ecbea225de0a2a3a9a8fa81
1300,3549.1156548825625,412793660.3935455,pair_07_18_L24.npz,near_interior_pair,7,18,4a08c376a62c860c07f44aa92d5ea2616b4ac0888fd2cfab2393fe0c83817e0d,5cb553248873bcf956cee9d1d93db32d06544321c1c3c47e8e49352cad24f782,227c455847ce35aadb87e814a17b1e670f00837a9ecbea225de0a2a3a9a8fa81
1300,3549.1156548825625,412793660.3935455,pair_07_19_L24.npz,near_interior_pair,7,19,6a5b6d202e66b828e4bdbabea0a19e7f0fe05ed4d5be4294198488d69f1e499e,cc81f641f49a571a89ea64366037f8bd5a50e5c231dadd713b73ec7906407f81,227c455847ce35aadb87e814a17b1e670f00837a9ecbea225de0a2a3a9a8fa81
1300,3549.1156548825625,412793660.3935455,pair_07_20_L24.npz,near_interior_pair,7,20,abdf9ee41523effc3fabf0279d7361d49dba56d00e2416dd9f0675724c5180dc,c151af59c49674a26c2133ecc2872d0a2be93a0035f70c3687599ef66d9cb288,227c455847ce35aadb87e814a17b1e670f00837a9ecbea225de0a2a3a9a8fa81
1300,3549.1156548825625,412793660.3935455,pair_07_21_L24.npz,near_interior_pair,7,21,edd0939df8f8e2fd22e8f2743573c60ea503ddaedf554abdd2bc16d2b217ec9f,2dfe4ae7d9f53abd73dcb1211cadcaf69fded0022dcd0cf69540709a8371962c,227c455847ce35aadb87e814a17b1e670f00837a9ecbea225de0a2a3a9a8fa81
1300,3549.1156548825625,412793660.3935455,pair_07_22_L24.npz,near_interior_pair,7,22,3ec1ef877d840ed1eb7138db3f316bac373c0c91b7ca45ebbb58162da318c484,77672086beac2588e797309f47f1a77d060d2a7ddd25ef71037fab448013a428,227c455847ce35aadb87e814a17b1e670f00837a9ecbea225de0a2a3a9a8fa81
1300,3549.1156548825625,412793660.3935455,pair_07_23_L24.npz,near_interior_pair,7,23,cd99c5d785ee4a42ea43019bd396c72792f82b53fe505b92d703c409d14c340a,a62a2abe5af7c043e3471a4456fbe276f54a216d31ef29245ff3257d3562ce46,227c455847ce35aadb87e814a17b1e670f00837a9ecbea225de0a2a3a9a8fa81
1300,3549.1156548825625,412793660.3935455,pair_07_24_L24.npz,near_interior_pair,7,24,818f8264a37b3df5fb7283f8a8cc135062c0bff67359decdd6a0c3b41c946f1c,d9e408dfeb48cb9fe75073807695ac47e69cb04bc7b59fd93831a676b21cb21e,227c455847ce35aadb87e814a17b1e670f00837a9ecbea225de0a2a3a9a8fa81
1300,3549.1156548825625,412793660.3935455,pair_07_25_L24.npz,near_interior_pair,7,25,e0f3daa880d10281d7557839fab1e8db4ce2aed2304f616ba431d7e61cb3ba06,dde69f8d5217320b4e97b282c64dad7ee0a110f5f4b686f1c81984bbc0a2cc1d,227c455847ce35aadb87e814a17b1e670f00837a9ecbea225de0a2a3a9a8fa81
1300,3549.1156548825625,412793660.3935455,pair_07_26_L24.npz,near_interior_pair,7,26,00783cbe642d3e43b861f6d95e7cbdb3144299e1dacf782700269d55fd808a27,68e501c3c9ec09e1c8d7be50df6b9111febcebba2fd5d081063fb9f562dd87cd,227c455847ce35aadb87e814a17b1e670f00837a9ecbea225de0a2a3a9a8fa81
1300,3549.1156548825625,412793660.3935455,pair_07_27_L24.npz,near_interior_pair,7,27,e8e3904416812ee60a1cd6be18a918fba3b4368d9d4d0ed13d59b5ab426ff173,45f178160ac450761cf52b1cefc40b277619a9c5e5e37bd9deee6ca10d3ca5b7,227c455847ce35aadb87e814a17b1e670f00837a9ecbea225de0a2a3a9a8fa81
1300,3549.1156548825625,412793660.3935455,pair_07_28_L24.npz,near_interior_pair,7,28,d468692c12d7a20dd076541382973b018173dc5b593b4d2ca8b41b95b97880ed,9252e8cd0c55c7efd18ab6f3c6c451904190b8d5bacc18fc9d39d29512b66bf0,227c455847ce35aadb87e814a17b1e670f00837a9ecbea225de0a2a3a9a8fa81
1300,3549.1156548825625,412793660.3935455,pair_07_29_L24.npz,far_interior_pair,7,29,7bfec9d78ed7b4a65a23c385f5e6eed1e1d958c4454811b7bf38b65d6c0d0f1a,0bcdfd1ced589ab958d24c671286cc17aca9c991f975bddc57d40a2210d27344,227c455847ce35aadb87e814a17b1e670f00837a9ecbea225de0a2a3a9a8fa81
1300,3549.1156548825625,412793660.3935455,pair_07_30_L24.npz,far_interior_pair,7,30,6e12324030079c707be2212114ce04ea189073c0d4fddbba59cd4970516c00a4,44f48d4d34f8bd0da03d6c8a4d584ee2221f662882f70e06a0c63d5dd6c9b58b,227c455847ce35aadb87e814a17b1e670f00837a9ecbea225de0a2a3a9a8fa81
1300,3549.1156548825625,412793660.3935455,pair_07_31_L24.npz,far_interior_pair,7,31,986d9c00802b059108edeb9d0c8be48c20b032cdee9730e647c14ecb89a79b8d,725e7cf6446e878414e67879082207c9de105c636f11a0e5ebdfce7e69733baa,227c455847ce35aadb87e814a17b1e670f00837a9ecbea225de0a2a3a9a8fa81
1300,3549.1156548825625,412793660.3935455,pair_07_32_L24.npz,far_interior_pair,7,32,4fd670766c474cb4faa0d6fedb71480586d52e2cc8ac3de025925d32aa1a3120,364defed47b33a67d256390bf871b2d74630e6ca7cfd29ec1c957c87f9da5bde,227c455847ce35aadb87e814a17b1e670f00837a9ecbea225de0a2a3a9a8fa81
1300,3549.1156548825625,412793660.3935455,pair_07_33_L24.npz,far_interior_pair,7,33,6bb65ece43917f12f4920e3e4c00e5af627bc775e5b284f0b7615f8e210f138f,39b7fe25608a0d8d5f26483ad65ec2d98f9bd4bd085b618f4ae68b23ba0569a2,227c455847ce35aadb87e814a17b1e670f00837a9ecbea225de0a2a3a9a8fa81
1300,3549.1156548825625,412793660.3935455,pair_07_34_L24.npz,far_interior_pair,7,34,65a31b9fbc108e8932bbd9a39c48edc9bc2024adde05ca2373be92b735406269,474529f9ec474749798a47fc0585c378d51b41bdf4e46051c8103196ff526c5c,227c455847ce35aadb87e814a17b1e670f00837a9ecbea225de0a2a3a9a8fa81
1300,3549.1156548825625,412793660.3935455,pair_08_09_L24.npz,interior_pair,8,9,6be71e7283860d7169aa2746c1c19fa5b1c79c4b0a52ed4a4825b3b7f97d96c0,4d77b9eb54260344a20b3f2d4126448fd097bdd00be52181f21da42824b376a5,227c455847ce35aadb87e814a17b1e670f00837a9ecbea225de0a2a3a9a8fa81
1300,3549.1156548825625,412793660.3935455,pair_08_10_L24.npz,interior_pair,8,10,8324e339897dbe950ea54c32281086c401449286ab304232b0f63bb512555333,0590accb6020d9b9419b82aee0e55707e56549c1922b070a0b6f0e07e10c4402,227c455847ce35aadb87e814a17b1e670f00837a9ecbea225de0a2a3a9a8fa81
1300,3549.1156548825625,412793660.3935455,pair_08_11_L24.npz,interior_pair,8,11,9a54b9c0f718dc55382abf9f8304f95da9c41c9198d0ab243bc3af8ccba457d9,39efee3f4fe65e6d3ff7d116d46937f3ef5e86678fb56a0275631f3a5ab4368d,227c455847ce35aadb87e814a17b1e670f00837a9ecbea225de0a2a3a9a8fa81
1300,3549.1156548825625,412793660.3935455,pair_08_12_L24.npz,interior_pair,8,12,4a6ab01d5a74cc436b223cdd2f695c64addbf944cf5066238bc3a41a87dd9f65,9e1a93b6f8bb5484bd66670e2b7975975734467d95384bd1af5ca7d69f1c883d,227c455847ce35aadb87e814a17b1e670f00837a9ecbea225de0a2a3a9a8fa81
1300,3549.1156548825625,412793660.3935455,pair_08_13_L24.npz,interior_pair,8,13,575be746bde1d9e7b808a93911c288d8395e24a9d261cc3e82c3a344a9737c95,0aed69c7910377b6f3aa31caa1b4519f547376fe9c56503caf70041eb8a0cd9b,227c455847ce35aadb87e814a17b1e670f00837a9ecbea225de0a2a3a9a8fa81
1300,3549.1156548825625,412793660.3935455,pair_08_14_L24.npz,interior_pair,8,14,566d917543ea76bb24185d2ff01865ec36e9a681d38c8080c7d125abf7ad071a,89a115bc4af6df4a1d9a6669aef7a20ededf64e6a4b27ca5a9ce014726c0b576,227c455847ce35aadb87e814a17b1e670f00837a9ecbea225de0a2a3a9a8fa81
1300,3549.1156548825625,412793660.3935455,pair_08_15_L24.npz,interior_pair,8,15,49fd6acfaa222a9c5c86bb54791e8ace67d88f9614adc7a71b36254c399a97a9,a9f6296f35eced2d528252918322de8c79dc071e7ad3e4047b43314f6b155144,227c455847ce35aadb87e814a17b1e670f00837a9ecbea225de0a2a3a9a8fa81
1300,3549.1156548825625,412793660.3935455,pair_08_16_L24.npz,interior_pair,8,16,7f934c5c1afcce071bc2b44dfdf837c2f6547745185dde9d981da754cb89cfdf,1b32f8e1e8377c09ffdbfe7d60888067897f0997a24f994876eba1a0f1ac7ebb,227c455847ce35aadb87e814a17b1e670f00837a9ecbea225de0a2a3a9a8fa81
1300,3549.1156548825625,412793660.3935455,pair_08_17_L24.npz,near_interior_pair,8,17,1b3d0ec03631444474a4c46a0e81339a008194158308e5e09d6930cca7ab4f1e,c697bee7e0a70a847f021a0540d09a7f37899de637e1bed941b769eadf0e3235,227c455847ce35aadb87e814a17b1e670f00837a9ecbea225de0a2a3a9a8fa81
1300,3549.1156548825625,412793660.3935455,pair_08_18_L24.npz,near_interior_pair,8,18,d55c06309e9d96ee256a9e025cf7266d6202d51189adec6a36e87526ed822a51,5c68a0bd70430e910bfb910c5752a80a36709285e1997d48494472a55dbef89c,227c455847ce35aadb87e814a17b1e670f00837a9ecbea225de0a2a3a9a8fa81
1300,3549.1156548825625,412793660.3935455,pair_08_19_L24.npz,near_interior_pair,8,19,08399bb0216337062e582be1688c3991e0870d843b109a34e8233dbd7d531324,f4e2b19575d1977eb68bdc8aca6dcc7e13c1ef83b6ce5cee13dbcc5d48b5f5f6,227c455847ce35aadb87e814a17b1e670f00837a9ecbea225de0a2a3a9a8fa81
1300,3549.1156548825625,412793660.3935455,pair_08_20_L24.npz,near_interior_pair,8,20,76ee22f88ab42154641e3d832468f58ccd1550efe22710567819a0c3db72c3c6,5ccba3e72f1ae81c1cab4c19f7f241b6dcdde986616e4ac4c4a6cc1e9b1d62fb,227c455847ce35aadb87e814a17b1e670f00837a9ecbea225de0a2a3a9a8fa81
1300,3549.1156548825625,412793660.3935455,pair_08_21_L24.npz,near_interior_pair,8,21,b41f97cc1e700178f7e7083af1726640a831c9fd9b859e45b2188fff58be12cf,8515d809f8b49aa0b36dc7b284f22d6467cf1c9a761b6e2c524022792be7dc31,227c455847ce35aadb87e814a17b1e670f00837a9ecbea225de0a2a3a9a8fa81
1300,3549.1156548825625,412793660.3935455,pair_08_22_L24.npz,near_interior_pair,8,22,4f8939acec5f321867a983414bcc28d7e275664f9ecc3f32e83d1cdecdf4bb3c,6710883f7cd2db346ebc7eb6997d1692b01a3846c50d6a34d8f1a2ead649dd5a,227c455847ce35aadb87e814a17b1e670f00837a9ecbea225de0a2a3a9a8fa81
1300,3549.1156548825625,412793660.3935455,pair_08_23_L24.npz,near_interior_pair,8,23,1d28ed0af32da433b74b58abc1fa83655d87e43f69b1e551ea0d92f436d0260f,06bca5411e265a9ed856792fb72648c117bcd5ea1da1d9a5717cac841100756d,227c455847ce35aadb87e814a17b1e670f00837a9ecbea225de0a2a3a9a8fa81
1300,3549.1156548825625,412793660.3935455,pair_08_24_L24.npz,near_interior_pair,8,24,194ddea40d6478cbd6350823d26de315f6e81ebfe7e7236f788359726e877d83,23b23ad0c173935d359874623866d23609a29d5a9eb69a6b5cb2191eaf1bcff6,227c455847ce35aadb87e814a17b1e670f00837a9ecbea225de0a2a3a9a8fa81
1300,3549.1156548825625,412793660.3935455,pair_08_25_L24.npz,near_interior_pair,8,25,92f7b3b6ce7ead8e39aaba296d4897a9b39664fa9f793de44d50fc92dc69a8de,657ef8ae7c836eca01bd9389e4ccedb01489cd82197e9cbf23d98dc03ba68d0b,227c455847ce35aadb87e814a17b1e670f00837a9ecbea225de0a2a3a9a8fa81
1300,3549.1156548825625,412793660.3935455,pair_08_26_L24.npz,near_interior_pair,8,26,d2a779c567feb01a24f8ddc5294bef4ec5b42af533e230095c0fecdd41865455,3eab013514c13c0215a740484d1318397ec51efa553fa9367898168aafcc45aa,227c455847ce35aadb87e814a17b1e670f00837a9ecbea225de0a2a3a9a8fa81
1300,3549.1156548825625,412793660.3935455,pair_08_27_L24.npz,near_interior_pair,8,27,c4c43cc513e8e6bca97d47462f1ba4ff4b80ffc817301717d6f7b7517493e7db,c75dd3c9524f9048d64852a60b2d39b109753545993a0d20bf3693d44a4305ef,227c455847ce35aadb87e814a17b1e670f00837a9ecbea225de0a2a3a9a8fa81
1300,3549.1156548825625,412793660.3935455,pair_08_28_L24.npz,near_interior_pair,8,28,dba6acc2c539d1415c07121990b4c637ea5742699f3229fa543b137e1dd7713b,9c9cfb87e86c3f57ff3dbf2e4dadc4baa380a75b97b0eb0cba826fb227a7f57d,227c455847ce35aadb87e814a17b1e670f00837a9ecbea225de0a2a3a9a8fa81
1300,3549.1156548825625,412793660.3935455,pair_08_29_L24.npz,far_interior_pair,8,29,5d35fe3d551746dfb78452d0159882271f530c44e9111d4ca8e790deb37dc74a,fc0acebe449f65cc2391f3a0705accf3ffe621169c385b70b16a1da6be089071,227c455847ce35aadb87e814a17b1e670f00837a9ecbea225de0a2a3a9a8fa81
1300,3549.1156548825625,412793660.3935455,pair_08_30_L24.npz,far_interior_pair,8,30,8ed7e9849d2616d925984482b6eafae988260b9e4bee84799b9f1db797487bd3,60ca2b6b79b635b4e1c72a6effcde7d66e6440a6d161f6b813ab0b9f4488ff94,227c455847ce35aadb87e814a17b1e670f00837a9ecbea225de0a2a3a9a8fa81
1300,3549.1156548825625,412793660.3935455,pair_08_31_L24.npz,far_interior_pair,8,31,9aa7f0363eccbc05ffc0aefa29ef6daac7e88874b7393d6d3c153395e937747d,c04f339e5283df2dca7024c112350cb9ccb132ad738f1634c44f6656f77fd3e8,227c455847ce35aadb87e814a17b1e670f00837a9ecbea225de0a2a3a9a8fa81
1300,3549.1156548825625,412793660.3935455,pair_08_32_L24.npz,far_interior_pair,8,32,9b339321c9aff79084db6aefd6c666b8c470ece9fdc18765a94db981d7e0b574,fe4ddbd96ee8d7ab719d94bbfd50925f0ece6f4e96c6f7603a5d04e92e02cea2,227c455847ce35aadb87e814a17b1e670f00837a9ecbea225de0a2a3a9a8fa81
1300,3549.1156548825625,412793660.3935455,pair_08_33_L24.npz,far_interior_pair,8,33,c10f48958a4b0a85731e83d6b63198931e6cab14cea8745f7745b156d96f598c,44d830bf056f9f44b187a40d1a9f2c45b7b28a3ed8b2ff00c7b8da7397f4f69b,227c455847ce35aadb87e814a17b1e670f00837a9ecbea225de0a2a3a9a8fa81
1300,3549.1156548825625,412793660.3935455,pair_08_34_L24.npz,far_interior_pair,8,34,7d1843d72e5e694f4b54719df9f0e2492743100988387f84391aa7c922088076,741eeb494c6aba660edaa66a8810019cd98993be5c25ba17a31d5f7af0963cf0,227c455847ce35aadb87e814a17b1e670f00837a9ecbea225de0a2a3a9a8fa81
1300,3549.1156548825625,412793660.3935455,pair_09_10_L24.npz,interior_pair,9,10,7ed73aa26f7bd547bcbfbb69602f4f85a4caea224690f6f4f63058be56f08d2c,689d5d6ce2f1ffd8a69758381f8662eb06780c9eb3e5c7bd45afa47949da5bbb,227c455847ce35aadb87e814a17b1e670f00837a9ecbea225de0a2a3a9a8fa81
1300,3549.1156548825625,412793660.3935455,pair_09_11_L24.npz,interior_pair,9,11,e0fbd1c7baa3fb939b74f6ffe79e6c657cf27867a34f3e8ab7d208d9741682fe,70d50fd1445e879497fcecf6ee7711337f8f222ed29ae431f29c556b12aadcbf,227c455847ce35aadb87e814a17b1e670f00837a9ecbea225de0a2a3a9a8fa81
1300,3549.1156548825625,412793660.3935455,pair_09_12_L24.npz,interior_pair,9,12,8309e78d377fd6818cc0b99291ef27d226dd6f85cdbbb0649ce30607aee2df03,844e39f0d760c9864ecce1de86a251e34adc2fe28bdb39ed504d89bb573f5b3b,227c455847ce35aadb87e814a17b1e670f00837a9ecbea225de0a2a3a9a8fa81
1300,3549.1156548825625,412793660.3935455,pair_09_13_L24.npz,interior_pair,9,13,af9ed429dddad6966bc9d385b04f3afd5d1f4bf378d7a60ca208c1271b886ec0,1d06b0511f2e4d829ee0a8dc3543cd2bd9ba5126d82fa448f8a71c060f858449,227c455847ce35aadb87e814a17b1e670f00837a9ecbea225de0a2a3a9a8fa81
1300,3549.1156548825625,412793660.3935455,pair_09_14_L24.npz,interior_pair,9,14,58ac3643acc8e56f0556c1b4d475f2a496f7275e190b391546a97a13bdfa962b,e475bd29f426e08c490f9a16b9f56d572e0a04e884e1ea6d4fbdd56d62fa522b,227c455847ce35aadb87e814a17b1e670f00837a9ecbea225de0a2a3a9a8fa81
1300,3549.1156548825625,412793660.3935455,pair_09_15_L24.npz,interior_pair,9,15,99c533b020ebf35293f7fa2afa6745ce5976b93dafc2bf450354f62834b25fda,2826c29478bb7d08bd2ac3d1b7e77d08d7564e36ed0079c252a444bf7beb05a0,227c455847ce35aadb87e814a17b1e670f00837a9ecbea225de0a2a3a9a8fa81
1300,3549.1156548825625,412793660.3935455,pair_09_16_L24.npz,interior_pair,9,16,58b4a0e4d1173974a9e985bc763d4d080c9f0d85185f19c9766dd35cd02e4b30,bbc023ed5adbe156d5416194b15a775e27a5f5ef80ebeebec13282c1756d6817,227c455847ce35aadb87e814a17b1e670f00837a9ecbea225de0a2a3a9a8fa81
1300,3549.1156548825625,412793660.3935455,pair_09_17_L24.npz,near_interior_pair,9,17,661c9ade981281db0939f7120d74151d98d11a50775d1648820e8baf1c53a554,230270f4732789447b59552eaad76ae7da0575fd68e6e44ae6d87145582118ee,227c455847ce35aadb87e814a17b1e670f00837a9ecbea225de0a2a3a9a8fa81
1300,3549.1156548825625,412793660.3935455,pair_09_18_L24.npz,near_interior_pair,9,18,411541e0201abf412587eac510bfd18dcf3fe9bff880be28fbe124d5c278bd08,fab524acd337bb342d76f50a0fbcc2e411dfa7738b67bb8bf4c193b1f2f3d3ed,227c455847ce35aadb87e814a17b1e670f00837a9ecbea225de0a2a3a9a8fa81
1300,3549.1156548825625,412793660.3935455,pair_09_19_L24.npz,near_interior_pair,9,19,9c1aaea3565c742855a132c0084e3bca73a1a0e5867a26c489deefaf6ceee645,7f64262c37474bee66cea61c68e84ea82c3cf163c47080d0e0dd0da5ec5d0426,227c455847ce35aadb87e814a17b1e670f00837a9ecbea225de0a2a3a9a8fa81
1300,3549.1156548825625,412793660.3935455,pair_09_20_L24.npz,near_interior_pair,9,20,0a47395da784c6e47c1d28af09264b9e7968dd8f29152407a3c232aac4082694,7000032e80a0089437d3daea541adddf948ea96d24cddeb4fb165c8523f13d3a,227c455847ce35aadb87e814a17b1e670f00837a9ecbea225de0a2a3a9a8fa81
1300,3549.1156548825625,412793660.3935455,pair_09_21_L24.npz,near_interior_pair,9,21,68a73d69c6228cc5259ad2114c441aa1261b6fdb4c60ced43cc75a1f707b51bd,c1ebe24bcac70cfcfdf2012ea16ed7157e5f6644e6cf43ec6b164eaaf9e0688b,227c455847ce35aadb87e814a17b1e670f00837a9ecbea225de0a2a3a9a8fa81
1300,3549.1156548825625,412793660.3935455,pair_09_22_L24.npz,near_interior_pair,9,22,54109be1f8638be309cfa1e5a58d07233e38f0228ed00a96bc76e8643da2d5cd,50b1bad8680ef9d3f49ded32732d884a28abfceb93c67c218cf3cdd3b90a8efe,227c455847ce35aadb87e814a17b1e670f00837a9ecbea225de0a2a3a9a8fa81
1300,3549.1156548825625,412793660.3935455,pair_09_23_L24.npz,near_interior_pair,9,23,2e8ff149b01e722a0adf2e888519469404866b860ab4d949e19843212078bf97,cdce47463670e33cbf59c8f4c517f7b9d1cc7817977e6000de2ce565af13b192,227c455847ce35aadb87e814a17b1e670f00837a9ecbea225de0a2a3a9a8fa81
1300,3549.1156548825625,412793660.3935455,pair_09_24_L24.npz,near_interior_pair,9,24,b210b6e20871b159283749cf3864135a3f1ce5592a003cb0e81fa45fc75ef372,1979f51da513b95e3b311b91db8ae98409a6378c970753a6d7e3d1fc87442eb7,227c455847ce35aadb87e814a17b1e670f00837a9ecbea225de0a2a3a9a8fa81
1300,3549.1156548825625,412793660.3935455,pair_09_25_L24.npz,near_interior_pair,9,25,4f7b6566dd89e27b0e9d6af089285596a99000f66a9986a22bcc9cf469375451,6752014ec57786260d5f0d0d681e80139300c9251a9ea41e8f4426bb4b7888e6,227c455847ce35aadb87e814a17b1e670f00837a9ecbea225de0a2a3a9a8fa81
1300,3549.1156548825625,412793660.3935455,pair_09_26_L24.npz,near_interior_pair,9,26,96ab9ec036f9f73a540426997e4f4c60176d8a55e1a3fd5df56c7c0a79f6a751,08efed3d9906698af68c22fd91467460a2624237fbd2e00e16eb9b94a247c76a,227c455847ce35aadb87e814a17b1e670f00837a9ecbea225de0a2a3a9a8fa81
1300,3549.1156548825625,412793660.3935455,pair_09_27_L24.npz,near_interior_pair,9,27,1e81b7c930f62899564f1a6fd1568eb7ef2ac05220933cbd70b90cc96122e478,10c05d14275bef12faf16f3b8d873785812531fd43a8a42d65da95488b5ebc16,227c455847ce35aadb87e814a17b1e670f00837a9ecbea225de0a2a3a9a8fa81
1300,3549.1156548825625,412793660.3935455,pair_09_28_L24.npz,near_interior_pair,9,28,a85bf8c5c3d7516521fdc2a8487068abc5223a89b721d3c49da15866b0adb413,ff90c7e080a6c8eea54d6d50cd385c1f2a8d158b85f206411e400b5f68a12d18,227c455847ce35aadb87e814a17b1e670f00837a9ecbea225de0a2a3a9a8fa81
1300,3549.1156548825625,412793660.3935455,pair_09_29_L24.npz,far_interior_pair,9,29,bf7c65a0ceb9cf14df482639833722fff0c1e1db9ac85d887fbf1b84cdf28feb,e05740631d528ff97ab2800e7630dd9658c0f6843fa52dcfa6be81bf84339d7d,227c455847ce35aadb87e814a17b1e670f00837a9ecbea225de0a2a3a9a8fa81
1300,3549.1156548825625,412793660.3935455,pair_09_30_L24.npz,far_interior_pair,9,30,abf985d2cf44e1d6d3e280359877535eb730f4e417796161f3c9b8b8540fa19f,c10f727a059fa8e5feb6d68f5c82cefc75c0fd029dc85f45f1566ab940db7a5e,227c455847ce35aadb87e814a17b1e670f00837a9ecbea225de0a2a3a9a8fa81
1300,3549.1156548825625,412793660.3935455,pair_09_31_L24.npz,far_interior_pair,9,31,59a4edbd3dd2b5f95f5ab585400595a5f6c1f0aed34d0f3d14092c520bb75df8,c7fcd027786121169adbaca44203b3690b24265dba0594ea59aa47abeee0f658,227c455847ce35aadb87e814a17b1e670f00837a9ecbea225de0a2a3a9a8fa81
1300,3549.1156548825625,412793660.3935455,pair_09_32_L24.npz,far_interior_pair,9,32,b281118c160948be630f9a6a602f1d0a5e6fbf26b44ea0bf032699371aa5aacc,e32ab0e18635ad1bf78648fafe91ec1c8734f21d647daaab8cfb7b6700f319dd,227c455847ce35aadb87e814a17b1e670f00837a9ecbea225de0a2a3a9a8fa81
1300,3549.1156548825625,412793660.3935455,pair_09_33_L24.npz,far_interior_pair,9,33,0a8f62d59e33e45a2be820812ad9e65686b378f75c5e2ed662d7692d54a73b3a,33df6984e7bc5308e0b967c1f1254e505aa0eed611d7dec7f01647b6ef3c20b2,227c455847ce35aadb87e814a17b1e670f00837a9ecbea225de0a2a3a9a8fa81
1300,3549.1156548825625,412793660.3935455,pair_09_34_L24.npz,far_interior_pair,9,34,cc5389adfedf839c781ec2beb932ffd58fe997f436aeb0db08d4f7412971187a,31321508a7be5b679b63b17e9910b76087421220ac5ef695b745c19a4bc439f8,227c455847ce35aadb87e814a17b1e670f00837a9ecbea225de0a2a3a9a8fa81
1300,3549.1156548825625,412793660.3935455,pair_10_11_L24.npz,interior_pair,10,11,2684874a23d9b9f26816b420490d7bd41df53b916e61319e8edd80bf6632bd33,6b20742af00f131573dc16851c9c1f5cae57c9261d97621d86d9f920b31ae81d,227c455847ce35aadb87e814a17b1e670f00837a9ecbea225de0a2a3a9a8fa81
1300,3549.1156548825625,412793660.3935455,pair_10_12_L24.npz,interior_pair,10,12,1293e7834b6b0d6b8490c3f8113a45b44155e51f89ff8c66a4275d5b3e9935c7,3a4a92b7e6996992ca75cfa367bc22d110bc1013f669f00f87aac06d9a2de7f7,227c455847ce35aadb87e814a17b1e670f00837a9ecbea225de0a2a3a9a8fa81
1300,3549.1156548825625,412793660.3935455,pair_10_13_L24.npz,interior_pair,10,13,4ce2d51d02d9ae75996774acdb48acd3f7caa59e8815ab1a928e25223d344722,1be8ad5bac4be6769a1e720ec54fe3f118ca5b65722922fcbbd2eae295115b27,227c455847ce35aadb87e814a17b1e670f00837a9ecbea225de0a2a3a9a8fa81
1300,3549.1156548825625,412793660.3935455,pair_10_14_L24.npz,interior_pair,10,14,d980b2a9d8877e02cd1c5bdd8ad5a171909df2eb94d9b727756bd203c459b13a,16ad1e18df8aaac8c8fc9c984d0034f48ddc1c83f00c10acc8ee2dc64a40ff29,227c455847ce35aadb87e814a17b1e670f00837a9ecbea225de0a2a3a9a8fa81
1300,3549.1156548825625,412793660.3935455,pair_10_15_L24.npz,interior_pair,10,15,a4a612c39e6f55abc6d6117d8ae7aa7dd65d2f80dfc4dcfa94e23c4861989e6c,47209bb84086485dae5d58e6a0e1c0661dc1fd0efe51f411618ba382fe606b36,227c455847ce35aadb87e814a17b1e670f00837a9ecbea225de0a2a3a9a8fa81
1300,3549.1156548825625,412793660.3935455,pair_10_16_L24.npz,interior_pair,10,16,f3677d1c947d7136b3b312c601e306078a231ec34d00ffda085f94570a5c9906,b85deb7f5b8bc8f4d0961358cf52c9c67c73be6bddb372b0db22cdce5aee55ab,227c455847ce35aadb87e814a17b1e670f00837a9ecbea225de0a2a3a9a8fa81
1300,3549.1156548825625,412793660.3935455,pair_10_17_L24.npz,near_interior_pair,10,17,6c7e67ac1aa80dfb7c13e89b4679e56c9852258116353dd7eb837b371aad21a4,131c3d5f098263c535306cd640f7a98d55327683e31f2d80a12f060e1356cd7d,227c455847ce35aadb87e814a17b1e670f00837a9ecbea225de0a2a3a9a8fa81
1300,3549.1156548825625,412793660.3935455,pair_10_18_L24.npz,near_interior_pair,10,18,49be20ec83a43426699823405b418e2c7ae67f0e8e1aaa72ab54e71163e5d7ba,fe246bdd61ef22b2b38298cb584e8c1a3f278df33ea8797b5f4cc2b8df17f934,227c455847ce35aadb87e814a17b1e670f00837a9ecbea225de0a2a3a9a8fa81
1300,3549.1156548825625,412793660.3935455,pair_10_19_L24.npz,near_interior_pair,10,19,d7e2f27b469dc643da5929f15358ca347787f0564d1d7a0c47ab42cb6fecd64d,eedacb29bbb563dc54cc70250e60cb547e581fc7e3b902e69487ea88d973758d,227c455847ce35aadb87e814a17b1e670f00837a9ecbea225de0a2a3a9a8fa81
1300,3549.1156548825625,412793660.3935455,pair_10_20_L24.npz,near_interior_pair,10,20,542aa1497a01bebb81db05403dcb021aef0f498bdd807220bbeafea824ff9e77,4361ddfd494b36a1bdb15ba6fc50573c2df241290fb76abb099afd3e73d6284e,227c455847ce35aadb87e814a17b1e670f00837a9ecbea225de0a2a3a9a8fa81
1300,3549.1156548825625,412793660.3935455,pair_10_21_L24.npz,near_interior_pair,10,21,a7ed684c235517a18e614e22d5bb919b457cc4b06dac148006abd1079b09f1f6,a878545c0c7ff53698bc288420e297bb10db624587d71629fd7c4f8cfd6f8234,227c455847ce35aadb87e814a17b1e670f00837a9ecbea225de0a2a3a9a8fa81
1300,3549.1156548825625,412793660.3935455,pair_10_22_L24.npz,near_interior_pair,10,22,0b00082ffb08a9a41849f1cecf194da8532161ff59d7bb5f02f112be2957db28,e5d77ebc37c22d7d92f5d42db70a2db766bbe0f8f51564750b3588f58f60110f,227c455847ce35aadb87e814a17b1e670f00837a9ecbea225de0a2a3a9a8fa81
1300,3549.1156548825625,412793660.3935455,pair_10_23_L24.npz,near_interior_pair,10,23,4944595f70df346f39513da16eb747c914a6257209f87ece11e8135292d19af3,6f14fe27ab758049be2b0158d50cd204a6da7ed03cc71af9606ef528d9a46e7c,227c455847ce35aadb87e814a17b1e670f00837a9ecbea225de0a2a3a9a8fa81
1300,3549.1156548825625,412793660.3935455,pair_10_24_L24.npz,near_interior_pair,10,24,4459722c9998a1a5e64bd55e60b50df31eceeeb2d5e2ae673805f5a592e702d1,91115abe0990197cff20a6626a2ad00bab11d36d83a7dd7435beee07186dda4d,227c455847ce35aadb87e814a17b1e670f00837a9ecbea225de0a2a3a9a8fa81
1300,3549.1156548825625,412793660.3935455,pair_10_25_L24.npz,near_interior_pair,10,25,76b67d3ba48f4d767a887c27cbda92706eeb103db489cee88114a00a26c9e331,71c93f58d82a1ea9555b3811c1e0ab0953e1c640a438bfaa07597a9c69a8f06f,227c455847ce35aadb87e814a17b1e670f00837a9ecbea225de0a2a3a9a8fa81
1300,3549.1156548825625,412793660.3935455,pair_10_26_L24.npz,near_interior_pair,10,26,d0ecca2bf5351abbc11686fae75302d56f7457e0377cc4a554e7f0c8a3d51186,7c36468f05dbabcfe45ae02ce51bb32afa26da46e56fecb44436303b74f5eadc,227c455847ce35aadb87e814a17b1e670f00837a9ecbea225de0a2a3a9a8fa81
1300,3549.1156548825625,412793660.3935455,pair_10_27_L24.npz,near_interior_pair,10,27,e4a52df4370c8d1e6b001911ad2399fd296dcf250a7d8ad00a653aa7e17b5cd3,72ca1fb8f04dc4d1cbf5d0ea8c496198e84199d8982dfa7fbccdabe0af3e8d14,227c455847ce35aadb87e814a17b1e670f00837a9ecbea225de0a2a3a9a8fa81
1300,3549.1156548825625,412793660.3935455,pair_10_28_L24.npz,near_interior_pair,10,28,2e924c97948de082e86f622a333e56fe5ab585466733c6251323414ba7d36e2d,9d102070cb2815c86abdcab9ba63e1431d72cf1c46cd34f0dc96f7ecdf430c89,227c455847ce35aadb87e814a17b1e670f00837a9ecbea225de0a2a3a9a8fa81
1300,3549.1156548825625,412793660.3935455,pair_10_29_L24.npz,far_interior_pair,10,29,97b8e88197183992d3fcf4ca6c98991e2a6e0f968e767ed49e2c9eb79b0e2389,29ebd8354ce64270035218da7058249b005d6d5de4f5711e682a0550e2a112f2,227c455847ce35aadb87e814a17b1e670f00837a9ecbea225de0a2a3a9a8fa81
1300,3549.1156548825625,412793660.3935455,pair_10_30_L24.npz,far_interior_pair,10,30,564df5793a6daf41809315de47e524a2a45857115671cb52b4c0413b41ecc39c,eb9eca9296277f0184995a4f135ffb43e2adce610e9f83e913337a931fbdfdf0,227c455847ce35aadb87e814a17b1e670f00837a9ecbea225de0a2a3a9a8fa81
1300,3549.1156548825625,412793660.3935455,pair_10_31_L24.npz,far_interior_pair,10,31,be9669e094a874c21e82d86440d1806917609870202b6cb1f59a0f2975f6bc1a,0f68e70944e41db83da5862a5afb26ec06f3e6e81a265f4f0cd4e1b2fca544d7,227c455847ce35aadb87e814a17b1e670f00837a9ecbea225de0a2a3a9a8fa81
1300,3549.1156548825625,412793660.3935455,pair_10_32_L24.npz,far_interior_pair,10,32,1841ea4ecb5f2349dca71386cdcaeeba1e0079a1a0785ea448e28398e2f9fce1,c31156b828492eb6fc87f2590eded41b5cb7058a0150fca009cae2781f27ee74,227c455847ce35aadb87e814a17b1e670f00837a9ecbea225de0a2a3a9a8fa81
1300,3549.1156548825625,412793660.3935455,pair_10_33_L24.npz,far_interior_pair,10,33,921d4d1195d80f8d1d5b50edd5971dea86f59cf006ddb078794a1b04d8d16ac7,4840066158a28798fafd34ca876a3e35ca2f6249a2dfdfe06ebb2e68e03a2121,227c455847ce35aadb87e814a17b1e670f00837a9ecbea225de0a2a3a9a8fa81
1300,3549.1156548825625,412793660.3935455,pair_10_34_L24.npz,far_interior_pair,10,34,7603637a0707cf139897ea01c538f6744ad7b672701ace2d58b670dc7aab80fa,7c4b8c0a8fb354976035a68868193e7b1712306af0eed3f100361d6b718cc4e2,227c455847ce35aadb87e814a17b1e670f00837a9ecbea225de0a2a3a9a8fa81
1300,3549.1156548825625,412793660.3935455,pair_11_12_L24.npz,interior_pair,11,12,eeef4caa4b9c8021a318169e4e809631bc48af92ea8581b61b2d293263870db0,1f9da3037319c1815e8fa45aff2a0ad83785e6ba1b1944327dff8cc5cf4946a1,227c455847ce35aadb87e814a17b1e670f00837a9ecbea225de0a2a3a9a8fa81
1300,3549.1156548825625,412793660.3935455,pair_11_13_L24.npz,interior_pair,11,13,b549f40257f024124a43450d3582832f63eba5dc8da84f3039be02311a677dc3,84be9f9ffc8c799a1a39897da75e7f39a88289fb0556eee58799ce93e84404e1,227c455847ce35aadb87e814a17b1e670f00837a9ecbea225de0a2a3a9a8fa81
1300,3549.1156548825625,412793660.3935455,pair_11_14_L24.npz,interior_pair,11,14,a8cfc458dcf82042fc97c5679da21c78f006b88ee1eaf2d945230c5182968c69,d5a8d8a0be0f77b4a86479060af1b5c4014bbf472d8c74a44cb0ccd4882ed441,227c455847ce35aadb87e814a17b1e670f00837a9ecbea225de0a2a3a9a8fa81
1300,3549.1156548825625,412793660.3935455,pair_11_15_L24.npz,interior_pair,11,15,d827c0cd7e465d79ec4ef17704ddd6a38c39e46662654300cf424f331479eb27,e34338e974ca71c7ea5445b66c1184e9af433c2a1b3d384826b7fe2e83ae20c9,227c455847ce35aadb87e814a17b1e670f00837a9ecbea225de0a2a3a9a8fa81
1300,3549.1156548825625,412793660.3935455,pair_11_16_L24.npz,interior_pair,11,16,f1bce6730ed46ef471f96c71781bc9af113fbb13a9db1bab4794a9d1099bd91e,8e144a3025bb558c547362829080e9c030f3b1be45c7028f3b4f7fbcc209957b,227c455847ce35aadb87e814a17b1e670f00837a9ecbea225de0a2a3a9a8fa81
1300,3549.1156548825625,412793660.3935455,pair_11_17_L24.npz,near_interior_pair,11,17,7561f602cb98354e13af6511f98b390f266d7bbe8d5d4c6f39a28b77f2f75333,5fb6379c50063bf5c6a1c29bed7c4b2cae5ad3734dfd9e08aad0be019770d6b5,227c455847ce35aadb87e814a17b1e670f00837a9ecbea225de0a2a3a9a8fa81
1300,3549.1156548825625,412793660.3935455,pair_11_18_L24.npz,near_interior_pair,11,18,d5873ba34ae11919378211d72f946b1914fbf5d503fb3e01df37c81b09a1cb6c,36ad8bfd3fd5d4d9ca11fa1a8c31a0723fe8e0231d83cd69eaa314d9e125f021,227c455847ce35aadb87e814a17b1e670f00837a9ecbea225de0a2a3a9a8fa81
1300,3549.1156548825625,412793660.3935455,pair_11_19_L24.npz,near_interior_pair,11,19,3dad4ab7a24b274988a18c8db92670408ac104765817e27dddfc1ca3bfe6d818,b1a98256b532ed4881c394c40411906955c404788c0d43b6fcd3e8b2d8bf6224,227c455847ce35aadb87e814a17b1e670f00837a9ecbea225de0a2a3a9a8fa81
1300,3549.1156548825625,412793660.3935455,pair_11_20_L24.npz,near_interior_pair,11,20,0a5782ccf1c2c7f7d766b1299fd747af1f357ea60e8c4d1d000a1841f727d086,478a70b633ebf26c2c79910a44170923888582a036244e9286a7ba70880c094e,227c455847ce35aadb87e814a17b1e670f00837a9ecbea225de0a2a3a9a8fa81
1300,3549.1156548825625,412793660.3935455,pair_11_21_L24.npz,near_interior_pair,11,21,ca0c3ebb796cee90ef263a19424ab08b150209b49696bd40a802f97c007149e7,d3055baff2e3f138657007d9ee084adc47b964773a062e6c4062eee670c2bbfd,227c455847ce35aadb87e814a17b1e670f00837a9ecbea225de0a2a3a9a8fa81
1300,3549.1156548825625,412793660.3935455,pair_11_22_L24.npz,near_interior_pair,11,22,4e35519cc408d924901e50316db4ad3b6cf8bb8e60ecc83a27f9993bb5d7bebb,076a41fe5dc8a1530e3290a37f00526131d7611995dd205649725debfd4be219,227c455847ce35aadb87e814a17b1e670f00837a9ecbea225de0a2a3a9a8fa81
1300,3549.1156548825625,412793660.3935455,pair_11_23_L24.npz,near_interior_pair,11,23,5cfee06ed97369de8497623df73febdb094f70b1992478d4c064f02c2ffb1a94,1dcecbcd446d56d254a77f5983acd05b85151bd4a57adb01c1a5e49d3be9a16a,227c455847ce35aadb87e814a17b1e670f00837a9ecbea225de0a2a3a9a8fa81
1300,3549.1156548825625,412793660.3935455,pair_11_24_L24.npz,near_interior_pair,11,24,850a76e8c3414c41213307f9ba28938f882d1f0921a6ba7a007c28e43a5e3b48,63632871396cd8a4083be82f64de3134d53d093cf67f4206dc0519f77bd87c2b,227c455847ce35aadb87e814a17b1e670f00837a9ecbea225de0a2a3a9a8fa81
1300,3549.1156548825625,412793660.3935455,pair_11_25_L24.npz,near_interior_pair,11,25,b2f3ed4498259f7e050c6e3b773e4d66a65b33639ec231d8df12d16b3295752b,22741f602566cd0f3d370c415382f3bbec98dc020c35b6ae1b91437dff67a3ab,227c455847ce35aadb87e814a17b1e670f00837a9ecbea225de0a2a3a9a8fa81
1300,3549.1156548825625,412793660.3935455,pair_11_26_L24.npz,near_interior_pair,11,26,29c6a8383628ed6d2fe1757802ddbd29831777d22c81cdba19558a78f21ce6a8,eaab6342c12770046265f4125ab389f95838771a7f1f30d8e6f2d6fe6317660d,227c455847ce35aadb87e814a17b1e670f00837a9ecbea225de0a2a3a9a8fa81
1300,3549.1156548825625,412793660.3935455,pair_11_27_L24.npz,near_interior_pair,11,27,857b8699605806e530a9135553a980f24c61a5d130ee996d331aea7a7ce1de79,f74ea4507a7b91997426f421c8a0d9622456a8093c9db242844d1e55e5d3d5e5,227c455847ce35aadb87e814a17b1e670f00837a9ecbea225de0a2a3a9a8fa81
1300,3549.1156548825625,412793660.3935455,pair_11_28_L24.npz,near_interior_pair,11,28,cf23998fa455afea1031312a8b8646403df620cb1b21c685de228ed8821937f7,3257807df3220e4ece429fa24facdfc11b90f5daf8983f622346d9d37f6f244f,227c455847ce35aadb87e814a17b1e670f00837a9ecbea225de0a2a3a9a8fa81
1300,3549.1156548825625,412793660.3935455,pair_11_29_L24.npz,far_interior_pair,11,29,86209ff4a53a3649ad9b00f76fae4215f23c5a95056cc1ba61518caf6ed47e57,b6aa8bb3b146520be86b152a119b147d4e60fd0513b9c46ed590435d4e10aff7,227c455847ce35aadb87e814a17b1e670f00837a9ecbea225de0a2a3a9a8fa81
1300,3549.1156548825625,412793660.3935455,pair_11_30_L24.npz,far_interior_pair,11,30,32c16df77a22d804d62702c732b27066a0a91dbdd11c389816c848f4a8c6de5f,fdd3d1aa228ee6c79c5f0981277d157111b06d792094e078f22bc805e431e8ec,227c455847ce35aadb87e814a17b1e670f00837a9ecbea225de0a2a3a9a8fa81
1300,3549.1156548825625,412793660.3935455,pair_11_31_L24.npz,far_interior_pair,11,31,4702729a4710f5f88bb6b16531a9e1bf719c99f8c214d2eb6b0df717e72469fa,2675a6673c84c2e9db13c553fd459eccdac2c0c45e0026f2641662d8b7a4de28,227c455847ce35aadb87e814a17b1e670f00837a9ecbea225de0a2a3a9a8fa81
1300,3549.1156548825625,412793660.3935455,pair_11_32_L24.npz,far_interior_pair,11,32,368e59dc0e64094d08d7f30d80acd490c07e0be713a7ce4670b60e6bf14095ce,22de736b18a1cc18b61504a2811115995025f0ed98561853367834fa251cd7c0,227c455847ce35aadb87e814a17b1e670f00837a9ecbea225de0a2a3a9a8fa81
1300,3549.1156548825625,412793660.3935455,pair_11_33_L24.npz,far_interior_pair,11,33,f92304f36a2f820203d313bf5b8f44f9ef620c2957070be17713efa3ad2e1801,bfd94e1311a80be2e15cd5e80d2445092b5170e015273665be66f8519e0514fa,227c455847ce35aadb87e814a17b1e670f00837a9ecbea225de0a2a3a9a8fa81
1300,3549.1156548825625,412793660.3935455,pair_11_34_L24.npz,far_interior_pair,11,34,8fc21fa28a40d421b61e1ccf0ed87c5bc41e9ebfe8765f461db91e9b9ace59a8,a1fa901970b862a30221a27efba9b991449288867f9551399c941de3751fdf4a,227c455847ce35aadb87e814a17b1e670f00837a9ecbea225de0a2a3a9a8fa81
1300,3549.1156548825625,412793660.3935455,pair_12_13_L24.npz,interior_pair,12,13,c64c41f47a1302fbdce111381d897efa48b3b9592ff4eda078e9326d87add025,1d32099d2dc379e69171a8709adaf10ddad4df83fb6e1202021856d077298960,227c455847ce35aadb87e814a17b1e670f00837a9ecbea225de0a2a3a9a8fa81
1300,3549.1156548825625,412793660.3935455,pair_12_14_L24.npz,interior_pair,12,14,f951388a52b5f348e4b1bbf27aa38841942c021d4502059eaa01e79f15e8f151,047cd9e0fdcc1dd99bda5924a9f68c5ff21dfc44bb99919bcb54ec61e4dc75a5,227c455847ce35aadb87e814a17b1e670f00837a9ecbea225de0a2a3a9a8fa81
1300,3549.1156548825625,412793660.3935455,pair_12_15_L24.npz,interior_pair,12,15,9a4a4a3d001deb02e8f18f1fbb46854a08ab794e80e93af377841efefd3085ff,81a26562fd7edb3e8fdfb869d1393c9961d451da246ea7f83f72aa91891e8b66,227c455847ce35aadb87e814a17b1e670f00837a9ecbea225de0a2a3a9a8fa81
1300,3549.1156548825625,412793660.3935455,pair_12_16_L24.npz,interior_pair,12,16,5b71df49a882f2293002cd72519bf9bc8d66d61b4088e5927d27eae3b7fee38a,5d134097072679c4e6a0370ed9d26a8fcd6ac26e144cc7bb49a378537b6b2b81,227c455847ce35aadb87e814a17b1e670f00837a9ecbea225de0a2a3a9a8fa81
1300,3549.1156548825625,412793660.3935455,pair_12_17_L24.npz,near_interior_pair,12,17,35c97f3bf4ddf29c95f457200a1ae59e28d8092d94fa23f518562f467baafebd,f3c4f174dd971f0d60a569e4ea34e2d690e460162865f7cf1c4abfe6f0d103bf,227c455847ce35aadb87e814a17b1e670f00837a9ecbea225de0a2a3a9a8fa81
1300,3549.1156548825625,412793660.3935455,pair_12_18_L24.npz,near_interior_pair,12,18,2163c6df6493fb99a5d1f9de028fc8090e9c5d6de7351b4b7ba11458aac26513,504e11e622ab1ec3e11a8dfba2aa49bb2c8439400e8a851378c4d4816d6be3fb,227c455847ce35aadb87e814a17b1e670f00837a9ecbea225de0a2a3a9a8fa81
1300,3549.1156548825625,412793660.3935455,pair_12_19_L24.npz,near_interior_pair,12,19,a9c66a138a286d1cf7d4d0018fb17b90ae3a2517d700b261f8bc39c27b99cf1c,fbb589543544f2ca4347093e3af39216714908f4b633401446183dfc23fb90c9,227c455847ce35aadb87e814a17b1e670f00837a9ecbea225de0a2a3a9a8fa81
1300,3549.1156548825625,412793660.3935455,pair_12_20_L24.npz,near_interior_pair,12,20,1956de89c78ed0378eaae53e385e6c9e0caf4d7c861640ad81b1544437ddd768,5fe9053b638ca7cabe157f71bd549d64f8095d7d7bffdaf7ee21e7d9604332c2,227c455847ce35aadb87e814a17b1e670f00837a9ecbea225de0a2a3a9a8fa81
1300,3549.1156548825625,412793660.3935455,pair_12_21_L24.npz,near_interior_pair,12,21,f03804cc312574f119c241968ca3c75622c3a08e13e0d5a17d2020e955de534d,f27b84a78e4dfa79972a151a673bd4a59bdd33467eee49b88bc0c8f7f1b6e452,227c455847ce35aadb87e814a17b1e670f00837a9ecbea225de0a2a3a9a8fa81
1300,3549.1156548825625,412793660.3935455,pair_12_22_L24.npz,near_interior_pair,12,22,43c88e38d826aac65eee588ac856b83e73a27ea5bb606abfc8da2005be227d36,9e0d0f69f3c47c11a2502d87e10647a8d607adbd66efebdbd80abd97173f3c0a,227c455847ce35aadb87e814a17b1e670f00837a9ecbea225de0a2a3a9a8fa81
1300,3549.1156548825625,412793660.3935455,pair_12_23_L24.npz,near_interior_pair,12,23,dff931aa2a976839930d4140d27491a15b50fcef56851183dc2898271518f07c,b7c582abf457676decf3b5a1bdf88f9402395d48be1f63c48db46fab217f17a3,227c455847ce35aadb87e814a17b1e670f00837a9ecbea225de0a2a3a9a8fa81
1300,3549.1156548825625,412793660.3935455,pair_12_24_L24.npz,near_interior_pair,12,24,27527f1f59b0949f54582034a7852204b67bcc937127612a51319a346c29c718,7b071ae2918d9b0ae1de8213cc96f4a9406e25de198aa30bfeb22e5a80c50310,227c455847ce35aadb87e814a17b1e670f00837a9ecbea225de0a2a3a9a8fa81
1300,3549.1156548825625,412793660.3935455,pair_12_25_L24.npz,near_interior_pair,12,25,cf73f2772173976d3f13ebe6c14f6a671e096954f1cbfea73aa9a73cab146735,2762e294800102dfc707c9c6ee43b64233714e79e764bb6f2eee996d93fa737e,227c455847ce35aadb87e814a17b1e670f00837a9ecbea225de0a2a3a9a8fa81
1300,3549.1156548825625,412793660.3935455,pair_12_26_L24.npz,near_interior_pair,12,26,100be1aa672fa2387478f3adbb9e477460f96125b88f7777dfa6f8a0959011c1,400a434833b7f489331d537dfa44759dffa6e3cbd32dc977d6fa47b792df8d66,227c455847ce35aadb87e814a17b1e670f00837a9ecbea225de0a2a3a9a8fa81
1300,3549.1156548825625,412793660.3935455,pair_12_27_L24.npz,near_interior_pair,12,27,2d8228f2216e28035856e8ba0f48b83195fc47cc90b8abc9b9f6af4dd2229c48,42cf8451e053c4b0756a7386ec12d08be214a24ea6598112aec1d0e71fabd3ef,227c455847ce35aadb87e814a17b1e670f00837a9ecbea225de0a2a3a9a8fa81
1300,3549.1156548825625,412793660.3935455,pair_12_28_L24.npz,near_interior_pair,12,28,77c7e19a2ab80e29267c196c44cb1d625ea022a1e9ca8b1f2e95e0e8a55e5b7c,ff45f2774b8d8daf1a6826adce2da5c6b5e9c24ccf464acf0d31148bdf79c378,227c455847ce35aadb87e814a17b1e670f00837a9ecbea225de0a2a3a9a8fa81
1300,3549.1156548825625,412793660.3935455,pair_12_29_L24.npz,far_interior_pair,12,29,4837c23d59c99e2ec20cadb358e1fd2cac3f0e37cc2d4f66b1db5dbc7048fd40,b6d2d8885d666345813cefa6508fb74a2a24ccb35eccc976fe76ed9cdb3be6aa,227c455847ce35aadb87e814a17b1e670f00837a9ecbea225de0a2a3a9a8fa81
1300,3549.1156548825625,412793660.3935455,pair_12_30_L24.npz,far_interior_pair,12,30,c825ffeeddde6ebffeb59927239a781db4b21d7bf02e55d23c4e403b79730d11,8022c159b0ee201a64490f5c81ed60ec463375b8a3b8ab2a57202c2fddbff262,227c455847ce35aadb87e814a17b1e670f00837a9ecbea225de0a2a3a9a8fa81
1300,3549.1156548825625,412793660.3935455,pair_12_31_L24.npz,far_interior_pair,12,31,c5ef7cdec12f69fc1b1340d75689e899581e80c34872319ac9ef30ef6c76b6c7,da8b735017701dfec6ff4ee3db61cad9c2e61150dc82e8e57cb32005ccc09a58,227c455847ce35aadb87e814a17b1e670f00837a9ecbea225de0a2a3a9a8fa81
1300,3549.1156548825625,412793660.3935455,pair_12_32_L24.npz,far_interior_pair,12,32,249f3e946a4fe7452e5d5ae88a3e3ed740c00896350751a0c5222b3514c0a7fd,43ddcfc85ddac99597a65bac85afc9037bcdecb235f351549825b1dee94c354d,227c455847ce35aadb87e814a17b1e670f00837a9ecbea225de0a2a3a9a8fa81
1300,3549.1156548825625,412793660.3935455,pair_12_33_L24.npz,far_interior_pair,12,33,488f62d48be3d51609b12c615453ac11adfdf721a52eaf08660ac983176633e8,f55089a3d1f6f171b160d72248d9be17701cc9a730592546496aa7a6d9f29630,227c455847ce35aadb87e814a17b1e670f00837a9ecbea225de0a2a3a9a8fa81
1300,3549.1156548825625,412793660.3935455,pair_12_34_L24.npz,far_interior_pair,12,34,49bcf8a6a360a70630bd7b3c6aef1fceab84d1af5a6910a93d72100414b4e83c,db2e527e958fb0b845ab6076b98be9dff4016f7974bf3172992e2476bce96a96,227c455847ce35aadb87e814a17b1e670f00837a9ecbea225de0a2a3a9a8fa81
1300,3549.1156548825625,412793660.3935455,pair_13_14_L24.npz,interior_pair,13,14,812ff95e7a370d5987d8ff1b14764b97d166756b3a118e02b4f6ffe8ab945bd8,0711a8cc0b36b0518ff226119224f6041017f667d942fcb463ed43fed1db4772,227c455847ce35aadb87e814a17b1e670f00837a9ecbea225de0a2a3a9a8fa81
1300,3549.1156548825625,412793660.3935455,pair_13_15_L24.npz,interior_pair,13,15,17e1fcaa4a6160bb21c6ff50c6e3a157b5303eb1a28433423979e87ff9317895,0b5197daa1f47ec43856416367710e7a14e852a27e75589174ea32157a3637c3,227c455847ce35aadb87e814a17b1e670f00837a9ecbea225de0a2a3a9a8fa81
1300,3549.1156548825625,412793660.3935455,pair_13_16_L24.npz,interior_pair,13,16,9fb55d0beb6e12e9b0f6e095884d0ad9ef129f9bb15f06ee8d96243d4737643b,edd900e1bfc28732fe7cf92f69d6ea034cb60fa1e0de2e46ffac45df1e96b068,227c455847ce35aadb87e814a17b1e670f00837a9ecbea225de0a2a3a9a8fa81
1300,3549.1156548825625,412793660.3935455,pair_13_17_L24.npz,near_interior_pair,13,17,936ba6d69b94b6593d305f6e5ee1ed6372eb633ceaaacb656357cd3e4fc52f49,362afe3c545ca066c07a7e7960a488cf4af0575de55c227f89da3beedf88eadb,227c455847ce35aadb87e814a17b1e670f00837a9ecbea225de0a2a3a9a8fa81
1300,3549.1156548825625,412793660.3935455,pair_13_18_L24.npz,near_interior_pair,13,18,f9b448b64aade7fe7872d964ac8ccd27551aa5ecd439ca8f7c99d95891620e83,b4f96717d659190a33c8053aec290967c75013cf491b00ec79a4214dce2e36b7,227c455847ce35aadb87e814a17b1e670f00837a9ecbea225de0a2a3a9a8fa81
1300,3549.1156548825625,412793660.3935455,pair_13_19_L24.npz,near_interior_pair,13,19,31f159fbc738885f5e0e1f6aa48c5128a6d1d954edb5145856df4a6459850bbb,d920b5c50a626186db0c20d02a73603cc6b1db3cb89c549dcdc48d3e5cf1f6a7,227c455847ce35aadb87e814a17b1e670f00837a9ecbea225de0a2a3a9a8fa81
1300,3549.1156548825625,412793660.3935455,pair_13_20_L24.npz,near_interior_pair,13,20,5a209a414f68b0dd828e17e21aca16bc87f9705b365571a86a6e23e188199923,a320913a1844b0eeb4170e5c3a6b0f22fafd8d00b2954299dd011dc0490c919c,227c455847ce35aadb87e814a17b1e670f00837a9ecbea225de0a2a3a9a8fa81
1300,3549.1156548825625,412793660.3935455,pair_13_21_L24.npz,near_interior_pair,13,21,f2194fdb222a41cbe82f1255166a43895a6e09bcb6746ad9d653835f5ffd80d0,33a147bdeaa4f19d51db294f36272e0a044c613cbf5dbcfc763f3d59a42d6ea2,227c455847ce35aadb87e814a17b1e670f00837a9ecbea225de0a2a3a9a8fa81
1300,3549.1156548825625,412793660.3935455,pair_13_22_L24.npz,near_interior_pair,13,22,d2bc7a5265ce1e484ad8aa0893d53fdfd52bfa37cfbff6b925dc93fc4f7c3561,8f013b719f044bcdc3a1efc2e582674645e4c52ef8caaf36aeac504fdb3e06bc,227c455847ce35aadb87e814a17b1e670f00837a9ecbea225de0a2a3a9a8fa81
1300,3549.1156548825625,412793660.3935455,pair_13_23_L24.npz,near_interior_pair,13,23,5861e53876bc3d41f750a029e3e72f4a795e7d8e6fea43267ccfcb8cbb79b959,c5d5ada3ee6e33ab46c93108f90081f71921f30c979ac1dcc50aab0d5ab2f292,227c455847ce35aadb87e814a17b1e670f00837a9ecbea225de0a2a3a9a8fa81
1300,3549.1156548825625,412793660.3935455,pair_13_24_L24.npz,near_interior_pair,13,24,77f7048a170b808b4dc9de57c6eb57cd44881e413f00b21f27bbf67b95385eff,a6804162814891e1edee81e285babe575a49d80e4cb6ad2ddb03dbd607240267,227c455847ce35aadb87e814a17b1e670f00837a9ecbea225de0a2a3a9a8fa81
1300,3549.1156548825625,412793660.3935455,pair_13_25_L24.npz,near_interior_pair,13,25,c941b4fce03ebc7934b3fbf0faef5346af49dc5fb2f6e139a6a37b6ab8e4e803,0ee27abdc109f934e01d2aab2b2da5ce3bc97e2b62553888cc94462d3d41eeea,227c455847ce35aadb87e814a17b1e670f00837a9ecbea225de0a2a3a9a8fa81
1300,3549.1156548825625,412793660.3935455,pair_13_26_L24.npz,near_interior_pair,13,26,3e6834dad5fa302fbb6ebe5a6e64275d4da898b327b7cc527fd16703c53a24c8,37a333d05b26bda3b847ec5bffaea129701ef0f9e559e86eb35a764232fdfad2,227c455847ce35aadb87e814a17b1e670f00837a9ecbea225de0a2a3a9a8fa81
1300,3549.1156548825625,412793660.3935455,pair_13_27_L24.npz,near_interior_pair,13,27,7875009aa92c7758b35f10832b91302af7b5e349c37874d732dae3a5484e2bc2,c5e6a865c3448458a65a4d80795e5d44e712284369ea803cba297bf31921c53a,227c455847ce35aadb87e814a17b1e670f00837a9ecbea225de0a2a3a9a8fa81
1300,3549.1156548825625,412793660.3935455,pair_13_28_L24.npz,near_interior_pair,13,28,a0dbff51d6ad131aba53997255b0544a54f021ee787777b5d61fb037e356db38,de03a3067fea1ab531175977e355002813d41532c7226999022875d216bf05b7,227c455847ce35aadb87e814a17b1e670f00837a9ecbea225de0a2a3a9a8fa81
1300,3549.1156548825625,412793660.3935455,pair_13_29_L24.npz,far_interior_pair,13,29,f7947aef15258e829a1e8770366132d0d2b7072d223320ccde94e84c111c4fee,6a9fc6b2fbd246b09424704a8866153f769b53b04c63597ad0177a8099d6483d,227c455847ce35aadb87e814a17b1e670f00837a9ecbea225de0a2a3a9a8fa81
1300,3549.1156548825625,412793660.3935455,pair_13_30_L24.npz,far_interior_pair,13,30,5ab6a02eb9c9ddfa8af2f181ab5c987848652fc3807760e603c32ae6a17a6fda,917d1f07703ae10afaf899d38f5aeade821ae277e0a69ab43801bbbca92c8dc2,227c455847ce35aadb87e814a17b1e670f00837a9ecbea225de0a2a3a9a8fa81
1300,3549.1156548825625,412793660.3935455,pair_13_31_L24.npz,far_interior_pair,13,31,53454aa3efa4ce4e56362de59764a0c7b0d234db9bd70d17a4553a6fe34934a4,39bcb07bbb764b7ec4d7aac7446404c8f429a3ccb156202712dfca24fd633ff5,227c455847ce35aadb87e814a17b1e670f00837a9ecbea225de0a2a3a9a8fa81
1300,3549.1156548825625,412793660.3935455,pair_13_32_L24.npz,far_interior_pair,13,32,fc6b3d077434d3b69d33694eb0f31acc1738bc1269f25b85c72702542bcca18e,a8e896963f62c8d0f131ba5c04e9b836e4498b703c70751c01ab1f09aa6cf7bd,227c455847ce35aadb87e814a17b1e670f00837a9ecbea225de0a2a3a9a8fa81
1300,3549.1156548825625,412793660.3935455,pair_13_33_L24.npz,far_interior_pair,13,33,9b883ddafe93e48abe0d9660ba6c4b723295219dd45c5649d9e60006e0cdf5d6,3b2bdbb7355b513e2c709eb2985aea01328a9a8b8a8484c06a3f18abac2af061,227c455847ce35aadb87e814a17b1e670f00837a9ecbea225de0a2a3a9a8fa81
1300,3549.1156548825625,412793660.3935455,pair_13_34_L24.npz,far_interior_pair,13,34,91e66b815d72d0533db91578c99d52cda97f2c0fca43022224e36c1b086a0c1e,11ad99defc80104d0f01c62a53357443ee8b36b63de5bf0907b80c6e3a0489fa,227c455847ce35aadb87e814a17b1e670f00837a9ecbea225de0a2a3a9a8fa81
1300,3549.1156548825625,412793660.3935455,pair_14_15_L24.npz,interior_pair,14,15,bc62d5a9e1d99b70c0b8db3d19e23b967e3656b853b2c20917f74cb22dfb05b2,1c0742af850cebe43ece11bfa68b3d1e26de82fb3d9380a0d9ddfd21dbdcef75,227c455847ce35aadb87e814a17b1e670f00837a9ecbea225de0a2a3a9a8fa81
1300,3549.1156548825625,412793660.3935455,pair_14_16_L24.npz,interior_pair,14,16,ecc2bac937986ef7a926475b72bf70241576206f82d964ec347ec8e6634a2760,478121838b520e0a06c11fae9e2e67270783207188421305b8eaa4ff3a401e9c,227c455847ce35aadb87e814a17b1e670f00837a9ecbea225de0a2a3a9a8fa81
1300,3549.1156548825625,412793660.3935455,pair_14_17_L24.npz,near_interior_pair,14,17,5fc401552103864bcd97c23b83a4710d4fea4c9bc4495bc12fd00798942b32b7,27d9a1b354e52917f53adc7f70082bb3dee62cce14388db0bdaa283387598df7,227c455847ce35aadb87e814a17b1e670f00837a9ecbea225de0a2a3a9a8fa81
1300,3549.1156548825625,412793660.3935455,pair_14_18_L24.npz,near_interior_pair,14,18,a502e97f075a2de7a36f2e76ad6e420f8b4ff875a9083aa13f01c7ddba2d26f0,06e46798a97b3d233f417c078ad9b34e7dcb3080f080534387b8a94c00f0c43c,227c455847ce35aadb87e814a17b1e670f00837a9ecbea225de0a2a3a9a8fa81
1300,3549.1156548825625,412793660.3935455,pair_14_19_L24.npz,near_interior_pair,14,19,5e6963346bf840871a22a70a665d28b6c3392d48a3403ddd39cee430b679795c,3a2dd357ea27db6da0d4ac1099db4a5e247fbd3ba8cbbe68618270b74435f46a,227c455847ce35aadb87e814a17b1e670f00837a9ecbea225de0a2a3a9a8fa81
1300,3549.1156548825625,412793660.3935455,pair_14_20_L24.npz,near_interior_pair,14,20,8259752d1a86d299a79d30f155bbcc88fca1166c4c53d43cf35a2e95295be58d,d4f5ecbec6dc92a2415b9936e227f70fa327a8ef3a979c6f150324d2819c1f32,227c455847ce35aadb87e814a17b1e670f00837a9ecbea225de0a2a3a9a8fa81
1300,3549.1156548825625,412793660.3935455,pair_14_21_L24.npz,near_interior_pair,14,21,ef5a6d4f96be002e122be925252f6e544a739c0071d0674a27041e2acd949c73,b56bda51d86469e6aea47cc54b079a9ba0ce0a69a12ca166a61242f985a183c4,227c455847ce35aadb87e814a17b1e670f00837a9ecbea225de0a2a3a9a8fa81
1300,3549.1156548825625,412793660.3935455,pair_14_22_L24.npz,near_interior_pair,14,22,0951e67baf612a4e987bbf65ebbac5b65bc864df3206966b21a448d0d9fc2622,e1c69d9b3c683642c352737284451549bb14ad3125462348073a5ccf904a8602,227c455847ce35aadb87e814a17b1e670f00837a9ecbea225de0a2a3a9a8fa81
1300,3549.1156548825625,412793660.3935455,pair_14_23_L24.npz,near_interior_pair,14,23,b611470b84a2465ee23bb0ee209aa916ac884df17288a0f2689f7c110fe9c050,8547fc004cd922a6334326cbb9309522faee0482c30bda3689565f94a99792d0,227c455847ce35aadb87e814a17b1e670f00837a9ecbea225de0a2a3a9a8fa81
1300,3549.1156548825625,412793660.3935455,pair_14_24_L24.npz,near_interior_pair,14,24,b8ad69b533df570f5af269ea56b7c6d64f5362a60228cb62b2f4b61c5c883abe,1eaff4e610ca382c1014aeaed51ef194d1031b65e74d9624b9c461d35a1ae446,227c455847ce35aadb87e814a17b1e670f00837a9ecbea225de0a2a3a9a8fa81
1300,3549.1156548825625,412793660.3935455,pair_14_25_L24.npz,near_interior_pair,14,25,a0f90fba42f637993797cbe0d8f8f536e67e52bcd216e3c2b5798674d51915c4,5c6bca09d61dc4b7109cf24ac54f6cdf03a1e5e126fdafcf49566d3648ea6dcb,227c455847ce35aadb87e814a17b1e670f00837a9ecbea225de0a2a3a9a8fa81
1300,3549.1156548825625,412793660.3935455,pair_14_26_L24.npz,near_interior_pair,14,26,07077bd8a4c8a51d0b136b77a63810e43d9784af3d9eef1191bda002bcfaeacc,a1856b6c00654801ed606564e4febcd3b522d6d670262b855b807872a1f0da77,227c455847ce35aadb87e814a17b1e670f00837a9ecbea225de0a2a3a9a8fa81
1300,3549.1156548825625,412793660.3935455,pair_14_27_L24.npz,near_interior_pair,14,27,0997c1030591654ff0feab0b2566574878ee6ca517417ae6204a9bbc5e282406,49c9a8dc30d25898d16bc6a4be0a0d0e3717a1565ff405c4e30cd621bb387f4f,227c455847ce35aadb87e814a17b1e670f00837a9ecbea225de0a2a3a9a8fa81
1300,3549.1156548825625,412793660.3935455,pair_14_28_L24.npz,near_interior_pair,14,28,559dac16e5c88402b8d8d985eb83491e776000b22550af32336a32fcbc6451db,156f7fbf95f3d6674263f09f19422bd356121c109a49c1eaac78169fd6d0297d,227c455847ce35aadb87e814a17b1e670f00837a9ecbea225de0a2a3a9a8fa81
1300,3549.1156548825625,412793660.3935455,pair_14_29_L24.npz,far_interior_pair,14,29,7afcffc628b6b0d2b5b8efb746cd0b2934a7ed357252232040f421f4825cd63d,250088b2801477974f7dcde7c308cc86f8728cefd49e462994b70fc19caf2302,227c455847ce35aadb87e814a17b1e670f00837a9ecbea225de0a2a3a9a8fa81
1300,3549.1156548825625,412793660.3935455,pair_14_30_L24.npz,far_interior_pair,14,30,9c1812fd4bcfaf9c90127013b4acbc8506c382ef5fad386f280a6661abcadba6,1c15f60dc4238a6e2acd1f460365b7c3a00086ea21b6658e1705ba6b06e061bd,227c455847ce35aadb87e814a17b1e670f00837a9ecbea225de0a2a3a9a8fa81
1300,3549.1156548825625,412793660.3935455,pair_14_31_L24.npz,far_interior_pair,14,31,24b6c94147cfcf308c752df574ac551debfa8ff6f7a194de0163ff219062b958,c569a91bf1f97453586c32b2280f6514178eeadb3bfd60660adbba51095c0d63,227c455847ce35aadb87e814a17b1e670f00837a9ecbea225de0a2a3a9a8fa81
1300,3549.1156548825625,412793660.3935455,pair_14_32_L24.npz,far_interior_pair,14,32,6a417e56535f6549a2dc1e58d0cbb2c7253ad203a00226d055e9c23a7461e779,6c40190103c0bd85054838956d7f368fd7ce78e9620bf2507460893d0bfffb8c,227c455847ce35aadb87e814a17b1e670f00837a9ecbea225de0a2a3a9a8fa81
1300,3549.1156548825625,412793660.3935455,pair_14_33_L24.npz,far_interior_pair,14,33,e2b4f74d400504b952cb5a6c857fd0ac61ebcc2522704b458339c2ed98d19a9d,3a18ac5e1cfe0b255a0577b1cb5e830d7efcfccbb72489567469c35eb3089324,227c455847ce35aadb87e814a17b1e670f00837a9ecbea225de0a2a3a9a8fa81
1300,3549.1156548825625,412793660.3935455,pair_14_34_L24.npz,far_interior_pair,14,34,3d9cf52b4cc8a5ceca18d921eaf766b992b127a6ec99024c52b220154d2aadf2,b074ebd651d2a4276f1a43814e672f88f73a6c3e3ef63a542a3d474adf81c572,227c455847ce35aadb87e814a17b1e670f00837a9ecbea225de0a2a3a9a8fa81
1300,3549.1156548825625,412793660.3935455,pair_15_16_L24.npz,interior_pair,15,16,61fdc7627f49708b384f0b5f2336d24017c5abb36baf982be68649f7ee722bde,75099da9c92902e86ef75d8094b0c016a4b3cd66e44a8f0099fa908379efecd0,227c455847ce35aadb87e814a17b1e670f00837a9ecbea225de0a2a3a9a8fa81
1300,3549.1156548825625,412793660.3935455,pair_15_17_L24.npz,near_interior_pair,15,17,0aef9c93d2f6d502c25607a17638f92915bffe534e9dca9086113f70613d29db,8403ef6a1c0917036049168e153bc6867049149f2b474a0edc99feb4bc4ceb8c,227c455847ce35aadb87e814a17b1e670f00837a9ecbea225de0a2a3a9a8fa81
1300,3549.1156548825625,412793660.3935455,pair_15_18_L24.npz,near_interior_pair,15,18,085af8a7e877c3497dd5779cc387180af2281f454aef3717d5b6124272e3dcb5,206ac24e48df4a35518264c3d7600dd6d49e9b69eb1ddf2a8b350b2c34d3537f,227c455847ce35aadb87e814a17b1e670f00837a9ecbea225de0a2a3a9a8fa81
1300,3549.1156548825625,412793660.3935455,pair_15_19_L24.npz,near_interior_pair,15,19,6055596302be9a9b7dbba23893a25759ad3c606114abed74b32123917a757b54,fae7efd38706a4ca00037b4988c4cbe0cefdeb6572e33715cb31105281d71135,227c455847ce35aadb87e814a17b1e670f00837a9ecbea225de0a2a3a9a8fa81
1300,3549.1156548825625,412793660.3935455,pair_15_20_L24.npz,near_interior_pair,15,20,78131602e022e61e784b4c17bf1e23ccf465b997278070a096c54b5b350ddb6b,8bd92734f8b3cdffc58a10a16f10b8a46be06d0516d5cf1c8efdf776660ed5ec,227c455847ce35aadb87e814a17b1e670f00837a9ecbea225de0a2a3a9a8fa81
1300,3549.1156548825625,412793660.3935455,pair_15_21_L24.npz,near_interior_pair,15,21,b390abbe456a5c4eabc9c57cecee56c0e50cfbc93e6b9b4466bf529dab533e30,069d45ce5d6961eba516c12fd9825b4796ecbc30e96df6622adfe2f18fe35a1e,227c455847ce35aadb87e814a17b1e670f00837a9ecbea225de0a2a3a9a8fa81
1300,3549.1156548825625,412793660.3935455,pair_15_22_L24.npz,near_interior_pair,15,22,b1bcce88d0bc8ad0d8f095ee421e81629687cc26a156cb8133d932f7fb736054,9e4fd693030db659bfb98d9cc0f1b426a0191742c8babb90a78699ce41db5734,227c455847ce35aadb87e814a17b1e670f00837a9ecbea225de0a2a3a9a8fa81
1300,3549.1156548825625,412793660.3935455,pair_15_23_L24.npz,near_interior_pair,15,23,fe8dc50f70e9cbe119ce217d77adc504050c7dfea748e8b3d0a0597c9ee77a26,559224598364aa98a2b70d3f7a87d6efdaa2afe90cdfcac6a5a08aee8c8833ba,227c455847ce35aadb87e814a17b1e670f00837a9ecbea225de0a2a3a9a8fa81
1300,3549.1156548825625,412793660.3935455,pair_15_24_L24.npz,near_interior_pair,15,24,104b3a4976e34ee54d5ab014941b9b7b914c9fe615b0a6f89dd744ff4c049fe6,294cf292f0ed48c2b029139c3d31c93a7d1080db2a7da8ae448e2236c085564b,227c455847ce35aadb87e814a17b1e670f00837a9ecbea225de0a2a3a9a8fa81
1300,3549.1156548825625,412793660.3935455,pair_15_25_L24.npz,near_interior_pair,15,25,a305f5fb4dee75242fa4b0e013a4f170e23bcb022dc852552f6ee883813c18dd,608aa25fedaea4100ffc3559f9d1ef72b2ea94246276e8bee54f461083386027,227c455847ce35aadb87e814a17b1e670f00837a9ecbea225de0a2a3a9a8fa81
1300,3549.1156548825625,412793660.3935455,pair_15_26_L24.npz,near_interior_pair,15,26,3ce4019d926cd2969ed3985c31c5da0564086c74c2d3b4d58d82a5590ca4c34d,91e1b863ccb372f007a234ad21b3b5a24bcc4cc89dbb62c8a7ff31dc0d060e74,227c455847ce35aadb87e814a17b1e670f00837a9ecbea225de0a2a3a9a8fa81
1300,3549.1156548825625,412793660.3935455,pair_15_27_L24.npz,near_interior_pair,15,27,cd651e167278d554e05386450fdcbae928a9163dbb692e0bed27bb44360165a7,1029e26aeac0ac89de8e8d7db5f8aad7694494b42acb6b9f4956bdd806a2bf16,227c455847ce35aadb87e814a17b1e670f00837a9ecbea225de0a2a3a9a8fa81
1300,3549.1156548825625,412793660.3935455,pair_15_28_L24.npz,near_interior_pair,15,28,c89b2a4064f2a95535c65a3fb609ac49e4e622484f0e712ada5d9f2a05dc5ee8,88a7c19ee39b5e41cef0f657bdba5686de49b5f42d7da115fe6a7b46ad11a74d,227c455847ce35aadb87e814a17b1e670f00837a9ecbea225de0a2a3a9a8fa81
1300,3549.1156548825625,412793660.3935455,pair_15_29_L24.npz,far_interior_pair,15,29,180d2480f69f9068281f3f88def6c227c54ccc52714c27f9fb4f37013e9b0812,60d2271bf003ac67f19e1f591929d810b3545721f22c52c3e7910c317addf0da,227c455847ce35aadb87e814a17b1e670f00837a9ecbea225de0a2a3a9a8fa81
1300,3549.1156548825625,412793660.3935455,pair_15_30_L24.npz,far_interior_pair,15,30,aa79f2959174b0ebfc2f571cdb1437153fae85ffdef1e8a3e9414df04271d8ed,d87cc7678c58e0fd8785136001d659f60c5e878ef03ed9dbcda49bcbc4506a79,227c455847ce35aadb87e814a17b1e670f00837a9ecbea225de0a2a3a9a8fa81
1300,3549.1156548825625,412793660.3935455,pair_15_31_L24.npz,far_interior_pair,15,31,0c6fadfb646981c4b373ba47c08ccd4a3927e5cd78e784859d845e6b22639fb0,31dcf05eeda6a228eed5c7460161fccc6e3781572432f7ce0139b9044cf17ea4,227c455847ce35aadb87e814a17b1e670f00837a9ecbea225de0a2a3a9a8fa81
1300,3549.1156548825625,412793660.3935455,pair_15_32_L24.npz,far_interior_pair,15,32,baaba046d4fa7136d8c25fa1bc7d3a9c26fbfe74a42e74a1c6a5ab6b83fbb7d5,3b767567607e1841c28674eec5b585421c0147a2bf4e8839b55b0892c98afbef,227c455847ce35aadb87e814a17b1e670f00837a9ecbea225de0a2a3a9a8fa81
1300,3549.1156548825625,412793660.3935455,pair_15_33_L24.npz,far_interior_pair,15,33,b6a14b19fd468d81a4f9c6c14895991ab7fdeb010fe786527d7ae5c2374dc27d,e374a436ccfbb04d2ba6c308cba9c0cf760074c9bd927d4e4adb569a737fee24,227c455847ce35aadb87e814a17b1e670f00837a9ecbea225de0a2a3a9a8fa81
1300,3549.1156548825625,412793660.3935455,pair_15_34_L24.npz,far_interior_pair,15,34,cceff93a9461174a64dd48ef3a82830e25b0003bcbee73af6bb532e172fd1385,6b626cc44ecafc709986d981ccfbae3874dc9604ab09d6472b1f3f571a1d6baf,227c455847ce35aadb87e814a17b1e670f00837a9ecbea225de0a2a3a9a8fa81
1300,3549.1156548825625,412793660.3935455,pair_16_17_L24.npz,near_interior_pair,16,17,6b4da1374295e5aa63b869f3dcef302d238498fac00523544a292dcb5c0d9a07,84398308e96aa163791b514e57f2582d1cd5c2b0c1eb9d87fe9c66f732c24295,227c455847ce35aadb87e814a17b1e670f00837a9ecbea225de0a2a3a9a8fa81
1300,3549.1156548825625,412793660.3935455,pair_16_18_L24.npz,near_interior_pair,16,18,74f7da3cb06bb20aa06c0c926d0e95d82483b727a4a9a7dfb3235574aeec2e39,67e49eac3cdc5a2fadda5ca348a561d22add3ec8bfc4d44acb18deb913c4d0a7,227c455847ce35aadb87e814a17b1e670f00837a9ecbea225de0a2a3a9a8fa81
1300,3549.1156548825625,412793660.3935455,pair_16_19_L24.npz,near_interior_pair,16,19,ff12523159d454054c71eb2cd1aefe834209522545ef327b6fac3b64c219565b,dc55a8811310728234fc9fb5624e82b4435c858aae4864b0ef1e2f4860f8f2dd,227c455847ce35aadb87e814a17b1e670f00837a9ecbea225de0a2a3a9a8fa81
1300,3549.1156548825625,412793660.3935455,pair_16_20_L24.npz,near_interior_pair,16,20,a3d1fa569c597b37080cc9cd737f975681bc2fa9c2bab6438d9c2e6165498a52,4c5e1b7d8fc397d1b155fc3866008f58717700cda3e0be073655768d977a3d72,227c455847ce35aadb87e814a17b1e670f00837a9ecbea225de0a2a3a9a8fa81
1300,3549.1156548825625,412793660.3935455,pair_16_21_L24.npz,near_interior_pair,16,21,1a370360ca7efe131b94cbb6f2973b1868108de0c1b86d5b4812beadf64d89bd,42cedfe0eb4d8efd0ceb76265516f6fc1b3391b1523efbaa1b2090ac2726331e,227c455847ce35aadb87e814a17b1e670f00837a9ecbea225de0a2a3a9a8fa81
1300,3549.1156548825625,412793660.3935455,pair_16_22_L24.npz,near_interior_pair,16,22,488c6297b282adb693722bdbb21e7d8af8af3acc76370ad6a6f736ec686f45af,0faff4ada7426bb620c22f3196cae2a0fd60bb8db5fec9f4d181550c52348e55,227c455847ce35aadb87e814a17b1e670f00837a9ecbea225de0a2a3a9a8fa81
1300,3549.1156548825625,412793660.3935455,pair_16_23_L24.npz,near_interior_pair,16,23,223ca85042d1107c0841cf65d66f363084e0f63686c8d25be771f49005c3ea55,3755d5059282d1811381bc84b928a36f4801238ea585dc6d5d221c0ff3f8ef43,227c455847ce35aadb87e814a17b1e670f00837a9ecbea225de0a2a3a9a8fa81
1300,3549.1156548825625,412793660.3935455,pair_16_24_L24.npz,near_interior_pair,16,24,464dc0a85d12b8f21480c7c46face70e55eea9699e2cab196988bf1696b491b0,9899677fef96ca58a52023d10b49f6fb805c250369bc0aa0c48ed076c685a9bf,227c455847ce35aadb87e814a17b1e670f00837a9ecbea225de0a2a3a9a8fa81
1300,3549.1156548825625,412793660.3935455,pair_16_25_L24.npz,near_interior_pair,16,25,1396071711d3b8293f927b61cea54e7f28d83f7d8d3980a085384ef9899c5d09,3be4037f97daa7fb22083a6826a8a2bcdb866c53f346d3507fa6205dc6ae8486,227c455847ce35aadb87e814a17b1e670f00837a9ecbea225de0a2a3a9a8fa81
1300,3549.1156548825625,412793660.3935455,pair_16_26_L24.npz,near_interior_pair,16,26,31a871c4cf1c632dd55aa87e944e4adc7a319c529d7238605c2e09a96d79b6fe,aa36580cc140fcc97e9bfc0c50a1962dab1ad7d18709736ddd952a1874a52c98,227c455847ce35aadb87e814a17b1e670f00837a9ecbea225de0a2a3a9a8fa81
1300,3549.1156548825625,412793660.3935455,pair_16_27_L24.npz,near_interior_pair,16,27,986c0931f8e55e5639a18c697d69a2db1f878f330ec262d915fd5d6b412d914f,9e88f1f64b952507bc48a368e17153cfe3485aa089c502111f13efa74efadd59,227c455847ce35aadb87e814a17b1e670f00837a9ecbea225de0a2a3a9a8fa81
1300,3549.1156548825625,412793660.3935455,pair_16_28_L24.npz,near_interior_pair,16,28,162792e3a63c7b0b376095c1323be6443db4f915b40df56db898059d79d3cc23,8f7f5bf739bf34365234f2444a957ec5817615c1dca526f645cb08fadfccd9b3,227c455847ce35aadb87e814a17b1e670f00837a9ecbea225de0a2a3a9a8fa81
1300,3549.1156548825625,412793660.3935455,pair_16_29_L24.npz,far_interior_pair,16,29,0adf321aab097e776b45e5fe79f42b2fd115a36c2dc2827bcfdaf1b73e8398fe,82f589d9a91b53b2cdbdc9081610ad4ee1f6b5c5715c4c97eeb684a211926583,227c455847ce35aadb87e814a17b1e670f00837a9ecbea225de0a2a3a9a8fa81
1300,3549.1156548825625,412793660.3935455,pair_16_30_L24.npz,far_interior_pair,16,30,85891493a748bf06cbd06905e5bebb5872a022fdc69ef8ba3598be9451e0a149,40b1b75219973098ea50629d5773714f372418253d1fb4c96556d7f4e00b6f55,227c455847ce35aadb87e814a17b1e670f00837a9ecbea225de0a2a3a9a8fa81
1300,3549.1156548825625,412793660.3935455,pair_16_31_L24.npz,far_interior_pair,16,31,b7d30dd7e173de8cd46aef01380f63abda74766ed123bb3974a1ac9d110eb3ad,a45f4226a2deb7e14a826633c76abf9cfe07c25496752a6890f0b63e5fee66b0,227c455847ce35aadb87e814a17b1e670f00837a9ecbea225de0a2a3a9a8fa81
1300,3549.1156548825625,412793660.3935455,pair_16_32_L24.npz,far_interior_pair,16,32,84ebc452a354dd1b54ee0e95d34fee41cd4588f576e71ce8ce185e46824a5540,e52ffde352cdc4d843015678d16f90d3affbd69c82e51cb351714785885ab337,227c455847ce35aadb87e814a17b1e670f00837a9ecbea225de0a2a3a9a8fa81
1300,3549.1156548825625,412793660.3935455,pair_16_33_L24.npz,far_interior_pair,16,33,4f99522afc1347e35c15863c7b525f80fed8b728e79265dd77ebf5f797466157,86f7201d75396414b031824e367692727cb67eef36ee7ecf326a67331a69c751,227c455847ce35aadb87e814a17b1e670f00837a9ecbea225de0a2a3a9a8fa81
1300,3549.1156548825625,412793660.3935455,pair_16_34_L24.npz,far_interior_pair,16,34,22c26e0a6ef2ce144d68f4f9caef156ec436a0d82723e82d0193bc402470dd11,718571091f424b1bd9efc6c0428e98274def0a3737f7a1d5a19012aa32e658b6,227c455847ce35aadb87e814a17b1e670f00837a9ecbea225de0a2a3a9a8fa81
1300,3549.1156548825625,412793660.3935455,same_00_00_L24.npz,same,0,0,c16ed728240d9aa2020de7e22244d5de275b65b9e0272949b8e249441783f57d,b067a23422966ea0082217d97e97a182f793a1b7f2e728777cb1d337ab797951,227c455847ce35aadb87e814a17b1e670f00837a9ecbea225de0a2a3a9a8fa81
1300,3549.1156548825625,412793660.3935455,same_01_01_L24.npz,same,1,1,b177c5aa767409f80e8da923b3de53388dc68e368079c0aaf985c485844de3dd,f3ca88e17450fec24acca5b69506bbb62c84e22566f4375639d1782015ff277a,227c455847ce35aadb87e814a17b1e670f00837a9ecbea225de0a2a3a9a8fa81
1300,3549.1156548825625,412793660.3935455,same_02_02_L24.npz,same,2,2,11e43b3b4ff783f67db191e80f19140b80c4c5777f75e3548964cb861eee1d4b,d125a675974e0ffd3198ae2f1adc7be901b22b43066c077e1c00d1805333739e,227c455847ce35aadb87e814a17b1e670f00837a9ecbea225de0a2a3a9a8fa81
1300,3549.1156548825625,412793660.3935455,same_03_03_L24.npz,same,3,3,4950d51cbad2a243a2314b20597ca9e09bd3821c40c988284452429b2e9325ce,7e27527a7d0c75217d866f504453b22573053e2c245fc08b7dc6c428f5d19e5f,227c455847ce35aadb87e814a17b1e670f00837a9ecbea225de0a2a3a9a8fa81
1300,3549.1156548825625,412793660.3935455,same_04_04_L24.npz,same,4,4,a22a6c1f2054a52f9be4a3f0e4a8af0d7f6ce19292b2a334e5e2d7989d2b90e9,21c0844a5391888948138a1c117f8f2dbb040f6de37a456f3ba88c1e85436110,227c455847ce35aadb87e814a17b1e670f00837a9ecbea225de0a2a3a9a8fa81
1300,3549.1156548825625,412793660.3935455,same_05_05_L24.npz,same,5,5,433210d33fe220b9ff15d405614eecc7da89cd5c6825c636900ad9c24326fd21,1bd85726a32c56aac552b1fe89e0319dca4799eb6aedbab3611b8933312dbc1e,227c455847ce35aadb87e814a17b1e670f00837a9ecbea225de0a2a3a9a8fa81
1300,3549.1156548825625,412793660.3935455,same_06_06_L24.npz,same,6,6,c620274b9d6a6c941c6f156f76f6d8e2c6d133040790ba46d9d1f7c26963197a,75761766c7cac9f66ff9e7fc6d9b65408bee11d66ae6d39708e2c24e5fee4540,227c455847ce35aadb87e814a17b1e670f00837a9ecbea225de0a2a3a9a8fa81
1300,3549.1156548825625,412793660.3935455,same_07_07_L24.npz,same,7,7,33860a17567196fff02d41b45bb792c4c4fb46029c1cd3e0dc287eabc19bbd89,fa9b31c780e6915fe93b1bf89236d351f982c4f3bb7377c05a92109973e9715b,227c455847ce35aadb87e814a17b1e670f00837a9ecbea225de0a2a3a9a8fa81
1300,3549.1156548825625,412793660.3935455,same_08_08_L24.npz,same,8,8,cd7f6e255f458917d224edbb5ade7fa55af73c7d5264dc35aafa7d439230ec03,2593d2656eb2ff04d7887ec75cb799e4158d964d478d966a95c30b64eb470464,227c455847ce35aadb87e814a17b1e670f00837a9ecbea225de0a2a3a9a8fa81
1300,3549.1156548825625,412793660.3935455,same_09_09_L24.npz,same,9,9,fa225663d1dda7fc58f44ddacb7ff5f7a2cd6faca091b9ad4928ec4096df6e98,6251fa327ff3d5c1e76d989e14cabbcb8786e2c606c0bee32cfd0d4df6b71a63,227c455847ce35aadb87e814a17b1e670f00837a9ecbea225de0a2a3a9a8fa81
1300,3549.1156548825625,412793660.3935455,same_10_10_L24.npz,same,10,10,a6d6c4dd3916c5dd64352ff4210ec16f89afb85df9d36655ce2c816c509076b7,4d82f60b40771e506989373e74512676ad008f701d6afa9eddf64ef3dbccbdb1,227c455847ce35aadb87e814a17b1e670f00837a9ecbea225de0a2a3a9a8fa81
1300,3549.1156548825625,412793660.3935455,same_11_11_L24.npz,same,11,11,e8d6ab3a1dff97c58a9be5ca99a8ef235d6fde817a986e098b94bc1cf6c5cd56,42d115ec490d9b67d5e94161495777a140f075b80ae3f204e40816aaba792d33,227c455847ce35aadb87e814a17b1e670f00837a9ecbea225de0a2a3a9a8fa81
1300,3549.1156548825625,412793660.3935455,same_12_12_L24.npz,same,12,12,68acc1bafba7a687bb8b5c59f716e9a0ba2e8512030c4c394e088760b88b6b5e,a1c43f6b77ae91ba0acb751266684497235afdafe7555d7699c36f1d89c43b00,227c455847ce35aadb87e814a17b1e670f00837a9ecbea225de0a2a3a9a8fa81
1300,3549.1156548825625,412793660.3935455,same_13_13_L24.npz,same,13,13,914ccb0f39a91576b6f8a4bc10dad97ae7315dda2902da15e557cb623a677cf2,2e6af22166dc2e07fd26fcfae48062e8ef9b172ba076c4c4de5c3c7e528a5380,227c455847ce35aadb87e814a17b1e670f00837a9ecbea225de0a2a3a9a8fa81
1300,3549.1156548825625,412793660.3935455,same_14_14_L24.npz,same,14,14,90c8c632f87e4c8924c1bdf450743e64d391fe436f99ada783fc3fac150e9820,023b391774c12c017bde6934a4255eb5f7e0454ecb3bba05680af9d478879732,227c455847ce35aadb87e814a17b1e670f00837a9ecbea225de0a2a3a9a8fa81
1300,3549.1156548825625,412793660.3935455,same_15_15_L24.npz,same,15,15,1f8edc7af7efae04e64dcf81202e80b7dc24535af229c3d8bac6e1a38fe8f9f2,0bc0ebdb79eae951f1fb5ff51a5e7e7483e7c658aba58af30c1e87e58c64668b,227c455847ce35aadb87e814a17b1e670f00837a9ecbea225de0a2a3a9a8fa81
1300,3549.1156548825625,412793660.3935455,same_16_16_L24.npz,same,16,16,a12886b5153bc44fdc38910d60c55209569cc57eb9d08be9487f38d8aa046413,c933593be2a5d4bd0b02ff5c65fe542789339b28a3bbfac80f8d5e024589a0bb,227c455847ce35aadb87e814a17b1e670f00837a9ecbea225de0a2a3a9a8fa81
