physics_orbit_id,frequency_pair_id,frequency_i,frequency_j,x_i,x_j,mu_id,mu_label,mu,edge_multiplicity,Q_SI_kg_m_per_s,DeltaE_SI_J,p_parallel_over_sigma_p,required_parallel_speed_over_c,log_dynamic_structure_factor,same_ray_frequency_change,log_dynamic_structure_factor_relative,recommended_active
0,0,0,0,-4.0,-4.0,0,-1,-1.0,13,1.0900075898414656e-26,0.0,-0.0006546062357169537,1.086287005048001e-08,50.34992663466756,False,-1.1943347744337274,True
1,0,0,0,-4.0,-4.0,1,-sqrt(2/3),-0.816496580927726,24,1.0387997023952234e-26,0.0,-0.0006238532366070324,1.0352539083913948e-08,50.3980453993825,False,-1.146216009718792,True
2,0,0,0,-4.0,-4.0,2,-1/sqrt(2),-0.7071067811865475,24,1.0070357025364877e-26,0.0,-0.0006047773030331524,1.0035983303968329e-08,50.42910025795462,False,-1.1151611511466655,True
3,0,0,0,-4.0,-4.0,3,-1/sqrt(3),-0.5773502691896258,24,9.680072193746653e-27,0.0,-0.0005813386694984824,9.64703065372496e-09,50.46862707302071,False,-1.0756343360805758,True
4,0,0,0,-4.0,-4.0,4,-1/2,-0.5,24,9.439742631205581e-27,0.0,-0.0005669056296065863,9.407521421724834e-09,50.49376772445712,False,-1.0504936846441666,True
5,0,0,0,-4.0,-4.0,5,-1/3,-0.3333333333333333,12,8.899874702908277e-27,0.0,-0.0005344837533168618,8.86949625527912e-09,50.55265926013986,False,-0.9916021489614266,True
6,0,0,0,-4.0,-4.0,6,0,0.0,96,7.707517583217053e-27,0.0,-0.00046287650828245755,7.681209075842668e-09,50.69650033207487,False,-0.8477610770264192,True
7,0,0,0,-4.0,-4.0,7,1/3,0.3333333333333333,12,6.293161754137054e-27,0.0,-0.00037793708640439087,6.271680947816557e-09,50.899232921838056,False,-0.6450284872632324,True
8,0,0,0,-4.0,-4.0,8,1/2,0.5,24,5.450037949207328e-27,0.0,-0.00032730311785847686,5.431435025240005e-09,51.0430739759185,False,-0.5011874331827855,True
9,0,0,0,-4.0,-4.0,9,1/sqrt(3),0.5773502691896258,24,5.0107740834179426e-27,0.0,-0.0003009230386415341,4.993670523743681e-09,51.127106145183106,False,-0.4171552639181826,True
10,0,0,0,-4.0,-4.0,10,1/sqrt(2),0.7071067811865475,24,4.1712784578453106e-27,0.0,-0.0002505069611317549,4.1570403962536255e-09,51.31047399647508,False,-0.2337874126262065,True
11,0,0,0,-4.0,-4.0,11,sqrt(2/3),0.816496580927726,24,3.3016923571949625e-27,0.0,-0.0001982837941296517,3.290422503212877e-09,51.54426140910129,False,0.0,True
12,1,0,1,-4.0,-3.5,0,-1,-1.0,26,1.0900139855658872e-26,1.9173899450406803e-23,0.3529298960380614,5.856698864763943e-06,50.287641225584494,False,-1.2566201835167945,True
13,1,0,1,-4.0,-3.5,1,-sqrt(2/3),-0.816496580927726,48,1.0388057976542441e-26,1.9173899450406803e-23,0.37039068462236285,6.146452104224656e-06,50.32944509677067,False,-1.214816312330619,True
14,1,0,1,-4.0,-3.5,2,-1/sqrt(2),-0.7071067811865475,48,1.0070416114183506e-26,1.9173899450406803e-23,0.3821123307100823,6.340967083277912e-06,50.3560896566101,False,-1.1881717524911863,True
15,1,0,1,-4.0,-3.5,3,-1/sqrt(3),-0.5773502691896258,48,9.680128992546384e-27,1.9173899450406803e-23,0.397566303515113,6.597418197222522e-06,50.389591891569076,False,-1.1546695175322128,True
16,1,0,1,-4.0,-3.5,4,-1/2,-0.5,48,9.439798019857994e-27,1.9173899450406803e-23,0.40771731061493,6.765869191102897e-06,50.41064531487583,False,-1.1336160942254594,True
17,1,0,1,-4.0,-3.5,5,-1/3,-0.3333333333333333,24,8.899926923856109e-27,1.9173899450406803e-23,0.4325163235743764,7.1773966719916015e-06,50.45911835030954,False,-1.0851430587917505,True
18,1,0,1,-4.0,-3.5,6,0,0.0,192,7.707562807950823e-27,1.9173899450406803e-23,0.49958112475959193,8.290304219287376e-06,50.571703921497935,False,-0.9725574876033534,True
19,1,0,1,-4.0,-3.5,7,1/3,0.3333333333333333,24,6.293198680085883e-27,1.9173899450406803e-23,0.6120483900347995,1.0156643433547019e-05,50.711925509770744,False,-0.8323358993305447,True
20,1,0,1,-4.0,-3.5,8,1/2,0.5,48,5.450069928110891e-27,1.9173899450406803e-23,0.706841707154609,1.1729692129605696e-05,50.79325556236489,False,-0.7510058467363976,True
21,1,0,1,-4.0,-3.5,9,1/sqrt(3),0.5773502691896258,48,5.010803484938964e-27,1.9173899450406803e-23,0.7688612622638764,1.2758876287930551e-05,50.83152650251218,False,-0.7127349065891053,True
22,1,0,1,-4.0,-3.5,10,1/sqrt(2),0.7071067811865475,48,4.171302933641565e-27,1.9173899450406803e-23,0.9237103327635238,1.532852081389962e-05,50.88384777074556,False,-0.6604136383557275,True
23,1,0,1,-4.0,-3.5,11,sqrt(2/3),0.816496580927726,48,3.3017117307552e-27,1.9173899450406803e-23,1.167111547558632,1.9367644827975605e-05,50.86318087878775,False,-0.6810805303135368,True
24,1,0,1,-4.0,-3.5,12,1,1.0,26,6.395727452058361e-32,1.9173899450406803e-23,60260.863151761434,0.9999995261737619,-1815685751.5016677,True,-1815685803.0459292,False
25,2,0,2,-4.0,-3.0,0,-1,-1.0,26,1.0900203812903089e-26,3.8347798901144907e-23,0.7065102489844144,1.1724191743520843e-05,50.10033674783862,False,-1.4439246612626704,True
26,2,0,2,-4.0,-3.0,1,-sqrt(2/3),-0.816496580927726,48,1.0388118929168779e-26,3.8347798901144907e-23,0.7414008686079157,1.23031844971351e-05,50.12319623486209,False,-1.421065174239196,True
27,2,0,2,-4.0,-3.0,2,-1/sqrt(2),-0.7071067811865475,48,1.0070475203061622e-26,3.8347798901144907e-23,0.7648249475167704,1.2691895620487586e-05,50.13661010552498,False,-1.4076513035763085,True
28,2,0,2,-4.0,-3.0,3,-1/sqrt(3),-0.5773502691896258,48,9.680185791435414e-27,3.8347798901144907e-23,0.7957092734111639,1.3204405890757202e-05,50.15203888295973,False,-1.392222526141559,True
29,2,0,2,-4.0,-3.0,4,-1/2,-0.5,48,9.439853408618738e-27,3.8347798901144907e-23,0.815996735614792,1.354106639526747e-05,50.16083081373457,False,-1.3834305953667183,True
30,2,0,2,-4.0,-3.0,5,-1/3,-0.3333333333333333,24,8.899979144957142e-27,3.8347798901144907e-23,0.8655620490122131,1.436357850876391e-05,50.17804883747318,False,-1.366212571628111,True
31,2,0,2,-4.0,-3.0,6,0,0.0,192,7.707608032949949e-27,3.8347798901144907e-23,0.9996192579406851,1.65881922696229e-05,50.1968693735868,False,-1.3473920355144884,True
32,2,0,2,-4.0,-3.0,7,1/3,0.3333333333333333,24,6.293235606468034e-27,3.8347798901144907e-23,1.224467530183554,2.0319439283752094e-05,50.149560891758064,False,-1.3947005173432245,True
33,2,0,2,-4.0,-3.0,8,1/2,0.5,48,5.450101907577357e-27,3.8347798901144907e-23,1.4140024185530777,2.346467797848494e-05,50.043360874315034,False,-1.500900534786254,True
34,2,0,2,-4.0,-3.0,9,1/sqrt(3),0.5773502691896258,48,5.0108328871038065e-27,3.8347798901144907e-23,1.5380144211227977,2.5522596456971823e-05,49.944350275289025,False,-1.5999111338122631,True
35,2,0,2,-4.0,-3.0,10,1/sqrt(2),0.7071067811865475,48,4.171327410274833e-27,3.8347798901144907e-23,1.8476603292168432,3.0661018729415476e-05,49.60353794624619,False,-1.9407234628550967,True
36,2,0,2,-4.0,-3.0,11,sqrt(2/3),0.816496580927726,48,3.301731105440663e-27,3.8347798901144907e-23,2.334407679293263,3.873835273999754e-05,48.81952008638264,False,-2.72474132271865,True
37,2,0,2,-4.0,-3.0,12,1,1.0,26,1.279144630446954e-31,3.8347798901144907e-23,60260.90366545786,1.0000001984787223,-1815688193.5859509,True,-1815688245.1302123,False
38,3,0,3,-4.0,-2.5,0,-1,-1.0,26,1.0900267770147307e-26,5.752169835155171e-23,1.0600864526641613,1.7591615767229498e-05,49.78801760272743,False,-1.7562438063738597,True
39,3,0,3,-4.0,-2.5,1,-sqrt(2/3),-0.816496580927726,48,1.0388179881831246e-26,5.752169835155171e-23,1.1124066987799985,1.8459844640642212e-05,49.77930365958422,False,-1.764957749517066,True
40,3,0,3,-4.0,-2.5,2,-1/sqrt(2),-0.7071067811865475,48,1.0070534291999221e-26,5.752169835155171e-23,1.1475330731760807,1.904274962930495e-05,49.77066676115561,False,-1.7735946479456786,True
41,3,0,3,-4.0,-2.5,3,-1/sqrt(3),-0.5773502691896258,48,9.68024259041374e-27,5.752169835155171e-23,1.1938475710761212,1.981131605090395e-05,49.755973627840596,False,-1.788287781260692,True
42,3,0,3,-4.0,-2.5,4,-1/2,-0.5,48,9.439908797487811e-27,5.752169835155171e-23,1.2242713694261524,2.0316184092004153e-05,49.74433008946443,False,-1.7999313196368618,True
43,3,0,3,-4.0,-2.5,5,-1/3,-0.3333333333333333,24,8.900031366211375e-27,5.752169835155171e-23,1.2986026926123202,2.1549676014926668e-05,49.70945732363511,False,-1.8348040854661818,True
44,3,0,3,-4.0,-2.5,6,0,0.0,192,7.707653258214425e-27,5.752169835155171e-23,1.499651523069366,2.488598294250107e-05,49.57200549109138,False,-1.9722559180099068,True
45,3,0,3,-4.0,-2.5,7,1/3,0.3333333333333333,24,6.293272533283501e-27,5.752169835155171e-23,1.8368794833387034,3.048211586931635e-05,49.21215227215735,False,-2.3321091369439415,True
46,3,0,3,-4.0,-2.5,8,1/2,0.5,48,5.450133887606717e-27,5.752169835155171e-23,2.1211548309800863,3.519952610999517e-05,48.79340751788856,False,-2.750853891212728,True
47,3,0,3,-4.0,-2.5,9,1/sqrt(3),0.5773502691896258,48,5.0108622899124586e-27,5.752169835155171e-23,2.307158553373966,3.8286166833875984e-05,48.465598292045186,False,-3.0786631170561023,True
48,3,0,3,-4.0,-2.5,10,1/sqrt(2),0.7071067811865475,48,4.171351887745103e-27,5.752169835155171e-23,2.771599482001589,4.599333669955935e-05,47.4695745799995,False,-4.074686829101786,True
49,3,0,3,-4.0,-2.5,11,sqrt(2/3),0.816496580927726,48,3.3017504812513345e-27,5.752169835155171e-23,3.501690110417179,5.810883329709113e-05,45.41332700989544,False,-6.130934399205849,True
50,3,0,3,-4.0,-2.5,12,1,1.0,26,1.9187173756528864e-31,5.752169835155171e-23,60260.89016087819,0.9999999743768334,-1815687380.193333,True,-1815687431.7375944,False
51,4,0,4,-4.0,-2.0,0,-1,-1.0,26,1.0900331727391522e-26,7.669559780228981e-23,1.4136585071625587,2.3458970937304685e-05,49.3506881913762,False,-2.1935732177250884,True
52,4,0,4,-4.0,-2.0,1,-sqrt(2/3),-0.816496580927726,48,1.0388240834529843e-26,7.669559780228981e-23,1.4834081752241983,2.4616432536166266e-05,49.29777221668063,False,-2.246489192420661,True
53,4,0,4,-4.0,-2.0,2,-1/sqrt(2),-0.7071067811865475,48,1.0070593380996302e-26,7.669559780228981e-23,1.530236707773512,2.539352911114882e-05,49.25826477976692,False,-2.2859966293343703,True
54,4,0,4,-4.0,-2.0,3,-1/sqrt(3),-0.5773502691896258,48,9.680299389481364e-27,7.669559780228981e-23,1.591981196594969,2.6418148679073038e-05,49.20140170665878,False,-2.34285970244251,True
55,4,0,4,-4.0,-2.0,4,-1/2,-0.5,48,9.439964186465211e-27,7.669559780228981e-23,1.6325412121334018,2.7091222282713376e-05,49.161149010289826,False,-2.3831123988114626,True
56,4,0,4,-4.0,-2.0,5,-1/3,-0.3333333333333333,24,8.900083587618808e-27,7.669559780228981e-23,1.7316382544567535,2.8735689191841544e-05,49.0533504105801,False,-2.490910998521187,True
57,4,0,4,-4.0,-2.0,6,0,0.0,192,7.707698483744247e-27,7.669559780228981e-23,1.9996779202145663,3.318367623906577e-05,48.697121076520475,False,-2.847140332580814,True
58,4,0,4,-4.0,-2.0,7,1/3,0.3333333333333333,24,6.293309460532277e-27,7.669559780228981e-23,2.4492842495214266,4.064467319059122e-05,47.89971285511909,False,-3.6445485539821973,True
59,4,0,4,-4.0,-2.0,8,1/2,0.5,48,5.45016586819896e-27,7.669559780228981e-23,2.8282989443870608,4.6934236523330315e-05,47.043413099135954,False,-4.500848309965335,True
60,4,0,4,-4.0,-2.0,9,1/sqrt(3),0.5773502691896258,48,5.01089169336491e-27,7.669559780228981e-23,3.0762936589064025,5.1049587416801384e-05,46.39529138140922,False,-5.148970027692066,True
61,4,0,4,-4.0,-2.0,10,1/sqrt(2),0.7071067811865475,48,4.171376366052359e-27,7.669559780228981e-23,3.695527790784421,6.132547471879963e-05,44.48198772990723,False,-7.062273679194057,True
62,4,0,4,-4.0,-2.0,11,sqrt(2/3),0.816496580927726,48,3.301769858187192e-27,7.669559780228981e-23,4.668958840018557,7.747908648412514e-05,40.64464963102998,False,-10.89961177807131,True
63,4,0,4,-4.0,-2.0,12,1,1.0,26,2.558289905867582e-31,7.669559780228981e-23,60260.88847299824,0.9999999463672918,-1815687278.7678678,True,-1815687330.3121293,False
64,5,0,5,-4.0,-1.5,0,-1,-1.0,26,1.0900395684635738e-26,9.586949725269662e-23,1.7672264125404225,2.9326257254755618e-05,48.78835291478119,False,-2.7559084943200958,True
65,5,0,5,-4.0,-1.5,1,-sqrt(2/3),-0.816496580927726,48,1.038830178726456e-26,9.586949725269662e-23,1.8544052980004615,3.077294818470204e-05,48.67860675175858,False,-2.8656546573427093,True
66,5,0,5,-4.0,-1.5,2,-1/sqrt(2),-0.7071067811865475,48,1.0070652470052866e-26,9.586949725269662e-23,1.9129358513681107,3.174423406699904e-05,48.59940931748308,False,-2.944852091618209,True
67,5,0,5,-4.0,-1.5,3,-1/sqrt(3),-0.5773502691896258,48,9.680356188638281e-27,9.586949725269662e-23,1.9901101500251714,3.302490377621805e-05,48.48832869971534,False,-3.0559327093859494,True
68,5,0,5,-4.0,-1.5,4,-1/2,-0.5,48,9.440019575550936e-27,9.586949725269662e-23,2.0408062637927116,3.386618096832727e-05,48.4112934442861,False,-3.1329679648151867,True
69,5,0,5,-4.0,-1.5,5,-1/3,-0.3333333333333333,24,8.900135809179433e-27,9.586949725269662e-23,2.164668734597639,3.5921618040373555e-05,48.20973469993808,False,-3.3345267091632067,True
70,5,0,5,-4.0,-1.5,6,0,0.0,192,7.707743709539409e-27,9.586949725269662e-23,2.499698449410658,4.148127215988739e-05,47.57222493222805,False,-3.9720364768732352,True
71,5,0,5,-4.0,-1.5,7,1/3,0.3333333333333333,24,6.293346388214353e-27,9.586949725269662e-23,3.0616818287105807,5.080711124722587e-05,46.212255844716545,False,-5.332005564384744,True
72,5,0,5,-4.0,-1.5,8,1/2,0.5,48,5.450197849354075e-27,9.586949725269662e-23,3.535434758676566,5.8668809216873504e-05,44.79339522421117,False,-6.750866184890121,True
73,5,0,5,-4.0,-1.5,9,1/sqrt(3),0.5773502691896258,48,5.0109210974611465e-27,9.586949725269662e-23,3.8454197375559875,6.381285820302455e-05,43.733450372311054,False,-7.810811036790234,True
74,5,0,5,-4.0,-1.5,10,1/sqrt(2),0.7071067811865475,48,4.1714008451965854e-27,9.586949725269662e-23,4.619445255168174,7.665743278054555e-05,40.64080745504512,False,-10.903453954056168,True
75,5,0,5,-4.0,-1.5,11,sqrt(2/3),0.816496580927726,48,3.301789236248216e-27,9.586949725269662e-23,5.83621386710497,9.684911228463071e-05,34.5135359356547,False,-17.030725473446587,True
76,5,0,5,-4.0,-1.5,12,1,1.0,26,3.197862350085798e-31,9.586949725269662e-23,60260.88908058813,0.9999999564499487,-1815687315.6049185,True,-1815687367.14918,False
77,6,0,6,-4.0,-1.0,0,-1,-1.0,26,1.0900459641879956e-26,1.1504339670343472e-22,2.1207901688830035,3.5193474720997e-05,48.10101617374916,False,-3.44324523535213,True
78,6,0,6,-4.0,-1.0,1,-sqrt(2/3),-0.816496580927726,48,1.038836274003541e-26,1.1504339670343472e-22,2.22539806719437,3.6929391587669725e-05,47.92181211022245,False,-3.6224492988788413,True
79,6,0,6,-4.0,-1.0,2,-1/sqrt(2),-0.7071067811865475,48,1.007071155916891e-26,1.1504339670343472e-22,2.2956305040453735,3.8094864498274383e-05,47.794105530216626,False,-3.7501558788846623,True
80,6,0,6,-4.0,-1.0,3,-1/sqrt(3),-0.5773502691896258,48,9.680412987884489e-27,1.1504339670343472e-22,2.38823443145171,3.963158134374923e-05,47.6167601870886,False,-3.927501222012687,True
81,6,0,6,-4.0,-1.0,4,-1/2,-0.5,48,9.440074964744985e-27,1.1504339670343472e-22,2.4490665244884697,4.06410601502462e-05,47.494769259298884,False,-4.049492149802404,True
82,6,0,6,-4.0,-1.0,5,-1/3,-0.3333333333333333,24,8.90018803089325e-27,1.1504339670343472e-22,2.5976941331170322,4.310746256188437e-05,47.17861679309348,False,-4.365644616007806,True
83,6,0,6,-4.0,-1.0,6,0,0.0,192,7.707788935599909e-27,1.1504339670343472e-22,2.9997131107265735,4.9778770706109816e-05,46.197325860292416,False,-5.346935548808872,True
84,6,0,6,-4.0,-1.0,7,1/3,0.3333333333333333,24,6.29338331632972e-27,1.1504339670343472e-22,3.674072220927356,6.096943003957194e-05,44.14979444476423,False,-7.394466964337056,True
85,6,0,6,-4.0,-1.0,8,1/2,0.5,48,5.450229831072055e-27,1.1504339670343472e-22,4.242562273800051,7.040324418981904e-05,42.04337149912976,False,-9.500889909971526,True
86,6,0,6,-4.0,-1.0,9,1/sqrt(3),0.5773502691896258,48,5.010950502201159e-27,1.1504339670343472e-22,4.614536789211776,7.65759791907044e-05,40.480096093695664,False,-11.064165315405624,True
87,6,0,6,-4.0,-1.0,10,1/sqrt(2),0.7071067811865475,48,4.171425325177769e-27,1.1504339670343472e-22,5.5433518748195745,9.198921087926661e-05,35.94606381524973,False,-15.598197593851559,True
88,6,0,6,-4.0,-1.0,11,sqrt(2/3),0.816496580927726,48,3.301808615434386e-27,1.1504339670343472e-22,7.003455190764752,0.0001162189106834792,27.02003391314285,False,-24.52422749595844,True
89,6,0,6,-4.0,-1.0,12,1,1.0,26,3.8374347513057728e-31,1.1504339670343472e-22,60260.89016104019,0.9999999743795216,-1815687380.8962424,True,-1815687432.4405038,False
90,7,0,7,-4.0,-0.5,0,-1,-1.0,26,1.090052359912417e-26,1.3421729615384153e-22,2.4743497762511177,4.106062333703804e-05,47.28868236897514,False,-4.25557904012615,True
91,7,0,7,-4.0,-0.5,1,-sqrt(2/3),-0.816496580927726,48,1.0388423692842382e-26,1.3421729615384153e-22,2.5963864828658667,4.3085762746064055e-05,47.02739313735932,False,-4.51686827174197,True
92,7,0,7,-4.0,-0.5,2,-1/sqrt(2),-0.7071067811865475,48,1.0070770648344434e-26,1.3421729615384153e-22,2.678320665864345,4.444542040595466e-05,46.842358573759576,False,-4.701902835341713,True
93,7,0,7,-4.0,-0.5,3,-1/sqrt(3),-0.5773502691896258,48,9.680469787219987e-27,1.3421729615384153e-22,2.7863540409320486,4.623818138262013e-05,46.58670174873275,False,-4.957559660368538,True
94,7,0,7,-4.0,-0.5,4,-1/2,-0.5,48,9.440130354047353e-27,1.3421729615384153e-22,2.857321994276847,4.741585982940231e-05,46.41158232304775,False,-5.132679086053535,True
95,7,0,7,-4.0,-0.5,5,-1/3,-0.3333333333333333,24,8.900240252760257e-27,1.3421729615384153e-22,3.0307144500670584,5.029322275723897e-05,45.960003291301845,False,-5.584258117799443,True
96,7,0,7,-4.0,-0.5,6,0,0.0,192,7.707834161925738e-27,1.3421729615384153e-22,3.499721904196689,5.8076171878303525e-05,44.5724326626716,False,-6.971828746429686,True
97,7,0,7,-4.0,-0.5,7,1/3,0.3333333333333333,24,6.293420244878372e-27,1.3421729615384153e-22,4.286455426150623,7.113162956727877e-05,41.712341859051236,False,-9.831919550050053,True
98,7,0,7,-4.0,-0.5,8,1/2,0.5,48,5.4502618133528865e-27,1.3421729615384153e-22,4.949681489660105,8.213754144055045e-05,38.79335953007982,False,-12.75090187902147,True
99,7,0,7,-4.0,-0.5,9,1/sqrt(3),0.5773502691896258,48,5.010979907584935e-27,1.3421729615384153e-22,5.383644813709682,8.933895037711799e-05,36.63524937489102,False,-14.90901203421027,True
100,7,0,7,-4.0,-0.5,10,1/sqrt(2),0.7071067811865475,48,4.171449805995892e-27,1.3421729615384153e-22,6.46724764934153,0.00010732080900837324,30.397786871649185,False,-21.146474537452104,True
101,7,0,7,-4.0,-0.5,11,sqrt(2/3),0.816496580927726,48,3.301827995745683e-27,1.3421729615384153e-22,8.170682810005632,0.00013558848166420436,18.16419155721951,False,-33.38006985188178,True
102,7,0,7,-4.0,-0.5,12,1,1.0,26,4.477007127955324e-31,1.3421729615384153e-22,60260.891263361824,0.9999999926720097,-1815687447.4772763,True,-1815687499.0215378,False
103,8,0,8,-4.0,0.0,0,-1,-1.0,26,1.0900587556368388e-26,1.5339119560457963e-22,2.8279052347300104,4.692770310429334e-05,46.3513559009474,False,-5.192905508153892,True
104,8,0,8,-4.0,0.0,1,-sqrt(2/3),-0.816496580927726,48,1.0388484645685479e-26,1.5339119560457963e-22,2.9673705451005326,4.9242061661305186e-05,45.99535467823439,False,-5.5489067308668965,True
105,8,0,8,-4.0,0.0,2,-1/sqrt(2),-0.7071067811865475,48,1.0070829737579435e-26,1.5339119560457963e-22,3.0610063369105167,5.079590179145858e-05,45.7441736036721,False,-5.800087805429186,True
106,8,0,8,-4.0,0.0,3,-1/sqrt(3),-0.5773502691896258,48,9.680526586644774e-27,1.5339119560457963e-22,3.1844689785511644,5.284470389424095e-05,45.39815896435738,False,-6.14610244474391,True
107,8,0,8,-4.0,0.0,4,-1/2,-0.5,48,9.440185743458043e-27,1.5339119560457963e-22,3.2655726732422274,5.419058000719591e-05,45.16173850299958,False,-6.3825229061017055,True
108,8,0,8,-4.0,0.0,5,-1/3,-0.3333333333333333,24,8.90029247478045e-27,1.5339119560457963e-22,3.4637296855297692,5.7478898627798985e-05,44.553900795547285,False,-6.990360613554003,True
109,8,0,8,-4.0,0.0,6,0,0.0,192,7.707879388516895e-27,1.5339119560457963e-22,3.9997248298899395,6.637347567761245e-05,42.69755414101339,False,-8.846707268087897,True
110,8,0,8,-4.0,0.0,7,1/3,0.3333333333333333,24,6.293457173860301e-27,1.5339119560457963e-22,4.898831444401582,8.129370983069819e-05,38.89991129105608,False,-12.64435011804521,True
111,8,0,8,-4.0,0.0,8,1/2,0.5,48,5.4502937961965615e-27,1.5339119560457963e-22,5.656792406208201,9.387170096826245e-05,35.04337692304181,False,-16.500884486059476,True
112,8,0,8,-4.0,0.0,9,1/sqrt(3),0.5773502691896258,48,5.011009313612465e-27,1.5339119560457963e-22,6.152743810938793,0.00010210177176042479,32.19893104515822,False,-19.34533036394307,True
113,8,0,8,-4.0,0.0,10,1/sqrt(2),0.7071067811865475,48,4.171474287650942e-27,1.5339119560457963e-22,7.3911325784008355,0.00012265222716233606,23.996006686014056,False,-27.548254723087233,True
114,8,0,8,-4.0,0.0,11,sqrt(2/3),0.816496580927726,48,3.3018473771820874e-27,1.5339119560457963e-22,9.337896723916101,0.00015495782521168013,7.946056864925012,False,-43.598204544176276,True
115,8,0,8,-4.0,0.0,12,1,1.0,26,5.116579489248358e-31,1.5339119560457963e-22,60260.89227109477,1.0000000093948447,-1815687508.337694,True,-1815687559.8819554,False
116,9,0,9,-4.0,0.5,0,-1,-1.0,26,1.0900651513612605e-26,1.7256509505531774e-22,3.1814565443866027,5.2794714023873416e-05,45.28904117004032,False,-6.255220239060968,True
117,9,0,9,-4.0,0.5,1,-sqrt(2/3),-0.816496580927726,48,1.0388545598564704e-26,1.7256509505531774e-22,3.3383502539647165,5.539828833449415e-05,44.82570157779321,False,-6.718559831308077,True
118,9,0,9,-4.0,0.5,2,-1/sqrt(2),-0.7071067811865475,48,1.0070888826873915e-26,1.7256509505531774e-22,3.4436875172495434,5.7146308655875637e-05,44.499555775391315,False,-7.044705633709974,True
119,9,0,9,-4.0,0.5,3,-1/sqrt(3),-0.5773502691896258,48,9.680583386158851e-27,1.7256509505531774e-22,3.582579244373398,5.9451148879679334e-05,44.05113741354519,False,-7.493123995556097,True
120,9,0,9,-4.0,0.5,4,-1/2,-0.5,48,9.440241132977049e-27,1.7256509505531774e-22,3.673818561447835,6.096522068467618e-05,43.74524366649233,False,-7.79901774260896,True
121,9,0,9,-4.0,0.5,5,-1/3,-0.3333333333333333,24,8.900344696953828e-27,1.7256509505531774e-22,3.8967398395647734,6.466449017455356e-05,42.960315906681814,False,-8.583945502419475,True
122,9,0,9,-4.0,0.5,6,0,0.0,192,7.707924615373377e-27,1.7256509505531774e-22,4.49972188784934,7.46706821047504e-05,40.572699096841035,False,-10.971562312260254,True
123,9,0,9,-4.0,0.5,7,1/3,0.3333333333333333,24,6.293494103275502e-27,1.7256509505531774e-22,5.511200275669695,9.145567082965533e-05,35.71251594422526,False,-15.831745464876029,True
124,9,0,9,-4.0,0.5,8,1/2,0.5,48,5.450325779603073e-27,1.7256509505531774e-22,6.363895023359166,0.00010560572277154164,30.793441284160018,False,-20.75082012494127,True
125,9,0,9,-4.0,0.5,9,1/sqrt(3),0.5773502691896258,48,5.011038720283738e-27,1.7256509505531774e-22,6.921833780748345,0.00011486444333812296,27.171161934130968,False,-24.37309947497032,True
126,9,0,9,-4.0,0.5,10,1/sqrt(2),0.7071067811865475,48,4.171498770142906e-27,1.7256509505531774e-22,8.315006661616424,0.00013798346533483148,16.740753321391395,False,-34.80350808770989,True
127,9,0,9,-4.0,0.5,11,sqrt(2/3),0.816496580927726,48,3.301866759743581e-27,1.7256509505531774e-22,10.505096931524209,0.00017432694130977748,-3.634322162373188,False,-55.178583571474476,True
128,9,0,9,-4.0,0.5,12,1,1.0,26,5.7561520314070125e-31,1.7256509505531774e-22,60260.891161412306,0.9999999909802072,-1815687441.5850224,True,-1815687493.129284,False
129,10,0,10,-4.0,1.0,0,-1,-1.0,26,1.090071547085682e-26,1.9173899450572456e-22,3.5350037052878114,5.866165609688874e-05,44.10174257648204,False,-7.44251883261925,True
130,10,0,10,-4.0,1.0,1,-sqrt(2/3),-0.816496580927726,48,1.038860655148005e-26,1.9173899450572456e-22,3.709325609524764,6.155444276673193e-05,43.518438680826016,False,-8.025822728275273,True
131,10,0,10,-4.0,1.0,2,-1/sqrt(2),-0.7071067811865475,48,1.0070947916227871e-26,1.9173899450572456e-22,3.826364206947078,6.349664100029531e-05,43.108510244193326,False,-8.435751164907963,True
132,10,0,10,-4.0,1.0,3,-1/sqrt(3),-0.5773502691896258,48,9.680640185762211e-27,1.9173899450572456e-22,3.9806848384630884,6.6057516340003e-05,42.54564267571097,False,-8.998618733390316,True
133,10,0,10,-4.0,1.0,4,-1/2,-0.5,48,9.44029652260437e-27,1.9173899450572456e-22,4.08205965895689,6.77397818628922e-05,42.16210368069184,False,-9.382157728409446,True
134,10,0,10,-4.0,1.0,5,-1/3,-0.3333333333333333,24,8.900396919280387e-27,1.9173899450572456e-22,4.329744912231676,7.184999739849184e-05,41.17925522537675,False,-10.365006183724539,True
135,10,0,10,-4.0,1.0,6,0,0.0,192,7.707969842495174e-27,1.9173899450572456e-22,4.999713078117912,8.29677911604313e-05,38.197876331488416,False,-13.346385077612872,True
136,10,0,10,-4.0,1.0,7,1/3,0.3333333333333333,24,6.2935310331239615e-27,1.9173899450572456e-22,6.123561919944433,0.00010161751256397549,32.15016902187614,False,-19.39409238722515,True
137,10,0,10,-4.0,1.0,8,1/2,0.5,48,5.450357763572405e-27,1.9173899450572456e-22,7.07098934102785,0.000117339606848975,26.043570219612832,False,-25.500691189488457,True
138,10,0,10,-4.0,1.0,9,1/sqrt(3),0.5773502691896258,48,5.011068127598739e-27,1.9173899450572456e-22,7.6909147229876,0.00012762696510771108,21.551962871662102,False,-29.992298537439186,True
139,10,0,10,-4.0,1.0,10,1/sqrt(2),0.7071067811865475,48,4.171523253471766e-27,1.9173899450572456e-22,9.238869898607273,0.0001533145235195366,8.632056841883191,False,-42.9122045672181,True
140,10,0,10,-4.0,1.0,11,sqrt(2/3),0.816496580927726,48,3.30188614343014e-27,1.9173899450572456e-22,11.672283431858105,0.00019369582994236903,-16.57689751933443,False,-68.12115892843572,True
141,10,0,10,-4.0,1.0,12,1,1.0,26,6.39572444218215e-31,1.9173899450572456e-22,60260.891511464666,0.999999996789155,-1815687462.7848501,True,-1815687514.3291116,False
142,11,0,11,-4.0,1.5,0,-1,-1.0,26,1.0900779428101039e-26,2.1091289395646265e-22,3.888546717518879,6.452852932475383e-05,42.78946452028315,False,-8.754796888818142,True
143,11,0,11,-4.0,1.5,1,-sqrt(2/3),-0.816496580927726,48,1.0388667504431517e-26,2.1091289395646265e-22,4.080296611866254,6.771052495943867e-05,42.07357083188926,False,-9.470690577212025,True
144,11,0,11,-4.0,1.5,2,-1/sqrt(2),-0.7071067811865475,48,1.0071007005641301e-26,2.1091289395646265e-22,4.20903640608861,6.984689882613625e-05,41.57104216510977,False,-9.973219243991515,True
145,11,0,11,-4.0,1.5,3,-1/sqrt(3),-0.5773502691896258,48,9.680696985454857e-27,2.1091289395646265e-22,4.378785760905208,7.266380627662201e-05,40.88168033001123,False,-10.66258107909006,True
146,11,0,11,-4.0,1.5,4,-1/2,-0.5,48,9.440351912340006e-27,2.1091289395646265e-22,4.490295965853775,7.451426354324427e-05,40.4123244124969,False,-11.131936996604388,True
147,11,0,11,-4.0,1.5,5,-1/3,-0.3333333333333333,24,8.900449141760125e-27,2.1091289395646265e-22,4.762744903612528,7.90354203009754e-05,39.21072535201577,False,-12.333536057085517,True
148,11,0,11,-4.0,1.5,6,0,0.0,192,7.708015069882286e-27,2.1091289395646265e-22,5.499698400764592,9.126480284579912e-05,35.573094645957575,False,-15.971166763143714,True
149,11,0,11,-4.0,1.5,7,1/3,0.3333333333333333,24,6.293567963405678e-27,2.1091289395646265e-22,6.735916377247013,0.00011177923503401067,28.21288372698304,False,-23.331377682118248,True
150,11,0,11,-4.0,1.5,8,1/2,0.5,48,5.450389748104554e-27,2.1091289395646265e-22,7.778075359165752,0.00012907335319975764,20.7937813353278,False,-30.75048007377349,True
151,11,0,11,-4.0,1.5,9,1/sqrt(3),0.5773502691896258,48,5.011097535557463e-27,2.1091289395646265e-22,8.459986637545686,0.00014038933706734925,15.341354687486401,False,-36.20290672161489,True
152,11,0,11,-4.0,1.5,10,1/sqrt(2),0.7071067811865475,48,4.1715477376375096e-27,2.1091289395646265e-22,10.162722289040282,0.00016864540171092376,-0.3300526878404426,False,-51.87431409694173,True
153,11,0,11,-4.0,1.5,11,sqrt(2/3),0.816496580927726,48,3.3019055282417486e-27,2.1091289395646265e-22,12.839456224006497,0.00021306449109433236,-30.88162119742198,False,-82.42588260652326,True
154,11,0,11,-4.0,1.5,12,1,1.0,26,7.035296913762884e-31,2.1091289395646265e-22,60260.891277134266,0.9999999929005567,-1815687448.759201,True,-1815687500.3034625,False
155,12,0,12,-4.0,2.0,0,-1,-1.0,26,1.0900843385345254e-26,2.3008679340686944e-22,4.2420855811406115,7.03953337084778e-05,41.35221140138571,False,-10.19205000771558,True
156,12,0,12,-4.0,2.0,1,-sqrt(2/3),-0.816496580927726,48,1.0388728457419109e-26,2.3008679340686944e-22,4.451263261049121,7.386653491360892e-05,40.49110287546975,False,-11.053158533631539,True
157,12,0,12,-4.0,2.0,2,-1/sqrt(2),-0.7071067811865475,48,1.0071066095114208e-26,2.3008679340686944e-22,4.591704114733175,7.619708213437816e-05,39.8871566931024,False,-11.65710471599889,True
158,12,0,12,-4.0,2.0,3,-1/sqrt(3),-0.5773502691896258,48,9.680753785236785e-27,2.3008679340686944e-22,4.776882011757219,7.927001869048993e-05,39.0592559555331,False,-12.485005453568192,True
159,12,0,12,-4.0,2.0,4,-1/2,-0.5,48,9.440407302183952e-27,2.3008679340686944e-22,4.898527482194657,8.128866572666447e-05,38.4959117287378,False,-13.048349680363486,True
160,12,0,12,-4.0,2.0,5,-1/3,-0.3333333333333333,24,8.900501364393036e-27,2.3008679340686944e-22,5.195739813759452,8.622075888286924e-05,37.054732886918515,False,-14.489528522182773,True
161,12,0,12,-4.0,2.0,6,0,0.0,192,7.708060297534703e-27,2.3008679340686944e-22,5.999677855823764,9.956171716142443e-05,32.69836284121669,False,-18.845898567884596,True
162,12,0,12,-4.0,2.0,7,1/3,0.3333333333333333,24,6.293604894120639e-27,2.3008679340686944e-22,7.3482636475563385,0.00012194083823941091,23.900673262624277,False,-27.64358814647701,True
163,12,0,12,-4.0,2.0,8,1/2,0.5,48,5.450421733199504e-27,2.3008679340686944e-22,8.485153077675534,0.00014080696182227435,15.044092237577352,False,-36.500169171523936,True
164,12,0,12,-4.0,2.0,9,1/sqrt(3),0.5773502691896258,48,5.01112694415989e-27,2.3008679340686944e-22,9.229049524258619,0.0001531515592143163,8.539358211925403,False,-43.004903197175885,True
165,12,0,12,-4.0,2.0,10,1/sqrt(2),0.7071067811865475,48,4.171572222640119e-27,2.3008679340686944e-22,11.086563832518534,0.00018397609990240634,-10.145545201523888,False,-61.689806610625176,True
166,12,0,12,-4.0,2.0,11,sqrt(2/3),0.816496580927726,48,3.301924914178384e-27,2.3008679340686944e-22,14.006615306977523,0.00023243292474920795,-46.54844518327977,False,-98.09270659238106,True
167,12,0,12,-4.0,2.0,12,1,1.0,26,7.67486928762034e-31,2.3008679340686944e-22,60260.89184906693,1.0000000023914992,-1815687483.3113852,True,-1815687534.8556466,False
168,13,0,13,-4.0,2.5,0,-1,-1.0,26,1.0900907342589472e-26,2.4926069285760756e-22,4.5956202962382475,7.626206924947507e-05,39.789987619481884,False,-11.754273789619404,True
169,13,0,13,-4.0,2.5,1,-sqrt(2/3),-0.816496580927726,48,1.0388789410442826e-26,2.4926069285760756e-22,4.8222255571589345,8.002247263066269e-05,38.77103965578481,False,-12.773221753316477,True
170,13,0,13,-4.0,2.5,2,-1/sqrt(2),-0.7071067811865475,48,1.0071125184646588e-26,2.4926069285760756e-22,4.974367332966262,8.254719092643962e-05,38.05685898285053,False,-13.48740242625076,True
171,13,0,13,-4.0,2.5,3,-1/sqrt(3),-0.5773502691896258,48,9.680810585107994e-27,2.4926069285760756e-22,5.174973591104091,8.587615358301678e-05,37.07837513106437,False,-14.465886278036919,True
172,13,0,13,-4.0,2.5,4,-1/2,-0.5,48,9.440462692136208e-27,2.4926069285760756e-22,5.306754208063914,8.8062988414553e-05,36.41287149593462,False,-15.131389913166672,True
173,13,0,13,-4.0,2.5,5,-1/3,-0.3333333333333333,24,8.900553587179123e-27,2.4926069285760756e-22,5.628729642754502,9.340601314553492e-05,34.71128443006843,False,-16.832976979032857,True
174,13,0,13,-4.0,2.5,6,0,0.0,192,7.708105525452427e-27,2.4926069285760756e-22,6.499651443364365,0.00010785853410845123,29.573689717837304,False,-21.970571691263984,True
175,13,0,13,-4.0,2.5,7,1/3,0.3333333333333333,24,6.2936418252688404e-27,2.4926069285760756e-22,7.960603730893637,0.00013210232218052834,19.213550831438003,False,-32.33071057766328,True
176,13,0,13,-4.0,2.5,8,1/2,0.5,48,5.45045371885725e-27,2.4926069285760756e-22,9.192222496508714,0.00015254043271572054,8.7945205322535,False,-42.74974087684779,True
177,13,0,13,-4.0,2.5,9,1/sqrt(3),0.5773502691896258,48,5.011156353406017e-27,2.4926069285760756e-22,9.998103383015561,0.00016591363154677284,1.1459942750292456,False,-50.39826713407204,True
178,13,0,13,-4.0,2.5,10,1/sqrt(2),0.7071067811865475,48,4.171596708479585e-27,2.4926069285760756e-22,12.010394528708986,0.00019930661808845767,-20.814390632564916,False,-72.3586520416662,True
179,13,0,13,-4.0,2.5,11,sqrt(2/3),0.816496580927726,48,3.3019443012400296e-27,2.4926069285760756e-22,15.173760679860047,0.00025180113089187596,-63.57732146070971,False,-115.121582869811,True
180,13,0,13,-4.0,2.5,12,1,1.0,26,8.314441784759469e-31,2.4926069285760756e-22,60260.89143957625,0.9999999955962018,-1815687458.715154,True,-1815687510.2594154,False
181,14,0,14,-4.0,3.0,0,-1,-1.0,26,1.0900971299833689e-26,2.6843459230801437e-22,4.949150862872591,8.212873594875467e-05,38.102797574212616,False,-13.441463834888673,True
182,14,0,14,-4.0,3.0,1,-sqrt(2/3),-0.816496580927726,48,1.0388850363502657e-26,2.6843459230801437e-22,5.193183500255631,8.617833811159459e-05,36.91338601700113,False,-14.630875392100158,True
183,14,0,14,-4.0,3.0,2,-1/sqrt(2),-0.7071067811865475,48,1.007118427423844e-26,2.6843459230801437e-22,5.357026060846902,8.889722520330029e-05,36.080154188983826,False,-15.464107220117462,True
184,14,0,14,-4.0,3.0,3,-1/sqrt(3),-0.5773502691896258,48,9.680867385068482e-27,2.6843459230801437e-22,5.573060499003279,9.248221095515599e-05,34.939043435345425,False,-16.605217973755863,True
185,14,0,14,-4.0,3.0,4,-1/2,-0.5,48,9.440518082196774e-27,2.6843459230801437e-22,5.7149761435177115,9.483723160784189e-05,34.16320958056199,False,-17.3810518285393,True
186,14,0,14,-4.0,3.0,5,-1/3,-0.3333333333333333,24,8.90060581011838e-27,2.6843459230801437e-22,6.061714390649796,0.0001005911830898374,32.18038658141081,False,-19.36387482769048,True
187,14,0,14,-4.0,3.0,6,0,0.0,192,7.70815075363545e-27,2.6843459230801437e-22,6.999619163420783,0.00011615525368745014,26.199084076391657,False,-25.345177332709632,True
188,14,0,14,-4.0,3.0,7,1/3,0.3333333333333333,24,6.2936787568502725e-27,2.6843459230801437e-22,8.572936627237821,0.00014226368685701314,14.151529636218122,False,-37.39273177288317,True
189,14,0,14,-4.0,3.0,8,1/2,0.5,48,5.4504857050777794e-27,2.6843459230801437e-22,9.899283615567978,0.00016427376587848137,2.0450838256621395,False,-49.49917758343915,True
190,14,0,14,-4.0,3.0,9,1/sqrt(3),0.5773502691896258,48,5.011185763295827e-27,2.6843459230801437e-22,10.76714821365255,0.00017867555406199807,-6.838716292483483,False,-58.38297770158477,True
191,14,0,14,-4.0,3.0,10,1/sqrt(2),0.7071067811865475,48,4.171621195155887e-27,2.6843459230801437e-22,12.934214377214797,0.00021463695626249235,-32.33655891265834,False,-83.88082032175963,True
192,14,0,14,-4.0,3.0,11,sqrt(2/3),0.816496580927726,48,3.3019636894266635e-27,2.6843459230801437e-22,16.34089234166236,0.0002711691095058795,-81.96820200850743,False,-133.51246341760873,True
193,14,0,14,-4.0,3.0,12,1,1.0,26,8.954014255910648e-31,2.6843459230801437e-22,60260.89126340931,0.9999999926727976,-1815687448.1732845,True,-1815687499.717546,False
194,15,0,15,-4.0,3.5,0,-1,-1.0,26,1.0901035257077905e-26,2.876084917587525e-22,5.302677281128874,8.799533380773104e-05,36.29064566495166,False,-15.253615744149627,True
195,15,0,15,-4.0,3.5,1,-sqrt(2/3),-0.816496580927726,48,1.0388911316598615e-26,2.876084917587525e-22,5.564137090424776,9.233413135782455e-05,34.91814680299697,False,-16.626114606104316,True
196,15,0,15,-4.0,3.5,2,-1/sqrt(2),-0.7071067811865475,48,1.0071243363889762e-26,2.876084917587525e-22,5.739680298460582,9.524718496637874e-05,33.9570474658293,False,-17.58721394327199,True
197,15,0,15,-4.0,3.5,3,-1/sqrt(3),-0.5773502691896258,48,9.680924185118251e-27,2.876084917587525e-22,5.971142735539752,9.90881908083176e-05,32.641266446795406,False,-18.902994962305883,True
198,15,0,15,-4.0,3.5,4,-1/2,-0.5,48,9.440573472365643e-27,2.876084917587525e-22,6.1231932886404286,0.00010161139530793138,31.746931848761268,False,-19.79732956034002,True
199,15,0,15,-4.0,3.5,5,-1/3,-0.3333333333333333,24,8.900658033210806e-27,2.876084917587525e-22,6.494694057527385,0.00010777626871713819,29.462045940528863,False,-22.082215468572425,True
200,15,0,15,-4.0,3.5,6,0,0.0,192,7.708195982083764e-27,2.876084917587525e-22,7.499581016061961,0.00012445187589956526,22.57455471702077,False,-28.969706692080518,True
201,15,0,15,-4.0,3.5,7,1/3,0.3333333333333333,24,6.2937156888649285e-27,2.876084917587525e-22,9.185262336610135,0.00015242493226921776,8.714622879266443,False,-42.829638529834845,True
202,15,0,15,-4.0,3.5,8,1/2,0.5,48,5.450517691861083e-27,2.876084917587525e-22,10.606336434804875,0.00017600696130975278,-5.204200276340572,False,-56.74846168544186,True
203,15,0,15,-4.0,3.5,9,1/sqrt(3),0.5773502691896258,48,5.0112151738293095e-27,2.876084917587525e-22,11.536184016058801,0.00019143732675815352,-15.4147526602478,False,-66.95901406934908,True
204,15,0,15,-4.0,3.5,10,1/sqrt(2),0.7071067811865475,48,4.171645682669012e-27,2.876084917587525e-22,13.858023377703013,0.00022996711441898514,-44.71201997327089,False,-96.25628138237218,True
205,15,0,15,-4.0,3.5,11,sqrt(2/3),0.816496580927726,48,3.3019830787382614e-27,2.876084917587525e-22,17.50801029147352,0.00029053686057610185,-101.72103880281648,False,-153.26530021191778,True
206,15,0,15,-4.0,3.5,12,1,1.0,26,9.59358659160949e-31,2.876084917587525e-22,60260.891961626796,1.000000004259375,-1815687490.3174863,True,-1815687541.8617477,False
207,16,0,16,-4.0,4.0,0,-1,-1.0,26,1.090109921432212e-26,3.0678239120915925e-22,5.656199551067899,9.386186282741308e-05,34.353536291038836,False,-17.190725118062453,True
208,16,0,16,-4.0,4.0,1,-sqrt(2/3),-0.816496580927726,48,1.038897226973069e-26,3.0678239120915925e-22,5.9350863277262995,9.848985237034709e-05,32.78532685761897,False,-18.75893455148232,True
209,16,0,16,-4.0,4.0,2,-1/sqrt(2),-0.7071067811865475,48,1.0071302453600554e-26,3.0678239120915925e-22,6.122330045866333,0.00010159707021665456,31.68754396768459,False,-19.8567174414167,True
210,16,0,16,-4.0,4.0,3,-1/sqrt(3),-0.5773502691896258,48,9.680980985257292e-27,3.0678239120915925e-22,6.3692203007709685,0.00010569409314345509,30.185049743807888,False,-21.3592116652934,True
211,16,0,16,-4.0,4.0,4,-1/2,-0.5,48,9.440628862642817e-27,3.0678239120915925e-22,6.531405643488225,0.00010838547951575343,29.164044166651482,False,-22.380217242449806,True
212,16,0,16,-4.0,4.0,5,-1/3,-0.3333333333333333,24,8.900710256456394e-27,3.0678239120915925e-22,6.927668643439391,0.00011496127002830232,26.55626910699356,False,-24.987992302107727,True
213,16,0,16,-4.0,4.0,6,0,0.0,192,7.70824121079737e-27,3.0678239120915925e-22,7.999537001322282,0.00013274840074536717,18.700110439900975,False,-32.844150969200314,True
214,16,0,16,-4.0,4.0,7,1/3,0.3333333333333333,24,6.2937526213128e-27,3.0678239120915925e-22,9.797580858989503,0.0001625860584167925,2.902843763092406,False,-48.64141764600888,True
215,16,0,16,-4.0,4.0,8,1/2,0.5,48,5.45054967920715e-27,3.0678239120915925e-22,11.313380954122108,0.0001877400190079202,-12.953314167415428,False,-64.49757557651671,True
216,16,0,16,-4.0,4.0,9,1/sqrt(3),0.5773502691896258,48,5.011244585006457e-27,3.0678239120915925e-22,12.30521079007037,0.00020419894963251867,-24.582093997148313,False,-76.1263554062496,True
217,16,0,16,-4.0,4.0,10,1/sqrt(2),0.7071067811865475,48,4.171670171018946e-27,3.0678239120915925e-22,14.781821529776833,0.0002452970925513514,-57.940743744048326,False,-109.48500515314961,True
218,16,0,16,-4.0,4.0,11,sqrt(2/3),0.816496580927726,48,3.302002469174812e-27,3.0678239120915925e-22,18.675114528301926,0.000309904384086088,-122.8357838145857,False,-174.38004522368698,True
219,16,0,16,-4.0,4.0,12,1,1.0,26,1.0233159032244519e-30,3.0678239120915925e-22,60260.891954554696,1.000000004142017,-1815687489.9558537,True,-1815687541.5001152,False
220,17,1,1,-3.5,-3.5,0,-1,-1.0,13,1.0900203812903089e-26,0.0,-0.0006546139176471116,1.0862997528350655e-08,50.34991489953894,False,-1.1943465095623509,True
221,17,1,1,-3.5,-3.5,1,-sqrt(2/3),-0.816496580927726,24,1.038811892909652e-26,0.0,-0.000623860557644827,1.0352660572952485e-08,50.398033664254335,False,-1.1462277448469536,True
222,17,1,1,-3.5,-3.5,2,-1/sqrt(2),-0.7071067811865475,24,1.0070475202942651e-26,0.0,-0.0006047844002111954,1.0036101078163867e-08,50.42908852282673,False,-1.1151728862745571,True
223,17,1,1,-3.5,-3.5,3,-1/sqrt(3),-0.5773502691896258,24,9.680185791256817e-27,0.0,-0.00058134549161965,9.647143863486292e-09,50.46861533789315,False,-1.0756460712081406,True
224,17,1,1,-3.5,-3.5,4,-1/2,-0.5,24,9.439853408402074e-27,0.0,-0.000566912282353253,9.407631820799234e-09,50.49375598932975,False,-1.0505054197715396,True
225,17,1,1,-3.5,-3.5,5,-1/3,-0.3333333333333333,12,8.899979144650734e-27,0.0,-0.0005344900255865706,8.869600340524648e-09,50.552647525012915,False,-0.9916138840883733,True
226,17,1,1,-3.5,-3.5,6,0,0.0,96,7.707608032419235e-27,0.0,-0.0004628819402273647,7.681299216309453e-09,50.696488596948754,False,-0.8477728121525345,True
227,17,1,1,-3.5,-3.5,7,1/3,0.3333333333333333,12,6.293235605601383e-27,0.0,-0.00037794152156883534,6.27175454719949e-09,50.899221186712786,False,-0.6450402223885021,True
228,17,1,1,-3.5,-3.5,8,1/2,0.5,24,5.450101906451544e-27,0.0,-0.0003273069588235558,5.431498764175327e-09,51.043062240793645,False,-0.5011991683076431,True
229,17,1,1,-3.5,-3.5,9,1/sqrt(3),0.5773502691896258,24,5.0108328858161566e-27,0.0,-0.0003009265700313065,4.99372912542833e-09,51.12709441005845,False,-0.41716699904284127,True
230,17,1,1,-3.5,-3.5,10,1/sqrt(2),0.7071067811865475,24,4.1713274086007926e-27,0.0,-0.00025050990087915485,4.157089179922715e-09,51.31046226135076,False,-0.23379914775053123,True
231,17,1,1,-3.5,-3.5,11,sqrt(2/3),0.816496580927726,24,3.3017311031901976e-27,0.0,-0.00019828612102813632,3.2904611169542067e-09,51.54424967397723,False,-1.1735124061829083e-05,True
232,18,1,2,-3.5,-3.0,0,-1,-1.0,26,1.0900267770147307e-26,1.9173899450738107e-23,0.352925739053052,5.8566298816325645e-06,50.2876309576454,False,-1.2566304514558908,True
233,18,1,2,-3.5,-3.0,1,-sqrt(2/3),-0.816496580927726,48,1.0388179881686733e-26,1.9173899450738107e-23,0.37038632345732747,6.1463797328256935e-06,50.32943497704132,False,-1.214826432059965,True
234,18,1,2,-3.5,-3.0,2,-1/sqrt(2),-0.7071067811865475,48,1.007053429176128e-26,1.9173899450738107e-23,0.38210783243961477,6.340892436681417e-06,50.35607964038985,False,-1.1881817687114378,True
235,18,1,2,-3.5,-3.0,3,-1/sqrt(3),-0.5773502691896258,48,9.680242590056548e-27,1.9173899450738107e-23,0.39756162444286974,6.597340550309061e-06,50.389582016744846,False,-1.1546793923564422,True
236,18,1,2,-3.5,-3.0,4,-1/2,-0.5,48,9.439908797054488e-27,1.9173899450738107e-23,0.407712512759684,6.765789573043651e-06,50.410635535978216,False,-1.1336258731230728,True
237,18,1,2,-3.5,-3.0,5,-1/3,-0.3333333333333333,24,8.900031365598564e-27,1.9173899450738107e-23,0.4325112354644407,7.177312237297859e-06,50.45910881593245,False,-1.0851525931688357,True
238,18,1,2,-3.5,-3.0,6,0,0.0,192,7.707653257153005e-27,1.9173899450738107e-23,0.49957525132695835,8.29020675254788e-06,50.57169512068203,False,-0.9725662884192587,True
239,18,1,2,-3.5,-3.0,7,1/3,0.3333333333333333,24,6.29327253155021e-27,1.9173899450738107e-23,0.6120411987958867,1.015652409845739e-05,50.711918176076345,False,-0.8323432330249432,True
240,18,1,2,-3.5,-3.0,8,1/2,0.5,48,5.4501338853551034e-27,1.9173899450738107e-23,0.706833404707487,1.1729554354559772e-05,50.79324969579159,False,-0.7510117133097012,True
241,18,1,2,-3.5,-3.0,9,1/sqrt(3),0.5773502691896258,48,5.010862287337173e-27,1.9173899450738107e-23,0.7688522326383689,1.2758726445715276e-05,50.83152170994594,False,-0.7127396991553496,True
242,18,1,2,-3.5,-3.0,10,1/sqrt(2),0.7071067811865475,48,4.1713518843970416e-27,1.9173899450738107e-23,0.9236994871723133,1.5328340836622424e-05,50.883846053816676,False,-0.6604153552846128,True
243,18,1,2,-3.5,-3.0,11,sqrt(2/3),0.816496580927726,48,3.301750476750428e-27,1.9173899450738107e-23,1.1670978468874995,1.9367417472044672e-05,50.86318513385065,False,-0.6810762752506392,True
244,18,1,2,-3.5,-3.0,12,1,1.0,26,6.395718852408288e-32,1.9173899450738107e-23,60260.94417924366,1.0000008707851664,-1815690634.2909672,True,-1815690685.8352287,False
245,19,1,3,-3.5,-2.5,0,-1,-1.0,26,1.0900331727391521e-26,3.8347798901144907e-23,0.7065019427814908,1.1724053906149233e-05,50.10033088123573,False,-1.443930527865561,True
246,19,1,3,-3.5,-2.5,1,-sqrt(2/3),-0.816496580927726,48,1.0388240834313068e-26,3.8347798901144907e-23,0.7413921536882462,1.2303039877309158e-05,50.12319096108724,False,-1.4210704480140492,True
247,19,1,3,-3.5,-2.5,2,-1/sqrt(2),-0.7071067811865475,48,1.0070593380639393e-26,3.8347798901144907e-23,0.7648159581651955,1.269174644659851e-05,50.136605245779045,False,-1.407656163322244,True
248,19,1,3,-3.5,-2.5,3,-1/sqrt(3),-0.5773502691896258,48,9.680299388945576e-27,3.8347798901144907e-23,0.7956999221846974,1.3204250711731436e-05,50.152034588787735,False,-1.392226820313553,True
249,19,1,3,-3.5,-2.5,4,-1/2,-0.5,48,9.43996418581523e-27,3.8347798901144907e-23,0.8159871466553871,1.3540907271179962e-05,50.16082690326228,False,-1.3834345058390056,True
250,19,1,3,-3.5,-2.5,5,-1/3,-0.3333333333333333,24,8.900083586699595e-27,3.8347798901144907e-23,0.8655518791689176,1.4363409745192584e-05,50.17804590506597,False,-1.366215504035317,True
251,19,1,3,-3.5,-2.5,6,0,0.0,192,7.707698482152125e-27,3.8347798901144907e-23,0.999607516627806,1.6587997428283073e-05,50.196869375374455,False,-1.347392033726834,True
252,19,1,3,-3.5,-2.5,7,1/3,0.3333333333333333,24,6.2933094579323534e-27,3.8347798901144907e-23,1.224453152288407,2.0319200689620145e-05,50.14956676193458,False,-1.394694647166709,True
253,19,1,3,-3.5,-2.5,8,1/2,0.5,48,5.4501658648215596e-27,3.8347798901144907e-23,1.413985817670136,2.3464402494958692e-05,50.043372612879985,False,-1.5008887962213038,True
254,19,1,3,-3.5,-2.5,9,1/sqrt(3),0.5773502691896258,48,5.010891689502003e-27,3.8347798901144907e-23,1.5379963655884445,2.5522296834217458e-05,49.94436630981236,False,-1.5998950992889291,True
255,19,1,3,-3.5,-2.5,10,1/sqrt(2),0.7071067811865475,48,4.171376361030296e-27,3.8347798901144907e-23,1.8476386411967352,3.066065882733811e-05,49.603566283119505,False,-1.940695125981783,True
256,19,1,3,-3.5,-2.5,11,sqrt(2/3),0.816496580927726,48,3.301769851435872e-27,3.8347798901144907e-23,2.334380280559098,3.8737898071415816e-05,48.81957231083686,False,-2.7246890982644274,True
257,19,1,3,-3.5,-2.5,12,1,1.0,26,1.279144630446954e-31,3.8347798901144907e-23,60260.90366545786,1.0000001984787223,-1815688193.5859509,True,-1815688245.1302123,False
258,20,1,4,-3.5,-2.0,0,-1,-1.0,26,1.0900395684635738e-26,5.752169835188301e-23,1.0600739973529238,1.7591409077436413e-05,49.788019071439535,False,-1.756242337661753,True
259,20,1,4,-3.5,-2.0,1,-sqrt(2/3),-0.816496580927726,48,1.0388301786975532e-26,5.752169835188301e-23,1.112393630220698,1.8459627774297712e-05,49.779306462134706,False,-1.7649549469665828,True
260,20,1,4,-3.5,-2.0,2,-1/sqrt(2),-0.7071067811865475,48,1.0070652469576992e-26,5.752169835188301e-23,1.1475195928620292,1.904252593009191e-05,49.77067049525393,False,-1.7735909138473573,True
261,20,1,4,-3.5,-2.0,3,-1/sqrt(3),-0.5773502691896258,48,9.680356187923901e-27,5.752169835188301e-23,1.193833547818846,1.9811083341813882e-05,49.75597863445687,False,-1.788282774644415,True
262,20,1,4,-3.5,-2.0,4,-1/2,-0.5,48,9.4400195746843e-27,5.752169835188301e-23,1.224256989489145,2.0315945463988527e-05,49.744335959389176,False,-1.7999254497121129,True
263,20,1,4,-3.5,-2.0,5,-1/3,-0.3333333333333333,24,8.900135807953824e-27,5.752169835188301e-23,1.2985874411698988,2.1549422924705297e-05,49.70946539416597,False,-1.8347960149353213,True
264,20,1,4,-3.5,-2.0,6,0,0.0,192,7.707743707416593e-27,5.752169835188301e-23,1.4996339140312436,2.488569072913309e-05,49.57202016344016,False,-1.972241245661131,True
265,20,1,4,-3.5,-2.0,7,1/3,0.3333333333333333,24,6.293346384747809e-27,5.752169835188301e-23,1.836857918977164,3.0481758019292407e-05,49.212180148141094,False,-2.3320812609601944,True
266,20,1,4,-3.5,-2.0,8,1/2,0.5,48,5.450197844850903e-27,5.752169835188301e-23,2.121129931880541,3.5199112921626375e-05,48.79344859750685,False,-2.750812811594436,True
267,20,1,4,-3.5,-2.0,9,1/sqrt(3),0.5773502691896258,48,5.010921092310637e-27,5.752169835188301e-23,2.3071314721692042,3.828571743453927e-05,48.46564903739467,False,-3.078612371706619,True
268,20,1,4,-3.5,-2.0,10,1/sqrt(2),0.7071067811865475,48,4.1714008385005416e-27,5.752169835188301e-23,2.7715669518390227,4.599279687743515e-05,47.46965300513511,False,-4.074608403966181,True
269,20,1,4,-3.5,-2.0,11,sqrt(2/3),0.816496580927726,48,3.301789227246511e-27,5.752169835188301e-23,3.5016490139818957,5.810815132186441e-05,45.413459181114995,False,-6.130802227986294,True
270,20,1,4,-3.5,-2.0,12,1,1.0,26,1.9187173756528864e-31,5.752169835188301e-23,60260.890161225274,0.999999974382593,-1815687380.2142484,True,-1815687431.7585099,False
271,21,1,5,-3.5,-1.5,0,-1,-1.0,26,1.0900459641879955e-26,7.669559780228981e-23,1.413641902828167,2.345869539650331e-05,49.35069992924874,False,-2.193561479852548,True
272,21,1,5,-3.5,-1.5,1,-sqrt(2/3),-0.816496580927726,48,1.0388362739674125e-26,7.669559780228981e-23,1.483390753114626,2.4616143424786075e-05,49.29778632578046,False,-2.2464750833208313,True
273,21,1,5,-3.5,-1.5,2,-1/sqrt(2),-0.7071067811865475,48,1.0070711558574071e-26,7.669559780228981e-23,1.530218736589161,2.5393230888141453e-05,49.25828054492324,False,-2.2859808641780504,True
274,21,1,5,-3.5,-1.5,3,-1/sqrt(3),-0.5773502691896258,48,9.680412986991519e-27,7.669559780228981e-23,1.5919625014027785,2.6417838441509975e-05,49.20141973403028,False,-2.342841675071007,True
275,21,1,5,-3.5,-1.5,4,-1/2,-0.5,48,9.440074963661696e-27,7.669559780228981e-23,1.6325220413171275,2.709090415240146e-05,49.16116857240553,False,-2.3830928366957593,True
276,21,1,5,-3.5,-1.5,5,-1/3,-0.3333333333333333,24,8.900188029361249e-27,7.669559780228981e-23,1.7316179215195078,2.8735351776700975e-05,49.05337388481717,False,-2.490887524284119,True
277,21,1,5,-3.5,-1.5,6,0,0.0,192,7.707788932946403e-27,7.669559780228981e-23,1.9996544435716401,3.318328665566828e-05,48.697156287121224,False,-2.8471051219800643,True
278,21,1,5,-3.5,-1.5,7,1/3,0.3333333333333333,24,6.2933833119965656e-27,7.669559780228981e-23,2.4492554988410107,4.064419608712325e-05,47.89977153844633,False,-3.644489870654958,True
279,21,1,5,-3.5,-1.5,8,1/2,0.5,48,5.4502298254431215e-27,7.669559780228981e-23,2.828265747241256,4.693368563294576e-05,47.043495255189214,False,-4.500766153912075,True
280,21,1,5,-3.5,-1.5,9,1/sqrt(3),0.5773502691896258,48,5.0109504957630606e-27,7.669559780228981e-23,3.076257552216515,5.104898824395701e-05,46.395390720690365,False,-5.148870688410923,True
281,21,1,5,-3.5,-1.5,10,1/sqrt(2),0.7071067811865475,48,4.171425316807762e-27,7.669559780228981e-23,3.695484418701989,6.13247549803224e-05,44.4821362768545,False,-7.062125132246791,True
282,21,1,5,-3.5,-1.5,11,sqrt(2/3),0.816496580927726,48,3.3018086041823206e-27,7.669559780228981e-23,4.6689040461634255,7.747817720692095e-05,40.64489372493498,False,-10.899367684166307,True
283,21,1,5,-3.5,-1.5,12,1,1.0,26,2.5582896908763753e-31,7.669559780228981e-23,60260.89353714761,1.0000000304043717,-1815687583.938021,True,-1815687635.4822824,False
284,22,1,6,-3.5,-1.0,0,-1,-1.0,26,1.090052359912417e-26,9.586949725302793e-23,1.7672056592924712,2.932591286476463e-05,48.78837785547445,False,-2.7558835536268376,True
285,22,1,6,-3.5,-1.0,1,-sqrt(2/3),-0.816496580927726,48,1.0388423692408845e-26,9.586949725302793e-23,1.8543835224556136,3.0772586830194473e-05,48.678635397427904,False,-2.8656260116733847,True
286,22,1,6,-3.5,-1.0,2,-1/sqrt(2),-0.7071067811865475,48,1.007077064763063e-26,9.586949725302793e-23,1.9129133894320864,3.1743861322165884e-05,48.59944055069419,False,-2.9448208584070983,True
287,22,1,6,-3.5,-1.0,3,-1/sqrt(3),-0.5773502691896258,48,9.68046978614843e-27,9.586949725302793e-23,1.9900867830214755,3.3024516012229915e-05,48.48836346757424,False,-3.05589794152705,True
288,22,1,6,-3.5,-1.0,4,-1/2,-0.5,48,9.440130352747415e-27,9.586949725302793e-23,2.0407823022237217,3.386578333781912e-05,48.41133061013979,False,-3.132930798961496,True
289,22,1,6,-3.5,-1.0,5,-1/3,-0.3333333333333333,24,8.900240250921866e-27,9.586949725302793e-23,2.164643320299798,3.592119630254125e-05,48.20977797837177,False,-3.33448343072952,True
290,22,1,6,-3.5,-1.0,6,0,0.0,192,7.707834158741553e-27,9.586949725302793e-23,2.4996691053179254,4.148078520903249e-05,47.57228654840131,False,-3.97197486069998,True
291,22,1,6,-3.5,-1.0,7,1/3,0.3333333333333333,24,6.293420239678618e-27,9.586949725302793e-23,3.0616458919011293,5.080651489346418e-05,46.21235413636799,False,-5.331907272733297,True
292,22,1,6,-3.5,-1.0,8,1/2,0.5,48,5.450261806598208e-27,9.586949725302793e-23,3.5353932637037206,5.8668120628111024e-05,44.79353019134027,False,-6.750731217761022,True
293,22,1,6,-3.5,-1.0,9,1/sqrt(3),0.5773502691896258,48,5.010979899859264e-27,9.586949725302793e-23,3.8453746056194205,6.38121092606294e-05,43.73361218775299,False,-7.810649221348299,True
294,22,1,6,-3.5,-1.0,10,1/sqrt(2),0.7071067811865475,48,4.171449795951945e-27,9.586949725302793e-23,4.619391041452339,7.665653313046899e-05,40.64104615608868,False,-10.903215253012611,True
295,22,1,6,-3.5,-1.0,11,sqrt(2/3),0.816496580927726,48,3.301827982243285e-27,9.586949725302793e-23,5.83614537619197,9.684797571145594e-05,34.51392392614619,False,-17.030337482955098,True
296,22,1,6,-3.5,-1.0,12,1,1.0,26,3.197862178092834e-31,9.586949725302793e-23,60260.89232185192,1.0000000102371347,-1815687510.9263613,True,-1815687562.4706228,False
297,23,1,7,-3.5,-0.5,0,-1,-1.0,26,1.0900587556368387e-26,1.1504339670343472e-22,2.1207652668066483,3.519306148322951e-05,48.10105725080736,False,-3.4432041582939306,True
298,23,1,7,-3.5,-0.5,1,-sqrt(2/3),-0.816496580927726,48,1.038848464517969e-26,1.1504339670343472e-22,2.2253719383036006,3.6928957991517565e-05,47.92185852235364,False,-3.6224028867476505,True
299,23,1,7,-3.5,-0.5,2,-1/sqrt(2),-0.7071067811865475,48,1.007082973674667e-26,1.1504339670343472e-22,2.295603551449848,3.8094417233144984e-05,47.794155668343386,False,-3.7501057407579026,True
300,23,1,7,-3.5,-0.5,3,-1/sqrt(3),-0.5773502691896258,48,9.680526585394632e-27,1.1504339670343472e-22,2.388206392732397,3.9631116054927245e-05,47.61681541501992,False,-3.927445994081367,True
301,23,1,7,-3.5,-0.5,4,-1/2,-0.5,48,9.440185741941456e-27,1.1504339670343472e-22,2.449037772265095,4.064058302117358e-05,47.49482794028284,False,-4.0494334688184495,True
302,23,1,7,-3.5,-0.5,5,-1/3,-0.3333333333333333,24,8.900292472635673e-27,1.1504339670343472e-22,2.5976636375628925,4.3106956503091064e-05,47.17868427604011,False,-4.36557713306118,True
303,23,1,7,-3.5,-0.5,6,0,0.0,192,7.707879384802033e-27,1.1504339670343472e-22,2.9996778993044715,4.977818638979611e-05,46.19741974912657,False,-5.3468416599747215,True
304,23,1,7,-3.5,-0.5,7,1/3,0.3333333333333333,24,6.2934571677939575e-27,1.1504339670343472e-22,3.6740290981363843,6.096871443796445e-05,44.1499411453724,False,-7.394320263728886,True
305,23,1,7,-3.5,-0.5,8,1/2,0.5,48,5.4502937883161504e-27,1.1504339670343472e-22,4.242512481170514,7.040241790550548e-05,42.04357101151127,False,-9.50069039759002,True
306,23,1,7,-3.5,-0.5,9,1/sqrt(3),0.5773502691896258,48,5.011009304599235e-27,1.1504339670343472e-22,4.614482632213821,7.657508048183329e-05,40.48033426697822,False,-11.06392714212307,True
307,23,1,7,-3.5,-0.5,10,1/sqrt(2),0.7071067811865475,48,4.171474275933072e-27,1.1504339670343472e-22,5.543286819692957,9.198813132128502e-05,35.94641270188136,False,-15.597848707219931,True
308,23,1,7,-3.5,-0.5,11,sqrt(2/3),0.816496580927726,48,3.301847361429383e-27,1.1504339670343472e-22,7.00337300307522,0.00011621754681900247,27.020597772855982,False,-24.523663636245306,True
309,23,1,7,-3.5,-0.5,12,1,1.0,26,3.8374346079783016e-31,1.1504339670343472e-22,60260.89241177326,1.0000000117293353,-1815687516.5274231,True,-1815687568.0716846,False
310,24,1,8,-3.5,0.0,0,-1,-1.0,26,1.0900651513612605e-26,1.3421729615417284e-22,2.474320725455947,4.106014125331261e-05,47.28874251574007,False,-4.25551889336122,True
311,24,1,8,-3.5,0.0,1,-sqrt(2/3),-0.816496580927726,48,1.0388545597986661e-26,1.3421729615417284e-22,2.596356000744169,4.3085256910175545e-05,47.02746054562187,False,-4.516800863479418,True
312,24,1,8,-3.5,0.0,2,-1/sqrt(2),-0.7071067811865475,48,1.0070888825922191e-26,1.3421729615417284e-22,2.6782892227279373,4.444489862249747e-05,46.84243105342566,False,-4.701830355675625,True
313,24,1,8,-3.5,0.0,3,-1/sqrt(3),-0.5773502691896258,48,9.680583384730124e-27,1.3421729615417284e-22,2.7863213306205226,4.623763857101213e-05,46.58678115606485,False,-4.957480253036437,True
314,24,1,8,-3.5,0.0,4,-1/2,-0.5,48,9.440241131243818e-27,1.3421729615417284e-22,2.857288451525634,4.7415303203865185e-05,46.41166643028437,False,-5.132594978816918,True
315,24,1,8,-3.5,0.0,5,-1/3,-0.3333333333333333,24,8.900344694502668e-27,1.3421729615417284e-22,3.0306788733908436,5.029263237971206e-05,45.96009937877407,False,-5.584162030327221,True
316,24,1,8,-3.5,0.0,6,0,0.0,192,7.707924611127845e-27,1.3421729615417284e-22,3.4996808256002105,5.807549019910303e-05,44.572564690850164,False,-6.971696718251124,True
317,24,1,8,-3.5,0.0,7,1/3,0.3333333333333333,24,6.293494096342577e-27,1.3421729615417284e-22,4.286405117567972,7.113079472097583e-05,41.71254576864127,False,-9.831715640460018,True
318,24,1,8,-3.5,0.0,8,1/2,0.5,48,5.45032577059694e-27,1.3421729615417284e-22,4.9496233995931025,8.213657746432376e-05,38.79363532108041,False,-12.75062608802088,True
319,24,1,8,-3.5,0.0,9,1/sqrt(3),0.5773502691896258,48,5.0110387099829636e-27,1.3421729615417284e-22,5.383581631888794,8.933790190572799e-05,36.635577786735844,False,-14.908683622365444,True
320,24,1,8,-3.5,0.0,10,1/sqrt(2),0.7071067811865475,48,4.171498756751132e-27,1.3421729615417284e-22,6.467171753090618,0.00010731954954724074,30.398265973977857,False,-21.14599543512343,True
321,24,1,8,-3.5,0.0,11,sqrt(2/3),0.816496580927726,48,3.301866741740594e-27,1.3421729615417284e-22,8.170586925901619,0.00013558689051443374,18.164963256581615,False,-33.379298152519674,True
322,24,1,8,-3.5,0.0,12,1,1.0,26,4.477007005103203e-31,1.3421729615417284e-22,60260.89291711046,1.0000000201151586,-1815687547.1336446,True,-1815687598.677906,False
323,25,1,9,-3.5,0.5,0,-1,-1.0,26,1.0900715470856822e-26,1.5339119560491093e-22,2.8278720353072844,4.6927152176124397e-05,46.35143805064484,False,-5.192823358456451,True
324,25,1,9,-3.5,0.5,1,-sqrt(2/3),-0.816496580927726,48,1.0388606550829757e-26,1.5339119560491093e-22,2.9673357098436646,4.9241483587269396e-05,45.995446312170046,False,-5.548815096931243,True
325,25,1,9,-3.5,0.5,2,-1/sqrt(2),-0.7071067811865475,48,1.0070947915157187e-26,1.5339119560491093e-22,3.0609704033320075,5.0795305491312786e-05,45.74427186136525,False,-5.79998954773604,True
326,25,1,9,-3.5,0.5,3,-1/sqrt(3),-0.5773502691896258,48,9.680640184154906e-27,1.5339119560491093e-22,3.1844315967501875,5.2844083561552206e-05,45.398266270271485,False,-6.145995138829804,True
327,25,1,9,-3.5,0.5,4,-1/2,-0.5,48,9.440296520654498e-27,1.5339119560491093e-22,3.2655343400685557,5.418994388694301e-05,45.16185194745652,False,-6.3824094616447695,True
328,25,1,9,-3.5,0.5,5,-1/3,-0.3333333333333333,24,8.90039691652285e-27,1.5339119560491093e-22,3.4636890278432544,5.7478223933393293e-05,44.554029887383734,False,-6.990231521717554,True
329,25,1,9,-3.5,0.5,6,0,0.0,192,7.70796983771898e-27,1.5339119560491093e-22,3.9996778842481566,6.637269663766706e-05,42.6977301749878,False,-8.846531234113492,True
330,25,1,9,-3.5,0.5,7,1/3,0.3333333333333333,24,6.29353102532447e-27,1.5339119560491093e-22,4.898773950185347,8.129275574232332e-05,38.90018120930493,False,-12.644080199796356,True
331,25,1,9,-3.5,0.5,8,1/2,0.5,48,5.4503577534405674e-27,1.5339119560491093e-22,5.656726018886301,9.387059930315228e-05,35.043740725563865,False,-16.500520683537424,True
332,25,1,9,-3.5,0.5,9,1/sqrt(3),0.5773502691896258,48,5.0110681160104384e-27,1.5339119560491093e-22,6.152671604493562,0.0001021005735298114,32.199363575737664,False,-19.344897833363625,True
333,25,1,9,-3.5,0.5,10,1/sqrt(2),0.7071067811865475,48,4.171523238406112e-27,1.5339119560491093e-22,7.391045841264228,0.0001226507878020121,23.996636033355898,False,-27.54762537574539,True
334,25,1,9,-3.5,0.5,11,sqrt(2/3),0.816496580927726,48,3.301886123176902e-27,1.5339119560491093e-22,9.337787143699169,0.0001549560067816199,7.947068373097281,False,-43.59719303600401,True
335,25,1,9,-3.5,0.5,12,1,1.0,26,5.116579596743962e-31,1.5339119560491093e-22,60260.89100518754,0.9999999883877337,-1815687432.0529957,True,-1815687483.5972571,False
336,26,1,10,-3.5,1.0,0,-1,-1.0,26,1.0900779428101036e-26,1.7256509505531774e-22,3.181419196427579,5.279409425277533e-05,45.28914825574762,False,-6.255113153353669,True
337,26,1,10,-3.5,1.0,1,-sqrt(2/3),-0.816496580927726,48,1.0388667503708976e-26,1.7256509505531774e-22,3.3383110656684343,5.5397638023900116e-05,44.82582066678028,False,-6.7184407423210075,True
338,26,1,10,-3.5,1.0,2,-1/sqrt(2),-0.7071067811865475,48,1.0071007004451663e-26,1.7256509505531774e-22,3.4436470933277104,5.714563784068042e-05,44.49968324742537,False,-7.044578161675922,True
339,26,1,10,-3.5,1.0,3,-1/sqrt(3),-0.5773502691896258,48,9.680696983668971e-27,1.7256509505531774e-22,3.582537191185734,5.9450451027615194e-05,44.051276337034324,False,-7.492985072066965,True
340,26,1,10,-3.5,1.0,4,-1/2,-0.5,48,9.440351910173492e-27,1.7256509505531774e-22,3.673775437957085,6.096450507145622e-05,43.745390358939346,False,-7.798871050161942,True
341,26,1,10,-3.5,1.0,5,-1/3,-0.3333333333333333,24,8.900449138696212e-27,1.7256509505531774e-22,3.8966941009797322,6.466373116512394e-05,42.96048240249844,False,-8.583779006602846,True
342,26,1,10,-3.5,1.0,6,0,0.0,192,7.708015064575434e-27,1.7256509505531774e-22,4.499669075291326,7.466980570620203e-05,40.572925002765814,False,-10.971336406335475,True
343,26,1,10,-3.5,1.0,7,1/3,0.3333333333333333,24,6.293567954739625e-27,1.7256509505531774e-22,5.511135595977975,9.14545975018321e-05,35.712860670364506,False,-15.831400738736782,True
344,26,1,10,-3.5,1.0,8,1/2,0.5,48,5.4503897368470204e-27,1.7256509505531774e-22,6.363820338964951,0.00010560448342057782,30.79390483051198,False,-20.750356578589308,True
345,26,1,10,-3.5,1.0,9,1/sqrt(3),0.5773502691896258,48,5.011097522681645e-27,1.7256509505531774e-22,6.921752549877375,0.00011486309535158191,27.17171246291466,False,-24.37254894618663,True
346,26,1,10,-3.5,1.0,10,1/sqrt(2),0.7071067811865475,48,4.1715477208979915e-27,1.7256509505531774e-22,8.314909083832754,0.00013798184607927602,16.741552942048195,False,-34.802708467053094,True
347,26,1,10,-3.5,1.0,11,sqrt(2/3),0.816496580927726,48,3.3019055057382825e-27,1.7256509505531774e-22,10.504973655495975,0.00017432489560443285,-3.633038877849337,False,-55.177300286950626,True
348,26,1,10,-3.5,1.0,12,1,1.0,26,5.7561520314070125e-31,1.7256509505531774e-22,60260.891161412306,0.9999999909802072,-1815687441.5850224,True,-1815687493.129284,False
349,27,1,11,-3.5,1.5,0,-1,-1.0,26,1.0900843385345254e-26,1.9173899450605586e-22,3.53496220890207,5.8660967484679926e-05,44.10187753106335,False,-7.442383878037937,True
350,27,1,11,-3.5,1.5,1,-sqrt(2/3),-0.816496580927726,48,1.0388728456624318e-26,1.9173899450605586e-22,3.7092820683040544,6.155372022148778e-05,43.518588454008075,False,-8.025672955093214,True
351,27,1,11,-3.5,1.5,2,-1/sqrt(2),-0.7071067811865475,48,1.0071066093805611e-26,1.9173899450605586e-22,3.8263192928005347,6.3495895672019e-05,43.10867036663233,False,-8.435591042468957,True
352,27,1,11,-3.5,1.5,3,-1/sqrt(3),-0.5773502691896258,48,9.680753783272323e-27,1.9173899450605586e-22,3.9806381140121307,6.60567409706111e-05,42.54581693549784,False,-8.998444473603449,True
353,27,1,11,-3.5,1.5,4,-1/2,-0.5,48,9.440407299800802e-27,1.9173899450605586e-22,4.082011745275597,6.7738986758805e-05,42.16228753161444,False,-9.38197387748685,True
354,27,1,11,-3.5,1.5,5,-1/3,-0.3333333333333333,24,8.900501361022752e-27,1.9173899450605586e-22,4.329694092882323,7.184915407626552e-05,41.179463524469696,False,-10.364797884631592,True
355,27,1,11,-3.5,1.5,6,0,0.0,192,7.708060291697201e-27,1.9173899450605586e-22,4.999654398798655,8.296681740585189e-05,38.19815797509166,False,-13.346103434009628,True
356,27,1,11,-3.5,1.5,7,1/3,0.3333333333333333,24,6.293604884588037e-27,1.9173899450605586e-22,6.123490054967069,0.00010161631999985421,32.15059735449762,False,-19.39366405460367,True
357,27,1,11,-3.5,1.5,8,1/2,0.5,48,5.450421720816292e-27,1.9173899450605586e-22,7.070906359780544,0.00011733822981579546,26.044145241250146,False,-25.500116167851143,True
358,27,1,11,-3.5,1.5,9,1/sqrt(3),0.5773502691896258,48,5.011126929996575e-27,1.9173899450605586e-22,7.690824467929354,0.00012762546736919955,21.552645277110475,False,-29.991616131990813,True
359,27,1,11,-3.5,1.5,10,1/sqrt(2),0.7071067811865475,48,4.171572204226757e-27,1.9173899450605586e-22,9.238761480463069,0.00015331272437350447,8.633046762700054,False,-42.911214646401234,True
360,27,1,11,-3.5,1.5,11,sqrt(2/3),0.816496580927726,48,3.301924889424715e-27,1.9173899450605586e-22,11.672146460380715,0.0001936935569677496,-16.57531049324352,False,-68.1195719023448,True
361,27,1,11,-3.5,1.5,12,1,1.0,26,6.395724356185668e-31,1.9173899450605586e-22,60260.89232183271,1.0000000102368158,-1815687511.6183507,True,-1815687563.1626122,False
362,28,1,12,-3.5,2.0,0,-1,-1.0,26,1.0900907342589471e-26,2.1091289395646265e-22,3.8885010727915623,6.452777187284721e-05,42.78963027652978,False,-8.754631132571511,True
363,28,1,12,-3.5,2.0,1,-sqrt(2/3),-0.816496580927726,48,1.0388789409575782e-26,2.1091289395646265e-22,4.0802487178104565,6.770973018102696e-05,42.07375451832973,False,-9.47050689077156,True
364,28,1,12,-3.5,2.0,2,-1/sqrt(2),-0.7071067811865475,48,1.0071125183219036e-26,2.1091289395646265e-22,4.208987001809513,6.984607898630816e-05,41.571238373932495,False,-9.973023035168794,True
365,28,1,12,-3.5,2.0,3,-1/sqrt(3),-0.5773502691896258,48,9.680810582964958e-27,2.1091289395646265e-22,4.378734365286836,7.266295339149341e-05,40.88189364472616,False,-10.662367764375126,True
366,28,1,12,-3.5,2.0,4,-1/2,-0.5,48,9.440462689536423e-27,2.1091289395646265e-22,4.49024326208026,7.451338894992142e-05,40.41254933228344,False,-11.131712076817848,True
367,28,1,12,-3.5,2.0,5,-1/3,-0.3333333333333333,24,8.900553583502472e-27,2.1091289395646265e-22,4.762689003603151,7.903449266768297e-05,39.210979853571935,False,-12.333281555529354,True
368,28,1,12,-3.5,2.0,6,0,0.0,192,7.70810551908428e-27,2.1091289395646265e-22,5.499633854804519,9.126373173718709e-05,35.5734378928217,False,-15.970823516279587,True
369,28,1,12,-3.5,2.0,7,1/3,0.3333333333333333,24,6.293641814869699e-27,2.1091289395646265e-22,6.73583732713152,0.00011177792323603932,28.213404464460016,False,-23.330856944641273,True
370,28,1,12,-3.5,2.0,8,1/2,0.5,48,5.45045370534837e-27,2.1091289395646265e-22,7.7779840812357275,0.00012907183848718964,20.794479563414253,False,-30.749781845687036,True
371,28,1,12,-3.5,2.0,9,1/sqrt(3),0.5773502691896258,48,5.011156337955217e-27,2.1091289395646265e-22,8.459887358485489,0.0001403876895799426,15.342182847714845,False,-36.20207856138644,True
372,28,1,12,-3.5,2.0,10,1/sqrt(2),0.7071067811865475,48,4.171596688392397e-27,2.1091289395646265e-22,10.162603030758225,0.00016864342267811024,-0.32885244051642104,False,-51.87311384961771,True
373,28,1,12,-3.5,2.0,11,sqrt(2/3),0.816496580927726,48,3.301944274236185e-27,2.1091289395646265e-22,12.839305557361456,0.00021306199085510956,-30.879698465344525,False,-82.42395987444581,True
374,28,1,12,-3.5,2.0,12,1,1.0,26,7.035296835584263e-31,2.1091289395646265e-22,60260.891946773874,1.000000004012898,-1815687489.1122808,True,-1815687540.6565423,False
375,29,1,13,-3.5,2.5,0,-1,-1.0,26,1.0900971299833689e-26,2.3008679340720074e-22,4.242035788181297,7.039450741869172e-05,41.35241089184341,False,-10.191850517257876,True
376,29,1,13,-3.5,2.5,1,-sqrt(2/3),-0.816496580927726,48,1.0388850362563368e-26,2.3008679340720074e-22,4.451211014273214,7.386566790393767e-05,40.49132370396161,False,-11.052937705139676,True
377,29,1,13,-3.5,2.5,2,-1/sqrt(2),-0.7071067811865475,48,1.0071184272691934e-26,2.3008679340720074e-22,4.591650220440136,7.619618778496653e-05,39.88739242399985,False,-11.65686898510144,True
378,29,1,13,-3.5,2.5,3,-1/sqrt(3),-0.5773502691896258,48,9.680867382746874e-27,2.3008679340720074e-22,4.7768259450948225,7.926908829167222e-05,39.05951204349506,False,-12.484749365606227,True
379,29,1,13,-3.5,2.5,4,-1/2,-0.5,48,9.440518079380356e-27,2.3008679340720074e-22,4.898469988455453,8.128771164620569e-05,38.496181627449225,False,-13.048079781652064,True
380,29,1,13,-3.5,2.5,5,-1/3,-0.3333333333333333,24,8.900605806135364e-27,2.3008679340720074e-22,5.195678833224263,8.621974694073788e-05,37.05503798975641,False,-14.489223419344881,True
381,29,1,13,-3.5,2.5,6,0,0.0,192,7.708150746736662e-27,2.3008679340720074e-22,5.999607443377859,9.956054870135169e-05,32.698773556432876,False,-18.845487852668413,True
382,29,1,13,-3.5,2.5,7,1/3,0.3333333333333333,24,6.293678745584602e-27,2.3008679340720074e-22,7.34817741249256,0.00012193940721073974,23.90129520259309,False,-27.6429662065082,True
383,29,1,13,-3.5,2.5,8,1/2,0.5,48,5.450485690443245e-27,2.3008679340720074e-22,8.485053503282018,0.00014080530943395584,15.044925402294218,False,-36.49933600680707,True
384,29,1,13,-3.5,2.5,9,1/sqrt(3),0.5773502691896258,48,5.0111857465575595e-27,2.3008679340720074e-22,9.22894122143494,0.00015314976198197182,8.540346003886839,False,-43.00391540521445,True
385,29,1,13,-3.5,2.5,10,1/sqrt(2),0.7071067811865475,48,4.1716211733948946e-27,2.3008679340720074e-22,11.08643373438517,0.00018397394098756655,-10.14411460302368,False,-61.68837601212497,True
386,29,1,13,-3.5,2.5,11,sqrt(2/3),0.816496580927726,48,3.30196366017267e-27,2.3008679340720074e-22,14.006450945527037,0.00023243019725139243,-46.546154783475664,False,-98.09041619257695,True
387,29,1,13,-3.5,2.5,12,1,1.0,26,7.67486928762034e-31,2.3008679340720074e-22,60260.891849153704,1.0000000023929392,-1815687483.3166137,True,-1815687534.8608751,False
388,30,1,14,-3.5,3.0,0,-1,-1.0,26,1.0901035257077905e-26,2.4926069285760756e-22,4.595566355132072,7.626117412322237e-05,39.79022377664088,False,-11.75403763246041,True
389,30,1,14,-3.5,3.0,1,-sqrt(2/3),-0.816496580927726,48,1.0388911315587077e-26,2.4926069285760756e-22,4.822168957752257,8.00215333912144e-05,38.77130085505995,False,-12.77296055404134,True
390,30,1,14,-3.5,3.0,2,-1/sqrt(2),-0.7071067811865475,48,1.0071243362224304e-26,2.4926069285760756e-22,4.974308948751433,8.254622206897374e-05,38.05713767144866,False,-13.487123737652631,True
391,30,1,14,-3.5,3.0,3,-1/sqrt(3),-0.5773502691896258,48,9.680924182618068e-27,2.4926069285760756e-22,5.174912853493542,8.587514567210091e-05,37.07867771052191,False,-14.46558369857938,True
392,30,1,14,-3.5,3.0,4,-1/2,-0.5,48,9.440573469332595e-27,2.4926069285760756e-22,5.306691924457336,8.806195484858981e-05,36.41319028355778,False,-15.131071125543507,True
393,30,1,14,-3.5,3.0,5,-1/3,-0.3333333333333333,24,8.900658028921428e-27,2.4926069285760756e-22,5.628663581797779,9.340491689629511e-05,34.71164453292324,False,-16.83261687617805,True
394,30,1,14,-3.5,3.0,6,0,0.0,192,7.708195974654346e-27,2.4926069285760756e-22,6.499575164553054,0.00010785726829891617,29.57417376638565,False,-21.97008764271564,True
395,30,1,14,-3.5,3.0,7,1/3,0.3333333333333333,24,6.29371567673274e-27,2.4926069285760756e-22,7.9605103110290845,0.00013210077192360534,19.21428277136826,False,-32.32997863773303,True
396,30,1,14,-3.5,3.0,8,1/2,0.5,48,5.450517676100908e-27,2.4926069285760756e-22,9.192114625822084,0.00015253864265447884,8.795500363559498,False,-42.74876104554179,True
397,30,1,14,-3.5,3.0,9,1/sqrt(3),0.5773502691896258,48,5.011215155803591e-27,2.4926069285760756e-22,9.997986056613733,0.00016591168457256604,1.1471555754132652,False,-50.39710583368802,True
398,30,1,14,-3.5,3.0,10,1/sqrt(2),0.7071067811865475,48,4.171645659234236e-27,2.4926069285760756e-22,12.010253590947036,0.00019930427929528745,-20.812709658599758,False,-72.35697106770104,True
399,30,1,14,-3.5,3.0,11,sqrt(2/3),0.816496580927726,48,3.301983047234148e-27,2.4926069285760756e-22,15.173582623885709,0.00025179817614014063,-63.57463143204731,False,-115.11889284114861,True
400,30,1,14,-3.5,3.0,12,1,1.0,26,8.314441718608325e-31,2.4926069285760756e-22,60260.89191902238,1.0000000035523757,-1815687487.6070054,True,-1815687539.1512668,False
401,31,1,15,-3.5,3.5,0,-1,-1.0,26,1.090109921432212e-26,2.6843459230834567e-22,4.949092773729126,8.212777198785366e-05,38.10307333030026,False,-13.441188078801027,True
402,31,1,15,-3.5,3.5,1,-sqrt(2/3),-0.816496580927726,48,1.0388972268646908e-26,2.6843459230834567e-22,5.193122548333153,8.617732664427718e-05,36.913690815502,False,-14.630570593599288,True
403,31,1,15,-3.5,3.5,2,-1/sqrt(2),-0.7071067811865475,48,1.0071302451816144e-26,2.6843459230834567e-22,5.356963186828888,8.889618183974832e-05,36.080479270600634,False,-15.463782138500655,True
404,31,1,15,-3.5,3.5,3,-1/sqrt(3),-0.5773502691896258,48,9.680980982578544e-27,2.6843459230834567e-22,5.5729950905679635,9.248112553418951e-05,34.93939622421379,False,-16.6048651848875,True
405,31,1,15,-3.5,3.5,4,-1/2,-0.5,48,9.440628859393144e-27,2.6843459230834567e-22,5.714909070170288,9.483611855847395e-05,34.16358116673331,False,-17.38068024236798,True
406,31,1,15,-3.5,3.5,5,-1/3,-0.3333333333333333,24,8.90071025186066e-27,2.6843459230834567e-22,6.061643249405749,0.00010059000253571622,32.180806082623434,False,-19.363455326477855,True
407,31,1,15,-3.5,3.5,6,0,0.0,192,7.708241202837327e-27,2.6843459230834567e-22,6.999537018399044,0.00011615389053102456,26.1996473227265,False,-25.34461408637479,True
408,31,1,15,-3.5,3.5,7,1/3,0.3333333333333333,24,6.2937526083141045e-27,2.6843459230834567e-22,8.572836022762338,0.0001422620173749886,14.152380372790695,False,-37.39188103631059,True
409,31,1,15,-3.5,3.5,8,1/2,0.5,48,5.450549662321348e-27,2.6843459230834567e-22,9.899167448807471,0.00016427183814795465,2.0462220524642873,False,-49.498039356637,True
410,31,1,15,-3.5,3.5,9,1/sqrt(3),0.5773502691896258,48,5.011244565693299e-27,2.6843459230834567e-22,10.767021863911063,0.00017867345734988655,-6.837367608231638,False,-58.381629017332926,True
411,31,1,15,-3.5,3.5,10,1/sqrt(2),0.7071067811865475,48,4.1716701459104064e-27,2.6843459230834567e-22,12.934062600110831,0.00021463443759574727,-32.33460754073546,False,-83.87886894983674,True
412,31,1,15,-3.5,3.5,11,sqrt(2/3),0.816496580927726,48,3.302002435420604e-27,2.6843459230834567e-22,16.340700591526435,0.00027116592750623596,-81.96508039272271,False,-133.509341801824,True
413,31,1,15,-3.5,3.5,12,1,1.0,26,8.954014194484588e-31,2.6843459230834567e-22,60260.89167688364,0.9999999995342018,-1815687473.089617,True,-1815687524.6338785,False
414,32,1,16,-3.5,4.0,0,-1,-1.0,26,1.0901163171566337e-26,2.876084917587525e-22,5.302615044033252,8.799430101359438e-05,36.29096395215709,False,-15.253297456944196,True
415,32,1,16,-3.5,4.0,1,-sqrt(2/3),-0.816496580927726,48,1.0389033221742856e-26,2.876084917587525e-22,5.564071786075832,9.233304766412047e-05,34.918498429123936,False,-16.625762979977353,True
416,32,1,16,-3.5,4.0,2,-1/sqrt(2),-0.7071067811865475,48,1.0071361541467458e-26,2.876084917587525e-22,5.73961293473153,9.524606709826981e-05,33.95742237573802,False,-17.58683903336327,True
417,32,1,16,-3.5,4.0,3,-1/sqrt(3),-0.5773502691896258,48,9.681037782628295e-27,2.876084917587525e-22,5.971072656375539,9.90870278788914e-05,32.64167316294135,False,-18.902588246159937,True
418,32,1,16,-3.5,4.0,4,-1/2,-0.5,48,9.440684249561996e-27,2.876084917587525e-22,6.123121425650465,0.00010161020277679004,31.747360143066157,False,-19.796901266035132,True
419,32,1,16,-3.5,4.0,5,-1/3,-0.3333333333333333,24,8.900762474953059e-27,2.876084917587525e-22,6.49461783610029,0.00010777500385986613,29.462529238382825,False,-22.081732170718464,True
420,32,1,16,-3.5,4.0,6,0,0.0,192,7.708286431285596e-27,2.876084917587525e-22,7.499493004950215,0.0001244504153982475,22.575203025519897,False,-28.96905838358139,True
421,32,1,16,-3.5,4.0,7,1/3,0.3333333333333333,24,6.2937895403286866e-27,2.876084917587525e-22,9.185154547671235,0.00015242314356453962,8.715601209047342,False,-42.828660200053946,True
422,32,1,16,-3.5,4.0,8,1/2,0.5,48,5.450581649104556e-27,2.876084917587525e-22,10.606211972140864,0.00017600489591276827,-5.202891925288533,False,-56.74715333438982,True
423,32,1,16,-3.5,4.0,9,1/sqrt(3),0.5773502691896258,48,5.011273976226674e-27,2.876084917587525e-22,11.536048643162983,0.00019143508031121278,-15.413202716864255,False,-66.95746412596554,True
424,32,1,16,-3.5,4.0,10,1/sqrt(2),0.7071067811865475,48,4.1716946334233896e-27,2.876084917587525e-22,13.85786076147976,0.00022996441588236125,-44.70977818115979,False,-96.25403959026107,True
425,32,1,16,-3.5,4.0,11,sqrt(2/3),0.816496580927726,48,3.302021824732014e-27,2.876084917587525e-22,17.50780484745763,0.0002905334513332235,-101.71745364206556,False,-153.26171505116685,True
426,32,1,16,-3.5,4.0,12,1,1.0,26,9.59358664894048e-31,2.876084917587525e-22,60260.89160150948,0.9999999982834045,-1815687468.6164958,True,-1815687520.1607573,False
427,33,2,2,-3.0,-3.0,0,-1,-1.0,13,1.0900331727391522e-26,0.0,-0.0006546215995772694,1.0863125006221303e-08,50.349903164548024,False,-1.1943582445532641,True
428,33,2,2,-3.0,-3.0,1,-sqrt(2/3),-0.816496580927726,24,1.0388240834240812e-26,0.0,-0.0006238678786826218,1.0352782061991026e-08,50.398021929263884,False,-1.146239479837405,True
429,33,2,2,-3.0,-3.0,2,-1/sqrt(2),-0.7071067811865475,24,1.0070593380520426e-26,0.0,-0.0006047914973892384,1.0036218852359404e-08,50.42907678783656,False,-1.1151846212647314,True
430,33,2,2,-3.0,-3.0,3,-1/sqrt(3),-0.5773502691896258,24,9.68029938876698e-27,0.0,-0.0005813523137408175,9.647257073247625e-09,50.46860360290329,False,-1.0756578061979951,True
431,33,2,2,-3.0,-3.0,4,-1/2,-0.5,24,9.439964185598571e-27,0.0,-0.0005669189350999199,9.407742219873636e-09,50.49374425434009,False,-1.0505171547611951,True
432,33,2,2,-3.0,-3.0,5,-1/3,-0.3333333333333333,12,8.900083586393191e-27,0.0,-0.0005344962978562794,8.869704425770176e-09,50.55263579002367,False,-0.9916256190776167,True
433,33,2,2,-3.0,-3.0,6,0,0.0,96,7.707698481621418e-27,0.0,-0.00046288737217227194,7.681389356776237e-09,50.696476861960356,False,-0.8477845471409324,True
434,33,2,2,-3.0,-3.0,7,1/3,0.3333333333333333,12,6.293309457065713e-27,0.0,-0.00037794595673327987,6.2718281465824236e-09,50.89920945172522,False,-0.6450519573760687,True
435,33,2,2,-3.0,-3.0,8,1/2,0.5,24,5.450165863695761e-27,0.0,-0.0003273107997886347,5.431562503110651e-09,51.043050505806505,False,-0.5012109032947833,True
436,33,2,2,-3.0,-3.0,9,1/sqrt(3),0.5773502691896258,24,5.01089168821437e-27,0.0,-0.00030093010142107887,4.993787727112979e-09,51.1270826750715,False,-0.41717873402978967,True
437,33,2,2,-3.0,-3.0,10,1/sqrt(2),0.7071067811865475,24,4.171376359356276e-27,0.0,-0.0002505128406265549,4.1571379635918056e-09,51.31045052636413,False,-0.2338108827371599,True
438,33,2,2,-3.0,-3.0,11,sqrt(2/3),0.816496580927726,24,3.301769849185434e-27,0.0,-0.00019828844792662098,3.2904997306955373e-09,51.54423793899088,False,-2.347011040626512e-05,True
439,34,2,3,-3.0,-2.5,0,-1,-1.0,26,1.0900395684635738e-26,1.9173899450406803e-23,0.3529215821532068,5.856560899914445e-06,50.287620689796675,False,-1.2566407193046132,True
440,34,2,3,-3.0,-2.5,1,-sqrt(2/3),-0.816496580927726,48,1.0388301786831019e-26,1.9173899450406803e-23,0.3703819623816546,6.14630736290966e-06,50.32942485739757,False,-1.2148365517037192,True
441,34,2,3,-3.0,-2.5,2,-1/sqrt(2),-0.7071067811865475,48,1.0070652469339055e-26,1.9173899450406803e-23,0.3821033342613281,6.3408177916146175e-06,50.35606962425186,False,-1.1881917848494297,True
442,34,2,3,-3.0,-2.5,3,-1/sqrt(3),-0.5773502691896258,48,9.680356187566711e-27,1.9173899450406803e-23,0.39755694546652415,6.597262904986975e-06,50.3895721419983,False,-1.154689267102988,True
443,34,2,3,-3.0,-2.5,4,-1/2,-0.5,48,9.440019574250983e-27,1.9173899450406803e-23,0.407707715002777,6.765709956616292e-06,50.410625757155195,False,-1.1336356519460935,True
444,34,2,3,-3.0,-2.5,5,-1/3,-0.3333333333333333,24,8.90013580734102e-27,1.9173899450406803e-23,0.43250614745880933,7.177227804334998e-06,50.45909928162208,False,-1.085162127479208,True
445,34,2,3,-3.0,-2.5,6,0,0.0,192,7.707743706355187e-27,1.9173899450406803e-23,0.49956937801476503,8.290109287807032e-06,50.57168631990917,False,-0.9725750891921194,True
446,34,2,3,-3.0,-2.5,7,1/3,0.3333333333333333,24,6.293346383014538e-27,1.9173899450406803e-23,0.6120340077044824,1.015640476581559e-05,50.71191084237766,False,-0.8323505667236262,True
447,34,2,3,-3.0,-2.5,8,1/2,0.5,48,5.4501978425993174e-27,1.9173899450406803e-23,0.7068251024306929,1.1729416582340357e-05,50.79324382916666,False,-0.7510175799346257,True
448,34,2,3,-3.0,-2.5,9,1/sqrt(3),0.5773502691896258,48,5.0109210897353835e-27,1.9173899450406803e-23,0.768843203198121,1.2758576606574296e-05,50.83151691729344,False,-0.7127444918078467,True
449,34,2,3,-3.0,-2.5,10,1/sqrt(2),0.7071067811865475,48,4.1714008351525214e-27,1.9173899450406803e-23,0.9236886418036466,1.5328160863038232e-05,50.8838443367023,False,-0.6604170723989853,True
450,34,2,3,-3.0,-2.5,11,sqrt(2/3),0.816496580927726,48,3.301789222745659e-27,1.9173899450406803e-23,1.1670841464975235,1.936719012077939e-05,50.86318938853541,False,-0.6810720205658782,True
451,34,2,3,-3.0,-2.5,12,1,1.0,26,6.395727452058361e-32,1.9173899450406803e-23,60260.863151761434,0.9999995261737619,-1815685751.5016677,True,-1815685803.0459292,False
452,35,2,4,-3.0,-2.0,0,-1,-1.0,26,1.0900459641879956e-26,3.8347798901144907e-23,0.7064936367733297,1.172391607200961e-05,50.10032501456396,False,-1.4439363945373316,True
453,35,2,4,-3.0,-2.0,1,-sqrt(2/3),-0.816496580927726,48,1.0388362739457357e-26,3.8347798901144907e-23,0.74138343897294,1.2302895260874527e-05,50.123185687222644,False,-1.421075721878644,True
454,35,2,4,-3.0,-2.0,2,-1/sqrt(2),-0.7071067811865475,48,1.007071155821717e-26,3.8347798901144907e-23,0.7648069690244299,1.2691597276207709e-05,50.136600385928766,False,-1.4076610231725226,True
455,35,2,4,-3.0,-2.0,3,-1/sqrt(3),-0.5773502691896258,48,9.68041298645574e-27,3.8347798901144907e-23,0.7956905711775402,1.3204095536345e-05,50.1520302944915,False,-1.3922311146097854,True
456,35,2,4,-3.0,-2.0,4,-1/2,-0.5,48,9.440074963011723e-27,3.8347798901144907e-23,0.8159775579208746,1.3540748150824433e-05,50.16082299265225,False,-1.3834384164490388,True
457,35,2,4,-3.0,-2.0,5,-1/3,-0.3333333333333333,24,8.900188028442049e-27,3.8347798901144907e-23,0.8655417095641563,1.4363240985579615e-05,50.1780429724866,False,-1.3662184366146874,True
458,35,2,4,-3.0,-2.0,6,0,0.0,192,7.707788931354302e-27,3.8347798901144907e-23,0.9995957755903627,1.6587802591513966e-05,50.19686937688663,False,-1.3473920322146569,True
459,35,2,4,-3.0,-2.0,7,1/3,0.3333333333333333,24,6.293383309396674e-27,3.8347798901144907e-23,1.2244387747305987,2.0318962101086165e-05,50.14957263162903,False,-1.3946887774722612,True
460,35,2,4,-3.0,-2.0,8,1/2,0.5,48,5.4502298220657635e-27,3.8347798901144907e-23,1.4139692171767193,2.346412701789642e-05,50.043384350756284,False,-1.5008770583450044,True
461,35,2,4,-3.0,-2.0,9,1/sqrt(3),0.5773502691896258,48,5.010950491900203e-27,3.8347798901144907e-23,1.5379783104777633,2.5521997218493723e-05,49.9443823434958,False,-1.599879065605485,True
462,35,2,4,-3.0,-2.0,10,1/sqrt(2),0.7071067811865475,48,4.171425311785759e-27,3.8347798901144907e-23,1.8476169536855664,3.066029893370636e-05,49.603594618719825,False,-1.9406667903814636,True
463,35,2,4,-3.0,-2.0,11,sqrt(2/3),0.816496580927726,48,3.301808597431083e-27,3.8347798901144907e-23,2.334352882467913,3.8737443413504026e-05,48.81962453317716,False,-2.7246368759241264,True
464,35,2,4,-3.0,-2.0,12,1,1.0,26,1.279144630446954e-31,3.8347798901144907e-23,60260.90366545786,1.0000001984787223,-1815688193.5859509,True,-1815688245.1302123,False
465,36,2,5,-3.0,-1.5,0,-1,-1.0,26,1.090052359912417e-26,5.752169835155171e-23,1.0600615423216062,1.7591202392288463e-05,49.78802053983748,False,-1.7562408692638058,True
466,36,2,5,-3.0,-1.5,1,-sqrt(2/3),-0.816496580927726,48,1.0388423692119822e-26,5.752169835155171e-23,1.1123805619551161,1.8459410912827325e-05,49.77930926432538,False,-1.7649521447759113,True
467,36,2,5,-3.0,-1.5,2,-1/sqrt(2),-0.7071067811865475,48,1.0070770647154764e-26,5.752169835155171e-23,1.1475061128509607,1.9042302235906727e-05,49.77067422896056,False,-1.77358718014073,True
468,36,2,5,-3.0,-1.5,3,-1/sqrt(3),-0.5773502691896258,48,9.68046978543406e-27,5.752169835155171e-23,1.1938195248767696,1.9810850637954387e-05,49.755983640637915,False,-1.7882777684633737,True
469,36,2,5,-3.0,-1.5,4,-1/2,-0.5,48,9.44013035188079e-27,5.752169835155171e-23,1.2242426098753612,2.031570684133664e-05,49.74434182884915,False,-1.799919580252137,True
470,36,2,5,-3.0,-1.5,5,-1/3,-0.3333333333333333,24,8.900240249696274e-27,5.752169835155171e-23,1.2985721900703073,2.1549169840173026e-05,49.709473464156744,False,-1.8347879449445443,True
471,36,2,5,-3.0,-1.5,6,0,0.0,192,7.707834156618763e-27,5.752169835155171e-23,1.499616305388987,2.4885398522334317e-05,49.57203483502291,False,-1.9722265740783769,True
472,36,2,5,-3.0,-1.5,7,1/3,0.3333333333333333,24,6.2934202362121164e-27,5.752169835155171e-23,1.8368363551004612,3.048140017731409e-05,49.212208022906964,False,-2.3320533861943247,True
473,36,2,5,-3.0,-1.5,8,1/2,0.5,48,5.45026180209509e-27,5.752169835155171e-23,2.121105033340835,3.519869974254785e-05,48.7934896754554,False,-2.750771733645891,True
474,36,2,5,-3.0,-1.5,9,1/sqrt(3),0.5773502691896258,48,5.0109798947088176e-27,5.752169835155171e-23,2.30710439157336,3.828526804530725e-05,48.465699780743634,False,-3.0785616283576545,True
475,36,2,5,-3.0,-1.5,10,1/sqrt(2),0.7071067811865475,48,4.17144978925598e-27,5.752169835155171e-23,2.771534422407922,4.5992257067449267e-05,47.46973142732292,False,-4.074529981778369,True
476,36,2,5,-3.0,-1.5,11,sqrt(2/3),0.816496580927726,48,3.3018279732416876e-27,5.752169835155171e-23,3.501607918470728,5.810746936197292e-05,45.413591347547445,False,-6.130670061553843,True
477,36,2,5,-3.0,-1.5,12,1,1.0,26,1.9187173756528864e-31,5.752169835155171e-23,60260.89016087819,0.9999999743768334,-1815687380.193333,True,-1815687431.7375944,False
478,37,2,6,-3.0,-1.0,0,-1,-1.0,26,1.0900587556368388e-26,7.669559780228981e-23,1.4136252988832865,2.3458419862165686e-05,49.35071166643266,False,-2.1935497426686297,True
479,37,2,6,-3.0,-1.0,1,-sqrt(2/3),-0.816496580927726,48,1.0388484644818414e-26,7.669559780228981e-23,1.483373331413765,2.461585432018825e-05,49.29780043410818,False,-2.2464609749931057,True
480,37,2,6,-3.0,-1.0,2,-1/sqrt(2),-0.7071067811865475,48,1.007082973615184e-26,7.669559780228981e-23,1.530200765826414,2.5392932672130398e-05,49.258296309249154,False,-2.2859650998521346,True
481,37,2,6,-3.0,-1.0,3,-1/sqrt(3),-0.5773502691896258,48,9.680526584501677e-27,7.669559780228981e-23,1.5919438066491904,2.6417528211225306e-05,49.20143776049175,False,-2.3428236486095386,True
482,37,2,6,-3.0,-1.0,4,-1/2,-0.5,48,9.44018574085818e-27,7.669559780228981e-23,1.6325028709506226,2.709058602955325e-05,49.16118813355717,False,-2.3830732755441204,True
483,37,2,6,-3.0,-1.0,5,-1/3,-0.3333333333333333,24,8.900292471103692e-27,7.669559780228981e-23,1.7315975890593136,2.873501436947684e-05,49.053397357952456,False,-2.490864051148833,True
484,37,2,6,-3.0,-1.0,6,0,0.0,192,7.707879382148563e-27,7.669559780228981e-23,1.9996309674795654,3.31828970814119e-05,48.697191496207026,False,-2.8470699128942627,True
485,37,2,6,-3.0,-1.0,7,1/3,0.3333333333333333,24,6.293457163460855e-27,7.669559780228981e-23,2.449226748835248,4.06437189948508e-05,47.8998302194323,False,-3.6444311896689854,True
486,37,2,6,-3.0,-1.0,8,1/2,0.5,48,5.450293782687286e-27,7.669559780228981e-23,2.8282325508744717,4.693313475548868e-05,47.04357740807487,False,-4.500684001026421,True
487,37,2,6,-3.0,-1.0,9,1/sqrt(3),0.5773502691896258,48,5.0110092981612136e-27,7.669559780228981e-23,3.0762214463739417,5.10483890851734e-05,46.395490056198994,False,-5.148771352902294,True
488,37,2,6,-3.0,-1.0,10,1/sqrt(2),0.7071067811865475,48,4.171474267563167e-27,7.669559780228981e-23,3.695441047637398,6.132403525873575e-05,44.482284818296954,False,-7.061976590804335,True
489,37,2,6,-3.0,-1.0,11,sqrt(2/3),0.816496580927726,48,3.3018473501774516e-27,7.669559780228981e-23,4.6688492535942085,7.747726795105588e-05,40.64513780997157,False,-10.899123599129716,True
490,37,2,6,-3.0,-1.0,12,1,1.0,26,2.5582896908763753e-31,7.669559780228981e-23,60260.89353714761,1.0000000304043717,-1815687583.938021,True,-1815687635.4822824,False
491,38,2,7,-3.0,-0.5,0,-1,-1.0,26,1.0900651513612605e-26,9.586949725269662e-23,1.7671849065191823,2.932556848265043e-05,48.788402795035886,False,-2.755858614065403,True
492,38,2,7,-3.0,-0.5,1,-sqrt(2/3),-0.816496580927726,48,1.038854559755313e-26,9.586949725269662e-23,1.854361747408826,3.077222548395197e-05,48.678664041837166,False,-2.8655973672641224,True
493,38,2,7,-3.0,-0.5,2,-1/sqrt(2),-0.7071067811865475,48,1.0070888825208398e-26,9.586949725269662e-23,1.912890928009832,3.1743488585858496e-05,48.599471782555696,False,-2.9447896265455924,True
494,38,2,7,-3.0,-0.5,3,-1/sqrt(3),-0.5773502691896258,48,9.680583383658582e-27,9.586949725269662e-23,1.9900634165522642,3.30241282571113e-05,48.48839823396116,False,-3.055863175140125,True
495,38,2,7,-3.0,-0.5,4,-1/2,-0.5,48,9.440241129943895e-27,9.586949725269662e-23,2.0407583412028245,3.3865385716406306e-05,48.411367774438496,False,-3.1328936346627927,True
496,38,2,7,-3.0,-0.5,5,-1/3,-0.3333333333333333,24,8.9003446926643e-27,9.586949725269662e-23,2.1646179065832967,3.592077457435598e-05,48.2098212550389,False,-3.334440154062392,True
497,38,2,7,-3.0,-0.5,6,0,0.0,192,7.707924607943698e-27,9.586949725269662e-23,2.499639761896465,4.148029826931703e-05,47.57234816217325,False,-3.9719132469280396,True
498,38,2,7,-3.0,-0.5,7,1/3,0.3333333333333333,24,6.293494091142885e-27,9.586949725269662e-23,3.0616099559138163,5.0805918553345466e-05,46.212452424348626,False,-5.331808984752662,True
499,38,2,7,-3.0,-0.5,8,1/2,0.5,48,5.450325763842342e-27,9.586949725269662e-23,3.5353517696801977,5.8667432055102076e-05,44.79366515352905,False,-6.7505962555722405,True
500,38,2,7,-3.0,-0.5,9,1/sqrt(3),0.5773502691896258,48,5.0110387022573836e-27,9.586949725269662e-23,3.8453294747153977,6.381136033536882e-05,43.733773997325265,False,-7.810487411776023,True
501,38,2,7,-3.0,-0.5,10,1/sqrt(2),0.7071067811865475,48,4.1714987467073055e-27,9.586949725269662e-23,4.619336828976854,7.665563350097546e-05,40.64128484860121,False,-10.902976560500079,True
502,38,2,7,-3.0,-0.5,11,sqrt(2/3),0.816496580927726,48,3.301866728238358e-27,9.586949725269662e-23,5.836076886845996,9.684683916428518e-05,34.5143119029391,False,-17.02994950616219,True
503,38,2,7,-3.0,-0.5,12,1,1.0,26,3.197862350085798e-31,9.586949725269662e-23,60260.88908058813,0.9999999564499487,-1815687315.6049185,True,-1815687367.14918,False
504,39,2,8,-3.0,0.0,0,-1,-1.0,26,1.090071547085682e-26,1.1504339670343472e-22,2.1207403653145396,3.51926482551573e-05,48.1010983261441,False,-3.4431630829571915,True
505,39,2,8,-3.0,0.0,1,-sqrt(2/3),-0.816496580927726,48,1.0388606550323973e-26,1.1504339670343472e-22,2.225345810025879,3.692852440553862e-05,47.921904932575565,False,-3.6223564765257237,True
506,39,2,8,-3.0,0.0,2,-1/sqrt(2),-0.7071067811865475,48,1.0070947914324433e-26,1.1504339670343472e-22,2.2955765994867052,3.8093969978509686e-05,47.79420580442972,False,-3.750055604671566,True
507,39,2,8,-3.0,0.0,3,-1/sqrt(3),-0.5773502691896258,48,9.680640182904778e-27,1.1504339670343472e-22,2.388178354670965,3.963065077702247e-05,47.61687064073164,False,-3.927390768369648,True
508,39,2,8,-3.0,0.0,4,-1/2,-0.5,48,9.440296519137929e-27,1.1504339670343472e-22,2.4490090207163506,4.064010590329611e-05,47.494886618925634,False,-4.049374790175655,True
509,39,2,8,-3.0,0.0,5,-1/3,-0.3333333333333333,24,8.9003969143781e-27,1.1504339670343472e-22,2.597633142724305,4.3106450456171994e-05,47.17875175633571,False,-4.3655096527655814,True
510,39,2,8,-3.0,0.0,6,0,0.0,192,7.707969834004162e-27,1.1504339670343472e-22,2.999642688708618,4.9777602087193587e-05,46.197513634380115,False,-5.346747774721173,True
511,39,2,8,-3.0,0.0,7,1/3,0.3333333333333333,24,6.293531019258196e-27,1.1504339670343472e-22,3.673985976357357,6.09679988531497e-05,44.15008784054083,False,-7.394173568560461,True
512,39,2,8,-3.0,0.0,8,1/2,0.5,48,5.450357745560249e-27,1.1504339670343472e-22,4.242462689709469,7.040159164058248e-05,42.04377051659388,False,-9.500490892507408,True
513,39,2,8,-3.0,0.0,9,1/sqrt(3),0.5773502691896258,48,5.0110681069973125e-27,1.1504339670343472e-22,4.614428476486792,7.65741817940526e-05,40.48057243160088,False,-11.063688977500405,True
514,39,2,8,-3.0,0.0,10,1/sqrt(2),0.7071067811865475,48,4.171523226688379e-27,1.1504339670343472e-22,5.543221766093045,9.198705178863837e-05,35.94676157595565,False,-15.59749983314564,True
515,39,2,8,-3.0,0.0,11,sqrt(2/3),0.816496580927726,48,3.301886107424382e-27,1.1504339670343472e-22,7.003290817314494,0.00011621618298653334,27.021161612444022,False,-24.523099796657267,True
516,39,2,8,-3.0,0.0,12,1,1.0,26,3.8374346079783016e-31,1.1504339670343472e-22,60260.89241177326,1.0000000117293353,-1815687516.5274231,True,-1815687568.0716846,False
517,40,2,9,-3.0,0.5,0,-1,-1.0,26,1.0900779428101039e-26,1.3421729615417284e-22,2.4742916753362767,4.105965918079678e-05,47.288802660127374,False,-4.255458748973915,True
518,40,2,9,-3.0,0.5,1,-sqrt(2/3),-0.816496580927726,48,1.0388667503130942e-26,1.3421729615417284e-22,2.5963255193312693,4.30847510860492e-05,47.02752795125268,False,-4.516733457848609,True
519,40,2,9,-3.0,0.5,2,-1/sqrt(2),-0.7071067811865475,48,1.0071007003499949e-26,1.3421729615417284e-22,2.6782577803226855,4.4444376851173446e-05,46.842503530282556,False,-4.701757878818732,True
520,40,2,9,-3.0,0.5,3,-1/sqrt(3),-0.5773502691896258,48,9.680696982240265e-27,1.3421729615417284e-22,2.7862886210696307,4.6237095772026484e-05,46.58686056034534,False,-4.957400848755945,True
521,40,2,9,-3.0,0.5,4,-1/2,-0.5,48,9.440351908440282e-27,1.3421729615417284e-22,2.857254909554421,4.741474659127178e-05,46.411750534304915,False,-5.132510874796374,True
522,40,2,9,-3.0,0.5,5,-1/3,-0.3333333333333333,24,8.900449136245082e-27,1.3421729615417284e-22,3.030643297541944,5.029204201591403e-05,45.960195462611004,False,-5.584065946490284,True
523,40,2,9,-3.0,0.5,6,0,0.0,192,7.708015060329954e-27,1.3421729615417284e-22,3.499639747959032,5.807480853575528e-05,44.57269671413577,False,-6.971564694965515,True
524,40,2,9,-3.0,0.5,7,1/3,0.3333333333333333,24,6.2935679478067834e-27,1.3421729615417284e-22,4.28635481015532,7.112995989408847e-05,41.712749670823015,False,-9.831511738278273,True
525,40,2,9,-3.0,0.5,8,1/2,0.5,48,5.450389727840996e-27,1.3421729615417284e-22,4.949565310877095,8.213561351051619e-05,38.793911102157395,False,-12.750350306943893,True
526,40,2,9,-3.0,0.5,9,1/sqrt(3),0.5773502691896258,48,5.011097512380992e-27,1.3421729615417284e-22,5.3835184515373395,8.933685345872252e-05,36.63590618681571,False,-14.908355222285579,True
527,40,2,9,-3.0,0.5,10,1/sqrt(2),0.7071067811865475,48,4.171547707506376e-27,1.3421729615417284e-22,6.467095858604864,0.00010731829011540017,30.398745059268556,False,-21.145516349832732,True
528,40,2,9,-3.0,0.5,11,sqrt(2/3),0.816496580927726,48,3.3019054877355076e-27,1.3421729615417284e-22,8.170491044027667,0.0001355852994016699,18.16573492866697,False,-33.37852648043432,True
529,40,2,9,-3.0,0.5,12,1,1.0,26,4.477007005103203e-31,1.3421729615417284e-22,60260.89291711046,1.0000000201151586,-1815687547.1336446,True,-1815687598.677906,False
530,41,2,10,-3.0,1.0,0,-1,-1.0,26,1.0900843385345254e-26,1.5339119560457963e-22,2.8278388366513085,4.69266012606793e-05,46.35152019720954,False,-5.19274121189175,True
531,41,2,10,-3.0,1.0,1,-sqrt(2/3),-0.816496580927726,48,1.038872845597403e-26,1.5339119560457963e-22,2.9673008753913446,4.924090552658469e-05,45.99553794264256,False,-5.548723466458732,True
532,41,2,10,-3.0,1.0,2,-1/sqrt(2),-0.7071067811865475,48,1.0071066092734941e-26,1.5339119560457963e-22,3.0609344705834225,5.079470920493918e-05,45.74437011536453,False,-5.799891293736756,True
533,41,2,10,-3.0,1.0,3,-1/sqrt(3),-0.5773502691896258,48,9.680753781665035e-27,1.5339119560457963e-22,3.184394215812598,5.284346324319096e-05,45.39837357217653,False,-6.145887836924757,True
534,41,2,10,-3.0,1.0,4,-1/2,-0.5,48,9.44040729785095e-27,1.5339119560457963e-22,3.2654960077802517,5.418930778138235e-05,45.16196538769057,False,-6.382296021410717,True
535,41,2,10,-3.0,1.0,5,-1/3,-0.3333333333333333,24,8.900501358265248e-27,1.5339119560457963e-22,3.463648371095814,5.74775492545711e-05,44.55415897445221,False,-6.990102434649081,True
536,41,2,10,-3.0,1.0,6,0,0.0,192,7.708060286921064e-27,1.5339119560457963e-22,3.999630939690723,6.637191761571592e-05,42.69790620255901,False,-8.846355206542277,True
537,41,2,10,-3.0,1.0,7,1/3,0.3333333333333333,24,6.293604876788635e-27,1.5339119560457963e-22,4.898716457297163,8.129180167598682e-05,38.900451117880145,False,-12.643810291221143,True
538,41,2,10,-3.0,1.0,8,1/2,0.5,48,5.4504217106845726e-27,1.5339119560457963e-22,5.656659633097903,9.386949766348981e-05,35.04410451514185,False,-16.500156893959435,True
539,41,2,10,-3.0,1.0,9,1/sqrt(3),0.5773502691896258,48,5.011126918408409e-27,1.5339119560457963e-22,6.152599399716267,0.00010209937532687659,32.19979609097889,False,-19.344465318122396,True
540,41,2,10,-3.0,1.0,10,1/sqrt(2),0.7071067811865475,48,4.171572189161279e-27,1.5339119560457963e-22,7.390959106131241,0.0001226493484749372,23.99726535850344,False,-27.546996050597848,True
541,41,2,10,-3.0,1.0,11,sqrt(2/3),0.816496580927726,48,3.3019248691717145e-27,1.5339119560457963e-22,9.337677566013557,0.0001549541883935657,7.948079845762763,False,-43.596181563338526,True
542,41,2,10,-3.0,1.0,12,1,1.0,26,5.116579489248358e-31,1.5339119560457963e-22,60260.89227109477,1.0000000093948447,-1815687508.337694,True,-1815687559.8819554,False
543,42,2,11,-3.0,1.5,0,-1,-1.0,26,1.0900907342589472e-26,1.7256509505531774e-22,3.1813818493448762,5.279347449621937e-05,45.289255337409834,False,-6.255006071691454,True
544,42,2,11,-3.0,1.5,1,-sqrt(2/3),-0.816496580927726,48,1.0388789408853246e-26,1.7256509505531774e-22,3.338271878291676,5.539698772856511e-05,44.8259397512997,False,-6.718321657801589,True
545,42,2,11,-3.0,1.5,2,-1/sqrt(2),-0.7071067811865475,48,1.007112518202941e-26,1.7256509505531774e-22,3.4436066703544035,5.7144967041225526e-05,44.49981071469667,False,-7.044450694404617,True
546,42,2,11,-3.0,1.5,3,-1/sqrt(3),-0.5773502691896258,48,9.680810581179093e-27,1.7256509505531774e-22,3.5824951389848394,5.944975319192598e-05,44.0514152553576,False,-7.492846153743692,True
547,42,2,11,-3.0,1.5,4,-1/2,-0.5,48,9.440462687369936e-27,1.7256509505531774e-22,3.6737323154782247,6.096378947502808e-05,43.745537045947025,False,-7.798724363154264,True
548,42,2,11,-3.0,1.5,5,-1/3,-0.3333333333333333,24,8.900553580438596e-27,1.7256509505531774e-22,3.896648363467963,6.466297217350476e-05,42.960648892178575,False,-8.583612516922713,True
549,42,2,11,-3.0,1.5,6,0,0.0,192,7.70810551377749e-27,1.7256509505531774e-22,4.499616263972623,7.466892932821941e-05,40.5731509004627,False,-10.971110508638588,True
550,42,2,11,-3.0,1.5,7,1/3,0.3333333333333333,24,6.293641806203749e-27,1.7256509505531774e-22,5.511070917804092,9.145352419919664e-05,35.71320538409308,False,-15.831056025008209,True
551,42,2,11,-3.0,1.5,8,1/2,0.5,48,5.45045369409097e-27,1.7256509505531774e-22,6.363745656323381,0.0001056032440986983,30.79436836027049,False,-20.7498930488308,True
552,42,2,11,-3.0,1.5,9,1/sqrt(3),0.5773502691896258,48,5.0111563250795525e-27,1.7256509505531774e-22,6.921671320912693,0.00011486174739667479,27.1722629720429,False,-24.371998437058387,True
553,42,2,11,-3.0,1.5,10,1/sqrt(2),0.7071067811865475,48,4.1715966716530746e-27,1.7256509505531774e-22,8.314811508339034,0.00013798022686172117,16.742352534280762,False,-34.801908874820526,True
554,42,2,11,-3.0,1.5,11,sqrt(2/3),0.816496580927726,48,3.301944251732982e-27,1.7256509505531774e-22,10.504850382360804,0.00017432284994709716,-3.631755638775971,False,-55.17601704787726,True
555,42,2,11,-3.0,1.5,12,1,1.0,26,5.756151935855365e-31,1.7256509505531774e-22,60260.892161738135,1.0000000075801248,-1815687501.8655481,True,-1815687553.4098096,False
556,43,2,12,-3.0,2.0,0,-1,-1.0,26,1.0900971299833689e-26,1.9173899450572456e-22,3.534920713477785,5.866027888842602e-05,44.10201248066172,False,-7.442248928439568,True
557,43,2,12,-3.0,2.0,1,-sqrt(2/3),-0.816496580927726,48,1.0388850361768587e-26,1.9173899450572456e-22,3.709238528092197,6.155299769298504e-05,43.51873822168992,False,-8.025523187411366,True
558,43,2,12,-3.0,2.0,2,-1/sqrt(2),-0.7071067811865475,48,1.0071184271383351e-26,1.9173899450572456e-22,3.8262743796946643,6.349515036101215e-05,43.108830483209864,False,-8.435430925891424,True
559,43,2,12,-3.0,2.0,3,-1/sqrt(3),-0.5773502691896258,48,9.680867380782434e-27,1.9173899450572456e-22,3.980591390643808,6.605596561918497e-05,42.545991188929705,False,-8.998270220171584,True
560,43,2,12,-3.0,2.0,4,-1/2,-0.5,48,9.440518076997233e-27,1.9173899450572456e-22,4.081963832704502,6.773819167314099e-05,42.16247137584723,False,-9.381790033254056,True
561,43,2,12,-3.0,2.0,5,-1/3,-0.3333333333333333,24,8.90060580276512e-27,1.9173899450572456e-22,4.329643274710511,7.18483107735799e-05,41.17967181601939,False,-10.364589593081895,True
562,43,2,12,-3.0,2.0,6,0,0.0,192,7.708150740899228e-27,1.9173899450572456e-22,4.999595720839104,8.296584367383614e-05,38.19843960859136,False,-13.345821800509931,True
563,43,2,12,-3.0,2.0,7,1/3,0.3333333333333333,24,6.2936787360521126e-27,1.9173899450572456e-22,6.123418191654999,0.00010161512746336764,32.15102567189494,False,-19.393235737206346,True
564,43,2,12,-3.0,2.0,8,1/2,0.5,48,5.4504856780601775e-27,1.9173899450572456e-22,7.070823380456159,0.00011733685281452587,26.04472024254263,False,-25.499541166558657,True
565,43,2,12,-3.0,2.0,9,1/sqrt(3),0.5773502691896258,48,5.01118573239441e-27,1.9173899450572456e-22,7.690734214962595,0.00012762396966539523,21.5533276584655,False,-29.99093375063579,True
566,43,2,12,-3.0,2.0,10,1/sqrt(2),0.7071067811865475,48,4.1716211549817485e-27,1.9173899450572456e-22,9.238653064831274,0.00015331092526916452,8.634036648688856,False,-42.91022476041243,True
567,43,2,12,-3.0,2.0,11,sqrt(2/3),0.816496580927726,48,3.3019636354192916e-27,1.9173899450572456e-22,11.672009492077441,0.00019369128404580309,-16.573723522824423,False,-68.11798493192572,True
568,43,2,12,-3.0,2.0,12,1,1.0,26,6.395724356185668e-31,1.9173899450572456e-22,60260.89232172859,1.0000000102350879,-1815687511.6120765,True,-1815687563.156338,False
569,44,2,13,-3.0,2.5,0,-1,-1.0,26,1.0901035257077905e-26,2.1091289395646265e-22,3.8884554291352704,6.452701443871372e-05,42.78979602666604,False,-8.75446538243525,True
570,44,2,13,-3.0,2.5,1,-sqrt(2/3),-0.816496580927726,48,1.0388911314720047e-26,2.1091289395646265e-22,4.080200824878479,6.770893542126449e-05,42.07393819802863,False,-9.47032321107266,True
571,44,2,13,-3.0,2.5,2,-1/sqrt(2),-0.7071067811865475,48,1.0071243360796767e-26,2.1091289395646265e-22,4.208937598689688,6.984525916571759e-05,41.57143457557284,False,-9.972826833528451,True
572,44,2,13,-3.0,2.5,3,-1/sqrt(3),-0.5773502691896258,48,9.680924180475058e-27,2.1091289395646265e-22,4.378682970874473,7.266210052637793e-05,40.88210695165655,False,-10.662154457444736,True
573,44,2,13,-3.0,2.5,4,-1/2,-0.5,48,9.440573466732842e-27,2.1091289395646265e-22,4.490190559543459,7.451251437712121e-05,40.41277424387692,False,-11.131487165224371,True
574,44,2,13,-3.0,2.5,5,-1/3,-0.3333333333333333,24,8.900658025244821e-27,2.1091289395646265e-22,4.762633104905504,7.903356505615807e-05,39.2112343458937,False,-12.333027063207588,True
575,44,2,13,-3.0,2.5,6,0,0.0,192,7.708195968286275e-27,2.1091289395646265e-22,5.499569310359102,9.126266065371006e-05,35.57378112732738,False,-15.97048028177391,True
576,44,2,13,-3.0,2.5,7,1/3,0.3333333333333333,24,6.293715666333723e-27,2.1091289395646265e-22,6.735758278871097,0.00011177661146885187,28.213925183330478,False,-23.33033622577081,True
577,44,2,13,-3.0,2.5,8,1/2,0.5,48,5.450517662592188e-27,2.1091289395646265e-22,7.777892805447748,0.00012907032381016782,20.795177766646137,False,-30.74908364245515,True
578,44,2,13,-3.0,2.5,9,1/sqrt(3),0.5773502691896258,48,5.0112151403529746e-27,2.1091289395646265e-22,8.459788081755114,0.0001403860421311982,15.343010978514847,False,-36.20125043058644,True
579,44,2,13,-3.0,2.5,10,1/sqrt(2),0.7071067811865475,48,4.171645639147287e-27,2.1091289395646265e-22,10.162483775274882,0.00016864144369173998,-0.3276522357191567,False,-51.871913644820445,True
580,44,2,13,-3.0,2.5,11,sqrt(2/3),0.816496580927726,48,3.3019830202306245e-27,2.1091289395646265e-22,12.83915489425224,0.00021305949067456208,-30.877775801226846,False,-82.42203721032814,True
581,44,2,13,-3.0,2.5,12,1,1.0,26,7.035296913762884e-31,2.1091289395646265e-22,60260.891277134266,0.9999999929005567,-1815687448.759201,True,-1815687500.3034625,False
582,45,2,14,-3.0,3.0,0,-1,-1.0,26,1.090109921432212e-26,2.3008679340686944e-22,4.241985996378134,7.039368114809145e-05,41.352610375055086,False,-10.191651034046203,True
583,45,2,14,-3.0,3.0,1,-sqrt(2/3),-0.816496580927726,48,1.0388972267707629e-26,2.3008679340686944e-22,4.451158768710452,7.386480091439794e-05,40.49154452446155,False,-11.052716884639736,True
584,45,2,14,-3.0,3.0,2,-1/sqrt(2),-0.7071067811865475,48,1.0071302450269659e-26,2.3008679340686944e-22,4.591596327398505,7.619529345632144e-05,39.88762814638443,False,-11.65663326271686,True
585,45,2,14,-3.0,3.0,3,-1/sqrt(3),-0.5773502691896258,48,9.680980980256961e-27,2.3008679340686944e-22,4.776769879734291,7.926815791445831e-05,39.05976812223253,False,-12.484493286868755,True
586,45,2,14,-3.0,3.0,4,-1/2,-0.5,48,9.44062885657676e-27,2.3008679340686944e-22,4.898412496051257,8.128675758790075e-05,38.49645151645339,False,-13.047809892647898,True
587,45,2,14,-3.0,3.0,5,-1/3,-0.3333333333333333,24,8.900710247877692e-27,2.3008679340686944e-22,5.195617854105063,8.621873502210417e-05,37.05534308165642,False,-14.488918327444871,True
588,45,2,14,-3.0,3.0,6,0,0.0,192,7.708241195938621e-27,2.3008679340686944e-22,5.999537032566999,9.955938026841172e-05,32.699184257019354,False,-18.845077152081934,True
589,45,2,14,-3.0,3.0,7,1/3,0.3333333333333333,24,6.293752597048567e-27,2.3008679340686944e-22,7.348091179431291,0.00012193797621529927,23.901917120548465,False,-27.642344288552824,True
590,45,2,14,-3.0,3.0,8,1/2,0.5,48,5.4505496476869854e-27,2.3008679340686944e-22,8.48495393120081,0.00014080365708400895,15.045758537613892,False,-36.498502871487396,True
591,45,2,14,-3.0,3.0,9,1/sqrt(3),0.5773502691896258,48,5.01124454895523e-27,2.3008679340686944e-22,9.22883292112627,0.00015314796479136268,8.54133376104587,False,-43.00292764805542,True
592,45,2,14,-3.0,3.0,10,1/sqrt(2),0.7071067811865475,48,4.17167012414967e-27,2.3008679340686944e-22,11.08630363927298,0.0001839717821228616,-10.142684054804924,False,-61.68694546390621,True
593,45,2,14,-3.0,3.0,11,sqrt(2/3),0.816496580927726,48,3.302002406166955e-27,2.3008679340686944e-22,14.006286587893433,0.0002324274698169162,-46.54386446400886,False,-98.08812587311016,True
594,45,2,14,-3.0,3.0,12,1,1.0,26,7.67486928762034e-31,2.3008679340686944e-22,60260.89184906693,1.0000000023914992,-1815687483.3113852,True,-1815687534.8556466,False
595,46,2,15,-3.0,3.5,0,-1,-1.0,26,1.0901163171566337e-26,2.4926069285760756e-22,4.595512415291609,7.626027901797358e-05,39.790459925211316,False,-11.753801483889973,True
596,46,2,15,-3.0,3.5,1,-sqrt(2/3),-0.816496580927726,48,1.0389033220731331e-26,2.4926069285760756e-22,4.8221123596736835,8.002059417380537e-05,38.77156204486501,False,-12.772699364236281,True
597,46,2,15,-3.0,3.5,2,-1/sqrt(2),-0.7071067811865475,48,1.007136153980202e-26,2.4926069285760756e-22,4.9742505659066,8.254525323424228e-05,38.05741634996106,False,-13.48684505914023,True
598,46,2,15,-3.0,3.5,3,-1/sqrt(3),-0.5773502691896258,48,9.681037780128144e-27,2.4926069285760756e-22,5.174852117308226,8.587413778483611e-05,37.0789802790527,False,-14.465281130048588,True
599,46,2,15,-3.0,3.5,4,-1/2,-0.5,48,9.440684246528984e-27,2.4926069285760756e-22,5.306629642312275,8.806092130687978e-05,36.41350905968366,False,-15.130752349417627,True
600,46,2,15,-3.0,3.5,5,-1/3,-0.3333333333333333,24,8.900762470663733e-27,2.4926069285760756e-22,5.628597522391231,9.340382067277965e-05,34.712004622826385,False,-16.832256786274904,True
601,46,2,15,-3.0,3.5,6,0,0.0,192,7.708286423856267e-27,2.4926069285760756e-22,6.499498887531727,0.00010785600251908503,29.574657797619228,False,-21.96960361148206,True
602,46,2,15,-3.0,3.5,7,1/3,0.3333333333333333,24,6.29378952819664e-27,2.4926069285760756e-22,7.960416893356809,0.0001320992217030621,19.215014685257508,False,-32.32924672384378,True
603,46,2,15,-3.0,3.5,8,1/2,0.5,48,5.450581633344566e-27,2.4926069285760756e-22,9.192006757666876,0.0001525368526352449,8.796480160098227,False,-42.74778124900306,True
604,46,2,15,-3.0,3.5,9,1/sqrt(3),0.5773502691896258,48,5.0112739582011655e-27,2.4926069285760756e-22,9.997868732965243,0.00016590973764404952,1.1483168346419816,False,-50.39594457445931,True
605,46,2,15,-3.0,3.5,10,1/sqrt(2),0.7071067811865475,48,4.171694609988889e-27,2.4926069285760756e-22,12.010112656492545,0.00019930194055700292,-20.811028744083323,False,-72.35529015318461,True
606,46,2,15,-3.0,3.5,11,sqrt(2/3),0.816496580927726,48,3.302021793228269e-27,2.4926069285760756e-22,15.17340457208993,0.0002517952214577464,-63.57194149835413,False,-115.11620290745542,True
607,46,2,15,-3.0,3.5,12,1,1.0,26,8.314441718608325e-31,2.4926069285760756e-22,60260.89191902238,1.0000000035523757,-1815687487.6070054,True,-1815687539.1512668,False
608,47,2,16,-3.0,4.0,0,-1,-1.0,26,1.0901227128810552e-26,2.6843459230801437e-22,4.949034685936493,8.2126808049369e-05,38.10334907646594,False,-13.44091233263535,True
609,47,2,16,-3.0,4.0,1,-sqrt(2/3),-0.816496580927726,48,1.0389094173791154e-26,2.6843459230801437e-22,5.193061597828098,8.61763152004812e-05,36.91399560306466,False,-14.630265806036626,True
610,47,2,16,-3.0,4.0,2,-1/sqrt(2),-0.7071067811865475,48,1.0071420629393852e-26,2.6843459230801437e-22,5.356900314273001,8.889513850045963e-05,36.08080434056953,False,-15.46345706853176,True
611,47,2,16,-3.0,4.0,3,-1/sqrt(3),-0.5773502691896258,48,9.681094580088604e-27,2.6843459230801437e-22,5.572929683653729,9.248004013846464e-05,34.9397490004647,False,-16.604512408636587,True
612,47,2,16,-3.0,4.0,4,-1/2,-0.5,48,9.440739636589513e-27,2.6843459230801437e-22,5.71484199838267,9.483500553499023e-05,34.16395273962944,False,-17.38030866947185,True
613,47,2,16,-3.0,4.0,5,-1/3,-0.3333333333333333,24,8.900814693602941e-27,2.6843459230801437e-22,6.061572109816126,0.00010058882200904942,32.181225568884265,False,-19.363035840217023,True
614,47,2,16,-3.0,4.0,6,0,0.0,192,7.708331652039203e-27,2.6843459230801437e-22,6.999454875287672,0.0001161525274063006,26.200210549079692,False,-25.344050860021596,True
615,47,2,16,-3.0,4.0,7,1/3,0.3333333333333333,24,6.293826459777935e-27,2.6843459230801437e-22,8.572735420626564,0.0001422603479317904,14.153231079321998,False,-37.39103032977929,True
616,47,2,16,-3.0,4.0,8,1/2,0.5,48,5.450613619564916e-27,2.6843459230801437e-22,9.899051284748628,0.00016426991046226071,2.0473602391655135,False,-49.496901169935775,True
617,47,2,16,-3.0,4.0,9,1/sqrt(3),0.5773502691896258,48,5.011303368090772e-27,2.6843459230801437e-22,10.766895517108074,0.000178671360686538,-6.836018971444879,False,-58.38028038054617,True
618,47,2,16,-3.0,4.0,10,1/sqrt(2),0.7071067811865475,48,4.171719096664925e-27,2.6843459230801437e-22,12.933910826536762,0.00021463191898757908,-32.33265623736654,False,-83.87691764646783,True
619,47,2,16,-3.0,4.0,11,sqrt(2/3),0.816496580927726,48,3.302041181414545e-27,2.6843459230801437e-22,16.340508845850092,0.00027116274558059697,-81.96195888644027,False,-133.50622029554157,True
620,47,2,16,-3.0,4.0,12,1,1.0,26,8.954014133058528e-31,2.6843459230801437e-22,60260.89209020924,1.0000000063931378,-1815687497.996986,True,-1815687549.5412474,False
621,48,3,3,-2.5,-2.5,0,-1,-1.0,13,1.0900459641879955e-26,0.0,-0.0006546292815074272,1.0863252484091949e-08,50.349891429694814,False,-1.1943699794064742,True
622,48,3,3,-2.5,-2.5,1,-sqrt(2/3),-0.816496580927726,24,1.0388362739385099e-26,0.0,-0.0006238751997204164,1.0352903551029564e-08,50.398010194411135,False,-1.1462512146901531,True
623,48,3,3,-2.5,-2.5,2,-1/sqrt(2),-0.7071067811865475,24,1.00707115580982e-26,0.0,-0.0006047985945672813,1.0036336626554944e-08,50.42906505298408,False,-1.1151963561172096,True
624,48,3,3,-2.5,-2.5,3,-1/sqrt(3),-0.5773502691896258,24,9.680412986277145e-27,0.0,-0.0005813591358619852,9.647370283008958e-09,50.46859186805115,False,-1.0756695410501393,True
625,48,3,3,-2.5,-2.5,4,-1/2,-0.5,24,9.440074962795066e-27,0.0,-0.0005669255878465866,9.407852618948038e-09,50.49373251948814,False,-1.0505288896131475,True
626,48,3,3,-2.5,-2.5,5,-1/3,-0.3333333333333333,12,8.900188028135648e-27,0.0,-0.0005345025701259883,8.869808511015703e-09,50.55262405517215,False,-0.9916373539291357,True
627,48,3,3,-2.5,-2.5,6,0,0.0,96,7.707788930823601e-27,0.0,-0.00046289280411717916,7.681479497243024e-09,50.69646512710966,False,-0.8477962819916272,True
628,48,3,3,-2.5,-2.5,7,1/3,0.3333333333333333,12,6.293383308530044e-27,0.0,-0.00037795039189772445,6.271901745965358e-09,50.89919771687537,False,-0.6450636922259179,True
629,48,3,3,-2.5,-2.5,8,1/2,0.5,24,5.450229820939977e-27,0.0,-0.0003273146407537136,5.4316262420459746e-09,51.04303877095707,False,-0.5012226381442204,True
630,48,3,3,-2.5,-2.5,9,1/sqrt(3),0.5773502691896258,24,5.010950490612584e-27,0.0,-0.0003009336328108513,4.9938463287976285e-09,51.12707094022226,False,-0.4171904688790278,True
631,48,3,3,-2.5,-2.5,10,1/sqrt(2),0.7071067811865475,24,4.171425310111759e-27,0.0,-0.0002505157803739549,4.157186747260895e-09,51.31043879151521,False,-0.23382261758607825,True
632,48,3,3,-2.5,-2.5,11,sqrt(2/3),0.816496580927726,24,3.30180859518067e-27,0.0,-0.0001982907748251056,3.290538344436868e-09,51.54422620414224,False,-3.520495904751897e-05,True
633,49,3,4,-2.5,-2.0,0,-1,-1.0,26,1.090052359912417e-26,1.9173899450738107e-23,0.35291742536295995,5.856491920015057e-06,50.28761042202971,False,-1.2566509870715805,True
634,49,3,4,-2.5,-2.0,1,-sqrt(2/3),-0.816496580927726,48,1.0388423691975308e-26,1.9173899450738107e-23,0.37037760142098264,6.146234994902008e-06,50.3294147378299,False,-1.2148466712713883,True
635,49,3,4,-2.5,-2.0,2,-1/sqrt(2),-0.7071067811865475,48,1.007077064691683e-26,1.9173899450738107e-23,0.3820988362016699,6.340743148516401e-06,50.35605960818601,False,-1.1882018009152802,True
636,49,3,4,-2.5,-2.0,3,-1/sqrt(3),-0.5773502691896258,48,9.680469785076875e-27,1.9173899450738107e-23,0.3975522666135899,6.597185261712841e-06,50.38956226731851,False,-1.1546991417827783,True
637,49,3,4,-2.5,-2.0,4,-1/2,-0.5,48,9.440130351447476e-27,1.9173899450738107e-23,0.4077029173724234,6.765630342289025e-06,50.41061597839528,False,-1.1336454307060109,True
638,49,3,4,-2.5,-2.0,5,-1/3,-0.3333333333333333,24,8.900240249083475e-27,1.9173899450738107e-23,0.4325010595874081,7.177143373599619e-06,50.459089747365475,False,-1.0851716617358136,True
639,49,3,4,-2.5,-2.0,6,0,0.0,192,7.707834155557368e-27,1.9173899450738107e-23,0.4995635048575671,8.290011825638256e-06,50.57167751916209,False,-0.9725838899392016,True
640,49,3,4,-2.5,-2.0,7,1/3,0.3333333333333333,24,6.293420234478865e-27,1.9173899450738107e-23,0.612026816802908,1.0156285436323925e-05,50.711903508648795,False,-0.832357900452493,True
641,49,3,4,-2.5,-2.0,8,1/2,0.5,48,5.45026179984353e-27,1.9173899450738107e-23,0.7068168003730957,1.172927881375841e-05,50.79323796245559,False,-0.7510234466456964,True
642,49,3,4,-2.5,-2.0,9,1/sqrt(3),0.5773502691896258,48,5.010979892133593e-27,1.9173899450738107e-23,0.7688341739962856,1.275842677138965e-05,50.831512124513814,False,-0.7127492845874741,True
643,49,3,4,-2.5,-2.0,10,1/sqrt(2),0.7071067811865475,48,4.171449785907997e-27,1.9173899450738107e-23,0.9236777967213752,1.532798089420663e-05,50.88384261934349,False,-0.6604187897577987,True
644,49,3,4,-2.5,-2.0,11,sqrt(2/3),0.816496580927726,48,3.301827968740887e-27,1.9173899450738107e-23,1.1670704464693717,1.9366962775518405e-05,50.86319364274791,False,-0.6810677663533795,True
645,49,3,4,-2.5,-2.0,12,1,1.0,26,6.395718852408288e-32,1.9173899450738107e-23,60260.94417924366,1.0000008707851664,-1815690634.2909672,True,-1815690685.8352287,False
646,50,3,5,-2.5,-1.5,0,-1,-1.0,26,1.0900587556368388e-26,3.8347798901144907e-23,0.7064853309599244,1.1723778241101863e-05,50.10031914782331,False,-1.443942261277975,True
647,50,3,5,-2.5,-1.5,1,-sqrt(2/3),-0.816496580927726,48,1.0388484644601645e-26,3.8347798901144907e-23,0.7413747244619904,1.230275064783109e-05,50.123180413268294,False,-1.4210809958329946,True
648,50,3,5,-2.5,-1.5,2,-1/sqrt(2),-0.7071067811865475,48,1.0070829735794942e-26,3.8347798901144907e-23,0.7647979800944666,1.2691448109315068e-05,50.13659552597418,False,-1.407665883127109,True
649,50,3,5,-2.5,-1.5,3,-1/sqrt(3),-0.5773502691896258,48,9.6805265839659e-27,3.8347798901144907e-23,0.7956812203896843,1.3203940364597765e-05,50.15202600007105,False,-1.392235409030242,True
650,50,3,5,-2.5,-1.5,4,-1/2,-0.5,48,9.440185740208215e-27,3.8347798901144907e-23,0.8159679694112469,1.354058903420076e-05,50.16081908190447,False,-1.3834423271968177,True
651,50,3,5,-2.5,-1.5,5,-1/3,-0.3333333333333333,24,8.900292470184501e-27,3.8347798901144907e-23,0.8655315401979216,1.4363072229924874e-05,50.17804003973505,False,-1.3662213693662366,True
652,50,3,5,-2.5,-1.5,6,0,0.0,192,7.707879380556478e-27,3.8347798901144907e-23,0.9995840348283459,1.6587607759315424e-05,50.19686937812336,False,-1.3473920309779288,True
653,50,3,5,-2.5,-1.5,7,1/3,0.3333333333333333,24,6.293457160860993e-27,3.8347798901144907e-23,1.224424397510118,2.0318723518149965e-05,50.149578500841436,False,-1.3946829082598526,True
654,50,3,5,-2.5,-1.5,8,1/2,0.5,48,5.450293779309966e-27,3.8347798901144907e-23,1.4139526170728145,2.346385154729791e-05,50.043396087943954,False,-1.5008653211573346,True
655,50,3,5,-2.5,-1.5,9,1/sqrt(3),0.5773502691896258,48,5.0110092942984e-27,3.8347798901144907e-23,1.5379602557907404,2.5521697609800386e-05,49.94439837633939,False,-1.5998630327618955,True
656,50,3,5,-2.5,-1.5,10,1/sqrt(2),0.7071067811865475,48,4.171474262541222e-27,3.8347798901144907e-23,1.8475952666833189,3.065993904851989e-05,49.60362295304723,False,-1.9406384560540602,True
657,50,3,5,-2.5,-1.5,11,sqrt(2/3),0.816496580927726,48,3.301847343426292e-27,3.8347798901144907e-23,2.3343254850196886,3.873698876626185e-05,48.819676753403634,False,-2.7245846556976545,True
658,50,3,5,-2.5,-1.5,12,1,1.0,26,1.279144630446954e-31,3.8347798901144907e-23,60260.90366545786,1.0000001984787223,-1815688193.5859509,True,-1815688245.1302123,False
659,51,3,6,-2.5,-1.0,0,-1,-1.0,26,1.0900651513612605e-26,5.752169835188301e-23,1.0600490875946356,1.7590995712191002e-05,49.788022007895385,False,-1.756239401205903,True
660,51,3,6,-2.5,-1.0,1,-sqrt(2/3),-0.816496580927726,48,1.038854559726411e-26,5.752169835188301e-23,1.1123674940088846,1.8459194056656402e-05,49.77931206612775,False,-1.7649493429735372,True
661,51,3,6,-2.5,-1.0,2,-1/sqrt(2),-0.7071067811865475,48,1.0070888824732535e-26,5.752169835188301e-23,1.1474926331693154,1.9042078547188158e-05,49.77067796224518,False,-1.773583446856108,True
662,51,3,6,-2.5,-1.0,3,-1/sqrt(3),-0.5773502691896258,48,9.68058338294422e-27,5.752169835188301e-23,1.1938055022773981,1.981061793978191e-05,49.7559886463509,False,-1.7882727627503883,True
663,51,3,6,-2.5,-1.0,4,-1/2,-0.5,48,9.440241129077279e-27,5.752169835188301e-23,1.2242282306130077,2.031546822451656e-05,49.744347697809815,False,-1.7999137112914738,True
664,51,3,6,-2.5,-1.0,5,-1/3,-0.3333333333333333,24,8.900344691438722e-27,5.752169835188301e-23,1.2985569393434642,2.1548916761826332e-05,49.709481533568585,False,-1.8347798755327034,True
665,51,3,6,-2.5,-1.0,6,0,0.0,192,7.707924605820931e-27,5.752169835188301e-23,1.4995986971771427,2.488510632267802e-05,49.57204950578786,False,-1.972211903313429,True
666,51,3,6,-2.5,-1.0,7,1/3,0.3333333333333333,24,6.293494087676423e-27,5.752169835188301e-23,1.8368147917509028,3.0481042344083475e-05,49.212235896377265,False,-2.332025512724023,True
667,51,3,6,-2.5,-1.0,8,1/2,0.5,48,5.450325759339276e-27,5.752169835188301e-23,2.1210801354098243,3.519828657357032e-05,48.79353075163063,False,-2.750730657470662,True
668,51,3,6,-2.5,-1.0,9,1/sqrt(3),0.5773502691896258,48,5.011038697106995e-27,5.752169835188301e-23,2.307077311639571,3.8284818667061715e-05,48.46575052196953,False,-3.078510887131756,True
669,51,3,6,-2.5,-1.0,10,1/sqrt(2),0.7071067811865475,48,4.171498740011418e-27,5.752169835188301e-23,2.771501893772119,4.599171727066096e-05,47.469809846386106,False,-4.074451562715183,True
670,51,3,6,-2.5,-1.0,11,sqrt(2/3),0.816496580927726,48,3.301866719236863e-27,5.752169835188301e-23,3.5015668239643207,5.8106787418754944e-05,45.41372350891052,False,-6.130537900190767,True
671,51,3,6,-2.5,-1.0,12,1,1.0,26,1.918717088997927e-31,5.752169835188301e-23,60260.89916415912,1.0000001237818734,-1815687922.7390964,True,-1815687974.2833579,False
672,52,3,7,-2.5,-0.5,0,-1,-1.0,26,1.090071547085682e-26,7.669559780228981e-23,1.413608695327904,2.3458144334291594e-05,49.35072340292799,False,-2.1935380061732985,True
673,52,3,7,-2.5,-0.5,1,-sqrt(2/3),-0.816496580927726,48,1.0388606549962699e-26,7.669559780228981e-23,1.483355910121603,2.461556522237258e-05,49.29781454166386,False,-2.2464468674374274,True
674,52,3,7,-2.5,-0.5,2,-1/sqrt(2),-0.7071067811865475,48,1.0070947913729609e-26,7.669559780228981e-23,1.5301827954852572,2.539263446311542e-05,49.25831207274472,False,-2.285949336356566,True
675,52,3,7,-2.5,-0.5,3,-1/sqrt(3),-0.5773502691896258,48,9.68064018201183e-27,7.669559780228981e-23,1.5919251123341909,2.6417217988218796e-05,49.20145578604322,False,-2.3428056230580694,True
676,52,3,7,-2.5,-0.5,4,-1/2,-0.5,48,9.440296518054665e-27,7.669559780228981e-23,1.6324837010338706,2.709026791416847e-05,49.161207693744785,False,-2.3830537153565032,True
677,52,3,7,-2.5,-0.5,5,-1/3,-0.3333333333333333,24,8.900396912846133e-27,7.669559780228981e-23,1.7315772570761554,2.8734676970168877e-05,49.05342082998601,False,-2.490840579115279,True
678,52,3,7,-2.5,-0.5,6,0,0.0,192,7.70796983135072e-27,7.669559780228981e-23,1.9996074919383238,3.318250751629633e-05,48.69722670377796,False,-2.847034705323331,True
679,52,3,7,-2.5,-0.5,7,1/3,0.3333333333333333,24,6.293531014925145e-27,7.669559780228981e-23,2.4491979995041153,4.0643241913773515e-05,47.8998888980771,False,-3.644372511024187,True
680,52,3,7,-2.5,-0.5,8,1/2,0.5,48,5.45035773993145e-27,7.669559780228981e-23,2.828199355286684,4.693258389095866e-05,47.04365955779307,False,-4.500601851308218,True
681,52,3,7,-2.5,-0.5,9,1/sqrt(3),0.5773502691896258,48,5.0110681005593666e-27,7.669559780228981e-23,3.076185341378654,5.1047789940450076e-05,46.39558938793529,False,-5.148672021166,True
682,52,3,7,-2.5,-0.5,10,1/sqrt(2),0.7071067811865475,48,4.1715232183185715e-27,7.669559780228981e-23,3.6953976775906137,6.13233155540391e-05,44.48243335423487,False,-7.061828054866417,True
683,52,3,7,-2.5,-0.5,11,sqrt(2/3),0.816496580927726,48,3.3018860961725826e-27,7.669559780228981e-23,4.668794462310866,7.747635871652926e-05,40.64538188614016,False,-10.898879522961131,True
684,52,3,7,-2.5,-0.5,12,1,1.0,26,2.558289905867582e-31,7.669559780228981e-23,60260.88847299824,0.9999999463672918,-1815687278.7678678,True,-1815687330.3121293,False
685,53,3,8,-2.5,0.0,0,-1,-1.0,26,1.0900779428101036e-26,9.586949725302793e-23,1.7671641542449754,2.9325224108818252e-05,48.78842773342239,False,-2.7558336756789004,True
686,53,3,8,-2.5,0.0,1,-sqrt(2/3),-0.816496580927726,48,1.0388667502697415e-26,9.586949725302793e-23,1.854339972885724,3.077186414639976e-05,48.678692684938895,False,-2.8655687241623937,True
687,53,3,8,-2.5,0.0,2,-1/sqrt(2),-0.7071067811865475,48,1.0071007002786163e-26,9.586949725302793e-23,1.9128684671277807,3.174311585851551e-05,48.599503013017035,False,-2.9447583960842536,True
688,53,3,8,-2.5,0.0,3,-1/sqrt(3),-0.5773502691896258,48,9.680696981168733e-27,9.586949725302793e-23,1.9900400506450358,3.302374051131851e-05,48.48843299882144,False,-3.055828410279851,True
689,53,3,8,-2.5,0.0,4,-1/2,-0.5,48,9.440351907140374e-27,9.586949725302793e-23,2.0407343807582183,3.386498810455676e-05,48.411404937124715,False,-3.1328564719765737,True
690,53,3,8,-2.5,0.0,5,-1/3,-0.3333333333333333,24,8.900449134406735e-27,9.586949725302793e-23,2.164592493478043,3.592035285631407e-05,48.20986452987476,False,-3.3343968792265315,True
691,53,3,8,-2.5,0.0,6,0,0.0,192,7.708015057145842e-27,9.586949725302793e-23,2.499610419180815,4.147981134131414e-05,47.57240977345759,False,-3.971851635643695,True
692,53,3,8,-2.5,0.0,7,1/3,0.3333333333333333,24,6.293567942607152e-27,9.586949725302793e-23,3.0615740207909394,5.0805322227571644e-05,46.21255070852902,False,-5.331710700572266,True
693,53,3,8,-2.5,0.0,8,1/2,0.5,48,5.4503897210864765e-27,9.586949725302793e-23,3.5353102766548408,5.866674349865721e-05,44.79380011060495,False,-6.75046129849634,True
694,53,3,8,-2.5,0.0,9,1/sqrt(3),0.5773502691896258,48,5.011097504655502e-27,9.586949725302793e-23,3.8452843448970424,6.381061142812436e-05,43.73393580082374,False,-7.810325608277552,True
695,53,3,8,-2.5,0.0,10,1/sqrt(2),0.7071067811865475,48,4.1715476974626656e-27,9.586949725302793e-23,4.619282617805534,7.66547338931239e-05,40.64152353228814,False,-10.902737876813148,True
696,53,3,8,-2.5,0.0,11,sqrt(2/3),0.816496580927726,48,3.301905474233429e-27,9.586949725302793e-23,5.836008399147675,9.684570264445644e-05,34.5146998655632,False,-17.029561543538087,True
697,53,3,8,-2.5,0.0,12,1,1.0,26,3.197862350085798e-31,9.586949725302793e-23,60260.889080796376,0.9999999564534043,-1815687315.6174676,True,-1815687367.161729,False
698,54,3,9,-2.5,0.5,0,-1,-1.0,26,1.0900843385345254e-26,1.1504339670376602e-22,2.120715464412766,3.519223503688143e-05,48.10113939974652,False,-3.4431220093547665,True
699,54,3,9,-2.5,0.5,1,-sqrt(2/3),-0.816496580927726,48,1.0388728455468255e-26,1.1504339670376602e-22,2.225319682367593,3.692809082983892e-05,47.92195134087405,False,-3.622310068227236,True
700,54,3,9,-2.5,0.5,2,-1/sqrt(2),-0.7071067811865475,48,1.0071066091902197e-26,1.1504339670376602e-22,2.295549648162537,3.809352273447785e-05,47.79425593846055,False,-3.750005470640737,True
701,54,3,9,-2.5,0.5,3,-1/sqrt(3),-0.5773502691896258,48,9.680753780414925e-27,1.1504339670376602e-22,2.388150317274269,3.963018551014868e-05,47.61692586420743,False,-3.9273355448938574,True
702,54,3,9,-2.5,0.5,4,-1/2,-0.5,48,9.440407296334402e-27,1.1504339670376602e-22,2.4489802698492666,4.063962879673048e-05,47.4949452952101,False,-4.049316113891187,True
703,54,3,9,-2.5,0.5,5,-1/3,-0.3333333333333333,24,8.900501356120523e-27,1.1504339670376602e-22,2.5976026486087282,4.310594442125094e-05,47.17881923396098,False,-4.365442175140309,True
704,54,3,9,-2.5,0.5,6,0,0.0,192,7.708060283206289e-27,1.1504339670376602e-22,2.9996074789476252,4.977701779844517e-05,46.19760751602733,False,-5.346653893073956,True
705,54,3,9,-2.5,0.5,7,1/3,0.3333333333333333,24,6.293604870722436e-27,1.1504339670376602e-22,3.6739428556008193,6.096728328530268e-05,44.1502345302309,False,-7.394026878870392,True
706,54,3,9,-2.5,0.5,8,1/2,0.5,48,5.4504217028043466e-27,1.1504339670376602e-22,4.242412899429095,7.040076539525212e-05,42.04397001432611,False,-9.500291394775175,True
707,54,3,9,-2.5,0.5,9,1/sqrt(3),0.5773502691896258,48,5.011126909395391e-27,1.1504339670376602e-22,4.614374322043936,7.657328312758213e-05,40.480810587502766,False,-11.063450821598522,True
708,54,3,9,-2.5,0.5,10,1/sqrt(2),0.7071067811865475,48,4.171572177443686e-27,1.1504339670376602e-22,5.543156714035754,9.198597228159075e-05,35.947110437384694,False,-15.597150971716594,True
709,54,3,9,-2.5,0.5,11,sqrt(2/3),0.816496580927726,48,3.301924853419381e-27,1.1504339670376602e-22,7.003208633502676,0.0001162148191864054,27.02172543176664,False,-24.52253597733465,True
710,54,3,9,-2.5,0.5,12,1,1.0,26,3.8374347513057728e-31,1.1504339670376602e-22,60260.89016121374,0.9999999743824017,-1815687380.9067004,True,-1815687432.4509618,False
711,55,3,10,-2.5,1.0,0,-1,-1.0,26,1.0900907342589471e-26,1.3421729615417284e-22,2.474262625898192,4.105917711959153e-05,47.28886280212204,False,-4.255398606979249,True
712,55,3,10,-2.5,1.0,1,-sqrt(2/3),-0.816496580927726,48,1.038878940827522e-26,1.3421729615417284e-22,2.596295038633555,4.3084245273791e-05,47.02759535423525,False,-4.516666054866036,True
713,55,3,10,-2.5,1.0,2,-1/sqrt(2),-0.7071067811865475,48,1.0071125181077705e-26,1.3421729615417284e-22,2.6782263386551763,4.44438550920919e-05,46.842576004312676,False,-4.701685404788613,True
714,55,3,10,-2.5,1.0,3,-1/sqrt(3),-0.5773502691896258,48,9.680810579750401e-27,1.3421729615417284e-22,2.786255912286227,4.623655298577693e-05,46.5869399615552,False,-4.957321447546086,True
715,55,3,10,-2.5,1.0,4,-1/2,-0.5,48,9.440462685636745e-27,1.3421729615417284e-22,2.8572213683702348,4.74141899917387e-05,46.41183463508938,False,-5.132426774011911,True
716,55,3,10,-2.5,1.0,5,-1/3,-0.3333333333333333,24,8.900553577987495e-27,1.3421729615417284e-22,3.030607722527812,5.029145166596855e-05,45.96029154279013,False,-5.583969866311158,True
717,55,3,10,-2.5,1.0,6,0,0.0,192,7.708105509532059e-27,1.3421729615417284e-22,3.499598671281763,5.807412688840311e-05,44.57282873249841,False,-6.9714326766028805,True
718,55,3,10,-2.5,1.0,7,1/3,0.3333333333333333,24,6.293641799270988e-27,1.3421729615417284e-22,4.286304503923208,7.112912508679161e-05,41.712953565551466,False,-9.831307843549823,True
719,55,3,10,-2.5,1.0,8,1/2,0.5,48,5.45045368508505e-27,1.3421729615417284e-22,4.949507223524263,8.213464957932982e-05,38.794186873250744,False,-12.750074535850544,True
720,55,3,10,-2.5,1.0,9,1/sqrt(3),0.5773502691896258,48,5.01115631477902e-27,1.3421729615417284e-22,5.383455272668556,8.933580503632125e-05,36.63623457505962,False,-14.90802683404167,True
721,55,3,10,-2.5,1.0,10,1/sqrt(2),0.7071067811865475,48,4.171596658261618e-27,1.3421729615417284e-22,6.467019965900182,0.00010731703071311562,30.399224127418737,False,-21.14503728168255,True
722,55,3,10,-2.5,1.0,11,sqrt(2/3),0.816496580927726,48,3.301944233730421e-27,1.3421729615417284e-22,8.17039516440387,0.0001355837083262463,18.166506573312027,False,-33.37775483578926,True
723,55,3,10,-2.5,1.0,12,1,1.0,26,4.477007127955324e-31,1.3421729615417284e-22,60260.891263510566,0.999999992674478,-1815687447.4862397,True,-1815687499.0305011,False
724,56,3,11,-2.5,1.5,0,-1,-1.0,26,1.0900971299833689e-26,1.5339119560491093e-22,2.8278056387864914,4.692605035836309e-05,46.35160234057253,False,-5.192659068528755,True
725,56,3,11,-2.5,1.5,1,-sqrt(2/3),-0.816496580927726,48,1.038885036111831e-26,1.5339119560491093e-22,2.967266041769182,4.924032747967604e-05,45.995629569576025,False,-5.548631839525264,True
726,56,3,11,-2.5,1.5,2,-1/sqrt(2),-0.7071067811865475,48,1.0071184270312693e-26,1.5339119560491093e-22,3.0608985386911822,5.07941129327762e-05,45.74446836558916,False,-5.799793043512132,True
727,56,3,11,-2.5,1.5,3,-1/sqrt(3),-0.5773502691896258,48,9.680867379175166e-27,1.5339119560491093e-22,3.1843568357658785,5.284284293961327e-05,45.39848086998509,False,-6.1457805391161955,True
728,56,3,11,-2.5,1.5,4,-1/2,-0.5,48,9.440518075047405e-27,1.5339119560491093e-22,3.2654576764054997,5.418867169098163e-05,45.16207882360978,False,-6.382182585491506,True
729,56,3,11,-2.5,1.5,5,-1/3,-0.3333333333333333,24,8.900605800007648e-27,1.5339119560491093e-22,3.46360771531734,5.747687459182841e-05,44.554288056649284,False,-6.9899733524520045,True
730,56,3,11,-2.5,1.5,6,0,0.0,192,7.708150736123146e-27,1.5339119560491093e-22,3.9995839962521575,6.637113861233184e-05,42.69808222358912,False,-8.84617918551217,True
731,56,3,11,-2.5,1.5,7,1/3,0.3333333333333333,24,6.293678728252804e-27,1.5339119560491093e-22,4.898658965779306,8.12908476323902e-05,38.90072101657487,False,-12.643540392526418,True
732,56,3,11,-2.5,1.5,8,1/2,0.5,48,5.450485667928577e-27,1.5339119560491093e-22,5.656593248891824,9.386839605008513e-05,35.04446829149994,False,-16.49979311760135,True
733,56,3,11,-2.5,1.5,9,1/sqrt(3),0.5773502691896258,48,5.01118572080638e-27,1.5339119560491093e-22,6.152527196660001,0.00010209817715250142,32.20022859055561,False,-19.344032818545678,True
734,56,3,11,-2.5,1.5,10,1/sqrt(2),0.7071067811865475,48,4.1716211399164474e-27,1.5339119560491093e-22,7.39087237306565,0.00012264790918216977,23.99789466098584,False,-27.54636674811545,True
735,56,3,11,-2.5,1.5,11,sqrt(2/3),0.816496580927726,48,3.301963615166528e-27,1.5339119560491093e-22,9.337567990939846,0.00015495237004885473,7.949091282169874,False,-43.595170126931414,True
736,56,3,11,-2.5,1.5,12,1,1.0,26,5.116579489248358e-31,1.5339119560491093e-22,60260.892271224926,1.0000000093970045,-1815687508.3455372,True,-1815687559.8897986,False
737,57,3,12,-2.5,2.0,0,-1,-1.0,26,1.0901035257077905e-26,1.7256509505531774e-22,3.1813445031384697,5.27928547542051e-05,45.28936241502714,False,-6.254898994074146,True
738,57,3,12,-2.5,2.0,1,-sqrt(2/3),-0.816496580927726,48,1.038891131399752e-26,1.7256509505531774e-22,3.3382326918344067,5.53963374484886e-05,44.826058831351695,False,-6.718202577749594,True
739,57,3,12,-2.5,2.0,2,-1/sqrt(2),-0.7071067811865475,48,1.0071243359607154e-26,1.7256509505531774e-22,3.4435662483295904,5.714429625751043e-05,44.49993817720544,False,-7.044323231895845,True
740,57,3,12,-2.5,2.0,3,-1/sqrt(3),-0.5773502691896258,48,9.680924178689214e-27,1.7256509505531774e-22,3.5824530877706784,5.944905537261116e-05,44.05155416851524,False,-7.49270724058605,True
741,57,3,12,-2.5,2.0,4,-1/2,-0.5,48,9.440573464566379e-27,1.7256509505531774e-22,3.673689194011222,6.0963073895391236e-05,43.74568372751559,False,-7.798577681585698,True
742,57,3,12,-2.5,2.0,5,-1/3,-0.3333333333333333,24,8.90065802218098e-27,1.7256509505531774e-22,3.8966026270294303,6.466221319969539e-05,42.96081537572251,False,-8.583446033378777,True
743,57,3,12,-2.5,2.0,6,0,0.0,192,7.708195962979548e-27,1.7256509505531774e-22,4.499563453893183,7.466805297080175e-05,40.5733767899321,False,-10.97088461916919,True
744,57,3,12,-2.5,2.0,7,1/3,0.3333333333333333,24,6.293715657667873e-27,1.7256509505531774e-22,5.511006241147995,9.145245092174807e-05,35.71355008541156,False,-15.830711323689727,True
745,57,3,12,-2.5,2.0,8,1/2,0.5,48,5.450517651334919e-27,1.7256509505531774e-22,6.363670975434398,0.00010560200480590209,30.794831873436326,False,-20.749429535664962,True
746,57,3,12,-2.5,2.0,9,1/sqrt(3),0.5773502691896258,48,5.01121512747746e-27,1.7256509505531774e-22,6.921590093854237,0.00011486039947340056,27.17281346151657,False,-24.37144794758472,True
747,57,3,12,-2.5,2.0,10,1/sqrt(2),0.7071067811865475,48,4.171645622408161e-27,1.7256509505531774e-22,8.31471393513517,0.00013797860768216536,16.743152098090547,False,-34.80110931101074,True
748,57,3,12,-2.5,2.0,11,sqrt(2/3),0.816496580927726,48,3.301982997727685e-27,1.7256509505531774e-22,10.504727112118585,0.00017432080433776862,-3.6304724451508577,False,-55.174733854252146,True
749,57,3,12,-2.5,2.0,12,1,1.0,26,5.7561520314070125e-31,1.7256509505531774e-22,60260.891161412306,0.9999999909802072,-1815687441.5850224,True,-1815687493.129284,False
750,58,3,13,-2.5,2.5,0,-1,-1.0,26,1.090109921432212e-26,1.9173899450605586e-22,3.5348792190393614,5.865959030853201e-05,44.10214742519102,False,-7.442113983910268,True
751,58,3,13,-2.5,2.5,1,-sqrt(2/3),-0.816496580927726,48,1.0388972266912853e-26,1.9173899450605586e-22,3.709194988914799,6.155227518164865e-05,43.5188879837767,False,-8.025373425324588,True
752,58,3,13,-2.5,2.5,2,-1/sqrt(2),-0.7071067811865475,48,1.0071302448961092e-26,1.9173899450605586e-22,3.8262294676558817,6.34944050677131e-05,43.10899059382498,False,-8.435270815276311,True
753,58,3,13,-2.5,2.5,3,-1/sqrt(3),-0.5773502691896258,48,9.680980978292547e-27,1.9173899450605586e-22,3.9805446683855936,6.605519028618056e-05,42.546165435897336,False,-8.998095973203952,True
754,58,3,13,-2.5,2.5,4,-1/2,-0.5,48,9.440628854193665e-27,1.9173899450605586e-22,4.081915921271778,6.77373966063677e-05,42.16265521327536,False,-9.381606195825931,True
755,58,3,13,-2.5,2.5,5,-1/3,-0.3333333333333333,24,8.900710244507489e-27,1.9173899450605586e-22,4.329592457746125,7.184746749093094e-05,41.17988009989665,False,-10.364381309204639,True
756,58,3,13,-2.5,2.5,6,0,0.0,192,7.708241190101256e-27,1.9173899450605586e-22,4.99953704427377,8.296486996495672e-05,38.198721231815206,False,-13.345540177286082,True
757,58,3,13,-2.5,2.5,7,1/3,0.3333333333333333,24,6.293752587516189e-27,1.9173899450605586e-22,6.123346330050486,0.00010161393495521717,32.15145397380964,False,-19.39280743529165,True
758,58,3,13,-2.5,2.5,8,1/2,0.5,48,5.450549635304065e-27,1.9173899450605586e-22,7.07074040310349,0.0001173354758459759,26.045295223145754,False,-25.498966185955535,True
759,58,3,13,-2.5,2.5,9,1/sqrt(3),0.5773502691896258,48,5.0112445347922475e-27,1.9173899450605586e-22,7.690643964140399,0.00012762247199717884,21.554010015319548,False,-29.99025139378174,True
760,58,3,13,-2.5,2.5,10,1/sqrt(2),0.7071067811865475,48,4.171670105736742e-27,1.9173899450605586e-22,9.23854465177565,0.00015330912620757485,8.635026499261322,False,-42.90923490983997,True
761,58,3,13,-2.5,2.5,11,sqrt(2/3),0.816496580927726,48,3.302002381413869e-27,1.9173899450605586e-22,11.671872527028839,0.00019368901117786623,-16.57213660901604,False,-68.11639801811734,True
762,58,3,13,-2.5,2.5,12,1,1.0,26,6.39572444218215e-31,1.9173899450605586e-22,60260.891511568785,0.9999999967908827,-1815687462.7911246,True,-1815687514.335386,False
763,59,3,14,-2.5,3.0,0,-1,-1.0,26,1.0901163171566337e-26,2.1091289395646265e-22,3.888409786549966,6.452625702235275e-05,42.7899617706922,False,-8.754299638409087,True
764,59,3,14,-2.5,3.0,1,-sqrt(2/3),-0.816496580927726,48,1.0389033219864308e-26,2.1091289395646265e-22,4.080152933070285,6.770814068015064e-05,42.07412187098628,False,-9.470139538115006,True
765,59,3,14,-2.5,3.0,2,-1/sqrt(2),-0.7071067811865475,48,1.0071361538374499e-26,2.1091289395646265e-22,4.208888196729089,6.984443936436384e-05,41.57163077003114,False,-9.972630639070147,True
766,59,3,14,-2.5,3.0,3,-1/sqrt(3),-0.5773502691896258,48,9.681037777985157e-27,2.1091289395646265e-22,4.378631577668077,7.266124768127488e-05,40.88232025080276,False,-10.661941158298525,True
767,59,3,14,-2.5,3.0,4,-1/2,-0.5,48,9.44068424392926e-27,2.1091289395646265e-22,4.490137858243327,7.451163982484292e-05,40.412999147277716,False,-11.131262261823572,True
768,59,3,14,-2.5,3.0,5,-1/3,-0.3333333333333333,24,8.900762466987168e-27,2.1091289395646265e-22,4.762577207519545,7.903263746639999e-05,39.211488828981466,False,-12.332772580119823,True
769,59,3,14,-2.5,3.0,6,0,0.0,192,7.708286417488268e-27,2.1091289395646265e-22,5.4995047674282915,9.126158959536718e-05,35.574124349475184,False,-15.970137059626104,True
770,59,3,14,-2.5,3.0,7,1/3,0.3333333333333333,24,6.293789517797744e-27,2.1091289395646265e-22,6.735679232465678,0.00011177529973244735,28.214445883595282,False,-23.329815525506007,True
771,59,3,14,-2.5,3.0,8,1/2,0.5,48,5.450581619836003e-27,2.1091289395646265e-22,7.777801531801747,0.0001290688091686911,20.795875945024566,False,-30.748385464076723,True
772,59,3,14,-2.5,3.0,9,1/sqrt(3),0.5773502691896258,48,5.01127394275073e-27,2.1091289395646265e-22,8.45968880735449,0.00014038439472111491,15.343839079887715,False,-36.20042232921357,True
773,59,3,14,-2.5,3.0,10,1/sqrt(2),0.7071067811865475,48,4.1716945899021735e-27,2.1091289395646265e-22,10.162364522590172,0.00016863946475181168,-0.32645207344679505,False,-51.870713482548084,True
774,59,3,14,-2.5,3.0,11,sqrt(2/3),0.816496580927726,48,3.3020217662250595e-27,2.1091289395646265e-22,12.839004234678757,0.0002130569905526883,-30.875853205066072,False,-82.42011461416736,True
775,59,3,14,-2.5,3.0,12,1,1.0,26,7.035296835584263e-31,2.1091289395646265e-22,60260.891946773874,1.000000004012898,-1815687489.1122808,True,-1815687540.6565423,False
776,60,3,15,-2.5,3.5,0,-1,-1.0,26,1.0901227128810555e-26,2.3008679340720074e-22,4.241936205755517,7.039285489708174e-05,41.35280985091743,False,-10.191451558183857,True
777,60,3,15,-2.5,3.5,1,-sqrt(2/3),-0.816496580927726,48,1.0389094172851887e-26,2.3008679340720074e-22,4.451106524386433,7.386393394541456e-05,40.4917653368558,False,-11.05249607224549,True
778,60,3,15,-2.5,3.5,2,-1/sqrt(2),-0.7071067811865475,48,1.0071420627847383e-26,2.3008679340720074e-22,4.5915424356346906,7.61943991488811e-05,39.887863860135084,False,-11.656397548966204,True
779,60,3,15,-2.5,3.5,3,-1/sqrt(3),-0.5773502691896258,48,9.68109457776705e-27,2.3008679340720074e-22,4.776713815703093,7.926722755930407e-05,39.06002419161453,False,-12.484237217486758,True
780,60,3,15,-2.5,3.5,4,-1/2,-0.5,48,9.440739633773163e-27,2.3008679340720074e-22,4.8983550050102425,8.12858035522171e-05,38.496721395612525,False,-13.047540013488764,True
781,60,3,15,-2.5,3.5,5,-1/3,-0.3333333333333333,24,8.900814689620018e-27,2.3008679340720074e-22,5.195556876431733,8.621772312746397e-05,37.05564816246357,False,-14.488613246637719,True
782,60,3,15,-2.5,3.5,6,0,0.0,192,7.708331645140579e-27,2.3008679340720074e-22,5.999466623425685,9.955821186317706e-05,32.69959494276942,False,-18.844666466331866,True
783,60,3,15,-2.5,3.5,7,1/3,0.3333333333333333,24,6.29382644851253e-27,2.3008679340720074e-22,7.348004948414792,0.00012193654525379073,23.90253901618043,False,-27.641722392920858,True
784,60,3,15,-2.5,3.5,8,1/2,0.5,48,5.450613604930727e-27,2.3008679340720074e-22,8.484854361480693,0.00014080200477324323,15.046591643123136,False,-36.49766976597815,True
785,60,3,15,-2.5,3.5,9,1/sqrt(3),0.5773502691896258,48,5.011303351352899e-27,2.3008679340720074e-22,9.228724623385675,0.00015314616764336948,8.542321482913565,False,-43.001939926187724,True
786,60,3,15,-2.5,3.5,10,1/sqrt(2),0.7071067811865475,48,4.171719074904446e-27,2.3008679340720074e-22,11.086173547245703,0.00018396962330934926,-10.141253557573108,False,-61.6855149666744,True
787,60,3,15,-2.5,3.5,11,sqrt(2/3),0.816496580927726,48,3.3020411521612416e-27,2.3008679340720074e-22,14.00612223415723,0.00023242474244711546,-46.54157422600532,False,-98.0858356351066,True
788,60,3,15,-2.5,3.5,12,1,1.0,26,7.67486928762034e-31,2.3008679340720074e-22,60260.891849153704,1.0000000023929392,-1815687483.3166137,True,-1815687534.8608751,False
789,61,3,16,-2.5,4.0,0,-1,-1.0,26,1.090129108605477e-26,2.4926069285760756e-22,4.5954584767168125,7.625938393372788e-05,39.79069606519362,False,-11.753565343907667,True
790,61,3,16,-2.5,4.0,1,-sqrt(2/3),-0.816496580927726,48,1.0389155125875584e-26,2.4926069285760756e-22,4.82205576292317,8.001965497843483e-05,38.771823225200436,False,-12.772438183900853,True
791,61,3,16,-2.5,4.0,2,-1/sqrt(2),-0.7071067811865475,48,1.0071479717379735e-26,2.4926069285760756e-22,4.974192184431717,8.254428442224445e-05,38.057695018388195,False,-13.486566390713094,True
792,61,3,16,-2.5,4.0,3,-1/sqrt(3),-0.5773502691896258,48,9.68115137763822e-27,2.4926069285760756e-22,5.174791382548092,8.587312992122148e-05,37.079282836657285,False,-14.464978572444004,True
793,61,3,16,-2.5,4.0,4,-1/2,-0.5,48,9.44079502372537e-27,2.4926069285760756e-22,5.306567361628684,8.80598877894221e-05,36.41382782431279,False,-15.130433584788499,True
794,61,3,16,-2.5,4.0,5,-1/3,-0.3333333333333333,24,8.900866912406038e-27,2.4926069285760756e-22,5.628531464534802,9.34027244749877e-05,34.712364699778476,False,-16.831896709322812,True
795,61,3,16,-2.5,4.0,6,0,0.0,192,7.708376873058186e-27,2.4926069285760756e-22,6.499422612300328,0.00010785473676895687,29.57514181153881,False,-21.96911959756248,True
796,61,3,16,-2.5,4.0,7,1/3,0.3333333333333333,24,6.293863379660541e-27,2.4926069285760756e-22,7.9603234778767336,0.0001320976715188973,19.21574657310697,False,-32.32851483599432,True
797,61,3,16,-2.5,4.0,8,1/2,0.5,48,5.450645590588225e-27,2.4926069285760756e-22,9.191898892043001,0.00015253506265801715,8.797459921871365,False,-42.746801487229924,True
798,61,3,16,-2.5,4.0,9,1/sqrt(3),0.5773502691896258,48,5.011332760598741e-27,2.4926069285760756e-22,9.997751412069992,0.0001659077907612217,1.1494780527173418,False,-50.39478335638395,True
799,61,3,16,-2.5,4.0,10,1/sqrt(2),0.7071067811865475,48,4.1717435607435414e-27,2.4926069285760756e-22,12.009971725345402,0.0001992996018736022,-20.809347889012884,False,-72.35360929811418,True
800,61,3,16,-2.5,4.0,11,sqrt(2/3),0.816496580927726,48,3.30206053922239e-27,2.4926069285760756e-22,15.173226524472575,0.0002517922668446912,-63.56925165962586,False,-115.11351306872714,True
801,61,3,16,-2.5,4.0,12,1,1.0,26,8.314441718608325e-31,2.4926069285760756e-22,60260.89191902238,1.0000000035523757,-1815687487.6070054,True,-1815687539.1512668,False
802,62,4,4,-2.0,-2.0,0,-1,-1.0,13,1.0900587556368388e-26,0.0,-0.0006546369634375851,1.0863379961962597e-08,50.349879694979315,False,-1.194381714121974,True
803,62,4,4,-2.0,-2.0,1,-sqrt(2/3),-0.816496580927726,24,1.0388484644529391e-26,0.0,-0.0006238825207582114,1.0353025040068104e-08,50.3979984596961,False,-1.146262949405191,True
804,62,4,4,-2.0,-2.0,2,-1/sqrt(2),-0.7071067811865475,24,1.0070829735675976e-26,0.0,-0.0006048056917453245,1.0036454400750483e-08,50.42905331826931,False,-1.1152080908319775,True
805,62,4,4,-2.0,-2.0,3,-1/sqrt(3),-0.5773502691896258,24,9.680526583787309e-27,0.0,-0.0005813659579831528,9.647483492770291e-09,50.46858013333671,False,-1.0756812757645804,True
806,62,4,4,-2.0,-2.0,4,-1/2,-0.5,24,9.44018573999156e-27,0.0,-0.0005669322405932535,9.407963018022438e-09,50.4937207847739,False,-1.0505406243273896,True
807,62,4,4,-2.0,-2.0,5,-1/3,-0.3333333333333333,12,8.900292469878105e-27,0.0,-0.0005345088423956971,8.869912596261231e-09,50.55261232045832,False,-0.9916490886429656,True
808,62,4,4,-2.0,-2.0,6,0,0.0,96,7.707879380025784e-27,0.0,-0.0004628982360620864,7.68156963770981e-09,50.69645339239668,False,-0.8478080167046116,True
809,62,4,4,-2.0,-2.0,7,1/3,0.3333333333333333,12,6.293457159994374e-27,0.0,-0.000377954827062169,6.271975345348291e-09,50.89918598216322,False,-0.645075426938071,True
810,62,4,4,-2.0,-2.0,8,1/2,0.5,24,5.450293778184194e-27,0.0,-0.00032731848171879257,5.431689980981299e-09,51.04302703624535,False,-0.5012343728559401,True
811,62,4,4,-2.0,-2.0,9,1/sqrt(3),0.5773502691896258,24,5.011009293010796e-27,0.0,-0.00030093716420062357,4.993904930482277e-09,51.12705920551072,False,-0.4172022035905698,True
812,62,4,4,-2.0,-2.0,10,1/sqrt(2),0.7071067811865475,24,4.1714742608672415e-27,0.0,-0.00025051872012135483,4.157235530929985e-09,51.31042705680401,False,-0.23383435229727922,True
813,62,4,4,-2.0,-2.0,11,sqrt(2/3),0.816496580927726,24,3.301847341175907e-27,0.0,-0.00019829310172359035,3.2905769581781998e-09,51.54421446943131,False,-4.69396699784852e-05,True
814,63,4,5,-2.0,-1.5,0,-1,-1.0,26,1.0900651513612605e-26,1.9173899450406803e-23,0.35291326865787054,5.856422941528815e-06,50.2876001543531,False,-1.2566612547481881,True
815,63,4,5,-2.0,-1.5,1,-sqrt(2/3),-0.816496580927726,48,1.0388545597119598e-26,1.9173899450406803e-23,0.37037324054966614,6.146162628377168e-06,50.32940461834783,False,-1.2148567907534584,True
816,63,4,5,-2.0,-1.5,2,-1/sqrt(2),-0.7071067811865475,48,1.0070888824494605e-26,1.9173899450406803e-23,0.38209433823418554,6.340668506947763e-06,50.35604959220242,False,-1.1882118168988711,True
817,63,4,5,-2.0,-1.5,3,-1/sqrt(3),-0.5773502691896258,48,9.680583382587038e-27,1.9173899450406803e-23,0.3975475878565458,6.597107620029956e-06,50.38955239271642,False,-1.1547090163848708,True
818,63,4,5,-2.0,-1.5,4,-1/2,-0.5,48,9.440241128643972e-27,1.9173899450406803e-23,0.4076981198404011,6.765550729593517e-06,50.410606199709946,False,-1.1336552093913426,True
819,63,4,5,-2.0,-1.5,5,-1/3,-0.3333333333333333,24,8.900344690825932e-27,1.9173899450406803e-23,0.43249597182030286,7.177058944594982e-06,50.459080213175575,False,-1.0851811959257134,True
820,63,4,5,-2.0,-1.5,6,0,0.0,192,7.707924604759548e-27,1.9173899450406803e-23,0.4995576318208003,8.289914365467976e-06,50.571668718458056,False,-0.9725926906432321,True
821,63,4,5,-2.0,-1.5,7,1/3,0.3333333333333333,24,6.2934940859431934e-27,1.9173899450406803e-23,0.6120196260488308,1.0156166109279905e-05,50.711896174915644,False,-0.8323652341856445,True
822,63,4,5,-2.0,-1.5,8,1/2,0.5,48,5.450325757087744e-27,1.9173899450406803e-23,0.7068084984858134,1.1729141048002751e-05,50.793232095692915,False,-0.7510293134083739,True
823,63,4,5,-2.0,-1.5,9,1/sqrt(3),0.5773502691896258,48,5.0110386945318036e-27,1.9173899450406803e-23,0.7688251449796958,1.2758276939279066e-05,50.83150733164795,False,-0.7127540774533401,True
824,63,4,5,-2.0,-1.5,10,1/sqrt(2),0.7071067811865475,48,4.171498736663476e-27,1.9173899450406803e-23,0.9236669518616304,1.5327800929067745e-05,50.883840901799225,False,-0.6604205073020637,True
825,63,4,5,-2.0,-1.5,11,sqrt(2/3),0.816496580927726,48,3.301866714736119e-27,1.9173899450406803e-23,1.1670567467223547,1.9366735434922715e-05,50.86319789658232,False,-0.6810635125189677,True
826,63,4,5,-2.0,-1.5,12,1,1.0,26,6.395727452058361e-32,1.9173899450406803e-23,60260.863151761434,0.9999995261737619,-1815685751.5016677,True,-1815685803.0459292,False
827,64,4,6,-2.0,-1.0,0,-1,-1.0,26,1.090071547085682e-26,3.8347798901144907e-23,0.7064770253412681,1.172364041342588e-05,50.1003132810138,False,-1.4439481280874915,True
828,64,4,6,-2.0,-1.0,1,-sqrt(2/3),-0.816496580927726,48,1.0388606549745935e-26,3.8347798901144907e-23,0.7413660101553898,1.2302606038178727e-05,50.12317513922421,False,-1.4210862698770796,True
829,64,4,6,-2.0,-1.0,2,-1/sqrt(2),-0.7071067811865475,48,1.0070947913372716e-26,3.8347798901144907e-23,0.7647889913752979,1.2691298945920464e-05,50.13659066591527,False,-1.4076707431860171,True
830,64,4,6,-2.0,-1.0,3,-1/sqrt(3),-0.5773502691896258,48,9.680640181476064e-27,3.8347798901144907e-23,0.7956718698211217,1.3203785196489595e-05,50.15202170552636,False,-1.3922397035749299,True
831,64,4,6,-2.0,-1.0,4,-1/2,-0.5,48,9.440296517404708e-27,3.8347798901144907e-23,0.8159583811264955,1.3540429921308798e-05,50.160815171018974,False,-1.383446238082314,True
832,64,4,6,-2.0,-1.0,5,-1/3,-0.3333333333333333,24,8.900396911926956e-27,3.8347798901144907e-23,0.8655213710702043,1.436290347822822e-05,50.17803710681136,False,-1.366224302289929,True
833,64,4,6,-2.0,-1.0,6,0,0.0,192,7.707969829758656e-27,3.8347798901144907e-23,0.9995722943417454,1.6587412931687286e-05,50.19686937908463,False,-1.3473920300166569,True
834,64,4,6,-2.0,-1.0,7,1/3,0.3333333333333333,24,6.293531012325315e-27,3.8347798901144907e-23,1.224410020626951,2.031848494081133e-05,50.14958436957183,False,-1.394677039529455,True
835,64,4,6,-2.0,-1.0,8,1/2,0.5,48,5.450357736554171e-27,3.8347798901144907e-23,1.4139360173584068,2.3463576083162912e-05,50.043407824443044,False,-1.5008535846582447,True
836,64,4,6,-2.0,-1.0,9,1/sqrt(3),0.5773502691896258,48,5.0110680966966e-27,3.8347798901144907e-23,1.5379422015273592,2.552139800813718e-05,49.94441440834318,False,-1.5998470007581105,True
837,64,4,6,-2.0,-1.0,10,1/sqrt(2),0.7071067811865475,48,4.1715232132966866e-27,3.8347798901144907e-23,1.8475735801899742,3.065957917177843e-05,49.60365128610177,False,-1.9406101229995159,True
838,64,4,6,-2.0,-1.0,11,sqrt(2/3),0.816496580927726,48,3.3018860894215034e-27,3.8347798901144907e-23,2.3342980882143984,3.873653412968886e-05,48.819728971516376,False,-2.7245324375849123,True
839,64,4,6,-2.0,-1.0,12,1,1.0,26,1.2791450604293854e-31,3.8347798901144907e-23,60260.883408857815,0.9999998623303605,-1815686972.9051323,True,-1815687024.4493937,False
840,65,4,7,-2.0,-0.5,0,-1,-1.0,26,1.0900779428101036e-26,5.752169835155171e-23,1.0600366331475648,1.7590789036738344e-05,49.78802347563916,False,-1.7562379334621312,True
841,65,4,7,-2.0,-0.5,1,-sqrt(2/3),-0.816496580927726,48,1.0388667502408399e-26,5.752169835155171e-23,1.11235442635635,1.845897720535924e-05,49.77931486757035,False,-1.7649465415309393,True
842,65,4,7,-2.0,-0.5,2,-1/sqrt(2),-0.7071067811865475,48,1.0071007002310307e-26,5.752169835155171e-23,1.1474791537906313,1.9041854863497085e-05,49.77068169513815,False,-1.7735797139631373,True
843,65,4,7,-2.0,-0.5,3,-1/sqrt(3),-0.5773502691896258,48,9.680696980454379e-27,5.752169835155171e-23,1.193791479993203,1.9810385246839636e-05,49.75599365162869,False,-1.788267757472596,True
844,65,4,7,-2.0,-0.5,4,-1/2,-0.5,48,9.44035190627377e-27,5.752169835155171e-23,1.224213851673854,2.0315229613059836e-05,49.74435356630576,False,-1.7999078427955268,True
845,65,4,7,-2.0,-0.5,5,-1/3,-0.3333333333333333,24,8.900449133181169e-27,5.752169835155171e-23,1.2985416889594268,2.1548663689168328e-05,49.7094896024404,False,-1.8347718066608891,True
846,65,4,7,-2.0,-0.5,6,0,0.0,192,7.7080150550231e-27,5.752169835155171e-23,1.4995810893611368,2.488481412959046e-05,49.57206417578687,False,-1.972197233314418,True
847,65,4,7,-2.0,-0.5,7,1/3,0.3333333333333333,24,6.29356793914073e-27,5.752169835155171e-23,1.8367932288861453,3.0480684518897893e-05,49.21226376862981,False,-2.331997640471478,True
848,65,4,7,-2.0,-0.5,8,1/2,0.5,48,5.450389716583462e-27,5.752169835155171e-23,2.121055238038613,3.5197873413882385e-05,48.79357182613627,False,-2.750689582965016,True
849,65,4,7,-2.0,-0.5,9,1/sqrt(3),0.5773502691896258,48,5.0110974995051745e-27,5.752169835155171e-23,2.3070502323146553,3.828436929892013e-05,48.46580126119511,False,-3.0784601479061777,True
850,65,4,7,-2.0,-0.5,10,1/sqrt(2),0.7071067811865475,48,4.171547690766856e-27,5.752169835155171e-23,2.771469365867729,4.5991177486010095e-05,47.46988826250179,False,-4.074373146599498,True
851,65,4,7,-2.0,-0.5,11,sqrt(2/3),0.816496580927726,48,3.301905465232039e-27,5.752169835155171e-23,3.501525730381963,5.810610549087113e-05,45.413855665486956,False,-6.130405743614332,True
852,65,4,7,-2.0,-0.5,12,1,1.0,26,1.918717088997927e-31,5.752169835155171e-23,60260.89916381203,1.0000001237761136,-1815687922.7181804,True,-1815687974.2624419,False
853,66,4,8,-2.0,0.0,0,-1,-1.0,26,1.0900843385345254e-26,7.669559780228981e-23,1.4135920921620053,2.3457868812880796e-05,49.35073513873477,False,-2.193526270366519,True
854,66,4,8,-2.0,0.0,1,-sqrt(2/3),-0.816496580927726,48,1.0388728455106984e-26,7.669559780228981e-23,1.4833384892381245,2.461527613133882e-05,49.29782864844751,False,-2.246432760653775,True
855,66,4,8,-2.0,0.0,2,-1/sqrt(2),-0.7071067811865475,48,1.007106609130738e-26,7.669559780228981e-23,1.530164825565674,2.5392336261096252e-05,49.25832783540997,False,-2.2859335736913167,True
856,66,4,8,-2.0,0.0,3,-1/sqrt(3),-0.5773502691896258,48,9.680753779521987e-27,7.669559780228981e-23,1.5919064184577618,2.6416907772490155e-05,49.20147381068475,False,-2.3427875984165354,True
857,66,4,8,-2.0,0.0,4,-1/2,-0.5,48,9.440407295251151e-27,7.669559780228981e-23,1.6324645315668567,2.7089949806246868e-05,49.161227252968445,False,-2.383034156132844,True
858,66,4,8,-2.0,0.0,5,-1/3,-0.3333333333333333,24,8.900501354588575e-27,7.669559780228981e-23,1.7315569255700158,2.8734339578776807e-05,49.05344430091789,False,-2.4908171081834,True
859,66,4,8,-2.0,0.0,6,0,0.0,192,7.708060280552879e-27,7.669559780228981e-23,1.9995840169478962,3.318211796032125e-05,48.69726190983409,False,-2.8469994992671985,True
860,66,4,8,-2.0,0.0,7,1/3,0.3333333333333333,24,6.293604866389434e-27,7.669559780228981e-23,2.4491692508475897,4.0642764843891016e-05,47.899947574380846,False,-3.6443138347204425,True
861,66,4,8,-2.0,0.0,8,1/2,0.5,48,5.4504216971756135e-27,7.669559780228981e-23,2.8281661604778647,4.693203303935523e-05,47.043741704343965,False,-4.500519704757323,True
862,66,4,8,-2.0,0.0,9,1/sqrt(3),0.5773502691896258,48,5.0111269029575195e-27,7.669559780228981e-23,3.076149237230622,5.1047190809786544e-05,46.395688715899425,False,-5.148572693201864,True
863,66,4,8,-2.0,0.0,10,1/sqrt(2),0.7071067811865475,48,4.1715721690739746e-27,7.669559780228981e-23,3.6953543085616007,6.132259586623186e-05,44.48258188466849,False,-7.0616795244327975,True
864,66,4,8,-2.0,0.0,11,sqrt(2/3),0.816496580927726,48,3.301924842167713e-27,7.669559780228981e-23,4.66873967231335,7.747544950334031e-05,40.64562595344117,False,-10.89863545566012,True
865,66,4,8,-2.0,0.0,12,1,1.0,26,2.5582896908763753e-31,7.669559780228981e-23,60260.89353714761,1.0000000304043717,-1815687583.938021,True,-1815687635.4822824,False
866,67,4,9,-2.0,0.5,0,-1,-1.0,26,1.0900907342589472e-26,9.586949725302793e-23,1.7671434024515056,2.9324879742963674e-05,48.7884526706664,False,-2.7558087384348866,True
867,67,4,9,-2.0,0.5,1,-sqrt(2/3),-0.816496580927726,48,1.03887894078417e-26,9.586949725302793e-23,1.8543181988670567,3.077150281721841e-05,48.6787213267688,False,-2.865540082332487,True
868,67,4,9,-2.0,0.5,2,-1/sqrt(2),-0.7071067811865475,48,1.0071125180363933e-26,9.586949725302793e-23,1.9128460067660749,3.174274313980739e-05,48.59953424211625,False,-2.9447271669850394,True
869,67,4,9,-2.0,0.5,3,-1/sqrt(3),-0.5773502691896258,48,9.680810578678885e-27,9.586949725302793e-23,1.990016685279133,3.3023352774508755e-05,48.48846776219619,False,-3.0557936469051015,True
870,67,4,9,-2.0,0.5,4,-1/2,-0.5,48,9.440462684336854e-27,9.586949725302793e-23,2.0407104208687192,3.386459050191894e-05,48.411442098241714,False,-3.132819310859574,True
871,67,4,9,-2.0,0.5,5,-1/3,-0.3333333333333333,24,8.900553576149169e-27,9.586949725302793e-23,2.1645670809615707,3.591993114804269e-05,48.209907802928036,False,-3.334353606173252,True
872,67,4,9,-2.0,0.5,6,0,0.0,192,7.708105506347986e-27,9.586949725302793e-23,2.4995810771450295,4.1479324424593276e-05,47.57247138231928,False,-3.97179002678201,True
873,67,4,9,-2.0,0.5,7,1/3,0.3333333333333333,24,6.293641794071419e-27,9.586949725302793e-23,3.061538086500723,5.080472591561542e-05,46.21264898900657,False,-5.3316124200947215,True
874,67,4,9,-2.0,0.5,8,1/2,0.5,48,5.4504536783306116e-27,9.586949725302793e-23,3.5352687845909565,5.86660549581675e-05,44.793935062697805,False,-6.750326346403483,True
875,67,4,9,-2.0,0.5,9,1/sqrt(3),0.5773502691896258,48,5.011156307053622e-27,9.586949725302793e-23,3.845239216124447,6.380986253823379e-05,43.734097598402016,False,-7.810163810699272,True
876,67,4,9,-2.0,0.5,10,1/sqrt(2),0.7071067811865475,48,4.171596648218026e-27,9.586949725302793e-23,4.61922840789044,7.66538343061188e-05,40.641762207371116,False,-10.902499201730173,True
877,67,4,9,-2.0,0.5,11,sqrt(2/3),0.816496580927726,48,3.301944220228501e-27,9.586949725302793e-23,5.835939913036439,9.684456615096458e-05,34.51508781437229,False,-17.029173594728995,True
878,67,4,9,-2.0,0.5,12,1,1.0,26,3.197862350085798e-31,9.586949725302793e-23,60260.889080796376,0.9999999564534043,-1815687315.6174676,True,-1815687367.161729,False
879,68,4,10,-2.0,1.0,0,-1,-1.0,26,1.0900971299833689e-26,1.1504339670343472e-22,2.1206905640829796,3.5191821828097385e-05,48.10118047165358,False,-3.4430809374477107,True
880,68,4,10,-2.0,1.0,1,-sqrt(2/3),-0.816496580927726,48,1.0388850360612536e-26,1.1504339670343472e-22,2.225293555309491,3.692765726409897e-05,47.921997747292004,False,-3.622263661809285,True
881,68,4,10,-2.0,1.0,2,-1/sqrt(2),-0.7071067811865475,48,1.0071184269479959e-26,1.1504339670343472e-22,2.295522697457484,3.809307550071992e-05,47.794306070481504,False,-3.7499553386197846,True
882,68,4,10,-2.0,1.0,3,-1/sqrt(3),-0.5773502691896258,48,9.68086737792507e-27,1.1504339670343472e-22,2.3881222805216495,3.962972025396301e-05,47.61698108549669,False,-3.9272803236045988,True
883,68,4,10,-2.0,1.0,4,-1/2,-0.5,48,9.440518073530874e-27,1.1504339670343472e-22,2.448951519642657,4.063915170112508e-05,47.49500396918818,False,-4.049257439913106,True
884,68,4,10,-2.0,1.0,5,-1/3,-0.3333333333333333,24,8.900605797862947e-27,1.1504339670343472e-22,2.5975721551936903,4.310543839795498e-05,47.178886708974346,False,-4.365374700126942,True
885,68,4,10,-2.0,1.0,6,0,0.0,192,7.708150732408416e-27,1.1504339670343472e-22,2.999572269995544,4.977643352312024e-05,46.197701394146115,False,-5.346560014955173,True
886,68,4,10,-2.0,1.0,7,1/3,0.3333333333333333,24,6.293678722186674e-27,1.1504339670343472e-22,3.6738997358349943,6.0966567733896034e-05,44.15038121455948,False,-7.393880194541808,True
887,68,4,10,-2.0,1.0,8,1/2,0.5,48,5.4504856600484444e-27,1.1504339670343472e-22,4.242363110292696,7.039993916890547e-05,42.04416950486382,False,-9.500091904237472,True
888,68,4,10,-2.0,1.0,9,1/sqrt(3),0.5773502691896258,48,5.0111857117934685e-27,1.1504339670343472e-22,4.614320168845341,7.657238448175955e-05,40.48104873486821,False,-11.063212674233078,True
889,68,4,10,-2.0,1.0,10,1/sqrt(2),0.7071067811865475,48,4.171621128198992e-27,1.1504339670343472e-22,5.543091663473138,9.198489279934654e-05,35.94745928643452,False,-15.596802122666766,True
890,68,4,10,-2.0,1.0,11,sqrt(2/3),0.816496580927726,48,3.30196359941438e-27,1.1504339670343472e-22,7.003126451579195,0.00011621345541761347,27.02228923124851,False,-24.521972177852778,True
891,68,4,10,-2.0,1.0,12,1,1.0,26,3.8374347513057728e-31,1.1504339670343472e-22,60260.89016104019,0.9999999743795216,-1815687380.8962424,True,-1815687432.4405038,False
892,69,4,11,-2.0,1.5,0,-1,-1.0,26,1.0901035257077905e-26,1.3421729615417284e-22,2.4742335771416673,4.105869506969644e-05,47.288922941724195,False,-4.2553384673770935,True
893,69,4,11,-2.0,1.5,1,-sqrt(2/3),-0.816496580927726,48,1.03889113134195e-26,1.3421729615417284e-22,2.5962645586509985,4.3083739473400496e-05,47.0276627545697,False,-4.516598654531592,True
894,69,4,11,-2.0,1.5,2,-1/sqrt(2),-0.7071067811865475,48,1.0071243358655466e-26,1.3421729615417284e-22,2.678194897725383,4.4443333345252376e-05,46.84264847551617,False,-4.701612933585118,True
895,69,4,11,-2.0,1.5,3,-1/sqrt(3),-0.5773502691896258,48,9.68092417726054e-27,1.3421729615417284e-22,2.7862232042702826,4.623601021226297e-05,46.587019359694565,False,-4.957242049406723,True
896,69,4,11,-2.0,1.5,4,-1/2,-0.5,48,9.44057346283321e-27,1.3421729615417284e-22,2.857187827973048,4.741363340526549e-05,46.41191873263792,False,-5.132342676463367,True
897,69,4,11,-2.0,1.5,5,-1/3,-0.3333333333333333,24,8.900658019729907e-27,1.3421729615417284e-22,3.030572148348419,5.029086132987517e-05,45.960387619311646,False,-5.583873789789642,True
898,69,4,11,-2.0,1.5,6,0,0.0,192,7.708195958734165e-27,1.3421729615417284e-22,3.4995575955683655,5.807344525704594e-05,44.57296074593832,False,-6.971300663162971,True
899,69,4,11,-2.0,1.5,7,1/3,0.3333333333333333,24,6.2937156507351936e-27,1.3421729615417284e-22,4.286254198871596,7.112829029908452e-05,41.71315745282697,False,-9.831103956274319,True
900,69,4,11,-2.0,1.5,8,1/2,0.5,48,5.4505176423291046e-27,1.3421729615417284e-22,4.949449137534551,8.213368567076377e-05,38.79446263436095,False,-12.749798774740341,True
901,69,4,11,-2.0,1.5,9,1/sqrt(3),0.5773502691896258,48,5.011215117177048e-27,1.3421729615417284e-22,5.3833920952823915,8.933475663852334e-05,36.636562951468136,False,-14.907698457633153,True
902,69,4,11,-2.0,1.5,10,1/sqrt(2),0.7071067811865475,48,4.171645609016859e-27,1.3421729615417284e-22,6.466944074976506,0.000107315771340386,30.399703178429252,False,-21.144558230672036,True
903,69,4,11,-2.0,1.5,11,sqrt(2/3),0.816496580927726,48,3.301982979725333e-27,1.3421729615417284e-22,8.17029928703016,0.00013558211728816177,18.167278190517997,False,-33.37698321858329,True
904,69,4,11,-2.0,1.5,12,1,1.0,26,4.477007005103203e-31,1.3421729615417284e-22,60260.89291711046,1.0000000201151586,-1815687547.1336446,True,-1815687598.677906,False
905,70,4,12,-2.0,2.0,0,-1,-1.0,26,1.090109921432212e-26,1.5339119560457963e-22,2.8277724416883703,4.692549946876981e-05,46.35168448080308,False,-5.192576928298209,True
906,70,4,12,-2.0,2.0,1,-sqrt(2/3),-0.816496580927726,48,1.0388972266262584e-26,1.5339119560457963e-22,2.9672312089515107,4.923974944611753e-05,45.9957211930467,False,-5.54854021605459,True
907,70,4,12,-2.0,2.0,2,-1/sqrt(2),-0.7071067811865475,48,1.0071302447890447e-26,1.5339119560457963e-22,3.060862607628806,5.079351667438441e-05,45.74456661212028,False,-5.799694796981008,True
908,70,4,12,-2.0,2.0,3,-1/sqrt(3),-0.5773502691896258,48,9.680980976685296e-27,1.5339119560457963e-22,3.1843194565824824,5.284222265036201e-05,45.39858816378497,False,-6.145673245316317,True
909,70,4,12,-2.0,2.0,4,-1/2,-0.5,48,9.44062885224386e-27,1.5339119560457963e-22,3.2654193459160497,5.4188035615272074e-05,45.1621922553065,False,-6.382069153794788,True
910,70,4,12,-2.0,2.0,5,-1/3,-0.3333333333333333,24,8.900710241750047e-27,1.5339119560457963e-22,3.4635670604778723,5.747619994466809e-05,44.554417134078854,False,-6.989844275022435,True
911,70,4,12,-2.0,2.0,6,0,0.0,192,7.70824118532523e-27,1.5339119560457963e-22,3.9995370538978623,6.637035962694071e-05,42.69825823821665,False,-8.846003170884636,True
912,70,4,12,-2.0,2.0,7,1/3,0.3333333333333333,24,6.29375257971697e-27,1.5339119560457963e-22,4.898601475589405,8.128989361083038e-05,38.90099090559687,False,-12.643270503504418,True
913,70,4,12,-2.0,2.0,8,1/2,0.5,48,5.450549625172582e-27,1.5339119560457963e-22,5.656526866219134,9.386729446212633e-05,35.044832054915176,False,-16.499429354186113,True
914,70,4,12,-2.0,2.0,9,1/sqrt(3),0.5773502691896258,48,5.011244523204351e-27,1.5339119560457963e-22,6.152454995271549,0.00010209697900580281,32.20066107479559,False,-19.343600334305698,True
915,70,4,12,-2.0,2.0,10,1/sqrt(2),0.7071067811865475,48,4.171670090671616e-27,1.5339119560457963e-22,7.390785642003531,0.00012264646992264896,23.998523941276062,False,-27.545737467825226,True
916,70,4,12,-2.0,2.0,11,sqrt(2/3),0.816496580927726,48,3.3020023611613415e-27,1.5339119560457963e-22,9.33745841839727,0.0001549505517461467,7.950102683073617,False,-43.59415872602767,True
917,70,4,12,-2.0,2.0,12,1,1.0,26,5.116579489248358e-31,1.5339119560457963e-22,60260.89227109477,1.0000000093948447,-1815687508.337694,True,-1815687559.8819554,False
918,71,4,13,-2.0,2.5,0,-1,-1.0,26,1.0901163171566337e-26,1.7256509505531774e-22,3.181307157808324,5.279223502673196e-05,45.289469488599735,False,-6.254791920501553,True
919,71,4,13,-2.0,2.5,1,-sqrt(2/3),-0.816496580927726,48,1.0389033219141792e-26,1.7256509505531774e-22,3.3381935062965966,5.539568718367004e-05,44.82617790693647,False,-6.718083502164816,True
920,71,4,13,-2.0,2.5,2,-1/sqrt(2),-0.7071067811865475,48,1.0071361537184902e-26,1.7256509505531774e-22,3.443525827253236,5.7143625489534535e-05,44.50006563495194,False,-7.044195774149351,True
921,71,4,13,-2.0,2.5,3,-1/sqrt(3),-0.5773502691896258,48,9.681037776199337e-27,1.7256509505531774e-22,3.582411037543217,5.944835756967012e-05,44.051693076507505,False,-7.492568332593784,True
922,71,4,13,-2.0,2.5,4,-1/2,-0.5,48,9.440684241762823e-27,1.7256509505531774e-22,3.6736460735560392,6.096235833254504e-05,43.74583040364532,False,-7.798431005455967,True
923,71,4,13,-2.0,2.5,5,-1/3,-0.3333333333333333,24,8.900762463923365e-27,1.7256509505531774e-22,3.8965568916640936,6.46614542436952e-05,42.96098185313055,False,-8.58327955597074,True
924,71,4,13,-2.0,2.5,6,0,0.0,192,7.708286412181604e-27,1.7256509505531774e-22,4.499510645052966,7.466717663394839e-05,40.57360267117439,False,-10.970658737926897,True
925,71,4,13,-2.0,2.5,7,1/3,0.3333333333333333,24,6.2937895091319964e-27,1.7256509505531774e-22,5.5109415660096275,9.145137766948549e-05,35.71389477432054,False,-15.830366634780745,True
926,71,4,13,-2.0,2.5,8,1/2,0.5,48,5.450581608578869e-27,1.7256509505531774e-22,6.363596296297938,0.00010560076554218815,30.79529537001026,False,-20.74896603909103,True
927,71,4,13,-2.0,2.5,9,1/sqrt(3),0.5773502691896258,48,5.011273929875367e-27,1.7256509505531774e-22,6.92150886870194,0.00011485905158175806,27.173363931336603,False,-24.370897477764686,True
928,71,4,13,-2.0,2.5,10,1/sqrt(2),0.7071067811865475,48,4.171694573163245e-27,1.7256509505531774e-22,8.314616364221097,0.0001379769885406075,16.743951633478773,False,-34.800309775622516,True
929,71,4,13,-2.0,2.5,11,sqrt(2/3),0.816496580927726,48,3.302021743722385e-27,1.7256509505531774e-22,10.504603844769232,0.00017431875877644572,-3.6291892969719868,False,-55.173450706073275,True
930,71,4,13,-2.0,2.5,12,1,1.0,26,5.756151935855365e-31,1.7256509505531774e-22,60260.892161738135,1.0000000075801248,-1815687501.8655481,True,-1815687553.4098096,False
931,72,4,14,-2.0,3.0,0,-1,-1.0,26,1.0901227128810555e-26,1.9173899450572456e-22,3.5348377255623262,5.8658901744591764e-05,44.10228236473787,False,-7.441979044363421,True
932,72,4,14,-2.0,3.0,1,-sqrt(2/3),-0.816496580927726,48,1.0389094172057123e-26,1.9173899450572456e-22,3.7091514507461807,6.155155268705246e-05,43.51903774036378,False,-8.02522366873751,True
933,72,4,14,-2.0,3.0,2,-1/sqrt(2),-0.7071067811865475,48,1.007142062653883e-26,1.9173899450572456e-22,3.8261845566577,6.349365979168232e-05,43.10915069857915,False,-8.435110710522139,True
934,72,4,14,-2.0,3.0,3,-1/sqrt(3),-0.5773502691896258,48,9.681094575802657e-27,1.9173899450572456e-22,3.9804979472099355,6.605441497114064e-05,42.546339676510584,False,-8.997921732590704,True
935,72,4,14,-2.0,3.0,4,-1/2,-0.5,48,9.440739631390097e-27,1.9173899450572456e-22,4.081868010949171,6.773660155801625e-05,42.16283904401432,False,-9.38142236508697,True
936,72,4,14,-2.0,3.0,5,-1/3,-0.3333333333333333,24,8.900814686249855e-27,1.9173899450572456e-22,4.329541641959198,7.184662422782133e-05,41.18008837623137,False,-10.364173032869921,True
937,72,4,14,-2.0,3.0,6,0,0.0,192,7.708331639303284e-27,1.9173899450572456e-22,4.999478369068044,8.296389627863936e-05,38.19900284493646,False,-13.34525856416483,True
938,72,4,14,-2.0,3.0,7,1/3,0.3333333333333333,24,6.293826438980265e-27,1.9173899450572456e-22,6.123274470111151,0.00010161274247469952,32.1518822605016,False,-19.392379148599687,True
939,72,4,14,-2.0,3.0,8,1/2,0.5,48,5.4506135925479504e-27,1.9173899450572456e-22,7.070657427673604,0.00011733409890933362,26.045870183405974,False,-25.498391225695315,True
940,72,4,14,-2.0,3.0,9,1/sqrt(3),0.5773502691896258,48,5.011303337190082e-27,1.9173899450572456e-22,7.690553715409548,0.00012762097436366736,21.554692348082487,False,-29.989569061018802,True
941,72,4,14,-2.0,3.0,10,1/sqrt(2),0.7071067811865475,48,4.171719056491733e-27,1.9173899450572456e-22,9.238436241232261,0.00015330732718767456,8.636016315008959,False,-42.90824509409233,True
942,72,4,14,-2.0,3.0,11,sqrt(2/3),0.816496580927726,48,3.3020411274084444e-27,1.9173899450572456e-22,11.671735565154139,0.00019368673836259873,-16.570549750874356,False,-68.11481115997564,True
943,72,4,14,-2.0,3.0,12,1,1.0,26,6.39572444218215e-31,1.9173899450572456e-22,60260.891511464666,0.999999996789155,-1815687462.7848501,True,-1815687514.3291116,False
944,73,4,15,-2.0,3.5,0,-1,-1.0,26,1.090129108605477e-26,2.1091289395646265e-22,3.8883641450356112,6.452549962376366e-05,42.79012750860856,False,-8.754133900492725,True
945,73,4,15,-2.0,3.5,1,-sqrt(2/3),-0.816496580927726,48,1.0389155125008574e-26,2.1091289395646265e-22,4.0801050423858305,6.770734595768473e-05,42.07430553720302,False,-9.469955871898271,True
946,73,4,15,-2.0,3.5,2,-1/sqrt(2),-0.7071067811865475,48,1.0071479715952234e-26,2.1091289395646265e-22,4.208838795927677,6.98436195822462e-05,41.57182695730775,False,-9.97243445179354,True
947,73,4,15,-2.0,3.5,3,-1/sqrt(3),-0.5773502691896258,48,9.681151375495259e-27,2.1091289395646265e-22,4.378580185667603,7.266039485618352e-05,40.88253354216517,False,-10.661727866936118,True
948,73,4,15,-2.0,3.5,4,-1/2,-0.5,48,9.440795021125679e-27,2.1091289395646265e-22,4.49008515817982,7.451076529308582e-05,40.41322404248621,False,-11.131037366615075,True
949,73,4,15,-2.0,3.5,5,-1/3,-0.3333333333333333,24,8.900866908729517e-27,2.1091289395646265e-22,4.762521311445225,7.903170989840789e-05,39.21174330283571,False,-12.332518106265582,True
950,73,4,15,-2.0,3.5,6,0,0.0,192,7.708376866690264e-27,2.1091289395646265e-22,5.499440226012031,9.126051856215749e-05,35.5744675592657,False,-15.96979384983559,True
951,73,4,15,-2.0,3.5,7,1/3,0.3333333333333333,24,6.293863369261767e-27,2.1091289395646265e-22,6.735600187915195,0.00011177398802682458,28.21496656525533,False,-23.329294843845958,True
952,73,4,15,-2.0,3.5,8,1/2,0.5,48,5.450645577079822e-27,2.1091289395646265e-22,7.777710260297639,0.00012906729456275804,20.796574098550778,False,-30.74768731055051,True
953,73,4,15,-2.0,3.5,9,1/sqrt(3),0.5773502691896258,48,5.011332745148487e-27,2.1091289395646265e-22,8.45958953528353,0.00014038274734969123,15.344667151834855,False,-36.19959425726643,True
954,73,4,15,-2.0,3.5,10,1/sqrt(2),0.7071067811865475,48,4.171743540657065e-27,2.1091289395646265e-22,10.162245272703975,0.00016863748585832335,-0.32525195369711213,False,-51.8695133627984,True
955,73,4,15,-2.0,3.5,11,sqrt(2/3),0.816496580927726,48,3.3020605122194996e-27,2.1091289395646265e-22,12.838853578640844,0.00021305449048948563,-30.873930676858606,False,-82.4181920859599,True
956,73,4,15,-2.0,3.5,12,1,1.0,26,7.035296913762884e-31,2.1091289395646265e-22,60260.891277134266,0.9999999929005567,-1815687448.759201,True,-1815687500.3034625,False
957,74,4,16,-2.0,4.0,0,-1,-1.0,26,1.0901355043298986e-26,2.3008679340686944e-22,4.241886416288972,7.039202866525649e-05,41.35300931953443,False,-10.19125208956686,True
958,74,4,16,-2.0,4.0,1,-sqrt(2/3),-0.816496580927726,48,1.0389216077996147e-26,2.3008679340686944e-22,4.451054281275471,7.386306699656129e-05,40.49198614125888,False,-11.052275267842411,True
959,74,4,16,-2.0,4.0,2,-1/sqrt(2),-0.7071067811865475,48,1.0071538805425108e-26,2.3008679340686944e-22,4.591488545122196,7.619350486220576e-05,39.88809956537369,False,-11.656161843727595,True
960,74,4,16,-2.0,4.0,3,-1/sqrt(3),-0.5773502691896258,48,9.681208175277139e-27,2.3008679340686944e-22,4.776657752973668,7.926629722575209e-05,39.06028025177291,False,-12.48398115732838,True
961,74,4,16,-2.0,4.0,4,-1/2,-0.5,48,9.440850410969567e-27,2.3008679340686944e-22,4.898297515304141,8.128484953868567e-05,38.49699126506532,False,-13.04727014403597,True
962,74,4,16,-2.0,4.0,5,-1/3,-0.3333333333333333,24,8.900919131362346e-27,2.3008679340686944e-22,5.195495900174292,8.621671125631975e-05,37.055953232333884,False,-14.488308176767404,True
963,74,4,16,-2.0,4.0,6,0,0.0,192,7.708422094342539e-27,2.3008679340686944e-22,5.999396215919301,9.955704348507324e-05,32.700005613891165,False,-18.844255795210124,True
964,74,4,16,-2.0,4.0,7,1/3,0.3333333333333333,24,6.293900299976495e-27,2.3008679340686944e-22,7.347918719400662,0.00012193511432551054,23.903160889801036,False,-27.641100519300252,True
965,74,4,16,-2.0,4.0,8,1/2,0.5,48,5.4506775621744685e-27,2.3008679340686944e-22,8.484754794072717,0.00014080035250084634,15.047424719237995,False,-36.496836689863294,True
966,74,4,16,-2.0,4.0,9,1/sqrt(3),0.5773502691896258,48,5.011362153750569e-27,2.3008679340686944e-22,9.22861632815991,0.0001531443705371087,8.543309169982166,False,-43.00095223911912,True
967,74,4,16,-2.0,4.0,10,1/sqrt(2),0.7071067811865475,48,4.171768025659223e-27,2.3008679340686944e-22,11.086043458239383,0.00018396746454596823,-10.13982311061799,False,-61.68408451971928,True
968,74,4,16,-2.0,4.0,11,sqrt(2/3),0.816496580927726,48,3.3020798981555275e-27,2.3008679340686944e-22,14.005957884237633,0.00023242201514064937,-46.53928406833145,False,-98.08354547743274,True
969,74,4,16,-2.0,4.0,12,1,1.0,26,7.674869359284075e-31,2.3008679340686944e-22,60260.89128638366,0.9999999930540457,-1815687449.4035897,True,-1815687500.9478512,False
970,75,5,5,-1.5,-1.5,0,-1,-1.0,13,1.090071547085682e-26,0.0,-0.0006546446453677429,1.0863507439833244e-08,50.34986796040151,False,-1.1943934486997776,True
971,75,5,5,-1.5,-1.5,1,-sqrt(2/3),-0.816496580927726,24,1.038860654967368e-26,0.0,-0.000623889841796006,1.0353146529106643e-08,50.397986725118756,False,-1.1462746839825328,True
972,75,5,5,-1.5,-1.5,2,-1/sqrt(2),-0.7071067811865475,24,1.007094791325375e-26,0.0,-0.0006048127889233674,1.0036572174946023e-08,50.42904158369225,False,-1.115219825409035,True
973,75,5,5,-1.5,-1.5,3,-1/sqrt(3),-0.5773502691896258,24,9.680640181297472e-27,0.0,-0.0005813727801043205,9.647596702531623e-09,50.46856839875998,False,-1.0756930103413112,True
974,75,5,5,-1.5,-1.5,4,-1/2,-0.5,24,9.440296517188056e-27,0.0,-0.0005669388933399203,9.40807341709684e-09,50.49370905019736,False,-1.0505523589039285,True
975,75,5,5,-1.5,-1.5,5,-1/3,-0.3333333333333333,12,8.900396911620561e-27,0.0,-0.0005345151146654058,8.870016681506756e-09,50.5526005858822,False,-0.9916608232190853,True
976,75,5,5,-1.5,-1.5,6,0,0.0,96,7.707969829227967e-27,0.0,-0.0004629036680069936,7.681659778176596e-09,50.69644165782139,False,-0.8478197512799,True
977,75,5,5,-1.5,-1.5,7,1/3,0.3333333333333333,12,6.293531011458704e-27,0.0,-0.00037795926222661345,6.272048944731226e-09,50.89917424758877,False,-0.6450871615125209,True
978,75,5,5,-1.5,-1.5,8,1/2,0.5,24,5.45035773542841e-27,0.0,-0.00032732232268387144,5.431753719916622e-09,51.04301530167132,False,-0.5012461074299708,True
979,75,5,5,-1.5,-1.5,9,1/sqrt(3),0.5773502691896258,24,5.01106809540901e-27,0.0,-0.00030094069559039597,4.9939635321669256e-09,51.12704747093689,False,-0.41721393816440155,True
980,75,5,5,-1.5,-1.5,10,1/sqrt(2),0.7071067811865475,24,4.171523211622724e-27,0.0,-0.0002505216598687548,4.1572843145990745e-09,51.3104153222305,False,-0.23384608687079123,True
981,75,5,5,-1.5,-1.5,11,sqrt(2/3),0.816496580927726,24,3.301886087171143e-27,0.0,-0.00019829542862207498,3.29061557191953e-09,51.544202734858075,False,-5.8674243213374666e-05,True
982,76,5,6,-1.5,-1.0,0,-1,-1.0,26,1.0900779428101036e-26,1.9173899450738107e-23,0.3529091120623725,5.856353964861188e-06,50.28758988675825,False,-1.2566715223430407,True
983,76,5,6,-1.5,-1.0,1,-sqrt(2/3),-0.816496580927726,48,1.038866750226389e-26,1.9173899450738107e-23,0.37036887979334304,6.146090263760586e-06,50.32939449894185,False,-1.2148669101594365,True
984,76,5,6,-1.5,-1.0,2,-1/sqrt(2),-0.7071067811865475,48,1.0071007002072379e-26,1.9173899450738107e-23,0.38208984038532195,6.340593867347579e-06,50.35603957629097,False,-1.1882218328103207,True
985,76,5,6,-1.5,-1.0,3,-1/sqrt(3),-0.5773502691896258,48,9.680696980097202e-27,1.9173899450738107e-23,0.39754290922290486,6.597029980394887e-06,50.38954251818107,False,-1.154718890920222,True
986,76,5,6,-1.5,-1.0,4,-1/2,-0.5,48,9.440351905840466e-27,1.9173899450738107e-23,0.4076933224349239,6.765471118997964e-06,50.41059642108771,False,-1.133664988013578,True
987,76,5,6,-1.5,-1.0,5,-1/3,-0.3333333333333333,24,8.900449132568388e-27,1.9173899450738107e-23,0.4324908841874191,7.176974517817684e-06,50.45907067903944,False,-1.0851907300618464,True
988,76,5,6,-1.5,-1.0,6,0,0.0,192,7.70801505396173e-27,1.9173899450738107e-23,0.49955175893901876,8.2898169078696e-06,50.571659917779805,False,-0.972601491321484,True
989,76,5,6,-1.5,-1.0,7,1/3,0.3333333333333333,24,6.2935679374075205e-27,1.9173899450738107e-23,0.6120124354845712,1.0156046785385815e-05,50.71188884115233,False,-0.8323725679489584,True
990,76,5,6,-1.5,-1.0,8,1/2,0.5,48,5.450389714331958e-27,1.9173899450738107e-23,0.7068001968177137,1.1729003285884322e-05,50.793226228844105,False,-0.7510351802571833,True
991,76,5,6,-1.5,-1.0,9,1/sqrt(3),0.5773502691896258,48,5.011097496930013e-27,1.9173899450738107e-23,0.7688161162015027,1.275812711112456e-05,50.83150253865497,False,-0.712758870446315,True
992,76,5,6,-1.5,-1.0,10,1/sqrt(2),0.7071067811865475,48,4.1715476874189546e-27,1.9173899450738107e-23,0.9236561072882615,1.5327620968681132e-05,50.883839184010526,False,-0.6604222250907625,True
993,76,5,6,-1.5,-1.0,11,sqrt(2/3),0.816496580927726,48,3.301905460731348e-27,1.9173899450738107e-23,1.1670430473371387,1.9366508100330934e-05,50.863202149944506,False,-0.6810592591567826,True
994,76,5,6,-1.5,-1.0,12,1,1.0,26,6.395727452058361e-32,1.9173899450738107e-23,60260.863152802674,0.9999995261910407,-1815685751.5644135,True,-1815685803.108675,False
995,77,5,7,-1.5,-0.5,0,-1,-1.0,26,1.0900843385345254e-26,3.8347798901144907e-23,0.7064687199173538,1.1723502588981547e-05,50.100307414135415,False,-1.4439539949658737,True
996,77,5,7,-1.5,-0.5,1,-sqrt(2/3),-0.816496580927726,48,1.0388728454890224e-26,3.8347798901144907e-23,0.7413572960531312,1.2302461431917317e-05,50.12316986509039,False,-1.421091544010899,True
997,77,5,7,-1.5,-0.5,2,-1/sqrt(2),-0.7071067811865475,48,1.007106609095049e-26,3.8347798901144907e-23,0.7647800028669165,1.2691149786023768e-05,50.13658580575206,False,-1.407675603349226,True
998,77,5,7,-1.5,-0.5,3,-1/sqrt(3),-0.5773502691896258,48,9.680753778986223e-27,3.8347798901144907e-23,0.7956625194718454,1.3203630032020372e-05,50.15201741085747,False,-1.3922439982438206,True
999,77,5,7,-1.5,-0.5,4,-1/2,-0.5,48,9.4404072946012e-27,3.8347798901144907e-23,0.8159487930666133,1.3540270812148428e-05,50.16081125999576,False,-1.3834501491055278,True
1000,77,5,7,-1.5,-0.5,5,-1/3,-0.3333333333333333,24,8.900501353669407e-27,3.8347798901144907e-23,0.8655112021809966,1.4362734730489513e-05,50.17803417371551,False,-1.3662272353857787,True
1001,77,5,7,-1.5,-0.5,6,0,0.0,192,7.708060278960832e-27,3.8347798901144907e-23,0.9995605541305521,1.6587218108629392e-05,50.19686937977048,False,-1.3473920293308055,True
1002,77,5,7,-1.5,-0.5,7,1/3,0.3333333333333333,24,6.293604863789633e-27,3.8347798901144907e-23,1.2243956440810884,2.031824636907009e-05,50.149590237820235,False,-1.394671171281054,True
1003,77,5,7,-1.5,-0.5,8,1/2,0.5,48,5.4504216937983724e-27,3.8347798901144907e-23,1.4139194180334844,2.3463300625491232e-05,50.043419560253575,False,-1.5008418488477133,True
1004,77,5,7,-1.5,-0.5,9,1/sqrt(3),0.5773502691896258,48,5.011126899094796e-27,3.8347798901144907e-23,1.5379241476876073,2.552109841350389e-05,49.9444304395072,False,-1.5998309695940875,True
1005,77,5,7,-1.5,-0.5,10,1/sqrt(2),0.7071067811865475,48,4.1715721640521485e-27,3.8347798901144907e-23,1.8475518942055165,3.065921930348169e-05,49.603679617883515,False,-1.9405817912177739,True
1006,77,5,7,-1.5,-0.5,11,sqrt(2/3),0.816496580927726,48,3.301924835416711e-27,3.8347798901144907e-23,2.3342706920520246,3.873607950378475e-05,48.8197811875155,False,-2.724480221585786,True
1007,77,5,7,-1.5,-0.5,12,1,1.0,26,1.279144630446954e-31,3.8347798901144907e-23,60260.90366545786,1.0000001984787223,-1815688193.5859509,True,-1815688245.1302123,False
1008,78,5,8,-1.5,0.0,0,-1,-1.0,26,1.0900907342589471e-26,5.752169835188301e-23,1.0600241790048202,1.7590582366335825e-05,49.78802494304293,False,-1.7562364660583611,True
1009,78,5,8,-1.5,0.0,1,-sqrt(2/3),-0.816496580927726,48,1.0388789407552685e-26,5.752169835188301e-23,1.1123413590231441,1.8458760359361176e-05,49.77931766862468,False,-1.7649437404766104,True
1010,78,5,8,-1.5,0.0,2,-1/sqrt(2),-0.7071067811865475,48,1.0071125179888078e-26,5.752169835188301e-23,1.1474656747413476,1.9041631185272247e-05,49.770685427609145,False,-1.7735759814921437,True
1011,78,5,8,-1.5,0.0,3,-1/sqrt(3),-0.5773502691896258,48,9.680810577964538e-27,5.752169835188301e-23,1.1937774580516889,1.981015255958398e-05,49.75599865643847,False,-1.788262752662817,True
1012,78,5,8,-1.5,0.0,4,-1/2,-0.5,48,9.440462683470258e-27,5.752169835188301e-23,1.2241994730861063,2.0314991007434513e-05,49.74435943430245,False,-1.7999019747988356,True
1013,78,5,8,-1.5,0.0,5,-1/3,-0.3333333333333333,24,8.900553574923619e-27,5.752169835188301e-23,1.2985264389481108,2.1548410622695454e-05,49.70949767073335,False,-1.8347637383679398,True
1014,78,5,8,-1.5,0.0,6,0,0.0,192,7.708105504225269e-27,5.752169835188301e-23,1.4995634819755126,2.488452194364489e-05,49.57207884496815,False,-1.972182564133135,True
1015,78,5,8,-1.5,0.0,7,1/3,0.3333333333333333,24,6.293641790605038e-27,5.752169835188301e-23,1.8367716665484952,3.0480326702459407e-05,49.21229163958692,False,-2.331969769514366,True
1016,78,5,8,-1.5,0.0,8,1/2,0.5,48,5.450453673827651e-27,5.752169835188301e-23,2.121030341276053,3.519746026429473e-05,48.79361289886877,False,-2.7506485102325158,True
1017,78,5,8,-1.5,0.0,9,1/sqrt(3),0.5773502691896258,48,5.0111563019033555e-27,5.752169835188301e-23,2.3070231536517483,3.828391994176425e-05,48.46585199829782,False,-3.0784094108034665,True
1018,78,5,8,-1.5,0.0,10,1/sqrt(2),0.7071067811865475,48,4.171596641522296e-27,5.752169835188301e-23,2.7714368387585817,4.599063771455588e-05,47.46996667549315,False,-4.074294733608141,True
1019,78,5,8,-1.5,0.0,11,sqrt(2/3),0.816496580927726,48,3.3019442112272184e-27,5.752169835188301e-23,3.5014846378042934,5.81054235796596e-05,45.4139878169945,False,-6.130273592106789,True
1020,78,5,8,-1.5,0.0,12,1,1.0,26,1.9187173756528864e-31,5.752169835188301e-23,60260.890161225274,0.999999974382593,-1815687380.2142484,True,-1815687431.7585099,False
1021,79,5,9,-1.5,0.5,0,-1,-1.0,26,1.0900971299833689e-26,7.669559780262113e-23,1.413575489391686,2.345759329803444e-05,49.35074687384439,False,-2.193514535256895,True
1022,79,5,9,-1.5,0.5,1,-sqrt(2/3),-0.816496580927726,48,1.0388850360251273e-26,7.669559780262113e-23,1.4833210687697251,2.4614987047193093e-05,49.297842754449675,False,-2.246418654651613,True
1023,79,5,9,-1.5,0.5,2,-1/sqrt(2),-0.7071067811865475,48,1.0071184268885149e-26,7.669559780262113e-23,1.5301468560742633,2.53920380661824e-05,49.258343597234834,False,-2.2859178118664545,True
1024,79,5,9,-1.5,0.5,3,-1/sqrt(3),-0.5773502691896258,48,9.680867377032143e-27,7.669559780262113e-23,1.5918877250267685,2.6416597564153293e-05,49.20149183440544,False,-2.3427695746958506,True
1025,79,5,9,-1.5,0.5,4,-1/2,-0.5,48,9.440518072447637e-27,7.669559780262113e-23,1.6324453625566182,2.7089631705905234e-05,49.161246811216664,False,-2.3830145978846247,True
1026,79,5,9,-1.5,0.5,5,-1/3,-0.3333333333333333,24,8.900605796331018e-27,7.669559780262113e-23,1.7315365945483598,2.873400219542451e-05,49.053467770735196,False,-2.4907936383660925,True
1027,79,5,9,-1.5,0.5,6,0,0.0,192,7.708150729755038e-27,7.669559780262113e-23,1.9995605425169023,3.3181728413629686e-05,48.697297114358214,False,-2.846964294743074,True
1028,79,5,9,-1.5,0.5,7,1/3,0.3333333333333333,24,6.2936787178537245e-27,7.669559780262113e-23,2.4491405028762263,4.0642287785378435e-05,47.90000624831775,False,-3.644255160783537,True
1029,79,5,9,-1.5,0.5,8,1/2,0.5,48,5.450485654419778e-27,7.669559780262113e-23,2.8281329664602044,4.693148220088071e-05,47.04382384769317,False,-4.50043756140812,True
1030,79,5,9,-1.5,0.5,9,1/sqrt(3),0.5773502691896258,48,5.011185705355674e-27,7.669559780262113e-23,3.0761131339431036,5.104659169340282e-05,46.39578804005071,False,-5.148473369050578,True
1031,79,5,9,-1.5,0.5,10,1/sqrt(2),0.7071067811865475,48,4.1716211198293806e-27,7.669559780262113e-23,3.6953109405662863,6.132187619557836e-05,44.4827304095391,False,-7.061530999562187,True
1032,79,5,9,-1.5,0.5,11,sqrt(2/3),0.816496580927726,48,3.3019635881628446e-27,7.669559780262113e-23,4.668684883621783,7.747454031182295e-05,40.64587001178087,False,-10.898391397320417,True
1033,79,5,9,-1.5,0.5,12,1,1.0,26,2.558289905867582e-31,7.669559780262113e-23,60260.88847325854,0.9999999463716114,-1815687278.783554,True,-1815687330.3278155,False
1034,80,5,10,-1.5,1.0,0,-1,-1.0,26,1.0901035257077905e-26,9.586949725302793e-23,1.7671226511448657,2.9324535385187795e-05,48.78847760675719,False,-2.755783802344098,True
1035,80,5,10,-1.5,1.0,1,-sqrt(2/3),-0.816496580927726,48,1.0388911312985983e-26,9.586949725302793e-23,1.8542964253592178,3.077114149651401e-05,48.67874996731507,False,-2.865511441786218,True
1036,80,5,10,-1.5,1.0,2,-1/sqrt(2),-0.7071067811865475,48,1.0071243357941698e-26,9.586949725302793e-23,1.9128235469313104,3.1742370429843614e-05,48.59956546984074,False,-2.944695939260548,True
1037,80,5,10,-1.5,1.0,3,-1/sqrt(3),-0.5773502691896258,48,9.680924176189034e-27,9.586949725302793e-23,1.9899933204614162,3.3022965046795876e-05,48.48850252407181,False,-3.0557588850294763,True
1038,80,5,10,-1.5,1.0,4,-1/2,-0.5,48,9.440573461533332e-27,9.586949725302793e-23,2.0406864615413625,3.38641929086096e-05,48.41147925777518,False,-3.1327821513261114,True
1039,80,5,10,-1.5,1.0,5,-1/3,-0.3333333333333333,24,8.900658017891603e-27,9.586949725302793e-23,2.1645416690413404,3.591950944966565e-05,48.20995107418263,False,-3.334310334918662,True
1040,80,5,10,-1.5,1.0,6,0,0.0,192,7.708195955550129e-27,9.586949725302793e-23,2.4995517357977253,4.1478837519297416e-05,47.572532988736796,False,-3.9717284203644923,True
1041,80,5,10,-1.5,1.0,7,1/3,0.3333333333333333,24,6.293715645535685e-27,9.586949725302793e-23,3.0615021530537216,5.0804129617651936e-05,46.212747265749016,False,-5.331514143352273,True
1042,80,5,10,-1.5,1.0,8,1/2,0.5,48,5.450517635574745e-27,9.586949725302793e-23,3.535227293500734,5.866536643383524e-05,44.79407000976465,False,-6.750191399336636,True
1043,80,5,10,-1.5,1.0,9,1/sqrt(3),0.5773502691896258,48,5.011215109451741e-27,9.586949725302793e-23,3.845194088410867,6.380911366591704e-05,43.73425939000926,False,-7.810002019092032,True
1044,80,5,10,-1.5,1.0,10,1/sqrt(2),0.7071067811865475,48,4.171645598973386e-27,9.586949725302793e-23,4.619174199247496,7.665293474022439e-05,40.64200087377681,False,-10.90226053532448,True
1045,80,5,10,-1.5,1.0,11,sqrt(2/3),0.816496580927726,48,3.301982966223572e-27,9.586949725302793e-23,5.835871428532404,9.684342968414344e-05,34.51547574924932,False,-17.02878565985197,True
1046,80,5,10,-1.5,1.0,12,1,1.0,26,3.197862350085798e-31,9.586949725302793e-23,60260.889080796376,0.9999999564534043,-1815687315.6174676,True,-1815687367.161729,False
1047,81,5,11,-1.5,1.5,0,-1,-1.0,26,1.090109921432212e-26,1.1504339670376602e-22,2.1206656643495974,3.519140862921038e-05,48.10122154181352,False,-3.443039867287766,True
1048,81,5,11,-1.5,1.5,1,-sqrt(2/3),-0.816496580927726,48,1.0388972265756818e-26,1.1504339670376602e-22,2.225267428877192,3.692722370874392e-05,47.92204415177245,False,-3.622217257328842,True
1049,81,5,11,-1.5,1.5,2,-1/sqrt(2),-0.7071067811865475,48,1.0071302447057723e-26,1.1504339670376602e-22,2.2954957473979722,3.809262827767445e-05,47.794356200431984,False,-3.749905208669304,True
1050,81,5,11,-1.5,1.5,3,-1/sqrt(3),-0.5773502691896258,48,9.680980975435213e-27,1.1504339670376602e-22,2.3880942444406004,3.962925500892172e-05,47.61703630453382,False,-3.9272251045674693,True
1051,81,5,11,-1.5,1.5,4,-1/2,-0.5,48,9.440628850727345e-27,1.1504339670376602e-22,2.4489227701247147,4.063867461694778e-05,47.49506264079089,False,-4.049198768310397,True
1052,81,5,11,-1.5,1.5,5,-1/3,-0.3333333333333333,24,8.900710239605373e-27,1.1504339670376602e-22,2.5975416625090935,4.310493238678033e-05,47.17895418129822,False,-4.365307227803072,True
1053,81,5,11,-1.5,1.5,6,0,0.0,192,7.708241181610542e-27,1.1504339670376602e-22,2.9995370618869055,4.9775849261791835e-05,46.197795268632994,False,-5.346466140468294,True
1054,81,5,11,-1.5,1.5,7,1/3,0.3333333333333333,24,6.293752573650912e-27,1.1504339670376602e-22,3.6738566171021696,6.0965852199631524e-05,44.15052789337135,False,-7.3937335157299415,True
1055,81,5,11,-1.5,1.5,8,1/2,0.5,48,5.450549617292542e-27,1.1504339670376602e-22,4.242313322349102,7.039911296235287e-05,42.04436898799999,False,-9.4998924211013,True
1056,81,5,11,-1.5,1.5,9,1/sqrt(3),0.5773502691896258,48,5.011244514191545e-27,1.1504339670376602e-22,4.614266016944119,7.657148585746625e-05,40.481286873452355,False,-11.062974535648934,True
1057,81,5,11,-1.5,1.5,10,1/sqrt(2),0.7071067811865475,48,4.171670078954298e-27,1.1504339670376602e-22,5.543026614469,9.198381334296452e-05,35.94780812275179,False,-15.596453286349501,True
1058,81,5,11,-1.5,1.5,11,sqrt(2/3),0.816496580927726,48,3.302002345409377e-27,1.1504339670376602e-22,7.0030442716246615,0.00011621209168149526,27.022853010325584,False,-24.521408398775705,True
1059,81,5,11,-1.5,1.5,12,1,1.0,26,3.8374346079783016e-31,1.1504339670376602e-22,60260.892411946814,1.0000000117322154,-1815687516.5378819,True,-1815687568.0821433,False
1060,82,5,12,-1.5,2.0,0,-1,-1.0,26,1.0901163171566337e-26,1.3421729615417284e-22,2.474204529066681,4.105821303111114e-05,47.28898307893394,False,-4.25527833016735,True
1061,82,5,12,-1.5,2.0,1,-sqrt(2/3),-0.816496580927726,48,1.0389033218563778e-26,1.3421729615417284e-22,2.596234079383577,4.3083233684877303e-05,47.02773015225614,False,-4.516531256845148,True
1062,82,5,12,-1.5,2.0,2,-1/sqrt(2),-0.7071067811865475,48,1.0071361536233221e-26,1.3421729615417284e-22,2.6781634575332816,4.44428116106545e-05,46.84272094389316,False,-4.701540465208126,True
1063,82,5,12,-1.5,2.0,3,-1/sqrt(3),-0.5773502691896258,48,9.681037774770678e-27,1.3421729615417284e-22,2.7861904970217717,4.62354674514842e-05,46.5870987547636,False,-4.9571626543376865,True
1064,82,5,12,-1.5,2.0,4,-1/2,-0.5,48,9.440684240029672e-27,1.3421729615417284e-22,2.857154288362833,4.741307683185168e-05,46.4120028269507,False,-5.132258582150591,True
1065,82,5,12,-1.5,2.0,5,-1/3,-0.3333333333333333,24,8.90076246147232e-27,1.3421729615417284e-22,3.0305365750037354,5.0290271007633375e-05,45.96048369217571,False,-5.583777716925582,True
1066,82,5,12,-1.5,2.0,6,0,0.0,192,7.708286407936272e-27,1.3421729615417284e-22,3.499516520818808,5.807276364168322e-05,44.57309275445573,False,-6.97116865464556,True
1067,82,5,12,-1.5,2.0,7,1/3,0.3333333333333333,24,6.2937895021993986e-27,1.3421729615417284e-22,4.28620389500044,7.112745553096657e-05,41.71336133264989,False,-9.8309000764514,True
1068,82,5,12,-1.5,2.0,8,1/2,0.5,48,5.450581599573159e-27,1.3421729615417284e-22,4.949391052907914,8.213272178481729e-05,38.79473838548847,False,-12.749523023612817,True
1069,82,5,12,-1.5,2.0,9,1/sqrt(3),0.5773502691896258,48,5.011273919575076e-27,1.3421729615417284e-22,5.383328919378793,8.933370826532789e-05,36.636891316041805,False,-14.907370093059484,True
1070,82,5,12,-1.5,2.0,10,1/sqrt(2),0.7071067811865475,48,4.171694559772102e-27,1.3421729615417284e-22,6.46686818583377,0.00010731451199721022,30.40018221230091,False,-21.14407919680038,True
1071,82,5,12,-1.5,2.0,11,sqrt(2/3),0.816496580927726,48,3.302021725720246e-27,1.3421729615417284e-22,8.170203411906442,0.0001355805262874148,18.16804978028628,False,-33.37621162881501,True
1072,82,5,12,-1.5,2.0,12,1,1.0,26,4.477007127955324e-31,1.3421729615417284e-22,60260.891263510566,0.999999992674478,-1815687447.4862397,True,-1815687499.0305011,False
1073,83,5,13,-1.5,2.5,0,-1,-1.0,26,1.0901227128810555e-26,1.5339119560491093e-22,2.827739245381352,4.692494859230452e-05,46.35176661783224,False,-5.1924947912690484,True
1074,83,5,13,-1.5,2.5,1,-sqrt(2/3),-0.816496580927726,48,1.038909417140686e-26,1.5339119560491093e-22,2.967196376963941,4.923917142633415e-05,45.995812812978656,False,-5.548448596122633,True
1075,83,5,13,-1.5,2.5,2,-1/sqrt(2),-0.7071067811865475,48,1.0071420625468198e-26,1.5339119560491093e-22,3.060826677422716,5.079292043020226e-05,45.7446648548771,False,-5.799596554224188,True
1076,83,5,13,-1.5,2.5,3,-1/sqrt(3),-0.5773502691896258,48,9.681094574195427e-27,1.5339119560491093e-22,3.1842820782898955,5.284160237589329e-05,45.398695453488756,False,-6.145565955612533,True
1077,83,5,13,-1.5,2.5,4,-1/2,-0.5,48,9.440739629440315e-27,1.5339119560491093e-22,3.2653810163400885,5.418739955472141e-05,45.16230568268881,False,-6.381955726412478,True
1078,83,5,13,-1.5,2.5,5,-1/3,-0.3333333333333333,24,8.900814683492446e-27,1.5339119560491093e-22,3.4635264066073055,5.747552531358619e-05,44.554546206637475,False,-6.989715202463813,True
1079,83,5,13,-1.5,2.5,6,0,0.0,192,7.708331634527313e-27,1.5339119560491093e-22,3.9994901126623574,6.636958066011534e-05,42.6984342463037,False,-8.84582716279759,True
1080,83,5,13,-1.5,2.5,7,1/3,0.3333333333333333,24,6.293826431181138e-27,1.5339119560491093e-22,4.8985439867697345,8.128893961200886e-05,38.901260784739314,False,-12.643000624361974,True
1081,83,5,13,-1.5,2.5,8,1/2,0.5,48,5.450613582416588e-27,1.5339119560491093e-22,5.656460485128651,9.386619290042344e-05,35.04519580511175,False,-16.499065603989536,True
1082,83,5,13,-1.5,2.5,9,1/sqrt(3),0.5773502691896258,48,5.0113033256023235e-27,1.5339119560491093e-22,6.152382795604005,0.00010209578088766182,32.20109354337254,False,-19.343167865728752,True
1083,83,5,13,-1.5,2.5,10,1/sqrt(2),0.7071067811865475,48,4.171719041426785e-27,1.5339119560491093e-22,7.390698913008663,0.00012264503069743315,23.99915319890328,False,-27.54510821019801,True
1084,83,5,13,-1.5,2.5,11,sqrt(2/3),0.816496580927726,48,3.3020411071561554e-27,1.5339119560491093e-22,9.337348848466414,0.00015494873348677885,7.951114047722378,False,-43.59314736137891,True
1085,83,5,13,-1.5,2.5,12,1,1.0,26,5.116579489248358e-31,1.5339119560491093e-22,60260.892271224926,1.0000000093970045,-1815687508.3455372,True,-1815687559.8897986,False
1086,84,5,14,-1.5,3.0,0,-1,-1.0,26,1.090129108605477e-26,1.7256509505531774e-22,3.18126981335441,5.279161531379945e-05,45.28957655812783,False,-6.254684850973462,True
1087,84,5,14,-1.5,3.0,1,-sqrt(2/3),-0.816496580927726,48,1.0389155124286064e-26,1.7256509505531774e-22,3.3381543216782106,5.539503693410889e-05,44.826296978054245,False,-6.717964431047044,True
1088,84,5,14,-1.5,3.0,2,-1/sqrt(2),-0.7071067811865475,48,1.0071479714762647e-26,1.7256509505531774e-22,3.443485407125307,5.714295473729731e-05,44.50019308793636,False,-7.044068321164929,True
1089,84,5,14,-1.5,3.0,3,-1/sqrt(3),-0.5773502691896258,48,9.681151373709457e-27,1.7256509505531774e-22,3.5823689883024215,5.944765978310231e-05,44.05183197933464,False,-7.492429429766652,True
1090,84,5,14,-1.5,3.0,4,-1/2,-0.5,48,9.440795018959268e-27,1.7256509505531774e-22,3.6736029541126403,6.09616427864889e-05,43.74597707433647,False,-7.798284334764816,True
1091,84,5,14,-1.5,3.0,5,-1/3,-0.3333333333333333,24,8.900866905665747e-27,1.7256509505531774e-22,3.8965111573719184,6.46606953055036e-05,42.96114832440296,False,-8.583113084698326,True
1092,84,5,14,-1.5,3.0,6,0,0.0,192,7.708376861383661e-27,1.7256509505531774e-22,4.499457837451926,7.466630031765858e-05,40.57382854418997,False,-10.970432864911317,True
1093,84,5,14,-1.5,3.0,7,1/3,0.3333333333333333,24,6.293863360596121e-27,1.7256509505531774e-22,5.510876892388937,9.145030444240801e-05,35.71423945082061,False,-15.830021958280682,True
1094,84,5,14,-1.5,3.0,8,1/2,0.5,48,5.450645565822817e-27,1.7256509505531774e-22,6.363521618913942,0.00010559952630755547,30.795758849993064,False,-20.748502559108225,True
1095,84,5,14,-1.5,3.0,9,1/sqrt(3),0.5773502691896258,48,5.0113327322732745e-27,1.7256509505531774e-22,6.921427645455729,0.00011485770372174616,27.173914381503952,False,-24.370347027597337,True
1096,84,5,14,-1.5,3.0,10,1/sqrt(2),0.7071067811865475,48,4.171743523918331e-27,1.7256509505531774e-22,8.31451879559672,0.000137975369437046,16.744751140446866,False,-34.79951026865442,True
1097,84,5,14,-1.5,3.0,11,sqrt(2/3),0.816496580927726,48,3.302060489717088e-27,1.7256509505531774e-22,10.50448058031262,0.00017431671326312653,-3.627906194237049,False,-55.17216760333834,True
1098,84,5,14,-1.5,3.0,12,1,1.0,26,5.7561520314070125e-31,1.7256509505531774e-22,60260.891161412306,0.9999999909802072,-1815687441.5850224,True,-1815687493.129284,False
1099,85,5,15,-1.5,3.5,0,-1,-1.0,26,1.0901355043298986e-26,1.9173899450605586e-22,3.5347962330710834,5.865821319701026e-05,44.10241729921612,False,-7.441844109885167,True
1100,85,5,15,-1.5,3.5,1,-sqrt(2/3),-0.816496580927726,48,1.038921607720139e-26,1.9173899450605586e-22,3.709107913611949,6.155083020962142e-05,43.519187491356334,False,-8.025073917744955,True
1101,85,5,15,-1.5,3.5,2,-1/sqrt(2),-0.7071067811865475,48,1.0071538804116571e-26,1.9173899450605586e-22,3.82613964672653,6.349291453335805e-05,43.10931079737148,False,-8.43495061172981,True
1102,85,5,15,-1.5,3.5,3,-1/sqrt(3),-0.5773502691896258,48,9.681208173312769e-27,1.9173899450605586e-22,3.9804512271443104,6.605363967452117e-05,42.546513910660224,False,-8.997747498441065,True
1103,85,5,15,-1.5,3.5,4,-1/2,-0.5,48,9.440850408586527e-27,1.9173899450605586e-22,4.081820101764858,6.773580652855423e-05,42.16302286794926,False,-9.38123854115203,True
1104,85,5,15,-1.5,3.5,5,-1/3,-0.3333333333333333,24,8.900919127992222e-27,1.9173899450605586e-22,4.329490827379611,7.184578098474694e-05,41.180296644894355,False,-10.363964764206933,True
1105,85,5,15,-1.5,3.5,6,0,0.0,192,7.708422088505311e-27,1.9173899450605586e-22,4.999419695256439,8.296292261545671e-05,38.19928444778283,False,-13.344976961318459,True
1106,85,5,15,-1.5,3.5,7,1/3,0.3333333333333333,24,6.293900290444342e-27,1.9173899450605586e-22,6.123202611879255,0.00010161155002251596,32.15231053171241,False,-19.39195087738888,True
1107,85,5,15,-1.5,3.5,8,1/2,0.5,48,5.450677549791837e-27,1.9173899450605586e-22,7.0705744542152935,0.00011733272200540865,26.046445122978785,False,-25.497816286122504,True
1108,85,5,15,-1.5,3.5,9,1/sqrt(3),0.5773502691896258,48,5.011362139587918e-27,1.9173899450605586e-22,7.690463468823111,0.00012761947676574132,21.55537465634673,False,-29.98888675275456,True
1109,85,5,15,-1.5,3.5,10,1/sqrt(2),0.7071067811865475,48,4.1717680072467244e-27,1.9173899450605586e-22,9.238327833264869,0.0001533055282105216,8.637006095343537,False,-42.90725531375775,True
1110,85,5,15,-1.5,3.5,11,sqrt(2/3),0.816496580927726,48,3.302079873403021e-27,1.9173899450605586e-22,11.671598606533884,0.00019368446560133715,-16.568962949338108,False,-68.1132243584394,True
1111,85,5,15,-1.5,3.5,12,1,1.0,26,6.39572444218215e-31,1.9173899450605586e-22,60260.891511568785,0.9999999967908827,-1815687462.7911246,True,-1815687514.335386,False
1112,86,5,16,-1.5,4.0,0,-1,-1.0,26,1.0901419000543203e-26,2.1091289395646265e-22,3.8883185045921675,6.452474224294582e-05,42.79029324041542,False,-8.753968168685866,True
1113,86,5,16,-1.5,4.0,1,-sqrt(2/3),-0.816496580927726,48,1.0389277030152839e-26,2.1091289395646265e-22,4.080057152825081,6.770655125386613e-05,42.074489196679146,False,-9.469772212422143,True
1114,86,5,16,-1.5,4.0,2,-1/sqrt(2),-0.7071067811865475,48,1.0071597893529965e-26,2.1091289395646265e-22,4.208789396285413,6.984279981936406e-05,41.572023137402994,False,-9.972238271698295,True
1115,86,5,16,-1.5,4.0,3,-1/sqrt(3),-0.5773502691896258,48,9.681264973005359e-27,2.1091289395646265e-22,4.378528794873011,7.265954205110316e-05,40.882746825744135,False,-10.661514583357153,True
1116,86,5,16,-1.5,4.0,4,-1/2,-0.5,48,9.440905798322096e-27,2.1091289395646265e-22,4.4900324593528955,7.450989078184922e-05,40.4134489295028,False,-11.13081247959849,True
1117,86,5,16,-1.5,4.0,5,-1/3,-0.3333333333333333,24,8.900971350471864e-27,2.1091289395646265e-22,4.762465416682499,7.903078235218107e-05,39.21199776745682,False,-12.332263641644467,True
1118,86,5,16,-1.5,4.0,6,0,0.0,192,7.708467315892257e-27,2.1091289395646265e-22,5.499375686110269,9.125944755408017e-05,35.57481075669951,False,-15.969450652401775,True
1119,86,5,16,-1.5,4.0,7,1/3,0.3333333333333333,24,6.2939372207257895e-27,2.1091289395646265e-22,6.735521145219589,0.00011177267635198256,28.215487228311474,False,-23.328774180789814,True
1120,86,5,16,-1.5,4.0,8,1/2,0.5,48,5.450709534323638e-27,2.1091289395646265e-22,7.777618990935359,0.00012906577999236755,20.797272227225857,False,-30.74698918187543,True
1121,86,5,16,-1.5,4.0,9,1/sqrt(3),0.5773502691896258,48,5.011391547546244e-27,2.1091289395646265e-22,8.459490265542154,0.00014038110001692586,15.345495194357639,False,-36.19876621474365,True
1122,86,5,16,-1.5,4.0,10,1/sqrt(2),0.7071067811865475,48,4.171792491411953e-27,2.1091289395646265e-22,10.162126025616216,0.0001686355070112737,-0.3240518764683671,False,-51.868313285569656,True
1123,86,5,16,-1.5,4.0,11,sqrt(2/3),0.816496580927726,48,3.302099258213936e-27,2.1091289395646265e-22,12.83870292613841,0.00021305199048495246,-30.872008216601685,False,-82.41626962570297,True
1124,86,5,16,-1.5,4.0,12,1,1.0,26,7.035296913762884e-31,2.1091289395646265e-22,60260.891277134266,0.9999999929005567,-1815687448.759201,True,-1815687500.3034625,False
1125,87,6,6,-1.0,-1.0,0,-1,-1.0,13,1.0900843385345254e-26,0.0,-0.0006546523272979007,1.086363491770389e-08,50.34985622596142,False,-1.194405183139871,True
1126,87,6,6,-1.0,-1.0,1,-sqrt(2/3),-0.816496580927726,24,1.0388728454817969e-26,0.0,-0.0006238971628338008,1.0353268018145182e-08,50.39797499067912,False,-1.1462864184221715,True
1127,87,6,6,-1.0,-1.0,2,-1/sqrt(2),-0.7071067811865475,24,1.0071066090831527e-26,0.0,-0.0006048198861014105,1.0036689949141562e-08,50.429029849252885,False,-1.1152315598484037,True
1128,87,6,6,-1.0,-1.0,3,-1/sqrt(3),-0.5773502691896258,24,9.680753778807637e-27,0.0,-0.0005813796022254882,9.647709912292958e-09,50.468556664320936,False,-1.075704744780353,True
1129,87,6,6,-1.0,-1.0,4,-1/2,-0.5,24,9.440407294384551e-27,0.0,-0.000566945546086587,9.40818381617124e-09,50.49369731575851,False,-1.0505640933427784,True
1130,87,6,6,-1.0,-1.0,5,-1/3,-0.3333333333333333,12,8.900501353363018e-27,0.0,-0.0005345213869351146,8.870120766752286e-09,50.55258885144377,False,-0.991672557657516,True
1131,87,6,6,-1.0,-1.0,6,0,0.0,96,7.70806027843015e-27,0.0,-0.0004629090999519008,7.681749918643382e-09,50.6964299233838,False,-0.8478314857174851,True
1132,87,6,6,-1.0,-1.0,7,1/3,0.3333333333333333,12,6.293604862923034e-27,0.0,-0.000377963697391058,6.272122544114159e-09,50.89916251315203,False,-0.6450988959492605,True
1133,87,6,6,-1.0,-1.0,8,1/2,0.5,24,5.450421692672627e-27,0.0,-0.00032732616364895036,5.431817458851945e-09,51.04300356723499,False,-0.5012578418662983,True
1134,87,6,6,-1.0,-1.0,9,1/sqrt(3),0.5773502691896258,24,5.011126897807223e-27,0.0,-0.00030094422698016826,4.994022133851574e-09,51.12703573650075,False,-0.4172256726005372,True
1135,87,6,6,-1.0,-1.0,10,1/sqrt(2),0.7071067811865475,24,4.171572162378207e-27,0.0,-0.0002505245996161548,4.157333098268165e-09,51.31040358779469,False,-0.23385782130660004,True
1136,87,6,6,-1.0,-1.0,11,sqrt(2/3),0.816496580927726,24,3.301924833166379e-27,0.0,-0.00019829775552055964,3.290654185660861e-09,51.54419100042254,False,-7.040867874508194e-05,True
1137,88,6,7,-1.0,-0.5,0,-1,-1.0,26,1.0900907342589471e-26,1.9173899450406803e-23,0.3529049555520253,5.8562849896065965e-06,50.287579619253755,False,-1.2566817898475335,True
1138,88,6,7,-1.0,-0.5,1,-sqrt(2/3),-0.816496580927726,48,1.0388789407408176e-26,1.9173899450406803e-23,0.3703645191263687,6.146017900626704e-06,50.329384379621466,False,-1.2148770294798226,True
1139,88,6,7,-1.0,-0.5,2,-1/sqrt(2),-0.7071067811865475,48,1.0071125179650153e-26,1.9173899450406803e-23,0.38208534262862504,6.340519229276856e-06,50.356029560461764,False,-1.188231848639525,True
1140,88,6,7,-1.0,-0.5,3,-1/sqrt(3),-0.5773502691896258,48,9.680810577607365e-27,1.9173899450406803e-23,0.39753823068514677,6.596952342350946e-06,50.389532643723406,False,-1.1547287653778824,True
1141,88,6,7,-1.0,-0.5,4,-1/2,-0.5,48,9.44046268303696e-27,1.9173899450406803e-23,0.40768852512777065,6.7653915100340486e-06,50.41058664254007,False,-1.1336747665612208,True
1142,88,6,7,-1.0,-0.5,5,-1/3,-0.3333333333333333,24,8.900553574310844e-27,1.9173899450406803e-23,0.4324857966588236,7.176890092770997e-06,50.459061144970015,False,-1.0852002641312737,True
1143,88,6,7,-1.0,-0.5,6,0,0.0,192,7.708105503163912e-27,1.9173899450406803e-23,0.4995458861776589,8.289719452269561e-06,50.5716511171446,False,-0.9726102919566912,True
1144,88,6,7,-1.0,-0.5,7,1/3,0.3333333333333333,24,6.2936417888718475e-27,1.9173899450406803e-23,0.6120052450677974,1.0155927463939179e-05,50.71188150738473,False,-0.832379901716557,True
1145,88,6,7,-1.0,-0.5,8,1/2,0.5,48,5.4504536715761704e-27,1.9173899450406803e-23,0.706791895319916,1.1728865526591972e-05,50.793220361943696,False,-0.7510410471575923,True
1146,88,6,7,-1.0,-0.5,9,1/sqrt(3),0.5773502691896258,48,5.0111562993282214e-27,1.9173899450406803e-23,0.7688070876085413,1.2757977286043881e-05,50.831497745575774,False,-0.7127636635255143,True
1147,88,6,7,-1.0,-0.5,10,1/sqrt(2),0.7071067811865475,48,4.17159663817443e-27,1.9173899450406803e-23,0.9236452629374035,1.532744101198698e-05,50.88383746603641,False,-0.6604239430648775,True
1148,88,6,7,-1.0,-0.5,11,sqrt(2/3),0.816496580927726,48,3.301944206726576e-27,1.9173899450406803e-23,1.1670293482330372,1.9366280770404113e-05,50.863206402928654,False,-0.6810550061726346,True
1149,88,6,7,-1.0,-0.5,12,1,1.0,26,6.395718852408288e-32,1.9173899450406803e-23,60260.94417820243,1.0000008707678876,-1815690634.2282212,True,-1815690685.7724826,False
1150,89,6,8,-1.0,0.0,0,-1,-1.0,26,1.0900971299833689e-26,3.8347798901144907e-23,0.7064604146881746,1.1723364767768744e-05,50.100301547188174,False,-1.4439598619131147,True
1151,89,6,8,-1.0,0.0,1,-sqrt(2/3),-0.816496580927726,48,1.0388850360034513e-26,3.8347798901144907e-23,0.7413485821552072,1.2302316829046741e-05,50.12316459086686,False,-1.4210968182344317,True
1152,89,6,8,-1.0,0.0,2,-1/sqrt(2),-0.7071067811865475,48,1.0071184268528263e-26,3.8347798901144907e-23,0.764771014569315,1.2691000629624863e-05,50.13658094548456,False,-1.4076804636167282,True
1153,89,6,8,-1.0,0.0,3,-1/sqrt(3),-0.5773502691896258,48,9.680867376496386e-27,3.8347798901144907e-23,0.7956531693418469,1.3203474871189955e-05,50.152013116064374,False,-1.3922482930369142,True
1154,89,6,8,-1.0,0.0,4,-1/2,-0.5,48,9.440518071797694e-27,3.8347798901144907e-23,0.8159392052315916,1.3540111706719511e-05,50.16080734883483,False,-1.383454060266459,True
1155,89,6,8,-1.0,0.0,5,-1/3,-0.3333333333333333,24,8.900605795411861e-27,3.8347798901144907e-23,0.8655010335302896,1.4362565986708605e-05,50.17803124044753,False,-1.3662301686537575,True
1156,89,6,8,-1.0,0.0,6,0,0.0,192,7.70815072816301e-27,3.8347798901144907e-23,0.9995488141947554,1.6587023290141573e-05,50.19686938018093,False,-1.3473920289203605,True
1157,89,6,8,-1.0,0.0,7,1/3,0.3333333333333333,24,6.2936787152539535e-27,3.8347798901144907e-23,1.224381267872516,2.031800780292602e-05,50.14959610558668,False,-1.394665303514607,True
1158,89,6,8,-1.0,0.0,8,1/2,0.5,48,5.450485651042576e-27,3.8347798901144907e-23,1.4139028190980316,2.3463025174282606e-05,50.043431295375605,False,-1.5008301137256836,True
1159,89,6,8,-1.0,0.0,9,1/sqrt(3),0.5773502691896258,48,5.0111857014929955e-27,3.8347798901144907e-23,1.5379060942714669,2.552079882590023e-05,49.94444646983149,False,-1.5998149392697982,True
1160,89,6,8,-1.0,0.0,10,1/sqrt(2),0.7071067811865475,48,4.171621114807612e-27,3.8347798901144907e-23,1.8475302087299255,3.0658859443629346e-05,49.60370794839252,False,-1.9405534607087702,True
1161,89,6,8,-1.0,0.0,11,sqrt(2/3),0.816496580927726,48,3.301963581411921e-27,3.8347798901144907e-23,2.33424329653254,3.8735624888549076e-05,48.81983340140111,False,-2.724428007700176,True
1162,89,6,8,-1.0,0.0,12,1,1.0,26,1.279144630446954e-31,3.8347798901144907e-23,60260.90366545786,1.0000001984787223,-1815688193.5859509,True,-1815688245.1302123,False
1163,90,6,9,-1.0,0.5,0,-1,-1.0,26,1.0901035257077905e-26,5.752169835188301e-23,1.060011725148064,1.759037570067915e-05,49.78802641012613,False,-1.7562349989751596,True
1164,90,6,9,-1.0,0.5,1,-sqrt(2/3),-0.816496580927726,48,1.0388911312696973e-26,5.752169835188301e-23,1.1123282919900244,1.8458543518342893e-05,49.779320469312154,False,-1.7649409397891347,True
1165,90,6,9,-1.0,0.5,2,-1/sqrt(2),-0.7071067811865475,48,1.0071243357465852e-26,5.752169835188301e-23,1.1474521960016155,1.904140751218426e-05,49.77068915968096,False,-1.7735722494203259,True
1166,90,6,9,-1.0,0.5,3,-1/sqrt(3),-0.5773502691896258,48,9.680924175474697e-27,5.752169835188301e-23,1.193763436432207,1.9809919877672294e-05,49.7560036608049,False,-1.7882577482963882,True
1167,90,6,9,-1.0,0.5,4,-1/2,-0.5,48,9.440573460666748e-27,5.752169835188301e-23,1.2241850948285895,2.0314752407289212e-05,49.74436530182583,False,-1.7998961072754582,True
1168,90,6,9,-1.0,0.5,5,-1/3,-0.3333333333333333,24,8.900658016666067e-27,5.752169835188301e-23,1.2985111892870584,2.154815756203503e-05,49.7095057384766,False,-1.8347556706246877,True
1169,90,6,9,-1.0,0.5,6,0,0.0,192,7.708195953427439e-27,5.752169835188301e-23,1.4995458749943373,2.488422976441094e-05,49.572093513370625,False,-1.9721678957306636,True
1170,90,6,9,-1.0,0.5,7,1/3,0.3333333333333333,24,6.2937156420693465e-27,5.752169835188301e-23,1.8367501047061923,3.0479968894240962e-05,49.212319509306965,False,-2.331941899794323,True
1171,90,6,9,-1.0,0.5,8,1/2,0.5,48,5.450517631071838e-27,5.752169835188301e-23,2.1210054450854705,3.519704712419876e-05,48.79365396990595,False,-2.750607439195342,True
1172,90,6,9,-1.0,0.5,9,1/sqrt(3),0.5773502691896258,48,5.0112151043015364e-27,5.752169835188301e-23,2.30699607561096,3.828347059493213e-05,48.46590273336975,False,-3.078358675731536,True
1173,90,6,9,-1.0,0.5,10,1/sqrt(2),0.7071067811865475,48,4.1716455922777364e-27,5.752169835188301e-23,2.7714043123967573,4.599009795550313e-05,47.47004508549305,False,-4.0742163236082405,True
1174,90,6,9,-1.0,0.5,11,sqrt(2/3),0.816496580927726,48,3.301982957222397e-27,5.752169835188301e-23,3.5014435461707754,5.810474168411583e-05,45.414119963645255,False,-6.130141445456033,True
1175,90,6,9,-1.0,0.5,12,1,1.0,26,1.9187176623078033e-31,5.752169835188301e-23,60260.88115829545,0.9999998249833797,-1815686837.6897237,True,-1815686889.2339852,False
1176,91,6,10,-1.0,1.0,0,-1,-1.0,26,1.090109921432212e-26,7.669559780228981e-23,1.413558886998606,2.3457317789448185e-05,49.35075860828282,False,-2.1935028008184716,True
1177,91,6,10,-1.0,1.0,1,-sqrt(2/3),-0.816496580927726,48,1.0388972265395558e-26,7.669559780228981e-23,1.4833036486971611,2.461469796961606e-05,49.29785685969892,False,-2.2464045494023708,True
1178,91,6,10,-1.0,1.0,2,-1/sqrt(2),-0.7071067811865475,48,1.0071302446462919e-26,7.669559780228981e-23,1.5301288869911724,2.5391739878044415e-05,49.258359358249706,False,-2.2859020508515826,True
1179,91,6,10,-1.0,1.0,3,-1/sqrt(3),-0.5773502691896258,48,9.680980974542298e-27,7.669559780228981e-23,1.5918690320205577,2.6416287362865497e-05,49.20150985723817,False,-2.342751551863117,True
1180,91,6,10,-1.0,1.0,4,-1/2,-0.5,48,9.440628849644121e-27,7.669559780228981e-23,1.6324261939819773,2.708931361279213e-05,49.16126636852404,False,-2.3829950405772493,True
1181,91,6,10,-1.0,1.0,5,-1/3,-0.3333333333333333,24,8.900710238073462e-27,7.669559780228981e-23,1.7315162639887247,2.8733664819739222e-05,49.05349123947685,False,-2.49077016962444,True
1182,91,6,10,-1.0,1.0,6,0,0.0,192,7.708241178957195e-27,7.669559780228981e-23,1.9995370686194047,3.3181338875791245e-05,48.697332317402235,False,-2.846929091699053,True
1183,91,6,10,-1.0,1.0,7,1/3,0.3333333333333333,24,6.293752569318014e-27,7.669559780228981e-23,2.44911175555826,4.064181073770866e-05,47.90006491996566,False,-3.6441964891356307,True
1184,91,6,10,-1.0,1.0,8,1/2,0.5,48,5.450549611663942e-27,7.669559780228981e-23,2.8280997731970205,4.693093137492635e-05,47.04390598794448,False,-4.5003554211568115,True
1185,91,6,10,-1.0,1.0,9,1/sqrt(3),0.5773502691896258,48,5.011244507753826e-27,7.669559780228981e-23,3.076077031476204,5.1045992590636864e-05,46.395887360511956,False,-5.148374048589332,True
1186,91,6,10,-1.0,1.0,10,1/sqrt(2),0.7071067811865475,48,4.1716700705847844e-27,7.669559780228981e-23,3.6952675735567446,6.132115654128326e-05,44.48287892902392,False,-7.06138248007737,True
1187,91,6,10,-1.0,1.0,11,sqrt(2/3),0.816496580927726,48,3.3020023341579756e-27,7.669559780228981e-23,4.668630096175618,7.747363114097242e-05,40.64611406144215,False,-10.89814734765914,True
1188,91,6,10,-1.0,1.0,12,1,1.0,26,2.558289905867582e-31,7.669559780228981e-23,60260.88847299824,0.9999999463672918,-1815687278.7678678,True,-1815687330.3121293,False
1189,92,6,11,-1.0,1.5,0,-1,-1.0,26,1.0901163171566337e-26,9.586949725302793e-23,1.7671019003250383,2.9324191035490337e-05,48.7885025416948,False,-2.7557588674064917,True
1190,92,6,11,-1.0,1.5,1,-sqrt(2/3),-0.816496580927726,48,1.0389033218130268e-26,9.586949725302793e-23,1.8542746523621882,3.077078018428623e-05,48.67877860657776,False,-2.8654828025235304,True
1191,92,6,11,-1.0,1.5,2,-1/sqrt(2),-0.7071067811865475,48,1.0071361535519463e-26,9.586949725302793e-23,1.9128010876234676,3.174199772862384e-05,48.59959669619058,False,-2.9446647129107077,True
1192,92,6,11,-1.0,1.5,3,-1/sqrt(3),-0.5773502691896258,48,9.681037773699186e-27,9.586949725302793e-23,1.9899699561918656,3.302257732817954e-05,48.48853728444837,False,-3.0557241246529188,True
1193,92,6,11,-1.0,1.5,4,-1/2,-0.5,48,9.440684238729813e-27,9.586949725302793e-23,2.040662502776128,3.3863795324628405e-05,48.41151641572518,False,-3.1327449933761073,True
1194,92,6,11,-1.0,1.5,5,-1/3,-0.3333333333333333,24,8.900762459634039e-27,9.586949725302793e-23,2.1645162577173296,3.5919087761182605e-05,48.209994343638606,False,-3.334267065462683,True
1195,92,6,11,-1.0,1.5,6,0,0.0,192,7.708286404752275e-27,9.586949725302793e-23,2.4995223951388774,4.147835062542615e-05,47.57259459271029,False,-3.971666816391,True
1196,92,6,11,-1.0,1.5,7,1/3,0.3333333333333333,24,6.293789496999951e-27,9.586949725302793e-23,3.061466220449903,5.080353333368066e-05,46.212845538756575,False,-5.331415870344713,True
1197,92,6,11,-1.0,1.5,8,1/2,0.5,48,5.450581592818878e-27,9.586949725302793e-23,3.5351858033841346,5.866467792565979e-05,44.794204951805746,False,-6.750056457295543,True
1198,92,6,11,-1.0,1.5,9,1/sqrt(3),0.5773502691896258,48,5.011273911849859e-27,9.586949725302793e-23,3.8451489617562644,6.380836481117351e-05,43.73442117564576,False,-7.809840233455532,True
1199,92,6,11,-1.0,1.5,10,1/sqrt(2),0.7071067811865475,48,4.171694549728745e-27,9.586949725302793e-23,4.619119991876653,7.665203519543988e-05,40.64223953150561,False,-10.90202187759568,True
1200,92,6,11,-1.0,1.5,11,sqrt(2/3),0.816496580927726,48,3.302021712218641e-27,9.586949725302793e-23,5.835802945635515,9.68422932439921e-05,34.51586367019493,False,-17.028397738906357,True
1201,92,6,11,-1.0,1.5,12,1,1.0,26,3.197862178092834e-31,9.586949725302793e-23,60260.89232185192,1.0000000102371347,-1815687510.9263613,True,-1815687562.4706228,False
1202,93,6,12,-1.0,2.0,0,-1,-1.0,26,1.0901227128810555e-26,1.1504339670343472e-22,2.1206407651881602,3.519099543981453e-05,48.101262610278276,False,-3.4429987988230124,True
1203,93,6,12,-1.0,2.0,1,-sqrt(2/3),-0.816496580927726,48,1.0389094170901101e-26,1.1504339670343472e-22,2.225241303045033,3.692679016334789e-05,47.92209055437253,False,-3.6221708547287577,True
1204,93,6,12,-1.0,2.0,2,-1/sqrt(2),-0.7071067811865475,48,1.0071420624635482e-26,1.1504339670343472e-22,2.295468797957532,3.8092181064902154e-05,47.79440632837277,False,-3.7498550807285156,True
1205,93,6,12,-1.0,2.0,3,-1/sqrt(3),-0.5773502691896258,48,9.681094572945358e-27,1.1504339670343472e-22,2.3880662090035805,3.9628789774567794e-05,47.617091521384616,False,-3.9271698877166727,True
1206,93,6,12,-1.0,2.0,4,-1/2,-0.5,48,9.440739627923818e-27,1.1504339670343472e-22,2.4488940212671984,4.063819754372992e-05,47.49512131008744,False,-4.049140099013847,True
1207,93,6,12,-1.0,2.0,5,-1/3,-0.3333333333333333,24,8.900814681347797e-27,1.1504339670343472e-22,2.597511170524985,4.310442638722995e-05,47.17902165101044,False,-4.365239758090851,True
1208,93,6,12,-1.0,2.0,6,0,0.0,192,7.70833163081267e-27,1.1504339670343472e-22,2.9995018545871197,4.977526501388594e-05,46.19788913959179,False,-5.3463722695095015,True
1209,93,6,12,-1.0,2.0,7,1/3,0.3333333333333333,24,6.293826425115151e-27,1.1504339670343472e-22,3.673813499359984,6.0965136681806196e-05,44.15067456682225,False,-7.393586842279042,True
1210,93,6,12,-1.0,2.0,8,1/2,0.5,48,5.4506135745366384e-27,1.1504339670343472e-22,4.2422635355494025,7.039828677478259e-05,42.044568463942326,False,-9.499692945158962,True
1211,93,6,12,-1.0,2.0,9,1/sqrt(3),0.5773502691896258,48,5.011303316589622e-27,1.1504339670343472e-22,4.614211866287065,7.657058725381932e-05,40.4815250035009,False,-11.06273640560039,True
1212,93,6,12,-1.0,2.0,10,1/sqrt(2),0.7071067811865475,48,4.1717190297096025e-27,1.1504339670343472e-22,5.542961566959431,9.198273391138411e-05,35.948156946691036,False,-15.596104462410253,True
1213,93,6,12,-1.0,2.0,11,sqrt(2/3),0.816496580927726,48,3.302041091404376e-27,1.1504339670343472e-22,7.002962093558322,0.00011621072797671072,27.023416769563838,False,-24.52084463953745,True
1214,93,6,12,-1.0,2.0,12,1,1.0,26,3.8374346079783016e-31,1.1504339670343472e-22,60260.89241177326,1.0000000117293353,-1815687516.5274231,True,-1815687568.0716846,False
1215,94,6,13,-1.0,2.5,0,-1,-1.0,26,1.090129108605477e-26,1.3421729615417284e-22,2.4741754816732078,4.105773100383522e-05,47.2890432137514,False,-4.25521819534989,True
1216,94,6,13,-1.0,2.5,1,-sqrt(2/3),-0.816496580927726,48,1.0389155123708058e-26,1.3421729615417284e-22,2.596203600831263,4.3082727908220975e-05,47.027797547294725,False,-4.516463861806564,True
1217,94,6,13,-1.0,2.5,2,-1/sqrt(2),-0.7071067811865475,48,1.007147971381098e-26,1.3421729615417284e-22,2.6781320180788435,4.444228988829779e-05,46.84279340944379,False,-4.7014679996574955,True
1218,94,6,13,-1.0,2.5,3,-1/sqrt(3),-0.5773502691896258,48,9.681151372280817e-27,1.3421729615417284e-22,2.7861577905406665,4.623492470344016e-05,46.58717814676245,False,-4.957083262338841,True
1219,94,6,13,-1.0,2.5,4,-1/2,-0.5,48,9.440795017226138e-27,1.3421729615417284e-22,2.8571207495395603,4.74125202714968e-05,46.41208691802787,False,-5.132174491073421,True
1220,94,6,13,-1.0,2.5,5,-1/3,-0.3333333333333333,24,8.900866903214732e-27,1.3421729615417284e-22,3.0305010024937316,5.0289680699242685e-05,45.96057976138249,False,-5.583681647718798,True
1221,94,6,13,-1.0,2.5,6,0,0.0,192,7.708376857138379e-27,1.3421729615417284e-22,3.499475447033055,5.8072082042314364e-05,44.573224758050884,False,-6.9710366510504045,True
1222,94,6,13,-1.0,2.5,7,1/3,0.3333333333333333,24,6.293863353663606e-27,1.3421729615417284e-22,4.2861535923097005,7.112662078243701e-05,41.71356520502057,False,-9.830696204080716,True
1223,94,6,13,-1.0,2.5,8,1/2,0.5,48,5.450645556817214e-27,1.3421729615417284e-22,4.949332969644303,8.213175792148957e-05,38.79501412663378,False,-12.749247282467508,True
1224,94,6,13,-1.0,2.5,9,1/sqrt(3),0.5773502691896258,48,5.011332721973104e-27,1.3421729615417284e-22,5.383265744957711,8.933265991673404e-05,36.6372196687812,False,-14.90704174032009,True
1225,94,6,13,-1.0,2.5,10,1/sqrt(2),0.7071067811865475,48,4.171743510527344e-27,1.3421729615417284e-22,6.466792298471917,0.00010731325268358729,30.40066122903451,False,-21.143600180066777,True
1226,94,6,13,-1.0,2.5,11,sqrt(2/3),0.816496580927726,48,3.3020604717151584e-27,1.3421729615417284e-22,8.170107539032651,0.0001355789353240042,18.168821342618088,False,-33.3754400664832,True
1227,94,6,13,-1.0,2.5,12,1,1.0,26,4.477007005103203e-31,1.3421729615417284e-22,60260.89291711046,1.0000000201151586,-1815687547.1336446,True,-1815687598.677906,False
1228,95,6,14,-1.0,3.0,0,-1,-1.0,26,1.0901355043298986e-26,1.5339119560457963e-22,2.827706049840976,4.692439772856127e-05,46.35184875172925,False,-5.192412657372039,True
1229,95,6,14,-1.0,3.0,1,-sqrt(2/3),-0.816496580927726,48,1.0389216076551137e-26,1.5339119560457963e-22,2.9671615457808027,4.9238593419899915e-05,45.99590442944815,False,-5.548356979653136,True
1230,95,6,14,-1.0,3.0,2,-1/sqrt(2),-0.7071067811865475,48,1.0071538803045953e-26,1.5339119560457963e-22,3.0607907480464305,5.079232419979031e-05,45.744763093940776,False,-5.799498315160513,True
1231,95,6,14,-1.0,3.0,3,-1/sqrt(3),-0.5773502691896258,48,9.681208171705558e-27,1.5339119560457963e-22,3.18424470086057,5.284098211574996e-05,45.39880273918425,False,-6.145458669917041,True
1232,95,6,14,-1.0,3.0,4,-1/2,-0.5,48,9.44085040663677e-27,1.5339119560457963e-22,3.2653426876493685,5.41867635088609e-05,45.16241910584902,False,-6.38184230325227,True
1233,95,6,14,-1.0,3.0,5,-1/3,-0.3333333333333333,24,8.900919125234847e-27,1.5339119560457963e-22,3.463485753675677,5.7474850698085514e-05,44.554675274429044,False,-6.989586134672244,True
1234,95,6,14,-1.0,3.0,6,0,0.0,192,7.708422083729396e-27,1.5339119560457963e-22,3.999443172511047,6.636880171128166e-05,42.698610247988775,False,-8.845651161112514,True
1235,95,6,14,-1.0,3.0,7,1/3,0.3333333333333333,24,6.2939002826453064e-27,1.5339119560457963e-22,4.898486499277926,8.128798563522254e-05,38.901530654209964,False,-12.642730754891325,True
1236,95,6,14,-1.0,3.0,8,1/2,0.5,48,5.450677539660594e-27,1.5339119560457963e-22,5.656394105571449,9.386509136416463e-05,35.04555954236673,False,-16.498701866734557,True
1237,95,6,14,-1.0,3.0,9,1/sqrt(3),0.5773502691896258,48,5.011362128000295e-27,1.5339119560457963e-22,6.152310597604159,0.00010209458279719546,32.20152599661418,False,-19.34273541248711,True
1238,95,6,14,-1.0,3.0,10,1/sqrt(2),0.7071067811865475,48,4.171767992181954e-27,1.5339119560457963e-22,7.390612186017125,0.00012264359150546163,23.999782434340425,False,-27.544478974760864,True
1239,95,6,14,-1.0,3.0,11,sqrt(2/3),0.816496580927726,48,3.302079853150971e-27,1.5339119560457963e-22,9.337239281066509,0.00015494691526941095,7.9521253768711375,False,-43.59213603223015,True
1240,95,6,14,-1.0,3.0,12,1,1.0,26,5.116579596743962e-31,1.5339119560457963e-22,60260.8910050574,0.9999999883855741,-1815687432.045153,True,-1815687483.5894144,False
1241,96,6,15,-1.0,3.5,0,-1,-1.0,26,1.0901419000543204e-26,1.7256509505531774e-22,3.181232469776696,5.279099561540705e-05,45.28968362361159,False,-6.254577785489701,True
1242,96,6,15,-1.0,3.5,1,-sqrt(2/3),-0.816496580927726,48,1.0389277029430337e-26,1.7256509505531774e-22,3.338115137979217,5.53943866998046e-05,44.82641604470523,False,-6.717845364396055,True
1243,96,6,15,-1.0,3.5,2,-1/sqrt(2),-0.7071067811865475,48,1.0071597892340395e-26,1.7256509505531774e-22,3.4434449879457705,5.714228400079817e-05,44.500320536158945,False,-7.043940872942343,True
1244,96,6,15,-1.0,3.5,3,-1/sqrt(3),-0.5773502691896258,48,9.681264971219579e-27,1.7256509505531774e-22,3.582326940048255,5.944696201290714e-05,44.0519708769969,False,-7.492290532104391,True
1245,96,6,15,-1.0,3.5,4,-1/2,-0.5,48,9.44090579615571e-27,1.7256509505531774e-22,3.6735598356809924,6.0960927257222264e-05,43.746123739589294,False,-7.798137669511995,True
1246,96,6,15,-1.0,3.5,5,-1/3,-0.3333333333333333,24,8.900971347408132e-27,1.7256509505531774e-22,3.896465424152863,6.465993638511988e-05,42.961314789540054,False,-8.582946619561234,True
1247,96,6,15,-1.0,3.5,6,0,0.0,192,7.708467310585718e-27,1.7256509505531774e-22,4.499405031090021,7.46654240219316e-05,40.574054408979215,False,-10.970207000122073,True
1248,96,6,15,-1.0,3.5,7,1/3,0.3333333333333333,24,6.293937212060246e-27,1.7256509505531774e-22,5.510812220285868,9.144923124051474e-05,35.71458411491234,False,-15.829677294188947,True
1249,96,6,15,-1.0,3.5,8,1/2,0.5,48,5.4507095230667665e-27,1.7256509505531774e-22,6.363446943282347,0.00010559828710200305,30.796222313385524,False,-20.748039095715765,True
1250,96,6,15,-1.0,3.5,9,1/sqrt(3),0.5773502691896258,48,5.011391534671183e-27,1.7256509505531774e-22,6.921346424115543,0.0001148563558933638,27.17446481201952,False,-24.36979659708177,True
1251,96,6,15,-1.0,3.5,10,1/sqrt(2),0.7071067811865475,48,4.171792474673416e-27,1.7256509505531774e-22,8.314421229261967,0.00013797375037147974,16.74555061899612,False,-34.79871079010517,True
1252,96,6,15,-1.0,3.5,11,sqrt(2/3),0.816496580927726,48,3.30209923571179e-27,1.7256509505531774e-22,10.504357318748667,0.00017431466779780952,-3.6266231369440547,False,-55.17088454604534,True
1253,96,6,15,-1.0,3.5,12,1,1.0,26,5.7561520314070125e-31,1.7256509505531774e-22,60260.891161412306,0.9999999909802072,-1815687441.5850224,True,-1815687493.129284,False
1254,97,6,16,-1.0,4.0,0,-1,-1.0,26,1.0901482957787421e-26,1.9173899450572456e-22,3.5347547415411604,5.865752466538138e-05,44.1025522287124,False,-7.441709180388891,True
1255,97,6,16,-1.0,4.0,1,-sqrt(2/3),-0.816496580927726,48,1.0389337982345659e-26,1.9173899450572456e-22,3.709064377486427,6.155010774892941e-05,43.519337236849715,False,-8.024924172251573,True
1256,97,6,16,-1.0,4.0,2,-1/sqrt(2),-0.7071067811865475,48,1.0071656981694312e-26,1.9173899450572456e-22,3.826094737835886,6.349216929230083e-05,43.10947089030344,False,-8.434790518797847,True
1257,97,6,16,-1.0,4.0,3,-1/sqrt(3),-0.5773502691896258,48,9.68132177082288e-27,1.9173899450572456e-22,3.9804045081611648,6.60528643958649e-05,42.54668813845606,False,-8.997573270645226,True
1258,97,6,16,-1.0,4.0,4,-1/2,-0.5,48,9.44096118578296e-27,1.9173899450572456e-22,4.0817721936905835,6.773501151751273e-05,42.16320668519566,False,-9.381054723905628,True
1259,97,6,16,-1.0,4.0,5,-1/3,-0.3333333333333333,24,8.901023569734588e-27,1.9173899450572456e-22,4.329440013977399,7.184493776121051e-05,41.18050490601553,False,-10.36375650308576,True
1260,97,6,16,-1.0,4.0,6,0,0.0,192,7.708512537707339e-27,1.9173899450572456e-22,4.999361022804346,8.296194897483455e-05,38.19956604052758,False,-13.34469536857371,True
1261,97,6,16,-1.0,4.0,7,1/3,0.3333333333333333,24,6.2939741419084164e-27,1.9173899450572456e-22,6.123130755312418,0.00010161035759796326,32.15273878770192,False,-19.391522621399368,True
1262,97,6,16,-1.0,4.0,8,1/2,0.5,48,5.450741507035724e-27,1.9173899450572456e-22,7.07049148267963,0.00011733134513338908,26.04702004221063,False,-25.49724136689066,True
1263,97,6,16,-1.0,4.0,9,1/sqrt(3),0.5773502691896258,48,5.011420941985754e-27,1.9173899450572456e-22,7.690373224327862,0.00012761797920251755,21.55605694052219,False,-29.9882044685791,True
1264,97,6,16,-1.0,4.0,10,1/sqrt(2),0.7071067811865475,48,4.1718169580017164e-27,1.9173899450572456e-22,9.238219427809529,0.00015330372927505498,8.637995840856611,False,-42.90626556824468,True
1265,97,6,16,-1.0,4.0,11,sqrt(2/3),0.816496580927726,48,3.302118619397597e-27,1.9173899450572456e-22,11.671461651087297,0.00019368219289274104,-16.56737620346322,False,-68.11163761256451,True
1266,97,6,16,-1.0,4.0,12,1,1.0,26,6.39572444218215e-31,1.9173899450572456e-22,60260.891511464666,0.999999996789155,-1815687462.7848501,True,-1815687514.3291116,False
1267,98,7,7,-0.5,-0.5,0,-1,-1.0,13,1.0900971299833686e-26,0.0,-0.0006546600092280586,1.0863762395574537e-08,50.349844491659006,False,-1.1944169174422825,True
1268,98,7,7,-0.5,-0.5,1,-sqrt(2/3),-0.816496580927726,24,1.0388850359962258e-26,0.0,-0.0006239044838715956,1.0353389507183721e-08,50.397963256377174,False,-1.146298152724114,True
1269,98,7,7,-0.5,-0.5,2,-1/sqrt(2),-0.7071067811865475,24,1.00711842684093e-26,0.0,-0.0006048269832794535,1.00368077233371e-08,50.42901811495122,False,-1.1152432941500692,True
1270,98,7,7,-0.5,-0.5,3,-1/sqrt(3),-0.5773502691896258,24,9.680867376317799e-27,0.0,-0.0005813864243466556,9.647823122054289e-09,50.4685449300196,False,-1.0757164790816915,True
1271,98,7,7,-0.5,-0.5,4,-1/2,-0.5,24,9.440518071581045e-27,0.0,-0.0005669521988332538,9.40829421524564e-09,50.49368558145736,False,-1.0505758276439252,True
1272,98,7,7,-0.5,-0.5,5,-1/3,-0.3333333333333333,12,8.900605795105475e-27,0.0,-0.0005345276592048235,8.870224851997812e-09,50.552577117143045,False,-0.9916842919582436,True
1273,98,7,7,-0.5,-0.5,6,0,0.0,96,7.708150727632333e-27,0.0,-0.000462914531896808,7.681840059110169e-09,50.69641818908391,False,-0.8478432200173813,True
1274,98,7,7,-0.5,-0.5,7,1/3,0.3333333333333333,12,6.293678714387364e-27,0.0,-0.00037796813255550256,6.2721961434970935e-09,50.89915077885298,False,-0.6451106302483112,True
1275,98,7,7,-0.5,-0.5,8,1/2,0.5,24,5.450485649916843e-27,0.0,-0.0003273300046140293,5.431881197787268e-09,51.04299183293635,False,-0.5012695761649368,True
1276,98,7,7,-0.5,-0.5,9,1/sqrt(3),0.5773502691896258,24,5.011185700205436e-27,0.0,-0.0003009477583699406,4.9940807355362226e-09,51.12702400220231,False,-0.4172374068989768,True
1277,98,7,7,-0.5,-0.5,10,1/sqrt(2),0.7071067811865475,24,4.17162111313369e-27,0.0,-0.0002505275393635548,4.1573818819372546e-09,51.31039185349658,False,-0.23386955560470568,True
1278,98,7,7,-0.5,-0.5,11,sqrt(2/3),0.816496580927726,24,3.301963579161615e-27,0.0,-0.00019830008241904427,3.290692799402191e-09,51.5441792661247,False,-8.214297658781788e-05,True
1279,99,7,8,-0.5,0.0,0,-1,-1.0,26,1.0901035257077905e-26,1.9173899450738107e-23,0.35290079915126227,5.856216016170502e-06,50.28756935183102,False,-1.2566920572702713,True
1280,99,7,8,-0.5,0.0,1,-sqrt(2/3),-0.816496580927726,48,1.0388911312552465e-26,1.9173899450738107e-23,0.3703601585743803,6.145945539400956e-06,50.329374260377165,False,-1.2148871487241237,True
1281,99,7,8,-0.5,0.0,2,-1/sqrt(2),-0.7071067811865475,48,1.0071243357227926e-26,1.9173899450738107e-23,0.3820808449905412,6.340444593174458e-06,50.35601954470471,False,-1.1882418643965806,True
1282,99,7,8,-0.5,0.0,3,-1/sqrt(3),-0.5773502691896258,48,9.680924175117529e-27,1.9173899450738107e-23,0.39753355227078396,6.59687470635469e-06,50.3895227693325,False,-1.1547386397687873,True
1283,99,7,8,-0.5,0.0,4,-1/2,-0.5,48,9.440573460233456e-27,1.9173899450738107e-23,0.40768372794715413,6.765311903169949e-06,50.41057686405552,False,-1.1336845450457673,True
1284,99,7,8,-0.5,0.0,5,-1/3,-0.3333333333333333,24,8.900658016053299e-27,1.9173899450738107e-23,0.43248070926444054,7.1768056699515015e-06,50.459051610954354,False,-1.0852097981469342,True
1285,99,7,8,-0.5,0.0,6,0,0.0,192,7.708195952366094e-27,1.9173899450738107e-23,0.4995400135712743,8.289621999241265e-06,50.57164231653519,False,-0.9726190925660987,True
1286,99,7,8,-0.5,0.0,7,1/3,0.3333333333333333,24,6.293715640336175e-27,1.9173899450738107e-23,0.6119980548408288,1.0155808145642267e-05,50.71187417358697,False,-0.832387235514318,True
1287,99,7,8,-0.5,0.0,8,1/2,0.5,48,5.450517628820384e-27,1.9173899450738107e-23,0.7067835940412864,1.1728727770936607e-05,50.79321449495717,False,-0.7510469141441192,True
1288,99,7,8,-0.5,0.0,9,1/sqrt(3),0.5773502691896258,48,5.011215101726432e-27,1.9173899450738107e-23,0.7687980592539606,1.2757827464919016e-05,50.83149295236948,False,-0.7127684567318084,True
1289,99,7,8,-0.5,0.0,10,1/sqrt(2),0.7071067811865475,48,4.171645588929911e-27,1.9173899450738107e-23,0.9236344188729011,1.5327261060044758e-05,50.88383574781789,False,-0.6604256612833979,True
1290,99,7,8,-0.5,0.0,11,sqrt(2/3),0.816496580927726,48,3.3019829527218074e-27,1.9173899450738107e-23,1.167015649490711,1.9366053446480776e-05,50.863210655440625,False,-0.6810507536606636,True
1291,99,7,8,-0.5,0.0,12,1,1.0,26,6.395727452058361e-32,1.9173899450738107e-23,60260.863152802674,0.9999995261910407,-1815685751.5644135,True,-1815685803.108675,False
1292,100,7,9,-0.5,0.5,0,-1,-1.0,26,1.090109921432212e-26,3.8347798901476214e-23,0.706452109659833,1.1723226949888747e-05,50.10029568016777,False,-1.4439657289335202,True
1293,100,7,9,-0.5,0.5,1,-sqrt(2/3),-0.816496580927726,48,1.0388972265178802e-26,3.8347798901476214e-23,0.7413398684680208,1.2302172229673254e-05,50.12315931654885,False,-1.421102092552438,True
1294,100,7,9,-0.5,0.5,2,-1/sqrt(2),-0.7071067811865475,48,1.0071302446106037e-26,3.8347798901476214e-23,0.7647620264890982,1.2690851476833352e-05,50.13657608510771,False,-1.4076853239935758,True
1295,100,7,9,-0.5,0.5,3,-1/sqrt(3),-0.5773502691896258,48,9.680980974006548e-27,3.8347798901476214e-23,0.7956438194379981,1.3203319714112383e-05,50.15200882114161,False,-1.3922525879596819,True
1296,100,7,9,-0.5,0.5,4,-1/2,-0.5,48,9.440628848994187e-27,3.8347798901476214e-23,0.8159296176284768,1.3539952605138975e-05,50.16080343753045,False,-1.3834579715708415,True
1297,100,7,9,-0.5,0.5,5,-1/3,-0.3333333333333333,24,8.900710237154315e-27,3.8347798901476214e-23,0.8654908651255571,1.4362397247009529e-05,50.17802830700095,False,-1.3662331021003382,True
1298,100,7,9,-0.5,0.5,6,0,0.0,192,7.708241177365186e-27,3.8347798901476214e-23,0.9995370745429861,1.6586828476367045e-05,50.19686938030734,False,-1.3473920287939478,True
1299,100,7,9,-0.5,0.5,7,1/3,0.3333333333333333,24,6.293752566718274e-27,3.8347798901476214e-23,1.2243668920118047,2.031776924255453e-05,50.149601972858235,False,-1.394659436243053,True
1300,100,7,9,-0.5,0.5,8,1/2,0.5,48,5.450549608286781e-27,3.8347798901476214e-23,1.413886220564253,2.3462749729739574e-05,50.04344302979187,False,-1.5008183793094219,True
1301,100,7,9,-0.5,0.5,9,1/sqrt(3),0.5773502691896258,48,5.0112445038911944e-27,3.8347798901476214e-23,1.5378880412922138,2.5520499245546498e-05,49.944462499295675,False,-1.5997989098056138,True
1302,100,7,9,-0.5,0.5,10,1/sqrt(2),0.7071067811865475,48,4.171670065563076e-27,3.8347798901476214e-23,1.8475085237791473,3.0658499592486016e-05,49.60373627759936,False,-1.9405251315019285,True
1303,100,7,9,-0.5,0.5,11,sqrt(2/3),0.816496580927726,48,3.302002327407133e-27,3.8347798901476214e-23,2.334215901676091,3.873517028431615e-05,48.819885613126225,False,-2.724375795975064,True
1304,100,7,9,-0.5,0.5,12,1,1.0,26,1.2791450604293854e-31,3.8347798901476214e-23,60260.88340937844,0.9999998623389998,-1815686972.9365056,True,-1815687024.480767,False
1305,101,7,10,-0.5,1.0,0,-1,-1.0,26,1.0901163171566337e-26,5.752169835188301e-23,1.0599992715833952,1.759016903986952e-05,49.78802787688231,False,-1.7562335322189782,True
1306,101,7,10,-0.5,1.0,1,-sqrt(2/3),-0.816496580927726,48,1.0389033217841259e-26,5.752169835188301e-23,1.1123152252633906,1.84583266824106e-05,49.779323269625664,False,-1.7649381394756247,True
1307,101,7,10,-0.5,1.0,2,-1/sqrt(2),-0.7071067811865475,48,1.0071361535043621e-26,5.752169835188301e-23,1.147438717578037,1.9041183844342696e-05,49.77069289134603,False,-1.7735685177552583,True
1308,101,7,10,-0.5,1.0,3,-1/sqrt(3),-0.5773502691896258,48,9.681037772984856e-27,5.752169835188301e-23,1.1937494151416255,1.9809687201218547e-05,49.7560086647198,False,-1.788252744381488,True
1309,101,7,10,-0.5,1.0,4,-1/2,-0.5,48,9.440684237863237e-27,5.752169835188301e-23,1.2241707169083464,2.03145138127408e-05,49.74437116886729,False,-1.7998902402339994,True
1310,101,7,10,-0.5,1.0,5,-1/3,-0.3333333333333333,24,8.900762458408516e-27,5.752169835188301e-23,1.2984959399837384,2.1547904507311005e-05,49.709513805660485,False,-1.8347476034408032,True
1311,101,7,10,-0.5,1.0,6,0,0.0,192,7.708286402629608e-27,5.752169835188301e-23,1.499528268426236,2.4883937592031756e-05,49.57210818098136,False,-1.9721532281199288,True
1312,101,7,10,-0.5,1.0,7,1/3,0.3333333333333333,24,6.293789493533653e-27,5.752169835188301e-23,1.8367285433697997,3.047961109441785e-05,49.21234737777056,False,-2.331914031330726,True
1313,101,7,10,-0.5,1.0,8,1/2,0.5,48,5.450581588316024e-27,5.752169835188301e-23,2.1209805494790634,3.519663399379688e-05,48.79369503922197,False,-2.7505663698793157,True
1314,101,7,10,-0.5,1.0,9,1/sqrt(3),0.5773502691896258,48,5.011273906699714e-27,5.752169835188301e-23,2.306968998205559,3.828302125864395e-05,48.46595346638033,False,-3.0783079427209614,True
1315,101,7,10,-0.5,1.0,10,1/sqrt(2),0.7071067811865475,48,4.171694543033173e-27,5.752169835188301e-23,2.7713717867981966,4.598955820911637e-05,47.47012349245738,False,-4.074137916643906,True
1316,101,7,10,-0.5,1.0,11,sqrt(2/3),0.816496580927726,48,3.3020217032175715e-27,5.752169835188301e-23,3.501402455501546,5.8104059804573936e-05,45.4142521053688,False,-6.130009303732486,True
1317,101,7,10,-0.5,1.0,12,1,1.0,26,1.9187173756528864e-31,5.752169835188301e-23,60260.890161225274,0.999999974382593,-1815687380.2142484,True,-1815687431.7585099,False
1318,102,7,11,-0.5,1.5,0,-1,-1.0,26,1.0901227128810552e-26,7.669559780262113e-23,1.4135422850071868,2.3457042287527296e-05,49.35077034201552,False,-2.193491067085766,True
1319,102,7,11,-0.5,1.5,1,-sqrt(2/3),-0.816496580927726,48,1.0389094170539843e-26,7.669559780262113e-23,1.4832862290460582,2.4614408899032965e-05,49.29787096415724,False,-2.2463904449440477,True
1320,102,7,11,-0.5,1.5,2,-1/sqrt(2),-0.7071067811865475,48,1.0071420624040687e-26,7.669559780262113e-23,1.5301109183428367,2.539144169712098e-05,49.25837511841416,False,-2.285886290687131,True
1321,102,7,11,-0.5,1.5,3,-1/sqrt(3),-0.5773502691896258,48,9.681094572052451e-27,7.669559780262113e-23,1.591850339466631,2.641597716908313e-05,49.201527879139206,False,-2.342733529962082,True
1322,102,7,11,-0.5,1.5,4,-1/2,-0.5,48,9.440739626840606e-27,7.669559780262113e-23,1.6324070258711345,2.708899552737553e-05,49.16128592484457,False,-2.3829754842567183,True
1323,102,7,11,-0.5,1.5,5,-1/3,-0.3333333333333333,24,8.900814679815902e-27,7.669559780262113e-23,1.7314959339210227,2.8733327452217323e-05,49.05351470709107,False,-2.4907467020102203,True
1324,102,7,11,-0.5,1.5,6,0,0.0,192,7.708331628159352e-27,7.669559780262113e-23,1.9995135952899412,3.318094934737904e-05,48.69736751889714,False,-2.84689389020415,True
1325,102,7,11,-0.5,1.5,7,1/3,0.3333333333333333,24,6.2938264207823026e-27,7.669559780262113e-23,2.449083008935992,4.064133370158366e-05,47.900123589221025,False,-3.644137819880264,True
1326,102,7,11,-0.5,1.5,8,1/2,0.5,48,5.450613568908103e-27,7.669559780262113e-23,2.82806658073716,4.6930380562302747e-05,47.04398812495984,False,-4.50027328414145,True
1327,102,7,11,-0.5,1.5,9,1/sqrt(3),0.5773502691896258,48,5.011303310151978e-27,7.669559780262113e-23,3.0760409298830496,5.104539350237028e-05,46.39598667711982,False,-5.148274731981466,True
1328,102,7,11,-0.5,1.5,10,1/sqrt(2),0.7071067811865475,48,4.1717190213401875e-27,7.669559780262113e-23,3.6952242075967936,6.132043690440561e-05,44.48302744288727,False,-7.061233966214019,True
1329,102,7,11,-0.5,1.5,11,sqrt(2/3),0.816496580927726,48,3.3020410801531044e-27,7.669559780262113e-23,4.668575310055482,7.74727219921267e-05,40.64635810204877,False,-10.897903307052516,True
1330,102,7,11,-0.5,1.5,12,1,1.0,26,2.5582896908763753e-31,7.669559780262113e-23,60260.893537407916,1.0000000304086913,-1815687583.9537075,True,-1815687635.497969,False
1331,103,7,12,-0.5,2.0,0,-1,-1.0,26,1.090129108605477e-26,9.586949725302793e-23,1.7670811499920058,2.9323846693870997e-05,48.78852747547929,False,-2.755733933621997,True
1332,103,7,12,-0.5,2.0,1,-sqrt(2/3),-0.816496580927726,48,1.038915512327455e-26,9.586949725302793e-23,1.8542528798759512,3.077041888053481e-05,48.678807244556936,False,-2.865454164544353,True
1333,103,7,12,-0.5,2.0,2,-1/sqrt(2),-0.7071067811865475,48,1.0071479713097228e-26,9.586949725302793e-23,1.9127786288425286,3.1741625036147784e-05,48.59962792116584,False,-2.944633487935448,True
1334,103,7,12,-0.5,2.0,3,-1/sqrt(3),-0.5773502691896258,48,9.681151371209335e-27,9.586949725302793e-23,1.9899465924704627,3.302218961865946e-05,48.488572043325945,False,-3.0556893657753434,True
1335,103,7,12,-0.5,2.0,4,-1/2,-0.5,48,9.44079501592629e-27,9.586949725302793e-23,2.040638544572997,3.386339774997504e-05,48.4115535720918,False,-3.132707837009491,True
1336,103,7,12,-0.5,2.0,5,-1/3,-0.3333333333333333,24,8.900866901376471e-27,9.586949725302793e-23,2.1644908469895205,3.591866608259322e-05,48.210037611296066,False,-3.3342237978052225,True
1337,103,7,12,-0.5,2.0,6,0,0.0,192,7.708376853954418e-27,9.586949725302793e-23,2.499493055168462,4.1477863742979094e-05,47.57265619423985,False,-3.971605214861441,True
1338,103,7,12,-0.5,2.0,7,1/3,0.3333333333333333,24,6.293863348464217e-27,9.586949725302793e-23,3.0614302886892384,5.0802937063701115e-05,46.212943808029415,False,-5.3313176010718735,True
1339,103,7,12,-0.5,2.0,8,1/2,0.5,48,5.4506455500630124e-27,9.586949725302793e-23,3.5351443142411245,5.866398943364056e-05,44.79433988882131,False,-6.749921520279976,True
1340,103,7,12,-0.5,2.0,9,1/sqrt(3),0.5773502691896258,48,5.011332714247978e-27,9.586949725302793e-23,3.8451038361605994,6.380761597400254e-05,43.73458295531181,False,-7.809678453789481,True
1341,103,7,12,-0.5,2.0,10,1/sqrt(2),0.7071067811865475,48,4.171743500484105e-27,9.586949725302793e-23,4.619065785777865,7.665113567176451e-05,40.64247818055796,False,-10.90178322854333,True
1342,103,7,12,-0.5,2.0,11,sqrt(2/3),0.816496580927726,48,3.302060458213714e-27,9.586949725302793e-23,5.835734464345706,9.684115683050948e-05,34.51625157720982,False,-17.028009831891467,True
1343,103,7,12,-0.5,2.0,12,1,1.0,26,3.197862350085798e-31,9.586949725302793e-23,60260.889080796376,0.9999999564534043,-1815687315.6174676,True,-1815687367.161729,False
1344,104,7,13,-0.5,2.5,0,-1,-1.0,26,1.0901355043298986e-26,1.1504339670376602e-22,2.1206158666230857,3.519058226031502e-05,48.10130367699609,False,-3.4429577321051994,True
1345,104,7,13,-0.5,2.5,1,-sqrt(2/3),-0.816496580927726,48,1.0389216076045382e-26,1.1504339670376602e-22,2.2252151778386344,3.692635662833605e-05,47.922136955035285,False,-3.622124454066004,True
1346,104,7,13,-0.5,2.5,2,-1/sqrt(2),-0.7071067811865475,48,1.0071538802213246e-26,1.1504339670376602e-22,2.295441849162588,3.8091733862841554e-05,47.79445645424329,False,-3.749804954858,True
1347,104,7,13,-0.5,2.5,3,-1/sqrt(3),-0.5773502691896258,48,9.681208170455504e-27,1.1504339670376602e-22,2.388038174238084,3.9628324551357456e-05,47.617146735983496,False,-3.927114673117792,True
1348,104,7,13,-0.5,2.5,4,-1/2,-0.5,48,9.440850405120291e-27,1.1504339670376602e-22,2.4488652730983023,4.0637720481939386e-05,47.49517997700884,False,-4.04908143209245,True
1349,104,7,13,-0.5,2.5,5,-1/3,-0.3333333333333333,24,8.900919123090221e-27,1.1504339670376602e-22,2.597480679271269,4.3103920399800067e-05,47.17908911803341,False,-4.3651722910678785,True
1350,104,7,13,-0.5,2.5,6,0,0.0,192,7.708422080014798e-27,1.1504339670376602e-22,2.9994666481307175,4.977468077997559e-05,46.197983006919024,False,-5.346278402182264,True
1351,104,7,13,-0.5,2.5,7,1/3,0.3333333333333333,24,6.2939002765793896e-27,1.1504339670376602e-22,3.6737703826507286,6.096442118112182e-05,44.15082123475695,False,-7.393440174344342,True
1352,104,7,13,-0.5,2.5,8,1/2,0.5,48,5.4506775317807376e-27,1.1504339670376602e-22,4.242213749942426,7.039746060700497e-05,42.04476793248382,False,-9.499493476617467,True
1353,104,7,13,-0.5,2.5,9,1/sqrt(3),0.5773502691896258,48,5.011362118987701e-27,1.1504339670376602e-22,4.614157716927296,7.656968867170018e-05,40.481763124768975,False,-11.062498284332314,True
1354,104,7,13,-0.5,2.5,10,1/sqrt(2),0.7071067811865475,48,4.17176798046491e-27,1.1504339670376602e-22,5.5428965210082275,9.198165450566403e-05,35.948505757898936,False,-15.595755651202353,True
1355,104,7,13,-0.5,2.5,11,sqrt(2/3),0.816496580927726,48,3.302079837399376e-27,1.1504339670376602e-22,7.002879917460789,0.00011620936430459753,27.023980508399237,False,-24.52028090070205,True
1356,104,7,13,-0.5,2.5,12,1,1.0,26,3.8374347513057728e-31,1.1504339670376602e-22,60260.89016121374,0.9999999743824017,-1815687380.9067004,True,-1815687432.4509618,False
1357,105,7,14,-0.5,3.0,0,-1,-1.0,26,1.0901419000543203e-26,1.3421729615417284e-22,2.474146434961223,4.105724898786827e-05,47.28910334617669,False,-4.2551580629246,True
1358,105,7,14,-0.5,3.0,1,-sqrt(2/3),-0.816496580927726,48,1.0389277028852336e-26,1.3421729615417284e-22,2.596173122994033,4.308222214343112e-05,47.02786493968558,False,-4.51639646941571,True
1359,105,7,14,-0.5,3.0,2,-1/sqrt(2),-0.7071067811865475,48,1.0071597891388736e-26,1.3421729615417284e-22,2.678100579362045,4.444176817818185e-05,46.8428658721682,False,-4.7013955369330915,True
1360,105,7,14,-0.5,3.0,3,-1/sqrt(3),-0.5773502691896258,48,9.681264969790953e-27,1.3421729615417284e-22,2.7861250848269408,4.62343819681304e-05,46.58725753569124,False,-4.957003873410045,True
1361,105,7,14,-0.5,3.0,4,-1/2,-0.5,48,9.440905794422601e-27,1.3421729615417284e-22,2.857087211503205,4.7411963724200435e-05,46.412171005869574,False,-5.1320904032317145,True
1362,105,7,14,-0.5,3.0,5,-1/3,-0.3333333333333333,24,8.900971344957145e-27,1.3421729615417284e-22,3.030465430818378,5.028909040470261e-05,45.96067582693219,False,-5.5835855821691,True
1363,105,7,14,-0.5,3.0,6,0,0.0,192,7.708467306340486e-27,1.3421729615417284e-22,3.4994343742110727,5.8071400458938796e-05,44.57335675672402,False,-6.970904652377271,True
1364,105,7,14,-0.5,3.0,7,1/3,0.3333333333333333,24,6.29393720512781e-27,1.3421729615417284e-22,4.286103290799335,7.11257860534952e-05,41.71376906993938,False,-9.830492339161907,True
1365,105,7,14,-0.5,3.0,8,1/2,0.5,48,5.450709514061269e-27,1.3421729615417284e-22,4.9492748877436705,8.213079408077978e-05,38.79528985779736,False,-12.748971551303931,True
1366,105,7,14,-0.5,3.0,9,1/sqrt(3),0.5773502691896258,48,5.0113915243711324e-27,1.3421729615417284e-22,5.383202572019091,8.933161159274094e-05,36.63754800968688,False,-14.906713399414407,True
1367,105,7,14,-0.5,3.0,10,1/sqrt(2),0.7071067811865475,48,4.171792461282587e-27,1.3421729615417284e-22,6.466716412890877,0.00010731199339951609,30.401140228630883,False,-21.143121180470406,True
1368,105,7,14,-0.5,3.0,11,sqrt(2/3),0.816496580927726,48,3.302099217710071e-27,1.3421729615417284e-22,8.1700116684087,0.0001355773443979286,18.169592877514738,False,-33.37466853158655,True
1369,105,7,14,-0.5,3.0,12,1,1.0,26,4.477007127955324e-31,1.3421729615417284e-22,60260.891263510566,0.999999992674478,-1815687447.4862397,True,-1815687499.0305011,False
1370,106,7,15,-0.5,3.5,0,-1,-1.0,26,1.0901482957787421e-26,1.5339119560491093e-22,2.827672855091647,4.692384687794507e-05,46.35193088242518,False,-5.192330526676109,True
1371,106,7,15,-0.5,3.5,1,-sqrt(2/3),-0.816496580927726,48,1.0389337981695413e-26,1.5339119560491093e-22,2.967126715427709,4.923801542723986e-05,45.995996042379275,False,-5.548265366722013,True
1372,106,7,15,-0.5,3.5,2,-1/sqrt(2),-0.7071067811865475,48,1.0071656980623703e-26,1.5339119560491093e-22,3.060754819526371,5.0791727983587016e-05,45.74486132923051,False,-5.799400079870779,True
1373,106,7,15,-0.5,3.5,3,-1/sqrt(3),-0.5773502691896258,48,9.681321769215688e-27,1.5339119560491093e-22,3.184207324321992,5.284036187038817e-05,45.39891002078403,False,-6.145351388317259,True
1374,106,7,15,-0.5,3.5,4,-1/2,-0.5,48,9.440961183833224e-27,1.5339119560491093e-22,3.265304359872072,5.4186127478158196e-05,45.162532524695216,False,-6.381728884406073,True
1375,106,7,15,-0.5,3.5,5,-1/3,-0.3333333333333333,24,8.901023566977245e-27,1.5339119560491093e-22,3.4634451017128827,5.7474176098662174e-05,44.554804337350134,False,-6.989457071751154,True
1376,106,7,15,-0.5,3.5,6,0,0.0,192,7.70851253293148e-27,1.5339119560491093e-22,3.9993962334784467,6.636802278101243e-05,42.698786243134,False,-8.845475165967287,True
1377,106,7,15,-0.5,3.5,7,1/3,0.3333333333333333,24,6.293974134109473e-27,1.5339119560491093e-22,4.898429013156254,8.1287031681173e-05,38.901800513801966,False,-12.642460895299322,True
1378,106,7,15,-0.5,3.5,8,1/2,0.5,48,5.450741496904598e-27,1.5339119560491093e-22,5.656327727596348,9.386398985415999e-05,35.045923266404266,False,-16.498338142697023,True
1379,106,7,15,-0.5,3.5,9,1/sqrt(3),0.5773502691896258,48,5.011420930398267e-27,1.5339119560491093e-22,6.152238401325101,0.00010209338473528474,32.20195843419425,False,-19.342302974907035,True
1380,106,7,15,-0.5,3.5,10,1/sqrt(2),0.7071067811865475,48,4.171816942937122e-27,1.5339119560491093e-22,7.3905254610926985,0.00012264215234779284,24.00041164711664,False,-27.54384976198465,True
1381,106,7,15,-0.5,3.5,11,sqrt(2/3),0.816496580927726,48,3.3021185991457825e-27,1.5339119560491093e-22,9.337129716278152,0.00015494509709538035,7.953136669768213,False,-43.591124739333075,True
1382,106,7,15,-0.5,3.5,12,1,1.0,26,5.116579489248358e-31,1.5339119560491093e-22,60260.892271224926,1.0000000093970045,-1815687508.3455372,True,-1815687559.8897986,False
1383,107,7,16,-0.5,4.0,0,-1,-1.0,26,1.0901546915031634e-26,1.7256509505531774e-22,3.181195127075152,5.2790375931554266e-05,45.28979068505122,False,-6.254470724050066,True
1384,107,7,16,-0.5,4.0,1,-sqrt(2/3),-0.816496580927726,48,1.0389398934574609e-26,1.7256509505531774e-22,3.3380759551995847,5.539373648075666e-05,44.82653510688965,False,-6.717726302211638,True
1385,107,7,16,-0.5,4.0,2,-1/sqrt(2),-0.7071067811865475,48,1.007171606991814e-26,1.7256509505531774e-22,3.443404569714594,5.7141613280036605e-05,44.50044797961992,False,-7.043813429481368,True
1386,107,7,16,-0.5,4.0,3,-1/sqrt(3),-0.5773502691896258,48,9.6813785687297e-27,1.7256509505531774e-22,3.582284892780685,5.944626425908405e-05,44.0521097694945,False,-7.492151639606789,True
1387,107,7,16,-0.5,4.0,4,-1/2,-0.5,48,9.441016573352155e-27,1.7256509505531774e-22,3.6735167182610566,6.096021174474451e-05,43.746270399404054,False,-7.797991009697235,True
1388,107,7,16,-0.5,4.0,5,-1/3,-0.3333333333333333,24,8.901075789150515e-27,1.7256509505531774e-22,3.8964196920068943,6.465917748254352e-05,42.961481248542114,False,-8.582780160559174,True
1389,107,7,16,-0.5,4.0,6,0,0.0,192,7.708557759787774e-27,1.7256509505531774e-22,4.4993522259672085,7.466454774676674e-05,40.57428026554252,False,-10.969981143558769,True
1390,107,7,16,-0.5,4.0,7,1/3,0.3333333333333333,24,6.2940110635243684e-27,1.7256509505531774e-22,5.510747549700373,9.144815806380484e-05,35.714928766596316,False,-15.829332642504973,True
1391,107,7,16,-0.5,4.0,8,1/2,0.5,48,5.450773480310715e-27,1.7256509505531774e-22,6.36337226940309,0.00010559704792552981,30.79668576018844,False,-20.74757564891285,True
1392,107,7,16,-0.5,4.0,9,1/sqrt(3),0.5773502691896258,48,5.011450337069089e-27,1.7256509505531774e-22,6.921265204681315,0.00011485500809660989,27.175015222884227,False,-24.36924618621706,True
1393,107,7,16,-0.5,4.0,10,1/sqrt(2),0.7071067811865475,48,4.1718414254285e-27,1.7256509505531774e-22,8.314323665216758,0.00013797213134390733,16.746350069127843,False,-34.797911339973446,True
1394,107,7,16,-0.5,4.0,11,sqrt(2/3),0.816496580927726,48,3.302137981706489e-27,1.7256509505531774e-22,10.504234060077277,0.00017431262238049318,-3.625340125090929,False,-55.16960153419222,True
1395,107,7,16,-0.5,4.0,12,1,1.0,26,5.756151935855365e-31,1.7256509505531774e-22,60260.892161738135,1.0000000075801248,-1815687501.8655481,True,-1815687553.4098096,False
1396,108,8,8,0.0,0.0,0,-1,-1.0,13,1.090109921432212e-26,0.0,-0.0006546676911582164,1.0863889873445185e-08,50.34983275749429,False,-1.194428651606998,True
1397,108,8,8,0.0,0.0,1,-sqrt(2/3),-0.816496580927726,24,1.0388972265106548e-26,0.0,-0.0006239118049093902,1.0353510996222259e-08,50.39795152221293,False,-1.1463098868883606,True
1398,108,8,8,0.0,0.0,2,-1/sqrt(2),-0.7071067811865475,24,1.0071302445987074e-26,0.0,-0.0006048340804574964,1.0036925497532638e-08,50.42900638078724,False,-1.1152550283140457,True
1399,108,8,8,0.0,0.0,3,-1/sqrt(3),-0.5773502691896258,24,9.680980973827964e-27,0.0,-0.0005813932464678233,9.647936331815622e-09,50.46853319585594,False,-1.0757282132453483,True
1400,108,8,8,0.0,0.0,4,-1/2,-0.5,24,9.440628848777541e-27,0.0,-0.0005669588515799206,9.40840461432004e-09,50.493673847293906,False,-1.050587561807383,True
1401,108,8,8,0.0,0.0,5,-1/3,-0.3333333333333333,12,8.900710236847932e-27,0.0,-0.0005345339314745323,8.87032893724334e-09,50.552565382980006,False,-0.9916960261212822,True
1402,108,8,8,0.0,0.0,6,0,0.0,96,7.708241176834517e-27,0.0,-0.0004629199638417152,7.681930199576953e-09,50.696406454921714,False,-0.8478549541795743,True
1403,108,8,8,0.0,0.0,7,1/3,0.3333333333333333,12,6.293752565851694e-27,0.0,-0.0003779725677199471,6.272269742880027e-09,50.899139044691616,False,-0.6451223644096729,True
1404,108,8,8,0.0,0.0,8,1/2,0.5,24,5.45054960716106e-27,0.0,-0.0003273338455791082,5.431944936722592e-09,51.04298009877541,False,-0.5012813103258793,True
1405,108,8,8,0.0,0.0,9,1/sqrt(3),0.5773502691896258,24,5.01124450260365e-27,0.0,-0.000300951289759713,4.9941393372208715e-09,51.12701226804157,False,-0.41724914105972033,True
1406,108,8,8,0.0,0.0,10,1/sqrt(2),0.7071067811865475,24,4.1716700638891724e-27,0.0,-0.0002505304791109548,4.157430665606344e-09,51.31038011933616,False,-0.23388128976512945,True
1407,108,8,8,0.0,0.0,11,sqrt(2/3),0.816496580927726,24,3.3020023251568514e-27,0.0,-0.00019830240931752895,3.2907314131435226e-09,51.544167531964554,False,-9.387713673447706e-05,True
1408,109,8,9,0.0,0.5,0,-1,-1.0,26,1.0901163171566337e-26,1.9173899450738107e-23,0.35289664284175254,5.856147044248712e-06,50.287559084496486,False,-1.2567023246048024,True
1409,109,8,9,0.0,0.5,1,-sqrt(2/3),-0.816496580927726,48,1.0389033217696757e-26,1.9173899450738107e-23,0.37035579811814356,6.14587317976416e-06,50.32936414121608,False,-1.2148972678852061,True
1410,109,8,9,0.0,0.5,2,-1/sqrt(2),-0.7071067811865475,48,1.0071361534805703e-26,1.9173899450738107e-23,0.3820763474512291,6.34036995871113e-06,50.356009529027375,False,-1.1882518800739135,True
1411,109,8,9,0.0,0.5,3,-1/sqrt(3),-0.5773502691896258,48,9.681037772627692e-27,1.9173899450738107e-23,0.39752887395917536,6.596797072063589e-06,50.38951289501655,False,-1.154748514084737,True
1412,109,8,9,0.0,0.5,4,-1/2,-0.5,48,9.44068423742995e-27,1.9173899450738107e-23,0.4076789308719078,6.765232298054415e-06,50.4105670856427,False,-1.1336943234585917,True
1413,109,8,9,0.0,0.5,5,-1/3,-0.3333333333333333,24,8.900762457795756e-27,1.9173899450738107e-23,0.43247562198181955,7.176721248986644e-06,50.459042077002174,False,-1.0852193320991148,True
1414,109,8,9,0.0,0.5,6,0,0.0,192,7.708286401568275e-27,1.9173899450738107e-23,0.4995341410939415,8.289524548354519e-06,50.57163351596451,False,-0.9726278931367816,True
1415,109,8,9,0.0,0.5,7,1/3,0.3333333333333333,24,6.2937894918005024e-27,1.9173899450738107e-23,0.6119908647719158,1.015568882996821e-05,50.71186683977847,False,-0.8323945693228154,True
1416,109,8,9,0.0,0.5,8,1/2,0.5,48,5.450581586064596e-27,1.9173899450738107e-23,0.7067752929451637,1.1728590018309856e-05,50.793208627910424,False,-0.7510527811908645,True
1417,109,8,9,0.0,0.5,9,1/sqrt(3),0.5773502691896258,48,5.01127390412464e-27,1.9173899450738107e-23,0.7687890310978865,1.2757677647088269e-05,50.83148815906675,False,-0.7127732500345374,True
1418,109,8,9,0.0,0.5,10,1/sqrt(2),0.7071067811865475,48,4.171694539685387e-27,1.9173899450738107e-23,0.9236235750468563,1.5327081112059622e-05,50.88383402939923,False,-0.6604273797020568,True
1419,109,8,9,0.0,0.5,11,sqrt(2/3),0.816496580927726,48,3.302021698717036e-27,1.9173899450738107e-23,1.1670019510496459,1.9365826127556722e-05,50.86321490755107,False,-0.6810465015502203,True
1420,109,8,9,0.0,0.5,12,1,1.0,26,6.395718852408288e-32,1.9173899450738107e-23,60260.94417924366,1.0000008707851664,-1815690634.2909672,True,-1815690685.8352287,False
1421,110,8,10,0.0,1.0,0,-1,-1.0,26,1.0901227128810552e-26,3.8347798901144907e-23,0.7064438048139947,1.1723089135037302e-05,50.10028981308716,False,-1.44397159601413,True
1422,110,8,10,0.0,1.0,1,-sqrt(2/3),-0.816496580927726,48,1.0389094170323089e-26,3.8347798901144907e-23,0.7413311549723347,1.230202763347762e-05,50.12315404215064,False,-1.4211073669506504,True
1423,110,8,10,0.0,1.0,2,-1/sqrt(2),-0.7071067811865475,48,1.0071420623683811e-26,3.8347798901144907e-23,0.7647530386064217,1.2690702327319923e-05,50.13657122463669,False,-1.4076901844645988,True
1424,110,8,10,0.0,1.0,3,-1/sqrt(3),-0.5773502691896258,48,9.681094571516709e-27,3.8347798901144907e-23,0.7956344697396541,1.3203164560445064e-05,50.15200452610561,False,-1.3922568829956816,True
1425,110,8,10,0.0,1.0,4,-1/2,-0.5,48,9.440739626190679e-27,3.8347798901144907e-23,0.8159200302360993,1.3539793507055521e-05,50.16079952609989,False,-1.3834618830013952,True
1426,110,8,10,0.0,1.0,5,-1/3,-0.3333333333333333,24,8.900814678896766e-27,3.8347798901144907e-23,0.8654806969443449,1.4362228511019659e-05,50.178025373395215,False,-1.3662360357060734,True
1427,110,8,10,0.0,1.0,6,0,0.0,192,7.708331626567362e-27,3.8347798901144907e-23,0.9995253351493156,1.6586633666875546e-05,50.19686938017565,False,-1.3473920289256398,True
1428,110,8,10,0.0,1.0,7,1/3,0.3333333333333333,24,6.293826418182593e-27,3.8347798901144907e-23,1.2243525164671987,2.031753068742866e-05,50.14960783967378,False,-1.3946535694275113,True
1429,110,8,10,0.0,1.0,8,1/2,0.5,48,5.450613565530983e-27,3.8347798901144907e-23,1.4138696223954825,2.3462474291253668e-05,50.04345476355424,False,-1.5008066455470512,True
1430,110,8,10,0.0,1.0,9,1/sqrt(3),0.5773502691896258,48,5.011303306289391e-27,3.8347798901144907e-23,1.5378699887099665,2.5520199671780882e-05,49.94447852796109,False,-1.5997828811402002,True
1431,110,8,10,0.0,1.0,10,1/sqrt(2),0.7071067811865475,48,4.171719016318538e-27,3.8347798901144907e-23,1.847486839305275,3.065813974925671e-05,49.60376460559257,False,-1.9404968035087151,True
1432,110,8,10,0.0,1.0,11,sqrt(2/3),0.816496580927726,48,3.302041073402341e-27,3.8347798901144907e-23,2.3341885074221547,3.8734715690081626e-05,48.81993782283217,False,-2.724323586269115,True
1433,110,8,10,0.0,1.0,12,1,1.0,26,1.279144630446954e-31,3.8347798901144907e-23,60260.90366545786,1.0000001984787223,-1815688193.5859509,True,-1815688245.1302123,False
1434,111,8,11,0.0,1.5,0,-1,-1.0,26,1.090129108605477e-26,5.752169835188301e-23,1.0599868183108037,1.758996238390677e-05,49.78802934331149,False,-1.7562320657897956,True
1435,111,8,11,0.0,1.5,1,-sqrt(2/3),-0.816496580927726,48,1.0389155122985548e-26,5.752169835188301e-23,1.1123021588432318,1.8458109851564106e-05,49.77932606956523,False,-1.7649353395360592,True
1436,111,8,11,0.0,1.5,2,-1/sqrt(2),-0.7071067811865475,48,1.0071479712621395e-26,5.752169835188301e-23,1.1474252394705997,1.9040960181747338e-05,49.770696622604355,False,-1.7735647864969337,True
1437,111,8,11,0.0,1.5,3,-1/sqrt(3),-0.5773502691896258,48,9.681151370495016e-27,5.752169835188301e-23,1.1937353941799318,1.9809454530222535e-05,49.75601366818317,False,-1.7882477409181163,True
1438,111,8,11,0.0,1.5,4,-1/2,-0.5,48,9.440795015059727e-27,5.752169835188301e-23,1.2241563393253647,2.0314275223789077e-05,49.744377035426844,False,-1.7998843736744448,True
1439,111,8,11,0.0,1.5,5,-1/3,-0.3333333333333333,24,8.900866900150965e-27,5.752169835188301e-23,1.298480691038138,2.154765145852316e-05,49.70952187228502,False,-1.8347395368162651,True
1440,111,8,11,0.0,1.5,6,0,0.0,192,7.708376851831777e-27,5.752169835188301e-23,1.4995106622711942,2.488364542650709e-05,49.57212284780041,False,-1.9721385613008806,True
1441,111,8,11,0.0,1.5,7,1/3,0.3333333333333333,24,6.29386334499796e-27,5.752169835188301e-23,1.8367069825392999,3.047925330298978e-05,49.21237524497778,False,-2.3318861641235102,True
1442,111,8,11,0.0,1.5,8,1/2,0.5,48,5.4506455455602104e-27,5.752169835188301e-23,2.1209556544568104,3.5196220873088767e-05,48.79373610681692,False,-2.750525302284366,True
1443,111,8,11,0.0,1.5,9,1/sqrt(3),0.5773502691896258,48,5.011332709097892e-27,5.752169835188301e-23,2.306941921435521,3.828257193289931e-05,48.46600419732967,False,-3.0782572117716214,True
1444,111,8,11,0.0,1.5,10,1/sqrt(2),0.7071067811865475,48,4.1717434937886115e-27,5.752169835188301e-23,2.7713392619628685,4.5989018475395086e-05,47.47020189638632,False,-4.0740595127149675,True
1445,111,8,11,0.0,1.5,11,sqrt(2/3),0.816496580927726,48,3.302060449212748e-27,5.752169835188301e-23,3.5013613657965674,5.8103377941033324e-05,45.41438424216542,False,-6.12987716693587,True
1446,111,8,11,0.0,1.5,12,1,1.0,26,1.918717088997927e-31,5.752169835188301e-23,60260.89916415912,1.0000001237818734,-1815687922.7390964,True,-1815687974.2833579,False
1447,112,8,12,0.0,2.0,0,-1,-1.0,26,1.0901355043298986e-26,7.669559780228981e-23,1.4135256833929788,2.3456766791866043e-05,49.350782075077085,False,-2.193479334024204,True
1448,112,8,12,0.0,2.0,1,-sqrt(2/3),-0.816496580927726,48,1.038921607568413e-26,7.669559780228981e-23,1.4832688097907611,2.4614119835018074e-05,49.297885067862715,False,-2.246376341238573,True
1449,112,8,12,0.0,2.0,2,-1/sqrt(2),-0.7071067811865475,48,1.0071538801618457e-26,7.669559780228981e-23,1.5300929501027913,2.539114352297292e-05,49.25839087776869,False,-2.2858705313325984,True
1450,112,8,12,0.0,2.0,3,-1/sqrt(3),-0.5773502691896258,48,9.681208169562609e-27,7.669559780228981e-23,1.5918316473374556,2.6415666982349305e-05,49.20154590015237,False,-2.3427155089489204,True
1451,112,8,12,0.0,2.0,4,-1/2,-0.5,48,9.44085040403709e-27,7.669559780228981e-23,1.6323878581958584,2.7088677449186943e-05,49.16130548022436,False,-2.3829559288769318,True
1452,112,8,12,0.0,2.0,5,-1/3,-0.3333333333333333,24,8.900919121558346e-27,7.669559780228981e-23,1.7314756043153074,2.873299009236187e-05,49.05353817362975,False,-2.490723235471542,True
1453,112,8,12,0.0,2.0,6,0,0.0,192,7.708422077361511e-27,7.669559780228981e-23,1.9994901224939354,3.318055982781931e-05,48.69740271891209,False,-2.846858690189201,True
1454,112,8,12,0.0,2.0,7,1/3,0.3333333333333333,24,6.293900272246592e-27,7.669559780228981e-23,2.449054262967072,4.064085667630065e-05,47.90018225618761,False,-3.644079152913676,True
1455,112,8,12,0.0,2.0,8,1/2,0.5,48,5.450677526152268e-27,7.669559780228981e-23,2.8280333890317215,4.6929829762198415e-05,47.04407025887761,False,-4.500191150223678,True
1456,112,8,12,0.0,2.0,9,1/sqrt(3),0.5773502691896258,48,5.0113621125501314e-27,7.669559780228981e-23,3.0760048291104525,5.1044794427720434e-05,46.39608599003801,False,-5.1481754190632785,True
1457,112,8,12,0.0,2.0,10,1/sqrt(2),0.7071067811865475,48,4.171767972095591e-27,7.669559780228981e-23,3.6951808426225443,6.13197172838852e-05,44.48317595136534,False,-7.061085457735949,True
1458,112,8,12,0.0,2.0,11,sqrt(2/3),0.816496580927726,48,3.302079826148235e-27,7.669559780228981e-23,4.668520525180655,7.747181286394627e-05,40.64660213397781,False,-10.89765927512348,True
1459,112,8,12,0.0,2.0,12,1,1.0,26,2.5582896908763753e-31,7.669559780228981e-23,60260.89353714761,1.0000000304043717,-1815687583.938021,True,-1815687635.4822824,False
1460,113,8,13,0.0,2.5,0,-1,-1.0,26,1.0901419000543204e-26,9.586949725302793e-23,1.7670604001457508,2.932350236032949e-05,48.788552408110725,False,-2.7557090009905636,True
1461,113,8,13,0.0,2.5,1,-sqrt(2/3),-0.816496580927726,48,1.0389277028418837e-26,9.586949725302793e-23,1.854231107900487,3.0770057585259415e-05,48.67883588125266,False,-2.865425527848629,True
1462,113,8,13,0.0,2.5,2,-1/sqrt(2),-0.7071067811865475,48,1.0071597890674995e-26,9.586949725302793e-23,1.9127561705884735,3.174125235241511e-05,48.59965914476659,False,-2.944602264334698,True
1463,113,8,13,0.0,2.5,3,-1/sqrt(3),-0.5773502691896258,48,9.681264968719488e-27,9.586949725302793e-23,1.9899232292971871,3.3021801918235274e-05,48.48860680070461,False,-3.0556546083966794,True
1464,113,8,13,0.0,2.5,4,-1/2,-0.5,48,9.440905793122772e-27,9.586949725302793e-23,2.040614586931947,3.386300018464914e-05,48.41159072687511,False,-3.132670682226177,True
1465,113,8,13,0.0,2.5,5,-1/3,-0.3333333333333333,24,8.900971343118907e-27,9.586949725302793e-23,2.164465436857889,3.5918244413897105e-05,48.21008087715511,False,-3.3341805319461812,True
1466,113,8,13,0.0,2.5,6,0,0.0,192,7.708467303156562e-27,9.586949725302793e-23,2.4994637158864546,4.1477376871955826e-05,47.57271779332561,False,-3.97154361577568,True
1467,113,8,13,0.0,2.5,7,1/3,0.3333333333333333,24,6.293937199928485e-27,9.586949725302793e-23,3.061394357771698,5.080234080771279e-05,46.21304207356771,False,-5.331219335533575,True
1468,113,8,13,0.0,2.5,8,1/2,0.5,48,5.4507095073071475e-27,9.586949725302793e-23,3.5351028260716713,5.8663300957777035e-05,44.79447482081159,False,-6.749786588289702,True
1469,113,8,13,0.0,2.5,9,1/sqrt(3),0.5773502691896258,48,5.011391516646098e-27,9.586949725302793e-23,3.8450587116238353,6.38068671544035e-05,43.73474472900767,False,-7.8095166800936155,True
1470,113,8,13,0.0,2.5,10,1/sqrt(2),0.7071067811865475,48,4.171792451239466e-27,9.586949725302793e-23,4.61901158095109,7.665023616919755e-05,40.642716820934254,False,-10.901544588167035,True
1471,113,8,13,0.0,2.5,11,sqrt(2/3),0.816496580927726,48,3.302099204208785e-27,9.586949725302793e-23,5.83566598466293,9.684002044369475e-05,34.516639470294606,False,-17.027621938806682,True
1472,113,8,13,0.0,2.5,12,1,1.0,26,3.197862350085798e-31,9.586949725302793e-23,60260.889080796376,0.9999999564534043,-1815687315.6174676,True,-1815687367.161729,False
1473,114,8,14,0.0,3.0,0,-1,-1.0,26,1.0901482957787421e-26,1.1504339670343472e-22,2.1205909686299167,3.5190169090306e-05,48.101344742018874,False,-3.4429166670824145,True
1474,114,8,14,0.0,3.0,1,-sqrt(2/3),-0.816496580927726,48,1.0389337981189664e-26,1.1504339670343472e-22,2.2251890532323335,3.692592310328254e-05,47.922183353817864,False,-3.622078055283424,True
1475,114,8,14,0.0,3.0,2,-1/sqrt(2),-0.7071067811865475,48,1.0071656979791008e-26,1.1504339670343472e-22,2.2954149009866707,3.8091286671053396e-05,47.79450657810432,False,-3.74975483099697,True
1476,114,8,14,0.0,3.0,3,-1/sqrt(3),-0.5773502691896258,48,9.681321767965649e-27,1.1504339670343472e-22,2.388010140116571,3.962785933883371e-05,47.617201948396264,False,-3.927059460705024,True
1477,114,8,14,0.0,3.0,4,-1/2,-0.5,48,9.440961182316763e-27,1.1504339670343472e-22,2.4488365255897846,4.063724343110751e-05,47.4952386416243,False,-4.049022767476991,True
1478,114,8,14,0.0,3.0,5,-1/3,-0.3333333333333333,24,8.901023564832645e-27,1.1504339670343472e-22,2.59745018871799,4.310341442399359e-05,47.179156582445,False,-4.365104826656285,True
1479,114,8,14,0.0,3.0,6,0,0.0,192,7.708512529216923e-27,1.1504339670343472e-22,2.9994314424831128,4.9774096559486835e-05,46.19807687071851,False,-5.346184538382779,True
1480,114,8,14,0.0,3.0,7,1/3,0.3333333333333333,24,6.2939741280436284e-27,1.1504339670343472e-22,3.6737272669320427,6.096370569687547e-05,44.150967897331206,False,-7.393293511770082,True
1481,114,8,14,0.0,3.0,8,1/2,0.5,48,5.450741489024834e-27,1.1504339670343472e-22,4.242163965479262,7.039663445820836e-05,42.04496739383217,False,-9.499294015269122,True
1482,114,8,14,0.0,3.0,9,1/sqrt(3),0.5773502691896258,48,5.011420921385776e-27,1.1504339670343472e-22,4.6141035688116085,7.656879011022599e-05,40.482001237502246,False,-11.062260171599043,True
1483,114,8,14,0.0,3.0,10,1/sqrt(2),0.7071067811865475,48,4.171816931220215e-27,1.1504339670343472e-22,5.542831476551488,9.198057512474383e-05,35.94885455672997,False,-15.595406852371319,True
1484,114,8,14,0.0,3.0,11,sqrt(2/3),0.816496580927726,48,3.3021185833943734e-27,1.1504339670343472e-22,7.0027977432513255,0.00011620800066381595,27.024544227397644,False,-24.519717181703644,True
1485,114,8,14,0.0,3.0,12,1,1.0,26,3.8374346079783016e-31,1.1504339670343472e-22,60260.89241177326,1.0000000117293353,-1815687516.5274231,True,-1815687568.0716846,False
1486,115,8,15,0.0,3.5,0,-1,-1.0,26,1.0901546915031637e-26,1.3421729615417284e-22,2.4741173889307047,4.105676698320991e-05,47.28916347620992,False,-4.255097932891367,True
1487,115,8,15,0.0,3.5,1,-sqrt(2/3),-0.816496580927726,48,1.0389398933996614e-26,1.3421729615417284e-22,2.5961426458718617,4.30817163905073e-05,47.02793232942881,False,-4.516329079672481,True
1488,115,8,15,0.0,3.5,2,-1/sqrt(2),-0.7071067811865475,48,1.0071716068966497e-26,1.3421729615417284e-22,2.6780691413828577,4.4441246480306194e-05,46.84293833206651,False,-4.701323077034779,True
1489,115,8,15,0.0,3.5,3,-1/sqrt(3),-0.5773502691896258,48,9.681378567301092e-27,1.3421729615417284e-22,2.7860923798805666,4.623383924555447e-05,46.58733692155015,False,-4.956924487551142,True
1490,115,8,15,0.0,3.5,4,-1/2,-0.5,48,9.441016571619066e-27,1.3421729615417284e-22,2.8570536742537374,4.7411407189962084e-05,46.41225509047598,False,-5.132006318625308,True
1491,115,8,15,0.0,3.5,5,-1/3,-0.3333333333333333,24,8.901075786699559e-27,1.3421729615417284e-22,3.030429859977645,5.0288500124012655e-05,45.96077188882495,False,-5.583489520276338,True
1492,115,8,15,0.0,3.5,6,0,0.0,192,7.708557755542593e-27,1.3421729615417284e-22,3.499393302352828,5.8070718891556e-05,44.573488750475356,False,-6.970772658625933,True
1493,115,8,15,0.0,3.5,7,1/3,0.3333333333333333,24,6.294011056592015e-27,1.3421729615417284e-22,4.286052990469301,7.112495134414042e-05,41.71397292740666,False,-9.83028848169463,True
1494,115,8,15,0.0,3.5,8,1/2,0.5,48,5.4507734713053234e-27,1.3421729615417284e-22,4.949216807205969,8.212983026268719e-05,38.79556557897967,False,-12.748695830121619,True
1495,115,8,15,0.0,3.5,9,1/sqrt(3),0.5773502691896258,48,5.011450326769161e-27,1.3421729615417284e-22,5.38313940056288,8.933056329334769e-05,36.6378763387594,False,-14.90638507034189,True
1496,115,8,15,0.0,3.5,10,1/sqrt(2),0.7071067811865475,48,4.171841412037828e-27,1.3421729615417284e-22,6.466640529090597,0.00010731073414499576,30.401619211090768,False,-21.14264219801052,True
1497,115,8,15,0.0,3.5,11,sqrt(2/3),0.816496580927726,48,3.302137963704983e-27,1.3421729615417284e-22,8.169915800034513,0.00013557575350918677,18.17036438497751,False,-33.37389702412378,True
1498,115,8,15,0.0,3.5,12,1,1.0,26,4.477007005103203e-31,1.3421729615417284e-22,60260.89291711046,1.0000000201151586,-1815687547.1336446,True,-1815687598.677906,False
1499,116,8,16,0.0,4.0,0,-1,-1.0,26,1.0901610872275852e-26,1.5339119560457963e-22,2.827639661108906,4.692329604005e-05,46.352013009989264,False,-5.1922483991120245,True
1500,116,8,16,0.0,4.0,1,-sqrt(2/3),-0.816496580927726,48,1.0389459886839687e-26,1.5339119560457963e-22,2.9670918858789914,4.923743744792803e-05,45.99608765184827,False,-5.548173757253018,True
1501,116,8,16,0.0,4.0,2,-1/sqrt(2),-0.7071067811865475,48,1.0071775158201456e-26,1.5339119560457963e-22,3.060718891836059,5.0791131781152975e-05,45.744959560827446,False,-5.799301848273842,True
1502,116,8,16,0.0,4.0,3,-1/sqrt(3),-0.5773502691896258,48,9.681435366725817e-27,1.5339119560457963e-22,3.1841699486466157,5.283974163935077e-05,45.399017298375895,False,-6.145244110725393,True
1503,116,8,16,0.0,4.0,4,-1/2,-0.5,48,9.441071961029677e-27,1.5339119560457963e-22,3.265266032979954,5.418549146214459e-05,45.16264593931974,False,-6.381615469781551,True
1504,116,8,16,0.0,4.0,5,-1/3,-0.3333333333333333,24,8.901128008719644e-27,1.5339119560457963e-22,3.463404450688961,5.747350151481897e-05,44.554933395504634,False,-6.989328013596655,True
1505,116,8,16,0.0,4.0,6,0,0.0,192,7.708602982133563e-27,1.5339119560457963e-22,3.999349295529964,6.636724386873357e-05,42.69896223187786,False,-8.845299177223431,True
1506,116,8,16,0.0,4.0,7,1/3,0.3333333333333333,24,6.29404798557364e-27,1.5339119560457963e-22,4.898371528362349,8.128607774915707e-05,38.9020703637231,False,-12.64219104537819,True
1507,116,8,16,0.0,4.0,8,1/2,0.5,48,5.450805454148603e-27,1.5339119560457963e-22,5.656261351154417,9.386288836959757e-05,35.04628697750143,False,-16.497974431599857,True
1508,116,8,16,0.0,4.0,9,1/sqrt(3),0.5773502691896258,48,5.011479732796238e-27,1.5339119560457963e-22,6.152166206713621,0.00010209218670104666,32.20239085644049,False,-19.3418705526608,True
1509,116,8,16,0.0,4.0,10,1/sqrt(2),0.7071067811865475,48,4.1718658936922906e-27,1.5339119560457963e-22,7.390438738171458,0.00012264071322336592,24.0010408377049,False,-27.54322057139639,True
1510,116,8,16,0.0,4.0,11,sqrt(2/3),0.816496580927726,48,3.3021573451405964e-27,1.5339119560457963e-22,9.337020154020566,0.0001549432789633467,7.954147927168677,False,-43.59011348193261,True
1511,116,8,16,0.0,4.0,12,1,1.0,26,5.116579489248358e-31,1.5339119560457963e-22,60260.89227109477,1.0000000093948447,-1815687508.337694,True,-1815687559.8819554,False
1512,117,9,9,0.5,0.5,0,-1,-1.0,13,1.0901227128810555e-26,0.0,-0.0006546753730883744,1.0864017351315833e-08,50.349821023467264,False,-1.1944403856340244,True
1513,117,9,9,0.5,0.5,1,-sqrt(2/3),-0.816496580927726,24,1.0389094170250838e-26,0.0,-0.0006239191259471851,1.03536324852608e-08,50.39793978818636,False,-1.1463216209149252,True
1514,117,9,9,0.5,0.5,2,-1/sqrt(2),-0.7071067811865475,24,1.0071420623564852e-26,0.0,-0.0006048411776355396,1.0037043271728179e-08,50.428994646760955,False,-1.1152667623403332,True
1515,117,9,9,0.5,0.5,3,-1/sqrt(3),-0.5773502691896258,24,9.681094571338129e-27,0.0,-0.000581400068588991,9.648049541576955e-09,50.46852146182998,False,-1.075739947271309,True
1516,117,9,9,0.5,0.5,4,-1/2,-0.5,24,9.440739625974037e-27,0.0,-0.0005669655043265874,9.408515013394442e-09,50.49366211326814,False,-1.0505992958331518,True
1517,117,9,9,0.5,0.5,5,-1/3,-0.3333333333333333,12,8.90081467859039e-27,0.0,-0.0005345402037442411,8.870433022488869e-09,50.55255364895466,False,-0.9917077601466318,True
1518,117,9,9,0.5,0.5,6,0,0.0,96,7.708331626036701e-27,0.0,-0.00046292539578662254,7.682020340043741e-09,50.6963947208972,False,-0.8478666882040855,True
1519,117,9,9,0.5,0.5,7,1/3,0.3333333333333333,12,6.293826417316025e-27,0.0,-0.0003779770028843916,6.272343342262961e-09,50.89912731066794,False,-0.6451340984333456,True
1520,117,9,9,0.5,0.5,8,1/2,0.5,24,5.4506135644052776e-27,0.0,-0.0003273376865441872,5.4320086756579164e-09,51.042968364752156,False,-0.5012930443491328,True
1521,117,9,9,0.5,0.5,9,1/sqrt(3),0.5773502691896258,24,5.011303305001865e-27,0.0,-0.00030095482114948546,4.994197938905522e-09,51.12700053401851,False,-0.417260875082782,True
1522,117,9,9,0.5,0.5,10,1/sqrt(2),0.7071067811865475,24,4.171719014644656e-27,0.0,-0.00025053341885835484,4.157479449275435e-09,51.310368385313424,False,-0.23389302378786425,True
1523,117,9,9,0.5,0.5,11,sqrt(2/3),0.816496580927726,24,3.3020410711520886e-27,0.0,-0.00019830473621601367,3.290770026884854e-09,51.544155797942096,False,-0.0001056111591921649,True
1524,118,9,10,0.5,1.0,0,-1,-1.0,26,1.090129108605477e-26,1.9173899450406803e-23,0.35289248662349304,5.856078073841173e-06,50.28754881725017,False,-1.2567125918511195,True
1525,118,9,10,0.5,1.0,1,-sqrt(2/3),-0.816496580927726,48,1.0389155122841047e-26,1.9173899450406803e-23,0.37035143775765517,6.145800821716262e-06,50.32935402213821,False,-1.2149073869630769,True
1526,118,9,10,0.5,1.0,2,-1/sqrt(2),-0.7071067811865475,48,1.007147971238348e-26,1.9173899450406803e-23,0.3820718500106855,6.340295325886816e-06,50.355999513429765,False,-1.1882618956715234,True
1527,118,9,10,0.5,1.0,3,-1/sqrt(3),-0.5773502691896258,48,9.681151370137857e-27,1.9173899450406803e-23,0.39752419575031733,6.596719439477584e-06,50.38950302077556,False,-1.1547583883257317,True
1528,118,9,10,0.5,1.0,4,-1/2,-0.5,48,9.440795014626445e-27,1.9173899450406803e-23,0.4076741339020282,6.7651526946873916e-06,50.410557307301595,False,-1.1337041017996938,True
1529,118,9,10,0.5,1.0,5,-1/3,-0.3333333333333333,24,8.900866899538212e-27,1.9173899450406803e-23,0.4324705348109569,7.176636829876359e-06,50.459032543113466,False,-1.0852288659878226,True
1530,118,9,10,0.5,1.0,6,0,0.0,192,7.708376850770457e-27,1.9173899450406803e-23,0.4995282687456559,8.289427099609246e-06,50.57162471543257,False,-0.9726366936687185,True
1531,118,9,10,0.5,1.0,7,1/3,0.3333333333333333,24,6.293863343264831e-27,1.9173899450406803e-23,0.6119836748610524,1.015556951691691e-05,50.71185950595924,False,-0.8324019031420491,True
1532,118,9,10,0.5,1.0,8,1/2,0.5,48,5.45064554330881e-27,1.9173899450406803e-23,0.706766992031541,1.1728452268711604e-05,50.79320276080348,False,-0.751058648297807,True
1533,118,9,10,0.5,1.0,9,1/sqrt(3),0.5773502691896258,48,5.011332706522851e-27,1.9173899450406803e-23,0.7687800031403107,1.2757527832551504e-05,50.83148336566761,False,-0.7127780434336799,True
1534,118,9,10,0.5,1.0,10,1/sqrt(2),0.7071067811865475,48,4.171743490440866e-27,1.9173899450406803e-23,0.9236127314592592,1.5326901168031408e-05,50.88383231078043,False,-0.6604290983208614,True
1535,118,9,10,0.5,1.0,11,sqrt(2/3),0.816496580927726,48,3.302060444712267e-27,1.9173899450406803e-23,1.1669882529098297,1.9365598813631742e-05,50.863219159259984,False,-0.6810422498413047,True
1536,118,9,10,0.5,1.0,12,1,1.0,26,6.395727452058361e-32,1.9173899450406803e-23,60260.863151761434,0.9999995261737619,-1815685751.5016677,True,-1815685803.0459292,False
1537,119,9,11,0.5,1.5,0,-1,-1.0,26,1.0901355043298986e-26,3.8347798901144907e-23,0.70643550016898,1.1722951323518427e-05,50.100283945933384,False,-1.4439774631679043,True
1538,119,9,11,0.5,1.5,1,-sqrt(2/3),-0.816496580927726,48,1.038921607546738e-26,3.8347798901144907e-23,0.7413224416873715,1.2301883040778828e-05,50.123148767657966,False,-1.4211126414433224,True
1539,119,9,11,0.5,1.5,2,-1/sqrt(2),-0.7071067811865475,48,1.0071538801261585e-26,3.8347798901144907e-23,0.7647440509411152,1.2690553181413646e-05,50.13656636405634,False,-1.407695045044946,True
1540,119,9,11,0.5,1.5,3,-1/sqrt(3),-0.5773502691896258,48,9.681208169026872e-27,3.8347798901144907e-23,0.7956251202674438,1.3203009410530322e-05,50.152000230939954,False,-1.392261178161334,True
1541,119,9,11,0.5,1.5,4,-1/2,-0.5,48,9.440850403387172e-27,3.8347798901144907e-23,0.8159104430756128,1.3539634412820184e-05,50.1607956145259,False,-1.383465794575386,True
1542,119,9,11,0.5,1.5,5,-1/3,-0.3333333333333333,24,8.900919120639222e-27,3.8347798901144907e-23,0.8654705290090903,1.4362059779111337e-05,50.178022439610906,False,-1.3662389694903823,True
1543,119,9,11,0.5,1.5,6,0,0.0,192,7.708422075769541e-27,3.8347798901144907e-23,0.9995135960396524,1.6586438862097003e-05,50.19686937975995,False,-1.3473920293413357,True
1544,119,9,11,0.5,1.5,7,1/3,0.3333333333333333,24,6.2939002696469146e-27,3.8347798901144907e-23,1.2243381412704293,2.031729213807496e-05,50.14961370599449,False,-1.3946477031067985,True
1545,119,9,11,0.5,1.5,8,1/2,0.5,48,5.4506775227751874e-27,3.8347798901144907e-23,1.4138530246283585,2.3462198859432888e-05,50.043466496610925,False,-1.5007949124903632,True
1546,119,9,11,0.5,1.5,9,1/sqrt(3),0.5773502691896258,48,5.011362108687591e-27,3.8347798901144907e-23,1.5378519365645753,2.5519900105264687e-05,49.94449455576647,False,-1.5997668533348204,True
1547,119,9,11,0.5,1.5,10,1/sqrt(2),0.7071067811865475,48,4.171767967074003e-27,3.8347798901144907e-23,1.847465155356179,3.0657779914735795e-05,49.60379293228376,False,-1.9404684768175287,True
1548,119,9,11,0.5,1.5,11,sqrt(2/3),0.816496580927726,48,3.302079819397552e-27,3.8347798901144907e-23,2.3341611138312066,3.8734261106849065e-05,48.819990030377845,False,-2.7242713787234436,True
1549,119,9,11,0.5,1.5,12,1,1.0,26,1.2791450604293854e-31,3.8347798901144907e-23,60260.883408857815,0.9999998623303605,-1815686972.9051323,True,-1815687024.4493937,False
1550,120,9,12,0.5,2.0,0,-1,-1.0,26,1.0901419000543204e-26,5.752169835155171e-23,1.05997436532417,1.7589755732689346e-05,49.788030809420164,False,-1.7562305996811247,True
1551,120,9,12,0.5,2.0,1,-sqrt(2/3),-0.816496580927726,48,1.0389277028129836e-26,5.752169835155171e-23,1.1122890927231273,1.845789302569687e-05,49.779328869138,False,-1.76493253996329,True
1552,120,9,12,0.5,2.0,2,-1/sqrt(2),-0.7071067811865475,48,1.0071597890199168e-26,5.752169835155171e-23,1.1474117616726813,1.9040736524288296e-05,49.77070035346357,False,-1.773561055637721,True
1553,120,9,12,0.5,2.0,3,-1/sqrt(3),-0.5773502691896258,48,9.681264968005175e-27,5.752169835155171e-23,1.1937213735402363,1.980922186456992e-05,49.75601867120327,False,-1.7882427378980168,True
1554,120,9,12,0.5,2.0,4,-1/2,-0.5,48,9.440905792256216e-27,5.752169835155171e-23,1.2241419620725789,2.0314036640316797e-05,49.74438290151316,False,-1.7998785075881258,True
1555,120,9,12,0.5,2.0,5,-1/3,-0.3333333333333333,24,8.900971341893414e-27,5.752169835155171e-23,1.2984654424427633,2.154739841554714e-05,49.70952993835995,False,-1.834731470741339,True
1556,120,9,12,0.5,2.0,6,0,0.0,192,7.708467301033946e-27,5.752169835155171e-23,1.4994930565205582,2.488335326769334e-05,49.57213751384076,False,-1.9721238952605304,True
1557,120,9,12,0.5,2.0,7,1/3,0.3333333333333333,24,6.2939371964622666e-27,5.752169835155171e-23,1.8366854222040934,3.047889551978086e-05,49.21240311094811,False,-2.331858298153179,True
1558,120,9,12,0.5,2.0,8,1/2,0.5,48,5.450709502804397e-27,5.752169835155171e-23,2.1209307600064733,3.519580776187131e-05,48.79377717271681,False,-2.75048423638448,True
1559,120,9,12,0.5,2.0,9,1/sqrt(3),0.5773502691896258,48,5.0113915114960714e-27,5.752169835155171e-23,2.3069148452875345,3.828212261747731e-05,48.46605492624851,False,-3.078206482852778,True
1560,120,9,12,0.5,2.0,10,1/sqrt(2),0.7071067811865475,48,4.17179244454405e-27,5.752169835155171e-23,2.7713067378747858,4.598847875407396e-05,47.47028029732423,False,-4.073981111777059,True
1561,120,9,12,0.5,2.0,11,sqrt(2/3),0.816496580927726,48,3.302099195207924e-27,5.752169835155171e-23,3.50132027703564,5.8102696093158775e-05,45.41451637410593,False,-6.129745034995359,True
1562,120,9,12,0.5,2.0,12,1,1.0,26,1.918717088997927e-31,5.752169835155171e-23,60260.89916381203,1.0000001237761136,-1815687922.7181804,True,-1815687974.2624419,False
1563,121,9,13,0.5,2.5,0,-1,-1.0,26,1.0901482957787421e-26,7.669559780228981e-23,1.413509082174295,2.345649130276832e-05,49.35079380744165,False,-2.1934676016596413,True
1564,121,9,13,0.5,2.5,1,-sqrt(2/3),-0.816496580927726,48,1.0389337980828417e-26,7.669559780228981e-23,1.4832513909504856,2.4613830777890265e-05,49.29789917078687,False,-2.2463622383144184,True
1565,121,9,13,0.5,2.5,2,-1/sqrt(2),-0.7071067811865475,48,1.0071656979196227e-26,7.669559780228981e-23,1.5300749822908586,2.539084535592918e-05,49.25840663628301,False,-2.2858547728182756,True
1566,121,9,13,0.5,2.5,3,-1/sqrt(3),-0.5773502691896258,48,9.681321767072766e-27,7.669559780228981e-23,1.5918129556536547,2.6415356803006246e-05,49.201563920244865,False,-2.342697488856423,True
1567,121,9,13,0.5,2.5,4,-1/2,-0.5,48,9.440961181233578e-27,7.669559780228981e-23,1.6323686909772939,2.7088359378577263e-05,49.161325034628895,False,-2.3829363744723935,True
1568,121,9,13,0.5,2.5,5,-1/3,-0.3333333333333333,24,8.901023563300789e-27,7.669559780228981e-23,1.7314552751940089,2.8732652740545062e-05,49.053561639054074,False,-2.4906997700472147,True
1569,121,9,13,0.5,2.5,6,0,0.0,192,7.70851252656367e-27,7.669559780228981e-23,1.9994666502572855,3.318017031754182e-05,48.69743791739532,False,-2.846823491705969,True
1570,121,9,13,0.5,2.5,7,1/3,0.3333333333333333,24,6.293974123710883e-27,7.669559780228981e-23,2.4490255176832205,4.064037966238602e-05,47.90024092078781,False,-3.6440204883134797,True
1571,121,9,13,0.5,2.5,8,1/2,0.5,48,5.450741483396433e-27,7.669559780228981e-23,2.8280001981173313,4.6929278975221136e-05,47.044152389594295,False,-4.5001090195069935,True
1572,121,9,13,0.5,2.5,9,1/sqrt(3),0.5773502691896258,48,5.011420914948285e-27,7.669559780228981e-23,3.07596872919825,5.104419536734842e-05,46.39618529914407,False,-5.148076109957216,True
1573,121,9,13,0.5,2.5,10,1/sqrt(2),0.7071067811865475,48,4.171816922850997e-27,7.669559780228981e-23,3.6951374786818474,6.131899768051608e-05,44.48332445428146,False,-7.06093695481983,True
1574,121,9,13,0.5,2.5,11,sqrt(2/3),0.816496580927726,48,3.3021185721433664e-27,7.669559780228981e-23,4.6684657416115956,7.74709037574344e-05,40.646846156947234,False,-10.897415252154055,True
1575,121,9,13,0.5,2.5,12,1,1.0,26,2.558289905867582e-31,7.669559780228981e-23,60260.88847299824,0.9999999463672918,-1815687278.7678678,True,-1815687330.3121293,False
1576,122,9,14,0.5,3.0,0,-1,-1.0,26,1.0901546915031637e-26,9.586949725269662e-23,1.767039650780149,2.932315803476419e-05,48.788577339599954,False,-2.755684069501335,True
1577,122,9,14,0.5,3.0,1,-sqrt(2/3),-0.816496580927726,48,1.038939893356312e-26,9.586949725269662e-23,1.8542093364293697,3.076969629835341e-05,48.67886451667689,False,-2.8653968924243998,True
1578,122,9,14,0.5,3.0,2,-1/sqrt(2),-0.7071067811865475,48,1.0071716068252763e-26,9.586949725269662e-23,1.9127337128546722,3.174087967731579e-05,48.59969036700553,False,-2.9445710420957596,True
1579,122,9,14,0.5,3.0,3,-1/sqrt(3),-0.5773502691896258,48,9.681378566229639e-27,9.586949725269662e-23,1.9898998666651417,3.302141422679254e-05,48.48864155659812,False,-3.0556198525031704,True
1580,122,9,14,0.5,3.0,4,-1/2,-0.5,48,9.44101657031925e-27,9.586949725269662e-23,2.040590629845908,3.386260262853337e-05,48.41162788008958,False,-3.1326335290117058,True
1581,122,9,14,0.5,3.0,5,-1/3,-0.3333333333333333,24,8.901075784861341e-27,9.586949725269662e-23,2.164440027314934,3.59178227549698e-05,48.210124141231994,False,-3.334137267869295,True
1582,122,9,14,0.5,3.0,6,0,0.0,192,7.708557752358707e-27,9.586949725269662e-23,2.499434377284192,4.1476890012212584e-05,47.57277938998929,False,-3.9714820191119955,True
1583,122,9,14,0.5,3.0,7,1/3,0.3333333333333333,24,6.2940110513927516e-27,9.586949725269662e-23,3.061358427686671,5.080174456553963e-05,46.213140335404034,False,-5.331121073697254,True
1584,122,9,14,0.5,3.0,8,1/2,0.5,48,5.450773464551282e-27,9.586949725269662e-23,3.535061338863522,5.866261249786588e-05,44.794609747820004,False,-6.749651661281284,True
1585,122,9,14,0.5,3.0,9,1/sqrt(3),0.5773502691896258,48,5.011450319044216e-27,9.586949725269662e-23,3.8450135881326477,6.38061183521553e-05,43.73490649678475,False,-7.809354912316536,True
1586,122,9,14,0.5,3.0,10,1/sqrt(2),0.7071067811865475,48,4.1718414019948266e-27,9.586949725269662e-23,4.618957377380319,7.664933668747338e-05,40.64295545270863,False,-10.901305956392662,True
1587,122,9,14,0.5,3.0,11,sqrt(2/3),0.816496580927726,48,3.302137950203857e-27,9.586949725269662e-23,5.835597506566958,9.683888408321229e-05,34.517027349567655,False,-17.027234059533633,True
1588,122,9,14,0.5,3.0,12,1,1.0,26,3.197862350085798e-31,9.586949725269662e-23,60260.88908058813,0.9999999564499487,-1815687315.6049185,True,-1815687367.14918,False
1589,123,9,15,0.5,3.5,0,-1,-1.0,26,1.0901610872275855e-26,1.1504339670343472e-22,2.1205660712269587,3.518975593009125e-05,48.101385805307835,False,-3.4428756037934534,True
1590,123,9,15,0.5,3.5,1,-sqrt(2/3),-0.816496580927726,48,1.0389459886333946e-26,1.1504339670343472e-22,2.2251629292453385,3.692548958850611e-05,47.92222975067758,False,-3.6220316584237082,True
1591,123,9,15,0.5,3.5,2,-1/sqrt(2),-0.7071067811865475,48,1.0071775157368773e-26,1.1504339670343472e-22,2.2953879534495933,3.809083948986649e-05,47.79455669991044,False,-3.7497047091908513,True
1592,123,9,15,0.5,3.5,3,-1/sqrt(3),-0.5773502691896258,48,9.681435365475795e-27,1.1504339670343472e-22,2.387982106659656,3.9627394137338643e-05,47.617257158573764,False,-3.927004250527524,True
1593,123,9,15,0.5,3.5,4,-1/2,-0.5,48,9.441071959513236e-27,1.1504339670343472e-22,2.4488077787627858,4.06367663915851e-05,47.49529730388212,False,-4.04896410521917,True
1594,123,9,15,0.5,3.5,5,-1/3,-0.3333333333333333,24,8.90112800657507e-27,1.1504339670343472e-22,2.5974196988875695,4.310290846018262e-05,47.17922404418702,False,-4.365037364914265,True
1595,123,9,15,0.5,3.5,6,0,0.0,192,7.708602978419052e-27,1.1504339670343472e-22,2.9993962376701924,4.977351235284925e-05,46.19817073091268,False,-5.3460906781886095,True
1596,123,9,15,0.5,3.5,7,1/3,0.3333333333333333,24,6.294047979507867e-27,1.1504339670343472e-22,3.6736841522356327,6.09629902295933e-05,44.15111455442866,False,-7.393146854672629,True
1597,123,9,15,0.5,3.5,8,1/2,0.5,48,5.450805446268933e-27,1.1504339670343472e-22,4.242114182196518,7.039580832900027e-05,42.045166847832206,False,-9.499094561269082,True
1598,123,9,15,0.5,3.5,9,1/sqrt(3),0.5773502691896258,48,5.011479723783854e-27,1.1504339670343472e-22,4.614049421979825,7.656789157005753e-05,40.482239341517186,False,-11.062022067584103,True
1599,123,9,15,0.5,3.5,10,1/sqrt(2),0.7071067811865475,48,4.171865881975522e-27,1.1504339670343472e-22,5.542766433637043,9.19794957694173e-05,35.949203342919326,False,-15.595058066181963,True
1600,123,9,15,0.5,3.5,11,sqrt(2/3),0.816496580927726,48,3.302157329389372e-27,1.1504339670343472e-22,7.002715570990362,0.00011620663705536875,27.02510792613633,False,-24.51915348296496,True
1601,123,9,15,0.5,3.5,12,1,1.0,26,3.8374346079783016e-31,1.1504339670343472e-22,60260.89241177326,1.0000000117293353,-1815687516.5274231,True,-1815687568.0716846,False
1602,124,9,16,0.5,4.0,0,-1,-1.0,26,1.090167482952007e-26,1.3421729615384153e-22,2.474088343575518,4.105628498975835e-05,47.28922360386634,False,-4.255037805234949,True
1603,124,9,16,0.5,4.0,1,-sqrt(2/3),-0.816496580927726,48,1.0389520839140894e-26,1.3421729615384153e-22,2.596112169458313,4.308121064934273e-05,47.0279997165412,False,-4.516261692560086,True
1604,124,9,16,0.5,4.0,2,-1/sqrt(2),-0.7071067811865475,48,1.0071834246544256e-26,1.3421729615384153e-22,2.6780377041346464,4.444072479456073e-05,46.84301078915658,False,-4.701250619944709,True
1605,124,9,16,0.5,4.0,3,-1/sqrt(3),-0.5773502691896258,48,9.681492164811233e-27,1.3421729615384153e-22,2.7860596756946387,4.623329653559777e-05,46.58741630435846,False,-4.9568451047428255,True
1606,124,9,16,0.5,4.0,4,-1/2,-0.5,48,9.44112734881553e-27,1.3421729615384153e-22,2.857020137784077,4.741085066866424e-05,46.412339171867394,False,-5.131922237233894,True
1607,124,9,16,0.5,4.0,5,-1/3,-0.3333333333333333,24,8.901180228441971e-27,1.3421729615384153e-22,3.030394289964023,5.02879098570482e-05,45.960867947083635,False,-5.5833934620176535,True
1608,124,9,16,0.5,4.0,6,0,0.0,192,7.7086482047447e-27,1.3421729615384153e-22,3.499352231449649,5.807003734002205e-05,44.57362073933536,False,-6.9706406697659276,True
1609,124,9,16,0.5,4.0,7,1/3,0.3333333333333333,24,6.294084908056222e-27,1.3421729615384153e-22,4.286002691308977,7.11241166541964e-05,41.714176777468104,False,-9.830084631633184,True
1610,124,9,16,0.5,4.0,8,1/2,0.5,48,5.450837428549379e-27,1.3421729615384153e-22,4.949158728018931,8.212886646700819e-05,38.795841290241654,False,-12.748420118859634,True
1611,124,9,16,0.5,4.0,9,1/sqrt(3),0.5773502691896258,48,5.01150912916719e-27,1.3421729615384153e-22,5.383076230575739,8.932951501833294e-05,36.638204656070855,False,-14.906056753030434,True
1612,124,9,16,0.5,4.0,10,1/sqrt(2),0.7071067811865475,48,4.171890362793071e-27,1.3421729615384153e-22,6.4665646470550415,0.00010730947491976013,30.402098176518294,False,-21.142163232582995,True
1613,124,9,16,0.5,4.0,11,sqrt(2/3),0.816496580927726,48,3.3021767096998986e-27,1.3421729615384153e-22,8.169819933889833,0.0001355741626574425,18.171135865172545,False,-33.373125543928744,True
1614,124,9,16,0.5,4.0,12,1,1.0,26,4.477007127955324e-31,1.3421729615384153e-22,60260.891263361824,0.9999999926720097,-1815687447.4772763,True,-1815687499.0215378,False
1615,125,10,10,1.0,1.0,0,-1,-1.0,13,1.0901355043298986e-26,0.0,-0.0006546830550185321,1.0864144829186478e-08,50.34980928957793,False,-1.194452119523362,True
1616,125,10,10,1.0,1.0,1,-sqrt(2/3),-0.816496580927726,24,1.0389216075395128e-26,0.0,-0.0006239264469849798,1.0353753974299338e-08,50.39792805429748,False,-1.146333354803808,True
1617,125,10,10,1.0,1.0,2,-1/sqrt(2),-0.7071067811865475,24,1.0071538801142626e-26,0.0,-0.0006048482748135825,1.0037161045923718e-08,50.42898291287236,False,-1.1152784962289317,True
1618,125,10,10,1.0,1.0,3,-1/sqrt(3),-0.5773502691896258,24,9.681208168848293e-27,0.0,-0.0005814068907101585,9.648162751338288e-09,50.46850972794171,False,-1.0757516811595806,True
1619,125,10,10,1.0,1.0,4,-1/2,-0.5,24,9.44085040317053e-27,0.0,-0.0005669721570732541,9.408625412468841e-09,50.493650379380064,False,-1.0506110297212246,True
1620,125,10,10,1.0,1.0,5,-1/3,-0.3333333333333333,12,8.900919120332846e-27,0.0,-0.0005345464760139499,8.870537107734394e-09,50.552541915066996,False,-0.9917194940342924,True
1621,125,10,10,1.0,1.0,6,0,0.0,96,7.708422075238883e-27,0.0,-0.00046293082773152965,7.682110480510526e-09,50.69638298701038,False,-0.8478784220909077,True
1622,125,10,10,1.0,1.0,7,1/3,0.3333333333333333,12,6.293900268780354e-27,0.0,-0.0003779814380488361,6.272416941645895e-09,50.89911557678195,False,-0.6451458323193364,True
1623,125,10,10,1.0,1.0,8,1/2,0.5,24,5.450677521649493e-27,0.0,-0.00032734152750926607,5.432072414593239e-09,51.04295663086659,False,-0.5013047782346973,True
1624,125,10,10,1.0,1.0,9,1/sqrt(3),0.5773502691896258,24,5.0113621074000765e-27,0.0,-0.0003009583525392577,4.99425654059017e-09,51.126988800133134,False,-0.41727260896815466,True
1625,125,10,10,1.0,1.0,10,1/sqrt(2),0.7071067811865475,24,4.171767965400138e-27,0.0,-0.0002505363586057548,4.157528232944524e-09,51.31035665142838,False,-0.23390475767291008,True
1626,125,10,10,1.0,1.0,11,sqrt(2/3),0.816496580927726,24,3.302079817147324e-27,0.0,-0.00019830706311449824,3.290808640626184e-09,51.54414406405733,False,-0.00011734504396088141,True
1627,126,10,11,1.0,1.5,0,-1,-1.0,26,1.0901419000543204e-26,1.9173899450738107e-23,0.35288833051480684,5.856009105251951e-06,50.28753855008559,False,-1.2567228590156958,True
1628,126,10,11,1.0,1.5,1,-sqrt(2/3),-0.816496580927726,48,1.0389277027985336e-26,1.9173899450738107e-23,0.3703470775121417,6.145728465576316e-06,50.32934390313643,False,-1.2149175059648556,True
1629,126,10,11,1.0,1.5,2,-1/sqrt(2),-0.7071067811865475,48,1.0071597889961253e-26,1.9173899450738107e-23,0.3820673526887433,6.340220695030635e-06,50.3559894979043,False,-1.188271911196992,True
1630,126,10,11,1.0,1.5,3,-1/sqrt(3),-0.5773502691896258,48,9.68126496764802e-27,1.9173899450738107e-23,0.3975195176648426,6.596641808939065e-06,50.38949314660131,False,-1.154768262499978,True
1631,126,10,11,1.0,1.5,4,-1/2,-0.5,48,9.440905791822939e-27,1.9173899450738107e-23,0.40766933705867314,6.765073093419979e-06,50.41054752902358,False,-1.133713880077707,True
1632,126,10,11,1.0,1.5,5,-1/3,-0.3333333333333333,24,8.900971341280667e-27,1.9173899450738107e-23,0.43246544777429347,7.176552412993046e-06,50.45902300927852,False,-1.0852383998227708,True
1633,126,10,11,1.0,1.5,6,0,0.0,192,7.708467299972639e-27,1.9173899450738107e-23,0.4995223965523304,8.28932965343546e-06,50.571615914926426,False,-0.9726454941748628,True
1634,126,10,11,1.0,1.5,7,1/3,0.3333333333333333,24,6.2939371947291586e-27,1.9173899450738107e-23,0.6119764851399758,1.015545020701503e-05,50.71185217210985,False,-0.8324092369914382,True
1635,126,10,11,1.0,1.5,8,1/2,0.5,48,5.450709500553024e-27,1.9173899450738107e-23,0.7067586913370651,1.1728314522749986e-05,50.793196893610435,False,-0.7510645154908531,True
1636,126,10,11,1.0,1.5,9,1/sqrt(3),0.5773502691896258,48,5.01139150892106e-27,1.9173899450738107e-23,0.7687709754210935,1.2757378021970184e-05,50.83147857214139,False,-0.7127828369598959,True
1637,126,10,11,1.0,1.5,10,1/sqrt(2),0.7071067811865475,48,4.1717924411963446e-27,1.9173899450738107e-23,0.9236018881579912,1.5326721228754686e-05,50.883830591917274,False,-0.6604308171840145,True
1638,126,10,11,1.0,1.5,11,sqrt(2/3),0.816496580927726,48,3.302099190707497e-27,1.9173899450738107e-23,1.166974555131755,1.9365371505709684e-05,50.863223410496815,False,-0.6810379986044737,True
1639,126,10,11,1.0,1.5,12,1,1.0,26,6.395727452058361e-32,1.9173899450738107e-23,60260.863152802674,0.9999995261910407,-1815685751.5644135,True,-1815685803.108675,False
1640,127,10,12,1.0,2.0,0,-1,-1.0,26,1.0901482957787418e-26,3.8347798901144907e-23,0.7064271957186733,1.1722813515230634e-05,50.10027807871078,False,-1.443983330390509,True
1641,127,10,12,1.0,2.0,1,-sqrt(2/3),-0.816496580927726,48,1.0389337980611667e-26,3.8347798901144907e-23,0.7413137286067147,1.23017384514704e-05,50.12314349307561,False,-1.421117916025679,True
1642,127,10,12,1.0,2.0,2,-1/sqrt(2),-0.7071067811865475,48,1.0071656978839357e-26,3.8347798901144907e-23,0.7647350634865591,1.2690404039004667e-05,50.13656150337174,False,-1.407699905729551,True
1643,127,10,12,1.0,2.0,3,-1/sqrt(3),-0.5773502691896258,48,9.681321766537033e-27,3.8347798901144907e-23,0.7956157710144813,1.320285426425389e-05,50.151995935650135,False,-1.392265473451154,True
1644,127,10,12,1.0,2.0,4,-1/2,-0.5,48,9.440961180583663e-27,3.8347798901144907e-23,0.8159008561399553,1.3539475322315775e-05,50.160791702814244,False,-1.3834697062870447,True
1645,127,10,12,1.0,2.0,5,-1/3,-0.3333333333333333,24,8.901023562381672e-27,3.8347798901144907e-23,0.8654603613123036,1.436189105116027e-05,50.178019505654504,False,-1.3662419034467845,True
1646,127,10,12,1.0,2.0,6,0,0.0,192,7.708512524971716e-27,3.8347798901144907e-23,0.999501857205348,1.658624406188791e-05,50.196869379068914,False,-1.347392030032374,True
1647,127,10,12,1.0,2.0,7,1/3,0.3333333333333333,24,6.293974121111233e-27,3.8347798901144907e-23,1.224323766410904,2.0317053594317663e-05,50.149619571833334,False,-1.3946418372679545,True
1648,127,10,12,1.0,2.0,8,1/2,0.5,48,5.450741480019389e-27,3.8347798901144907e-23,1.4138364272506507,2.346192343407428e-05,50.04347822897923,False,-1.5007831801220561,True
1649,127,10,12,1.0,2.0,9,1/sqrt(3),0.5773502691896258,48,5.011420911085788e-27,3.8347798901144907e-23,1.5378338848427382,2.5519600545777157e-05,49.944510582732306,False,-1.5997508263689824,True
1650,127,10,12,1.0,2.0,10,1/sqrt(2),0.7071067811865475,48,4.1718169178294646e-27,3.8347798901144907e-23,1.8474434719158797,3.065742008865812e-05,49.60382125770246,False,-1.9404401513988319,True
1651,127,10,12,1.0,2.0,11,sqrt(2/3),0.816496580927726,48,3.30211856539276e-27,3.8347798901144907e-23,2.3341337208830617,3.873380653428351e-05,48.820042235810405,False,-2.7242191732908836,True
1652,127,10,12,1.0,2.0,12,1,1.0,26,1.279144630446954e-31,3.8347798901144907e-23,60260.90366545786,1.0000001984787223,-1815688193.5859509,True,-1815688245.1302123,False
1653,128,10,13,1.0,2.5,0,-1,-1.0,26,1.0901546915031637e-26,5.752169835188301e-23,1.0599619126418107,1.7589549086521213e-05,49.788032275188925,False,-1.7562291339123632,True
1654,128,10,13,1.0,2.5,1,-sqrt(2/3),-0.816496580927726,48,1.0389398933274125e-26,5.752169835188301e-23,1.1122760269222962,1.8457676205127818e-05,49.779331668322605,False,-1.7649297407786833,True
1655,128,10,13,1.0,2.5,2,-1/sqrt(2),-0.7071067811865475,48,1.007171606777694e-26,5.752169835188301e-23,1.147398284204107,1.9040512872294558e-05,49.77070408390092,False,-1.7735573252003718,True
1656,128,10,13,1.0,2.5,3,-1/sqrt(3),-0.5773502691896258,48,9.681378565515334e-27,5.752169835188301e-23,1.1937073532431635,1.9808989204602966e-05,49.75602367375548,False,-1.7882377353458097,True
1657,128,10,13,1.0,2.5,4,-1/2,-0.5,48,9.441016569452705e-27,5.752169835188301e-23,1.2241275851711388,2.0313798062674922e-05,49.744388767100375,False,-1.7998726420009135,True
1658,128,10,13,1.0,2.5,5,-1/3,-0.3333333333333333,24,8.901075783635864e-27,5.752169835188301e-23,1.298450194220047,2.1547145378755203e-05,49.70953800385617,False,-1.8347234052451213,True
1659,128,10,13,1.0,2.5,6,0,0.0,192,7.708557750236116e-27,5.752169835188301e-23,1.4994754512002302,2.488306111602034e-05,49.57215217906359,False,-1.9721092300376952,True
1660,128,10,13,1.0,2.5,7,1/3,0.3333333333333333,24,6.294011047926574e-27,5.752169835188301e-23,1.8366638623959053,3.0478537745317556e-05,49.21243097562332,False,-2.3318304334779683,True
1661,128,10,13,1.0,2.5,8,1/2,0.5,48,5.4507734600485846e-27,5.752169835188301e-23,2.120905866164684,3.5195394660752407e-05,48.793818236843975,False,-2.750443172257313,True
1662,128,10,13,1.0,2.5,9,1/sqrt(3),0.5773502691896258,48,5.011450313894252e-27,5.752169835188301e-23,2.3068877698014445,3.828167331303916e-05,48.466105653045,False,-3.07815575605629,True
1663,128,10,13,1.0,2.5,10,1/sqrt(2),0.7071067811865475,48,4.1718413952994894e-27,5.752169835188301e-23,2.771274214581808,4.598793904594722e-05,47.47035869513854,False,-4.073902713962745,True
1664,128,10,13,1.0,2.5,11,sqrt(2/3),0.816496580927726,48,3.302137941203102e-27,5.752169835188301e-23,3.501279189279228,5.810201426195367e-05,45.414648500978736,False,-6.129612908122553,True
1665,128,10,13,1.0,2.5,12,1,1.0,26,1.9187173756528864e-31,5.752169835188301e-23,60260.890161225274,0.999999974382593,-1815687380.2142484,True,-1815687431.7585099,False
1666,129,10,14,1.0,3.0,0,-1,-1.0,26,1.0901610872275852e-26,7.669559780228981e-23,1.4134924813450136,2.3456215820132538e-05,49.350805539117864,False,-2.193455869983424,True
1667,129,10,14,1.0,3.0,1,-sqrt(2/3),-0.816496580927726,48,1.0389459885972704e-26,7.669559780228981e-23,1.4832339725188082,2.4613541727542937e-05,49.29791327293923,False,-2.246348136162055,True
1668,129,10,14,1.0,3.0,2,-1/sqrt(2),-0.7071067811865475,48,1.0071775156773996e-26,7.669559780228981e-23,1.5300570149004116,2.539054719587979e-05,49.25842239396727,False,-2.285839015134016,True
1669,129,10,14,1.0,3.0,3,-1/sqrt(3),-0.5773502691896258,48,9.68143536458292e-27,7.669559780228981e-23,1.591794264408332,2.641504663093953e-05,49.201581939427705,False,-2.342679469673584,True
1670,129,10,14,1.0,3.0,4,-1/2,-0.5,48,9.44107195843006e-27,7.669559780228981e-23,1.6323495242083723,2.7088041315429185e-05,49.16134458806976,False,-2.382916821031529,True
1671,129,10,14,1.0,3.0,5,-1/3,-0.3333333333333333,24,8.901128005043231e-27,7.669559780228981e-23,1.7314349465496288,2.87323153966425e-05,49.05358510337705,False,-2.490676305724236,True
1672,129,10,14,1.0,3.0,6,0,0.0,192,7.708602975765827e-27,7.669559780228981e-23,1.999443178571333,3.317978081640288e-05,48.69747311436421,False,-2.846788294737081,True
1673,129,10,14,1.0,3.0,7,1/3,0.3333333333333333,24,6.2940479751751726e-27,7.669559780228981e-23,2.448996773073833,4.0639902659663787e-05,47.90029958304763,False,-3.643961826053662,True
1674,129,10,14,1.0,3.0,8,1/2,0.5,48,5.450805440640597e-27,7.669559780228981e-23,2.827967007981745,4.692872820116773e-05,47.04423451714459,False,-4.500026891956701,True
1675,129,10,14,1.0,3.0,9,1/sqrt(3),0.5773502691896258,48,5.0114797173464374e-27,7.669559780228981e-23,3.0759326301331256,5.104359632103326e-05,46.39628460447906,False,-5.147976804622232,True
1676,129,10,14,1.0,3.0,10,1/sqrt(2),0.7071067811865475,48,4.171865873606402e-27,7.669559780228981e-23,3.6950941157587076,6.131827809403283e-05,44.48347295169486,False,-7.0607884574064315,True
1677,129,10,14,1.0,3.0,11,sqrt(2/3),0.816496580927726,48,3.3021573181384974e-27,7.669559780228981e-23,4.668410959328093,7.746999467225573e-05,40.64709017105157,False,-10.897171238049715,True
1678,129,10,14,1.0,3.0,12,1,1.0,26,2.558289905867582e-31,7.669559780228981e-23,60260.88847299824,0.9999999463672918,-1815687278.7678678,True,-1815687330.3121293,False
1679,130,10,15,1.0,3.5,0,-1,-1.0,26,1.090167482952007e-26,9.586949725302793e-23,1.7670189019135074,2.932281371747889e-05,48.788602269914655,False,-2.7556591391866334,True
1680,130,10,15,1.0,3.5,1,-sqrt(2/3),-0.816496580927726,48,1.0389520838707405e-26,9.586949725302793e-23,1.8541875654818094,3.076933502013557e-05,48.678893150794025,False,-2.8653682583072637,True
1681,130,10,15,1.0,3.5,2,-1/sqrt(2),-0.7071067811865475,48,1.0071834245830529e-26,9.586949725302793e-23,1.9127112556609431,3.1740507011178705e-05,48.5997215878448,False,-2.944539821256491,True
1682,130,10,15,1.0,3.5,3,-1/sqrt(3),-0.5773502691896258,48,9.681492163739788e-27,9.586949725302793e-23,1.9898765045949434,3.302102654467339e-05,48.488676310965495,False,-3.0555850981357935,True
1683,130,10,15,1.0,3.5,4,-1/2,-0.5,48,9.441127347515729e-27,9.586949725302793e-23,2.0405666733360195,3.3862205081978535e-05,48.411665031692124,False,-3.1325963774091647,True
1684,130,10,15,1.0,3.5,5,-1/3,-0.3333333333333333,24,8.901180226603775e-27,9.586949725302793e-23,2.1644146183830797,3.591740110618341e-05,48.21016740347824,False,-3.334094005623051,True
1685,130,10,15,1.0,3.5,6,0,0.0,192,7.70864820156085e-27,9.586949725302793e-23,2.4994050393875673,4.147640316417907e-05,47.57284098416622,False,-3.9714204249350686,True
1686,130,10,15,1.0,3.5,7,1/3,0.3333333333333333,24,6.294084902857018e-27,9.586949725302793e-23,3.0613224984658713,5.080114833770789e-05,46.21323859344139,False,-5.3310228156598995,True
1687,130,10,15,1.0,3.5,8,1/2,0.5,48,5.450837421795415e-27,9.586949725302793e-23,3.5350198526532965,5.86619240545148e-05,44.79474466971724,False,-6.749516739384049,True
1688,130,10,15,1.0,3.5,9,1/sqrt(3),0.5773502691896258,48,5.011509121442334e-27,9.586949725302793e-23,3.8449684657268652,6.380536956791886e-05,43.735068258490024,False,-7.809193150611264,True
1689,130,10,15,1.0,3.5,10,1/sqrt(2),0.7071067811865475,48,4.171890352750185e-27,9.586949725302793e-23,4.618903175113399,7.664843722738597e-05,40.6431940756603,False,-10.901067333440992,True
1690,130,10,15,1.0,3.5,11,sqrt(2/3),0.816496580927726,48,3.3021766961989255e-27,9.586949725302793e-23,5.835529030118243,9.683774775006524e-05,34.51741521467651,False,-17.026846194424778,True
1691,130,10,15,1.0,3.5,12,1,1.0,26,3.197862178092834e-31,9.586949725302793e-23,60260.89232185192,1.0000000102371347,-1815687510.9263613,True,-1815687562.4706228,False
1692,131,10,16,1.0,4.0,0,-1,-1.0,26,1.0901738786764287e-26,1.1504339670343472e-22,2.1205411744080838,3.518934277956907e-05,48.101426866876025,False,-3.4428345422252633,True
1693,131,10,16,1.0,4.0,1,-sqrt(2/3),-0.816496580927726,48,1.0389581791478226e-26,1.1504339670343472e-22,2.225136805871219,3.692505608390005e-05,47.922276145628764,False,-3.6219852634725243,True
1694,131,10,16,1.0,4.0,2,-1/sqrt(2),-0.7071067811865475,48,1.0071893334946531e-26,1.1504339670343472e-22,2.2953610065447236,3.8090392319170744e-05,47.79460681967692,False,-3.7496545894243667,True
1695,131,10,16,1.0,4.0,3,-1/sqrt(3),-0.5773502691896258,48,9.681548962985939e-27,1.1504339670343472e-22,2.3879540738604366,3.962692894675772e-05,47.61731236653251,False,-3.926949042568779,True
1696,131,10,16,1.0,4.0,4,-1/2,-0.5,48,9.441182736709706e-27,1.1504339670343472e-22,2.448779032610227,4.06362893632547e-05,47.495355963799675,False,-4.048905445301614,True
1697,131,10,16,1.0,4.0,5,-1/3,-0.3333333333333333,24,8.901232448317494e-27,1.1504339670343472e-22,2.5973892097725018,4.310240250824256e-05,47.17929150327904,False,-4.3649699058222495,True
1698,131,10,16,1.0,4.0,6,0,0.0,192,7.708693427621178e-27,1.1504339670343472e-22,2.99936103368329,4.9772928159919044e-05,46.19826458752763,False,-5.345996821573657,True
1699,131,10,16,1.0,4.0,7,1/3,0.3333333333333333,24,6.2941218309721046e-27,1.1504339670343472e-22,3.6736410385508838,6.096227477909912e-05,44.15126120608842,False,-7.393000203012868,True
1700,131,10,16,1.0,4.0,8,1/2,0.5,48,5.4508694035130294e-27,1.1504339670343472e-22,4.242064400081942,7.039498221917733e-05,42.045366294536116,False,-9.498895114565173,True
1701,131,10,16,1.0,4.0,9,1/sqrt(3),0.5773502691896258,48,5.011538526181931e-27,1.1504339670343472e-22,4.613995276418612,7.656699305097358e-05,40.48247743687551,False,-11.061783972225776,True
1702,131,10,16,1.0,4.0,10,1/sqrt(2),0.7071067811865475,48,4.1719148327308274e-27,1.1504339670343472e-22,5.542701392248881,9.197841643941864e-05,35.94955211655606,False,-15.594709292545225,True
1703,131,10,16,1.0,4.0,11,sqrt(2/3),0.816496580927726,48,3.30219607538437e-27,1.1504339670343472e-22,7.002633400657664,0.0001162052734789202,27.025671604757477,False,-24.51858980434381,True
1704,131,10,16,1.0,4.0,12,1,1.0,26,3.8374346079783016e-31,1.1504339670343472e-22,60260.89241177326,1.0000000117293353,-1815687516.5274231,True,-1815687568.0716846,False
1705,132,11,11,1.5,1.5,0,-1,-1.0,13,1.0901482957787421e-26,0.0,-0.0006546907369486901,1.0864272307057127e-08,50.34979755582628,False,-1.1944638532750105,True
1706,132,11,11,1.5,1.5,1,-sqrt(2/3),-0.816496580927726,24,1.0389337980539417e-26,0.0,-0.0006239337680227745,1.0353875463337878e-08,50.39791632054629,False,-1.1463450885550017,True
1707,132,11,11,1.5,1.5,2,-1/sqrt(2),-0.7071067811865475,24,1.00716569787204e-26,0.0,-0.0006048553719916255,1.0037278820119255e-08,50.428971179121426,False,-1.1152902299798626,True
1708,132,11,11,1.5,1.5,3,-1/sqrt(3),-0.5773502691896258,24,9.681321766358458e-27,0.0,-0.0005814137128313262,9.648275961099622e-09,50.46849799419111,False,-1.0757634149101776,True
1709,132,11,11,1.5,1.5,4,-1/2,-0.5,24,9.440961180367026e-27,0.0,-0.000566978809819921,9.408735811543243e-09,50.49363864562966,False,-1.0506227634716296,True
1710,132,11,11,1.5,1.5,5,-1/3,-0.3333333333333333,12,8.901023562075301e-27,0.0,-0.0005345527482836587,8.870641192979922e-09,50.55253018131702,False,-0.9917312277842711,True
1711,132,11,11,1.5,1.5,6,0,0.0,96,7.708512524441066e-27,0.0,-0.0004629362596764369,7.68220062097731e-09,50.69637125326124,False,-0.847890155840048,True
1712,132,11,11,1.5,1.5,7,1/3,0.3333333333333333,12,6.293974120244685e-27,0.0,-0.00037798587321328066,6.272490541028829e-09,50.89910384303365,False,-0.6451575660676383,True
1713,132,11,11,1.5,1.5,8,1/2,0.5,24,5.4507414788937106e-27,0.0,-0.00032734536847434505,5.432136153528564e-09,51.0429448971187,False,-0.5013165119825871,True
1714,132,11,11,1.5,1.5,9,1/sqrt(3),0.5773502691896258,24,5.0114209097982904e-27,0.0,-0.0003009618839290301,4.99431514227482e-09,51.12697706638544,False,-0.41728434271584547,True
1715,132,11,11,1.5,1.5,10,1/sqrt(2),0.7071067811865475,24,4.171816916155621e-27,0.0,-0.0002505392983531548,4.157577016613614e-09,51.310344917681014,False,-0.23391649142027404,True
1716,132,11,11,1.5,1.5,11,sqrt(2/3),0.816496580927726,24,3.3021185631425594e-27,0.0,-0.00019830939001298288,3.290847254367514e-09,51.54413233031024,False,-0.000129078791047732,True
1717,133,11,12,1.5,2.0,0,-1,-1.0,26,1.0901546915031637e-26,1.9173899450406803e-23,0.35288417449125525,5.855940138075495e-06,50.28752828301138,False,-1.2567331260899053,True
1718,133,11,12,1.5,2.0,1,-sqrt(2/3),-0.816496580927726,48,1.0389398933129625e-26,1.9173899450406803e-23,0.3703427173559594,6.145656110918777e-06,50.32933378422024,False,-1.2149276248810494,True
1719,133,11,12,1.5,2.0,2,-1/sqrt(2),-0.7071067811865475,48,1.0071716067539027e-26,1.9173899450406803e-23,0.38206285545895013,6.340146065703621e-06,50.35597948246108,False,-1.188281926640208,True
1720,133,11,12,1.5,2.0,3,-1/sqrt(3),-0.5773502691896258,48,9.681378565158183e-27,1.9173899450406803e-23,0.39751483967523216,6.596564179991366e-06,50.389483272504755,False,-1.1547781365965335,True
1721,133,11,12,1.5,2.0,4,-1/2,-0.5,48,9.441016569019434e-27,1.9173899450406803e-23,0.40766454031362287,6.764993493783887e-06,50.41053775082016,False,-1.1337236582811272,True
1722,133,11,12,1.5,2.0,5,-1/3,-0.3333333333333333,24,8.901075783023123e-27,1.9173899450406803e-23,0.4324603608418982,7.1764679978400116e-06,50.4590134755103,False,-1.085247933590992,True
1723,133,11,12,1.5,2.0,6,0,0.0,192,7.708557749174819e-27,1.9173899450406803e-23,0.4995165244794034,8.289232209259631e-06,50.57160711446334,False,-0.9726542946379482,True
1724,133,11,12,1.5,2.0,7,1/3,0.3333333333333333,24,6.294011046193486e-27,1.9173899450406803e-23,0.6119692955663566,1.0155330899560131e-05,50.71184483825621,False,-0.8324165708450764,True
1725,133,11,12,1.5,2.0,8,1/2,0.5,48,5.450773457797237e-27,1.9173899450406803e-23,0.7067503908128585,1.1728176779613902e-05,50.793191026365825,False,-0.7510703827354632,True
1726,133,11,12,1.5,2.0,9,1/sqrt(3),0.5773502691896258,48,5.011450311319269e-27,1.9173899450406803e-23,0.7687619478870715,1.2757228214462088e-05,50.831473778528995,False,-0.7127876305722936,True
1727,133,11,12,1.5,2.0,10,1/sqrt(2),0.7071067811865475,48,4.171841391951821e-27,1.9173899450406803e-23,0.9235910450791908,1.5326541293169706e-05,50.88382887286876,False,-0.660432536232527,True
1728,133,11,12,1.5,2.0,11,sqrt(2/3),0.816496580927726,48,3.302137936702724e-27,1.9173899450406803e-23,1.1669608576347412,1.9365144202451695e-05,50.8632276613557,False,-0.6810337477455874,True
1729,133,11,12,1.5,2.0,12,1,1.0,26,6.395718852408288e-32,1.9173899450406803e-23,60260.94417820243,1.0000008707678876,-1815690634.2282212,True,-1815690685.7724826,False
1730,134,11,13,1.5,2.5,0,-1,-1.0,26,1.0901610872275852e-26,3.8347798901144907e-23,0.7064188914630674,1.1722675710173804e-05,50.10027221141935,False,-1.4439891976819368,True
1731,134,11,13,1.5,2.5,1,-sqrt(2/3),-0.816496580927726,48,1.0389459885755956e-26,3.8347798901144907e-23,0.7413050157303565,1.2301593865552208e-05,50.12313821840356,False,-1.4211231906977275,True
1732,134,11,13,1.5,2.5,2,-1/sqrt(2),-0.7071067811865475,48,1.0071775156417131e-26,3.8347798901144907e-23,0.7647260762427456,1.2690254900092858e-05,50.13655664258287,False,-1.407704766518421,True
1733,134,11,13,1.5,2.5,3,-1/sqrt(3),-0.5773502691896258,48,9.681435364047195e-27,3.8347798901144907e-23,0.7956064219807579,1.3202699121615622e-05,50.15199164023616,False,-1.3922697688651269,True
1734,134,11,13,1.5,2.5,4,-1/2,-0.5,48,9.441071957780157e-27,3.8347798901144907e-23,0.8158912694291193,1.353931623554217e-05,50.16078779096492,False,-1.383473618136371,True
1735,134,11,13,1.5,2.5,5,-1/3,-0.3333333333333333,24,8.901128004124126e-27,3.8347798901144907e-23,0.8654501938539751,1.4361722327166305e-05,50.17801657152602,False,-1.366244837575266,True
1736,134,11,13,1.5,2.5,6,0,0.0,192,7.708602974173895e-27,3.8347798901144907e-23,0.9994901186463917,1.658604926624808e-05,50.196869378102555,False,-1.3473920309987335,True
1737,134,11,13,1.5,2.5,7,1/3,0.3333333333333333,24,6.2940479725755536e-27,3.8347798901144907e-23,1.22430939188861,2.0316815056156556e-05,50.14962543719035,False,-1.3946359719109367,True
1738,134,11,13,1.5,2.5,8,1/2,0.5,48,5.450805437263593e-27,3.8347798901144907e-23,1.4138198302623441,2.3461648015177598e-05,50.04348996065921,False,-1.5007714484420802,True
1739,134,11,13,1.5,2.5,9,1/sqrt(3),0.5773502691896258,48,5.0114797134839864e-27,3.8347798901144907e-23,1.537815833544439,2.5519300993318036e-05,49.94452660885863,False,-1.5997348002426577,True
1740,134,11,13,1.5,2.5,10,1/sqrt(2),0.7071067811865475,48,4.171865868584928e-27,3.8347798901144907e-23,1.8474217889843585,3.0657060271023376e-05,49.603849581848735,False,-1.9404118272525537,True
1741,134,11,13,1.5,2.5,11,sqrt(2/3),0.816496580927726,48,3.302157311387971e-27,3.8347798901144907e-23,2.334106328577693,3.8733351972384516e-05,48.82009443912996,False,-2.7241669699713285,True
1742,134,11,13,1.5,2.5,12,1,1.0,26,1.279144630446954e-31,3.8347798901144907e-23,60260.90366545786,1.0000001984787223,-1815688193.5859509,True,-1815688245.1302123,False
1743,135,11,14,1.5,3.0,0,-1,-1.0,26,1.090167482952007e-26,5.752169835155171e-23,1.0599494602392798,1.7589342444996693e-05,49.78803374064369,False,-1.7562276684575977,True
1744,135,11,14,1.5,3.0,1,-sqrt(2/3),-0.816496580927726,48,1.0389520838418412e-26,5.752169835155171e-23,1.1122629614150885,1.84574593894313e-05,49.77933446714759,False,-1.7649269419536964,True
1745,135,11,14,1.5,3.0,2,-1/sqrt(2),-0.7071067811865475,48,1.0071834245354711e-26,5.752169835155171e-23,1.1473848070384174,1.9040289225327042e-05,49.77070781394678,False,-1.7735535951545103,True
1746,135,11,14,1.5,3.0,3,-1/sqrt(3),-0.5773502691896258,48,9.681492163025493e-27,5.752169835155171e-23,1.193693333261187,1.9808756549864877e-05,49.75602867587266,False,-1.7882327332286252,True
1747,135,11,14,1.5,3.0,4,-1/2,-0.5,48,9.441127346649195e-27,5.752169835155171e-23,1.2241132085928168,2.031355949039504e-05,49.74439463222302,False,-1.7998667768782681,True
1748,135,11,14,1.5,3.0,5,-1/3,-0.3333333333333333,24,8.90118022537831e-27,5.752169835155171e-23,1.2984349463400495,2.1546892347650518e-05,49.70954606881256,False,-1.8347153402887315,True
1749,135,11,14,1.5,3.0,6,0,0.0,192,7.708648199438283e-27,5.752169835155171e-23,1.4994578462756405,2.4882768970914427e-05,49.57216684352076,False,-1.9720945655805266,True
1750,135,11,14,1.5,3.0,7,1/3,0.3333333333333333,24,6.294084899390881e-27,5.752169835155171e-23,1.8366423030723946,3.0478179978897232e-05,49.212458839081215,False,-2.3318025700200735,True
1751,135,11,14,1.5,3.0,8,1/2,0.5,48,5.450837417292772e-27,5.752169835155171e-23,2.1208809728825524,3.519498156892075e-05,48.793859299302135,False,-2.750402109799154,True
1752,135,11,14,1.5,3.0,9,1/sqrt(3),0.5773502691896258,48,5.011509116292431e-27,5.752169835155171e-23,2.3068606949240738,3.828122401870241e-05,48.466156377841855,False,-3.078105031259433,True
1753,135,11,14,1.5,3.0,10,1/sqrt(2),0.7071067811865475,48,4.171890346054928e-27,5.752169835155171e-23,2.7712416920200593,4.598739934995487e-05,47.470437090006364,False,-4.073824319094925,True
1754,135,11,14,1.5,3.0,11,sqrt(2/3),0.816496580927726,48,3.3021766871982785e-27,5.752169835155171e-23,3.5012381024466332,5.8101332446078856e-05,45.41478062306651,False,-6.129480786034776,True
1755,135,11,14,1.5,3.0,12,1,1.0,26,1.9187173756528864e-31,5.752169835155171e-23,60260.89016087819,0.9999999743768334,-1815687380.193333,True,-1815687431.7375944,False
1756,136,11,15,1.5,3.5,0,-1,-1.0,26,1.0901738786764287e-26,7.669559780228981e-23,1.4134758809051196,2.3455940343958453e-05,49.35081727010578,False,-2.1934441389955097,True
1757,136,11,15,1.5,3.5,1,-sqrt(2/3),-0.816496580927726,48,1.0389581791116989e-26,7.669559780228981e-23,1.4832165544957139,2.461325268397585e-05,49.297927374319855,False,-2.246334034781434,True
1758,136,11,15,1.5,3.5,2,-1/sqrt(2),-0.7071067811865475,48,1.0071893334351766e-26,7.669559780228981e-23,1.5300390479314354,2.5390249042824502e-05,49.25843815082151,False,-2.285823258279777,True
1759,136,11,15,1.5,3.5,3,-1/sqrt(3),-0.5773502691896258,48,9.681548962093077e-27,7.669559780228981e-23,1.5917755736014736,2.6414736466148904e-05,49.20159995770091,False,-2.3426614514003816,True
1760,136,11,15,1.5,3.5,4,-1/2,-0.5,48,9.441182735626546e-27,7.669559780228981e-23,1.6323303578890773,2.708772325974244e-05,49.161364140547,False,-2.382897268554288,True
1761,136,11,15,1.5,3.5,5,-1/3,-0.3333333333333333,24,8.901232446785672e-27,7.669559780228981e-23,1.7314146183821497,2.8731978060653866e-05,49.05360856659874,False,-2.4906528425025485,True
1762,136,11,15,1.5,3.5,6,0,0.0,192,7.708693424967987e-27,7.669559780228981e-23,1.9994197074360578,3.3179391324402165e-05,48.697508309818815,False,-2.8467530992824734,True
1763,136,11,15,1.5,3.5,7,1/3,0.3333333333333333,24,6.294121826639461e-27,7.669559780228981e-23,2.4489680291388862,4.063942566813356e-05,47.9003582429672,False,-3.6439031661340877,True
1764,136,11,15,1.5,3.5,8,1/2,0.5,48,5.45086939788476e-27,7.669559780228981e-23,2.8279338186249356,4.692817744003774e-05,47.04431664152864,False,-4.49994476757265,True
1765,136,11,15,1.5,3.5,9,1/sqrt(3),0.5773502691896258,48,5.0115385197445904e-27,7.669559780228981e-23,3.0758965319150473,5.104299728877441e-05,46.396383906043134,False,-5.1478775030581545,True
1766,136,11,15,1.5,3.5,10,1/sqrt(2),0.7071067811865475,48,4.1719148243618056e-27,7.669559780228981e-23,3.6950507538530895,6.131755852443484e-05,44.48362144360579,False,-7.060639965495497,True
1767,136,11,15,1.5,3.5,11,sqrt(2/3),0.816496580927726,48,3.302196064133627e-27,7.669559780228981e-23,4.668356178330103,7.746908560840951e-05,40.64733417629127,False,-10.896927232810022,True
1768,136,11,15,1.5,3.5,12,1,1.0,26,2.5582896908763753e-31,7.669559780228981e-23,60260.89353714761,1.0000000304043717,-1815687583.938021,True,-1815687635.4822824,False
1769,137,11,16,1.5,4.0,0,-1,-1.0,26,1.0901802744008502e-26,9.586949725269662e-23,1.766998153521376,2.932246940806785e-05,48.788627199098045,False,-2.755634210003244,True
1770,137,11,16,1.5,4.0,1,-sqrt(2/3),-0.816496580927726,48,1.038964274385169e-26,9.586949725269662e-23,1.85416579503215,3.076897375018016e-05,48.67892178365166,False,-2.8653396254496286,True
1771,137,11,16,1.5,4.0,2,-1/sqrt(2),-0.7071067811865475,48,1.0071952423408294e-26,9.586949725269662e-23,1.9126887989808197,3.174013435356465e-05,48.59975280733505,False,-2.9445086017662376,True
1772,137,11,16,1.5,4.0,3,-1/sqrt(3),-0.5773502691896258,48,9.68160576124994e-27,9.586949725269662e-23,1.9898531430590571,3.302063887142088e-05,48.48871106386155,False,-3.0555503452397375,True
1773,137,11,16,1.5,4.0,4,-1/2,-0.5,48,9.441238124712208e-27,9.586949725269662e-23,2.0405427173740467,3.386180754451609e-05,48.41170218174038,False,-3.1325592273609075,True
1774,137,11,16,1.5,4.0,5,-1/3,-0.3333333333333333,24,8.901284668346209e-27,9.586949725269662e-23,2.164389210032378,3.5916979467040954e-05,48.210210663958705,False,-3.3340507451425836,True
1775,137,11,16,1.5,4.0,6,0,0.0,192,7.708738650762995e-27,9.586949725269662e-23,2.4993757021619993,4.1475916327281406e-05,47.57290257594288,False,-3.971358833158412,True
1776,137,11,16,1.5,4.0,7,1/3,0.3333333333333333,24,6.294158754321284e-27,9.586949725269662e-23,3.0612865700669456,5.0800552123514756e-05,46.21333684780951,False,-5.330924561291781,True
1777,137,11,16,1.5,4.0,8,1/2,0.5,48,5.4509013790395476e-27,9.586949725269662e-23,3.53497836739209,5.8661235626912194e-05,44.79487958667629,False,-6.749381822425001,True
1778,137,11,16,1.5,4.0,9,1/sqrt(3),0.5773502691896258,48,5.011567923840453e-27,9.586949725269662e-23,3.8449233443532953,6.380462080081147e-05,43.73523001432817,False,-7.809031394773122,True
1779,137,11,16,1.5,4.0,10,1/sqrt(2),0.7071067811865475,48,4.171939303505545e-27,9.586949725269662e-23,4.618848974086429,7.664753778787494e-05,40.6434326900846,False,-10.900828719016687,True
1780,137,11,16,1.5,4.0,11,sqrt(2/3),0.816496580927726,48,3.302215442193998e-27,9.586949725269662e-23,5.835460555236047,9.68366114429138e-05,34.51780306609266,False,-17.026458343008628,True
1781,137,11,16,1.5,4.0,12,1,1.0,26,3.197862178092834e-31,9.586949725269662e-23,60260.89232164367,1.0000000102336788,-1815687510.913812,True,-1815687562.4580734,False
1782,138,12,12,2.0,2.0,0,-1,-1.0,13,1.0901610872275852e-26,0.0,-0.0006546984188788478,1.0864399784927772e-08,50.3497858222123,False,-1.1944755868889914,True
1783,138,12,12,2.0,2.0,1,-sqrt(2/3),-0.816496580927726,24,1.0389459885683706e-26,0.0,-0.0006239410890605693,1.0353996952376417e-08,50.39790458693277,False,-1.1463568221685208,True
1784,138,12,12,2.0,2.0,2,-1/sqrt(2),-0.7071067811865475,24,1.0071775156298176e-26,0.0,-0.0006048624691696686,1.0037396594314797e-08,50.428959445508184,False,-1.1153019635931045,True
1785,138,12,12,2.0,2.0,3,-1/sqrt(3),-0.5773502691896258,24,9.68143536386862e-27,0.0,-0.0005814205349524938,9.648389170860953e-09,50.468486260578196,False,-1.0757751485230926,True
1786,138,12,12,2.0,2.0,4,-1/2,-0.5,24,9.441071957563522e-27,0.0,-0.0005669854625665878,9.408846210617645e-09,50.493626912016936,False,-1.0506344970843529,True
1787,138,12,12,2.0,2.0,5,-1/3,-0.3333333333333333,12,8.901128003817758e-27,0.0,-0.0005345590205533675,8.870745278225448e-09,50.55251844770471,False,-0.9917429613965751,True
1788,138,12,12,2.0,2.0,6,0,0.0,96,7.708602973643249e-27,0.0,-0.0004629416916213441,7.682290761444096e-09,50.696359519649775,False,-0.8479018894515136,True
1789,138,12,12,2.0,2.0,7,1/3,0.3333333333333333,12,6.294047971709014e-27,0.0,-0.00037799030837772513,6.272564140411762e-09,50.89909210942302,False,-0.6451692996782654,True
1790,138,12,12,2.0,2.0,8,1/2,0.5,24,5.450805436137926e-27,0.0,-0.0003273492094394239,5.432199892463886e-09,51.0429331635085,False,-0.5013282455927879,True
1791,138,12,12,2.0,2.0,9,1/sqrt(3),0.5773502691896258,24,5.011479712196503e-27,0.0,-0.00030096541531880245,4.994373743959468e-09,51.12696533277543,False,-0.4172960763258615,True
1792,138,12,12,2.0,2.0,10,1/sqrt(2),0.7071067811865475,24,4.171865866911104e-27,0.0,-0.0002505422381005548,4.157625800282704e-09,51.310333184071325,False,-0.23392822502996324,True
1793,138,12,12,2.0,2.0,11,sqrt(2/3),0.816496580927726,24,3.302157309137796e-27,0.0,-0.00019831171691146756,3.290885868108845e-09,51.544120596700836,False,-0.0001408124004527167,True
1794,139,12,13,2.0,2.5,0,-1,-1.0,26,1.090167482952007e-26,1.9173899450738107e-23,0.35288001857726986,5.855871172717236e-06,50.287518016018915,False,-1.256743393082374,True
1795,139,12,13,2.0,2.5,1,-sqrt(2/3),-0.816496580927726,48,1.0389520838273914e-26,1.9173899450738107e-23,0.37033835731474457,6.145583758169067e-06,50.32932366538014,False,-1.2149377437211513,True
1796,139,12,13,2.0,2.5,2,-1/sqrt(2),-0.7071067811865475,48,1.0071834245116802e-26,1.9173899450738107e-23,0.38205835834775054,6.340071438344611e-06,50.355969467090006,False,-1.1882919420112827,True
1797,139,12,13,2.0,2.5,3,-1/sqrt(3),-0.5773502691896258,48,9.681492162668348e-27,1.9173899450738107e-23,0.3975101618089967,6.596486553091014e-06,50.38947339847495,False,-1.1547880106263406,True
1798,139,12,13,2.0,2.5,4,-1/2,-0.5,48,9.441127346215928e-27,1.9173899450738107e-23,0.40765974369508867,6.764913896247268e-06,50.410527972679844,False,-1.1337334364214442,True
1799,139,12,13,2.0,2.5,5,-1/3,-0.3333333333333333,24,8.90118022476558e-27,1.9173899450738107e-23,0.43245527404369366,7.176383584913806e-06,50.459003941795835,False,-1.0852574673054534,True
1800,139,12,13,2.0,2.5,6,0,0.0,192,7.708648198377002e-27,1.9173899450738107e-23,0.49951065256142635,8.28913476765512e-06,50.57159831402605,False,-0.9726630950752408,True
1801,139,12,13,2.0,2.5,7,1/3,0.3333333333333333,24,6.294084897657814e-27,1.9173899450738107e-23,0.6119621061825116,1.0155211595254442e-05,50.711837504372426,False,-0.8324239047288629,True
1802,139,12,13,2.0,2.5,8,1/2,0.5,48,5.450837415041451e-27,1.9173899450738107e-23,0.7067420905077841,1.1728039040114212e-05,50.79318515903512,False,-0.7510762500661698,True
1803,139,12,13,2.0,2.5,9,1/sqrt(3),0.5773502691896258,48,5.011509113717479e-27,1.9173899450738107e-23,0.7687529205913921,1.275707841090917e-05,50.83146898478955,False,-0.7127924243117363,True
1804,139,12,13,2.0,2.5,10,1/sqrt(2),0.7071067811865475,48,4.1718903427073e-27,1.9173899450738107e-23,0.9235802022867001,1.5326361362335893e-05,50.883827153575915,False,-0.6604342555253737,True
1805,139,12,13,2.0,2.5,11,sqrt(2/3),0.816496580927726,48,3.3021766826979546e-27,1.9173899450738107e-23,1.1669471604994437,1.936491690519621e-05,50.86323191174254,False,-0.6810294973587503,True
1806,139,12,13,2.0,2.5,12,1,1.0,26,6.395727452058361e-32,1.9173899450738107e-23,60260.863152802674,0.9999995261910407,-1815685751.5644135,True,-1815685803.108675,False
1807,140,12,14,2.0,3.0,0,-1,-1.0,26,1.0901738786764287e-26,3.8347798901144907e-23,0.7064105874021553,1.1722537908347827e-05,50.1002663440591,False,-1.4439950650421878,True
1808,140,12,14,2.0,3.0,1,-sqrt(2/3),-0.816496580927726,48,1.0389581790900244e-26,3.8347798901144907e-23,0.7412963030582899,1.2301449283024136e-05,50.12313294364184,False,-1.4211284654594465,True
1809,140,12,14,2.0,3.0,2,-1/sqrt(2),-0.7071067811865475,48,1.0071893333994904e-26,3.8347798901144907e-23,0.7647170892096673,1.2690105764678098e-05,50.13655178168976,False,-1.4077096274115277,True
1810,140,12,14,2.0,3.0,3,-1/sqrt(3),-0.5773502691896258,48,9.681548961557357e-27,3.8347798901144907e-23,0.7955970731662664,1.32025439826154e-05,50.151987344698036,False,-1.392274064403253,True
1811,140,12,14,2.0,3.0,4,-1/2,-0.5,48,9.44118273497665e-27,3.8347798901144907e-23,0.8158816829430964,1.3539157152499224e-05,50.16078387897795,False,-1.3834775301233364,True
1812,140,12,14,2.0,3.0,5,-1/3,-0.3333333333333333,24,8.90123244586658e-27,3.8347798901144907e-23,0.8654400266340975,1.4361553607129315e-05,50.17801363722548,False,-1.3662477718758055,True
1813,140,12,14,2.0,3.0,6,0,0.0,192,7.70869342337607e-27,3.8347798901144907e-23,0.9994783803627749,1.6585854475177376e-05,50.19686937686087,False,-1.3473920322404211,True
1814,140,12,14,2.0,3.0,7,1/3,0.3333333333333333,24,6.294121824039874e-27,3.8347798901144907e-23,1.2242950177035363,2.0316576523591454e-05,50.149631302065565,False,-1.3946301070357237,True
1815,140,12,14,2.0,3.0,8,1/2,0.5,48,5.450869394507797e-27,3.8347798901144907e-23,1.4138032336634259,2.3461372602742623e-05,50.04350169165089,False,-1.5007597174504,True
1816,140,12,14,2.0,3.0,9,1/sqrt(3),0.5773502691896258,48,5.011538515882185e-27,3.8347798901144907e-23,1.5377977826696632,2.5519001447887072e-05,49.944542634145485,False,-1.5997187749558037,True
1817,140,12,14,2.0,3.0,10,1/sqrt(2),0.7071067811865475,48,4.171914819340392e-27,3.8347798901144907e-23,1.8474001065615964,3.065670046183123e-05,49.60387790472265,False,-1.9403835043786373,True
1818,140,12,14,2.0,3.0,11,sqrt(2/3),0.816496580927726,48,3.302196057383182e-27,3.8347798901144907e-23,2.3340789369150787,3.873289742115171e-05,48.8201466403366,False,-2.724114768764686,True
1819,140,12,14,2.0,3.0,12,1,1.0,26,1.2791450604293854e-31,3.8347798901144907e-23,60260.883408857815,0.9999998623303605,-1815686972.9051323,True,-1815687024.4493937,False
1820,141,12,15,2.0,3.5,0,-1,-1.0,26,1.0901802744008502e-26,5.752169835188301e-23,1.059937008141003,1.7589135808521117e-05,49.788035205758575,False,-1.7562262033427132,True
1821,141,12,15,2.0,3.5,1,-sqrt(2/3),-0.816496580927726,48,1.0389642743562697e-26,5.752169835188301e-23,1.1122498962271326,1.845724257903261e-05,49.77933726558445,False,-1.7649241435168364,True
1822,141,12,15,2.0,3.5,2,-1/sqrt(2),-0.7071067811865475,48,1.0071952422932483e-26,5.752169835188301e-23,1.147371330202049,1.9040065583824447e-05,49.77071154357083,False,-1.7735498655304553,True
1823,141,12,15,2.0,3.5,3,-1/sqrt(3),-0.5773502691896258,48,9.681605760535652e-27,5.752169835188301e-23,1.1936793136218096,1.9808523900812053e-05,49.75603367752202,False,-1.7882277315792692,True
1824,141,12,15,2.0,3.5,4,-1/2,-0.5,48,9.441238123845684e-27,5.752169835188301e-23,1.2240988323658166,2.0313320923945164e-05,49.74440049684661,False,-1.7998609122546796,True
1825,141,12,15,2.0,3.5,5,-1/3,-0.3333333333333333,24,8.901284667120759e-27,5.752169835188301e-23,1.2984196988326848,2.154663932272949e-05,49.70955413319029,False,-1.8347072759110006,True
1826,141,12,15,2.0,3.5,6,0,0.0,192,7.708738648640453e-27,5.752169835188301e-23,1.4994402417813297,2.488247683294878e-05,49.57218150716049,False,-1.972079901940802,True
1827,141,12,15,2.0,3.5,7,1/3,0.3333333333333333,24,6.294158750855188e-27,5.752169835188301e-23,1.8366207442758664,3.0477822221221924e-05,49.212486701244096,False,-2.3317747078571927,True
1828,141,12,15,2.0,3.5,8,1/2,0.5,48,5.450901374536958e-27,5.752169835188301e-23,2.120856080208928,3.5194568487186974e-05,48.79390035998774,False,-2.7503610491135504,True
1829,141,12,15,2.0,3.5,9,1/sqrt(3),0.5773502691896258,48,5.011567918690609e-27,5.752169835188301e-23,2.306833620708554,3.828077473534875e-05,48.46620710051655,False,-3.07805430858474,True
1830,141,12,15,2.0,3.5,10,1/sqrt(2),0.7071067811865475,48,4.171939296810365e-27,5.752169835188301e-23,2.771209170253363,4.598685966715603e-05,47.47051548175088,False,-4.073745927350409,True
1831,141,12,15,2.0,3.5,11,sqrt(2/3),0.816496580927726,48,3.302215433193455e-27,5.752169835188301e-23,3.50119701661849,5.810065064687243e-05,45.41491274008706,False,-6.129348669014227,True
1832,141,12,15,2.0,3.5,12,1,1.0,26,1.918717088997927e-31,5.752169835188301e-23,60260.89916415912,1.0000001237818734,-1815687922.7390964,True,-1815687974.2833579,False
1833,142,12,16,2.0,4.0,0,-1,-1.0,26,1.0901866701252718e-26,7.669559780228981e-23,1.413459280854601,2.3455664874245857e-05,49.350829000405426,False,-2.1934324086958625,True
1834,142,12,16,2.0,4.0,1,-sqrt(2/3),-0.816496580927726,48,1.0389703696261274e-26,7.669559780228981e-23,1.4831991368811883,2.4612963647188763e-05,49.29794147492877,False,-2.2463199341725186,True
1835,142,12,16,2.0,4.0,2,-1/sqrt(2),-0.7071067811865475,48,1.0072011511929534e-26,7.669559780228981e-23,1.530021081383915,2.5389950896763067e-05,49.25845390684577,False,-2.2858075022555155,True
1836,142,12,16,2.0,4.0,3,-1/sqrt(3),-0.5773502691896258,48,9.68166255960323e-27,7.669559780228981e-23,1.5917568832330635,2.6414426308634117e-05,49.20161797506455,False,-2.342643434036738,True
1837,142,12,16,2.0,4.0,4,-1/2,-0.5,48,9.441293512823031e-27,7.669559780228981e-23,1.6323111920193936,2.708740521151678e-05,49.16138369206065,False,-2.3828777170406354,True
1838,142,12,16,2.0,4.0,5,-1/3,-0.3333333333333333,24,8.901336888528114e-27,7.669559780228981e-23,1.7313942906915551,2.8731640732578898e-05,49.05363202871919,False,-2.490629380382096,True
1839,142,12,16,2.0,4.0,6,0,0.0,192,7.708783874170143e-27,7.669559780228981e-23,1.9993962368514429,3.317900184153939e-05,48.69754350375921,False,-2.846717905342075,True
1840,142,12,16,2.0,4.0,7,1/3,0.3333333333333333,24,6.294195678103749e-27,7.669559780228981e-23,2.448939285878356,4.0638948687794954e-05,47.90041690054662,False,-3.643844508554672,True
1841,142,12,16,2.0,4.0,8,1/2,0.5,48,5.450933355128923e-27,7.669559780228981e-23,2.8279006300468756,4.692762669183072e-05,47.0443987627466,False,-4.499862646354686,True
1842,142,12,16,2.0,4.0,9,1/sqrt(3),0.5773502691896258,48,5.0115973221427426e-27,7.669559780228981e-23,3.0758604345439866,5.10423982705714e-05,46.39648320383651,False,-5.147778205264778,True
1843,142,12,16,2.0,4.0,10,1/sqrt(2),0.7071067811865475,48,4.171963775117209e-27,7.669559780228981e-23,3.695007392964956,6.131683897172152e-05,44.48376993001453,False,-7.060491479086757,True
1844,142,12,16,2.0,4.0,11,sqrt(2/3),0.816496580927726,48,3.3022348101287566e-27,7.669559780228981e-23,4.668301398617578,7.746817656589493e-05,40.64757817266674,False,-10.896683236434548,True
1845,142,12,16,2.0,4.0,12,1,1.0,26,2.5582896908763753e-31,7.669559780228981e-23,60260.89353714761,1.0000000304043717,-1815687583.938021,True,-1815687635.4822824,False
1846,143,13,13,2.5,2.5,0,-1,-1.0,13,1.0901738786764287e-26,0.0,-0.0006547061008090058,1.0864527262798422e-08,50.34977408873599,False,-1.1944873203652975,True
1847,143,13,13,2.5,2.5,1,-sqrt(2/3),-0.816496580927726,24,1.0389581790827998e-26,0.0,-0.0006239484100983642,1.0354118441414959e-08,50.39789285345692,False,-1.146368555644365,True
1848,143,13,13,2.5,2.5,2,-1/sqrt(2),-0.7071067811865475,24,1.0071893333875953e-26,0.0,-0.0006048695663477117,1.0037514368510337e-08,50.428947712032624,False,-1.1153136970686646,True
1849,143,13,13,2.5,2.5,3,-1/sqrt(3),-0.5773502691896258,24,9.681548961378786e-27,0.0,-0.0005814273570736615,9.648502380622288e-09,50.468474527102956,False,-1.075786881998333,True
1850,143,13,13,2.5,2.5,4,-1/2,-0.5,24,9.441182734760018e-27,0.0,-0.0005669921153132546,9.408956609692047e-09,50.493615178541894,False,-1.0506462305593942,True
1851,143,13,13,2.5,2.5,5,-1/3,-0.3333333333333333,12,8.901232445560217e-27,0.0,-0.0005345652928230763,8.870849363470978e-09,50.55250671423009,False,-0.9917546948711973,True
1852,143,13,13,2.5,2.5,6,0,0.0,96,7.708693422845432e-27,0.0,-0.0004629471235662513,7.682380901910883e-09,50.696347786175984,False,-0.8479136229253044,True
1853,143,13,13,2.5,2.5,7,1/3,0.3333333333333333,12,6.294121823173345e-27,0.0,-0.00037799474354216977,6.272637739794697e-09,50.89908037595007,False,-0.6451810331512178,True
1854,143,13,13,2.5,2.5,8,1/2,0.5,24,5.4508693933821435e-27,0.0,-0.0003273530504045029,5.432263631399211e-09,51.04292143003597,False,-0.501339979065321,True
1855,143,13,13,2.5,2.5,9,1/sqrt(3),0.5773502691896258,24,5.011538514594717e-27,0.0,-0.0003009689467085748,4.994432345644117e-09,51.1269535993031,False,-0.4173078097981886,True
1856,143,13,13,2.5,2.5,10,1/sqrt(2),0.7071067811865475,24,4.1719148176665875e-27,0.0,-0.00025054517784795486,4.157674583951794e-09,51.31032145059932,False,-0.23393995850197058,True
1857,143,13,13,2.5,2.5,11,sqrt(2/3),0.816496580927726,24,3.302196055133032e-27,0.0,-0.00019831404380995222,3.2909244818501765e-09,51.5441088632291,False,-0.00015254587219004634,True
1858,144,13,14,2.5,3.0,0,-1,-1.0,26,1.0901802744008502e-26,1.9173899450406803e-23,0.3528758627484124,5.8558022087716354e-06,50.287507749116806,False,-1.2567536599844829,True
1859,144,13,14,2.5,3.0,1,-sqrt(2/3),-0.816496580927726,48,1.0389642743418203e-26,1.9173899450406803e-23,0.37033399736285405,6.14551140690165e-06,50.32931354662561,False,-1.2149478624756753,True
1860,144,13,14,2.5,3.0,2,-1/sqrt(2),-0.7071067811865475,48,1.0071952422694577e-26,1.9173899450406803e-23,0.3820538613286928,6.339996812514648e-06,50.355959451801176,False,-1.1883019573001121,True
1861,144,13,14,2.5,3.0,3,-1/sqrt(3),-0.5773502691896258,48,9.68160576017851e-27,1.9173899450406803e-23,0.39750548403861824,6.596408927781363e-06,50.38946352452284,False,-1.15479788457845,True
1862,144,13,14,2.5,3.0,4,-1/2,-0.5,48,9.441238123412421e-27,1.9173899450406803e-23,0.40765494717485207,6.764834300341849e-06,50.41051819461411,False,-1.1337432144871755,True
1863,144,13,14,2.5,3.0,5,-1/3,-0.3333333333333333,24,8.901284666508034e-27,1.9173899450406803e-23,0.4324501873497492,7.176299173717747e-06,50.45899440814808,False,-1.085267000953209,True
1864,144,13,14,2.5,3.0,6,0,0.0,192,7.708738647579182e-27,1.9173899450406803e-23,0.4995047807638387,8.289037328048411e-06,50.57158951363182,False,-0.9726718954694675,True
1865,144,13,14,2.5,3.0,7,1/3,0.3333333333333333,24,6.294158749122141e-27,1.9173899450406803e-23,0.6119549169461127,1.0155092293395552e-05,50.7118301704844,False,-0.8324312386168913,True
1866,144,13,14,2.5,3.0,8,1/2,0.5,48,5.450901372285663e-27,1.9173899450406803e-23,0.7067337903729659,1.1727901303439839e-05,50.793179291652876,False,-0.7510821174484121,True
1867,144,13,14,2.5,3.0,9,1/sqrt(3),0.5773502691896258,48,5.011567916115689e-27,1.9173899450406803e-23,0.7687438934808939,1.2756928610429242e-05,50.831464190963935,False,-0.7127972181373536,True
1868,144,13,14,2.5,3.0,10,1/sqrt(2),0.7071067811865475,48,4.171939293462776e-27,1.9173899450406803e-23,0.9235693597166603,1.5326181435193548e-05,50.88382543409773,False,-0.6604359750035584,True
1869,144,13,14,2.5,3.0,11,sqrt(2/3),0.816496580927726,48,3.302215428693184e-27,1.9173899450406803e-23,1.1669334636451847,1.9364689612604424e-05,50.863236161751495,False,-0.681025247349794,True
1870,144,13,14,2.5,3.0,12,1,1.0,26,6.395718852408288e-32,1.9173899450406803e-23,60260.94417820243,1.0000008707678876,-1815690634.2282212,True,-1815690685.7724826,False
1871,145,13,15,2.5,3.5,0,-1,-1.0,26,1.0901866701252718e-26,3.8347798901144907e-23,0.7064022835359308,1.1722400109752593e-05,50.10026047663004,False,-1.4440009324712477,True
1872,145,13,15,2.5,3.5,1,-sqrt(2/3),-0.816496580927726,48,1.0389703696044533e-26,3.8347798901144907e-23,0.7412875905905074,1.230130470388606e-05,50.123127668790445,False,-1.421133740310843,True
1873,145,13,15,2.5,3.5,2,-1/sqrt(2),-0.7071067811865475,48,1.0072011511572678e-26,3.8347798901144907e-23,0.764708102387317,1.2689956632760264e-05,50.1365469206924,False,-1.4077144884088852,True
1874,145,13,15,2.5,3.5,3,-1/sqrt(3),-0.5773502691896258,48,9.68166255906752e-27,3.8347798901144907e-23,0.7955877245709991,1.3202388847253101e-05,50.15198304903576,False,-1.392278360065525,True
1875,145,13,15,2.5,3.5,4,-1/2,-0.5,48,9.441293512173143e-27,3.8347798901144907e-23,0.815872096681879,1.353899807318682e-05,50.16077996685334,False,-1.3834814422479482,True
1876,145,13,15,2.5,3.5,5,-1/3,-0.3333333333333333,24,8.901336887609034e-27,3.8347798901144907e-23,0.8654298596526621,1.4361384891049156e-05,50.178010702752886,False,-1.3662507063484028,True
1877,145,13,15,2.5,3.5,6,0,0.0,192,7.708783872578248e-27,3.8347798901144907e-23,0.9994666423544872,1.6585659688675622e-05,50.196869375343894,False,-1.3473920337573944,True
1878,145,13,15,2.5,3.5,7,1/3,0.3333333333333333,24,6.294195675504194e-27,3.8347798901144907e-23,1.2242806438556708,2.031633799662216e-05,50.14963716645899,False,-1.3946242426423012,True
1879,145,13,15,2.5,3.5,8,1/2,0.5,48,5.450933351752001e-27,3.8347798901144907e-23,1.4137866374538821,2.3461097196769128e-05,50.043513421954295,False,-1.500747987146994,True
1880,145,13,15,2.5,3.5,9,1/sqrt(3),0.5773502691896258,48,5.0115973182803834e-27,3.8347798901144907e-23,1.5377797322183961,2.5518701909484032e-05,49.94455865859291,False,-1.5997027505083778,True
1881,145,13,15,2.5,3.5,10,1/sqrt(2),0.7071067811865475,48,4.1719637700958554e-27,3.8347798901144907e-23,1.8473784246475773,3.065634066108143e-05,49.603906226324284,False,-1.9403551827770045,True
1882,145,13,15,2.5,3.5,11,sqrt(2/3),0.816496580927726,48,3.302234803378392e-27,3.8347798901144907e-23,2.334051545895198,3.873244288058476e-05,48.820198839430454,False,-2.724062569670835,True
1883,145,13,15,2.5,3.5,12,1,1.0,26,1.2791450604293854e-31,3.8347798901144907e-23,60260.883408857815,0.9999998623303605,-1815686972.9051323,True,-1815687024.4493937,False
1884,146,13,16,2.5,4.0,0,-1,-1.0,26,1.0901930658496936e-26,5.752169835155171e-23,1.059924556322534,1.7588929176688816e-05,49.7880366705595,False,-1.756224738541789,True
1885,146,13,16,2.5,4.0,1,-sqrt(2/3),-0.816496580927726,48,1.0389764648706986e-26,5.752169835155171e-23,1.1122368313327773,1.845702577350608e-05,49.77934006366173,False,-1.7649213454395607,True
1886,146,13,16,2.5,4.0,2,-1/sqrt(2),-0.7071067811865475,48,1.0072070600510254e-26,5.752169835155171e-23,1.1473578536685434,1.903984194734772e-05,49.770715272803436,False,-1.7735461362978526,True
1887,146,13,16,2.5,4.0,3,-1/sqrt(3),-0.5773502691896258,48,9.681719358045812e-27,5.752169835155171e-23,1.1936652942975055,1.980829125698772e-05,49.756038678736395,False,-1.7882227303648932,True
1888,146,13,16,2.5,4.0,4,-1/2,-0.5,48,9.441348901042173e-27,5.752169835155171e-23,1.2240844564619113,2.0313082362856895e-05,49.7444063610057,False,-1.799855048095587,True
1889,146,13,16,2.5,4.0,5,-1/3,-0.3333333333333333,24,8.901389108863207e-27,5.752169835155171e-23,1.298404451668014,2.15463863034953e-05,49.70956219702825,False,-1.8346992120730405,True
1890,146,13,16,2.5,4.0,6,0,0.0,192,7.708829097842622e-27,5.752169835155171e-23,1.499422637682728,2.488218470154973e-05,49.572196170034644,False,-1.9720652390666444,True
1891,146,13,16,2.5,4.0,7,1/3,0.3333333333333333,24,6.294232602319496e-27,5.752169835155171e-23,1.8365991859639808,3.0477464471589028e-05,49.21251456218978,False,-2.331746846911507,True
1892,146,13,16,2.5,4.0,8,1/2,0.5,48,5.4509653317811454e-27,5.752169835155171e-23,2.12083118809492,3.519415541473976e-05,48.793941419004526,False,-2.750319990096763,True
1893,146,13,16,2.5,4.0,9,1/sqrt(3),0.5773502691896258,48,5.01162672108879e-27,5.752169835155171e-23,2.3068065471017087,3.828032546209574e-05,48.46625782119182,False,-3.078003587909471,True
1894,146,13,16,2.5,4.0,10,1/sqrt(2),0.7071067811865475,48,4.171988247565805e-27,5.752169835155171e-23,2.7711766492178405,4.598631999649065e-05,47.470593870549195,False,-4.073667538552094,True
1895,146,13,16,2.5,4.0,11,sqrt(2/3),0.816496580927726,48,3.302254179188632e-27,5.752169835155171e-23,3.5011559317140923,5.80999688629951e-05,45.41504485232305,False,-6.129216556778239,True
1896,146,13,16,2.5,4.0,12,1,1.0,26,1.9187173756528864e-31,5.752169835155171e-23,60260.89016087819,0.9999999743768334,-1815687380.193333,True,-1815687431.7375944,False
1897,147,14,14,3.0,3.0,0,-1,-1.0,13,1.0901866701252718e-26,0.0,-0.0006547137827391634,1.0864654740669067e-08,50.34976235539736,False,-1.1944990537039288,True
1898,147,14,14,3.0,3.0,1,-sqrt(2/3),-0.816496580927726,24,1.0389703695972284e-26,0.0,-0.0006239557311361587,1.0354239930453495e-08,50.39788112011876,False,-1.1463802889825274,True
1899,147,14,14,3.0,3.0,2,-1/sqrt(2),-0.7071067811865475,24,1.0072011511453724e-26,0.0,-0.0006048766635257545,1.0037632142705873e-08,50.42893597869473,False,-1.115325430406557,True
1900,147,14,14,3.0,3.0,3,-1/sqrt(3),-0.5773502691896258,24,9.681662558888948e-27,0.0,-0.000581434179194829,9.64861559038362e-09,50.46846279376539,False,-1.0757986153358985,True
1901,147,14,14,3.0,3.0,4,-1/2,-0.5,24,9.441293511956511e-27,0.0,-0.0005669987680599213,9.409067008766445e-09,50.49360344520452,False,-1.050657963896768,True
1902,147,14,14,3.0,3.0,5,-1/3,-0.3333333333333333,12,8.901336887302672e-27,0.0,-0.0005345715650927851,8.870953448716503e-09,50.55249498089314,False,-0.9917664282081518,True
1903,147,14,14,3.0,3.0,6,0,0.0,96,7.708783872047615e-27,0.0,-0.00046295255551115854,7.682471042377669e-09,50.69633605283987,False,-0.8479253562614204,True
1904,147,14,14,3.0,3.0,7,1/3,0.3333333333333333,12,6.2941956746376745e-27,0.0,-0.00037799917870661424,6.2727113391776296e-09,50.8990686426148,False,-0.6451927664864883,True
1905,147,14,14,3.0,3.0,8,1/2,0.5,24,5.450933350626359e-27,0.0,-0.0003273568913695817,5.4323273703345334e-09,51.04290969670111,False,-0.5013517124001794,True
1906,147,14,14,3.0,3.0,9,1/sqrt(3),0.5773502691896258,24,5.011597316992931e-27,0.0,-0.0003009724780983472,4.994490947328767e-09,51.12694186596843,False,-0.41731954313285513,True
1907,147,14,14,3.0,3.0,10,1/sqrt(2),0.7071067811865475,24,4.1719637684220695e-27,0.0,-0.0002505481175953548,4.157723367620883e-09,51.310309717264985,False,-0.23395169183630316,True
1908,147,14,14,3.0,3.0,11,sqrt(2/3),0.816496580927726,24,3.302234801128269e-27,0.0,-0.0001983163707084369,3.290963095591507e-09,51.544097129895036,False,-0.0001642792062526155,True
1909,148,14,15,3.0,3.5,0,-1,-1.0,26,1.0901930658496936e-26,1.9173899450738107e-23,0.35287170702911413,5.855733246644114e-06,50.28749748229644,False,-1.256763926804851,True
1910,148,14,15,3.0,3.5,1,-sqrt(2/3),-0.816496580927726,48,1.0389764648562493e-26,1.9173899450738107e-23,0.3703296375259234,6.145439057541936e-06,50.32930342794718,False,-1.2149579811541074,True
1911,148,14,15,3.0,3.5,2,-1/sqrt(2),-0.7071067811865475,48,1.0072070600272353e-26,1.9173899450738107e-23,0.3820493644282209,6.339922188652561e-06,50.355949436584496,False,-1.188311972516793,True
1912,148,14,15,3.0,3.5,3,-1/sqrt(3),-0.5773502691896258,48,9.681719357688673e-27,1.9173899450738107e-23,0.3975008063916069,6.596331304518929e-06,50.38945365063746,False,-1.154807758463825,True
1913,148,14,15,3.0,3.5,4,-1/2,-0.5,48,9.441348900608917e-27,1.9173899450738107e-23,0.40765015078112327,6.764754706535765e-06,50.41050841661148,False,-1.1337529924898107,True
1914,148,14,15,3.0,3.5,5,-1/3,-0.3333333333333333,24,8.901389108250491e-27,1.9173899450738107e-23,0.43244510078998666,7.1762147647483695e-06,50.458984874554105,False,-1.0852765345471838,True
1915,148,14,15,3.0,3.5,6,0,0.0,192,7.708829096781364e-27,1.9173899450738107e-23,0.49949890912119066,8.288939891012849e-06,50.571580713263394,False,-0.9726806958378944,True
1916,148,14,15,3.0,3.5,7,1/3,0.3333333333333333,24,6.29423260058647e-27,1.9173899450738107e-23,0.6119477278994756,1.0154972994685662e-05,50.71182283656623,False,-0.8324385725350609,True
1917,148,14,15,3.0,3.5,8,1/2,0.5,48,5.4509653295298764e-27,1.9173899450738107e-23,0.7067254904572658,1.1727763570401623e-05,50.793173424184545,False,-0.7510879849167438,True
1918,148,14,15,3.0,3.5,9,1/sqrt(3),0.5773502691896258,48,5.011626718513898e-27,1.9173899450738107e-23,0.7687348666087228,1.2756778813904238e-05,50.831459397011294,False,-0.7128020120899947,True
1919,148,14,15,3.0,3.5,10,1/sqrt(2),0.7071067811865475,48,4.1719882442182554e-27,1.9173899450738107e-23,0.9235585174329116,1.532600151280206e-05,50.883823714375254,False,-0.6604376947260349,True
1920,148,14,15,3.0,3.5,11,sqrt(2/3),0.816496580927726,48,3.302254174688415e-27,1.9173899450738107e-23,1.166919767152619,1.9364462326014762e-05,50.863240411288444,False,-0.6810209978128441,True
1921,148,14,15,3.0,3.5,12,1,1.0,26,6.395727452058361e-32,1.9173899450738107e-23,60260.863152802674,0.9999995261910407,-1815685751.5644135,True,-1815685803.108675,False
1922,149,14,16,3.0,4.0,0,-1,-1.0,26,1.090199461574115e-26,3.8347798901144907e-23,0.7063939798643867,1.1722262314387983e-05,50.10025460913218,False,-1.4440067999691095,True
1923,149,14,16,3.0,4.0,1,-sqrt(2/3),-0.816496580927726,48,1.0389825601188822e-26,3.8347798901144907e-23,0.7412788783270023,1.2301160128137864e-05,50.123122393849386,False,-1.421139015251903,True
1924,149,14,16,3.0,4.0,2,-1/sqrt(2),-0.7071067811865475,48,1.0072129689150452e-26,3.8347798901144907e-23,0.7646991157756873,1.2689807504339235e-05,50.136542059590816,False,-1.4077193495104723,True
1925,149,14,16,3.0,4.0,3,-1/sqrt(3),-0.5773502691896258,48,9.681776156577681e-27,3.8347798901144907e-23,0.7955783761949483,1.320223371552859e-05,50.151978753249374,False,-1.3922826558519148,True
1926,149,14,16,3.0,4.0,4,-1/2,-0.5,48,9.441404289369634e-27,3.8347798901144907e-23,0.8158625106454593,1.3538838997604821e-05,50.16077605459109,False,-1.3834853545101993,True
1927,149,14,16,3.0,4.0,5,-1/3,-0.3333333333333333,24,8.901441329351487e-27,3.8347798901144907e-23,0.8654196929096604,1.4361216178925682e-05,50.17800776810824,False,-1.366253640993051,True
1928,149,14,16,3.0,4.0,6,0,0.0,192,7.708874321780424e-27,3.8347798901144907e-23,0.9994549046215193,1.658546490674267e-05,50.196869373551635,False,-1.3473920355496531,True
1929,149,14,16,3.0,4.0,7,1/3,0.3333333333333333,24,6.294269526968514e-27,3.8347798901144907e-23,1.2242662703450018,2.0316099475248473e-05,50.14964303037066,False,-1.3946183787306268,True
1930,149,14,16,3.0,4.0,8,1/2,0.5,48,5.450997308996204e-27,3.8347798901144907e-23,1.413770041633699,2.3460821797256878e-05,50.04352515156947,False,-1.5007362575318197,True
1931,149,14,16,3.0,4.0,9,1/sqrt(3),0.5773502691896258,48,5.011656120678582e-27,3.8347798901144907e-23,1.5377616821906224,2.551840237810866e-05,49.944574682200965,False,-1.5996867269003232,True
1932,149,14,16,3.0,4.0,10,1/sqrt(2),0.7071067811865475,48,4.172012720851318e-27,3.8347798901144907e-23,1.8473567432422824,3.065598086877366e-05,49.60393454665368,False,-1.9403268624476055,True
1933,149,14,16,3.0,4.0,11,sqrt(2/3),0.816496580927726,48,3.302273549373601e-27,3.8347798901144907e-23,2.334024155518028,3.873198835068327e-05,48.8202510364116,False,-2.7240103726896905,True
1934,149,14,16,3.0,4.0,12,1,1.0,26,1.2791450604293854e-31,3.8347798901144907e-23,60260.883408857815,0.9999998623303605,-1815686972.9051323,True,-1815687024.4493937,False
1935,150,15,15,3.5,3.5,0,-1,-1.0,13,1.0901994615741153e-26,0.0,-0.0006547214646693215,1.0864782218539717e-08,50.3497506221964,False,-1.1945107869048854,True
1936,150,15,15,3.5,3.5,1,-sqrt(2/3),-0.816496580927726,24,1.0389825601116577e-26,0.0,-0.0006239630521739536,1.0354361419492035e-08,50.397869386918266,False,-1.1463920221830222,True
1937,150,15,15,3.5,3.5,2,-1/sqrt(2),-0.7071067811865475,24,1.00721296890315e-26,0.0,-0.0006048837607037975,1.0037749916901413e-08,50.42892424549451,False,-1.1153371636067817,True
1938,150,15,15,3.5,3.5,3,-1/sqrt(3),-0.5773502691896258,24,9.681776156399113e-27,0.0,-0.0005814410013159967,9.648728800144954e-09,50.46845106056549,False,-1.0758103485357964,True
1939,150,15,15,3.5,3.5,4,-1/2,-0.5,24,9.441404289153007e-27,0.0,-0.0005670054208065881,9.409177407840845e-09,50.493591712004815,False,-1.050669697096474,True
1940,150,15,15,3.5,3.5,5,-1/3,-0.3333333333333333,12,8.90144132904513e-27,0.0,-0.000534577837362494,8.871057533962031e-09,50.55248324769385,False,-0.9917781614074386,True
1941,150,15,15,3.5,3.5,6,0,0.0,96,7.708874321249798e-27,0.0,-0.00046295798745606576,7.682561182844455e-09,50.69632431964143,False,-0.8479370894598617,True
1942,150,15,15,3.5,3.5,7,1/3,0.3333333333333333,12,6.294269526102005e-27,0.0,-0.00037800361387105877,6.272784938560564e-09,50.89905690941719,False,-0.6452044996840982,True
1943,150,15,15,3.5,3.5,8,1/2,0.5,24,5.4509973078705765e-27,0.0,-0.00032736073233466075,5.432391109269858e-09,51.042897963503925,False,-0.501363445597363,True
1944,150,15,15,3.5,3.5,9,1/sqrt(3),0.5773502691896258,24,5.0116561193911434e-27,0.0,-0.0003009760094881195,4.994549549013415e-09,51.12693013277144,False,-0.4173312763298469,True
1945,150,15,15,3.5,3.5,10,1/sqrt(2),0.7071067811865475,24,4.172012719177552e-27,0.0,-0.0002505510573427548,4.157772151289973e-09,51.31029798406832,False,-0.23396342503296808,True
1946,150,15,15,3.5,3.5,11,sqrt(2/3),0.816496580927726,24,3.302273547123505e-27,0.0,-0.00019831869760692156,3.2910017093328386e-09,51.54408539669865,False,-0.00017601240264042417,True
1947,151,15,16,3.5,4.0,0,-1,-1.0,26,1.0902058572985368e-26,1.9173899450406803e-23,0.35286755139493725,5.855664285929141e-06,50.287487215566436,False,-1.2567741935348522,True
1948,151,15,16,3.5,4.0,1,-sqrt(2/3),-0.816496580927726,48,1.0389886553706782e-26,1.9173899450406803e-23,0.37032527777831015,6.145366709664401e-06,50.32929330935434,False,-1.2149680997469474,True
1949,151,15,16,3.5,4.0,2,-1/sqrt(2),-0.7071067811865475,48,1.0072188777850125e-26,1.9173899450406803e-23,0.382044867619884,6.3398475663194075e-06,50.35593942145005,False,-1.1883219876512356,True
1950,151,15,16,3.5,4.0,3,-1/sqrt(3),-0.5773502691896258,48,9.681832955198835e-27,1.9173899450406803e-23,0.3974961288404451,6.596253682847071e-06,50.389443776829786,False,-1.1548176322715022,True
1951,151,15,16,3.5,4.0,4,-1/2,-0.5,48,9.44145967780541e-27,1.9173899450406803e-23,0.4076453544856843,6.764675114360753e-06,50.410498638683436,False,-1.133762770417853,True
1952,151,15,16,3.5,4.0,5,-1/3,-0.3333333333333333,24,8.901493549992946e-27,1.9173899450406803e-23,0.4324400143344761,7.176130357509003e-06,50.45897534102684,False,-1.0852860680744456,True
1953,151,15,16,3.5,4.0,6,0,0.0,192,7.708919545983544e-27,1.9173899450406803e-23,0.4994930375989228,8.288842455974936e-06,50.57157191293803,False,-0.9726894961632553,True
1954,151,15,16,3.5,4.0,7,1/3,0.3333333333333333,24,6.294306452050795e-27,1.9173899450406803e-23,0.6119405390002735,1.0154853698422387e-05,50.71181550264383,False,-0.8324459064574583,True
1955,151,15,16,3.5,4.0,8,1/2,0.5,48,5.45102928677409e-27,1.9173899450406803e-23,0.7067171907118086,1.1727625840188505e-05,50.79316755666469,False,-0.7510938524365969,True
1956,151,15,16,3.5,4.0,9,1/sqrt(3),0.5773502691896258,48,5.0116855209121076e-27,1.9173899450406803e-23,0.7687258399217185,1.2756629020451985e-05,50.831454602972485,False,-0.7128068061288033,True
1957,151,15,16,3.5,4.0,10,1/sqrt(2),0.7071067811865475,48,4.172037194973732e-27,1.9173899450406803e-23,0.9235476753715967,1.5325821594101752e-05,50.88382199446745,False,-0.660439414633835,True
1958,151,15,16,3.5,4.0,11,sqrt(2/3),0.816496580927726,48,3.302292920683642e-27,1.9173899450406803e-23,1.166906070941072,1.9364235044088464e-05,50.86324466044755,False,-0.6810167486537395,True
1959,151,15,16,3.5,4.0,12,1,1.0,26,6.395718852408288e-32,1.9173899450406803e-23,60260.94417820243,1.0000008707678876,-1815690634.2282212,True,-1815690685.7724826,False
1960,152,16,16,4.0,4.0,0,-1,-1.0,13,1.0902122530229585e-26,0.0,-0.0006547291465994792,1.0864909696410363e-08,50.34973888913311,False,-1.1945225199681815,True
1961,152,16,16,4.0,4.0,1,-sqrt(2/3),-0.816496580927726,24,1.0389947506260863e-26,0.0,-0.0006239703732117481,1.0354482908530571e-08,50.39785765385543,False,-1.1464037552458564,True
1962,152,16,16,4.0,4.0,2,-1/sqrt(2),-0.7071067811865475,24,1.0072247866609274e-26,0.0,-0.0006048908578818405,1.003786769109695e-08,50.42891251243196,False,-1.1153488966693317,True
1963,152,16,16,4.0,4.0,3,-1/sqrt(3),-0.5773502691896258,24,9.681889753909275e-27,0.0,-0.0005814478234371642,9.648842009906284e-09,50.46843932750326,False,-1.0758220815980266,True
1964,152,16,16,4.0,4.0,4,-1/2,-0.5,24,9.4415150663495e-27,0.0,-0.0005670120735532548,9.409287806915244e-09,50.49357997894278,False,-1.0506814301585052,True
1965,152,16,16,4.0,4.0,5,-1/3,-0.3333333333333333,12,8.901545770787585e-27,0.0,-0.0005345841096322027,8.871161619207558e-09,50.55247151463223,False,-0.9917898944690577,True
1966,152,16,16,4.0,4.0,6,0,0.0,96,7.70896477045198e-27,0.0,-0.0004629634194009729,7.68265132331124e-09,50.696312586580646,False,-0.8479488225206424,True
1967,152,16,16,4.0,4.0,7,1/3,0.3333333333333333,12,6.294343377566334e-27,0.0,-0.00037800804903550324,6.272858537943497e-09,50.89904517635725,False,-0.6452162327440405,True
1968,152,16,16,4.0,4.0,8,1/2,0.5,24,5.4510612651147926e-27,0.0,-0.0003273645732997396,5.4324548482051815e-09,51.0428862304444,False,-0.5013751786568861,True
1969,152,16,16,4.0,4.0,9,1/sqrt(3),0.5773502691896258,24,5.0117149217893566e-27,0.0,-0.0003009795408778919,4.994608150698063e-09,51.12691839971211,False,-0.4173430093891781,True
1970,152,16,16,4.0,4.0,10,1/sqrt(2),0.7071067811865475,24,4.172061669933034e-27,0.0,-0.00025055399709015473,4.157820934959062e-09,51.310286251009316,False,-0.23397515809197245,True
1971,152,16,16,4.0,4.0,11,sqrt(2/3),0.816496580927726,24,3.30231229311874e-27,0.0,-0.00019832102450540617,3.291040323074168e-09,51.54407366363992,False,-0.00018774546136768322,True
