weighted_orbit_id,physics_orbit_id,frequency_pair_id,frequency_i,frequency_j,mu_id,mu_label,class_1,class_2,quadrature_weight_product,edge_multiplicity
0,0,0,0,0,0,-1,axis,axis,0.0022675736961451243,3
1,0,0,0,0,0,-1,edge_midpoint,edge_midpoint,0.00145124716553288,6
2,0,0,0,0,0,-1,cube_corner,cube_corner,0.0010331632653061223,4
3,1,0,0,0,1,-sqrt(2/3),edge_midpoint,cube_corner,0.0012244897959183673,24
4,2,0,0,0,2,-1/sqrt(2),axis,edge_midpoint,0.0018140589569160999,24
5,3,0,0,0,3,-1/sqrt(3),axis,cube_corner,0.0015306122448979589,24
6,4,0,0,0,4,-1/2,edge_midpoint,edge_midpoint,0.00145124716553288,24
7,5,0,0,0,5,-1/3,cube_corner,cube_corner,0.0010331632653061223,12
8,6,0,0,0,6,0,axis,axis,0.0022675736961451243,12
9,6,0,0,0,6,0,axis,edge_midpoint,0.0018140589569160999,24
10,6,0,0,0,6,0,edge_midpoint,edge_midpoint,0.00145124716553288,12
11,6,0,0,0,6,0,edge_midpoint,cube_corner,0.0012244897959183673,48
12,7,0,0,0,7,1/3,cube_corner,cube_corner,0.0010331632653061223,12
13,8,0,0,0,8,1/2,edge_midpoint,edge_midpoint,0.00145124716553288,24
14,9,0,0,0,9,1/sqrt(3),axis,cube_corner,0.0015306122448979589,24
15,10,0,0,0,10,1/sqrt(2),axis,edge_midpoint,0.0018140589569160999,24
16,11,0,0,0,11,sqrt(2/3),edge_midpoint,cube_corner,0.0012244897959183673,24
17,12,1,0,1,0,-1,axis,axis,0.0022675736961451243,6
18,12,1,0,1,0,-1,edge_midpoint,edge_midpoint,0.00145124716553288,12
19,12,1,0,1,0,-1,cube_corner,cube_corner,0.0010331632653061223,8
20,13,1,0,1,1,-sqrt(2/3),edge_midpoint,cube_corner,0.0012244897959183673,48
21,14,1,0,1,2,-1/sqrt(2),axis,edge_midpoint,0.0018140589569160999,48
22,15,1,0,1,3,-1/sqrt(3),axis,cube_corner,0.0015306122448979589,48
23,16,1,0,1,4,-1/2,edge_midpoint,edge_midpoint,0.00145124716553288,48
24,17,1,0,1,5,-1/3,cube_corner,cube_corner,0.0010331632653061223,24
25,18,1,0,1,6,0,axis,axis,0.0022675736961451243,24
26,18,1,0,1,6,0,axis,edge_midpoint,0.0018140589569160999,48
27,18,1,0,1,6,0,edge_midpoint,edge_midpoint,0.00145124716553288,24
28,18,1,0,1,6,0,edge_midpoint,cube_corner,0.0012244897959183673,96
29,19,1,0,1,7,1/3,cube_corner,cube_corner,0.0010331632653061223,24
30,20,1,0,1,8,1/2,edge_midpoint,edge_midpoint,0.00145124716553288,48
31,21,1,0,1,9,1/sqrt(3),axis,cube_corner,0.0015306122448979589,48
32,22,1,0,1,10,1/sqrt(2),axis,edge_midpoint,0.0018140589569160999,48
33,23,1,0,1,11,sqrt(2/3),edge_midpoint,cube_corner,0.0012244897959183673,48
34,24,1,0,1,12,1,axis,axis,0.0022675736961451243,6
35,24,1,0,1,12,1,edge_midpoint,edge_midpoint,0.00145124716553288,12
36,24,1,0,1,12,1,cube_corner,cube_corner,0.0010331632653061223,8
37,25,2,0,2,0,-1,axis,axis,0.0022675736961451243,6
38,25,2,0,2,0,-1,edge_midpoint,edge_midpoint,0.00145124716553288,12
39,25,2,0,2,0,-1,cube_corner,cube_corner,0.0010331632653061223,8
40,26,2,0,2,1,-sqrt(2/3),edge_midpoint,cube_corner,0.0012244897959183673,48
41,27,2,0,2,2,-1/sqrt(2),axis,edge_midpoint,0.0018140589569160999,48
42,28,2,0,2,3,-1/sqrt(3),axis,cube_corner,0.0015306122448979589,48
43,29,2,0,2,4,-1/2,edge_midpoint,edge_midpoint,0.00145124716553288,48
44,30,2,0,2,5,-1/3,cube_corner,cube_corner,0.0010331632653061223,24
45,31,2,0,2,6,0,axis,axis,0.0022675736961451243,24
46,31,2,0,2,6,0,axis,edge_midpoint,0.0018140589569160999,48
47,31,2,0,2,6,0,edge_midpoint,edge_midpoint,0.00145124716553288,24
48,31,2,0,2,6,0,edge_midpoint,cube_corner,0.0012244897959183673,96
49,32,2,0,2,7,1/3,cube_corner,cube_corner,0.0010331632653061223,24
50,33,2,0,2,8,1/2,edge_midpoint,edge_midpoint,0.00145124716553288,48
51,34,2,0,2,9,1/sqrt(3),axis,cube_corner,0.0015306122448979589,48
52,35,2,0,2,10,1/sqrt(2),axis,edge_midpoint,0.0018140589569160999,48
53,36,2,0,2,11,sqrt(2/3),edge_midpoint,cube_corner,0.0012244897959183673,48
54,37,2,0,2,12,1,axis,axis,0.0022675736961451243,6
55,37,2,0,2,12,1,edge_midpoint,edge_midpoint,0.00145124716553288,12
56,37,2,0,2,12,1,cube_corner,cube_corner,0.0010331632653061223,8
57,38,3,0,3,0,-1,axis,axis,0.0022675736961451243,6
58,38,3,0,3,0,-1,edge_midpoint,edge_midpoint,0.00145124716553288,12
59,38,3,0,3,0,-1,cube_corner,cube_corner,0.0010331632653061223,8
60,39,3,0,3,1,-sqrt(2/3),edge_midpoint,cube_corner,0.0012244897959183673,48
61,40,3,0,3,2,-1/sqrt(2),axis,edge_midpoint,0.0018140589569160999,48
62,41,3,0,3,3,-1/sqrt(3),axis,cube_corner,0.0015306122448979589,48
63,42,3,0,3,4,-1/2,edge_midpoint,edge_midpoint,0.00145124716553288,48
64,43,3,0,3,5,-1/3,cube_corner,cube_corner,0.0010331632653061223,24
65,44,3,0,3,6,0,axis,axis,0.0022675736961451243,24
66,44,3,0,3,6,0,axis,edge_midpoint,0.0018140589569160999,48
67,44,3,0,3,6,0,edge_midpoint,edge_midpoint,0.00145124716553288,24
68,44,3,0,3,6,0,edge_midpoint,cube_corner,0.0012244897959183673,96
69,45,3,0,3,7,1/3,cube_corner,cube_corner,0.0010331632653061223,24
70,46,3,0,3,8,1/2,edge_midpoint,edge_midpoint,0.00145124716553288,48
71,47,3,0,3,9,1/sqrt(3),axis,cube_corner,0.0015306122448979589,48
72,48,3,0,3,10,1/sqrt(2),axis,edge_midpoint,0.0018140589569160999,48
73,49,3,0,3,11,sqrt(2/3),edge_midpoint,cube_corner,0.0012244897959183673,48
74,50,3,0,3,12,1,axis,axis,0.0022675736961451243,6
75,50,3,0,3,12,1,edge_midpoint,edge_midpoint,0.00145124716553288,12
76,50,3,0,3,12,1,cube_corner,cube_corner,0.0010331632653061223,8
77,51,4,0,4,0,-1,axis,axis,0.0022675736961451243,6
78,51,4,0,4,0,-1,edge_midpoint,edge_midpoint,0.00145124716553288,12
79,51,4,0,4,0,-1,cube_corner,cube_corner,0.0010331632653061223,8
80,52,4,0,4,1,-sqrt(2/3),edge_midpoint,cube_corner,0.0012244897959183673,48
81,53,4,0,4,2,-1/sqrt(2),axis,edge_midpoint,0.0018140589569160999,48
82,54,4,0,4,3,-1/sqrt(3),axis,cube_corner,0.0015306122448979589,48
83,55,4,0,4,4,-1/2,edge_midpoint,edge_midpoint,0.00145124716553288,48
84,56,4,0,4,5,-1/3,cube_corner,cube_corner,0.0010331632653061223,24
85,57,4,0,4,6,0,axis,axis,0.0022675736961451243,24
86,57,4,0,4,6,0,axis,edge_midpoint,0.0018140589569160999,48
87,57,4,0,4,6,0,edge_midpoint,edge_midpoint,0.00145124716553288,24
88,57,4,0,4,6,0,edge_midpoint,cube_corner,0.0012244897959183673,96
89,58,4,0,4,7,1/3,cube_corner,cube_corner,0.0010331632653061223,24
90,59,4,0,4,8,1/2,edge_midpoint,edge_midpoint,0.00145124716553288,48
91,60,4,0,4,9,1/sqrt(3),axis,cube_corner,0.0015306122448979589,48
92,61,4,0,4,10,1/sqrt(2),axis,edge_midpoint,0.0018140589569160999,48
93,62,4,0,4,11,sqrt(2/3),edge_midpoint,cube_corner,0.0012244897959183673,48
94,63,4,0,4,12,1,axis,axis,0.0022675736961451243,6
95,63,4,0,4,12,1,edge_midpoint,edge_midpoint,0.00145124716553288,12
96,63,4,0,4,12,1,cube_corner,cube_corner,0.0010331632653061223,8
97,64,5,0,5,0,-1,axis,axis,0.0022675736961451243,6
98,64,5,0,5,0,-1,edge_midpoint,edge_midpoint,0.00145124716553288,12
99,64,5,0,5,0,-1,cube_corner,cube_corner,0.0010331632653061223,8
100,65,5,0,5,1,-sqrt(2/3),edge_midpoint,cube_corner,0.0012244897959183673,48
101,66,5,0,5,2,-1/sqrt(2),axis,edge_midpoint,0.0018140589569160999,48
102,67,5,0,5,3,-1/sqrt(3),axis,cube_corner,0.0015306122448979589,48
103,68,5,0,5,4,-1/2,edge_midpoint,edge_midpoint,0.00145124716553288,48
104,69,5,0,5,5,-1/3,cube_corner,cube_corner,0.0010331632653061223,24
105,70,5,0,5,6,0,axis,axis,0.0022675736961451243,24
106,70,5,0,5,6,0,axis,edge_midpoint,0.0018140589569160999,48
107,70,5,0,5,6,0,edge_midpoint,edge_midpoint,0.00145124716553288,24
108,70,5,0,5,6,0,edge_midpoint,cube_corner,0.0012244897959183673,96
109,71,5,0,5,7,1/3,cube_corner,cube_corner,0.0010331632653061223,24
110,72,5,0,5,8,1/2,edge_midpoint,edge_midpoint,0.00145124716553288,48
111,73,5,0,5,9,1/sqrt(3),axis,cube_corner,0.0015306122448979589,48
112,74,5,0,5,10,1/sqrt(2),axis,edge_midpoint,0.0018140589569160999,48
113,75,5,0,5,11,sqrt(2/3),edge_midpoint,cube_corner,0.0012244897959183673,48
114,76,5,0,5,12,1,axis,axis,0.0022675736961451243,6
115,76,5,0,5,12,1,edge_midpoint,edge_midpoint,0.00145124716553288,12
116,76,5,0,5,12,1,cube_corner,cube_corner,0.0010331632653061223,8
117,77,6,0,6,0,-1,axis,axis,0.0022675736961451243,6
118,77,6,0,6,0,-1,edge_midpoint,edge_midpoint,0.00145124716553288,12
119,77,6,0,6,0,-1,cube_corner,cube_corner,0.0010331632653061223,8
120,78,6,0,6,1,-sqrt(2/3),edge_midpoint,cube_corner,0.0012244897959183673,48
121,79,6,0,6,2,-1/sqrt(2),axis,edge_midpoint,0.0018140589569160999,48
122,80,6,0,6,3,-1/sqrt(3),axis,cube_corner,0.0015306122448979589,48
123,81,6,0,6,4,-1/2,edge_midpoint,edge_midpoint,0.00145124716553288,48
124,82,6,0,6,5,-1/3,cube_corner,cube_corner,0.0010331632653061223,24
125,83,6,0,6,6,0,axis,axis,0.0022675736961451243,24
126,83,6,0,6,6,0,axis,edge_midpoint,0.0018140589569160999,48
127,83,6,0,6,6,0,edge_midpoint,edge_midpoint,0.00145124716553288,24
128,83,6,0,6,6,0,edge_midpoint,cube_corner,0.0012244897959183673,96
129,84,6,0,6,7,1/3,cube_corner,cube_corner,0.0010331632653061223,24
130,85,6,0,6,8,1/2,edge_midpoint,edge_midpoint,0.00145124716553288,48
131,86,6,0,6,9,1/sqrt(3),axis,cube_corner,0.0015306122448979589,48
132,87,6,0,6,10,1/sqrt(2),axis,edge_midpoint,0.0018140589569160999,48
133,88,6,0,6,11,sqrt(2/3),edge_midpoint,cube_corner,0.0012244897959183673,48
134,89,6,0,6,12,1,axis,axis,0.0022675736961451243,6
135,89,6,0,6,12,1,edge_midpoint,edge_midpoint,0.00145124716553288,12
136,89,6,0,6,12,1,cube_corner,cube_corner,0.0010331632653061223,8
137,90,7,0,7,0,-1,axis,axis,0.0022675736961451243,6
138,90,7,0,7,0,-1,edge_midpoint,edge_midpoint,0.00145124716553288,12
139,90,7,0,7,0,-1,cube_corner,cube_corner,0.0010331632653061223,8
140,91,7,0,7,1,-sqrt(2/3),edge_midpoint,cube_corner,0.0012244897959183673,48
141,92,7,0,7,2,-1/sqrt(2),axis,edge_midpoint,0.0018140589569160999,48
142,93,7,0,7,3,-1/sqrt(3),axis,cube_corner,0.0015306122448979589,48
143,94,7,0,7,4,-1/2,edge_midpoint,edge_midpoint,0.00145124716553288,48
144,95,7,0,7,5,-1/3,cube_corner,cube_corner,0.0010331632653061223,24
145,96,7,0,7,6,0,axis,axis,0.0022675736961451243,24
146,96,7,0,7,6,0,axis,edge_midpoint,0.0018140589569160999,48
147,96,7,0,7,6,0,edge_midpoint,edge_midpoint,0.00145124716553288,24
148,96,7,0,7,6,0,edge_midpoint,cube_corner,0.0012244897959183673,96
149,97,7,0,7,7,1/3,cube_corner,cube_corner,0.0010331632653061223,24
150,98,7,0,7,8,1/2,edge_midpoint,edge_midpoint,0.00145124716553288,48
151,99,7,0,7,9,1/sqrt(3),axis,cube_corner,0.0015306122448979589,48
152,100,7,0,7,10,1/sqrt(2),axis,edge_midpoint,0.0018140589569160999,48
153,101,7,0,7,11,sqrt(2/3),edge_midpoint,cube_corner,0.0012244897959183673,48
154,102,7,0,7,12,1,axis,axis,0.0022675736961451243,6
155,102,7,0,7,12,1,edge_midpoint,edge_midpoint,0.00145124716553288,12
156,102,7,0,7,12,1,cube_corner,cube_corner,0.0010331632653061223,8
157,103,8,0,8,0,-1,axis,axis,0.0022675736961451243,6
158,103,8,0,8,0,-1,edge_midpoint,edge_midpoint,0.00145124716553288,12
159,103,8,0,8,0,-1,cube_corner,cube_corner,0.0010331632653061223,8
160,104,8,0,8,1,-sqrt(2/3),edge_midpoint,cube_corner,0.0012244897959183673,48
161,105,8,0,8,2,-1/sqrt(2),axis,edge_midpoint,0.0018140589569160999,48
162,106,8,0,8,3,-1/sqrt(3),axis,cube_corner,0.0015306122448979589,48
163,107,8,0,8,4,-1/2,edge_midpoint,edge_midpoint,0.00145124716553288,48
164,108,8,0,8,5,-1/3,cube_corner,cube_corner,0.0010331632653061223,24
165,109,8,0,8,6,0,axis,axis,0.0022675736961451243,24
166,109,8,0,8,6,0,axis,edge_midpoint,0.0018140589569160999,48
167,109,8,0,8,6,0,edge_midpoint,edge_midpoint,0.00145124716553288,24
168,109,8,0,8,6,0,edge_midpoint,cube_corner,0.0012244897959183673,96
169,110,8,0,8,7,1/3,cube_corner,cube_corner,0.0010331632653061223,24
170,111,8,0,8,8,1/2,edge_midpoint,edge_midpoint,0.00145124716553288,48
171,112,8,0,8,9,1/sqrt(3),axis,cube_corner,0.0015306122448979589,48
172,113,8,0,8,10,1/sqrt(2),axis,edge_midpoint,0.0018140589569160999,48
173,114,8,0,8,11,sqrt(2/3),edge_midpoint,cube_corner,0.0012244897959183673,48
174,115,8,0,8,12,1,axis,axis,0.0022675736961451243,6
175,115,8,0,8,12,1,edge_midpoint,edge_midpoint,0.00145124716553288,12
176,115,8,0,8,12,1,cube_corner,cube_corner,0.0010331632653061223,8
177,116,9,0,9,0,-1,axis,axis,0.0022675736961451243,6
178,116,9,0,9,0,-1,edge_midpoint,edge_midpoint,0.00145124716553288,12
179,116,9,0,9,0,-1,cube_corner,cube_corner,0.0010331632653061223,8
180,117,9,0,9,1,-sqrt(2/3),edge_midpoint,cube_corner,0.0012244897959183673,48
181,118,9,0,9,2,-1/sqrt(2),axis,edge_midpoint,0.0018140589569160999,48
182,119,9,0,9,3,-1/sqrt(3),axis,cube_corner,0.0015306122448979589,48
183,120,9,0,9,4,-1/2,edge_midpoint,edge_midpoint,0.00145124716553288,48
184,121,9,0,9,5,-1/3,cube_corner,cube_corner,0.0010331632653061223,24
185,122,9,0,9,6,0,axis,axis,0.0022675736961451243,24
186,122,9,0,9,6,0,axis,edge_midpoint,0.0018140589569160999,48
187,122,9,0,9,6,0,edge_midpoint,edge_midpoint,0.00145124716553288,24
188,122,9,0,9,6,0,edge_midpoint,cube_corner,0.0012244897959183673,96
189,123,9,0,9,7,1/3,cube_corner,cube_corner,0.0010331632653061223,24
190,124,9,0,9,8,1/2,edge_midpoint,edge_midpoint,0.00145124716553288,48
191,125,9,0,9,9,1/sqrt(3),axis,cube_corner,0.0015306122448979589,48
192,126,9,0,9,10,1/sqrt(2),axis,edge_midpoint,0.0018140589569160999,48
193,127,9,0,9,11,sqrt(2/3),edge_midpoint,cube_corner,0.0012244897959183673,48
194,128,9,0,9,12,1,axis,axis,0.0022675736961451243,6
195,128,9,0,9,12,1,edge_midpoint,edge_midpoint,0.00145124716553288,12
196,128,9,0,9,12,1,cube_corner,cube_corner,0.0010331632653061223,8
197,129,10,0,10,0,-1,axis,axis,0.0022675736961451243,6
198,129,10,0,10,0,-1,edge_midpoint,edge_midpoint,0.00145124716553288,12
199,129,10,0,10,0,-1,cube_corner,cube_corner,0.0010331632653061223,8
200,130,10,0,10,1,-sqrt(2/3),edge_midpoint,cube_corner,0.0012244897959183673,48
201,131,10,0,10,2,-1/sqrt(2),axis,edge_midpoint,0.0018140589569160999,48
202,132,10,0,10,3,-1/sqrt(3),axis,cube_corner,0.0015306122448979589,48
203,133,10,0,10,4,-1/2,edge_midpoint,edge_midpoint,0.00145124716553288,48
204,134,10,0,10,5,-1/3,cube_corner,cube_corner,0.0010331632653061223,24
205,135,10,0,10,6,0,axis,axis,0.0022675736961451243,24
206,135,10,0,10,6,0,axis,edge_midpoint,0.0018140589569160999,48
207,135,10,0,10,6,0,edge_midpoint,edge_midpoint,0.00145124716553288,24
208,135,10,0,10,6,0,edge_midpoint,cube_corner,0.0012244897959183673,96
209,136,10,0,10,7,1/3,cube_corner,cube_corner,0.0010331632653061223,24
210,137,10,0,10,8,1/2,edge_midpoint,edge_midpoint,0.00145124716553288,48
211,138,10,0,10,9,1/sqrt(3),axis,cube_corner,0.0015306122448979589,48
212,139,10,0,10,10,1/sqrt(2),axis,edge_midpoint,0.0018140589569160999,48
213,140,10,0,10,11,sqrt(2/3),edge_midpoint,cube_corner,0.0012244897959183673,48
214,141,10,0,10,12,1,axis,axis,0.0022675736961451243,6
215,141,10,0,10,12,1,edge_midpoint,edge_midpoint,0.00145124716553288,12
216,141,10,0,10,12,1,cube_corner,cube_corner,0.0010331632653061223,8
217,142,11,0,11,0,-1,axis,axis,0.0022675736961451243,6
218,142,11,0,11,0,-1,edge_midpoint,edge_midpoint,0.00145124716553288,12
219,142,11,0,11,0,-1,cube_corner,cube_corner,0.0010331632653061223,8
220,143,11,0,11,1,-sqrt(2/3),edge_midpoint,cube_corner,0.0012244897959183673,48
221,144,11,0,11,2,-1/sqrt(2),axis,edge_midpoint,0.0018140589569160999,48
222,145,11,0,11,3,-1/sqrt(3),axis,cube_corner,0.0015306122448979589,48
223,146,11,0,11,4,-1/2,edge_midpoint,edge_midpoint,0.00145124716553288,48
224,147,11,0,11,5,-1/3,cube_corner,cube_corner,0.0010331632653061223,24
225,148,11,0,11,6,0,axis,axis,0.0022675736961451243,24
226,148,11,0,11,6,0,axis,edge_midpoint,0.0018140589569160999,48
227,148,11,0,11,6,0,edge_midpoint,edge_midpoint,0.00145124716553288,24
228,148,11,0,11,6,0,edge_midpoint,cube_corner,0.0012244897959183673,96
229,149,11,0,11,7,1/3,cube_corner,cube_corner,0.0010331632653061223,24
230,150,11,0,11,8,1/2,edge_midpoint,edge_midpoint,0.00145124716553288,48
231,151,11,0,11,9,1/sqrt(3),axis,cube_corner,0.0015306122448979589,48
232,152,11,0,11,10,1/sqrt(2),axis,edge_midpoint,0.0018140589569160999,48
233,153,11,0,11,11,sqrt(2/3),edge_midpoint,cube_corner,0.0012244897959183673,48
234,154,11,0,11,12,1,axis,axis,0.0022675736961451243,6
235,154,11,0,11,12,1,edge_midpoint,edge_midpoint,0.00145124716553288,12
236,154,11,0,11,12,1,cube_corner,cube_corner,0.0010331632653061223,8
237,155,12,0,12,0,-1,axis,axis,0.0022675736961451243,6
238,155,12,0,12,0,-1,edge_midpoint,edge_midpoint,0.00145124716553288,12
239,155,12,0,12,0,-1,cube_corner,cube_corner,0.0010331632653061223,8
240,156,12,0,12,1,-sqrt(2/3),edge_midpoint,cube_corner,0.0012244897959183673,48
241,157,12,0,12,2,-1/sqrt(2),axis,edge_midpoint,0.0018140589569160999,48
242,158,12,0,12,3,-1/sqrt(3),axis,cube_corner,0.0015306122448979589,48
243,159,12,0,12,4,-1/2,edge_midpoint,edge_midpoint,0.00145124716553288,48
244,160,12,0,12,5,-1/3,cube_corner,cube_corner,0.0010331632653061223,24
245,161,12,0,12,6,0,axis,axis,0.0022675736961451243,24
246,161,12,0,12,6,0,axis,edge_midpoint,0.0018140589569160999,48
247,161,12,0,12,6,0,edge_midpoint,edge_midpoint,0.00145124716553288,24
248,161,12,0,12,6,0,edge_midpoint,cube_corner,0.0012244897959183673,96
249,162,12,0,12,7,1/3,cube_corner,cube_corner,0.0010331632653061223,24
250,163,12,0,12,8,1/2,edge_midpoint,edge_midpoint,0.00145124716553288,48
251,164,12,0,12,9,1/sqrt(3),axis,cube_corner,0.0015306122448979589,48
252,165,12,0,12,10,1/sqrt(2),axis,edge_midpoint,0.0018140589569160999,48
253,166,12,0,12,11,sqrt(2/3),edge_midpoint,cube_corner,0.0012244897959183673,48
254,167,12,0,12,12,1,axis,axis,0.0022675736961451243,6
255,167,12,0,12,12,1,edge_midpoint,edge_midpoint,0.00145124716553288,12
256,167,12,0,12,12,1,cube_corner,cube_corner,0.0010331632653061223,8
257,168,13,0,13,0,-1,axis,axis,0.0022675736961451243,6
258,168,13,0,13,0,-1,edge_midpoint,edge_midpoint,0.00145124716553288,12
259,168,13,0,13,0,-1,cube_corner,cube_corner,0.0010331632653061223,8
260,169,13,0,13,1,-sqrt(2/3),edge_midpoint,cube_corner,0.0012244897959183673,48
261,170,13,0,13,2,-1/sqrt(2),axis,edge_midpoint,0.0018140589569160999,48
262,171,13,0,13,3,-1/sqrt(3),axis,cube_corner,0.0015306122448979589,48
263,172,13,0,13,4,-1/2,edge_midpoint,edge_midpoint,0.00145124716553288,48
264,173,13,0,13,5,-1/3,cube_corner,cube_corner,0.0010331632653061223,24
265,174,13,0,13,6,0,axis,axis,0.0022675736961451243,24
266,174,13,0,13,6,0,axis,edge_midpoint,0.0018140589569160999,48
267,174,13,0,13,6,0,edge_midpoint,edge_midpoint,0.00145124716553288,24
268,174,13,0,13,6,0,edge_midpoint,cube_corner,0.0012244897959183673,96
269,175,13,0,13,7,1/3,cube_corner,cube_corner,0.0010331632653061223,24
270,176,13,0,13,8,1/2,edge_midpoint,edge_midpoint,0.00145124716553288,48
271,177,13,0,13,9,1/sqrt(3),axis,cube_corner,0.0015306122448979589,48
272,178,13,0,13,10,1/sqrt(2),axis,edge_midpoint,0.0018140589569160999,48
273,179,13,0,13,11,sqrt(2/3),edge_midpoint,cube_corner,0.0012244897959183673,48
274,180,13,0,13,12,1,axis,axis,0.0022675736961451243,6
275,180,13,0,13,12,1,edge_midpoint,edge_midpoint,0.00145124716553288,12
276,180,13,0,13,12,1,cube_corner,cube_corner,0.0010331632653061223,8
277,181,14,0,14,0,-1,axis,axis,0.0022675736961451243,6
278,181,14,0,14,0,-1,edge_midpoint,edge_midpoint,0.00145124716553288,12
279,181,14,0,14,0,-1,cube_corner,cube_corner,0.0010331632653061223,8
280,182,14,0,14,1,-sqrt(2/3),edge_midpoint,cube_corner,0.0012244897959183673,48
281,183,14,0,14,2,-1/sqrt(2),axis,edge_midpoint,0.0018140589569160999,48
282,184,14,0,14,3,-1/sqrt(3),axis,cube_corner,0.0015306122448979589,48
283,185,14,0,14,4,-1/2,edge_midpoint,edge_midpoint,0.00145124716553288,48
284,186,14,0,14,5,-1/3,cube_corner,cube_corner,0.0010331632653061223,24
285,187,14,0,14,6,0,axis,axis,0.0022675736961451243,24
286,187,14,0,14,6,0,axis,edge_midpoint,0.0018140589569160999,48
287,187,14,0,14,6,0,edge_midpoint,edge_midpoint,0.00145124716553288,24
288,187,14,0,14,6,0,edge_midpoint,cube_corner,0.0012244897959183673,96
289,188,14,0,14,7,1/3,cube_corner,cube_corner,0.0010331632653061223,24
290,189,14,0,14,8,1/2,edge_midpoint,edge_midpoint,0.00145124716553288,48
291,190,14,0,14,9,1/sqrt(3),axis,cube_corner,0.0015306122448979589,48
292,191,14,0,14,10,1/sqrt(2),axis,edge_midpoint,0.0018140589569160999,48
293,192,14,0,14,11,sqrt(2/3),edge_midpoint,cube_corner,0.0012244897959183673,48
294,193,14,0,14,12,1,axis,axis,0.0022675736961451243,6
295,193,14,0,14,12,1,edge_midpoint,edge_midpoint,0.00145124716553288,12
296,193,14,0,14,12,1,cube_corner,cube_corner,0.0010331632653061223,8
297,194,15,0,15,0,-1,axis,axis,0.0022675736961451243,6
298,194,15,0,15,0,-1,edge_midpoint,edge_midpoint,0.00145124716553288,12
299,194,15,0,15,0,-1,cube_corner,cube_corner,0.0010331632653061223,8
300,195,15,0,15,1,-sqrt(2/3),edge_midpoint,cube_corner,0.0012244897959183673,48
301,196,15,0,15,2,-1/sqrt(2),axis,edge_midpoint,0.0018140589569160999,48
302,197,15,0,15,3,-1/sqrt(3),axis,cube_corner,0.0015306122448979589,48
303,198,15,0,15,4,-1/2,edge_midpoint,edge_midpoint,0.00145124716553288,48
304,199,15,0,15,5,-1/3,cube_corner,cube_corner,0.0010331632653061223,24
305,200,15,0,15,6,0,axis,axis,0.0022675736961451243,24
306,200,15,0,15,6,0,axis,edge_midpoint,0.0018140589569160999,48
307,200,15,0,15,6,0,edge_midpoint,edge_midpoint,0.00145124716553288,24
308,200,15,0,15,6,0,edge_midpoint,cube_corner,0.0012244897959183673,96
309,201,15,0,15,7,1/3,cube_corner,cube_corner,0.0010331632653061223,24
310,202,15,0,15,8,1/2,edge_midpoint,edge_midpoint,0.00145124716553288,48
311,203,15,0,15,9,1/sqrt(3),axis,cube_corner,0.0015306122448979589,48
312,204,15,0,15,10,1/sqrt(2),axis,edge_midpoint,0.0018140589569160999,48
313,205,15,0,15,11,sqrt(2/3),edge_midpoint,cube_corner,0.0012244897959183673,48
314,206,15,0,15,12,1,axis,axis,0.0022675736961451243,6
315,206,15,0,15,12,1,edge_midpoint,edge_midpoint,0.00145124716553288,12
316,206,15,0,15,12,1,cube_corner,cube_corner,0.0010331632653061223,8
317,207,16,0,16,0,-1,axis,axis,0.0022675736961451243,6
318,207,16,0,16,0,-1,edge_midpoint,edge_midpoint,0.00145124716553288,12
319,207,16,0,16,0,-1,cube_corner,cube_corner,0.0010331632653061223,8
320,208,16,0,16,1,-sqrt(2/3),edge_midpoint,cube_corner,0.0012244897959183673,48
321,209,16,0,16,2,-1/sqrt(2),axis,edge_midpoint,0.0018140589569160999,48
322,210,16,0,16,3,-1/sqrt(3),axis,cube_corner,0.0015306122448979589,48
323,211,16,0,16,4,-1/2,edge_midpoint,edge_midpoint,0.00145124716553288,48
324,212,16,0,16,5,-1/3,cube_corner,cube_corner,0.0010331632653061223,24
325,213,16,0,16,6,0,axis,axis,0.0022675736961451243,24
326,213,16,0,16,6,0,axis,edge_midpoint,0.0018140589569160999,48
327,213,16,0,16,6,0,edge_midpoint,edge_midpoint,0.00145124716553288,24
328,213,16,0,16,6,0,edge_midpoint,cube_corner,0.0012244897959183673,96
329,214,16,0,16,7,1/3,cube_corner,cube_corner,0.0010331632653061223,24
330,215,16,0,16,8,1/2,edge_midpoint,edge_midpoint,0.00145124716553288,48
331,216,16,0,16,9,1/sqrt(3),axis,cube_corner,0.0015306122448979589,48
332,217,16,0,16,10,1/sqrt(2),axis,edge_midpoint,0.0018140589569160999,48
333,218,16,0,16,11,sqrt(2/3),edge_midpoint,cube_corner,0.0012244897959183673,48
334,219,16,0,16,12,1,axis,axis,0.0022675736961451243,6
335,219,16,0,16,12,1,edge_midpoint,edge_midpoint,0.00145124716553288,12
336,219,16,0,16,12,1,cube_corner,cube_corner,0.0010331632653061223,8
337,220,17,1,1,0,-1,axis,axis,0.0022675736961451243,3
338,220,17,1,1,0,-1,edge_midpoint,edge_midpoint,0.00145124716553288,6
339,220,17,1,1,0,-1,cube_corner,cube_corner,0.0010331632653061223,4
340,221,17,1,1,1,-sqrt(2/3),edge_midpoint,cube_corner,0.0012244897959183673,24
341,222,17,1,1,2,-1/sqrt(2),axis,edge_midpoint,0.0018140589569160999,24
342,223,17,1,1,3,-1/sqrt(3),axis,cube_corner,0.0015306122448979589,24
343,224,17,1,1,4,-1/2,edge_midpoint,edge_midpoint,0.00145124716553288,24
344,225,17,1,1,5,-1/3,cube_corner,cube_corner,0.0010331632653061223,12
345,226,17,1,1,6,0,axis,axis,0.0022675736961451243,12
346,226,17,1,1,6,0,axis,edge_midpoint,0.0018140589569160999,24
347,226,17,1,1,6,0,edge_midpoint,edge_midpoint,0.00145124716553288,12
348,226,17,1,1,6,0,edge_midpoint,cube_corner,0.0012244897959183673,48
349,227,17,1,1,7,1/3,cube_corner,cube_corner,0.0010331632653061223,12
350,228,17,1,1,8,1/2,edge_midpoint,edge_midpoint,0.00145124716553288,24
351,229,17,1,1,9,1/sqrt(3),axis,cube_corner,0.0015306122448979589,24
352,230,17,1,1,10,1/sqrt(2),axis,edge_midpoint,0.0018140589569160999,24
353,231,17,1,1,11,sqrt(2/3),edge_midpoint,cube_corner,0.0012244897959183673,24
354,232,18,1,2,0,-1,axis,axis,0.0022675736961451243,6
355,232,18,1,2,0,-1,edge_midpoint,edge_midpoint,0.00145124716553288,12
356,232,18,1,2,0,-1,cube_corner,cube_corner,0.0010331632653061223,8
357,233,18,1,2,1,-sqrt(2/3),edge_midpoint,cube_corner,0.0012244897959183673,48
358,234,18,1,2,2,-1/sqrt(2),axis,edge_midpoint,0.0018140589569160999,48
359,235,18,1,2,3,-1/sqrt(3),axis,cube_corner,0.0015306122448979589,48
360,236,18,1,2,4,-1/2,edge_midpoint,edge_midpoint,0.00145124716553288,48
361,237,18,1,2,5,-1/3,cube_corner,cube_corner,0.0010331632653061223,24
362,238,18,1,2,6,0,axis,axis,0.0022675736961451243,24
363,238,18,1,2,6,0,axis,edge_midpoint,0.0018140589569160999,48
364,238,18,1,2,6,0,edge_midpoint,edge_midpoint,0.00145124716553288,24
365,238,18,1,2,6,0,edge_midpoint,cube_corner,0.0012244897959183673,96
366,239,18,1,2,7,1/3,cube_corner,cube_corner,0.0010331632653061223,24
367,240,18,1,2,8,1/2,edge_midpoint,edge_midpoint,0.00145124716553288,48
368,241,18,1,2,9,1/sqrt(3),axis,cube_corner,0.0015306122448979589,48
369,242,18,1,2,10,1/sqrt(2),axis,edge_midpoint,0.0018140589569160999,48
370,243,18,1,2,11,sqrt(2/3),edge_midpoint,cube_corner,0.0012244897959183673,48
371,244,18,1,2,12,1,axis,axis,0.0022675736961451243,6
372,244,18,1,2,12,1,edge_midpoint,edge_midpoint,0.00145124716553288,12
373,244,18,1,2,12,1,cube_corner,cube_corner,0.0010331632653061223,8
374,245,19,1,3,0,-1,axis,axis,0.0022675736961451243,6
375,245,19,1,3,0,-1,edge_midpoint,edge_midpoint,0.00145124716553288,12
376,245,19,1,3,0,-1,cube_corner,cube_corner,0.0010331632653061223,8
377,246,19,1,3,1,-sqrt(2/3),edge_midpoint,cube_corner,0.0012244897959183673,48
378,247,19,1,3,2,-1/sqrt(2),axis,edge_midpoint,0.0018140589569160999,48
379,248,19,1,3,3,-1/sqrt(3),axis,cube_corner,0.0015306122448979589,48
380,249,19,1,3,4,-1/2,edge_midpoint,edge_midpoint,0.00145124716553288,48
381,250,19,1,3,5,-1/3,cube_corner,cube_corner,0.0010331632653061223,24
382,251,19,1,3,6,0,axis,axis,0.0022675736961451243,24
383,251,19,1,3,6,0,axis,edge_midpoint,0.0018140589569160999,48
384,251,19,1,3,6,0,edge_midpoint,edge_midpoint,0.00145124716553288,24
385,251,19,1,3,6,0,edge_midpoint,cube_corner,0.0012244897959183673,96
386,252,19,1,3,7,1/3,cube_corner,cube_corner,0.0010331632653061223,24
387,253,19,1,3,8,1/2,edge_midpoint,edge_midpoint,0.00145124716553288,48
388,254,19,1,3,9,1/sqrt(3),axis,cube_corner,0.0015306122448979589,48
389,255,19,1,3,10,1/sqrt(2),axis,edge_midpoint,0.0018140589569160999,48
390,256,19,1,3,11,sqrt(2/3),edge_midpoint,cube_corner,0.0012244897959183673,48
391,257,19,1,3,12,1,axis,axis,0.0022675736961451243,6
392,257,19,1,3,12,1,edge_midpoint,edge_midpoint,0.00145124716553288,12
393,257,19,1,3,12,1,cube_corner,cube_corner,0.0010331632653061223,8
394,258,20,1,4,0,-1,axis,axis,0.0022675736961451243,6
395,258,20,1,4,0,-1,edge_midpoint,edge_midpoint,0.00145124716553288,12
396,258,20,1,4,0,-1,cube_corner,cube_corner,0.0010331632653061223,8
397,259,20,1,4,1,-sqrt(2/3),edge_midpoint,cube_corner,0.0012244897959183673,48
398,260,20,1,4,2,-1/sqrt(2),axis,edge_midpoint,0.0018140589569160999,48
399,261,20,1,4,3,-1/sqrt(3),axis,cube_corner,0.0015306122448979589,48
400,262,20,1,4,4,-1/2,edge_midpoint,edge_midpoint,0.00145124716553288,48
401,263,20,1,4,5,-1/3,cube_corner,cube_corner,0.0010331632653061223,24
402,264,20,1,4,6,0,axis,axis,0.0022675736961451243,24
403,264,20,1,4,6,0,axis,edge_midpoint,0.0018140589569160999,48
404,264,20,1,4,6,0,edge_midpoint,edge_midpoint,0.00145124716553288,24
405,264,20,1,4,6,0,edge_midpoint,cube_corner,0.0012244897959183673,96
406,265,20,1,4,7,1/3,cube_corner,cube_corner,0.0010331632653061223,24
407,266,20,1,4,8,1/2,edge_midpoint,edge_midpoint,0.00145124716553288,48
408,267,20,1,4,9,1/sqrt(3),axis,cube_corner,0.0015306122448979589,48
409,268,20,1,4,10,1/sqrt(2),axis,edge_midpoint,0.0018140589569160999,48
410,269,20,1,4,11,sqrt(2/3),edge_midpoint,cube_corner,0.0012244897959183673,48
411,270,20,1,4,12,1,axis,axis,0.0022675736961451243,6
412,270,20,1,4,12,1,edge_midpoint,edge_midpoint,0.00145124716553288,12
413,270,20,1,4,12,1,cube_corner,cube_corner,0.0010331632653061223,8
414,271,21,1,5,0,-1,axis,axis,0.0022675736961451243,6
415,271,21,1,5,0,-1,edge_midpoint,edge_midpoint,0.00145124716553288,12
416,271,21,1,5,0,-1,cube_corner,cube_corner,0.0010331632653061223,8
417,272,21,1,5,1,-sqrt(2/3),edge_midpoint,cube_corner,0.0012244897959183673,48
418,273,21,1,5,2,-1/sqrt(2),axis,edge_midpoint,0.0018140589569160999,48
419,274,21,1,5,3,-1/sqrt(3),axis,cube_corner,0.0015306122448979589,48
420,275,21,1,5,4,-1/2,edge_midpoint,edge_midpoint,0.00145124716553288,48
421,276,21,1,5,5,-1/3,cube_corner,cube_corner,0.0010331632653061223,24
422,277,21,1,5,6,0,axis,axis,0.0022675736961451243,24
423,277,21,1,5,6,0,axis,edge_midpoint,0.0018140589569160999,48
424,277,21,1,5,6,0,edge_midpoint,edge_midpoint,0.00145124716553288,24
425,277,21,1,5,6,0,edge_midpoint,cube_corner,0.0012244897959183673,96
426,278,21,1,5,7,1/3,cube_corner,cube_corner,0.0010331632653061223,24
427,279,21,1,5,8,1/2,edge_midpoint,edge_midpoint,0.00145124716553288,48
428,280,21,1,5,9,1/sqrt(3),axis,cube_corner,0.0015306122448979589,48
429,281,21,1,5,10,1/sqrt(2),axis,edge_midpoint,0.0018140589569160999,48
430,282,21,1,5,11,sqrt(2/3),edge_midpoint,cube_corner,0.0012244897959183673,48
431,283,21,1,5,12,1,axis,axis,0.0022675736961451243,6
432,283,21,1,5,12,1,edge_midpoint,edge_midpoint,0.00145124716553288,12
433,283,21,1,5,12,1,cube_corner,cube_corner,0.0010331632653061223,8
434,284,22,1,6,0,-1,axis,axis,0.0022675736961451243,6
435,284,22,1,6,0,-1,edge_midpoint,edge_midpoint,0.00145124716553288,12
436,284,22,1,6,0,-1,cube_corner,cube_corner,0.0010331632653061223,8
437,285,22,1,6,1,-sqrt(2/3),edge_midpoint,cube_corner,0.0012244897959183673,48
438,286,22,1,6,2,-1/sqrt(2),axis,edge_midpoint,0.0018140589569160999,48
439,287,22,1,6,3,-1/sqrt(3),axis,cube_corner,0.0015306122448979589,48
440,288,22,1,6,4,-1/2,edge_midpoint,edge_midpoint,0.00145124716553288,48
441,289,22,1,6,5,-1/3,cube_corner,cube_corner,0.0010331632653061223,24
442,290,22,1,6,6,0,axis,axis,0.0022675736961451243,24
443,290,22,1,6,6,0,axis,edge_midpoint,0.0018140589569160999,48
444,290,22,1,6,6,0,edge_midpoint,edge_midpoint,0.00145124716553288,24
445,290,22,1,6,6,0,edge_midpoint,cube_corner,0.0012244897959183673,96
446,291,22,1,6,7,1/3,cube_corner,cube_corner,0.0010331632653061223,24
447,292,22,1,6,8,1/2,edge_midpoint,edge_midpoint,0.00145124716553288,48
448,293,22,1,6,9,1/sqrt(3),axis,cube_corner,0.0015306122448979589,48
449,294,22,1,6,10,1/sqrt(2),axis,edge_midpoint,0.0018140589569160999,48
450,295,22,1,6,11,sqrt(2/3),edge_midpoint,cube_corner,0.0012244897959183673,48
451,296,22,1,6,12,1,axis,axis,0.0022675736961451243,6
452,296,22,1,6,12,1,edge_midpoint,edge_midpoint,0.00145124716553288,12
453,296,22,1,6,12,1,cube_corner,cube_corner,0.0010331632653061223,8
454,297,23,1,7,0,-1,axis,axis,0.0022675736961451243,6
455,297,23,1,7,0,-1,edge_midpoint,edge_midpoint,0.00145124716553288,12
456,297,23,1,7,0,-1,cube_corner,cube_corner,0.0010331632653061223,8
457,298,23,1,7,1,-sqrt(2/3),edge_midpoint,cube_corner,0.0012244897959183673,48
458,299,23,1,7,2,-1/sqrt(2),axis,edge_midpoint,0.0018140589569160999,48
459,300,23,1,7,3,-1/sqrt(3),axis,cube_corner,0.0015306122448979589,48
460,301,23,1,7,4,-1/2,edge_midpoint,edge_midpoint,0.00145124716553288,48
461,302,23,1,7,5,-1/3,cube_corner,cube_corner,0.0010331632653061223,24
462,303,23,1,7,6,0,axis,axis,0.0022675736961451243,24
463,303,23,1,7,6,0,axis,edge_midpoint,0.0018140589569160999,48
464,303,23,1,7,6,0,edge_midpoint,edge_midpoint,0.00145124716553288,24
465,303,23,1,7,6,0,edge_midpoint,cube_corner,0.0012244897959183673,96
466,304,23,1,7,7,1/3,cube_corner,cube_corner,0.0010331632653061223,24
467,305,23,1,7,8,1/2,edge_midpoint,edge_midpoint,0.00145124716553288,48
468,306,23,1,7,9,1/sqrt(3),axis,cube_corner,0.0015306122448979589,48
469,307,23,1,7,10,1/sqrt(2),axis,edge_midpoint,0.0018140589569160999,48
470,308,23,1,7,11,sqrt(2/3),edge_midpoint,cube_corner,0.0012244897959183673,48
471,309,23,1,7,12,1,axis,axis,0.0022675736961451243,6
472,309,23,1,7,12,1,edge_midpoint,edge_midpoint,0.00145124716553288,12
473,309,23,1,7,12,1,cube_corner,cube_corner,0.0010331632653061223,8
474,310,24,1,8,0,-1,axis,axis,0.0022675736961451243,6
475,310,24,1,8,0,-1,edge_midpoint,edge_midpoint,0.00145124716553288,12
476,310,24,1,8,0,-1,cube_corner,cube_corner,0.0010331632653061223,8
477,311,24,1,8,1,-sqrt(2/3),edge_midpoint,cube_corner,0.0012244897959183673,48
478,312,24,1,8,2,-1/sqrt(2),axis,edge_midpoint,0.0018140589569160999,48
479,313,24,1,8,3,-1/sqrt(3),axis,cube_corner,0.0015306122448979589,48
480,314,24,1,8,4,-1/2,edge_midpoint,edge_midpoint,0.00145124716553288,48
481,315,24,1,8,5,-1/3,cube_corner,cube_corner,0.0010331632653061223,24
482,316,24,1,8,6,0,axis,axis,0.0022675736961451243,24
483,316,24,1,8,6,0,axis,edge_midpoint,0.0018140589569160999,48
484,316,24,1,8,6,0,edge_midpoint,edge_midpoint,0.00145124716553288,24
485,316,24,1,8,6,0,edge_midpoint,cube_corner,0.0012244897959183673,96
486,317,24,1,8,7,1/3,cube_corner,cube_corner,0.0010331632653061223,24
487,318,24,1,8,8,1/2,edge_midpoint,edge_midpoint,0.00145124716553288,48
488,319,24,1,8,9,1/sqrt(3),axis,cube_corner,0.0015306122448979589,48
489,320,24,1,8,10,1/sqrt(2),axis,edge_midpoint,0.0018140589569160999,48
490,321,24,1,8,11,sqrt(2/3),edge_midpoint,cube_corner,0.0012244897959183673,48
491,322,24,1,8,12,1,axis,axis,0.0022675736961451243,6
492,322,24,1,8,12,1,edge_midpoint,edge_midpoint,0.00145124716553288,12
493,322,24,1,8,12,1,cube_corner,cube_corner,0.0010331632653061223,8
494,323,25,1,9,0,-1,axis,axis,0.0022675736961451243,6
495,323,25,1,9,0,-1,edge_midpoint,edge_midpoint,0.00145124716553288,12
496,323,25,1,9,0,-1,cube_corner,cube_corner,0.0010331632653061223,8
497,324,25,1,9,1,-sqrt(2/3),edge_midpoint,cube_corner,0.0012244897959183673,48
498,325,25,1,9,2,-1/sqrt(2),axis,edge_midpoint,0.0018140589569160999,48
499,326,25,1,9,3,-1/sqrt(3),axis,cube_corner,0.0015306122448979589,48
500,327,25,1,9,4,-1/2,edge_midpoint,edge_midpoint,0.00145124716553288,48
501,328,25,1,9,5,-1/3,cube_corner,cube_corner,0.0010331632653061223,24
502,329,25,1,9,6,0,axis,axis,0.0022675736961451243,24
503,329,25,1,9,6,0,axis,edge_midpoint,0.0018140589569160999,48
504,329,25,1,9,6,0,edge_midpoint,edge_midpoint,0.00145124716553288,24
505,329,25,1,9,6,0,edge_midpoint,cube_corner,0.0012244897959183673,96
506,330,25,1,9,7,1/3,cube_corner,cube_corner,0.0010331632653061223,24
507,331,25,1,9,8,1/2,edge_midpoint,edge_midpoint,0.00145124716553288,48
508,332,25,1,9,9,1/sqrt(3),axis,cube_corner,0.0015306122448979589,48
509,333,25,1,9,10,1/sqrt(2),axis,edge_midpoint,0.0018140589569160999,48
510,334,25,1,9,11,sqrt(2/3),edge_midpoint,cube_corner,0.0012244897959183673,48
511,335,25,1,9,12,1,axis,axis,0.0022675736961451243,6
512,335,25,1,9,12,1,edge_midpoint,edge_midpoint,0.00145124716553288,12
513,335,25,1,9,12,1,cube_corner,cube_corner,0.0010331632653061223,8
514,336,26,1,10,0,-1,axis,axis,0.0022675736961451243,6
515,336,26,1,10,0,-1,edge_midpoint,edge_midpoint,0.00145124716553288,12
516,336,26,1,10,0,-1,cube_corner,cube_corner,0.0010331632653061223,8
517,337,26,1,10,1,-sqrt(2/3),edge_midpoint,cube_corner,0.0012244897959183673,48
518,338,26,1,10,2,-1/sqrt(2),axis,edge_midpoint,0.0018140589569160999,48
519,339,26,1,10,3,-1/sqrt(3),axis,cube_corner,0.0015306122448979589,48
520,340,26,1,10,4,-1/2,edge_midpoint,edge_midpoint,0.00145124716553288,48
521,341,26,1,10,5,-1/3,cube_corner,cube_corner,0.0010331632653061223,24
522,342,26,1,10,6,0,axis,axis,0.0022675736961451243,24
523,342,26,1,10,6,0,axis,edge_midpoint,0.0018140589569160999,48
524,342,26,1,10,6,0,edge_midpoint,edge_midpoint,0.00145124716553288,24
525,342,26,1,10,6,0,edge_midpoint,cube_corner,0.0012244897959183673,96
526,343,26,1,10,7,1/3,cube_corner,cube_corner,0.0010331632653061223,24
527,344,26,1,10,8,1/2,edge_midpoint,edge_midpoint,0.00145124716553288,48
528,345,26,1,10,9,1/sqrt(3),axis,cube_corner,0.0015306122448979589,48
529,346,26,1,10,10,1/sqrt(2),axis,edge_midpoint,0.0018140589569160999,48
530,347,26,1,10,11,sqrt(2/3),edge_midpoint,cube_corner,0.0012244897959183673,48
531,348,26,1,10,12,1,axis,axis,0.0022675736961451243,6
532,348,26,1,10,12,1,edge_midpoint,edge_midpoint,0.00145124716553288,12
533,348,26,1,10,12,1,cube_corner,cube_corner,0.0010331632653061223,8
534,349,27,1,11,0,-1,axis,axis,0.0022675736961451243,6
535,349,27,1,11,0,-1,edge_midpoint,edge_midpoint,0.00145124716553288,12
536,349,27,1,11,0,-1,cube_corner,cube_corner,0.0010331632653061223,8
537,350,27,1,11,1,-sqrt(2/3),edge_midpoint,cube_corner,0.0012244897959183673,48
538,351,27,1,11,2,-1/sqrt(2),axis,edge_midpoint,0.0018140589569160999,48
539,352,27,1,11,3,-1/sqrt(3),axis,cube_corner,0.0015306122448979589,48
540,353,27,1,11,4,-1/2,edge_midpoint,edge_midpoint,0.00145124716553288,48
541,354,27,1,11,5,-1/3,cube_corner,cube_corner,0.0010331632653061223,24
542,355,27,1,11,6,0,axis,axis,0.0022675736961451243,24
543,355,27,1,11,6,0,axis,edge_midpoint,0.0018140589569160999,48
544,355,27,1,11,6,0,edge_midpoint,edge_midpoint,0.00145124716553288,24
545,355,27,1,11,6,0,edge_midpoint,cube_corner,0.0012244897959183673,96
546,356,27,1,11,7,1/3,cube_corner,cube_corner,0.0010331632653061223,24
547,357,27,1,11,8,1/2,edge_midpoint,edge_midpoint,0.00145124716553288,48
548,358,27,1,11,9,1/sqrt(3),axis,cube_corner,0.0015306122448979589,48
549,359,27,1,11,10,1/sqrt(2),axis,edge_midpoint,0.0018140589569160999,48
550,360,27,1,11,11,sqrt(2/3),edge_midpoint,cube_corner,0.0012244897959183673,48
551,361,27,1,11,12,1,axis,axis,0.0022675736961451243,6
552,361,27,1,11,12,1,edge_midpoint,edge_midpoint,0.00145124716553288,12
553,361,27,1,11,12,1,cube_corner,cube_corner,0.0010331632653061223,8
554,362,28,1,12,0,-1,axis,axis,0.0022675736961451243,6
555,362,28,1,12,0,-1,edge_midpoint,edge_midpoint,0.00145124716553288,12
556,362,28,1,12,0,-1,cube_corner,cube_corner,0.0010331632653061223,8
557,363,28,1,12,1,-sqrt(2/3),edge_midpoint,cube_corner,0.0012244897959183673,48
558,364,28,1,12,2,-1/sqrt(2),axis,edge_midpoint,0.0018140589569160999,48
559,365,28,1,12,3,-1/sqrt(3),axis,cube_corner,0.0015306122448979589,48
560,366,28,1,12,4,-1/2,edge_midpoint,edge_midpoint,0.00145124716553288,48
561,367,28,1,12,5,-1/3,cube_corner,cube_corner,0.0010331632653061223,24
562,368,28,1,12,6,0,axis,axis,0.0022675736961451243,24
563,368,28,1,12,6,0,axis,edge_midpoint,0.0018140589569160999,48
564,368,28,1,12,6,0,edge_midpoint,edge_midpoint,0.00145124716553288,24
565,368,28,1,12,6,0,edge_midpoint,cube_corner,0.0012244897959183673,96
566,369,28,1,12,7,1/3,cube_corner,cube_corner,0.0010331632653061223,24
567,370,28,1,12,8,1/2,edge_midpoint,edge_midpoint,0.00145124716553288,48
568,371,28,1,12,9,1/sqrt(3),axis,cube_corner,0.0015306122448979589,48
569,372,28,1,12,10,1/sqrt(2),axis,edge_midpoint,0.0018140589569160999,48
570,373,28,1,12,11,sqrt(2/3),edge_midpoint,cube_corner,0.0012244897959183673,48
571,374,28,1,12,12,1,axis,axis,0.0022675736961451243,6
572,374,28,1,12,12,1,edge_midpoint,edge_midpoint,0.00145124716553288,12
573,374,28,1,12,12,1,cube_corner,cube_corner,0.0010331632653061223,8
574,375,29,1,13,0,-1,axis,axis,0.0022675736961451243,6
575,375,29,1,13,0,-1,edge_midpoint,edge_midpoint,0.00145124716553288,12
576,375,29,1,13,0,-1,cube_corner,cube_corner,0.0010331632653061223,8
577,376,29,1,13,1,-sqrt(2/3),edge_midpoint,cube_corner,0.0012244897959183673,48
578,377,29,1,13,2,-1/sqrt(2),axis,edge_midpoint,0.0018140589569160999,48
579,378,29,1,13,3,-1/sqrt(3),axis,cube_corner,0.0015306122448979589,48
580,379,29,1,13,4,-1/2,edge_midpoint,edge_midpoint,0.00145124716553288,48
581,380,29,1,13,5,-1/3,cube_corner,cube_corner,0.0010331632653061223,24
582,381,29,1,13,6,0,axis,axis,0.0022675736961451243,24
583,381,29,1,13,6,0,axis,edge_midpoint,0.0018140589569160999,48
584,381,29,1,13,6,0,edge_midpoint,edge_midpoint,0.00145124716553288,24
585,381,29,1,13,6,0,edge_midpoint,cube_corner,0.0012244897959183673,96
586,382,29,1,13,7,1/3,cube_corner,cube_corner,0.0010331632653061223,24
587,383,29,1,13,8,1/2,edge_midpoint,edge_midpoint,0.00145124716553288,48
588,384,29,1,13,9,1/sqrt(3),axis,cube_corner,0.0015306122448979589,48
589,385,29,1,13,10,1/sqrt(2),axis,edge_midpoint,0.0018140589569160999,48
590,386,29,1,13,11,sqrt(2/3),edge_midpoint,cube_corner,0.0012244897959183673,48
591,387,29,1,13,12,1,axis,axis,0.0022675736961451243,6
592,387,29,1,13,12,1,edge_midpoint,edge_midpoint,0.00145124716553288,12
593,387,29,1,13,12,1,cube_corner,cube_corner,0.0010331632653061223,8
594,388,30,1,14,0,-1,axis,axis,0.0022675736961451243,6
595,388,30,1,14,0,-1,edge_midpoint,edge_midpoint,0.00145124716553288,12
596,388,30,1,14,0,-1,cube_corner,cube_corner,0.0010331632653061223,8
597,389,30,1,14,1,-sqrt(2/3),edge_midpoint,cube_corner,0.0012244897959183673,48
598,390,30,1,14,2,-1/sqrt(2),axis,edge_midpoint,0.0018140589569160999,48
599,391,30,1,14,3,-1/sqrt(3),axis,cube_corner,0.0015306122448979589,48
600,392,30,1,14,4,-1/2,edge_midpoint,edge_midpoint,0.00145124716553288,48
601,393,30,1,14,5,-1/3,cube_corner,cube_corner,0.0010331632653061223,24
602,394,30,1,14,6,0,axis,axis,0.0022675736961451243,24
603,394,30,1,14,6,0,axis,edge_midpoint,0.0018140589569160999,48
604,394,30,1,14,6,0,edge_midpoint,edge_midpoint,0.00145124716553288,24
605,394,30,1,14,6,0,edge_midpoint,cube_corner,0.0012244897959183673,96
606,395,30,1,14,7,1/3,cube_corner,cube_corner,0.0010331632653061223,24
607,396,30,1,14,8,1/2,edge_midpoint,edge_midpoint,0.00145124716553288,48
608,397,30,1,14,9,1/sqrt(3),axis,cube_corner,0.0015306122448979589,48
609,398,30,1,14,10,1/sqrt(2),axis,edge_midpoint,0.0018140589569160999,48
610,399,30,1,14,11,sqrt(2/3),edge_midpoint,cube_corner,0.0012244897959183673,48
611,400,30,1,14,12,1,axis,axis,0.0022675736961451243,6
612,400,30,1,14,12,1,edge_midpoint,edge_midpoint,0.00145124716553288,12
613,400,30,1,14,12,1,cube_corner,cube_corner,0.0010331632653061223,8
614,401,31,1,15,0,-1,axis,axis,0.0022675736961451243,6
615,401,31,1,15,0,-1,edge_midpoint,edge_midpoint,0.00145124716553288,12
616,401,31,1,15,0,-1,cube_corner,cube_corner,0.0010331632653061223,8
617,402,31,1,15,1,-sqrt(2/3),edge_midpoint,cube_corner,0.0012244897959183673,48
618,403,31,1,15,2,-1/sqrt(2),axis,edge_midpoint,0.0018140589569160999,48
619,404,31,1,15,3,-1/sqrt(3),axis,cube_corner,0.0015306122448979589,48
620,405,31,1,15,4,-1/2,edge_midpoint,edge_midpoint,0.00145124716553288,48
621,406,31,1,15,5,-1/3,cube_corner,cube_corner,0.0010331632653061223,24
622,407,31,1,15,6,0,axis,axis,0.0022675736961451243,24
623,407,31,1,15,6,0,axis,edge_midpoint,0.0018140589569160999,48
624,407,31,1,15,6,0,edge_midpoint,edge_midpoint,0.00145124716553288,24
625,407,31,1,15,6,0,edge_midpoint,cube_corner,0.0012244897959183673,96
626,408,31,1,15,7,1/3,cube_corner,cube_corner,0.0010331632653061223,24
627,409,31,1,15,8,1/2,edge_midpoint,edge_midpoint,0.00145124716553288,48
628,410,31,1,15,9,1/sqrt(3),axis,cube_corner,0.0015306122448979589,48
629,411,31,1,15,10,1/sqrt(2),axis,edge_midpoint,0.0018140589569160999,48
630,412,31,1,15,11,sqrt(2/3),edge_midpoint,cube_corner,0.0012244897959183673,48
631,413,31,1,15,12,1,axis,axis,0.0022675736961451243,6
632,413,31,1,15,12,1,edge_midpoint,edge_midpoint,0.00145124716553288,12
633,413,31,1,15,12,1,cube_corner,cube_corner,0.0010331632653061223,8
634,414,32,1,16,0,-1,axis,axis,0.0022675736961451243,6
635,414,32,1,16,0,-1,edge_midpoint,edge_midpoint,0.00145124716553288,12
636,414,32,1,16,0,-1,cube_corner,cube_corner,0.0010331632653061223,8
637,415,32,1,16,1,-sqrt(2/3),edge_midpoint,cube_corner,0.0012244897959183673,48
638,416,32,1,16,2,-1/sqrt(2),axis,edge_midpoint,0.0018140589569160999,48
639,417,32,1,16,3,-1/sqrt(3),axis,cube_corner,0.0015306122448979589,48
640,418,32,1,16,4,-1/2,edge_midpoint,edge_midpoint,0.00145124716553288,48
641,419,32,1,16,5,-1/3,cube_corner,cube_corner,0.0010331632653061223,24
642,420,32,1,16,6,0,axis,axis,0.0022675736961451243,24
643,420,32,1,16,6,0,axis,edge_midpoint,0.0018140589569160999,48
644,420,32,1,16,6,0,edge_midpoint,edge_midpoint,0.00145124716553288,24
645,420,32,1,16,6,0,edge_midpoint,cube_corner,0.0012244897959183673,96
646,421,32,1,16,7,1/3,cube_corner,cube_corner,0.0010331632653061223,24
647,422,32,1,16,8,1/2,edge_midpoint,edge_midpoint,0.00145124716553288,48
648,423,32,1,16,9,1/sqrt(3),axis,cube_corner,0.0015306122448979589,48
649,424,32,1,16,10,1/sqrt(2),axis,edge_midpoint,0.0018140589569160999,48
650,425,32,1,16,11,sqrt(2/3),edge_midpoint,cube_corner,0.0012244897959183673,48
651,426,32,1,16,12,1,axis,axis,0.0022675736961451243,6
652,426,32,1,16,12,1,edge_midpoint,edge_midpoint,0.00145124716553288,12
653,426,32,1,16,12,1,cube_corner,cube_corner,0.0010331632653061223,8
654,427,33,2,2,0,-1,axis,axis,0.0022675736961451243,3
655,427,33,2,2,0,-1,edge_midpoint,edge_midpoint,0.00145124716553288,6
656,427,33,2,2,0,-1,cube_corner,cube_corner,0.0010331632653061223,4
657,428,33,2,2,1,-sqrt(2/3),edge_midpoint,cube_corner,0.0012244897959183673,24
658,429,33,2,2,2,-1/sqrt(2),axis,edge_midpoint,0.0018140589569160999,24
659,430,33,2,2,3,-1/sqrt(3),axis,cube_corner,0.0015306122448979589,24
660,431,33,2,2,4,-1/2,edge_midpoint,edge_midpoint,0.00145124716553288,24
661,432,33,2,2,5,-1/3,cube_corner,cube_corner,0.0010331632653061223,12
662,433,33,2,2,6,0,axis,axis,0.0022675736961451243,12
663,433,33,2,2,6,0,axis,edge_midpoint,0.0018140589569160999,24
664,433,33,2,2,6,0,edge_midpoint,edge_midpoint,0.00145124716553288,12
665,433,33,2,2,6,0,edge_midpoint,cube_corner,0.0012244897959183673,48
666,434,33,2,2,7,1/3,cube_corner,cube_corner,0.0010331632653061223,12
667,435,33,2,2,8,1/2,edge_midpoint,edge_midpoint,0.00145124716553288,24
668,436,33,2,2,9,1/sqrt(3),axis,cube_corner,0.0015306122448979589,24
669,437,33,2,2,10,1/sqrt(2),axis,edge_midpoint,0.0018140589569160999,24
670,438,33,2,2,11,sqrt(2/3),edge_midpoint,cube_corner,0.0012244897959183673,24
671,439,34,2,3,0,-1,axis,axis,0.0022675736961451243,6
672,439,34,2,3,0,-1,edge_midpoint,edge_midpoint,0.00145124716553288,12
673,439,34,2,3,0,-1,cube_corner,cube_corner,0.0010331632653061223,8
674,440,34,2,3,1,-sqrt(2/3),edge_midpoint,cube_corner,0.0012244897959183673,48
675,441,34,2,3,2,-1/sqrt(2),axis,edge_midpoint,0.0018140589569160999,48
676,442,34,2,3,3,-1/sqrt(3),axis,cube_corner,0.0015306122448979589,48
677,443,34,2,3,4,-1/2,edge_midpoint,edge_midpoint,0.00145124716553288,48
678,444,34,2,3,5,-1/3,cube_corner,cube_corner,0.0010331632653061223,24
679,445,34,2,3,6,0,axis,axis,0.0022675736961451243,24
680,445,34,2,3,6,0,axis,edge_midpoint,0.0018140589569160999,48
681,445,34,2,3,6,0,edge_midpoint,edge_midpoint,0.00145124716553288,24
682,445,34,2,3,6,0,edge_midpoint,cube_corner,0.0012244897959183673,96
683,446,34,2,3,7,1/3,cube_corner,cube_corner,0.0010331632653061223,24
684,447,34,2,3,8,1/2,edge_midpoint,edge_midpoint,0.00145124716553288,48
685,448,34,2,3,9,1/sqrt(3),axis,cube_corner,0.0015306122448979589,48
686,449,34,2,3,10,1/sqrt(2),axis,edge_midpoint,0.0018140589569160999,48
687,450,34,2,3,11,sqrt(2/3),edge_midpoint,cube_corner,0.0012244897959183673,48
688,451,34,2,3,12,1,axis,axis,0.0022675736961451243,6
689,451,34,2,3,12,1,edge_midpoint,edge_midpoint,0.00145124716553288,12
690,451,34,2,3,12,1,cube_corner,cube_corner,0.0010331632653061223,8
691,452,35,2,4,0,-1,axis,axis,0.0022675736961451243,6
692,452,35,2,4,0,-1,edge_midpoint,edge_midpoint,0.00145124716553288,12
693,452,35,2,4,0,-1,cube_corner,cube_corner,0.0010331632653061223,8
694,453,35,2,4,1,-sqrt(2/3),edge_midpoint,cube_corner,0.0012244897959183673,48
695,454,35,2,4,2,-1/sqrt(2),axis,edge_midpoint,0.0018140589569160999,48
696,455,35,2,4,3,-1/sqrt(3),axis,cube_corner,0.0015306122448979589,48
697,456,35,2,4,4,-1/2,edge_midpoint,edge_midpoint,0.00145124716553288,48
698,457,35,2,4,5,-1/3,cube_corner,cube_corner,0.0010331632653061223,24
699,458,35,2,4,6,0,axis,axis,0.0022675736961451243,24
700,458,35,2,4,6,0,axis,edge_midpoint,0.0018140589569160999,48
701,458,35,2,4,6,0,edge_midpoint,edge_midpoint,0.00145124716553288,24
702,458,35,2,4,6,0,edge_midpoint,cube_corner,0.0012244897959183673,96
703,459,35,2,4,7,1/3,cube_corner,cube_corner,0.0010331632653061223,24
704,460,35,2,4,8,1/2,edge_midpoint,edge_midpoint,0.00145124716553288,48
705,461,35,2,4,9,1/sqrt(3),axis,cube_corner,0.0015306122448979589,48
706,462,35,2,4,10,1/sqrt(2),axis,edge_midpoint,0.0018140589569160999,48
707,463,35,2,4,11,sqrt(2/3),edge_midpoint,cube_corner,0.0012244897959183673,48
708,464,35,2,4,12,1,axis,axis,0.0022675736961451243,6
709,464,35,2,4,12,1,edge_midpoint,edge_midpoint,0.00145124716553288,12
710,464,35,2,4,12,1,cube_corner,cube_corner,0.0010331632653061223,8
711,465,36,2,5,0,-1,axis,axis,0.0022675736961451243,6
712,465,36,2,5,0,-1,edge_midpoint,edge_midpoint,0.00145124716553288,12
713,465,36,2,5,0,-1,cube_corner,cube_corner,0.0010331632653061223,8
714,466,36,2,5,1,-sqrt(2/3),edge_midpoint,cube_corner,0.0012244897959183673,48
715,467,36,2,5,2,-1/sqrt(2),axis,edge_midpoint,0.0018140589569160999,48
716,468,36,2,5,3,-1/sqrt(3),axis,cube_corner,0.0015306122448979589,48
717,469,36,2,5,4,-1/2,edge_midpoint,edge_midpoint,0.00145124716553288,48
718,470,36,2,5,5,-1/3,cube_corner,cube_corner,0.0010331632653061223,24
719,471,36,2,5,6,0,axis,axis,0.0022675736961451243,24
720,471,36,2,5,6,0,axis,edge_midpoint,0.0018140589569160999,48
721,471,36,2,5,6,0,edge_midpoint,edge_midpoint,0.00145124716553288,24
722,471,36,2,5,6,0,edge_midpoint,cube_corner,0.0012244897959183673,96
723,472,36,2,5,7,1/3,cube_corner,cube_corner,0.0010331632653061223,24
724,473,36,2,5,8,1/2,edge_midpoint,edge_midpoint,0.00145124716553288,48
725,474,36,2,5,9,1/sqrt(3),axis,cube_corner,0.0015306122448979589,48
726,475,36,2,5,10,1/sqrt(2),axis,edge_midpoint,0.0018140589569160999,48
727,476,36,2,5,11,sqrt(2/3),edge_midpoint,cube_corner,0.0012244897959183673,48
728,477,36,2,5,12,1,axis,axis,0.0022675736961451243,6
729,477,36,2,5,12,1,edge_midpoint,edge_midpoint,0.00145124716553288,12
730,477,36,2,5,12,1,cube_corner,cube_corner,0.0010331632653061223,8
731,478,37,2,6,0,-1,axis,axis,0.0022675736961451243,6
732,478,37,2,6,0,-1,edge_midpoint,edge_midpoint,0.00145124716553288,12
733,478,37,2,6,0,-1,cube_corner,cube_corner,0.0010331632653061223,8
734,479,37,2,6,1,-sqrt(2/3),edge_midpoint,cube_corner,0.0012244897959183673,48
735,480,37,2,6,2,-1/sqrt(2),axis,edge_midpoint,0.0018140589569160999,48
736,481,37,2,6,3,-1/sqrt(3),axis,cube_corner,0.0015306122448979589,48
737,482,37,2,6,4,-1/2,edge_midpoint,edge_midpoint,0.00145124716553288,48
738,483,37,2,6,5,-1/3,cube_corner,cube_corner,0.0010331632653061223,24
739,484,37,2,6,6,0,axis,axis,0.0022675736961451243,24
740,484,37,2,6,6,0,axis,edge_midpoint,0.0018140589569160999,48
741,484,37,2,6,6,0,edge_midpoint,edge_midpoint,0.00145124716553288,24
742,484,37,2,6,6,0,edge_midpoint,cube_corner,0.0012244897959183673,96
743,485,37,2,6,7,1/3,cube_corner,cube_corner,0.0010331632653061223,24
744,486,37,2,6,8,1/2,edge_midpoint,edge_midpoint,0.00145124716553288,48
745,487,37,2,6,9,1/sqrt(3),axis,cube_corner,0.0015306122448979589,48
746,488,37,2,6,10,1/sqrt(2),axis,edge_midpoint,0.0018140589569160999,48
747,489,37,2,6,11,sqrt(2/3),edge_midpoint,cube_corner,0.0012244897959183673,48
748,490,37,2,6,12,1,axis,axis,0.0022675736961451243,6
749,490,37,2,6,12,1,edge_midpoint,edge_midpoint,0.00145124716553288,12
750,490,37,2,6,12,1,cube_corner,cube_corner,0.0010331632653061223,8
751,491,38,2,7,0,-1,axis,axis,0.0022675736961451243,6
752,491,38,2,7,0,-1,edge_midpoint,edge_midpoint,0.00145124716553288,12
753,491,38,2,7,0,-1,cube_corner,cube_corner,0.0010331632653061223,8
754,492,38,2,7,1,-sqrt(2/3),edge_midpoint,cube_corner,0.0012244897959183673,48
755,493,38,2,7,2,-1/sqrt(2),axis,edge_midpoint,0.0018140589569160999,48
756,494,38,2,7,3,-1/sqrt(3),axis,cube_corner,0.0015306122448979589,48
757,495,38,2,7,4,-1/2,edge_midpoint,edge_midpoint,0.00145124716553288,48
758,496,38,2,7,5,-1/3,cube_corner,cube_corner,0.0010331632653061223,24
759,497,38,2,7,6,0,axis,axis,0.0022675736961451243,24
760,497,38,2,7,6,0,axis,edge_midpoint,0.0018140589569160999,48
761,497,38,2,7,6,0,edge_midpoint,edge_midpoint,0.00145124716553288,24
762,497,38,2,7,6,0,edge_midpoint,cube_corner,0.0012244897959183673,96
763,498,38,2,7,7,1/3,cube_corner,cube_corner,0.0010331632653061223,24
764,499,38,2,7,8,1/2,edge_midpoint,edge_midpoint,0.00145124716553288,48
765,500,38,2,7,9,1/sqrt(3),axis,cube_corner,0.0015306122448979589,48
766,501,38,2,7,10,1/sqrt(2),axis,edge_midpoint,0.0018140589569160999,48
767,502,38,2,7,11,sqrt(2/3),edge_midpoint,cube_corner,0.0012244897959183673,48
768,503,38,2,7,12,1,axis,axis,0.0022675736961451243,6
769,503,38,2,7,12,1,edge_midpoint,edge_midpoint,0.00145124716553288,12
770,503,38,2,7,12,1,cube_corner,cube_corner,0.0010331632653061223,8
771,504,39,2,8,0,-1,axis,axis,0.0022675736961451243,6
772,504,39,2,8,0,-1,edge_midpoint,edge_midpoint,0.00145124716553288,12
773,504,39,2,8,0,-1,cube_corner,cube_corner,0.0010331632653061223,8
774,505,39,2,8,1,-sqrt(2/3),edge_midpoint,cube_corner,0.0012244897959183673,48
775,506,39,2,8,2,-1/sqrt(2),axis,edge_midpoint,0.0018140589569160999,48
776,507,39,2,8,3,-1/sqrt(3),axis,cube_corner,0.0015306122448979589,48
777,508,39,2,8,4,-1/2,edge_midpoint,edge_midpoint,0.00145124716553288,48
778,509,39,2,8,5,-1/3,cube_corner,cube_corner,0.0010331632653061223,24
779,510,39,2,8,6,0,axis,axis,0.0022675736961451243,24
780,510,39,2,8,6,0,axis,edge_midpoint,0.0018140589569160999,48
781,510,39,2,8,6,0,edge_midpoint,edge_midpoint,0.00145124716553288,24
782,510,39,2,8,6,0,edge_midpoint,cube_corner,0.0012244897959183673,96
783,511,39,2,8,7,1/3,cube_corner,cube_corner,0.0010331632653061223,24
784,512,39,2,8,8,1/2,edge_midpoint,edge_midpoint,0.00145124716553288,48
785,513,39,2,8,9,1/sqrt(3),axis,cube_corner,0.0015306122448979589,48
786,514,39,2,8,10,1/sqrt(2),axis,edge_midpoint,0.0018140589569160999,48
787,515,39,2,8,11,sqrt(2/3),edge_midpoint,cube_corner,0.0012244897959183673,48
788,516,39,2,8,12,1,axis,axis,0.0022675736961451243,6
789,516,39,2,8,12,1,edge_midpoint,edge_midpoint,0.00145124716553288,12
790,516,39,2,8,12,1,cube_corner,cube_corner,0.0010331632653061223,8
791,517,40,2,9,0,-1,axis,axis,0.0022675736961451243,6
792,517,40,2,9,0,-1,edge_midpoint,edge_midpoint,0.00145124716553288,12
793,517,40,2,9,0,-1,cube_corner,cube_corner,0.0010331632653061223,8
794,518,40,2,9,1,-sqrt(2/3),edge_midpoint,cube_corner,0.0012244897959183673,48
795,519,40,2,9,2,-1/sqrt(2),axis,edge_midpoint,0.0018140589569160999,48
796,520,40,2,9,3,-1/sqrt(3),axis,cube_corner,0.0015306122448979589,48
797,521,40,2,9,4,-1/2,edge_midpoint,edge_midpoint,0.00145124716553288,48
798,522,40,2,9,5,-1/3,cube_corner,cube_corner,0.0010331632653061223,24
799,523,40,2,9,6,0,axis,axis,0.0022675736961451243,24
800,523,40,2,9,6,0,axis,edge_midpoint,0.0018140589569160999,48
801,523,40,2,9,6,0,edge_midpoint,edge_midpoint,0.00145124716553288,24
802,523,40,2,9,6,0,edge_midpoint,cube_corner,0.0012244897959183673,96
803,524,40,2,9,7,1/3,cube_corner,cube_corner,0.0010331632653061223,24
804,525,40,2,9,8,1/2,edge_midpoint,edge_midpoint,0.00145124716553288,48
805,526,40,2,9,9,1/sqrt(3),axis,cube_corner,0.0015306122448979589,48
806,527,40,2,9,10,1/sqrt(2),axis,edge_midpoint,0.0018140589569160999,48
807,528,40,2,9,11,sqrt(2/3),edge_midpoint,cube_corner,0.0012244897959183673,48
808,529,40,2,9,12,1,axis,axis,0.0022675736961451243,6
809,529,40,2,9,12,1,edge_midpoint,edge_midpoint,0.00145124716553288,12
810,529,40,2,9,12,1,cube_corner,cube_corner,0.0010331632653061223,8
811,530,41,2,10,0,-1,axis,axis,0.0022675736961451243,6
812,530,41,2,10,0,-1,edge_midpoint,edge_midpoint,0.00145124716553288,12
813,530,41,2,10,0,-1,cube_corner,cube_corner,0.0010331632653061223,8
814,531,41,2,10,1,-sqrt(2/3),edge_midpoint,cube_corner,0.0012244897959183673,48
815,532,41,2,10,2,-1/sqrt(2),axis,edge_midpoint,0.0018140589569160999,48
816,533,41,2,10,3,-1/sqrt(3),axis,cube_corner,0.0015306122448979589,48
817,534,41,2,10,4,-1/2,edge_midpoint,edge_midpoint,0.00145124716553288,48
818,535,41,2,10,5,-1/3,cube_corner,cube_corner,0.0010331632653061223,24
819,536,41,2,10,6,0,axis,axis,0.0022675736961451243,24
820,536,41,2,10,6,0,axis,edge_midpoint,0.0018140589569160999,48
821,536,41,2,10,6,0,edge_midpoint,edge_midpoint,0.00145124716553288,24
822,536,41,2,10,6,0,edge_midpoint,cube_corner,0.0012244897959183673,96
823,537,41,2,10,7,1/3,cube_corner,cube_corner,0.0010331632653061223,24
824,538,41,2,10,8,1/2,edge_midpoint,edge_midpoint,0.00145124716553288,48
825,539,41,2,10,9,1/sqrt(3),axis,cube_corner,0.0015306122448979589,48
826,540,41,2,10,10,1/sqrt(2),axis,edge_midpoint,0.0018140589569160999,48
827,541,41,2,10,11,sqrt(2/3),edge_midpoint,cube_corner,0.0012244897959183673,48
828,542,41,2,10,12,1,axis,axis,0.0022675736961451243,6
829,542,41,2,10,12,1,edge_midpoint,edge_midpoint,0.00145124716553288,12
830,542,41,2,10,12,1,cube_corner,cube_corner,0.0010331632653061223,8
831,543,42,2,11,0,-1,axis,axis,0.0022675736961451243,6
832,543,42,2,11,0,-1,edge_midpoint,edge_midpoint,0.00145124716553288,12
833,543,42,2,11,0,-1,cube_corner,cube_corner,0.0010331632653061223,8
834,544,42,2,11,1,-sqrt(2/3),edge_midpoint,cube_corner,0.0012244897959183673,48
835,545,42,2,11,2,-1/sqrt(2),axis,edge_midpoint,0.0018140589569160999,48
836,546,42,2,11,3,-1/sqrt(3),axis,cube_corner,0.0015306122448979589,48
837,547,42,2,11,4,-1/2,edge_midpoint,edge_midpoint,0.00145124716553288,48
838,548,42,2,11,5,-1/3,cube_corner,cube_corner,0.0010331632653061223,24
839,549,42,2,11,6,0,axis,axis,0.0022675736961451243,24
840,549,42,2,11,6,0,axis,edge_midpoint,0.0018140589569160999,48
841,549,42,2,11,6,0,edge_midpoint,edge_midpoint,0.00145124716553288,24
842,549,42,2,11,6,0,edge_midpoint,cube_corner,0.0012244897959183673,96
843,550,42,2,11,7,1/3,cube_corner,cube_corner,0.0010331632653061223,24
844,551,42,2,11,8,1/2,edge_midpoint,edge_midpoint,0.00145124716553288,48
845,552,42,2,11,9,1/sqrt(3),axis,cube_corner,0.0015306122448979589,48
846,553,42,2,11,10,1/sqrt(2),axis,edge_midpoint,0.0018140589569160999,48
847,554,42,2,11,11,sqrt(2/3),edge_midpoint,cube_corner,0.0012244897959183673,48
848,555,42,2,11,12,1,axis,axis,0.0022675736961451243,6
849,555,42,2,11,12,1,edge_midpoint,edge_midpoint,0.00145124716553288,12
850,555,42,2,11,12,1,cube_corner,cube_corner,0.0010331632653061223,8
851,556,43,2,12,0,-1,axis,axis,0.0022675736961451243,6
852,556,43,2,12,0,-1,edge_midpoint,edge_midpoint,0.00145124716553288,12
853,556,43,2,12,0,-1,cube_corner,cube_corner,0.0010331632653061223,8
854,557,43,2,12,1,-sqrt(2/3),edge_midpoint,cube_corner,0.0012244897959183673,48
855,558,43,2,12,2,-1/sqrt(2),axis,edge_midpoint,0.0018140589569160999,48
856,559,43,2,12,3,-1/sqrt(3),axis,cube_corner,0.0015306122448979589,48
857,560,43,2,12,4,-1/2,edge_midpoint,edge_midpoint,0.00145124716553288,48
858,561,43,2,12,5,-1/3,cube_corner,cube_corner,0.0010331632653061223,24
859,562,43,2,12,6,0,axis,axis,0.0022675736961451243,24
860,562,43,2,12,6,0,axis,edge_midpoint,0.0018140589569160999,48
861,562,43,2,12,6,0,edge_midpoint,edge_midpoint,0.00145124716553288,24
862,562,43,2,12,6,0,edge_midpoint,cube_corner,0.0012244897959183673,96
863,563,43,2,12,7,1/3,cube_corner,cube_corner,0.0010331632653061223,24
864,564,43,2,12,8,1/2,edge_midpoint,edge_midpoint,0.00145124716553288,48
865,565,43,2,12,9,1/sqrt(3),axis,cube_corner,0.0015306122448979589,48
866,566,43,2,12,10,1/sqrt(2),axis,edge_midpoint,0.0018140589569160999,48
867,567,43,2,12,11,sqrt(2/3),edge_midpoint,cube_corner,0.0012244897959183673,48
868,568,43,2,12,12,1,axis,axis,0.0022675736961451243,6
869,568,43,2,12,12,1,edge_midpoint,edge_midpoint,0.00145124716553288,12
870,568,43,2,12,12,1,cube_corner,cube_corner,0.0010331632653061223,8
871,569,44,2,13,0,-1,axis,axis,0.0022675736961451243,6
872,569,44,2,13,0,-1,edge_midpoint,edge_midpoint,0.00145124716553288,12
873,569,44,2,13,0,-1,cube_corner,cube_corner,0.0010331632653061223,8
874,570,44,2,13,1,-sqrt(2/3),edge_midpoint,cube_corner,0.0012244897959183673,48
875,571,44,2,13,2,-1/sqrt(2),axis,edge_midpoint,0.0018140589569160999,48
876,572,44,2,13,3,-1/sqrt(3),axis,cube_corner,0.0015306122448979589,48
877,573,44,2,13,4,-1/2,edge_midpoint,edge_midpoint,0.00145124716553288,48
878,574,44,2,13,5,-1/3,cube_corner,cube_corner,0.0010331632653061223,24
879,575,44,2,13,6,0,axis,axis,0.0022675736961451243,24
880,575,44,2,13,6,0,axis,edge_midpoint,0.0018140589569160999,48
881,575,44,2,13,6,0,edge_midpoint,edge_midpoint,0.00145124716553288,24
882,575,44,2,13,6,0,edge_midpoint,cube_corner,0.0012244897959183673,96
883,576,44,2,13,7,1/3,cube_corner,cube_corner,0.0010331632653061223,24
884,577,44,2,13,8,1/2,edge_midpoint,edge_midpoint,0.00145124716553288,48
885,578,44,2,13,9,1/sqrt(3),axis,cube_corner,0.0015306122448979589,48
886,579,44,2,13,10,1/sqrt(2),axis,edge_midpoint,0.0018140589569160999,48
887,580,44,2,13,11,sqrt(2/3),edge_midpoint,cube_corner,0.0012244897959183673,48
888,581,44,2,13,12,1,axis,axis,0.0022675736961451243,6
889,581,44,2,13,12,1,edge_midpoint,edge_midpoint,0.00145124716553288,12
890,581,44,2,13,12,1,cube_corner,cube_corner,0.0010331632653061223,8
891,582,45,2,14,0,-1,axis,axis,0.0022675736961451243,6
892,582,45,2,14,0,-1,edge_midpoint,edge_midpoint,0.00145124716553288,12
893,582,45,2,14,0,-1,cube_corner,cube_corner,0.0010331632653061223,8
894,583,45,2,14,1,-sqrt(2/3),edge_midpoint,cube_corner,0.0012244897959183673,48
895,584,45,2,14,2,-1/sqrt(2),axis,edge_midpoint,0.0018140589569160999,48
896,585,45,2,14,3,-1/sqrt(3),axis,cube_corner,0.0015306122448979589,48
897,586,45,2,14,4,-1/2,edge_midpoint,edge_midpoint,0.00145124716553288,48
898,587,45,2,14,5,-1/3,cube_corner,cube_corner,0.0010331632653061223,24
899,588,45,2,14,6,0,axis,axis,0.0022675736961451243,24
900,588,45,2,14,6,0,axis,edge_midpoint,0.0018140589569160999,48
901,588,45,2,14,6,0,edge_midpoint,edge_midpoint,0.00145124716553288,24
902,588,45,2,14,6,0,edge_midpoint,cube_corner,0.0012244897959183673,96
903,589,45,2,14,7,1/3,cube_corner,cube_corner,0.0010331632653061223,24
904,590,45,2,14,8,1/2,edge_midpoint,edge_midpoint,0.00145124716553288,48
905,591,45,2,14,9,1/sqrt(3),axis,cube_corner,0.0015306122448979589,48
906,592,45,2,14,10,1/sqrt(2),axis,edge_midpoint,0.0018140589569160999,48
907,593,45,2,14,11,sqrt(2/3),edge_midpoint,cube_corner,0.0012244897959183673,48
908,594,45,2,14,12,1,axis,axis,0.0022675736961451243,6
909,594,45,2,14,12,1,edge_midpoint,edge_midpoint,0.00145124716553288,12
910,594,45,2,14,12,1,cube_corner,cube_corner,0.0010331632653061223,8
911,595,46,2,15,0,-1,axis,axis,0.0022675736961451243,6
912,595,46,2,15,0,-1,edge_midpoint,edge_midpoint,0.00145124716553288,12
913,595,46,2,15,0,-1,cube_corner,cube_corner,0.0010331632653061223,8
914,596,46,2,15,1,-sqrt(2/3),edge_midpoint,cube_corner,0.0012244897959183673,48
915,597,46,2,15,2,-1/sqrt(2),axis,edge_midpoint,0.0018140589569160999,48
916,598,46,2,15,3,-1/sqrt(3),axis,cube_corner,0.0015306122448979589,48
917,599,46,2,15,4,-1/2,edge_midpoint,edge_midpoint,0.00145124716553288,48
918,600,46,2,15,5,-1/3,cube_corner,cube_corner,0.0010331632653061223,24
919,601,46,2,15,6,0,axis,axis,0.0022675736961451243,24
920,601,46,2,15,6,0,axis,edge_midpoint,0.0018140589569160999,48
921,601,46,2,15,6,0,edge_midpoint,edge_midpoint,0.00145124716553288,24
922,601,46,2,15,6,0,edge_midpoint,cube_corner,0.0012244897959183673,96
923,602,46,2,15,7,1/3,cube_corner,cube_corner,0.0010331632653061223,24
924,603,46,2,15,8,1/2,edge_midpoint,edge_midpoint,0.00145124716553288,48
925,604,46,2,15,9,1/sqrt(3),axis,cube_corner,0.0015306122448979589,48
926,605,46,2,15,10,1/sqrt(2),axis,edge_midpoint,0.0018140589569160999,48
927,606,46,2,15,11,sqrt(2/3),edge_midpoint,cube_corner,0.0012244897959183673,48
928,607,46,2,15,12,1,axis,axis,0.0022675736961451243,6
929,607,46,2,15,12,1,edge_midpoint,edge_midpoint,0.00145124716553288,12
930,607,46,2,15,12,1,cube_corner,cube_corner,0.0010331632653061223,8
931,608,47,2,16,0,-1,axis,axis,0.0022675736961451243,6
932,608,47,2,16,0,-1,edge_midpoint,edge_midpoint,0.00145124716553288,12
933,608,47,2,16,0,-1,cube_corner,cube_corner,0.0010331632653061223,8
934,609,47,2,16,1,-sqrt(2/3),edge_midpoint,cube_corner,0.0012244897959183673,48
935,610,47,2,16,2,-1/sqrt(2),axis,edge_midpoint,0.0018140589569160999,48
936,611,47,2,16,3,-1/sqrt(3),axis,cube_corner,0.0015306122448979589,48
937,612,47,2,16,4,-1/2,edge_midpoint,edge_midpoint,0.00145124716553288,48
938,613,47,2,16,5,-1/3,cube_corner,cube_corner,0.0010331632653061223,24
939,614,47,2,16,6,0,axis,axis,0.0022675736961451243,24
940,614,47,2,16,6,0,axis,edge_midpoint,0.0018140589569160999,48
941,614,47,2,16,6,0,edge_midpoint,edge_midpoint,0.00145124716553288,24
942,614,47,2,16,6,0,edge_midpoint,cube_corner,0.0012244897959183673,96
943,615,47,2,16,7,1/3,cube_corner,cube_corner,0.0010331632653061223,24
944,616,47,2,16,8,1/2,edge_midpoint,edge_midpoint,0.00145124716553288,48
945,617,47,2,16,9,1/sqrt(3),axis,cube_corner,0.0015306122448979589,48
946,618,47,2,16,10,1/sqrt(2),axis,edge_midpoint,0.0018140589569160999,48
947,619,47,2,16,11,sqrt(2/3),edge_midpoint,cube_corner,0.0012244897959183673,48
948,620,47,2,16,12,1,axis,axis,0.0022675736961451243,6
949,620,47,2,16,12,1,edge_midpoint,edge_midpoint,0.00145124716553288,12
950,620,47,2,16,12,1,cube_corner,cube_corner,0.0010331632653061223,8
951,621,48,3,3,0,-1,axis,axis,0.0022675736961451243,3
952,621,48,3,3,0,-1,edge_midpoint,edge_midpoint,0.00145124716553288,6
953,621,48,3,3,0,-1,cube_corner,cube_corner,0.0010331632653061223,4
954,622,48,3,3,1,-sqrt(2/3),edge_midpoint,cube_corner,0.0012244897959183673,24
955,623,48,3,3,2,-1/sqrt(2),axis,edge_midpoint,0.0018140589569160999,24
956,624,48,3,3,3,-1/sqrt(3),axis,cube_corner,0.0015306122448979589,24
957,625,48,3,3,4,-1/2,edge_midpoint,edge_midpoint,0.00145124716553288,24
958,626,48,3,3,5,-1/3,cube_corner,cube_corner,0.0010331632653061223,12
959,627,48,3,3,6,0,axis,axis,0.0022675736961451243,12
960,627,48,3,3,6,0,axis,edge_midpoint,0.0018140589569160999,24
961,627,48,3,3,6,0,edge_midpoint,edge_midpoint,0.00145124716553288,12
962,627,48,3,3,6,0,edge_midpoint,cube_corner,0.0012244897959183673,48
963,628,48,3,3,7,1/3,cube_corner,cube_corner,0.0010331632653061223,12
964,629,48,3,3,8,1/2,edge_midpoint,edge_midpoint,0.00145124716553288,24
965,630,48,3,3,9,1/sqrt(3),axis,cube_corner,0.0015306122448979589,24
966,631,48,3,3,10,1/sqrt(2),axis,edge_midpoint,0.0018140589569160999,24
967,632,48,3,3,11,sqrt(2/3),edge_midpoint,cube_corner,0.0012244897959183673,24
968,633,49,3,4,0,-1,axis,axis,0.0022675736961451243,6
969,633,49,3,4,0,-1,edge_midpoint,edge_midpoint,0.00145124716553288,12
970,633,49,3,4,0,-1,cube_corner,cube_corner,0.0010331632653061223,8
971,634,49,3,4,1,-sqrt(2/3),edge_midpoint,cube_corner,0.0012244897959183673,48
972,635,49,3,4,2,-1/sqrt(2),axis,edge_midpoint,0.0018140589569160999,48
973,636,49,3,4,3,-1/sqrt(3),axis,cube_corner,0.0015306122448979589,48
974,637,49,3,4,4,-1/2,edge_midpoint,edge_midpoint,0.00145124716553288,48
975,638,49,3,4,5,-1/3,cube_corner,cube_corner,0.0010331632653061223,24
976,639,49,3,4,6,0,axis,axis,0.0022675736961451243,24
977,639,49,3,4,6,0,axis,edge_midpoint,0.0018140589569160999,48
978,639,49,3,4,6,0,edge_midpoint,edge_midpoint,0.00145124716553288,24
979,639,49,3,4,6,0,edge_midpoint,cube_corner,0.0012244897959183673,96
980,640,49,3,4,7,1/3,cube_corner,cube_corner,0.0010331632653061223,24
981,641,49,3,4,8,1/2,edge_midpoint,edge_midpoint,0.00145124716553288,48
982,642,49,3,4,9,1/sqrt(3),axis,cube_corner,0.0015306122448979589,48
983,643,49,3,4,10,1/sqrt(2),axis,edge_midpoint,0.0018140589569160999,48
984,644,49,3,4,11,sqrt(2/3),edge_midpoint,cube_corner,0.0012244897959183673,48
985,645,49,3,4,12,1,axis,axis,0.0022675736961451243,6
986,645,49,3,4,12,1,edge_midpoint,edge_midpoint,0.00145124716553288,12
987,645,49,3,4,12,1,cube_corner,cube_corner,0.0010331632653061223,8
988,646,50,3,5,0,-1,axis,axis,0.0022675736961451243,6
989,646,50,3,5,0,-1,edge_midpoint,edge_midpoint,0.00145124716553288,12
990,646,50,3,5,0,-1,cube_corner,cube_corner,0.0010331632653061223,8
991,647,50,3,5,1,-sqrt(2/3),edge_midpoint,cube_corner,0.0012244897959183673,48
992,648,50,3,5,2,-1/sqrt(2),axis,edge_midpoint,0.0018140589569160999,48
993,649,50,3,5,3,-1/sqrt(3),axis,cube_corner,0.0015306122448979589,48
994,650,50,3,5,4,-1/2,edge_midpoint,edge_midpoint,0.00145124716553288,48
995,651,50,3,5,5,-1/3,cube_corner,cube_corner,0.0010331632653061223,24
996,652,50,3,5,6,0,axis,axis,0.0022675736961451243,24
997,652,50,3,5,6,0,axis,edge_midpoint,0.0018140589569160999,48
998,652,50,3,5,6,0,edge_midpoint,edge_midpoint,0.00145124716553288,24
999,652,50,3,5,6,0,edge_midpoint,cube_corner,0.0012244897959183673,96
1000,653,50,3,5,7,1/3,cube_corner,cube_corner,0.0010331632653061223,24
1001,654,50,3,5,8,1/2,edge_midpoint,edge_midpoint,0.00145124716553288,48
1002,655,50,3,5,9,1/sqrt(3),axis,cube_corner,0.0015306122448979589,48
1003,656,50,3,5,10,1/sqrt(2),axis,edge_midpoint,0.0018140589569160999,48
1004,657,50,3,5,11,sqrt(2/3),edge_midpoint,cube_corner,0.0012244897959183673,48
1005,658,50,3,5,12,1,axis,axis,0.0022675736961451243,6
1006,658,50,3,5,12,1,edge_midpoint,edge_midpoint,0.00145124716553288,12
1007,658,50,3,5,12,1,cube_corner,cube_corner,0.0010331632653061223,8
1008,659,51,3,6,0,-1,axis,axis,0.0022675736961451243,6
1009,659,51,3,6,0,-1,edge_midpoint,edge_midpoint,0.00145124716553288,12
1010,659,51,3,6,0,-1,cube_corner,cube_corner,0.0010331632653061223,8
1011,660,51,3,6,1,-sqrt(2/3),edge_midpoint,cube_corner,0.0012244897959183673,48
1012,661,51,3,6,2,-1/sqrt(2),axis,edge_midpoint,0.0018140589569160999,48
1013,662,51,3,6,3,-1/sqrt(3),axis,cube_corner,0.0015306122448979589,48
1014,663,51,3,6,4,-1/2,edge_midpoint,edge_midpoint,0.00145124716553288,48
1015,664,51,3,6,5,-1/3,cube_corner,cube_corner,0.0010331632653061223,24
1016,665,51,3,6,6,0,axis,axis,0.0022675736961451243,24
1017,665,51,3,6,6,0,axis,edge_midpoint,0.0018140589569160999,48
1018,665,51,3,6,6,0,edge_midpoint,edge_midpoint,0.00145124716553288,24
1019,665,51,3,6,6,0,edge_midpoint,cube_corner,0.0012244897959183673,96
1020,666,51,3,6,7,1/3,cube_corner,cube_corner,0.0010331632653061223,24
1021,667,51,3,6,8,1/2,edge_midpoint,edge_midpoint,0.00145124716553288,48
1022,668,51,3,6,9,1/sqrt(3),axis,cube_corner,0.0015306122448979589,48
1023,669,51,3,6,10,1/sqrt(2),axis,edge_midpoint,0.0018140589569160999,48
1024,670,51,3,6,11,sqrt(2/3),edge_midpoint,cube_corner,0.0012244897959183673,48
1025,671,51,3,6,12,1,axis,axis,0.0022675736961451243,6
1026,671,51,3,6,12,1,edge_midpoint,edge_midpoint,0.00145124716553288,12
1027,671,51,3,6,12,1,cube_corner,cube_corner,0.0010331632653061223,8
1028,672,52,3,7,0,-1,axis,axis,0.0022675736961451243,6
1029,672,52,3,7,0,-1,edge_midpoint,edge_midpoint,0.00145124716553288,12
1030,672,52,3,7,0,-1,cube_corner,cube_corner,0.0010331632653061223,8
1031,673,52,3,7,1,-sqrt(2/3),edge_midpoint,cube_corner,0.0012244897959183673,48
1032,674,52,3,7,2,-1/sqrt(2),axis,edge_midpoint,0.0018140589569160999,48
1033,675,52,3,7,3,-1/sqrt(3),axis,cube_corner,0.0015306122448979589,48
1034,676,52,3,7,4,-1/2,edge_midpoint,edge_midpoint,0.00145124716553288,48
1035,677,52,3,7,5,-1/3,cube_corner,cube_corner,0.0010331632653061223,24
1036,678,52,3,7,6,0,axis,axis,0.0022675736961451243,24
1037,678,52,3,7,6,0,axis,edge_midpoint,0.0018140589569160999,48
1038,678,52,3,7,6,0,edge_midpoint,edge_midpoint,0.00145124716553288,24
1039,678,52,3,7,6,0,edge_midpoint,cube_corner,0.0012244897959183673,96
1040,679,52,3,7,7,1/3,cube_corner,cube_corner,0.0010331632653061223,24
1041,680,52,3,7,8,1/2,edge_midpoint,edge_midpoint,0.00145124716553288,48
1042,681,52,3,7,9,1/sqrt(3),axis,cube_corner,0.0015306122448979589,48
1043,682,52,3,7,10,1/sqrt(2),axis,edge_midpoint,0.0018140589569160999,48
1044,683,52,3,7,11,sqrt(2/3),edge_midpoint,cube_corner,0.0012244897959183673,48
1045,684,52,3,7,12,1,axis,axis,0.0022675736961451243,6
1046,684,52,3,7,12,1,edge_midpoint,edge_midpoint,0.00145124716553288,12
1047,684,52,3,7,12,1,cube_corner,cube_corner,0.0010331632653061223,8
1048,685,53,3,8,0,-1,axis,axis,0.0022675736961451243,6
1049,685,53,3,8,0,-1,edge_midpoint,edge_midpoint,0.00145124716553288,12
1050,685,53,3,8,0,-1,cube_corner,cube_corner,0.0010331632653061223,8
1051,686,53,3,8,1,-sqrt(2/3),edge_midpoint,cube_corner,0.0012244897959183673,48
1052,687,53,3,8,2,-1/sqrt(2),axis,edge_midpoint,0.0018140589569160999,48
1053,688,53,3,8,3,-1/sqrt(3),axis,cube_corner,0.0015306122448979589,48
1054,689,53,3,8,4,-1/2,edge_midpoint,edge_midpoint,0.00145124716553288,48
1055,690,53,3,8,5,-1/3,cube_corner,cube_corner,0.0010331632653061223,24
1056,691,53,3,8,6,0,axis,axis,0.0022675736961451243,24
1057,691,53,3,8,6,0,axis,edge_midpoint,0.0018140589569160999,48
1058,691,53,3,8,6,0,edge_midpoint,edge_midpoint,0.00145124716553288,24
1059,691,53,3,8,6,0,edge_midpoint,cube_corner,0.0012244897959183673,96
1060,692,53,3,8,7,1/3,cube_corner,cube_corner,0.0010331632653061223,24
1061,693,53,3,8,8,1/2,edge_midpoint,edge_midpoint,0.00145124716553288,48
1062,694,53,3,8,9,1/sqrt(3),axis,cube_corner,0.0015306122448979589,48
1063,695,53,3,8,10,1/sqrt(2),axis,edge_midpoint,0.0018140589569160999,48
1064,696,53,3,8,11,sqrt(2/3),edge_midpoint,cube_corner,0.0012244897959183673,48
1065,697,53,3,8,12,1,axis,axis,0.0022675736961451243,6
1066,697,53,3,8,12,1,edge_midpoint,edge_midpoint,0.00145124716553288,12
1067,697,53,3,8,12,1,cube_corner,cube_corner,0.0010331632653061223,8
1068,698,54,3,9,0,-1,axis,axis,0.0022675736961451243,6
1069,698,54,3,9,0,-1,edge_midpoint,edge_midpoint,0.00145124716553288,12
1070,698,54,3,9,0,-1,cube_corner,cube_corner,0.0010331632653061223,8
1071,699,54,3,9,1,-sqrt(2/3),edge_midpoint,cube_corner,0.0012244897959183673,48
1072,700,54,3,9,2,-1/sqrt(2),axis,edge_midpoint,0.0018140589569160999,48
1073,701,54,3,9,3,-1/sqrt(3),axis,cube_corner,0.0015306122448979589,48
1074,702,54,3,9,4,-1/2,edge_midpoint,edge_midpoint,0.00145124716553288,48
1075,703,54,3,9,5,-1/3,cube_corner,cube_corner,0.0010331632653061223,24
1076,704,54,3,9,6,0,axis,axis,0.0022675736961451243,24
1077,704,54,3,9,6,0,axis,edge_midpoint,0.0018140589569160999,48
1078,704,54,3,9,6,0,edge_midpoint,edge_midpoint,0.00145124716553288,24
1079,704,54,3,9,6,0,edge_midpoint,cube_corner,0.0012244897959183673,96
1080,705,54,3,9,7,1/3,cube_corner,cube_corner,0.0010331632653061223,24
1081,706,54,3,9,8,1/2,edge_midpoint,edge_midpoint,0.00145124716553288,48
1082,707,54,3,9,9,1/sqrt(3),axis,cube_corner,0.0015306122448979589,48
1083,708,54,3,9,10,1/sqrt(2),axis,edge_midpoint,0.0018140589569160999,48
1084,709,54,3,9,11,sqrt(2/3),edge_midpoint,cube_corner,0.0012244897959183673,48
1085,710,54,3,9,12,1,axis,axis,0.0022675736961451243,6
1086,710,54,3,9,12,1,edge_midpoint,edge_midpoint,0.00145124716553288,12
1087,710,54,3,9,12,1,cube_corner,cube_corner,0.0010331632653061223,8
1088,711,55,3,10,0,-1,axis,axis,0.0022675736961451243,6
1089,711,55,3,10,0,-1,edge_midpoint,edge_midpoint,0.00145124716553288,12
1090,711,55,3,10,0,-1,cube_corner,cube_corner,0.0010331632653061223,8
1091,712,55,3,10,1,-sqrt(2/3),edge_midpoint,cube_corner,0.0012244897959183673,48
1092,713,55,3,10,2,-1/sqrt(2),axis,edge_midpoint,0.0018140589569160999,48
1093,714,55,3,10,3,-1/sqrt(3),axis,cube_corner,0.0015306122448979589,48
1094,715,55,3,10,4,-1/2,edge_midpoint,edge_midpoint,0.00145124716553288,48
1095,716,55,3,10,5,-1/3,cube_corner,cube_corner,0.0010331632653061223,24
1096,717,55,3,10,6,0,axis,axis,0.0022675736961451243,24
1097,717,55,3,10,6,0,axis,edge_midpoint,0.0018140589569160999,48
1098,717,55,3,10,6,0,edge_midpoint,edge_midpoint,0.00145124716553288,24
1099,717,55,3,10,6,0,edge_midpoint,cube_corner,0.0012244897959183673,96
1100,718,55,3,10,7,1/3,cube_corner,cube_corner,0.0010331632653061223,24
1101,719,55,3,10,8,1/2,edge_midpoint,edge_midpoint,0.00145124716553288,48
1102,720,55,3,10,9,1/sqrt(3),axis,cube_corner,0.0015306122448979589,48
1103,721,55,3,10,10,1/sqrt(2),axis,edge_midpoint,0.0018140589569160999,48
1104,722,55,3,10,11,sqrt(2/3),edge_midpoint,cube_corner,0.0012244897959183673,48
1105,723,55,3,10,12,1,axis,axis,0.0022675736961451243,6
1106,723,55,3,10,12,1,edge_midpoint,edge_midpoint,0.00145124716553288,12
1107,723,55,3,10,12,1,cube_corner,cube_corner,0.0010331632653061223,8
1108,724,56,3,11,0,-1,axis,axis,0.0022675736961451243,6
1109,724,56,3,11,0,-1,edge_midpoint,edge_midpoint,0.00145124716553288,12
1110,724,56,3,11,0,-1,cube_corner,cube_corner,0.0010331632653061223,8
1111,725,56,3,11,1,-sqrt(2/3),edge_midpoint,cube_corner,0.0012244897959183673,48
1112,726,56,3,11,2,-1/sqrt(2),axis,edge_midpoint,0.0018140589569160999,48
1113,727,56,3,11,3,-1/sqrt(3),axis,cube_corner,0.0015306122448979589,48
1114,728,56,3,11,4,-1/2,edge_midpoint,edge_midpoint,0.00145124716553288,48
1115,729,56,3,11,5,-1/3,cube_corner,cube_corner,0.0010331632653061223,24
1116,730,56,3,11,6,0,axis,axis,0.0022675736961451243,24
1117,730,56,3,11,6,0,axis,edge_midpoint,0.0018140589569160999,48
1118,730,56,3,11,6,0,edge_midpoint,edge_midpoint,0.00145124716553288,24
1119,730,56,3,11,6,0,edge_midpoint,cube_corner,0.0012244897959183673,96
1120,731,56,3,11,7,1/3,cube_corner,cube_corner,0.0010331632653061223,24
1121,732,56,3,11,8,1/2,edge_midpoint,edge_midpoint,0.00145124716553288,48
1122,733,56,3,11,9,1/sqrt(3),axis,cube_corner,0.0015306122448979589,48
1123,734,56,3,11,10,1/sqrt(2),axis,edge_midpoint,0.0018140589569160999,48
1124,735,56,3,11,11,sqrt(2/3),edge_midpoint,cube_corner,0.0012244897959183673,48
1125,736,56,3,11,12,1,axis,axis,0.0022675736961451243,6
1126,736,56,3,11,12,1,edge_midpoint,edge_midpoint,0.00145124716553288,12
1127,736,56,3,11,12,1,cube_corner,cube_corner,0.0010331632653061223,8
1128,737,57,3,12,0,-1,axis,axis,0.0022675736961451243,6
1129,737,57,3,12,0,-1,edge_midpoint,edge_midpoint,0.00145124716553288,12
1130,737,57,3,12,0,-1,cube_corner,cube_corner,0.0010331632653061223,8
1131,738,57,3,12,1,-sqrt(2/3),edge_midpoint,cube_corner,0.0012244897959183673,48
1132,739,57,3,12,2,-1/sqrt(2),axis,edge_midpoint,0.0018140589569160999,48
1133,740,57,3,12,3,-1/sqrt(3),axis,cube_corner,0.0015306122448979589,48
1134,741,57,3,12,4,-1/2,edge_midpoint,edge_midpoint,0.00145124716553288,48
1135,742,57,3,12,5,-1/3,cube_corner,cube_corner,0.0010331632653061223,24
1136,743,57,3,12,6,0,axis,axis,0.0022675736961451243,24
1137,743,57,3,12,6,0,axis,edge_midpoint,0.0018140589569160999,48
1138,743,57,3,12,6,0,edge_midpoint,edge_midpoint,0.00145124716553288,24
1139,743,57,3,12,6,0,edge_midpoint,cube_corner,0.0012244897959183673,96
1140,744,57,3,12,7,1/3,cube_corner,cube_corner,0.0010331632653061223,24
1141,745,57,3,12,8,1/2,edge_midpoint,edge_midpoint,0.00145124716553288,48
1142,746,57,3,12,9,1/sqrt(3),axis,cube_corner,0.0015306122448979589,48
1143,747,57,3,12,10,1/sqrt(2),axis,edge_midpoint,0.0018140589569160999,48
1144,748,57,3,12,11,sqrt(2/3),edge_midpoint,cube_corner,0.0012244897959183673,48
1145,749,57,3,12,12,1,axis,axis,0.0022675736961451243,6
1146,749,57,3,12,12,1,edge_midpoint,edge_midpoint,0.00145124716553288,12
1147,749,57,3,12,12,1,cube_corner,cube_corner,0.0010331632653061223,8
1148,750,58,3,13,0,-1,axis,axis,0.0022675736961451243,6
1149,750,58,3,13,0,-1,edge_midpoint,edge_midpoint,0.00145124716553288,12
1150,750,58,3,13,0,-1,cube_corner,cube_corner,0.0010331632653061223,8
1151,751,58,3,13,1,-sqrt(2/3),edge_midpoint,cube_corner,0.0012244897959183673,48
1152,752,58,3,13,2,-1/sqrt(2),axis,edge_midpoint,0.0018140589569160999,48
1153,753,58,3,13,3,-1/sqrt(3),axis,cube_corner,0.0015306122448979589,48
1154,754,58,3,13,4,-1/2,edge_midpoint,edge_midpoint,0.00145124716553288,48
1155,755,58,3,13,5,-1/3,cube_corner,cube_corner,0.0010331632653061223,24
1156,756,58,3,13,6,0,axis,axis,0.0022675736961451243,24
1157,756,58,3,13,6,0,axis,edge_midpoint,0.0018140589569160999,48
1158,756,58,3,13,6,0,edge_midpoint,edge_midpoint,0.00145124716553288,24
1159,756,58,3,13,6,0,edge_midpoint,cube_corner,0.0012244897959183673,96
1160,757,58,3,13,7,1/3,cube_corner,cube_corner,0.0010331632653061223,24
1161,758,58,3,13,8,1/2,edge_midpoint,edge_midpoint,0.00145124716553288,48
1162,759,58,3,13,9,1/sqrt(3),axis,cube_corner,0.0015306122448979589,48
1163,760,58,3,13,10,1/sqrt(2),axis,edge_midpoint,0.0018140589569160999,48
1164,761,58,3,13,11,sqrt(2/3),edge_midpoint,cube_corner,0.0012244897959183673,48
1165,762,58,3,13,12,1,axis,axis,0.0022675736961451243,6
1166,762,58,3,13,12,1,edge_midpoint,edge_midpoint,0.00145124716553288,12
1167,762,58,3,13,12,1,cube_corner,cube_corner,0.0010331632653061223,8
1168,763,59,3,14,0,-1,axis,axis,0.0022675736961451243,6
1169,763,59,3,14,0,-1,edge_midpoint,edge_midpoint,0.00145124716553288,12
1170,763,59,3,14,0,-1,cube_corner,cube_corner,0.0010331632653061223,8
1171,764,59,3,14,1,-sqrt(2/3),edge_midpoint,cube_corner,0.0012244897959183673,48
1172,765,59,3,14,2,-1/sqrt(2),axis,edge_midpoint,0.0018140589569160999,48
1173,766,59,3,14,3,-1/sqrt(3),axis,cube_corner,0.0015306122448979589,48
1174,767,59,3,14,4,-1/2,edge_midpoint,edge_midpoint,0.00145124716553288,48
1175,768,59,3,14,5,-1/3,cube_corner,cube_corner,0.0010331632653061223,24
1176,769,59,3,14,6,0,axis,axis,0.0022675736961451243,24
1177,769,59,3,14,6,0,axis,edge_midpoint,0.0018140589569160999,48
1178,769,59,3,14,6,0,edge_midpoint,edge_midpoint,0.00145124716553288,24
1179,769,59,3,14,6,0,edge_midpoint,cube_corner,0.0012244897959183673,96
1180,770,59,3,14,7,1/3,cube_corner,cube_corner,0.0010331632653061223,24
1181,771,59,3,14,8,1/2,edge_midpoint,edge_midpoint,0.00145124716553288,48
1182,772,59,3,14,9,1/sqrt(3),axis,cube_corner,0.0015306122448979589,48
1183,773,59,3,14,10,1/sqrt(2),axis,edge_midpoint,0.0018140589569160999,48
1184,774,59,3,14,11,sqrt(2/3),edge_midpoint,cube_corner,0.0012244897959183673,48
1185,775,59,3,14,12,1,axis,axis,0.0022675736961451243,6
1186,775,59,3,14,12,1,edge_midpoint,edge_midpoint,0.00145124716553288,12
1187,775,59,3,14,12,1,cube_corner,cube_corner,0.0010331632653061223,8
1188,776,60,3,15,0,-1,axis,axis,0.0022675736961451243,6
1189,776,60,3,15,0,-1,edge_midpoint,edge_midpoint,0.00145124716553288,12
1190,776,60,3,15,0,-1,cube_corner,cube_corner,0.0010331632653061223,8
1191,777,60,3,15,1,-sqrt(2/3),edge_midpoint,cube_corner,0.0012244897959183673,48
1192,778,60,3,15,2,-1/sqrt(2),axis,edge_midpoint,0.0018140589569160999,48
1193,779,60,3,15,3,-1/sqrt(3),axis,cube_corner,0.0015306122448979589,48
1194,780,60,3,15,4,-1/2,edge_midpoint,edge_midpoint,0.00145124716553288,48
1195,781,60,3,15,5,-1/3,cube_corner,cube_corner,0.0010331632653061223,24
1196,782,60,3,15,6,0,axis,axis,0.0022675736961451243,24
1197,782,60,3,15,6,0,axis,edge_midpoint,0.0018140589569160999,48
1198,782,60,3,15,6,0,edge_midpoint,edge_midpoint,0.00145124716553288,24
1199,782,60,3,15,6,0,edge_midpoint,cube_corner,0.0012244897959183673,96
1200,783,60,3,15,7,1/3,cube_corner,cube_corner,0.0010331632653061223,24
1201,784,60,3,15,8,1/2,edge_midpoint,edge_midpoint,0.00145124716553288,48
1202,785,60,3,15,9,1/sqrt(3),axis,cube_corner,0.0015306122448979589,48
1203,786,60,3,15,10,1/sqrt(2),axis,edge_midpoint,0.0018140589569160999,48
1204,787,60,3,15,11,sqrt(2/3),edge_midpoint,cube_corner,0.0012244897959183673,48
1205,788,60,3,15,12,1,axis,axis,0.0022675736961451243,6
1206,788,60,3,15,12,1,edge_midpoint,edge_midpoint,0.00145124716553288,12
1207,788,60,3,15,12,1,cube_corner,cube_corner,0.0010331632653061223,8
1208,789,61,3,16,0,-1,axis,axis,0.0022675736961451243,6
1209,789,61,3,16,0,-1,edge_midpoint,edge_midpoint,0.00145124716553288,12
1210,789,61,3,16,0,-1,cube_corner,cube_corner,0.0010331632653061223,8
1211,790,61,3,16,1,-sqrt(2/3),edge_midpoint,cube_corner,0.0012244897959183673,48
1212,791,61,3,16,2,-1/sqrt(2),axis,edge_midpoint,0.0018140589569160999,48
1213,792,61,3,16,3,-1/sqrt(3),axis,cube_corner,0.0015306122448979589,48
1214,793,61,3,16,4,-1/2,edge_midpoint,edge_midpoint,0.00145124716553288,48
1215,794,61,3,16,5,-1/3,cube_corner,cube_corner,0.0010331632653061223,24
1216,795,61,3,16,6,0,axis,axis,0.0022675736961451243,24
1217,795,61,3,16,6,0,axis,edge_midpoint,0.0018140589569160999,48
1218,795,61,3,16,6,0,edge_midpoint,edge_midpoint,0.00145124716553288,24
1219,795,61,3,16,6,0,edge_midpoint,cube_corner,0.0012244897959183673,96
1220,796,61,3,16,7,1/3,cube_corner,cube_corner,0.0010331632653061223,24
1221,797,61,3,16,8,1/2,edge_midpoint,edge_midpoint,0.00145124716553288,48
1222,798,61,3,16,9,1/sqrt(3),axis,cube_corner,0.0015306122448979589,48
1223,799,61,3,16,10,1/sqrt(2),axis,edge_midpoint,0.0018140589569160999,48
1224,800,61,3,16,11,sqrt(2/3),edge_midpoint,cube_corner,0.0012244897959183673,48
1225,801,61,3,16,12,1,axis,axis,0.0022675736961451243,6
1226,801,61,3,16,12,1,edge_midpoint,edge_midpoint,0.00145124716553288,12
1227,801,61,3,16,12,1,cube_corner,cube_corner,0.0010331632653061223,8
1228,802,62,4,4,0,-1,axis,axis,0.0022675736961451243,3
1229,802,62,4,4,0,-1,edge_midpoint,edge_midpoint,0.00145124716553288,6
1230,802,62,4,4,0,-1,cube_corner,cube_corner,0.0010331632653061223,4
1231,803,62,4,4,1,-sqrt(2/3),edge_midpoint,cube_corner,0.0012244897959183673,24
1232,804,62,4,4,2,-1/sqrt(2),axis,edge_midpoint,0.0018140589569160999,24
1233,805,62,4,4,3,-1/sqrt(3),axis,cube_corner,0.0015306122448979589,24
1234,806,62,4,4,4,-1/2,edge_midpoint,edge_midpoint,0.00145124716553288,24
1235,807,62,4,4,5,-1/3,cube_corner,cube_corner,0.0010331632653061223,12
1236,808,62,4,4,6,0,axis,axis,0.0022675736961451243,12
1237,808,62,4,4,6,0,axis,edge_midpoint,0.0018140589569160999,24
1238,808,62,4,4,6,0,edge_midpoint,edge_midpoint,0.00145124716553288,12
1239,808,62,4,4,6,0,edge_midpoint,cube_corner,0.0012244897959183673,48
1240,809,62,4,4,7,1/3,cube_corner,cube_corner,0.0010331632653061223,12
1241,810,62,4,4,8,1/2,edge_midpoint,edge_midpoint,0.00145124716553288,24
1242,811,62,4,4,9,1/sqrt(3),axis,cube_corner,0.0015306122448979589,24
1243,812,62,4,4,10,1/sqrt(2),axis,edge_midpoint,0.0018140589569160999,24
1244,813,62,4,4,11,sqrt(2/3),edge_midpoint,cube_corner,0.0012244897959183673,24
1245,814,63,4,5,0,-1,axis,axis,0.0022675736961451243,6
1246,814,63,4,5,0,-1,edge_midpoint,edge_midpoint,0.00145124716553288,12
1247,814,63,4,5,0,-1,cube_corner,cube_corner,0.0010331632653061223,8
1248,815,63,4,5,1,-sqrt(2/3),edge_midpoint,cube_corner,0.0012244897959183673,48
1249,816,63,4,5,2,-1/sqrt(2),axis,edge_midpoint,0.0018140589569160999,48
1250,817,63,4,5,3,-1/sqrt(3),axis,cube_corner,0.0015306122448979589,48
1251,818,63,4,5,4,-1/2,edge_midpoint,edge_midpoint,0.00145124716553288,48
1252,819,63,4,5,5,-1/3,cube_corner,cube_corner,0.0010331632653061223,24
1253,820,63,4,5,6,0,axis,axis,0.0022675736961451243,24
1254,820,63,4,5,6,0,axis,edge_midpoint,0.0018140589569160999,48
1255,820,63,4,5,6,0,edge_midpoint,edge_midpoint,0.00145124716553288,24
1256,820,63,4,5,6,0,edge_midpoint,cube_corner,0.0012244897959183673,96
1257,821,63,4,5,7,1/3,cube_corner,cube_corner,0.0010331632653061223,24
1258,822,63,4,5,8,1/2,edge_midpoint,edge_midpoint,0.00145124716553288,48
1259,823,63,4,5,9,1/sqrt(3),axis,cube_corner,0.0015306122448979589,48
1260,824,63,4,5,10,1/sqrt(2),axis,edge_midpoint,0.0018140589569160999,48
1261,825,63,4,5,11,sqrt(2/3),edge_midpoint,cube_corner,0.0012244897959183673,48
1262,826,63,4,5,12,1,axis,axis,0.0022675736961451243,6
1263,826,63,4,5,12,1,edge_midpoint,edge_midpoint,0.00145124716553288,12
1264,826,63,4,5,12,1,cube_corner,cube_corner,0.0010331632653061223,8
1265,827,64,4,6,0,-1,axis,axis,0.0022675736961451243,6
1266,827,64,4,6,0,-1,edge_midpoint,edge_midpoint,0.00145124716553288,12
1267,827,64,4,6,0,-1,cube_corner,cube_corner,0.0010331632653061223,8
1268,828,64,4,6,1,-sqrt(2/3),edge_midpoint,cube_corner,0.0012244897959183673,48
1269,829,64,4,6,2,-1/sqrt(2),axis,edge_midpoint,0.0018140589569160999,48
1270,830,64,4,6,3,-1/sqrt(3),axis,cube_corner,0.0015306122448979589,48
1271,831,64,4,6,4,-1/2,edge_midpoint,edge_midpoint,0.00145124716553288,48
1272,832,64,4,6,5,-1/3,cube_corner,cube_corner,0.0010331632653061223,24
1273,833,64,4,6,6,0,axis,axis,0.0022675736961451243,24
1274,833,64,4,6,6,0,axis,edge_midpoint,0.0018140589569160999,48
1275,833,64,4,6,6,0,edge_midpoint,edge_midpoint,0.00145124716553288,24
1276,833,64,4,6,6,0,edge_midpoint,cube_corner,0.0012244897959183673,96
1277,834,64,4,6,7,1/3,cube_corner,cube_corner,0.0010331632653061223,24
1278,835,64,4,6,8,1/2,edge_midpoint,edge_midpoint,0.00145124716553288,48
1279,836,64,4,6,9,1/sqrt(3),axis,cube_corner,0.0015306122448979589,48
1280,837,64,4,6,10,1/sqrt(2),axis,edge_midpoint,0.0018140589569160999,48
1281,838,64,4,6,11,sqrt(2/3),edge_midpoint,cube_corner,0.0012244897959183673,48
1282,839,64,4,6,12,1,axis,axis,0.0022675736961451243,6
1283,839,64,4,6,12,1,edge_midpoint,edge_midpoint,0.00145124716553288,12
1284,839,64,4,6,12,1,cube_corner,cube_corner,0.0010331632653061223,8
1285,840,65,4,7,0,-1,axis,axis,0.0022675736961451243,6
1286,840,65,4,7,0,-1,edge_midpoint,edge_midpoint,0.00145124716553288,12
1287,840,65,4,7,0,-1,cube_corner,cube_corner,0.0010331632653061223,8
1288,841,65,4,7,1,-sqrt(2/3),edge_midpoint,cube_corner,0.0012244897959183673,48
1289,842,65,4,7,2,-1/sqrt(2),axis,edge_midpoint,0.0018140589569160999,48
1290,843,65,4,7,3,-1/sqrt(3),axis,cube_corner,0.0015306122448979589,48
1291,844,65,4,7,4,-1/2,edge_midpoint,edge_midpoint,0.00145124716553288,48
1292,845,65,4,7,5,-1/3,cube_corner,cube_corner,0.0010331632653061223,24
1293,846,65,4,7,6,0,axis,axis,0.0022675736961451243,24
1294,846,65,4,7,6,0,axis,edge_midpoint,0.0018140589569160999,48
1295,846,65,4,7,6,0,edge_midpoint,edge_midpoint,0.00145124716553288,24
1296,846,65,4,7,6,0,edge_midpoint,cube_corner,0.0012244897959183673,96
1297,847,65,4,7,7,1/3,cube_corner,cube_corner,0.0010331632653061223,24
1298,848,65,4,7,8,1/2,edge_midpoint,edge_midpoint,0.00145124716553288,48
1299,849,65,4,7,9,1/sqrt(3),axis,cube_corner,0.0015306122448979589,48
1300,850,65,4,7,10,1/sqrt(2),axis,edge_midpoint,0.0018140589569160999,48
1301,851,65,4,7,11,sqrt(2/3),edge_midpoint,cube_corner,0.0012244897959183673,48
1302,852,65,4,7,12,1,axis,axis,0.0022675736961451243,6
1303,852,65,4,7,12,1,edge_midpoint,edge_midpoint,0.00145124716553288,12
1304,852,65,4,7,12,1,cube_corner,cube_corner,0.0010331632653061223,8
1305,853,66,4,8,0,-1,axis,axis,0.0022675736961451243,6
1306,853,66,4,8,0,-1,edge_midpoint,edge_midpoint,0.00145124716553288,12
1307,853,66,4,8,0,-1,cube_corner,cube_corner,0.0010331632653061223,8
1308,854,66,4,8,1,-sqrt(2/3),edge_midpoint,cube_corner,0.0012244897959183673,48
1309,855,66,4,8,2,-1/sqrt(2),axis,edge_midpoint,0.0018140589569160999,48
1310,856,66,4,8,3,-1/sqrt(3),axis,cube_corner,0.0015306122448979589,48
1311,857,66,4,8,4,-1/2,edge_midpoint,edge_midpoint,0.00145124716553288,48
1312,858,66,4,8,5,-1/3,cube_corner,cube_corner,0.0010331632653061223,24
1313,859,66,4,8,6,0,axis,axis,0.0022675736961451243,24
1314,859,66,4,8,6,0,axis,edge_midpoint,0.0018140589569160999,48
1315,859,66,4,8,6,0,edge_midpoint,edge_midpoint,0.00145124716553288,24
1316,859,66,4,8,6,0,edge_midpoint,cube_corner,0.0012244897959183673,96
1317,860,66,4,8,7,1/3,cube_corner,cube_corner,0.0010331632653061223,24
1318,861,66,4,8,8,1/2,edge_midpoint,edge_midpoint,0.00145124716553288,48
1319,862,66,4,8,9,1/sqrt(3),axis,cube_corner,0.0015306122448979589,48
1320,863,66,4,8,10,1/sqrt(2),axis,edge_midpoint,0.0018140589569160999,48
1321,864,66,4,8,11,sqrt(2/3),edge_midpoint,cube_corner,0.0012244897959183673,48
1322,865,66,4,8,12,1,axis,axis,0.0022675736961451243,6
1323,865,66,4,8,12,1,edge_midpoint,edge_midpoint,0.00145124716553288,12
1324,865,66,4,8,12,1,cube_corner,cube_corner,0.0010331632653061223,8
1325,866,67,4,9,0,-1,axis,axis,0.0022675736961451243,6
1326,866,67,4,9,0,-1,edge_midpoint,edge_midpoint,0.00145124716553288,12
1327,866,67,4,9,0,-1,cube_corner,cube_corner,0.0010331632653061223,8
1328,867,67,4,9,1,-sqrt(2/3),edge_midpoint,cube_corner,0.0012244897959183673,48
1329,868,67,4,9,2,-1/sqrt(2),axis,edge_midpoint,0.0018140589569160999,48
1330,869,67,4,9,3,-1/sqrt(3),axis,cube_corner,0.0015306122448979589,48
1331,870,67,4,9,4,-1/2,edge_midpoint,edge_midpoint,0.00145124716553288,48
1332,871,67,4,9,5,-1/3,cube_corner,cube_corner,0.0010331632653061223,24
1333,872,67,4,9,6,0,axis,axis,0.0022675736961451243,24
1334,872,67,4,9,6,0,axis,edge_midpoint,0.0018140589569160999,48
1335,872,67,4,9,6,0,edge_midpoint,edge_midpoint,0.00145124716553288,24
1336,872,67,4,9,6,0,edge_midpoint,cube_corner,0.0012244897959183673,96
1337,873,67,4,9,7,1/3,cube_corner,cube_corner,0.0010331632653061223,24
1338,874,67,4,9,8,1/2,edge_midpoint,edge_midpoint,0.00145124716553288,48
1339,875,67,4,9,9,1/sqrt(3),axis,cube_corner,0.0015306122448979589,48
1340,876,67,4,9,10,1/sqrt(2),axis,edge_midpoint,0.0018140589569160999,48
1341,877,67,4,9,11,sqrt(2/3),edge_midpoint,cube_corner,0.0012244897959183673,48
1342,878,67,4,9,12,1,axis,axis,0.0022675736961451243,6
1343,878,67,4,9,12,1,edge_midpoint,edge_midpoint,0.00145124716553288,12
1344,878,67,4,9,12,1,cube_corner,cube_corner,0.0010331632653061223,8
1345,879,68,4,10,0,-1,axis,axis,0.0022675736961451243,6
1346,879,68,4,10,0,-1,edge_midpoint,edge_midpoint,0.00145124716553288,12
1347,879,68,4,10,0,-1,cube_corner,cube_corner,0.0010331632653061223,8
1348,880,68,4,10,1,-sqrt(2/3),edge_midpoint,cube_corner,0.0012244897959183673,48
1349,881,68,4,10,2,-1/sqrt(2),axis,edge_midpoint,0.0018140589569160999,48
1350,882,68,4,10,3,-1/sqrt(3),axis,cube_corner,0.0015306122448979589,48
1351,883,68,4,10,4,-1/2,edge_midpoint,edge_midpoint,0.00145124716553288,48
1352,884,68,4,10,5,-1/3,cube_corner,cube_corner,0.0010331632653061223,24
1353,885,68,4,10,6,0,axis,axis,0.0022675736961451243,24
1354,885,68,4,10,6,0,axis,edge_midpoint,0.0018140589569160999,48
1355,885,68,4,10,6,0,edge_midpoint,edge_midpoint,0.00145124716553288,24
1356,885,68,4,10,6,0,edge_midpoint,cube_corner,0.0012244897959183673,96
1357,886,68,4,10,7,1/3,cube_corner,cube_corner,0.0010331632653061223,24
1358,887,68,4,10,8,1/2,edge_midpoint,edge_midpoint,0.00145124716553288,48
1359,888,68,4,10,9,1/sqrt(3),axis,cube_corner,0.0015306122448979589,48
1360,889,68,4,10,10,1/sqrt(2),axis,edge_midpoint,0.0018140589569160999,48
1361,890,68,4,10,11,sqrt(2/3),edge_midpoint,cube_corner,0.0012244897959183673,48
1362,891,68,4,10,12,1,axis,axis,0.0022675736961451243,6
1363,891,68,4,10,12,1,edge_midpoint,edge_midpoint,0.00145124716553288,12
1364,891,68,4,10,12,1,cube_corner,cube_corner,0.0010331632653061223,8
1365,892,69,4,11,0,-1,axis,axis,0.0022675736961451243,6
1366,892,69,4,11,0,-1,edge_midpoint,edge_midpoint,0.00145124716553288,12
1367,892,69,4,11,0,-1,cube_corner,cube_corner,0.0010331632653061223,8
1368,893,69,4,11,1,-sqrt(2/3),edge_midpoint,cube_corner,0.0012244897959183673,48
1369,894,69,4,11,2,-1/sqrt(2),axis,edge_midpoint,0.0018140589569160999,48
1370,895,69,4,11,3,-1/sqrt(3),axis,cube_corner,0.0015306122448979589,48
1371,896,69,4,11,4,-1/2,edge_midpoint,edge_midpoint,0.00145124716553288,48
1372,897,69,4,11,5,-1/3,cube_corner,cube_corner,0.0010331632653061223,24
1373,898,69,4,11,6,0,axis,axis,0.0022675736961451243,24
1374,898,69,4,11,6,0,axis,edge_midpoint,0.0018140589569160999,48
1375,898,69,4,11,6,0,edge_midpoint,edge_midpoint,0.00145124716553288,24
1376,898,69,4,11,6,0,edge_midpoint,cube_corner,0.0012244897959183673,96
1377,899,69,4,11,7,1/3,cube_corner,cube_corner,0.0010331632653061223,24
1378,900,69,4,11,8,1/2,edge_midpoint,edge_midpoint,0.00145124716553288,48
1379,901,69,4,11,9,1/sqrt(3),axis,cube_corner,0.0015306122448979589,48
1380,902,69,4,11,10,1/sqrt(2),axis,edge_midpoint,0.0018140589569160999,48
1381,903,69,4,11,11,sqrt(2/3),edge_midpoint,cube_corner,0.0012244897959183673,48
1382,904,69,4,11,12,1,axis,axis,0.0022675736961451243,6
1383,904,69,4,11,12,1,edge_midpoint,edge_midpoint,0.00145124716553288,12
1384,904,69,4,11,12,1,cube_corner,cube_corner,0.0010331632653061223,8
1385,905,70,4,12,0,-1,axis,axis,0.0022675736961451243,6
1386,905,70,4,12,0,-1,edge_midpoint,edge_midpoint,0.00145124716553288,12
1387,905,70,4,12,0,-1,cube_corner,cube_corner,0.0010331632653061223,8
1388,906,70,4,12,1,-sqrt(2/3),edge_midpoint,cube_corner,0.0012244897959183673,48
1389,907,70,4,12,2,-1/sqrt(2),axis,edge_midpoint,0.0018140589569160999,48
1390,908,70,4,12,3,-1/sqrt(3),axis,cube_corner,0.0015306122448979589,48
1391,909,70,4,12,4,-1/2,edge_midpoint,edge_midpoint,0.00145124716553288,48
1392,910,70,4,12,5,-1/3,cube_corner,cube_corner,0.0010331632653061223,24
1393,911,70,4,12,6,0,axis,axis,0.0022675736961451243,24
1394,911,70,4,12,6,0,axis,edge_midpoint,0.0018140589569160999,48
1395,911,70,4,12,6,0,edge_midpoint,edge_midpoint,0.00145124716553288,24
1396,911,70,4,12,6,0,edge_midpoint,cube_corner,0.0012244897959183673,96
1397,912,70,4,12,7,1/3,cube_corner,cube_corner,0.0010331632653061223,24
1398,913,70,4,12,8,1/2,edge_midpoint,edge_midpoint,0.00145124716553288,48
1399,914,70,4,12,9,1/sqrt(3),axis,cube_corner,0.0015306122448979589,48
1400,915,70,4,12,10,1/sqrt(2),axis,edge_midpoint,0.0018140589569160999,48
1401,916,70,4,12,11,sqrt(2/3),edge_midpoint,cube_corner,0.0012244897959183673,48
1402,917,70,4,12,12,1,axis,axis,0.0022675736961451243,6
1403,917,70,4,12,12,1,edge_midpoint,edge_midpoint,0.00145124716553288,12
1404,917,70,4,12,12,1,cube_corner,cube_corner,0.0010331632653061223,8
1405,918,71,4,13,0,-1,axis,axis,0.0022675736961451243,6
1406,918,71,4,13,0,-1,edge_midpoint,edge_midpoint,0.00145124716553288,12
1407,918,71,4,13,0,-1,cube_corner,cube_corner,0.0010331632653061223,8
1408,919,71,4,13,1,-sqrt(2/3),edge_midpoint,cube_corner,0.0012244897959183673,48
1409,920,71,4,13,2,-1/sqrt(2),axis,edge_midpoint,0.0018140589569160999,48
1410,921,71,4,13,3,-1/sqrt(3),axis,cube_corner,0.0015306122448979589,48
1411,922,71,4,13,4,-1/2,edge_midpoint,edge_midpoint,0.00145124716553288,48
1412,923,71,4,13,5,-1/3,cube_corner,cube_corner,0.0010331632653061223,24
1413,924,71,4,13,6,0,axis,axis,0.0022675736961451243,24
1414,924,71,4,13,6,0,axis,edge_midpoint,0.0018140589569160999,48
1415,924,71,4,13,6,0,edge_midpoint,edge_midpoint,0.00145124716553288,24
1416,924,71,4,13,6,0,edge_midpoint,cube_corner,0.0012244897959183673,96
1417,925,71,4,13,7,1/3,cube_corner,cube_corner,0.0010331632653061223,24
1418,926,71,4,13,8,1/2,edge_midpoint,edge_midpoint,0.00145124716553288,48
1419,927,71,4,13,9,1/sqrt(3),axis,cube_corner,0.0015306122448979589,48
1420,928,71,4,13,10,1/sqrt(2),axis,edge_midpoint,0.0018140589569160999,48
1421,929,71,4,13,11,sqrt(2/3),edge_midpoint,cube_corner,0.0012244897959183673,48
1422,930,71,4,13,12,1,axis,axis,0.0022675736961451243,6
1423,930,71,4,13,12,1,edge_midpoint,edge_midpoint,0.00145124716553288,12
1424,930,71,4,13,12,1,cube_corner,cube_corner,0.0010331632653061223,8
1425,931,72,4,14,0,-1,axis,axis,0.0022675736961451243,6
1426,931,72,4,14,0,-1,edge_midpoint,edge_midpoint,0.00145124716553288,12
1427,931,72,4,14,0,-1,cube_corner,cube_corner,0.0010331632653061223,8
1428,932,72,4,14,1,-sqrt(2/3),edge_midpoint,cube_corner,0.0012244897959183673,48
1429,933,72,4,14,2,-1/sqrt(2),axis,edge_midpoint,0.0018140589569160999,48
1430,934,72,4,14,3,-1/sqrt(3),axis,cube_corner,0.0015306122448979589,48
1431,935,72,4,14,4,-1/2,edge_midpoint,edge_midpoint,0.00145124716553288,48
1432,936,72,4,14,5,-1/3,cube_corner,cube_corner,0.0010331632653061223,24
1433,937,72,4,14,6,0,axis,axis,0.0022675736961451243,24
1434,937,72,4,14,6,0,axis,edge_midpoint,0.0018140589569160999,48
1435,937,72,4,14,6,0,edge_midpoint,edge_midpoint,0.00145124716553288,24
1436,937,72,4,14,6,0,edge_midpoint,cube_corner,0.0012244897959183673,96
1437,938,72,4,14,7,1/3,cube_corner,cube_corner,0.0010331632653061223,24
1438,939,72,4,14,8,1/2,edge_midpoint,edge_midpoint,0.00145124716553288,48
1439,940,72,4,14,9,1/sqrt(3),axis,cube_corner,0.0015306122448979589,48
1440,941,72,4,14,10,1/sqrt(2),axis,edge_midpoint,0.0018140589569160999,48
1441,942,72,4,14,11,sqrt(2/3),edge_midpoint,cube_corner,0.0012244897959183673,48
1442,943,72,4,14,12,1,axis,axis,0.0022675736961451243,6
1443,943,72,4,14,12,1,edge_midpoint,edge_midpoint,0.00145124716553288,12
1444,943,72,4,14,12,1,cube_corner,cube_corner,0.0010331632653061223,8
1445,944,73,4,15,0,-1,axis,axis,0.0022675736961451243,6
1446,944,73,4,15,0,-1,edge_midpoint,edge_midpoint,0.00145124716553288,12
1447,944,73,4,15,0,-1,cube_corner,cube_corner,0.0010331632653061223,8
1448,945,73,4,15,1,-sqrt(2/3),edge_midpoint,cube_corner,0.0012244897959183673,48
1449,946,73,4,15,2,-1/sqrt(2),axis,edge_midpoint,0.0018140589569160999,48
1450,947,73,4,15,3,-1/sqrt(3),axis,cube_corner,0.0015306122448979589,48
1451,948,73,4,15,4,-1/2,edge_midpoint,edge_midpoint,0.00145124716553288,48
1452,949,73,4,15,5,-1/3,cube_corner,cube_corner,0.0010331632653061223,24
1453,950,73,4,15,6,0,axis,axis,0.0022675736961451243,24
1454,950,73,4,15,6,0,axis,edge_midpoint,0.0018140589569160999,48
1455,950,73,4,15,6,0,edge_midpoint,edge_midpoint,0.00145124716553288,24
1456,950,73,4,15,6,0,edge_midpoint,cube_corner,0.0012244897959183673,96
1457,951,73,4,15,7,1/3,cube_corner,cube_corner,0.0010331632653061223,24
1458,952,73,4,15,8,1/2,edge_midpoint,edge_midpoint,0.00145124716553288,48
1459,953,73,4,15,9,1/sqrt(3),axis,cube_corner,0.0015306122448979589,48
1460,954,73,4,15,10,1/sqrt(2),axis,edge_midpoint,0.0018140589569160999,48
1461,955,73,4,15,11,sqrt(2/3),edge_midpoint,cube_corner,0.0012244897959183673,48
1462,956,73,4,15,12,1,axis,axis,0.0022675736961451243,6
1463,956,73,4,15,12,1,edge_midpoint,edge_midpoint,0.00145124716553288,12
1464,956,73,4,15,12,1,cube_corner,cube_corner,0.0010331632653061223,8
1465,957,74,4,16,0,-1,axis,axis,0.0022675736961451243,6
1466,957,74,4,16,0,-1,edge_midpoint,edge_midpoint,0.00145124716553288,12
1467,957,74,4,16,0,-1,cube_corner,cube_corner,0.0010331632653061223,8
1468,958,74,4,16,1,-sqrt(2/3),edge_midpoint,cube_corner,0.0012244897959183673,48
1469,959,74,4,16,2,-1/sqrt(2),axis,edge_midpoint,0.0018140589569160999,48
1470,960,74,4,16,3,-1/sqrt(3),axis,cube_corner,0.0015306122448979589,48
1471,961,74,4,16,4,-1/2,edge_midpoint,edge_midpoint,0.00145124716553288,48
1472,962,74,4,16,5,-1/3,cube_corner,cube_corner,0.0010331632653061223,24
1473,963,74,4,16,6,0,axis,axis,0.0022675736961451243,24
1474,963,74,4,16,6,0,axis,edge_midpoint,0.0018140589569160999,48
1475,963,74,4,16,6,0,edge_midpoint,edge_midpoint,0.00145124716553288,24
1476,963,74,4,16,6,0,edge_midpoint,cube_corner,0.0012244897959183673,96
1477,964,74,4,16,7,1/3,cube_corner,cube_corner,0.0010331632653061223,24
1478,965,74,4,16,8,1/2,edge_midpoint,edge_midpoint,0.00145124716553288,48
1479,966,74,4,16,9,1/sqrt(3),axis,cube_corner,0.0015306122448979589,48
1480,967,74,4,16,10,1/sqrt(2),axis,edge_midpoint,0.0018140589569160999,48
1481,968,74,4,16,11,sqrt(2/3),edge_midpoint,cube_corner,0.0012244897959183673,48
1482,969,74,4,16,12,1,axis,axis,0.0022675736961451243,6
1483,969,74,4,16,12,1,edge_midpoint,edge_midpoint,0.00145124716553288,12
1484,969,74,4,16,12,1,cube_corner,cube_corner,0.0010331632653061223,8
1485,970,75,5,5,0,-1,axis,axis,0.0022675736961451243,3
1486,970,75,5,5,0,-1,edge_midpoint,edge_midpoint,0.00145124716553288,6
1487,970,75,5,5,0,-1,cube_corner,cube_corner,0.0010331632653061223,4
1488,971,75,5,5,1,-sqrt(2/3),edge_midpoint,cube_corner,0.0012244897959183673,24
1489,972,75,5,5,2,-1/sqrt(2),axis,edge_midpoint,0.0018140589569160999,24
1490,973,75,5,5,3,-1/sqrt(3),axis,cube_corner,0.0015306122448979589,24
1491,974,75,5,5,4,-1/2,edge_midpoint,edge_midpoint,0.00145124716553288,24
1492,975,75,5,5,5,-1/3,cube_corner,cube_corner,0.0010331632653061223,12
1493,976,75,5,5,6,0,axis,axis,0.0022675736961451243,12
1494,976,75,5,5,6,0,axis,edge_midpoint,0.0018140589569160999,24
1495,976,75,5,5,6,0,edge_midpoint,edge_midpoint,0.00145124716553288,12
1496,976,75,5,5,6,0,edge_midpoint,cube_corner,0.0012244897959183673,48
1497,977,75,5,5,7,1/3,cube_corner,cube_corner,0.0010331632653061223,12
1498,978,75,5,5,8,1/2,edge_midpoint,edge_midpoint,0.00145124716553288,24
1499,979,75,5,5,9,1/sqrt(3),axis,cube_corner,0.0015306122448979589,24
1500,980,75,5,5,10,1/sqrt(2),axis,edge_midpoint,0.0018140589569160999,24
1501,981,75,5,5,11,sqrt(2/3),edge_midpoint,cube_corner,0.0012244897959183673,24
1502,982,76,5,6,0,-1,axis,axis,0.0022675736961451243,6
1503,982,76,5,6,0,-1,edge_midpoint,edge_midpoint,0.00145124716553288,12
1504,982,76,5,6,0,-1,cube_corner,cube_corner,0.0010331632653061223,8
1505,983,76,5,6,1,-sqrt(2/3),edge_midpoint,cube_corner,0.0012244897959183673,48
1506,984,76,5,6,2,-1/sqrt(2),axis,edge_midpoint,0.0018140589569160999,48
1507,985,76,5,6,3,-1/sqrt(3),axis,cube_corner,0.0015306122448979589,48
1508,986,76,5,6,4,-1/2,edge_midpoint,edge_midpoint,0.00145124716553288,48
1509,987,76,5,6,5,-1/3,cube_corner,cube_corner,0.0010331632653061223,24
1510,988,76,5,6,6,0,axis,axis,0.0022675736961451243,24
1511,988,76,5,6,6,0,axis,edge_midpoint,0.0018140589569160999,48
1512,988,76,5,6,6,0,edge_midpoint,edge_midpoint,0.00145124716553288,24
1513,988,76,5,6,6,0,edge_midpoint,cube_corner,0.0012244897959183673,96
1514,989,76,5,6,7,1/3,cube_corner,cube_corner,0.0010331632653061223,24
1515,990,76,5,6,8,1/2,edge_midpoint,edge_midpoint,0.00145124716553288,48
1516,991,76,5,6,9,1/sqrt(3),axis,cube_corner,0.0015306122448979589,48
1517,992,76,5,6,10,1/sqrt(2),axis,edge_midpoint,0.0018140589569160999,48
1518,993,76,5,6,11,sqrt(2/3),edge_midpoint,cube_corner,0.0012244897959183673,48
1519,994,76,5,6,12,1,axis,axis,0.0022675736961451243,6
1520,994,76,5,6,12,1,edge_midpoint,edge_midpoint,0.00145124716553288,12
1521,994,76,5,6,12,1,cube_corner,cube_corner,0.0010331632653061223,8
1522,995,77,5,7,0,-1,axis,axis,0.0022675736961451243,6
1523,995,77,5,7,0,-1,edge_midpoint,edge_midpoint,0.00145124716553288,12
1524,995,77,5,7,0,-1,cube_corner,cube_corner,0.0010331632653061223,8
1525,996,77,5,7,1,-sqrt(2/3),edge_midpoint,cube_corner,0.0012244897959183673,48
1526,997,77,5,7,2,-1/sqrt(2),axis,edge_midpoint,0.0018140589569160999,48
1527,998,77,5,7,3,-1/sqrt(3),axis,cube_corner,0.0015306122448979589,48
1528,999,77,5,7,4,-1/2,edge_midpoint,edge_midpoint,0.00145124716553288,48
1529,1000,77,5,7,5,-1/3,cube_corner,cube_corner,0.0010331632653061223,24
1530,1001,77,5,7,6,0,axis,axis,0.0022675736961451243,24
1531,1001,77,5,7,6,0,axis,edge_midpoint,0.0018140589569160999,48
1532,1001,77,5,7,6,0,edge_midpoint,edge_midpoint,0.00145124716553288,24
1533,1001,77,5,7,6,0,edge_midpoint,cube_corner,0.0012244897959183673,96
1534,1002,77,5,7,7,1/3,cube_corner,cube_corner,0.0010331632653061223,24
1535,1003,77,5,7,8,1/2,edge_midpoint,edge_midpoint,0.00145124716553288,48
1536,1004,77,5,7,9,1/sqrt(3),axis,cube_corner,0.0015306122448979589,48
1537,1005,77,5,7,10,1/sqrt(2),axis,edge_midpoint,0.0018140589569160999,48
1538,1006,77,5,7,11,sqrt(2/3),edge_midpoint,cube_corner,0.0012244897959183673,48
1539,1007,77,5,7,12,1,axis,axis,0.0022675736961451243,6
1540,1007,77,5,7,12,1,edge_midpoint,edge_midpoint,0.00145124716553288,12
1541,1007,77,5,7,12,1,cube_corner,cube_corner,0.0010331632653061223,8
1542,1008,78,5,8,0,-1,axis,axis,0.0022675736961451243,6
1543,1008,78,5,8,0,-1,edge_midpoint,edge_midpoint,0.00145124716553288,12
1544,1008,78,5,8,0,-1,cube_corner,cube_corner,0.0010331632653061223,8
1545,1009,78,5,8,1,-sqrt(2/3),edge_midpoint,cube_corner,0.0012244897959183673,48
1546,1010,78,5,8,2,-1/sqrt(2),axis,edge_midpoint,0.0018140589569160999,48
1547,1011,78,5,8,3,-1/sqrt(3),axis,cube_corner,0.0015306122448979589,48
1548,1012,78,5,8,4,-1/2,edge_midpoint,edge_midpoint,0.00145124716553288,48
1549,1013,78,5,8,5,-1/3,cube_corner,cube_corner,0.0010331632653061223,24
1550,1014,78,5,8,6,0,axis,axis,0.0022675736961451243,24
1551,1014,78,5,8,6,0,axis,edge_midpoint,0.0018140589569160999,48
1552,1014,78,5,8,6,0,edge_midpoint,edge_midpoint,0.00145124716553288,24
1553,1014,78,5,8,6,0,edge_midpoint,cube_corner,0.0012244897959183673,96
1554,1015,78,5,8,7,1/3,cube_corner,cube_corner,0.0010331632653061223,24
1555,1016,78,5,8,8,1/2,edge_midpoint,edge_midpoint,0.00145124716553288,48
1556,1017,78,5,8,9,1/sqrt(3),axis,cube_corner,0.0015306122448979589,48
1557,1018,78,5,8,10,1/sqrt(2),axis,edge_midpoint,0.0018140589569160999,48
1558,1019,78,5,8,11,sqrt(2/3),edge_midpoint,cube_corner,0.0012244897959183673,48
1559,1020,78,5,8,12,1,axis,axis,0.0022675736961451243,6
1560,1020,78,5,8,12,1,edge_midpoint,edge_midpoint,0.00145124716553288,12
1561,1020,78,5,8,12,1,cube_corner,cube_corner,0.0010331632653061223,8
1562,1021,79,5,9,0,-1,axis,axis,0.0022675736961451243,6
1563,1021,79,5,9,0,-1,edge_midpoint,edge_midpoint,0.00145124716553288,12
1564,1021,79,5,9,0,-1,cube_corner,cube_corner,0.0010331632653061223,8
1565,1022,79,5,9,1,-sqrt(2/3),edge_midpoint,cube_corner,0.0012244897959183673,48
1566,1023,79,5,9,2,-1/sqrt(2),axis,edge_midpoint,0.0018140589569160999,48
1567,1024,79,5,9,3,-1/sqrt(3),axis,cube_corner,0.0015306122448979589,48
1568,1025,79,5,9,4,-1/2,edge_midpoint,edge_midpoint,0.00145124716553288,48
1569,1026,79,5,9,5,-1/3,cube_corner,cube_corner,0.0010331632653061223,24
1570,1027,79,5,9,6,0,axis,axis,0.0022675736961451243,24
1571,1027,79,5,9,6,0,axis,edge_midpoint,0.0018140589569160999,48
1572,1027,79,5,9,6,0,edge_midpoint,edge_midpoint,0.00145124716553288,24
1573,1027,79,5,9,6,0,edge_midpoint,cube_corner,0.0012244897959183673,96
1574,1028,79,5,9,7,1/3,cube_corner,cube_corner,0.0010331632653061223,24
1575,1029,79,5,9,8,1/2,edge_midpoint,edge_midpoint,0.00145124716553288,48
1576,1030,79,5,9,9,1/sqrt(3),axis,cube_corner,0.0015306122448979589,48
1577,1031,79,5,9,10,1/sqrt(2),axis,edge_midpoint,0.0018140589569160999,48
1578,1032,79,5,9,11,sqrt(2/3),edge_midpoint,cube_corner,0.0012244897959183673,48
1579,1033,79,5,9,12,1,axis,axis,0.0022675736961451243,6
1580,1033,79,5,9,12,1,edge_midpoint,edge_midpoint,0.00145124716553288,12
1581,1033,79,5,9,12,1,cube_corner,cube_corner,0.0010331632653061223,8
1582,1034,80,5,10,0,-1,axis,axis,0.0022675736961451243,6
1583,1034,80,5,10,0,-1,edge_midpoint,edge_midpoint,0.00145124716553288,12
1584,1034,80,5,10,0,-1,cube_corner,cube_corner,0.0010331632653061223,8
1585,1035,80,5,10,1,-sqrt(2/3),edge_midpoint,cube_corner,0.0012244897959183673,48
1586,1036,80,5,10,2,-1/sqrt(2),axis,edge_midpoint,0.0018140589569160999,48
1587,1037,80,5,10,3,-1/sqrt(3),axis,cube_corner,0.0015306122448979589,48
1588,1038,80,5,10,4,-1/2,edge_midpoint,edge_midpoint,0.00145124716553288,48
1589,1039,80,5,10,5,-1/3,cube_corner,cube_corner,0.0010331632653061223,24
1590,1040,80,5,10,6,0,axis,axis,0.0022675736961451243,24
1591,1040,80,5,10,6,0,axis,edge_midpoint,0.0018140589569160999,48
1592,1040,80,5,10,6,0,edge_midpoint,edge_midpoint,0.00145124716553288,24
1593,1040,80,5,10,6,0,edge_midpoint,cube_corner,0.0012244897959183673,96
1594,1041,80,5,10,7,1/3,cube_corner,cube_corner,0.0010331632653061223,24
1595,1042,80,5,10,8,1/2,edge_midpoint,edge_midpoint,0.00145124716553288,48
1596,1043,80,5,10,9,1/sqrt(3),axis,cube_corner,0.0015306122448979589,48
1597,1044,80,5,10,10,1/sqrt(2),axis,edge_midpoint,0.0018140589569160999,48
1598,1045,80,5,10,11,sqrt(2/3),edge_midpoint,cube_corner,0.0012244897959183673,48
1599,1046,80,5,10,12,1,axis,axis,0.0022675736961451243,6
1600,1046,80,5,10,12,1,edge_midpoint,edge_midpoint,0.00145124716553288,12
1601,1046,80,5,10,12,1,cube_corner,cube_corner,0.0010331632653061223,8
1602,1047,81,5,11,0,-1,axis,axis,0.0022675736961451243,6
1603,1047,81,5,11,0,-1,edge_midpoint,edge_midpoint,0.00145124716553288,12
1604,1047,81,5,11,0,-1,cube_corner,cube_corner,0.0010331632653061223,8
1605,1048,81,5,11,1,-sqrt(2/3),edge_midpoint,cube_corner,0.0012244897959183673,48
1606,1049,81,5,11,2,-1/sqrt(2),axis,edge_midpoint,0.0018140589569160999,48
1607,1050,81,5,11,3,-1/sqrt(3),axis,cube_corner,0.0015306122448979589,48
1608,1051,81,5,11,4,-1/2,edge_midpoint,edge_midpoint,0.00145124716553288,48
1609,1052,81,5,11,5,-1/3,cube_corner,cube_corner,0.0010331632653061223,24
1610,1053,81,5,11,6,0,axis,axis,0.0022675736961451243,24
1611,1053,81,5,11,6,0,axis,edge_midpoint,0.0018140589569160999,48
1612,1053,81,5,11,6,0,edge_midpoint,edge_midpoint,0.00145124716553288,24
1613,1053,81,5,11,6,0,edge_midpoint,cube_corner,0.0012244897959183673,96
1614,1054,81,5,11,7,1/3,cube_corner,cube_corner,0.0010331632653061223,24
1615,1055,81,5,11,8,1/2,edge_midpoint,edge_midpoint,0.00145124716553288,48
1616,1056,81,5,11,9,1/sqrt(3),axis,cube_corner,0.0015306122448979589,48
1617,1057,81,5,11,10,1/sqrt(2),axis,edge_midpoint,0.0018140589569160999,48
1618,1058,81,5,11,11,sqrt(2/3),edge_midpoint,cube_corner,0.0012244897959183673,48
1619,1059,81,5,11,12,1,axis,axis,0.0022675736961451243,6
1620,1059,81,5,11,12,1,edge_midpoint,edge_midpoint,0.00145124716553288,12
1621,1059,81,5,11,12,1,cube_corner,cube_corner,0.0010331632653061223,8
1622,1060,82,5,12,0,-1,axis,axis,0.0022675736961451243,6
1623,1060,82,5,12,0,-1,edge_midpoint,edge_midpoint,0.00145124716553288,12
1624,1060,82,5,12,0,-1,cube_corner,cube_corner,0.0010331632653061223,8
1625,1061,82,5,12,1,-sqrt(2/3),edge_midpoint,cube_corner,0.0012244897959183673,48
1626,1062,82,5,12,2,-1/sqrt(2),axis,edge_midpoint,0.0018140589569160999,48
1627,1063,82,5,12,3,-1/sqrt(3),axis,cube_corner,0.0015306122448979589,48
1628,1064,82,5,12,4,-1/2,edge_midpoint,edge_midpoint,0.00145124716553288,48
1629,1065,82,5,12,5,-1/3,cube_corner,cube_corner,0.0010331632653061223,24
1630,1066,82,5,12,6,0,axis,axis,0.0022675736961451243,24
1631,1066,82,5,12,6,0,axis,edge_midpoint,0.0018140589569160999,48
1632,1066,82,5,12,6,0,edge_midpoint,edge_midpoint,0.00145124716553288,24
1633,1066,82,5,12,6,0,edge_midpoint,cube_corner,0.0012244897959183673,96
1634,1067,82,5,12,7,1/3,cube_corner,cube_corner,0.0010331632653061223,24
1635,1068,82,5,12,8,1/2,edge_midpoint,edge_midpoint,0.00145124716553288,48
1636,1069,82,5,12,9,1/sqrt(3),axis,cube_corner,0.0015306122448979589,48
1637,1070,82,5,12,10,1/sqrt(2),axis,edge_midpoint,0.0018140589569160999,48
1638,1071,82,5,12,11,sqrt(2/3),edge_midpoint,cube_corner,0.0012244897959183673,48
1639,1072,82,5,12,12,1,axis,axis,0.0022675736961451243,6
1640,1072,82,5,12,12,1,edge_midpoint,edge_midpoint,0.00145124716553288,12
1641,1072,82,5,12,12,1,cube_corner,cube_corner,0.0010331632653061223,8
1642,1073,83,5,13,0,-1,axis,axis,0.0022675736961451243,6
1643,1073,83,5,13,0,-1,edge_midpoint,edge_midpoint,0.00145124716553288,12
1644,1073,83,5,13,0,-1,cube_corner,cube_corner,0.0010331632653061223,8
1645,1074,83,5,13,1,-sqrt(2/3),edge_midpoint,cube_corner,0.0012244897959183673,48
1646,1075,83,5,13,2,-1/sqrt(2),axis,edge_midpoint,0.0018140589569160999,48
1647,1076,83,5,13,3,-1/sqrt(3),axis,cube_corner,0.0015306122448979589,48
1648,1077,83,5,13,4,-1/2,edge_midpoint,edge_midpoint,0.00145124716553288,48
1649,1078,83,5,13,5,-1/3,cube_corner,cube_corner,0.0010331632653061223,24
1650,1079,83,5,13,6,0,axis,axis,0.0022675736961451243,24
1651,1079,83,5,13,6,0,axis,edge_midpoint,0.0018140589569160999,48
1652,1079,83,5,13,6,0,edge_midpoint,edge_midpoint,0.00145124716553288,24
1653,1079,83,5,13,6,0,edge_midpoint,cube_corner,0.0012244897959183673,96
1654,1080,83,5,13,7,1/3,cube_corner,cube_corner,0.0010331632653061223,24
1655,1081,83,5,13,8,1/2,edge_midpoint,edge_midpoint,0.00145124716553288,48
1656,1082,83,5,13,9,1/sqrt(3),axis,cube_corner,0.0015306122448979589,48
1657,1083,83,5,13,10,1/sqrt(2),axis,edge_midpoint,0.0018140589569160999,48
1658,1084,83,5,13,11,sqrt(2/3),edge_midpoint,cube_corner,0.0012244897959183673,48
1659,1085,83,5,13,12,1,axis,axis,0.0022675736961451243,6
1660,1085,83,5,13,12,1,edge_midpoint,edge_midpoint,0.00145124716553288,12
1661,1085,83,5,13,12,1,cube_corner,cube_corner,0.0010331632653061223,8
1662,1086,84,5,14,0,-1,axis,axis,0.0022675736961451243,6
1663,1086,84,5,14,0,-1,edge_midpoint,edge_midpoint,0.00145124716553288,12
1664,1086,84,5,14,0,-1,cube_corner,cube_corner,0.0010331632653061223,8
1665,1087,84,5,14,1,-sqrt(2/3),edge_midpoint,cube_corner,0.0012244897959183673,48
1666,1088,84,5,14,2,-1/sqrt(2),axis,edge_midpoint,0.0018140589569160999,48
1667,1089,84,5,14,3,-1/sqrt(3),axis,cube_corner,0.0015306122448979589,48
1668,1090,84,5,14,4,-1/2,edge_midpoint,edge_midpoint,0.00145124716553288,48
1669,1091,84,5,14,5,-1/3,cube_corner,cube_corner,0.0010331632653061223,24
1670,1092,84,5,14,6,0,axis,axis,0.0022675736961451243,24
1671,1092,84,5,14,6,0,axis,edge_midpoint,0.0018140589569160999,48
1672,1092,84,5,14,6,0,edge_midpoint,edge_midpoint,0.00145124716553288,24
1673,1092,84,5,14,6,0,edge_midpoint,cube_corner,0.0012244897959183673,96
1674,1093,84,5,14,7,1/3,cube_corner,cube_corner,0.0010331632653061223,24
1675,1094,84,5,14,8,1/2,edge_midpoint,edge_midpoint,0.00145124716553288,48
1676,1095,84,5,14,9,1/sqrt(3),axis,cube_corner,0.0015306122448979589,48
1677,1096,84,5,14,10,1/sqrt(2),axis,edge_midpoint,0.0018140589569160999,48
1678,1097,84,5,14,11,sqrt(2/3),edge_midpoint,cube_corner,0.0012244897959183673,48
1679,1098,84,5,14,12,1,axis,axis,0.0022675736961451243,6
1680,1098,84,5,14,12,1,edge_midpoint,edge_midpoint,0.00145124716553288,12
1681,1098,84,5,14,12,1,cube_corner,cube_corner,0.0010331632653061223,8
1682,1099,85,5,15,0,-1,axis,axis,0.0022675736961451243,6
1683,1099,85,5,15,0,-1,edge_midpoint,edge_midpoint,0.00145124716553288,12
1684,1099,85,5,15,0,-1,cube_corner,cube_corner,0.0010331632653061223,8
1685,1100,85,5,15,1,-sqrt(2/3),edge_midpoint,cube_corner,0.0012244897959183673,48
1686,1101,85,5,15,2,-1/sqrt(2),axis,edge_midpoint,0.0018140589569160999,48
1687,1102,85,5,15,3,-1/sqrt(3),axis,cube_corner,0.0015306122448979589,48
1688,1103,85,5,15,4,-1/2,edge_midpoint,edge_midpoint,0.00145124716553288,48
1689,1104,85,5,15,5,-1/3,cube_corner,cube_corner,0.0010331632653061223,24
1690,1105,85,5,15,6,0,axis,axis,0.0022675736961451243,24
1691,1105,85,5,15,6,0,axis,edge_midpoint,0.0018140589569160999,48
1692,1105,85,5,15,6,0,edge_midpoint,edge_midpoint,0.00145124716553288,24
1693,1105,85,5,15,6,0,edge_midpoint,cube_corner,0.0012244897959183673,96
1694,1106,85,5,15,7,1/3,cube_corner,cube_corner,0.0010331632653061223,24
1695,1107,85,5,15,8,1/2,edge_midpoint,edge_midpoint,0.00145124716553288,48
1696,1108,85,5,15,9,1/sqrt(3),axis,cube_corner,0.0015306122448979589,48
1697,1109,85,5,15,10,1/sqrt(2),axis,edge_midpoint,0.0018140589569160999,48
1698,1110,85,5,15,11,sqrt(2/3),edge_midpoint,cube_corner,0.0012244897959183673,48
1699,1111,85,5,15,12,1,axis,axis,0.0022675736961451243,6
1700,1111,85,5,15,12,1,edge_midpoint,edge_midpoint,0.00145124716553288,12
1701,1111,85,5,15,12,1,cube_corner,cube_corner,0.0010331632653061223,8
1702,1112,86,5,16,0,-1,axis,axis,0.0022675736961451243,6
1703,1112,86,5,16,0,-1,edge_midpoint,edge_midpoint,0.00145124716553288,12
1704,1112,86,5,16,0,-1,cube_corner,cube_corner,0.0010331632653061223,8
1705,1113,86,5,16,1,-sqrt(2/3),edge_midpoint,cube_corner,0.0012244897959183673,48
1706,1114,86,5,16,2,-1/sqrt(2),axis,edge_midpoint,0.0018140589569160999,48
1707,1115,86,5,16,3,-1/sqrt(3),axis,cube_corner,0.0015306122448979589,48
1708,1116,86,5,16,4,-1/2,edge_midpoint,edge_midpoint,0.00145124716553288,48
1709,1117,86,5,16,5,-1/3,cube_corner,cube_corner,0.0010331632653061223,24
1710,1118,86,5,16,6,0,axis,axis,0.0022675736961451243,24
1711,1118,86,5,16,6,0,axis,edge_midpoint,0.0018140589569160999,48
1712,1118,86,5,16,6,0,edge_midpoint,edge_midpoint,0.00145124716553288,24
1713,1118,86,5,16,6,0,edge_midpoint,cube_corner,0.0012244897959183673,96
1714,1119,86,5,16,7,1/3,cube_corner,cube_corner,0.0010331632653061223,24
1715,1120,86,5,16,8,1/2,edge_midpoint,edge_midpoint,0.00145124716553288,48
1716,1121,86,5,16,9,1/sqrt(3),axis,cube_corner,0.0015306122448979589,48
1717,1122,86,5,16,10,1/sqrt(2),axis,edge_midpoint,0.0018140589569160999,48
1718,1123,86,5,16,11,sqrt(2/3),edge_midpoint,cube_corner,0.0012244897959183673,48
1719,1124,86,5,16,12,1,axis,axis,0.0022675736961451243,6
1720,1124,86,5,16,12,1,edge_midpoint,edge_midpoint,0.00145124716553288,12
1721,1124,86,5,16,12,1,cube_corner,cube_corner,0.0010331632653061223,8
1722,1125,87,6,6,0,-1,axis,axis,0.0022675736961451243,3
1723,1125,87,6,6,0,-1,edge_midpoint,edge_midpoint,0.00145124716553288,6
1724,1125,87,6,6,0,-1,cube_corner,cube_corner,0.0010331632653061223,4
1725,1126,87,6,6,1,-sqrt(2/3),edge_midpoint,cube_corner,0.0012244897959183673,24
1726,1127,87,6,6,2,-1/sqrt(2),axis,edge_midpoint,0.0018140589569160999,24
1727,1128,87,6,6,3,-1/sqrt(3),axis,cube_corner,0.0015306122448979589,24
1728,1129,87,6,6,4,-1/2,edge_midpoint,edge_midpoint,0.00145124716553288,24
1729,1130,87,6,6,5,-1/3,cube_corner,cube_corner,0.0010331632653061223,12
1730,1131,87,6,6,6,0,axis,axis,0.0022675736961451243,12
1731,1131,87,6,6,6,0,axis,edge_midpoint,0.0018140589569160999,24
1732,1131,87,6,6,6,0,edge_midpoint,edge_midpoint,0.00145124716553288,12
1733,1131,87,6,6,6,0,edge_midpoint,cube_corner,0.0012244897959183673,48
1734,1132,87,6,6,7,1/3,cube_corner,cube_corner,0.0010331632653061223,12
1735,1133,87,6,6,8,1/2,edge_midpoint,edge_midpoint,0.00145124716553288,24
1736,1134,87,6,6,9,1/sqrt(3),axis,cube_corner,0.0015306122448979589,24
1737,1135,87,6,6,10,1/sqrt(2),axis,edge_midpoint,0.0018140589569160999,24
1738,1136,87,6,6,11,sqrt(2/3),edge_midpoint,cube_corner,0.0012244897959183673,24
1739,1137,88,6,7,0,-1,axis,axis,0.0022675736961451243,6
1740,1137,88,6,7,0,-1,edge_midpoint,edge_midpoint,0.00145124716553288,12
1741,1137,88,6,7,0,-1,cube_corner,cube_corner,0.0010331632653061223,8
1742,1138,88,6,7,1,-sqrt(2/3),edge_midpoint,cube_corner,0.0012244897959183673,48
1743,1139,88,6,7,2,-1/sqrt(2),axis,edge_midpoint,0.0018140589569160999,48
1744,1140,88,6,7,3,-1/sqrt(3),axis,cube_corner,0.0015306122448979589,48
1745,1141,88,6,7,4,-1/2,edge_midpoint,edge_midpoint,0.00145124716553288,48
1746,1142,88,6,7,5,-1/3,cube_corner,cube_corner,0.0010331632653061223,24
1747,1143,88,6,7,6,0,axis,axis,0.0022675736961451243,24
1748,1143,88,6,7,6,0,axis,edge_midpoint,0.0018140589569160999,48
1749,1143,88,6,7,6,0,edge_midpoint,edge_midpoint,0.00145124716553288,24
1750,1143,88,6,7,6,0,edge_midpoint,cube_corner,0.0012244897959183673,96
1751,1144,88,6,7,7,1/3,cube_corner,cube_corner,0.0010331632653061223,24
1752,1145,88,6,7,8,1/2,edge_midpoint,edge_midpoint,0.00145124716553288,48
1753,1146,88,6,7,9,1/sqrt(3),axis,cube_corner,0.0015306122448979589,48
1754,1147,88,6,7,10,1/sqrt(2),axis,edge_midpoint,0.0018140589569160999,48
1755,1148,88,6,7,11,sqrt(2/3),edge_midpoint,cube_corner,0.0012244897959183673,48
1756,1149,88,6,7,12,1,axis,axis,0.0022675736961451243,6
1757,1149,88,6,7,12,1,edge_midpoint,edge_midpoint,0.00145124716553288,12
1758,1149,88,6,7,12,1,cube_corner,cube_corner,0.0010331632653061223,8
1759,1150,89,6,8,0,-1,axis,axis,0.0022675736961451243,6
1760,1150,89,6,8,0,-1,edge_midpoint,edge_midpoint,0.00145124716553288,12
1761,1150,89,6,8,0,-1,cube_corner,cube_corner,0.0010331632653061223,8
1762,1151,89,6,8,1,-sqrt(2/3),edge_midpoint,cube_corner,0.0012244897959183673,48
1763,1152,89,6,8,2,-1/sqrt(2),axis,edge_midpoint,0.0018140589569160999,48
1764,1153,89,6,8,3,-1/sqrt(3),axis,cube_corner,0.0015306122448979589,48
1765,1154,89,6,8,4,-1/2,edge_midpoint,edge_midpoint,0.00145124716553288,48
1766,1155,89,6,8,5,-1/3,cube_corner,cube_corner,0.0010331632653061223,24
1767,1156,89,6,8,6,0,axis,axis,0.0022675736961451243,24
1768,1156,89,6,8,6,0,axis,edge_midpoint,0.0018140589569160999,48
1769,1156,89,6,8,6,0,edge_midpoint,edge_midpoint,0.00145124716553288,24
1770,1156,89,6,8,6,0,edge_midpoint,cube_corner,0.0012244897959183673,96
1771,1157,89,6,8,7,1/3,cube_corner,cube_corner,0.0010331632653061223,24
1772,1158,89,6,8,8,1/2,edge_midpoint,edge_midpoint,0.00145124716553288,48
1773,1159,89,6,8,9,1/sqrt(3),axis,cube_corner,0.0015306122448979589,48
1774,1160,89,6,8,10,1/sqrt(2),axis,edge_midpoint,0.0018140589569160999,48
1775,1161,89,6,8,11,sqrt(2/3),edge_midpoint,cube_corner,0.0012244897959183673,48
1776,1162,89,6,8,12,1,axis,axis,0.0022675736961451243,6
1777,1162,89,6,8,12,1,edge_midpoint,edge_midpoint,0.00145124716553288,12
1778,1162,89,6,8,12,1,cube_corner,cube_corner,0.0010331632653061223,8
1779,1163,90,6,9,0,-1,axis,axis,0.0022675736961451243,6
1780,1163,90,6,9,0,-1,edge_midpoint,edge_midpoint,0.00145124716553288,12
1781,1163,90,6,9,0,-1,cube_corner,cube_corner,0.0010331632653061223,8
1782,1164,90,6,9,1,-sqrt(2/3),edge_midpoint,cube_corner,0.0012244897959183673,48
1783,1165,90,6,9,2,-1/sqrt(2),axis,edge_midpoint,0.0018140589569160999,48
1784,1166,90,6,9,3,-1/sqrt(3),axis,cube_corner,0.0015306122448979589,48
1785,1167,90,6,9,4,-1/2,edge_midpoint,edge_midpoint,0.00145124716553288,48
1786,1168,90,6,9,5,-1/3,cube_corner,cube_corner,0.0010331632653061223,24
1787,1169,90,6,9,6,0,axis,axis,0.0022675736961451243,24
1788,1169,90,6,9,6,0,axis,edge_midpoint,0.0018140589569160999,48
1789,1169,90,6,9,6,0,edge_midpoint,edge_midpoint,0.00145124716553288,24
1790,1169,90,6,9,6,0,edge_midpoint,cube_corner,0.0012244897959183673,96
1791,1170,90,6,9,7,1/3,cube_corner,cube_corner,0.0010331632653061223,24
1792,1171,90,6,9,8,1/2,edge_midpoint,edge_midpoint,0.00145124716553288,48
1793,1172,90,6,9,9,1/sqrt(3),axis,cube_corner,0.0015306122448979589,48
1794,1173,90,6,9,10,1/sqrt(2),axis,edge_midpoint,0.0018140589569160999,48
1795,1174,90,6,9,11,sqrt(2/3),edge_midpoint,cube_corner,0.0012244897959183673,48
1796,1175,90,6,9,12,1,axis,axis,0.0022675736961451243,6
1797,1175,90,6,9,12,1,edge_midpoint,edge_midpoint,0.00145124716553288,12
1798,1175,90,6,9,12,1,cube_corner,cube_corner,0.0010331632653061223,8
1799,1176,91,6,10,0,-1,axis,axis,0.0022675736961451243,6
1800,1176,91,6,10,0,-1,edge_midpoint,edge_midpoint,0.00145124716553288,12
1801,1176,91,6,10,0,-1,cube_corner,cube_corner,0.0010331632653061223,8
1802,1177,91,6,10,1,-sqrt(2/3),edge_midpoint,cube_corner,0.0012244897959183673,48
1803,1178,91,6,10,2,-1/sqrt(2),axis,edge_midpoint,0.0018140589569160999,48
1804,1179,91,6,10,3,-1/sqrt(3),axis,cube_corner,0.0015306122448979589,48
1805,1180,91,6,10,4,-1/2,edge_midpoint,edge_midpoint,0.00145124716553288,48
1806,1181,91,6,10,5,-1/3,cube_corner,cube_corner,0.0010331632653061223,24
1807,1182,91,6,10,6,0,axis,axis,0.0022675736961451243,24
1808,1182,91,6,10,6,0,axis,edge_midpoint,0.0018140589569160999,48
1809,1182,91,6,10,6,0,edge_midpoint,edge_midpoint,0.00145124716553288,24
1810,1182,91,6,10,6,0,edge_midpoint,cube_corner,0.0012244897959183673,96
1811,1183,91,6,10,7,1/3,cube_corner,cube_corner,0.0010331632653061223,24
1812,1184,91,6,10,8,1/2,edge_midpoint,edge_midpoint,0.00145124716553288,48
1813,1185,91,6,10,9,1/sqrt(3),axis,cube_corner,0.0015306122448979589,48
1814,1186,91,6,10,10,1/sqrt(2),axis,edge_midpoint,0.0018140589569160999,48
1815,1187,91,6,10,11,sqrt(2/3),edge_midpoint,cube_corner,0.0012244897959183673,48
1816,1188,91,6,10,12,1,axis,axis,0.0022675736961451243,6
1817,1188,91,6,10,12,1,edge_midpoint,edge_midpoint,0.00145124716553288,12
1818,1188,91,6,10,12,1,cube_corner,cube_corner,0.0010331632653061223,8
1819,1189,92,6,11,0,-1,axis,axis,0.0022675736961451243,6
1820,1189,92,6,11,0,-1,edge_midpoint,edge_midpoint,0.00145124716553288,12
1821,1189,92,6,11,0,-1,cube_corner,cube_corner,0.0010331632653061223,8
1822,1190,92,6,11,1,-sqrt(2/3),edge_midpoint,cube_corner,0.0012244897959183673,48
1823,1191,92,6,11,2,-1/sqrt(2),axis,edge_midpoint,0.0018140589569160999,48
1824,1192,92,6,11,3,-1/sqrt(3),axis,cube_corner,0.0015306122448979589,48
1825,1193,92,6,11,4,-1/2,edge_midpoint,edge_midpoint,0.00145124716553288,48
1826,1194,92,6,11,5,-1/3,cube_corner,cube_corner,0.0010331632653061223,24
1827,1195,92,6,11,6,0,axis,axis,0.0022675736961451243,24
1828,1195,92,6,11,6,0,axis,edge_midpoint,0.0018140589569160999,48
1829,1195,92,6,11,6,0,edge_midpoint,edge_midpoint,0.00145124716553288,24
1830,1195,92,6,11,6,0,edge_midpoint,cube_corner,0.0012244897959183673,96
1831,1196,92,6,11,7,1/3,cube_corner,cube_corner,0.0010331632653061223,24
1832,1197,92,6,11,8,1/2,edge_midpoint,edge_midpoint,0.00145124716553288,48
1833,1198,92,6,11,9,1/sqrt(3),axis,cube_corner,0.0015306122448979589,48
1834,1199,92,6,11,10,1/sqrt(2),axis,edge_midpoint,0.0018140589569160999,48
1835,1200,92,6,11,11,sqrt(2/3),edge_midpoint,cube_corner,0.0012244897959183673,48
1836,1201,92,6,11,12,1,axis,axis,0.0022675736961451243,6
1837,1201,92,6,11,12,1,edge_midpoint,edge_midpoint,0.00145124716553288,12
1838,1201,92,6,11,12,1,cube_corner,cube_corner,0.0010331632653061223,8
1839,1202,93,6,12,0,-1,axis,axis,0.0022675736961451243,6
1840,1202,93,6,12,0,-1,edge_midpoint,edge_midpoint,0.00145124716553288,12
1841,1202,93,6,12,0,-1,cube_corner,cube_corner,0.0010331632653061223,8
1842,1203,93,6,12,1,-sqrt(2/3),edge_midpoint,cube_corner,0.0012244897959183673,48
1843,1204,93,6,12,2,-1/sqrt(2),axis,edge_midpoint,0.0018140589569160999,48
1844,1205,93,6,12,3,-1/sqrt(3),axis,cube_corner,0.0015306122448979589,48
1845,1206,93,6,12,4,-1/2,edge_midpoint,edge_midpoint,0.00145124716553288,48
1846,1207,93,6,12,5,-1/3,cube_corner,cube_corner,0.0010331632653061223,24
1847,1208,93,6,12,6,0,axis,axis,0.0022675736961451243,24
1848,1208,93,6,12,6,0,axis,edge_midpoint,0.0018140589569160999,48
1849,1208,93,6,12,6,0,edge_midpoint,edge_midpoint,0.00145124716553288,24
1850,1208,93,6,12,6,0,edge_midpoint,cube_corner,0.0012244897959183673,96
1851,1209,93,6,12,7,1/3,cube_corner,cube_corner,0.0010331632653061223,24
1852,1210,93,6,12,8,1/2,edge_midpoint,edge_midpoint,0.00145124716553288,48
1853,1211,93,6,12,9,1/sqrt(3),axis,cube_corner,0.0015306122448979589,48
1854,1212,93,6,12,10,1/sqrt(2),axis,edge_midpoint,0.0018140589569160999,48
1855,1213,93,6,12,11,sqrt(2/3),edge_midpoint,cube_corner,0.0012244897959183673,48
1856,1214,93,6,12,12,1,axis,axis,0.0022675736961451243,6
1857,1214,93,6,12,12,1,edge_midpoint,edge_midpoint,0.00145124716553288,12
1858,1214,93,6,12,12,1,cube_corner,cube_corner,0.0010331632653061223,8
1859,1215,94,6,13,0,-1,axis,axis,0.0022675736961451243,6
1860,1215,94,6,13,0,-1,edge_midpoint,edge_midpoint,0.00145124716553288,12
1861,1215,94,6,13,0,-1,cube_corner,cube_corner,0.0010331632653061223,8
1862,1216,94,6,13,1,-sqrt(2/3),edge_midpoint,cube_corner,0.0012244897959183673,48
1863,1217,94,6,13,2,-1/sqrt(2),axis,edge_midpoint,0.0018140589569160999,48
1864,1218,94,6,13,3,-1/sqrt(3),axis,cube_corner,0.0015306122448979589,48
1865,1219,94,6,13,4,-1/2,edge_midpoint,edge_midpoint,0.00145124716553288,48
1866,1220,94,6,13,5,-1/3,cube_corner,cube_corner,0.0010331632653061223,24
1867,1221,94,6,13,6,0,axis,axis,0.0022675736961451243,24
1868,1221,94,6,13,6,0,axis,edge_midpoint,0.0018140589569160999,48
1869,1221,94,6,13,6,0,edge_midpoint,edge_midpoint,0.00145124716553288,24
1870,1221,94,6,13,6,0,edge_midpoint,cube_corner,0.0012244897959183673,96
1871,1222,94,6,13,7,1/3,cube_corner,cube_corner,0.0010331632653061223,24
1872,1223,94,6,13,8,1/2,edge_midpoint,edge_midpoint,0.00145124716553288,48
1873,1224,94,6,13,9,1/sqrt(3),axis,cube_corner,0.0015306122448979589,48
1874,1225,94,6,13,10,1/sqrt(2),axis,edge_midpoint,0.0018140589569160999,48
1875,1226,94,6,13,11,sqrt(2/3),edge_midpoint,cube_corner,0.0012244897959183673,48
1876,1227,94,6,13,12,1,axis,axis,0.0022675736961451243,6
1877,1227,94,6,13,12,1,edge_midpoint,edge_midpoint,0.00145124716553288,12
1878,1227,94,6,13,12,1,cube_corner,cube_corner,0.0010331632653061223,8
1879,1228,95,6,14,0,-1,axis,axis,0.0022675736961451243,6
1880,1228,95,6,14,0,-1,edge_midpoint,edge_midpoint,0.00145124716553288,12
1881,1228,95,6,14,0,-1,cube_corner,cube_corner,0.0010331632653061223,8
1882,1229,95,6,14,1,-sqrt(2/3),edge_midpoint,cube_corner,0.0012244897959183673,48
1883,1230,95,6,14,2,-1/sqrt(2),axis,edge_midpoint,0.0018140589569160999,48
1884,1231,95,6,14,3,-1/sqrt(3),axis,cube_corner,0.0015306122448979589,48
1885,1232,95,6,14,4,-1/2,edge_midpoint,edge_midpoint,0.00145124716553288,48
1886,1233,95,6,14,5,-1/3,cube_corner,cube_corner,0.0010331632653061223,24
1887,1234,95,6,14,6,0,axis,axis,0.0022675736961451243,24
1888,1234,95,6,14,6,0,axis,edge_midpoint,0.0018140589569160999,48
1889,1234,95,6,14,6,0,edge_midpoint,edge_midpoint,0.00145124716553288,24
1890,1234,95,6,14,6,0,edge_midpoint,cube_corner,0.0012244897959183673,96
1891,1235,95,6,14,7,1/3,cube_corner,cube_corner,0.0010331632653061223,24
1892,1236,95,6,14,8,1/2,edge_midpoint,edge_midpoint,0.00145124716553288,48
1893,1237,95,6,14,9,1/sqrt(3),axis,cube_corner,0.0015306122448979589,48
1894,1238,95,6,14,10,1/sqrt(2),axis,edge_midpoint,0.0018140589569160999,48
1895,1239,95,6,14,11,sqrt(2/3),edge_midpoint,cube_corner,0.0012244897959183673,48
1896,1240,95,6,14,12,1,axis,axis,0.0022675736961451243,6
1897,1240,95,6,14,12,1,edge_midpoint,edge_midpoint,0.00145124716553288,12
1898,1240,95,6,14,12,1,cube_corner,cube_corner,0.0010331632653061223,8
1899,1241,96,6,15,0,-1,axis,axis,0.0022675736961451243,6
1900,1241,96,6,15,0,-1,edge_midpoint,edge_midpoint,0.00145124716553288,12
1901,1241,96,6,15,0,-1,cube_corner,cube_corner,0.0010331632653061223,8
1902,1242,96,6,15,1,-sqrt(2/3),edge_midpoint,cube_corner,0.0012244897959183673,48
1903,1243,96,6,15,2,-1/sqrt(2),axis,edge_midpoint,0.0018140589569160999,48
1904,1244,96,6,15,3,-1/sqrt(3),axis,cube_corner,0.0015306122448979589,48
1905,1245,96,6,15,4,-1/2,edge_midpoint,edge_midpoint,0.00145124716553288,48
1906,1246,96,6,15,5,-1/3,cube_corner,cube_corner,0.0010331632653061223,24
1907,1247,96,6,15,6,0,axis,axis,0.0022675736961451243,24
1908,1247,96,6,15,6,0,axis,edge_midpoint,0.0018140589569160999,48
1909,1247,96,6,15,6,0,edge_midpoint,edge_midpoint,0.00145124716553288,24
1910,1247,96,6,15,6,0,edge_midpoint,cube_corner,0.0012244897959183673,96
1911,1248,96,6,15,7,1/3,cube_corner,cube_corner,0.0010331632653061223,24
1912,1249,96,6,15,8,1/2,edge_midpoint,edge_midpoint,0.00145124716553288,48
1913,1250,96,6,15,9,1/sqrt(3),axis,cube_corner,0.0015306122448979589,48
1914,1251,96,6,15,10,1/sqrt(2),axis,edge_midpoint,0.0018140589569160999,48
1915,1252,96,6,15,11,sqrt(2/3),edge_midpoint,cube_corner,0.0012244897959183673,48
1916,1253,96,6,15,12,1,axis,axis,0.0022675736961451243,6
1917,1253,96,6,15,12,1,edge_midpoint,edge_midpoint,0.00145124716553288,12
1918,1253,96,6,15,12,1,cube_corner,cube_corner,0.0010331632653061223,8
1919,1254,97,6,16,0,-1,axis,axis,0.0022675736961451243,6
1920,1254,97,6,16,0,-1,edge_midpoint,edge_midpoint,0.00145124716553288,12
1921,1254,97,6,16,0,-1,cube_corner,cube_corner,0.0010331632653061223,8
1922,1255,97,6,16,1,-sqrt(2/3),edge_midpoint,cube_corner,0.0012244897959183673,48
1923,1256,97,6,16,2,-1/sqrt(2),axis,edge_midpoint,0.0018140589569160999,48
1924,1257,97,6,16,3,-1/sqrt(3),axis,cube_corner,0.0015306122448979589,48
1925,1258,97,6,16,4,-1/2,edge_midpoint,edge_midpoint,0.00145124716553288,48
1926,1259,97,6,16,5,-1/3,cube_corner,cube_corner,0.0010331632653061223,24
1927,1260,97,6,16,6,0,axis,axis,0.0022675736961451243,24
1928,1260,97,6,16,6,0,axis,edge_midpoint,0.0018140589569160999,48
1929,1260,97,6,16,6,0,edge_midpoint,edge_midpoint,0.00145124716553288,24
1930,1260,97,6,16,6,0,edge_midpoint,cube_corner,0.0012244897959183673,96
1931,1261,97,6,16,7,1/3,cube_corner,cube_corner,0.0010331632653061223,24
1932,1262,97,6,16,8,1/2,edge_midpoint,edge_midpoint,0.00145124716553288,48
1933,1263,97,6,16,9,1/sqrt(3),axis,cube_corner,0.0015306122448979589,48
1934,1264,97,6,16,10,1/sqrt(2),axis,edge_midpoint,0.0018140589569160999,48
1935,1265,97,6,16,11,sqrt(2/3),edge_midpoint,cube_corner,0.0012244897959183673,48
1936,1266,97,6,16,12,1,axis,axis,0.0022675736961451243,6
1937,1266,97,6,16,12,1,edge_midpoint,edge_midpoint,0.00145124716553288,12
1938,1266,97,6,16,12,1,cube_corner,cube_corner,0.0010331632653061223,8
1939,1267,98,7,7,0,-1,axis,axis,0.0022675736961451243,3
1940,1267,98,7,7,0,-1,edge_midpoint,edge_midpoint,0.00145124716553288,6
1941,1267,98,7,7,0,-1,cube_corner,cube_corner,0.0010331632653061223,4
1942,1268,98,7,7,1,-sqrt(2/3),edge_midpoint,cube_corner,0.0012244897959183673,24
1943,1269,98,7,7,2,-1/sqrt(2),axis,edge_midpoint,0.0018140589569160999,24
1944,1270,98,7,7,3,-1/sqrt(3),axis,cube_corner,0.0015306122448979589,24
1945,1271,98,7,7,4,-1/2,edge_midpoint,edge_midpoint,0.00145124716553288,24
1946,1272,98,7,7,5,-1/3,cube_corner,cube_corner,0.0010331632653061223,12
1947,1273,98,7,7,6,0,axis,axis,0.0022675736961451243,12
1948,1273,98,7,7,6,0,axis,edge_midpoint,0.0018140589569160999,24
1949,1273,98,7,7,6,0,edge_midpoint,edge_midpoint,0.00145124716553288,12
1950,1273,98,7,7,6,0,edge_midpoint,cube_corner,0.0012244897959183673,48
1951,1274,98,7,7,7,1/3,cube_corner,cube_corner,0.0010331632653061223,12
1952,1275,98,7,7,8,1/2,edge_midpoint,edge_midpoint,0.00145124716553288,24
1953,1276,98,7,7,9,1/sqrt(3),axis,cube_corner,0.0015306122448979589,24
1954,1277,98,7,7,10,1/sqrt(2),axis,edge_midpoint,0.0018140589569160999,24
1955,1278,98,7,7,11,sqrt(2/3),edge_midpoint,cube_corner,0.0012244897959183673,24
1956,1279,99,7,8,0,-1,axis,axis,0.0022675736961451243,6
1957,1279,99,7,8,0,-1,edge_midpoint,edge_midpoint,0.00145124716553288,12
1958,1279,99,7,8,0,-1,cube_corner,cube_corner,0.0010331632653061223,8
1959,1280,99,7,8,1,-sqrt(2/3),edge_midpoint,cube_corner,0.0012244897959183673,48
1960,1281,99,7,8,2,-1/sqrt(2),axis,edge_midpoint,0.0018140589569160999,48
1961,1282,99,7,8,3,-1/sqrt(3),axis,cube_corner,0.0015306122448979589,48
1962,1283,99,7,8,4,-1/2,edge_midpoint,edge_midpoint,0.00145124716553288,48
1963,1284,99,7,8,5,-1/3,cube_corner,cube_corner,0.0010331632653061223,24
1964,1285,99,7,8,6,0,axis,axis,0.0022675736961451243,24
1965,1285,99,7,8,6,0,axis,edge_midpoint,0.0018140589569160999,48
1966,1285,99,7,8,6,0,edge_midpoint,edge_midpoint,0.00145124716553288,24
1967,1285,99,7,8,6,0,edge_midpoint,cube_corner,0.0012244897959183673,96
1968,1286,99,7,8,7,1/3,cube_corner,cube_corner,0.0010331632653061223,24
1969,1287,99,7,8,8,1/2,edge_midpoint,edge_midpoint,0.00145124716553288,48
1970,1288,99,7,8,9,1/sqrt(3),axis,cube_corner,0.0015306122448979589,48
1971,1289,99,7,8,10,1/sqrt(2),axis,edge_midpoint,0.0018140589569160999,48
1972,1290,99,7,8,11,sqrt(2/3),edge_midpoint,cube_corner,0.0012244897959183673,48
1973,1291,99,7,8,12,1,axis,axis,0.0022675736961451243,6
1974,1291,99,7,8,12,1,edge_midpoint,edge_midpoint,0.00145124716553288,12
1975,1291,99,7,8,12,1,cube_corner,cube_corner,0.0010331632653061223,8
1976,1292,100,7,9,0,-1,axis,axis,0.0022675736961451243,6
1977,1292,100,7,9,0,-1,edge_midpoint,edge_midpoint,0.00145124716553288,12
1978,1292,100,7,9,0,-1,cube_corner,cube_corner,0.0010331632653061223,8
1979,1293,100,7,9,1,-sqrt(2/3),edge_midpoint,cube_corner,0.0012244897959183673,48
1980,1294,100,7,9,2,-1/sqrt(2),axis,edge_midpoint,0.0018140589569160999,48
1981,1295,100,7,9,3,-1/sqrt(3),axis,cube_corner,0.0015306122448979589,48
1982,1296,100,7,9,4,-1/2,edge_midpoint,edge_midpoint,0.00145124716553288,48
1983,1297,100,7,9,5,-1/3,cube_corner,cube_corner,0.0010331632653061223,24
1984,1298,100,7,9,6,0,axis,axis,0.0022675736961451243,24
1985,1298,100,7,9,6,0,axis,edge_midpoint,0.0018140589569160999,48
1986,1298,100,7,9,6,0,edge_midpoint,edge_midpoint,0.00145124716553288,24
1987,1298,100,7,9,6,0,edge_midpoint,cube_corner,0.0012244897959183673,96
1988,1299,100,7,9,7,1/3,cube_corner,cube_corner,0.0010331632653061223,24
1989,1300,100,7,9,8,1/2,edge_midpoint,edge_midpoint,0.00145124716553288,48
1990,1301,100,7,9,9,1/sqrt(3),axis,cube_corner,0.0015306122448979589,48
1991,1302,100,7,9,10,1/sqrt(2),axis,edge_midpoint,0.0018140589569160999,48
1992,1303,100,7,9,11,sqrt(2/3),edge_midpoint,cube_corner,0.0012244897959183673,48
1993,1304,100,7,9,12,1,axis,axis,0.0022675736961451243,6
1994,1304,100,7,9,12,1,edge_midpoint,edge_midpoint,0.00145124716553288,12
1995,1304,100,7,9,12,1,cube_corner,cube_corner,0.0010331632653061223,8
1996,1305,101,7,10,0,-1,axis,axis,0.0022675736961451243,6
1997,1305,101,7,10,0,-1,edge_midpoint,edge_midpoint,0.00145124716553288,12
1998,1305,101,7,10,0,-1,cube_corner,cube_corner,0.0010331632653061223,8
1999,1306,101,7,10,1,-sqrt(2/3),edge_midpoint,cube_corner,0.0012244897959183673,48
2000,1307,101,7,10,2,-1/sqrt(2),axis,edge_midpoint,0.0018140589569160999,48
2001,1308,101,7,10,3,-1/sqrt(3),axis,cube_corner,0.0015306122448979589,48
2002,1309,101,7,10,4,-1/2,edge_midpoint,edge_midpoint,0.00145124716553288,48
2003,1310,101,7,10,5,-1/3,cube_corner,cube_corner,0.0010331632653061223,24
2004,1311,101,7,10,6,0,axis,axis,0.0022675736961451243,24
2005,1311,101,7,10,6,0,axis,edge_midpoint,0.0018140589569160999,48
2006,1311,101,7,10,6,0,edge_midpoint,edge_midpoint,0.00145124716553288,24
2007,1311,101,7,10,6,0,edge_midpoint,cube_corner,0.0012244897959183673,96
2008,1312,101,7,10,7,1/3,cube_corner,cube_corner,0.0010331632653061223,24
2009,1313,101,7,10,8,1/2,edge_midpoint,edge_midpoint,0.00145124716553288,48
2010,1314,101,7,10,9,1/sqrt(3),axis,cube_corner,0.0015306122448979589,48
2011,1315,101,7,10,10,1/sqrt(2),axis,edge_midpoint,0.0018140589569160999,48
2012,1316,101,7,10,11,sqrt(2/3),edge_midpoint,cube_corner,0.0012244897959183673,48
2013,1317,101,7,10,12,1,axis,axis,0.0022675736961451243,6
2014,1317,101,7,10,12,1,edge_midpoint,edge_midpoint,0.00145124716553288,12
2015,1317,101,7,10,12,1,cube_corner,cube_corner,0.0010331632653061223,8
2016,1318,102,7,11,0,-1,axis,axis,0.0022675736961451243,6
2017,1318,102,7,11,0,-1,edge_midpoint,edge_midpoint,0.00145124716553288,12
2018,1318,102,7,11,0,-1,cube_corner,cube_corner,0.0010331632653061223,8
2019,1319,102,7,11,1,-sqrt(2/3),edge_midpoint,cube_corner,0.0012244897959183673,48
2020,1320,102,7,11,2,-1/sqrt(2),axis,edge_midpoint,0.0018140589569160999,48
2021,1321,102,7,11,3,-1/sqrt(3),axis,cube_corner,0.0015306122448979589,48
2022,1322,102,7,11,4,-1/2,edge_midpoint,edge_midpoint,0.00145124716553288,48
2023,1323,102,7,11,5,-1/3,cube_corner,cube_corner,0.0010331632653061223,24
2024,1324,102,7,11,6,0,axis,axis,0.0022675736961451243,24
2025,1324,102,7,11,6,0,axis,edge_midpoint,0.0018140589569160999,48
2026,1324,102,7,11,6,0,edge_midpoint,edge_midpoint,0.00145124716553288,24
2027,1324,102,7,11,6,0,edge_midpoint,cube_corner,0.0012244897959183673,96
2028,1325,102,7,11,7,1/3,cube_corner,cube_corner,0.0010331632653061223,24
2029,1326,102,7,11,8,1/2,edge_midpoint,edge_midpoint,0.00145124716553288,48
2030,1327,102,7,11,9,1/sqrt(3),axis,cube_corner,0.0015306122448979589,48
2031,1328,102,7,11,10,1/sqrt(2),axis,edge_midpoint,0.0018140589569160999,48
2032,1329,102,7,11,11,sqrt(2/3),edge_midpoint,cube_corner,0.0012244897959183673,48
2033,1330,102,7,11,12,1,axis,axis,0.0022675736961451243,6
2034,1330,102,7,11,12,1,edge_midpoint,edge_midpoint,0.00145124716553288,12
2035,1330,102,7,11,12,1,cube_corner,cube_corner,0.0010331632653061223,8
2036,1331,103,7,12,0,-1,axis,axis,0.0022675736961451243,6
2037,1331,103,7,12,0,-1,edge_midpoint,edge_midpoint,0.00145124716553288,12
2038,1331,103,7,12,0,-1,cube_corner,cube_corner,0.0010331632653061223,8
2039,1332,103,7,12,1,-sqrt(2/3),edge_midpoint,cube_corner,0.0012244897959183673,48
2040,1333,103,7,12,2,-1/sqrt(2),axis,edge_midpoint,0.0018140589569160999,48
2041,1334,103,7,12,3,-1/sqrt(3),axis,cube_corner,0.0015306122448979589,48
2042,1335,103,7,12,4,-1/2,edge_midpoint,edge_midpoint,0.00145124716553288,48
2043,1336,103,7,12,5,-1/3,cube_corner,cube_corner,0.0010331632653061223,24
2044,1337,103,7,12,6,0,axis,axis,0.0022675736961451243,24
2045,1337,103,7,12,6,0,axis,edge_midpoint,0.0018140589569160999,48
2046,1337,103,7,12,6,0,edge_midpoint,edge_midpoint,0.00145124716553288,24
2047,1337,103,7,12,6,0,edge_midpoint,cube_corner,0.0012244897959183673,96
2048,1338,103,7,12,7,1/3,cube_corner,cube_corner,0.0010331632653061223,24
2049,1339,103,7,12,8,1/2,edge_midpoint,edge_midpoint,0.00145124716553288,48
2050,1340,103,7,12,9,1/sqrt(3),axis,cube_corner,0.0015306122448979589,48
2051,1341,103,7,12,10,1/sqrt(2),axis,edge_midpoint,0.0018140589569160999,48
2052,1342,103,7,12,11,sqrt(2/3),edge_midpoint,cube_corner,0.0012244897959183673,48
2053,1343,103,7,12,12,1,axis,axis,0.0022675736961451243,6
2054,1343,103,7,12,12,1,edge_midpoint,edge_midpoint,0.00145124716553288,12
2055,1343,103,7,12,12,1,cube_corner,cube_corner,0.0010331632653061223,8
2056,1344,104,7,13,0,-1,axis,axis,0.0022675736961451243,6
2057,1344,104,7,13,0,-1,edge_midpoint,edge_midpoint,0.00145124716553288,12
2058,1344,104,7,13,0,-1,cube_corner,cube_corner,0.0010331632653061223,8
2059,1345,104,7,13,1,-sqrt(2/3),edge_midpoint,cube_corner,0.0012244897959183673,48
2060,1346,104,7,13,2,-1/sqrt(2),axis,edge_midpoint,0.0018140589569160999,48
2061,1347,104,7,13,3,-1/sqrt(3),axis,cube_corner,0.0015306122448979589,48
2062,1348,104,7,13,4,-1/2,edge_midpoint,edge_midpoint,0.00145124716553288,48
2063,1349,104,7,13,5,-1/3,cube_corner,cube_corner,0.0010331632653061223,24
2064,1350,104,7,13,6,0,axis,axis,0.0022675736961451243,24
2065,1350,104,7,13,6,0,axis,edge_midpoint,0.0018140589569160999,48
2066,1350,104,7,13,6,0,edge_midpoint,edge_midpoint,0.00145124716553288,24
2067,1350,104,7,13,6,0,edge_midpoint,cube_corner,0.0012244897959183673,96
2068,1351,104,7,13,7,1/3,cube_corner,cube_corner,0.0010331632653061223,24
2069,1352,104,7,13,8,1/2,edge_midpoint,edge_midpoint,0.00145124716553288,48
2070,1353,104,7,13,9,1/sqrt(3),axis,cube_corner,0.0015306122448979589,48
2071,1354,104,7,13,10,1/sqrt(2),axis,edge_midpoint,0.0018140589569160999,48
2072,1355,104,7,13,11,sqrt(2/3),edge_midpoint,cube_corner,0.0012244897959183673,48
2073,1356,104,7,13,12,1,axis,axis,0.0022675736961451243,6
2074,1356,104,7,13,12,1,edge_midpoint,edge_midpoint,0.00145124716553288,12
2075,1356,104,7,13,12,1,cube_corner,cube_corner,0.0010331632653061223,8
2076,1357,105,7,14,0,-1,axis,axis,0.0022675736961451243,6
2077,1357,105,7,14,0,-1,edge_midpoint,edge_midpoint,0.00145124716553288,12
2078,1357,105,7,14,0,-1,cube_corner,cube_corner,0.0010331632653061223,8
2079,1358,105,7,14,1,-sqrt(2/3),edge_midpoint,cube_corner,0.0012244897959183673,48
2080,1359,105,7,14,2,-1/sqrt(2),axis,edge_midpoint,0.0018140589569160999,48
2081,1360,105,7,14,3,-1/sqrt(3),axis,cube_corner,0.0015306122448979589,48
2082,1361,105,7,14,4,-1/2,edge_midpoint,edge_midpoint,0.00145124716553288,48
2083,1362,105,7,14,5,-1/3,cube_corner,cube_corner,0.0010331632653061223,24
2084,1363,105,7,14,6,0,axis,axis,0.0022675736961451243,24
2085,1363,105,7,14,6,0,axis,edge_midpoint,0.0018140589569160999,48
2086,1363,105,7,14,6,0,edge_midpoint,edge_midpoint,0.00145124716553288,24
2087,1363,105,7,14,6,0,edge_midpoint,cube_corner,0.0012244897959183673,96
2088,1364,105,7,14,7,1/3,cube_corner,cube_corner,0.0010331632653061223,24
2089,1365,105,7,14,8,1/2,edge_midpoint,edge_midpoint,0.00145124716553288,48
2090,1366,105,7,14,9,1/sqrt(3),axis,cube_corner,0.0015306122448979589,48
2091,1367,105,7,14,10,1/sqrt(2),axis,edge_midpoint,0.0018140589569160999,48
2092,1368,105,7,14,11,sqrt(2/3),edge_midpoint,cube_corner,0.0012244897959183673,48
2093,1369,105,7,14,12,1,axis,axis,0.0022675736961451243,6
2094,1369,105,7,14,12,1,edge_midpoint,edge_midpoint,0.00145124716553288,12
2095,1369,105,7,14,12,1,cube_corner,cube_corner,0.0010331632653061223,8
2096,1370,106,7,15,0,-1,axis,axis,0.0022675736961451243,6
2097,1370,106,7,15,0,-1,edge_midpoint,edge_midpoint,0.00145124716553288,12
2098,1370,106,7,15,0,-1,cube_corner,cube_corner,0.0010331632653061223,8
2099,1371,106,7,15,1,-sqrt(2/3),edge_midpoint,cube_corner,0.0012244897959183673,48
2100,1372,106,7,15,2,-1/sqrt(2),axis,edge_midpoint,0.0018140589569160999,48
2101,1373,106,7,15,3,-1/sqrt(3),axis,cube_corner,0.0015306122448979589,48
2102,1374,106,7,15,4,-1/2,edge_midpoint,edge_midpoint,0.00145124716553288,48
2103,1375,106,7,15,5,-1/3,cube_corner,cube_corner,0.0010331632653061223,24
2104,1376,106,7,15,6,0,axis,axis,0.0022675736961451243,24
2105,1376,106,7,15,6,0,axis,edge_midpoint,0.0018140589569160999,48
2106,1376,106,7,15,6,0,edge_midpoint,edge_midpoint,0.00145124716553288,24
2107,1376,106,7,15,6,0,edge_midpoint,cube_corner,0.0012244897959183673,96
2108,1377,106,7,15,7,1/3,cube_corner,cube_corner,0.0010331632653061223,24
2109,1378,106,7,15,8,1/2,edge_midpoint,edge_midpoint,0.00145124716553288,48
2110,1379,106,7,15,9,1/sqrt(3),axis,cube_corner,0.0015306122448979589,48
2111,1380,106,7,15,10,1/sqrt(2),axis,edge_midpoint,0.0018140589569160999,48
2112,1381,106,7,15,11,sqrt(2/3),edge_midpoint,cube_corner,0.0012244897959183673,48
2113,1382,106,7,15,12,1,axis,axis,0.0022675736961451243,6
2114,1382,106,7,15,12,1,edge_midpoint,edge_midpoint,0.00145124716553288,12
2115,1382,106,7,15,12,1,cube_corner,cube_corner,0.0010331632653061223,8
2116,1383,107,7,16,0,-1,axis,axis,0.0022675736961451243,6
2117,1383,107,7,16,0,-1,edge_midpoint,edge_midpoint,0.00145124716553288,12
2118,1383,107,7,16,0,-1,cube_corner,cube_corner,0.0010331632653061223,8
2119,1384,107,7,16,1,-sqrt(2/3),edge_midpoint,cube_corner,0.0012244897959183673,48
2120,1385,107,7,16,2,-1/sqrt(2),axis,edge_midpoint,0.0018140589569160999,48
2121,1386,107,7,16,3,-1/sqrt(3),axis,cube_corner,0.0015306122448979589,48
2122,1387,107,7,16,4,-1/2,edge_midpoint,edge_midpoint,0.00145124716553288,48
2123,1388,107,7,16,5,-1/3,cube_corner,cube_corner,0.0010331632653061223,24
2124,1389,107,7,16,6,0,axis,axis,0.0022675736961451243,24
2125,1389,107,7,16,6,0,axis,edge_midpoint,0.0018140589569160999,48
2126,1389,107,7,16,6,0,edge_midpoint,edge_midpoint,0.00145124716553288,24
2127,1389,107,7,16,6,0,edge_midpoint,cube_corner,0.0012244897959183673,96
2128,1390,107,7,16,7,1/3,cube_corner,cube_corner,0.0010331632653061223,24
2129,1391,107,7,16,8,1/2,edge_midpoint,edge_midpoint,0.00145124716553288,48
2130,1392,107,7,16,9,1/sqrt(3),axis,cube_corner,0.0015306122448979589,48
2131,1393,107,7,16,10,1/sqrt(2),axis,edge_midpoint,0.0018140589569160999,48
2132,1394,107,7,16,11,sqrt(2/3),edge_midpoint,cube_corner,0.0012244897959183673,48
2133,1395,107,7,16,12,1,axis,axis,0.0022675736961451243,6
2134,1395,107,7,16,12,1,edge_midpoint,edge_midpoint,0.00145124716553288,12
2135,1395,107,7,16,12,1,cube_corner,cube_corner,0.0010331632653061223,8
2136,1396,108,8,8,0,-1,axis,axis,0.0022675736961451243,3
2137,1396,108,8,8,0,-1,edge_midpoint,edge_midpoint,0.00145124716553288,6
2138,1396,108,8,8,0,-1,cube_corner,cube_corner,0.0010331632653061223,4
2139,1397,108,8,8,1,-sqrt(2/3),edge_midpoint,cube_corner,0.0012244897959183673,24
2140,1398,108,8,8,2,-1/sqrt(2),axis,edge_midpoint,0.0018140589569160999,24
2141,1399,108,8,8,3,-1/sqrt(3),axis,cube_corner,0.0015306122448979589,24
2142,1400,108,8,8,4,-1/2,edge_midpoint,edge_midpoint,0.00145124716553288,24
2143,1401,108,8,8,5,-1/3,cube_corner,cube_corner,0.0010331632653061223,12
2144,1402,108,8,8,6,0,axis,axis,0.0022675736961451243,12
2145,1402,108,8,8,6,0,axis,edge_midpoint,0.0018140589569160999,24
2146,1402,108,8,8,6,0,edge_midpoint,edge_midpoint,0.00145124716553288,12
2147,1402,108,8,8,6,0,edge_midpoint,cube_corner,0.0012244897959183673,48
2148,1403,108,8,8,7,1/3,cube_corner,cube_corner,0.0010331632653061223,12
2149,1404,108,8,8,8,1/2,edge_midpoint,edge_midpoint,0.00145124716553288,24
2150,1405,108,8,8,9,1/sqrt(3),axis,cube_corner,0.0015306122448979589,24
2151,1406,108,8,8,10,1/sqrt(2),axis,edge_midpoint,0.0018140589569160999,24
2152,1407,108,8,8,11,sqrt(2/3),edge_midpoint,cube_corner,0.0012244897959183673,24
2153,1408,109,8,9,0,-1,axis,axis,0.0022675736961451243,6
2154,1408,109,8,9,0,-1,edge_midpoint,edge_midpoint,0.00145124716553288,12
2155,1408,109,8,9,0,-1,cube_corner,cube_corner,0.0010331632653061223,8
2156,1409,109,8,9,1,-sqrt(2/3),edge_midpoint,cube_corner,0.0012244897959183673,48
2157,1410,109,8,9,2,-1/sqrt(2),axis,edge_midpoint,0.0018140589569160999,48
2158,1411,109,8,9,3,-1/sqrt(3),axis,cube_corner,0.0015306122448979589,48
2159,1412,109,8,9,4,-1/2,edge_midpoint,edge_midpoint,0.00145124716553288,48
2160,1413,109,8,9,5,-1/3,cube_corner,cube_corner,0.0010331632653061223,24
2161,1414,109,8,9,6,0,axis,axis,0.0022675736961451243,24
2162,1414,109,8,9,6,0,axis,edge_midpoint,0.0018140589569160999,48
2163,1414,109,8,9,6,0,edge_midpoint,edge_midpoint,0.00145124716553288,24
2164,1414,109,8,9,6,0,edge_midpoint,cube_corner,0.0012244897959183673,96
2165,1415,109,8,9,7,1/3,cube_corner,cube_corner,0.0010331632653061223,24
2166,1416,109,8,9,8,1/2,edge_midpoint,edge_midpoint,0.00145124716553288,48
2167,1417,109,8,9,9,1/sqrt(3),axis,cube_corner,0.0015306122448979589,48
2168,1418,109,8,9,10,1/sqrt(2),axis,edge_midpoint,0.0018140589569160999,48
2169,1419,109,8,9,11,sqrt(2/3),edge_midpoint,cube_corner,0.0012244897959183673,48
2170,1420,109,8,9,12,1,axis,axis,0.0022675736961451243,6
2171,1420,109,8,9,12,1,edge_midpoint,edge_midpoint,0.00145124716553288,12
2172,1420,109,8,9,12,1,cube_corner,cube_corner,0.0010331632653061223,8
2173,1421,110,8,10,0,-1,axis,axis,0.0022675736961451243,6
2174,1421,110,8,10,0,-1,edge_midpoint,edge_midpoint,0.00145124716553288,12
2175,1421,110,8,10,0,-1,cube_corner,cube_corner,0.0010331632653061223,8
2176,1422,110,8,10,1,-sqrt(2/3),edge_midpoint,cube_corner,0.0012244897959183673,48
2177,1423,110,8,10,2,-1/sqrt(2),axis,edge_midpoint,0.0018140589569160999,48
2178,1424,110,8,10,3,-1/sqrt(3),axis,cube_corner,0.0015306122448979589,48
2179,1425,110,8,10,4,-1/2,edge_midpoint,edge_midpoint,0.00145124716553288,48
2180,1426,110,8,10,5,-1/3,cube_corner,cube_corner,0.0010331632653061223,24
2181,1427,110,8,10,6,0,axis,axis,0.0022675736961451243,24
2182,1427,110,8,10,6,0,axis,edge_midpoint,0.0018140589569160999,48
2183,1427,110,8,10,6,0,edge_midpoint,edge_midpoint,0.00145124716553288,24
2184,1427,110,8,10,6,0,edge_midpoint,cube_corner,0.0012244897959183673,96
2185,1428,110,8,10,7,1/3,cube_corner,cube_corner,0.0010331632653061223,24
2186,1429,110,8,10,8,1/2,edge_midpoint,edge_midpoint,0.00145124716553288,48
2187,1430,110,8,10,9,1/sqrt(3),axis,cube_corner,0.0015306122448979589,48
2188,1431,110,8,10,10,1/sqrt(2),axis,edge_midpoint,0.0018140589569160999,48
2189,1432,110,8,10,11,sqrt(2/3),edge_midpoint,cube_corner,0.0012244897959183673,48
2190,1433,110,8,10,12,1,axis,axis,0.0022675736961451243,6
2191,1433,110,8,10,12,1,edge_midpoint,edge_midpoint,0.00145124716553288,12
2192,1433,110,8,10,12,1,cube_corner,cube_corner,0.0010331632653061223,8
2193,1434,111,8,11,0,-1,axis,axis,0.0022675736961451243,6
2194,1434,111,8,11,0,-1,edge_midpoint,edge_midpoint,0.00145124716553288,12
2195,1434,111,8,11,0,-1,cube_corner,cube_corner,0.0010331632653061223,8
2196,1435,111,8,11,1,-sqrt(2/3),edge_midpoint,cube_corner,0.0012244897959183673,48
2197,1436,111,8,11,2,-1/sqrt(2),axis,edge_midpoint,0.0018140589569160999,48
2198,1437,111,8,11,3,-1/sqrt(3),axis,cube_corner,0.0015306122448979589,48
2199,1438,111,8,11,4,-1/2,edge_midpoint,edge_midpoint,0.00145124716553288,48
2200,1439,111,8,11,5,-1/3,cube_corner,cube_corner,0.0010331632653061223,24
2201,1440,111,8,11,6,0,axis,axis,0.0022675736961451243,24
2202,1440,111,8,11,6,0,axis,edge_midpoint,0.0018140589569160999,48
2203,1440,111,8,11,6,0,edge_midpoint,edge_midpoint,0.00145124716553288,24
2204,1440,111,8,11,6,0,edge_midpoint,cube_corner,0.0012244897959183673,96
2205,1441,111,8,11,7,1/3,cube_corner,cube_corner,0.0010331632653061223,24
2206,1442,111,8,11,8,1/2,edge_midpoint,edge_midpoint,0.00145124716553288,48
2207,1443,111,8,11,9,1/sqrt(3),axis,cube_corner,0.0015306122448979589,48
2208,1444,111,8,11,10,1/sqrt(2),axis,edge_midpoint,0.0018140589569160999,48
2209,1445,111,8,11,11,sqrt(2/3),edge_midpoint,cube_corner,0.0012244897959183673,48
2210,1446,111,8,11,12,1,axis,axis,0.0022675736961451243,6
2211,1446,111,8,11,12,1,edge_midpoint,edge_midpoint,0.00145124716553288,12
2212,1446,111,8,11,12,1,cube_corner,cube_corner,0.0010331632653061223,8
2213,1447,112,8,12,0,-1,axis,axis,0.0022675736961451243,6
2214,1447,112,8,12,0,-1,edge_midpoint,edge_midpoint,0.00145124716553288,12
2215,1447,112,8,12,0,-1,cube_corner,cube_corner,0.0010331632653061223,8
2216,1448,112,8,12,1,-sqrt(2/3),edge_midpoint,cube_corner,0.0012244897959183673,48
2217,1449,112,8,12,2,-1/sqrt(2),axis,edge_midpoint,0.0018140589569160999,48
2218,1450,112,8,12,3,-1/sqrt(3),axis,cube_corner,0.0015306122448979589,48
2219,1451,112,8,12,4,-1/2,edge_midpoint,edge_midpoint,0.00145124716553288,48
2220,1452,112,8,12,5,-1/3,cube_corner,cube_corner,0.0010331632653061223,24
2221,1453,112,8,12,6,0,axis,axis,0.0022675736961451243,24
2222,1453,112,8,12,6,0,axis,edge_midpoint,0.0018140589569160999,48
2223,1453,112,8,12,6,0,edge_midpoint,edge_midpoint,0.00145124716553288,24
2224,1453,112,8,12,6,0,edge_midpoint,cube_corner,0.0012244897959183673,96
2225,1454,112,8,12,7,1/3,cube_corner,cube_corner,0.0010331632653061223,24
2226,1455,112,8,12,8,1/2,edge_midpoint,edge_midpoint,0.00145124716553288,48
2227,1456,112,8,12,9,1/sqrt(3),axis,cube_corner,0.0015306122448979589,48
2228,1457,112,8,12,10,1/sqrt(2),axis,edge_midpoint,0.0018140589569160999,48
2229,1458,112,8,12,11,sqrt(2/3),edge_midpoint,cube_corner,0.0012244897959183673,48
2230,1459,112,8,12,12,1,axis,axis,0.0022675736961451243,6
2231,1459,112,8,12,12,1,edge_midpoint,edge_midpoint,0.00145124716553288,12
2232,1459,112,8,12,12,1,cube_corner,cube_corner,0.0010331632653061223,8
2233,1460,113,8,13,0,-1,axis,axis,0.0022675736961451243,6
2234,1460,113,8,13,0,-1,edge_midpoint,edge_midpoint,0.00145124716553288,12
2235,1460,113,8,13,0,-1,cube_corner,cube_corner,0.0010331632653061223,8
2236,1461,113,8,13,1,-sqrt(2/3),edge_midpoint,cube_corner,0.0012244897959183673,48
2237,1462,113,8,13,2,-1/sqrt(2),axis,edge_midpoint,0.0018140589569160999,48
2238,1463,113,8,13,3,-1/sqrt(3),axis,cube_corner,0.0015306122448979589,48
2239,1464,113,8,13,4,-1/2,edge_midpoint,edge_midpoint,0.00145124716553288,48
2240,1465,113,8,13,5,-1/3,cube_corner,cube_corner,0.0010331632653061223,24
2241,1466,113,8,13,6,0,axis,axis,0.0022675736961451243,24
2242,1466,113,8,13,6,0,axis,edge_midpoint,0.0018140589569160999,48
2243,1466,113,8,13,6,0,edge_midpoint,edge_midpoint,0.00145124716553288,24
2244,1466,113,8,13,6,0,edge_midpoint,cube_corner,0.0012244897959183673,96
2245,1467,113,8,13,7,1/3,cube_corner,cube_corner,0.0010331632653061223,24
2246,1468,113,8,13,8,1/2,edge_midpoint,edge_midpoint,0.00145124716553288,48
2247,1469,113,8,13,9,1/sqrt(3),axis,cube_corner,0.0015306122448979589,48
2248,1470,113,8,13,10,1/sqrt(2),axis,edge_midpoint,0.0018140589569160999,48
2249,1471,113,8,13,11,sqrt(2/3),edge_midpoint,cube_corner,0.0012244897959183673,48
2250,1472,113,8,13,12,1,axis,axis,0.0022675736961451243,6
2251,1472,113,8,13,12,1,edge_midpoint,edge_midpoint,0.00145124716553288,12
2252,1472,113,8,13,12,1,cube_corner,cube_corner,0.0010331632653061223,8
2253,1473,114,8,14,0,-1,axis,axis,0.0022675736961451243,6
2254,1473,114,8,14,0,-1,edge_midpoint,edge_midpoint,0.00145124716553288,12
2255,1473,114,8,14,0,-1,cube_corner,cube_corner,0.0010331632653061223,8
2256,1474,114,8,14,1,-sqrt(2/3),edge_midpoint,cube_corner,0.0012244897959183673,48
2257,1475,114,8,14,2,-1/sqrt(2),axis,edge_midpoint,0.0018140589569160999,48
2258,1476,114,8,14,3,-1/sqrt(3),axis,cube_corner,0.0015306122448979589,48
2259,1477,114,8,14,4,-1/2,edge_midpoint,edge_midpoint,0.00145124716553288,48
2260,1478,114,8,14,5,-1/3,cube_corner,cube_corner,0.0010331632653061223,24
2261,1479,114,8,14,6,0,axis,axis,0.0022675736961451243,24
2262,1479,114,8,14,6,0,axis,edge_midpoint,0.0018140589569160999,48
2263,1479,114,8,14,6,0,edge_midpoint,edge_midpoint,0.00145124716553288,24
2264,1479,114,8,14,6,0,edge_midpoint,cube_corner,0.0012244897959183673,96
2265,1480,114,8,14,7,1/3,cube_corner,cube_corner,0.0010331632653061223,24
2266,1481,114,8,14,8,1/2,edge_midpoint,edge_midpoint,0.00145124716553288,48
2267,1482,114,8,14,9,1/sqrt(3),axis,cube_corner,0.0015306122448979589,48
2268,1483,114,8,14,10,1/sqrt(2),axis,edge_midpoint,0.0018140589569160999,48
2269,1484,114,8,14,11,sqrt(2/3),edge_midpoint,cube_corner,0.0012244897959183673,48
2270,1485,114,8,14,12,1,axis,axis,0.0022675736961451243,6
2271,1485,114,8,14,12,1,edge_midpoint,edge_midpoint,0.00145124716553288,12
2272,1485,114,8,14,12,1,cube_corner,cube_corner,0.0010331632653061223,8
2273,1486,115,8,15,0,-1,axis,axis,0.0022675736961451243,6
2274,1486,115,8,15,0,-1,edge_midpoint,edge_midpoint,0.00145124716553288,12
2275,1486,115,8,15,0,-1,cube_corner,cube_corner,0.0010331632653061223,8
2276,1487,115,8,15,1,-sqrt(2/3),edge_midpoint,cube_corner,0.0012244897959183673,48
2277,1488,115,8,15,2,-1/sqrt(2),axis,edge_midpoint,0.0018140589569160999,48
2278,1489,115,8,15,3,-1/sqrt(3),axis,cube_corner,0.0015306122448979589,48
2279,1490,115,8,15,4,-1/2,edge_midpoint,edge_midpoint,0.00145124716553288,48
2280,1491,115,8,15,5,-1/3,cube_corner,cube_corner,0.0010331632653061223,24
2281,1492,115,8,15,6,0,axis,axis,0.0022675736961451243,24
2282,1492,115,8,15,6,0,axis,edge_midpoint,0.0018140589569160999,48
2283,1492,115,8,15,6,0,edge_midpoint,edge_midpoint,0.00145124716553288,24
2284,1492,115,8,15,6,0,edge_midpoint,cube_corner,0.0012244897959183673,96
2285,1493,115,8,15,7,1/3,cube_corner,cube_corner,0.0010331632653061223,24
2286,1494,115,8,15,8,1/2,edge_midpoint,edge_midpoint,0.00145124716553288,48
2287,1495,115,8,15,9,1/sqrt(3),axis,cube_corner,0.0015306122448979589,48
2288,1496,115,8,15,10,1/sqrt(2),axis,edge_midpoint,0.0018140589569160999,48
2289,1497,115,8,15,11,sqrt(2/3),edge_midpoint,cube_corner,0.0012244897959183673,48
2290,1498,115,8,15,12,1,axis,axis,0.0022675736961451243,6
2291,1498,115,8,15,12,1,edge_midpoint,edge_midpoint,0.00145124716553288,12
2292,1498,115,8,15,12,1,cube_corner,cube_corner,0.0010331632653061223,8
2293,1499,116,8,16,0,-1,axis,axis,0.0022675736961451243,6
2294,1499,116,8,16,0,-1,edge_midpoint,edge_midpoint,0.00145124716553288,12
2295,1499,116,8,16,0,-1,cube_corner,cube_corner,0.0010331632653061223,8
2296,1500,116,8,16,1,-sqrt(2/3),edge_midpoint,cube_corner,0.0012244897959183673,48
2297,1501,116,8,16,2,-1/sqrt(2),axis,edge_midpoint,0.0018140589569160999,48
2298,1502,116,8,16,3,-1/sqrt(3),axis,cube_corner,0.0015306122448979589,48
2299,1503,116,8,16,4,-1/2,edge_midpoint,edge_midpoint,0.00145124716553288,48
2300,1504,116,8,16,5,-1/3,cube_corner,cube_corner,0.0010331632653061223,24
2301,1505,116,8,16,6,0,axis,axis,0.0022675736961451243,24
2302,1505,116,8,16,6,0,axis,edge_midpoint,0.0018140589569160999,48
2303,1505,116,8,16,6,0,edge_midpoint,edge_midpoint,0.00145124716553288,24
2304,1505,116,8,16,6,0,edge_midpoint,cube_corner,0.0012244897959183673,96
2305,1506,116,8,16,7,1/3,cube_corner,cube_corner,0.0010331632653061223,24
2306,1507,116,8,16,8,1/2,edge_midpoint,edge_midpoint,0.00145124716553288,48
2307,1508,116,8,16,9,1/sqrt(3),axis,cube_corner,0.0015306122448979589,48
2308,1509,116,8,16,10,1/sqrt(2),axis,edge_midpoint,0.0018140589569160999,48
2309,1510,116,8,16,11,sqrt(2/3),edge_midpoint,cube_corner,0.0012244897959183673,48
2310,1511,116,8,16,12,1,axis,axis,0.0022675736961451243,6
2311,1511,116,8,16,12,1,edge_midpoint,edge_midpoint,0.00145124716553288,12
2312,1511,116,8,16,12,1,cube_corner,cube_corner,0.0010331632653061223,8
2313,1512,117,9,9,0,-1,axis,axis,0.0022675736961451243,3
2314,1512,117,9,9,0,-1,edge_midpoint,edge_midpoint,0.00145124716553288,6
2315,1512,117,9,9,0,-1,cube_corner,cube_corner,0.0010331632653061223,4
2316,1513,117,9,9,1,-sqrt(2/3),edge_midpoint,cube_corner,0.0012244897959183673,24
2317,1514,117,9,9,2,-1/sqrt(2),axis,edge_midpoint,0.0018140589569160999,24
2318,1515,117,9,9,3,-1/sqrt(3),axis,cube_corner,0.0015306122448979589,24
2319,1516,117,9,9,4,-1/2,edge_midpoint,edge_midpoint,0.00145124716553288,24
2320,1517,117,9,9,5,-1/3,cube_corner,cube_corner,0.0010331632653061223,12
2321,1518,117,9,9,6,0,axis,axis,0.0022675736961451243,12
2322,1518,117,9,9,6,0,axis,edge_midpoint,0.0018140589569160999,24
2323,1518,117,9,9,6,0,edge_midpoint,edge_midpoint,0.00145124716553288,12
2324,1518,117,9,9,6,0,edge_midpoint,cube_corner,0.0012244897959183673,48
2325,1519,117,9,9,7,1/3,cube_corner,cube_corner,0.0010331632653061223,12
2326,1520,117,9,9,8,1/2,edge_midpoint,edge_midpoint,0.00145124716553288,24
2327,1521,117,9,9,9,1/sqrt(3),axis,cube_corner,0.0015306122448979589,24
2328,1522,117,9,9,10,1/sqrt(2),axis,edge_midpoint,0.0018140589569160999,24
2329,1523,117,9,9,11,sqrt(2/3),edge_midpoint,cube_corner,0.0012244897959183673,24
2330,1524,118,9,10,0,-1,axis,axis,0.0022675736961451243,6
2331,1524,118,9,10,0,-1,edge_midpoint,edge_midpoint,0.00145124716553288,12
2332,1524,118,9,10,0,-1,cube_corner,cube_corner,0.0010331632653061223,8
2333,1525,118,9,10,1,-sqrt(2/3),edge_midpoint,cube_corner,0.0012244897959183673,48
2334,1526,118,9,10,2,-1/sqrt(2),axis,edge_midpoint,0.0018140589569160999,48
2335,1527,118,9,10,3,-1/sqrt(3),axis,cube_corner,0.0015306122448979589,48
2336,1528,118,9,10,4,-1/2,edge_midpoint,edge_midpoint,0.00145124716553288,48
2337,1529,118,9,10,5,-1/3,cube_corner,cube_corner,0.0010331632653061223,24
2338,1530,118,9,10,6,0,axis,axis,0.0022675736961451243,24
2339,1530,118,9,10,6,0,axis,edge_midpoint,0.0018140589569160999,48
2340,1530,118,9,10,6,0,edge_midpoint,edge_midpoint,0.00145124716553288,24
2341,1530,118,9,10,6,0,edge_midpoint,cube_corner,0.0012244897959183673,96
2342,1531,118,9,10,7,1/3,cube_corner,cube_corner,0.0010331632653061223,24
2343,1532,118,9,10,8,1/2,edge_midpoint,edge_midpoint,0.00145124716553288,48
2344,1533,118,9,10,9,1/sqrt(3),axis,cube_corner,0.0015306122448979589,48
2345,1534,118,9,10,10,1/sqrt(2),axis,edge_midpoint,0.0018140589569160999,48
2346,1535,118,9,10,11,sqrt(2/3),edge_midpoint,cube_corner,0.0012244897959183673,48
2347,1536,118,9,10,12,1,axis,axis,0.0022675736961451243,6
2348,1536,118,9,10,12,1,edge_midpoint,edge_midpoint,0.00145124716553288,12
2349,1536,118,9,10,12,1,cube_corner,cube_corner,0.0010331632653061223,8
2350,1537,119,9,11,0,-1,axis,axis,0.0022675736961451243,6
2351,1537,119,9,11,0,-1,edge_midpoint,edge_midpoint,0.00145124716553288,12
2352,1537,119,9,11,0,-1,cube_corner,cube_corner,0.0010331632653061223,8
2353,1538,119,9,11,1,-sqrt(2/3),edge_midpoint,cube_corner,0.0012244897959183673,48
2354,1539,119,9,11,2,-1/sqrt(2),axis,edge_midpoint,0.0018140589569160999,48
2355,1540,119,9,11,3,-1/sqrt(3),axis,cube_corner,0.0015306122448979589,48
2356,1541,119,9,11,4,-1/2,edge_midpoint,edge_midpoint,0.00145124716553288,48
2357,1542,119,9,11,5,-1/3,cube_corner,cube_corner,0.0010331632653061223,24
2358,1543,119,9,11,6,0,axis,axis,0.0022675736961451243,24
2359,1543,119,9,11,6,0,axis,edge_midpoint,0.0018140589569160999,48
2360,1543,119,9,11,6,0,edge_midpoint,edge_midpoint,0.00145124716553288,24
2361,1543,119,9,11,6,0,edge_midpoint,cube_corner,0.0012244897959183673,96
2362,1544,119,9,11,7,1/3,cube_corner,cube_corner,0.0010331632653061223,24
2363,1545,119,9,11,8,1/2,edge_midpoint,edge_midpoint,0.00145124716553288,48
2364,1546,119,9,11,9,1/sqrt(3),axis,cube_corner,0.0015306122448979589,48
2365,1547,119,9,11,10,1/sqrt(2),axis,edge_midpoint,0.0018140589569160999,48
2366,1548,119,9,11,11,sqrt(2/3),edge_midpoint,cube_corner,0.0012244897959183673,48
2367,1549,119,9,11,12,1,axis,axis,0.0022675736961451243,6
2368,1549,119,9,11,12,1,edge_midpoint,edge_midpoint,0.00145124716553288,12
2369,1549,119,9,11,12,1,cube_corner,cube_corner,0.0010331632653061223,8
2370,1550,120,9,12,0,-1,axis,axis,0.0022675736961451243,6
2371,1550,120,9,12,0,-1,edge_midpoint,edge_midpoint,0.00145124716553288,12
2372,1550,120,9,12,0,-1,cube_corner,cube_corner,0.0010331632653061223,8
2373,1551,120,9,12,1,-sqrt(2/3),edge_midpoint,cube_corner,0.0012244897959183673,48
2374,1552,120,9,12,2,-1/sqrt(2),axis,edge_midpoint,0.0018140589569160999,48
2375,1553,120,9,12,3,-1/sqrt(3),axis,cube_corner,0.0015306122448979589,48
2376,1554,120,9,12,4,-1/2,edge_midpoint,edge_midpoint,0.00145124716553288,48
2377,1555,120,9,12,5,-1/3,cube_corner,cube_corner,0.0010331632653061223,24
2378,1556,120,9,12,6,0,axis,axis,0.0022675736961451243,24
2379,1556,120,9,12,6,0,axis,edge_midpoint,0.0018140589569160999,48
2380,1556,120,9,12,6,0,edge_midpoint,edge_midpoint,0.00145124716553288,24
2381,1556,120,9,12,6,0,edge_midpoint,cube_corner,0.0012244897959183673,96
2382,1557,120,9,12,7,1/3,cube_corner,cube_corner,0.0010331632653061223,24
2383,1558,120,9,12,8,1/2,edge_midpoint,edge_midpoint,0.00145124716553288,48
2384,1559,120,9,12,9,1/sqrt(3),axis,cube_corner,0.0015306122448979589,48
2385,1560,120,9,12,10,1/sqrt(2),axis,edge_midpoint,0.0018140589569160999,48
2386,1561,120,9,12,11,sqrt(2/3),edge_midpoint,cube_corner,0.0012244897959183673,48
2387,1562,120,9,12,12,1,axis,axis,0.0022675736961451243,6
2388,1562,120,9,12,12,1,edge_midpoint,edge_midpoint,0.00145124716553288,12
2389,1562,120,9,12,12,1,cube_corner,cube_corner,0.0010331632653061223,8
2390,1563,121,9,13,0,-1,axis,axis,0.0022675736961451243,6
2391,1563,121,9,13,0,-1,edge_midpoint,edge_midpoint,0.00145124716553288,12
2392,1563,121,9,13,0,-1,cube_corner,cube_corner,0.0010331632653061223,8
2393,1564,121,9,13,1,-sqrt(2/3),edge_midpoint,cube_corner,0.0012244897959183673,48
2394,1565,121,9,13,2,-1/sqrt(2),axis,edge_midpoint,0.0018140589569160999,48
2395,1566,121,9,13,3,-1/sqrt(3),axis,cube_corner,0.0015306122448979589,48
2396,1567,121,9,13,4,-1/2,edge_midpoint,edge_midpoint,0.00145124716553288,48
2397,1568,121,9,13,5,-1/3,cube_corner,cube_corner,0.0010331632653061223,24
2398,1569,121,9,13,6,0,axis,axis,0.0022675736961451243,24
2399,1569,121,9,13,6,0,axis,edge_midpoint,0.0018140589569160999,48
2400,1569,121,9,13,6,0,edge_midpoint,edge_midpoint,0.00145124716553288,24
2401,1569,121,9,13,6,0,edge_midpoint,cube_corner,0.0012244897959183673,96
2402,1570,121,9,13,7,1/3,cube_corner,cube_corner,0.0010331632653061223,24
2403,1571,121,9,13,8,1/2,edge_midpoint,edge_midpoint,0.00145124716553288,48
2404,1572,121,9,13,9,1/sqrt(3),axis,cube_corner,0.0015306122448979589,48
2405,1573,121,9,13,10,1/sqrt(2),axis,edge_midpoint,0.0018140589569160999,48
2406,1574,121,9,13,11,sqrt(2/3),edge_midpoint,cube_corner,0.0012244897959183673,48
2407,1575,121,9,13,12,1,axis,axis,0.0022675736961451243,6
2408,1575,121,9,13,12,1,edge_midpoint,edge_midpoint,0.00145124716553288,12
2409,1575,121,9,13,12,1,cube_corner,cube_corner,0.0010331632653061223,8
2410,1576,122,9,14,0,-1,axis,axis,0.0022675736961451243,6
2411,1576,122,9,14,0,-1,edge_midpoint,edge_midpoint,0.00145124716553288,12
2412,1576,122,9,14,0,-1,cube_corner,cube_corner,0.0010331632653061223,8
2413,1577,122,9,14,1,-sqrt(2/3),edge_midpoint,cube_corner,0.0012244897959183673,48
2414,1578,122,9,14,2,-1/sqrt(2),axis,edge_midpoint,0.0018140589569160999,48
2415,1579,122,9,14,3,-1/sqrt(3),axis,cube_corner,0.0015306122448979589,48
2416,1580,122,9,14,4,-1/2,edge_midpoint,edge_midpoint,0.00145124716553288,48
2417,1581,122,9,14,5,-1/3,cube_corner,cube_corner,0.0010331632653061223,24
2418,1582,122,9,14,6,0,axis,axis,0.0022675736961451243,24
2419,1582,122,9,14,6,0,axis,edge_midpoint,0.0018140589569160999,48
2420,1582,122,9,14,6,0,edge_midpoint,edge_midpoint,0.00145124716553288,24
2421,1582,122,9,14,6,0,edge_midpoint,cube_corner,0.0012244897959183673,96
2422,1583,122,9,14,7,1/3,cube_corner,cube_corner,0.0010331632653061223,24
2423,1584,122,9,14,8,1/2,edge_midpoint,edge_midpoint,0.00145124716553288,48
2424,1585,122,9,14,9,1/sqrt(3),axis,cube_corner,0.0015306122448979589,48
2425,1586,122,9,14,10,1/sqrt(2),axis,edge_midpoint,0.0018140589569160999,48
2426,1587,122,9,14,11,sqrt(2/3),edge_midpoint,cube_corner,0.0012244897959183673,48
2427,1588,122,9,14,12,1,axis,axis,0.0022675736961451243,6
2428,1588,122,9,14,12,1,edge_midpoint,edge_midpoint,0.00145124716553288,12
2429,1588,122,9,14,12,1,cube_corner,cube_corner,0.0010331632653061223,8
2430,1589,123,9,15,0,-1,axis,axis,0.0022675736961451243,6
2431,1589,123,9,15,0,-1,edge_midpoint,edge_midpoint,0.00145124716553288,12
2432,1589,123,9,15,0,-1,cube_corner,cube_corner,0.0010331632653061223,8
2433,1590,123,9,15,1,-sqrt(2/3),edge_midpoint,cube_corner,0.0012244897959183673,48
2434,1591,123,9,15,2,-1/sqrt(2),axis,edge_midpoint,0.0018140589569160999,48
2435,1592,123,9,15,3,-1/sqrt(3),axis,cube_corner,0.0015306122448979589,48
2436,1593,123,9,15,4,-1/2,edge_midpoint,edge_midpoint,0.00145124716553288,48
2437,1594,123,9,15,5,-1/3,cube_corner,cube_corner,0.0010331632653061223,24
2438,1595,123,9,15,6,0,axis,axis,0.0022675736961451243,24
2439,1595,123,9,15,6,0,axis,edge_midpoint,0.0018140589569160999,48
2440,1595,123,9,15,6,0,edge_midpoint,edge_midpoint,0.00145124716553288,24
2441,1595,123,9,15,6,0,edge_midpoint,cube_corner,0.0012244897959183673,96
2442,1596,123,9,15,7,1/3,cube_corner,cube_corner,0.0010331632653061223,24
2443,1597,123,9,15,8,1/2,edge_midpoint,edge_midpoint,0.00145124716553288,48
2444,1598,123,9,15,9,1/sqrt(3),axis,cube_corner,0.0015306122448979589,48
2445,1599,123,9,15,10,1/sqrt(2),axis,edge_midpoint,0.0018140589569160999,48
2446,1600,123,9,15,11,sqrt(2/3),edge_midpoint,cube_corner,0.0012244897959183673,48
2447,1601,123,9,15,12,1,axis,axis,0.0022675736961451243,6
2448,1601,123,9,15,12,1,edge_midpoint,edge_midpoint,0.00145124716553288,12
2449,1601,123,9,15,12,1,cube_corner,cube_corner,0.0010331632653061223,8
2450,1602,124,9,16,0,-1,axis,axis,0.0022675736961451243,6
2451,1602,124,9,16,0,-1,edge_midpoint,edge_midpoint,0.00145124716553288,12
2452,1602,124,9,16,0,-1,cube_corner,cube_corner,0.0010331632653061223,8
2453,1603,124,9,16,1,-sqrt(2/3),edge_midpoint,cube_corner,0.0012244897959183673,48
2454,1604,124,9,16,2,-1/sqrt(2),axis,edge_midpoint,0.0018140589569160999,48
2455,1605,124,9,16,3,-1/sqrt(3),axis,cube_corner,0.0015306122448979589,48
2456,1606,124,9,16,4,-1/2,edge_midpoint,edge_midpoint,0.00145124716553288,48
2457,1607,124,9,16,5,-1/3,cube_corner,cube_corner,0.0010331632653061223,24
2458,1608,124,9,16,6,0,axis,axis,0.0022675736961451243,24
2459,1608,124,9,16,6,0,axis,edge_midpoint,0.0018140589569160999,48
2460,1608,124,9,16,6,0,edge_midpoint,edge_midpoint,0.00145124716553288,24
2461,1608,124,9,16,6,0,edge_midpoint,cube_corner,0.0012244897959183673,96
2462,1609,124,9,16,7,1/3,cube_corner,cube_corner,0.0010331632653061223,24
2463,1610,124,9,16,8,1/2,edge_midpoint,edge_midpoint,0.00145124716553288,48
2464,1611,124,9,16,9,1/sqrt(3),axis,cube_corner,0.0015306122448979589,48
2465,1612,124,9,16,10,1/sqrt(2),axis,edge_midpoint,0.0018140589569160999,48
2466,1613,124,9,16,11,sqrt(2/3),edge_midpoint,cube_corner,0.0012244897959183673,48
2467,1614,124,9,16,12,1,axis,axis,0.0022675736961451243,6
2468,1614,124,9,16,12,1,edge_midpoint,edge_midpoint,0.00145124716553288,12
2469,1614,124,9,16,12,1,cube_corner,cube_corner,0.0010331632653061223,8
2470,1615,125,10,10,0,-1,axis,axis,0.0022675736961451243,3
2471,1615,125,10,10,0,-1,edge_midpoint,edge_midpoint,0.00145124716553288,6
2472,1615,125,10,10,0,-1,cube_corner,cube_corner,0.0010331632653061223,4
2473,1616,125,10,10,1,-sqrt(2/3),edge_midpoint,cube_corner,0.0012244897959183673,24
2474,1617,125,10,10,2,-1/sqrt(2),axis,edge_midpoint,0.0018140589569160999,24
2475,1618,125,10,10,3,-1/sqrt(3),axis,cube_corner,0.0015306122448979589,24
2476,1619,125,10,10,4,-1/2,edge_midpoint,edge_midpoint,0.00145124716553288,24
2477,1620,125,10,10,5,-1/3,cube_corner,cube_corner,0.0010331632653061223,12
2478,1621,125,10,10,6,0,axis,axis,0.0022675736961451243,12
2479,1621,125,10,10,6,0,axis,edge_midpoint,0.0018140589569160999,24
2480,1621,125,10,10,6,0,edge_midpoint,edge_midpoint,0.00145124716553288,12
2481,1621,125,10,10,6,0,edge_midpoint,cube_corner,0.0012244897959183673,48
2482,1622,125,10,10,7,1/3,cube_corner,cube_corner,0.0010331632653061223,12
2483,1623,125,10,10,8,1/2,edge_midpoint,edge_midpoint,0.00145124716553288,24
2484,1624,125,10,10,9,1/sqrt(3),axis,cube_corner,0.0015306122448979589,24
2485,1625,125,10,10,10,1/sqrt(2),axis,edge_midpoint,0.0018140589569160999,24
2486,1626,125,10,10,11,sqrt(2/3),edge_midpoint,cube_corner,0.0012244897959183673,24
2487,1627,126,10,11,0,-1,axis,axis,0.0022675736961451243,6
2488,1627,126,10,11,0,-1,edge_midpoint,edge_midpoint,0.00145124716553288,12
2489,1627,126,10,11,0,-1,cube_corner,cube_corner,0.0010331632653061223,8
2490,1628,126,10,11,1,-sqrt(2/3),edge_midpoint,cube_corner,0.0012244897959183673,48
2491,1629,126,10,11,2,-1/sqrt(2),axis,edge_midpoint,0.0018140589569160999,48
2492,1630,126,10,11,3,-1/sqrt(3),axis,cube_corner,0.0015306122448979589,48
2493,1631,126,10,11,4,-1/2,edge_midpoint,edge_midpoint,0.00145124716553288,48
2494,1632,126,10,11,5,-1/3,cube_corner,cube_corner,0.0010331632653061223,24
2495,1633,126,10,11,6,0,axis,axis,0.0022675736961451243,24
2496,1633,126,10,11,6,0,axis,edge_midpoint,0.0018140589569160999,48
2497,1633,126,10,11,6,0,edge_midpoint,edge_midpoint,0.00145124716553288,24
2498,1633,126,10,11,6,0,edge_midpoint,cube_corner,0.0012244897959183673,96
2499,1634,126,10,11,7,1/3,cube_corner,cube_corner,0.0010331632653061223,24
2500,1635,126,10,11,8,1/2,edge_midpoint,edge_midpoint,0.00145124716553288,48
2501,1636,126,10,11,9,1/sqrt(3),axis,cube_corner,0.0015306122448979589,48
2502,1637,126,10,11,10,1/sqrt(2),axis,edge_midpoint,0.0018140589569160999,48
2503,1638,126,10,11,11,sqrt(2/3),edge_midpoint,cube_corner,0.0012244897959183673,48
2504,1639,126,10,11,12,1,axis,axis,0.0022675736961451243,6
2505,1639,126,10,11,12,1,edge_midpoint,edge_midpoint,0.00145124716553288,12
2506,1639,126,10,11,12,1,cube_corner,cube_corner,0.0010331632653061223,8
2507,1640,127,10,12,0,-1,axis,axis,0.0022675736961451243,6
2508,1640,127,10,12,0,-1,edge_midpoint,edge_midpoint,0.00145124716553288,12
2509,1640,127,10,12,0,-1,cube_corner,cube_corner,0.0010331632653061223,8
2510,1641,127,10,12,1,-sqrt(2/3),edge_midpoint,cube_corner,0.0012244897959183673,48
2511,1642,127,10,12,2,-1/sqrt(2),axis,edge_midpoint,0.0018140589569160999,48
2512,1643,127,10,12,3,-1/sqrt(3),axis,cube_corner,0.0015306122448979589,48
2513,1644,127,10,12,4,-1/2,edge_midpoint,edge_midpoint,0.00145124716553288,48
2514,1645,127,10,12,5,-1/3,cube_corner,cube_corner,0.0010331632653061223,24
2515,1646,127,10,12,6,0,axis,axis,0.0022675736961451243,24
2516,1646,127,10,12,6,0,axis,edge_midpoint,0.0018140589569160999,48
2517,1646,127,10,12,6,0,edge_midpoint,edge_midpoint,0.00145124716553288,24
2518,1646,127,10,12,6,0,edge_midpoint,cube_corner,0.0012244897959183673,96
2519,1647,127,10,12,7,1/3,cube_corner,cube_corner,0.0010331632653061223,24
2520,1648,127,10,12,8,1/2,edge_midpoint,edge_midpoint,0.00145124716553288,48
2521,1649,127,10,12,9,1/sqrt(3),axis,cube_corner,0.0015306122448979589,48
2522,1650,127,10,12,10,1/sqrt(2),axis,edge_midpoint,0.0018140589569160999,48
2523,1651,127,10,12,11,sqrt(2/3),edge_midpoint,cube_corner,0.0012244897959183673,48
2524,1652,127,10,12,12,1,axis,axis,0.0022675736961451243,6
2525,1652,127,10,12,12,1,edge_midpoint,edge_midpoint,0.00145124716553288,12
2526,1652,127,10,12,12,1,cube_corner,cube_corner,0.0010331632653061223,8
2527,1653,128,10,13,0,-1,axis,axis,0.0022675736961451243,6
2528,1653,128,10,13,0,-1,edge_midpoint,edge_midpoint,0.00145124716553288,12
2529,1653,128,10,13,0,-1,cube_corner,cube_corner,0.0010331632653061223,8
2530,1654,128,10,13,1,-sqrt(2/3),edge_midpoint,cube_corner,0.0012244897959183673,48
2531,1655,128,10,13,2,-1/sqrt(2),axis,edge_midpoint,0.0018140589569160999,48
2532,1656,128,10,13,3,-1/sqrt(3),axis,cube_corner,0.0015306122448979589,48
2533,1657,128,10,13,4,-1/2,edge_midpoint,edge_midpoint,0.00145124716553288,48
2534,1658,128,10,13,5,-1/3,cube_corner,cube_corner,0.0010331632653061223,24
2535,1659,128,10,13,6,0,axis,axis,0.0022675736961451243,24
2536,1659,128,10,13,6,0,axis,edge_midpoint,0.0018140589569160999,48
2537,1659,128,10,13,6,0,edge_midpoint,edge_midpoint,0.00145124716553288,24
2538,1659,128,10,13,6,0,edge_midpoint,cube_corner,0.0012244897959183673,96
2539,1660,128,10,13,7,1/3,cube_corner,cube_corner,0.0010331632653061223,24
2540,1661,128,10,13,8,1/2,edge_midpoint,edge_midpoint,0.00145124716553288,48
2541,1662,128,10,13,9,1/sqrt(3),axis,cube_corner,0.0015306122448979589,48
2542,1663,128,10,13,10,1/sqrt(2),axis,edge_midpoint,0.0018140589569160999,48
2543,1664,128,10,13,11,sqrt(2/3),edge_midpoint,cube_corner,0.0012244897959183673,48
2544,1665,128,10,13,12,1,axis,axis,0.0022675736961451243,6
2545,1665,128,10,13,12,1,edge_midpoint,edge_midpoint,0.00145124716553288,12
2546,1665,128,10,13,12,1,cube_corner,cube_corner,0.0010331632653061223,8
2547,1666,129,10,14,0,-1,axis,axis,0.0022675736961451243,6
2548,1666,129,10,14,0,-1,edge_midpoint,edge_midpoint,0.00145124716553288,12
2549,1666,129,10,14,0,-1,cube_corner,cube_corner,0.0010331632653061223,8
2550,1667,129,10,14,1,-sqrt(2/3),edge_midpoint,cube_corner,0.0012244897959183673,48
2551,1668,129,10,14,2,-1/sqrt(2),axis,edge_midpoint,0.0018140589569160999,48
2552,1669,129,10,14,3,-1/sqrt(3),axis,cube_corner,0.0015306122448979589,48
2553,1670,129,10,14,4,-1/2,edge_midpoint,edge_midpoint,0.00145124716553288,48
2554,1671,129,10,14,5,-1/3,cube_corner,cube_corner,0.0010331632653061223,24
2555,1672,129,10,14,6,0,axis,axis,0.0022675736961451243,24
2556,1672,129,10,14,6,0,axis,edge_midpoint,0.0018140589569160999,48
2557,1672,129,10,14,6,0,edge_midpoint,edge_midpoint,0.00145124716553288,24
2558,1672,129,10,14,6,0,edge_midpoint,cube_corner,0.0012244897959183673,96
2559,1673,129,10,14,7,1/3,cube_corner,cube_corner,0.0010331632653061223,24
2560,1674,129,10,14,8,1/2,edge_midpoint,edge_midpoint,0.00145124716553288,48
2561,1675,129,10,14,9,1/sqrt(3),axis,cube_corner,0.0015306122448979589,48
2562,1676,129,10,14,10,1/sqrt(2),axis,edge_midpoint,0.0018140589569160999,48
2563,1677,129,10,14,11,sqrt(2/3),edge_midpoint,cube_corner,0.0012244897959183673,48
2564,1678,129,10,14,12,1,axis,axis,0.0022675736961451243,6
2565,1678,129,10,14,12,1,edge_midpoint,edge_midpoint,0.00145124716553288,12
2566,1678,129,10,14,12,1,cube_corner,cube_corner,0.0010331632653061223,8
2567,1679,130,10,15,0,-1,axis,axis,0.0022675736961451243,6
2568,1679,130,10,15,0,-1,edge_midpoint,edge_midpoint,0.00145124716553288,12
2569,1679,130,10,15,0,-1,cube_corner,cube_corner,0.0010331632653061223,8
2570,1680,130,10,15,1,-sqrt(2/3),edge_midpoint,cube_corner,0.0012244897959183673,48
2571,1681,130,10,15,2,-1/sqrt(2),axis,edge_midpoint,0.0018140589569160999,48
2572,1682,130,10,15,3,-1/sqrt(3),axis,cube_corner,0.0015306122448979589,48
2573,1683,130,10,15,4,-1/2,edge_midpoint,edge_midpoint,0.00145124716553288,48
2574,1684,130,10,15,5,-1/3,cube_corner,cube_corner,0.0010331632653061223,24
2575,1685,130,10,15,6,0,axis,axis,0.0022675736961451243,24
2576,1685,130,10,15,6,0,axis,edge_midpoint,0.0018140589569160999,48
2577,1685,130,10,15,6,0,edge_midpoint,edge_midpoint,0.00145124716553288,24
2578,1685,130,10,15,6,0,edge_midpoint,cube_corner,0.0012244897959183673,96
2579,1686,130,10,15,7,1/3,cube_corner,cube_corner,0.0010331632653061223,24
2580,1687,130,10,15,8,1/2,edge_midpoint,edge_midpoint,0.00145124716553288,48
2581,1688,130,10,15,9,1/sqrt(3),axis,cube_corner,0.0015306122448979589,48
2582,1689,130,10,15,10,1/sqrt(2),axis,edge_midpoint,0.0018140589569160999,48
2583,1690,130,10,15,11,sqrt(2/3),edge_midpoint,cube_corner,0.0012244897959183673,48
2584,1691,130,10,15,12,1,axis,axis,0.0022675736961451243,6
2585,1691,130,10,15,12,1,edge_midpoint,edge_midpoint,0.00145124716553288,12
2586,1691,130,10,15,12,1,cube_corner,cube_corner,0.0010331632653061223,8
2587,1692,131,10,16,0,-1,axis,axis,0.0022675736961451243,6
2588,1692,131,10,16,0,-1,edge_midpoint,edge_midpoint,0.00145124716553288,12
2589,1692,131,10,16,0,-1,cube_corner,cube_corner,0.0010331632653061223,8
2590,1693,131,10,16,1,-sqrt(2/3),edge_midpoint,cube_corner,0.0012244897959183673,48
2591,1694,131,10,16,2,-1/sqrt(2),axis,edge_midpoint,0.0018140589569160999,48
2592,1695,131,10,16,3,-1/sqrt(3),axis,cube_corner,0.0015306122448979589,48
2593,1696,131,10,16,4,-1/2,edge_midpoint,edge_midpoint,0.00145124716553288,48
2594,1697,131,10,16,5,-1/3,cube_corner,cube_corner,0.0010331632653061223,24
2595,1698,131,10,16,6,0,axis,axis,0.0022675736961451243,24
2596,1698,131,10,16,6,0,axis,edge_midpoint,0.0018140589569160999,48
2597,1698,131,10,16,6,0,edge_midpoint,edge_midpoint,0.00145124716553288,24
2598,1698,131,10,16,6,0,edge_midpoint,cube_corner,0.0012244897959183673,96
2599,1699,131,10,16,7,1/3,cube_corner,cube_corner,0.0010331632653061223,24
2600,1700,131,10,16,8,1/2,edge_midpoint,edge_midpoint,0.00145124716553288,48
2601,1701,131,10,16,9,1/sqrt(3),axis,cube_corner,0.0015306122448979589,48
2602,1702,131,10,16,10,1/sqrt(2),axis,edge_midpoint,0.0018140589569160999,48
2603,1703,131,10,16,11,sqrt(2/3),edge_midpoint,cube_corner,0.0012244897959183673,48
2604,1704,131,10,16,12,1,axis,axis,0.0022675736961451243,6
2605,1704,131,10,16,12,1,edge_midpoint,edge_midpoint,0.00145124716553288,12
2606,1704,131,10,16,12,1,cube_corner,cube_corner,0.0010331632653061223,8
2607,1705,132,11,11,0,-1,axis,axis,0.0022675736961451243,3
2608,1705,132,11,11,0,-1,edge_midpoint,edge_midpoint,0.00145124716553288,6
2609,1705,132,11,11,0,-1,cube_corner,cube_corner,0.0010331632653061223,4
2610,1706,132,11,11,1,-sqrt(2/3),edge_midpoint,cube_corner,0.0012244897959183673,24
2611,1707,132,11,11,2,-1/sqrt(2),axis,edge_midpoint,0.0018140589569160999,24
2612,1708,132,11,11,3,-1/sqrt(3),axis,cube_corner,0.0015306122448979589,24
2613,1709,132,11,11,4,-1/2,edge_midpoint,edge_midpoint,0.00145124716553288,24
2614,1710,132,11,11,5,-1/3,cube_corner,cube_corner,0.0010331632653061223,12
2615,1711,132,11,11,6,0,axis,axis,0.0022675736961451243,12
2616,1711,132,11,11,6,0,axis,edge_midpoint,0.0018140589569160999,24
2617,1711,132,11,11,6,0,edge_midpoint,edge_midpoint,0.00145124716553288,12
2618,1711,132,11,11,6,0,edge_midpoint,cube_corner,0.0012244897959183673,48
2619,1712,132,11,11,7,1/3,cube_corner,cube_corner,0.0010331632653061223,12
2620,1713,132,11,11,8,1/2,edge_midpoint,edge_midpoint,0.00145124716553288,24
2621,1714,132,11,11,9,1/sqrt(3),axis,cube_corner,0.0015306122448979589,24
2622,1715,132,11,11,10,1/sqrt(2),axis,edge_midpoint,0.0018140589569160999,24
2623,1716,132,11,11,11,sqrt(2/3),edge_midpoint,cube_corner,0.0012244897959183673,24
2624,1717,133,11,12,0,-1,axis,axis,0.0022675736961451243,6
2625,1717,133,11,12,0,-1,edge_midpoint,edge_midpoint,0.00145124716553288,12
2626,1717,133,11,12,0,-1,cube_corner,cube_corner,0.0010331632653061223,8
2627,1718,133,11,12,1,-sqrt(2/3),edge_midpoint,cube_corner,0.0012244897959183673,48
2628,1719,133,11,12,2,-1/sqrt(2),axis,edge_midpoint,0.0018140589569160999,48
2629,1720,133,11,12,3,-1/sqrt(3),axis,cube_corner,0.0015306122448979589,48
2630,1721,133,11,12,4,-1/2,edge_midpoint,edge_midpoint,0.00145124716553288,48
2631,1722,133,11,12,5,-1/3,cube_corner,cube_corner,0.0010331632653061223,24
2632,1723,133,11,12,6,0,axis,axis,0.0022675736961451243,24
2633,1723,133,11,12,6,0,axis,edge_midpoint,0.0018140589569160999,48
2634,1723,133,11,12,6,0,edge_midpoint,edge_midpoint,0.00145124716553288,24
2635,1723,133,11,12,6,0,edge_midpoint,cube_corner,0.0012244897959183673,96
2636,1724,133,11,12,7,1/3,cube_corner,cube_corner,0.0010331632653061223,24
2637,1725,133,11,12,8,1/2,edge_midpoint,edge_midpoint,0.00145124716553288,48
2638,1726,133,11,12,9,1/sqrt(3),axis,cube_corner,0.0015306122448979589,48
2639,1727,133,11,12,10,1/sqrt(2),axis,edge_midpoint,0.0018140589569160999,48
2640,1728,133,11,12,11,sqrt(2/3),edge_midpoint,cube_corner,0.0012244897959183673,48
2641,1729,133,11,12,12,1,axis,axis,0.0022675736961451243,6
2642,1729,133,11,12,12,1,edge_midpoint,edge_midpoint,0.00145124716553288,12
2643,1729,133,11,12,12,1,cube_corner,cube_corner,0.0010331632653061223,8
2644,1730,134,11,13,0,-1,axis,axis,0.0022675736961451243,6
2645,1730,134,11,13,0,-1,edge_midpoint,edge_midpoint,0.00145124716553288,12
2646,1730,134,11,13,0,-1,cube_corner,cube_corner,0.0010331632653061223,8
2647,1731,134,11,13,1,-sqrt(2/3),edge_midpoint,cube_corner,0.0012244897959183673,48
2648,1732,134,11,13,2,-1/sqrt(2),axis,edge_midpoint,0.0018140589569160999,48
2649,1733,134,11,13,3,-1/sqrt(3),axis,cube_corner,0.0015306122448979589,48
2650,1734,134,11,13,4,-1/2,edge_midpoint,edge_midpoint,0.00145124716553288,48
2651,1735,134,11,13,5,-1/3,cube_corner,cube_corner,0.0010331632653061223,24
2652,1736,134,11,13,6,0,axis,axis,0.0022675736961451243,24
2653,1736,134,11,13,6,0,axis,edge_midpoint,0.0018140589569160999,48
2654,1736,134,11,13,6,0,edge_midpoint,edge_midpoint,0.00145124716553288,24
2655,1736,134,11,13,6,0,edge_midpoint,cube_corner,0.0012244897959183673,96
2656,1737,134,11,13,7,1/3,cube_corner,cube_corner,0.0010331632653061223,24
2657,1738,134,11,13,8,1/2,edge_midpoint,edge_midpoint,0.00145124716553288,48
2658,1739,134,11,13,9,1/sqrt(3),axis,cube_corner,0.0015306122448979589,48
2659,1740,134,11,13,10,1/sqrt(2),axis,edge_midpoint,0.0018140589569160999,48
2660,1741,134,11,13,11,sqrt(2/3),edge_midpoint,cube_corner,0.0012244897959183673,48
2661,1742,134,11,13,12,1,axis,axis,0.0022675736961451243,6
2662,1742,134,11,13,12,1,edge_midpoint,edge_midpoint,0.00145124716553288,12
2663,1742,134,11,13,12,1,cube_corner,cube_corner,0.0010331632653061223,8
2664,1743,135,11,14,0,-1,axis,axis,0.0022675736961451243,6
2665,1743,135,11,14,0,-1,edge_midpoint,edge_midpoint,0.00145124716553288,12
2666,1743,135,11,14,0,-1,cube_corner,cube_corner,0.0010331632653061223,8
2667,1744,135,11,14,1,-sqrt(2/3),edge_midpoint,cube_corner,0.0012244897959183673,48
2668,1745,135,11,14,2,-1/sqrt(2),axis,edge_midpoint,0.0018140589569160999,48
2669,1746,135,11,14,3,-1/sqrt(3),axis,cube_corner,0.0015306122448979589,48
2670,1747,135,11,14,4,-1/2,edge_midpoint,edge_midpoint,0.00145124716553288,48
2671,1748,135,11,14,5,-1/3,cube_corner,cube_corner,0.0010331632653061223,24
2672,1749,135,11,14,6,0,axis,axis,0.0022675736961451243,24
2673,1749,135,11,14,6,0,axis,edge_midpoint,0.0018140589569160999,48
2674,1749,135,11,14,6,0,edge_midpoint,edge_midpoint,0.00145124716553288,24
2675,1749,135,11,14,6,0,edge_midpoint,cube_corner,0.0012244897959183673,96
2676,1750,135,11,14,7,1/3,cube_corner,cube_corner,0.0010331632653061223,24
2677,1751,135,11,14,8,1/2,edge_midpoint,edge_midpoint,0.00145124716553288,48
2678,1752,135,11,14,9,1/sqrt(3),axis,cube_corner,0.0015306122448979589,48
2679,1753,135,11,14,10,1/sqrt(2),axis,edge_midpoint,0.0018140589569160999,48
2680,1754,135,11,14,11,sqrt(2/3),edge_midpoint,cube_corner,0.0012244897959183673,48
2681,1755,135,11,14,12,1,axis,axis,0.0022675736961451243,6
2682,1755,135,11,14,12,1,edge_midpoint,edge_midpoint,0.00145124716553288,12
2683,1755,135,11,14,12,1,cube_corner,cube_corner,0.0010331632653061223,8
2684,1756,136,11,15,0,-1,axis,axis,0.0022675736961451243,6
2685,1756,136,11,15,0,-1,edge_midpoint,edge_midpoint,0.00145124716553288,12
2686,1756,136,11,15,0,-1,cube_corner,cube_corner,0.0010331632653061223,8
2687,1757,136,11,15,1,-sqrt(2/3),edge_midpoint,cube_corner,0.0012244897959183673,48
2688,1758,136,11,15,2,-1/sqrt(2),axis,edge_midpoint,0.0018140589569160999,48
2689,1759,136,11,15,3,-1/sqrt(3),axis,cube_corner,0.0015306122448979589,48
2690,1760,136,11,15,4,-1/2,edge_midpoint,edge_midpoint,0.00145124716553288,48
2691,1761,136,11,15,5,-1/3,cube_corner,cube_corner,0.0010331632653061223,24
2692,1762,136,11,15,6,0,axis,axis,0.0022675736961451243,24
2693,1762,136,11,15,6,0,axis,edge_midpoint,0.0018140589569160999,48
2694,1762,136,11,15,6,0,edge_midpoint,edge_midpoint,0.00145124716553288,24
2695,1762,136,11,15,6,0,edge_midpoint,cube_corner,0.0012244897959183673,96
2696,1763,136,11,15,7,1/3,cube_corner,cube_corner,0.0010331632653061223,24
2697,1764,136,11,15,8,1/2,edge_midpoint,edge_midpoint,0.00145124716553288,48
2698,1765,136,11,15,9,1/sqrt(3),axis,cube_corner,0.0015306122448979589,48
2699,1766,136,11,15,10,1/sqrt(2),axis,edge_midpoint,0.0018140589569160999,48
2700,1767,136,11,15,11,sqrt(2/3),edge_midpoint,cube_corner,0.0012244897959183673,48
2701,1768,136,11,15,12,1,axis,axis,0.0022675736961451243,6
2702,1768,136,11,15,12,1,edge_midpoint,edge_midpoint,0.00145124716553288,12
2703,1768,136,11,15,12,1,cube_corner,cube_corner,0.0010331632653061223,8
2704,1769,137,11,16,0,-1,axis,axis,0.0022675736961451243,6
2705,1769,137,11,16,0,-1,edge_midpoint,edge_midpoint,0.00145124716553288,12
2706,1769,137,11,16,0,-1,cube_corner,cube_corner,0.0010331632653061223,8
2707,1770,137,11,16,1,-sqrt(2/3),edge_midpoint,cube_corner,0.0012244897959183673,48
2708,1771,137,11,16,2,-1/sqrt(2),axis,edge_midpoint,0.0018140589569160999,48
2709,1772,137,11,16,3,-1/sqrt(3),axis,cube_corner,0.0015306122448979589,48
2710,1773,137,11,16,4,-1/2,edge_midpoint,edge_midpoint,0.00145124716553288,48
2711,1774,137,11,16,5,-1/3,cube_corner,cube_corner,0.0010331632653061223,24
2712,1775,137,11,16,6,0,axis,axis,0.0022675736961451243,24
2713,1775,137,11,16,6,0,axis,edge_midpoint,0.0018140589569160999,48
2714,1775,137,11,16,6,0,edge_midpoint,edge_midpoint,0.00145124716553288,24
2715,1775,137,11,16,6,0,edge_midpoint,cube_corner,0.0012244897959183673,96
2716,1776,137,11,16,7,1/3,cube_corner,cube_corner,0.0010331632653061223,24
2717,1777,137,11,16,8,1/2,edge_midpoint,edge_midpoint,0.00145124716553288,48
2718,1778,137,11,16,9,1/sqrt(3),axis,cube_corner,0.0015306122448979589,48
2719,1779,137,11,16,10,1/sqrt(2),axis,edge_midpoint,0.0018140589569160999,48
2720,1780,137,11,16,11,sqrt(2/3),edge_midpoint,cube_corner,0.0012244897959183673,48
2721,1781,137,11,16,12,1,axis,axis,0.0022675736961451243,6
2722,1781,137,11,16,12,1,edge_midpoint,edge_midpoint,0.00145124716553288,12
2723,1781,137,11,16,12,1,cube_corner,cube_corner,0.0010331632653061223,8
2724,1782,138,12,12,0,-1,axis,axis,0.0022675736961451243,3
2725,1782,138,12,12,0,-1,edge_midpoint,edge_midpoint,0.00145124716553288,6
2726,1782,138,12,12,0,-1,cube_corner,cube_corner,0.0010331632653061223,4
2727,1783,138,12,12,1,-sqrt(2/3),edge_midpoint,cube_corner,0.0012244897959183673,24
2728,1784,138,12,12,2,-1/sqrt(2),axis,edge_midpoint,0.0018140589569160999,24
2729,1785,138,12,12,3,-1/sqrt(3),axis,cube_corner,0.0015306122448979589,24
2730,1786,138,12,12,4,-1/2,edge_midpoint,edge_midpoint,0.00145124716553288,24
2731,1787,138,12,12,5,-1/3,cube_corner,cube_corner,0.0010331632653061223,12
2732,1788,138,12,12,6,0,axis,axis,0.0022675736961451243,12
2733,1788,138,12,12,6,0,axis,edge_midpoint,0.0018140589569160999,24
2734,1788,138,12,12,6,0,edge_midpoint,edge_midpoint,0.00145124716553288,12
2735,1788,138,12,12,6,0,edge_midpoint,cube_corner,0.0012244897959183673,48
2736,1789,138,12,12,7,1/3,cube_corner,cube_corner,0.0010331632653061223,12
2737,1790,138,12,12,8,1/2,edge_midpoint,edge_midpoint,0.00145124716553288,24
2738,1791,138,12,12,9,1/sqrt(3),axis,cube_corner,0.0015306122448979589,24
2739,1792,138,12,12,10,1/sqrt(2),axis,edge_midpoint,0.0018140589569160999,24
2740,1793,138,12,12,11,sqrt(2/3),edge_midpoint,cube_corner,0.0012244897959183673,24
2741,1794,139,12,13,0,-1,axis,axis,0.0022675736961451243,6
2742,1794,139,12,13,0,-1,edge_midpoint,edge_midpoint,0.00145124716553288,12
2743,1794,139,12,13,0,-1,cube_corner,cube_corner,0.0010331632653061223,8
2744,1795,139,12,13,1,-sqrt(2/3),edge_midpoint,cube_corner,0.0012244897959183673,48
2745,1796,139,12,13,2,-1/sqrt(2),axis,edge_midpoint,0.0018140589569160999,48
2746,1797,139,12,13,3,-1/sqrt(3),axis,cube_corner,0.0015306122448979589,48
2747,1798,139,12,13,4,-1/2,edge_midpoint,edge_midpoint,0.00145124716553288,48
2748,1799,139,12,13,5,-1/3,cube_corner,cube_corner,0.0010331632653061223,24
2749,1800,139,12,13,6,0,axis,axis,0.0022675736961451243,24
2750,1800,139,12,13,6,0,axis,edge_midpoint,0.0018140589569160999,48
2751,1800,139,12,13,6,0,edge_midpoint,edge_midpoint,0.00145124716553288,24
2752,1800,139,12,13,6,0,edge_midpoint,cube_corner,0.0012244897959183673,96
2753,1801,139,12,13,7,1/3,cube_corner,cube_corner,0.0010331632653061223,24
2754,1802,139,12,13,8,1/2,edge_midpoint,edge_midpoint,0.00145124716553288,48
2755,1803,139,12,13,9,1/sqrt(3),axis,cube_corner,0.0015306122448979589,48
2756,1804,139,12,13,10,1/sqrt(2),axis,edge_midpoint,0.0018140589569160999,48
2757,1805,139,12,13,11,sqrt(2/3),edge_midpoint,cube_corner,0.0012244897959183673,48
2758,1806,139,12,13,12,1,axis,axis,0.0022675736961451243,6
2759,1806,139,12,13,12,1,edge_midpoint,edge_midpoint,0.00145124716553288,12
2760,1806,139,12,13,12,1,cube_corner,cube_corner,0.0010331632653061223,8
2761,1807,140,12,14,0,-1,axis,axis,0.0022675736961451243,6
2762,1807,140,12,14,0,-1,edge_midpoint,edge_midpoint,0.00145124716553288,12
2763,1807,140,12,14,0,-1,cube_corner,cube_corner,0.0010331632653061223,8
2764,1808,140,12,14,1,-sqrt(2/3),edge_midpoint,cube_corner,0.0012244897959183673,48
2765,1809,140,12,14,2,-1/sqrt(2),axis,edge_midpoint,0.0018140589569160999,48
2766,1810,140,12,14,3,-1/sqrt(3),axis,cube_corner,0.0015306122448979589,48
2767,1811,140,12,14,4,-1/2,edge_midpoint,edge_midpoint,0.00145124716553288,48
2768,1812,140,12,14,5,-1/3,cube_corner,cube_corner,0.0010331632653061223,24
2769,1813,140,12,14,6,0,axis,axis,0.0022675736961451243,24
2770,1813,140,12,14,6,0,axis,edge_midpoint,0.0018140589569160999,48
2771,1813,140,12,14,6,0,edge_midpoint,edge_midpoint,0.00145124716553288,24
2772,1813,140,12,14,6,0,edge_midpoint,cube_corner,0.0012244897959183673,96
2773,1814,140,12,14,7,1/3,cube_corner,cube_corner,0.0010331632653061223,24
2774,1815,140,12,14,8,1/2,edge_midpoint,edge_midpoint,0.00145124716553288,48
2775,1816,140,12,14,9,1/sqrt(3),axis,cube_corner,0.0015306122448979589,48
2776,1817,140,12,14,10,1/sqrt(2),axis,edge_midpoint,0.0018140589569160999,48
2777,1818,140,12,14,11,sqrt(2/3),edge_midpoint,cube_corner,0.0012244897959183673,48
2778,1819,140,12,14,12,1,axis,axis,0.0022675736961451243,6
2779,1819,140,12,14,12,1,edge_midpoint,edge_midpoint,0.00145124716553288,12
2780,1819,140,12,14,12,1,cube_corner,cube_corner,0.0010331632653061223,8
2781,1820,141,12,15,0,-1,axis,axis,0.0022675736961451243,6
2782,1820,141,12,15,0,-1,edge_midpoint,edge_midpoint,0.00145124716553288,12
2783,1820,141,12,15,0,-1,cube_corner,cube_corner,0.0010331632653061223,8
2784,1821,141,12,15,1,-sqrt(2/3),edge_midpoint,cube_corner,0.0012244897959183673,48
2785,1822,141,12,15,2,-1/sqrt(2),axis,edge_midpoint,0.0018140589569160999,48
2786,1823,141,12,15,3,-1/sqrt(3),axis,cube_corner,0.0015306122448979589,48
2787,1824,141,12,15,4,-1/2,edge_midpoint,edge_midpoint,0.00145124716553288,48
2788,1825,141,12,15,5,-1/3,cube_corner,cube_corner,0.0010331632653061223,24
2789,1826,141,12,15,6,0,axis,axis,0.0022675736961451243,24
2790,1826,141,12,15,6,0,axis,edge_midpoint,0.0018140589569160999,48
2791,1826,141,12,15,6,0,edge_midpoint,edge_midpoint,0.00145124716553288,24
2792,1826,141,12,15,6,0,edge_midpoint,cube_corner,0.0012244897959183673,96
2793,1827,141,12,15,7,1/3,cube_corner,cube_corner,0.0010331632653061223,24
2794,1828,141,12,15,8,1/2,edge_midpoint,edge_midpoint,0.00145124716553288,48
2795,1829,141,12,15,9,1/sqrt(3),axis,cube_corner,0.0015306122448979589,48
2796,1830,141,12,15,10,1/sqrt(2),axis,edge_midpoint,0.0018140589569160999,48
2797,1831,141,12,15,11,sqrt(2/3),edge_midpoint,cube_corner,0.0012244897959183673,48
2798,1832,141,12,15,12,1,axis,axis,0.0022675736961451243,6
2799,1832,141,12,15,12,1,edge_midpoint,edge_midpoint,0.00145124716553288,12
2800,1832,141,12,15,12,1,cube_corner,cube_corner,0.0010331632653061223,8
2801,1833,142,12,16,0,-1,axis,axis,0.0022675736961451243,6
2802,1833,142,12,16,0,-1,edge_midpoint,edge_midpoint,0.00145124716553288,12
2803,1833,142,12,16,0,-1,cube_corner,cube_corner,0.0010331632653061223,8
2804,1834,142,12,16,1,-sqrt(2/3),edge_midpoint,cube_corner,0.0012244897959183673,48
2805,1835,142,12,16,2,-1/sqrt(2),axis,edge_midpoint,0.0018140589569160999,48
2806,1836,142,12,16,3,-1/sqrt(3),axis,cube_corner,0.0015306122448979589,48
2807,1837,142,12,16,4,-1/2,edge_midpoint,edge_midpoint,0.00145124716553288,48
2808,1838,142,12,16,5,-1/3,cube_corner,cube_corner,0.0010331632653061223,24
2809,1839,142,12,16,6,0,axis,axis,0.0022675736961451243,24
2810,1839,142,12,16,6,0,axis,edge_midpoint,0.0018140589569160999,48
2811,1839,142,12,16,6,0,edge_midpoint,edge_midpoint,0.00145124716553288,24
2812,1839,142,12,16,6,0,edge_midpoint,cube_corner,0.0012244897959183673,96
2813,1840,142,12,16,7,1/3,cube_corner,cube_corner,0.0010331632653061223,24
2814,1841,142,12,16,8,1/2,edge_midpoint,edge_midpoint,0.00145124716553288,48
2815,1842,142,12,16,9,1/sqrt(3),axis,cube_corner,0.0015306122448979589,48
2816,1843,142,12,16,10,1/sqrt(2),axis,edge_midpoint,0.0018140589569160999,48
2817,1844,142,12,16,11,sqrt(2/3),edge_midpoint,cube_corner,0.0012244897959183673,48
2818,1845,142,12,16,12,1,axis,axis,0.0022675736961451243,6
2819,1845,142,12,16,12,1,edge_midpoint,edge_midpoint,0.00145124716553288,12
2820,1845,142,12,16,12,1,cube_corner,cube_corner,0.0010331632653061223,8
2821,1846,143,13,13,0,-1,axis,axis,0.0022675736961451243,3
2822,1846,143,13,13,0,-1,edge_midpoint,edge_midpoint,0.00145124716553288,6
2823,1846,143,13,13,0,-1,cube_corner,cube_corner,0.0010331632653061223,4
2824,1847,143,13,13,1,-sqrt(2/3),edge_midpoint,cube_corner,0.0012244897959183673,24
2825,1848,143,13,13,2,-1/sqrt(2),axis,edge_midpoint,0.0018140589569160999,24
2826,1849,143,13,13,3,-1/sqrt(3),axis,cube_corner,0.0015306122448979589,24
2827,1850,143,13,13,4,-1/2,edge_midpoint,edge_midpoint,0.00145124716553288,24
2828,1851,143,13,13,5,-1/3,cube_corner,cube_corner,0.0010331632653061223,12
2829,1852,143,13,13,6,0,axis,axis,0.0022675736961451243,12
2830,1852,143,13,13,6,0,axis,edge_midpoint,0.0018140589569160999,24
2831,1852,143,13,13,6,0,edge_midpoint,edge_midpoint,0.00145124716553288,12
2832,1852,143,13,13,6,0,edge_midpoint,cube_corner,0.0012244897959183673,48
2833,1853,143,13,13,7,1/3,cube_corner,cube_corner,0.0010331632653061223,12
2834,1854,143,13,13,8,1/2,edge_midpoint,edge_midpoint,0.00145124716553288,24
2835,1855,143,13,13,9,1/sqrt(3),axis,cube_corner,0.0015306122448979589,24
2836,1856,143,13,13,10,1/sqrt(2),axis,edge_midpoint,0.0018140589569160999,24
2837,1857,143,13,13,11,sqrt(2/3),edge_midpoint,cube_corner,0.0012244897959183673,24
2838,1858,144,13,14,0,-1,axis,axis,0.0022675736961451243,6
2839,1858,144,13,14,0,-1,edge_midpoint,edge_midpoint,0.00145124716553288,12
2840,1858,144,13,14,0,-1,cube_corner,cube_corner,0.0010331632653061223,8
2841,1859,144,13,14,1,-sqrt(2/3),edge_midpoint,cube_corner,0.0012244897959183673,48
2842,1860,144,13,14,2,-1/sqrt(2),axis,edge_midpoint,0.0018140589569160999,48
2843,1861,144,13,14,3,-1/sqrt(3),axis,cube_corner,0.0015306122448979589,48
2844,1862,144,13,14,4,-1/2,edge_midpoint,edge_midpoint,0.00145124716553288,48
2845,1863,144,13,14,5,-1/3,cube_corner,cube_corner,0.0010331632653061223,24
2846,1864,144,13,14,6,0,axis,axis,0.0022675736961451243,24
2847,1864,144,13,14,6,0,axis,edge_midpoint,0.0018140589569160999,48
2848,1864,144,13,14,6,0,edge_midpoint,edge_midpoint,0.00145124716553288,24
2849,1864,144,13,14,6,0,edge_midpoint,cube_corner,0.0012244897959183673,96
2850,1865,144,13,14,7,1/3,cube_corner,cube_corner,0.0010331632653061223,24
2851,1866,144,13,14,8,1/2,edge_midpoint,edge_midpoint,0.00145124716553288,48
2852,1867,144,13,14,9,1/sqrt(3),axis,cube_corner,0.0015306122448979589,48
2853,1868,144,13,14,10,1/sqrt(2),axis,edge_midpoint,0.0018140589569160999,48
2854,1869,144,13,14,11,sqrt(2/3),edge_midpoint,cube_corner,0.0012244897959183673,48
2855,1870,144,13,14,12,1,axis,axis,0.0022675736961451243,6
2856,1870,144,13,14,12,1,edge_midpoint,edge_midpoint,0.00145124716553288,12
2857,1870,144,13,14,12,1,cube_corner,cube_corner,0.0010331632653061223,8
2858,1871,145,13,15,0,-1,axis,axis,0.0022675736961451243,6
2859,1871,145,13,15,0,-1,edge_midpoint,edge_midpoint,0.00145124716553288,12
2860,1871,145,13,15,0,-1,cube_corner,cube_corner,0.0010331632653061223,8
2861,1872,145,13,15,1,-sqrt(2/3),edge_midpoint,cube_corner,0.0012244897959183673,48
2862,1873,145,13,15,2,-1/sqrt(2),axis,edge_midpoint,0.0018140589569160999,48
2863,1874,145,13,15,3,-1/sqrt(3),axis,cube_corner,0.0015306122448979589,48
2864,1875,145,13,15,4,-1/2,edge_midpoint,edge_midpoint,0.00145124716553288,48
2865,1876,145,13,15,5,-1/3,cube_corner,cube_corner,0.0010331632653061223,24
2866,1877,145,13,15,6,0,axis,axis,0.0022675736961451243,24
2867,1877,145,13,15,6,0,axis,edge_midpoint,0.0018140589569160999,48
2868,1877,145,13,15,6,0,edge_midpoint,edge_midpoint,0.00145124716553288,24
2869,1877,145,13,15,6,0,edge_midpoint,cube_corner,0.0012244897959183673,96
2870,1878,145,13,15,7,1/3,cube_corner,cube_corner,0.0010331632653061223,24
2871,1879,145,13,15,8,1/2,edge_midpoint,edge_midpoint,0.00145124716553288,48
2872,1880,145,13,15,9,1/sqrt(3),axis,cube_corner,0.0015306122448979589,48
2873,1881,145,13,15,10,1/sqrt(2),axis,edge_midpoint,0.0018140589569160999,48
2874,1882,145,13,15,11,sqrt(2/3),edge_midpoint,cube_corner,0.0012244897959183673,48
2875,1883,145,13,15,12,1,axis,axis,0.0022675736961451243,6
2876,1883,145,13,15,12,1,edge_midpoint,edge_midpoint,0.00145124716553288,12
2877,1883,145,13,15,12,1,cube_corner,cube_corner,0.0010331632653061223,8
2878,1884,146,13,16,0,-1,axis,axis,0.0022675736961451243,6
2879,1884,146,13,16,0,-1,edge_midpoint,edge_midpoint,0.00145124716553288,12
2880,1884,146,13,16,0,-1,cube_corner,cube_corner,0.0010331632653061223,8
2881,1885,146,13,16,1,-sqrt(2/3),edge_midpoint,cube_corner,0.0012244897959183673,48
2882,1886,146,13,16,2,-1/sqrt(2),axis,edge_midpoint,0.0018140589569160999,48
2883,1887,146,13,16,3,-1/sqrt(3),axis,cube_corner,0.0015306122448979589,48
2884,1888,146,13,16,4,-1/2,edge_midpoint,edge_midpoint,0.00145124716553288,48
2885,1889,146,13,16,5,-1/3,cube_corner,cube_corner,0.0010331632653061223,24
2886,1890,146,13,16,6,0,axis,axis,0.0022675736961451243,24
2887,1890,146,13,16,6,0,axis,edge_midpoint,0.0018140589569160999,48
2888,1890,146,13,16,6,0,edge_midpoint,edge_midpoint,0.00145124716553288,24
2889,1890,146,13,16,6,0,edge_midpoint,cube_corner,0.0012244897959183673,96
2890,1891,146,13,16,7,1/3,cube_corner,cube_corner,0.0010331632653061223,24
2891,1892,146,13,16,8,1/2,edge_midpoint,edge_midpoint,0.00145124716553288,48
2892,1893,146,13,16,9,1/sqrt(3),axis,cube_corner,0.0015306122448979589,48
2893,1894,146,13,16,10,1/sqrt(2),axis,edge_midpoint,0.0018140589569160999,48
2894,1895,146,13,16,11,sqrt(2/3),edge_midpoint,cube_corner,0.0012244897959183673,48
2895,1896,146,13,16,12,1,axis,axis,0.0022675736961451243,6
2896,1896,146,13,16,12,1,edge_midpoint,edge_midpoint,0.00145124716553288,12
2897,1896,146,13,16,12,1,cube_corner,cube_corner,0.0010331632653061223,8
2898,1897,147,14,14,0,-1,axis,axis,0.0022675736961451243,3
2899,1897,147,14,14,0,-1,edge_midpoint,edge_midpoint,0.00145124716553288,6
2900,1897,147,14,14,0,-1,cube_corner,cube_corner,0.0010331632653061223,4
2901,1898,147,14,14,1,-sqrt(2/3),edge_midpoint,cube_corner,0.0012244897959183673,24
2902,1899,147,14,14,2,-1/sqrt(2),axis,edge_midpoint,0.0018140589569160999,24
2903,1900,147,14,14,3,-1/sqrt(3),axis,cube_corner,0.0015306122448979589,24
2904,1901,147,14,14,4,-1/2,edge_midpoint,edge_midpoint,0.00145124716553288,24
2905,1902,147,14,14,5,-1/3,cube_corner,cube_corner,0.0010331632653061223,12
2906,1903,147,14,14,6,0,axis,axis,0.0022675736961451243,12
2907,1903,147,14,14,6,0,axis,edge_midpoint,0.0018140589569160999,24
2908,1903,147,14,14,6,0,edge_midpoint,edge_midpoint,0.00145124716553288,12
2909,1903,147,14,14,6,0,edge_midpoint,cube_corner,0.0012244897959183673,48
2910,1904,147,14,14,7,1/3,cube_corner,cube_corner,0.0010331632653061223,12
2911,1905,147,14,14,8,1/2,edge_midpoint,edge_midpoint,0.00145124716553288,24
2912,1906,147,14,14,9,1/sqrt(3),axis,cube_corner,0.0015306122448979589,24
2913,1907,147,14,14,10,1/sqrt(2),axis,edge_midpoint,0.0018140589569160999,24
2914,1908,147,14,14,11,sqrt(2/3),edge_midpoint,cube_corner,0.0012244897959183673,24
2915,1909,148,14,15,0,-1,axis,axis,0.0022675736961451243,6
2916,1909,148,14,15,0,-1,edge_midpoint,edge_midpoint,0.00145124716553288,12
2917,1909,148,14,15,0,-1,cube_corner,cube_corner,0.0010331632653061223,8
2918,1910,148,14,15,1,-sqrt(2/3),edge_midpoint,cube_corner,0.0012244897959183673,48
2919,1911,148,14,15,2,-1/sqrt(2),axis,edge_midpoint,0.0018140589569160999,48
2920,1912,148,14,15,3,-1/sqrt(3),axis,cube_corner,0.0015306122448979589,48
2921,1913,148,14,15,4,-1/2,edge_midpoint,edge_midpoint,0.00145124716553288,48
2922,1914,148,14,15,5,-1/3,cube_corner,cube_corner,0.0010331632653061223,24
2923,1915,148,14,15,6,0,axis,axis,0.0022675736961451243,24
2924,1915,148,14,15,6,0,axis,edge_midpoint,0.0018140589569160999,48
2925,1915,148,14,15,6,0,edge_midpoint,edge_midpoint,0.00145124716553288,24
2926,1915,148,14,15,6,0,edge_midpoint,cube_corner,0.0012244897959183673,96
2927,1916,148,14,15,7,1/3,cube_corner,cube_corner,0.0010331632653061223,24
2928,1917,148,14,15,8,1/2,edge_midpoint,edge_midpoint,0.00145124716553288,48
2929,1918,148,14,15,9,1/sqrt(3),axis,cube_corner,0.0015306122448979589,48
2930,1919,148,14,15,10,1/sqrt(2),axis,edge_midpoint,0.0018140589569160999,48
2931,1920,148,14,15,11,sqrt(2/3),edge_midpoint,cube_corner,0.0012244897959183673,48
2932,1921,148,14,15,12,1,axis,axis,0.0022675736961451243,6
2933,1921,148,14,15,12,1,edge_midpoint,edge_midpoint,0.00145124716553288,12
2934,1921,148,14,15,12,1,cube_corner,cube_corner,0.0010331632653061223,8
2935,1922,149,14,16,0,-1,axis,axis,0.0022675736961451243,6
2936,1922,149,14,16,0,-1,edge_midpoint,edge_midpoint,0.00145124716553288,12
2937,1922,149,14,16,0,-1,cube_corner,cube_corner,0.0010331632653061223,8
2938,1923,149,14,16,1,-sqrt(2/3),edge_midpoint,cube_corner,0.0012244897959183673,48
2939,1924,149,14,16,2,-1/sqrt(2),axis,edge_midpoint,0.0018140589569160999,48
2940,1925,149,14,16,3,-1/sqrt(3),axis,cube_corner,0.0015306122448979589,48
2941,1926,149,14,16,4,-1/2,edge_midpoint,edge_midpoint,0.00145124716553288,48
2942,1927,149,14,16,5,-1/3,cube_corner,cube_corner,0.0010331632653061223,24
2943,1928,149,14,16,6,0,axis,axis,0.0022675736961451243,24
2944,1928,149,14,16,6,0,axis,edge_midpoint,0.0018140589569160999,48
2945,1928,149,14,16,6,0,edge_midpoint,edge_midpoint,0.00145124716553288,24
2946,1928,149,14,16,6,0,edge_midpoint,cube_corner,0.0012244897959183673,96
2947,1929,149,14,16,7,1/3,cube_corner,cube_corner,0.0010331632653061223,24
2948,1930,149,14,16,8,1/2,edge_midpoint,edge_midpoint,0.00145124716553288,48
2949,1931,149,14,16,9,1/sqrt(3),axis,cube_corner,0.0015306122448979589,48
2950,1932,149,14,16,10,1/sqrt(2),axis,edge_midpoint,0.0018140589569160999,48
2951,1933,149,14,16,11,sqrt(2/3),edge_midpoint,cube_corner,0.0012244897959183673,48
2952,1934,149,14,16,12,1,axis,axis,0.0022675736961451243,6
2953,1934,149,14,16,12,1,edge_midpoint,edge_midpoint,0.00145124716553288,12
2954,1934,149,14,16,12,1,cube_corner,cube_corner,0.0010331632653061223,8
2955,1935,150,15,15,0,-1,axis,axis,0.0022675736961451243,3
2956,1935,150,15,15,0,-1,edge_midpoint,edge_midpoint,0.00145124716553288,6
2957,1935,150,15,15,0,-1,cube_corner,cube_corner,0.0010331632653061223,4
2958,1936,150,15,15,1,-sqrt(2/3),edge_midpoint,cube_corner,0.0012244897959183673,24
2959,1937,150,15,15,2,-1/sqrt(2),axis,edge_midpoint,0.0018140589569160999,24
2960,1938,150,15,15,3,-1/sqrt(3),axis,cube_corner,0.0015306122448979589,24
2961,1939,150,15,15,4,-1/2,edge_midpoint,edge_midpoint,0.00145124716553288,24
2962,1940,150,15,15,5,-1/3,cube_corner,cube_corner,0.0010331632653061223,12
2963,1941,150,15,15,6,0,axis,axis,0.0022675736961451243,12
2964,1941,150,15,15,6,0,axis,edge_midpoint,0.0018140589569160999,24
2965,1941,150,15,15,6,0,edge_midpoint,edge_midpoint,0.00145124716553288,12
2966,1941,150,15,15,6,0,edge_midpoint,cube_corner,0.0012244897959183673,48
2967,1942,150,15,15,7,1/3,cube_corner,cube_corner,0.0010331632653061223,12
2968,1943,150,15,15,8,1/2,edge_midpoint,edge_midpoint,0.00145124716553288,24
2969,1944,150,15,15,9,1/sqrt(3),axis,cube_corner,0.0015306122448979589,24
2970,1945,150,15,15,10,1/sqrt(2),axis,edge_midpoint,0.0018140589569160999,24
2971,1946,150,15,15,11,sqrt(2/3),edge_midpoint,cube_corner,0.0012244897959183673,24
2972,1947,151,15,16,0,-1,axis,axis,0.0022675736961451243,6
2973,1947,151,15,16,0,-1,edge_midpoint,edge_midpoint,0.00145124716553288,12
2974,1947,151,15,16,0,-1,cube_corner,cube_corner,0.0010331632653061223,8
2975,1948,151,15,16,1,-sqrt(2/3),edge_midpoint,cube_corner,0.0012244897959183673,48
2976,1949,151,15,16,2,-1/sqrt(2),axis,edge_midpoint,0.0018140589569160999,48
2977,1950,151,15,16,3,-1/sqrt(3),axis,cube_corner,0.0015306122448979589,48
2978,1951,151,15,16,4,-1/2,edge_midpoint,edge_midpoint,0.00145124716553288,48
2979,1952,151,15,16,5,-1/3,cube_corner,cube_corner,0.0010331632653061223,24
2980,1953,151,15,16,6,0,axis,axis,0.0022675736961451243,24
2981,1953,151,15,16,6,0,axis,edge_midpoint,0.0018140589569160999,48
2982,1953,151,15,16,6,0,edge_midpoint,edge_midpoint,0.00145124716553288,24
2983,1953,151,15,16,6,0,edge_midpoint,cube_corner,0.0012244897959183673,96
2984,1954,151,15,16,7,1/3,cube_corner,cube_corner,0.0010331632653061223,24
2985,1955,151,15,16,8,1/2,edge_midpoint,edge_midpoint,0.00145124716553288,48
2986,1956,151,15,16,9,1/sqrt(3),axis,cube_corner,0.0015306122448979589,48
2987,1957,151,15,16,10,1/sqrt(2),axis,edge_midpoint,0.0018140589569160999,48
2988,1958,151,15,16,11,sqrt(2/3),edge_midpoint,cube_corner,0.0012244897959183673,48
2989,1959,151,15,16,12,1,axis,axis,0.0022675736961451243,6
2990,1959,151,15,16,12,1,edge_midpoint,edge_midpoint,0.00145124716553288,12
2991,1959,151,15,16,12,1,cube_corner,cube_corner,0.0010331632653061223,8
2992,1960,152,16,16,0,-1,axis,axis,0.0022675736961451243,3
2993,1960,152,16,16,0,-1,edge_midpoint,edge_midpoint,0.00145124716553288,6
2994,1960,152,16,16,0,-1,cube_corner,cube_corner,0.0010331632653061223,4
2995,1961,152,16,16,1,-sqrt(2/3),edge_midpoint,cube_corner,0.0012244897959183673,24
2996,1962,152,16,16,2,-1/sqrt(2),axis,edge_midpoint,0.0018140589569160999,24
2997,1963,152,16,16,3,-1/sqrt(3),axis,cube_corner,0.0015306122448979589,24
2998,1964,152,16,16,4,-1/2,edge_midpoint,edge_midpoint,0.00145124716553288,24
2999,1965,152,16,16,5,-1/3,cube_corner,cube_corner,0.0010331632653061223,12
3000,1966,152,16,16,6,0,axis,axis,0.0022675736961451243,12
3001,1966,152,16,16,6,0,axis,edge_midpoint,0.0018140589569160999,24
3002,1966,152,16,16,6,0,edge_midpoint,edge_midpoint,0.00145124716553288,12
3003,1966,152,16,16,6,0,edge_midpoint,cube_corner,0.0012244897959183673,48
3004,1967,152,16,16,7,1/3,cube_corner,cube_corner,0.0010331632653061223,12
3005,1968,152,16,16,8,1/2,edge_midpoint,edge_midpoint,0.00145124716553288,24
3006,1969,152,16,16,9,1/sqrt(3),axis,cube_corner,0.0015306122448979589,24
3007,1970,152,16,16,10,1/sqrt(2),axis,edge_midpoint,0.0018140589569160999,24
3008,1971,152,16,16,11,sqrt(2/3),edge_midpoint,cube_corner,0.0012244897959183673,24
