model,state_index,frequency_index,angle_index,x,opacity,M1,M2,M3,M4
pole,0,0,0,-4.0,4.537844907459406e-06,1.038157020954752,3.3752462835555557,19.4665657905331,140.1671912100378
pole,1,0,1,-4.0,4.537844907459405e-06,1.0381570209547522,3.3752462835555566,19.466565790533103,140.1671912100378
pole,2,0,2,-4.0,4.537844907459406e-06,1.0381570209547522,3.3752462835555566,19.466565790533103,140.16719121003774
pole,3,0,3,-4.0,4.537844907459405e-06,1.0381570209547524,3.3752462835555566,19.466565790533103,140.1671912100378
pole,4,0,4,-4.0,4.537844907459406e-06,1.038157020954752,3.3752462835555557,19.4665657905331,140.16719121003777
pole,5,0,5,-4.0,4.537844907459406e-06,1.038157020954752,3.3752462835555557,19.4665657905331,140.16719121003777
pole,6,0,6,-4.0,4.594561266438803e-06,0.9765601699419698,2.937884165692831,16.06081914202766,113.11400829588668
pole,7,0,7,-4.0,4.594561266438803e-06,0.9765601699419698,2.937884165692831,16.06081914202766,113.11400829588668
pole,8,0,8,-4.0,4.594561266438804e-06,0.9765601699419696,2.93788416569283,16.060819142027658,113.11400829588669
pole,9,0,9,-4.0,4.594561266438803e-06,0.9765601699419698,2.937884165692831,16.06081914202766,113.1140082958867
pole,10,0,10,-4.0,4.594561266438802e-06,0.97656016994197,2.937884165692831,16.060819142027665,113.11400829588673
pole,11,0,11,-4.0,4.594561266438802e-06,0.97656016994197,2.937884165692831,16.060819142027665,113.11400829588673
pole,12,0,12,-4.0,4.594561266438803e-06,0.9765601699419696,2.9378841656928305,16.06081914202766,113.1140082958867
pole,13,0,13,-4.0,4.594561266438802e-06,0.97656016994197,2.937884165692831,16.06081914202766,113.11400829588673
pole,14,0,14,-4.0,4.594561266438802e-06,0.97656016994197,2.9378841656928314,16.060819142027665,113.1140082958867
pole,15,0,15,-4.0,4.594561266438803e-06,0.9765601699419698,2.937884165692831,16.06081914202766,113.11400829588668
pole,16,0,16,-4.0,4.594561266438803e-06,0.9765601699419698,2.9378841656928305,16.06081914202766,113.11400829588666
pole,17,0,17,-4.0,4.594561266438802e-06,0.97656016994197,2.9378841656928314,16.060819142027665,113.11400829588673
pole,18,0,18,-4.0,4.6303369807197055e-06,0.9387395759528321,2.669785667522921,13.97360855303966,96.5354607102609
pole,19,0,19,-4.0,4.6303369807197055e-06,0.9387395759528321,2.669785667522921,13.973608553039663,96.5354607102609
pole,20,0,20,-4.0,4.6303369807197055e-06,0.9387395759528322,2.669785667522921,13.973608553039663,96.53546071026089
pole,21,0,21,-4.0,4.6303369807197055e-06,0.9387395759528322,2.669785667522921,13.973608553039663,96.53546071026089
pole,22,0,22,-4.0,4.6303369807197055e-06,0.9387395759528322,2.669785667522921,13.973608553039663,96.53546071026089
pole,23,0,23,-4.0,4.6303369807197055e-06,0.9387395759528321,2.6697856675229215,13.97360855303966,96.5354607102609
pole,24,0,24,-4.0,4.6303369807197055e-06,0.9387395759528322,2.669785667522921,13.973608553039663,96.5354607102609
pole,25,0,25,-4.0,4.6303369807197055e-06,0.9387395759528322,2.6697856675229215,13.973608553039663,96.53546071026089
pole,26,1,0,-3.5,1.4034168683719572e-05,3.477103164515059,22.26594052975175,151.08904380304546,1044.5835818665682
pole,27,1,1,-3.5,1.4034168683719572e-05,3.4771031645150603,22.26594052975175,151.08904380304543,1044.5835818665682
pole,28,1,2,-3.5,1.403416868371957e-05,3.4771031645150603,22.265940529751756,151.08904380304543,1044.5835818665682
pole,29,1,3,-3.5,1.403416868371957e-05,3.4771031645150603,22.265940529751752,151.08904380304546,1044.5835818665682
pole,30,1,4,-3.5,1.403416868371957e-05,3.4771031645150603,22.26594052975175,151.08904380304546,1044.583581866568
pole,31,1,5,-3.5,1.4034168683719572e-05,3.4771031645150603,22.265940529751745,151.08904380304543,1044.583581866568
pole,32,1,6,-3.5,1.3010914479854635e-05,3.1198997269140403,19.605648607193416,132.08892496435607,910.5585745107417
pole,33,1,7,-3.5,1.3010914479854635e-05,3.1198997269140403,19.605648607193416,132.08892496435607,910.5585745107416
pole,34,1,8,-3.5,1.3010914479854635e-05,3.1198997269140394,19.605648607193416,132.08892496435607,910.5585745107414
pole,35,1,9,-3.5,1.3010914479854635e-05,3.1198997269140394,19.605648607193416,132.08892496435607,910.5585745107414
pole,36,1,10,-3.5,1.3010914479854635e-05,3.1198997269140403,19.60564860719342,132.08892496435607,910.5585745107414
pole,37,1,11,-3.5,1.3010914479854635e-05,3.1198997269140403,19.605648607193416,132.08892496435607,910.5585745107414
pole,38,1,12,-3.5,1.3010914479854635e-05,3.1198997269140403,19.605648607193416,132.08892496435607,910.5585745107414
pole,39,1,13,-3.5,1.3010914479854635e-05,3.1198997269140403,19.605648607193416,132.08892496435607,910.5585745107414
pole,40,1,14,-3.5,1.3010914479854635e-05,3.1198997269140394,19.60564860719342,132.08892496435607,910.5585745107412
pole,41,1,15,-3.5,1.3010914479854635e-05,3.1198997269140403,19.60564860719342,132.08892496435607,910.5585745107414
pole,42,1,16,-3.5,1.3010914479854635e-05,3.1198997269140394,19.605648607193416,132.08892496435607,910.5585745107412
pole,43,1,17,-3.5,1.3010914479854635e-05,3.1198997269140394,19.605648607193416,132.08892496435607,910.5585745107416
pole,44,1,18,-3.5,1.2371189165078159e-05,2.8667001932701055,17.719758352080156,118.61964926396523,815.5472441740596
pole,45,1,19,-3.5,1.2371189165078159e-05,2.8667001932701055,17.719758352080156,118.61964926396523,815.5472441740595
pole,46,1,20,-3.5,1.2371189165078159e-05,2.8667001932701055,17.719758352080152,118.61964926396523,815.5472441740594
pole,47,1,21,-3.5,1.2371189165078159e-05,2.8667001932701055,17.719758352080152,118.61964926396523,815.5472441740594
pole,48,1,22,-3.5,1.2371189165078159e-05,2.866700193270105,17.719758352080152,118.61964926396523,815.5472441740594
pole,49,1,23,-3.5,1.2371189165078159e-05,2.8667001932701055,17.719758352080152,118.61964926396523,815.5472441740594
pole,50,1,24,-3.5,1.2371189165078159e-05,2.8667001932701055,17.719758352080152,118.61964926396521,815.5472441740596
pole,51,1,25,-3.5,1.2371189165078159e-05,2.866700193270105,17.719758352080152,118.61964926396523,815.5472441740596
pole,52,2,0,-3.0,0.0001790990388612062,5.299077297544226,30.969952467051858,183.39460754197475,1092.1896198320003
pole,53,2,1,-3.0,0.0001790990388612062,5.299077297544226,30.96995246705186,183.3946075419747,1092.1896198320003
pole,54,2,2,-3.0,0.0001790990388612062,5.299077297544226,30.96995246705187,183.39460754197475,1092.1896198320005
pole,55,2,3,-3.0,0.0001790990388612062,5.299077297544226,30.969952467051858,183.39460754197478,1092.1896198320005
pole,56,2,4,-3.0,0.0001790990388612062,5.299077297544226,30.969952467051858,183.39460754197475,1092.1896198320007
pole,57,2,5,-3.0,0.0001790990388612062,5.299077297544226,30.969952467051858,183.39460754197475,1092.1896198320007
pole,58,2,6,-3.0,0.00015064361501806718,5.145448170278008,29.892313735646407,176.47075537141475,1049.1009390293939
pole,59,2,7,-3.0,0.00015064361501806718,5.145448170278008,29.892313735646407,176.47075537141475,1049.1009390293939
pole,60,2,8,-3.0,0.00015064361501806718,5.145448170278007,29.892313735646418,176.47075537141473,1049.1009390293939
pole,61,2,9,-3.0,0.00015064361501806718,5.145448170278007,29.892313735646418,176.47075537141475,1049.1009390293939
pole,62,2,10,-3.0,0.0001506436150180672,5.145448170278007,29.892313735646407,176.47075537141473,1049.1009390293937
pole,63,2,11,-3.0,0.0001506436150180672,5.145448170278007,29.892313735646407,176.47075537141473,1049.1009390293937
pole,64,2,12,-3.0,0.0001506436150180672,5.145448170278006,29.892313735646407,176.4707553714147,1049.100939029394
pole,65,2,13,-3.0,0.0001506436150180672,5.145448170278006,29.892313735646407,176.4707553714147,1049.100939029394
pole,66,2,14,-3.0,0.00015064361501806726,5.145448170278004,29.892313735646397,176.47075537141464,1049.100939029393
pole,67,2,15,-3.0,0.00015064361501806724,5.145448170278005,29.892313735646397,176.4707553714147,1049.1009390293937
pole,68,2,16,-3.0,0.00015064361501806724,5.145448170278005,29.892313735646407,176.47075537141467,1049.1009390293937
pole,69,2,17,-3.0,0.00015064361501806724,5.145448170278005,29.892313735646415,176.47075537141467,1049.1009390293934
pole,70,2,18,-3.0,0.00013285900470199336,5.016010399203049,28.984371044566654,170.63720166572833,1012.7974419069355
pole,71,2,19,-3.0,0.00013285900470199333,5.016010399203049,28.984371044566657,170.63720166572836,1012.7974419069357
pole,72,2,20,-3.0,0.00013285900470199333,5.01601039920305,28.984371044566654,170.63720166572833,1012.7974419069357
pole,73,2,21,-3.0,0.00013285900470199333,5.016010399203051,28.984371044566657,170.63720166572833,1012.7974419069357
pole,74,2,22,-3.0,0.00013285900470199333,5.016010399203049,28.98437104456666,170.63720166572833,1012.7974419069361
pole,75,2,23,-3.0,0.0001328590047019933,5.01601039920305,28.984371044566668,170.63720166572836,1012.7974419069361
pole,76,2,24,-3.0,0.0001328590047019933,5.016010399203052,28.984371044566657,170.63720166572838,1012.7974419069359
pole,77,2,25,-3.0,0.0001328590047019933,5.016010399203052,28.984371044566657,170.6372016657284,1012.7974419069359
pole,78,3,0,-2.5,0.0025396348319337465,4.646530685076606,22.70599539541443,112.20651599830508,557.1006317309777
pole,79,3,1,-2.5,0.002539634831933746,4.646530685076606,22.70599539541443,112.20651599830512,557.100631730978
pole,80,3,2,-2.5,0.002539634831933746,4.646530685076606,22.705995395414433,112.2065159983051,557.1006317309781
pole,81,3,3,-2.5,0.002539634831933746,4.646530685076607,22.705995395414437,112.20651599830508,557.1006317309779
pole,82,3,4,-2.5,0.0025396348319337457,4.646530685076608,22.705995395414437,112.20651599830512,557.100631730978
pole,83,3,5,-2.5,0.0025396348319337457,4.646530685076608,22.705995395414437,112.20651599830512,557.100631730978
pole,84,3,6,-2.5,0.002111670061318542,4.561358743450246,22.173380455088033,109.2751448700956,541.6465205550118
pole,85,3,7,-2.5,0.002111670061318542,4.561358743450246,22.173380455088036,109.2751448700956,541.6465205550119
pole,86,3,8,-2.5,0.002111670061318542,4.561358743450245,22.17338045508803,109.27514487009559,541.646520555012
pole,87,3,9,-2.5,0.002111670061318542,4.561358743450245,22.17338045508803,109.27514487009559,541.6465205550119
pole,88,3,10,-2.5,0.0021116700613185426,4.561358743450245,22.173380455088022,109.27514487009555,541.6465205550118
pole,89,3,11,-2.5,0.0021116700613185426,4.561358743450245,22.173380455088022,109.27514487009555,541.6465205550118
pole,90,3,12,-2.5,0.0021116700613185426,4.561358743450246,22.173380455088022,109.27514487009559,541.6465205550115
pole,91,3,13,-2.5,0.0021116700613185426,4.561358743450246,22.173380455088022,109.27514487009559,541.6465205550115
pole,92,3,14,-2.5,0.002111670061318543,4.561358743450243,22.17338045508802,109.2751448700955,541.6465205550115
pole,93,3,15,-2.5,0.002111670061318543,4.561358743450244,22.173380455088022,109.27514487009553,541.6465205550115
pole,94,3,16,-2.5,0.002111670061318543,4.561358743450244,22.173380455088026,109.27514487009553,541.6465205550114
pole,95,3,17,-2.5,0.002111670061318543,4.561358743450242,22.173380455088022,109.27514487009556,541.6465205550114
pole,96,3,18,-2.5,0.0018441921433325864,4.488052228145172,21.71496510921511,106.75214810717162,528.3453478753119
pole,97,3,19,-2.5,0.0018441921433325862,4.488052228145172,21.71496510921511,106.75214810717164,528.3453478753119
pole,98,3,20,-2.5,0.0018441921433325862,4.488052228145172,21.714965109215107,106.75214810717168,528.3453478753119
pole,99,3,21,-2.5,0.001844192143332586,4.488052228145172,21.714965109215107,106.75214810717168,528.3453478753119
pole,100,3,22,-2.5,0.0018441921433325862,4.488052228145172,21.714965109215107,106.75214810717166,528.3453478753119
pole,101,3,23,-2.5,0.001844192143332586,4.488052228145173,21.714965109215115,106.75214810717168,528.345347875312
pole,102,3,24,-2.5,0.001844192143332586,4.488052228145173,21.714965109215115,106.75214810717168,528.345347875312
pole,103,3,25,-2.5,0.001844192143332586,4.488052228145173,21.714965109215118,106.75214810717168,528.345347875312
pole,104,4,0,-2.0,0.02309261117876108,3.7281888312832123,14.58445829943475,57.679285447382796,229.18269499923468
pole,105,4,1,-2.0,0.02309261117876108,3.7281888312832123,14.584458299434747,57.679285447382796,229.18269499923468
pole,106,4,2,-2.0,0.02309261117876108,3.728188831283212,14.584458299434747,57.67928544738279,229.18269499923468
pole,107,4,3,-2.0,0.02309261117876108,3.728188831283212,14.584458299434747,57.679285447382796,229.18269499923468
pole,108,4,4,-2.0,0.02309261117876108,3.7281888312832123,14.584458299434747,57.67928544738279,229.18269499923474
pole,109,4,5,-2.0,0.02309261117876108,3.7281888312832123,14.584458299434747,57.67928544738279,229.18269499923474
pole,110,4,6,-2.0,0.01919966976913455,3.662275738511022,14.254226669535184,56.22478068177686,223.05337038461616
pole,111,4,7,-2.0,0.01919966976913455,3.662275738511022,14.254226669535184,56.22478068177686,223.0533703846162
pole,112,4,8,-2.0,0.01919966976913455,3.662275738511021,14.254226669535184,56.22478068177686,223.0533703846162
pole,113,4,9,-2.0,0.01919966976913455,3.662275738511021,14.254226669535184,56.22478068177686,223.0533703846162
pole,114,4,10,-2.0,0.01919966976913455,3.662275738511021,14.254226669535187,56.22478068177686,223.05337038461624
pole,115,4,11,-2.0,0.01919966976913455,3.662275738511021,14.254226669535184,56.22478068177686,223.0533703846162
pole,116,4,12,-2.0,0.01919966976913455,3.6622757385110196,14.254226669535184,56.22478068177687,223.0533703846162
pole,117,4,13,-2.0,0.019199669769134554,3.6622757385110187,14.25422666953518,56.22478068177686,223.0533703846162
pole,118,4,14,-2.0,0.01919966976913455,3.662275738511021,14.254226669535184,56.22478068177685,223.05337038461616
pole,119,4,15,-2.0,0.019199669769134554,3.6622757385110196,14.25422666953518,56.22478068177685,223.05337038461616
pole,120,4,16,-2.0,0.019199669769134554,3.66227573851102,14.254226669535184,56.22478068177686,223.05337038461616
pole,121,4,17,-2.0,0.019199669769134554,3.6622757385110196,14.25422666953518,56.22478068177685,223.0533703846161
pole,122,4,18,-2.0,0.016766581338186867,3.605536938876106,13.969959073706699,54.972724281113486,217.7771695403011
pole,123,4,19,-2.0,0.016766581338186867,3.605536938876106,13.9699590737067,54.97272428111349,217.7771695403011
pole,124,4,20,-2.0,0.016766581338186867,3.605536938876106,13.9699590737067,54.972724281113486,217.77716954030097
pole,125,4,21,-2.0,0.016766581338186867,3.605536938876106,13.9699590737067,54.972724281113486,217.77716954030103
pole,126,4,22,-2.0,0.016766581338186867,3.605536938876106,13.9699590737067,54.972724281113486,217.77716954030103
pole,127,4,23,-2.0,0.016766581338186867,3.605536938876106,13.9699590737067,54.972724281113486,217.77716954030106
pole,128,4,24,-2.0,0.016766581338186867,3.605536938876106,13.969959073706697,54.972724281113486,217.777169540301
pole,129,4,25,-2.0,0.016766581338186867,3.605536938876106,13.969959073706697,54.972724281113486,217.77716954030103
pole,130,5,0,-1.5,0.12874179364307023,2.7924826581391518,8.208754909441831,24.372612823980774,72.72377292333144
pole,131,5,1,-1.5,0.12874179364307023,2.792482658139151,8.208754909441835,24.372612823980777,72.7237729233314
pole,132,5,2,-1.5,0.12874179364307026,2.792482658139151,8.208754909441831,24.372612823980774,72.7237729233314
pole,133,5,3,-1.5,0.12874179364307026,2.7924826581391513,8.208754909441831,24.37261282398077,72.7237729233314
pole,134,5,4,-1.5,0.12874179364307026,2.7924826581391504,8.208754909441831,24.37261282398077,72.72377292333141
pole,135,5,5,-1.5,0.12874179364307026,2.7924826581391504,8.208754909441831,24.37261282398077,72.72377292333141
pole,136,5,6,-1.5,0.1071356520037552,2.742344791961226,8.024311861627018,23.76810420901875,70.83070869451244
pole,137,5,7,-1.5,0.1071356520037552,2.742344791961226,8.024311861627018,23.768104209018755,70.83070869451244
pole,138,5,8,-1.5,0.1071356520037552,2.742344791961225,8.024311861627016,23.76810420901875,70.83070869451244
pole,139,5,9,-1.5,0.1071356520037552,2.742344791961226,8.024311861627016,23.768104209018748,70.83070869451244
pole,140,5,10,-1.5,0.10713565200375517,2.7423447919612274,8.02431186162702,23.76810420901875,70.83070869451247
pole,141,5,11,-1.5,0.10713565200375519,2.742344791961227,8.024311861627018,23.76810420901875,70.83070869451245
pole,142,5,12,-1.5,0.10713565200375519,2.742344791961226,8.024311861627018,23.768104209018755,70.83070869451242
pole,143,5,13,-1.5,0.10713565200375519,2.742344791961226,8.024311861627016,23.768104209018755,70.83070869451244
pole,144,5,14,-1.5,0.10713565200375516,2.7423447919612274,8.02431186162702,23.768104209018766,70.83070869451247
pole,145,5,15,-1.5,0.10713565200375516,2.742344791961228,8.024311861627021,23.76810420901876,70.83070869451247
pole,146,5,16,-1.5,0.10713565200375516,2.742344791961228,8.02431186162702,23.768104209018766,70.83070869451245
pole,147,5,17,-1.5,0.10713565200375516,2.7423447919612274,8.02431186162702,23.76810420901876,70.83070869451247
pole,148,5,18,-1.5,0.09363181163602684,2.6992582393690054,7.865808650664614,23.248612970947242,69.20388335353583
pole,149,5,19,-1.5,0.09363181163602685,2.699258239369005,7.865808650664612,23.24861297094724,69.20388335353582
pole,150,5,20,-1.5,0.09363181163602684,2.6992582393690063,7.865808650664616,23.248612970947246,69.20388335353583
pole,151,5,21,-1.5,0.09363181163602685,2.699258239369006,7.865808650664614,23.248612970947242,69.20388335353582
pole,152,5,22,-1.5,0.09363181163602685,2.699258239369005,7.865808650664613,23.24861297094724,69.20388335353582
pole,153,5,23,-1.5,0.09363181163602685,2.699258239369006,7.865808650664613,23.248612970947242,69.20388335353582
pole,154,5,24,-1.5,0.09363181163602685,2.699258239369006,7.865808650664614,23.248612970947242,69.20388335353582
pole,155,5,25,-1.5,0.09363181163602687,2.6992582393690054,7.865808650664614,23.248612970947235,69.20388335353582
pole,156,6,0,-1.0,0.4390402338440583,1.8589091447332657,3.668619189336513,7.2877779236632465,14.580415306872046
pole,157,6,1,-1.0,0.4390402338440583,1.8589091447332657,3.6686191893365137,7.287777923663245,14.580415306872048
pole,158,6,2,-1.0,0.4390402338440584,1.8589091447332655,3.6686191893365128,7.287777923663246,14.580415306872045
pole,159,6,3,-1.0,0.4390402338440584,1.8589091447332653,3.6686191893365128,7.287777923663246,14.580415306872045
pole,160,6,4,-1.0,0.4390402338440584,1.858909144733266,3.6686191893365123,7.287777923663244,14.580415306872046
pole,161,6,5,-1.0,0.4390402338440584,1.858909144733266,3.6686191893365123,7.287777923663244,14.580415306872046
pole,162,6,6,-1.0,0.36565632646973456,1.8249552733212895,3.5908326307124736,7.122269403111844,14.250355172503962
pole,163,6,7,-1.0,0.36565632646973456,1.8249552733212895,3.5908326307124736,7.122269403111845,14.250355172503962
pole,164,6,8,-1.0,0.36565632646973456,1.8249552733212897,3.5908326307124736,7.122269403111844,14.250355172503962
pole,165,6,9,-1.0,0.3656563264697345,1.8249552733212902,3.590832630712474,7.1222694031118445,14.250355172503964
pole,166,6,10,-1.0,0.3656563264697345,1.8249552733212902,3.5908326307124745,7.122269403111846,14.250355172503962
pole,167,6,11,-1.0,0.3656563264697345,1.8249552733212902,3.5908326307124745,7.122269403111846,14.250355172503962
pole,168,6,12,-1.0,0.3656563264697345,1.8249552733212897,3.5908326307124745,7.122269403111846,14.250355172503962
pole,169,6,13,-1.0,0.36565632646973445,1.8249552733212902,3.590832630712475,7.122269403111847,14.250355172503964
pole,170,6,14,-1.0,0.36565632646973445,1.8249552733212897,3.590832630712476,7.122269403111847,14.250355172503962
pole,171,6,15,-1.0,0.36565632646973445,1.8249552733212904,3.590832630712475,7.122269403111848,14.250355172503964
pole,172,6,16,-1.0,0.36565632646973445,1.8249552733212904,3.5908326307124745,7.122269403111846,14.250355172503962
pole,173,6,17,-1.0,0.36565632646973445,1.8249552733212902,3.590832630712475,7.122269403111848,14.250355172503967
pole,174,6,18,-1.0,0.3197913798516995,1.7958208302883298,3.524087245495403,6.980253579032427,13.967144298024053
pole,175,6,19,-1.0,0.3197913798516995,1.7958208302883298,3.5240872454954024,6.980253579032427,13.967144298024053
pole,176,6,20,-1.0,0.3197913798516995,1.7958208302883298,3.5240872454954015,6.980253579032428,13.967144298024053
pole,177,6,21,-1.0,0.3197913798516995,1.7958208302883298,3.524087245495401,6.980253579032428,13.967144298024053
pole,178,6,22,-1.0,0.3197913798516994,1.7958208302883305,3.524087245495402,6.980253579032429,13.967144298024058
pole,179,6,23,-1.0,0.3197913798516995,1.7958208302883307,3.5240872454954024,6.980253579032427,13.967144298024053
pole,180,6,24,-1.0,0.3197913798516994,1.7958208302883303,3.524087245495402,6.980253579032429,13.967144298024053
pole,181,6,25,-1.0,0.3197913798516994,1.7958208302883303,3.524087245495403,6.980253579032428,13.967144298024056
pole,182,7,0,-0.5,0.916416558400409,0.928513734400165,0.9535707263662208,0.9659628339210852,1.033373693528859
pole,183,7,1,-0.5,0.916416558400409,0.9285137344001652,0.9535707263662205,0.965962833921085,1.033373693528859
pole,184,7,2,-0.5,0.9164165584004093,0.9285137344001653,0.9535707263662204,0.9659628339210847,1.0333736935288589
pole,185,7,3,-0.5,0.9164165584004093,0.928513734400165,0.9535707263662204,0.9659628339210847,1.033373693528859
pole,186,7,4,-0.5,0.9164165584004093,0.9285137344001653,0.9535707263662203,0.9659628339210848,1.033373693528859
pole,187,7,5,-0.5,0.9164165584004093,0.9285137344001653,0.9535707263662203,0.9659628339210848,1.033373693528859
pole,188,7,6,-0.5,0.763641754425256,0.9113555305306049,0.9414232227737075,0.9562930805792458,1.037188679553699
pole,189,7,7,-0.5,0.7636417544252558,0.9113555305306051,0.9414232227737076,0.9562930805792459,1.0371886795536993
pole,190,7,8,-0.5,0.7636417544252558,0.911355530530605,0.9414232227737077,0.9562930805792457,1.037188679553699
pole,191,7,9,-0.5,0.7636417544252558,0.9113555305306051,0.9414232227737076,0.9562930805792457,1.0371886795536993
pole,192,7,10,-0.5,0.763641754425256,0.9113555305306051,0.9414232227737074,0.9562930805792458,1.0371886795536993
pole,193,7,11,-0.5,0.763641754425256,0.9113555305306049,0.9414232227737074,0.9562930805792458,1.037188679553699
pole,194,7,12,-0.5,0.763641754425256,0.9113555305306047,0.9414232227737075,0.9562930805792458,1.0371886795536989
pole,195,7,13,-0.5,0.763641754425256,0.9113555305306049,0.9414232227737075,0.9562930805792458,1.0371886795536989
pole,196,7,14,-0.5,0.7636417544252561,0.9113555305306047,0.9414232227737075,0.9562930805792453,1.0371886795536989
pole,197,7,15,-0.5,0.7636417544252561,0.9113555305306047,0.9414232227737075,0.9562930805792458,1.0371886795536986
pole,198,7,16,-0.5,0.7636417544252561,0.9113555305306046,0.9414232227737072,0.9562930805792458,1.0371886795536989
pole,199,7,17,-0.5,0.7636417544252561,0.9113555305306049,0.9414232227737075,0.9562930805792456,1.0371886795536989
pole,200,7,18,-0.5,0.6681575077075832,0.8966471102698323,0.9310100882555407,0.9480039315176254,1.0404588197770075
pole,201,7,19,-0.5,0.6681575077075832,0.8966471102698323,0.9310100882555407,0.9480039315176252,1.0404588197770075
pole,202,7,20,-0.5,0.6681575077075832,0.8966471102698327,0.9310100882555405,0.9480039315176255,1.0404588197770077
pole,203,7,21,-0.5,0.6681575077075831,0.8966471102698327,0.9310100882555409,0.9480039315176255,1.0404588197770077
pole,204,7,22,-0.5,0.6681575077075832,0.8966471102698327,0.9310100882555403,0.9480039315176255,1.0404588197770077
pole,205,7,23,-0.5,0.6681575077075831,0.896647110269833,0.9310100882555409,0.9480039315176255,1.0404588197770077
pole,206,7,24,-0.5,0.6681575077075831,0.8966471102698329,0.9310100882555407,0.9480039315176259,1.0404588197770077
pole,207,7,25,-0.5,0.6681575077075831,0.8966471102698329,0.9310100882555407,0.9480039315176259,1.0404588197770077
pole,208,8,0,0.0,1.1714012365533848,-6.286268615361847e-05,0.05025927681880518,-6.313729834513561e-05,0.05763952293541259
pole,209,8,1,0.0,1.1714012365533848,-6.286268615361255e-05,0.05025927681880518,-6.313729834513857e-05,0.05763952293541259
pole,210,8,2,0.0,1.1714012365533848,-6.286268615361255e-05,0.05025927681880518,-6.313729834513857e-05,0.05763952293541259
pole,211,8,3,0.0,1.1714012365533848,-6.286268615361255e-05,0.050259276818805175,-6.313729834514154e-05,0.05763952293541261
pole,212,8,4,0.0,1.1714012365533848,-6.286268615361255e-05,0.05025927681880518,-6.313729834513857e-05,0.05763952293541261
pole,213,8,5,0.0,1.1714012365533848,-6.286268615361255e-05,0.05025927681880518,-6.313729834513857e-05,0.05763952293541261
pole,214,8,6,0.0,0.9762841434532781,-7.80607493983983e-05,0.060304200812176294,-7.576293027674615e-05,0.06916100895532493
pole,215,8,7,0.0,0.9762841434532781,-7.80607493983983e-05,0.06030420081217629,-7.576293027674615e-05,0.06916100895532493
pole,216,8,8,0.0,0.9762841434532781,-7.80607493983983e-05,0.06030420081217629,-7.576293027674615e-05,0.06916100895532491
pole,217,8,9,0.0,0.9762841434532781,-7.806074939840541e-05,0.06030420081217629,-7.576293027674615e-05,0.06916100895532491
pole,218,8,10,0.0,0.9762841434532782,-7.80607493984054e-05,0.06030420081217628,-7.576293027674259e-05,0.0691610089553249
pole,219,8,11,0.0,0.9762841434532782,-7.80607493984054e-05,0.06030420081217628,-7.576293027674614e-05,0.0691610089553249
pole,220,8,12,0.0,0.9762841434532782,-7.80607493983983e-05,0.06030420081217628,-7.576293027674614e-05,0.06916100895532491
pole,221,8,13,0.0,0.9762841434532782,-7.80607493984054e-05,0.06030420081217628,-7.576293027674614e-05,0.06916100895532491
pole,222,8,14,0.0,0.9762841434532783,-7.806074939839828e-05,0.06030420081217627,-7.576293027674612e-05,0.06916100895532491
pole,223,8,15,0.0,0.9762841434532783,-7.806074939839828e-05,0.06030420081217627,-7.576293027674257e-05,0.06916100895532491
pole,224,8,16,0.0,0.9762841434532783,-7.806074939840539e-05,0.06030420081217627,-7.576293027674257e-05,0.06916100895532491
pole,225,8,17,0.0,0.9762841434532783,-7.806074939839828e-05,0.06030420081217627,-7.576293027674257e-05,0.06916100895532491
pole,226,8,18,0.0,0.8543359784800733,-9.108448229314455e-05,0.06891213812433061,-8.65834809991074e-05,0.07903468925417997
pole,227,8,19,0.0,0.8543359784800734,-9.108448229314453e-05,0.0689121381243306,-8.65834809991155e-05,0.07903468925417996
pole,228,8,20,0.0,0.8543359784800733,-9.108448229314455e-05,0.06891213812433063,-8.658348099911145e-05,0.07903468925417997
pole,229,8,21,0.0,0.8543359784800734,-9.108448229315265e-05,0.06891213812433061,-8.658348099911145e-05,0.07903468925417996
pole,230,8,22,0.0,0.8543359784800734,-9.108448229316077e-05,0.06891213812433061,-8.65834809991155e-05,0.07903468925417996
pole,231,8,23,0.0,0.8543359784800734,-9.108448229315265e-05,0.0689121381243306,-8.658348099911145e-05,0.07903468925417995
pole,232,8,24,0.0,0.8543359784800734,-9.108448229315265e-05,0.06891213812433061,-8.65834809991155e-05,0.07903468925417996
pole,233,8,25,0.0,0.8543359784800734,-9.108448229315265e-05,0.06891213812433061,-8.65834809991155e-05,0.07903468925417996
pole,234,9,0,0.5,0.9171027206817474,-0.9286933290109056,0.9537697149348354,-0.9662916523834865,1.0338433173804062
pole,235,9,1,0.5,0.9171027206817474,-0.9286933290109056,0.9537697149348354,-0.9662916523834866,1.0338433173804062
pole,236,9,2,0.5,0.9171027206817474,-0.9286933290109055,0.9537697149348354,-0.9662916523834865,1.0338433173804062
pole,237,9,3,0.5,0.9171027206817474,-0.9286933290109056,0.9537697149348353,-0.9662916523834865,1.0338433173804062
pole,238,9,4,0.5,0.9171027206817475,-0.9286933290109055,0.9537697149348353,-0.9662916523834864,1.033843317380406
pole,239,9,5,0.5,0.9171027206817475,-0.9286933290109055,0.9537697149348353,-0.9662916523834864,1.033843317380406
pole,240,9,6,0.5,0.7641896119910186,-0.9115755698766895,0.9416726531039405,-0.956703960479973,1.0377762682063345
pole,241,9,7,0.5,0.7641896119910186,-0.9115755698766895,0.9416726531039405,-0.9567039604799733,1.0377762682063345
pole,242,9,8,0.5,0.7641896119910186,-0.9115755698766896,0.9416726531039407,-0.9567039604799732,1.037776268206335
pole,243,9,9,0.5,0.7641896119910186,-0.9115755698766895,0.9416726531039405,-0.9567039604799729,1.0377762682063347
pole,244,9,10,0.5,0.7641896119910186,-0.9115755698766895,0.9416726531039403,-0.9567039604799732,1.0377762682063347
pole,245,9,11,0.5,0.7641896119910186,-0.9115755698766896,0.9416726531039403,-0.9567039604799729,1.0377762682063347
pole,246,9,12,0.5,0.7641896119910186,-0.9115755698766895,0.9416726531039405,-0.9567039604799732,1.0377762682063345
pole,247,9,13,0.5,0.7641896119910186,-0.9115755698766895,0.9416726531039405,-0.956703960479973,1.0377762682063347
pole,248,9,14,0.5,0.7641896119910186,-0.9115755698766896,0.9416726531039405,-0.9567039604799732,1.0377762682063347
pole,249,9,15,0.5,0.7641896119910186,-0.9115755698766895,0.9416726531039405,-0.956703960479973,1.0377762682063347
pole,250,9,16,0.5,0.7641896119910186,-0.9115755698766896,0.9416726531039403,-0.956703960479973,1.0377762682063347
pole,251,9,17,0.5,0.7641896119910186,-0.9115755698766895,0.9416726531039405,-0.9567039604799732,1.0377762682063347
pole,252,9,18,0.5,0.6686189249460064,-0.8969009667456234,0.931302154712568,-0.9484846766836251,1.0411477264088411
pole,253,9,19,0.5,0.6686189249460064,-0.8969009667456234,0.931302154712568,-0.9484846766836251,1.0411477264088411
pole,254,9,20,0.5,0.6686189249460064,-0.8969009667456234,0.931302154712568,-0.9484846766836251,1.0411477264088411
pole,255,9,21,0.5,0.6686189249460064,-0.8969009667456234,0.931302154712568,-0.9484846766836251,1.0411477264088411
pole,256,9,22,0.5,0.6686189249460063,-0.8969009667456235,0.931302154712568,-0.9484846766836252,1.0411477264088416
pole,257,9,23,0.5,0.6686189249460063,-0.8969009667456235,0.931302154712568,-0.9484846766836252,1.0411477264088413
pole,258,9,24,0.5,0.6686189249460063,-0.8969009667456233,0.9313021547125682,-0.9484846766836252,1.0411477264088413
pole,259,9,25,0.5,0.6686189249460063,-0.8969009667456233,0.9313021547125682,-0.9484846766836252,1.0411477264088413
pole,260,10,0,1.0,0.43970382687214493,-1.8592395556142027,3.669428161324029,-7.289647369979103,14.584541100276837
pole,261,10,1,1.0,0.43970382687214493,-1.8592395556142032,3.6694281613240296,-7.289647369979102,14.584541100276837
pole,262,10,2,1.0,0.43970382687214493,-1.859239555614203,3.6694281613240287,-7.289647369979102,14.584541100276839
pole,263,10,3,1.0,0.43970382687214493,-1.8592395556142032,3.669428161324028,-7.2896473699791,14.584541100276835
pole,264,10,4,1.0,0.4397038268721449,-1.8592395556142032,3.6694281613240283,-7.289647369979103,14.584541100276839
pole,265,10,5,1.0,0.4397038268721449,-1.8592395556142032,3.6694281613240283,-7.289647369979103,14.584541100276839
pole,266,10,6,1.0,0.36618720010351646,-1.8253544905790278,3.5918152643971184,-7.124552758837928,14.255426056827945
pole,267,10,7,1.0,0.36618720010351646,-1.825354490579028,3.5918152643971184,-7.124552758837929,14.255426056827947
pole,268,10,8,1.0,0.36618720010351646,-1.8253544905790273,3.5918152643971197,-7.124552758837929,14.255426056827947
pole,269,10,9,1.0,0.3661872001035165,-1.825354490579027,3.5918152643971184,-7.124552758837926,14.255426056827941
pole,270,10,10,1.0,0.3661872001035164,-1.8253544905790278,3.591815264397119,-7.124552758837928,14.255426056827947
pole,271,10,11,1.0,0.3661872001035164,-1.825354490579028,3.5918152643971193,-7.124552758837929,14.255426056827947
pole,272,10,12,1.0,0.3661872001035164,-1.8253544905790278,3.591815264397119,-7.124552758837929,14.255426056827945
pole,273,10,13,1.0,0.36618720010351646,-1.8253544905790273,3.5918152643971184,-7.124552758837928,14.255426056827941
pole,274,10,14,1.0,0.36618720010351635,-1.8253544905790284,3.591815264397119,-7.124552758837929,14.255426056827952
pole,275,10,15,1.0,0.36618720010351635,-1.8253544905790284,3.5918152643971193,-7.124552758837932,14.255426056827948
pole,276,10,16,1.0,0.36618720010351635,-1.8253544905790284,3.5918152643971193,-7.124552758837932,14.255426056827952
pole,277,10,17,1.0,0.36618720010351635,-1.8253544905790284,3.5918152643971193,-7.124552758837932,14.255426056827948
pole,278,10,18,1.0,0.32023930390874356,-1.796275871317306,3.5252115241742676,-6.982876419581271,13.972994872501486
pole,279,10,19,1.0,0.32023930390874356,-1.796275871317306,3.5252115241742676,-6.9828764195812685,13.972994872501486
pole,280,10,20,1.0,0.32023930390874356,-1.7962758713173055,3.525211524174268,-6.98287641958127,13.972994872501486
pole,281,10,21,1.0,0.32023930390874356,-1.7962758713173055,3.525211524174268,-6.98287641958127,13.972994872501486
pole,282,10,22,1.0,0.32023930390874356,-1.796275871317306,3.525211524174268,-6.98287641958127,13.972994872501488
pole,283,10,23,1.0,0.32023930390874356,-1.796275871317306,3.5252115241742676,-6.982876419581271,13.972994872501488
pole,284,10,24,1.0,0.32023930390874356,-1.796275871317306,3.525211524174269,-6.9828764195812685,13.972994872501486
pole,285,10,25,1.0,0.32023930390874356,-1.796275871317306,3.5252115241742694,-6.98287641958127,13.972994872501486
pole,286,11,0,1.5,0.1290378993661736,-2.7930304626896354,8.21085661487256,-24.37968647084235,72.74643530013651
pole,287,11,1,1.5,0.12903789936617363,-2.793030462689634,8.21085661487256,-24.37968647084235,72.74643530013648
pole,288,11,2,1.5,0.12903789936617366,-2.793030462689634,8.210856614872556,-24.379686470842344,72.74643530013647
pole,289,11,3,1.5,0.1290378993661737,-2.793030462689634,8.210856614872556,-24.379686470842334,72.74643530013644
pole,290,11,4,1.5,0.12903789936617366,-2.793030462689635,8.210856614872558,-24.379686470842344,72.74643530013645
pole,291,11,5,1.5,0.12903789936617366,-2.793030462689635,8.210856614872558,-24.379686470842344,72.74643530013645
pole,292,11,6,1.5,0.10737326228674868,-2.743002895436089,8.026833770185485,-23.776608899202802,70.85803722195595
pole,293,11,7,1.5,0.10737326228674868,-2.743002895436088,8.026833770185485,-23.776608899202802,70.85803722195595
pole,294,11,8,1.5,0.10737326228674868,-2.743002895436088,8.026833770185483,-23.776608899202802,70.85803722195595
pole,295,11,9,1.5,0.10737326228674868,-2.7430028954360886,8.026833770185483,-23.776608899202795,70.85803722195595
pole,296,11,10,1.5,0.10737326228674869,-2.7430028954360886,8.026833770185483,-23.7766088992028,70.85803722195594
pole,297,11,11,1.5,0.1073732622867487,-2.7430028954360886,8.026833770185481,-23.7766088992028,70.85803722195594
pole,298,11,12,1.5,0.1073732622867487,-2.743002895436089,8.026833770185481,-23.77660889920279,70.85803722195593
pole,299,11,13,1.5,0.1073732622867487,-2.7430028954360886,8.026833770185483,-23.776608899202795,70.85803722195591
pole,300,11,14,1.5,0.10737326228674872,-2.743002895436088,8.026833770185481,-23.776608899202785,70.85803722195593
pole,301,11,15,1.5,0.10737326228674872,-2.7430028954360877,8.02683377018548,-23.776608899202795,70.85803722195593
pole,302,11,16,1.5,0.10737326228674872,-2.7430028954360877,8.026833770185481,-23.776608899202788,70.85803722195593
pole,303,11,17,1.5,0.10737326228674873,-2.7430028954360877,8.02683377018548,-23.776608899202788,70.85803722195593
pole,304,11,18,1.5,0.09383286226367454,-2.700004576963381,7.868667563305461,-23.25826845915404,69.23497446622716
pole,305,11,19,1.5,0.09383286226367456,-2.7000045769633805,7.86866756330546,-23.25826845915404,69.23497446622716
pole,306,11,20,1.5,0.09383286226367456,-2.7000045769633805,7.868667563305459,-23.258268459154035,69.23497446622717
pole,307,11,21,1.5,0.09383286226367456,-2.7000045769633805,7.868667563305459,-23.25826845915404,69.23497446622717
pole,308,11,22,1.5,0.09383286226367457,-2.700004576963381,7.868667563305458,-23.258268459154035,69.23497446622717
pole,309,11,23,1.5,0.09383286226367457,-2.700004576963381,7.86866756330546,-23.258268459154028,69.23497446622714
pole,310,11,24,1.5,0.09383286226367457,-2.70000457696338,7.868667563305457,-23.25826845915403,69.23497446622714
pole,311,11,25,1.5,0.09383286226367459,-2.70000457696338,7.868667563305458,-23.258268459154028,69.23497446622714
pole,312,12,0,2.0,0.0231647048753439,-3.728980598659045,14.58857872658781,-57.697738919447495,229.26125080571333
pole,313,12,1,2.0,0.0231647048753439,-3.728980598659045,14.588578726587812,-57.697738919447495,229.26125080571336
pole,314,12,2,2.0,0.0231647048753439,-3.7289805986590436,14.588578726587807,-57.69773891944749,229.26125080571325
pole,315,12,3,2.0,0.0231647048753439,-3.7289805986590445,14.58857872658781,-57.697738919447495,229.2612508057133
pole,316,12,4,2.0,0.0231647048753439,-3.7289805986590445,14.58857872658781,-57.69773891944752,229.2612508057133
pole,317,12,5,2.0,0.0231647048753439,-3.7289805986590445,14.58857872658781,-57.69773891944752,229.2612508057133
pole,318,12,6,2.0,0.019257749077655352,-3.66322501714818,14.259148053743733,-56.246824087936716,223.14732001628465
pole,319,12,7,2.0,0.019257749077655352,-3.6632250171481813,14.259148053743733,-56.246824087936716,223.1473200162846
pole,320,12,8,2.0,0.019257749077655352,-3.66322501714818,14.259148053743736,-56.246824087936695,223.14732001628465
pole,321,12,9,2.0,0.019257749077655352,-3.66322501714818,14.259148053743736,-56.2468240879367,223.14732001628465
pole,322,12,10,2.0,0.019257749077655352,-3.66322501714818,14.259148053743731,-56.2468240879367,223.14732001628454
pole,323,12,11,2.0,0.01925774907765535,-3.6632250171481813,14.259148053743733,-56.246824087936716,223.1473200162846
pole,324,12,12,2.0,0.01925774907765535,-3.66322501714818,14.259148053743738,-56.246824087936716,223.14732001628462
pole,325,12,13,2.0,0.01925774907765535,-3.66322501714818,14.259148053743738,-56.246824087936716,223.14732001628462
pole,326,12,14,2.0,0.01925774907765535,-3.663225017148181,14.259148053743738,-56.24682408793669,223.14732001628462
pole,327,12,15,2.0,0.01925774907765535,-3.663225017148181,14.25914805374373,-56.246824087936716,223.14732001628474
pole,328,12,16,2.0,0.01925774907765535,-3.663225017148181,14.259148053743742,-56.246824087936716,223.14732001628462
pole,329,12,17,2.0,0.01925774907765535,-3.663225017148181,14.259148053743738,-56.2468240879367,223.14732001628474
pole,330,12,18,2.0,0.01681590165168445,-3.6066116262147334,13.975518937432412,-54.997633359841295,217.8834240186338
pole,331,12,19,2.0,0.016815901651684447,-3.6066116262147343,13.975518937432415,-54.9976333598413,217.8834240186339
pole,332,12,20,2.0,0.016815901651684447,-3.6066116262147343,13.975518937432415,-54.997633359841316,217.8834240186339
pole,333,12,21,2.0,0.016815901651684447,-3.6066116262147343,13.975518937432415,-54.997633359841316,217.8834240186339
pole,334,12,22,2.0,0.016815901651684447,-3.6066116262147343,13.975518937432415,-54.9976333598413,217.8834240186339
pole,335,12,23,2.0,0.016815901651684447,-3.6066116262147343,13.975518937432415,-54.9976333598413,217.8834240186339
pole,336,12,24,2.0,0.016815901651684447,-3.6066116262147347,13.975518937432415,-54.997633359841316,217.8834240186339
pole,337,12,25,2.0,0.016815901651684447,-3.6066116262147343,13.975518937432414,-54.997633359841316,217.88342401863386
pole,338,13,0,2.5,0.00254970480968798,-4.647616846572161,22.71297325433719,-112.24537004897212,557.3066468274442
pole,339,13,1,2.5,0.00254970480968798,-4.647616846572161,22.71297325433719,-112.24537004897212,557.3066468274443
pole,340,13,2,2.5,0.0025497048096879797,-4.647616846572164,22.712973254337196,-112.24537004897212,557.3066468274443
pole,341,13,3,2.5,0.0025497048096879797,-4.647616846572161,22.712973254337193,-112.24537004897212,557.3066468274442
pole,342,13,4,2.5,0.0025497048096879797,-4.647616846572162,22.712973254337196,-112.24537004897215,557.3066468274442
pole,343,13,5,2.5,0.0025497048096879797,-4.647616846572162,22.712973254337196,-112.24537004897215,557.3066468274442
pole,344,13,6,2.5,0.0021198197150820966,-4.562656817292903,22.18168092982503,-109.32132858507293,541.8914689031028
pole,345,13,7,2.5,0.0021198197150820966,-4.562656817292902,22.18168092982503,-109.32132858507293,541.8914689031028
pole,346,13,8,2.5,0.0021198197150820966,-4.562656817292902,22.18168092982503,-109.32132858507293,541.891468903103
pole,347,13,9,2.5,0.0021198197150820966,-4.562656817292902,22.18168092982503,-109.32132858507292,541.8914689031029
pole,348,13,10,2.5,0.002119819715082096,-4.562656817292902,22.181680929825035,-109.32132858507293,541.8914689031029
pole,349,13,11,2.5,0.002119819715082096,-4.562656817292902,22.181680929825035,-109.32132858507295,541.891468903103
pole,350,13,12,2.5,0.002119819715082096,-4.562656817292903,22.181680929825035,-109.32132858507295,541.891468903103
pole,351,13,13,2.5,0.0021198197150820966,-4.562656817292902,22.18168092982503,-109.32132858507293,541.8914689031028
pole,352,13,14,2.5,0.002119819715082096,-4.562656817292902,22.181680929825035,-109.32132858507295,541.8914689031028
pole,353,13,15,2.5,0.002119819715082096,-4.562656817292904,22.18168092982504,-109.32132858507295,541.8914689031031
pole,354,13,16,2.5,0.002119819715082096,-4.562656817292904,22.181680929825035,-109.32132858507295,541.891468903103
pole,355,13,17,2.5,0.002119819715082096,-4.562656817292904,22.181680929825035,-109.32132858507296,541.891468903103
pole,356,13,18,2.5,0.0018511415945572868,-4.489518352530332,21.7243142693413,-106.80414684188477,528.6212037599602
pole,357,13,19,2.5,0.0018511415945572868,-4.489518352530333,21.724314269341303,-106.80414684188477,528.6212037599602
pole,358,13,20,2.5,0.0018511415945572868,-4.489518352530332,21.724314269341306,-106.80414684188476,528.6212037599603
pole,359,13,21,2.5,0.0018511415945572868,-4.489518352530333,21.724314269341306,-106.80414684188476,528.6212037599603
pole,360,13,22,2.5,0.001851141594557287,-4.4895183525303315,21.7243142693413,-106.80414684188474,528.6212037599602
pole,361,13,23,2.5,0.0018511415945572868,-4.489518352530332,21.724314269341303,-106.80414684188476,528.6212037599603
pole,362,13,24,2.5,0.001851141594557287,-4.489518352530332,21.7243142693413,-106.80414684188476,528.6212037599603
pole,363,13,25,2.5,0.001851141594557287,-4.4895183525303315,21.7243142693413,-106.80414684188474,528.6212037599603
pole,364,14,0,3.0,0.00017992296001278422,-5.3015714814140935,30.987004405068415,-183.50335802143604,1092.8626839387612
pole,365,14,1,3.0,0.00017992296001278422,-5.301571481414093,30.987004405068415,-183.5033580214361,1092.8626839387612
pole,366,14,2,3.0,0.00017992296001278422,-5.301571481414093,30.98700440506842,-183.50335802143604,1092.8626839387612
pole,367,14,3,3.0,0.00017992296001278422,-5.301571481414093,30.987004405068415,-183.5033580214361,1092.8626839387614
pole,368,14,4,3.0,0.00017992296001278417,-5.3015714814140935,30.98700440506843,-183.5033580214361,1092.8626839387616
pole,369,14,5,3.0,0.00017992296001278417,-5.3015714814140935,30.98700440506843,-183.5033580214361,1092.8626839387616
pole,370,14,6,3.0,0.00015131402541859013,-5.148350078331234,29.912074535900647,-176.59662715174147,1049.8796619288655
pole,371,14,7,3.0,0.0001513140254185901,-5.148350078331235,29.912074535900647,-176.59662715174144,1049.8796619288657
pole,372,14,8,3.0,0.0001513140254185901,-5.148350078331235,29.912074535900658,-176.5966271517415,1049.8796619288657
pole,373,14,9,3.0,0.0001513140254185901,-5.1483500783312355,29.912074535900658,-176.5966271517415,1049.8796619288657
pole,374,14,10,3.0,0.00015131402541859008,-5.1483500783312355,29.912074535900658,-176.59662715174147,1049.879661928866
pole,375,14,11,3.0,0.00015131402541859008,-5.148350078331236,29.912074535900647,-176.5966271517415,1049.8796619288657
pole,376,14,12,3.0,0.00015131402541859008,-5.1483500783312355,29.912074535900658,-176.5966271517415,1049.879661928866
pole,377,14,13,3.0,0.00015131402541859008,-5.1483500783312355,29.912074535900658,-176.5966271517415,1049.879661928866
pole,378,14,14,3.0,0.00015131402541859008,-5.148350078331238,29.91207453590065,-176.59662715174153,1049.879661928866
pole,379,14,15,3.0,0.00015131402541859008,-5.148350078331237,29.91207453590065,-176.5966271517415,1049.879661928866
pole,380,14,16,3.0,0.00015131402541859008,-5.148350078331236,29.912074535900647,-176.59662715174147,1049.8796619288657
pole,381,14,17,3.0,0.00015131402541859008,-5.148350078331236,29.91207453590065,-176.59662715174153,1049.8796619288655
pole,382,14,18,3.0,0.0001334334706688104,-5.019220302580986,29.00616486915864,-170.77589700121163,1013.6552176229112
pole,383,14,19,3.0,0.0001334334706688104,-5.019220302580986,29.00616486915864,-170.77589700121166,1013.6552176229112
pole,384,14,20,3.0,0.0001334334706688104,-5.019220302580986,29.006164869158635,-170.77589700121163,1013.6552176229112
pole,385,14,21,3.0,0.00013343347066881043,-5.019220302580984,29.006164869158635,-170.77589700121163,1013.655217622911
pole,386,14,22,3.0,0.0001334334706688104,-5.019220302580986,29.00616486915864,-170.7758970012116,1013.6552176229116
pole,387,14,23,3.0,0.0001334334706688104,-5.019220302580986,29.00616486915864,-170.7758970012116,1013.6552176229113
pole,388,14,24,3.0,0.0001334334706688104,-5.019220302580986,29.00616486915864,-170.77589700121163,1013.655217622911
pole,389,14,25,3.0,0.0001334334706688104,-5.019220302580986,29.00616486915864,-170.77589700121163,1013.655217622911
pole,390,15,0,3.5,1.4075406281141884e-05,-3.4863434475745536,22.332686222065618,-151.55992083862705,1047.8807363855751
pole,391,15,1,3.5,1.4075406281141884e-05,-3.4863434475745536,22.332686222065625,-151.5599208386271,1047.8807363855751
pole,392,15,2,3.5,1.4075406281141884e-05,-3.4863434475745536,22.332686222065618,-151.55992083862705,1047.880736385575
pole,393,15,3,3.5,1.4075406281141886e-05,-3.4863434475745536,22.33268622206562,-151.55992083862708,1047.880736385575
pole,394,15,4,3.5,1.4075406281141886e-05,-3.4863434475745536,22.33268622206562,-151.55992083862708,1047.880736385575
pole,395,15,5,3.5,1.4075406281141886e-05,-3.4863434475745536,22.33268622206562,-151.55992083862708,1047.880736385575
pole,396,15,6,3.5,1.3044947819657472e-05,-3.1288236394548194,19.66961902974821,-132.53904933089387,913.7062553466584
pole,397,15,7,3.5,1.3044947819657472e-05,-3.1288236394548194,19.66961902974821,-132.53904933089387,913.7062553466582
pole,398,15,8,3.5,1.3044947819657472e-05,-3.12882363945482,19.66961902974821,-132.53904933089385,913.7062553466582
pole,399,15,9,3.5,1.3044947819657472e-05,-3.12882363945482,19.66961902974821,-132.53904933089385,913.7062553466582
pole,400,15,10,3.5,1.304494781965747e-05,-3.1288236394548203,19.669619029748215,-132.53904933089387,913.7062553466583
pole,401,15,11,3.5,1.3044947819657469e-05,-3.1288236394548212,19.66961902974822,-132.53904933089387,913.7062553466584
pole,402,15,12,3.5,1.3044947819657469e-05,-3.1288236394548212,19.669619029748215,-132.5390493308939,913.7062553466587
pole,403,15,13,3.5,1.3044947819657469e-05,-3.1288236394548212,19.669619029748215,-132.53904933089387,913.7062553466586
pole,404,15,14,3.5,1.3044947819657469e-05,-3.1288236394548203,19.66961902974821,-132.53904933089387,913.7062553466587
pole,405,15,15,3.5,1.3044947819657469e-05,-3.1288236394548212,19.669619029748215,-132.5390493308939,913.7062553466586
pole,406,15,16,3.5,1.3044947819657469e-05,-3.1288236394548203,19.669619029748215,-132.5390493308939,913.7062553466584
pole,407,15,17,3.5,1.3044947819657469e-05,-3.128823639454821,19.66961902974822,-132.53904933089387,913.7062553466584
pole,408,15,18,3.5,1.2400720140411326e-05,-2.8752602796323234,17.780722469334204,-119.04764160368548,818.5366195029832
pole,409,15,19,3.5,1.2400720140411326e-05,-2.8752602796323234,17.78072246933421,-119.04764160368548,818.5366195029832
pole,410,15,20,3.5,1.2400720140411328e-05,-2.875260279632323,17.780722469334208,-119.04764160368546,818.536619502983
pole,411,15,21,3.5,1.2400720140411328e-05,-2.875260279632323,17.780722469334204,-119.04764160368546,818.5366195029827
pole,412,15,22,3.5,1.2400720140411328e-05,-2.875260279632323,17.780722469334204,-119.04764160368548,818.5366195029828
pole,413,15,23,3.5,1.2400720140411328e-05,-2.875260279632323,17.780722469334204,-119.04764160368546,818.5366195029828
pole,414,15,24,3.5,1.240072014041133e-05,-2.8752602796323226,17.780722469334204,-119.04764160368546,818.5366195029828
pole,415,15,25,3.5,1.240072014041133e-05,-2.8752602796323226,17.780722469334204,-119.04764160368545,818.5366195029828
pole,416,16,0,4.0,4.540868434296146e-06,-1.0403347623031243,3.39008442199205,-19.577191645440326,141.02681121093175
pole,417,16,1,4.0,4.540868434296146e-06,-1.040334762303124,3.39008442199205,-19.577191645440323,141.0268112109317
pole,418,16,2,4.0,4.540868434296146e-06,-1.0403347623031243,3.390084421992049,-19.57719164544032,141.02681121093173
pole,419,16,3,4.0,4.540868434296146e-06,-1.0403347623031243,3.39008442199205,-19.577191645440326,141.02681121093173
pole,420,16,4,4.0,4.540868434296148e-06,-1.040334762303124,3.3900844219920487,-19.577191645440312,141.0268112109317
pole,421,16,5,4.0,4.540868434296147e-06,-1.040334762303124,3.390084421992049,-19.577191645440315,141.02681121093173
pole,422,16,6,4.0,4.597386193706323e-06,-0.9784446890395023,2.950156905090555,-16.150640652878003,113.80672496887041
pole,423,16,7,4.0,4.597386193706321e-06,-0.9784446890395028,2.950156905090556,-16.15064065287801,113.80672496887045
pole,424,16,8,4.0,4.597386193706323e-06,-0.9784446890395025,2.950156905090555,-16.150640652878003,113.80672496887041
pole,425,16,9,4.0,4.597386193706321e-06,-0.9784446890395029,2.9501569050905556,-16.15064065287801,113.80672496887045
pole,426,16,10,4.0,4.597386193706321e-06,-0.9784446890395029,2.950156905090556,-16.15064065287801,113.80672496887045
pole,427,16,11,4.0,4.597386193706321e-06,-0.9784446890395029,2.950156905090556,-16.15064065287801,113.80672496887043
pole,428,16,12,4.0,4.597386193706321e-06,-0.9784446890395029,2.950156905090556,-16.15064065287801,113.80672496887043
pole,429,16,13,4.0,4.597386193706321e-06,-0.9784446890395029,2.950156905090556,-16.15064065287801,113.80672496887043
pole,430,16,14,4.0,4.597386193706321e-06,-0.9784446890395028,2.950156905090556,-16.15064065287801,113.80672496887043
pole,431,16,15,4.0,4.597386193706321e-06,-0.9784446890395028,2.950156905090556,-16.15064065287801,113.80672496887045
pole,432,16,16,4.0,4.597386193706321e-06,-0.9784446890395029,2.950156905090556,-16.15064065287801,113.80672496887043
pole,433,16,17,4.0,4.597386193706321e-06,-0.9784446890395028,2.950156905090556,-16.15064065287801,113.80672496887043
pole,434,16,18,4.0,4.633037643027966e-06,-0.9404412967077351,2.680464036983387,-14.050507638782756,97.12452147465422
pole,435,16,19,4.0,4.633037643027966e-06,-0.9404412967077351,2.680464036983387,-14.050507638782754,97.12452147465422
pole,436,16,20,4.0,4.633037643027966e-06,-0.9404412967077351,2.680464036983387,-14.050507638782756,97.1245214746542
pole,437,16,21,4.0,4.633037643027966e-06,-0.9404412967077349,2.680464036983387,-14.050507638782756,97.1245214746542
pole,438,16,22,4.0,4.633037643027966e-06,-0.9404412967077351,2.6804640369833868,-14.050507638782756,97.12452147465422
pole,439,16,23,4.0,4.633037643027966e-06,-0.9404412967077351,2.680464036983387,-14.050507638782754,97.12452147465422
pole,440,16,24,4.0,4.633037643027966e-06,-0.9404412967077351,2.680464036983387,-14.050507638782756,97.12452147465422
pole,441,16,25,4.0,4.633037643027966e-06,-0.9404412967077351,2.680464036983387,-14.050507638782756,97.12452147465424
full,0,0,0,-4.0,4.538488113575625e-06,1.0381098397588844,3.3749186970050533,19.464107944442237,140.148061501654
full,1,0,1,-4.0,4.538488113575625e-06,1.0381098397588844,3.3749186970050533,19.464107944442237,140.14806150165404
full,2,0,2,-4.0,4.538488113575625e-06,1.0381098397588844,3.374918697005053,19.464107944442233,140.148061501654
full,3,0,3,-4.0,4.538488113575625e-06,1.0381098397588844,3.3749186970050533,19.464107944442233,140.14806150165404
full,4,0,4,-4.0,4.538488113575625e-06,1.0381098397588842,3.3749186970050533,19.464107944442233,140.14806150165404
full,5,0,5,-4.0,4.538488113575625e-06,1.0381098397588842,3.3749186970050533,19.464107944442233,140.14806150165404
full,6,0,6,-4.0,4.595217797184781e-06,0.9765194680769342,2.937613321813194,16.058821770773122,113.09857357499
full,7,0,7,-4.0,4.595217797184781e-06,0.9765194680769342,2.937613321813194,16.058821770773125,113.09857357499
full,8,0,8,-4.0,4.595217797184781e-06,0.9765194680769342,2.937613321813194,16.058821770773125,113.09857357499
full,9,0,9,-4.0,4.59521779718478e-06,0.9765194680769343,2.9376133218131946,16.05882177077313,113.09857357499001
full,10,0,10,-4.0,4.595217797184781e-06,0.976519468076934,2.9376133218131937,16.058821770773125,113.09857357498997
full,11,0,11,-4.0,4.595217797184781e-06,0.976519468076934,2.937613321813194,16.058821770773122,113.09857357498997
full,12,0,12,-4.0,4.59521779718478e-06,0.9765194680769342,2.9376133218131946,16.05882177077313,113.09857357498998
full,13,0,13,-4.0,4.59521779718478e-06,0.9765194680769342,2.937613321813194,16.05882177077313,113.09857357499001
full,14,0,14,-4.0,4.595217797184781e-06,0.9765194680769342,2.937613321813194,16.058821770773125,113.09857357499
full,15,0,15,-4.0,4.595217797184781e-06,0.976519468076934,2.937613321813194,16.058821770773125,113.09857357499
full,16,0,16,-4.0,4.59521779718478e-06,0.9765194680769342,2.937613321813195,16.05882177077313,113.09857357498998
full,17,0,17,-4.0,4.59521779718478e-06,0.9765194680769342,2.9376133218131946,16.05882177077313,113.09857357499001
full,18,0,18,-4.0,4.631001893464344e-06,0.9387029138855805,2.669550091367648,13.971897219597949,96.52232091026971
full,19,0,19,-4.0,4.631001893464344e-06,0.9387029138855805,2.669550091367648,13.971897219597949,96.52232091026971
full,20,0,20,-4.0,4.631001893464344e-06,0.9387029138855805,2.669550091367648,13.971897219597949,96.52232091026971
full,21,0,21,-4.0,4.631001893464344e-06,0.9387029138855805,2.669550091367648,13.971897219597949,96.5223209102697
full,22,0,22,-4.0,4.631001893464344e-06,0.9387029138855805,2.6695500913676486,13.971897219597952,96.52232091026971
full,23,0,23,-4.0,4.631001893464344e-06,0.9387029138855805,2.6695500913676486,13.971897219597952,96.52232091026971
full,24,0,24,-4.0,4.6310018934643445e-06,0.9387029138855804,2.6695500913676478,13.97189721959795,96.5223209102697
full,25,0,25,-4.0,4.6310018934643445e-06,0.9387029138855804,2.6695500913676478,13.97189721959795,96.5223209102697
full,26,1,0,-3.5,1.4035106882054016e-05,3.4769028163689017,22.264514780153846,151.07906264108254,1044.51405172726
full,27,1,1,-3.5,1.4035106882054016e-05,3.476902816368902,22.264514780153853,151.07906264108254,1044.5140517272603
full,28,1,2,-3.5,1.4035106882054013e-05,3.4769028163689026,22.264514780153853,151.07906264108254,1044.5140517272605
full,29,1,3,-3.5,1.4035106882054016e-05,3.476902816368902,22.26451478015385,151.07906264108252,1044.5140517272603
full,30,1,4,-3.5,1.4035106882054016e-05,3.4769028163689017,22.26451478015385,151.07906264108252,1044.5140517272603
full,31,1,5,-3.5,1.4035106882054016e-05,3.4769028163689017,22.26451478015385,151.07906264108252,1044.5140517272603
full,32,1,6,-3.5,1.3011870901276408e-05,3.1197049510692283,19.60427518293025,132.07934408102332,910.4919667071891
full,33,1,7,-3.5,1.3011870901276408e-05,3.1197049510692287,19.60427518293025,132.07934408102335,910.4919667071891
full,34,1,8,-3.5,1.3011870901276408e-05,3.1197049510692283,19.60427518293025,132.07934408102332,910.4919667071892
full,35,1,9,-3.5,1.3011870901276412e-05,3.1197049510692274,19.604275182930248,132.07934408102327,910.491966707189
full,36,1,10,-3.5,1.3011870901276412e-05,3.119704951069228,19.604275182930248,132.0793440810233,910.491966707189
full,37,1,11,-3.5,1.3011870901276412e-05,3.1197049510692283,19.60427518293024,132.0793440810233,910.491966707189
full,38,1,12,-3.5,1.3011870901276412e-05,3.119704951069227,19.60427518293024,132.0793440810233,910.4919667071889
full,39,1,13,-3.5,1.3011870901276412e-05,3.119704951069227,19.60427518293024,132.0793440810233,910.491966707189
full,40,1,14,-3.5,1.3011870901276412e-05,3.119704951069228,19.604275182930248,132.0793440810233,910.491966707189
full,41,1,15,-3.5,1.3011870901276415e-05,3.1197049510692274,19.60427518293024,132.07934408102327,910.4919667071888
full,42,1,16,-3.5,1.3011870901276412e-05,3.119704951069228,19.60427518293024,132.07934408102332,910.4919667071889
full,43,1,17,-3.5,1.3011870901276412e-05,3.1197049510692274,19.604275182930248,132.0793440810233,910.491966707189
full,44,1,18,-3.5,1.2372156945618392e-05,2.8665122514185746,17.718443487173147,118.61050545346404,815.4837894781098
full,45,1,19,-3.5,1.2372156945618392e-05,2.8665122514185746,17.718443487173147,118.61050545346404,815.4837894781097
full,46,1,20,-3.5,1.2372156945618393e-05,2.866512251418574,17.718443487173136,118.61050545346407,815.4837894781095
full,47,1,21,-3.5,1.2372156945618393e-05,2.866512251418574,17.71844348717314,118.61050545346407,815.4837894781095
full,48,1,22,-3.5,1.2372156945618393e-05,2.866512251418574,17.718443487173136,118.61050545346404,815.4837894781095
full,49,1,23,-3.5,1.2372156945618393e-05,2.866512251418574,17.71844348717314,118.61050545346404,815.4837894781095
full,50,1,24,-3.5,1.2372156945618393e-05,2.866512251418574,17.718443487173143,118.61050545346404,815.4837894781097
full,51,1,25,-3.5,1.2372156945618393e-05,2.8665122514185737,17.718443487173147,118.61050545346404,815.4837894781097
full,52,2,0,-3.0,0.0001791002790370489,5.299043129230383,30.96974470169037,183.3933477757626,1092.1820796196
full,53,2,1,-3.0,0.0001791002790370489,5.299043129230383,30.96974470169038,183.39334777576255,1092.1820796195996
full,54,2,2,-3.0,0.0001791002790370489,5.299043129230383,30.96974470169038,183.39334777576258,1092.1820796196
full,55,2,3,-3.0,0.0001791002790370489,5.299043129230383,30.96974470169038,183.39334777576255,1092.1820796196
full,56,2,4,-3.0,0.0001791002790370489,5.299043129230382,30.969744701690374,183.39334777576258,1092.1820796196
full,57,2,5,-3.0,0.0001791002790370489,5.299043129230382,30.969744701690374,183.39334777576258,1092.1820796196
full,58,2,6,-3.0,0.00015064487591366453,5.145408119729931,29.892071558585,176.46929083739968,1049.0921877052895
full,59,2,7,-3.0,0.0001506448759136645,5.1454081197299315,29.892071558585005,176.46929083739968,1049.0921877052897
full,60,2,8,-3.0,0.0001506448759136645,5.1454081197299315,29.892071558585005,176.46929083739974,1049.09218770529
full,61,2,9,-3.0,0.0001506448759136645,5.1454081197299315,29.892071558585,176.4692908373997,1049.09218770529
full,62,2,10,-3.0,0.00015064487591366453,5.145408119729931,29.892071558584995,176.4692908373997,1049.0921877052895
full,63,2,11,-3.0,0.00015064487591366453,5.14540811972993,29.892071558584995,176.4692908373997,1049.0921877052892
full,64,2,12,-3.0,0.00015064487591366453,5.145408119729931,29.892071558585,176.46929083739965,1049.0921877052895
full,65,2,13,-3.0,0.00015064487591366453,5.1454081197299315,29.892071558585005,176.46929083739965,1049.0921877052897
full,66,2,14,-3.0,0.00015064487591366456,5.14540811972993,29.892071558584995,176.46929083739968,1049.092187705289
full,67,2,15,-3.0,0.00015064487591366456,5.1454081197299315,29.892071558584988,176.46929083739963,1049.0921877052895
full,68,2,16,-3.0,0.00015064487591366456,5.145408119729931,29.892071558584988,176.46929083739963,1049.0921877052892
full,69,2,17,-3.0,0.00015064487591366453,5.145408119729931,29.892071558585005,176.46929083739968,1049.0921877052897
full,70,2,18,-3.0,0.00013286027855232427,5.015965737261397,28.98410229224721,170.63558014164198,1012.7877668522343
full,71,2,19,-3.0,0.00013286027855232427,5.015965737261397,28.984102292247215,170.63558014164198,1012.7877668522345
full,72,2,20,-3.0,0.00013286027855232424,5.015965737261398,28.98410229224722,170.63558014164204,1012.7877668522347
full,73,2,21,-3.0,0.00013286027855232424,5.015965737261399,28.98410229224722,170.63558014164207,1012.7877668522347
full,74,2,22,-3.0,0.00013286027855232424,5.015965737261399,28.984102292247222,170.63558014164204,1012.7877668522347
full,75,2,23,-3.0,0.00013286027855232422,5.0159657372614,28.984102292247222,170.63558014164207,1012.7877668522349
full,76,2,24,-3.0,0.00013286027855232422,5.015965737261401,28.984102292247222,170.6355801416421,1012.7877668522347
full,77,2,25,-3.0,0.00013286027855232422,5.015965737261401,28.984102292247222,170.6355801416421,1012.7877668522345
full,78,3,0,-2.5,0.0025396364293379494,4.646527931486994,22.70598157013291,112.20644516181656,557.1002777707631
full,79,3,1,-2.5,0.0025396364293379494,4.646527931486995,22.70598157013291,112.2064451618166,557.1002777707631
full,80,3,2,-2.5,0.0025396364293379494,4.646527931486996,22.70598157013291,112.20644516181656,557.1002777707632
full,81,3,3,-2.5,0.0025396364293379494,4.646527931486994,22.705981570132916,112.20644516181652,557.100277770763
full,82,3,4,-2.5,0.002539636429337949,4.646527931486994,22.705981570132916,112.20644516181657,557.1002777707633
full,83,3,5,-2.5,0.002539636429337949,4.646527931486994,22.705981570132916,112.20644516181657,557.1002777707633
full,84,3,6,-2.5,0.002111671690434772,4.561355441912177,22.17336396835947,109.27506060675212,541.646100177154
full,85,3,7,-2.5,0.0021116716904347717,4.561355441912178,22.173363968359478,109.27506060675213,541.6461001771542
full,86,3,8,-2.5,0.002111671690434772,4.561355441912177,22.173363968359467,109.27506060675212,541.646100177154
full,87,3,9,-2.5,0.0021116716904347717,4.561355441912178,22.173363968359475,109.27506060675213,541.6461001771542
full,88,3,10,-2.5,0.0021116716904347717,4.561355441912179,22.17336396835948,109.27506060675213,541.6461001771542
full,89,3,11,-2.5,0.0021116716904347717,4.561355441912179,22.17336396835948,109.27506060675213,541.6461001771542
full,90,3,12,-2.5,0.0021116716904347717,4.561355441912178,22.17336396835947,109.27506060675213,541.6461001771542
full,91,3,13,-2.5,0.0021116716904347717,4.561355441912178,22.17336396835947,109.27506060675213,541.6461001771542
full,92,3,14,-2.5,0.0021116716904347717,4.561355441912178,22.17336396835947,109.27506060675213,541.6461001771542
full,93,3,15,-2.5,0.0021116716904347713,4.56135544191218,22.173363968359485,109.27506060675215,541.6461001771544
full,94,3,16,-2.5,0.0021116716904347717,4.561355441912178,22.173363968359478,109.27506060675213,541.6461001771539
full,95,3,17,-2.5,0.0021116716904347713,4.561355441912178,22.17336396835948,109.27506060675215,541.646100177154
full,96,3,18,-2.5,0.0018441937922732427,4.488048474416534,21.714946453312653,106.75205295618586,528.344873858059
full,97,3,19,-2.5,0.0018441937922732425,4.488048474416533,21.714946453312656,106.75205295618586,528.344873858059
full,98,3,20,-2.5,0.0018441937922732425,4.488048474416534,21.714946453312656,106.75205295618589,528.344873858059
full,99,3,21,-2.5,0.0018441937922732425,4.488048474416534,21.714946453312653,106.75205295618589,528.344873858059
full,100,3,22,-2.5,0.0018441937922732425,4.488048474416533,21.714946453312656,106.75205295618589,528.344873858059
full,101,3,23,-2.5,0.0018441937922732425,4.488048474416533,21.714946453312656,106.75205295618588,528.344873858059
full,102,3,24,-2.5,0.0018441937922732425,4.488048474416533,21.714946453312656,106.75205295618589,528.344873858059
full,103,3,25,-2.5,0.0018441937922732425,4.488048474416533,21.714946453312656,106.75205295618589,528.344873858059
full,104,4,0,-2.0,0.023092613103936323,3.7281885043639833,14.584456989641327,57.67927994335713,229.1826729441868
full,105,4,1,-2.0,0.023092613103936323,3.7281885043639824,14.584456989641325,57.679279943357116,229.18267294418675
full,106,4,2,-2.0,0.023092613103936323,3.7281885043639824,14.584456989641327,57.67927994335713,229.18267294418675
full,107,4,3,-2.0,0.023092613103936323,3.7281885043639824,14.584456989641327,57.67927994335713,229.1826729441868
full,108,4,4,-2.0,0.02309261310393632,3.7281885043639824,14.584456989641328,57.67927994335712,229.18267294418675
full,109,4,5,-2.0,0.02309261310393632,3.7281885043639824,14.584456989641328,57.67927994335712,229.18267294418675
full,110,4,6,-2.0,0.01919967179241585,3.6622753463610342,14.254225107041334,56.22477413039332,223.0533441720289
full,111,4,7,-2.0,0.01919967179241585,3.6622753463610347,14.254225107041334,56.22477413039332,223.0533441720289
full,112,4,8,-2.0,0.01919967179241585,3.6622753463610342,14.254225107041334,56.22477413039332,223.0533441720288
full,113,4,9,-2.0,0.01919967179241585,3.6622753463610342,14.254225107041334,56.22477413039332,223.0533441720288
full,114,4,10,-2.0,0.01919967179241585,3.6622753463610342,14.254225107041336,56.22477413039332,223.0533441720289
full,115,4,11,-2.0,0.019199671792415853,3.6622753463610334,14.25422510704133,56.22477413039331,223.05334417202886
full,116,4,12,-2.0,0.019199671792415853,3.6622753463610334,14.254225107041327,56.22477413039329,223.05334417202877
full,117,4,13,-2.0,0.019199671792415853,3.6622753463610334,14.25422510704133,56.22477413039331,223.0533441720288
full,118,4,14,-2.0,0.019199671792415853,3.662275346361031,14.254225107041322,56.22477413039329,223.0533441720288
full,119,4,15,-2.0,0.019199671792415853,3.6622753463610325,14.254225107041325,56.22477413039332,223.05334417202886
full,120,4,16,-2.0,0.019199671792415853,3.6622753463610325,14.254225107041327,56.22477413039331,223.05334417202886
full,121,4,17,-2.0,0.019199671792415853,3.6622753463610334,14.25422510704133,56.22477413039331,223.0533441720288
full,122,4,18,-2.0,0.01676658342278177,3.60553649289982,13.969957305330912,54.97271687945021,217.77713996501038
full,123,4,19,-2.0,0.01676658342278177,3.605536492899819,13.969957305330908,54.97271687945021,217.77713996501035
full,124,4,20,-2.0,0.01676658342278177,3.60553649289982,13.96995730533091,54.97271687945021,217.77713996501032
full,125,4,21,-2.0,0.01676658342278177,3.6055364928998195,13.96995730533091,54.97271687945021,217.77713996501032
full,126,4,22,-2.0,0.01676658342278177,3.60553649289982,13.969957305330912,54.97271687945021,217.77713996501032
full,127,4,23,-2.0,0.016766583422781766,3.605536492899821,13.969957305330912,54.972716879450225,217.77713996501038
full,128,4,24,-2.0,0.016766583422781766,3.605536492899821,13.969957305330912,54.972716879450225,217.7771399650104
full,129,4,25,-2.0,0.016766583422781766,3.6055364928998204,13.969957305330913,54.972716879450225,217.77713996501043
full,130,5,0,-1.5,0.1287417949034684,2.7924825946625615,8.20875471943178,24.372612199143134,72.72377104817986
full,131,5,1,-1.5,0.1287417949034684,2.792482594662562,8.208754719431777,24.372612199143134,72.72377104817984
full,132,5,2,-1.5,0.1287417949034684,2.792482594662561,8.208754719431779,24.372612199143134,72.72377104817986
full,133,5,3,-1.5,0.1287417949034684,2.792482594662562,8.208754719431779,24.372612199143134,72.72377104817986
full,134,5,4,-1.5,0.1287417949034684,2.792482594662561,8.208754719431779,24.372612199143134,72.72377104817987
full,135,5,5,-1.5,0.1287417949034684,2.792482594662561,8.208754719431779,24.372612199143134,72.72377104817987
full,136,5,6,-1.5,0.1071356537030126,2.742344715926688,8.02431163521157,23.768103465617973,70.83070646599519
full,137,5,7,-1.5,0.1071356537030126,2.7423447159266874,8.024311635211571,23.768103465617976,70.8307064659952
full,138,5,8,-1.5,0.1071356537030126,2.7423447159266874,8.02431163521157,23.768103465617965,70.83070646599519
full,139,5,9,-1.5,0.1071356537030126,2.742344715926688,8.02431163521157,23.768103465617965,70.83070646599519
full,140,5,10,-1.5,0.10713565370301258,2.742344715926689,8.024311635211571,23.768103465617976,70.83070646599522
full,141,5,11,-1.5,0.10713565370301258,2.7423447159266887,8.024311635211573,23.768103465617976,70.83070646599522
full,142,5,12,-1.5,0.10713565370301258,2.7423447159266883,8.024311635211571,23.768103465617976,70.8307064659952
full,143,5,13,-1.5,0.10713565370301259,2.742344715926688,8.024311635211571,23.768103465617973,70.8307064659952
full,144,5,14,-1.5,0.10713565370301256,2.742344715926689,8.024311635211575,23.768103465617983,70.83070646599522
full,145,5,15,-1.5,0.10713565370301256,2.742344715926689,8.024311635211571,23.768103465617983,70.83070646599525
full,146,5,16,-1.5,0.10713565370301256,2.7423447159266887,8.024311635211573,23.768103465617983,70.8307064659952
full,147,5,17,-1.5,0.10713565370301256,2.7423447159266896,8.024311635211571,23.768103465617983,70.83070646599522
full,148,5,18,-1.5,0.09363181360957175,2.6992581530289583,7.865808394752857,23.24861213152136,69.20388083971235
full,149,5,19,-1.5,0.09363181360957173,2.699258153028959,7.865808394752858,23.248612131521362,69.20388083971235
full,150,5,20,-1.5,0.09363181360957173,2.6992581530289588,7.865808394752858,23.248612131521366,69.20388083971235
full,151,5,21,-1.5,0.09363181360957173,2.6992581530289588,7.865808394752858,23.248612131521366,69.20388083971235
full,152,5,22,-1.5,0.09363181360957173,2.699258153028959,7.865808394752859,23.248612131521362,69.20388083971235
full,153,5,23,-1.5,0.09363181360957173,2.699258153028959,7.865808394752859,23.248612131521366,69.20388083971235
full,154,5,24,-1.5,0.09363181360957173,2.6992581530289588,7.865808394752858,23.248612131521362,69.20388083971235
full,155,5,25,-1.5,0.09363181360957172,2.699258153028959,7.865808394752859,23.248612131521362,69.20388083971237
full,156,6,0,-1.0,0.43904023080702254,1.858909126160974,3.668619154380605,7.287777838472314,14.580415141263698
full,157,6,1,-1.0,0.43904023080702254,1.8589091261609738,3.6686191543806053,7.287777838472314,14.5804151412637
full,158,6,2,-1.0,0.4390402308070226,1.858909126160974,3.668619154380605,7.287777838472313,14.580415141263698
full,159,6,3,-1.0,0.4390402308070226,1.8589091261609736,3.668619154380605,7.287777838472316,14.580415141263696
full,160,6,4,-1.0,0.4390402308070226,1.8589091261609736,3.6686191543806044,7.287777838472313,14.580415141263694
full,161,6,5,-1.0,0.4390402308070226,1.8589091261609736,3.6686191543806044,7.287777838472313,14.580415141263694
full,162,6,6,-1.0,0.3656563249095541,1.824955251090491,3.5908325890028525,7.122269301439844,14.25035497474564
full,163,6,7,-1.0,0.3656563249095541,1.8249552510904916,3.5908325890028525,7.122269301439844,14.250354974745642
full,164,6,8,-1.0,0.3656563249095541,1.824955251090491,3.590832589002852,7.122269301439844,14.250354974745639
full,165,6,9,-1.0,0.36565632490955413,1.8249552510904907,3.5908325890028516,7.122269301439843,14.250354974745639
full,166,6,10,-1.0,0.3656563249095541,1.824955251090491,3.5908325890028534,7.122269301439846,14.25035497474564
full,167,6,11,-1.0,0.3656563249095541,1.8249552510904912,3.5908325890028534,7.122269301439844,14.250354974745639
full,168,6,12,-1.0,0.3656563249095541,1.8249552510904912,3.5908325890028534,7.122269301439843,14.250354974745642
full,169,6,13,-1.0,0.3656563249095541,1.824955251090491,3.5908325890028534,7.122269301439843,14.25035497474564
full,170,6,14,-1.0,0.3656563249095541,1.8249552510904912,3.590832589002854,7.122269301439843,14.25035497474564
full,171,6,15,-1.0,0.3656563249095541,1.8249552510904903,3.590832589002854,7.122269301439843,14.25035497474564
full,172,6,16,-1.0,0.3656563249095541,1.8249552510904912,3.5908325890028534,7.122269301439843,14.25035497474564
full,173,6,17,-1.0,0.3656563249095541,1.8249552510904916,3.5908325890028525,7.122269301439843,14.25035497474564
full,174,6,18,-1.0,0.319791379214554,1.7958208050617965,3.524087198319414,6.980253463918097,13.967144074074024
full,175,6,19,-1.0,0.319791379214554,1.795820805061797,3.5240871983194135,6.980253463918095,13.967144074074024
full,176,6,20,-1.0,0.319791379214554,1.7958208050617972,3.5240871983194135,6.980253463918097,13.967144074074024
full,177,6,21,-1.0,0.319791379214554,1.7958208050617972,3.5240871983194135,6.980253463918095,13.967144074074024
full,178,6,22,-1.0,0.3197913792145539,1.7958208050617976,3.524087198319414,6.980253463918098,13.967144074074026
full,179,6,23,-1.0,0.319791379214554,1.795820805061797,3.5240871983194135,6.980253463918097,13.967144074074021
full,180,6,24,-1.0,0.319791379214554,1.795820805061797,3.524087198319414,6.980253463918097,13.967144074074028
full,181,6,25,-1.0,0.319791379214554,1.795820805061797,3.524087198319414,6.980253463918097,13.96714407407403
full,182,7,0,-0.5,0.9164165462947893,0.9285137275145958,0.9535707217452012,0.9659628217865837,1.0333736837064567
full,183,7,1,-0.5,0.9164165462947893,0.9285137275145958,0.9535707217452016,0.9659628217865838,1.0333736837064567
full,184,7,2,-0.5,0.9164165462947893,0.928513727514596,0.9535707217452011,0.9659628217865839,1.0333736837064567
full,185,7,3,-0.5,0.9164165462947893,0.9285137275145958,0.9535707217452013,0.9659628217865837,1.0333736837064564
full,186,7,4,-0.5,0.9164165462947893,0.9285137275145956,0.9535707217452012,0.9659628217865835,1.0333736837064564
full,187,7,5,-0.5,0.9164165462947893,0.9285137275145956,0.9535707217452012,0.9659628217865835,1.0333736837064564
full,188,7,6,-0.5,0.7636417454266093,0.9113555222755305,0.9414232171768779,0.956293065928185,1.0371886675454076
full,189,7,7,-0.5,0.7636417454266093,0.9113555222755306,0.9414232171768782,0.956293065928185,1.0371886675454076
full,190,7,8,-0.5,0.7636417454266093,0.9113555222755308,0.9414232171768782,0.9562930659281852,1.0371886675454076
full,191,7,9,-0.5,0.7636417454266093,0.9113555222755308,0.9414232171768779,0.956293065928185,1.0371886675454074
full,192,7,10,-0.5,0.7636417454266093,0.9113555222755306,0.9414232171768779,0.9562930659281849,1.0371886675454074
full,193,7,11,-0.5,0.7636417454266093,0.9113555222755305,0.9414232171768779,0.9562930659281849,1.0371886675454074
full,194,7,12,-0.5,0.7636417454266093,0.9113555222755306,0.9414232171768779,0.956293065928185,1.0371886675454074
full,195,7,13,-0.5,0.7636417454266093,0.9113555222755306,0.9414232171768779,0.956293065928185,1.0371886675454074
full,196,7,14,-0.5,0.7636417454266095,0.9113555222755306,0.9414232171768778,0.9562930659281846,1.0371886675454074
full,197,7,15,-0.5,0.7636417454266095,0.9113555222755305,0.9414232171768779,0.9562930659281847,1.0371886675454074
full,198,7,16,-0.5,0.7636417454266095,0.9113555222755306,0.9414232171768782,0.9562930659281847,1.0371886675454072
full,199,7,17,-0.5,0.7636417454266095,0.9113555222755306,0.9414232171768779,0.9562930659281847,1.0371886675454076
full,200,7,18,-0.5,0.6681575006507945,0.8966471008797374,0.9310100818497994,0.9480039147312674,1.0404588058862492
full,201,7,19,-0.5,0.6681575006507945,0.8966471008797375,0.9310100818497994,0.9480039147312673,1.0404588058862492
full,202,7,20,-0.5,0.6681575006507945,0.8966471008797374,0.9310100818497994,0.9480039147312671,1.0404588058862492
full,203,7,21,-0.5,0.6681575006507945,0.8966471008797378,0.9310100818497995,0.9480039147312674,1.0404588058862492
full,204,7,22,-0.5,0.6681575006507945,0.8966471008797375,0.9310100818497994,0.9480039147312673,1.0404588058862492
full,205,7,23,-0.5,0.6681575006507945,0.8966471008797378,0.9310100818497994,0.9480039147312674,1.0404588058862492
full,206,7,24,-0.5,0.6681575006507945,0.8966471008797374,0.9310100818497995,0.9480039147312673,1.040458805886249
full,207,7,25,-0.5,0.6681575006507945,0.8966471008797374,0.9310100818497995,0.9480039147312677,1.040458805886249
full,208,8,0,0.0,1.1714012168117809,-6.286606578212603e-05,0.05025927766875486,-6.314413752089297e-05,0.05763952391823333
full,209,8,1,0.0,1.1714012168117809,-6.286606578212011e-05,0.05025927766875485,-6.314413752089297e-05,0.05763952391823333
full,210,8,2,0.0,1.171401216811781,-6.286606578211418e-05,0.050259277668754855,-6.314413752089887e-05,0.057639523918233314
full,211,8,3,0.0,1.171401216811781,-6.286606578211418e-05,0.05025927766875485,-6.314413752089592e-05,0.057639523918233314
full,212,8,4,0.0,1.171401216811781,-6.286606578211418e-05,0.050259277668754855,-6.314413752089295e-05,0.057639523918233314
full,213,8,5,0.0,1.171401216811781,-6.286606578211418e-05,0.050259277668754855,-6.314413752089295e-05,0.057639523918233314
full,214,8,6,0.0,0.9762841276597267,-7.806482098105545e-05,0.060304201791262065,-7.577113627414518e-05,0.06916101008786239
full,215,8,7,0.0,0.9762841276597267,-7.806482098104835e-05,0.060304201791262065,-7.577113627414163e-05,0.0691610100878624
full,216,8,8,0.0,0.9762841276597267,-7.806482098105545e-05,0.06030420179126208,-7.577113627414518e-05,0.0691610100878624
full,217,8,9,0.0,0.9762841276597266,-7.806482098106257e-05,0.060304201791262085,-7.577113627414163e-05,0.06916101008786242
full,218,8,10,0.0,0.9762841276597268,-7.806482098105544e-05,0.06030420179126207,-7.577113627414517e-05,0.0691610100878624
full,219,8,11,0.0,0.9762841276597268,-7.806482098105544e-05,0.06030420179126207,-7.577113627414517e-05,0.0691610100878624
full,220,8,12,0.0,0.9762841276597268,-7.806482098105544e-05,0.06030420179126206,-7.577113627414873e-05,0.0691610100878624
full,221,8,13,0.0,0.9762841276597268,-7.806482098105544e-05,0.06030420179126206,-7.577113627414517e-05,0.0691610100878624
full,222,8,14,0.0,0.976284127659727,-7.806482098104832e-05,0.06030420179126205,-7.577113627414516e-05,0.06916101008786238
full,223,8,15,0.0,0.976284127659727,-7.806482098106254e-05,0.06030420179126205,-7.577113627414516e-05,0.06916101008786238
full,224,8,16,0.0,0.976284127659727,-7.806482098104832e-05,0.06030420179126206,-7.577113627414516e-05,0.06916101008786238
full,225,8,17,0.0,0.976284127659727,-7.806482098105543e-05,0.060304201791262044,-7.57711362741416e-05,0.06916101008786238
full,226,8,18,0.0,0.8543359651540554,-9.108914682997812e-05,0.06891213920327616,-8.659285828947694e-05,0.07903469050263229
full,227,8,19,0.0,0.8543359651540554,-9.108914682997812e-05,0.06891213920327616,-8.659285828947694e-05,0.07903469050263229
full,228,8,20,0.0,0.8543359651540553,-9.108914682997813e-05,0.06891213920327617,-8.659285828947695e-05,0.0790346905026323
full,229,8,21,0.0,0.8543359651540553,-9.108914682998625e-05,0.06891213920327617,-8.659285828947695e-05,0.0790346905026323
full,230,8,22,0.0,0.8543359651540553,-9.108914682998625e-05,0.06891213920327617,-8.659285828947695e-05,0.0790346905026323
full,231,8,23,0.0,0.8543359651540553,-9.108914682998625e-05,0.06891213920327617,-8.659285828947695e-05,0.0790346905026323
full,232,8,24,0.0,0.8543359651540552,-9.108914682997003e-05,0.06891213920327617,-8.659285828947697e-05,0.0790346905026323
full,233,8,25,0.0,0.8543359651540552,-9.108914682997003e-05,0.06891213920327618,-8.659285828946883e-05,0.0790346905026323
full,234,9,0,0.5,0.9171027022548457,-0.9286933335141431,0.9537697180159932,-0.9662916633888594,1.0338433283476778
full,235,9,1,0.5,0.9171027022548457,-0.9286933335141432,0.9537697180159932,-0.9662916633888595,1.033843328347678
full,236,9,2,0.5,0.9171027022548456,-0.9286933335141433,0.9537697180159935,-0.9662916633888596,1.0338433283476782
full,237,9,3,0.5,0.9171027022548456,-0.9286933335141432,0.9537697180159933,-0.9662916633888596,1.033843328347678
full,238,9,4,0.5,0.9171027022548455,-0.9286933335141434,0.9537697180159934,-0.9662916633888596,1.0338433283476782
full,239,9,5,0.5,0.9171027022548455,-0.9286933335141434,0.9537697180159934,-0.9662916633888596,1.0338433283476782
full,240,9,6,0.5,0.7641895965631582,-0.9115755752958892,0.941672656835921,-0.9567039737397313,1.0377762814448244
full,241,9,7,0.5,0.7641895965631582,-0.9115755752958892,0.9416726568359212,-0.9567039737397313,1.0377762814448244
full,242,9,8,0.5,0.7641895965631582,-0.9115755752958891,0.9416726568359214,-0.9567039737397313,1.0377762814448246
full,243,9,9,0.5,0.7641895965631582,-0.9115755752958891,0.9416726568359214,-0.9567039737397313,1.0377762814448246
full,244,9,10,0.5,0.7641895965631582,-0.9115755752958894,0.9416726568359212,-0.9567039737397316,1.0377762814448248
full,245,9,11,0.5,0.7641895965631582,-0.9115755752958894,0.9416726568359212,-0.9567039737397316,1.0377762814448248
full,246,9,12,0.5,0.7641895965631582,-0.9115755752958894,0.9416726568359212,-0.9567039737397316,1.0377762814448246
full,247,9,13,0.5,0.7641895965631583,-0.911575575295889,0.9416726568359212,-0.9567039737397313,1.0377762814448244
full,248,9,14,0.5,0.7641895965631582,-0.9115755752958892,0.9416726568359214,-0.9567039737397316,1.0377762814448246
full,249,9,15,0.5,0.7641895965631583,-0.9115755752958891,0.941672656835921,-0.9567039737397313,1.0377762814448246
full,250,9,16,0.5,0.7641895965631583,-0.9115755752958891,0.941672656835921,-0.9567039737397313,1.0377762814448244
full,251,9,17,0.5,0.7641895965631583,-0.9115755752958893,0.9416726568359212,-0.9567039737397315,1.0377762814448246
full,252,9,18,0.5,0.6686189113925436,-0.8969009729474394,0.9313021590006375,-0.9484846918745412,1.0411477415949981
full,253,9,19,0.5,0.6686189113925436,-0.8969009729474396,0.9313021590006375,-0.9484846918745413,1.0411477415949981
full,254,9,20,0.5,0.6686189113925437,-0.8969009729474393,0.9313021590006373,-0.948484691874541,1.0411477415949981
full,255,9,21,0.5,0.6686189113925437,-0.8969009729474393,0.9313021590006373,-0.948484691874541,1.0411477415949981
full,256,9,22,0.5,0.6686189113925437,-0.8969009729474392,0.9313021590006376,-0.9484846918745409,1.041147741594998
full,257,9,23,0.5,0.6686189113925437,-0.8969009729474393,0.9313021590006375,-0.948484691874541,1.041147741594998
full,258,9,24,0.5,0.6686189113925438,-0.8969009729474392,0.9313021590006373,-0.9484846918745409,1.0411477415949977
full,259,9,25,0.5,0.6686189113925438,-0.8969009729474392,0.9313021590006373,-0.9484846918745409,1.0411477415949977
full,260,10,0,1.0,0.4397038158070102,-1.8592395696431725,3.6694281856309034,-7.2896474322734806,14.584541220300077
full,261,10,1,1.0,0.4397038158070102,-1.8592395696431725,3.6694281856309034,-7.289647432273481,14.584541220300075
full,262,10,2,1.0,0.43970381580701023,-1.8592395696431725,3.669428185630903,-7.289647432273481,14.584541220300078
full,263,10,3,1.0,0.43970381580701023,-1.8592395696431723,3.6694281856309026,-7.2896474322734806,14.584541220300075
full,264,10,4,1.0,0.4397038158070103,-1.859239569643172,3.6694281856309026,-7.2896474322734806,14.584541220300077
full,265,10,5,1.0,0.4397038158070103,-1.859239569643172,3.6694281856309026,-7.2896474322734806,14.584541220300077
full,266,10,6,1.0,0.36618719038149916,-1.8253545073970174,3.5918152934800363,-7.124552833414089,14.255426200637867
full,267,10,7,1.0,0.36618719038149916,-1.8253545073970177,3.5918152934800363,-7.124552833414091,14.255426200637869
full,268,10,8,1.0,0.36618719038149916,-1.8253545073970177,3.591815293480037,-7.124552833414091,14.255426200637869
full,269,10,9,1.0,0.36618719038149916,-1.8253545073970177,3.5918152934800363,-7.124552833414089,14.255426200637867
full,270,10,10,1.0,0.3661871903814992,-1.8253545073970177,3.591815293480036,-7.124552833414089,14.255426200637867
full,271,10,11,1.0,0.3661871903814992,-1.8253545073970174,3.5918152934800367,-7.124552833414089,14.255426200637867
full,272,10,12,1.0,0.3661871903814992,-1.8253545073970177,3.5918152934800367,-7.124552833414088,14.255426200637867
full,273,10,13,1.0,0.3661871903814992,-1.8253545073970174,3.591815293480036,-7.124552833414089,14.255426200637867
full,274,10,14,1.0,0.3661871903814992,-1.8253545073970177,3.591815293480036,-7.124552833414091,14.255426200637869
full,275,10,15,1.0,0.3661871903814992,-1.8253545073970174,3.591815293480037,-7.124552833414089,14.255426200637869
full,276,10,16,1.0,0.3661871903814992,-1.825354507397017,3.5918152934800354,-7.124552833414089,14.255426200637864
full,277,10,17,1.0,0.3661871903814992,-1.8253545073970177,3.591815293480036,-7.124552833414089,14.255426200637869
full,278,10,18,1.0,0.3202392950261761,-1.7962758904539033,3.5252115571844325,-6.9828765043326575,13.972995035997421
full,279,10,19,1.0,0.3202392950261761,-1.7962758904539038,3.525211557184432,-6.982876504332659,13.972995035997425
full,280,10,20,1.0,0.3202392950261761,-1.7962758904539031,3.5252115571844325,-6.9828765043326575,13.972995035997426
full,281,10,21,1.0,0.3202392950261761,-1.7962758904539033,3.5252115571844325,-6.9828765043326575,13.972995035997425
full,282,10,22,1.0,0.3202392950261761,-1.7962758904539031,3.5252115571844325,-6.982876504332656,13.972995035997426
full,283,10,23,1.0,0.3202392950261762,-1.7962758904539027,3.5252115571844307,-6.982876504332657,13.97299503599742
full,284,10,24,1.0,0.3202392950261762,-1.7962758904539027,3.5252115571844316,-6.982876504332657,13.972995035997421
full,285,10,25,1.0,0.3202392950261762,-1.7962758904539025,3.525211557184432,-6.982876504332655,13.972995035997416
full,286,11,0,1.5,0.12903789423024886,-2.793030519839922,8.210856780881384,-24.37968701599742,72.7464369245482
full,287,11,1,1.5,0.12903789423024883,-2.793030519839922,8.210856780881386,-24.37968701599742,72.74643692454823
full,288,11,2,1.5,0.12903789423024886,-2.793030519839922,8.21085678088138,-24.37968701599742,72.74643692454823
full,289,11,3,1.5,0.12903789423024883,-2.793030519839922,8.210856780881384,-24.37968701599742,72.74643692454826
full,290,11,4,1.5,0.12903789423024883,-2.793030519839923,8.210856780881386,-24.379687015997426,72.74643692454823
full,291,11,5,1.5,0.1290378942302488,-2.7930305198399235,8.210856780881388,-24.379687015997433,72.74643692454825
full,292,11,6,1.5,0.10737325748658295,-2.74300296392801,8.026833968176806,-23.776609548469384,70.8580391545836
full,293,11,7,1.5,0.10737325748658295,-2.74300296392801,8.026833968176806,-23.776609548469384,70.8580391545836
full,294,11,8,1.5,0.10737325748658295,-2.74300296392801,8.026833968176808,-23.776609548469384,70.8580391545836
full,295,11,9,1.5,0.10737325748658295,-2.74300296392801,8.026833968176808,-23.776609548469388,70.8580391545836
full,296,11,10,1.5,0.10737325748658295,-2.74300296392801,8.026833968176806,-23.776609548469377,70.85803915458361
full,297,11,11,1.5,0.10737325748658295,-2.7430029639280096,8.026833968176806,-23.776609548469377,70.8580391545836
full,298,11,12,1.5,0.10737325748658295,-2.743002963928009,8.026833968176806,-23.776609548469377,70.85803915458358
full,299,11,13,1.5,0.10737325748658295,-2.7430029639280096,8.026833968176806,-23.776609548469384,70.85803915458358
full,300,11,14,1.5,0.10737325748658295,-2.74300296392801,8.026833968176806,-23.776609548469374,70.8580391545836
full,301,11,15,1.5,0.10737325748658297,-2.7430029639280087,8.026833968176806,-23.776609548469377,70.85803915458358
full,302,11,16,1.5,0.10737325748658297,-2.74300296392801,8.026833968176808,-23.776609548469377,70.85803915458358
full,303,11,17,1.5,0.10737325748658297,-2.7430029639280087,8.026833968176806,-23.776609548469384,70.8580391545836
full,304,11,18,1.5,0.09383285767335792,-2.700004654811302,7.8686677873432895,-23.258269193177476,69.23497664896443
full,305,11,19,1.5,0.09383285767335792,-2.700004654811302,7.8686677873432895,-23.258269193177483,69.23497664896443
full,306,11,20,1.5,0.09383285767335792,-2.700004654811302,7.868667787343291,-23.258269193177487,69.23497664896442
full,307,11,21,1.5,0.09383285767335792,-2.700004654811302,7.8686677873432895,-23.258269193177487,69.2349766489644
full,308,11,22,1.5,0.09383285767335792,-2.700004654811302,7.868667787343291,-23.258269193177476,69.2349766489644
full,309,11,23,1.5,0.09383285767335792,-2.700004654811302,7.868667787343293,-23.258269193177483,69.2349766489644
full,310,11,24,1.5,0.09383285767335792,-2.700004654811302,7.868667787343292,-23.258269193177483,69.23497664896443
full,311,11,25,1.5,0.09383285767335792,-2.700004654811302,7.868667787343291,-23.258269193177476,69.23497664896443
full,312,12,0,2.0,0.023164702320088375,-3.728980917566343,14.588579995664722,-57.69774424244116,229.26127209586855
full,313,12,1,2.0,0.023164702320088375,-3.7289809175663433,14.588579995664718,-57.69774424244117,229.26127209586863
full,314,12,2,2.0,0.023164702320088375,-3.728980917566342,14.588579995664716,-57.69774424244117,229.2612720958686
full,315,12,3,2.0,0.023164702320088375,-3.728980917566343,14.588579995664718,-57.69774424244116,229.26127209586855
full,316,12,4,2.0,0.02316470232008837,-3.7289809175663438,14.588579995664722,-57.69774424244119,229.26127209586863
full,317,12,5,2.0,0.02316470232008837,-3.7289809175663438,14.588579995664722,-57.69774424244119,229.26127209586863
full,318,12,6,2.0,0.01925774654980408,-3.6632253997738085,14.259149568155323,-56.24683042606258,223.14734532890554
full,319,12,7,2.0,0.01925774654980408,-3.6632253997738085,14.259149568155319,-56.24683042606258,223.14734532890554
full,320,12,8,2.0,0.01925774654980408,-3.6632253997738062,14.259149568155319,-56.246830426062594,223.1473453289055
full,321,12,9,2.0,0.01925774654980408,-3.663225399773807,14.259149568155323,-56.246830426062594,223.14734532890554
full,322,12,10,2.0,0.01925774654980408,-3.663225399773807,14.259149568155323,-56.246830426062566,223.1473453289055
full,323,12,11,2.0,0.01925774654980408,-3.6632253997738062,14.259149568155319,-56.24683042606258,223.1473453289055
full,324,12,12,2.0,0.01925774654980408,-3.663225399773806,14.259149568155319,-56.24683042606258,223.14734532890554
full,325,12,13,2.0,0.01925774654980408,-3.6632253997738062,14.259149568155319,-56.246830426062566,223.1473453289055
full,326,12,14,2.0,0.019257746549804076,-3.6632253997738076,14.259149568155316,-56.2468304260626,223.1473453289055
full,327,12,15,2.0,0.019257746549804076,-3.663225399773807,14.259149568155319,-56.24683042606258,223.14734532890554
full,328,12,16,2.0,0.019257746549804076,-3.663225399773807,14.259149568155319,-56.24683042606259,223.14734532890554
full,329,12,17,2.0,0.019257746549804076,-3.6632253997738085,14.259149568155316,-56.24683042606259,223.1473453289055
full,330,12,18,2.0,0.016815899140963438,-3.6066120614909862,13.975520652006823,-54.99764052323564,217.88345258915422
full,331,12,19,2.0,0.016815899140963434,-3.606612061490987,13.975520652006827,-54.99764052323565,217.88345258915425
full,332,12,20,2.0,0.016815899140963434,-3.6066120614909876,13.975520652006821,-54.99764052323565,217.88345258915422
full,333,12,21,2.0,0.016815899140963434,-3.6066120614909867,13.975520652006821,-54.99764052323565,217.88345258915425
full,334,12,22,2.0,0.01681589914096343,-3.6066120614909876,13.975520652006825,-54.99764052323565,217.88345258915427
full,335,12,23,2.0,0.01681589914096343,-3.606612061490988,13.97552065200683,-54.99764052323565,217.88345258915425
full,336,12,24,2.0,0.01681589914096343,-3.6066120614909876,13.975520652006825,-54.99764052323566,217.8834525891543
full,337,12,25,2.0,0.016815899140963427,-3.606612061490988,13.975520652006828,-54.997640523235674,217.88345258915433
full,338,13,0,2.5,0.0025497031508327594,-4.647619585361658,22.7129869954531,-112.24544043293506,557.3069984456681
full,339,13,1,2.5,0.0025497031508327594,-4.647619585361659,22.712986995453097,-112.2454404329351,557.3069984456682
full,340,13,2,2.5,0.0025497031508327594,-4.64761958536166,22.712986995453097,-112.24544043293507,557.3069984456681
full,341,13,3,2.5,0.0025497031508327594,-4.647619585361658,22.712986995453097,-112.2454404329351,557.3069984456681
full,342,13,4,2.5,0.002549703150832759,-4.64761958536166,22.712986995453104,-112.24544043293507,557.3069984456682
full,343,13,5,2.5,0.002549703150832759,-4.64761958536166,22.712986995453104,-112.24544043293507,557.3069984456682
full,344,13,6,2.5,0.0021198180363047755,-4.56266010165303,22.181697319442346,-109.32141232750303,541.891886588607
full,345,13,7,2.5,0.0021198180363047755,-4.56266010165303,22.181697319442346,-109.32141232750303,541.891886588607
full,346,13,8,2.5,0.0021198180363047755,-4.562660101653029,22.181697319442346,-109.32141232750303,541.891886588607
full,347,13,9,2.5,0.002119818036304776,-4.562660101653029,22.18169731944234,-109.32141232750303,541.8918865886069
full,348,13,10,2.5,0.002119818036304776,-4.562660101653029,22.181697319442343,-109.32141232750301,541.891886588607
full,349,13,11,2.5,0.002119818036304776,-4.562660101653029,22.181697319442343,-109.32141232750301,541.891886588607
full,350,13,12,2.5,0.002119818036304776,-4.562660101653029,22.18169731944234,-109.32141232750301,541.8918865886069
full,351,13,13,2.5,0.0021198180363047763,-4.562660101653028,22.181697319442335,-109.321412327503,541.8918865886068
full,352,13,14,2.5,0.0021198180363047763,-4.5626601016530275,22.181697319442335,-109.32141232750298,541.8918865886068
full,353,13,15,2.5,0.0021198180363047763,-4.562660101653028,22.181697319442332,-109.32141232750297,541.8918865886068
full,354,13,16,2.5,0.0021198180363047763,-4.562660101653028,22.181697319442335,-109.32141232750298,541.8918865886068
full,355,13,17,2.5,0.0021198180363047768,-4.5626601016530275,22.18169731944233,-109.32141232750297,541.8918865886067
full,356,13,18,2.5,0.0018511399033242122,-4.489522087326926,21.724332818689454,-106.8042414222531,528.6216748309073
full,357,13,19,2.5,0.0018511399033242122,-4.489522087326926,21.724332818689454,-106.80424142225307,528.6216748309073
full,358,13,20,2.5,0.0018511399033242122,-4.489522087326925,21.724332818689458,-106.80424142225309,528.6216748309073
full,359,13,21,2.5,0.0018511399033242122,-4.489522087326925,21.724332818689458,-106.8042414222531,528.6216748309073
full,360,13,22,2.5,0.0018511399033242122,-4.489522087326926,21.724332818689458,-106.80424142225309,528.6216748309074
full,361,13,23,2.5,0.0018511399033242122,-4.489522087326926,21.724332818689454,-106.80424142225309,528.6216748309074
full,362,13,24,2.5,0.0018511399033242122,-4.489522087326925,21.724332818689454,-106.80424142225307,528.6216748309073
full,363,13,25,2.5,0.0018511399033242122,-4.489522087326925,21.724332818689454,-106.80424142225309,528.6216748309074
full,364,14,0,3.0,0.00017992171445646858,-5.301605556422054,30.987211618333095,-183.5046144578764,1092.8702042761324
full,365,14,1,3.0,0.00017992171445646858,-5.301605556422054,30.987211618333095,-183.50461445787633,1092.8702042761324
full,366,14,2,3.0,0.00017992171445646856,-5.3016055564220546,30.987211618333106,-183.50461445787636,1092.8702042761324
full,367,14,3,3.0,0.00017992171445646856,-5.3016055564220546,30.987211618333106,-183.50461445787644,1092.8702042761327
full,368,14,4,3.0,0.00017992171445646856,-5.301605556422054,30.987211618333106,-183.50461445787644,1092.8702042761327
full,369,14,5,3.0,0.00017992171445646856,-5.301605556422054,30.987211618333106,-183.50461445787644,1092.8702042761327
full,370,14,6,3.0,0.00015131275973548887,-5.148390029703217,29.912316134576518,-176.59808821899827,1049.8883926446174
full,371,14,7,3.0,0.00015131275973548887,-5.148390029703217,29.912316134576514,-176.59808821899827,1049.8883926446174
full,372,14,8,3.0,0.00015131275973548887,-5.148390029703216,29.912316134576518,-176.59808821899827,1049.8883926446172
full,373,14,9,3.0,0.00015131275973548887,-5.148390029703217,29.912316134576518,-176.59808821899827,1049.8883926446172
full,374,14,10,3.0,0.0001513127597354888,-5.1483900297032195,29.912316134576525,-176.59808821899836,1049.8883926446176
full,375,14,11,3.0,0.0001513127597354888,-5.1483900297032195,29.912316134576525,-176.59808821899836,1049.8883926446176
full,376,14,12,3.0,0.0001513127597354888,-5.148390029703219,29.912316134576518,-176.59808821899836,1049.8883926446174
full,377,14,13,3.0,0.0001513127597354888,-5.148390029703219,29.912316134576518,-176.59808821899836,1049.8883926446174
full,378,14,14,3.0,0.0001513127597354888,-5.148390029703218,29.912316134576525,-176.59808821899836,1049.8883926446176
full,379,14,15,3.0,0.0001513127597354888,-5.148390029703219,29.912316134576525,-176.59808821899836,1049.8883926446179
full,380,14,16,3.0,0.0001513127597354888,-5.148390029703218,29.91231613457653,-176.59808821899836,1049.8883926446176
full,381,14,17,3.0,0.0001513127597354888,-5.1483900297032195,29.91231613457653,-176.59808821899836,1049.8883926446176
full,382,14,18,3.0,0.00013343219240159979,-5.0192648634250325,29.00643304020811,-170.77751506241233,1013.6648721768742
full,383,14,19,3.0,0.00013343219240159979,-5.0192648634250325,29.006433040208112,-170.77751506241236,1013.6648721768742
full,384,14,20,3.0,0.00013343219240159979,-5.019264863425031,29.006433040208112,-170.77751506241236,1013.6648721768739
full,385,14,21,3.0,0.00013343219240159976,-5.019264863425032,29.006433040208115,-170.77751506241242,1013.6648721768743
full,386,14,22,3.0,0.00013343219240159976,-5.019264863425033,29.006433040208115,-170.7775150624124,1013.6648721768743
full,387,14,23,3.0,0.00013343219240159976,-5.019264863425034,29.006433040208115,-170.77751506241242,1013.6648721768743
full,388,14,24,3.0,0.00013343219240159976,-5.019264863425033,29.006433040208112,-170.77751506241242,1013.6648721768743
full,389,14,25,3.0,0.00013343219240159976,-5.019264863425033,29.006433040208112,-170.7775150624124,1013.6648721768743
full,390,15,0,3.5,1.407446593523086e-05,-3.4865442372837663,22.334115333824172,-151.56992601297205,1047.9504354839244
full,391,15,1,3.5,1.407446593523086e-05,-3.4865442372837667,22.334115333824172,-151.56992601297205,1047.9504354839241
full,392,15,2,3.5,1.4074465935230859e-05,-3.4865442372837676,22.334115333824183,-151.5699260129721,1047.9504354839244
full,393,15,3,3.5,1.407446593523086e-05,-3.4865442372837667,22.334115333824172,-151.5699260129721,1047.9504354839241
full,394,15,4,3.5,1.407446593523086e-05,-3.4865442372837663,22.334115333824176,-151.56992601297205,1047.9504354839244
full,395,15,5,3.5,1.407446593523086e-05,-3.4865442372837663,22.334115333824176,-151.56992601297205,1047.9504354839244
full,396,15,6,3.5,1.3043989230541774e-05,-3.129018961998519,19.670996550141727,-132.5486593247398,913.7730674753274
full,397,15,7,3.5,1.3043989230541774e-05,-3.129018961998519,19.670996550141727,-132.5486593247398,913.7730674753274
full,398,15,8,3.5,1.3043989230541774e-05,-3.129018961998519,19.670996550141727,-132.5486593247398,913.7730674753276
full,399,15,9,3.5,1.3043989230541774e-05,-3.129018961998519,19.670996550141727,-132.5486593247398,913.7730674753276
full,400,15,10,3.5,1.3043989230541774e-05,-3.129018961998519,19.670996550141734,-132.5486593247398,913.7730674753275
full,401,15,11,3.5,1.3043989230541773e-05,-3.1290189619985194,19.670996550141734,-132.5486593247398,913.7730674753277
full,402,15,12,3.5,1.3043989230541773e-05,-3.1290189619985194,19.67099655014173,-132.5486593247398,913.7730674753277
full,403,15,13,3.5,1.3043989230541773e-05,-3.12901896199852,19.67099655014173,-132.5486593247398,913.7730674753277
full,404,15,14,3.5,1.3043989230541769e-05,-3.1290189619985194,19.670996550141737,-132.54865932473984,913.7730674753278
full,405,15,15,3.5,1.3043989230541769e-05,-3.1290189619985203,19.670996550141737,-132.54865932473984,913.7730674753278
full,406,15,16,3.5,1.304398923054177e-05,-3.129018961998519,19.670996550141734,-132.54865932473976,913.7730674753278
full,407,15,17,3.5,1.3043989230541769e-05,-3.12901896199852,19.670996550141737,-132.54865932473982,913.7730674753278
full,408,15,18,3.5,1.2399750179631803e-05,-2.8754488275733854,17.78204183013901,-119.0568172594477,818.6002973271545
full,409,15,19,3.5,1.2399750179631803e-05,-2.875448827573386,17.78204183013901,-119.05681725944768,818.6002973271545
full,410,15,20,3.5,1.2399750179631804e-05,-2.8754488275733854,17.782041830139008,-119.05681725944764,818.6002973271544
full,411,15,21,3.5,1.2399750179631804e-05,-2.8754488275733854,17.782041830139004,-119.05681725944764,818.6002973271544
full,412,15,22,3.5,1.2399750179631804e-05,-2.8754488275733854,17.78204183013901,-119.05681725944767,818.6002973271546
full,413,15,23,3.5,1.2399750179631804e-05,-2.8754488275733854,17.78204183013901,-119.05681725944764,818.6002973271545
full,414,15,24,3.5,1.2399750179631804e-05,-2.8754488275733854,17.782041830139008,-119.05681725944767,818.6002973271545
full,415,15,25,3.5,1.2399750179631804e-05,-2.8754488275733854,17.782041830139004,-119.05681725944767,818.6002973271545
full,416,16,0,4.0,4.540223513839402e-06,-1.0403822972207843,3.3904146990810418,-19.579670290971325,141.04610450722865
full,417,16,1,4.0,4.540223513839402e-06,-1.0403822972207841,3.390414699081041,-19.579670290971325,141.04610450722865
full,418,16,2,4.0,4.540223513839402e-06,-1.0403822972207841,3.390414699081041,-19.579670290971332,141.04610450722865
full,419,16,3,4.0,4.540223513839402e-06,-1.0403822972207841,3.3904146990810404,-19.57967029097133,141.04610450722865
full,420,16,4,4.0,4.540223513839401e-06,-1.0403822972207843,3.3904146990810418,-19.57967029097133,141.04610450722868
full,421,16,5,4.0,4.5402235138394006e-06,-1.0403822972207846,3.390414699081042,-19.579670290971332,141.0461045072287
full,422,16,6,4.0,4.596727917742444e-06,-0.9784856926832148,2.9504299764853394,-16.152655043385156,113.82229287542765
full,423,16,7,4.0,4.596727917742444e-06,-0.9784856926832151,2.950429976485339,-16.152655043385156,113.82229287542765
full,424,16,8,4.0,4.596727917742444e-06,-0.9784856926832151,2.95042997648534,-16.152655043385153,113.82229287542765
full,425,16,9,4.0,4.596727917742444e-06,-0.9784856926832151,2.950429976485339,-16.152655043385153,113.82229287542765
full,426,16,10,4.0,4.596727917742444e-06,-0.9784856926832151,2.95042997648534,-16.152655043385156,113.8222928754277
full,427,16,11,4.0,4.596727917742444e-06,-0.9784856926832151,2.95042997648534,-16.152655043385156,113.8222928754277
full,428,16,12,4.0,4.596727917742444e-06,-0.9784856926832151,2.95042997648534,-16.152655043385156,113.8222928754277
full,429,16,13,4.0,4.596727917742444e-06,-0.9784856926832151,2.95042997648534,-16.152655043385156,113.8222928754277
full,430,16,14,4.0,4.596727917742444e-06,-0.9784856926832151,2.95042997648534,-16.152655043385156,113.82229287542768
full,431,16,15,4.0,4.596727917742444e-06,-0.9784856926832151,2.95042997648534,-16.152655043385156,113.82229287542768
full,432,16,16,4.0,4.596727917742444e-06,-0.9784856926832151,2.950429976485339,-16.152655043385156,113.82229287542768
full,433,16,17,4.0,4.596727917742444e-06,-0.9784856926832148,2.9504299764853394,-16.152655043385156,113.82229287542765
full,434,16,18,4.0,4.63237096565738e-06,-0.940478227492349,2.680701547026626,-14.052233596053089,97.13777519907734
full,435,16,19,4.0,4.63237096565738e-06,-0.940478227492349,2.680701547026626,-14.052233596053087,97.13777519907734
full,436,16,20,4.0,4.63237096565738e-06,-0.940478227492349,2.6807015470266258,-14.052233596053089,97.13777519907737
full,437,16,21,4.0,4.632370965657379e-06,-0.9404782274923492,2.6807015470266267,-14.052233596053092,97.13777519907738
full,438,16,22,4.0,4.63237096565738e-06,-0.940478227492349,2.6807015470266258,-14.052233596053087,97.13777519907734
full,439,16,23,4.0,4.63237096565738e-06,-0.940478227492349,2.680701547026626,-14.052233596053087,97.13777519907734
full,440,16,24,4.0,4.63237096565738e-06,-0.9404782274923492,2.6807015470266258,-14.052233596053089,97.13777519907735
full,441,16,25,4.0,4.63237096565738e-06,-0.9404782274923492,2.6807015470266258,-14.052233596053089,97.13777519907737
