model,state_index,frequency_index,angle_index,x,opacity,M1,M2,M3,M4
pole_production,0,0,0,-4.0,0.0003286790040636629,0.8173542859708124,1.498840747561546,3.9943808281671824,15.073899483761842
pole_production,1,0,1,-4.0,0.0003286790040636629,0.8173542859708124,1.498840747561546,3.9943808281671824,15.073899483761842
pole_production,2,0,2,-4.0,0.0003286790040636629,0.8173542859708124,1.498840747561546,3.994380828167182,15.073899483761842
pole_production,3,0,3,-4.0,0.00032867900406366294,0.8173542859708121,1.4988407475615457,3.994380828167181,15.07389948376184
pole_production,4,0,4,-4.0,0.00032867900406366294,0.8173542859708122,1.4988407475615457,3.9943808281671807,15.073899483761837
pole_production,5,0,5,-4.0,0.00032867900406366294,0.8173542859708122,1.4988407475615457,3.9943808281671807,15.07389948376184
pole_production,6,0,6,-4.0,0.00033466044671905186,0.8032440610373384,1.4720629365014888,3.921525642385363,14.79425512708297
pole_production,7,0,7,-4.0,0.00033466044671905186,0.8032440610373384,1.4720629365014883,3.921525642385363,14.79425512708297
pole_production,8,0,8,-4.0,0.00033466044671905186,0.8032440610373384,1.4720629365014883,3.921525642385363,14.79425512708297
pole_production,9,0,9,-4.0,0.00033466044671905186,0.8032440610373384,1.4720629365014883,3.921525642385363,14.79425512708297
pole_production,10,0,10,-4.0,0.0003346604467190519,0.8032440610373384,1.4720629365014888,3.9215256423853626,14.794255127082966
pole_production,11,0,11,-4.0,0.00033466044671905186,0.8032440610373385,1.4720629365014888,3.921525642385363,14.79425512708297
pole_production,12,0,12,-4.0,0.00033466044671905186,0.8032440610373385,1.4720629365014888,3.921525642385363,14.79425512708297
pole_production,13,0,13,-4.0,0.0003346604467190518,0.8032440610373386,1.472062936501489,3.921525642385364,14.794255127082971
pole_production,14,0,14,-4.0,0.0003346604467190519,0.8032440610373385,1.4720629365014892,3.9215256423853626,14.794255127082966
pole_production,15,0,15,-4.0,0.0003346604467190519,0.8032440610373385,1.4720629365014888,3.9215256423853617,14.794255127082966
pole_production,16,0,16,-4.0,0.00033466044671905186,0.8032440610373387,1.472062936501489,3.921525642385363,14.79425512708297
pole_production,17,0,17,-4.0,0.00033466044671905186,0.8032440610373387,1.4720629365014888,3.9215256423853626,14.79425512708297
pole_production,18,0,18,-4.0,0.00033841133575105803,0.7946346804254277,1.4557533781138876,3.8771488631952016,14.623867372756738
pole_production,19,0,19,-4.0,0.0003384113357510581,0.7946346804254275,1.4557533781138874,3.877148863195201,14.623867372756735
pole_production,20,0,20,-4.0,0.0003384113357510581,0.7946346804254274,1.4557533781138874,3.8771488631952016,14.623867372756735
pole_production,21,0,21,-4.0,0.00033841133575105814,0.7946346804254274,1.4557533781138872,3.877148863195201,14.62386737275673
pole_production,22,0,22,-4.0,0.0003384113357510581,0.7946346804254274,1.4557533781138874,3.877148863195201,14.623867372756735
pole_production,23,0,23,-4.0,0.0003384113357510581,0.7946346804254275,1.4557533781138874,3.8771488631952016,14.623867372756735
pole_production,24,0,24,-4.0,0.00033841133575105814,0.7946346804254273,1.4557533781138872,3.877148863195201,14.62386737275673
pole_production,25,0,25,-4.0,0.00033841133575105814,0.7946346804254274,1.4557533781138872,3.8771488631952007,14.62386737275673
pole_production,26,1,0,-3.5,0.0006450334611366211,1.0916238698804637,3.80004565050596,17.1038930784786,91.25565510571796
pole_production,27,1,1,-3.5,0.0006450334611366212,1.0916238698804632,3.80004565050596,17.103893078478595,91.25565510571796
pole_production,28,1,2,-3.5,0.0006450334611366211,1.0916238698804637,3.800045650505961,17.1038930784786,91.25565510571796
pole_production,29,1,3,-3.5,0.0006450334611366212,1.0916238698804632,3.80004565050596,17.103893078478595,91.25565510571796
pole_production,30,1,4,-3.5,0.0006450334611366211,1.0916238698804637,3.8000456505059597,17.1038930784786,91.25565510571796
pole_production,31,1,5,-3.5,0.0006450334611366212,1.0916238698804632,3.8000456505059588,17.103893078478595,91.25565510571796
pole_production,32,1,6,-3.5,0.0006565397755483537,1.0720581802078626,3.7337319561503746,16.803490293302715,89.65295561570763
pole_production,33,1,7,-3.5,0.0006565397755483537,1.0720581802078626,3.7337319561503746,16.803490293302712,89.65295561570763
pole_production,34,1,8,-3.5,0.0006565397755483537,1.0720581802078626,3.7337319561503746,16.803490293302715,89.65295561570763
pole_production,35,1,9,-3.5,0.0006565397755483537,1.0720581802078626,3.7337319561503746,16.803490293302715,89.65295561570764
pole_production,36,1,10,-3.5,0.0006565397755483537,1.0720581802078624,3.7337319561503746,16.803490293302712,89.65295561570763
pole_production,37,1,11,-3.5,0.0006565397755483537,1.0720581802078621,3.7337319561503746,16.803490293302712,89.65295561570763
pole_production,38,1,12,-3.5,0.0006565397755483537,1.0720581802078624,3.7337319561503746,16.803490293302712,89.65295561570764
pole_production,39,1,13,-3.5,0.0006565397755483537,1.0720581802078624,3.7337319561503732,16.803490293302712,89.65295561570764
pole_production,40,1,14,-3.5,0.0006565397755483535,1.0720581802078628,3.7337319561503737,16.803490293302715,89.65295561570764
pole_production,41,1,15,-3.5,0.0006565397755483535,1.0720581802078626,3.7337319561503737,16.803490293302715,89.65295561570765
pole_production,42,1,16,-3.5,0.0006565397755483535,1.0720581802078628,3.7337319561503737,16.803490293302715,89.65295561570765
pole_production,43,1,17,-3.5,0.0006565397755483535,1.0720581802078626,3.7337319561503737,16.803490293302715,89.65295561570767
pole_production,44,1,18,-3.5,0.0006637254002098236,1.0601956437877926,3.6934816812829934,16.621241385018283,88.68071702204863
pole_production,45,1,19,-3.5,0.0006637254002098237,1.0601956437877924,3.6934816812829925,16.621241385018283,88.68071702204861
pole_production,46,1,20,-3.5,0.0006637254002098236,1.0601956437877926,3.6934816812829934,16.621241385018283,88.68071702204863
pole_production,47,1,21,-3.5,0.0006637254002098237,1.0601956437877922,3.693481681282992,16.621241385018283,88.68071702204863
pole_production,48,1,22,-3.5,0.0006637254002098237,1.0601956437877924,3.6934816812829925,16.62124138501828,88.68071702204861
pole_production,49,1,23,-3.5,0.0006637254002098237,1.0601956437877924,3.6934816812829925,16.621241385018283,88.68071702204863
pole_production,50,1,24,-3.5,0.0006637254002098237,1.0601956437877924,3.6934816812829925,16.621241385018283,88.68071702204861
pole_production,51,1,25,-3.5,0.0006637254002098237,1.0601956437877924,3.6934816812829925,16.62124138501828,88.68071702204861
pole_production,52,2,0,-3.0,0.0031851677301617267,2.4185324255205805,9.776786220248455,44.57792475650062,218.75758439635976
pole_production,53,2,1,-3.0,0.0031851677301617267,2.41853242552058,9.776786220248455,44.57792475650062,218.75758439635976
pole_production,54,2,2,-3.0,0.0031851677301617267,2.41853242552058,9.776786220248455,44.577924756500614,218.7575843963598
pole_production,55,2,3,-3.0,0.0031851677301617267,2.41853242552058,9.776786220248455,44.577924756500614,218.7575843963598
pole_production,56,2,4,-3.0,0.0031851677301617263,2.4185324255205805,9.776786220248455,44.577924756500614,218.75758439635985
pole_production,57,2,5,-3.0,0.0031851677301617263,2.4185324255205805,9.776786220248455,44.577924756500614,218.75758439635985
pole_production,58,2,6,-3.0,0.0032348477351254066,2.3814140724582704,9.626606946118644,43.89349832211145,215.39864797408347
pole_production,59,2,7,-3.0,0.003234847735125407,2.38141407245827,9.626606946118644,43.89349832211144,215.39864797408345
pole_production,60,2,8,-3.0,0.003234847735125407,2.38141407245827,9.626606946118642,43.89349832211144,215.39864797408345
pole_production,61,2,9,-3.0,0.003234847735125407,2.38141407245827,9.626606946118644,43.89349832211144,215.39864797408342
pole_production,62,2,10,-3.0,0.0032348477351254075,2.38141407245827,9.626606946118642,43.893498322111434,215.3986479740835
pole_production,63,2,11,-3.0,0.0032348477351254075,2.38141407245827,9.626606946118642,43.89349832211143,215.39864797408347
pole_production,64,2,12,-3.0,0.0032348477351254075,2.38141407245827,9.626606946118642,43.893498322111434,215.39864797408342
pole_production,65,2,13,-3.0,0.003234847735125408,2.3814140724582695,9.62660694611864,43.89349832211143,215.3986479740834
pole_production,66,2,14,-3.0,0.003234847735125408,2.3814140724582695,9.626606946118638,43.89349832211142,215.39864797408347
pole_production,67,2,15,-3.0,0.003234847735125408,2.3814140724582695,9.62660694611864,43.89349832211142,215.39864797408347
pole_production,68,2,16,-3.0,0.003234847735125408,2.3814140724582695,9.626606946118638,43.89349832211143,215.39864797408345
pole_production,69,2,17,-3.0,0.0032348477351254084,2.3814140724582695,9.626606946118638,43.89349832211141,215.39864797408342
pole_production,70,2,18,-3.0,0.0032658964588805086,2.3587892168318856,9.535068810749868,43.4763126466115,213.35123945852004
pole_production,71,2,19,-3.0,0.0032658964588805086,2.3587892168318856,9.535068810749868,43.4763126466115,213.35123945852004
pole_production,72,2,20,-3.0,0.0032658964588805086,2.3587892168318856,9.535068810749868,43.4763126466115,213.35123945852004
pole_production,73,2,21,-3.0,0.0032658964588805086,2.3587892168318856,9.535068810749868,43.4763126466115,213.35123945852
pole_production,74,2,22,-3.0,0.0032658964588805086,2.3587892168318856,9.535068810749868,43.476312646611504,213.35123945852004
pole_production,75,2,23,-3.0,0.0032658964588805086,2.3587892168318856,9.535068810749868,43.476312646611504,213.35123945852004
pole_production,76,2,24,-3.0,0.0032658964588805086,2.3587892168318856,9.535068810749868,43.476312646611504,213.35123945852004
pole_production,77,2,25,-3.0,0.0032658964588805086,2.3587892168318856,9.535068810749868,43.476312646611504,213.35123945852
pole_production,78,3,0,-2.5,0.034123844229452936,2.5052820874086357,8.744691025104466,34.16785562397204,142.28684938361968
pole_production,79,3,1,-2.5,0.03412384422945295,2.505282087408634,8.744691025104462,34.167855623972024,142.28684938361963
pole_production,80,3,2,-2.5,0.034123844229452936,2.5052820874086357,8.744691025104466,34.16785562397204,142.28684938361974
pole_production,81,3,3,-2.5,0.034123844229452936,2.5052820874086352,8.744691025104467,34.16785562397204,142.28684938361974
pole_production,82,3,4,-2.5,0.03412384422945292,2.5052820874086357,8.744691025104473,34.16785562397205,142.28684938361982
pole_production,83,3,5,-2.5,0.03412384422945292,2.5052820874086352,8.744691025104473,34.16785562397205,142.28684938361982
pole_production,84,3,6,-2.5,0.03464911225875905,2.4673048872701937,8.61212261613718,33.64989419458822,140.1298716168113
pole_production,85,3,7,-2.5,0.03464911225875905,2.4673048872701937,8.61212261613718,33.64989419458822,140.1298716168113
pole_production,86,3,8,-2.5,0.03464911225875906,2.4673048872701937,8.612122616137178,33.64989419458822,140.12987161681127
pole_production,87,3,9,-2.5,0.03464911225875906,2.4673048872701937,8.612122616137178,33.649894194588214,140.12987161681127
pole_production,88,3,10,-2.5,0.03464911225875906,2.4673048872701933,8.61212261613718,33.649894194588214,140.12987161681124
pole_production,89,3,11,-2.5,0.03464911225875906,2.4673048872701933,8.61212261613718,33.649894194588214,140.12987161681124
pole_production,90,3,12,-2.5,0.034649112258759066,2.4673048872701933,8.612122616137178,33.649894194588214,140.12987161681122
pole_production,91,3,13,-2.5,0.034649112258759066,2.4673048872701933,8.612122616137178,33.64989419458821,140.12987161681122
pole_production,92,3,14,-2.5,0.03464911225875906,2.4673048872701924,8.612122616137182,33.649894194588214,140.12987161681124
pole_production,93,3,15,-2.5,0.03464911225875906,2.4673048872701924,8.612122616137182,33.649894194588214,140.12987161681124
pole_production,94,3,16,-2.5,0.034649112258759066,2.467304887270193,8.61212261613718,33.649894194588214,140.12987161681122
pole_production,95,3,17,-2.5,0.034649112258759066,2.467304887270193,8.61212261613718,33.64989419458821,140.12987161681122
pole_production,96,3,18,-2.5,0.03497740727967855,2.44414803107398,8.531288641767945,33.33406395070966,138.81463781061436
pole_production,97,3,19,-2.5,0.03497740727967855,2.4441480310739796,8.531288641767945,33.33406395070966,138.81463781061436
pole_production,98,3,20,-2.5,0.03497740727967856,2.4441480310739796,8.531288641767944,33.33406395070966,138.81463781061436
pole_production,99,3,21,-2.5,0.03497740727967855,2.4441480310739796,8.531288641767945,33.33406395070966,138.81463781061439
pole_production,100,3,22,-2.5,0.03497740727967856,2.4441480310739796,8.531288641767944,33.33406395070966,138.81463781061436
pole_production,101,3,23,-2.5,0.03497740727967855,2.4441480310739796,8.531288641767945,33.33406395070966,138.81463781061439
pole_production,102,3,24,-2.5,0.03497740727967856,2.444148031073979,8.531288641767944,33.33406395070966,138.81463781061436
pole_production,103,3,25,-2.5,0.03497740727967856,2.444148031073979,8.531288641767944,33.33406395070966,138.81463781061436
pole_production,104,4,0,-2.0,0.28682555859792025,2.056243043933859,5.875876014450212,18.764770466303663,64.00826735814789
pole_production,105,4,1,-2.0,0.2868255585979202,2.05624304393386,5.8758760144502125,18.764770466303663,64.00826735814789
pole_production,106,4,2,-2.0,0.28682555859792025,2.0562430439338595,5.875876014450212,18.76477046630366,64.00826735814789
pole_production,107,4,3,-2.0,0.28682555859792025,2.05624304393386,5.875876014450212,18.76477046630366,64.00826735814789
pole_production,108,4,4,-2.0,0.28682555859792025,2.05624304393386,5.875876014450212,18.76477046630366,64.00826735814789
pole_production,109,4,5,-2.0,0.28682555859792025,2.05624304393386,5.875876014450212,18.76477046630366,64.00826735814789
pole_production,110,4,6,-2.0,0.29123803528900133,2.0250893181528467,5.786852172916229,18.480469002215305,63.03849228134333
pole_production,111,4,7,-2.0,0.29123803528900133,2.025089318152847,5.786852172916229,18.480469002215305,63.03849228134333
pole_production,112,4,8,-2.0,0.29123803528900133,2.025089318152847,5.786852172916229,18.480469002215305,63.03849228134333
pole_production,113,4,9,-2.0,0.29123803528900133,2.025089318152847,5.786852172916229,18.480469002215305,63.03849228134333
pole_production,114,4,10,-2.0,0.29123803528900133,2.0250893181528467,5.786852172916229,18.480469002215305,63.038492281343316
pole_production,115,4,11,-2.0,0.29123803528900133,2.025089318152847,5.7868521729162286,18.480469002215305,63.038492281343316
pole_production,116,4,12,-2.0,0.29123803528900133,2.025089318152847,5.786852172916229,18.480469002215305,63.03849228134333
pole_production,117,4,13,-2.0,0.29123803528900133,2.025089318152847,5.7868521729162286,18.480469002215305,63.03849228134333
pole_production,118,4,14,-2.0,0.2912380352890014,2.025089318152846,5.786852172916229,18.480469002215298,63.038492281343295
pole_production,119,4,15,-2.0,0.29123803528900133,2.025089318152847,5.7868521729162286,18.4804690022153,63.038492281343316
pole_production,120,4,16,-2.0,0.2912380352890014,2.0250893181528467,5.7868521729162286,18.480469002215298,63.03849228134331
pole_production,121,4,17,-2.0,0.29123803528900133,2.025089318152847,5.7868521729162286,18.4804690022153,63.03849228134333
pole_production,122,4,18,-2.0,0.2939958326041261,2.0060931373362707,5.732569304354528,18.307114537622557,62.44716671283916
pole_production,123,4,19,-2.0,0.2939958326041261,2.0060931373362707,5.732569304354529,18.30711453762256,62.44716671283915
pole_production,124,4,20,-2.0,0.29399583260412615,2.0060931373362703,5.732569304354527,18.307114537622557,62.44716671283914
pole_production,125,4,21,-2.0,0.2939958326041261,2.0060931373362703,5.732569304354529,18.30711453762256,62.44716671283914
pole_production,126,4,22,-2.0,0.29399583260412615,2.00609313733627,5.732569304354528,18.307114537622557,62.44716671283914
pole_production,127,4,23,-2.0,0.29399583260412615,2.00609313733627,5.732569304354527,18.30711453762256,62.44716671283913
pole_production,128,4,24,-2.0,0.29399583260412615,2.0060931373362694,5.732569304354528,18.307114537622557,62.44716671283913
pole_production,129,4,25,-2.0,0.29399583260412615,2.00609313733627,5.732569304354527,18.307114537622557,62.44716671283911
pole_production,130,5,0,-1.5,1.5309447046338736,1.5472890183921917,3.469049098002685,8.637510658074149,23.195403773861393
pole_production,131,5,1,-1.5,1.5309447046338736,1.5472890183921917,3.4690490980026865,8.637510658074149,23.195403773861386
pole_production,132,5,2,-1.5,1.5309447046338736,1.547289018392191,3.4690490980026865,8.637510658074147,23.195403773861386
pole_production,133,5,3,-1.5,1.5309447046338736,1.547289018392191,3.4690490980026865,8.637510658074147,23.195403773861386
pole_production,134,5,4,-1.5,1.5309447046338736,1.547289018392191,3.4690490980026865,8.637510658074147,23.195403773861376
pole_production,135,5,5,-1.5,1.5309447046338736,1.547289018392191,3.4690490980026865,8.637510658074147,23.195403773861376
pole_production,136,5,6,-1.5,1.5544960829723453,1.5238468228296203,3.4164913052885257,8.506648008872252,22.843981645344147
pole_production,137,5,7,-1.5,1.5544960829723453,1.5238468228296203,3.416491305288525,8.506648008872254,22.84398164534414
pole_production,138,5,8,-1.5,1.5544960829723455,1.52384682282962,3.4164913052885244,8.506648008872252,22.843981645344144
pole_production,139,5,9,-1.5,1.5544960829723455,1.52384682282962,3.4164913052885253,8.506648008872252,22.84398164534414
pole_production,140,5,10,-1.5,1.5544960829723453,1.5238468228296207,3.4164913052885257,8.506648008872256,22.843981645344147
pole_production,141,5,11,-1.5,1.5544960829723453,1.5238468228296203,3.4164913052885257,8.506648008872254,22.843981645344147
pole_production,142,5,12,-1.5,1.5544960829723455,1.52384682282962,3.4164913052885253,8.506648008872252,22.843981645344144
pole_production,143,5,13,-1.5,1.5544960829723455,1.52384682282962,3.4164913052885253,8.506648008872252,22.843981645344144
pole_production,144,5,14,-1.5,1.5544960829723453,1.5238468228296207,3.4164913052885257,8.506648008872256,22.843981645344147
pole_production,145,5,15,-1.5,1.5544960829723453,1.5238468228296203,3.4164913052885257,8.506648008872254,22.84398164534414
pole_production,146,5,16,-1.5,1.5544960829723453,1.5238468228296203,3.4164913052885257,8.506648008872254,22.843981645344147
pole_production,147,5,17,-1.5,1.5544960829723453,1.5238468228296203,3.4164913052885257,8.506648008872256,22.84398164534414
pole_production,148,5,18,-1.5,1.5692156945195508,1.5095527773245019,3.384443818880738,8.426853585171012,22.62969956685511
pole_production,149,5,19,-1.5,1.569215694519551,1.5095527773245014,3.384443818880737,8.426853585171012,22.629699566855106
pole_production,150,5,20,-1.5,1.5692156945195506,1.5095527773245019,3.3844438188807384,8.426853585171015,22.62969956685511
pole_production,151,5,21,-1.5,1.5692156945195508,1.5095527773245017,3.384443818880738,8.426853585171012,22.629699566855106
pole_production,152,5,22,-1.5,1.569215694519551,1.5095527773245012,3.384443818880738,8.426853585171012,22.629699566855106
pole_production,153,5,23,-1.5,1.5692156945195508,1.5095527773245014,3.384443818880738,8.426853585171012,22.62969956685511
pole_production,154,5,24,-1.5,1.569215694519551,1.5095527773245012,3.3844438188807375,8.426853585171012,22.629699566855102
pole_production,155,5,25,-1.5,1.569215694519551,1.5095527773245012,3.3844438188807375,8.42685358517101,22.629699566855102
pole_production,156,6,0,-1.0,5.072597520441605,1.0316462238787663,1.7378801946269755,3.151849528924038,6.394159687879992
pole_production,157,6,1,-1.0,5.072597520441605,1.0316462238787663,1.7378801946269755,3.151849528924038,6.394159687879992
pole_production,158,6,2,-1.0,5.072597520441605,1.0316462238787663,1.7378801946269755,3.151849528924038,6.394159687879992
pole_production,159,6,3,-1.0,5.072597520441605,1.0316462238787663,1.7378801946269755,3.151849528924038,6.394159687879992
pole_production,160,6,4,-1.0,5.072597520441604,1.0316462238787663,1.7378801946269757,3.151849528924039,6.394159687879995
pole_production,161,6,5,-1.0,5.072597520441604,1.0316462238787663,1.7378801946269757,3.151849528924039,6.394159687879995
pole_production,162,6,6,-1.0,5.150633744763957,1.0160159584913802,1.7115499175539248,3.104096485403396,6.297283008244895
pole_production,163,6,7,-1.0,5.150633744763957,1.0160159584913802,1.7115499175539248,3.104096485403396,6.297283008244895
pole_production,164,6,8,-1.0,5.150633744763957,1.0160159584913802,1.7115499175539248,3.104096485403396,6.297283008244895
pole_production,165,6,9,-1.0,5.150633744763957,1.01601595849138,1.7115499175539248,3.104096485403396,6.297283008244895
pole_production,166,6,10,-1.0,5.150633744763957,1.0160159584913802,1.7115499175539248,3.104096485403396,6.297283008244895
pole_production,167,6,11,-1.0,5.150633744763957,1.0160159584913802,1.7115499175539248,3.104096485403396,6.297283008244895
pole_production,168,6,12,-1.0,5.150633744763957,1.0160159584913802,1.7115499175539248,3.104096485403396,6.297283008244895
pole_production,169,6,13,-1.0,5.150633744763957,1.0160159584913802,1.7115499175539248,3.104096485403396,6.297283008244895
pole_production,170,6,14,-1.0,5.150633744763957,1.0160159584913802,1.7115499175539253,3.104096485403396,6.297283008244895
pole_production,171,6,15,-1.0,5.150633744763957,1.0160159584913802,1.7115499175539253,3.104096485403396,6.297283008244895
pole_production,172,6,16,-1.0,5.150633744763957,1.0160159584913802,1.7115499175539253,3.104096485403396,6.297283008244895
pole_production,173,6,17,-1.0,5.150633744763957,1.0160159584913802,1.7115499175539253,3.104096485403396,6.297283008244895
pole_production,174,6,18,-1.0,5.199406384566057,1.00648529763208,1.6954948501705878,3.0749787354794242,6.238211747755616
pole_production,175,6,19,-1.0,5.199406384566057,1.00648529763208,1.6954948501705878,3.0749787354794242,6.238211747755616
pole_production,176,6,20,-1.0,5.199406384566057,1.00648529763208,1.6954948501705878,3.0749787354794247,6.238211747755616
pole_production,177,6,21,-1.0,5.199406384566057,1.00648529763208,1.6954948501705873,3.0749787354794247,6.238211747755616
pole_production,178,6,22,-1.0,5.199406384566058,1.00648529763208,1.695494850170587,3.074978735479424,6.238211747755615
pole_production,179,6,23,-1.0,5.199406384566057,1.00648529763208,1.6954948501705873,3.0749787354794242,6.238211747755616
pole_production,180,6,24,-1.0,5.199406384566058,1.00648529763208,1.6954948501705875,3.074978735479424,6.238211747755617
pole_production,181,6,25,-1.0,5.199406384566058,1.0064852976320797,1.6954948501705875,3.074978735479424,6.238211747755615
pole_production,182,7,0,-0.5,10.408293243875004,0.515503197972962,0.6999278910141504,0.7951719437737744,1.2951190900924432
pole_production,183,7,1,-0.5,10.408293243875004,0.5155031979729618,0.6999278910141506,0.7951719437737744,1.2951190900924436
pole_production,184,7,2,-0.5,10.408293243875004,0.5155031979729616,0.6999278910141504,0.7951719437737745,1.2951190900924432
pole_production,185,7,3,-0.5,10.408293243875004,0.5155031979729616,0.6999278910141505,0.7951719437737745,1.2951190900924436
pole_production,186,7,4,-0.5,10.408293243875002,0.5155031979729615,0.6999278910141506,0.7951719437737745,1.295119090092443
pole_production,187,7,5,-0.5,10.408293243875002,0.5155031979729617,0.6999278910141506,0.7951719437737745,1.295119090092443
pole_production,188,7,6,-0.5,10.568416979125775,0.5076927285865569,0.6893231744202014,0.7831241712261579,1.2754965486506562
pole_production,189,7,7,-0.5,10.568416979125777,0.5076927285865568,0.6893231744202012,0.7831241712261579,1.275496548650656
pole_production,190,7,8,-0.5,10.568416979125775,0.5076927285865569,0.6893231744202014,0.783124171226158,1.2754965486506562
pole_production,191,7,9,-0.5,10.568416979125775,0.5076927285865568,0.6893231744202014,0.783124171226158,1.2754965486506564
pole_production,192,7,10,-0.5,10.568416979125777,0.5076927285865568,0.6893231744202012,0.7831241712261577,1.275496548650656
pole_production,193,7,11,-0.5,10.568416979125779,0.5076927285865569,0.6893231744202011,0.7831241712261577,1.2754965486506558
pole_production,194,7,12,-0.5,10.568416979125777,0.5076927285865568,0.6893231744202013,0.7831241712261579,1.2754965486506562
pole_production,195,7,13,-0.5,10.568416979125779,0.5076927285865569,0.6893231744202011,0.7831241712261577,1.275496548650656
pole_production,196,7,14,-0.5,10.568416979125779,0.5076927285865567,0.6893231744202011,0.7831241712261575,1.2754965486506555
pole_production,197,7,15,-0.5,10.56841697912578,0.5076927285865568,0.689323174420201,0.7831241712261574,1.2754965486506555
pole_production,198,7,16,-0.5,10.56841697912578,0.5076927285865566,0.6893231744202011,0.7831241712261574,1.2754965486506555
pole_production,199,7,17,-0.5,10.568416979125779,0.5076927285865569,0.6893231744202011,0.7831241712261575,1.2754965486506562
pole_production,200,7,18,-0.5,10.66849431364073,0.5029302444583087,0.6828568799887952,0.775777964001851,1.2635315764812651
pole_production,201,7,19,-0.5,10.668494313640728,0.5029302444583087,0.6828568799887954,0.7757779640018512,1.2635315764812654
pole_production,202,7,20,-0.5,10.66849431364073,0.5029302444583087,0.6828568799887953,0.7757779640018511,1.2635315764812651
pole_production,203,7,21,-0.5,10.66849431364073,0.5029302444583087,0.6828568799887952,0.7757779640018511,1.2635315764812651
pole_production,204,7,22,-0.5,10.668494313640732,0.5029302444583086,0.6828568799887952,0.7757779640018508,1.263531576481265
pole_production,205,7,23,-0.5,10.66849431364073,0.5029302444583087,0.6828568799887952,0.7757779640018511,1.2635315764812651
pole_production,206,7,24,-0.5,10.66849431364073,0.5029302444583087,0.6828568799887952,0.7757779640018511,1.2635315764812651
pole_production,207,7,25,-0.5,10.66849431364073,0.5029302444583086,0.6828568799887953,0.7757779640018513,1.2635315764812651
pole_production,208,8,0,0.0,13.225438848817767,-0.00045476447311601113,0.3546533838092101,-0.0004514119178246377,0.42356619629060166
pole_production,209,8,1,0.0,13.225438848817767,-0.00045476447311595865,0.3546533838092101,-0.0004514119178246603,0.4235661962906015
pole_production,210,8,2,0.0,13.225438848817767,-0.0004547644731159572,0.3546533838092101,-0.0004514119178246318,0.42356619629060155
pole_production,211,8,3,0.0,13.225438848817765,-0.00045476447311593415,0.35465338380921013,-0.0004514119178246324,0.42356619629060155
pole_production,212,8,4,0.0,13.225438848817767,-0.0004547644731161173,0.3546533838092101,-0.0004514119178246718,0.4235661962906015
pole_production,213,8,5,0.0,13.225438848817767,-0.00045476447311604913,0.3546533838092101,-0.00045141191782467236,0.42356619629060144
pole_production,214,8,6,0.0,13.42890715487926,-0.00044787456374389365,0.34927984825189157,-0.00044457245686497197,0.41714854408274044
pole_production,215,8,7,0.0,13.42890715487926,-0.0004478745637439247,0.34927984825189157,-0.00044457245686500493,0.41714854408274055
pole_production,216,8,8,0.0,13.428907154879258,-0.00044787456374389224,0.3492798482518916,-0.0004445724568649877,0.41714854408274055
pole_production,217,8,9,0.0,13.42890715487926,-0.0004478745637439324,0.3492798482518916,-0.0004445724568649875,0.4171485440827405
pole_production,218,8,10,0.0,13.42890715487926,-0.0004478745637439267,0.3492798482518915,-0.0004445724568650198,0.41714854408274055
pole_production,219,8,11,0.0,13.42890715487926,-0.00044787456374395984,0.34927984825189157,-0.00044457245686501914,0.41714854408274055
pole_production,220,8,12,0.0,13.428907154879258,-0.00044787456374392737,0.3492798482518917,-0.00044457245686498796,0.4171485440827406
pole_production,221,8,13,0.0,13.42890715487926,-0.0004478745637439593,0.34927984825189157,-0.0004445724568649885,0.41714854408274055
pole_production,222,8,14,0.0,13.42890715487926,-0.0004478745637439267,0.3492798482518915,-0.0004445724568650442,0.4171485440827406
pole_production,223,8,15,0.0,13.428907154879258,-0.0004478745637439227,0.3492798482518916,-0.0004445724568650104,0.41714854408274066
pole_production,224,8,16,0.0,13.42890715487926,-0.00044787456374392265,0.34927984825189157,-0.0004445724568650269,0.4171485440827406
pole_production,225,8,17,0.0,13.42890715487926,-0.00044787456374392466,0.34927984825189157,-0.0004445724568649939,0.4171485440827406
pole_production,226,8,18,0.0,13.556074846602844,-0.00044367339949165466,0.3460033027915682,-0.0004404020538042881,0.4132353534117529
pole_production,227,8,19,0.0,13.556074846602844,-0.00044367339949166474,0.34600330279156827,-0.0004404020538042871,0.4132353534117529
pole_production,228,8,20,0.0,13.556074846602842,-0.0004436733994916727,0.34600330279156827,-0.0004404020538042829,0.41323535341175294
pole_production,229,8,21,0.0,13.556074846602842,-0.00044367339949163,0.34600330279156827,-0.00044040205380428373,0.4132353534117529
pole_production,230,8,22,0.0,13.556074846602842,-0.00044367339949167477,0.34600330279156827,-0.0004404020538043221,0.4132353534117529
pole_production,231,8,23,0.0,13.556074846602842,-0.00044367339949166485,0.3460033027915683,-0.00044040205380428986,0.4132353534117529
pole_production,232,8,24,0.0,13.556074846602842,-0.00044367339949167277,0.3460033027915683,-0.0004404020538043267,0.4132353534117529
pole_production,233,8,25,0.0,13.556074846602842,-0.0004436733994916666,0.3460033027915683,-0.00044040205380429343,0.4132353534117529
pole_production,234,9,0,0.5,10.408298603814004,-0.5164025859209715,0.7011483600655288,-0.7974412289295688,1.2988348908317204
pole_production,235,9,1,0.5,10.408298603814004,-0.5164025859209715,0.7011483600655289,-0.797441228929569,1.2988348908317204
pole_production,236,9,2,0.5,10.408298603814005,-0.5164025859209717,0.7011483600655287,-0.7974412289295688,1.2988348908317202
pole_production,237,9,3,0.5,10.408298603814004,-0.5164025859209715,0.7011483600655288,-0.797441228929569,1.2988348908317204
pole_production,238,9,4,0.5,10.408298603814004,-0.5164025859209717,0.7011483600655287,-0.7974412289295688,1.2988348908317204
pole_production,239,9,5,0.5,10.408298603814004,-0.5164025859209717,0.7011483600655287,-0.7974412289295688,1.2988348908317204
pole_production,240,9,6,0.5,10.568430169144147,-0.5085781170599348,0.6905246465142582,-0.7853584998012342,1.2791551152999074
pole_production,241,9,7,0.5,10.568430169144145,-0.508578117059935,0.6905246465142584,-0.7853584998012343,1.2791551152999077
pole_production,242,9,8,0.5,10.568430169144145,-0.5085781170599349,0.6905246465142584,-0.7853584998012343,1.2791551152999077
pole_production,243,9,9,0.5,10.568430169144147,-0.5085781170599349,0.6905246465142582,-0.7853584998012342,1.2791551152999074
pole_production,244,9,10,0.5,10.568430169144145,-0.5085781170599348,0.6905246465142584,-0.7853584998012342,1.2791551152999079
pole_production,245,9,11,0.5,10.568430169144143,-0.5085781170599352,0.6905246465142585,-0.7853584998012345,1.279155115299908
pole_production,246,9,12,0.5,10.568430169144145,-0.5085781170599349,0.6905246465142584,-0.7853584998012343,1.2791551152999079
pole_production,247,9,13,0.5,10.568430169144143,-0.5085781170599352,0.6905246465142585,-0.7853584998012345,1.2791551152999079
pole_production,248,9,14,0.5,10.568430169144145,-0.5085781170599348,0.6905246465142584,-0.7853584998012343,1.2791551152999077
pole_production,249,9,15,0.5,10.568430169144143,-0.5085781170599349,0.6905246465142585,-0.7853584998012345,1.279155115299908
pole_production,250,9,16,0.5,10.568430169144143,-0.508578117059935,0.6905246465142585,-0.7853584998012345,1.279155115299908
pole_production,251,9,17,0.5,10.568430169144143,-0.5085781170599349,0.6905246465142585,-0.7853584998012345,1.279155115299908
pole_production,252,9,18,0.5,10.668512397457432,-0.503807102291882,0.6840467762076898,-0.7779909862660543,1.2671552583852916
pole_production,253,9,19,0.5,10.668512397457432,-0.503807102291882,0.6840467762076898,-0.7779909862660542,1.2671552583852916
pole_production,254,9,20,0.5,10.668512397457432,-0.5038071022918817,0.6840467762076898,-0.7779909862660542,1.2671552583852916
pole_production,255,9,21,0.5,10.668512397457432,-0.5038071022918819,0.6840467762076897,-0.7779909862660542,1.2671552583852916
pole_production,256,9,22,0.5,10.66851239745743,-0.5038071022918819,0.6840467762076899,-0.7779909862660546,1.2671552583852919
pole_production,257,9,23,0.5,10.668512397457432,-0.5038071022918819,0.6840467762076898,-0.7779909862660542,1.2671552583852916
pole_production,258,9,24,0.5,10.668512397457432,-0.5038071022918817,0.6840467762076898,-0.7779909862660543,1.2671552583852916
pole_production,259,9,25,0.5,10.668512397457432,-0.503807102291882,0.6840467762076897,-0.7779909862660542,1.2671552583852919
pole_production,260,10,0,1.0,5.072912340346345,-1.0325149498948538,1.7402379017420757,-3.158036705256645,6.409801812639084
pole_production,261,10,1,1.0,5.0729123403463445,-1.0325149498948538,1.7402379017420764,-3.158036705256646,6.4098018126390865
pole_production,262,10,2,1.0,5.072912340346346,-1.0325149498948534,1.7402379017420753,-3.1580367052566434,6.409801812639084
pole_production,263,10,3,1.0,5.072912340346345,-1.0325149498948536,1.7402379017420757,-3.158036705256644,6.409801812639086
pole_production,264,10,4,1.0,5.072912340346345,-1.0325149498948536,1.7402379017420753,-3.158036705256644,6.409801812639084
pole_production,265,10,5,1.0,5.072912340346345,-1.0325149498948534,1.7402379017420753,-3.158036705256644,6.409801812639086
pole_production,266,10,6,1.0,5.150960963853825,-1.0168700295968052,1.7138693875023934,-3.110185356058486,6.312678878821177
pole_production,267,10,7,1.0,5.150960963853826,-1.0168700295968052,1.7138693875023934,-3.110185356058485,6.3126788788211785
pole_production,268,10,8,1.0,5.150960963853825,-1.0168700295968052,1.7138693875023934,-3.110185356058486,6.312678878821178
pole_production,269,10,9,1.0,5.150960963853826,-1.016870029596805,1.7138693875023934,-3.110185356058485,6.312678878821177
pole_production,270,10,10,1.0,5.150960963853825,-1.0168700295968052,1.7138693875023931,-3.110185356058486,6.312678878821177
pole_production,271,10,11,1.0,5.150960963853826,-1.0168700295968052,1.7138693875023927,-3.110185356058485,6.312678878821177
pole_production,272,10,12,1.0,5.150960963853825,-1.0168700295968052,1.7138693875023931,-3.110185356058486,6.312678878821179
pole_production,273,10,13,1.0,5.150960963853826,-1.016870029596805,1.7138693875023927,-3.110185356058485,6.312678878821177
pole_production,274,10,14,1.0,5.150960963853825,-1.0168700295968052,1.7138693875023931,-3.110185356058485,6.312678878821177
pole_production,275,10,15,1.0,5.150960963853826,-1.0168700295968052,1.7138693875023927,-3.1101853560584845,6.312678878821177
pole_production,276,10,16,1.0,5.150960963853825,-1.0168700295968052,1.7138693875023931,-3.110185356058485,6.312678878821178
pole_production,277,10,17,1.0,5.150960963853826,-1.016870029596805,1.7138693875023927,-3.110185356058485,6.312678878821176
pole_production,278,10,18,1.0,5.199741353145552,-1.0073304553326876,1.6977910427101937,-3.081007732469943,6.253457602929665
pole_production,279,10,19,1.0,5.199741353145552,-1.0073304553326876,1.6977910427101932,-3.081007732469943,6.253457602929665
pole_production,280,10,20,1.0,5.199741353145552,-1.0073304553326876,1.6977910427101932,-3.0810077324699434,6.253457602929665
pole_production,281,10,21,1.0,5.199741353145552,-1.0073304553326876,1.6977910427101932,-3.0810077324699434,6.253457602929667
pole_production,282,10,22,1.0,5.199741353145552,-1.0073304553326876,1.6977910427101932,-3.081007732469943,6.253457602929665
pole_production,283,10,23,1.0,5.199741353145552,-1.0073304553326876,1.6977910427101932,-3.0810077324699434,6.253457602929665
pole_production,284,10,24,1.0,5.199741353145552,-1.0073304553326876,1.697791042710193,-3.0810077324699434,6.253457602929665
pole_production,285,10,25,1.0,5.199741353145552,-1.0073304553326876,1.6977910427101932,-3.0810077324699434,6.253457602929667
pole_production,286,11,0,1.5,1.5313214461827664,-1.548106342470662,3.4723730744301133,-8.64960358866987,23.237463700721726
pole_production,287,11,1,1.5,1.5313214461827664,-1.548106342470662,3.472373074430114,-8.64960358866987,23.237463700721726
pole_production,288,11,2,1.5,1.5313214461827669,-1.5481063424706614,3.4723730744301124,-8.649603588669866,23.23746370072171
pole_production,289,11,3,1.5,1.5313214461827669,-1.5481063424706614,3.4723730744301124,-8.649603588669867,23.23746370072171
pole_production,290,11,4,1.5,1.5313214461827669,-1.5481063424706614,3.4723730744301124,-8.649603588669866,23.237463700721708
pole_production,291,11,5,1.5,1.5313214461827669,-1.5481063424706614,3.4723730744301124,-8.649603588669867,23.23746370072171
pole_production,292,11,6,1.5,1.5548820419999176,-1.5246484075272344,3.419757392038669,-8.518538966151697,22.88535393684643
pole_production,293,11,7,1.5,1.5548820419999172,-1.5246484075272349,3.4197573920386697,-8.518538966151699,22.885353936846435
pole_production,294,11,8,1.5,1.5548820419999176,-1.5246484075272342,3.419757392038669,-8.518538966151697,22.88535393684643
pole_production,295,11,9,1.5,1.5548820419999172,-1.5246484075272346,3.4197573920386692,-8.518538966151699,22.885353936846435
pole_production,296,11,10,1.5,1.5548820419999176,-1.5246484075272344,3.419757392038669,-8.518538966151695,22.885353936846432
pole_production,297,11,11,1.5,1.5548820419999172,-1.5246484075272349,3.41975739203867,-8.518538966151699,22.88535393684644
pole_production,298,11,12,1.5,1.5548820419999176,-1.5246484075272342,3.419757392038669,-8.518538966151695,22.885353936846432
pole_production,299,11,13,1.5,1.5548820419999172,-1.5246484075272349,3.4197573920386692,-8.518538966151699,22.88535393684644
pole_production,300,11,14,1.5,1.5548820419999176,-1.5246484075272344,3.419757392038669,-8.518538966151697,22.885353936846442
pole_production,301,11,15,1.5,1.5548820419999172,-1.5246484075272346,3.41975739203867,-8.5185389661517,22.885353936846446
pole_production,302,11,16,1.5,1.5548820419999176,-1.5246484075272342,3.419757392038669,-8.518538966151697,22.885353936846435
pole_production,303,11,17,1.5,1.5548820419999172,-1.5246484075272346,3.4197573920386692,-8.5185389661517,22.885353936846446
pole_production,304,11,18,1.5,1.5696074144725745,-1.510344815497238,3.3876747206653968,-8.438621671028326,22.670653329186266
pole_production,305,11,19,1.5,1.5696074144725745,-1.5103448154972383,3.3876747206653968,-8.438621671028326,22.670653329186266
pole_production,306,11,20,1.5,1.5696074144725745,-1.5103448154972383,3.3876747206653968,-8.438621671028326,22.670653329186266
pole_production,307,11,21,1.5,1.5696074144725745,-1.510344815497238,3.3876747206653968,-8.438621671028326,22.670653329186266
pole_production,308,11,22,1.5,1.5696074144725745,-1.510344815497238,3.3876747206653968,-8.438621671028326,22.670653329186266
pole_production,309,11,23,1.5,1.5696074144725745,-1.5103448154972383,3.3876747206653977,-8.438621671028326,22.670653329186266
pole_production,310,11,24,1.5,1.5696074144725745,-1.5103448154972383,3.3876747206653977,-8.438621671028326,22.67065332918627
pole_production,311,11,25,1.5,1.5696074144725745,-1.5103448154972383,3.3876747206653977,-8.438621671028326,22.670653329186266
pole_production,312,12,0,2.0,0.2870012582089353,-2.0569932196895766,5.879908859812016,-18.783780392401038,64.09337581644913
pole_production,313,12,1,2.0,0.2870012582089353,-2.0569932196895766,5.879908859812016,-18.78378039240103,64.09337581644911
pole_production,314,12,2,2.0,0.2870012582089353,-2.0569932196895766,5.879908859812016,-18.78378039240104,64.09337581644911
pole_production,315,12,3,2.0,0.2870012582089353,-2.0569932196895766,5.879908859812016,-18.783780392401038,64.0933758164491
pole_production,316,12,4,2.0,0.2870012582089353,-2.0569932196895766,5.879908859812017,-18.783780392401045,64.09337581644911
pole_production,317,12,5,2.0,0.28700125820893535,-2.056993219689576,5.879908859812016,-18.783780392401038,64.09337581644908
pole_production,318,12,6,2.0,0.29141728993750365,-2.0258222077871575,5.790806993103851,-18.499136846809577,63.122126760342276
pole_production,319,12,7,2.0,0.2914172899375037,-2.025822207787157,5.79080699310385,-18.499136846809574,63.12212676034226
pole_production,320,12,8,2.0,0.29141728993750365,-2.0258222077871575,5.790806993103851,-18.49913684680958,63.12212676034226
pole_production,321,12,9,2.0,0.2914172899375037,-2.025822207787157,5.790806993103849,-18.49913684680958,63.122126760342255
pole_production,322,12,10,2.0,0.29141728993750365,-2.0258222077871575,5.790806993103851,-18.499136846809577,63.12212676034229
pole_production,323,12,11,2.0,0.29141728993750365,-2.0258222077871575,5.790806993103851,-18.499136846809577,63.122126760342276
pole_production,324,12,12,2.0,0.29141728993750365,-2.025822207787158,5.790806993103851,-18.499136846809577,63.12212676034226
pole_production,325,12,13,2.0,0.29141728993750365,-2.025822207787158,5.790806993103851,-18.49913684680958,63.12212676034226
pole_production,326,12,14,2.0,0.2914172899375037,-2.025822207787157,5.790806993103849,-18.499136846809574,63.12212676034226
pole_production,327,12,15,2.0,0.2914172899375037,-2.025822207787157,5.790806993103849,-18.499136846809574,63.122126760342255
pole_production,328,12,16,2.0,0.29141728993750365,-2.0258222077871575,5.790806993103851,-18.499136846809577,63.12212676034226
pole_production,329,12,17,2.0,0.29141728993750377,-2.025822207787157,5.790806993103847,-18.49913684680957,63.12212676034224
pole_production,330,12,18,2.0,0.2941773091545495,-2.006815576058858,5.736476803929776,-18.32557461259295,62.529905211944936
pole_production,331,12,19,2.0,0.2941773091545495,-2.0068155760588575,5.736476803929776,-18.32557461259295,62.52990521194492
pole_production,332,12,20,2.0,0.2941773091545495,-2.0068155760588575,5.736476803929776,-18.32557461259295,62.52990521194492
pole_production,333,12,21,2.0,0.2941773091545495,-2.0068155760588575,5.736476803929776,-18.32557461259295,62.52990521194492
pole_production,334,12,22,2.0,0.2941773091545495,-2.0068155760588575,5.736476803929777,-18.32557461259295,62.52990521194492
pole_production,335,12,23,2.0,0.2941773091545495,-2.0068155760588575,5.736476803929777,-18.32557461259295,62.52990521194491
pole_production,336,12,24,2.0,0.2941773091545495,-2.0068155760588575,5.736476803929777,-18.32557461259295,62.52990521194491
pole_production,337,12,25,2.0,0.2941773091545495,-2.0068155760588575,5.736476803929777,-18.32557461259295,62.52990521194491
pole_production,338,13,0,2.5,0.034164506031296886,-2.506027166373351,8.749294155563023,-34.19406970765113,142.42931678475554
pole_production,339,13,1,2.5,0.034164506031296886,-2.506027166373351,8.749294155563025,-34.19406970765113,142.42931678475549
pole_production,340,13,2,2.5,0.03416450603129689,-2.50602716637335,8.749294155563023,-34.194069707651124,142.4293167847555
pole_production,341,13,3,2.5,0.03416450603129689,-2.50602716637335,8.749294155563025,-34.194069707651124,142.42931678475549
pole_production,342,13,4,2.5,0.034164506031296886,-2.5060271663733507,8.749294155563026,-34.19406970765113,142.4293167847555
pole_production,343,13,5,2.5,0.03416450603129688,-2.506027166373351,8.74929415556303,-34.19406970765114,142.42931678475554
pole_production,344,13,6,2.5,0.034690522484869354,-2.46802996402809,8.616625587232798,-33.6755921878688,140.26968498257403
pole_production,345,13,7,2.5,0.03469052248486936,-2.4680299640280885,8.616625587232797,-33.6755921878688,140.269684982574
pole_production,346,13,8,2.5,0.03469052248486936,-2.4680299640280894,8.616625587232797,-33.6755921878688,140.269684982574
pole_production,347,13,9,2.5,0.03469052248486936,-2.468029964028089,8.616625587232798,-33.675592187868794,140.269684982574
pole_production,348,13,10,2.5,0.034690522484869354,-2.46802996402809,8.616625587232797,-33.67559218786881,140.26968498257403
pole_production,349,13,11,2.5,0.034690522484869354,-2.468029964028089,8.616625587232797,-33.67559218786881,140.26968498257403
pole_production,350,13,12,2.5,0.03469052248486936,-2.4680299640280885,8.616625587232795,-33.6755921878688,140.269684982574
pole_production,351,13,13,2.5,0.03469052248486936,-2.46802996402809,8.616625587232797,-33.6755921878688,140.269684982574
pole_production,352,13,14,2.5,0.034690522484869354,-2.46802996402809,8.616625587232793,-33.6755921878688,140.26968498257403
pole_production,353,13,15,2.5,0.034690522484869354,-2.46802996402809,8.616625587232793,-33.6755921878688,140.26968498257406
pole_production,354,13,16,2.5,0.034690522484869354,-2.46802996402809,8.616625587232795,-33.6755921878688,140.26968498257403
pole_production,355,13,17,2.5,0.034690522484869354,-2.46802996402809,8.616625587232797,-33.6755921878688,140.26968498257406
pole_production,356,13,18,2.5,0.035019285268475926,-2.4448610435491847,8.535731000324395,-33.3594490506013,138.9528403202503
pole_production,357,13,19,2.5,0.035019285268475926,-2.4448610435491847,8.535731000324397,-33.3594490506013,138.9528403202503
pole_production,358,13,20,2.5,0.035019285268475926,-2.444861043549185,8.535731000324397,-33.3594490506013,138.9528403202503
pole_production,359,13,21,2.5,0.035019285268475926,-2.4448610435491847,8.535731000324397,-33.3594490506013,138.9528403202503
pole_production,360,13,22,2.5,0.03501928526847593,-2.4448610435491847,8.535731000324395,-33.35944905060129,138.95284032025026
pole_production,361,13,23,2.5,0.03501928526847593,-2.4448610435491847,8.535731000324395,-33.35944905060129,138.95284032025026
pole_production,362,13,24,2.5,0.03501928526847593,-2.4448610435491847,8.535731000324397,-33.35944905060129,138.95284032025026
pole_production,363,13,25,2.5,0.03501928526847593,-2.4448610435491847,8.535731000324397,-33.359449050601285,138.95284032025026
pole_production,364,14,0,3.0,0.003190360384886056,-2.420158804453677,9.784945068465818,-44.62390213606159,219.02045195462267
pole_production,365,14,1,3.0,0.003190360384886056,-2.4201588044536777,9.784945068465818,-44.62390213606161,219.02045195462256
pole_production,366,14,2,3.0,0.0031903603848860555,-2.4201588044536764,9.784945068465822,-44.62390213606159,219.02045195462264
pole_production,367,14,3,3.0,0.003190360384886056,-2.420158804453677,9.78494506846582,-44.62390213606159,219.0204519546226
pole_production,368,14,4,3.0,0.003190360384886056,-2.420158804453676,9.78494506846582,-44.62390213606158,219.02045195462262
pole_production,369,14,5,3.0,0.003190360384886056,-2.420158804453676,9.78494506846582,-44.62390213606159,219.02045195462262
pole_production,370,14,6,3.0,0.0032401303416388846,-2.383008800119237,9.634614131125462,-43.93864857928033,215.65688693166692
pole_production,371,14,7,3.0,0.0032401303416388846,-2.383008800119237,9.634614131125462,-43.93864857928033,215.65688693166692
pole_production,372,14,8,3.0,0.0032401303416388846,-2.383008800119236,9.634614131125462,-43.93864857928033,215.65688693166692
pole_production,373,14,9,3.0,0.0032401303416388846,-2.383008800119236,9.634614131125462,-43.93864857928033,215.65688693166692
pole_production,374,14,10,3.0,0.0032401303416388846,-2.383008800119237,9.634614131125462,-43.93864857928032,215.65688693166692
pole_production,375,14,11,3.0,0.0032401303416388846,-2.3830088001192373,9.634614131125462,-43.93864857928032,215.65688693166692
pole_production,376,14,12,3.0,0.0032401303416388846,-2.3830088001192364,9.634614131125462,-43.93864857928032,215.65688693166692
pole_production,377,14,13,3.0,0.0032401303416388846,-2.383008800119237,9.634614131125462,-43.93864857928032,215.65688693166692
pole_production,378,14,14,3.0,0.0032401303416388855,-2.3830088001192364,9.63461413112546,-43.9386485792803,215.65688693166686
pole_production,379,14,15,3.0,0.003240130341638885,-2.3830088001192378,9.634614131125462,-43.93864857928032,215.6568869316669
pole_production,380,14,16,3.0,0.0032401303416388855,-2.383008800119236,9.63461413112546,-43.93864857928031,215.65688693166686
pole_production,381,14,17,3.0,0.0032401303416388855,-2.3830088001192364,9.63461413112546,-43.9386485792803,215.65688693166686
pole_production,382,14,18,3.0,0.003271235277877878,-2.3603647606646323,9.542983970969281,-43.52096070416821,213.6066667215339
pole_production,383,14,19,3.0,0.003271235277877878,-2.3603647606646327,9.542983970969281,-43.52096070416822,213.6066667215339
pole_production,384,14,20,3.0,0.003271235277877877,-2.3603647606646336,9.542983970969285,-43.52096070416823,213.606666721534
pole_production,385,14,21,3.0,0.0032712352778778778,-2.360364760664633,9.542983970969283,-43.520960704168225,213.6066667215339
pole_production,386,14,22,3.0,0.0032712352778778778,-2.3603647606646327,9.542983970969283,-43.52096070416822,213.60666672153394
pole_production,387,14,23,3.0,0.0032712352778778778,-2.360364760664633,9.542983970969283,-43.520960704168225,213.6066667215339
pole_production,388,14,24,3.0,0.003271235277877878,-2.3603647606646327,9.542983970969281,-43.52096070416821,213.6066667215339
pole_production,389,14,25,3.0,0.003271235277877878,-2.3603647606646327,9.542983970969281,-43.52096070416821,213.60666672153388
pole_production,390,15,0,3.5,0.000645532571751701,-1.0936312097729088,3.80903639323731,-17.15222698832259,91.53397001879435
pole_production,391,15,1,3.5,0.0006455325717517009,-1.093631209772909,3.809036393237311,-17.15222698832259,91.53397001879436
pole_production,392,15,2,3.5,0.0006455325717517008,-1.093631209772909,3.8090363932373115,-17.152226988322592,91.53397001879436
pole_production,393,15,3,3.5,0.0006455325717517008,-1.0936312097729093,3.8090363932373115,-17.152226988322592,91.53397001879436
pole_production,394,15,4,3.5,0.0006455325717517005,-1.0936312097729095,3.809036393237313,-17.152226988322596,91.53397001879439
pole_production,395,15,5,3.5,0.0006455325717517005,-1.0936312097729097,3.8090363932373115,-17.152226988322596,91.53397001879439
pole_production,396,15,6,3.5,0.0006570456475504955,-1.0740342244441587,3.7425767535625907,-16.851028973372667,89.92666202861751
pole_production,397,15,7,3.5,0.0006570456475504955,-1.0740342244441587,3.7425767535625907,-16.851028973372667,89.92666202861751
pole_production,398,15,8,3.5,0.0006570456475504955,-1.0740342244441587,3.7425767535625907,-16.851028973372667,89.92666202861751
pole_production,399,15,9,3.5,0.0006570456475504956,-1.0740342244441583,3.74257675356259,-16.851028973372667,89.9266620286175
pole_production,400,15,10,3.5,0.0006570456475504956,-1.0740342244441585,3.7425767535625907,-16.851028973372664,89.9266620286175
pole_production,401,15,11,3.5,0.0006570456475504955,-1.0740342244441587,3.742576753562591,-16.851028973372667,89.92666202861751
pole_production,402,15,12,3.5,0.0006570456475504955,-1.0740342244441587,3.742576753562591,-16.851028973372667,89.92666202861751
pole_production,403,15,13,3.5,0.0006570456475504955,-1.0740342244441587,3.742576753562591,-16.851028973372667,89.92666202861751
pole_production,404,15,14,3.5,0.0006570456475504956,-1.0740342244441585,3.7425767535625907,-16.851028973372664,89.92666202861749
pole_production,405,15,15,3.5,0.0006570456475504957,-1.074034224444158,3.74257675356259,-16.851028973372664,89.92666202861747
pole_production,406,15,16,3.5,0.0006570456475504956,-1.0740342244441583,3.7425767535625907,-16.851028973372664,89.92666202861749
pole_production,407,15,17,3.5,0.0006570456475504957,-1.0740342244441579,3.74257675356259,-16.851028973372664,89.92666202861747
pole_production,408,15,18,3.5,0.0006642355088122299,-1.062152594977762,3.7022376642732406,-16.668296405633043,88.95162177272056
pole_production,409,15,19,3.5,0.0006642355088122299,-1.062152594977762,3.7022376642732406,-16.668296405633043,88.95162177272056
pole_production,410,15,20,3.5,0.0006642355088122299,-1.0621525949777617,3.7022376642732406,-16.668296405633047,88.95162177272056
pole_production,411,15,21,3.5,0.0006642355088122299,-1.062152594977762,3.7022376642732406,-16.668296405633043,88.95162177272056
pole_production,412,15,22,3.5,0.0006642355088122299,-1.062152594977762,3.7022376642732406,-16.668296405633047,88.95162177272056
pole_production,413,15,23,3.5,0.0006642355088122299,-1.062152594977762,3.7022376642732406,-16.668296405633047,88.95162177272056
pole_production,414,15,24,3.5,0.0006642355088122299,-1.062152594977762,3.7022376642732406,-16.668296405633047,88.95162177272056
pole_production,415,15,25,3.5,0.0006642355088122299,-1.0621525949777622,3.7022376642732397,-16.668296405633043,88.95162177272056
pole_production,416,16,0,4.0,0.0003288466548607481,-0.8181636190486695,1.5014954863912364,-4.005238251989273,15.128272320170822
pole_production,417,16,1,4.0,0.00032884665486074814,-0.8181636190486694,1.5014954863912358,-4.005238251989272,15.128272320170822
pole_production,418,16,2,4.0,0.00032884665486074814,-0.8181636190486695,1.5014954863912362,-4.005238251989273,15.12827232017082
pole_production,419,16,3,4.0,0.00032884665486074814,-0.8181636190486695,1.5014954863912362,-4.005238251989273,15.128272320170822
pole_production,420,16,4,4.0,0.00032884665486074814,-0.8181636190486697,1.5014954863912364,-4.005238251989274,15.12827232017082
pole_production,421,16,5,4.0,0.00032884665486074814,-0.8181636190486697,1.5014954863912364,-4.005238251989274,15.12827232017082
pole_production,422,16,6,4.0,0.00033482892448212894,-0.8040443119896029,1.4746789207599031,-3.932208143720769,14.847696574355778
pole_production,423,16,7,4.0,0.00033482892448212894,-0.804044311989603,1.4746789207599031,-3.932208143720769,14.847696574355776
pole_production,424,16,8,4.0,0.0003348289244821289,-0.8040443119896031,1.4746789207599034,-3.9322081437207697,14.847696574355778
pole_production,425,16,9,4.0,0.00033482892448212894,-0.804044311989603,1.4746789207599031,-3.932208143720769,14.847696574355776
pole_production,426,16,10,4.0,0.00033482892448212894,-0.8040443119896029,1.4746789207599036,-3.932208143720769,14.847696574355778
pole_production,427,16,11,4.0,0.00033482892448212894,-0.8040443119896029,1.4746789207599031,-3.932208143720769,14.847696574355778
pole_production,428,16,12,4.0,0.0003348289244821289,-0.804044311989603,1.4746789207599038,-3.9322081437207697,14.847696574355778
pole_production,429,16,13,4.0,0.0003348289244821289,-0.804044311989603,1.4746789207599034,-3.9322081437207697,14.847696574355778
pole_production,430,16,14,4.0,0.00033482892448212894,-0.8040443119896029,1.4746789207599036,-3.932208143720769,14.847696574355778
pole_production,431,16,15,4.0,0.00033482892448212894,-0.8040443119896029,1.4746789207599031,-3.932208143720769,14.847696574355778
pole_production,432,16,16,4.0,0.0003348289244821289,-0.804044311989603,1.4746789207599038,-3.932208143720769,14.847696574355778
pole_production,433,16,17,4.0,0.0003348289244821289,-0.8040443119896029,1.4746789207599034,-3.932208143720769,14.847696574355778
pole_production,434,16,18,4.0,0.0003385803286525399,-0.795429315856888,1.458345592149631,-3.8877242946766732,14.676739068076808
pole_production,435,16,19,4.0,0.00033858032865253986,-0.7954293158568884,1.4583455921496313,-3.8877242946766737,14.67673906807681
pole_production,436,16,20,4.0,0.00033858032865253986,-0.7954293158568884,1.4583455921496309,-3.8877242946766746,14.67673906807681
pole_production,437,16,21,4.0,0.0003385803286525399,-0.7954293158568883,1.458345592149631,-3.8877242946766737,14.676739068076808
pole_production,438,16,22,4.0,0.0003385803286525399,-0.7954293158568883,1.4583455921496307,-3.8877242946766732,14.676739068076808
pole_production,439,16,23,4.0,0.00033858032865253986,-0.7954293158568884,1.4583455921496309,-3.8877242946766746,14.67673906807681
pole_production,440,16,24,4.0,0.00033858032865253986,-0.7954293158568884,1.4583455921496313,-3.8877242946766746,14.67673906807681
pole_production,441,16,25,4.0,0.00033858032865253986,-0.7954293158568884,1.4583455921496309,-3.8877242946766746,14.676739068076808
full_production,0,0,0,-4.0,0.00032872663812108673,0.817336829566535,1.498779482289022,3.9941113829674633,15.072472543557
full_production,1,0,1,-4.0,0.00032872663812108673,0.817336829566535,1.498779482289022,3.9941113829674637,15.072472543557
full_production,2,0,2,-4.0,0.00032872663812108673,0.8173368295665349,1.498779482289022,3.9941113829674637,15.072472543557
full_production,3,0,3,-4.0,0.00032872663812108673,0.8173368295665346,1.498779482289022,3.9941113829674646,15.072472543557
full_production,4,0,4,-4.0,0.00032872663812108673,0.8173368295665349,1.498779482289022,3.994111382967465,15.072472543557
full_production,5,0,5,-4.0,0.00032872663812108673,0.8173368295665349,1.498779482289022,3.994111382967465,15.072472543557
full_production,6,0,6,-4.0,0.0003347090047292312,0.8032267885620619,1.472002542885483,3.9212605189701777,14.792852655751915
full_production,7,0,7,-4.0,0.0003347090047292312,0.8032267885620621,1.472002542885483,3.9212605189701777,14.792852655751915
full_production,8,0,8,-4.0,0.0003347090047292312,0.8032267885620621,1.472002542885483,3.9212605189701777,14.792852655751915
full_production,9,0,9,-4.0,0.0003347090047292312,0.8032267885620621,1.4720025428854828,3.9212605189701777,14.792852655751917
full_production,10,0,10,-4.0,0.0003347090047292312,0.8032267885620619,1.4720025428854835,3.9212605189701795,14.792852655751915
full_production,11,0,11,-4.0,0.0003347090047292312,0.8032267885620619,1.4720025428854835,3.921260518970179,14.792852655751915
full_production,12,0,12,-4.0,0.0003347090047292312,0.8032267885620619,1.4720025428854835,3.9212605189701795,14.792852655751917
full_production,13,0,13,-4.0,0.00033470900472923126,0.8032267885620618,1.4720025428854828,3.921260518970178,14.792852655751915
full_production,14,0,14,-4.0,0.00033470900472923115,0.8032267885620621,1.472002542885484,3.92126051897018,14.792852655751917
full_production,15,0,15,-4.0,0.00033470900472923115,0.8032267885620621,1.4720025428854837,3.9212605189701795,14.79285265575192
full_production,16,0,16,-4.0,0.0003347090047292312,0.8032267885620619,1.4720025428854837,3.9212605189701795,14.792852655751917
full_production,17,0,17,-4.0,0.0003347090047292312,0.8032267885620619,1.4720025428854835,3.921260518970179,14.79285265575192
full_production,18,0,18,-4.0,0.0003384604732871482,0.7946175218572387,1.4556935193688865,3.876886383956062,14.622479855520435
full_production,19,0,19,-4.0,0.00033846047328714814,0.7946175218572389,1.4556935193688867,3.876886383956063,14.622479855520435
full_production,20,0,20,-4.0,0.0003384604732871482,0.7946175218572387,1.4556935193688865,3.876886383956062,14.622479855520433
full_production,21,0,21,-4.0,0.00033846047328714814,0.7946175218572389,1.4556935193688865,3.876886383956063,14.622479855520435
full_production,22,0,22,-4.0,0.0003384604732871482,0.7946175218572387,1.4556935193688865,3.876886383956062,14.622479855520433
full_production,23,0,23,-4.0,0.00033846047328714814,0.7946175218572389,1.4556935193688865,3.876886383956063,14.622479855520435
full_production,24,0,24,-4.0,0.0003384604732871482,0.7946175218572387,1.4556935193688862,3.876886383956062,14.622479855520433
full_production,25,0,25,-4.0,0.0003384604732871482,0.7946175218572387,1.4556935193688862,3.8768863839560623,14.622479855520433
full_production,26,1,0,-3.5,0.0006451028632533722,1.0915583550761456,3.799739389145272,17.10224673224422,91.24633395177163
full_production,27,1,1,-3.5,0.0006451028632533722,1.0915583550761458,3.799739389145272,17.10224673224422,91.24633395177166
full_production,28,1,2,-3.5,0.0006451028632533722,1.0915583550761456,3.799739389145272,17.10224673224422,91.24633395177163
full_production,29,1,3,-3.5,0.0006451028632533722,1.0915583550761458,3.799739389145272,17.10224673224422,91.24633395177165
full_production,30,1,4,-3.5,0.0006451028632533722,1.0915583550761456,3.799739389145272,17.102246732244215,91.24633395177163
full_production,31,1,5,-3.5,0.0006451028632533722,1.0915583550761458,3.799739389145272,17.102246732244215,91.24633395177165
full_production,32,1,6,-3.5,0.000656610514397941,1.0719936332355973,3.7334305211349075,16.801870314220515,89.64378471095051
full_production,33,1,7,-3.5,0.000656610514397941,1.0719936332355973,3.7334305211349075,16.801870314220515,89.64378471095051
full_production,34,1,8,-3.5,0.000656610514397941,1.0719936332355973,3.7334305211349066,16.801870314220515,89.64378471095051
full_production,35,1,9,-3.5,0.000656610514397941,1.0719936332355973,3.7334305211349066,16.801870314220515,89.64378471095051
full_production,36,1,10,-3.5,0.000656610514397941,1.071993633235597,3.7334305211349075,16.801870314220515,89.64378471095051
full_production,37,1,11,-3.5,0.000656610514397941,1.071993633235597,3.7334305211349075,16.801870314220515,89.64378471095051
full_production,38,1,12,-3.5,0.000656610514397941,1.071993633235597,3.7334305211349066,16.801870314220515,89.64378471095051
full_production,39,1,13,-3.5,0.000656610514397941,1.071993633235597,3.7334305211349066,16.801870314220515,89.64378471095051
full_production,40,1,14,-3.5,0.0006566105143979408,1.0719936332355975,3.7334305211349093,16.80187031422052,89.64378471095054
full_production,41,1,15,-3.5,0.0006566105143979408,1.0719936332355975,3.7334305211349093,16.80187031422052,89.64378471095054
full_production,42,1,16,-3.5,0.0006566105143979408,1.0719936332355975,3.733430521134909,16.80187031422052,89.64378471095054
full_production,43,1,17,-3.5,0.0006566105143979408,1.0719936332355975,3.733430521134909,16.80187031422052,89.64378471095054
full_production,44,1,18,-3.5,0.0006637969735687644,1.0601316879415823,3.6931831853400903,16.61963745329843,88.67163752658938
full_production,45,1,19,-3.5,0.0006637969735687644,1.0601316879415825,3.6931831853400903,16.619637453298427,88.67163752658936
full_production,46,1,20,-3.5,0.0006637969735687644,1.060131687941582,3.6931831853400903,16.61963745329843,88.67163752658936
full_production,47,1,21,-3.5,0.0006637969735687643,1.0601316879415827,3.693183185340091,16.61963745329843,88.67163752658938
full_production,48,1,22,-3.5,0.0006637969735687644,1.0601316879415825,3.6931831853400903,16.619637453298427,88.67163752658936
full_production,49,1,23,-3.5,0.0006637969735687645,1.060131687941582,3.69318318534009,16.61963745329842,88.67163752658934
full_production,50,1,24,-3.5,0.0006637969735687644,1.0601316879415823,3.6931831853400903,16.619637453298427,88.67163752658936
full_production,51,1,25,-3.5,0.0006637969735687644,1.0601316879415825,3.6931831853400903,16.619637453298427,88.67163752658936
full_production,52,2,0,-3.0,0.0031852599932940834,2.418473269389819,9.776532553637862,44.57668427804553,218.7513924626782
full_production,53,2,1,-3.0,0.0031852599932940834,2.4184732693898194,9.776532553637862,44.57668427804553,218.75139246267818
full_production,54,2,2,-3.0,0.003185259993294084,2.418473269389819,9.77653255363786,44.57668427804552,218.75139246267815
full_production,55,2,3,-3.0,0.003185259993294084,2.4184732693898194,9.77653255363786,44.576684278045526,218.75139246267815
full_production,56,2,4,-3.0,0.0031852599932940834,2.41847326938982,9.776532553637862,44.576684278045526,218.75139246267815
full_production,57,2,5,-3.0,0.003185259993294083,2.41847326938982,9.776532553637864,44.57668427804553,218.75139246267818
full_production,58,2,6,-3.0,0.003234941528225679,2.381355760830607,9.626356898648591,43.89227566750117,215.3925450428404
full_production,59,2,7,-3.0,0.003234941528225679,2.381355760830607,9.626356898648591,43.89227566750116,215.3925450428404
full_production,60,2,8,-3.0,0.003234941528225679,2.381355760830607,9.626356898648591,43.89227566750116,215.3925450428404
full_production,61,2,9,-3.0,0.003234941528225679,2.381355760830607,9.626356898648591,43.89227566750116,215.3925450428404
full_production,62,2,10,-3.0,0.003234941528225678,2.3813557608306084,9.626356898648595,43.89227566750118,215.3925450428405
full_production,63,2,11,-3.0,0.0032349415282256783,2.3813557608306075,9.626356898648593,43.892275667501174,215.39254504284045
full_production,64,2,12,-3.0,0.0032349415282256783,2.3813557608306075,9.626356898648593,43.89227566750117,215.39254504284045
full_production,65,2,13,-3.0,0.0032349415282256783,2.3813557608306075,9.626356898648593,43.89227566750117,215.39254504284045
full_production,66,2,14,-3.0,0.003234941528225677,2.3813557608306084,9.626356898648597,43.89227566750119,215.3925450428405
full_production,67,2,15,-3.0,0.003234941528225677,2.3813557608306084,9.626356898648597,43.89227566750119,215.3925450428405
full_production,68,2,16,-3.0,0.003234941528225677,2.3813557608306084,9.626356898648597,43.892275667501174,215.3925450428405
full_production,69,2,17,-3.0,0.003234941528225677,2.3813557608306084,9.626356898648597,43.892275667501174,215.3925450428405
full_production,70,2,18,-3.0,0.0032659912080771503,2.358731421012725,9.53482097383163,43.47510087610936,213.3451908774806
full_production,71,2,19,-3.0,0.0032659912080771503,2.358731421012725,9.53482097383163,43.47510087610936,213.34519087748063
full_production,72,2,20,-3.0,0.0032659912080771503,2.358731421012725,9.53482097383163,43.475100876109366,213.34519087748063
full_production,73,2,21,-3.0,0.0032659912080771503,2.358731421012725,9.53482097383163,43.47510087610936,213.34519087748063
full_production,74,2,22,-3.0,0.0032659912080771503,2.358731421012725,9.53482097383163,43.475100876109366,213.3451908774806
full_production,75,2,23,-3.0,0.0032659912080771503,2.358731421012725,9.53482097383163,43.475100876109366,213.34519087748063
full_production,76,2,24,-3.0,0.0032659912080771503,2.358731421012725,9.53482097383163,43.475100876109366,213.3451908774806
full_production,77,2,25,-3.0,0.0032659912080771503,2.358731421012725,9.53482097383163,43.475100876109366,213.3451908774806
full_production,78,3,0,-2.5,0.034123965659897525,2.505274454338257,8.74466408699306,34.16774074479787,142.2863639723591
full_production,79,3,1,-2.5,0.034123965659897525,2.505274454338257,8.744664086993062,34.16774074479787,142.28636397235908
full_production,80,3,2,-2.5,0.03412396565989752,2.5052744543382572,8.744664086993064,34.167740744797875,142.28636397235914
full_production,81,3,3,-2.5,0.03412396565989752,2.5052744543382572,8.744664086993065,34.167740744797875,142.28636397235914
full_production,82,3,4,-2.5,0.03412396565989751,2.5052744543382586,8.744664086993067,34.167740744797875,142.28636397235917
full_production,83,3,5,-2.5,0.03412396565989751,2.5052744543382586,8.744664086993067,34.16774074479788,142.28636397235917
full_production,84,3,6,-2.5,0.03464923561050379,2.467297366437237,8.612096073069688,33.64978100681973,140.1293933526594
full_production,85,3,7,-2.5,0.03464923561050379,2.467297366437237,8.612096073069686,33.64978100681973,140.1293933526594
full_production,86,3,8,-2.5,0.03464923561050379,2.467297366437237,8.612096073069686,33.64978100681973,140.1293933526594
full_production,87,3,9,-2.5,0.034649235610503794,2.4672973664372364,8.612096073069683,33.64978100681972,140.12939335265938
full_production,88,3,10,-2.5,0.034649235610503794,2.4672973664372364,8.612096073069683,33.64978100681974,140.12939335265938
full_production,89,3,11,-2.5,0.034649235610503794,2.4672973664372364,8.612096073069683,33.64978100681974,140.12939335265938
full_production,90,3,12,-2.5,0.0346492356105038,2.467297366437236,8.612096073069681,33.64978100681974,140.12939335265935
full_production,91,3,13,-2.5,0.0346492356105038,2.467297366437236,8.612096073069681,33.64978100681974,140.12939335265935
full_production,92,3,14,-2.5,0.034649235610503794,2.467297366437237,8.612096073069683,33.64978100681975,140.12939335265938
full_production,93,3,15,-2.5,0.034649235610503794,2.467297366437237,8.612096073069681,33.649781006819744,140.12939335265938
full_production,94,3,16,-2.5,0.0346492356105038,2.4672973664372364,8.61209607306968,33.649781006819744,140.12939335265935
full_production,95,3,17,-2.5,0.0346492356105038,2.4672973664372364,8.612096073069678,33.649781006819744,140.12939335265935
full_production,96,3,18,-2.5,0.0349775318326051,2.4441405786925348,8.531262339713646,33.33395179467306,138.81416390626666
full_production,97,3,19,-2.5,0.0349775318326051,2.4441405786925348,8.531262339713646,33.33395179467306,138.81416390626663
full_production,98,3,20,-2.5,0.0349775318326051,2.4441405786925348,8.531262339713646,33.33395179467306,138.81416390626663
full_production,99,3,21,-2.5,0.034977531832605095,2.444140578692535,8.531262339713647,33.33395179467307,138.81416390626663
full_production,100,3,22,-2.5,0.034977531832605095,2.444140578692535,8.531262339713647,33.33395179467307,138.81416390626666
full_production,101,3,23,-2.5,0.034977531832605095,2.444140578692535,8.531262339713647,33.33395179467307,138.81416390626663
full_production,102,3,24,-2.5,0.034977531832605095,2.444140578692535,8.531262339713647,33.33395179467307,138.81416390626663
full_production,103,3,25,-2.5,0.034977531832605095,2.444140578692535,8.531262339713647,33.33395179467308,138.81416390626663
full_production,104,4,0,-2.0,0.28682572624675695,2.056242074331456,5.875873322273319,18.764760540843326,64.00823309831102
full_production,105,4,1,-2.0,0.28682572624675695,2.056242074331456,5.875873322273317,18.764760540843326,64.00823309831102
full_production,106,4,2,-2.0,0.286825726246757,2.056242074331456,5.875873322273318,18.764760540843323,64.00823309831101
full_production,107,4,3,-2.0,0.286825726246757,2.056242074331456,5.875873322273316,18.764760540843326,64.00823309831101
full_production,108,4,4,-2.0,0.28682572624675706,2.056242074331456,5.875873322273315,18.764760540843323,64.008233098311
full_production,109,4,5,-2.0,0.28682572624675706,2.056242074331456,5.875873322273315,18.764760540843323,64.008233098311
full_production,110,4,6,-2.0,0.2912382055453819,2.0250883630320975,5.786849520990604,18.480459225252638,63.03845853460141
full_production,111,4,7,-2.0,0.2912382055453819,2.0250883630320975,5.786849520990604,18.480459225252638,63.038458534601396
full_production,112,4,8,-2.0,0.2912382055453819,2.0250883630320975,5.786849520990605,18.480459225252638,63.038458534601396
full_production,113,4,9,-2.0,0.2912382055453819,2.0250883630320975,5.786849520990604,18.480459225252638,63.038458534601396
full_production,114,4,10,-2.0,0.2912382055453819,2.0250883630320984,5.786849520990604,18.480459225252634,63.03845853460142
full_production,115,4,11,-2.0,0.2912382055453819,2.0250883630320984,5.786849520990604,18.480459225252634,63.038458534601396
full_production,116,4,12,-2.0,0.291238205545382,2.025088363032097,5.786849520990603,18.480459225252627,63.038458534601375
full_production,117,4,13,-2.0,0.291238205545382,2.025088363032097,5.786849520990602,18.48045922525263,63.038458534601375
full_production,118,4,14,-2.0,0.2912382055453819,2.0250883630320984,5.786849520990605,18.480459225252634,63.03845853460142
full_production,119,4,15,-2.0,0.2912382055453819,2.0250883630320984,5.786849520990604,18.480459225252634,63.038458534601396
full_production,120,4,16,-2.0,0.291238205545382,2.0250883630320975,5.786849520990603,18.480459225252627,63.038458534601375
full_production,121,4,17,-2.0,0.291238205545382,2.0250883630320975,5.786849520990602,18.48045922525263,63.03845853460136
full_production,122,4,18,-2.0,0.29399600449007884,2.0060921910509397,5.73256667698079,18.307104851250077,62.447133279066605
full_production,123,4,19,-2.0,0.2939960044900789,2.0060921910509393,5.732566676980789,18.307104851250074,62.4471332790666
full_production,124,4,20,-2.0,0.2939960044900788,2.0060921910509397,5.732566676980791,18.30710485125008,62.44713327906662
full_production,125,4,21,-2.0,0.29399600449007884,2.0060921910509393,5.732566676980789,18.307104851250077,62.447133279066605
full_production,126,4,22,-2.0,0.29399600449007884,2.0060921910509393,5.73256667698079,18.307104851250077,62.44713327906662
full_production,127,4,23,-2.0,0.29399600449007884,2.0060921910509393,5.73256667698079,18.307104851250077,62.44713327906662
full_production,128,4,24,-2.0,0.29399600449007884,2.006092191050939,5.73256667698079,18.30710485125008,62.44713327906662
full_production,129,4,25,-2.0,0.29399600449007884,2.006092191050939,5.73256667698079,18.30710485125008,62.44713327906662
full_production,130,5,0,-1.5,1.5309449430095965,1.547288832779791,3.4690487164289907,8.63750943146513,23.195400491811398
full_production,131,5,1,-1.5,1.5309449430095965,1.5472888327797911,3.4690487164289907,8.63750943146513,23.195400491811398
full_production,132,5,2,-1.5,1.5309449430095965,1.547288832779791,3.4690487164289907,8.63750943146513,23.195400491811398
full_production,133,5,3,-1.5,1.5309449430095965,1.5472888327797911,3.4690487164289907,8.63750943146513,23.195400491811398
full_production,134,5,4,-1.5,1.5309449430095965,1.547288832779791,3.4690487164289907,8.637509431465128,23.19540049181139
full_production,135,5,5,-1.5,1.5309449430095965,1.5472888327797911,3.4690487164289907,8.637509431465128,23.195400491811398
full_production,136,5,6,-1.5,1.5544963250273862,1.5238466400165447,3.416490929471051,8.506646800774202,22.843978412853453
full_production,137,5,7,-1.5,1.5544963250273862,1.5238466400165445,3.4164909294710504,8.506646800774202,22.843978412853453
full_production,138,5,8,-1.5,1.554496325027386,1.523846640016545,3.416490929471051,8.506646800774204,22.843978412853456
full_production,139,5,9,-1.5,1.554496325027386,1.5238466400165447,3.416490929471051,8.506646800774204,22.843978412853456
full_production,140,5,10,-1.5,1.5544963250273864,1.5238466400165445,3.4164909294710504,8.5066468007742,22.84397841285345
full_production,141,5,11,-1.5,1.5544963250273862,1.5238466400165447,3.4164909294710504,8.506646800774204,22.843978412853453
full_production,142,5,12,-1.5,1.5544963250273862,1.5238466400165447,3.416490929471051,8.506646800774204,22.843978412853453
full_production,143,5,13,-1.5,1.554496325027386,1.523846640016545,3.416490929471051,8.506646800774204,22.843978412853456
full_production,144,5,14,-1.5,1.5544963250273864,1.5238466400165447,3.4164909294710504,8.506646800774199,22.84397841285345
full_production,145,5,15,-1.5,1.5544963250273862,1.523846640016545,3.416490929471051,8.5066468007742,22.843978412853453
full_production,146,5,16,-1.5,1.5544963250273864,1.5238466400165447,3.4164909294710504,8.506646800774199,22.84397841285345
full_production,147,5,17,-1.5,1.5544963250273862,1.523846640016545,3.416490929471051,8.5066468007742,22.843978412853453
full_production,148,5,18,-1.5,1.5692159388741662,1.5095525962185175,3.3844434465736213,8.426852388361054,22.62969636458698
full_production,149,5,19,-1.5,1.5692159388741662,1.5095525962185175,3.3844434465736213,8.426852388361054,22.62969636458698
full_production,150,5,20,-1.5,1.5692159388741662,1.5095525962185175,3.3844434465736213,8.42685238836105,22.629696364586977
full_production,151,5,21,-1.5,1.5692159388741662,1.5095525962185172,3.3844434465736213,8.426852388361052,22.629696364586977
full_production,152,5,22,-1.5,1.5692159388741662,1.5095525962185175,3.3844434465736213,8.426852388361052,22.62969636458698
full_production,153,5,23,-1.5,1.5692159388741662,1.5095525962185172,3.3844434465736213,8.426852388361052,22.62969636458698
full_production,154,5,24,-1.5,1.5692159388741664,1.509552596218517,3.384443446573621,8.42685238836105,22.629696364586973
full_production,155,5,25,-1.5,1.5692159388741662,1.5095525962185172,3.3844434465736213,8.426852388361052,22.629696364586977
full_production,156,6,0,-1.0,5.072597815998945,1.0316461673943185,1.7378801178749348,3.151849298848476,6.394159254536993
full_production,157,6,1,-1.0,5.072597815998945,1.031646167394318,1.7378801178749346,3.151849298848476,6.394159254536993
full_production,158,6,2,-1.0,5.072597815998945,1.0316461673943185,1.7378801178749346,3.1518492988484756,6.394159254536993
full_production,159,6,3,-1.0,5.072597815998945,1.0316461673943185,1.7378801178749346,3.1518492988484756,6.394159254536993
full_production,160,6,4,-1.0,5.072597815998945,1.0316461673943187,1.7378801178749346,3.1518492988484756,6.394159254536996
full_production,161,6,5,-1.0,5.072597815998945,1.031646167394319,1.7378801178749346,3.1518492988484756,6.394159254536996
full_production,162,6,6,-1.0,5.150634044872786,1.016015902861822,1.7115498419630881,3.1040962588113152,6.297282581460191
full_production,163,6,7,-1.0,5.1506340448727865,1.016015902861822,1.711549841963088,3.1040962588113143,6.29728258146019
full_production,164,6,8,-1.0,5.1506340448727865,1.0160159028618219,1.7115498419630875,3.1040962588113143,6.29728258146019
full_production,165,6,9,-1.0,5.1506340448727865,1.0160159028618219,1.7115498419630875,3.104096258811315,6.29728258146019
full_production,166,6,10,-1.0,5.1506340448727865,1.0160159028618219,1.711549841963088,3.104096258811315,6.297282581460191
full_production,167,6,11,-1.0,5.150634044872786,1.016015902861822,1.7115498419630881,3.104096258811315,6.297282581460193
full_production,168,6,12,-1.0,5.1506340448727865,1.0160159028618219,1.7115498419630875,3.1040962588113143,6.297282581460191
full_production,169,6,13,-1.0,5.150634044872786,1.016015902861822,1.711549841963088,3.1040962588113152,6.297282581460193
full_production,170,6,14,-1.0,5.150634044872786,1.0160159028618223,1.7115498419630881,3.1040962588113143,6.297282581460191
full_production,171,6,15,-1.0,5.150634044872786,1.0160159028618223,1.7115498419630881,3.104096258811315,6.297282581460193
full_production,172,6,16,-1.0,5.150634044872786,1.0160159028618225,1.7115498419630881,3.104096258811315,6.297282581460193
full_production,173,6,17,-1.0,5.150634044872786,1.0160159028618225,1.7115498419630881,3.1040962588113152,6.297282581460193
full_production,174,6,18,-1.0,5.199406687519558,1.0064852425238,1.6954947752878582,3.0749785110113907,6.2382113249702495
full_production,175,6,19,-1.0,5.199406687519558,1.0064852425238,1.6954947752878582,3.0749785110113907,6.2382113249702495
full_production,176,6,20,-1.0,5.199406687519558,1.0064852425238002,1.6954947752878582,3.0749785110113907,6.238211324970249
full_production,177,6,21,-1.0,5.199406687519558,1.0064852425238002,1.6954947752878582,3.0749785110113907,6.238211324970249
full_production,178,6,22,-1.0,5.199406687519558,1.0064852425238004,1.6954947752878584,3.0749785110113907,6.2382113249702495
full_production,179,6,23,-1.0,5.199406687519558,1.0064852425238002,1.6954947752878582,3.0749785110113907,6.238211324970249
full_production,180,6,24,-1.0,5.199406687519558,1.0064852425238002,1.6954947752878584,3.0749785110113903,6.2382113249702495
full_production,181,6,25,-1.0,5.199406687519558,1.0064852425238,1.6954947752878582,3.0749785110113903,6.238211324970249
full_production,182,7,0,-0.5,10.40829347468615,0.5155031703607192,0.6999278723520246,0.7951718728053427,1.2951190179278553
full_production,183,7,1,-0.5,10.40829347468615,0.5155031703607192,0.6999278723520248,0.7951718728053427,1.2951190179278553
full_production,184,7,2,-0.5,10.408293474686149,0.5155031703607194,0.6999278723520248,0.7951718728053424,1.2951190179278556
full_production,185,7,3,-0.5,10.408293474686149,0.5155031703607194,0.6999278723520248,0.7951718728053424,1.2951190179278556
full_production,186,7,4,-0.5,10.408293474686145,0.5155031703607196,0.6999278723520248,0.7951718728053425,1.295119017927856
full_production,187,7,5,-0.5,10.408293474686145,0.5155031703607196,0.6999278723520248,0.7951718728053425,1.295119017927856
full_production,188,7,6,-0.5,10.56841721348943,0.5076927013926034,0.6893231560406886,0.7831241013330767,1.2754964775787818
full_production,189,7,7,-0.5,10.56841721348943,0.5076927013926033,0.6893231560406886,0.7831241013330767,1.2754964775787818
full_production,190,7,8,-0.5,10.56841721348943,0.5076927013926034,0.6893231560406886,0.7831241013330767,1.2754964775787818
full_production,191,7,9,-0.5,10.56841721348943,0.5076927013926033,0.6893231560406886,0.7831241013330767,1.2754964775787818
full_production,192,7,10,-0.5,10.568417213489433,0.5076927013926031,0.6893231560406884,0.7831241013330767,1.2754964775787816
full_production,193,7,11,-0.5,10.568417213489433,0.5076927013926031,0.6893231560406884,0.7831241013330767,1.2754964775787814
full_production,194,7,12,-0.5,10.568417213489433,0.5076927013926031,0.6893231560406884,0.7831241013330767,1.2754964775787814
full_production,195,7,13,-0.5,10.568417213489433,0.5076927013926031,0.6893231560406884,0.7831241013330767,1.2754964775787814
full_production,196,7,14,-0.5,10.568417213489434,0.507692701392603,0.6893231560406883,0.783124101333077,1.2754964775787814
full_production,197,7,15,-0.5,10.568417213489434,0.507692701392603,0.6893231560406884,0.783124101333077,1.2754964775787814
full_production,198,7,16,-0.5,10.568417213489434,0.507692701392603,0.6893231560406883,0.7831241013330767,1.2754964775787814
full_production,199,7,17,-0.5,10.568417213489434,0.507692701392603,0.6893231560406883,0.7831241013330767,1.2754964775787814
full_production,200,7,18,-0.5,10.668494550224766,0.5029302175194109,0.6828568617816052,0.7757778947644797,1.2635315060756387
full_production,201,7,19,-0.5,10.668494550224766,0.5029302175194109,0.6828568617816051,0.7757778947644798,1.263531506075639
full_production,202,7,20,-0.5,10.668494550224768,0.5029302175194109,0.682856861781605,0.7757778947644796,1.2635315060756387
full_production,203,7,21,-0.5,10.668494550224766,0.502930217519411,0.6828568617816051,0.7757778947644797,1.263531506075639
full_production,204,7,22,-0.5,10.668494550224764,0.502930217519411,0.6828568617816052,0.7757778947644799,1.2635315060756391
full_production,205,7,23,-0.5,10.668494550224766,0.5029302175194109,0.6828568617816051,0.7757778947644798,1.263531506075639
full_production,206,7,24,-0.5,10.668494550224764,0.502930217519411,0.6828568617816052,0.7757778947644799,1.2635315060756391
full_production,207,7,25,-0.5,10.668494550224766,0.502930217519411,0.6828568617816052,0.7757778947644798,1.263531506075639
full_production,208,8,0,0.0,13.22543885188235,-0.00045478622189471017,0.3546533838296248,-0.0004514569876531719,0.42356619636783166
full_production,209,8,1,0.0,13.22543885188235,-0.00045478622189469114,0.3546533838296249,-0.0004514569876531614,0.42356619636783177
full_production,210,8,2,0.0,13.22543885188235,-0.0004547862218947184,0.3546533838296249,-0.00045145698765324915,0.4235661963678317
full_production,211,8,3,0.0,13.22543885188235,-0.0004547862218946868,0.3546533838296249,-0.0004514569876531815,0.4235661963678317
full_production,212,8,4,0.0,13.22543885188235,-0.00045478622189456966,0.3546533838296249,-0.00045145698765318556,0.4235661963678317
full_production,213,8,5,0.0,13.22543885188235,-0.00045478622189457074,0.3546533838296249,-0.00045145698765317244,0.42356619636783177
full_production,214,8,6,0.0,13.428907157991116,-0.00044789598299153135,0.34927984827199315,-0.0004446168437106749,0.4171485441587951
full_production,215,8,7,0.0,13.428907157991116,-0.0004478959829915683,0.34927984827199315,-0.0004446168437106749,0.4171485441587951
full_production,216,8,8,0.0,13.428907157991116,-0.00044789598299155173,0.3492798482719931,-0.0004446168437106759,0.4171485441587951
full_production,217,8,9,0.0,13.428907157991114,-0.0004478959829915201,0.3492798482719932,-0.00044461684371067646,0.41714854415879515
full_production,218,8,10,0.0,13.428907157991116,-0.0004478959829916447,0.34927984827199315,-0.00044461684371064405,0.4171485441587951
full_production,219,8,11,0.0,13.428907157991116,-0.0004478959829916383,0.34927984827199315,-0.0004446168437106444,0.41714854415879515
full_production,220,8,12,0.0,13.428907157991116,-0.00044789598299164714,0.3492798482719931,-0.0004446168437106422,0.41714854415879515
full_production,221,8,13,0.0,13.428907157991114,-0.0004478959829916232,0.3492798482719931,-0.00044461684371064285,0.4171485441587952
full_production,222,8,14,0.0,13.428907157991116,-0.00044789598299160285,0.3492798482719931,-0.00044461684371065283,0.41714854415879515
full_production,223,8,15,0.0,13.428907157991118,-0.0004478959829916298,0.3492798482719931,-0.00044461684371068606,0.4171485441587951
full_production,224,8,16,0.0,13.428907157991118,-0.0004478959829916339,0.34927984827199304,-0.000444616843710653,0.4171485441587951
full_production,225,8,17,0.0,13.428907157991116,-0.0004478959829916712,0.3492798482719931,-0.00044461684371068725,0.41714854415879515
full_production,226,8,18,0.0,13.55607484974434,-0.00044369461780646545,0.34600330281147784,-0.0004404460241911996,0.41323535348709
full_production,227,8,19,0.0,13.55607484974434,-0.00044369461780647857,0.3460033028114779,-0.0004404460241912326,0.41323535348709
full_production,228,8,20,0.0,13.55607484974434,-0.0004436946178064087,0.3460033028114779,-0.00044044602419119656,0.41323535348709
full_production,229,8,21,0.0,13.55607484974434,-0.000443694617806464,0.3460033028114779,-0.00044044602419122866,0.41323535348709006
full_production,230,8,22,0.0,13.55607484974434,-0.00044369461780645786,0.34600330281147784,-0.000440446024191239,0.41323535348709006
full_production,231,8,23,0.0,13.55607484974434,-0.0004436946178064353,0.3460033028114779,-0.0004404460241912232,0.41323535348709006
full_production,232,8,24,0.0,13.55607484974434,-0.00044369461780647423,0.34600330281147784,-0.000440446024191235,0.41323535348709006
full_production,233,8,25,0.0,13.55607484974434,-0.0004436946178064629,0.34600330281147784,-0.0004404460241912191,0.41323535348709006
full_production,234,9,0,0.5,10.408298377796743,-0.5164026135411992,0.7011483787844521,-0.7974412999847936,1.2988349632830816
full_production,235,9,1,0.5,10.40829837779674,-0.5164026135411994,0.7011483787844524,-0.7974412999847943,1.2988349632830822
full_production,236,9,2,0.5,10.408298377796743,-0.5164026135411993,0.7011483787844522,-0.7974412999847936,1.2988349632830816
full_production,237,9,3,0.5,10.408298377796742,-0.5164026135411994,0.7011483787844522,-0.797441299984794,1.298834963283082
full_production,238,9,4,0.5,10.408298377796743,-0.5164026135411992,0.7011483787844524,-0.7974412999847938,1.2988349632830816
full_production,239,9,5,0.5,10.408298377796742,-0.5164026135411993,0.7011483787844525,-0.797441299984794,1.2988349632830818
full_production,240,9,6,0.5,10.568429939648368,-0.50857814426171,0.6905246649496667,-0.785358569779714,1.2791551866541062
full_production,241,9,7,0.5,10.568429939648368,-0.50857814426171,0.6905246649496667,-0.7853585697797141,1.2791551866541062
full_production,242,9,8,0.5,10.568429939648368,-0.50857814426171,0.6905246649496666,-0.7853585697797141,1.2791551866541062
full_production,243,9,9,0.5,10.568429939648368,-0.50857814426171,0.6905246649496667,-0.785358569779714,1.2791551866541062
full_production,244,9,10,0.5,10.568429939648368,-0.50857814426171,0.6905246649496666,-0.785358569779714,1.2791551866541062
full_production,245,9,11,0.5,10.56842993964837,-0.5085781442617099,0.6905246649496665,-0.7853585697797137,1.279155186654106
full_production,246,9,12,0.5,10.568429939648368,-0.5085781442617099,0.6905246649496666,-0.785358569779714,1.2791551866541062
full_production,247,9,13,0.5,10.56842993964837,-0.5085781442617099,0.6905246649496665,-0.7853585697797136,1.279155186654106
full_production,248,9,14,0.5,10.568429939648368,-0.50857814426171,0.6905246649496666,-0.7853585697797141,1.2791551866541062
full_production,249,9,15,0.5,10.56842993964837,-0.5085781442617099,0.6905246649496666,-0.7853585697797137,1.279155186654106
full_production,250,9,16,0.5,10.568429939648368,-0.50857814426171,0.6905246649496666,-0.785358569779714,1.2791551866541062
full_production,251,9,17,0.5,10.56842993964837,-0.5085781442617099,0.6905246649496666,-0.7853585697797136,1.2791551866541062
full_production,252,9,18,0.5,10.668512165787545,-0.5038071292385023,0.6840467944702252,-0.7779910555879705,1.2671553290705295
full_production,253,9,19,0.5,10.668512165787545,-0.5038071292385025,0.6840467944702251,-0.7779910555879705,1.2671553290705295
full_production,254,9,20,0.5,10.668512165787547,-0.5038071292385023,0.684046794470225,-0.7779910555879704,1.2671553290705293
full_production,255,9,21,0.5,10.668512165787547,-0.5038071292385022,0.684046794470225,-0.7779910555879702,1.2671553290705293
full_production,256,9,22,0.5,10.668512165787545,-0.5038071292385025,0.6840467944702252,-0.7779910555879705,1.2671553290705295
full_production,257,9,23,0.5,10.668512165787545,-0.5038071292385025,0.6840467944702251,-0.7779910555879705,1.2671553290705295
full_production,258,9,24,0.5,10.668512165787547,-0.5038071292385023,0.684046794470225,-0.7779910555879702,1.2671553290705293
full_production,259,9,25,0.5,10.668512165787547,-0.5038071292385023,0.684046794470225,-0.7779910555879704,1.2671553290705293
full_production,260,10,0,1.0,5.0729120470423315,-1.032515006408602,1.74023797863627,-3.158036935716394,6.40980224716499
full_production,261,10,1,1.0,5.0729120470423315,-1.032515006408602,1.7402379786362698,-3.158036935716394,6.409802247164991
full_production,262,10,2,1.0,5.0729120470423315,-1.032515006408602,1.7402379786362694,-3.158036935716395,6.409802247164991
full_production,263,10,3,1.0,5.0729120470423315,-1.032515006408602,1.7402379786362694,-3.158036935716396,6.409802247164991
full_production,264,10,4,1.0,5.0729120470423315,-1.0325150064086022,1.74023797863627,-3.158036935716395,6.4098022471649925
full_production,265,10,5,1.0,5.0729120470423315,-1.0325150064086022,1.74023797863627,-3.158036935716396,6.4098022471649925
full_production,266,10,6,1.0,5.1509606660329865,-1.0168700852550496,1.7138694632329674,-3.110185583028339,6.3126793067696685
full_production,267,10,7,1.0,5.150960666032987,-1.0168700852550494,1.7138694632329667,-3.110185583028338,6.312679306769668
full_production,268,10,8,1.0,5.150960666032987,-1.0168700852550494,1.7138694632329667,-3.110185583028338,6.312679306769666
full_production,269,10,9,1.0,5.150960666032987,-1.0168700852550494,1.7138694632329672,-3.110185583028338,6.312679306769666
full_production,270,10,10,1.0,5.1509606660329865,-1.0168700852550496,1.7138694632329674,-3.110185583028339,6.3126793067696685
full_production,271,10,11,1.0,5.150960666032987,-1.0168700852550494,1.7138694632329667,-3.110185583028338,6.312679306769668
full_production,272,10,12,1.0,5.150960666032988,-1.0168700852550494,1.713869463232967,-3.1101855830283385,6.312679306769666
full_production,273,10,13,1.0,5.150960666032988,-1.0168700852550494,1.7138694632329665,-3.1101855830283376,6.312679306769666
full_production,274,10,14,1.0,5.1509606660329865,-1.01687008525505,1.7138694632329672,-3.110185583028339,6.3126793067696685
full_production,275,10,15,1.0,5.150960666032987,-1.0168700852550494,1.7138694632329672,-3.110185583028338,6.312679306769668
full_production,276,10,16,1.0,5.150960666032988,-1.0168700852550494,1.7138694632329665,-3.1101855830283385,6.312679306769666
full_production,277,10,17,1.0,5.150960666032988,-1.0168700852550494,1.713869463232967,-3.1101855830283376,6.312679306769665
full_production,278,10,18,1.0,5.1997410525016665,-1.007330510469293,1.6977911177312113,-3.081007957311878,6.253458026867308
full_production,279,10,19,1.0,5.1997410525016665,-1.0073305104692927,1.6977911177312113,-3.0810079573118774,6.253458026867308
full_production,280,10,20,1.0,5.1997410525016665,-1.0073305104692925,1.6977911177312115,-3.0810079573118774,6.253458026867307
full_production,281,10,21,1.0,5.1997410525016665,-1.007330510469293,1.6977911177312113,-3.0810079573118774,6.253458026867308
full_production,282,10,22,1.0,5.1997410525016665,-1.0073305104692927,1.6977911177312108,-3.081007957311878,6.253458026867307
full_production,283,10,23,1.0,5.1997410525016665,-1.0073305104692925,1.6977911177312113,-3.0810079573118774,6.253458026867307
full_production,284,10,24,1.0,5.199741052501666,-1.0073305104692927,1.6977911177312115,-3.081007957311878,6.253458026867308
full_production,285,10,25,1.0,5.199741052501666,-1.0073305104692931,1.6977911177312117,-3.0810079573118787,6.2534580268673094
full_production,286,11,0,1.5,1.5313212083628518,-1.5481065281999578,3.4723734565642137,-8.649604817301514,23.2374669900933
full_production,287,11,1,1.5,1.5313212083628518,-1.5481065281999578,3.472373456564214,-8.649604817301514,23.2374669900933
full_production,288,11,2,1.5,1.5313212083628516,-1.5481065281999582,3.4723734565642137,-8.649604817301517,23.2374669900933
full_production,289,11,3,1.5,1.5313212083628518,-1.548106528199958,3.4723734565642133,-8.649604817301515,23.237466990093296
full_production,290,11,4,1.5,1.5313212083628516,-1.5481065281999582,3.472373456564213,-8.649604817301517,23.2374669900933
full_production,291,11,5,1.5,1.5313212083628518,-1.548106528199958,3.4723734565642124,-8.649604817301515,23.237466990093292
full_production,292,11,6,1.5,1.5548818005091156,-1.5246485904546225,3.4197577684063023,-8.518540176236849,22.885357176534733
full_production,293,11,7,1.5,1.5548818005091156,-1.5246485904546225,3.4197577684063023,-8.518540176236849,22.885357176534733
full_production,294,11,8,1.5,1.5548818005091156,-1.5246485904546225,3.4197577684063023,-8.518540176236849,22.885357176534733
full_production,295,11,9,1.5,1.5548818005091156,-1.5246485904546225,3.4197577684063014,-8.518540176236849,22.885357176534725
full_production,296,11,10,1.5,1.5548818005091158,-1.5246485904546225,3.419757768406302,-8.518540176236847,22.88535717653473
full_production,297,11,11,1.5,1.5548818005091158,-1.5246485904546225,3.419757768406302,-8.518540176236845,22.88535717653473
full_production,298,11,12,1.5,1.5548818005091158,-1.5246485904546225,3.419757768406302,-8.518540176236845,22.88535717653473
full_production,299,11,13,1.5,1.5548818005091158,-1.5246485904546225,3.419757768406302,-8.518540176236847,22.885357176534725
full_production,300,11,14,1.5,1.5548818005091158,-1.5246485904546228,3.419757768406302,-8.518540176236845,22.88535717653473
full_production,301,11,15,1.5,1.5548818005091158,-1.5246485904546225,3.419757768406302,-8.518540176236845,22.885357176534733
full_production,302,11,16,1.5,1.5548818005091158,-1.5246485904546225,3.419757768406302,-8.518540176236845,22.885357176534733
full_production,303,11,17,1.5,1.5548818005091158,-1.5246485904546225,3.419757768406302,-8.518540176236845,22.885357176534733
full_production,304,11,18,1.5,1.5696071706874635,-1.510344996715987,3.387675093516502,-8.438622869803883,22.67065653857672
full_production,305,11,19,1.5,1.5696071706874637,-1.5103449967159865,3.387675093516502,-8.438622869803883,22.67065653857672
full_production,306,11,20,1.5,1.5696071706874637,-1.5103449967159868,3.3876750935165014,-8.438622869803883,22.67065653857672
full_production,307,11,21,1.5,1.5696071706874635,-1.5103449967159872,3.3876750935165023,-8.438622869803883,22.670656538576722
full_production,308,11,22,1.5,1.5696071706874635,-1.510344996715987,3.3876750935165023,-8.438622869803883,22.670656538576722
full_production,309,11,23,1.5,1.5696071706874635,-1.510344996715987,3.3876750935165023,-8.438622869803883,22.67065653857673
full_production,310,11,24,1.5,1.5696071706874635,-1.510344996715987,3.3876750935165023,-8.438622869803883,22.670656538576722
full_production,311,11,25,1.5,1.5696071706874635,-1.5103449967159872,3.3876750935165023,-8.438622869803883,22.67065653857673
full_production,312,12,0,2.0,0.28700109051878264,-2.0569941898443407,5.879911555069825,-18.783790331643903,64.09341013674837
full_production,313,12,1,2.0,0.28700109051878264,-2.0569941898443407,5.879911555069825,-18.783790331643903,64.09341013674836
full_production,314,12,2,2.0,0.28700109051878264,-2.0569941898443407,5.879911555069825,-18.7837903316439,64.09341013674837
full_production,315,12,3,2.0,0.28700109051878264,-2.0569941898443407,5.879911555069825,-18.7837903316439,64.09341013674837
full_production,316,12,4,2.0,0.2870010905187827,-2.0569941898443402,5.879911555069824,-18.7837903316439,64.09341013674837
full_production,317,12,5,2.0,0.2870010905187827,-2.0569941898443402,5.879911555069824,-18.783790331643896,64.09341013674836
full_production,318,12,6,2.0,0.29141711963908085,-2.025823163446207,5.7908096480479525,-18.499146637292373,63.12216056644836
full_production,319,12,7,2.0,0.2914171196390809,-2.0258231634462067,5.790809648047951,-18.499146637292377,63.12216056644834
full_production,320,12,8,2.0,0.2914171196390809,-2.025823163446207,5.790809648047951,-18.49914663729237,63.12216056644833
full_production,321,12,9,2.0,0.29141711963908096,-2.0258231634462067,5.79080964804795,-18.499146637292373,63.12216056644832
full_production,322,12,10,2.0,0.29141711963908096,-2.0258231634462063,5.79080964804795,-18.499146637292366,63.12216056644833
full_production,323,12,11,2.0,0.29141711963908096,-2.0258231634462063,5.79080964804795,-18.499146637292373,63.12216056644832
full_production,324,12,12,2.0,0.29141711963908096,-2.0258231634462067,5.79080964804795,-18.499146637292366,63.12216056644831
full_production,325,12,13,2.0,0.291417119639081,-2.0258231634462063,5.790809648047949,-18.49914663729237,63.12216056644829
full_production,326,12,14,2.0,0.29141711963908096,-2.025823163446206,5.79080964804795,-18.499146637292366,63.12216056644831
full_production,327,12,15,2.0,0.291417119639081,-2.025823163446206,5.790809648047949,-18.499146637292363,63.122160566448294
full_production,328,12,16,2.0,0.2914171196390809,-2.025823163446207,5.790809648047952,-18.49914663729237,63.12216056644832
full_production,329,12,17,2.0,0.29141711963908096,-2.025823163446207,5.790809648047951,-18.499146637292373,63.122160566448294
full_production,330,12,18,2.0,0.2941771372261018,-2.0068165228739923,5.73647943428408,-18.325584312325976,62.52993870441385
full_production,331,12,19,2.0,0.2941771372261018,-2.0068165228739923,5.73647943428408,-18.325584312325976,62.52993870441385
full_production,332,12,20,2.0,0.29417713722610184,-2.006816522873992,5.736479434284079,-18.325584312325972,62.52993870441386
full_production,333,12,21,2.0,0.2941771372261017,-2.0068165228739927,5.736479434284081,-18.32558431232598,62.529938704413865
full_production,334,12,22,2.0,0.2941771372261018,-2.0068165228739923,5.73647943428408,-18.325584312325976,62.529938704413865
full_production,335,12,23,2.0,0.2941771372261018,-2.0068165228739923,5.73647943428408,-18.325584312325976,62.52993870441385
full_production,336,12,24,2.0,0.2941771372261018,-2.0068165228739923,5.73647943428408,-18.32558431232598,62.529938704413865
full_production,337,12,25,2.0,0.2941771372261018,-2.0068165228739923,5.736479434284082,-18.32558431232598,62.529938704413865
full_production,338,13,0,2.5,0.03416438444259577,-2.5060348021318917,8.749321114034176,-34.19418469936123,142.42980279759888
full_production,339,13,1,2.5,0.03416438444259577,-2.506034802131892,8.749321114034178,-34.194184699361216,142.42980279759885
full_production,340,13,2,2.5,0.03416438444259578,-2.506034802131891,8.749321114034178,-34.194184699361216,142.42980279759885
full_production,341,13,3,2.5,0.03416438444259577,-2.5060348021318917,8.74932111403418,-34.194184699361216,142.42980279759888
full_production,342,13,4,2.5,0.034164384442595785,-2.50603480213189,8.749321114034181,-34.19418469936121,142.42980279759882
full_production,343,13,5,2.5,0.034164384442595785,-2.50603480213189,8.749321114034181,-34.19418469936121,142.42980279759882
full_production,344,13,6,2.5,0.03469039897236287,-2.4680374874523143,8.616652150158663,-33.67570548568978,140.2701638359823
full_production,345,13,7,2.5,0.03469039897236287,-2.4680374874523143,8.616652150158664,-33.67570548568978,140.2701638359823
full_production,346,13,8,2.5,0.03469039897236287,-2.4680374874523143,8.616652150158663,-33.67570548568978,140.27016383598226
full_production,347,13,9,2.5,0.03469039897236286,-2.468037487452315,8.616652150158664,-33.67570548568978,140.27016383598232
full_production,348,13,10,2.5,0.034690398972362875,-2.468037487452314,8.61665215015866,-33.675705485689775,140.2701638359823
full_production,349,13,11,2.5,0.034690398972362875,-2.468037487452314,8.61665215015866,-33.675705485689775,140.2701638359823
full_production,350,13,12,2.5,0.03469039897236287,-2.4680374874523143,8.616652150158663,-33.67570548568979,140.2701638359823
full_production,351,13,13,2.5,0.03469039897236287,-2.4680374874523143,8.616652150158663,-33.67570548568979,140.27016383598226
full_production,352,13,14,2.5,0.03469039897236288,-2.4680374874523134,8.61665215015866,-33.67570548568977,140.27016383598226
full_production,353,13,15,2.5,0.034690398972362875,-2.468037487452314,8.61665215015866,-33.675705485689775,140.2701638359823
full_production,354,13,16,2.5,0.034690398972362875,-2.468037487452314,8.61665215015866,-33.675705485689775,140.27016383598226
full_production,355,13,17,2.5,0.03469039897236288,-2.4680374874523134,8.61665215015866,-33.67570548568977,140.27016383598223
full_production,356,13,18,2.5,0.03501916055322142,-2.444868498463677,8.535757321934195,-33.359561315188024,138.9533148063878
full_production,357,13,19,2.5,0.03501916055322142,-2.444868498463677,8.535757321934195,-33.359561315188024,138.95331480638782
full_production,358,13,20,2.5,0.03501916055322142,-2.444868498463677,8.535757321934195,-33.359561315188024,138.95331480638782
full_production,359,13,21,2.5,0.035019160553221414,-2.4448684984636775,8.535757321934197,-33.35956131518803,138.95331480638785
full_production,360,13,22,2.5,0.035019160553221414,-2.4448684984636775,8.535757321934199,-33.35956131518803,138.95331480638785
full_production,361,13,23,2.5,0.035019160553221414,-2.4448684984636775,8.535757321934199,-33.35956131518803,138.95331480638785
full_production,362,13,24,2.5,0.035019160553221414,-2.4448684984636775,8.535757321934199,-33.35956131518803,138.95331480638785
full_production,363,13,25,2.5,0.03501916055322141,-2.4448684984636775,8.5357573219342,-33.35956131518804,138.9533148063879
full_production,364,14,0,3.0,0.003190267956036901,-2.420218007197894,9.785199008008592,-44.6251441707513,219.02665277411367
full_production,365,14,1,3.0,0.0031902679560368995,-2.4202180071978954,9.785199008008595,-44.625144170751334,219.02665277411367
full_production,366,14,2,3.0,0.0031902679560369004,-2.420218007197895,9.785199008008593,-44.625144170751305,219.02665277411367
full_production,367,14,3,3.0,0.0031902679560369,-2.420218007197895,9.785199008008595,-44.62514417075132,219.02665277411367
full_production,368,14,4,3.0,0.0031902679560369004,-2.4202180071978936,9.785199008008592,-44.625144170751305,219.02665277411367
full_production,369,14,5,3.0,0.0031902679560369,-2.420218007197895,9.785199008008593,-44.62514417075131,219.02665277411367
full_production,370,14,6,3.0,0.0032400363801250104,-2.383067157321569,9.634864446020277,-43.9398727602598,215.66299858376223
full_production,371,14,7,3.0,0.0032400363801250104,-2.383067157321569,9.634864446020279,-43.939872760259796,215.66299858376223
full_production,372,14,8,3.0,0.00324003638012501,-2.383067157321569,9.634864446020279,-43.9398727602598,215.66299858376226
full_production,373,14,9,3.0,0.00324003638012501,-2.383067157321569,9.63486444602028,-43.9398727602598,215.66299858376223
full_production,374,14,10,3.0,0.0032400363801250104,-2.383067157321569,9.634864446020277,-43.9398727602598,215.66299858376232
full_production,375,14,11,3.0,0.0032400363801250104,-2.3830671573215687,9.634864446020277,-43.9398727602598,215.66299858376226
full_production,376,14,12,3.0,0.00324003638012501,-2.383067157321569,9.634864446020279,-43.9398727602598,215.6629985837623
full_production,377,14,13,3.0,0.00324003638012501,-2.3830671573215683,9.634864446020279,-43.939872760259796,215.66299858376226
full_production,378,14,14,3.0,0.003240036380125011,-2.3830671573215687,9.634864446020275,-43.939872760259796,215.6629985837623
full_production,379,14,15,3.0,0.003240036380125011,-2.3830671573215683,9.634864446020275,-43.93987276025979,215.66299858376223
full_production,380,14,16,3.0,0.0032400363801250104,-2.383067157321569,9.634864446020277,-43.939872760259796,215.66299858376226
full_production,381,14,17,3.0,0.0032400363801250104,-2.383067157321568,9.634864446020277,-43.93987276025979,215.66299858376223
full_production,382,14,18,3.0,0.0032711403585833454,-2.3604226014290495,9.543232071972039,-43.522173982910324,213.61272392323454
full_production,383,14,19,3.0,0.0032711403585833454,-2.360422601429049,9.543232071972039,-43.522173982910324,213.61272392323457
full_production,384,14,20,3.0,0.003271140358583345,-2.360422601429049,9.543232071972039,-43.52217398291034,213.61272392323454
full_production,385,14,21,3.0,0.0032711403585833454,-2.3604226014290486,9.543232071972039,-43.522173982910324,213.61272392323454
full_production,386,14,22,3.0,0.0032711403585833454,-2.360422601429049,9.543232071972039,-43.522173982910324,213.61272392323454
full_production,387,14,23,3.0,0.0032711403585833454,-2.3604226014290486,9.543232071972039,-43.522173982910324,213.61272392323457
full_production,388,14,24,3.0,0.0032711403585833454,-2.3604226014290486,9.543232071972039,-43.522173982910324,213.61272392323454
full_production,389,14,25,3.0,0.0032711403585833454,-2.3604226014290486,9.543232071972039,-43.522173982910324,213.61272392323457
full_production,390,15,0,3.5,0.000645463016470246,-1.0936969982860594,3.8093440299341985,-17.153880989310696,91.54333575124369
full_production,391,15,1,3.5,0.000645463016470246,-1.0936969982860594,3.8093440299341985,-17.153880989310696,91.54333575124369
full_production,392,15,2,3.5,0.000645463016470246,-1.0936969982860594,3.8093440299342,-17.153880989310696,91.54333575124369
full_production,393,15,3,3.5,0.0006454630164702459,-1.0936969982860596,3.8093440299342,-17.153880989310696,91.5433357512437
full_production,394,15,4,3.5,0.0006454630164702459,-1.0936969982860596,3.8093440299342003,-17.153880989310696,91.5433357512437
full_production,395,15,5,3.5,0.0006454630164702458,-1.0936969982860596,3.8093440299342003,-17.1538809893107,91.54333575124372
full_production,396,15,6,3.5,0.0006569747527668669,-1.0740990412674876,3.742879543324219,-16.852656491081135,89.93587683047846
full_production,397,15,7,3.5,0.0006569747527668669,-1.0740990412674876,3.7428795433242183,-16.852656491081135,89.93587683047846
full_production,398,15,8,3.5,0.0006569747527668669,-1.0740990412674876,3.742879543324219,-16.852656491081135,89.93587683047846
full_production,399,15,9,3.5,0.0006569747527668669,-1.0740990412674876,3.7428795433242197,-16.852656491081135,89.93587683047848
full_production,400,15,10,3.5,0.0006569747527668669,-1.0740990412674873,3.742879543324219,-16.852656491081135,89.93587683047846
full_production,401,15,11,3.5,0.0006569747527668669,-1.0740990412674873,3.7428795433242183,-16.852656491081135,89.93587683047846
full_production,402,15,12,3.5,0.0006569747527668669,-1.0740990412674873,3.7428795433242175,-16.852656491081135,89.93587683047848
full_production,403,15,13,3.5,0.0006569747527668669,-1.0740990412674873,3.7428795433242197,-16.852656491081135,89.93587683047848
full_production,404,15,14,3.5,0.000656974752766867,-1.0740990412674873,3.7428795433242183,-16.85265649108113,89.93587683047846
full_production,405,15,15,3.5,0.0006569747527668669,-1.0740990412674876,3.7428795433242197,-16.852656491081135,89.93587683047848
full_production,406,15,16,3.5,0.000656974752766867,-1.0740990412674873,3.7428795433242183,-16.85265649108113,89.93587683047846
full_production,407,15,17,3.5,0.0006569747527668669,-1.0740990412674876,3.7428795433242197,-16.852656491081135,89.93587683047848
full_production,408,15,18,3.5,0.0006641637777891897,-1.0622168183151255,3.702537502399388,-16.66990780516283,88.96074474994072
full_production,409,15,19,3.5,0.0006641637777891897,-1.0622168183151255,3.702537502399387,-16.66990780516283,88.96074474994072
full_production,410,15,20,3.5,0.0006641637777891897,-1.0622168183151253,3.702537502399388,-16.66990780516283,88.96074474994072
full_production,411,15,21,3.5,0.0006641637777891896,-1.0622168183151255,3.7025375023993883,-16.669907805162833,88.96074474994073
full_production,412,15,22,3.5,0.0006641637777891897,-1.0622168183151255,3.702537502399387,-16.66990780516283,88.96074474994073
full_production,413,15,23,3.5,0.0006641637777891897,-1.0622168183151253,3.702537502399387,-16.66990780516283,88.96074474994072
full_production,414,15,24,3.5,0.0006641637777891897,-1.0622168183151253,3.702537502399387,-16.66990780516283,88.96074474994073
full_production,415,15,25,3.5,0.0006641637777891896,-1.0622168183151255,3.7025375023993883,-16.669907805162833,88.96074474994074
full_production,416,16,0,4.0,0.0003287988931810046,-0.8181811731251092,1.501557136397214,-4.005509526541105,15.129709438291009
full_production,417,16,1,4.0,0.0003287988931810047,-0.8181811731251091,1.5015571363972138,-4.005509526541104,15.129709438291005
full_production,418,16,2,4.0,0.0003287988931810046,-0.818181173125109,1.501557136397214,-4.005509526541105,15.129709438291007
full_production,419,16,3,4.0,0.0003287988931810046,-0.818181173125109,1.501557136397214,-4.005509526541105,15.129709438291007
full_production,420,16,4,4.0,0.0003287988931810047,-0.8181811731251089,1.5015571363972138,-4.005509526541105,15.129709438291007
full_production,421,16,5,4.0,0.0003287988931810047,-0.8181811731251091,1.5015571363972138,-4.005509526541105,15.129709438291005
full_production,422,16,6,4.0,0.0003347802366345772,-0.8040616810882587,1.4747396937946695,-3.9324750684224865,14.84910905754165
full_production,423,16,7,4.0,0.0003347802366345772,-0.8040616810882588,1.4747396937946693,-3.9324750684224865,14.84910905754165
full_production,424,16,8,4.0,0.00033478023663457713,-0.8040616810882588,1.4747396937946695,-3.932475068422487,14.849109057541654
full_production,425,16,9,4.0,0.00033478023663457713,-0.8040616810882589,1.4747396937946695,-3.9324750684224865,14.849109057541654
full_production,426,16,10,4.0,0.00033478023663457713,-0.8040616810882588,1.4747396937946697,-3.9324750684224874,14.849109057541654
full_production,427,16,11,4.0,0.00033478023663457713,-0.8040616810882588,1.4747396937946697,-3.9324750684224874,14.849109057541654
full_production,428,16,12,4.0,0.00033478023663457713,-0.8040616810882588,1.4747396937946695,-3.932475068422487,14.849109057541654
full_production,429,16,13,4.0,0.00033478023663457713,-0.8040616810882589,1.4747396937946695,-3.932475068422487,14.84910905754165
full_production,430,16,14,4.0,0.0003347802366345771,-0.8040616810882588,1.4747396937946697,-3.9324750684224883,14.849109057541654
full_production,431,16,15,4.0,0.0003347802366345771,-0.8040616810882592,1.4747396937946697,-3.9324750684224883,14.849109057541654
full_production,432,16,16,4.0,0.00033478023663457713,-0.8040616810882587,1.4747396937946695,-3.932475068422487,14.84910905754165
full_production,433,16,17,4.0,0.00033478023663457713,-0.8040616810882589,1.474739693794669,-3.932475068422487,14.849109057541654
full_production,434,16,18,4.0,0.00033853105988994184,-0.7954465704008918,1.4584058270504336,-3.8879885580024176,14.678136495454151
full_production,435,16,19,4.0,0.0003385310598899419,-0.7954465704008917,1.4584058270504334,-3.8879885580024167,14.678136495454147
full_production,436,16,20,4.0,0.0003385310598899419,-0.7954465704008917,1.4584058270504334,-3.8879885580024167,14.678136495454151
full_production,437,16,21,4.0,0.0003385310598899419,-0.7954465704008918,1.458405827050433,-3.8879885580024167,14.678136495454153
full_production,438,16,22,4.0,0.0003385310598899419,-0.7954465704008917,1.458405827050433,-3.8879885580024176,14.678136495454153
full_production,439,16,23,4.0,0.0003385310598899419,-0.7954465704008917,1.458405827050433,-3.8879885580024176,14.678136495454153
full_production,440,16,24,4.0,0.0003385310598899419,-0.7954465704008917,1.458405827050433,-3.8879885580024176,14.678136495454156
full_production,441,16,25,4.0,0.0003385310598899419,-0.7954465704008918,1.458405827050433,-3.8879885580024176,14.678136495454158
pole_reference,0,0,0,-4.0,0.00032867902922790375,0.8173542855717792,1.4988407442966876,3.9943808032880512,15.07389929662057
pole_reference,1,0,1,-4.0,0.0003286790292279037,0.8173542855717794,1.4988407442966878,3.9943808032880512,15.073899296620572
pole_reference,2,0,2,-4.0,0.0003286790292279037,0.8173542855717794,1.4988407442966878,3.994380803288052,15.073899296620574
pole_reference,3,0,3,-4.0,0.0003286790292279037,0.8173542855717794,1.4988407442966878,3.9943808032880512,15.073899296620574
pole_reference,4,0,4,-4.0,0.00032867902922790375,0.8173542855717794,1.4988407442966876,3.994380803288051,15.073899296620572
pole_reference,5,0,5,-4.0,0.0003286790292279037,0.8173542855717795,1.4988407442966878,3.9943808032880512,15.073899296620574
pole_reference,6,0,6,-4.0,0.0003346604723455294,0.803244060723157,1.4720629339350335,3.9215256228343858,14.794254980032715
pole_reference,7,0,7,-4.0,0.0003346604723455294,0.8032440607231572,1.4720629339350335,3.9215256228343858,14.79425498003271
pole_reference,8,0,8,-4.0,0.0003346604723455294,0.803244060723157,1.4720629339350335,3.9215256228343858,14.794254980032715
pole_reference,9,0,9,-4.0,0.0003346604723455294,0.8032440607231572,1.4720629339350337,3.9215256228343858,14.79425498003271
pole_reference,10,0,10,-4.0,0.0003346604723455294,0.803244060723157,1.4720629339350335,3.921525622834385,14.794254980032715
pole_reference,11,0,11,-4.0,0.0003346604723455294,0.803244060723157,1.4720629339350337,3.921525622834385,14.79425498003271
pole_reference,12,0,12,-4.0,0.0003346604723455294,0.803244060723157,1.4720629339350337,3.921525622834385,14.794254980032715
pole_reference,13,0,13,-4.0,0.00033466047234552947,0.8032440607231569,1.4720629339350335,3.9215256228343836,14.794254980032713
pole_reference,14,0,14,-4.0,0.0003346604723455294,0.8032440607231569,1.4720629339350337,3.921525622834385,14.794254980032715
pole_reference,15,0,15,-4.0,0.0003346604723455294,0.8032440607231569,1.4720629339350342,3.921525622834385,14.794254980032715
pole_reference,16,0,16,-4.0,0.0003346604723455294,0.8032440607231569,1.4720629339350342,3.921525622834385,14.794254980032715
pole_reference,17,0,17,-4.0,0.00033466047234552947,0.8032440607231568,1.4720629339350337,3.9215256228343836,14.794254980032713
pole_reference,18,0,18,-4.0,0.0003384113616673916,0.7946346801629361,1.4557533759717964,3.8771488468801687,14.62386725005161
pole_reference,19,0,19,-4.0,0.0003384113616673916,0.7946346801629361,1.4557533759717964,3.8771488468801687,14.62386725005161
pole_reference,20,0,20,-4.0,0.0003384113616673916,0.7946346801629363,1.4557533759717964,3.8771488468801687,14.62386725005161
pole_reference,21,0,21,-4.0,0.0003384113616673916,0.7946346801629363,1.4557533759717964,3.8771488468801687,14.62386725005161
pole_reference,22,0,22,-4.0,0.0003384113616673916,0.7946346801629361,1.4557533759717964,3.8771488468801687,14.62386725005161
pole_reference,23,0,23,-4.0,0.0003384113616673916,0.7946346801629361,1.4557533759717964,3.877148846880169,14.62386725005161
pole_reference,24,0,24,-4.0,0.0003384113616673916,0.7946346801629363,1.4557533759717964,3.8771488468801687,14.62386725005161
pole_reference,25,0,25,-4.0,0.0003384113616673916,0.7946346801629361,1.4557533759717964,3.8771488468801687,14.62386725005161
pole_reference,26,1,0,-3.5,0.0006450335095191807,1.0916238611834321,3.800045588886796,17.10389266741817,91.25565241460288
pole_reference,27,1,1,-3.5,0.0006450335095191809,1.091623861183432,3.8000455888867952,17.10389266741816,91.25565241460288
pole_reference,28,1,2,-3.5,0.0006450335095191807,1.0916238611834324,3.800045588886796,17.10389266741817,91.25565241460288
pole_reference,29,1,3,-3.5,0.0006450335095191809,1.0916238611834321,3.8000455888867952,17.10389266741816,91.25565241460285
pole_reference,30,1,4,-3.5,0.0006450335095191808,1.0916238611834321,3.8000455888867934,17.103892667418158,91.25565241460289
pole_reference,31,1,5,-3.5,0.0006450335095191808,1.0916238611834324,3.8000455888867934,17.103892667418158,91.25565241460289
pole_reference,32,1,6,-3.5,0.0006565398250207251,1.0720581733473586,3.7337319076348767,16.803489969836672,89.65295349851381
pole_reference,33,1,7,-3.5,0.0006565398250207251,1.0720581733473586,3.7337319076348767,16.803489969836672,89.65295349851381
pole_reference,34,1,8,-3.5,0.0006565398250207251,1.0720581733473586,3.7337319076348767,16.803489969836672,89.65295349851381
pole_reference,35,1,9,-3.5,0.0006565398250207252,1.0720581733473584,3.733731907634876,16.80348996983667,89.6529534985138
pole_reference,36,1,10,-3.5,0.0006565398250207251,1.0720581733473586,3.7337319076348776,16.80348996983667,89.65295349851381
pole_reference,37,1,11,-3.5,0.0006565398250207251,1.0720581733473584,3.7337319076348767,16.80348996983667,89.65295349851381
pole_reference,38,1,12,-3.5,0.0006565398250207251,1.0720581733473584,3.7337319076348767,16.80348996983667,89.6529534985138
pole_reference,39,1,13,-3.5,0.0006565398250207252,1.0720581733473582,3.733731907634876,16.80348996983667,89.65295349851377
pole_reference,40,1,14,-3.5,0.0006565398250207252,1.0720581733473582,3.7337319076348763,16.80348996983667,89.6529534985138
pole_reference,41,1,15,-3.5,0.0006565398250207252,1.072058173347358,3.7337319076348763,16.80348996983667,89.65295349851377
pole_reference,42,1,16,-3.5,0.0006565398250207253,1.072058173347358,3.733731907634875,16.803489969836665,89.65295349851375
pole_reference,43,1,17,-3.5,0.0006565398250207252,1.072058173347358,3.733731907634876,16.80348996983667,89.65295349851377
pole_reference,44,1,18,-3.5,0.0006637254503628823,1.0601956380493516,3.693481640748604,16.621241114855604,88.68071525397676
pole_reference,45,1,19,-3.5,0.0006637254503628823,1.0601956380493518,3.6934816407486033,16.6212411148556,88.68071525397676
pole_reference,46,1,20,-3.5,0.0006637254503628823,1.0601956380493516,3.6934816407486033,16.621241114855604,88.68071525397674
pole_reference,47,1,21,-3.5,0.0006637254503628823,1.0601956380493518,3.6934816407486033,16.6212411148556,88.68071525397674
pole_reference,48,1,22,-3.5,0.0006637254503628822,1.0601956380493518,3.6934816407486046,16.621241114855604,88.68071525397676
pole_reference,49,1,23,-3.5,0.0006637254503628823,1.0601956380493518,3.6934816407486033,16.621241114855597,88.68071525397674
pole_reference,50,1,24,-3.5,0.0006637254503628822,1.0601956380493518,3.693481640748604,16.621241114855604,88.68071525397676
pole_reference,51,1,25,-3.5,0.0006637254503628823,1.0601956380493518,3.6934816407486033,16.621241114855597,88.68071525397676
pole_reference,52,2,0,-3.0,0.00318516795077349,2.4185324031681614,9.776786073488916,44.57792389549277,218.7575795565418
pole_reference,53,2,1,-3.0,0.00318516795077349,2.418532403168162,9.776786073488916,44.57792389549277,218.7575795565418
pole_reference,54,2,2,-3.0,0.003185167950773491,2.418532403168161,9.776786073488912,44.577923895492766,218.75757955654177
pole_reference,55,2,3,-3.0,0.003185167950773491,2.4185324031681614,9.776786073488912,44.577923895492766,218.75757955654177
pole_reference,56,2,4,-3.0,0.0031851679507734917,2.4185324031681605,9.77678607348891,44.577923895492745,218.75757955654174
pole_reference,57,2,5,-3.0,0.0031851679507734917,2.4185324031681605,9.77678607348891,44.577923895492745,218.75757955654174
pole_reference,58,2,6,-3.0,0.003234847964231877,2.3814140546357843,9.626606829643537,43.893497639915985,215.39864414221964
pole_reference,59,2,7,-3.0,0.003234847964231878,2.381414054635784,9.626606829643535,43.89349763991597,215.3986441422196
pole_reference,60,2,8,-3.0,0.003234847964231877,2.3814140546357843,9.626606829643537,43.893497639915985,215.39864414221967
pole_reference,61,2,9,-3.0,0.003234847964231877,2.3814140546357847,9.626606829643537,43.89349763991597,215.39864414221967
pole_reference,62,2,10,-3.0,0.003234847964231877,2.3814140546357847,9.626606829643537,43.893497639915985,215.39864414221964
pole_reference,63,2,11,-3.0,0.003234847964231877,2.3814140546357847,9.626606829643537,43.893497639915985,215.39864414221964
pole_reference,64,2,12,-3.0,0.003234847964231877,2.3814140546357847,9.626606829643537,43.893497639915985,215.39864414221964
pole_reference,65,2,13,-3.0,0.003234847964231877,2.3814140546357847,9.626606829643537,43.89349763991597,215.39864414221967
pole_reference,66,2,14,-3.0,0.003234847964231877,2.3814140546357847,9.626606829643537,43.893497639915985,215.39864414221964
pole_reference,67,2,15,-3.0,0.003234847964231877,2.3814140546357847,9.626606829643537,43.89349763991597,215.39864414221964
pole_reference,68,2,16,-3.0,0.003234847964231877,2.3814140546357847,9.626606829643537,43.893497639915985,215.39864414221964
pole_reference,69,2,17,-3.0,0.003234847964231877,2.3814140546357847,9.626606829643537,43.893497639915985,215.39864414221967
pole_reference,70,2,18,-3.0,0.0032658966932960663,2.3587892018275123,9.535068712964843,43.47631207446025,213.35123624620323
pole_reference,71,2,19,-3.0,0.003265896693296066,2.3587892018275123,9.535068712964843,43.47631207446025,213.35123624620326
pole_reference,72,2,20,-3.0,0.0032658966932960663,2.358789201827512,9.535068712964843,43.47631207446025,213.35123624620323
pole_reference,73,2,21,-3.0,0.0032658966932960663,2.3587892018275123,9.535068712964843,43.47631207446025,213.35123624620329
pole_reference,74,2,22,-3.0,0.0032658966932960663,2.3587892018275123,9.535068712964843,43.47631207446025,213.35123624620323
pole_reference,75,2,23,-3.0,0.0032658966932960663,2.358789201827512,9.535068712964843,43.476312074460246,213.35123624620323
pole_reference,76,2,24,-3.0,0.003265896693296066,2.3587892018275123,9.535068712964843,43.47631207446025,213.35123624620326
pole_reference,77,2,25,-3.0,0.003265896693296066,2.3587892018275127,9.535068712964843,43.47631207446025,213.3512362462033
pole_reference,78,3,0,-2.5,0.03412384662071636,2.505282075050664,8.74469095680261,34.16785530403101,142.2868479866527
pole_reference,79,3,1,-2.5,0.03412384662071636,2.5052820750506637,8.74469095680261,34.167855304031,142.28684798665273
pole_reference,80,3,2,-2.5,0.034123846620716373,2.505282075050663,8.744690956802607,34.167855304030994,142.28684798665265
pole_reference,81,3,3,-2.5,0.034123846620716373,2.505282075050663,8.744690956802607,34.16785530403099,142.28684798665265
pole_reference,82,3,4,-2.5,0.034123846620716373,2.505282075050663,8.744690956802607,34.167855304030994,142.2868479866527
pole_reference,83,3,5,-2.5,0.034123846620716373,2.505282075050663,8.744690956802607,34.16785530403099,142.2868479866527
pole_reference,84,3,6,-2.5,0.03464911473494102,2.4673048773378423,8.612122561640382,33.64989393984435,140.1298705050558
pole_reference,85,3,7,-2.5,0.03464911473494101,2.4673048773378428,8.612122561640383,33.649893939844354,140.12987050505583
pole_reference,86,3,8,-2.5,0.03464911473494102,2.4673048773378423,8.612122561640382,33.64989393984435,140.1298705050558
pole_reference,87,3,9,-2.5,0.03464911473494102,2.4673048773378428,8.612122561640382,33.649893939844354,140.12987050505578
pole_reference,88,3,10,-2.5,0.034649114734941006,2.467304877337844,8.612122561640387,33.64989393984437,140.12987050505586
pole_reference,89,3,11,-2.5,0.034649114734941006,2.467304877337844,8.612122561640387,33.64989393984437,140.12987050505586
pole_reference,90,3,12,-2.5,0.03464911473494101,2.4673048773378436,8.612122561640385,33.64989393984436,140.12987050505583
pole_reference,91,3,13,-2.5,0.03464911473494101,2.4673048773378436,8.612122561640385,33.64989393984436,140.1298705050558
pole_reference,92,3,14,-2.5,0.034649114734941006,2.467304877337844,8.612122561640389,33.649893939844375,140.12987050505586
pole_reference,93,3,15,-2.5,0.034649114734941006,2.467304877337844,8.612122561640389,33.649893939844375,140.12987050505583
pole_reference,94,3,16,-2.5,0.03464911473494101,2.4673048773378428,8.612122561640387,33.64989393984437,140.1298705050558
pole_reference,95,3,17,-2.5,0.03464911473494101,2.4673048773378436,8.612122561640387,33.64989393984437,140.1298705050558
pole_reference,96,3,18,-2.5,0.03497740980893475,2.4441480226724,8.53128859586944,33.33406373642565,138.81463687570636
pole_reference,97,3,19,-2.5,0.03497740980893475,2.4441480226724,8.53128859586944,33.33406373642565,138.81463687570633
pole_reference,98,3,20,-2.5,0.03497740980893474,2.4441480226724006,8.531288595869443,33.334063736425655,138.81463687570636
pole_reference,99,3,21,-2.5,0.03497740980893474,2.4441480226724006,8.531288595869443,33.33406373642565,138.81463687570636
pole_reference,100,3,22,-2.5,0.03497740980893474,2.4441480226724006,8.531288595869443,33.334063736425655,138.81463687570636
pole_reference,101,3,23,-2.5,0.03497740980893474,2.4441480226724006,8.531288595869443,33.33406373642565,138.81463687570633
pole_reference,102,3,24,-2.5,0.03497740980893474,2.4441480226724006,8.531288595869443,33.33406373642565,138.81463687570636
pole_reference,103,3,25,-2.5,0.03497740980893474,2.4441480226724006,8.531288595869443,33.33406373642565,138.81463687570636
pole_reference,104,4,0,-2.0,0.2868255799319361,2.056243041536015,5.875876006902159,18.764770453086452,64.00826738612126
pole_reference,105,4,1,-2.0,0.2868255799319361,2.056243041536015,5.875876006902159,18.764770453086452,64.00826738612126
pole_reference,106,4,2,-2.0,0.28682557993193614,2.0562430415360144,5.875876006902157,18.76477045308644,64.00826738612125
pole_reference,107,4,3,-2.0,0.28682557993193614,2.0562430415360144,5.875876006902157,18.76477045308644,64.00826738612125
pole_reference,108,4,4,-2.0,0.2868255799319362,2.056243041536014,5.875876006902156,18.76477045308643,64.00826738612126
pole_reference,109,4,5,-2.0,0.2868255799319362,2.056243041536014,5.875876006902156,18.76477045308643,64.00826738612126
pole_reference,110,4,6,-2.0,0.29123805708970857,2.025089316208604,5.7868521668120385,18.48046899129958,63.03849230167008
pole_reference,111,4,7,-2.0,0.2912380570897086,2.025089316208604,5.786852166812039,18.480468991299578,63.03849230167007
pole_reference,112,4,8,-2.0,0.2912380570897087,2.0250893162086037,5.786852166812038,18.480468991299574,63.03849230167006
pole_reference,113,4,9,-2.0,0.2912380570897087,2.0250893162086037,5.786852166812038,18.480468991299574,63.03849230167006
pole_reference,114,4,10,-2.0,0.2912380570897086,2.0250893162086037,5.786852166812038,18.480468991299578,63.03849230167008
pole_reference,115,4,11,-2.0,0.2912380570897086,2.0250893162086037,5.786852166812038,18.480468991299574,63.03849230167008
pole_reference,116,4,12,-2.0,0.29123805708970874,2.025089316208603,5.786852166812037,18.48046899129957,63.03849230167005
pole_reference,117,4,13,-2.0,0.29123805708970874,2.025089316208603,5.786852166812037,18.480468991299567,63.03849230167003
pole_reference,118,4,14,-2.0,0.2912380570897086,2.0250893162086037,5.786852166812038,18.480468991299574,63.0384923016701
pole_reference,119,4,15,-2.0,0.2912380570897087,2.0250893162086037,5.786852166812037,18.48046899129957,63.03849230167007
pole_reference,120,4,16,-2.0,0.29123805708970874,2.0250893162086028,5.786852166812037,18.480468991299567,63.03849230167005
pole_reference,121,4,17,-2.0,0.2912380570897088,2.0250893162086028,5.786852166812036,18.480468991299563,63.038492301670026
pole_reference,122,4,18,-2.0,0.29399585469651535,2.006093135683161,5.732569299172291,18.307114528242877,62.44716672895602
pole_reference,123,4,19,-2.0,0.29399585469651535,2.006093135683161,5.732569299172291,18.307114528242877,62.44716672895602
pole_reference,124,4,20,-2.0,0.29399585469651535,2.006093135683161,5.732569299172291,18.307114528242877,62.44716672895602
pole_reference,125,4,21,-2.0,0.29399585469651535,2.006093135683161,5.732569299172292,18.307114528242877,62.44716672895602
pole_reference,126,4,22,-2.0,0.2939958546965154,2.00609313568316,5.732569299172291,18.307114528242877,62.447166728956006
pole_reference,127,4,23,-2.0,0.29399585469651535,2.0060931356831606,5.732569299172292,18.30711452824288,62.44716672895602
pole_reference,128,4,24,-2.0,0.2939958546965154,2.00609313568316,5.732569299172291,18.307114528242877,62.447166728956006
pole_reference,129,4,25,-2.0,0.29399585469651535,2.0060931356831606,5.732569299172293,18.30711452824288,62.44716672895602
pole_reference,130,5,0,-1.5,1.53094482407371,1.5472890202778042,3.469049105257325,8.637510683300803,23.195403859601903
pole_reference,131,5,1,-1.5,1.5309448240737105,1.5472890202778038,3.4690491052573242,8.6375106833008,23.195403859601896
pole_reference,132,5,2,-1.5,1.5309448240737105,1.5472890202778038,3.4690491052573242,8.6375106833008,23.195403859601896
pole_reference,133,5,3,-1.5,1.5309448240737105,1.5472890202778036,3.4690491052573242,8.6375106833008,23.195403859601896
pole_reference,134,5,4,-1.5,1.53094482407371,1.547289020277804,3.469049105257325,8.6375106833008,23.195403859601893
pole_reference,135,5,5,-1.5,1.5309448240737105,1.5472890202778036,3.4690491052573242,8.637510683300798,23.195403859601885
pole_reference,136,5,6,-1.5,1.5544962037894283,1.5238468243410297,3.4164913110620874,8.506648028891695,22.843981713283753
pole_reference,137,5,7,-1.5,1.5544962037894285,1.52384682434103,3.4164913110620865,8.506648028891693,22.84398171328375
pole_reference,138,5,8,-1.5,1.5544962037894283,1.5238468243410297,3.4164913110620874,8.506648028891695,22.843981713283753
pole_reference,139,5,9,-1.5,1.554496203789428,1.52384682434103,3.416491311062088,8.506648028891695,22.843981713283757
pole_reference,140,5,10,-1.5,1.5544962037894283,1.5238468243410297,3.4164913110620865,8.506648028891695,22.843981713283746
pole_reference,141,5,11,-1.5,1.5544962037894285,1.5238468243410295,3.416491311062086,8.506648028891693,22.843981713283743
pole_reference,142,5,12,-1.5,1.5544962037894288,1.523846824341029,3.4164913110620856,8.506648028891693,22.84398171328374
pole_reference,143,5,13,-1.5,1.5544962037894285,1.52384682434103,3.416491311062086,8.506648028891695,22.843981713283743
pole_reference,144,5,14,-1.5,1.5544962037894283,1.5238468243410297,3.4164913110620856,8.506648028891696,22.843981713283746
pole_reference,145,5,15,-1.5,1.5544962037894285,1.5238468243410295,3.416491311062085,8.506648028891695,22.843981713283743
pole_reference,146,5,16,-1.5,1.5544962037894283,1.5238468243410295,3.4164913110620856,8.506648028891696,22.843981713283746
pole_reference,147,5,17,-1.5,1.5544962037894285,1.5238468243410295,3.416491311062085,8.506648028891695,22.843981713283743
pole_reference,148,5,18,-1.5,1.569215816197413,1.5095527786009293,3.384443823735947,8.42685360197732,22.629699623838388
pole_reference,149,5,19,-1.5,1.569215816197413,1.5095527786009293,3.384443823735947,8.42685360197732,22.629699623838388
pole_reference,150,5,20,-1.5,1.569215816197413,1.5095527786009293,3.3844438237359467,8.42685360197732,22.629699623838377
pole_reference,151,5,21,-1.5,1.569215816197413,1.5095527786009293,3.384443823735947,8.42685360197732,22.629699623838377
pole_reference,152,5,22,-1.5,1.5692158161974132,1.5095527786009293,3.384443823735946,8.426853601977319,22.629699623838377
pole_reference,153,5,23,-1.5,1.5692158161974132,1.509552778600929,3.384443823735946,8.426853601977319,22.629699623838377
pole_reference,154,5,24,-1.5,1.5692158161974132,1.5095527786009293,3.384443823735946,8.426853601977319,22.629699623838377
pole_reference,155,5,25,-1.5,1.5692158161974132,1.5095527786009293,3.3844438237359467,8.426853601977319,22.629699623838377
pole_reference,156,6,0,-1.0,5.072597923599429,1.0316462249501748,1.737880195064878,3.1518495265306954,6.39415967592561
pole_reference,157,6,1,-1.0,5.072597923599429,1.031646224950175,1.737880195064878,3.1518495265306954,6.394159675925608
pole_reference,158,6,2,-1.0,5.072597923599429,1.0316462249501748,1.737880195064878,3.1518495265306963,6.394159675925608
pole_reference,159,6,3,-1.0,5.072597923599429,1.031646224950175,1.737880195064878,3.1518495265306954,6.394159675925608
pole_reference,160,6,4,-1.0,5.072597923599429,1.0316462249501743,1.737880195064878,3.1518495265306963,6.394159675925608
pole_reference,161,6,5,-1.0,5.072597923599429,1.0316462249501746,1.737880195064878,3.151849526530696,6.394159675925607
pole_reference,162,6,6,-1.0,5.150634151003532,1.016015959370695,1.7115499179581883,3.1040964836251823,6.297282999044258
pole_reference,163,6,7,-1.0,5.150634151003532,1.016015959370695,1.7115499179581883,3.1040964836251828,6.297282999044258
pole_reference,164,6,8,-1.0,5.150634151003531,1.016015959370695,1.7115499179581886,3.104096483625183,6.29728299904426
pole_reference,165,6,9,-1.0,5.150634151003531,1.016015959370695,1.7115499179581886,3.104096483625183,6.29728299904426
pole_reference,166,6,10,-1.0,5.150634151003532,1.0160159593706948,1.7115499179581883,3.104096483625182,6.297282999044258
pole_reference,167,6,11,-1.0,5.150634151003532,1.0160159593706948,1.7115499179581883,3.1040964836251823,6.297282999044258
pole_reference,168,6,12,-1.0,5.150634151003532,1.0160159593706948,1.7115499179581888,3.1040964836251823,6.297282999044258
pole_reference,169,6,13,-1.0,5.150634151003532,1.0160159593706948,1.7115499179581888,3.1040964836251823,6.29728299904426
pole_reference,170,6,14,-1.0,5.150634151003532,1.0160159593706948,1.7115499179581877,3.104096483625182,6.297282999044258
pole_reference,171,6,15,-1.0,5.150634151003532,1.0160159593706948,1.7115499179581877,3.104096483625182,6.297282999044258
pole_reference,172,6,16,-1.0,5.150634151003532,1.0160159593706948,1.7115499179581877,3.104096483625182,6.297282999044257
pole_reference,173,6,17,-1.0,5.150634151003532,1.0160159593706948,1.7115499179581881,3.104096483625182,6.297282999044258
pole_reference,174,6,18,-1.0,5.199406792731706,1.0064852983849673,1.6954948505386895,3.074978734047905,6.238211740176524
pole_reference,175,6,19,-1.0,5.199406792731706,1.0064852983849668,1.6954948505386895,3.074978734047905,6.238211740176524
pole_reference,176,6,20,-1.0,5.199406792731706,1.006485298384967,1.6954948505386895,3.074978734047905,6.238211740176524
pole_reference,177,6,21,-1.0,5.199406792731706,1.006485298384967,1.6954948505386895,3.074978734047905,6.238211740176524
pole_reference,178,6,22,-1.0,5.199406792731706,1.0064852983849673,1.6954948505386895,3.074978734047905,6.238211740176524
pole_reference,179,6,23,-1.0,5.199406792731706,1.006485298384967,1.6954948505386895,3.074978734047905,6.238211740176524
pole_reference,180,6,24,-1.0,5.199406792731706,1.0064852983849673,1.6954948505386895,3.074978734047905,6.238211740176524
pole_reference,181,6,25,-1.0,5.199406792731706,1.0064852983849675,1.6954948505386895,3.074978734047905,6.238211740176526
pole_reference,182,7,0,-0.5,10.408294063113393,0.5155031964167157,0.6999278870675921,0.7951719375384284,1.2951190801415213
pole_reference,183,7,1,-0.5,10.408294063113393,0.5155031964167157,0.6999278870675921,0.7951719375384284,1.2951190801415213
pole_reference,184,7,2,-0.5,10.408294063113397,0.5155031964167156,0.6999278870675918,0.795171937538428,1.2951190801415209
pole_reference,185,7,3,-0.5,10.408294063113395,0.5155031964167157,0.699927887067592,0.7951719375384283,1.295119080141521
pole_reference,186,7,4,-0.5,10.408294063113397,0.5155031964167156,0.6999278870675918,0.7951719375384277,1.2951190801415209
pole_reference,187,7,5,-0.5,10.408294063113395,0.5155031964167157,0.6999278870675919,0.795171937538428,1.295119080141521
pole_reference,188,7,6,-0.5,10.568417806285325,0.5076927273732769,0.689323171328242,0.7831241663332853,1.275496540842823
pole_reference,189,7,7,-0.5,10.568417806285323,0.5076927273732768,0.6893231713282422,0.7831241663332854,1.2754965408428232
pole_reference,190,7,8,-0.5,10.568417806285325,0.5076927273732768,0.689323171328242,0.7831241663332853,1.275496540842823
pole_reference,191,7,9,-0.5,10.568417806285323,0.5076927273732769,0.6893231713282422,0.7831241663332854,1.2754965408428232
pole_reference,192,7,10,-0.5,10.568417806285321,0.507692727373277,0.6893231713282422,0.7831241663332855,1.2754965408428234
pole_reference,193,7,11,-0.5,10.568417806285321,0.5076927273732769,0.6893231713282423,0.7831241663332856,1.2754965408428234
pole_reference,194,7,12,-0.5,10.568417806285321,0.507692727373277,0.6893231713282423,0.7831241663332856,1.2754965408428234
pole_reference,195,7,13,-0.5,10.56841780628532,0.507692727373277,0.6893231713282425,0.7831241663332859,1.2754965408428236
pole_reference,196,7,14,-0.5,10.56841780628532,0.507692727373277,0.6893231713282423,0.7831241663332856,1.2754965408428234
pole_reference,197,7,15,-0.5,10.56841780628532,0.507692727373277,0.6893231713282424,0.7831241663332856,1.2754965408428236
pole_reference,198,7,16,-0.5,10.56841780628532,0.507692727373277,0.6893231713282424,0.7831241663332856,1.2754965408428236
pole_reference,199,7,17,-0.5,10.56841780628532,0.507692727373277,0.6893231713282425,0.7831241663332856,1.2754965408428236
pole_reference,200,7,18,-0.5,10.668495145751036,0.502930243450755,0.6828568774133166,0.7757779599223158,1.2635315699716578
pole_reference,201,7,19,-0.5,10.668495145751036,0.502930243450755,0.6828568774133166,0.775777959922316,1.2635315699716578
pole_reference,202,7,20,-0.5,10.668495145751036,0.5029302434507551,0.6828568774133166,0.7757779599223158,1.2635315699716578
pole_reference,203,7,21,-0.5,10.668495145751034,0.5029302434507551,0.6828568774133167,0.7757779599223161,1.263531569971658
pole_reference,204,7,22,-0.5,10.668495145751036,0.5029302434507551,0.6828568774133166,0.775777959922316,1.2635315699716578
pole_reference,205,7,23,-0.5,10.668495145751038,0.502930243450755,0.6828568774133165,0.7757779599223158,1.2635315699716576
pole_reference,206,7,24,-0.5,10.668495145751036,0.5029302434507551,0.6828568774133166,0.775777959922316,1.2635315699716578
pole_reference,207,7,25,-0.5,10.668495145751036,0.5029302434507551,0.6828568774133166,0.775777959922316,1.2635315699716578
pole_reference,208,8,0,0.0,13.225439862037192,-0.00045476730288623277,0.3546533838511399,-0.0004514126253232921,0.42356619631473486
pole_reference,209,8,1,0.0,13.225439862037192,-0.0004547673028861811,0.3546533838511399,-0.00045141262532326273,0.4235661963147347
pole_reference,210,8,2,0.0,13.225439862037192,-0.0004547673028862456,0.3546533838511399,-0.0004514126253231746,0.42356619631473486
pole_reference,211,8,3,0.0,13.225439862037192,-0.0004547673028861815,0.35465338385113987,-0.00045141262532322494,0.4235661963147348
pole_reference,212,8,4,0.0,13.225439862037192,-0.00045476730288621336,0.3546533838511399,-0.000451412625323157,0.42356619631473486
pole_reference,213,8,5,0.0,13.225439862037192,-0.00045476730288621325,0.3546533838511399,-0.000451412625323199,0.42356619631473486
pole_reference,214,8,6,0.0,13.42890818371558,-0.0004478767932597207,0.3492798482848848,-0.0004445730142878828,0.417148544101703
pole_reference,215,8,7,0.0,13.42890818371558,-0.0004478767932597341,0.3492798482848848,-0.0004445730142878501,0.417148544101703
pole_reference,216,8,8,0.0,13.428908183715578,-0.0004478767932597264,0.3492798482848848,-0.00044457301428785023,0.41714854410170304
pole_reference,217,8,9,0.0,13.428908183715578,-0.0004478767932597211,0.3492798482848848,-0.0004445730142878512,0.417148544101703
pole_reference,218,8,10,0.0,13.42890818371558,-0.0004478767932597602,0.34927984828488484,-0.0004445730142878313,0.417148544101703
pole_reference,219,8,11,0.0,13.42890818371558,-0.00044787679325977134,0.34927984828488484,-0.00044457301428783136,0.417148544101703
pole_reference,220,8,12,0.0,13.428908183715578,-0.0004478767932597468,0.3492798482848849,-0.0004445730142878479,0.417148544101703
pole_reference,221,8,13,0.0,13.428908183715578,-0.0004478767932597582,0.3492798482848848,-0.00044457301428784925,0.417148544101703
pole_reference,222,8,14,0.0,13.428908183715578,-0.00044787679325978045,0.3492798482848848,-0.0004445730142877696,0.41714854410170304
pole_reference,223,8,15,0.0,13.42890818371558,-0.00044787679325978245,0.3492798482848848,-0.0004445730142877718,0.417148544101703
pole_reference,224,8,16,0.0,13.42890818371558,-0.00044787679325977004,0.3492798482848848,-0.0004445730142877676,0.41714854410170293
pole_reference,225,8,17,0.0,13.428908183715578,-0.0004478767932597062,0.3492798482848848,-0.0004445730142877684,0.417148544101703
pole_reference,226,8,18,0.0,13.556075885199705,-0.00044367526299909167,0.34600330281912356,-0.0004404025197176449,0.413235353427577
pole_reference,227,8,19,0.0,13.556075885199705,-0.0004436752629990974,0.34600330281912356,-0.00044040251971768637,0.413235353427577
pole_reference,228,8,20,0.0,13.556075885199704,-0.0004436752629990974,0.34600330281912356,-0.00044040251971767824,0.41323535342757706
pole_reference,229,8,21,0.0,13.556075885199704,-0.0004436752629990931,0.34600330281912356,-0.00044040251971767417,0.41323535342757717
pole_reference,230,8,22,0.0,13.556075885199704,-0.0004436752629990992,0.3460033028191235,-0.00044040251971767824,0.4132353534275772
pole_reference,231,8,23,0.0,13.556075885199704,-0.0004436752629990973,0.3460033028191235,-0.0004404025197176409,0.41323535342757706
pole_reference,232,8,24,0.0,13.556075885199704,-0.0004436752629990891,0.34600330281912356,-0.0004404025197177204,0.41323535342757706
pole_reference,233,8,25,0.0,13.556075885199704,-0.0004436752629990929,0.3460033028191235,-0.0004404025197176713,0.41323535342757717
pole_reference,234,9,0,0.5,10.408299379442905,-0.5164025874330068,0.7011483640095494,-0.7974412352616815,1.29883490106067
pole_reference,235,9,1,0.5,10.408299379442907,-0.5164025874330067,0.7011483640095492,-0.7974412352616816,1.2988349010606697
pole_reference,236,9,2,0.5,10.408299379442909,-0.5164025874330067,0.7011483640095492,-0.7974412352616813,1.2988349010606695
pole_reference,237,9,3,0.5,10.408299379442909,-0.5164025874330066,0.7011483640095492,-0.7974412352616813,1.2988349010606695
pole_reference,238,9,4,0.5,10.408299379442912,-0.5164025874330064,0.7011483640095489,-0.7974412352616812,1.298834901060669
pole_reference,239,9,5,0.5,10.408299379442912,-0.5164025874330064,0.7011483640095489,-0.7974412352616812,1.298834901060669
pole_reference,240,9,6,0.5,10.5684309614168,-0.5085781182382799,0.6905246496040779,-0.785358504770168,1.2791551233264955
pole_reference,241,9,7,0.5,10.5684309614168,-0.5085781182382799,0.6905246496040779,-0.785358504770168,1.2791551233264955
pole_reference,242,9,8,0.5,10.5684309614168,-0.5085781182382799,0.6905246496040779,-0.785358504770168,1.2791551233264955
pole_reference,243,9,9,0.5,10.5684309614168,-0.5085781182382799,0.6905246496040779,-0.785358504770168,1.2791551233264955
pole_reference,244,9,10,0.5,10.568430961416798,-0.50857811823828,0.690524649604078,-0.7853585047701682,1.2791551233264957
pole_reference,245,9,11,0.5,10.568430961416798,-0.50857811823828,0.690524649604078,-0.7853585047701681,1.2791551233264957
pole_reference,246,9,12,0.5,10.568430961416798,-0.50857811823828,0.690524649604078,-0.7853585047701681,1.2791551233264957
pole_reference,247,9,13,0.5,10.568430961416798,-0.5085781182382799,0.690524649604078,-0.7853585047701681,1.2791551233264957
pole_reference,248,9,14,0.5,10.568430961416798,-0.50857811823828,0.690524649604078,-0.7853585047701682,1.2791551233264957
pole_reference,249,9,15,0.5,10.5684309614168,-0.5085781182382799,0.6905246496040779,-0.7853585047701681,1.2791551233264955
pole_reference,250,9,16,0.5,10.5684309614168,-0.5085781182382799,0.6905246496040779,-0.785358504770168,1.2791551233264955
pole_reference,251,9,17,0.5,10.568430961416798,-0.50857811823828,0.690524649604078,-0.7853585047701681,1.2791551233264957
pole_reference,252,9,18,0.5,10.668513200132406,-0.5038071032701805,0.6840467787813058,-0.7779909904090666,1.2671552650775912
pole_reference,253,9,19,0.5,10.668513200132404,-0.5038071032701805,0.6840467787813059,-0.7779909904090665,1.2671552650775915
pole_reference,254,9,20,0.5,10.668513200132404,-0.5038071032701805,0.6840467787813059,-0.7779909904090665,1.2671552650775915
pole_reference,255,9,21,0.5,10.668513200132404,-0.5038071032701805,0.6840467787813059,-0.7779909904090665,1.2671552650775915
pole_reference,256,9,22,0.5,10.668513200132406,-0.5038071032701804,0.6840467787813058,-0.7779909904090666,1.2671552650775915
pole_reference,257,9,23,0.5,10.668513200132404,-0.5038071032701804,0.6840467787813059,-0.7779909904090665,1.2671552650775915
pole_reference,258,9,24,0.5,10.668513200132404,-0.5038071032701805,0.6840467787813059,-0.7779909904090664,1.2671552650775917
pole_reference,259,9,25,0.5,10.668513200132404,-0.5038071032701805,0.684046778781306,-0.7779909904090665,1.2671552650775917
pole_reference,260,10,0,1.0,5.072912714637218,-1.0325149487643057,1.7402379011219784,-3.158036707281694,6.409801824055604
pole_reference,261,10,1,1.0,5.072912714637219,-1.0325149487643055,1.7402379011219777,-3.1580367072816937,6.409801824055603
pole_reference,262,10,2,1.0,5.072912714637218,-1.0325149487643057,1.7402379011219777,-3.158036707281695,6.409801824055604
pole_reference,263,10,3,1.0,5.072912714637218,-1.0325149487643057,1.7402379011219777,-3.158036707281694,6.409801824055604
pole_reference,264,10,4,1.0,5.072912714637218,-1.0325149487643057,1.740237901121977,-3.158036707281694,6.409801824055606
pole_reference,265,10,5,1.0,5.072912714637219,-1.0325149487643055,1.7402379011219768,-3.1580367072816937,6.409801824055606
pole_reference,266,10,6,1.0,5.150961347005592,-1.0168700286710748,1.7138693869548598,-3.11018535754695,6.312678887598768
pole_reference,267,10,7,1.0,5.150961347005593,-1.0168700286710748,1.7138693869548596,-3.1101853575469485,6.312678887598767
pole_reference,268,10,8,1.0,5.150961347005593,-1.0168700286710748,1.7138693869548596,-3.1101853575469485,6.312678887598767
pole_reference,269,10,9,1.0,5.150961347005592,-1.016870028671075,1.7138693869548598,-3.11018535754695,6.312678887598768
pole_reference,270,10,10,1.0,5.150961347005593,-1.0168700286710748,1.7138693869548596,-3.1101853575469494,6.312678887598767
pole_reference,271,10,11,1.0,5.150961347005593,-1.0168700286710748,1.7138693869548596,-3.1101853575469494,6.312678887598767
pole_reference,272,10,12,1.0,5.150961347005593,-1.0168700286710748,1.7138693869548596,-3.1101853575469494,6.312678887598766
pole_reference,273,10,13,1.0,5.150961347005592,-1.016870028671075,1.7138693869548598,-3.11018535754695,6.312678887598767
pole_reference,274,10,14,1.0,5.150961347005593,-1.0168700286710748,1.7138693869548598,-3.11018535754695,6.312678887598766
pole_reference,275,10,15,1.0,5.150961347005591,-1.0168700286710752,1.7138693869548605,-3.1101853575469502,6.312678887598768
pole_reference,276,10,16,1.0,5.150961347005593,-1.0168700286710748,1.7138693869548598,-3.1101853575469494,6.312678887598766
pole_reference,277,10,17,1.0,5.150961347005592,-1.016870028671075,1.7138693869548602,-3.11018535754695,6.312678887598767
pole_reference,278,10,18,1.0,5.199741741835395,-1.007330454541095,1.6977910422224762,-3.0810077336594937,6.253457610155563
pole_reference,279,10,19,1.0,5.199741741835395,-1.007330454541095,1.6977910422224762,-3.0810077336594928,6.2534576101555635
pole_reference,280,10,20,1.0,5.199741741835395,-1.0073304545410948,1.6977910422224762,-3.0810077336594937,6.253457610155563
pole_reference,281,10,21,1.0,5.199741741835395,-1.007330454541095,1.6977910422224762,-3.0810077336594937,6.253457610155563
pole_reference,282,10,22,1.0,5.199741741835395,-1.007330454541095,1.6977910422224762,-3.0810077336594928,6.253457610155563
pole_reference,283,10,23,1.0,5.199741741835395,-1.007330454541095,1.6977910422224758,-3.0810077336594937,6.2534576101555635
pole_reference,284,10,24,1.0,5.199741741835395,-1.0073304545410953,1.6977910422224762,-3.0810077336594928,6.253457610155563
pole_reference,285,10,25,1.0,5.199741741835395,-1.0073304545410953,1.6977910422224762,-3.0810077336594928,6.2534576101555635
pole_reference,286,11,0,1.5,1.5313215614816904,-1.5481063405734994,3.472373066979753,-8.649603562473867,23.237463611289627
pole_reference,287,11,1,1.5,1.5313215614816904,-1.5481063405734994,3.472373066979753,-8.649603562473867,23.237463611289627
pole_reference,288,11,2,1.5,1.5313215614816904,-1.5481063405734992,3.472373066979753,-8.649603562473867,23.23746361128963
pole_reference,289,11,3,1.5,1.5313215614816904,-1.5481063405734992,3.472373066979753,-8.649603562473867,23.237463611289627
pole_reference,290,11,4,1.5,1.5313215614816897,-1.5481063405734994,3.4723730669797552,-8.649603562473871,23.23746361128964
pole_reference,291,11,5,1.5,1.5313215614816895,-1.5481063405735,3.4723730669797557,-8.649603562473873,23.237463611289645
pole_reference,292,11,6,1.5,1.5548821595107494,-1.5246484060079635,3.4197573861136346,-8.51853894537537,22.88535386601656
pole_reference,293,11,7,1.5,1.554882159510749,-1.524648406007964,3.419757386113635,-8.518538945375374,22.885353866016565
pole_reference,294,11,8,1.5,1.5548821595107492,-1.5246484060079637,3.419757386113635,-8.51853894537537,22.885353866016562
pole_reference,295,11,9,1.5,1.5548821595107496,-1.5246484060079633,3.419757386113634,-8.51853894537537,22.885353866016555
pole_reference,296,11,10,1.5,1.5548821595107492,-1.524648406007964,3.4197573861136346,-8.51853894537537,22.88535386601656
pole_reference,297,11,11,1.5,1.5548821595107487,-1.5246484060079641,3.4197573861136354,-8.518538945375374,22.885353866016565
pole_reference,298,11,12,1.5,1.5548821595107492,-1.5246484060079637,3.419757386113635,-8.51853894537537,22.88535386601656
pole_reference,299,11,13,1.5,1.5548821595107487,-1.5246484060079641,3.4197573861136363,-8.518538945375374,22.885353866016565
pole_reference,300,11,14,1.5,1.5548821595107487,-1.5246484060079641,3.4197573861136354,-8.518538945375376,22.88535386601656
pole_reference,301,11,15,1.5,1.5548821595107487,-1.5246484060079644,3.4197573861136354,-8.518538945375374,22.88535386601656
pole_reference,302,11,16,1.5,1.5548821595107487,-1.5246484060079641,3.4197573861136363,-8.518538945375376,22.88535386601656
pole_reference,303,11,17,1.5,1.5548821595107487,-1.5246484060079644,3.4197573861136363,-8.518538945375376,22.88535386601656
pole_reference,304,11,18,1.5,1.5696075333658461,-1.5103448142148692,3.3876747156850087,-8.438621653592877,22.67065326979644
pole_reference,305,11,19,1.5,1.5696075333658461,-1.5103448142148692,3.3876747156850087,-8.438621653592877,22.67065326979644
pole_reference,306,11,20,1.5,1.5696075333658461,-1.5103448142148692,3.3876747156850087,-8.438621653592877,22.67065326979644
pole_reference,307,11,21,1.5,1.5696075333658461,-1.5103448142148692,3.3876747156850087,-8.438621653592877,22.67065326979644
pole_reference,308,11,22,1.5,1.5696075333658461,-1.5103448142148692,3.3876747156850087,-8.438621653592877,22.67065326979644
pole_reference,309,11,23,1.5,1.5696075333658461,-1.5103448142148692,3.3876747156850087,-8.438621653592877,22.67065326979644
pole_reference,310,11,24,1.5,1.5696075333658461,-1.5103448142148694,3.3876747156850087,-8.438621653592877,22.670653269796432
pole_reference,311,11,25,1.5,1.5696075333658461,-1.5103448142148692,3.3876747156850087,-8.438621653592877,22.67065326979644
pole_reference,312,12,0,2.0,0.2870012808764462,-2.0569932221863376,5.8799088676119435,-18.783780405816717,64.09337578615482
pole_reference,313,12,1,2.0,0.28700128087644616,-2.0569932221863376,5.879908867611944,-18.78378040581672,64.09337578615484
pole_reference,314,12,2,2.0,0.28700128087644616,-2.056993222186338,5.879908867611944,-18.78378040581672,64.09337578615485
pole_reference,315,12,3,2.0,0.28700128087644616,-2.0569932221863376,5.879908867611944,-18.78378040581672,64.09337578615484
pole_reference,316,12,4,2.0,0.28700128087644616,-2.0569932221863376,5.879908867611944,-18.78378040581672,64.09337578615487
pole_reference,317,12,5,2.0,0.2870012808764461,-2.056993222186338,5.879908867611946,-18.783780405816724,64.09337578615488
pole_reference,318,12,6,2.0,0.2914173128079709,-2.0258222098122274,5.790806999414844,-18.499136857908635,63.122126738279206
pole_reference,319,12,7,2.0,0.29141731280797084,-2.025822209812228,5.790806999414845,-18.49913685790864,63.12212673827922
pole_reference,320,12,8,2.0,0.2914173128079709,-2.0258222098122274,5.790806999414843,-18.499136857908635,63.122126738279206
pole_reference,321,12,9,2.0,0.29141731280797084,-2.0258222098122274,5.790806999414844,-18.49913685790864,63.12212673827922
pole_reference,322,12,10,2.0,0.29141731280797084,-2.025822209812228,5.790806999414842,-18.49913685790864,63.122126738279206
pole_reference,323,12,11,2.0,0.29141731280797084,-2.025822209812228,5.790806999414843,-18.49913685790864,63.122126738279206
pole_reference,324,12,12,2.0,0.29141731280797084,-2.025822209812228,5.790806999414843,-18.49913685790864,63.122126738279206
pole_reference,325,12,13,2.0,0.2914173128079708,-2.0258222098122283,5.790806999414843,-18.49913685790864,63.12212673827922
pole_reference,326,12,14,2.0,0.29141731280797084,-2.025822209812228,5.790806999414845,-18.49913685790864,63.122126738279206
pole_reference,327,12,15,2.0,0.2914173128079708,-2.0258222098122283,5.790806999414846,-18.49913685790864,63.122126738279206
pole_reference,328,12,16,2.0,0.2914173128079708,-2.0258222098122283,5.790806999414846,-18.49913685790864,63.122126738279206
pole_reference,329,12,17,2.0,0.29141731280797073,-2.0258222098122283,5.790806999414847,-18.499136857908642,63.12212673827922
pole_reference,330,12,18,2.0,0.29417733215186576,-2.0068155777810066,5.736476809289113,-18.325574622139452,62.52990519442381
pole_reference,331,12,19,2.0,0.29417733215186576,-2.006815577781006,5.736476809289113,-18.325574622139456,62.52990519442381
pole_reference,332,12,20,2.0,0.29417733215186576,-2.0068155777810066,5.736476809289113,-18.325574622139452,62.52990519442381
pole_reference,333,12,21,2.0,0.29417733215186576,-2.0068155777810066,5.736476809289113,-18.325574622139456,62.52990519442381
pole_reference,334,12,22,2.0,0.29417733215186576,-2.006815577781006,5.736476809289114,-18.325574622139452,62.52990519442381
pole_reference,335,12,23,2.0,0.29417733215186576,-2.0068155777810066,5.736476809289114,-18.325574622139456,62.52990519442381
pole_reference,336,12,24,2.0,0.29417733215186576,-2.0068155777810066,5.736476809289114,-18.325574622139452,62.52990519442381
pole_reference,337,12,25,2.0,0.29417733215186576,-2.0068155777810066,5.736476809289113,-18.325574622139456,62.52990519442381
pole_reference,338,13,0,2.5,0.03416450887731701,-2.5060271789503976,8.74929422496619,-34.19407003219544,142.42931819908975
pole_reference,339,13,1,2.5,0.034164508877317014,-2.506027178950397,8.749294224966189,-34.194070032195434,142.4293181990898
pole_reference,340,13,2,2.5,0.03416450887731701,-2.506027178950398,8.74929422496619,-34.19407003219544,142.42931819908975
pole_reference,341,13,3,2.5,0.034164508877317014,-2.506027178950397,8.749294224966189,-34.194070032195434,142.42931819908975
pole_reference,342,13,4,2.5,0.03416450887731701,-2.506027178950398,8.749294224966192,-34.194070032195434,142.42931819908978
pole_reference,343,13,5,2.5,0.03416450887731701,-2.5060271789503976,8.749294224966192,-34.194070032195434,142.42931819908978
pole_reference,344,13,6,2.5,0.03469052532553713,-2.468029974137197,8.616625642611874,-33.675592446296896,140.26968610825398
pole_reference,345,13,7,2.5,0.03469052532553713,-2.468029974137197,8.616625642611876,-33.675592446296896,140.26968610825395
pole_reference,346,13,8,2.5,0.03469052532553713,-2.468029974137197,8.616625642611874,-33.675592446296896,140.26968610825392
pole_reference,347,13,9,2.5,0.03469052532553713,-2.468029974137197,8.616625642611876,-33.675592446296896,140.26968610825392
pole_reference,348,13,10,2.5,0.034690525325537125,-2.4680299741371976,8.616625642611876,-33.6755924462969,140.26968610825398
pole_reference,349,13,11,2.5,0.034690525325537125,-2.4680299741371976,8.616625642611876,-33.6755924462969,140.26968610825395
pole_reference,350,13,12,2.5,0.03469052532553713,-2.468029974137197,8.616625642611874,-33.675592446296896,140.2696861082539
pole_reference,351,13,13,2.5,0.03469052532553713,-2.4680299741371976,8.616625642611874,-33.675592446296896,140.26968610825386
pole_reference,352,13,14,2.5,0.03469052532553713,-2.468029974137197,8.616625642611869,-33.67559244629689,140.26968610825392
pole_reference,353,13,15,2.5,0.034690525325537125,-2.468029974137198,8.61662564261187,-33.675592446296896,140.26968610825392
pole_reference,354,13,16,2.5,0.034690525325537125,-2.4680299741371976,8.616625642611872,-33.675592446296896,140.2696861082539
pole_reference,355,13,17,2.5,0.03469052532553713,-2.4680299741371976,8.61662564261187,-33.67559244629689,140.26968610825384
pole_reference,356,13,18,2.5,0.03501928810579868,-2.4448610521006233,8.53573104696779,-33.35944926799405,138.95284126692033
pole_reference,357,13,19,2.5,0.03501928810579868,-2.4448610521006233,8.53573104696779,-33.35944926799405,138.95284126692036
pole_reference,358,13,20,2.5,0.03501928810579868,-2.4448610521006233,8.53573104696779,-33.35944926799405,138.95284126692036
pole_reference,359,13,21,2.5,0.03501928810579868,-2.4448610521006233,8.53573104696779,-33.359449267994044,138.95284126692036
pole_reference,360,13,22,2.5,0.03501928810579868,-2.4448610521006238,8.53573104696779,-33.35944926799405,138.95284126692036
pole_reference,361,13,23,2.5,0.03501928810579868,-2.4448610521006238,8.535731046967792,-33.359449267994044,138.95284126692036
pole_reference,362,13,24,2.5,0.03501928810579868,-2.4448610521006238,8.535731046967792,-33.35944926799405,138.95284126692036
pole_reference,363,13,25,2.5,0.03501928810579868,-2.4448610521006233,8.535731046967792,-33.359449267994044,138.95284126692036
pole_reference,364,14,0,3.0,0.0031903606531067524,-2.420158827057704,9.784945216837727,-44.623903006211115,219.02045684391558
pole_reference,365,14,1,3.0,0.0031903606531067533,-2.420158827057703,9.784945216837725,-44.6239030062111,219.0204568439154
pole_reference,366,14,2,3.0,0.0031903606531067524,-2.420158827057703,9.784945216837727,-44.623903006211115,219.02045684391555
pole_reference,367,14,3,3.0,0.003190360653106753,-2.4201588270577026,9.784945216837727,-44.62390300621111,219.02045684391544
pole_reference,368,14,4,3.0,0.0031903606531067524,-2.4201588270577026,9.784945216837723,-44.623903006211115,219.02045684391555
pole_reference,369,14,5,3.0,0.003190360653106753,-2.420158827057702,9.784945216837722,-44.62390300621111,219.0204568439155
pole_reference,370,14,6,3.0,0.003240130608918956,-2.383008818142726,9.634614248882063,-43.938649268729044,215.6568908027606
pole_reference,371,14,7,3.0,0.003240130608918956,-2.383008818142725,9.63461424888206,-43.93864926872904,215.65689080276064
pole_reference,372,14,8,3.0,0.003240130608918956,-2.383008818142725,9.634614248882063,-43.93864926872904,215.65689080276064
pole_reference,373,14,9,3.0,0.003240130608918956,-2.383008818142725,9.63461424888206,-43.938649268729044,215.6568908027606
pole_reference,374,14,10,3.0,0.003240130608918956,-2.383008818142725,9.634614248882063,-43.93864926872904,215.6568908027606
pole_reference,375,14,11,3.0,0.003240130608918956,-2.3830088181427245,9.634614248882063,-43.93864926872904,215.6568908027606
pole_reference,376,14,12,3.0,0.003240130608918956,-2.3830088181427236,9.634614248882063,-43.93864926872904,215.6568908027606
pole_reference,377,14,13,3.0,0.003240130608918956,-2.3830088181427236,9.634614248882063,-43.93864926872904,215.6568908027606
pole_reference,378,14,14,3.0,0.003240130608918956,-2.3830088181427254,9.634614248882064,-43.93864926872904,215.65689080276056
pole_reference,379,14,15,3.0,0.003240130608918956,-2.3830088181427245,9.634614248882064,-43.938649268729044,215.65689080276056
pole_reference,380,14,16,3.0,0.003240130608918956,-2.3830088181427245,9.634614248882063,-43.938649268729044,215.65689080276056
pole_reference,381,14,17,3.0,0.003240130608918956,-2.3830088181427236,9.634614248882063,-43.93864926872904,215.65689080276056
pole_reference,382,14,18,3.0,0.0032712355445699767,-2.360364775838412,9.542984069831036,-43.52096128240793,213.60666996676758
pole_reference,383,14,19,3.0,0.003271235544569977,-2.3603647758384114,9.542984069831036,-43.52096128240793,213.6066699667676
pole_reference,384,14,20,3.0,0.003271235544569977,-2.360364775838411,9.542984069831034,-43.52096128240793,213.6066699667676
pole_reference,385,14,21,3.0,0.0032712355445699767,-2.360364775838412,9.542984069831036,-43.52096128240793,213.60666996676758
pole_reference,386,14,22,3.0,0.0032712355445699763,-2.3603647758384123,9.542984069831036,-43.52096128240794,213.60666996676767
pole_reference,387,14,23,3.0,0.0032712355445699776,-2.3603647758384105,9.542984069831034,-43.520961282407924,213.60666996676753
pole_reference,388,14,24,3.0,0.0032712355445699776,-2.3603647758384105,9.542984069831032,-43.52096128240793,213.60666996676753
pole_reference,389,14,25,3.0,0.0032712355445699767,-2.360364775838412,9.542984069831036,-43.520961282407946,213.60666996676764
pole_reference,390,15,0,3.5,0.0006455326222628375,-1.0936312185311243,3.8090364552986298,-17.152227402353734,91.53397272943998
pole_reference,391,15,1,3.5,0.0006455326222628376,-1.0936312185311243,3.809036455298629,-17.15222740235373,91.53397272943997
pole_reference,392,15,2,3.5,0.0006455326222628377,-1.0936312185311239,3.8090364552986284,-17.15222740235373,91.53397272943995
pole_reference,393,15,3,3.5,0.0006455326222628377,-1.0936312185311239,3.8090364552986284,-17.15222740235373,91.53397272943995
pole_reference,394,15,4,3.5,0.0006455326222628379,-1.0936312185311232,3.809036455298627,-17.152227402353724,91.53397272943992
pole_reference,395,15,5,3.5,0.0006455326222628379,-1.0936312185311234,3.809036455298627,-17.152227402353724,91.53397272943992
pole_reference,396,15,6,3.5,0.0006570456987338969,-1.0740342313529971,3.742576802426572,-16.851029299178492,89.92666416118979
pole_reference,397,15,7,3.5,0.0006570456987338969,-1.074034231352997,3.742576802426571,-16.851029299178492,89.92666416118979
pole_reference,398,15,8,3.5,0.0006570456987338969,-1.0740342313529971,3.742576802426571,-16.851029299178492,89.92666416118979
pole_reference,399,15,9,3.5,0.0006570456987338969,-1.074034231352997,3.742576802426571,-16.851029299178492,89.92666416118979
pole_reference,400,15,10,3.5,0.000657045698733897,-1.0740342313529967,3.7425768024265706,-16.851029299178492,89.92666416118978
pole_reference,401,15,11,3.5,0.000657045698733897,-1.0740342313529967,3.7425768024265706,-16.85102929917849,89.92666416118978
pole_reference,402,15,12,3.5,0.000657045698733897,-1.074034231352997,3.7425768024265706,-16.85102929917849,89.92666416118978
pole_reference,403,15,13,3.5,0.000657045698733897,-1.0740342313529967,3.7425768024265706,-16.85102929917849,89.92666416118978
pole_reference,404,15,14,3.5,0.0006570456987338971,-1.0740342313529965,3.74257680242657,-16.85102929917849,89.92666416118976
pole_reference,405,15,15,3.5,0.000657045698733897,-1.0740342313529965,3.7425768024265715,-16.851029299178492,89.92666416118978
pole_reference,406,15,16,3.5,0.0006570456987338971,-1.0740342313529965,3.74257680242657,-16.85102929917849,89.92666416118976
pole_reference,407,15,17,3.5,0.000657045698733897,-1.0740342313529965,3.7425768024265715,-16.851029299178492,89.92666416118978
pole_reference,408,15,18,3.5,0.0006642355604153506,-1.0621526007566664,3.7022377050989737,-16.66829667775105,88.95162355364168
pole_reference,409,15,19,3.5,0.0006642355604153505,-1.0621526007566664,3.702237705098974,-16.668296677751055,88.95162355364171
pole_reference,410,15,20,3.5,0.0006642355604153506,-1.0621526007566664,3.7022377050989737,-16.66829667775105,88.95162355364168
pole_reference,411,15,21,3.5,0.0006642355604153506,-1.0621526007566664,3.7022377050989737,-16.66829667775105,88.9516235536417
pole_reference,412,15,22,3.5,0.0006642355604153506,-1.0621526007566664,3.702237705098973,-16.66829667775105,88.9516235536417
pole_reference,413,15,23,3.5,0.0006642355604153505,-1.0621526007566664,3.7022377050989737,-16.668296677751055,88.95162355364171
pole_reference,414,15,24,3.5,0.0006642355604153506,-1.0621526007566664,3.702237705098973,-16.66829667775105,88.9516235536417
pole_reference,415,15,25,3.5,0.0006642355604153506,-1.0621526007566664,3.702237705098973,-16.66829667775105,88.9516235536417
pole_reference,416,16,0,4.0,0.00032884668007749724,-0.8181636194558091,1.5014954897316612,-4.005238277524978,15.128272512941031
pole_reference,417,16,1,4.0,0.00032884668007749724,-0.818163619455809,1.5014954897316604,-4.005238277524978,15.128272512941031
pole_reference,418,16,2,4.0,0.00032884668007749724,-0.8181636194558086,1.501495489731661,-4.0052382775249775,15.128272512941031
pole_reference,419,16,3,4.0,0.00032884668007749724,-0.8181636194558086,1.5014954897316604,-4.0052382775249775,15.128272512941031
pole_reference,420,16,4,4.0,0.00032884668007749724,-0.8181636194558086,1.5014954897316606,-4.005238277524978,15.128272512941031
pole_reference,421,16,5,4.0,0.0003288466800774972,-0.8181636194558087,1.5014954897316606,-4.005238277524978,15.128272512941033
pole_reference,422,16,6,4.0,0.00033482895015324673,-0.8040443123101706,1.4746789233857818,-3.932208163787844,14.847696725830025
pole_reference,423,16,7,4.0,0.00033482895015324673,-0.8040443123101706,1.4746789233857815,-3.9322081637878434,14.847696725830025
pole_reference,424,16,8,4.0,0.0003348289501532467,-0.8040443123101708,1.4746789233857818,-3.932208163787845,14.847696725830028
pole_reference,425,16,9,4.0,0.00033482895015324673,-0.8040443123101706,1.4746789233857815,-3.932208163787844,14.847696725830025
pole_reference,426,16,10,4.0,0.00033482895015324673,-0.8040443123101706,1.4746789233857815,-3.932208163787844,14.847696725830025
pole_reference,427,16,11,4.0,0.00033482895015324673,-0.8040443123101706,1.4746789233857815,-3.9322081637878434,14.847696725830023
pole_reference,428,16,12,4.0,0.0003348289501532467,-0.8040443123101708,1.4746789233857818,-3.932208163787845,14.847696725830028
pole_reference,429,16,13,4.0,0.0003348289501532467,-0.8040443123101708,1.4746789233857818,-3.9322081637878448,14.847696725830028
pole_reference,430,16,14,4.0,0.00033482895015324673,-0.8040443123101706,1.4746789233857813,-3.932208163787844,14.847696725830023
pole_reference,431,16,15,4.0,0.00033482895015324673,-0.8040443123101706,1.4746789233857813,-3.9322081637878434,14.847696725830023
pole_reference,432,16,16,4.0,0.0003348289501532467,-0.8040443123101708,1.4746789233857815,-3.9322081637878448,14.847696725830028
pole_reference,433,16,17,4.0,0.0003348289501532467,-0.8040443123101708,1.4746789233857815,-3.9322081637878448,14.84769672583003
pole_reference,434,16,18,4.0,0.00033858035460859526,-0.7954293161247125,1.4583455943413204,-3.8877243114224282,14.676739194473909
pole_reference,435,16,19,4.0,0.00033858035460859526,-0.7954293161247125,1.4583455943413204,-3.8877243114224282,14.676739194473909
pole_reference,436,16,20,4.0,0.00033858035460859526,-0.7954293161247123,1.4583455943413204,-3.8877243114224282,14.676739194473909
pole_reference,437,16,21,4.0,0.00033858035460859526,-0.7954293161247123,1.4583455943413202,-3.8877243114224282,14.676739194473905
pole_reference,438,16,22,4.0,0.00033858035460859526,-0.7954293161247125,1.4583455943413202,-3.8877243114224282,14.676739194473909
pole_reference,439,16,23,4.0,0.0003385803546085952,-0.7954293161247126,1.4583455943413204,-3.8877243114224287,14.676739194473909
pole_reference,440,16,24,4.0,0.0003385803546085952,-0.7954293161247125,1.4583455943413204,-3.8877243114224287,14.676739194473909
pole_reference,441,16,25,4.0,0.0003385803546085952,-0.7954293161247125,1.4583455943413204,-3.8877243114224287,14.676739194473909
full_reference,0,0,0,-4.0,0.00032872666328897723,0.8173368291675577,1.4987794790246343,3.9941113580919207,15.072472356442749
full_reference,1,0,1,-4.0,0.00032872666328897723,0.8173368291675577,1.4987794790246343,3.99411135809192,15.072472356442749
full_reference,2,0,2,-4.0,0.00032872666328897723,0.8173368291675579,1.4987794790246343,3.994111358091921,15.072472356442747
full_reference,3,0,3,-4.0,0.00032872666328897723,0.8173368291675579,1.4987794790246343,3.9941113580919207,15.072472356442747
full_reference,4,0,4,-4.0,0.00032872666328897723,0.8173368291675577,1.4987794790246343,3.9941113580919216,15.072472356442747
full_reference,5,0,5,-4.0,0.00032872666328897723,0.8173368291675579,1.4987794790246343,3.9941113580919216,15.072472356442747
full_reference,6,0,6,-4.0,0.00033470903035943175,0.8032267882479186,1.4720025403193844,3.921260499421997,14.792852508722826
full_reference,7,0,7,-4.0,0.0003347090303594318,0.8032267882479185,1.4720025403193844,3.921260499421996,14.79285250872282
full_reference,8,0,8,-4.0,0.00033470903035943175,0.8032267882479186,1.4720025403193846,3.921260499421997,14.792852508722822
full_reference,9,0,9,-4.0,0.0003347090303594318,0.8032267882479185,1.4720025403193848,3.921260499421996,14.79285250872282
full_reference,10,0,10,-4.0,0.0003347090303594318,0.8032267882479186,1.4720025403193842,3.921260499421997,14.792852508722822
full_reference,11,0,11,-4.0,0.0003347090303594318,0.8032267882479186,1.4720025403193844,3.921260499421997,14.79285250872282
full_reference,12,0,12,-4.0,0.00033470903035943175,0.8032267882479187,1.4720025403193846,3.9212604994219973,14.792852508722822
full_reference,13,0,13,-4.0,0.00033470903035943175,0.8032267882479187,1.472002540319385,3.921260499421997,14.79285250872282
full_reference,14,0,14,-4.0,0.00033470903035943186,0.8032267882479184,1.472002540319384,3.921260499421996,14.79285250872282
full_reference,15,0,15,-4.0,0.00033470903035943186,0.8032267882479184,1.4720025403193842,3.921260499421996,14.792852508722818
full_reference,16,0,16,-4.0,0.0003347090303594318,0.8032267882479185,1.4720025403193844,3.921260499421997,14.79285250872282
full_reference,17,0,17,-4.0,0.0003347090303594318,0.8032267882479185,1.4720025403193848,3.921260499421996,14.792852508722817
full_reference,18,0,18,-4.0,0.0003384604992072466,0.7946175215947873,1.4556935172271113,3.8768863676433822,14.622479732833076
full_reference,19,0,19,-4.0,0.0003384604992072467,0.7946175215947872,1.455693517227111,3.8768863676433822,14.622479732833073
full_reference,20,0,20,-4.0,0.0003384604992072467,0.7946175215947872,1.455693517227111,3.8768863676433822,14.622479732833073
full_reference,21,0,21,-4.0,0.0003384604992072467,0.7946175215947872,1.455693517227111,3.8768863676433822,14.622479732833073
full_reference,22,0,22,-4.0,0.0003384604992072467,0.7946175215947872,1.455693517227111,3.8768863676433813,14.622479732833073
full_reference,23,0,23,-4.0,0.0003384604992072467,0.7946175215947872,1.455693517227111,3.8768863676433822,14.622479732833073
full_reference,24,0,24,-4.0,0.0003384604992072467,0.7946175215947872,1.455693517227111,3.8768863676433822,14.622479732833073
full_reference,25,0,25,-4.0,0.0003384604992072467,0.7946175215947872,1.455693517227111,3.8768863676433822,14.622479732833071
full_reference,26,1,0,-3.5,0.0006451029116412469,1.091558346379946,3.7997393275322673,17.102246321225447,91.24633126093154
full_reference,27,1,1,-3.5,0.0006451029116412469,1.0915583463799465,3.7997393275322673,17.102246321225447,91.24633126093157
full_reference,28,1,2,-3.5,0.0006451029116412469,1.0915583463799463,3.7997393275322673,17.102246321225447,91.24633126093154
full_reference,29,1,3,-3.5,0.0006451029116412468,1.0915583463799468,3.799739327532268,17.102246321225447,91.24633126093157
full_reference,30,1,4,-3.5,0.0006451029116412469,1.0915583463799465,3.7997393275322673,17.102246321225447,91.24633126093153
full_reference,31,1,5,-3.5,0.0006451029116412468,1.0915583463799468,3.799739327532268,17.102246321225447,91.24633126093156
full_reference,32,1,6,-3.5,0.0006566105638757317,1.0719936263757517,3.7334304726242493,16.801869990787296,89.64378259397321
full_reference,33,1,7,-3.5,0.0006566105638757317,1.0719936263757517,3.7334304726242493,16.801869990787296,89.64378259397321
full_reference,34,1,8,-3.5,0.0006566105638757317,1.0719936263757517,3.7334304726242493,16.801869990787296,89.64378259397321
full_reference,35,1,9,-3.5,0.0006566105638757317,1.0719936263757517,3.7334304726242493,16.801869990787296,89.64378259397321
full_reference,36,1,10,-3.5,0.0006566105638757317,1.0719936263757512,3.7334304726242498,16.801869990787296,89.64378259397321
full_reference,37,1,11,-3.5,0.0006566105638757317,1.0719936263757515,3.7334304726242498,16.801869990787296,89.64378259397321
full_reference,38,1,12,-3.5,0.0006566105638757317,1.0719936263757512,3.7334304726242493,16.801869990787296,89.64378259397321
full_reference,39,1,13,-3.5,0.0006566105638757317,1.0719936263757515,3.7334304726242493,16.801869990787296,89.64378259397321
full_reference,40,1,14,-3.5,0.0006566105638757318,1.0719936263757512,3.7334304726242498,16.801869990787292,89.64378259397319
full_reference,41,1,15,-3.5,0.0006566105638757318,1.0719936263757512,3.7334304726242493,16.801869990787292,89.6437825939732
full_reference,42,1,16,-3.5,0.0006566105638757318,1.071993626375751,3.7334304726242484,16.801869990787292,89.6437825939732
full_reference,43,1,17,-3.5,0.0006566105638757318,1.0719936263757512,3.7334304726242484,16.801869990787292,89.6437825939732
full_reference,44,1,18,-3.5,0.0006637970237273061,1.0601316822036941,3.69318314480976,16.61963718316321,88.67163575869876
full_reference,45,1,19,-3.5,0.0006637970237273062,1.060131682203694,3.6931831448097596,16.619637183163206,88.67163575869877
full_reference,46,1,20,-3.5,0.0006637970237273061,1.0601316822036941,3.69318314480976,16.61963718316321,88.67163575869878
full_reference,47,1,21,-3.5,0.0006637970237273062,1.060131682203694,3.6931831448097596,16.619637183163206,88.67163575869877
full_reference,48,1,22,-3.5,0.0006637970237273062,1.060131682203694,3.6931831448097596,16.619637183163206,88.67163575869877
full_reference,49,1,23,-3.5,0.0006637970237273062,1.060131682203694,3.6931831448097596,16.619637183163206,88.67163575869877
full_reference,50,1,24,-3.5,0.0006637970237273062,1.060131682203694,3.6931831448097596,16.619637183163206,88.67163575869877
full_reference,51,1,25,-3.5,0.0006637970237273062,1.060131682203694,3.6931831448097596,16.619637183163206,88.67163575869877
full_reference,52,2,0,-3.0,0.0031852602139129235,2.4184732470376122,9.776532406880717,44.576683417053445,218.7513876229545
full_reference,53,2,1,-3.0,0.0031852602139129235,2.4184732470376122,9.776532406880717,44.576683417053445,218.7513876229545
full_reference,54,2,2,-3.0,0.0031852602139129244,2.4184732470376114,9.776532406880715,44.576683417053445,218.75138762295444
full_reference,55,2,3,-3.0,0.003185260213912925,2.418473247037611,9.776532406880714,44.57668341705344,218.7513876229544
full_reference,56,2,4,-3.0,0.0031852602139129252,2.4184732470376105,9.776532406880712,44.57668341705343,218.7513876229544
full_reference,57,2,5,-3.0,0.0031852602139129252,2.418473247037611,9.776532406880712,44.57668341705343,218.7513876229544
full_reference,58,2,6,-3.0,0.0032349417573393395,2.381355743008298,9.626356782175412,43.89227498531836,215.3925412110526
full_reference,59,2,7,-3.0,0.00323494175733934,2.381355743008298,9.626356782175412,43.892274985318345,215.39254121105256
full_reference,60,2,8,-3.0,0.00323494175733934,2.381355743008298,9.626356782175412,43.892274985318345,215.3925412110525
full_reference,61,2,9,-3.0,0.00323494175733934,2.381355743008298,9.626356782175412,43.892274985318345,215.39254121105256
full_reference,62,2,10,-3.0,0.003234941757339339,2.381355743008299,9.626356782175415,43.89227498531837,215.39254121105265
full_reference,63,2,11,-3.0,0.003234941757339339,2.381355743008299,9.626356782175414,43.89227498531836,215.39254121105265
full_reference,64,2,12,-3.0,0.003234941757339339,2.381355743008299,9.626356782175415,43.89227498531836,215.39254121105265
full_reference,65,2,13,-3.0,0.0032349417573393395,2.3813557430082986,9.626356782175414,43.89227498531835,215.39254121105262
full_reference,66,2,14,-3.0,0.003234941757339339,2.381355743008299,9.626356782175414,43.892274985318366,215.3925412110527
full_reference,67,2,15,-3.0,0.0032349417573393387,2.3813557430082994,9.626356782175414,43.89227498531837,215.3925412110527
full_reference,68,2,16,-3.0,0.003234941757339339,2.3813557430082994,9.626356782175415,43.89227498531836,215.39254121105267
full_reference,69,2,17,-3.0,0.003234941757339339,2.3813557430082994,9.626356782175414,43.89227498531836,215.39254121105267
full_reference,70,2,18,-3.0,0.00326599144249997,2.3587314060085105,9.534820876048256,43.47510030396872,213.34518766522825
full_reference,71,2,19,-3.0,0.0032659914424999696,2.358731406008511,9.534820876048258,43.47510030396873,213.34518766522828
full_reference,72,2,20,-3.0,0.0032659914424999696,2.358731406008511,9.534820876048258,43.47510030396873,213.34518766522828
full_reference,73,2,21,-3.0,0.00326599144249997,2.3587314060085105,9.534820876048256,43.475100303968716,213.34518766522825
full_reference,74,2,22,-3.0,0.00326599144249997,2.3587314060085105,9.534820876048256,43.47510030396872,213.34518766522825
full_reference,75,2,23,-3.0,0.0032659914424999696,2.358731406008511,9.534820876048258,43.475100303968716,213.3451876652283
full_reference,76,2,24,-3.0,0.0032659914424999696,2.358731406008511,9.534820876048258,43.475100303968716,213.34518766522828
full_reference,77,2,25,-3.0,0.00326599144249997,2.3587314060085105,9.534820876048256,43.475100303968716,213.34518766522828
full_reference,78,3,0,-2.5,0.034123968051170336,2.5052744419802835,8.744664018691285,34.167740424857236,142.2863625753938
full_reference,79,3,1,-2.5,0.034123968051170336,2.505274441980283,8.744664018691285,34.167740424857236,142.2863625753938
full_reference,80,3,2,-2.5,0.03412396805117034,2.505274441980283,8.744664018691282,34.16774042485723,142.28636257539375
full_reference,81,3,3,-2.5,0.03412396805117034,2.5052744419802826,8.744664018691282,34.16774042485723,142.28636257539378
full_reference,82,3,4,-2.5,0.03412396805117035,2.5052744419802835,8.744664018691282,34.16774042485722,142.28636257539372
full_reference,83,3,5,-2.5,0.03412396805117035,2.505274441980283,8.744664018691282,34.16774042485722,142.28636257539372
full_reference,84,3,6,-2.5,0.03464923808669533,2.4672973565048784,8.612096018572933,33.64978075207619,140.12939224090528
full_reference,85,3,7,-2.5,0.03464923808669533,2.4672973565048784,8.612096018572933,33.64978075207619,140.12939224090525
full_reference,86,3,8,-2.5,0.03464923808669533,2.467297356504879,8.612096018572933,33.64978075207619,140.12939224090528
full_reference,87,3,9,-2.5,0.03464923808669533,2.467297356504879,8.612096018572933,33.64978075207619,140.12939224090525
full_reference,88,3,10,-2.5,0.03464923808669532,2.4672973565048792,8.612096018572933,33.64978075207619,140.1293922409053
full_reference,89,3,11,-2.5,0.03464923808669532,2.4672973565048792,8.612096018572934,33.64978075207619,140.1293922409053
full_reference,90,3,12,-2.5,0.03464923808669532,2.4672973565048792,8.612096018572933,33.64978075207619,140.1293922409053
full_reference,91,3,13,-2.5,0.03464923808669533,2.4672973565048784,8.612096018572933,33.64978075207619,140.12939224090525
full_reference,92,3,14,-2.5,0.03464923808669533,2.467297356504879,8.612096018572931,33.64978075207619,140.12939224090528
full_reference,93,3,15,-2.5,0.03464923808669533,2.4672973565048792,8.612096018572933,33.64978075207619,140.12939224090525
full_reference,94,3,16,-2.5,0.03464923808669533,2.467297356504879,8.612096018572931,33.64978075207619,140.12939224090525
full_reference,95,3,17,-2.5,0.03464923808669533,2.4672973565048792,8.612096018572933,33.64978075207619,140.12939224090525
full_reference,96,3,18,-2.5,0.03497753436187097,2.444140570290953,8.531262293815178,33.333951580389204,138.81416297135945
full_reference,97,3,19,-2.5,0.03497753436187097,2.444140570290953,8.531262293815178,33.333951580389204,138.81416297135945
full_reference,98,3,20,-2.5,0.03497753436187097,2.444140570290953,8.531262293815178,33.33395158038921,138.81416297135945
full_reference,99,3,21,-2.5,0.03497753436187097,2.444140570290953,8.531262293815178,33.333951580389204,138.81416297135945
full_reference,100,3,22,-2.5,0.03497753436187097,2.444140570290953,8.531262293815177,33.333951580389204,138.81416297135945
full_reference,101,3,23,-2.5,0.03497753436187097,2.444140570290953,8.531262293815177,33.33395158038921,138.81416297135945
full_reference,102,3,24,-2.5,0.034977534361870975,2.4441405702909527,8.531262293815175,33.3339515803892,138.81416297135942
full_reference,103,3,25,-2.5,0.03497753436187097,2.444140570290953,8.531262293815177,33.33395158038921,138.81416297135945
full_reference,104,4,0,-2.0,0.2868257475807844,2.0562420719336103,5.87587331472526,18.764760527626063,64.00823312628425
full_reference,105,4,1,-2.0,0.2868257475807844,2.0562420719336103,5.875873314725259,18.764760527626063,64.00823312628424
full_reference,106,4,2,-2.0,0.28682574758078433,2.0562420719336107,5.8758733147252595,18.76476052762607,64.00823312628425
full_reference,107,4,3,-2.0,0.28682574758078433,2.0562420719336107,5.875873314725259,18.76476052762607,64.00823312628425
full_reference,108,4,4,-2.0,0.2868257475807843,2.0562420719336125,5.87587331472526,18.764760527626073,64.00823312628424
full_reference,109,4,5,-2.0,0.2868257475807843,2.056242071933613,5.87587331472526,18.764760527626073,64.00823312628424
full_reference,110,4,6,-2.0,0.2912382273461018,2.025088361087857,5.786849514886389,18.480459214336847,63.03845855492785
full_reference,111,4,7,-2.0,0.2912382273461018,2.0250883610878567,5.786849514886387,18.480459214336847,63.03845855492785
full_reference,112,4,8,-2.0,0.2912382273461018,2.0250883610878567,5.786849514886388,18.480459214336847,63.03845855492785
full_reference,113,4,9,-2.0,0.2912382273461017,2.0250883610878576,5.786849514886389,18.48045921433685,63.038458554927864
full_reference,114,4,10,-2.0,0.2912382273461018,2.025088361087857,5.786849514886389,18.480459214336847,63.03845855492785
full_reference,115,4,11,-2.0,0.2912382273461018,2.0250883610878576,5.786849514886387,18.480459214336847,63.03845855492785
full_reference,116,4,12,-2.0,0.2912382273461018,2.0250883610878576,5.786849514886389,18.480459214336847,63.03845855492785
full_reference,117,4,13,-2.0,0.2912382273461018,2.0250883610878576,5.786849514886389,18.480459214336847,63.03845855492785
full_reference,118,4,14,-2.0,0.2912382273461018,2.0250883610878576,5.78684951488639,18.480459214336847,63.038458554927864
full_reference,119,4,15,-2.0,0.2912382273461017,2.025088361087858,5.78684951488639,18.48045921433685,63.038458554927864
full_reference,120,4,16,-2.0,0.2912382273461018,2.0250883610878576,5.786849514886389,18.480459214336847,63.03845855492785
full_reference,121,4,17,-2.0,0.2912382273461017,2.025088361087858,5.78684951488639,18.48045921433685,63.038458554927864
full_reference,122,4,18,-2.0,0.29399602658248053,2.0060921893978274,5.732566671798542,18.307104841870405,62.4471332951833
full_reference,123,4,19,-2.0,0.29399602658248053,2.006092189397827,5.732566671798542,18.307104841870405,62.4471332951833
full_reference,124,4,20,-2.0,0.29399602658248053,2.0060921893978274,5.732566671798542,18.307104841870405,62.44713329518331
full_reference,125,4,21,-2.0,0.2939960265824806,2.006092189397827,5.732566671798541,18.3071048418704,62.4471332951833
full_reference,126,4,22,-2.0,0.2939960265824806,2.006092189397827,5.7325666717985415,18.307104841870405,62.4471332951833
full_reference,127,4,23,-2.0,0.2939960265824806,2.006092189397827,5.7325666717985415,18.307104841870405,62.4471332951833
full_reference,128,4,24,-2.0,0.29399602658248064,2.006092189397827,5.732566671798541,18.3071048418704,62.447133295183285
full_reference,129,4,25,-2.0,0.29399602658248064,2.006092189397827,5.7325666717985415,18.307104841870398,62.447133295183285
full_reference,130,5,0,-1.5,1.5309450624494516,1.547288834665405,3.4690487236836463,8.63750945669179,23.19540057755194
full_reference,131,5,1,-1.5,1.5309450624494512,1.5472888346654055,3.4690487236836476,8.637509456691792,23.195400577551947
full_reference,132,5,2,-1.5,1.5309450624494514,1.5472888346654057,3.4690487236836476,8.637509456691792,23.195400577551943
full_reference,133,5,3,-1.5,1.5309450624494512,1.547288834665406,3.469048723683648,8.637509456691792,23.195400577551947
full_reference,134,5,4,-1.5,1.5309450624494514,1.5472888346654057,3.4690487236836476,8.637509456691792,23.19540057755195
full_reference,135,5,5,-1.5,1.5309450624494512,1.547288834665406,3.469048723683648,8.637509456691792,23.195400577551954
full_reference,136,5,6,-1.5,1.5544964458444877,1.5238466415279566,3.416490935244632,8.50664682079367,22.84397848079316
full_reference,137,5,7,-1.5,1.5544964458444877,1.5238466415279563,3.416490935244632,8.50664682079367,22.84397848079316
full_reference,138,5,8,-1.5,1.5544964458444877,1.5238466415279563,3.416490935244632,8.506646820793671,22.84397848079316
full_reference,139,5,9,-1.5,1.5544964458444877,1.5238466415279563,3.416490935244632,8.506646820793671,22.84397848079316
full_reference,140,5,10,-1.5,1.5544964458444874,1.5238466415279568,3.416490935244632,8.506646820793675,22.843978480793165
full_reference,141,5,11,-1.5,1.5544964458444874,1.5238466415279568,3.416490935244632,8.506646820793673,22.843978480793172
full_reference,142,5,12,-1.5,1.5544964458444872,1.523846641527957,3.4164909352446324,8.506646820793675,22.84397848079317
full_reference,143,5,13,-1.5,1.5544964458444874,1.523846641527957,3.416490935244632,8.506646820793673,22.843978480793172
full_reference,144,5,14,-1.5,1.5544964458444874,1.523846641527957,3.4164909352446315,8.506646820793675,22.843978480793165
full_reference,145,5,15,-1.5,1.5544964458444874,1.523846641527957,3.4164909352446315,8.506646820793675,22.843978480793176
full_reference,146,5,16,-1.5,1.5544964458444874,1.523846641527957,3.4164909352446315,8.506646820793675,22.843978480793165
full_reference,147,5,17,-1.5,1.5544964458444874,1.5238466415279575,3.4164909352446315,8.506646820793675,22.843978480793176
full_reference,148,5,18,-1.5,1.5692160605520507,1.5095525974949424,3.3844434514288273,8.426852405167354,22.62969642157021
full_reference,149,5,19,-1.5,1.5692160605520507,1.5095525974949424,3.3844434514288273,8.426852405167354,22.629696421570213
full_reference,150,5,20,-1.5,1.5692160605520509,1.5095525974949418,3.384443451428827,8.426852405167352,22.629696421570205
full_reference,151,5,21,-1.5,1.5692160605520504,1.5095525974949422,3.384443451428828,8.426852405167356,22.629696421570216
full_reference,152,5,22,-1.5,1.5692160605520507,1.5095525974949424,3.3844434514288273,8.426852405167354,22.62969642157021
full_reference,153,5,23,-1.5,1.5692160605520507,1.5095525974949418,3.3844434514288273,8.426852405167354,22.629696421570213
full_reference,154,5,24,-1.5,1.5692160605520507,1.509552597494942,3.3844434514288273,8.426852405167354,22.62969642157021
full_reference,155,5,25,-1.5,1.5692160605520504,1.509552597494942,3.384443451428828,8.426852405167356,22.629696421570216
full_reference,156,6,0,-1.0,5.072598219156792,1.0316461684657294,1.7378801183128438,3.1518492964551346,6.394159242582624
full_reference,157,6,1,-1.0,5.072598219156792,1.0316461684657294,1.7378801183128434,3.1518492964551346,6.394159242582625
full_reference,158,6,2,-1.0,5.072598219156793,1.0316461684657292,1.7378801183128436,3.1518492964551337,6.394159242582623
full_reference,159,6,3,-1.0,5.072598219156793,1.0316461684657292,1.7378801183128436,3.1518492964551337,6.394159242582623
full_reference,160,6,4,-1.0,5.072598219156795,1.0316461684657292,1.737880118312843,3.151849296455133,6.394159242582619
full_reference,161,6,5,-1.0,5.072598219156795,1.031646168465729,1.7378801183128425,3.1518492964551332,6.394159242582619
full_reference,162,6,6,-1.0,5.1506344511123805,1.016015903741134,1.7115498423673576,3.104096257033104,6.297282572259569
full_reference,163,6,7,-1.0,5.1506344511123805,1.016015903741134,1.7115498423673576,3.104096257033104,6.297282572259567
full_reference,164,6,8,-1.0,5.1506344511123805,1.016015903741134,1.7115498423673576,3.104096257033104,6.297282572259569
full_reference,165,6,9,-1.0,5.1506344511123805,1.016015903741134,1.7115498423673576,3.104096257033104,6.297282572259569
full_reference,166,6,10,-1.0,5.150634451112382,1.0160159037411338,1.7115498423673567,3.1040962570331025,6.297282572259568
full_reference,167,6,11,-1.0,5.150634451112382,1.0160159037411338,1.7115498423673567,3.1040962570331025,6.297282572259568
full_reference,168,6,12,-1.0,5.150634451112382,1.0160159037411338,1.711549842367357,3.1040962570331025,6.297282572259568
full_reference,169,6,13,-1.0,5.150634451112382,1.0160159037411338,1.711549842367357,3.1040962570331025,6.297282572259568
full_reference,170,6,14,-1.0,5.150634451112382,1.0160159037411338,1.711549842367357,3.1040962570331025,6.297282572259568
full_reference,171,6,15,-1.0,5.150634451112382,1.0160159037411338,1.711549842367357,3.1040962570331025,6.297282572259568
full_reference,172,6,16,-1.0,5.150634451112382,1.0160159037411338,1.7115498423673574,3.1040962570331025,6.297282572259568
full_reference,173,6,17,-1.0,5.150634451112382,1.016015903741134,1.711549842367357,3.1040962570331025,6.297282572259568
full_reference,174,6,18,-1.0,5.199407095685247,1.0064852432766898,1.695494775655959,3.0749785095798647,6.238211317391156
full_reference,175,6,19,-1.0,5.199407095685247,1.0064852432766898,1.6954947756559595,3.0749785095798647,6.238211317391156
full_reference,176,6,20,-1.0,5.199407095685247,1.0064852432766898,1.69549477565596,3.074978509579865,6.238211317391154
full_reference,177,6,21,-1.0,5.199407095685247,1.0064852432766898,1.6954947756559595,3.0749785095798647,6.238211317391156
full_reference,178,6,22,-1.0,5.199407095685247,1.00648524327669,1.695494775655959,3.0749785095798647,6.238211317391156
full_reference,179,6,23,-1.0,5.199407095685247,1.00648524327669,1.6954947756559595,3.0749785095798647,6.238211317391156
full_reference,180,6,24,-1.0,5.199407095685247,1.00648524327669,1.695494775655959,3.074978509579865,6.238211317391156
full_reference,181,6,25,-1.0,5.199407095685247,1.00648524327669,1.6954947756559589,3.0749785095798643,6.238211317391156
full_reference,182,7,0,-0.5,10.4082942939246,0.5155031688044711,0.6999278684054602,0.7951718665699904,1.295119007976925
full_reference,183,7,1,-0.5,10.408294293924598,0.5155031688044711,0.6999278684054604,0.7951718665699905,1.2951190079769253
full_reference,184,7,2,-0.5,10.4082942939246,0.5155031688044711,0.6999278684054603,0.7951718665699901,1.295119007976925
full_reference,185,7,3,-0.5,10.4082942939246,0.5155031688044711,0.6999278684054603,0.7951718665699901,1.295119007976925
full_reference,186,7,4,-0.5,10.4082942939246,0.5155031688044711,0.6999278684054603,0.7951718665699898,1.295119007976925
full_reference,187,7,5,-0.5,10.4082942939246,0.515503168804471,0.6999278684054603,0.7951718665699898,1.295119007976925
full_reference,188,7,6,-0.5,10.568418040649021,0.5076927001793212,0.6893231529487254,0.7831240964402019,1.2754964697709446
full_reference,189,7,7,-0.5,10.568418040649021,0.5076927001793212,0.6893231529487255,0.7831240964402019,1.2754964697709446
full_reference,190,7,8,-0.5,10.568418040649021,0.5076927001793212,0.6893231529487254,0.7831240964402019,1.2754964697709446
full_reference,191,7,9,-0.5,10.568418040649023,0.5076927001793212,0.6893231529487254,0.7831240964402016,1.2754964697709443
full_reference,192,7,10,-0.5,10.568418040649021,0.5076927001793212,0.6893231529487254,0.783124096440202,1.2754964697709446
full_reference,193,7,11,-0.5,10.56841804064902,0.5076927001793213,0.6893231529487255,0.7831240964402021,1.2754964697709446
full_reference,194,7,12,-0.5,10.568418040649021,0.5076927001793212,0.6893231529487254,0.783124096440202,1.275496469770944
full_reference,195,7,13,-0.5,10.56841804064902,0.5076927001793213,0.6893231529487255,0.7831240964402021,1.2754964697709448
full_reference,196,7,14,-0.5,10.568418040649018,0.5076927001793216,0.6893231529487257,0.7831240964402025,1.2754964697709448
full_reference,197,7,15,-0.5,10.568418040649018,0.5076927001793213,0.6893231529487257,0.7831240964402025,1.2754964697709448
full_reference,198,7,16,-0.5,10.568418040649018,0.5076927001793216,0.6893231529487256,0.7831240964402024,1.2754964697709448
full_reference,199,7,17,-0.5,10.568418040649016,0.5076927001793214,0.6893231529487257,0.7831240964402025,1.2754964697709454
full_reference,200,7,18,-0.5,10.668495382335077,0.5029302165118578,0.6828568592061284,0.7757778906849472,1.2635314995660325
full_reference,201,7,19,-0.5,10.66849538233508,0.5029302165118577,0.6828568592061283,0.7757778906849472,1.2635314995660323
full_reference,202,7,20,-0.5,10.668495382335077,0.5029302165118578,0.6828568592061284,0.7757778906849473,1.2635314995660325
full_reference,203,7,21,-0.5,10.66849538233508,0.5029302165118575,0.6828568592061283,0.775777890684947,1.2635314995660325
full_reference,204,7,22,-0.5,10.668495382335077,0.5029302165118578,0.6828568592061284,0.7757778906849472,1.2635314995660325
full_reference,205,7,23,-0.5,10.668495382335077,0.5029302165118578,0.6828568592061284,0.7757778906849473,1.2635314995660325
full_reference,206,7,24,-0.5,10.66849538233508,0.5029302165118577,0.6828568592061283,0.7757778906849472,1.2635314995660323
full_reference,207,7,25,-0.5,10.668495382335077,0.5029302165118578,0.6828568592061284,0.7757778906849473,1.2635314995660327
full_reference,208,8,0,0.0,13.22543986510172,-0.0004547890516653279,0.35465338387155654,-0.00045145769515132626,0.4235661963919656
full_reference,209,8,1,0.0,13.22543986510172,-0.0004547890516653413,0.3546533838715564,-0.00045145769515134935,0.4235661963919657
full_reference,210,8,2,0.0,13.225439865101723,-0.0004547890516653193,0.35465338387155637,-0.0004514576951513104,0.4235661963919655
full_reference,211,8,3,0.0,13.225439865101722,-0.00045478905166533703,0.3546533838715564,-0.0004514576951512937,0.4235661963919656
full_reference,212,8,4,0.0,13.225439865101723,-0.00045478905166537005,0.35465338387155637,-0.00045145769515133845,0.4235661963919656
full_reference,213,8,5,0.0,13.225439865101725,-0.00045478905166537823,0.3546533838715563,-0.0004514576951513384,0.4235661963919655
full_reference,214,8,6,0.0,13.428908186827432,-0.0004478982125076848,0.3492798483049868,-0.0004446174011337268,0.4171485441777583
full_reference,215,8,7,0.0,13.42890818682743,-0.0004478982125076913,0.3492798483049869,-0.00044461740113366975,0.4171485441777584
full_reference,216,8,8,0.0,13.42890818682743,-0.0004478982125076833,0.3492798483049869,-0.0004446174011337359,0.4171485441777584
full_reference,217,8,9,0.0,13.428908186827432,-0.0004478982125076914,0.3492798483049868,-0.0004446174011337352,0.4171485441777583
full_reference,218,8,10,0.0,13.428908186827432,-0.00044789821250768285,0.3492798483049868,-0.0004446174011336302,0.4171485441777582
full_reference,219,8,11,0.0,13.428908186827433,-0.0004478982125076663,0.34927984830498676,-0.00044461740113363864,0.4171485441777582
full_reference,220,8,12,0.0,13.428908186827432,-0.000447898212507679,0.3492798483049868,-0.00044461740113367203,0.4171485441777584
full_reference,221,8,13,0.0,13.42890818682743,-0.000447898212507675,0.3492798483049869,-0.00044461740113358903,0.41714854417775843
full_reference,222,8,14,0.0,13.428908186827432,-0.0004478982125076142,0.3492798483049868,-0.00044461740113360096,0.4171485441777582
full_reference,223,8,15,0.0,13.428908186827428,-0.0004478982125076021,0.3492798483049869,-0.00044461740113360215,0.41714854417775826
full_reference,224,8,16,0.0,13.428908186827428,-0.0004478982125076145,0.3492798483049869,-0.0004446174011336063,0.41714854417775843
full_reference,225,8,17,0.0,13.428908186827428,-0.00044789821250763525,0.34927984830498693,-0.00044461740113359695,0.41714854417775843
full_reference,226,8,18,0.0,13.55607588834121,-0.0004436964813136516,0.3460033028390328,-0.00044044649010470827,0.4132353535029133
full_reference,227,8,19,0.0,13.556075888341212,-0.00044369648131364117,0.34600330283903274,-0.0004404464901046911,0.4132353535029133
full_reference,228,8,20,0.0,13.556075888341212,-0.00044369648131365065,0.34600330283903274,-0.00044044649010469076,0.4132353535029133
full_reference,229,8,21,0.0,13.556075888341212,-0.0004436964813136405,0.34600330283903274,-0.0004404464901047238,0.41323535350291324
full_reference,230,8,22,0.0,13.556075888341212,-0.0004436964813136363,0.3460033028390327,-0.0004404464901047217,0.4132353535029133
full_reference,231,8,23,0.0,13.556075888341212,-0.0004436964813136241,0.3460033028390327,-0.0004404464901046478,0.4132353535029133
full_reference,232,8,24,0.0,13.55607588834121,-0.00044369648131363233,0.3460033028390327,-0.00044044649010469304,0.4132353535029133
full_reference,233,8,25,0.0,13.556075888341212,-0.0004436964813136219,0.3460033028390327,-0.0004404464901046835,0.4132353535029133
full_reference,234,9,0,0.5,10.408299153425613,-0.5164026150532334,0.7011483827284719,-0.7974413063169085,1.2988349735120357
full_reference,235,9,1,0.5,10.408299153425611,-0.5164026150532335,0.701148382728472,-0.7974413063169085,1.2988349735120355
full_reference,236,9,2,0.5,10.408299153425615,-0.5164026150532334,0.7011483827284718,-0.7974413063169081,1.2988349735120355
full_reference,237,9,3,0.5,10.408299153425613,-0.5164026150532335,0.7011483827284719,-0.7974413063169085,1.2988349735120353
full_reference,238,9,4,0.5,10.408299153425617,-0.5164026150532334,0.7011483827284716,-0.7974413063169082,1.2988349735120353
full_reference,239,9,5,0.5,10.408299153425617,-0.5164026150532334,0.7011483827284716,-0.7974413063169082,1.2988349735120353
full_reference,240,9,6,0.5,10.568430731920984,-0.508578145440055,0.6905246680394868,-0.7853585747486445,1.2791551946806963
full_reference,241,9,7,0.5,10.568430731920985,-0.5085781454400549,0.6905246680394868,-0.7853585747486443,1.279155194680696
full_reference,242,9,8,0.5,10.568430731920985,-0.5085781454400549,0.6905246680394868,-0.7853585747486441,1.279155194680696
full_reference,243,9,9,0.5,10.568430731920984,-0.508578145440055,0.6905246680394869,-0.7853585747486443,1.2791551946806963
full_reference,244,9,10,0.5,10.568430731920985,-0.5085781454400549,0.6905246680394868,-0.7853585747486441,1.279155194680696
full_reference,245,9,11,0.5,10.568430731920987,-0.5085781454400549,0.6905246680394866,-0.7853585747486442,1.2791551946806958
full_reference,246,9,12,0.5,10.568430731920987,-0.5085781454400549,0.6905246680394866,-0.785358574748644,1.2791551946806958
full_reference,247,9,13,0.5,10.568430731920985,-0.5085781454400549,0.6905246680394866,-0.7853585747486441,1.279155194680696
full_reference,248,9,14,0.5,10.568430731920985,-0.5085781454400549,0.6905246680394868,-0.7853585747486441,1.279155194680696
full_reference,249,9,15,0.5,10.568430731920985,-0.5085781454400549,0.6905246680394868,-0.7853585747486443,1.2791551946806958
full_reference,250,9,16,0.5,10.568430731920987,-0.5085781454400549,0.6905246680394866,-0.785358574748644,1.2791551946806956
full_reference,251,9,17,0.5,10.568430731920984,-0.508578145440055,0.6905246680394869,-0.7853585747486443,1.279155194680696
full_reference,252,9,18,0.5,10.668512968462517,-0.503807130216801,0.6840467970438394,-0.7779910597309799,1.2671553357628254
full_reference,253,9,19,0.5,10.668512968462517,-0.503807130216801,0.6840467970438394,-0.7779910597309799,1.2671553357628254
full_reference,254,9,20,0.5,10.668512968462517,-0.503807130216801,0.6840467970438394,-0.7779910597309799,1.2671553357628254
full_reference,255,9,21,0.5,10.668512968462519,-0.5038071302168008,0.6840467970438392,-0.7779910597309798,1.267155335762825
full_reference,256,9,22,0.5,10.668512968462517,-0.5038071302168009,0.6840467970438394,-0.77799105973098,1.2671553357628254
full_reference,257,9,23,0.5,10.668512968462517,-0.5038071302168009,0.6840467970438395,-0.77799105973098,1.2671553357628251
full_reference,258,9,24,0.5,10.668512968462517,-0.5038071302168009,0.6840467970438394,-0.7779910597309803,1.2671553357628251
full_reference,259,9,25,0.5,10.668512968462519,-0.5038071302168007,0.6840467970438392,-0.7779910597309799,1.267155335762825
full_reference,260,10,0,1.0,5.072912421333185,-1.0325150052780527,1.7402379780161803,-3.1580369377414574,6.409802258581546
full_reference,261,10,1,1.0,5.072912421333186,-1.0325150052780525,1.7402379780161792,-3.158036937741457,6.4098022585815455
full_reference,262,10,2,1.0,5.072912421333186,-1.0325150052780523,1.7402379780161799,-3.158036937741457,6.4098022585815455
full_reference,263,10,3,1.0,5.072912421333186,-1.0325150052780523,1.7402379780161799,-3.1580369377414566,6.4098022585815455
full_reference,264,10,4,1.0,5.072912421333185,-1.0325150052780523,1.7402379780161803,-3.158036937741457,6.409802258581546
full_reference,265,10,5,1.0,5.072912421333186,-1.0325150052780523,1.7402379780161796,-3.1580369377414566,6.4098022585815455
full_reference,266,10,6,1.0,5.150961049184734,-1.0168700843293221,1.7138694626854274,-3.110185584516798,6.312679315547269
full_reference,267,10,7,1.0,5.150961049184734,-1.0168700843293224,1.7138694626854274,-3.110185584516798,6.312679315547269
full_reference,268,10,8,1.0,5.150961049184734,-1.0168700843293221,1.7138694626854274,-3.110185584516798,6.312679315547269
full_reference,269,10,9,1.0,5.150961049184734,-1.0168700843293224,1.7138694626854274,-3.1101855845167985,6.312679315547269
full_reference,270,10,10,1.0,5.150961049184733,-1.0168700843293224,1.7138694626854274,-3.1101855845167985,6.312679315547271
full_reference,271,10,11,1.0,5.150961049184734,-1.0168700843293224,1.7138694626854272,-3.1101855845167985,6.31267931554727
full_reference,272,10,12,1.0,5.150961049184735,-1.016870084329322,1.713869462685427,-3.1101855845167976,6.312679315547268
full_reference,273,10,13,1.0,5.150961049184735,-1.0168700843293221,1.713869462685427,-3.110185584516798,6.312679315547268
full_reference,274,10,14,1.0,5.150961049184733,-1.0168700843293226,1.7138694626854274,-3.1101855845167985,6.312679315547271
full_reference,275,10,15,1.0,5.150961049184735,-1.0168700843293221,1.713869462685427,-3.110185584516798,6.312679315547269
full_reference,276,10,16,1.0,5.150961049184735,-1.0168700843293221,1.713869462685427,-3.1101855845167976,6.312679315547271
full_reference,277,10,17,1.0,5.150961049184735,-1.0168700843293221,1.713869462685427,-3.110185584516798,6.312679315547269
full_reference,278,10,18,1.0,5.199741441191488,-1.0073305096776977,1.6977911172434967,-3.0810079585014387,6.25345803409319
full_reference,279,10,19,1.0,5.199741441191488,-1.0073305096776977,1.6977911172434967,-3.0810079585014387,6.25345803409319
full_reference,280,10,20,1.0,5.199741441191488,-1.0073305096776974,1.697791117243497,-3.0810079585014387,6.25345803409319
full_reference,281,10,21,1.0,5.199741441191489,-1.0073305096776972,1.6977911172434967,-3.0810079585014383,6.253458034093189
full_reference,282,10,22,1.0,5.199741441191488,-1.0073305096776974,1.697791117243497,-3.0810079585014387,6.25345803409319
full_reference,283,10,23,1.0,5.199741441191488,-1.0073305096776974,1.697791117243497,-3.0810079585014387,6.25345803409319
full_reference,284,10,24,1.0,5.199741441191488,-1.0073305096776974,1.697791117243497,-3.0810079585014387,6.25345803409319
full_reference,285,10,25,1.0,5.199741441191489,-1.0073305096776972,1.6977911172434965,-3.0810079585014383,6.253458034093191
full_reference,286,11,0,1.5,1.5313213236617598,-1.5481065263027856,3.4723734491138383,-8.649604791105556,23.237466900661286
full_reference,287,11,1,1.5,1.5313213236617598,-1.5481065263027858,3.4723734491138383,-8.649604791105556,23.237466900661286
full_reference,288,11,2,1.5,1.53132132366176,-1.5481065263027856,3.472373449113838,-8.649604791105556,23.237466900661282
full_reference,289,11,3,1.5,1.53132132366176,-1.548106526302786,3.472373449113838,-8.649604791105556,23.237466900661282
full_reference,290,11,4,1.5,1.53132132366176,-1.5481065263027856,3.4723734491138365,-8.649604791105556,23.237466900661282
full_reference,291,11,5,1.5,1.53132132366176,-1.5481065263027856,3.4723734491138365,-8.649604791105556,23.237466900661282
full_reference,292,11,6,1.5,1.5548819180199283,-1.5246485889353472,3.4197577624812876,-8.518540155460537,22.88535710570487
full_reference,293,11,7,1.5,1.5548819180199283,-1.5246485889353472,3.4197577624812876,-8.518540155460537,22.885357105704873
full_reference,294,11,8,1.5,1.5548819180199283,-1.5246485889353472,3.4197577624812876,-8.518540155460537,22.88535710570487
full_reference,295,11,9,1.5,1.5548819180199283,-1.5246485889353472,3.4197577624812876,-8.518540155460537,22.88535710570487
full_reference,296,11,10,1.5,1.5548819180199283,-1.5246485889353472,3.419757762481287,-8.518540155460537,22.88535710570487
full_reference,297,11,11,1.5,1.5548819180199285,-1.524648588935347,3.4197577624812867,-8.518540155460535,22.88535710570487
full_reference,298,11,12,1.5,1.5548819180199283,-1.5246485889353472,3.4197577624812876,-8.518540155460535,22.885357105704873
full_reference,299,11,13,1.5,1.5548819180199285,-1.524648588935347,3.419757762481287,-8.518540155460533,22.88535710570487
full_reference,300,11,14,1.5,1.5548819180199283,-1.5246485889353472,3.419757762481287,-8.518540155460537,22.88535710570487
full_reference,301,11,15,1.5,1.5548819180199285,-1.524648588935347,3.4197577624812867,-8.518540155460537,22.885357105704866
full_reference,302,11,16,1.5,1.5548819180199283,-1.5246485889353472,3.419757762481287,-8.518540155460537,22.885357105704873
full_reference,303,11,17,1.5,1.5548819180199285,-1.524648588935347,3.419757762481287,-8.518540155460535,22.885357105704866
full_reference,304,11,18,1.5,1.5696072895807232,-1.5103449954336143,3.3876750885361133,-8.438622852368391,22.670656479186984
full_reference,305,11,19,1.5,1.5696072895807232,-1.5103449954336143,3.3876750885361133,-8.438622852368391,22.670656479186984
full_reference,306,11,20,1.5,1.5696072895807232,-1.5103449954336146,3.3876750885361133,-8.438622852368391,22.670656479186984
full_reference,307,11,21,1.5,1.5696072895807232,-1.5103449954336143,3.3876750885361133,-8.438622852368391,22.670656479186984
full_reference,308,11,22,1.5,1.5696072895807234,-1.5103449954336141,3.387675088536113,-8.438622852368391,22.67065647918698
full_reference,309,11,23,1.5,1.569607289580723,-1.5103449954336146,3.3876750885361133,-8.438622852368393,22.670656479186988
full_reference,310,11,24,1.5,1.5696072895807234,-1.5103449954336141,3.387675088536113,-8.438622852368391,22.67065647918698
full_reference,311,11,25,1.5,1.5696072895807234,-1.5103449954336141,3.3876750885361124,-8.438622852368391,22.67065647918698
full_reference,312,12,0,2.0,0.28700111318627947,-2.0569941923410995,5.879911562869724,-18.78379034505952,64.0934101064539
full_reference,313,12,1,2.0,0.28700111318627936,-2.0569941923411004,5.879911562869727,-18.783790345059522,64.09341010645392
full_reference,314,12,2,2.0,0.28700111318627947,-2.0569941923410995,5.879911562869723,-18.78379034505951,64.0934101064539
full_reference,315,12,3,2.0,0.2870011131862794,-2.0569941923411,5.879911562869725,-18.78379034505951,64.0934101064539
full_reference,316,12,4,2.0,0.28700111318627947,-2.0569941923410995,5.879911562869721,-18.78379034505952,64.0934101064539
full_reference,317,12,5,2.0,0.2870011131862794,-2.0569941923411,5.879911562869721,-18.783790345059515,64.0934101064539
full_reference,318,12,6,2.0,0.2914171425095361,-2.025823165471273,5.790809654358898,-18.499146648391132,63.122160544384975
full_reference,319,12,7,2.0,0.2914171425095361,-2.025823165471273,5.790809654358898,-18.499146648391132,63.122160544384975
full_reference,320,12,8,2.0,0.2914171425095361,-2.025823165471273,5.790809654358898,-18.499146648391132,63.122160544384975
full_reference,321,12,9,2.0,0.2914171425095361,-2.025823165471273,5.790809654358898,-18.499146648391132,63.122160544384975
full_reference,322,12,10,2.0,0.29141714250953604,-2.0258231654712735,5.7908096543589,-18.499146648391136,63.122160544384975
full_reference,323,12,11,2.0,0.29141714250953604,-2.0258231654712735,5.7908096543589,-18.499146648391132,63.12216054438498
full_reference,324,12,12,2.0,0.29141714250953604,-2.0258231654712735,5.790809654358899,-18.499146648391136,63.122160544384975
full_reference,325,12,13,2.0,0.29141714250953604,-2.025823165471274,5.7908096543589,-18.499146648391136,63.12216054438498
full_reference,326,12,14,2.0,0.29141714250953604,-2.025823165471274,5.7908096543589,-18.499146648391132,63.12216054438498
full_reference,327,12,15,2.0,0.2914171425095361,-2.025823165471273,5.790809654358898,-18.49914664839113,63.122160544384975
full_reference,328,12,16,2.0,0.29141714250953604,-2.0258231654712735,5.790809654358899,-18.499146648391132,63.12216054438498
full_reference,329,12,17,2.0,0.2914171425095361,-2.0258231654712735,5.790809654358898,-18.499146648391132,63.122160544384975
full_reference,330,12,18,2.0,0.2941771602234042,-2.006816524596148,5.7364794396434124,-18.325584321872455,62.52993868689272
full_reference,331,12,19,2.0,0.2941771602234042,-2.006816524596148,5.7364794396434124,-18.32558432187246,62.529938686892706
full_reference,332,12,20,2.0,0.2941771602234042,-2.006816524596148,5.7364794396434124,-18.325584321872455,62.52993868689272
full_reference,333,12,21,2.0,0.2941771602234042,-2.006816524596148,5.7364794396434124,-18.32558432187246,62.529938686892706
full_reference,334,12,22,2.0,0.2941771602234042,-2.006816524596148,5.7364794396434124,-18.325584321872455,62.529938686892706
full_reference,335,12,23,2.0,0.2941771602234042,-2.006816524596148,5.7364794396434124,-18.32558432187246,62.529938686892706
full_reference,336,12,24,2.0,0.2941771602234042,-2.006816524596148,5.7364794396434124,-18.325584321872455,62.529938686892706
full_reference,337,12,25,2.0,0.2941771602234042,-2.006816524596148,5.7364794396434124,-18.32558432187246,62.5299386868927
full_reference,338,13,0,2.5,0.03416438728860655,-2.50603481470893,8.749321183437393,-34.194185023906066,142.42980421193502
full_reference,339,13,1,2.5,0.034164387288606546,-2.506034814708931,8.749321183437397,-34.19418502390607,142.42980421193514
full_reference,340,13,2,2.5,0.03416438728860655,-2.50603481470893,8.749321183437392,-34.194185023906066,142.429804211935
full_reference,341,13,3,2.5,0.034164387288606546,-2.506034814708931,8.749321183437393,-34.19418502390607,142.42980421193508
full_reference,342,13,4,2.5,0.03416438728860657,-2.506034814708929,8.749321183437386,-34.19418502390605,142.42980421193494
full_reference,343,13,5,2.5,0.03416438728860657,-2.506034814708929,8.749321183437388,-34.19418502390605,142.42980421193496
full_reference,344,13,6,2.5,0.03469040181302114,-2.4680374975614257,8.616652205537806,-33.675705744118275,140.27016496166448
full_reference,345,13,7,2.5,0.03469040181302114,-2.4680374975614257,8.616652205537806,-33.675705744118275,140.27016496166448
full_reference,346,13,8,2.5,0.034690401813021146,-2.468037497561425,8.616652205537804,-33.675705744118275,140.27016496166442
full_reference,347,13,9,2.5,0.03469040181302114,-2.4680374975614257,8.616652205537806,-33.675705744118275,140.27016496166445
full_reference,348,13,10,2.5,0.03469040181302114,-2.4680374975614257,8.616652205537804,-33.675705744118275,140.27016496166448
full_reference,349,13,11,2.5,0.03469040181302114,-2.4680374975614257,8.616652205537804,-33.67570574411828,140.27016496166448
full_reference,350,13,12,2.5,0.034690401813021146,-2.468037497561425,8.616652205537804,-33.675705744118275,140.2701649616644
full_reference,351,13,13,2.5,0.03469040181302114,-2.4680374975614257,8.616652205537806,-33.67570574411829,140.27016496166442
full_reference,352,13,14,2.5,0.03469040181302115,-2.4680374975614243,8.616652205537802,-33.675705744118254,140.27016496166442
full_reference,353,13,15,2.5,0.034690401813021146,-2.468037497561425,8.616652205537804,-33.67570574411827,140.27016496166445
full_reference,354,13,16,2.5,0.03469040181302115,-2.4680374975614248,8.616652205537802,-33.67570574411826,140.27016496166436
full_reference,355,13,17,2.5,0.03469040181302115,-2.4680374975614248,8.616652205537802,-33.67570574411826,140.27016496166436
full_reference,356,13,18,2.5,0.03501916339053457,-2.4448685070151104,8.535757368577645,-33.35956153258108,138.95331575305917
full_reference,357,13,19,2.5,0.03501916339053456,-2.444868507015111,8.535757368577647,-33.3595615325811,138.95331575305917
full_reference,358,13,20,2.5,0.03501916339053457,-2.4448685070151104,8.535757368577645,-33.35956153258109,138.95331575305914
full_reference,359,13,21,2.5,0.03501916339053457,-2.4448685070151104,8.535757368577643,-33.3595615325811,138.95331575305917
full_reference,360,13,22,2.5,0.03501916339053456,-2.444868507015111,8.535757368577647,-33.3595615325811,138.95331575305917
full_reference,361,13,23,2.5,0.035019163390534555,-2.4448685070151113,8.535757368577649,-33.359561532581104,138.9533157530592
full_reference,362,13,24,2.5,0.03501916339053456,-2.444868507015111,8.535757368577649,-33.359561532581104,138.95331575305917
full_reference,363,13,25,2.5,0.035019163390534555,-2.4448685070151117,8.53575736857765,-33.359561532581104,138.95331575305923
full_reference,364,14,0,3.0,0.0031902682242505123,-2.420218029802136,9.785199156382909,-44.62514504091689,219.02665766350177
full_reference,365,14,1,3.0,0.0031902682242505114,-2.420218029802138,9.785199156382912,-44.625145040916905,219.0266576635017
full_reference,366,14,2,3.0,0.0031902682242505123,-2.4202180298021383,9.78519915638291,-44.62514504091689,219.0266576635017
full_reference,367,14,3,3.0,0.003190268224250512,-2.4202180298021387,9.785199156382912,-44.6251450409169,219.02665766350168
full_reference,368,14,4,3.0,0.0031902682242505123,-2.4202180298021387,9.785199156382909,-44.62514504091689,219.0266576635017
full_reference,369,14,5,3.0,0.0031902682242505123,-2.4202180298021387,9.785199156382909,-44.62514504091689,219.02665766350168
full_reference,370,14,6,3.0,0.0032400366473978874,-2.3830671753452384,9.634864563778777,-43.93987344972147,215.66300245493218
full_reference,371,14,7,3.0,0.0032400366473978874,-2.3830671753452384,9.634864563778777,-43.93987344972146,215.66300245493218
full_reference,372,14,8,3.0,0.0032400366473978874,-2.3830671753452384,9.634864563778777,-43.93987344972146,215.66300245493218
full_reference,373,14,9,3.0,0.0032400366473978874,-2.3830671753452384,9.634864563778779,-43.93987344972146,215.66300245493218
full_reference,374,14,10,3.0,0.0032400366473978874,-2.3830671753452384,9.634864563778775,-43.93987344972147,215.66300245493215
full_reference,375,14,11,3.0,0.0032400366473978874,-2.383067175345239,9.634864563778775,-43.939873449721475,215.66300245493215
full_reference,376,14,12,3.0,0.003240036647397887,-2.383067175345239,9.634864563778777,-43.93987344972147,215.66300245493218
full_reference,377,14,13,3.0,0.003240036647397887,-2.3830671753452397,9.634864563778777,-43.93987344972147,215.6630024549322
full_reference,378,14,14,3.0,0.003240036647397887,-2.383067175345239,9.634864563778777,-43.939873449721475,215.66300245493218
full_reference,379,14,15,3.0,0.003240036647397887,-2.383067175345239,9.634864563778777,-43.93987344972148,215.66300245493218
full_reference,380,14,16,3.0,0.003240036647397887,-2.383067175345239,9.634864563778777,-43.93987344972148,215.66300245493218
full_reference,381,14,17,3.0,0.003240036647397887,-2.3830671753452397,9.634864563778779,-43.93987344972147,215.6630024549322
full_reference,382,14,18,3.0,0.0032711406252681693,-2.3604226166029867,9.543232170835452,-43.52217456116072,213.61272716853185
full_reference,383,14,19,3.0,0.0032711406252681693,-2.3604226166029867,9.543232170835452,-43.522174561160725,213.6127271685319
full_reference,384,14,20,3.0,0.0032711406252681693,-2.3604226166029867,9.543232170835452,-43.522174561160725,213.61272716853185
full_reference,385,14,21,3.0,0.0032711406252681693,-2.3604226166029867,9.543232170835452,-43.522174561160725,213.6127271685319
full_reference,386,14,22,3.0,0.003271140625268169,-2.3604226166029867,9.543232170835454,-43.52217456116073,213.61272716853193
full_reference,387,14,23,3.0,0.0032711406252681693,-2.3604226166029867,9.543232170835452,-43.522174561160725,213.6127271685319
full_reference,388,14,24,3.0,0.003271140625268169,-2.3604226166029876,9.543232170835452,-43.52217456116073,213.61272716853188
full_reference,389,14,25,3.0,0.0032711406252681693,-2.3604226166029867,9.543232170835452,-43.522174561160725,213.6127271685319
full_reference,390,15,0,3.5,0.0006454630669760544,-1.0936970070451115,3.809344092001695,-17.153881403383753,91.5433384621664
full_reference,391,15,1,3.5,0.0006454630669760545,-1.0936970070451113,3.809344092001694,-17.15388140338375,91.54333846216639
full_reference,392,15,2,3.5,0.0006454630669760545,-1.0936970070451113,3.809344092001694,-17.15388140338375,91.54333846216639
full_reference,393,15,3,3.5,0.0006454630669760545,-1.0936970070451113,3.809344092001695,-17.15388140338375,91.54333846216639
full_reference,394,15,4,3.5,0.0006454630669760545,-1.0936970070451113,3.809344092001694,-17.15388140338375,91.54333846216639
full_reference,395,15,5,3.5,0.0006454630669760545,-1.0936970070451113,3.809344092001695,-17.15388140338375,91.54333846216639
full_reference,396,15,6,3.5,0.0006569748039448352,-1.0740990481769874,3.7428795921931033,-16.852656816920103,89.93587896326912
full_reference,397,15,7,3.5,0.0006569748039448352,-1.0740990481769874,3.7428795921931037,-16.852656816920103,89.93587896326912
full_reference,398,15,8,3.5,0.0006569748039448352,-1.0740990481769874,3.7428795921931037,-16.852656816920103,89.93587896326912
full_reference,399,15,9,3.5,0.0006569748039448352,-1.0740990481769874,3.7428795921931037,-16.852656816920103,89.93587896326912
full_reference,400,15,10,3.5,0.0006569748039448351,-1.0740990481769874,3.7428795921931037,-16.852656816920113,89.93587896326913
full_reference,401,15,11,3.5,0.0006569748039448351,-1.0740990481769874,3.7428795921931037,-16.852656816920113,89.93587896326913
full_reference,402,15,12,3.5,0.0006569748039448351,-1.0740990481769874,3.7428795921931046,-16.852656816920113,89.93587896326913
full_reference,403,15,13,3.5,0.0006569748039448351,-1.0740990481769874,3.7428795921931046,-16.852656816920113,89.93587896326915
full_reference,404,15,14,3.5,0.0006569748039448351,-1.0740990481769874,3.7428795921931037,-16.852656816920113,89.93587896326915
full_reference,405,15,15,3.5,0.000656974803944835,-1.0740990481769876,3.742879592193105,-16.852656816920113,89.93587896326916
full_reference,406,15,16,3.5,0.0006569748039448352,-1.0740990481769874,3.7428795921931037,-16.85265681692011,89.93587896326913
full_reference,407,15,17,3.5,0.000656974803944835,-1.0740990481769876,3.742879592193105,-16.852656816920113,89.93587896326916
full_reference,408,15,18,3.5,0.0006641638293868147,-1.062216824094586,3.702537543229211,-16.669908077308456,88.96074653104449
full_reference,409,15,19,3.5,0.0006641638293868146,-1.062216824094586,3.7025375432292114,-16.669908077308456,88.9607465310445
full_reference,410,15,20,3.5,0.0006641638293868146,-1.062216824094586,3.7025375432292114,-16.66990807730846,88.9607465310445
full_reference,411,15,21,3.5,0.0006641638293868146,-1.062216824094586,3.7025375432292114,-16.669908077308456,88.9607465310445
full_reference,412,15,22,3.5,0.0006641638293868147,-1.0622168240945857,3.7025375432292105,-16.669908077308456,88.9607465310445
full_reference,413,15,23,3.5,0.0006641638293868147,-1.0622168240945857,3.702537543229211,-16.669908077308456,88.9607465310445
full_reference,414,15,24,3.5,0.0006641638293868146,-1.062216824094586,3.7025375432292114,-16.66990807730846,88.96074653104452
full_reference,415,15,25,3.5,0.0006641638293868146,-1.062216824094586,3.7025375432292114,-16.669908077308456,88.96074653104452
full_reference,416,16,0,4.0,0.0003287989183940936,-0.8181811735323085,1.5015571397381238,-4.005509552080522,15.12970963108921
full_reference,417,16,1,4.0,0.0003287989183940936,-0.8181811735323085,1.5015571397381238,-4.005509552080522,15.129709631089213
full_reference,418,16,2,4.0,0.00032879891839409357,-0.8181811735323082,1.501557139738124,-4.005509552080522,15.129709631089213
full_reference,419,16,3,4.0,0.00032879891839409357,-0.8181811735323082,1.501557139738124,-4.005509552080522,15.129709631089213
full_reference,420,16,4,4.0,0.00032879891839409357,-0.8181811735323082,1.501557139738124,-4.005509552080522,15.129709631089213
full_reference,421,16,5,4.0,0.00032879891839409357,-0.8181811735323082,1.501557139738124,-4.005509552080522,15.129709631089213
full_reference,422,16,6,4.0,0.0003347802623019647,-0.804061681408871,1.4747396964209265,-3.932475088492456,14.849109209037858
full_reference,423,16,7,4.0,0.0003347802623019647,-0.804061681408871,1.4747396964209265,-3.932475088492456,14.849109209037863
full_reference,424,16,8,4.0,0.0003347802623019648,-0.8040616814088708,1.4747396964209258,-3.9324750884924553,14.849109209037861
full_reference,425,16,9,4.0,0.0003347802623019648,-0.8040616814088708,1.4747396964209263,-3.9324750884924553,14.849109209037861
full_reference,426,16,10,4.0,0.0003347802623019648,-0.804061681408871,1.4747396964209263,-3.9324750884924553,14.849109209037858
full_reference,427,16,11,4.0,0.0003347802623019648,-0.804061681408871,1.4747396964209263,-3.9324750884924553,14.849109209037858
full_reference,428,16,12,4.0,0.0003347802623019648,-0.804061681408871,1.4747396964209263,-3.9324750884924553,14.849109209037858
full_reference,429,16,13,4.0,0.0003347802623019648,-0.804061681408871,1.4747396964209263,-3.9324750884924553,14.849109209037863
full_reference,430,16,14,4.0,0.0003347802623019648,-0.804061681408871,1.4747396964209263,-3.932475088492455,14.849109209037856
full_reference,431,16,15,4.0,0.0003347802623019648,-0.804061681408871,1.4747396964209263,-3.932475088492455,14.849109209037861
full_reference,432,16,16,4.0,0.0003347802623019648,-0.804061681408871,1.4747396964209263,-3.932475088492455,14.849109209037861
full_reference,433,16,17,4.0,0.0003347802623019648,-0.804061681408871,1.4747396964209263,-3.932475088492455,14.849109209037861
full_reference,434,16,18,4.0,0.0003385310858422221,-0.7954465706687553,1.4584058292424391,-3.887988574750614,14.678136621869658
full_reference,435,16,19,4.0,0.0003385310858422221,-0.7954465706687553,1.4584058292424391,-3.887988574750614,14.678136621869658
full_reference,436,16,20,4.0,0.00033853108584222215,-0.7954465706687551,1.4584058292424391,-3.8879885747506138,14.678136621869655
full_reference,437,16,21,4.0,0.00033853108584222215,-0.7954465706687551,1.4584058292424391,-3.8879885747506138,14.678136621869655
full_reference,438,16,22,4.0,0.0003385310858422221,-0.7954465706687553,1.4584058292424398,-3.887988574750614,14.678136621869655
full_reference,439,16,23,4.0,0.0003385310858422221,-0.7954465706687553,1.4584058292424398,-3.887988574750614,14.678136621869655
full_reference,440,16,24,4.0,0.00033853108584222204,-0.7954465706687555,1.45840582924244,-3.887988574750615,14.678136621869657
full_reference,441,16,25,4.0,0.00033853108584222204,-0.7954465706687555,1.45840582924244,-3.887988574750615,14.678136621869657
