8000.00 1.159022439676223 1.0000000000000
7999.00 1.159022425357432 1.0000000000000
7998.00 1.159022410985768 1.0000000000000
7997.00 1.159022396561023 1.0000000000000
7996.00 1.159022382082988 1.0000000000000
7995.00 1.159022367551453 1.0000000000000
7994.00 1.159022352966206 1.0000000000000
7993.00 1.159022338327035 1.0000000000000
7992.00 1.159022323633728 1.0000000000000
7991.00 1.159022308886073 1.0000000000000
7990.00 1.159022294083852 1.0000000000000
7989.00 1.159022279226852 1.0000000000000
7988.00 1.159022264314856 1.0000000000000
7987.00 1.159022249347646 1.0000000000000
7986.00 1.159022234325005 1.0000000000000
7985.00 1.159022219246713 1.0000000000000
7984.00 1.159022204112551 1.0000000000000
7983.00 1.159022188922296 1.0000000000000
7982.00 1.159022173675729 1.0000000000000
7981.00 1.159022158372625 1.0000000000000
7980.00 1.159022143012762 1.0000000000000
7979.00 1.159022127595914 1.0000000000000
7978.00 1.159022112121856 1.0000000000000
7977.00 1.159022096590361 1.0000000000000
7976.00 1.159022081001202 1.0000000000000
7975.00 1.159022065354150 1.0000000000000
7974.00 1.159022049648976 1.0000000000000
7973.00 1.159022033885449 1.0000000000000
7972.00 1.159022018063339 1.0000000000000
7971.00 1.159022002182413 1.0000000000000
7970.00 1.159021986242437 1.0000000000000
7969.00 1.159021970243177 1.0000000000000
7968.00 1.159021954184398 1.0000000000000
7967.00 1.159021938065864 1.0000000000000
7966.00 1.159021921887338 1.0000000000000
7965.00 1.159021905648581 1.0000000000000
7964.00 1.159021889349354 1.0000000000000
7963.00 1.159021872989416 1.0000000000000
7962.00 1.159021856568527 1.0000000000000
7961.00 1.159021840086444 1.0000000000000
7960.00 1.159021823542924 1.0000000000000
7959.00 1.159021806937722 1.0000000000000
7958.00 1.159021790270594 1.0000000000000
7957.00 1.159021773541292 1.0000000000000
7956.00 1.159021756749569 1.0000000000000
7955.00 1.159021739895177 1.0000000000000
7954.00 1.159021722977866 1.0000000000000
7953.00 1.159021705997386 1.0000000000000
7952.00 1.159021688953484 1.0000000000000
7951.00 1.159021671845909 1.0000000000000
7950.00 1.159021654674407 1.0000000000000
7949.00 1.159021637438722 1.0000000000000
7948.00 1.159021620138598 1.0000000000000
7947.00 1.159021602773779 1.0000000000000
7946.00 1.159021585344007 1.0000000000000
7945.00 1.159021567849022 1.0000000000000
7944.00 1.159021550288564 1.0000000000000
7943.00 1.159021532662371 1.0000000000000
7942.00 1.159021514970182 1.0000000000000
7941.00 1.159021497211732 1.0000000000000
7940.00 1.159021479386757 1.0000000000000
7939.00 1.159021461494990 1.0000000000000
7938.00 1.159021443536166 1.0000000000000
7937.00 1.159021425510015 1.0000000000000
7936.00 1.159021407416269 1.0000000000000
7935.00 1.159021389254656 1.0000000000000
7934.00 1.159021371024907 1.0000000000000
7933.00 1.159021352726747 1.0000000000000
7932.00 1.159021334359904 1.0000000000000
7931.00 1.159021315924101 1.0000000000000
7930.00 1.159021297419063 1.0000000000000
7929.00 1.159021278844513 1.0000000000000
7928.00 1.159021260200171 1.0000000000000
7927.00 1.159021241485759 1.0000000000000
7926.00 1.159021222700995 1.0000000000000
7925.00 1.159021203845598 1.0000000000000
7924.00 1.159021184919283 1.0000000000000
7923.00 1.159021165921766 1.0000000000000
7922.00 1.159021146852762 1.0000000000000
7921.00 1.159021127711984 1.0000000000000
7920.00 1.159021108499144 1.0000000000000
7919.00 1.159021089213952 1.0000000000000
7918.00 1.159021069856117 1.0000000000000
7917.00 1.159021050425348 1.0000000000000
7916.00 1.159021030921352 1.0000000000000
7915.00 1.159021011343834 1.0000000000000
7914.00 1.159020991692499 1.0000000000000
7913.00 1.159020971967049 1.0000000000000
7912.00 1.159020952167188 1.0000000000000
7911.00 1.159020932292614 1.0000000000000
7910.00 1.159020912343028 1.0000000000000
7909.00 1.159020892318128 1.0000000000000
7908.00 1.159020872217611 1.0000000000000
7907.00 1.159020852041171 1.0000000000000
7906.00 1.159020831788503 1.0000000000000
7905.00 1.159020811459300 1.0000000000000
7904.00 1.159020791053254 1.0000000000000
7903.00 1.159020770570054 1.0000000000000
7902.00 1.159020750009390 1.0000000000000
7901.00 1.159020729370949 1.0000000000000
7900.00 1.159020708654418 1.0000000000000
7899.00 1.159020687859480 1.0000000000000
7898.00 1.159020666985821 1.0000000000000
7897.00 1.159020646033121 1.0000000000000
7896.00 1.159020625001062 1.0000000000000
7895.00 1.159020603889323 1.0000000000000
7894.00 1.159020582697583 1.0000000000000
7893.00 1.159020561425518 1.0000000000000
7892.00 1.159020540072803 1.0000000000000
7891.00 1.159020518639112 1.0000000000000
7890.00 1.159020497124119 1.0000000000000
7889.00 1.159020475527494 1.0000000000000
7888.00 1.159020453848905 1.0000000000000
7887.00 1.159020432088023 1.0000000000000
7886.00 1.159020410244514 1.0000000000000
7885.00 1.159020388318043 1.0000000000000
7884.00 1.159020366308274 1.0000000000000
7883.00 1.159020344214871 1.0000000000000
7882.00 1.159020322037493 1.0000000000000
7881.00 1.159020299775801 1.0000000000000
7880.00 1.159020277429453 1.0000000000000
7879.00 1.159020254998105 1.0000000000000
7878.00 1.159020232481413 1.0000000000000
7877.00 1.159020209879031 1.0000000000000
7876.00 1.159020187190611 1.0000000000000
7875.00 1.159020164415804 1.0000000000000
7874.00 1.159020141554258 1.0000000000000
7873.00 1.159020118605623 1.0000000000000
7872.00 1.159020095569543 1.0000000000000
7871.00 1.159020072445665 1.0000000000000
7870.00 1.159020049233630 1.0000000000000
7869.00 1.159020025933080 1.0000000000000
7868.00 1.159020002543657 1.0000000000000
7867.00 1.159019979064998 1.0000000000000
7866.00 1.159019955496740 1.0000000000000
7865.00 1.159019931838519 1.0000000000000
7864.00 1.159019908089969 1.0000000000000
7863.00 1.159019884250722 1.0000000000000
7862.00 1.159019860320408 1.0000000000000
7861.00 1.159019836298658 1.0000000000000
7860.00 1.159019812185098 1.0000000000000
7859.00 1.159019787979354 1.0000000000000
7858.00 1.159019763681050 1.0000000000000
7857.00 1.159019739289810 1.0000000000000
7856.00 1.159019714805254 1.0000000000000
7855.00 1.159019690227002 1.0000000000000
7854.00 1.159019665554671 1.0000000000000
7853.00 1.159019640787878 1.0000000000000
7852.00 1.159019615926236 1.0000000000000
7851.00 1.159019590969360 1.0000000000000
7850.00 1.159019565916860 1.0000000000000
7849.00 1.159019540768344 1.0000000000000
7848.00 1.159019515523422 1.0000000000000
7847.00 1.159019490181699 1.0000000000000
7846.00 1.159019464742779 1.0000000000000
7845.00 1.159019439206264 1.0000000000000
7844.00 1.159019413571758 1.0000000000000
7843.00 1.159019387838856 1.0000000000000
7842.00 1.159019362007158 1.0000000000000
7841.00 1.159019336076260 1.0000000000000
7840.00 1.159019310045754 1.0000000000000
7839.00 1.159019283915234 1.0000000000000
7838.00 1.159019257684289 1.0000000000000
7837.00 1.159019231352508 1.0000000000000
7836.00 1.159019204919478 1.0000000000000
7835.00 1.159019178384784 1.0000000000000
7834.00 1.159019151748010 1.0000000000000
7833.00 1.159019125008736 1.0000000000000
7832.00 1.159019098166542 1.0000000000000
7831.00 1.159019071221006 1.0000000000000
7830.00 1.159019044171704 1.0000000000000
7829.00 1.159019017018210 1.0000000000000
7828.00 1.159018989760097 1.0000000000000
7827.00 1.159018962396934 1.0000000000000
7826.00 1.159018934928290 1.0000000000000
7825.00 1.159018907353732 1.0000000000000
7824.00 1.159018879672824 1.0000000000000
7823.00 1.159018851885129 1.0000000000000
7822.00 1.159018823990210 1.0000000000000
7821.00 1.159018795987623 1.0000000000000
7820.00 1.159018767876926 1.0000000000000
7819.00 1.159018739657675 1.0000000000000
7818.00 1.159018711329423 1.0000000000000
7817.00 1.159018682891721 1.0000000000000
7816.00 1.159018654344119 1.0000000000000
7815.00 1.159018625686162 1.0000000000000
7814.00 1.159018596917399 1.0000000000000
7813.00 1.159018568037370 1.0000000000000
7812.00 1.159018539045619 1.0000000000000
7811.00 1.159018509941684 1.0000000000000
7810.00 1.159018480725102 1.0000000000000
7809.00 1.159018451395410 1.0000000000000
7808.00 1.159018421952141 1.0000000000000
7807.00 1.159018392394825 1.0000000000000
7806.00 1.159018362722992 1.0000000000000
7805.00 1.159018332936168 1.0000000000000
7804.00 1.159018303033881 1.0000000000000
7803.00 1.159018273015652 1.0000000000000
7802.00 1.159018242881001 1.0000000000000
7801.00 1.159018212629450 1.0000000000000
7800.00 1.159018182260513 1.0000000000000
7799.00 1.159018151773705 1.0000000000000
7798.00 1.159018121168540 1.0000000000000
7797.00 1.159018090444527 1.0000000000000
7796.00 1.159018059601174 1.0000000000000
7795.00 1.159018028637988 1.0000000000000
7794.00 1.159017997554473 1.0000000000000
7793.00 1.159017966350131 1.0000000000000
7792.00 1.159017935024460 1.0000000000000
7791.00 1.159017903576958 1.0000000000000
7790.00 1.159017872007120 1.0000000000000
7789.00 1.159017840314440 1.0000000000000
7788.00 1.159017808498408 1.0000000000000
7787.00 1.159017776558512 1.0000000000000
7786.00 1.159017744494239 1.0000000000000
7785.00 1.159017712305073 1.0000000000000
7784.00 1.159017679990495 1.0000000000000
7783.00 1.159017647549984 1.0000000000000
7782.00 1.159017614983018 1.0000000000000
7781.00 1.159017582289072 1.0000000000000
7780.00 1.159017549467618 1.0000000000000
7779.00 1.159017516518126 1.0000000000000
7778.00 1.159017483440064 1.0000000000000
7777.00 1.159017450232898 1.0000000000000
7776.00 1.159017416896091 1.0000000000000
7775.00 1.159017383429103 1.0000000000000
7774.00 1.159017349831393 1.0000000000000
7773.00 1.159017316102417 1.0000000000000
7772.00 1.159017282241630 1.0000000000000
7771.00 1.159017248248480 1.0000000000000
7770.00 1.159017214122418 1.0000000000000
7769.00 1.159017179862891 1.0000000000000
7768.00 1.159017145469342 1.0000000000000
7767.00 1.159017110941211 1.0000000000000
7766.00 1.159017076277940 1.0000000000000
7765.00 1.159017041478963 1.0000000000000
7764.00 1.159017006543715 1.0000000000000
7763.00 1.159016971471628 1.0000000000000
7762.00 1.159016936262130 1.0000000000000
7761.00 1.159016900914648 1.0000000000000
7760.00 1.159016865428607 1.0000000000000
7759.00 1.159016829803426 1.0000000000000
7758.00 1.159016794038527 1.0000000000000
7757.00 1.159016758133323 1.0000000000000
7756.00 1.159016722087230 1.0000000000000
7755.00 1.159016685899658 1.0000000000000
7754.00 1.159016649570016 1.0000000000000
7753.00 1.159016613097710 1.0000000000000
7752.00 1.159016576482143 1.0000000000000
7751.00 1.159016539722715 1.0000000000000
7750.00 1.159016502818826 1.0000000000000
7749.00 1.159016465769869 1.0000000000000
7748.00 1.159016428575237 1.0000000000000
7747.00 1.159016391234321 1.0000000000000
7746.00 1.159016353746508 1.0000000000000
7745.00 1.159016316111181 1.0000000000000
7744.00 1.159016278327724 1.0000000000000
7743.00 1.159016240395514 1.0000000000000
7742.00 1.159016202313928 1.0000000000000
7741.00 1.159016164082340 1.0000000000000
7740.00 1.159016125700120 1.0000000000000
7739.00 1.159016087166636 1.0000000000000
7738.00 1.159016048481254 1.0000000000000
7737.00 1.159016009643335 1.0000000000000
7736.00 1.159015970652238 1.0000000000000
7735.00 1.159015931507322 1.0000000000000
7734.00 1.159015892207939 1.0000000000000
7733.00 1.159015852753439 1.0000000000000
7732.00 1.159015813143172 1.0000000000000
7731.00 1.159015773376482 1.0000000000000
7730.00 1.159015733452711 1.0000000000000
7729.00 1.159015693371199 1.0000000000000
7728.00 1.159015653131281 1.0000000000000
7727.00 1.159015612732291 1.0000000000000
7726.00 1.159015572173560 1.0000000000000
7725.00 1.159015531454415 1.0000000000000
7724.00 1.159015490574179 1.0000000000000
7723.00 1.159015449532175 1.0000000000000
7722.00 1.159015408327721 1.0000000000000
7721.00 1.159015366960131 1.0000000000000
7720.00 1.159015325428719 1.0000000000000
7719.00 1.159015283732793 1.0000000000000
7718.00 1.159015241871659 1.0000000000000
7717.00 1.159015199844621 1.0000000000000
7716.00 1.159015157650978 1.0000000000000
7715.00 1.159015115290027 1.0000000000000
7714.00 1.159015072761061 1.0000000000000
7713.00 1.159015030063371 1.0000000000000
7712.00 1.159014987196245 1.0000000000000
7711.00 1.159014944158965 1.0000000000000
7710.00 1.159014900950813 1.0000000000000
7709.00 1.159014857571067 1.0000000000000
7708.00 1.159014814019001 1.0000000000000
7707.00 1.159014770293887 1.0000000000000
7706.00 1.159014726394991 1.0000000000000
7705.00 1.159014682321579 1.0000000000000
7704.00 1.159014638072911 1.0000000000000
7703.00 1.159014593648247 1.0000000000000
7702.00 1.159014549046840 1.0000000000000
7701.00 1.159014504267943 1.0000000000000
7700.00 1.159014459310802 1.0000000000000
7699.00 1.159014414174662 1.0000000000000
7698.00 1.159014368858766 1.0000000000000
7697.00 1.159014323362350 1.0000000000000
7696.00 1.159014277684648 1.0000000000000
7695.00 1.159014231824893 1.0000000000000
7694.00 1.159014185782311 1.0000000000000
7693.00 1.159014139556126 1.0000000000000
7692.00 1.159014093145559 1.0000000000000
7691.00 1.159014046549827 1.0000000000000
7690.00 1.159013999768143 1.0000000000000
7689.00 1.159013952799717 1.0000000000000
7688.00 1.159013905643757 1.0000000000000
7687.00 1.159013858299464 1.0000000000000
7686.00 1.159013810766038 1.0000000000000
7685.00 1.159013763042674 1.0000000000000
7684.00 1.159013715128565 1.0000000000000
7683.00 1.159013667022899 1.0000000000000
7682.00 1.159013618724861 1.0000000000000
7681.00 1.159013570233631 1.0000000000000
7680.00 1.159013521548387 1.0000000000000
7679.00 1.159013472668303 1.0000000000000
7678.00 1.159013423592550 1.0000000000000
7677.00 1.159013374320292 1.0000000000000
7676.00 1.159013324850692 1.0000000000000
7675.00 1.159013275182909 1.0000000000000
7674.00 1.159013225316098 1.0000000000000
7673.00 1.159013175249410 1.0000000000000
7672.00 1.159013124981993 1.0000000000000
7671.00 1.159013074512989 1.0000000000000
7670.00 1.159013023841537 1.0000000000000
7669.00 1.159012972966774 1.0000000000000
7668.00 1.159012921887832 1.0000000000000
7667.00 1.159012870603838 1.0000000000000
7666.00 1.159012819113915 1.0000000000000
7665.00 1.159012767417185 1.0000000000000
7664.00 1.159012715512762 1.0000000000000
7663.00 1.159012663399758 1.0000000000000
7662.00 1.159012611077281 1.0000000000000
7661.00 1.159012558544437 1.0000000000000
7660.00 1.159012505800323 1.0000000000000
7659.00 1.159012452844035 1.0000000000000
7658.00 1.159012399674666 1.0000000000000
7657.00 1.159012346291303 1.0000000000000
7656.00 1.159012292693028 1.0000000000000
7655.00 1.159012238878922 1.0000000000000
7654.00 1.159012184848059 1.0000000000000
7653.00 1.159012130599510 1.0000000000000
7652.00 1.159012076132342 1.0000000000000
7651.00 1.159012021445617 1.0000000000000
7650.00 1.159011966538392 1.0000000000000
7649.00 1.159011911409723 1.0000000000000
7648.00 1.159011856058658 1.0000000000000
7647.00 1.159011800484243 1.0000000000000
7646.00 1.159011744685519 1.0000000000000
7645.00 1.159011688661521 1.0000000000000
7644.00 1.159011632411283 1.0000000000000
7643.00 1.159011575933832 1.0000000000000
7642.00 1.159011519228190 1.0000000000000
7641.00 1.159011462293378 1.0000000000000
7640.00 1.159011405128410 1.0000000000000
7639.00 1.159011347732295 1.0000000000000
7638.00 1.159011290104039 1.0000000000000
7637.00 1.159011232242642 1.0000000000000
7636.00 1.159011174147102 1.0000000000000
7635.00 1.159011115816409 1.0000000000000
7634.00 1.159011057249552 1.0000000000000
7633.00 1.159010998445512 1.0000000000000
7632.00 1.159010939403267 1.0000000000000
7631.00 1.159010880121791 1.0000000000000
7630.00 1.159010820600053 1.0000000000000
7629.00 1.159010760837015 1.0000000000000
7628.00 1.159010700831638 1.0000000000000
7627.00 1.159010640582876 1.0000000000000
7626.00 1.159010580089677 1.0000000000000
7625.00 1.159010519350988 1.0000000000000
7624.00 1.159010458365748 1.0000000000000
7623.00 1.159010397132892 1.0000000000000
7622.00 1.159010335651351 1.0000000000000
7621.00 1.159010273920050 1.0000000000000
7620.00 1.159010211937908 1.0000000000000
7619.00 1.159010149703843 1.0000000000000
7618.00 1.159010087216765 1.0000000000000
7617.00 1.159010024475578 1.0000000000000
7616.00 1.159009961479184 1.0000000000000
7615.00 1.159009898226479 1.0000000000000
7614.00 1.159009834716352 1.0000000000000
7613.00 1.159009770947690 1.0000000000000
7612.00 1.159009706919372 1.0000000000000
7611.00 1.159009642630273 1.0000000000000
7610.00 1.159009578079265 1.0000000000000
7609.00 1.159009513265210 1.0000000000000
7608.00 1.159009448186971 1.0000000000000
7607.00 1.159009382843399 1.0000000000000
7606.00 1.159009317233346 1.0000000000000
7605.00 1.159009251355654 1.0000000000000
7604.00 1.159009185209162 1.0000000000000
7603.00 1.159009118792705 1.0000000000000
7602.00 1.159009052105108 1.0000000000000
7601.00 1.159008985145195 1.0000000000000
7600.00 1.159008917911783 1.0000000000000
7599.00 1.159008850403683 1.0000000000000
7598.00 1.159008782619703 1.0000000000000
7597.00 1.159008714558641 1.0000000000000
7596.00 1.159008646219295 1.0000000000000
7595.00 1.159008577600452 1.0000000000000
7594.00 1.159008508700899 1.0000000000000
7593.00 1.159008439519412 1.0000000000000
7592.00 1.159008370054765 1.0000000000000
7591.00 1.159008300305724 1.0000000000000
7590.00 1.159008230271052 1.0000000000000
7589.00 1.159008159949504 1.0000000000000
7588.00 1.159008089339831 1.0000000000000
7587.00 1.159008018440777 1.0000000000000
7586.00 1.159007947251079 1.0000000000000
7585.00 1.159007875769472 1.0000000000000
7584.00 1.159007803994681 1.0000000000000
7583.00 1.159007731925429 1.0000000000000
7582.00 1.159007659560429 1.0000000000000
7581.00 1.159007586898391 1.0000000000000
7580.00 1.159007513938019 1.0000000000000
7579.00 1.159007440678009 1.0000000000000
7578.00 1.159007367117054 1.0000000000000
7577.00 1.159007293253837 1.0000000000000
7576.00 1.159007219087038 1.0000000000000
7575.00 1.159007144615330 1.0000000000000
7574.00 1.159007069837380 1.0000000000000
7573.00 1.159006994751849 1.0000000000000
7572.00 1.159006919357390 1.0000000000000
7571.00 1.159006843652654 1.0000000000000
7570.00 1.159006767636280 1.0000000000000
7569.00 1.159006691306905 1.0000000000000
7568.00 1.159006614663159 1.0000000000000
7567.00 1.159006537703665 1.0000000000000
7566.00 1.159006460427038 1.0000000000000
7565.00 1.159006382831890 1.0000000000000
7564.00 1.159006304916825 1.0000000000000
7563.00 1.159006226680439 1.0000000000000
7562.00 1.159006148121324 1.0000000000000
7561.00 1.159006069238063 1.0000000000000
7560.00 1.159005990029236 1.0000000000000
7559.00 1.159005910493411 1.0000000000000
7558.00 1.159005830629155 1.0000000000000
7557.00 1.159005750435026 1.0000000000000
7556.00 1.159005669909574 1.0000000000000
7555.00 1.159005589051343 1.0000000000000
7554.00 1.159005507858872 1.0000000000000
7553.00 1.159005426330691 1.0000000000000
7552.00 1.159005344465324 1.0000000000000
7551.00 1.159005262261289 1.0000000000000
7550.00 1.159005179717096 1.0000000000000
7549.00 1.159005096831248 1.0000000000000
7548.00 1.159005013602242 1.0000000000000
7547.00 1.159004930028567 1.0000000000000
7546.00 1.159004846108705 1.0000000000000
7545.00 1.159004761841131 1.0000000000000
7544.00 1.159004677224315 1.0000000000000
7543.00 1.159004592256717 1.0000000000000
7542.00 1.159004506936790 1.0000000000000
7541.00 1.159004421262982 1.0000000000000
7540.00 1.159004335233732 1.0000000000000
7539.00 1.159004248847472 1.0000000000000
7538.00 1.159004162102627 1.0000000000000
7537.00 1.159004074997615 1.0000000000000
7536.00 1.159003987530846 1.0000000000000
7535.00 1.159003899700722 1.0000000000000
7534.00 1.159003811505638 1.0000000000000
7533.00 1.159003722943984 1.0000000000000
7532.00 1.159003634014138 1.0000000000000
7531.00 1.159003544714473 1.0000000000000
7530.00 1.159003455043355 1.0000000000000
7529.00 1.159003364999140 1.0000000000000
7528.00 1.159003274580179 1.0000000000000
7527.00 1.159003183784814 1.0000000000000
7526.00 1.159003092611379 1.0000000000000
7525.00 1.159003001058200 1.0000000000000
7524.00 1.159002909123596 1.0000000000000
7523.00 1.159002816805878 1.0000000000000
7522.00 1.159002724103349 1.0000000000000
7521.00 1.159002631014303 1.0000000000000
7520.00 1.159002537537028 1.0000000000000
7519.00 1.159002443669803 1.0000000000000
7518.00 1.159002349410897 1.0000000000000
7517.00 1.159002254758575 1.0000000000000
7516.00 1.159002159711091 1.0000000000000
7515.00 1.159002064266691 1.0000000000000
7514.00 1.159001968423613 1.0000000000000
7513.00 1.159001872180087 1.0000000000000
7512.00 1.159001775534335 1.0000000000000
7511.00 1.159001678484570 1.0000000000000
7510.00 1.159001581028997 1.0000000000000
7509.00 1.159001483165813 1.0000000000000
7508.00 1.159001384893205 1.0000000000000
7507.00 1.159001286209352 1.0000000000000
7506.00 1.159001187112427 1.0000000000000
7505.00 1.159001087600591 1.0000000000000
7504.00 1.159000987671997 1.0000000000000
7503.00 1.159000887324791 1.0000000000000
7502.00 1.159000786557109 1.0000000000000
7501.00 1.159000685367078 1.0000000000000
7500.00 1.159000583752817 1.0000000000000
7499.00 1.159000481712437 1.0000000000000
7498.00 1.159000379244037 1.0000000000000
7497.00 1.159000276345710 1.0000000000000
7496.00 1.159000173015539 1.0000000000000
7495.00 1.159000069251597 1.0000000000000
7494.00 1.158999965051950 1.0000000000000
7493.00 1.158999860414653 1.0000000000000
7492.00 1.158999755337753 1.0000000000000
7491.00 1.158999649819288 1.0000000000000
7490.00 1.158999543857285 1.0000000000000
7489.00 1.158999437449763 1.0000000000000
7488.00 1.158999330594731 1.0000000000000
7487.00 1.158999223290190 1.0000000000000
7486.00 1.158999115534131 1.0000000000000
7485.00 1.158999007324533 1.0000000000000
7484.00 1.158998898659370 1.0000000000000
7483.00 1.158998789536602 1.0000000000000
7482.00 1.158998679954182 1.0000000000000
7481.00 1.158998569910054 1.0000000000000
7480.00 1.158998459402149 1.0000000000000
7479.00 1.158998348428391 1.0000000000000
7478.00 1.158998236986694 1.0000000000000
7477.00 1.158998125074960 1.0000000000000
7476.00 1.158998012691084 1.0000000000000
7475.00 1.158997899832948 1.0000000000000
7474.00 1.158997786498426 1.0000000000000
7473.00 1.158997672685383 1.0000000000000
7472.00 1.158997558391670 1.0000000000000
7471.00 1.158997443615132 1.0000000000000
7470.00 1.158997328353600 1.0000000000000
7469.00 1.158997212604899 1.0000000000000
7468.00 1.158997096366840 1.0000000000000
7467.00 1.158996979637225 1.0000000000000
7466.00 1.158996862413845 1.0000000000000
7465.00 1.158996744694482 1.0000000000000
7464.00 1.158996626476906 1.0000000000000
7463.00 1.158996507758877 1.0000000000000
7462.00 1.158996388538145 1.0000000000000
7461.00 1.158996268812447 1.0000000000000
7460.00 1.158996148579512 1.0000000000000
7459.00 1.158996027837056 1.0000000000000
7458.00 1.158995906582787 1.0000000000000
7457.00 1.158995784814398 1.0000000000000
7456.00 1.158995662529575 1.0000000000000
7455.00 1.158995539725991 1.0000000000000
7454.00 1.158995416401307 1.0000000000000
7453.00 1.158995292553176 1.0000000000000
7452.00 1.158995168179236 1.0000000000000
7451.00 1.158995043277116 1.0000000000000
7450.00 1.158994917844435 1.0000000000000
7449.00 1.158994791878797 1.0000000000000
7448.00 1.158994665377797 1.0000000000000
7447.00 1.158994538339020 1.0000000000000
7446.00 1.158994410760035 1.0000000000000
7445.00 1.158994282638403 1.0000000000000
7444.00 1.158994153971672 1.0000000000000
7443.00 1.158994024757380 1.0000000000000
7442.00 1.158993894993051 1.0000000000000
7441.00 1.158993764676198 1.0000000000000
7440.00 1.158993633804322 1.0000000000000
7439.00 1.158993502374913 1.0000000000000
7438.00 1.158993370385448 1.0000000000000
7437.00 1.158993237833392 1.0000000000000
7436.00 1.158993104716197 1.0000000000000
7435.00 1.158992971031306 1.0000000000000
7434.00 1.158992836776148 1.0000000000000
7433.00 1.158992701948137 1.0000000000000
7432.00 1.158992566544678 1.0000000000000
7431.00 1.158992430563163 1.0000000000000
7430.00 1.158992294000972 1.0000000000000
7429.00 1.158992156855469 1.0000000000000
7428.00 1.158992019124011 1.0000000000000
7427.00 1.158991880803937 1.0000000000000
7426.00 1.158991741892576 1.0000000000000
7425.00 1.158991602387244 1.0000000000000
7424.00 1.158991462285245 1.0000000000000
7423.00 1.158991321583867 1.0000000000000
7422.00 1.158991180280388 1.0000000000000
7421.00 1.158991038372072 1.0000000000000
7420.00 1.158990895856169 1.0000000000000
7419.00 1.158990752729917 1.0000000000000
7418.00 1.158990608990540 1.0000000000000
7417.00 1.158990464635250 1.0000000000000
7416.00 1.158990319661243 1.0000000000000
7415.00 1.158990174065704 1.0000000000000
7414.00 1.158990027845803 1.0000000000000
7413.00 1.158989880998698 1.0000000000000
7412.00 1.158989733521532 1.0000000000000
7411.00 1.158989585411434 1.0000000000000
7410.00 1.158989436665519 1.0000000000000
7409.00 1.158989287280890 1.0000000000000
7408.00 1.158989137254635 1.0000000000000
7407.00 1.158988986583829 1.0000000000000
7406.00 1.158988835265529 1.0000000000000
7405.00 1.158988683296782 1.0000000000000
7404.00 1.158988530674620 1.0000000000000
7403.00 1.158988377396059 1.0000000000000
7402.00 1.158988223458103 1.0000000000000
7401.00 1.158988068857740 1.0000000000000
7400.00 1.158987913591943 1.0000000000000
7399.00 1.158987757657671 1.0000000000000
7398.00 1.158987601051870 1.0000000000000
7397.00 1.158987443771468 1.0000000000000
7396.00 1.158987285813381 1.0000000000000
7395.00 1.158987127174509 1.0000000000000
7394.00 1.158986967851737 1.0000000000000
7393.00 1.158986807841935 1.0000000000000
7392.00 1.158986647141958 1.0000000000000
7391.00 1.158986485748645 1.0000000000000
7390.00 1.158986323658822 1.0000000000000
7389.00 1.158986160869296 1.0000000000000
7388.00 1.158985997376862 1.0000000000000
7387.00 1.158985833178298 1.0000000000000
7386.00 1.158985668270367 1.0000000000000
7385.00 1.158985502649815 1.0000000000000
7384.00 1.158985336313373 1.0000000000000
7383.00 1.158985169257757 1.0000000000000
7382.00 1.158985001479666 1.0000000000000
7381.00 1.158984832975784 1.0000000000000
7380.00 1.158984663742778 1.0000000000000
7379.00 1.158984493777298 1.0000000000000
7378.00 1.158984323075981 1.0000000000000
7377.00 1.158984151635445 1.0000000000000
7376.00 1.158983979452292 1.0000000000000
7375.00 1.158983806523107 1.0000000000000
7374.00 1.158983632844460 1.0000000000000
7373.00 1.158983458412904 1.0000000000000
7372.00 1.158983283224974 1.0000000000000
7371.00 1.158983107277189 1.0000000000000
7370.00 1.158982930566052 1.0000000000000
7369.00 1.158982753088047 1.0000000000000
7368.00 1.158982574839643 1.0000000000000
7367.00 1.158982395817290 1.0000000000000
7366.00 1.158982216017422 1.0000000000000
7365.00 1.158982035436455 1.0000000000000
7364.00 1.158981854070787 1.0000000000000
7363.00 1.158981671916802 1.0000000000000
7362.00 1.158981488970861 1.0000000000000
7361.00 1.158981305229311 1.0000000000000
7360.00 1.158981120688480 1.0000000000000
7359.00 1.158980935344678 1.0000000000000
7358.00 1.158980749194199 1.0000000000000
7357.00 1.158980562233315 1.0000000000000
7356.00 1.158980374458283 1.0000000000000
7355.00 1.158980185865342 1.0000000000000
7354.00 1.158979996450710 1.0000000000000
7353.00 1.158979806210588 1.0000000000000
7352.00 1.158979615141160 1.0000000000000
7351.00 1.158979423238589 1.0000000000000
7350.00 1.158979230499021 1.0000000000000
7349.00 1.158979036918581 1.0000000000000
7348.00 1.158978842493377 1.0000000000000
7347.00 1.158978647219498 1.0000000000000
7346.00 1.158978451093013 1.0000000000000
7345.00 1.158978254109972 1.0000000000000
7344.00 1.158978056266407 1.0000000000000
7343.00 1.158977857558328 1.0000000000000
7342.00 1.158977657981727 1.0000000000000
7341.00 1.158977457532578 1.0000000000000
7340.00 1.158977256206831 1.0000000000000
7339.00 1.158977054000421 1.0000000000000
7338.00 1.158976850909260 1.0000000000000
7337.00 1.158976646929242 1.0000000000000
7336.00 1.158976442056238 1.0000000000000
7335.00 1.158976236286102 1.0000000000000
7334.00 1.158976029614666 1.0000000000000
7333.00 1.158975822037742 1.0000000000000
7332.00 1.158975613551120 1.0000000000000
7331.00 1.158975404150572 1.0000000000000
7330.00 1.158975193831848 1.0000000000000
7329.00 1.158974982590677 1.0000000000000
7328.00 1.158974770422766 1.0000000000000
7327.00 1.158974557323804 1.0000000000000
7326.00 1.158974343289456 1.0000000000000
7325.00 1.158974128315366 1.0000000000000
7324.00 1.158973912397159 1.0000000000000
7323.00 1.158973695530434 1.0000000000000
7322.00 1.158973477710774 1.0000000000000
7321.00 1.158973258933735 1.0000000000000
7320.00 1.158973039194857 1.0000000000000
7319.00 1.158972818489651 1.0000000000000
7318.00 1.158972596813611 1.0000000000000
7317.00 1.158972374162208 1.0000000000000
7316.00 1.158972150530889 1.0000000000000
7315.00 1.158971925915080 1.0000000000000
7314.00 1.158971700310185 1.0000000000000
7313.00 1.158971473711585 1.0000000000000
7312.00 1.158971246114636 1.0000000000000
7311.00 1.158971017514675 1.0000000000000
7310.00 1.158970787907012 1.0000000000000
7309.00 1.158970557286937 1.0000000000000
7308.00 1.158970325649715 1.0000000000000
7307.00 1.158970092990590 1.0000000000000
7306.00 1.158969859304779 1.0000000000000
7305.00 1.158969624587478 1.0000000000000
7304.00 1.158969388833858 1.0000000000000
7303.00 1.158969152039067 1.0000000000000
7302.00 1.158968914198230 1.0000000000000
7301.00 1.158968675306445 1.0000000000000
7300.00 1.158968435358788 1.0000000000000
7299.00 1.158968194350310 1.0000000000000
7298.00 1.158967952276039 1.0000000000000
7297.00 1.158967709130975 1.0000000000000
7296.00 1.158967464910097 1.0000000000000
7295.00 1.158967219608357 1.0000000000000
7294.00 1.158966973220682 1.0000000000000
7293.00 1.158966725741976 1.0000000000000
7292.00 1.158966477167115 1.0000000000000
7291.00 1.158966227490952 1.0000000000000
7290.00 1.158965976708313 1.0000000000000
7289.00 1.158965724813998 1.0000000000000
7288.00 1.158965471802784 1.0000000000000
7287.00 1.158965217669418 1.0000000000000
7286.00 1.158964962408624 1.0000000000000
7285.00 1.158964706015100 1.0000000000000
7284.00 1.158964448483516 1.0000000000000
7283.00 1.158964189808516 1.0000000000000
7282.00 1.158963929984718 1.0000000000000
7281.00 1.158963669006713 1.0000000000000
7280.00 1.158963406869065 1.0000000000000
7279.00 1.158963143566312 1.0000000000000
7278.00 1.158962879092963 1.0000000000000
7277.00 1.158962613443502 1.0000000000000
7276.00 1.158962346612384 1.0000000000000
7275.00 1.158962078594036 1.0000000000000
7274.00 1.158961809382859 1.0000000000000
7273.00 1.158961538973225 1.0000000000000
7272.00 1.158961267359479 1.0000000000000
7271.00 1.158960994535936 1.0000000000000
7270.00 1.158960720496886 1.0000000000000
7269.00 1.158960445236587 1.0000000000000
7268.00 1.158960168749270 1.0000000000000
7267.00 1.158959891029138 1.0000000000000
7266.00 1.158959612070364 1.0000000000000
7265.00 1.158959331867092 1.0000000000000
7264.00 1.158959050413438 1.0000000000000
7263.00 1.158958767703487 1.0000000000000
7262.00 1.158958483731297 1.0000000000000
7261.00 1.158958198490893 1.0000000000000
7260.00 1.158957911976273 1.0000000000000
7259.00 1.158957624181404 1.0000000000000
7258.00 1.158957335100222 1.0000000000000
7257.00 1.158957044726635 1.0000000000000
7256.00 1.158956753054520 1.0000000000000
7255.00 1.158956460077720 1.0000000000000
7254.00 1.158956165790053 1.0000000000000
7253.00 1.158955870185301 1.0000000000000
7252.00 1.158955573257218 1.0000000000000
7251.00 1.158955274999526 1.0000000000000
7250.00 1.158954975405915 1.0000000000000
7249.00 1.158954674470044 1.0000000000000
7248.00 1.158954372185541 1.0000000000000
7247.00 1.158954068546000 1.0000000000000
7246.00 1.158953763544986 1.0000000000000
7245.00 1.158953457176029 1.0000000000000
7244.00 1.158953149432628 1.0000000000000
7243.00 1.158952840308250 1.0000000000000
7242.00 1.158952529796327 1.0000000000000
7241.00 1.158952217890261 1.0000000000000
7240.00 1.158951904583419 1.0000000000000
7239.00 1.158951589869135 1.0000000000000
7238.00 1.158951273740710 1.0000000000000
7237.00 1.158950956191412 1.0000000000000
7236.00 1.158950637214474 1.0000000000000
7235.00 1.158950316803096 1.0000000000000
7234.00 1.158949994950443 1.0000000000000
7233.00 1.158949671649646 1.0000000000000
7232.00 1.158949346893803 1.0000000000000
7231.00 1.158949020675975 1.0000000000000
7230.00 1.158948692989190 1.0000000000000
7229.00 1.158948363826440 1.0000000000000
7228.00 1.158948033180681 1.0000000000000
7227.00 1.158947701044837 1.0000000000000
7226.00 1.158947367411792 1.0000000000000
7225.00 1.158947032274397 1.0000000000000
7224.00 1.158946695625467 1.0000000000000
7223.00 1.158946357457779 1.0000000000000
7222.00 1.158946017764076 1.0000000000000
7221.00 1.158945676537062 1.0000000000000
7220.00 1.158945333769407 1.0000000000000
7219.00 1.158944989453743 1.0000000000000
7218.00 1.158944643582664 1.0000000000000
7217.00 1.158944296148727 1.0000000000000
7216.00 1.158943947144453 1.0000000000000
7215.00 1.158943596562323 1.0000000000000
7214.00 1.158943244394782 1.0000000000000
7213.00 1.158942890634236 1.0000000000000
7212.00 1.158942535273053 1.0000000000000
7211.00 1.158942178303562 1.0000000000000
7210.00 1.158941819718054 1.0000000000000
7209.00 1.158941459508781 1.0000000000000
7208.00 1.158941097667957 1.0000000000000
7207.00 1.158940734187753 1.0000000000000
7206.00 1.158940369060304 1.0000000000000
7205.00 1.158940002277704 1.0000000000000
7204.00 1.158939633832008 1.0000000000000
7203.00 1.158939263715230 1.0000000000000
7202.00 1.158938891919342 1.0000000000000
7201.00 1.158938518436280 1.0000000000000
7200.00 1.158938143257934 1.0000000000000
7199.00 1.158937766376156 1.0000000000000
7198.00 1.158937387782757 1.0000000000000
7197.00 1.158937007469505 1.0000000000000
7196.00 1.158936625428127 1.0000000000000
7195.00 1.158936241650309 1.0000000000000
7194.00 1.158935856127693 1.0000000000000
7193.00 1.158935468851880 1.0000000000000
7192.00 1.158935079814429 1.0000000000000
7191.00 1.158934689006854 1.0000000000000
7190.00 1.158934296420629 1.0000000000000
7189.00 1.158933902047183 1.0000000000000
7188.00 1.158933505877901 1.0000000000000
7187.00 1.158933107904125 1.0000000000000
7186.00 1.158932708117154 1.0000000000000
7185.00 1.158932306508242 1.0000000000000
7184.00 1.158931903068598 1.0000000000000
7183.00 1.158931497789387 1.0000000000000
7182.00 1.158931090661730 1.0000000000000
7181.00 1.158930681676701 1.0000000000000
7180.00 1.158930270825330 1.0000000000000
7179.00 1.158929858098602 1.0000000000000
7178.00 1.158929443487455 1.0000000000000
7177.00 1.158929026982781 1.0000000000000
7176.00 1.158928608575425 1.0000000000000
7175.00 1.158928188256189 1.0000000000000
7174.00 1.158927766015823 1.0000000000000
7173.00 1.158927341845034 1.0000000000000
7172.00 1.158926915734480 1.0000000000000
7171.00 1.158926487674772 1.0000000000000
7170.00 1.158926057656473 1.0000000000000
7169.00 1.158925625670097 1.0000000000000
7168.00 1.158925191706111 1.0000000000000
7167.00 1.158924755754934 1.0000000000000
7166.00 1.158924317806934 1.0000000000000
7165.00 1.158923877852432 1.0000000000000
7164.00 1.158923435881698 1.0000000000000
7163.00 1.158922991884953 1.0000000000000
7162.00 1.158922545852369 1.0000000000000
7161.00 1.158922097774066 1.0000000000000
7160.00 1.158921647640117 1.0000000000000
7159.00 1.158921195440540 1.0000000000000
7158.00 1.158920741165305 1.0000000000000
7157.00 1.158920284804329 1.0000000000000
7156.00 1.158919826347479 1.0000000000000
7155.00 1.158919365784570 1.0000000000000
7154.00 1.158918903105365 1.0000000000000
7153.00 1.158918438299573 1.0000000000000
7152.00 1.158917971356852 1.0000000000000
7151.00 1.158917502266808 1.0000000000000
7150.00 1.158917031018991 1.0000000000000
7149.00 1.158916557602900 1.0000000000000
7148.00 1.158916082007979 1.0000000000000
7147.00 1.158915604223619 1.0000000000000
7146.00 1.158915124239157 1.0000000000000
7145.00 1.158914642043873 1.0000000000000
7144.00 1.158914157626993 1.0000000000000
7143.00 1.158913670977691 1.0000000000000
7142.00 1.158913182085082 1.0000000000000
7141.00 1.158912690938226 1.0000000000000
7140.00 1.158912197526127 1.0000000000000
7139.00 1.158911701837732 1.0000000000000
7138.00 1.158911203861934 1.0000000000000
7137.00 1.158910703587566 1.0000000000000
7136.00 1.158910201003405 1.0000000000000
7135.00 1.158909696098171 1.0000000000000
7134.00 1.158909188860525 1.0000000000000
7133.00 1.158908679279069 1.0000000000000
7132.00 1.158908167342350 1.0000000000000
7131.00 1.158907653038852 1.0000000000000
7130.00 1.158907136357001 1.0000000000000
7129.00 1.158906617285167 1.0000000000000
7128.00 1.158906095811656 1.0000000000000
7127.00 1.158905571924715 1.0000000000000
7126.00 1.158905045612531 1.0000000000000
7125.00 1.158904516863230 1.0000000000000
7124.00 1.158903985664878 1.0000000000000
7123.00 1.158903452005479 1.0000000000000
7122.00 1.158902915872973 1.0000000000000
7121.00 1.158902377255242 1.0000000000000
7120.00 1.158901836140102 1.0000000000000
7119.00 1.158901292515310 1.0000000000000
7118.00 1.158900746368555 1.0000000000000
7117.00 1.158900197687467 1.0000000000000
7116.00 1.158899646459610 1.0000000000000
7115.00 1.158899092672484 1.0000000000000
7114.00 1.158898536313526 1.0000000000000
7113.00 1.158897977370108 1.0000000000000
7112.00 1.158897415829534 1.0000000000000
7111.00 1.158896851679046 1.0000000000000
7110.00 1.158896284905819 1.0000000000000
7109.00 1.158895715496961 1.0000000000000
7108.00 1.158895143439514 1.0000000000000
7107.00 1.158894568720454 1.0000000000000
7106.00 1.158893991326690 1.0000000000000
7105.00 1.158893411245059 1.0000000000000
7104.00 1.158892828462337 1.0000000000000
7103.00 1.158892242965226 1.0000000000000
7102.00 1.158891654740361 1.0000000000000
7101.00 1.158891063774310 1.0000000000000
7100.00 1.158890470053567 1.0000000000000
7099.00 1.158889873564562 1.0000000000000
7098.00 1.158889274293650 1.0000000000000
7097.00 1.158888672227118 1.0000000000000
7096.00 1.158888067351179 1.0000000000000
7095.00 1.158887459651980 1.0000000000000
7094.00 1.158886849115591 1.0000000000000
7093.00 1.158886235728013 1.0000000000000
7092.00 1.158885619475173 1.0000000000000
7091.00 1.158885000342925 1.0000000000000
7090.00 1.158884378317051 1.0000000000000
7089.00 1.158883753383258 1.0000000000000
7088.00 1.158883125527180 1.0000000000000
7087.00 1.158882494734375 1.0000000000000
7086.00 1.158881860990329 1.0000000000000
7085.00 1.158881224280449 1.0000000000000
7084.00 1.158880584590068 1.0000000000000
7083.00 1.158879941904445 1.0000000000000
7082.00 1.158879296208759 1.0000000000000
7081.00 1.158878647488113 1.0000000000000
7080.00 1.158877995727534 1.0000000000000
7079.00 1.158877340911971 1.0000000000000
7078.00 1.158876683026292 1.0000000000000
7077.00 1.158876022055292 1.0000000000000
7076.00 1.158875357983681 1.0000000000000
7075.00 1.158874690796092 1.0000000000000
7074.00 1.158874020477080 1.0000000000000
7073.00 1.158873347011116 1.0000000000000
7072.00 1.158872670382594 1.0000000000000
7071.00 1.158871990575823 1.0000000000000
7070.00 1.158871307575033 1.0000000000000
7069.00 1.158870621364372 1.0000000000000
7068.00 1.158869931927904 1.0000000000000
7067.00 1.158869239249611 1.0000000000000
7066.00 1.158868543313390 1.0000000000000
7065.00 1.158867844103058 1.0000000000000
7064.00 1.158867141602343 1.0000000000000
7063.00 1.158866435794891 1.0000000000000
7062.00 1.158865726664262 1.0000000000000
7061.00 1.158865014193930 1.0000000000000
7060.00 1.158864298367283 1.0000000000000
7059.00 1.158863579167624 1.0000000000000
7058.00 1.158862856578166 1.0000000000000
7057.00 1.158862130582037 1.0000000000000
7056.00 1.158861401162275 1.0000000000000
7055.00 1.158860668301831 1.0000000000000
7054.00 1.158859931983565 1.0000000000000
7053.00 1.158859192190249 1.0000000000000
7052.00 1.158858448904566 1.0000000000000
7051.00 1.158857702109107 1.0000000000000
7050.00 1.158856951786372 1.0000000000000
7049.00 1.158856197918769 1.0000000000000
7048.00 1.158855440488617 1.0000000000000
7047.00 1.158854679478138 1.0000000000000
7046.00 1.158853914869467 1.0000000000000
7045.00 1.158853146644638 1.0000000000000
7044.00 1.158852374785599 1.0000000000000
7043.00 1.158851599274197 1.0000000000000
7042.00 1.158850820092188 1.0000000000000
7041.00 1.158850037221230 1.0000000000000
7040.00 1.158849250642887 1.0000000000000
7039.00 1.158848460338626 1.0000000000000
7038.00 1.158847666289815 1.0000000000000
7037.00 1.158846868477728 1.0000000000000
7036.00 1.158846066883537 1.0000000000000
7035.00 1.158845261488318 1.0000000000000
7034.00 1.158844452273046 1.0000000000000
7033.00 1.158843639218599 1.0000000000000
7032.00 1.158842822305751 1.0000000000000
7031.00 1.158842001515178 1.0000000000000
7030.00 1.158841176827454 1.0000000000000
7029.00 1.158840348223050 1.0000000000000
7028.00 1.158839515682336 1.0000000000000
7027.00 1.158838679185577 1.0000000000000
7026.00 1.158837838712937 1.0000000000000
7025.00 1.158836994244474 1.0000000000000
7024.00 1.158836145760141 1.0000000000000
7023.00 1.158835293239787 1.0000000000000
7022.00 1.158834436663155 1.0000000000000
7021.00 1.158833576009880 1.0000000000000
7020.00 1.158832711259492 1.0000000000000
7019.00 1.158831842391411 1.0000000000000
7018.00 1.158830969384952 1.0000000000000
7017.00 1.158830092219318 1.0000000000000
7016.00 1.158829210873605 1.0000000000000
7015.00 1.158828325326797 1.0000000000000
7014.00 1.158827435557769 1.0000000000000
7013.00 1.158826541545285 1.0000000000000
7012.00 1.158825643267994 1.0000000000000
7011.00 1.158824740704437 1.0000000000000
7010.00 1.158823833833040 1.0000000000000
7009.00 1.158822922632114 1.0000000000000
7008.00 1.158822007079858 1.0000000000000
7007.00 1.158821087154356 1.0000000000000
7006.00 1.158820162833574 1.0000000000000
7005.00 1.158819234095364 1.0000000000000
7004.00 1.158818300917461 1.0000000000000
7003.00 1.158817363277483 1.0000000000000
7002.00 1.158816421152928 1.0000000000000
7001.00 1.158815474521177 1.0000000000000
7000.00 1.158814523359491 1.0000000000000
6999.00 1.158813567645012 1.0000000000000
6998.00 1.158812607354759 1.0000000000000
6997.00 1.158811642465634 1.0000000000000
6996.00 1.158810672954411 1.0000000000000
6995.00 1.158809698797747 1.0000000000000
6994.00 1.158808719972172 1.0000000000000
6993.00 1.158807736454093 1.0000000000000
6992.00 1.158806748219794 1.0000000000000
6991.00 1.158805755245432 1.0000000000000
6990.00 1.158804757507036 1.0000000000000
6989.00 1.158803754980513 1.0000000000000
6988.00 1.158802747641639 1.0000000000000
6987.00 1.158801735466063 1.0000000000000
6986.00 1.158800718429305 1.0000000000000
6985.00 1.158799696506756 1.0000000000000
6984.00 1.158798669673675 1.0000000000000
6983.00 1.158797637905193 1.0000000000000
6982.00 1.158796601176307 1.0000000000000
6981.00 1.158795559461883 1.0000000000000
6980.00 1.158794512736651 1.0000000000000
6979.00 1.158793460975212 1.0000000000000
6978.00 1.158792404152029 1.0000000000000
6977.00 1.158791342241429 1.0000000000000
6976.00 1.158790275217606 1.0000000000000
6975.00 1.158789203054615 1.0000000000000
6974.00 1.158788125726374 1.0000000000000
6973.00 1.158787043206663 1.0000000000000
6972.00 1.158785955469123 1.0000000000000
6971.00 1.158784862487254 1.0000000000000
6970.00 1.158783764234417 1.0000000000000
6969.00 1.158782660683830 1.0000000000000
6968.00 1.158781551808571 1.0000000000000
6967.00 1.158780437581572 1.0000000000000
6966.00 1.158779317975625 1.0000000000000
6965.00 1.158778192963376 1.0000000000000
6964.00 1.158777062517323 1.0000000000000
6963.00 1.158775926609822 1.0000000000000
6962.00 1.158774785213081 1.0000000000000
6961.00 1.158773638299157 1.0000000000000
6960.00 1.158772485839964 1.0000000000000
6959.00 1.158771327807263 1.0000000000000
6958.00 1.158770164172666 1.0000000000000
6957.00 1.158768994907633 1.0000000000000
6956.00 1.158767819983473 1.0000000000000
6955.00 1.158766639371344 1.0000000000000
6954.00 1.158765453042247 1.0000000000000
6953.00 1.158764260967033 1.0000000000000
6952.00 1.158763063116393 1.0000000000000
6951.00 1.158761859460867 1.0000000000000
6950.00 1.158760649970833 1.0000000000000
6949.00 1.158759434616516 1.0000000000000
6948.00 1.158758213367980 1.0000000000000
6947.00 1.158756986195129 1.0000000000000
6946.00 1.158755753067710 1.0000000000000
6945.00 1.158754513955304 1.0000000000000
6944.00 1.158753268827332 1.0000000000000
6943.00 1.158752017653054 1.0000000000000
6942.00 1.158750760401565 1.0000000000000
6941.00 1.158749497041792 1.0000000000000
6940.00 1.158748227542501 1.0000000000000
6939.00 1.158746951872290 1.0000000000000
6938.00 1.158745669999587 1.0000000000000
6937.00 1.158744381892653 1.0000000000000
6936.00 1.158743087519582 1.0000000000000
6935.00 1.158741786848296 1.0000000000000
6934.00 1.158740479846544 1.0000000000000
6933.00 1.158739166481905 1.0000000000000
6932.00 1.158737846721785 1.0000000000000
6931.00 1.158736520533414 1.0000000000000
6930.00 1.158735187883849 1.0000000000000
6929.00 1.158733848739970 1.0000000000000
6928.00 1.158732503068481 1.0000000000000
6927.00 1.158731150835905 1.0000000000000
6926.00 1.158729792008592 1.0000000000000
6925.00 1.158728426552706 1.0000000000000
6924.00 1.158727054434233 1.0000000000000
6923.00 1.158725675618977 1.0000000000000
6922.00 1.158724290072559 1.0000000000000
6921.00 1.158722897760416 1.0000000000000
6920.00 1.158721498647800 1.0000000000000
6919.00 1.158720092699778 1.0000000000000
6918.00 1.158718679881229 1.0000000000000
6917.00 1.158717260156844 1.0000000000000
6916.00 1.158715833491126 1.0000000000000
6915.00 1.158714399848386 1.0000000000000
6914.00 1.158712959192746 1.0000000000000
6913.00 1.158711511488136 1.0000000000000
6912.00 1.158710056698291 1.0000000000000
6911.00 1.158708594786753 1.0000000000000
6910.00 1.158707125716868 1.0000000000000
6909.00 1.158705649451787 1.0000000000000
6908.00 1.158704165954461 1.0000000000000
6907.00 1.158702675187645 1.0000000000000
6906.00 1.158701177113892 1.0000000000000
6905.00 1.158699671695558 1.0000000000000
6904.00 1.158698158894792 1.0000000000000
6903.00 1.158696638673545 1.0000000000000
6902.00 1.158695110993560 1.0000000000000
6901.00 1.158693575816377 1.0000000000000
6900.00 1.158692033103329 1.0000000000000
6899.00 1.158690482815541 1.0000000000000
6898.00 1.158688924913931 1.0000000000000
6897.00 1.158687359359205 1.0000000000000
6896.00 1.158685786111861 1.0000000000000
6895.00 1.158684205132182 1.0000000000000
6894.00 1.158682616380239 1.0000000000000
6893.00 1.158681019815888 1.0000000000000
6892.00 1.158679415398772 1.0000000000000
6891.00 1.158677803088313 1.0000000000000
6890.00 1.158676182843717 1.0000000000000
6889.00 1.158674554623973 1.0000000000000
6888.00 1.158672918387847 1.0000000000000
6887.00 1.158671274093882 1.0000000000000
6886.00 1.158669621700402 1.0000000000000
6885.00 1.158667961165505 1.0000000000000
6884.00 1.158666292447063 1.0000000000000
6883.00 1.158664615502723 1.0000000000000
6882.00 1.158662930289903 1.0000000000000
6881.00 1.158661236765793 1.0000000000000
6880.00 1.158659534887351 1.0000000000000
6879.00 1.158657824611306 1.0000000000000
6878.00 1.158656105894153 1.0000000000000
6877.00 1.158654378692151 1.0000000000000
6876.00 1.158652642961326 1.0000000000000
6875.00 1.158650898657468 1.0000000000000
6874.00 1.158649145736125 1.0000000000000
6873.00 1.158647384152611 1.0000000000000
6872.00 1.158645613861994 1.0000000000000
6871.00 1.158643834819106 1.0000000000000
6870.00 1.158642046978529 1.0000000000000
6869.00 1.158640250294606 1.0000000000000
6868.00 1.158638444721431 1.0000000000000
6867.00 1.158636630212851 1.0000000000000
6866.00 1.158634806722466 1.0000000000000
6865.00 1.158632974203624 1.0000000000000
6864.00 1.158631132609423 1.0000000000000
6863.00 1.158629281892708 1.0000000000000
6862.00 1.158627422006066 1.0000000000000
6861.00 1.158625552901836 1.0000000000000
6860.00 1.158623674532094 1.0000000000000
6859.00 1.158621786848659 1.0000000000000
6858.00 1.158619889803089 1.0000000000000
6857.00 1.158617983346686 1.0000000000000
6856.00 1.158616067430483 1.0000000000000
6855.00 1.158614142005250 1.0000000000000
6854.00 1.158612207021495 1.0000000000000
6853.00 1.158610262429457 1.0000000000000
6852.00 1.158608308179104 1.0000000000000
6851.00 1.158606344220137 1.0000000000000
6850.00 1.158604370501985 1.0000000000000
6849.00 1.158602386973803 1.0000000000000
6848.00 1.158600393584472 1.0000000000000
6847.00 1.158598390282597 1.0000000000000
6846.00 1.158596377016507 1.0000000000000
6845.00 1.158594353734249 1.0000000000000
6844.00 1.158592320383590 1.0000000000000
6843.00 1.158590276912019 1.0000000000000
6842.00 1.158588223266735 1.0000000000000
6841.00 1.158586159394656 1.0000000000000
6840.00 1.158584085242412 1.0000000000000
6839.00 1.158582000756345 1.0000000000000
6838.00 1.158579905882507 1.0000000000000
6837.00 1.158577800566656 1.0000000000000
6836.00 1.158575684754262 1.0000000000000
6835.00 1.158573558390496 1.0000000000000
6834.00 1.158571421420233 1.0000000000000
6833.00 1.158569273788051 1.0000000000000
6832.00 1.158567115438230 1.0000000000000
6831.00 1.158564946314745 1.0000000000000
6830.00 1.158562766361270 1.0000000000000
6829.00 1.158560575521175 1.0000000000000
6828.00 1.158558373737523 1.0000000000000
6827.00 1.158556160953069 1.0000000000000
6826.00 1.158553937110257 1.0000000000000
6825.00 1.158551702151223 1.0000000000000
6824.00 1.158549456017786 1.0000000000000
6823.00 1.158547198651454 1.0000000000000
6822.00 1.158544929993415 1.0000000000000
6821.00 1.158542649984542 1.0000000000000
6820.00 1.158540358565385 1.0000000000000
6819.00 1.158538055676174 1.0000000000000
6818.00 1.158535741256815 1.0000000000000
6817.00 1.158533415246890 1.0000000000000
6816.00 1.158531077585650 1.0000000000000
6815.00 1.158528728212022 1.0000000000000
6814.00 1.158526367064600 1.0000000000000
6813.00 1.158523994081646 1.0000000000000
6812.00 1.158521609201085 1.0000000000000
6811.00 1.158519212360511 1.0000000000000
6810.00 1.158516803497176 1.0000000000000
6809.00 1.158514382547994 1.0000000000000
6808.00 1.158511949449536 1.0000000000000
6807.00 1.158509504138030 1.0000000000000
6806.00 1.158507046549360 1.0000000000000
6805.00 1.158504576619060 1.0000000000000
6804.00 1.158502094282317 1.0000000000000
6803.00 1.158499599473966 1.0000000000000
6802.00 1.158497092128488 1.0000000000000
6801.00 1.158494572180011 1.0000000000000
6800.00 1.158492039562303 1.0000000000000
6799.00 1.158489494208779 1.0000000000000
6798.00 1.158486936052486 1.0000000000000
6797.00 1.158484365026112 1.0000000000000
6796.00 1.158481781061979 1.0000000000000
6795.00 1.158479184092045 1.0000000000000
6794.00 1.158476574047895 1.0000000000000
6793.00 1.158473950860744 1.0000000000000
6792.00 1.158471314461438 1.0000000000000
6791.00 1.158468664780445 1.0000000000000
6790.00 1.158466001747854 1.0000000000000
6789.00 1.158463325293379 1.0000000000000
6788.00 1.158460635346352 1.0000000000000
6787.00 1.158457931835721 1.0000000000000
6786.00 1.158455214690048 1.0000000000000
6785.00 1.158452483837509 1.0000000000000
6784.00 1.158449739205891 1.0000000000000
6783.00 1.158446980722587 1.0000000000000
6782.00 1.158444208314599 1.0000000000000
6781.00 1.158441421908531 1.0000000000000
6780.00 1.158438621430593 1.0000000000000
6779.00 1.158435806806589 1.0000000000000
6778.00 1.158432977961923 1.0000000000000
6777.00 1.158430134821597 1.0000000000000
6776.00 1.158427277310204 1.0000000000000
6775.00 1.158424405351926 1.0000000000000
6774.00 1.158421518870538 1.0000000000000
6773.00 1.158418617789399 1.0000000000000
6772.00 1.158415702031454 1.0000000000000
6771.00 1.158412771519228 1.0000000000000
6770.00 1.158409826174825 1.0000000000000
6769.00 1.158406865919932 1.0000000000000
6768.00 1.158403890675804 1.0000000000000
6767.00 1.158400900363274 1.0000000000000
6766.00 1.158397894902744 1.0000000000000
6765.00 1.158394874214184 1.0000000000000
6764.00 1.158391838217130 1.0000000000000
6763.00 1.158388786830681 1.0000000000000
6762.00 1.158385719973499 1.0000000000000
6761.00 1.158382637563803 1.0000000000000
6760.00 1.158379539519369 1.0000000000000
6759.00 1.158376425757526 1.0000000000000
6758.00 1.158373296195157 1.0000000000000
6757.00 1.158370150748693 1.0000000000000
6756.00 1.158366989334110 1.0000000000000
6755.00 1.158363811866931 1.0000000000000
6754.00 1.158360618262219 1.0000000000000
6753.00 1.158357408434577 1.0000000000000
6752.00 1.158354182298144 1.0000000000000
6751.00 1.158350939766594 1.0000000000000
6750.00 1.158347680753134 1.0000000000000
6749.00 1.158344405170499 1.0000000000000
6748.00 1.158341112930948 1.0000000000000
6747.00 1.158337803946270 1.0000000000000
6746.00 1.158334478127771 1.0000000000000
6745.00 1.158331135386278 1.0000000000000
6744.00 1.158327775632134 1.0000000000000
6743.00 1.158324398775195 1.0000000000000
6742.00 1.158321004724829 1.0000000000000
6741.00 1.158317593389914 1.0000000000000
6740.00 1.158314164678831 1.0000000000000
6739.00 1.158310718499465 1.0000000000000
6738.00 1.158307254759204 1.0000000000000
6737.00 1.158303773364932 1.0000000000000
6736.00 1.158300274223027 1.0000000000000
6735.00 1.158296757239360 1.0000000000000
6734.00 1.158293222319295 1.0000000000000
6733.00 1.158289669367679 1.0000000000000
6732.00 1.158286098288845 1.0000000000000
6731.00 1.158282508986606 1.0000000000000
6730.00 1.158278901364256 1.0000000000000
6729.00 1.158275275324564 1.0000000000000
6728.00 1.158271630769772 1.0000000000000
6727.00 1.158267967601589 1.0000000000000
6726.00 1.158264285721198 1.0000000000000
6725.00 1.158260585029243 1.0000000000000
6724.00 1.158256865425827 1.0000000000000
6723.00 1.158253126810516 1.0000000000000
6722.00 1.158249369082330 1.0000000000000
6721.00 1.158245592139744 1.0000000000000
6720.00 1.158241795880679 1.0000000000000
6719.00 1.158237980202506 1.0000000000000
6718.00 1.158234145002042 1.0000000000000
6717.00 1.158230290175541 1.0000000000000
6716.00 1.158226415618697 1.0000000000000
6715.00 1.158222521226640 1.0000000000000
6714.00 1.158218606893932 1.0000000000000
6713.00 1.158214672514565 1.0000000000000
6712.00 1.158210717981953 1.0000000000000
6711.00 1.158206743188937 1.0000000000000
6710.00 1.158202748027779 1.0000000000000
6709.00 1.158198732390156 1.0000000000000
6708.00 1.158194696167156 1.0000000000000
6707.00 1.158190639249283 1.0000000000000
6706.00 1.158186561526446 1.0000000000000
6705.00 1.158182462887958 1.0000000000000
6704.00 1.158178343222536 1.0000000000000
6703.00 1.158174202418290 1.0000000000000
6702.00 1.158170040362729 1.0000000000000
6701.00 1.158165856942755 1.0000000000000
6700.00 1.158161652044654 1.0000000000000
6699.00 1.158157425554100 1.0000000000000
6698.00 1.158153177356148 1.0000000000000
6697.00 1.158148907335234 1.0000000000000
6696.00 1.158144615375167 1.0000000000000
6695.00 1.158140301359127 1.0000000000000
6694.00 1.158135965169666 1.0000000000000
6693.00 1.158131606688702 1.0000000000000
6692.00 1.158127225797513 1.0000000000000
6691.00 1.158122822376733 1.0000000000000
6690.00 1.158118396306357 1.0000000000000
6689.00 1.158113947465731 1.0000000000000
6688.00 1.158109475733547 1.0000000000000
6687.00 1.158104980987844 1.0000000000000
6686.00 1.158100463106001 1.0000000000000
6685.00 1.158095921964738 1.0000000000000
6684.00 1.158091357440109 1.0000000000000
6683.00 1.158086769407497 1.0000000000000
6682.00 1.158082157741616 1.0000000000000
6681.00 1.158077522316503 1.0000000000000
6680.00 1.158072863005517 1.0000000000000
6679.00 1.158068179681332 1.0000000000000
6678.00 1.158063472215936 1.0000000000000
6677.00 1.158058740480628 1.0000000000000
6676.00 1.158053984346016 1.0000000000000
6675.00 1.158049203682006 1.0000000000000
6674.00 1.158044398357804 1.0000000000000
6673.00 1.158039568241916 1.0000000000000
6672.00 1.158034713202137 1.0000000000000
6671.00 1.158029833105549 1.0000000000000
6670.00 1.158024927818520 1.0000000000000
6669.00 1.158019997206697 1.0000000000000
6668.00 1.158015041135010 1.0000000000000
6667.00 1.158010059467655 1.0000000000000
6666.00 1.158005052068101 1.0000000000000
6665.00 1.158000018799081 1.0000000000000
6664.00 1.157994959522595 1.0000000000000
6663.00 1.157989874099896 1.0000000000000
6662.00 1.157984762391492 1.0000000000000
6661.00 1.157979624257142 1.0000000000000
6660.00 1.157974459555853 1.0000000000000
6659.00 1.157969268145876 1.0000000000000
6658.00 1.157964049884696 1.0000000000000
6657.00 1.157958804629035 1.0000000000000
6656.00 1.157953532234848 1.0000000000000
6655.00 1.157948232557317 1.0000000000000
6654.00 1.157942905450843 1.0000000000000
6653.00 1.157937550769050 1.0000000000000
6652.00 1.157932168364774 1.0000000000000
6651.00 1.157926758090067 1.0000000000000
6650.00 1.157921319796184 1.0000000000000
6649.00 1.157915853333583 1.0000000000000
6648.00 1.157910358551922 1.0000000000000
6647.00 1.157904835300053 1.0000000000000
6646.00 1.157899283426021 1.0000000000000
6645.00 1.157893702777055 1.0000000000000
6644.00 1.157888093199566 1.0000000000000
6643.00 1.157882454539146 1.0000000000000
6642.00 1.157876786640560 1.0000000000000
6641.00 1.157871089347743 1.0000000000000
6640.00 1.157865362503793 1.0000000000000
6639.00 1.157859605950973 1.0000000000000
6638.00 1.157853819530702 1.0000000000000
6637.00 1.157848003083554 1.0000000000000
6636.00 1.157842156449247 1.0000000000000
6635.00 1.157836279466647 1.0000000000000
6634.00 1.157830371973758 1.0000000000000
6633.00 1.157824433807724 1.0000000000000
6632.00 1.157818464804815 1.0000000000000
6631.00 1.157812464800430 1.0000000000000
6630.00 1.157806433629092 1.0000000000000
6629.00 1.157800371124441 1.0000000000000
6628.00 1.157794277119232 1.0000000000000
6627.00 1.157788151445327 1.0000000000000
6626.00 1.157781993933694 1.0000000000000
6625.00 1.157775804414403 1.0000000000000
6624.00 1.157769582716621 1.0000000000000
6623.00 1.157763328668602 1.0000000000000
6622.00 1.157757042097688 1.0000000000000
6621.00 1.157750722830307 1.0000000000000
6620.00 1.157744370691962 1.0000000000000
6619.00 1.157737985507231 1.0000000000000
6618.00 1.157731567099759 1.0000000000000
6617.00 1.157725115292254 1.0000000000000
6616.00 1.157718629906485 1.0000000000000
6615.00 1.157712110763281 1.0000000000000
6614.00 1.157705557682511 1.0000000000000
6613.00 1.157698970483096 1.0000000000000
6612.00 1.157692348982996 1.0000000000000
6611.00 1.157685692999209 1.0000000000000
6610.00 1.157679002347763 1.0000000000000
6609.00 1.157672276843711 1.0000000000000
6608.00 1.157665516301128 1.0000000000000
6607.00 1.157658720533109 1.0000000000000
6606.00 1.157651889351760 1.0000000000000
6605.00 1.157645022568194 1.0000000000000
6604.00 1.157638119992526 1.0000000000000
6603.00 1.157631181433867 1.0000000000000
6602.00 1.157624206700325 1.0000000000000
6601.00 1.157617195598997 1.0000000000000
6600.00 1.157610147935957 1.0000000000000
6599.00 1.157603063516260 1.0000000000000
6598.00 1.157595942143935 1.0000000000000
6597.00 1.157588783621981 1.0000000000000
6596.00 1.157581587752357 1.0000000000000
6595.00 1.157574354335981 1.0000000000000
6594.00 1.157567083172724 1.0000000000000
6593.00 1.157559774061408 1.0000000000000
6592.00 1.157552426799797 1.0000000000000
6591.00 1.157545041184591 1.0000000000000
6590.00 1.157537617011426 1.0000000000000
6589.00 1.157530154074863 1.0000000000000
6588.00 1.157522652168390 1.0000000000000
6587.00 1.157515111084412 1.0000000000000
6586.00 1.157507530614244 1.0000000000000
6585.00 1.157499910548108 1.0000000000000
6584.00 1.157492250675132 1.0000000000000
6583.00 1.157484550783340 1.0000000000000
6582.00 1.157476810659650 1.0000000000000
6581.00 1.157469030089861 1.0000000000000
6580.00 1.157461208858659 1.0000000000000
6579.00 1.157453346749602 1.0000000000000
6578.00 1.157445443545125 1.0000000000000
6577.00 1.157437499026525 1.0000000000000
6576.00 1.157429512973958 1.0000000000000
6575.00 1.157421485166437 1.0000000000000
6574.00 1.157413415381825 1.0000000000000
6573.00 1.157405303396833 1.0000000000000
6572.00 1.157397148987005 1.0000000000000
6571.00 1.157388951926721 1.0000000000000
6570.00 1.157380711989191 1.0000000000000
6569.00 1.157372428946445 1.0000000000000
6568.00 1.157364102569338 1.0000000000000
6567.00 1.157355732627529 1.0000000000000
6566.00 1.157347318889485 1.0000000000000
6565.00 1.157338861122476 1.0000000000000
6564.00 1.157330359092570 1.0000000000000
6563.00 1.157321812564626 1.0000000000000
6562.00 1.157313221302281 1.0000000000000
6561.00 1.157304585067955 1.0000000000000
6560.00 1.157295903622843 1.0000000000000
6559.00 1.157287176726910 1.0000000000000
6558.00 1.157278404138882 1.0000000000000
6557.00 1.157269585616240 1.0000000000000
6556.00 1.157260720915217 1.0000000000000
6555.00 1.157251809790794 1.0000000000000
6554.00 1.157242851996693 1.0000000000000
6553.00 1.157233847285371 1.0000000000000
6552.00 1.157224795408011 1.0000000000000
6551.00 1.157215696114520 1.0000000000000
6550.00 1.157206549153525 1.0000000000000
6549.00 1.157197354272366 1.0000000000000
6548.00 1.157188111217089 1.0000000000000
6547.00 1.157178819732437 1.0000000000000
6546.00 1.157169479561852 1.0000000000000
6545.00 1.157160090447465 1.0000000000000
6544.00 1.157150652130091 1.0000000000000
6543.00 1.157141164349223 1.0000000000000
6542.00 1.157131626843024 1.0000000000000
6541.00 1.157122039348325 1.0000000000000
6540.00 1.157112401600617 1.0000000000000
6539.00 1.157102713334051 1.0000000000000
6538.00 1.157092974281421 1.0000000000000
6537.00 1.157083184174166 1.0000000000000
6536.00 1.157073342742363 1.0000000000000
6535.00 1.157063449714721 1.0000000000000
6534.00 1.157053504818577 1.0000000000000
6533.00 1.157043507779885 1.0000000000000
6532.00 1.157033458323214 1.0000000000000
6531.00 1.157023356171742 1.0000000000000
6530.00 1.157013201047249 1.0000000000000
6529.00 1.157002992670113 1.0000000000000
6528.00 1.156992730759304 1.0000000000000
6527.00 1.156982415032374 1.0000000000000
6526.00 1.156972045205454 1.0000000000000
6525.00 1.156961620993250 1.0000000000000
6524.00 1.156951142109036 1.0000000000000
6523.00 1.156940608264649 1.0000000000000
6522.00 1.156930019170475 1.0000000000000
6521.00 1.156919374535454 1.0000000000000
6520.00 1.156908674067070 1.0000000000000
6519.00 1.156897917471345 1.0000000000000
6518.00 1.156887104452834 1.0000000000000
6517.00 1.156876234714613 1.0000000000000
6516.00 1.156865307958281 1.0000000000000
6515.00 1.156854323883950 1.0000000000000
6514.00 1.156843282190243 1.0000000000000
6513.00 1.156832182574287 1.0000000000000
6512.00 1.156821024731697 1.0000000000000
6511.00 1.156809808356582 1.0000000000000
6510.00 1.156798533141538 1.0000000000000
6509.00 1.156787198777637 1.0000000000000
6508.00 1.156775804954426 1.0000000000000
6507.00 1.156764351359915 1.0000000000000
6506.00 1.156752837680575 1.0000000000000
6505.00 1.156741263601333 1.0000000000000
6504.00 1.156729628805562 1.0000000000000
6503.00 1.156717932975084 1.0000000000000
6502.00 1.156706175790152 1.0000000000000
6501.00 1.156694356929450 1.0000000000000
6500.00 1.156682476070086 1.0000000000000
6499.00 1.156670532887589 1.0000000000000
6498.00 1.156658527055903 1.0000000000000
6497.00 1.156646458247377 1.0000000000000
6496.00 1.156634326132758 1.0000000000000
6495.00 1.156622130381189 1.0000000000000
6494.00 1.156609870660204 1.0000000000000
6493.00 1.156597546635720 1.0000000000000
6492.00 1.156585157972035 1.0000000000000
6491.00 1.156572704331809 1.0000000000000
6490.00 1.156560185376073 1.0000000000000
6489.00 1.156547600764218 1.0000000000000
6488.00 1.156534950153986 1.0000000000000
6487.00 1.156522233201470 1.0000000000000
6486.00 1.156509449561105 1.0000000000000
6485.00 1.156496598885658 1.0000000000000
6484.00 1.156483680826226 1.0000000000000
6483.00 1.156470695032234 1.0000000000000
6482.00 1.156457641151424 1.0000000000000
6481.00 1.156444518829853 1.0000000000000
6480.00 1.156431327711879 1.0000000000000
6479.00 1.156418067440163 1.0000000000000
6478.00 1.156404737655663 1.0000000000000
6477.00 1.156391337997625 1.0000000000000
6476.00 1.156377868103579 1.0000000000000
6475.00 1.156364327609337 1.0000000000000
6474.00 1.156350716148972 1.0000000000000
6473.00 1.156337033354833 1.0000000000000
6472.00 1.156323278857525 1.0000000000000
6471.00 1.156309452285910 1.0000000000000
6470.00 1.156295553267102 1.0000000000000
6469.00 1.156281581426453 1.0000000000000
6468.00 1.156267536387553 1.0000000000000
6467.00 1.156253417772227 1.0000000000000
6466.00 1.156239225200526 1.0000000000000
6465.00 1.156224958290724 1.0000000000000
6464.00 1.156210616659308 1.0000000000000
6463.00 1.156196199920976 1.0000000000000
6462.00 1.156181707688628 1.0000000000000
6461.00 1.156167139573364 1.0000000000000
6460.00 1.156152495184479 1.0000000000000
6459.00 1.156137774129460 1.0000000000000
6458.00 1.156122976013969 1.0000000000000
6457.00 1.156108100441846 1.0000000000000
6456.00 1.156093147015106 1.0000000000000
6455.00 1.156078115333929 1.0000000000000
6454.00 1.156063004996657 1.0000000000000
6453.00 1.156047815599791 1.0000000000000
6452.00 1.156032546737975 1.0000000000000
6451.00 1.156017198004002 1.0000000000000
6450.00 1.156001768988807 1.0000000000000
6449.00 1.155986259281456 1.0000000000000
6448.00 1.155970668469150 1.0000000000000
6447.00 1.155954996137214 1.0000000000000
6446.00 1.155939241869088 1.0000000000000
6445.00 1.155923405246328 1.0000000000000
6444.00 1.155907485848602 1.0000000000000
6443.00 1.155891483253682 1.0000000000000
6442.00 1.155875397037441 1.0000000000000
6441.00 1.155859226773847 1.0000000000000
6440.00 1.155842972034952 1.0000000000000
6439.00 1.155826632390900 1.0000000000000
6438.00 1.155810207409912 1.0000000000000
6437.00 1.155793696658287 1.0000000000000
6436.00 1.155777099700396 1.0000000000000
6435.00 1.155760416098675 1.0000000000000
6434.00 1.155743645413618 1.0000000000000
6433.00 1.155726787203781 1.0000000000000
6432.00 1.155709841025772 1.0000000000000
6431.00 1.155692806434247 1.0000000000000
6430.00 1.155675682981909 1.0000000000000
6429.00 1.155658470219498 1.0000000000000
6428.00 1.155641167695785 1.0000000000000
6427.00 1.155623774957579 1.0000000000000
6426.00 1.155606291549712 1.0000000000000
6425.00 1.155588717015041 1.0000000000000
6424.00 1.155571050894446 1.0000000000000
6423.00 1.155553292726812 1.0000000000000
6422.00 1.155535442049040 1.0000000000000
6421.00 1.155517498396037 1.0000000000000
6420.00 1.155499461300714 1.0000000000000
6419.00 1.155481330293981 1.0000000000000
6418.00 1.155463104904747 1.0000000000000
6417.00 1.155444784659906 1.0000000000000
6416.00 1.155426369084344 1.0000000000000
6415.00 1.155407857700930 1.0000000000000
6414.00 1.155389250030517 1.0000000000000
6413.00 1.155370545591933 1.0000000000000
6412.00 1.155351743901988 1.0000000000000
6411.00 1.155332844475452 1.0000000000000
6410.00 1.155313846825071 1.0000000000000
6409.00 1.155294750461553 1.0000000000000
6408.00 1.155275554893568 1.0000000000000
6407.00 1.155256259627747 1.0000000000000
6406.00 1.155236864168678 1.0000000000000
6405.00 1.155217368018900 1.0000000000000
6404.00 1.155197770678903 1.0000000000000
6403.00 1.155178071647123 1.0000000000000
6402.00 1.155158270419945 1.0000000000000
6401.00 1.155138366491696 1.0000000000000
6400.00 1.155118359354645 1.0000000000000
6399.00 1.155098248499000 1.0000000000000
6398.00 1.155078033412899 1.0000000000000
6397.00 1.155057713582419 1.0000000000000
6396.00 1.155037288491567 1.0000000000000
6395.00 1.155016757622281 1.0000000000000
6394.00 1.154996120454428 1.0000000000000
6393.00 1.154975376465804 1.0000000000000
6392.00 1.154954525132123 1.0000000000000
6391.00 1.154933565927025 1.0000000000000
6390.00 1.154912498322072 1.0000000000000
6389.00 1.154891321786747 1.0000000000000
6388.00 1.154870035788452 1.0000000000000
6387.00 1.154848639792510 1.0000000000000
6386.00 1.154827133262156 1.0000000000000
6385.00 1.154805515658540 1.0000000000000
6384.00 1.154783786440732 1.0000000000000
6383.00 1.154761945065714 1.0000000000000
6382.00 1.154739990988380 1.0000000000000
6381.00 1.154717923661543 1.0000000000000
6380.00 1.154695742535927 1.0000000000000
6379.00 1.154673447060164 1.0000000000000
6378.00 1.154651036680801 1.0000000000000
6377.00 1.154628510842299 1.0000000000000
6376.00 1.154605868987032 1.0000000000000
6375.00 1.154583110555284 1.0000000000000
6374.00 1.154560234985258 1.0000000000000
6373.00 1.154537241713065 1.0000000000000
6372.00 1.154514130172731 1.0000000000000
6371.00 1.154490899796197 1.0000000000000
6370.00 1.154467550013322 1.0000000000000
6369.00 1.154444080251881 1.0000000000000
6368.00 1.154420489937567 1.0000000000000
6367.00 1.154396778493996 1.0000000000000
6366.00 1.154372945342697 1.0000000000000
6365.00 1.154348989903124 1.0000000000000
6364.00 1.154324911592659 1.0000000000000
6363.00 1.154300709826606 1.0000000000000
6362.00 1.154276384018198 1.0000000000000
6361.00 1.154251933578600 1.0000000000000
6360.00 1.154227357916907 1.0000000000000
6359.00 1.154202656440148 1.0000000000000
6358.00 1.154177828553290 1.0000000000000
6357.00 1.154152873659240 1.0000000000000
6356.00 1.154127791158850 1.0000000000000
6355.00 1.154102580450916 1.0000000000000
6354.00 1.154077240932186 1.0000000000000
6353.00 1.154051771997359 1.0000000000000
6352.00 1.154026173039088 1.0000000000000
6351.00 1.154000443447988 1.0000000000000
6350.00 1.153974582612640 1.0000000000000
6349.00 1.153948589919589 1.0000000000000
6348.00 1.153922464753357 1.0000000000000
6347.00 1.153896206496443 1.0000000000000
6346.00 1.153869814529322 1.0000000000000
6345.00 1.153843288230459 1.0000000000000
6344.00 1.153816626976308 1.0000000000000
6343.00 1.153789830141323 1.0000000000000
6342.00 1.153762897097956 1.0000000000000
6341.00 1.153735827216670 1.0000000000000
6340.00 1.153708619865940 1.0000000000000
6339.00 1.153681274412258 1.0000000000000
6338.00 1.153653790220142 1.0000000000000
6337.00 1.153626166652142 1.0000000000000
6336.00 1.153598403068846 1.0000000000000
6335.00 1.153570498828886 1.0000000000000
6334.00 1.153542453288948 1.0000000000000
6333.00 1.153514265803778 1.0000000000000
6332.00 1.153485935726182 1.0000000000000
6331.00 1.153457462407045 1.0000000000000
6330.00 1.153428845195331 1.0000000000000
6329.00 1.153400083438096 1.0000000000000
6328.00 1.153371176480492 1.0000000000000
6327.00 1.153342123665779 1.0000000000000
6326.00 1.153312924335332 1.0000000000000
6325.00 1.153283577828650 1.0000000000000
6324.00 1.153254083483363 1.0000000000000
6323.00 1.153224440635245 1.0000000000000
6322.00 1.153194648618221 1.0000000000000
6321.00 1.153164706764379 1.0000000000000
6320.00 1.153134614403981 1.0000000000000
6319.00 1.153104370865468 1.0000000000000
6318.00 1.153073975475477 1.0000000000000
6317.00 1.153043427558845 1.0000000000000
6316.00 1.153012726438626 1.0000000000000
6315.00 1.152981871436099 1.0000000000000
6314.00 1.152950861870783 1.0000000000000
6313.00 1.152919697060443 1.0000000000000
6312.00 1.152888376321110 1.0000000000000
6311.00 1.152856898967088 1.0000000000000
6310.00 1.152825264310963 1.0000000000000
6309.00 1.152793471663624 1.0000000000000
6308.00 1.152761520334272 1.0000000000000
6307.00 1.152729409630435 1.0000000000000
6306.00 1.152697138857978 1.0000000000000
6305.00 1.152664707321123 1.0000000000000
6304.00 1.152632114322459 1.0000000000000
6303.00 1.152599359162956 1.0000000000000
6302.00 1.152566441141981 1.0000000000000
6301.00 1.152533359557316 1.0000000000000
6300.00 1.152500113705167 1.0000000000000
6299.00 1.152466702880186 1.0000000000000
6298.00 1.152433126375485 1.0000000000000
6297.00 1.152399383482650 1.0000000000000
6296.00 1.152365473491759 1.0000000000000
6295.00 1.152331395691402 1.0000000000000
6294.00 1.152297149368691 1.0000000000000
6293.00 1.152262733809285 1.0000000000000
6292.00 1.152228148297402 1.0000000000000
6291.00 1.152193392115842 1.0000000000000
6290.00 1.152158464546003 1.0000000000000
6289.00 1.152123364867899 1.0000000000000
6288.00 1.152088092360181 1.0000000000000
6287.00 1.152052646300153 1.0000000000000
6286.00 1.152017025963796 1.0000000000000
6285.00 1.151981230625786 1.0000000000000
6284.00 1.151945259559513 1.0000000000000
6283.00 1.151909112037106 1.0000000000000
6282.00 1.151872787329447 1.0000000000000
6281.00 1.151836284706202 1.0000000000000
6280.00 1.151799603435833 1.0000000000000
6279.00 1.151762742785626 1.0000000000000
6278.00 1.151725702021712 1.0000000000000
6277.00 1.151688480409087 1.0000000000000
6276.00 1.151651077211643 1.0000000000000
6275.00 1.151613491692181 1.0000000000000
6274.00 1.151575723112443 1.0000000000000
6273.00 1.151537770733132 1.0000000000000
6272.00 1.151499633813939 1.0000000000000
6271.00 1.151461311613564 1.0000000000000
6270.00 1.151422803389746 1.0000000000000
6269.00 1.151384108399288 1.0000000000000
6268.00 1.151345225898077 1.0000000000000
6267.00 1.151306155141119 1.0000000000000
6266.00 1.151266895382562 1.0000000000000
6265.00 1.151227445875720 1.0000000000000
6264.00 1.151187805873106 1.0000000000000
6263.00 1.151147974626455 1.0000000000000
6262.00 1.151107951386758 1.0000000000000
6261.00 1.151067735404284 1.0000000000000
6260.00 1.151027325928616 1.0000000000000
6259.00 1.150986722208672 1.0000000000000
6258.00 1.150945923492746 1.0000000000000
6257.00 1.150904929028528 1.0000000000000
6256.00 1.150863738063140 1.0000000000000
6255.00 1.150822349843165 1.0000000000000
6254.00 1.150780763614682 1.0000000000000
6253.00 1.150738978623292 1.0000000000000
6252.00 1.150696994114155 1.0000000000000
6251.00 1.150654809332023 1.0000000000000
6250.00 1.150612423521270 1.0000000000000
6249.00 1.150569835925926 1.0000000000000
6248.00 1.150527045789713 1.0000000000000
6247.00 1.150484052356079 1.0000000000000
6246.00 1.150440854868231 1.0000000000000
6245.00 1.150397452569174 1.0000000000000
6244.00 1.150353844701740 1.0000000000000
6243.00 1.150310030508632 1.0000000000000
6242.00 1.150266009232455 1.0000000000000
6241.00 1.150221780115755 1.0000000000000
6240.00 1.150177342401057 1.0000000000000
6239.00 1.150132695330900 1.0000000000000
6238.00 1.150087838147879 1.0000000000000
6237.00 1.150042770094680 1.0000000000000
6236.00 1.149997490414125 1.0000000000000
6235.00 1.149951998349205 1.0000000000000
6234.00 1.149906293143123 1.0000000000000
6233.00 1.149860374039336 1.0000000000000
6232.00 1.149814240281591 1.0000000000000
6231.00 1.149767891113972 1.0000000000000
6230.00 1.149721325780940 1.0000000000000
6229.00 1.149674543527373 1.0000000000000
6228.00 1.149627543598612 1.0000000000000
6227.00 1.149580325240503 1.0000000000000
6226.00 1.149532887699441 1.0000000000000
6225.00 1.149485230222414 1.0000000000000
6224.00 1.149437352057044 1.0000000000000
6223.00 1.149389252451640 1.0000000000000
6222.00 1.149340930655236 1.0000000000000
6221.00 1.149292385917641 1.0000000000000
6220.00 1.149243617489483 1.0000000000000
6219.00 1.149194624622259 1.0000000000000
6218.00 1.149145406568382 1.0000000000000
6217.00 1.149095962581227 1.0000000000000
6216.00 1.149046291915177 1.0000000000000
6215.00 1.148996393825681 1.0000000000000
6214.00 1.148946267569291 1.0000000000000
6213.00 1.148895912403720 1.0000000000000
6212.00 1.148845327587894 1.0000000000000
6211.00 1.148794512381992 1.0000000000000
6210.00 1.148743466047507 1.0000000000000
6209.00 1.148692187847299 1.0000000000000
6208.00 1.148640677045640 1.0000000000000
6207.00 1.148588932908269 1.0000000000000
6206.00 1.148536954702445 1.0000000000000
6205.00 1.148484741697005 1.0000000000000
6204.00 1.148432293162410 1.0000000000000
6203.00 1.148379608370807 1.0000000000000
6202.00 1.148326686596080 1.0000000000000
6201.00 1.148273527113904 1.0000000000000
6200.00 1.148220129201805 1.0000000000000
6199.00 1.148166492139219 1.0000000000000
6198.00 1.148112615207542 1.0000000000000
6197.00 1.148058497690189 1.0000000000000
6196.00 1.148004138872654 1.0000000000000
6195.00 1.147949538042569 1.0000000000000
6194.00 1.147894694489758 1.0000000000000
6193.00 1.147839607506303 1.0000000000000
6192.00 1.147784276386599 1.0000000000000
6191.00 1.147728700427413 1.0000000000000
6190.00 1.147672878927952 1.0000000000000
6189.00 1.147616811189920 1.0000000000000
6188.00 1.147560496517577 1.0000000000000
6187.00 1.147503934217804 1.0000000000000
6186.00 1.147447123600168 1.0000000000000
6185.00 1.147390063976976 1.0000000000000
6184.00 1.147332754663352 1.0000000000000
6183.00 1.147275194977288 1.0000000000000
6182.00 1.147217384239719 1.0000000000000
6181.00 1.147159321774580 1.0000000000000
6180.00 1.147101006908873 1.0000000000000
6179.00 1.147042438972741 1.0000000000000
6178.00 1.146983617299526 1.0000000000000
6177.00 1.146924541225837 1.0000000000000
6176.00 1.146865210091615 1.0000000000000
6175.00 1.146805623240210 1.0000000000000
6174.00 1.146745780018438 1.0000000000000
6173.00 1.146685679776654 1.0000000000000
6172.00 1.146625321868825 1.0000000000000
6171.00 1.146564705652594 1.0000000000000
6170.00 1.146503830489349 1.0000000000000
6169.00 1.146442695744297 1.0000000000000
6168.00 1.146381300786542 1.0000000000000
6167.00 1.146319644989140 1.0000000000000
6166.00 1.146257727729182 1.0000000000000
6165.00 1.146195548387862 1.0000000000000
6164.00 1.146133106350549 1.0000000000000
6163.00 1.146070401006865 1.0000000000000
6162.00 1.146007431750750 1.0000000000000
6161.00 1.145944197980542 1.0000000000000
6160.00 1.145880699099049 1.0000000000000
6159.00 1.145816934513624 1.0000000000000
6158.00 1.145752903636236 1.0000000000000
6157.00 1.145688605883558 1.0000000000000
6156.00 1.145624040677028 1.0000000000000
6155.00 1.145559207442932 1.0000000000000
6154.00 1.145494105612479 1.0000000000000
6153.00 1.145428734621877 1.0000000000000
6152.00 1.145363093912412 1.0000000000000
6151.00 1.145297182930525 1.0000000000000
6150.00 1.145231001127889 1.0000000000000
6149.00 1.145164547961489 1.0000000000000
6148.00 1.145097822893697 1.0000000000000
6147.00 1.145030825392354 1.0000000000000
6146.00 1.144963554930851 1.0000000000000
6145.00 1.144896010988208 1.0000000000000
6144.00 1.144828193049150 1.0000000000000
6143.00 1.144760100604190 1.0000000000000
6142.00 1.144691733149710 1.0000000000000
6141.00 1.144623090188039 1.0000000000000
6140.00 1.144554171227538 1.0000000000000
6139.00 1.144484975782682 1.0000000000000
6138.00 1.144415503374133 1.0000000000000
6137.00 1.144345753528835 1.0000000000000
6136.00 1.144275725780089 1.0000000000000
6135.00 1.144205419667628 1.0000000000000
6134.00 1.144134834737719 1.0000000000000
6133.00 1.144063970543236 1.0000000000000
6132.00 1.143992826643738 1.0000000000000
6131.00 1.143921402605559 1.0000000000000
6130.00 1.143849698001891 1.0000000000000
6129.00 1.143777712412867 1.0000000000000
6128.00 1.143705445425643 1.0000000000000
6127.00 1.143632896634490 1.0000000000000
6126.00 1.143560065640870 1.0000000000000
6125.00 1.143486952053525 1.0000000000000
6124.00 1.143413555488562 1.0000000000000
6123.00 1.143339875569539 1.0000000000000
6122.00 1.143265911927541 1.0000000000000
6121.00 1.143191664201286 1.0000000000000
6120.00 1.143117132037194 1.0000000000000
6119.00 1.143042315089477 1.0000000000000
6118.00 1.142967213020224 1.0000000000000
6117.00 1.142891825499489 1.0000000000000
6116.00 1.142816152205375 1.0000000000000
6115.00 1.142740192824122 1.0000000000000
6114.00 1.142663947050192 1.0000000000000
6113.00 1.142587414586358 1.0000000000000
6112.00 1.142510595143785 1.0000000000000
6111.00 1.142433488442125 1.0000000000000
6110.00 1.142356094209594 1.0000000000000
6109.00 1.142278412183063 1.0000000000000
6108.00 1.142200442108145 1.0000000000000
6107.00 1.142122183739287 1.0000000000000
6106.00 1.142043636839850 1.0000000000000
6105.00 1.141964801182192 1.0000000000000
6104.00 1.141885676547762 1.0000000000000
6103.00 1.141806262727184 1.0000000000000
6102.00 1.141726559520341 1.0000000000000
6101.00 1.141646566736466 1.0000000000000
6100.00 1.141566284194226 1.0000000000000
6099.00 1.141485711721805 1.0000000000000
6098.00 1.141404849156999 1.0000000000000
6097.00 1.141323696347293 1.0000000000000
6096.00 1.141242253149951 1.0000000000000
6095.00 1.141160519432100 1.0000000000000
6094.00 1.141078495070816 1.0000000000000
6093.00 1.140996179953218 1.0000000000000
6092.00 1.140913573976544 1.0000000000000
6091.00 1.140830677048237 1.0000000000000
6090.00 1.140747489086029 1.0000000000000
6089.00 1.140664010018030 1.0000000000000
6088.00 1.140580239782812 1.0000000000000
6087.00 1.140496178329488 1.0000000000000
6086.00 1.140411825617802 1.0000000000000
6085.00 1.140327181618213 1.0000000000000
6084.00 1.140242246311973 1.0000000000000
6083.00 1.140157019691213 1.0000000000000
6082.00 1.140071501759030 1.0000000000000
6081.00 1.139985692529563 1.0000000000000
6080.00 1.139899592028080 1.0000000000000
6079.00 1.139813200291049 1.0000000000000
6078.00 1.139726517366243 1.0000000000000
6077.00 1.139639543312803 1.0000000000000
6076.00 1.139552278201320 1.0000000000000
6075.00 1.139464722113918 1.0000000000000
6074.00 1.139376875144335 1.0000000000000
6073.00 1.139288737398001 1.0000000000000
6072.00 1.139200308992115 1.0000000000000
6071.00 1.139111590055731 1.0000000000000
6070.00 1.139022580729825 1.0000000000000
6069.00 1.138933281167382 1.0000000000000
6068.00 1.138843691533470 1.0000000000000
6067.00 1.138753812005315 1.0000000000000
6066.00 1.138663642772376 1.0000000000000
6065.00 1.138573184036427 1.0000000000000
6064.00 1.138482436011624 1.0000000000000
6063.00 1.138391398924580 1.0000000000000
6062.00 1.138300073014442 1.0000000000000
6061.00 1.138208458532971 1.0000000000000
6060.00 1.138116555744602 1.0000000000000
6059.00 1.138024364926517 1.0000000000000
6058.00 1.137931886368723 1.0000000000000
6057.00 1.137839120374116 1.0000000000000
6056.00 1.137746067258552 1.0000000000000
6055.00 1.137652727350920 1.0000000000000
6054.00 1.137559100993204 1.0000000000000
6053.00 1.137465188540554 1.0000000000000
6052.00 1.137370990361352 1.0000000000000
6051.00 1.137276506837277 1.0000000000000
6050.00 1.137181738363373 1.0000000000000
6049.00 1.137086685348107 1.0000000000000
6048.00 1.136991348213439 1.0000000000000
6047.00 1.136895727394881 1.0000000000000
6046.00 1.136799823341555 1.0000000000000
6045.00 1.136703636516265 1.0000000000000
6044.00 1.136607167395534 1.0000000000000
6043.00 1.136510416469700 1.0000000000000
6042.00 1.136413384242942 1.0000000000000
6041.00 1.136316071233346 1.0000000000000
6040.00 1.136218477972962 1.0000000000000
6039.00 1.136120605007863 1.0000000000000
6038.00 1.136022452898190 1.0000000000000
6037.00 1.135924022218212 1.0000000000000
6036.00 1.135825313556376 1.0000000000000
6035.00 1.135726327515357 1.0000000000000
6034.00 1.135627064712108 1.0000000000000
6033.00 1.135527525777911 1.0000000000000
6032.00 1.135427711358420 1.0000000000000
6031.00 1.135327622113711 1.0000000000000
6030.00 1.135227258718326 1.0000000000000
6029.00 1.135126621861318 1.0000000000000
6028.00 1.135025712246292 1.0000000000000
6027.00 1.134924530591450 1.0000000000000
6026.00 1.134823077629628 1.0000000000000
6025.00 1.134721354108336 1.0000000000000
6024.00 1.134619360789797 1.0000000000000
6023.00 1.134517098450983 1.0000000000000
6022.00 1.134414567883659 1.0000000000000
6021.00 1.134311769894403 1.0000000000000
6020.00 1.134208705304647 1.0000000000000
6019.00 1.134105374950709 1.0000000000000
6018.00 1.134001779683816 1.0000000000000
6017.00 1.133897920370146 1.0000000000000
6016.00 1.133793797890843 1.0000000000000
6015.00 1.133689413142051 1.0000000000000
6014.00 1.133584767034935 1.0000000000000
6013.00 1.133479860495706 1.0000000000000
6012.00 1.133374694465645 1.0000000000000
6011.00 1.133269269901117 1.0000000000000
6010.00 1.133163587773598 1.0000000000000
6009.00 1.133057649069688 1.0000000000000
6008.00 1.132951454791131 1.0000000000000
6007.00 1.132845005954823 1.0000000000000
6006.00 1.132738303592830 1.0000000000000
6005.00 1.132631348752402 1.0000000000000
6004.00 1.132524142495978 1.0000000000000
6003.00 1.132416685901198 1.0000000000000
6002.00 1.132308980060906 1.0000000000000
6001.00 1.132201026083163 1.0000000000000
6000.00 1.132092825091240 1.0000000000000
5999.00 1.131984378223628 1.0000000000000
5998.00 1.131875686634045 1.0000000000000
5997.00 1.131766751491420 1.0000000000000
5996.00 1.131657573979902 1.0000000000000
5995.00 1.131548155298845 1.0000000000000
5994.00 1.131438496662817 1.0000000000000
5993.00 1.131328599301580 1.0000000000000
5992.00 1.131218464460082 1.0000000000000
5991.00 1.131108093398454 1.0000000000000
5990.00 1.130997487391992 1.0000000000000
5989.00 1.130886647731141 1.0000000000000
5988.00 1.130775575721483 1.0000000000000
5987.00 1.130664272683718 1.0000000000000
5986.00 1.130552739953642 1.0000000000000
5985.00 1.130440978882129 1.0000000000000
5984.00 1.130328990835111 1.0000000000000
5983.00 1.130216777193543 1.0000000000000
5982.00 1.130104339353387 1.0000000000000
5981.00 1.129991678725579 1.0000000000000
5980.00 1.129878796735998 1.0000000000000
5979.00 1.129765694825440 1.0000000000000
5978.00 1.129652374449574 1.0000000000000
5977.00 1.129538837078918 1.0000000000000
5976.00 1.129425084198794 1.0000000000000
5975.00 1.129311117309294 1.0000000000000
5974.00 1.129196937925235 1.0000000000000
5973.00 1.129082547576116 1.0000000000000
5972.00 1.128967947806080 1.0000000000000
5971.00 1.128853140173858 1.0000000000000
5970.00 1.128738126252734 1.0000000000000
5969.00 1.128622907630477 1.0000000000000
5968.00 1.128507485909302 1.0000000000000
5967.00 1.128391862705818 1.0000000000000
5966.00 1.128276039650966 1.0000000000000
5965.00 1.128160018389960 1.0000000000000
5964.00 1.128043800582236 1.0000000000000
5963.00 1.127927387901381 1.0000000000000
5962.00 1.127810782035075 1.0000000000000
5961.00 1.127693984685028 1.0000000000000
5960.00 1.127576997566911 1.0000000000000
5959.00 1.127459822410286 1.0000000000000
5958.00 1.127342460958537 1.0000000000000
5957.00 1.127224914968799 1.0000000000000
5956.00 1.127107186211879 1.0000000000000
5955.00 1.126989276472189 1.0000000000000
5954.00 1.126871187547655 1.0000000000000
5953.00 1.126752921249650 1.0000000000000
5952.00 1.126634479402904 1.0000000000000
5951.00 1.126515863845424 1.0000000000000
5950.00 1.126397076428408 1.0000000000000
5949.00 1.126278119016156 1.0000000000000
5948.00 1.126158993485985 1.0000000000000
5947.00 1.126039701728135 1.0000000000000
5946.00 1.125920245645675 1.0000000000000
5945.00 1.125800627154410 1.0000000000000
5944.00 1.125680848182789 1.0000000000000
5943.00 1.125560910671797 1.0000000000000
5942.00 1.125440816574863 1.0000000000000
5941.00 1.125320567857758 1.0000000000000
5940.00 1.125200166498484 1.0000000000000
5939.00 1.125079614487177 1.0000000000000
5938.00 1.124958913825995 1.0000000000000
5937.00 1.124838066529010 1.0000000000000
5936.00 1.124717074622099 1.0000000000000
5935.00 1.124595940142825 1.0000000000000
5934.00 1.124474665140335 1.0000000000000
5933.00 1.124353251675231 1.0000000000000
5932.00 1.124231701819459 1.0000000000000
5931.00 1.124110017656186 1.0000000000000
5930.00 1.123988201279686 1.0000000000000
5929.00 1.123866254795209 1.0000000000000
5928.00 1.123744180318859 1.0000000000000
5927.00 1.123621979977468 1.0000000000000
5926.00 1.123499655908469 1.0000000000000
5925.00 1.123377210259767 1.0000000000000
5924.00 1.123254645189603 1.0000000000000
5923.00 1.123131962866428 1.0000000000000
5922.00 1.123009165468761 1.0000000000000
5921.00 1.122886255185062 1.0000000000000
5920.00 1.122763234213586 1.0000000000000
5919.00 1.122640104762249 1.0000000000000
5918.00 1.122516869048483 1.0000000000000
5917.00 1.122393529299098 1.0000000000000
5916.00 1.122270087750136 1.0000000000000
5915.00 1.122146546646728 1.0000000000000
5914.00 1.122022908242943 1.0000000000000
5913.00 1.121899174801642 1.0000000000000
5912.00 1.121775348594329 1.0000000000000
5911.00 1.121651431901002 1.0000000000000
5910.00 1.121527427009994 1.0000000000000
5909.00 1.121403336217825 1.0000000000000
5908.00 1.121279161829044 1.0000000000000
5907.00 1.121154906156075 1.0000000000000
5906.00 1.121030571519054 1.0000000000000
5905.00 1.120906160245676 1.0000000000000
5904.00 1.120781674671030 1.0000000000000
5903.00 1.120657117137438 1.0000000000000
5902.00 1.120532489994294 1.0000000000000
5901.00 1.120407795597899 1.0000000000000
5900.00 1.120283036311291 1.0000000000000
5899.00 1.120158214504086 1.0000000000000
5898.00 1.120033332552306 1.0000000000000
5897.00 1.119908392838207 1.0000000000000
5896.00 1.119783397750118 1.0000000000000
5895.00 1.119658349682259 1.0000000000000
5894.00 1.119533251034579 1.0000000000000
5893.00 1.119408104212573 1.0000000000000
5892.00 1.119282911627116 1.0000000000000
5891.00 1.119157675694284 1.0000000000000
5890.00 1.119032398835177 1.0000000000000
5889.00 1.118907083475743 1.0000000000000
5888.00 1.118781732046602 1.0000000000000
5887.00 1.118656346982865 1.0000000000000
5886.00 1.118530930723951 1.0000000000000
5885.00 1.118405485713416 1.0000000000000
5884.00 1.118280014398759 1.0000000000000
5883.00 1.118154519231249 1.0000000000000
5882.00 1.118029002665740 1.0000000000000
5881.00 1.117903467160487 1.0000000000000
5880.00 1.117777915176958 1.0000000000000
5879.00 1.117652349179655 1.0000000000000
5878.00 1.117526771635926 1.0000000000000
5877.00 1.117401185015778 1.0000000000000
5876.00 1.117275591791687 1.0000000000000
5875.00 1.117149994438419 1.0000000000000
5874.00 1.117024395432834 1.0000000000000
5873.00 1.116898797253702 1.0000000000000
5872.00 1.116773202381513 1.0000000000000
5871.00 1.116647613298285 1.0000000000000
5870.00 1.116522032487380 1.0000000000000
5869.00 1.116396462433310 1.0000000000000
5868.00 1.116270905621543 1.0000000000000
5867.00 1.116145364538323 1.0000000000000
5866.00 1.116019841670467 1.0000000000000
5865.00 1.115894339505181 1.0000000000000
5864.00 1.115768860529864 1.0000000000000
5863.00 1.115643407231923 1.0000000000000
5862.00 1.115517982098574 1.0000000000000
5861.00 1.115392587616651 1.0000000000000
5860.00 1.115267226272416 1.0000000000000
5859.00 1.115141900551371 1.0000000000000
5858.00 1.115016612938051 1.0000000000000
5857.00 1.114891365915852 1.0000000000000
5856.00 1.114766161966821 1.0000000000000
5855.00 1.114641003571473 1.0000000000000
5854.00 1.114515893208595 1.0000000000000
5853.00 1.114390833355060 1.0000000000000
5852.00 1.114265826485625 1.0000000000000
5851.00 1.114140875072751 1.0000000000000
5850.00 1.114015981586398 1.0000000000000
5849.00 1.113891148493848 1.0000000000000
5848.00 1.113766378259500 1.0000000000000
5847.00 1.113641673344692 1.0000000000000
5846.00 1.113517036207498 1.0000000000000
5845.00 1.113392469302554 1.0000000000000
5844.00 1.113267975080848 1.0000000000000
5843.00 1.113143555989547 1.0000000000000
5842.00 1.113019214471802 1.0000000000000
5841.00 1.112894952966557 1.0000000000000
5840.00 1.112770773908369 1.0000000000000
5839.00 1.112646679727210 1.0000000000000
5838.00 1.112522672848290 1.0000000000000
5837.00 1.112398755691863 1.0000000000000
5836.00 1.112274930673049 1.0000000000000
5835.00 1.112151200201640 1.0000000000000
5834.00 1.112027566681924 1.0000000000000
5833.00 1.111904032512498 1.0000000000000
5832.00 1.111780600086084 1.0000000000000
5831.00 1.111657271789348 1.0000000000000
5830.00 1.111534050002719 1.0000000000000
5829.00 1.111410937100209 1.0000000000000
5828.00 1.111287935449233 1.0000000000000
5827.00 1.111165047410428 1.0000000000000
5826.00 1.111042275337479 1.0000000000000
5825.00 1.110919621576940 1.0000000000000
5824.00 1.110797088468059 1.0000000000000
5823.00 1.110674678342601 1.0000000000000
5822.00 1.110552393524677 1.0000000000000
5821.00 1.110430236330569 1.0000000000000
5820.00 1.110308209068560 1.0000000000000
5819.00 1.110186314038760 1.0000000000000
5818.00 1.110064553532940 1.0000000000000
5817.00 1.109942929834365 1.0000000000000
5816.00 1.109821445217620 1.0000000000000
5815.00 1.109700101948450 1.0000000000000
5814.00 1.109578902283592 1.0000000000000
5813.00 1.109457848470614 1.0000000000000
5812.00 1.109336942747751 1.0000000000000
5811.00 1.109216187343745 1.0000000000000
5810.00 1.109095584477682 1.0000000000000
5809.00 1.108975136358839 1.0000000000000
5808.00 1.108854845186526 1.0000000000000
5807.00 1.108734713149926 1.0000000000000
5806.00 1.108614742427944 1.0000000000000
5805.00 1.108494935189054 1.0000000000000
5804.00 1.108375293591148 1.0000000000000
5803.00 1.108255819781385 1.0000000000000
5802.00 1.108136515896046 1.0000000000000
5801.00 1.108017384060385 1.0000000000000
5800.00 1.107898426388481 1.0000000000000
5799.00 1.107779644983099 1.0000000000000
5798.00 1.107661041935547 1.0000000000000
5797.00 1.107542619325532 1.0000000000000
5796.00 1.107424379221026 1.0000000000000
5795.00 1.107306323678125 1.0000000000000
5794.00 1.107188454740917 1.0000000000000
5793.00 1.107070774441344 1.0000000000000
5792.00 1.106953284799074 1.0000000000000
5791.00 1.106835987821366 1.0000000000000
5790.00 1.106718885502945 1.0000000000000
5789.00 1.106601979825875 1.0000000000000
5788.00 1.106485272759429 1.0000000000000
5787.00 1.106368766259973 1.0000000000000
5786.00 1.106252462270837 1.0000000000000
5785.00 1.106136362722201 1.0000000000000
5784.00 1.106020469530972 1.0000000000000
5783.00 1.105904784600670 1.0000000000000
5782.00 1.105789309821317 1.0000000000000
5781.00 1.105674047069316 1.0000000000000
5780.00 1.105558998207349 1.0000000000000
5779.00 1.105444165084263 1.0000000000000
5778.00 1.105329549534966 1.0000000000000
5777.00 1.105215153380323 1.0000000000000
5776.00 1.105100978427045 1.0000000000000
5775.00 1.104987026467593 1.0000000000000
5774.00 1.104873299280081 1.0000000000000
5773.00 1.104759798628178 1.0000000000000
5772.00 1.104646526261009 1.0000000000000
5771.00 1.104533483913067 1.0000000000000
5770.00 1.104420673304115 1.0000000000000
5769.00 1.104308096139101 1.0000000000000
5768.00 1.104195754108072 1.0000000000000
5767.00 1.104083648886085 1.0000000000000
5766.00 1.103971782133121 1.0000000000000
5765.00 1.103860155494010 1.0000000000000
5764.00 1.103748770598350 1.0000000000000
5763.00 1.103637629060426 1.0000000000000
5762.00 1.103526732479135 1.0000000000000
5761.00 1.103416082437916 1.0000000000000
5760.00 1.103305680504678 1.0000000000000
5759.00 1.103195528231726 1.0000000000000
5758.00 1.103085627155697 1.0000000000000
5757.00 1.102975978797499 1.0000000000000
5756.00 1.102866584662239 1.0000000000000
5755.00 1.102757446239164 1.0000000000000
5754.00 1.102648565001612 1.0000000000000
5753.00 1.102539942406942 1.0000000000000
5752.00 1.102431579896477 1.0000000000000
5751.00 1.102323478895461 1.0000000000000
5750.00 1.102215640813005 1.0000000000000
5749.00 1.102108067042036 1.0000000000000
5748.00 1.102000758959252 1.0000000000000
5747.00 1.101893717925072 1.0000000000000
5746.00 1.101786945283603 1.0000000000000
5745.00 1.101680442362587 1.0000000000000
5744.00 1.101574210473369 1.0000000000000
5743.00 1.101468250910862 1.0000000000000
5742.00 1.101362564953508 1.0000000000000
5741.00 1.101257153863239 1.0000000000000
5740.00 1.101152018885464 1.0000000000000
5739.00 1.101047161249022 1.0000000000000
5738.00 1.100942582166164 1.0000000000000
5737.00 1.100838282832526 1.0000000000000
5736.00 1.100734264427108 1.0000000000000
5735.00 1.100630528112249 1.0000000000000
5734.00 1.100527075033614 1.0000000000000
5733.00 1.100423906320177 1.0000000000000
5732.00 1.100321023084188 1.0000000000000
5731.00 1.100218426421183 1.0000000000000
5730.00 1.100116117409962 1.0000000000000
5729.00 1.100014097112584 1.0000000000000
5728.00 1.099912366574356 1.0000000000000
5727.00 1.099810926823827 1.0000000000000
5726.00 1.099709778872790 1.0000000000000
5725.00 1.099608923716273 1.0000000000000
5724.00 1.099508362332547 1.0000000000000
5723.00 1.099408095683119 1.0000000000000
5722.00 1.099308124712743 1.0000000000000
5721.00 1.099208450349427 1.0000000000000
5720.00 1.099109073504431 1.0000000000000
5719.00 1.099009995072286 1.0000000000000
5718.00 1.098911215930803 1.0000000000000
5717.00 1.098812736941084 1.0000000000000
5716.00 1.098714558947542 1.0000000000000
5715.00 1.098616682777906 1.0000000000000
5714.00 1.098519109243248 1.0000000000000
5713.00 1.098421839138002 1.0000000000000
5712.00 1.098324873239986 1.0000000000000
5711.00 1.098228212310428 1.0000000000000
5710.00 1.098131857093988 1.0000000000000
5709.00 1.098035808318781 1.0000000000000
5708.00 1.097940066696415 1.0000000000000
5707.00 1.097844632922015 1.0000000000000
5706.00 1.097749507674257 1.0000000000000
5705.00 1.097654691615398 1.0000000000000
5704.00 1.097560185391317 1.0000000000000
5703.00 1.097465989631547 1.0000000000000
5702.00 1.097372104949316 1.0000000000000
5701.00 1.097278531941586 1.0000000000000
5700.00 1.097185271189099 1.0000000000000
5699.00 1.097092323256407 1.0000000000000
5698.00 1.096999688691925 1.0000000000000
5697.00 1.096907368027979 1.0000000000000
5696.00 1.096815361780850 1.0000000000000
5695.00 1.096723670450828 1.0000000000000
5694.00 1.096632294522256 1.0000000000000
5693.00 1.096541234463582 1.0000000000000
5692.00 1.096450490727417 1.0000000000000
5691.00 1.096360063750586 1.0000000000000
5690.00 1.096269953954188 1.0000000000000
5689.00 1.096180161743645 1.0000000000000
5688.00 1.096090687508768 1.0000000000000
5687.00 1.096001531623815 1.0000000000000
5686.00 1.095912694447553 1.0000000000000
5685.00 1.095824176323327 1.0000000000000
5684.00 1.095735977579096 1.0000000000000
5683.00 1.095648098527529 1.0000000000000
5682.00 1.095560539466062 1.0000000000000
5681.00 1.095473300676961 1.0000000000000
5680.00 1.095386382427394 1.0000000000000
5679.00 1.095299784969502 1.0000000000000
5678.00 1.095213508540465 1.0000000000000
5677.00 1.095127553362582 1.0000000000000
5676.00 1.095041919643333 1.0000000000000
5675.00 1.094956607575464 1.0000000000000
5674.00 1.094871617337056 1.0000000000000
5673.00 1.094786949091604 1.0000000000000
5672.00 1.094702602988098 1.0000000000000
5671.00 1.094618579161091 1.0000000000000
5670.00 1.094534877730778 1.0000000000000
5669.00 1.094451498803092 1.0000000000000
5668.00 1.094368442469771 1.0000000000000
5667.00 1.094285708808446 1.0000000000000
5666.00 1.094203297882725 1.0000000000000
5665.00 1.094121209742274 1.0000000000000
5664.00 1.094039444422903 1.0000000000000
5663.00 1.093958001946650 1.0000000000000
5662.00 1.093876882321871 1.0000000000000
5661.00 1.093796085543326 1.0000000000000
5660.00 1.093715611592264 1.0000000000000
5659.00 1.093635460436524 1.0000000000000
5658.00 1.093555632030603 1.0000000000000
5657.00 1.093476126315760 1.0000000000000
5656.00 1.093396943220107 1.0000000000000
5655.00 1.093318082658702 1.0000000000000
5654.00 1.093239544533638 1.0000000000000
5653.00 1.093161328734135 1.0000000000000
5652.00 1.093083435136640 1.0000000000000
5651.00 1.093005863604914 1.0000000000000
5650.00 1.092928613990130 1.0000000000000
5649.00 1.092851686130971 1.0000000000000
5648.00 1.092775079853722 1.0000000000000
5647.00 1.092698794972374 1.0000000000000
5646.00 1.092622831288709 1.0000000000000
5645.00 1.092547188592400 1.0000000000000
5644.00 1.092471866661122 1.0000000000000
5643.00 1.092396865260636 1.0000000000000
5642.00 1.092322184144898 1.0000000000000
5641.00 1.092247823056153 1.0000000000000
5640.00 1.092173781725037 1.0000000000000
5639.00 1.092100059870675 1.0000000000000
5638.00 1.092026657200788 1.0000000000000
5637.00 1.091953573411784 1.0000000000000
5636.00 1.091880808188870 1.0000000000000
5635.00 1.091808361206148 1.0000000000000
5634.00 1.091736232126708 1.0000000000000
5633.00 1.091664420602748 1.0000000000000
5632.00 1.091592926275664 1.0000000000000
5631.00 1.091521748776159 1.0000000000000
5630.00 1.091450887724345 1.0000000000000
5629.00 1.091380342729841 1.0000000000000
5628.00 1.091310113391887 1.0000000000000
5627.00 1.091240199299435 1.0000000000000
5626.00 1.091170600031262 1.0000000000000
5625.00 1.091101315156074 1.0000000000000
5624.00 1.091032344232603 1.0000000000000
5623.00 1.090963686809711 1.0000000000000
5622.00 1.090895342426502 1.0000000000000
5621.00 1.090827310612422 1.0000000000000
5620.00 1.090759590887367 1.0000000000000
5619.00 1.090692182761781 1.0000000000000
5618.00 1.090625085736765 1.0000000000000
5617.00 1.090558299304182 1.0000000000000
5616.00 1.090491822946760 1.0000000000000
5615.00 1.090425656138195 1.0000000000000
5614.00 1.090359798343266 1.0000000000000
5613.00 1.090294249017919 1.0000000000000
5612.00 1.090229007609385 1.0000000000000
5611.00 1.090164073556286 1.0000000000000
5610.00 1.090099446288735 1.0000000000000
5609.00 1.090035125228443 1.0000000000000
5608.00 1.089971109788820 1.0000000000000
5607.00 1.089907399375079 1.0000000000000
5606.00 1.089843993384346 1.0000000000000
5605.00 1.089780891205753 1.0000000000000
5604.00 1.089718092220558 1.0000000000000
5603.00 1.089655595802226 1.0000000000000
5602.00 1.089593401316548 1.0000000000000
5601.00 1.089531508121743 1.0000000000000
5600.00 1.089469915568554 1.0000000000000
5599.00 1.089408623000360 1.0000000000000
5598.00 1.089347629753271 1.0000000000000
5597.00 1.089286935156232 1.0000000000000
5596.00 1.089226538531126 1.0000000000000
5595.00 1.089166439192875 1.0000000000000
5594.00 1.089106636449548 1.0000000000000
5593.00 1.089047129602442 1.0000000000000
5592.00 1.088987917946204 1.0000000000000
5591.00 1.088929000768924 1.0000000000000
5590.00 1.088870377352233 1.0000000000000
5589.00 1.088812046971406 1.0000000000000
5588.00 1.088754008895462 1.0000000000000
5587.00 1.088696262387259 1.0000000000000
5586.00 1.088638806703597 1.0000000000000
5585.00 1.088581641095318 1.0000000000000
5584.00 1.088524764807396 1.0000000000000
5583.00 1.088468177079038 1.0000000000000
5582.00 1.088411877143788 1.0000000000000
5581.00 1.088355864229615 1.0000000000000
5580.00 1.088300137559016 1.0000000000000
5579.00 1.088244696349110 1.0000000000000
5578.00 1.088189539811732 1.0000000000000
5577.00 1.088134667153528 1.0000000000000
5576.00 1.088080077576056 1.0000000000000
5575.00 1.088025770275872 1.0000000000000
5574.00 1.087971744444624 1.0000000000000
5573.00 1.087917999269153 1.0000000000000
5572.00 1.087864533931583 1.0000000000000
5571.00 1.087811347609408 1.0000000000000
5570.00 1.087758439475592 1.0000000000000
5569.00 1.087705808698655 1.0000000000000
5568.00 1.087653454442767 1.0000000000000
5567.00 1.087601375867839 1.0000000000000
5566.00 1.087549572129606 1.0000000000000
5565.00 1.087498042379725 1.0000000000000
5564.00 1.087446785765859 1.0000000000000
5563.00 1.087395801431770 1.0000000000000
5562.00 1.087345088517401 1.0000000000000
5561.00 1.087294646158969 1.0000000000000
5560.00 1.087244473489046 1.0000000000000
5559.00 1.087194569636655 1.0000000000000
5558.00 1.087144933727344 1.0000000000000
5557.00 1.087095564883275 1.0000000000000
5556.00 1.087046462223313 1.0000000000000
5555.00 1.086997624863107 1.0000000000000
5554.00 1.086949051915173 1.0000000000000
5553.00 1.086900742488976 1.0000000000000
5552.00 1.086852695691017 1.0000000000000
5551.00 1.086804910624909 1.0000000000000
5550.00 1.086757386391463 1.0000000000000
5549.00 1.086710122088764 1.0000000000000
5548.00 1.086663116812253 1.0000000000000
5547.00 1.086616369654808 1.0000000000000
5546.00 1.086569879706821 1.0000000000000
5545.00 1.086523646056277 1.0000000000000
5544.00 1.086477667788831 1.0000000000000
5543.00 1.086431943987884 1.0000000000000
5542.00 1.086386473734665 1.0000000000000
5541.00 1.086341256108297 1.0000000000000
5540.00 1.086296290185879 1.0000000000000
5539.00 1.086251575042560 1.0000000000000
5538.00 1.086207109751612 1.0000000000000
5537.00 1.086162893384503 1.0000000000000
5536.00 1.086118925010971 1.0000000000000
5535.00 1.086075203699092 1.0000000000000
5534.00 1.086031728515358 1.0000000000000
5533.00 1.085988498524743 1.0000000000000
5532.00 1.085945512790774 1.0000000000000
5531.00 1.085902770375602 1.0000000000000
5530.00 1.085860270340069 1.0000000000000
5529.00 1.085818011743779 1.0000000000000
5528.00 1.085775993645163 1.0000000000000
5527.00 1.085734215101547 1.0000000000000
5526.00 1.085692675169220 1.0000000000000
5525.00 1.085651372903498 1.0000000000000
5524.00 1.085610307358786 1.0000000000000
5523.00 1.085569477588653 1.0000000000000
5522.00 1.085528882645884 1.0000000000000
5521.00 1.085488521582548 1.0000000000000
5520.00 1.085448393450066 1.0000000000000
5519.00 1.085408497299262 1.0000000000000
5518.00 1.085368832180435 1.0000000000000
5517.00 1.085329397143413 1.0000000000000
5516.00 1.085290191237617 1.0000000000000
5515.00 1.085251213512117 1.0000000000000
5514.00 1.085212463015695 1.0000000000000
5513.00 1.085173938796900 1.0000000000000
5512.00 1.085135639904106 1.0000000000000
5511.00 1.085097565385569 1.0000000000000
5510.00 1.085059714289489 1.0000000000000
5509.00 1.085022085664056 1.0000000000000
5508.00 1.084984678557513 1.0000000000000
5507.00 1.084947492018206 1.0000000000000
5506.00 1.084910525094640 1.0000000000000
5505.00 1.084873776835534 1.0000000000000
5504.00 1.084837246289867 1.0000000000000
5503.00 1.084800932506939 1.0000000000000
5502.00 1.084764834536416 1.0000000000000
5501.00 1.084728951428385 1.0000000000000
5500.00 1.084693282233401 1.0000000000000
5499.00 1.084657826002539 1.0000000000000
5498.00 1.084622581787439 1.0000000000000
5497.00 1.084587548640359 1.0000000000000
5496.00 1.084552725614224 1.0000000000000
5495.00 1.084518111762667 1.0000000000000
5494.00 1.084483706140082 1.0000000000000
5493.00 1.084449507801666 1.0000000000000
5492.00 1.084415515803465 1.0000000000000
5491.00 1.084381729202421 1.0000000000000
5490.00 1.084348147056413 1.0000000000000
5489.00 1.084314768424305 1.0000000000000
5488.00 1.084281592365985 1.0000000000000
5487.00 1.084248617942412 1.0000000000000
5486.00 1.084215844215654 1.0000000000000
5485.00 1.084183270248929 1.0000000000000
5484.00 1.084150895106650 1.0000000000000
5483.00 1.084118717854459 1.0000000000000
5482.00 1.084086737559276 1.0000000000000
5481.00 1.084054953289331 1.0000000000000
5480.00 1.084023364114204 1.0000000000000
5479.00 1.083991969104863 1.0000000000000
5478.00 1.083960767333703 1.0000000000000
5477.00 1.083929757874580 1.0000000000000
5476.00 1.083898939802848 1.0000000000000
5475.00 1.083868312195402 1.0000000000000
5474.00 1.083837874130702 1.0000000000000
5473.00 1.083807624688818 1.0000000000000
5472.00 1.083777562951456 1.0000000000000
5471.00 1.083747688001995 1.0000000000000
5470.00 1.083717998925520 1.0000000000000
5469.00 1.083688494808857 1.0000000000000
5468.00 1.083659174740603 1.0000000000000
5467.00 1.083630037811159 1.0000000000000
5466.00 1.083601083112757 1.0000000000000
5465.00 1.083572309739497 1.0000000000000
5464.00 1.083543716787369 1.0000000000000
5463.00 1.083515303354288 1.0000000000000
5462.00 1.083487068540127 1.0000000000000
5461.00 1.083459011446740 1.0000000000000
5460.00 1.083431131177987 1.0000000000000
5459.00 1.083403426839771 1.0000000000000
5458.00 1.083375897540055 1.0000000000000
5457.00 1.083348542388893 1.0000000000000
5456.00 1.083321360498462 1.0000000000000
5455.00 1.083294350983079 1.0000000000000
5454.00 1.083267512959232 1.0000000000000
5453.00 1.083240845545600 1.0000000000000
5452.00 1.083214347863081 1.0000000000000
5451.00 1.083188019034811 1.0000000000000
5450.00 1.083161858186195 1.0000000000000
5449.00 1.083135864444927 1.0000000000000
5448.00 1.083110036941009 1.0000000000000
5447.00 1.083084374806776 1.0000000000000
5446.00 1.083058877176917 1.0000000000000
5445.00 1.083033543188494 1.0000000000000
5444.00 1.083008371980966 1.0000000000000
5443.00 1.082983362696212 1.0000000000000
5442.00 1.082958514478545 1.0000000000000
5441.00 1.082933826474732 1.0000000000000
5440.00 1.082909297834016 1.0000000000000
5439.00 1.082884927708132 1.0000000000000
5438.00 1.082860715251323 1.0000000000000
5437.00 1.082836659620371 1.0000000000000
5436.00 1.082812759974598 1.0000000000000
5435.00 1.082789015475891 1.0000000000000
5434.00 1.082765425288716 1.0000000000000
5433.00 1.082741988580136 1.0000000000000
5432.00 1.082718704519824 1.0000000000000
5431.00 1.082695572280086 1.0000000000000
5430.00 1.082672591035867 1.0000000000000
5429.00 1.082649759964772 1.0000000000000
5428.00 1.082627078247075 1.0000000000000
5427.00 1.082604545065734 1.0000000000000
5426.00 1.082582159606407 1.0000000000000
5425.00 1.082559921057469 1.0000000000000
5424.00 1.082537828610017 1.0000000000000
5423.00 1.082515881457885 1.0000000000000
5422.00 1.082494078797659 1.0000000000000
5421.00 1.082472419828680 1.0000000000000
5420.00 1.082450903753068 1.0000000000000
5419.00 1.082429529775726 1.0000000000000
5418.00 1.082408297104354 1.0000000000000
5417.00 1.082387204949454 1.0000000000000
5416.00 1.082366252524342 1.0000000000000
5415.00 1.082345439045160 1.0000000000000
5414.00 1.082324763730885 1.0000000000000
5413.00 1.082304225803340 1.0000000000000
5412.00 1.082283824487198 1.0000000000000
5411.00 1.082263559009993 1.0000000000000
5410.00 1.082243428602129 1.0000000000000
5409.00 1.082223432496878 1.0000000000000
5408.00 1.082203569930411 1.0000000000000
5407.00 1.082183840141784 1.0000000000000
5406.00 1.082164242372951 1.0000000000000
5405.00 1.082144775868771 1.0000000000000
5404.00 1.082125439877014 1.0000000000000
5403.00 1.082106233648367 1.0000000000000
5402.00 1.082087156436447 1.0000000000000
5401.00 1.082068207497795 1.0000000000000
5400.00 1.082049386091888 1.0000000000000
5399.00 1.082030691481140 1.0000000000000
5398.00 1.082012122930908 1.0000000000000
5397.00 1.081993679709502 1.0000000000000
5396.00 1.081975361088184 1.0000000000000
5395.00 1.081957166341172 1.0000000000000
5394.00 1.081939094745644 1.0000000000000
5393.00 1.081921145581738 1.0000000000000
5392.00 1.081903318132563 1.0000000000000
5391.00 1.081885611684198 1.0000000000000
5390.00 1.081868025525696 1.0000000000000
5389.00 1.081850558949081 1.0000000000000
5388.00 1.081833211249358 1.0000000000000
5387.00 1.081815981724501 1.0000000000000
5386.00 1.081798869675480 1.0000000000000
5385.00 1.081781874406239 1.0000000000000
5384.00 1.081764995223707 1.0000000000000
5383.00 1.081748231437798 1.0000000000000
5382.00 1.081731582361409 1.0000000000000
5381.00 1.081715047310424 1.0000000000000
5380.00 1.081698625603718 1.0000000000000
5379.00 1.081682316563151 1.0000000000000
5378.00 1.081666119513568 1.0000000000000
5377.00 1.081650033782800 1.0000000000000
5376.00 1.081634058701662 1.0000000000000
5375.00 1.081618193603963 1.0000000000000
5374.00 1.081602437826492 1.0000000000000
5373.00 1.081586790709022 1.0000000000000
5372.00 1.081571251594309 1.0000000000000
5371.00 1.081555819828083 1.0000000000000
5370.00 1.081540494759066 1.0000000000000
5369.00 1.081525275738954 1.0000000000000
5368.00 1.081510162122418 1.0000000000000
5367.00 1.081495153267101 1.0000000000000
5366.00 1.081480248533617 1.0000000000000
5365.00 1.081465447285554 1.0000000000000
5364.00 1.081450748889466 1.0000000000000
5363.00 1.081436152714871 1.0000000000000
5362.00 1.081421658134245 1.0000000000000
5361.00 1.081407264523020 1.0000000000000
5360.00 1.081392971259589 1.0000000000000
5359.00 1.081378777725296 1.0000000000000
5358.00 1.081364683304430 1.0000000000000
5357.00 1.081350687384226 1.0000000000000
5356.00 1.081336789354852 1.0000000000000
5355.00 1.081322988609421 1.0000000000000
5354.00 1.081309284543976 1.0000000000000
5353.00 1.081295676557490 1.0000000000000
5352.00 1.081282164051853 1.0000000000000
5351.00 1.081268746431877 1.0000000000000
5350.00 1.081255423105287 1.0000000000000
5349.00 1.081242193482722 1.0000000000000
5348.00 1.081229056977723 1.0000000000000
5347.00 1.081216013006729 1.0000000000000
5346.00 1.081203060989069 1.0000000000000
5345.00 1.081190200346969 1.0000000000000
5344.00 1.081177430505535 1.0000000000000
5343.00 1.081164750892753 1.0000000000000
5342.00 1.081152160939476 1.0000000000000
5341.00 1.081139660079425 1.0000000000000
5340.00 1.081127247749183 1.0000000000000
5339.00 1.081114923388189 1.0000000000000
5338.00 1.081102686438729 1.0000000000000
5337.00 1.081090536345930 1.0000000000000
5336.00 1.081078472557751 1.0000000000000
5335.00 1.081066494524989 1.0000000000000
5334.00 1.081054601701259 1.0000000000000
5333.00 1.081042793542993 1.0000000000000
5332.00 1.081031069509433 1.0000000000000
5331.00 1.081019429062618 1.0000000000000
5330.00 1.081007871667391 1.0000000000000
5329.00 1.080996396791382 1.0000000000000
5328.00 1.080985003905002 1.0000000000000
5327.00 1.080973692481432 1.0000000000000
5326.00 1.080962461996623 1.0000000000000
5325.00 1.080951311929291 1.0000000000000
5324.00 1.080940241760900 1.0000000000000
5323.00 1.080929250975660 1.0000000000000
5322.00 1.080918339060515 1.0000000000000
5321.00 1.080907505505143 1.0000000000000
5320.00 1.080896749801945 1.0000000000000
5319.00 1.080886071446035 1.0000000000000
5318.00 1.080875469935233 1.0000000000000
5317.00 1.080864944770052 1.0000000000000
5316.00 1.080854495453706 1.0000000000000
5315.00 1.080844121492087 1.0000000000000
5314.00 1.080833822393761 1.0000000000000
5313.00 1.080823597669958 1.0000000000000
5312.00 1.080813446834568 1.0000000000000
5311.00 1.080803369404132 1.0000000000000
5310.00 1.080793364897832 1.0000000000000
5309.00 1.080783432837483 1.0000000000000
5308.00 1.080773572747519 1.0000000000000
5307.00 1.080763784154996 1.0000000000000
5306.00 1.080754066589577 1.0000000000000
5305.00 1.080744419583523 1.0000000000000
5304.00 1.080734842671683 1.0000000000000
5303.00 1.080725335391485 1.0000000000000
5302.00 1.080715897282936 1.0000000000000
5301.00 1.080706527888605 1.0000000000000
5300.00 1.080697226753615 1.0000000000000
5299.00 1.080687993425630 1.0000000000000
5298.00 1.080678827454857 1.0000000000000
5297.00 1.080669728394031 1.0000000000000
5296.00 1.080660695798404 1.0000000000000
5295.00 1.080651729225739 1.0000000000000
5294.00 1.080642828236294 1.0000000000000
5293.00 1.080633992392829 1.0000000000000
5292.00 1.080625221260581 1.0000000000000
5291.00 1.080616514407261 1.0000000000000
5290.00 1.080607871403040 1.0000000000000
5289.00 1.080599291820548 1.0000000000000
5288.00 1.080590775234865 1.0000000000000
5287.00 1.080582321223502 1.0000000000000
5286.00 1.080573929366395 1.0000000000000
5285.00 1.080565599245899 1.0000000000000
5284.00 1.080557330446782 1.0000000000000
5283.00 1.080549122556207 1.0000000000000
5282.00 1.080540975163726 1.0000000000000
5281.00 1.080532887861270 1.0000000000000
5280.00 1.080524860243143 1.0000000000000
5279.00 1.080516891906012 1.0000000000000
5278.00 1.080508982448891 1.0000000000000
5277.00 1.080501131473137 1.0000000000000
5276.00 1.080493338582438 1.0000000000000
5275.00 1.080485603382812 1.0000000000000
5274.00 1.080477925482584 1.0000000000000
5273.00 1.080470304492383 1.0000000000000
5272.00 1.080462740025132 1.0000000000000
5271.00 1.080455231696042 1.0000000000000
5270.00 1.080447779122597 1.0000000000000
5269.00 1.080440381924547 1.0000000000000
5268.00 1.080433039723893 1.0000000000000
5267.00 1.080425752144889 1.0000000000000
5266.00 1.080418518814024 1.0000000000000
5265.00 1.080411339360010 1.0000000000000
5264.00 1.080404213413778 1.0000000000000
5263.00 1.080397140608466 1.0000000000000
5262.00 1.080390120579414 1.0000000000000
5261.00 1.080383152964146 1.0000000000000
5260.00 1.080376237402362 1.0000000000000
5259.00 1.080369373535937 1.0000000000000
5258.00 1.080362561008901 1.0000000000000
5257.00 1.080355799467437 1.0000000000000
5256.00 1.080349088559863 1.0000000000000
5255.00 1.080342427936628 1.0000000000000
5254.00 1.080335817250307 1.0000000000000
5253.00 1.080329256155582 1.0000000000000
5252.00 1.080322744309234 1.0000000000000
5251.00 1.080316281370135 1.0000000000000
5250.00 1.080309866999247 1.0000000000000
5249.00 1.080303500859596 1.0000000000000
5248.00 1.080297182616275 1.0000000000000
5247.00 1.080290911936423 1.0000000000000
5246.00 1.080284688489232 1.0000000000000
5245.00 1.080278511945924 1.0000000000000
5244.00 1.080272381979744 1.0000000000000
5243.00 1.080266298265947 1.0000000000000
5242.00 1.080260260481802 1.0000000000000
5241.00 1.080254268306571 1.0000000000000
5240.00 1.080248321421498 1.0000000000000
5239.00 1.080242419509802 1.0000000000000
5238.00 1.080236562256675 1.0000000000000
5237.00 1.080230749349264 1.0000000000000
5236.00 1.080224980476663 1.0000000000000
5235.00 1.080219255329899 1.0000000000000
5234.00 1.080213573601937 1.0000000000000
5233.00 1.080207934987657 1.0000000000000
5232.00 1.080202339183848 1.0000000000000
5231.00 1.080196785889197 1.0000000000000
5230.00 1.080191274804287 1.0000000000000
5229.00 1.080185805631581 1.0000000000000
5228.00 1.080180378075412 1.0000000000000
5227.00 1.080174991841975 1.0000000000000
5226.00 1.080169646639323 1.0000000000000
5225.00 1.080164342177349 1.0000000000000
5224.00 1.080159078167784 1.0000000000000
5223.00 1.080153854324178 1.0000000000000
5222.00 1.080148670361903 1.0000000000000
5221.00 1.080143525998139 1.0000000000000
5220.00 1.080138420951859 1.0000000000000
5219.00 1.080133354943822 1.0000000000000
5218.00 1.080128327696574 1.0000000000000
5217.00 1.080123338934429 1.0000000000000
5216.00 1.080118388383457 1.0000000000000
5215.00 1.080113475771481 1.0000000000000
5214.00 1.080108600828071 1.0000000000000
5213.00 1.080103763284528 1.0000000000000
5212.00 1.080098962873876 1.0000000000000
5211.00 1.080094199330853 1.0000000000000
5210.00 1.080089472391908 1.0000000000000
5209.00 1.080084781795186 1.0000000000000
5208.00 1.080080127280516 1.0000000000000
5207.00 1.080075508589411 1.0000000000000
5206.00 1.080070925465054 1.0000000000000
5205.00 1.080066377652288 1.0000000000000
5204.00 1.080061864897608 1.0000000000000
5203.00 1.080057386949154 1.0000000000000
5202.00 1.080052943556703 1.0000000000000
5201.00 1.080048534471655 1.0000000000000
5200.00 1.080044159447027 1.0000000000000
5199.00 1.080039818237448 1.0000000000000
5198.00 1.080035510599144 1.0000000000000
5197.00 1.080031236289936 1.0000000000000
5196.00 1.080026995069219 1.0000000000000
5195.00 1.080022786697973 1.0000000000000
5194.00 1.080018610938737 1.0000000000000
5193.00 1.080014467555607 1.0000000000000
5192.00 1.080010356314226 1.0000000000000
5191.00 1.080006276981781 1.0000000000000
5190.00 1.080002229326988 1.0000000000000
5189.00 1.079998213120082 1.0000000000000
5188.00 1.079994228132817 1.0000000000000
5187.00 1.079990274138452 1.0000000000000
5186.00 1.079986350911743 1.0000000000000
5185.00 1.079982458228931 1.0000000000000
5184.00 1.079978595867743 1.0000000000000
5183.00 1.079974763607377 1.0000000000000
5182.00 1.079970961228495 1.0000000000000
5181.00 1.079967188513211 1.0000000000000
5180.00 1.079963445245093 1.0000000000000
5179.00 1.079959731209145 1.0000000000000
5178.00 1.079956046191803 1.0000000000000
5177.00 1.079952389980923 1.0000000000000
5176.00 1.079948762365782 1.0000000000000
5175.00 1.079945163137060 1.0000000000000
5174.00 1.079941592086834 1.0000000000000
5173.00 1.079938049008579 1.0000000000000
5172.00 1.079934533697146 1.0000000000000
5171.00 1.079931045948766 1.0000000000000
5170.00 1.079927585561031 1.0000000000000
5169.00 1.079924152332899 1.0000000000000
5168.00 1.079920746064677 1.0000000000000
5167.00 1.079917366558012 1.0000000000000
5166.00 1.079914013615890 1.0000000000000
5165.00 1.079910687042628 1.0000000000000
5164.00 1.079907386643858 1.0000000000000
5163.00 1.079904112226524 1.0000000000000
5162.00 1.079900863598881 1.0000000000000
5161.00 1.079897640570477 1.0000000000000
5160.00 1.079894442952149 1.0000000000000
5159.00 1.079891270556018 1.0000000000000
5158.00 1.079888123195479 1.0000000000000
5157.00 1.079885000685195 1.0000000000000
5156.00 1.079881902841085 1.0000000000000
5155.00 1.079878829480325 1.0000000000000
5154.00 1.079875780421334 1.0000000000000
5153.00 1.079872755483766 1.0000000000000
5152.00 1.079869754488505 1.0000000000000
5151.00 1.079866777257664 1.0000000000000
5150.00 1.079863823614564 1.0000000000000
5149.00 1.079860893383735 1.0000000000000
5148.00 1.079857986390913 1.0000000000000
5147.00 1.079855102463023 1.0000000000000
5146.00 1.079852241428177 1.0000000000000
5145.00 1.079849403115668 1.0000000000000
5144.00 1.079846587355961 1.0000000000000
5143.00 1.079843793980686 1.0000000000000
5142.00 1.079841022822629 1.0000000000000
5141.00 1.079838273715730 1.0000000000000
5140.00 1.079835546495074 1.0000000000000
5139.00 1.079832840996880 1.0000000000000
5138.00 1.079830157058498 1.0000000000000
5137.00 1.079827494518406 1.0000000000000
5136.00 1.079824853216193 1.0000000000000
5135.00 1.079822232992558 1.0000000000000
5134.00 1.079819633689309 1.0000000000000
5133.00 1.079817055149345 1.0000000000000
5132.00 1.079814497216654 1.0000000000000
5131.00 1.079811959736311 1.0000000000000
5130.00 1.079809442554465 1.0000000000000
5129.00 1.079806945518334 1.0000000000000
5128.00 1.079804468476200 1.0000000000000
5127.00 1.079802011277401 1.0000000000000
5126.00 1.079799573772328 1.0000000000000
5125.00 1.079797155812408 1.0000000000000
5124.00 1.079794757250113 1.0000000000000
5123.00 1.079792377938942 1.0000000000000
5122.00 1.079790017733416 1.0000000000000
5121.00 1.079787676489079 1.0000000000000
5120.00 1.079785354062484 1.0000000000000
5119.00 1.079783050311186 1.0000000000000
5118.00 1.079780765093743 1.0000000000000
5117.00 1.079778498269705 1.0000000000000
5116.00 1.079776249699607 1.0000000000000
5115.00 1.079774019244964 1.0000000000000
5114.00 1.079771806768267 1.0000000000000
5113.00 1.079769612132974 1.0000000000000
5112.00 1.079767435203504 1.0000000000000
5111.00 1.079765275845232 1.0000000000000
5110.00 1.079763133924485 1.0000000000000
5109.00 1.079761009308531 1.0000000000000
5108.00 1.079758901865575 1.0000000000000
5107.00 1.079756811464758 1.0000000000000
5106.00 1.079754737976145 1.0000000000000
5105.00 1.079752681270718 1.0000000000000
5104.00 1.079750641220377 1.0000000000000
5103.00 1.079748617697930 1.0000000000000
5102.00 1.079746610577084 1.0000000000000
5101.00 1.079744619732449 1.0000000000000
5100.00 1.079742645039521 1.0000000000000
5099.00 1.079740686374683 1.0000000000000
5098.00 1.079738743615197 1.0000000000000
5097.00 1.079736816639202 1.0000000000000
5096.00 1.079734905325703 1.0000000000000
5095.00 1.079733009554567 1.0000000000000
5094.00 1.079731129206520 1.0000000000000
5093.00 1.079729264163142 1.0000000000000
5092.00 1.079727414306853 1.0000000000000
5091.00 1.079725579520920 1.0000000000000
5090.00 1.079723759689446 1.0000000000000
5089.00 1.079721954697355 1.0000000000000
5088.00 1.079720164430407 1.0000000000000
5087.00 1.079718388775176 1.0000000000000
5086.00 1.079716627619048 1.0000000000000
5085.00 1.079714880850221 1.0000000000000
5084.00 1.079713148357698 1.0000000000000
5083.00 1.079711430031274 1.0000000000000
5082.00 1.079709725761544 1.0000000000000
5081.00 1.079708035439887 1.0000000000000
5080.00 1.079706358958465 1.0000000000000
5079.00 1.079704696210217 1.0000000000000
5078.00 1.079703047088858 1.0000000000000
5077.00 1.079701411488868 1.0000000000000
5076.00 1.079699789305487 1.0000000000000
5075.00 1.079698180434718 1.0000000000000
5074.00 1.079696584773312 1.0000000000000
5073.00 1.079695002218767 1.0000000000000
5072.00 1.079693432669329 1.0000000000000
5071.00 1.079691876023976 1.0000000000000
5070.00 1.079690332182421 1.0000000000000
5069.00 1.079688801045106 1.0000000000000
5068.00 1.079687282513195 1.0000000000000
5067.00 1.079685776488568 1.0000000000000
5066.00 1.079684282873825 1.0000000000000
5065.00 1.079682801572269 1.0000000000000
5064.00 1.079681332487908 1.0000000000000
5063.00 1.079679875525452 1.0000000000000
5062.00 1.079678430590306 1.0000000000000
5061.00 1.079676997588560 1.0000000000000
5060.00 1.079675576426996 1.0000000000000
5059.00 1.079674167013075 1.0000000000000
5058.00 1.079672769254932 1.0000000000000
5057.00 1.079671383061377 1.0000000000000
5056.00 1.079670008341886 1.0000000000000
5055.00 1.079668645006598 1.0000000000000
5054.00 1.079667292966313 1.0000000000000
5053.00 1.079665952132481 1.0000000000000
5052.00 1.079664622417205 1.0000000000000
5051.00 1.079663303733232 1.0000000000000
5050.00 1.079661995993952 1.0000000000000
5049.00 1.079660699113387 1.0000000000000
5048.00 1.079659413006198 1.0000000000000
5047.00 1.079658137587669 1.0000000000000
5046.00 1.079656872773710 1.0000000000000
5045.00 1.079655618480851 1.0000000000000
5044.00 1.079654374626238 1.0000000000000
5043.00 1.079653141127625 1.0000000000000
5042.00 1.079651917903379 1.0000000000000
5041.00 1.079650704872464 1.0000000000000
5040.00 1.079649501954449 1.0000000000000
5039.00 1.079648309069491 1.0000000000000
5038.00 1.079647126138347 1.0000000000000
5037.00 1.079645953082351 1.0000000000000
5036.00 1.079644789823428 1.0000000000000
5035.00 1.079643636284077 1.0000000000000
5034.00 1.079642492387374 1.0000000000000
5033.00 1.079641358056965 1.0000000000000
5032.00 1.079640233217066 1.0000000000000
5031.00 1.079639117792453 1.0000000000000
5030.00 1.079638011708462 1.0000000000000
5029.00 1.079636914890986 1.0000000000000
5028.00 1.079635827266469 1.0000000000000
5027.00 1.079634748761902 1.0000000000000
5026.00 1.079633679304824 1.0000000000000
5025.00 1.079632618823309 1.0000000000000
5024.00 1.079631567245972 1.0000000000000
5023.00 1.079630524501960 1.0000000000000
5022.00 1.079629490520948 1.0000000000000
5021.00 1.079628465233138 1.0000000000000
5020.00 1.079627448569256 1.0000000000000
5019.00 1.079626440460542 1.0000000000000
5018.00 1.079625440838756 1.0000000000000
5017.00 1.079624449636166 1.0000000000000
5016.00 1.079623466785548 1.0000000000000
5015.00 1.079622492220184 1.0000000000000
5014.00 1.079621525873857 1.0000000000000
5013.00 1.079620567680845 1.0000000000000
5012.00 1.079619617575922 1.0000000000000
5011.00 1.079618675494351 1.0000000000000
5010.00 1.079617741371885 1.0000000000000
5009.00 1.079616815144756 1.0000000000000
5008.00 1.079615896749682 1.0000000000000
5007.00 1.079614986123852 1.0000000000000
5006.00 1.079614083204934 1.0000000000000
5005.00 1.079613187931062 1.0000000000000
5004.00 1.079612300240840 1.0000000000000
5003.00 1.079611420073335 1.0000000000000
5002.00 1.079610547368073 1.0000000000000
5001.00 1.079609682065041 1.0000000000000
5000.00 1.079608824104676 1.0000000000000
4999.00 1.079607973427868 1.0000000000000
4998.00 1.079607129975955 1.0000000000000
4997.00 1.079606293690718 1.0000000000000
4996.00 1.079605464514382 1.0000000000000
4995.00 1.079604642389609 1.0000000000000
4994.00 1.079603827259495 1.0000000000000
4993.00 1.079603019067571 1.0000000000000
4992.00 1.079602217757795 1.0000000000000
4991.00 1.079601423274551 1.0000000000000
4990.00 1.079600635562650 1.0000000000000
4989.00 1.079599854567318 1.0000000000000
4988.00 1.079599080234201 1.0000000000000
4987.00 1.079598312509359 1.0000000000000
4986.00 1.079597551339264 1.0000000000000
4985.00 1.079596796670793 1.0000000000000
4984.00 1.079596048451234 1.0000000000000
4983.00 1.079595306628273 1.0000000000000
4982.00 1.079594571149998 1.0000000000000
4981.00 1.079593841964893 1.0000000000000
4980.00 1.079593119021837 1.0000000000000
4979.00 1.079592402270100 1.0000000000000
4978.00 1.079591691659340 1.0000000000000
4977.00 1.079590987139601 1.0000000000000
4976.00 1.079590288661311 1.0000000000000
4975.00 1.079589596175277 1.0000000000000
4974.00 1.079588909632683 1.0000000000000
4973.00 1.079588228985091 1.0000000000000
4972.00 1.079587554184432 1.0000000000000
4971.00 1.079586885183007 1.0000000000000
4970.00 1.079586221933486 1.0000000000000
4969.00 1.079585564388901 1.0000000000000
4968.00 1.079584912502646 1.0000000000000
4967.00 1.079584266228476 1.0000000000000
4966.00 1.079583625520499 1.0000000000000
4965.00 1.079582990333180 1.0000000000000
4964.00 1.079582360621336 1.0000000000000
4963.00 1.079581736340128 1.0000000000000
4962.00 1.079581117445068 1.0000000000000
4961.00 1.079580503892011 1.0000000000000
4960.00 1.079579895637151 1.0000000000000
4959.00 1.079579292637025 1.0000000000000
4958.00 1.079578694848501 1.0000000000000
4957.00 1.079578102228787 1.0000000000000
4956.00 1.079577514735419 1.0000000000000
4955.00 1.079576932326261 1.0000000000000
4954.00 1.079576354959509 1.0000000000000
4953.00 1.079575782593677 1.0000000000000
4952.00 1.079575215187607 1.0000000000000
4951.00 1.079574652700457 1.0000000000000
4950.00 1.079574095091704 1.0000000000000
4949.00 1.079573542321141 1.0000000000000
4948.00 1.079572994348870 1.0000000000000
4947.00 1.079572451135308 1.0000000000000
4946.00 1.079571912641179 1.0000000000000
4945.00 1.079571378827513 1.0000000000000
4944.00 1.079570849655642 1.0000000000000
4943.00 1.079570325087203 1.0000000000000
4942.00 1.079569805084130 1.0000000000000
4941.00 1.079569289608656 1.0000000000000
4940.00 1.079568778623307 1.0000000000000
4939.00 1.079568272090904 1.0000000000000
4938.00 1.079567769974557 1.0000000000000
4937.00 1.079567272237667 1.0000000000000
4936.00 1.079566778843920 1.0000000000000
4935.00 1.079566289757286 1.0000000000000
4934.00 1.079565804942018 1.0000000000000
4933.00 1.079565324362650 1.0000000000000
4932.00 1.079564847983995 1.0000000000000
4931.00 1.079564375771138 1.0000000000000
4930.00 1.079563907689444 1.0000000000000
4929.00 1.079563443704546 1.0000000000000
4928.00 1.079562983782348 1.0000000000000
4927.00 1.079562527889024 1.0000000000000
4926.00 1.079562075991012 1.0000000000000
4925.00 1.079561628055016 1.0000000000000
4924.00 1.079561184048000 1.0000000000000
4923.00 1.079560743937191 1.0000000000000
4922.00 1.079560307690074 1.0000000000000
4921.00 1.079559875274389 1.0000000000000
4920.00 1.079559446658131 1.0000000000000
4919.00 1.079559021809550 1.0000000000000
4918.00 1.079558600697144 1.0000000000000
4917.00 1.079558183289661 1.0000000000000
4916.00 1.079557769556097 1.0000000000000
4915.00 1.079557359465693 1.0000000000000
4914.00 1.079556952987933 1.0000000000000
4913.00 1.079556550092543 1.0000000000000
4912.00 1.079556150749490 1.0000000000000
4911.00 1.079555754928977 1.0000000000000
4910.00 1.079555362601445 1.0000000000000
4909.00 1.079554973737569 1.0000000000000
4908.00 1.079554588308258 1.0000000000000
4907.00 1.079554206284652 1.0000000000000
4906.00 1.079553827638117 1.0000000000000
4905.00 1.079553452340251 1.0000000000000
4904.00 1.079553080362877 1.0000000000000
4903.00 1.079552711678041 1.0000000000000
4902.00 1.079552346258013 1.0000000000000
4901.00 1.079551984075283 1.0000000000000
4900.00 1.079551625102562 1.0000000000000
4899.00 1.079551269312775 1.0000000000000
4898.00 1.079550916679068 1.0000000000000
4897.00 1.079550567174798 1.0000000000000
4896.00 1.079550220773536 1.0000000000000
4895.00 1.079549877449066 1.0000000000000
4894.00 1.079549537175376 1.0000000000000
4893.00 1.079549199926669 1.0000000000000
4892.00 1.079548865677350 1.0000000000000
4891.00 1.079548534402032 1.0000000000000
4890.00 1.079548206075528 1.0000000000000
4889.00 1.079547880672856 1.0000000000000
4888.00 1.079547558169233 1.0000000000000
4887.00 1.079547238540075 1.0000000000000
4886.00 1.079546921760996 1.0000000000000
4885.00 1.079546607807804 1.0000000000000
4884.00 1.079546296656503 1.0000000000000
4883.00 1.079545988283291 1.0000000000000
4882.00 1.079545682664555 1.0000000000000
4881.00 1.079545379776874 1.0000000000000
4880.00 1.079545079597014 1.0000000000000
4879.00 1.079544782101930 1.0000000000000
4878.00 1.079544487268761 1.0000000000000
4877.00 1.079544195074832 1.0000000000000
4876.00 1.079543905497649 1.0000000000000
4875.00 1.079543618514901 1.0000000000000
4874.00 1.079543334104458 1.0000000000000
4873.00 1.079543052244367 1.0000000000000
4872.00 1.079542772912852 1.0000000000000
4871.00 1.079542496088315 1.0000000000000
4870.00 1.079542221749333 1.0000000000000
4869.00 1.079541949874654 1.0000000000000
4868.00 1.079541680443201 1.0000000000000
4867.00 1.079541413434066 1.0000000000000
4866.00 1.079541148826510 1.0000000000000
4865.00 1.079540886599965 1.0000000000000
4864.00 1.079540626734027 1.0000000000000
4863.00 1.079540369208458 1.0000000000000
4862.00 1.079540114003187 1.0000000000000
4861.00 1.079539861098303 1.0000000000000
4860.00 1.079539610474058 1.0000000000000
4859.00 1.079539362110867 1.0000000000000
4858.00 1.079539115989300 1.0000000000000
4857.00 1.079538872090088 1.0000000000000
4856.00 1.079538630394119 1.0000000000000
4855.00 1.079538390882437 1.0000000000000
4854.00 1.079538153536238 1.0000000000000
4853.00 1.079537918336875 1.0000000000000
4852.00 1.079537685265851 1.0000000000000
4851.00 1.079537454304821 1.0000000000000
4850.00 1.079537225435589 1.0000000000000
4849.00 1.079536998640108 1.0000000000000
4848.00 1.079536773900479 1.0000000000000
4847.00 1.079536551198949 1.0000000000000
4846.00 1.079536330517912 1.0000000000000
4845.00 1.079536111839904 1.0000000000000
4844.00 1.079535895147605 1.0000000000000
4843.00 1.079535680423837 1.0000000000000
4842.00 1.079535467651563 1.0000000000000
4841.00 1.079535256813885 1.0000000000000
4840.00 1.079535047894046 1.0000000000000
4839.00 1.079534840875423 1.0000000000000
4838.00 1.079534635741534 1.0000000000000
4837.00 1.079534432476028 1.0000000000000
4836.00 1.079534231062692 1.0000000000000
4835.00 1.079534031485446 1.0000000000000
4834.00 1.079533833728339 1.0000000000000
4833.00 1.079533637775557 1.0000000000000
4832.00 1.079533443611411 1.0000000000000
4831.00 1.079533251220344 1.0000000000000
4830.00 1.079533060586928 1.0000000000000
4829.00 1.079532871695861 1.0000000000000
4828.00 1.079532684531969 1.0000000000000
4827.00 1.079532499080199 1.0000000000000
4826.00 1.079532315325628 1.0000000000000
4825.00 1.079532133253454 1.0000000000000
4824.00 1.079531952848996 1.0000000000000
4823.00 1.079531774097697 1.0000000000000
4822.00 1.079531596985118 1.0000000000000
4821.00 1.079531421496944 1.0000000000000
4820.00 1.079531247618973 1.0000000000000
4819.00 1.079531075337125 1.0000000000000
4818.00 1.079530904637436 1.0000000000000
4817.00 1.079530735506055 1.0000000000000
4816.00 1.079530567929250 1.0000000000000
4815.00 1.079530401893402 1.0000000000000
4814.00 1.079530237385004 1.0000000000000
4813.00 1.079530074390662 1.0000000000000
4812.00 1.079529912897093 1.0000000000000
4811.00 1.079529752891126 1.0000000000000
4810.00 1.079529594359698 1.0000000000000
4809.00 1.079529437289857 1.0000000000000
4808.00 1.079529281668755 1.0000000000000
4807.00 1.079529127483656 1.0000000000000
4806.00 1.079528974721928 1.0000000000000
4805.00 1.079528823371044 1.0000000000000
4804.00 1.079528673418582 1.0000000000000
4803.00 1.079528524852225 1.0000000000000
4802.00 1.079528377659757 1.0000000000000
4801.00 1.079528231829065 1.0000000000000
4800.00 1.079528087348138 1.0000000000000
4799.00 1.079527944205065 1.0000000000000
4798.00 1.079527802388035 1.0000000000000
4797.00 1.079527661885335 1.0000000000000
4796.00 1.079527522685353 1.0000000000000
4795.00 1.079527384776571 1.0000000000000
4794.00 1.079527248147569 1.0000000000000
4793.00 1.079527112787024 1.0000000000000
4792.00 1.079526978683707 1.0000000000000
4791.00 1.079526845826483 1.0000000000000
4790.00 1.079526714204311 1.0000000000000
4789.00 1.079526583806244 1.0000000000000
4788.00 1.079526454621426 1.0000000000000
4787.00 1.079526326639092 1.0000000000000
4786.00 1.079526199848569 1.0000000000000
4785.00 1.079526074239273 1.0000000000000
4784.00 1.079525949800710 1.0000000000000
4783.00 1.079525826522473 1.0000000000000
4782.00 1.079525704394245 1.0000000000000
4781.00 1.079525583405794 1.0000000000000
4780.00 1.079525463546977 1.0000000000000
4779.00 1.079525344807734 1.0000000000000
4778.00 1.079525227178091 1.0000000000000
4777.00 1.079525110648160 1.0000000000000
4776.00 1.079524995208134 1.0000000000000
4775.00 1.079524880848292 1.0000000000000
4774.00 1.079524767558992 1.0000000000000
4773.00 1.079524655330677 1.0000000000000
4772.00 1.079524544153869 1.0000000000000
4771.00 1.079524434019171 1.0000000000000
4770.00 1.079524324917266 1.0000000000000
4769.00 1.079524216838916 1.0000000000000
4768.00 1.079524109774961 1.0000000000000
4767.00 1.079524003716320 1.0000000000000
4766.00 1.079523898653987 1.0000000000000
4765.00 1.079523794579036 1.0000000000000
4764.00 1.079523691482614 1.0000000000000
4763.00 1.079523589355944 1.0000000000000
4762.00 1.079523488190326 1.0000000000000
4761.00 1.079523387977132 1.0000000000000
4760.00 1.079523288707807 1.0000000000000
4759.00 1.079523190373871 1.0000000000000
4758.00 1.079523092966915 1.0000000000000
4757.00 1.079522996478603 1.0000000000000
4756.00 1.079522900900669 1.0000000000000
4755.00 1.079522806224918 1.0000000000000
4754.00 1.079522712443225 1.0000000000000
4753.00 1.079522619547536 1.0000000000000
4752.00 1.079522527529865 1.0000000000000
4751.00 1.079522436382292 1.0000000000000
4750.00 1.079522346096970 1.0000000000000
4749.00 1.079522256666113 1.0000000000000
4748.00 1.079522168082008 1.0000000000000
4747.00 1.079522080337004 1.0000000000000
4746.00 1.079521993423517 1.0000000000000
4745.00 1.079521907334028 1.0000000000000
4744.00 1.079521822061084 1.0000000000000
4743.00 1.079521737597293 1.0000000000000
4742.00 1.079521653935330 1.0000000000000
4741.00 1.079521571067930 1.0000000000000
4740.00 1.079521488987893 1.0000000000000
4739.00 1.079521407688081 1.0000000000000
4738.00 1.079521327161414 1.0000000000000
4737.00 1.079521247400878 1.0000000000000
4736.00 1.079521168399515 1.0000000000000
4735.00 1.079521090150432 1.0000000000000
4734.00 1.079521012646790 1.0000000000000
4733.00 1.079520935881812 1.0000000000000
4732.00 1.079520859848781 1.0000000000000
4731.00 1.079520784541035 1.0000000000000
4730.00 1.079520709951971 1.0000000000000
4729.00 1.079520636075045 1.0000000000000
4728.00 1.079520562903765 1.0000000000000
4727.00 1.079520490431701 1.0000000000000
4726.00 1.079520418652473 1.0000000000000
4725.00 1.079520347559762 1.0000000000000
4724.00 1.079520277147299 1.0000000000000
4723.00 1.079520207408871 1.0000000000000
4722.00 1.079520138338321 1.0000000000000
4721.00 1.079520069929543 1.0000000000000
4720.00 1.079520002176485 1.0000000000000
4719.00 1.079519935073147 1.0000000000000
4718.00 1.079519868613583 1.0000000000000
4717.00 1.079519802791896 1.0000000000000
4716.00 1.079519737602242 1.0000000000000
4715.00 1.079519673038829 1.0000000000000
4714.00 1.079519609095912 1.0000000000000
4713.00 1.079519545767801 1.0000000000000
4712.00 1.079519483048851 1.0000000000000
4711.00 1.079519420933470 1.0000000000000
4710.00 1.079519359416111 1.0000000000000
4709.00 1.079519298491278 1.0000000000000
4708.00 1.079519238153524 1.0000000000000
4707.00 1.079519178397447 1.0000000000000
4706.00 1.079519119217694 1.0000000000000
4705.00 1.079519060608958 1.0000000000000
4704.00 1.079519002565978 1.0000000000000
4703.00 1.079518945083541 1.0000000000000
4702.00 1.079518888156479 1.0000000000000
4701.00 1.079518831779668 1.0000000000000
4700.00 1.079518775948030 1.0000000000000
4699.00 1.079518720656532 1.0000000000000
4698.00 1.079518665900184 1.0000000000000
4697.00 1.079518611674041 1.0000000000000
4696.00 1.079518557973200 1.0000000000000
4695.00 1.079518504792804 1.0000000000000
4694.00 1.079518452128035 1.0000000000000
4693.00 1.079518399974119 1.0000000000000
4692.00 1.079518348326327 1.0000000000000
4691.00 1.079518297179966 1.0000000000000
4690.00 1.079518246530389 1.0000000000000
4689.00 1.079518196372987 1.0000000000000
4688.00 1.079518146703195 1.0000000000000
4687.00 1.079518097516484 1.0000000000000
4686.00 1.079518048808369 1.0000000000000
4685.00 1.079518000574402 1.0000000000000
4684.00 1.079517952810176 1.0000000000000
4683.00 1.079517905511321 1.0000000000000
4682.00 1.079517858673508 1.0000000000000
4681.00 1.079517812292445 1.0000000000000
4680.00 1.079517766363878 1.0000000000000
4679.00 1.079517720883590 1.0000000000000
4678.00 1.079517675847405 1.0000000000000
4677.00 1.079517631251179 1.0000000000000
4676.00 1.079517587090808 1.0000000000000
4675.00 1.079517543362222 1.0000000000000
4674.00 1.079517500061392 1.0000000000000
4673.00 1.079517457184318 1.0000000000000
4672.00 1.079517414727042 1.0000000000000
4671.00 1.079517372685636 1.0000000000000
4670.00 1.079517331056211 1.0000000000000
4669.00 1.079517289834910 1.0000000000000
4668.00 1.079517249017911 1.0000000000000
4667.00 1.079517208601427 1.0000000000000
4666.00 1.079517168581704 1.0000000000000
4665.00 1.079517128955021 1.0000000000000
4664.00 1.079517089717691 1.0000000000000
4663.00 1.079517050866059 1.0000000000000
4662.00 1.079517012396505 1.0000000000000
4661.00 1.079516974305438 1.0000000000000
4660.00 1.079516936589302 1.0000000000000
4659.00 1.079516899244571 1.0000000000000
4658.00 1.079516862267751 1.0000000000000
4657.00 1.079516825655380 1.0000000000000
4656.00 1.079516789404026 1.0000000000000
4655.00 1.079516753510288 1.0000000000000
4654.00 1.079516717970796 1.0000000000000
4653.00 1.079516682782211 1.0000000000000
4652.00 1.079516647941221 1.0000000000000
4651.00 1.079516613444547 1.0000000000000
4650.00 1.079516579288937 1.0000000000000
4649.00 1.079516545471171 1.0000000000000
4648.00 1.079516511988055 1.0000000000000
4647.00 1.079516478836425 1.0000000000000
4646.00 1.079516446013146 1.0000000000000
4645.00 1.079516413515111 1.0000000000000
4644.00 1.079516381339239 1.0000000000000
4643.00 1.079516349482481 1.0000000000000
4642.00 1.079516317941812 1.0000000000000
4641.00 1.079516286714234 1.0000000000000
4640.00 1.079516255796780 1.0000000000000
4639.00 1.079516225186505 1.0000000000000
4638.00 1.079516194880493 1.0000000000000
4637.00 1.079516164875855 1.0000000000000
4636.00 1.079516135169726 1.0000000000000
4635.00 1.079516105759269 1.0000000000000
4634.00 1.079516076641672 1.0000000000000
4633.00 1.079516047814149 1.0000000000000
4632.00 1.079516019273936 1.0000000000000
4631.00 1.079515991018299 1.0000000000000
4630.00 1.079515963044526 1.0000000000000
4629.00 1.079515935349930 1.0000000000000
4628.00 1.079515907931847 1.0000000000000
4627.00 1.079515880787640 1.0000000000000
4626.00 1.079515853914694 1.0000000000000
4625.00 1.079515827310419 1.0000000000000
4624.00 1.079515800972247 1.0000000000000
4623.00 1.079515774897635 1.0000000000000
4622.00 1.079515749084062 1.0000000000000
4621.00 1.079515723529031 1.0000000000000
4620.00 1.079515698230066 1.0000000000000
4619.00 1.079515673184715 1.0000000000000
4618.00 1.079515648390549 1.0000000000000
4617.00 1.079515623845160 1.0000000000000
4616.00 1.079515599546161 1.0000000000000
4615.00 1.079515575491189 1.0000000000000
4614.00 1.079515551677902 1.0000000000000
4613.00 1.079515528103979 1.0000000000000
4612.00 1.079515504767119 1.0000000000000
4611.00 1.079515481665044 1.0000000000000
4610.00 1.079515458795496 1.0000000000000
4609.00 1.079515436156238 1.0000000000000
4608.00 1.079515413745054 1.0000000000000
4607.00 1.079515391559747 1.0000000000000
4606.00 1.079515369598141 1.0000000000000
4605.00 1.079515347858080 1.0000000000000
4604.00 1.079515326337427 1.0000000000000
4603.00 1.079515305034066 1.0000000000000
4602.00 1.079515283945899 1.0000000000000
4601.00 1.079515263070848 1.0000000000000
4600.00 1.079515242406855 1.0000000000000
4599.00 1.079515221951879 1.0000000000000
4598.00 1.079515201703899 1.0000000000000
4597.00 1.079515181660913 1.0000000000000
4596.00 1.079515161820936 1.0000000000000
4595.00 1.079515142182003 1.0000000000000
4594.00 1.079515122742166 1.0000000000000
4593.00 1.079515103499495 1.0000000000000
4592.00 1.079515084452079 1.0000000000000
4591.00 1.079515065598023 1.0000000000000
4590.00 1.079515046935450 1.0000000000000
4589.00 1.079515028462502 1.0000000000000
4588.00 1.079515010177336 1.0000000000000
4587.00 1.079514992078127 1.0000000000000
4586.00 1.079514974163066 1.0000000000000
4585.00 1.079514956430363 1.0000000000000
4584.00 1.079514938878242 1.0000000000000
4583.00 1.079514921504946 1.0000000000000
4582.00 1.079514904308732 1.0000000000000
4581.00 1.079514887287873 1.0000000000000
4580.00 1.079514870440662 1.0000000000000
4579.00 1.079514853765402 1.0000000000000
4578.00 1.079514837260417 1.0000000000000
4577.00 1.079514820924043 1.0000000000000
4576.00 1.079514804754634 1.0000000000000
4575.00 1.079514788750558 1.0000000000000
4574.00 1.079514772910197 1.0000000000000
4573.00 1.079514757231952 1.0000000000000
4572.00 1.079514741714233 1.0000000000000
4571.00 1.079514726355471 1.0000000000000
4570.00 1.079514711154109 1.0000000000000
4569.00 1.079514696108602 1.0000000000000
4568.00 1.079514681217423 1.0000000000000
4567.00 1.079514666479059 1.0000000000000
4566.00 1.079514651892010 1.0000000000000
4565.00 1.079514637454789 1.0000000000000
4564.00 1.079514623165925 1.0000000000000
4563.00 1.079514609023961 1.0000000000000
4562.00 1.079514595027451 1.0000000000000
4561.00 1.079514581174964 1.0000000000000
4560.00 1.079514567465084 1.0000000000000
4559.00 1.079514553896405 1.0000000000000
4558.00 1.079514540467539 1.0000000000000
4557.00 1.079514527177105 1.0000000000000
4556.00 1.079514514023740 1.0000000000000
4555.00 1.079514501006091 1.0000000000000
4554.00 1.079514488122819 1.0000000000000
4553.00 1.079514475372598 1.0000000000000
4552.00 1.079514462754112 1.0000000000000
4551.00 1.079514450266060 1.0000000000000
4550.00 1.079514437907152 1.0000000000000
4549.00 1.079514425676110 1.0000000000000
4548.00 1.079514413571671 1.0000000000000
4547.00 1.079514401592578 1.0000000000000
4546.00 1.079514389737592 1.0000000000000
4545.00 1.079514378005482 1.0000000000000
4544.00 1.079514366395030 1.0000000000000
4543.00 1.079514354905028 1.0000000000000
4542.00 1.079514343534282 1.0000000000000
4541.00 1.079514332281608 1.0000000000000
4540.00 1.079514321145832 1.0000000000000
4539.00 1.079514310125793 1.0000000000000
4538.00 1.079514299220339 1.0000000000000
4537.00 1.079514288428333 1.0000000000000
4536.00 1.079514277748643 1.0000000000000
4535.00 1.079514267180152 1.0000000000000
4534.00 1.079514256721752 1.0000000000000
4533.00 1.079514246372346 1.0000000000000
4532.00 1.079514236130847 1.0000000000000
4531.00 1.079514225996179 1.0000000000000
4530.00 1.079514215967275 1.0000000000000
4529.00 1.079514206043080 1.0000000000000
4528.00 1.079514196222547 1.0000000000000
4527.00 1.079514186504642 1.0000000000000
4526.00 1.079514176888336 1.0000000000000
4525.00 1.079514167372614 1.0000000000000
4524.00 1.079514157956470 1.0000000000000
4523.00 1.079514148638906 1.0000000000000
4522.00 1.079514139418934 1.0000000000000
4521.00 1.079514130295578 1.0000000000000
4520.00 1.079514121267867 1.0000000000000
4519.00 1.079514112334843 1.0000000000000
4518.00 1.079514103495555 1.0000000000000
4517.00 1.079514094749061 1.0000000000000
4516.00 1.079514086094431 1.0000000000000
4515.00 1.079514077530739 1.0000000000000
4514.00 1.079514069057073 1.0000000000000
4513.00 1.079514060672527 1.0000000000000
4512.00 1.079514052376203 1.0000000000000
4511.00 1.079514044167213 1.0000000000000
4510.00 1.079514036044677 1.0000000000000
4509.00 1.079514028007724 1.0000000000000
4508.00 1.079514020055491 1.0000000000000
4507.00 1.079514012187124 1.0000000000000
4506.00 1.079514004401775 1.0000000000000
4505.00 1.079513996698607 1.0000000000000
4504.00 1.079513989076790 1.0000000000000
4503.00 1.079513981535500 1.0000000000000
4502.00 1.079513974073924 1.0000000000000
4501.00 1.079513966691256 1.0000000000000
4500.00 1.079513959386697 1.0000000000000
4499.00 1.079513952159455 1.0000000000000
4498.00 1.079513945008747 1.0000000000000
4497.00 1.079513937933799 1.0000000000000
4496.00 1.079513930933841 1.0000000000000
4495.00 1.079513924008112 1.0000000000000
4494.00 1.079513917155861 1.0000000000000
4493.00 1.079513910376339 1.0000000000000
4492.00 1.079513903668808 1.0000000000000
4491.00 1.079513897032537 1.0000000000000
4490.00 1.079513890466801 1.0000000000000
4489.00 1.079513883970882 1.0000000000000
4488.00 1.079513877544070 1.0000000000000
4487.00 1.079513871185660 1.0000000000000
4486.00 1.079513864894956 1.0000000000000
4485.00 1.079513858671269 1.0000000000000
4484.00 1.079513852513913 1.0000000000000
4483.00 1.079513846422213 1.0000000000000
4482.00 1.079513840395499 1.0000000000000
4481.00 1.079513834433106 1.0000000000000
4480.00 1.079513828534378 1.0000000000000
4479.00 1.079513822698664 1.0000000000000
4478.00 1.079513816925319 1.0000000000000
4477.00 1.079513811213705 1.0000000000000
4476.00 1.079513805563190 1.0000000000000
4475.00 1.079513799973149 1.0000000000000
4474.00 1.079513794442962 1.0000000000000
4473.00 1.079513788972016 1.0000000000000
4472.00 1.079513783559702 1.0000000000000
4471.00 1.079513778205419 1.0000000000000
4470.00 1.079513772908572 1.0000000000000
4469.00 1.079513767668571 1.0000000000000
4468.00 1.079513762484830 1.0000000000000
4467.00 1.079513757356773 1.0000000000000
4466.00 1.079513752283827 1.0000000000000
4465.00 1.079513747265423 1.0000000000000
4464.00 1.079513742301002 1.0000000000000
4463.00 1.079513737390006 1.0000000000000
4462.00 1.079513732531886 1.0000000000000
4461.00 1.079513727726096 1.0000000000000
4460.00 1.079513722972096 1.0000000000000
4459.00 1.079513718269352 1.0000000000000
4458.00 1.079513713617336 1.0000000000000
4457.00 1.079513709015522 1.0000000000000
4456.00 1.079513704463392 1.0000000000000
4455.00 1.079513699960432 1.0000000000000
4454.00 1.079513695506135 1.0000000000000
4453.00 1.079513691099995 1.0000000000000
4452.00 1.079513686741516 1.0000000000000
4451.00 1.079513682430202 1.0000000000000
4450.00 1.079513678165565 1.0000000000000
4449.00 1.079513673947121 1.0000000000000
4448.00 1.079513669774392 1.0000000000000
4447.00 1.079513665646902 1.0000000000000
4446.00 1.079513661564182 1.0000000000000
4445.00 1.079513657525767 1.0000000000000
4444.00 1.079513653531197 1.0000000000000
4443.00 1.079513649580014 1.0000000000000
4442.00 1.079513645671769 1.0000000000000
4441.00 1.079513641806015 1.0000000000000
4440.00 1.079513637982308 1.0000000000000
4439.00 1.079513634200211 1.0000000000000
4438.00 1.079513630459289 1.0000000000000
4437.00 1.079513626759115 1.0000000000000
4436.00 1.079513623099262 1.0000000000000
4435.00 1.079513619479310 1.0000000000000
4434.00 1.079513615898843 1.0000000000000
4433.00 1.079513612357446 1.0000000000000
4432.00 1.079513608854713 1.0000000000000
4431.00 1.079513605390240 1.0000000000000
4430.00 1.079513601963624 1.0000000000000
4429.00 1.079513598574471 1.0000000000000
4428.00 1.079513595222388 1.0000000000000
4427.00 1.079513591906987 1.0000000000000
4426.00 1.079513588627883 1.0000000000000
4425.00 1.079513585384695 1.0000000000000
4424.00 1.079513582177047 1.0000000000000
4423.00 1.079513579004566 1.0000000000000
4422.00 1.079513575866882 1.0000000000000
4421.00 1.079513572763629 1.0000000000000
4420.00 1.079513569694446 1.0000000000000
4419.00 1.079513566658975 1.0000000000000
4418.00 1.079513563656860 1.0000000000000
4417.00 1.079513560687750 1.0000000000000
4416.00 1.079513557751298 1.0000000000000
4415.00 1.079513554847160 1.0000000000000
4414.00 1.079513551974996 1.0000000000000
4413.00 1.079513549134466 1.0000000000000
4412.00 1.079513546325239 1.0000000000000
4411.00 1.079513543546984 1.0000000000000
4410.00 1.079513540799372 1.0000000000000
4409.00 1.079513538082081 1.0000000000000
4408.00 1.079513535394790 1.0000000000000
4407.00 1.079513532737182 1.0000000000000
4406.00 1.079513530108942 1.0000000000000
4405.00 1.079513527509759 1.0000000000000
4404.00 1.079513524939326 1.0000000000000
4403.00 1.079513522397338 1.0000000000000
4402.00 1.079513519883494 1.0000000000000
4401.00 1.079513517397494 1.0000000000000
4400.00 1.079513514939044 1.0000000000000
4399.00 1.079513512507850 1.0000000000000
4398.00 1.079513510103624 1.0000000000000
4397.00 1.079513507726078 1.0000000000000
4396.00 1.079513505374928 1.0000000000000
4395.00 1.079513503049895 1.0000000000000
4394.00 1.079513500750700 1.0000000000000
4393.00 1.079513498477068 1.0000000000000
4392.00 1.079513496228727 1.0000000000000
4391.00 1.079513494005406 1.0000000000000
4390.00 1.079513491806840 1.0000000000000
4389.00 1.079513489632763 1.0000000000000
4388.00 1.079513487482915 1.0000000000000
4387.00 1.079513485357037 1.0000000000000
4386.00 1.079513483254872 1.0000000000000
4385.00 1.079513481176168 1.0000000000000
4384.00 1.079513479120673 1.0000000000000
4383.00 1.079513477088138 1.0000000000000
4382.00 1.079513475078320 1.0000000000000
4381.00 1.079513473090973 1.0000000000000
4380.00 1.079513471125857 1.0000000000000
4379.00 1.079513469182733 1.0000000000000
4378.00 1.079513467261366 1.0000000000000
4377.00 1.079513465361523 1.0000000000000
4376.00 1.079513463482972 1.0000000000000
4375.00 1.079513461625484 1.0000000000000
4374.00 1.079513459788833 1.0000000000000
4373.00 1.079513457972796 1.0000000000000
4372.00 1.079513456177150 1.0000000000000
4371.00 1.079513454401675 1.0000000000000
4370.00 1.079513452646156 1.0000000000000
4369.00 1.079513450910376 1.0000000000000
4368.00 1.079513449194123 1.0000000000000
4367.00 1.079513447497186 1.0000000000000
4366.00 1.079513445819357 1.0000000000000
4365.00 1.079513444160430 1.0000000000000
4364.00 1.079513442520201 1.0000000000000
4363.00 1.079513440898467 1.0000000000000
4362.00 1.079513439295029 1.0000000000000
4361.00 1.079513437709689 1.0000000000000
4360.00 1.079513436142251 1.0000000000000
4359.00 1.079513434592521 1.0000000000000
4358.00 1.079513433060307 1.0000000000000
4357.00 1.079513431545420 1.0000000000000
4356.00 1.079513430047672 1.0000000000000
4355.00 1.079513428566877 1.0000000000000
4354.00 1.079513427102851 1.0000000000000
4353.00 1.079513425655411 1.0000000000000
4352.00 1.079513424224378 1.0000000000000
4351.00 1.079513422809574 1.0000000000000
4350.00 1.079513421410822 1.0000000000000
4349.00 1.079513420027947 1.0000000000000
4348.00 1.079513418660777 1.0000000000000
4347.00 1.079513417309141 1.0000000000000
4346.00 1.079513415972868 1.0000000000000
4345.00 1.079513414651793 1.0000000000000
4344.00 1.079513413345749 1.0000000000000
4343.00 1.079513412054572 1.0000000000000
4342.00 1.079513410778100 1.0000000000000
4341.00 1.079513409516172 1.0000000000000
4340.00 1.079513408268631 1.0000000000000
4339.00 1.079513407035317 1.0000000000000
4338.00 1.079513405816076 1.0000000000000
4337.00 1.079513404610754 1.0000000000000
4336.00 1.079513403419198 1.0000000000000
4335.00 1.079513402241257 1.0000000000000
4334.00 1.079513401076783 1.0000000000000
4333.00 1.079513399925628 1.0000000000000
4332.00 1.079513398787645 1.0000000000000
4331.00 1.079513397662691 1.0000000000000
4330.00 1.079513396550622 1.0000000000000
4329.00 1.079513395451296 1.0000000000000
4328.00 1.079513394364574 1.0000000000000
4327.00 1.079513393290316 1.0000000000000
4326.00 1.079513392228387 1.0000000000000
4325.00 1.079513391178650 1.0000000000000
4324.00 1.079513390140970 1.0000000000000
4323.00 1.079513389115216 1.0000000000000
4322.00 1.079513388101256 1.0000000000000
4321.00 1.079513387098959 1.0000000000000
4320.00 1.079513386108197 1.0000000000000
4319.00 1.079513385128843 1.0000000000000
4318.00 1.079513384160771 1.0000000000000
4317.00 1.079513383203855 1.0000000000000
4316.00 1.079513382257974 1.0000000000000
4315.00 1.079513381323004 1.0000000000000
4314.00 1.079513380398824 1.0000000000000
4313.00 1.079513379485317 1.0000000000000
4312.00 1.079513378582362 1.0000000000000
4311.00 1.079513377689845 1.0000000000000
4310.00 1.079513376807647 1.0000000000000
4309.00 1.079513375935657 1.0000000000000
4308.00 1.079513375073759 1.0000000000000
4307.00 1.079513374221841 1.0000000000000
4306.00 1.079513373379794 1.0000000000000
4305.00 1.079513372547508 1.0000000000000
4304.00 1.079513371724873 1.0000000000000
4303.00 1.079513370911783 1.0000000000000
4302.00 1.079513370108130 1.0000000000000
4301.00 1.079513369313811 1.0000000000000
4300.00 1.079513368528721 1.0000000000000
4299.00 1.079513367752758 1.0000000000000
4298.00 1.079513366985819 1.0000000000000
4297.00 1.079513366227804 1.0000000000000
4296.00 1.079513365478613 1.0000000000000
4295.00 1.079513364738148 1.0000000000000
4294.00 1.079513364006311 1.0000000000000
4293.00 1.079513363283006 1.0000000000000
4292.00 1.079513362568137 1.0000000000000
4291.00 1.079513361861610 1.0000000000000
4290.00 1.079513361163331 1.0000000000000
4289.00 1.079513360473209 1.0000000000000
4288.00 1.079513359791151 1.0000000000000
4287.00 1.079513359117068 1.0000000000000
4286.00 1.079513358450870 1.0000000000000
4285.00 1.079513357792468 1.0000000000000
4284.00 1.079513357141775 1.0000000000000
4283.00 1.079513356498704 1.0000000000000
4282.00 1.079513355863170 1.0000000000000
4281.00 1.079513355235088 1.0000000000000
4280.00 1.079513354614374 1.0000000000000
4279.00 1.079513354000944 1.0000000000000
4278.00 1.079513353394718 1.0000000000000
4277.00 1.079513352795614 1.0000000000000
4276.00 1.079513352203550 1.0000000000000
4275.00 1.079513351618450 1.0000000000000
4274.00 1.079513351040233 1.0000000000000
4273.00 1.079513350468822 1.0000000000000
4272.00 1.079513349904140 1.0000000000000
4271.00 1.079513349346112 1.0000000000000
4270.00 1.079513348794660 1.0000000000000
4269.00 1.079513348249713 1.0000000000000
4268.00 1.079513347711195 1.0000000000000
4267.00 1.079513347179034 1.0000000000000
4266.00 1.079513346653158 1.0000000000000
4265.00 1.079513346133496 1.0000000000000
4264.00 1.079513345619977 1.0000000000000
4263.00 1.079513345112532 1.0000000000000
4262.00 1.079513344611091 1.0000000000000
4261.00 1.079513344115586 1.0000000000000
4260.00 1.079513343625951 1.0000000000000
4259.00 1.079513343142118 1.0000000000000
4258.00 1.079513342664022 1.0000000000000
4257.00 1.079513342191596 1.0000000000000
4256.00 1.079513341724777 1.0000000000000
4255.00 1.079513341263501 1.0000000000000
4254.00 1.079513340807704 1.0000000000000
4253.00 1.079513340357324 1.0000000000000
4252.00 1.079513339912299 1.0000000000000
4251.00 1.079513339472569 1.0000000000000
4250.00 1.079513339038072 1.0000000000000
4249.00 1.079513338608749 1.0000000000000
4248.00 1.079513338184540 1.0000000000000
4247.00 1.079513337765388 1.0000000000000
4246.00 1.079513337351234 1.0000000000000
4245.00 1.079513336942022 1.0000000000000
4244.00 1.079513336537694 1.0000000000000
4243.00 1.079513336138194 1.0000000000000
4242.00 1.079513335743468 1.0000000000000
4241.00 1.079513335353461 1.0000000000000
4240.00 1.079513334968117 1.0000000000000
4239.00 1.079513334587385 1.0000000000000
4238.00 1.079513334211210 1.0000000000000
4237.00 1.079513333839542 1.0000000000000
4236.00 1.079513333472326 1.0000000000000
4235.00 1.079513333109513 1.0000000000000
4234.00 1.079513332751052 1.0000000000000
4233.00 1.079513332396893 1.0000000000000
4232.00 1.079513332046986 1.0000000000000
4231.00 1.079513331701281 1.0000000000000
4230.00 1.079513331359732 1.0000000000000
4229.00 1.079513331022290 1.0000000000000
4228.00 1.079513330688906 1.0000000000000
4227.00 1.079513330359535 1.0000000000000
4226.00 1.079513330034130 1.0000000000000
4225.00 1.079513329712646 1.0000000000000
4224.00 1.079513329395035 1.0000000000000
4223.00 1.079513329081256 1.0000000000000
4222.00 1.079513328771262 1.0000000000000
4221.00 1.079513328465010 1.0000000000000
4220.00 1.079513328162456 1.0000000000000
4219.00 1.079513327863558 1.0000000000000
4218.00 1.079513327568272 1.0000000000000
4217.00 1.079513327276559 1.0000000000000
4216.00 1.079513326988375 1.0000000000000
4215.00 1.079513326703680 1.0000000000000
4214.00 1.079513326422432 1.0000000000000
4213.00 1.079513326144594 1.0000000000000
4212.00 1.079513325870123 1.0000000000000
4211.00 1.079513325598982 1.0000000000000
4210.00 1.079513325331131 1.0000000000000
4209.00 1.079513325066532 1.0000000000000
4208.00 1.079513324805148 1.0000000000000
4207.00 1.079513324546940 1.0000000000000
4206.00 1.079513324291872 1.0000000000000
4205.00 1.079513324039907 1.0000000000000
4204.00 1.079513323791009 1.0000000000000
4203.00 1.079513323545142 1.0000000000000
4202.00 1.079513323302269 1.0000000000000
4201.00 1.079513323062358 1.0000000000000
4200.00 1.079513322825372 1.0000000000000
4199.00 1.079513322591277 1.0000000000000
4198.00 1.079513322360040 1.0000000000000
4197.00 1.079513322131628 1.0000000000000
4196.00 1.079513321906006 1.0000000000000
4195.00 1.079513321683142 1.0000000000000
4194.00 1.079513321463005 1.0000000000000
4193.00 1.079513321245561 1.0000000000000
4192.00 1.079513321030779 1.0000000000000
4191.00 1.079513320818628 1.0000000000000
4190.00 1.079513320609077 1.0000000000000
4189.00 1.079513320402095 1.0000000000000
4188.00 1.079513320197653 1.0000000000000
4187.00 1.079513319995719 1.0000000000000
4186.00 1.079513319796265 1.0000000000000
4185.00 1.079513319599262 1.0000000000000
4184.00 1.079513319404679 1.0000000000000
4183.00 1.079513319212490 1.0000000000000
4182.00 1.079513319022665 1.0000000000000
4181.00 1.079513318835176 1.0000000000000
4180.00 1.079513318649997 1.0000000000000
4179.00 1.079513318467099 1.0000000000000
4178.00 1.079513318286456 1.0000000000000
4177.00 1.079513318108041 1.0000000000000
4176.00 1.079513317931827 1.0000000000000
4175.00 1.079513317757790 1.0000000000000
4174.00 1.079513317585901 1.0000000000000
4173.00 1.079513317416137 1.0000000000000
4172.00 1.079513317248472 1.0000000000000
4171.00 1.079513317082881 1.0000000000000
4170.00 1.079513316919339 1.0000000000000
4169.00 1.079513316757822 1.0000000000000
4168.00 1.079513316598306 1.0000000000000
4167.00 1.079513316440767 1.0000000000000
4166.00 1.079513316285182 1.0000000000000
4165.00 1.079513316131526 1.0000000000000
4164.00 1.079513315979779 1.0000000000000
4163.00 1.079513315829915 1.0000000000000
4162.00 1.079513315681914 1.0000000000000
4161.00 1.079513315535753 1.0000000000000
4160.00 1.079513315391409 1.0000000000000
4159.00 1.079513315248862 1.0000000000000
4158.00 1.079513315108089 1.0000000000000
4157.00 1.079513314969070 1.0000000000000
4156.00 1.079513314831783 1.0000000000000
4155.00 1.079513314696208 1.0000000000000
4154.00 1.079513314562323 1.0000000000000
4153.00 1.079513314430111 1.0000000000000
4152.00 1.079513302599504 0.9999999252734
4151.00 1.079513295739665 0.9999998817645
4150.00 1.079513295690314 0.9999998817015
4149.00 1.079513295640655 0.9999998816384
4148.00 1.079513295590687 0.9999998815752
4147.00 1.079513295540408 0.9999998815120
4146.00 1.079513295489815 0.9999998814487
4145.00 1.079513295438907 0.9999998813854
4144.00 1.079513295387681 0.9999998813220
4143.00 1.079513295336135 0.9999998812586
4142.00 1.079513295284268 0.9999998811952
4141.00 1.079513295232076 0.9999998811317
4140.00 1.079513295179559 0.9999998810681
4139.00 1.079513295126712 0.9999998810045
4138.00 1.079513295073536 0.9999998809408
4137.00 1.079513295020025 0.9999998808771
4136.00 1.079513294966181 0.9999998808134
4135.00 1.079513294911998 0.9999998807495
4134.00 1.079513294857477 0.9999998806857
4133.00 1.079513294802613 0.9999998806218
4132.00 1.079513294747405 0.9999998805578
4131.00 1.079513294691850 0.9999998804938
4130.00 1.079513294635946 0.9999998804297
4129.00 1.079513294579691 0.9999998803656
4128.00 1.079513294523082 0.9999998803014
4127.00 1.079513294466117 0.9999998802372
4126.00 1.079513294408794 0.9999998801729
4125.00 1.079513294351110 0.9999998801086
4124.00 1.079513294293063 0.9999998800442
4123.00 1.079513294234649 0.9999998799798
4122.00 1.079513294175868 0.9999998799153
4121.00 1.079513294116715 0.9999998798508
4120.00 1.079513294057189 0.9999998797862
4119.00 1.079513293997288 0.9999998797216
4118.00 1.079513293937008 0.9999998796569
4117.00 1.079513293876347 0.9999998795922
4116.00 1.079513293815302 0.9999998795274
4115.00 1.079513293753871 0.9999998794626
4114.00 1.079513293692052 0.9999998793977
4113.00 1.079513293629841 0.9999998793328
4112.00 1.079513293567235 0.9999998792678
4111.00 1.079513293504233 0.9999998792027
4110.00 1.079513293440831 0.9999998791377
4109.00 1.079513293377028 0.9999998790725
4108.00 1.079513293312819 0.9999998790073
4107.00 1.079513293248202 0.9999998789421
4106.00 1.079513293183174 0.9999998788768
4105.00 1.079513293117734 0.9999998788114
4104.00 1.079513293051877 0.9999998787460
4103.00 1.079513292985601 0.9999998786806
4102.00 1.079513292918903 0.9999998786151
4101.00 1.079513292851780 0.9999998785495
4100.00 1.079513292784230 0.9999998784839
4099.00 1.079513292716249 0.9999998784182
4098.00 1.079513292647834 0.9999998783525
4097.00 1.079513292578983 0.9999998782867
4096.00 1.079513292509692 0.9999998782209
4095.00 1.079513292439958 0.9999998781550
4094.00 1.079513292369779 0.9999998780891
4093.00 1.079513292299151 0.9999998780231
4092.00 1.079513292228071 0.9999998779571
4091.00 1.079513292156537 0.9999998778910
4090.00 1.079513292084544 0.9999998778249
4089.00 1.079513292012090 0.9999998777587
4088.00 1.079513291939172 0.9999998776924
4087.00 1.079513291865786 0.9999998776262
4086.00 1.079513291791929 0.9999998775598
4085.00 1.079513291717598 0.9999998774934
4084.00 1.079513291642790 0.9999998774269
4083.00 1.079513291567501 0.9999998773604
4082.00 1.079513291491728 0.9999998772939
4081.00 1.079513291415468 0.9999998772273
4080.00 1.079513291338717 0.9999998771606
4079.00 1.079513291261472 0.9999998770939
4078.00 1.079513291183730 0.9999998770271
4077.00 1.079513291105486 0.9999998769603
4076.00 1.079513291026738 0.9999998768934
4075.00 1.079513290947482 0.9999998768264
4074.00 1.079513290867715 0.9999998767594
4073.00 1.079513290787433 0.9999998766924
4072.00 1.079513290706632 0.9999998766253
4071.00 1.079513290625309 0.9999998765582
4070.00 1.079513290543460 0.9999998764909
4069.00 1.079513290461081 0.9999998764237
4068.00 1.079513290378170 0.9999998763564
4067.00 1.079513290294721 0.9999998762890
4066.00 1.079513290210732 0.9999998762216
4065.00 1.079513290126199 0.9999998761541
4064.00 1.079513290041117 0.9999998760866
4063.00 1.079513289955483 0.9999998760190
4062.00 1.079513289869294 0.9999998759513
4061.00 1.079513289782545 0.9999998758837
4060.00 1.079513289695231 0.9999998758159
4059.00 1.079513289607351 0.9999998757481
4058.00 1.079513289518899 0.9999998756802
4057.00 1.079513289429871 0.9999998756123
4056.00 1.079513289340264 0.9999998755444
4055.00 1.079513289250073 0.9999998754763
4054.00 1.079513289159295 0.9999998754083
4053.00 1.079513289067924 0.9999998753401
4052.00 1.079513288975958 0.9999998752719
4051.00 1.079513288883391 0.9999998752037
4050.00 1.079513288790220 0.9999998751354
4049.00 1.079513288696440 0.9999998750670
4048.00 1.079513288602047 0.9999998749986
4047.00 1.079513288507037 0.9999998749302
4046.00 1.079513288411406 0.9999998748617
4045.00 1.079513288315149 0.9999998747931
4044.00 1.079513288218261 0.9999998747245
4043.00 1.079513288120738 0.9999998746558
4042.00 1.079513288022576 0.9999998745870
4041.00 1.079513287923771 0.9999998745182
4040.00 1.079513287824317 0.9999998744494
4039.00 1.079513287724210 0.9999998743805
4038.00 1.079513287623446 0.9999998743115
4037.00 1.079513287522019 0.9999998742425
4036.00 1.079513287419926 0.9999998741734
4035.00 1.079513287317162 0.9999998741043
4034.00 1.079513287213721 0.9999998740351
4033.00 1.079513287109599 0.9999998739658
4032.00 1.079513287004790 0.9999998738965
4031.00 1.079513286899292 0.9999998738272
4030.00 1.079513286793097 0.9999998737578
4029.00 1.079513286686203 0.9999998736883
4028.00 1.079513286578602 0.9999998736188
4027.00 1.079513286470291 0.9999998735492
4026.00 1.079513286361265 0.9999998734796
4025.00 1.079513286251518 0.9999998734099
4024.00 1.079513286141045 0.9999998733401
4023.00 1.079513286029841 0.9999998732703
4022.00 1.079513285917901 0.9999998732004
4021.00 1.079513285805219 0.9999998731305
4020.00 1.079513285691791 0.9999998730605
4019.00 1.079513285577610 0.9999998729905
4018.00 1.079513285462673 0.9999998729204
4017.00 1.079513285346973 0.9999998728503
4016.00 1.079513285230504 0.9999998727800
4015.00 1.079513285113262 0.9999998727098
4014.00 1.079513284995241 0.9999998726395
4013.00 1.079513284876435 0.9999998725691
4012.00 1.079513284756838 0.9999998724986
4011.00 1.079513284636446 0.9999998724282
4010.00 1.079513284515252 0.9999998723576
4009.00 1.079513284393250 0.9999998722870
4008.00 1.079513284270435 0.9999998722163
4007.00 1.079513284146802 0.9999998721456
4006.00 1.079513284022343 0.9999998720748
4005.00 1.079513283897053 0.9999998720040
4004.00 1.079513283770927 0.9999998719331
4003.00 1.079513283643957 0.9999998718621
4002.00 1.079513283516139 0.9999998717911
4001.00 1.079513283387466 0.9999998717200
4000.00 1.079513283257932 0.9999998716489
3999.00 1.079513283127530 0.9999998715777
3998.00 1.079513282996255 0.9999998715065
3997.00 1.079513282864101 0.9999998714352
3996.00 1.079513282731059 0.9999998713638
3995.00 1.079513282597126 0.9999998712924
3994.00 1.079513282462293 0.9999998712209
3993.00 1.079513282326555 0.9999998711494
3992.00 1.079513282189905 0.9999998710778
3991.00 1.079513282052337 0.9999998710061
3990.00 1.079513281913842 0.9999998709344
3989.00 1.079513281774417 0.9999998708626
3988.00 1.079513281634052 0.9999998707908
3987.00 1.079513281492742 0.9999998707189
3986.00 1.079513281350480 0.9999998706469
3985.00 1.079513281207259 0.9999998705749
3984.00 1.079513281063072 0.9999998705028
3983.00 1.079513280917911 0.9999998704307
3982.00 1.079513280771770 0.9999998703585
3981.00 1.079513280624643 0.9999998702863
3980.00 1.079513280476520 0.9999998702140
3979.00 1.079513280327396 0.9999998701416
3978.00 1.079513280177263 0.9999998700692
3977.00 1.079513280026113 0.9999998699967
3976.00 1.079513279873940 0.9999998699242
3975.00 1.079513279720736 0.9999998698515
3974.00 1.079513279566494 0.9999998697789
3973.00 1.079513279411205 0.9999998697062
3972.00 1.079513279254862 0.9999998696334
3971.00 1.079513279097458 0.9999998695605
3970.00 1.079513278938984 0.9999998694876
3969.00 1.079513278779434 0.9999998694147
3968.00 1.079513278618798 0.9999998693416
3967.00 1.079513278457070 0.9999998692685
3966.00 1.079513278294241 0.9999998691954
3965.00 1.079513278130303 0.9999998691222
3964.00 1.079513277965249 0.9999998690489
3963.00 1.079513277799069 0.9999998689756
3962.00 1.079513277631755 0.9999998689022
3961.00 1.079513277463300 0.9999998688288
3960.00 1.079513277293696 0.9999998687553
3959.00 1.079513277122931 0.9999998686817
3958.00 1.079513276951001 0.9999998686080
3957.00 1.079513276777895 0.9999998685344
3956.00 1.079513276603606 0.9999998684606
3955.00 1.079513276428122 0.9999998683868
3954.00 1.079513276251438 0.9999998683129
3953.00 1.079513276073542 0.9999998682390
3952.00 1.079513275894428 0.9999998681650
3951.00 1.079513275714085 0.9999998680909
3950.00 1.079513275532505 0.9999998680168
3949.00 1.079513275349678 0.9999998679426
3948.00 1.079513275165596 0.9999998678684
3947.00 1.079513274980249 0.9999998677941
3946.00 1.079513274793627 0.9999998677197
3945.00 1.079513274605722 0.9999998676453
3944.00 1.079513274416523 0.9999998675708
3943.00 1.079513274226022 0.9999998674962
3942.00 1.079513274034209 0.9999998674216
3941.00 1.079513273841073 0.9999998673469
3940.00 1.079513273646606 0.9999998672722
3939.00 1.079513273450797 0.9999998671974
3938.00 1.079513273253636 0.9999998671225
3937.00 1.079513273055114 0.9999998670476
3936.00 1.079513272855219 0.9999998669726
3935.00 1.079513272653944 0.9999998668976
3934.00 1.079513272451275 0.9999998668225
3933.00 1.079513272247205 0.9999998667473
3932.00 1.079513272041721 0.9999998666721
3931.00 1.079513271834814 0.9999998665968
3930.00 1.079513271626473 0.9999998665214
3929.00 1.079513271416687 0.9999998664460
3928.00 1.079513271205446 0.9999998663705
3927.00 1.079513270992738 0.9999998662949
3926.00 1.079513270778554 0.9999998662193
3925.00 1.079513270562880 0.9999998661436
3924.00 1.079513270345708 0.9999998660679
3923.00 1.079513270127026 0.9999998659921
3922.00 1.079513269906821 0.9999998659162
3921.00 1.079513269685084 0.9999998658403
3920.00 1.079513269461801 0.9999998657643
3919.00 1.079513269236963 0.9999998656882
3918.00 1.079513269010557 0.9999998656121
3917.00 1.079513268782571 0.9999998655359
3916.00 1.079513268552994 0.9999998654597
3915.00 1.079513268321814 0.9999998653834
3914.00 1.079513268089019 0.9999998653070
3913.00 1.079513267854596 0.9999998652306
3912.00 1.079513267618533 0.9999998651541
3911.00 1.079513267380819 0.9999998650775
3910.00 1.079513267141440 0.9999998650009
3909.00 1.079513266900385 0.9999998649242
3908.00 1.079513266657640 0.9999998648474
3907.00 1.079513266413193 0.9999998647706
3906.00 1.079513266167031 0.9999998646937
3905.00 1.079513265919142 0.9999998646167
3904.00 1.079513265669511 0.9999998645397
3903.00 1.079513265418127 0.9999998644626
3902.00 1.079513265164975 0.9999998643855
3901.00 1.079513264910043 0.9999998643083
3900.00 1.079513264653317 0.9999998642310
3899.00 1.079513264394784 0.9999998641536
3898.00 1.079513264134429 0.9999998640762
3897.00 1.079513263872239 0.9999998639988
3896.00 1.079513263608201 0.9999998639212
3895.00 1.079513263342300 0.9999998638436
3894.00 1.079513263074522 0.9999998637659
3893.00 1.079513262804853 0.9999998636882
3892.00 1.079513262533279 0.9999998636104
3891.00 1.079513262259785 0.9999998635325
3890.00 1.079513261984356 0.9999998634546
3889.00 1.079513261706979 0.9999998633766
3888.00 1.079513261427638 0.9999998632986
3887.00 1.079513261146317 0.9999998632204
3886.00 1.079513260863003 0.9999998631422
3885.00 1.079513260577680 0.9999998630640
3884.00 1.079513260290333 0.9999998629857
3883.00 1.079513260000946 0.9999998629073
3882.00 1.079513259709505 0.9999998628288
3881.00 1.079513259415992 0.9999998627503
3880.00 1.079513259120393 0.9999998626717
3879.00 1.079513258822690 0.9999998625930
3878.00 1.079513258522870 0.9999998625143
3877.00 1.079513258220915 0.9999998624355
3876.00 1.079513257916809 0.9999998623567
3875.00 1.079513257610536 0.9999998622777
3874.00 1.079513257302078 0.9999998621987
3873.00 1.079513256991420 0.9999998621197
3872.00 1.079513256678544 0.9999998620406
3871.00 1.079513256363434 0.9999998619614
3870.00 1.079513256046072 0.9999998618821
3869.00 1.079513255726441 0.9999998618028
3868.00 1.079513255404524 0.9999998617234
3867.00 1.079513255080302 0.9999998616439
3866.00 1.079513254753760 0.9999998615644
3865.00 1.079513254424879 0.9999998614848
3864.00 1.079513254093640 0.9999998614052
3863.00 1.079513253760025 0.9999998613254
3862.00 1.079513253424017 0.9999998612456
3861.00 1.079513253085597 0.9999998611658
3860.00 1.079513252744746 0.9999998610858
3859.00 1.079513252401446 0.9999998610058
3858.00 1.079513252055677 0.9999998609258
3857.00 1.079513251707422 0.9999998608456
3856.00 1.079513251356659 0.9999998607654
3855.00 1.079513251003372 0.9999998606851
3854.00 1.079513250647538 0.9999998606048
3853.00 1.079513250289140 0.9999998605244
3852.00 1.079513249928157 0.9999998604439
3851.00 1.079513249564570 0.9999998603634
3850.00 1.079513249198357 0.9999998602828
3849.00 1.079513248829500 0.9999998602021
3848.00 1.079513248457976 0.9999998601213
3847.00 1.079513248083767 0.9999998600405
3846.00 1.079513247706850 0.9999998599596
3845.00 1.079513247327205 0.9999998598786
3844.00 1.079513246944811 0.9999998597976
3843.00 1.079513246559646 0.9999998597165
3842.00 1.079513246171689 0.9999998596354
3841.00 1.079513245780918 0.9999998595541
3840.00 1.079513245387312 0.9999998594728
3839.00 1.079513244990847 0.9999998593914
3838.00 1.079513244591503 0.9999998593100
3837.00 1.079513244189256 0.9999998592285
3836.00 1.079513243784084 0.9999998591469
3835.00 1.079513243375964 0.9999998590652
3834.00 1.079513242964873 0.9999998589835
3833.00 1.079513242550789 0.9999998589017
3832.00 1.079513242133687 0.9999998588199
3831.00 1.079513241713544 0.9999998587379
3830.00 1.079513241290337 0.9999998586559
3829.00 1.079513240864040 0.9999998585739
3828.00 1.079513240434631 0.9999998584917
3827.00 1.079513240002085 0.9999998584095
3826.00 1.079513239566378 0.9999998583272
3825.00 1.079513239127483 0.9999998582449
3824.00 1.079513238685377 0.9999998581624
3823.00 1.079513238240035 0.9999998580799
3822.00 1.079513237791431 0.9999998579974
3821.00 1.079513237339538 0.9999998579147
3820.00 1.079513236884333 0.9999998578320
3819.00 1.079513236425788 0.9999998577492
3818.00 1.079513235963877 0.9999998576664
3817.00 1.079513235498575 0.9999998575835
3816.00 1.079513235029853 0.9999998575005
3815.00 1.079513234557686 0.9999998574174
3814.00 1.079513234082045 0.9999998573343
3813.00 1.079513233602905 0.9999998572511
3812.00 1.079513233120236 0.9999998571678
3811.00 1.079513232634012 0.9999998570844
3810.00 1.079513232144204 0.9999998570010
3809.00 1.079513231650784 0.9999998569175
3808.00 1.079513231153724 0.9999998568340
3807.00 1.079513230652994 0.9999998567503
3806.00 1.079513230148565 0.9999998566666
3805.00 1.079513229640410 0.9999998565828
3804.00 1.079513229128497 0.9999998564990
3803.00 1.079513228612796 0.9999998564150
3802.00 1.079513228093280 0.9999998563310
3801.00 1.079513227569916 0.9999998562470
3800.00 1.079513227042674 0.9999998561628
3799.00 1.079513226511524 0.9999998560786
3798.00 1.079513225976434 0.9999998559943
3797.00 1.079513225437374 0.9999998559100
3796.00 1.079513224894311 0.9999998558255
3795.00 1.079513224347214 0.9999998557410
3794.00 1.079513223796051 0.9999998556564
3793.00 1.079513223240789 0.9999998555718
3792.00 1.079513222681396 0.9999998554870
3791.00 1.079513222117839 0.9999998554022
3790.00 1.079513221550085 0.9999998553174
3789.00 1.079513220978099 0.9999998552324
3788.00 1.079513220401849 0.9999998551474
3787.00 1.079513219821301 0.9999998550623
3786.00 1.079513219236419 0.9999998549771
3785.00 1.079513218647170 0.9999998548919
3784.00 1.079513218053518 0.9999998548066
3783.00 1.079513217455428 0.9999998547212
3782.00 1.079513216852865 0.9999998546357
3781.00 1.079513216245793 0.9999998545502
3780.00 1.079513215634176 0.9999998544646
3779.00 1.079513215017977 0.9999998543789
3778.00 1.079513214397160 0.9999998542931
3777.00 1.079513213771688 0.9999998542073
3776.00 1.079513213141522 0.9999998541214
3775.00 1.079513212506626 0.9999998540354
3774.00 1.079513211866961 0.9999998539493
3773.00 1.079513211222489 0.9999998538632
3772.00 1.079513210573172 0.9999998537770
3771.00 1.079513209918970 0.9999998536907
3770.00 1.079513209259844 0.9999998536043
3769.00 1.079513208595755 0.9999998535179
3768.00 1.079513207926662 0.9999998534314
3767.00 1.079513207252525 0.9999998533448
3766.00 1.079513206573303 0.9999998532581
3765.00 1.079513205888956 0.9999998531714
3764.00 1.079513205199441 0.9999998530846
3763.00 1.079513204504718 0.9999998529977
3762.00 1.079513203804743 0.9999998529107
3761.00 1.079513203099476 0.9999998528237
3760.00 1.079513202388871 0.9999998527366
3759.00 1.079513201672887 0.9999998526494
3758.00 1.079513200951481 0.9999998525621
3757.00 1.079513200224606 0.9999998524748
3756.00 1.079513199492220 0.9999998523873
3755.00 1.079513198754279 0.9999998522999
3754.00 1.079513198010736 0.9999998522123
3753.00 1.079513197261546 0.9999998521246
3752.00 1.079513196506663 0.9999998520369
3751.00 1.079513195746042 0.9999998519491
3750.00 1.079513194979635 0.9999998518612
3749.00 1.079513194207395 0.9999998517733
3748.00 1.079513193429274 0.9999998516852
3747.00 1.079513192645226 0.9999998515971
3746.00 1.079513191855201 0.9999998515089
3745.00 1.079513191059151 0.9999998514207
3744.00 1.079513190257026 0.9999998513323
3743.00 1.079513189448777 0.9999998512439
3742.00 1.079513188634354 0.9999998511554
3741.00 1.079513187813707 0.9999998510668
3740.00 1.079513186986784 0.9999998509782
3739.00 1.079513186153534 0.9999998508894
3738.00 1.079513185313906 0.9999998508006
3737.00 1.079513184467847 0.9999998507117
3736.00 1.079513183615304 0.9999998506228
3735.00 1.079513182756225 0.9999998505337
3734.00 1.079513181890555 0.9999998504446
3733.00 1.079513181018241 0.9999998503554
3732.00 1.079513180139228 0.9999998502661
3731.00 1.079513179253461 0.9999998501768
3730.00 1.079513178360885 0.9999998500873
3729.00 1.079513177461443 0.9999998499978
3728.00 1.079513176555079 0.9999998499082
3727.00 1.079513175641736 0.9999998498186
3726.00 1.079513174721356 0.9999998497288
3725.00 1.079513173793882 0.9999998496390
3724.00 1.079513172859255 0.9999998495491
3723.00 1.079513171917416 0.9999998494591
3722.00 1.079513170968306 0.9999998493690
3721.00 1.079513170011864 0.9999998492789
3720.00 1.079513169048030 0.9999998491886
3719.00 1.079513168076742 0.9999998490983
3718.00 1.079513167097940 0.9999998490079
3717.00 1.079513166111560 0.9999998489175
3716.00 1.079513165117541 0.9999998488269
3715.00 1.079513164115819 0.9999998487363
3714.00 1.079513163106330 0.9999998486456
3713.00 1.079513162089009 0.9999998485548
3712.00 1.079513161063792 0.9999998484639
3711.00 1.079513160030614 0.9999998483730
3710.00 1.079513158989407 0.9999998482820
3709.00 1.079513157940105 0.9999998481909
3708.00 1.079513156882641 0.9999998480997
3707.00 1.079513155816948 0.9999998480084
3706.00 1.079513154742956 0.9999998479170
3705.00 1.079513153660596 0.9999998478256
3704.00 1.079513152569799 0.9999998477341
3703.00 1.079513151470495 0.9999998476425
3702.00 1.079513150362612 0.9999998475508
3701.00 1.079513149246079 0.9999998474591
3700.00 1.079513148120824 0.9999998473672
3699.00 1.079513146986774 0.9999998472753
3698.00 1.079513145843855 0.9999998471833
3697.00 1.079513144691993 0.9999998470912
3696.00 1.079513143531114 0.9999998469991
3695.00 1.079513142361141 0.9999998469068
3694.00 1.079513141181999 0.9999998468145
3693.00 1.079513139993611 0.9999998467221
3692.00 1.079513138795899 0.9999998466296
3691.00 1.079513137588786 0.9999998465370
3690.00 1.079513136372191 0.9999998464444
3689.00 1.079513135146037 0.9999998463516
3688.00 1.079513133910242 0.9999998462588
3687.00 1.079513132664724 0.9999998461659
3686.00 1.079513131409404 0.9999998460729
3685.00 1.079513130144198 0.9999998459798
3684.00 1.079513128869022 0.9999998458867
3683.00 1.079513127583793 0.9999998457934
3682.00 1.079513126288427 0.9999998457001
3681.00 1.079513124982837 0.9999998456067
3680.00 1.079513123666938 0.9999998455132
3679.00 1.079513122340642 0.9999998454197
3678.00 1.079513121003861 0.9999998453260
3677.00 1.079513119656508 0.9999998452323
3676.00 1.079513118298492 0.9999998451385
3675.00 1.079513116929723 0.9999998450446
3674.00 1.079513115550112 0.9999998449506
3673.00 1.079513114159564 0.9999998448565
3672.00 1.079513112757989 0.9999998447623
3671.00 1.079513111345292 0.9999998446681
3670.00 1.079513109921379 0.9999998445738
3669.00 1.079513108486156 0.9999998444794
3668.00 1.079513107039525 0.9999998443849
3667.00 1.079513105581391 0.9999998442903
3666.00 1.079513104111655 0.9999998441956
3665.00 1.079513102630219 0.9999998441009
3664.00 1.079513101136982 0.9999998440060
3663.00 1.079513099631846 0.9999998439111
3662.00 1.079513098114708 0.9999998438161
3661.00 1.079513096585466 0.9999998437210
3660.00 1.079513095044017 0.9999998436259
3659.00 1.079513093490257 0.9999998435306
3658.00 1.079513091924081 0.9999998434353
3657.00 1.079513090345382 0.9999998433398
3656.00 1.079513088754054 0.9999998432443
3655.00 1.079513087149990 0.9999998431487
3654.00 1.079513085533078 0.9999998430530
3653.00 1.079513083903211 0.9999998429572
3652.00 1.079513082260278 0.9999998428614
3651.00 1.079513080604164 0.9999998427654
3650.00 1.079513078934760 0.9999998426694
3649.00 1.079513077251949 0.9999998425733
3648.00 1.079513075555618 0.9999998424771
3647.00 1.079513073845650 0.9999998423808
3646.00 1.079513072121928 0.9999998422844
3645.00 1.079513070384333 0.9999998421879
3644.00 1.079513068632747 0.9999998420914
3643.00 1.079513066867050 0.9999998419947
3642.00 1.079513065087119 0.9999998418980
3641.00 1.079513063292833 0.9999998418012
3640.00 1.079513061484067 0.9999998417043
3639.00 1.079513059660696 0.9999998416073
3638.00 1.079513057822596 0.9999998415102
3637.00 1.079513055969638 0.9999998414131
3636.00 1.079513054101695 0.9999998413158
3635.00 1.079513052218636 0.9999998412185
3634.00 1.079513050320332 0.9999998411210
3633.00 1.079513048406650 0.9999998410235
3632.00 1.079513046477458 0.9999998409259
3631.00 1.079513044532620 0.9999998408282
3630.00 1.079513042572003 0.9999998407305
3629.00 1.079513040595468 0.9999998406326
3628.00 1.079513038602878 0.9999998405346
3627.00 1.079513036594094 0.9999998404366
3626.00 1.079513034568975 0.9999998403384
3625.00 1.079513032527379 0.9999998402402
3624.00 1.079513030469163 0.9999998401419
3623.00 1.079513028394183 0.9999998400435
3622.00 1.079513026302292 0.9999998399450
3621.00 1.079513024193344 0.9999998398464
3620.00 1.079513022067190 0.9999998397477
3619.00 1.079513019923680 0.9999998396490
3618.00 1.079513017762662 0.9999998395501
3617.00 1.079513015583985 0.9999998394512
3616.00 1.079513013387494 0.9999998393522
3615.00 1.079513011173034 0.9999998392530
3614.00 1.079513008940447 0.9999998391538
3613.00 1.079513006689576 0.9999998390545
3612.00 1.079513004420259 0.9999998389551
3611.00 1.079513002132336 0.9999998388557
3610.00 1.079512999825645 0.9999998387561
3609.00 1.079512997500019 0.9999998386564
3608.00 1.079512995155296 0.9999998385567
3607.00 1.079512992791304 0.9999998384568
3606.00 1.079512990407878 0.9999998383569
3605.00 1.079512988004844 0.9999998382569
3604.00 1.079512985582032 0.9999998381567
3603.00 1.079512983139269 0.9999998380565
3602.00 1.079512980676377 0.9999998379562
3601.00 1.079512978193180 0.9999998378558
3600.00 1.079512975689500 0.9999998377554
3599.00 1.079512973165156 0.9999998376548
3598.00 1.079512970619966 0.9999998375541
3597.00 1.079512968053746 0.9999998374534
3596.00 1.079512965466312 0.9999998373525
3595.00 1.079512962857475 0.9999998372516
3594.00 1.079512960227047 0.9999998371505
3593.00 1.079512957574836 0.9999998370494
3592.00 1.079512954900651 0.9999998369482
3591.00 1.079512952204297 0.9999998368469
3590.00 1.079512949485579 0.9999998367455
3589.00 1.079512946744297 0.9999998366440
3588.00 1.079512943980252 0.9999998365424
3587.00 1.079512941193243 0.9999998364407
3586.00 1.079512938383065 0.9999998363389
3585.00 1.079512935549514 0.9999998362370
3584.00 1.079512932692381 0.9999998361351
3583.00 1.079512929811458 0.9999998360330
3582.00 1.079512926906532 0.9999998359308
3581.00 1.079512923977392 0.9999998358286
3580.00 1.079512921023820 0.9999998357263
3579.00 1.079512918045600 0.9999998356238
3578.00 1.079512915042512 0.9999998355213
3577.00 1.079512912014335 0.9999998354187
3576.00 1.079512908960844 0.9999998353160
3575.00 1.079512905881815 0.9999998352131
3574.00 1.079512902777019 0.9999998351102
3573.00 1.079512899646226 0.9999998350072
3572.00 1.079512896489204 0.9999998349041
3571.00 1.079512893305718 0.9999998348010
3570.00 1.079512890095532 0.9999998346977
3569.00 1.079512886858407 0.9999998345943
3568.00 1.079512883594102 0.9999998344908
3567.00 1.079512880302373 0.9999998343872
3566.00 1.079512876982974 0.9999998342836
3565.00 1.079512873635657 0.9999998341798
3564.00 1.079512870260172 0.9999998340759
3563.00 1.079512866856265 0.9999998339720
3562.00 1.079512863423682 0.9999998338679
3561.00 1.079512859962166 0.9999998337638
3560.00 1.079512856471454 0.9999998336596
3559.00 1.079512852951285 0.9999998335552
3558.00 1.079512849401395 0.9999998334508
3557.00 1.079512845821514 0.9999998333463
3556.00 1.079512842211374 0.9999998332416
3555.00 1.079512838570700 0.9999998331369
3554.00 1.079512834899218 0.9999998330321
3553.00 1.079512831196649 0.9999998329272
3552.00 1.079512827462713 0.9999998328221
3551.00 1.079512823697126 0.9999998327170
3550.00 1.079512819899602 0.9999998326118
3549.00 1.079512816069853 0.9999998325065
3548.00 1.079512812207585 0.9999998324011
3547.00 1.079512808312507 0.9999998322956
3546.00 1.079512804384318 0.9999998321900
3545.00 1.079512800422721 0.9999998320843
3544.00 1.079512796427411 0.9999998319785
3543.00 1.079512792398082 0.9999998318726
3542.00 1.079512788334426 0.9999998317666
3541.00 1.079512784236132 0.9999998316605
3540.00 1.079512780102883 0.9999998315543
3539.00 1.079512775934362 0.9999998314480
3538.00 1.079512771730248 0.9999998313417
3537.00 1.079512767490218 0.9999998312352
3536.00 1.079512763213943 0.9999998311286
3535.00 1.079512758901093 0.9999998310219
3534.00 1.079512754551335 0.9999998309151
3533.00 1.079512750164332 0.9999998308082
3532.00 1.079512745739745 0.9999998307012
3531.00 1.079512741277229 0.9999998305942
3530.00 1.079512736776438 0.9999998304870
3529.00 1.079512732237021 0.9999998303797
3528.00 1.079512727658628 0.9999998302723
3527.00 1.079512723040897 0.9999998301648
3526.00 1.079512718383472 0.9999998300572
3525.00 1.079512713685988 0.9999998299496
3524.00 1.079512708948076 0.9999998298418
3523.00 1.079512704169367 0.9999998297339
3522.00 1.079512699349486 0.9999998296259
3521.00 1.079512694488055 0.9999998295178
3520.00 1.079512689584691 0.9999998294096
3519.00 1.079512684639009 0.9999998293013
3518.00 1.079512679650621 0.9999998291929
3517.00 1.079512674619132 0.9999998290845
3516.00 1.079512669544146 0.9999998289759
3515.00 1.079512664425262 0.9999998288672
3514.00 1.079512659262075 0.9999998287584
3513.00 1.079512654054177 0.9999998286495
3512.00 1.079512648801155 0.9999998285405
3511.00 1.079512643502592 0.9999998284314
3510.00 1.079512638158066 0.9999998283222
3509.00 1.079512632767155 0.9999998282129
3508.00 1.079512627329428 0.9999998281034
3507.00 1.079512621844451 0.9999998279939
3506.00 1.079512616311787 0.9999998278843
3505.00 1.079512610730995 0.9999998277746
3504.00 1.079512605101629 0.9999998276648
3503.00 1.079512599423237 0.9999998275549
3502.00 1.079512593695364 0.9999998274448
3501.00 1.079512587917552 0.9999998273347
3500.00 1.079512582089335 0.9999998272245
3499.00 1.079512576210247 0.9999998271141
3498.00 1.079512570279813 0.9999998270037
3497.00 1.079512564297555 0.9999998268931
3496.00 1.079512558262991 0.9999998267825
3495.00 1.079512552175633 0.9999998266717
3494.00 1.079512546034990 0.9999998265609
3493.00 1.079512539840564 0.9999998264499
3492.00 1.079512533591854 0.9999998263388
3491.00 1.079512527288352 0.9999998262277
3490.00 1.079512520929546 0.9999998261164
3489.00 1.079512514514921 0.9999998260050
3488.00 1.079512508043953 0.9999998258935
3487.00 1.079512501516115 0.9999998257819
3486.00 1.079512494930875 0.9999998256702
3485.00 1.079512488287694 0.9999998255584
3484.00 1.079512481586031 0.9999998254465
3483.00 1.079512474825336 0.9999998253345
3482.00 1.079512468005055 0.9999998252224
3481.00 1.079512461124629 0.9999998251102
3480.00 1.079512454183493 0.9999998249978
3479.00 1.079512447181076 0.9999998248854
3478.00 1.079512440116802 0.9999998247729
3477.00 1.079512432990088 0.9999998246602
3476.00 1.079512425800347 0.9999998245474
3475.00 1.079512418546985 0.9999998244346
3474.00 1.079512411229403 0.9999998243216
3473.00 1.079512403846994 0.9999998242085
3472.00 1.079512396399147 0.9999998240953
3471.00 1.079512388885244 0.9999998239821
3470.00 1.079512381304661 0.9999998238687
3469.00 1.079512373656768 0.9999998237551
3468.00 1.079512365940927 0.9999998236415
3467.00 1.079512358156497 0.9999998235278
3466.00 1.079512350302828 0.9999998234140
3465.00 1.079512342379264 0.9999998233000
3464.00 1.079512334385142 0.9999998231860
3463.00 1.079512326319793 0.9999998230718
3462.00 1.079512318182541 0.9999998229576
3461.00 1.079512309972704 0.9999998228432
3460.00 1.079512301689592 0.9999998227287
3459.00 1.079512293332509 0.9999998226141
3458.00 1.079512284900751 0.9999998224994
3457.00 1.079512276393608 0.9999998223846
3456.00 1.079512267810361 0.9999998222697
3455.00 1.079512259150285 0.9999998221547
3454.00 1.079512250412650 0.9999998220395
3453.00 1.079512241596714 0.9999998219243
3452.00 1.079512232701731 0.9999998218089
3451.00 1.079512223726946 0.9999998216934
3450.00 1.079512214671597 0.9999998215779
3449.00 1.079512205534913 0.9999998214622
3448.00 1.079512196316117 0.9999998213464
3447.00 1.079512187014423 0.9999998212305
3446.00 1.079512177629037 0.9999998211144
3445.00 1.079512168159158 0.9999998209983
3444.00 1.079512158603976 0.9999998208821
3443.00 1.079512148962672 0.9999998207657
3442.00 1.079512139234420 0.9999998206493
3441.00 1.079512129418386 0.9999998205327
3440.00 1.079512119513726 0.9999998204160
3439.00 1.079512109519588 0.9999998202992
3438.00 1.079512099435112 0.9999998201823
3437.00 1.079512089259429 0.9999998200653
3436.00 1.079512078991660 0.9999998199481
3435.00 1.079512068630918 0.9999998198309
3434.00 1.079512058176308 0.9999998197135
3433.00 1.079512047626923 0.9999998195960
3432.00 1.079512036981849 0.9999998194785
3431.00 1.079512026240163 0.9999998193608
3430.00 1.079512015400930 0.9999998192429
3429.00 1.079512004463208 0.9999998191250
3428.00 1.079511993426046 0.9999998190070
3427.00 1.079511982288480 0.9999998188888
3426.00 1.079511971049537 0.9999998187706
3425.00 1.079511959708237 0.9999998186522
3424.00 1.079511948263587 0.9999998185337
3423.00 1.079511936714584 0.9999998184151
3422.00 1.079511925060217 0.9999998182964
3421.00 1.079511913299460 0.9999998181775
3420.00 1.079511901431283 0.9999998180586
3419.00 1.079511889454639 0.9999998179395
3418.00 1.079511877368474 0.9999998178203
3417.00 1.079511865171723 0.9999998177011
3416.00 1.079511852863309 0.9999998175816
3415.00 1.079511840442142 0.9999998174621
3414.00 1.079511827907126 0.9999998173425
3413.00 1.079511815257148 0.9999998172227
3412.00 1.079511802491087 0.9999998171029
3411.00 1.079511789607811 0.9999998169829
3410.00 1.079511776606172 0.9999998168628
3409.00 1.079511763485016 0.9999998167426
3408.00 1.079511750243171 0.9999998166222
3407.00 1.079511736879458 0.9999998165018
3406.00 1.079511723392682 0.9999998163812
3405.00 1.079511709781639 0.9999998162605
3404.00 1.079511696045109 0.9999998161397
3403.00 1.079511682181862 0.9999998160188
3402.00 1.079511668190655 0.9999998158978
3401.00 1.079511654070231 0.9999998157766
3400.00 1.079511639819319 0.9999998156554
3399.00 1.079511625436638 0.9999998155340
3398.00 1.079511610920891 0.9999998154125
3397.00 1.079511596270769 0.9999998152908
3396.00 1.079511581484947 0.9999998151691
3395.00 1.079511566562089 0.9999998150472
3394.00 1.079511551500845 0.9999998149253
3393.00 1.079511536299848 0.9999998148032
3392.00 1.079511520957720 0.9999998146810
3391.00 1.079511505473066 0.9999998145586
3390.00 1.079511489844478 0.9999998144362
3389.00 1.079511474070533 0.9999998143136
3388.00 1.079511458149794 0.9999998141909
3387.00 1.079511442080807 0.9999998140681
3386.00 1.079511425862103 0.9999998139452
3385.00 1.079511409492200 0.9999998138221
3384.00 1.079511392969597 0.9999998136990
3383.00 1.079511376292781 0.9999998135757
3382.00 1.079511359460219 0.9999998134523
3381.00 1.079511342470367 0.9999998133287
3380.00 1.079511325321659 0.9999998132051
3379.00 1.079511308012517 0.9999998130813
3378.00 1.079511290541344 0.9999998129574
3377.00 1.079511272906527 0.9999998128334
3376.00 1.079511255106437 0.9999998127093
3375.00 1.079511237139426 0.9999998125850
3374.00 1.079511219003829 0.9999998124607
3373.00 1.079511200697964 0.9999998123362
3372.00 1.079511182220133 0.9999998122116
3371.00 1.079511163568615 0.9999998120868
3370.00 1.079511144741677 0.9999998119620
3369.00 1.079511125737563 0.9999998118370
3368.00 1.079511106554501 0.9999998117119
3367.00 1.079511087190699 0.9999998115867
3366.00 1.079511067644346 0.9999998114613
3365.00 1.079511047913613 0.9999998113358
3364.00 1.079511027996649 0.9999998112102
3363.00 1.079511007891587 0.9999998110845
3362.00 1.079510987596538 0.9999998109587
3361.00 1.079510967109593 0.9999998108327
3360.00 1.079510946428823 0.9999998107066
3359.00 1.079510925552278 0.9999998105804
3358.00 1.079510904477989 0.9999998104541
3357.00 1.079510883203964 0.9999998103276
3356.00 1.079510861728190 0.9999998102010
3355.00 1.079510840048635 0.9999998100743
3354.00 1.079510818163241 0.9999998099475
3353.00 1.079510796069931 0.9999998098205
3352.00 1.079510773766608 0.9999998096934
3351.00 1.079510751251146 0.9999998095662
3350.00 1.079510728521403 0.9999998094389
3349.00 1.079510705575211 0.9999998093114
3348.00 1.079510682410378 0.9999998091839
3347.00 1.079510659024690 0.9999998090561
3346.00 1.079510635415909 0.9999998089283
3345.00 1.079510611581774 0.9999998088004
3344.00 1.079510587519997 0.9999998086723
3343.00 1.079510563228268 0.9999998085440
3342.00 1.079510538704253 0.9999998084157
3341.00 1.079510513945588 0.9999998082872
3340.00 1.079510488949889 0.9999998081586
3339.00 1.079510463714745 0.9999998080299
3338.00 1.079510438237716 0.9999998079011
3337.00 1.079510412516340 0.9999998077721
3336.00 1.079510386548125 0.9999998076430
3335.00 1.079510360330556 0.9999998075138
3334.00 1.079510333861087 0.9999998073844
3333.00 1.079510307137146 0.9999998072549
3332.00 1.079510280156134 0.9999998071253
3331.00 1.079510252915422 0.9999998069956
3330.00 1.079510225412356 0.9999998068657
3329.00 1.079510197644250 0.9999998067357
3328.00 1.079510169608390 0.9999998066056
3327.00 1.079510141302033 0.9999998064753
3326.00 1.079510112722406 0.9999998063449
3325.00 1.079510083866706 0.9999998062144
3324.00 1.079510054732100 0.9999998060838
3323.00 1.079510025315723 0.9999998059530
3322.00 1.079509995614681 0.9999998058221
3321.00 1.079509965626046 0.9999998056911
3320.00 1.079509935346860 0.9999998055599
3319.00 1.079509904774133 0.9999998054286
3318.00 1.079509873904841 0.9999998052972
3317.00 1.079509842735928 0.9999998051656
3316.00 1.079509811264305 0.9999998050339
3315.00 1.079509779486849 0.9999998049021
3314.00 1.079509747400402 0.9999998047702
3313.00 1.079509715001774 0.9999998046381
3312.00 1.079509682287738 0.9999998045059
3311.00 1.079509649255031 0.9999998043735
3310.00 1.079509615900357 0.9999998042410
3309.00 1.079509582220384 0.9999998041084
3308.00 1.079509548211739 0.9999998039757
3307.00 1.079509513871018 0.9999998038428
3306.00 1.079509479194776 0.9999998037098
3305.00 1.079509444179531 0.9999998035767
3304.00 1.079509408821763 0.9999998034434
3303.00 1.079509373117914 0.9999998033100
3302.00 1.079509337064387 0.9999998031765
3301.00 1.079509300657543 0.9999998030428
3300.00 1.079509263893706 0.9999998029090
3299.00 1.079509226769159 0.9999998027751
3298.00 1.079509189280143 0.9999998026410
3297.00 1.079509151422858 0.9999998025068
3296.00 1.079509113193462 0.9999998023725
3295.00 1.079509074588072 0.9999998022380
3294.00 1.079509035602760 0.9999998021034
3293.00 1.079508996233556 0.9999998019686
3292.00 1.079508956476447 0.9999998018337
3291.00 1.079508916327374 0.9999998016987
3290.00 1.079508875782233 0.9999998015636
3289.00 1.079508834836877 0.9999998014283
3288.00 1.079508793487110 0.9999998012929
3287.00 1.079508751728691 0.9999998011573
3286.00 1.079508709557334 0.9999998010216
3285.00 1.079508666968701 0.9999998008858
3284.00 1.079508623958410 0.9999998007498
3283.00 1.079508580522029 0.9999998006137
3282.00 1.079508536655075 0.9999998004775
3281.00 1.079508492353019 0.9999998003411
3280.00 1.079508447611278 0.9999998002046
3279.00 1.079508402425219 0.9999998000680
3278.00 1.079508356790158 0.9999997999312
3277.00 1.079508310701361 0.9999997997942
3276.00 1.079508264154036 0.9999997996572
3275.00 1.079508217143343 0.9999997995200
3274.00 1.079508169664384 0.9999997993826
3273.00 1.079508121712209 0.9999997992452
3272.00 1.079508073281811 0.9999997991075
3271.00 1.079508024368127 0.9999997989698
3270.00 1.079507974966039 0.9999997988319
3269.00 1.079507925070372 0.9999997986939
3268.00 1.079507874675890 0.9999997985557
3267.00 1.079507823777301 0.9999997984174
3266.00 1.079507772369254 0.9999997982789
3265.00 1.079507720446335 0.9999997981403
3264.00 1.079507668003073 0.9999997980016
3263.00 1.079507615033933 0.9999997978627
3262.00 1.079507561533319 0.9999997977237
3261.00 1.079507507495572 0.9999997975846
3260.00 1.079507452914969 0.9999997974453
3259.00 1.079507397785723 0.9999997973058
3258.00 1.079507342101981 0.9999997971663
3257.00 1.079507285857826 0.9999997970265
3256.00 1.079507229047272 0.9999997968867
3255.00 1.079507171664268 0.9999997967467
3254.00 1.079507113702691 0.9999997966065
3253.00 1.079507055156353 0.9999997964662
3252.00 1.079506996018994 0.9999997963258
3251.00 1.079506936284284 0.9999997961852
3250.00 1.079506875945820 0.9999997960445
3249.00 1.079506814997128 0.9999997959037
3248.00 1.079506753431660 0.9999997957627
3247.00 1.079506691242795 0.9999997956215
3246.00 1.079506628423835 0.9999997954802
3245.00 1.079506564968007 0.9999997953388
3244.00 1.079506500868463 0.9999997951972
3243.00 1.079506436118273 0.9999997950555
3242.00 1.079506370710433 0.9999997949137
3241.00 1.079506304637856 0.9999997947716
3240.00 1.079506237893376 0.9999997946295
3239.00 1.079506170469745 0.9999997944872
3238.00 1.079506102359632 0.9999997943448
3237.00 1.079506033555625 0.9999997942022
3236.00 1.079505964050222 0.9999997940594
3235.00 1.079505893835842 0.9999997939166
3234.00 1.079505822904814 0.9999997937735
3233.00 1.079505751249379 0.9999997936304
3232.00 1.079505678861690 0.9999997934870
3231.00 1.079505605733812 0.9999997933436
3230.00 1.079505531857716 0.9999997932000
3229.00 1.079505457225285 0.9999997930562
3228.00 1.079505381828305 0.9999997929123
3227.00 1.079505305658471 0.9999997927683
3226.00 1.079505228707381 0.9999997926241
3225.00 1.079505150966539 0.9999997924797
3224.00 1.079505072427347 0.9999997923352
3223.00 1.079504993081114 0.9999997921906
3222.00 1.079504912919043 0.9999997920458
3221.00 1.079504831932242 0.9999997919009
3220.00 1.079504750111712 0.9999997917558
3219.00 1.079504667448353 0.9999997916105
3218.00 1.079504583932960 0.9999997914651
3217.00 1.079504499556220 0.9999997913196
3216.00 1.079504414308715 0.9999997911739
3215.00 1.079504328180917 0.9999997910281
3214.00 1.079504241163188 0.9999997908821
3213.00 1.079504153245779 0.9999997907360
3212.00 1.079504064418830 0.9999997905897
3211.00 1.079503974672364 0.9999997904433
3210.00 1.079503883996291 0.9999997902967
3209.00 1.079503792380402 0.9999997901499
3208.00 1.079503699814372 0.9999997900031
3207.00 1.079503606287754 0.9999997898560
3206.00 1.079503511789983 0.9999997897088
3205.00 1.079503416310370 0.9999997895615
3204.00 1.079503319838099 0.9999997894140
3203.00 1.079503222362233 0.9999997892664
3202.00 1.079503123871705 0.9999997891186
3201.00 1.079503024355321 0.9999997889706
3200.00 1.079502923801755 0.9999997888225
3199.00 1.079502822199551 0.9999997886742
3198.00 1.079502719537118 0.9999997885258
3197.00 1.079502615802731 0.9999997883773
3196.00 1.079502510984528 0.9999997882286
3195.00 1.079502405070508 0.9999997880797
3194.00 1.079502298048531 0.9999997879307
3193.00 1.079502189906314 0.9999997877815
3192.00 1.079502080631432 0.9999997876322
3191.00 1.079501970211313 0.9999997874827
3190.00 1.079501858633238 0.9999997873330
3189.00 1.079501745884341 0.9999997871832
3188.00 1.079501631951604 0.9999997870333
3187.00 1.079501516821856 0.9999997868832
3186.00 1.079501400481772 0.9999997867329
3185.00 1.079501282917871 0.9999997865825
3184.00 1.079501164116513 0.9999997864319
3183.00 1.079501044063899 0.9999997862812
3182.00 1.079500922746066 0.9999997861303
3181.00 1.079500800148889 0.9999997859793
3180.00 1.079500676258074 0.9999997858280
3179.00 1.079500551059163 0.9999997856767
3178.00 1.079500424537523 0.9999997855252
3177.00 1.079500296678350 0.9999997853735
3176.00 1.079500167466668 0.9999997852217
3175.00 1.079500036887322 0.9999997850697
3174.00 1.079499904924978 0.9999997849175
3173.00 1.079499771564120 0.9999997847652
3172.00 1.079499636789051 0.9999997846128
3171.00 1.079499500583888 0.9999997844601
3170.00 1.079499362932558 0.9999997843074
3169.00 1.079499223818800 0.9999997841544
3168.00 1.079499083226158 0.9999997840013
3167.00 1.079498941137984 0.9999997838480
3166.00 1.079498797537430 0.9999997836946
3165.00 1.079498652407450 0.9999997835410
3164.00 1.079498505730794 0.9999997833873
3163.00 1.079498357490007 0.9999997832334
3162.00 1.079498207667429 0.9999997830793
3161.00 1.079498056245187 0.9999997829251
3160.00 1.079497903205197 0.9999997827707
3159.00 1.079497748529159 0.9999997826162
3158.00 1.079497592198557 0.9999997824615
3157.00 1.079497434194650 0.9999997823066
3156.00 1.079497274498479 0.9999997821516
3155.00 1.079497113090855 0.9999997819964
3154.00 1.079496949952361 0.9999997818410
3153.00 1.079496785063347 0.9999997816855
3152.00 1.079496618403930 0.9999997815298
3151.00 1.079496449953990 0.9999997813739
3150.00 1.079496279693162 0.9999997812179
3149.00 1.079496107600842 0.9999997810618
3148.00 1.079495933656176 0.9999997809054
3147.00 1.079495757838062 0.9999997807489
3146.00 1.079495580125144 0.9999997805922
3145.00 1.079495400495811 0.9999997804354
3144.00 1.079495218928190 0.9999997802784
3143.00 1.079495035400148 0.9999997801212
3142.00 1.079494849889286 0.9999997799639
3141.00 1.079494662372933 0.9999997798064
3140.00 1.079494472828148 0.9999997796488
3139.00 1.079494281231713 0.9999997794909
3138.00 1.079494087560130 0.9999997793329
3137.00 1.079493891789618 0.9999997791748
3136.00 1.079493693896111 0.9999997790164
3135.00 1.079493493855249 0.9999997788580
3134.00 1.079493291642383 0.9999997786993
3133.00 1.079493087232562 0.9999997785405
3132.00 1.079492880600536 0.9999997783815
3131.00 1.079492671720748 0.9999997782223
3130.00 1.079492460567335 0.9999997780630
3129.00 1.079492247114118 0.9999997779035
3128.00 1.079492031334601 0.9999997777438
3127.00 1.079491813201971 0.9999997775840
3126.00 1.079491592689085 0.9999997774239
3125.00 1.079491369768473 0.9999997772638
3124.00 1.079491144412334 0.9999997771034
3123.00 1.079490916592526 0.9999997769429
3122.00 1.079490686280568 0.9999997767822
3121.00 1.079490453447630 0.9999997766214
3120.00 1.079490218064534 0.9999997764603
3119.00 1.079489980101746 0.9999997762991
3118.00 1.079489739529374 0.9999997761378
3117.00 1.079489496317160 0.9999997759762
3116.00 1.079489250434478 0.9999997758145
3115.00 1.079489001850330 0.9999997756526
3114.00 1.079488750533339 0.9999997754906
3113.00 1.079488496451745 0.9999997753283
3112.00 1.079488239573400 0.9999997751659
3111.00 1.079487979865766 0.9999997750033
3110.00 1.079487717295903 0.9999997748406
3109.00 1.079487451830472 0.9999997746777
3108.00 1.079487183435726 0.9999997745146
3107.00 1.079486912077502 0.9999997743513
3106.00 1.079486637721222 0.9999997741879
3105.00 1.079486360331882 0.9999997740243
3104.00 1.079486079874053 0.9999997738605
3103.00 1.079485796311866 0.9999997736965
3102.00 1.079485509609016 0.9999997735323
3101.00 1.079485219728751 0.9999997733680
3100.00 1.079484926633869 0.9999997732035
3099.00 1.079484630286709 0.9999997730389
3098.00 1.079484330649148 0.9999997728740
3097.00 1.079484027682596 0.9999997727090
3096.00 1.079483721347985 0.9999997725438
3095.00 1.079483411605768 0.9999997723784
3094.00 1.079483098415911 0.9999997722129
3093.00 1.079482781737888 0.9999997720472
3092.00 1.079482461530670 0.9999997718813
3091.00 1.079482137752725 0.9999997717152
3090.00 1.079481810362009 0.9999997715489
3089.00 1.079481479315956 0.9999997713825
3088.00 1.079481144571477 0.9999997712158
3087.00 1.079480806084951 0.9999997710490
3086.00 1.079480463812217 0.9999997708821
3085.00 1.079480117708567 0.9999997707149
3084.00 1.079479767728741 0.9999997705476
3083.00 1.079479413826920 0.9999997703801
3082.00 1.079479055956716 0.9999997702124
3081.00 1.079478694071166 0.9999997700445
3080.00 1.079478328122727 0.9999997698764
3079.00 1.079477958063267 0.9999997697082
3078.00 1.079477583844054 0.9999997695398
3077.00 1.079477205415754 0.9999997693712
3076.00 1.079476822728421 0.9999997692024
3075.00 1.079476435731486 0.9999997690334
3074.00 1.079476044373754 0.9999997688643
3073.00 1.079475648603395 0.9999997686950
3072.00 1.079475248367932 0.9999997685254
3071.00 1.079474843614235 0.9999997683558
3070.00 1.079474434288518 0.9999997681859
3069.00 1.079474020336318 0.9999997680158
3068.00 1.079473601702501 0.9999997678456
3067.00 1.079473178331242 0.9999997676751
3066.00 1.079472750166022 0.9999997675045
3065.00 1.079472317149615 0.9999997673337
3064.00 1.079471879224086 0.9999997671628
3063.00 1.079471436330774 0.9999997669916
3062.00 1.079470988410287 0.9999997668202
3061.00 1.079470535402490 0.9999997666487
3060.00 1.079470077246500 0.9999997664770
3059.00 1.079469613880671 0.9999997663051
3058.00 1.079469145242588 0.9999997661330
3057.00 1.079468671269056 0.9999997659607
3056.00 1.079468191896089 0.9999997657882
3055.00 1.079467707058900 0.9999997656155
3054.00 1.079467216691895 0.9999997654427
3053.00 1.079466720728654 0.9999997652697
3052.00 1.079466219101929 0.9999997650964
3051.00 1.079465711743630 0.9999997649230
3050.00 1.079465198584811 0.9999997647494
3049.00 1.079464679555666 0.9999997645756
3048.00 1.079464154585511 0.9999997644017
3047.00 1.079463623602778 0.9999997642275
3046.00 1.079463086534999 0.9999997640531
3045.00 1.079462543308801 0.9999997638786
3044.00 1.079461993849888 0.9999997637039
3043.00 1.079461438083030 0.9999997635289
3042.00 1.079460875932056 0.9999997633538
3041.00 1.079460307319837 0.9999997631785
3040.00 1.079459732168276 0.9999997630030
3039.00 1.079459150398295 0.9999997628273
3038.00 1.079458561929822 0.9999997626514
3037.00 1.079457966681780 0.9999997624753
3036.00 1.079457364572073 0.9999997622991
3035.00 1.079456755517571 0.9999997621226
3034.00 1.079456139434102 0.9999997619460
3033.00 1.079455516236435 0.9999997617691
3032.00 1.079454885838265 0.9999997615921
3031.00 1.079454248152204 0.9999997614148
3030.00 1.079453603089765 0.9999997612374
3029.00 1.079452950561345 0.9999997610598
3028.00 1.079452290476217 0.9999997608820
3027.00 1.079451622742511 0.9999997607039
3026.00 1.079450947267201 0.9999997605257
3025.00 1.079450263956091 0.9999997603473
3024.00 1.079449572713799 0.9999997601687
3023.00 1.079448873443743 0.9999997599899
3022.00 1.079448166048124 0.9999997598109
3021.00 1.079447450427915 0.9999997596317
3020.00 1.079446726482841 0.9999997594523
3019.00 1.079445994111364 0.9999997592727
3018.00 1.079445253210670 0.9999997590930
3017.00 1.079444503676649 0.9999997589130
3016.00 1.079443745403885 0.9999997587328
3015.00 1.079442978285629 0.9999997585524
3014.00 1.079442202213794 0.9999997583718
3013.00 1.079441417078931 0.9999997581910
3012.00 1.079440622770215 0.9999997580101
3011.00 1.079439819175426 0.9999997578289
3010.00 1.079439006180932 0.9999997576475
3009.00 1.079438183671675 0.9999997574659
3008.00 1.079437351531147 0.9999997572841
3007.00 1.079436509641378 0.9999997571022
3006.00 1.079435657882912 0.9999997569200
3005.00 1.079434796134796 0.9999997567376
3004.00 1.079433924274554 0.9999997565550
3003.00 1.079433042178174 0.9999997563722
3002.00 1.079432149720087 0.9999997561892
3001.00 1.079431246773146 0.9999997560060
3000.00 1.079430333208610 0.9999997558226
2999.00 1.079429408896123 0.9999997556390
2998.00 1.079428473703695 0.9999997554552
2997.00 1.079427527497679 0.9999997552712
2996.00 1.079426570142757 0.9999997550870
2995.00 1.079425601501914 0.9999997549026
2994.00 1.079424621436421 0.9999997547180
2993.00 1.079423629805811 0.9999997545331
2992.00 1.079422626467864 0.9999997543481
2991.00 1.079421611278578 0.9999997541628
2990.00 1.079420584092157 0.9999997539774
2989.00 1.079419544760980 0.9999997537917
2988.00 1.079418493135587 0.9999997536059
2987.00 1.079417429064653 0.9999997534198
2986.00 1.079416352394968 0.9999997532335
2985.00 1.079415262971414 0.9999997530470
2984.00 1.079414160636943 0.9999997528603
2983.00 1.079413045232554 0.9999997526734
2982.00 1.079411916597269 0.9999997524863
2981.00 1.079410774568114 0.9999997522990
2980.00 1.079409618980094 0.9999997521115
2979.00 1.079408449666167 0.9999997519237
2978.00 1.079407266457224 0.9999997517358
2977.00 1.079406069182064 0.9999997515476
2976.00 1.079404857667372 0.9999997513592
2975.00 1.079403631737692 0.9999997511707
2974.00 1.079402391215407 0.9999997509819
2973.00 1.079401135920709 0.9999997507929
2972.00 1.079399865671582 0.9999997506036
2971.00 1.079398580283770 0.9999997504142
2970.00 1.079397279570760 0.9999997502246
2969.00 1.079395963343750 0.9999997500347
2968.00 1.079394631411628 0.9999997498446
2967.00 1.079393283580949 0.9999997496543
2966.00 1.079391919655904 0.9999997494638
2965.00 1.079390539438300 0.9999997492731
2964.00 1.079389142727532 0.9999997490822
2963.00 1.079387729320560 0.9999997488910
2962.00 1.079386299011881 0.9999997486997
2961.00 1.079384851593503 0.9999997485081
2960.00 1.079383386854924 0.9999997483163
2959.00 1.079381904583101 0.9999997481243
2958.00 1.079380404562428 0.9999997479321
2957.00 1.079378886574707 0.9999997477396
2956.00 1.079377350399127 0.9999997475470
2955.00 1.079375795812233 0.9999997473541
2954.00 1.079374222587903 0.9999997471610
2953.00 1.079372630497325 0.9999997469677
2952.00 1.079371019308966 0.9999997467741
2951.00 1.079369388788547 0.9999997465804
2950.00 1.079367738699025 0.9999997463864
2949.00 1.079366068800557 0.9999997461922
2948.00 1.079364378850481 0.9999997459978
2947.00 1.079362668603290 0.9999997458031
2946.00 1.079360937810608 0.9999997456083
2945.00 1.079359186221161 0.9999997454132
2944.00 1.079357413580755 0.9999997452179
2943.00 1.079355619632253 0.9999997450224
2942.00 1.079353804115549 0.9999997448266
2941.00 1.079351966767543 0.9999997446306
2940.00 1.079350107322119 0.9999997444344
2939.00 1.079348225510121 0.9999997442380
2938.00 1.079346321059330 0.9999997440414
2937.00 1.079344393694443 0.9999997438445
2936.00 1.079342443137046 0.9999997436474
2935.00 1.079340469105597 0.9999997434501
2934.00 1.079338471315403 0.9999997432526
2933.00 1.079336449478599 0.9999997430548
2932.00 1.079334403304126 0.9999997428568
2931.00 1.079332332497714 0.9999997426586
2930.00 1.079330236761862 0.9999997424601
2929.00 1.079328115795818 0.9999997422614
2928.00 1.079325969295564 0.9999997420625
2927.00 1.079323796953795 0.9999997418634
2926.00 1.079321598459907 0.9999997416640
2925.00 1.079319373499979 0.9999997414645
2924.00 1.079317121756759 0.9999997412646
2923.00 1.079314842909650 0.9999997410646
2922.00 1.079312536634700 0.9999997408643
2921.00 1.079310202604586 0.9999997406638
2920.00 1.079307840488609 0.9999997404631
2919.00 1.079305449952678 0.9999997402621
2918.00 1.079303030659310 0.9999997400609
2917.00 1.079300582267618 0.9999997398594
2916.00 1.079298104433308 0.9999997396578
2915.00 1.079295596808674 0.9999997394559
2914.00 1.079293059042596 0.9999997392537
2913.00 1.079290490780542 0.9999997390514
2912.00 1.079287891664565 0.9999997388488
2911.00 1.079285261333310 0.9999997386459
2910.00 1.079282599422016 0.9999997384428
2909.00 1.079279905562525 0.9999997382395
2908.00 1.079277179383290 0.9999997380360
2907.00 1.079274420509388 0.9999997378322
2906.00 1.079271628562527 0.9999997376282
2905.00 1.079268803161073 0.9999997374239
2904.00 1.079265943920058 0.9999997372195
2903.00 1.079263050451209 0.9999997370147
2902.00 1.079260122362965 0.9999997368098
2901.00 1.079257159260510 0.9999997366046
2900.00 1.079254160745800 0.9999997363991
2899.00 1.079251126417597 0.9999997361934
2898.00 1.079248055871503 0.9999997359875
2897.00 1.079244948700004 0.9999997357813
2896.00 1.079241804492511 0.9999997355749
2895.00 1.079238622835409 0.9999997353683
2894.00 1.079235403312106 0.9999997351614
2893.00 1.079232145503092 0.9999997349543
2892.00 1.079228848985998 0.9999997347469
2891.00 1.079225513335659 0.9999997345393
2890.00 1.079222138124185 0.9999997343314
2889.00 1.079218722921034 0.9999997341233
2888.00 1.079215267293095 0.9999997339150
2887.00 1.079211770804769 0.9999997337064
2886.00 1.079208233018061 0.9999997334976
2885.00 1.079204653492680 0.9999997332885
2884.00 1.079201031786134 0.9999997330792
2883.00 1.079197367453848 0.9999997328696
2882.00 1.079193660049276 0.9999997326598
2881.00 1.079189909124021 0.9999997324497
2880.00 1.079186114227970 0.9999997322394
2879.00 1.079182274909432 0.9999997320289
2878.00 1.079178390715277 0.9999997318181
2877.00 1.079174461191100 0.9999997316070
2876.00 1.079170485881375 0.9999997313957
2875.00 1.079166464329631 0.9999997311841
2874.00 1.079162396078633 0.9999997309723
2873.00 1.079158280670570 0.9999997307603
2872.00 1.079154117647258 0.9999997305480
2871.00 1.079149906550351 0.9999997303354
2870.00 1.079145646921562 0.9999997301226
2869.00 1.079141338302899 0.9999997299096
2868.00 1.079136980236908 0.9999997296963
2867.00 1.079132572266934 0.9999997294827
2866.00 1.079128113937386 0.9999997292689
2865.00 1.079123604794031 0.9999997290548
2864.00 1.079119044384281 0.9999997288405
2863.00 1.079114432257516 0.9999997286259
2862.00 1.079109767965404 0.9999997284110
2861.00 1.079104765915844 0.9999997281959
2860.00 1.079099731941147 0.9999997279805
2859.00 1.079094730623155 0.9999997277649
2858.00 1.079089724644880 0.9999997275490
2857.00 1.079084692164144 0.9999997273329
2856.00 1.079079620233003 0.9999997271165
2855.00 1.079074501003473 0.9999997268999
2854.00 1.079069329581551 0.9999997266829
2853.00 1.079064102800671 0.9999997264658
2852.00 1.079058818513656 0.9999997262484
2851.00 1.079053475180093 0.9999997260307
2850.00 1.079048071623724 0.9999997258127
2849.00 1.079042606888386 0.9999997255945
2848.00 1.079037080151882 0.9999997253760
2847.00 1.079031490673997 0.9999997251573
2846.00 1.079025837764874 0.9999997249383
2845.00 1.079020120765657 0.9999997247191
2844.00 1.079014339036536 0.9999997244995
2843.00 1.079008491949347 0.9999997242797
2842.00 1.079002578882959 0.9999997240597
2841.00 1.078996599220393 0.9999997238394
2840.00 1.078990552347035 0.9999997236188
2839.00 1.078984437649524 0.9999997233979
2838.00 1.078978254515084 0.9999997231768
2837.00 1.078972002331131 0.9999997229554
2836.00 1.078965680485058 0.9999997227338
2835.00 1.078959288364146 0.9999997225118
2834.00 1.078952825355540 0.9999997222896
2833.00 1.078946290846291 0.9999997220672
2832.00 1.078939684223418 0.9999997218444
2831.00 1.078933004874006 0.9999997216214
2830.00 1.078926252185318 0.9999997213982
2829.00 1.078919425544911 0.9999997211746
2828.00 1.078912524340768 0.9999997209508
2827.00 1.078905547961438 0.9999997207267
2826.00 1.078898495796173 0.9999997205023
2825.00 1.078891367235077 0.9999997202777
2824.00 1.078884161669250 0.9999997200528
2823.00 1.078876878490945 0.9999997198276
2822.00 1.078869517093711 0.9999997196021
2821.00 1.078862076872563 0.9999997193764
2820.00 1.078854557224122 0.9999997191504
2819.00 1.078846957546785 0.9999997189241
2818.00 1.078839277240875 0.9999997186975
2817.00 1.078831515708811 0.9999997184707
2816.00 1.078823672355259 0.9999997182435
2815.00 1.078815746587301 0.9999997180161
2814.00 1.078807737814593 0.9999997177885
2813.00 1.078799645449530 0.9999997175605
2812.00 1.078791468907410 0.9999997173323
2811.00 1.078783207606594 0.9999997171037
2810.00 1.078774860968676 0.9999997168749
2809.00 1.078766428418639 0.9999997166458
2808.00 1.078757909385026 0.9999997164165
2807.00 1.078749303300097 0.9999997161868
2806.00 1.078740609600000 0.9999997159569
2805.00 1.078731827724924 0.9999997157267
2804.00 1.078722957119269 0.9999997154961
2803.00 1.078713997231803 0.9999997152654
2802.00 1.078704947515825 0.9999997150343
2801.00 1.078695807429322 0.9999997148029
2800.00 1.078686576435132 0.9999997145713
2799.00 1.078677254001094 0.9999997143393
2798.00 1.078667839600211 0.9999997141071
2797.00 1.078658332710800 0.9999997138746
2796.00 1.078648732816647 0.9999997136418
2795.00 1.078639039407158 0.9999997134087
2794.00 1.078629251977506 0.9999997131753
2793.00 1.078619370028784 0.9999997129417
2792.00 1.078609393068141 0.9999997127077
2791.00 1.078599320608937 0.9999997124734
2790.00 1.078589152170875 0.9999997122389
2789.00 1.078578887280143 0.9999997120041
2788.00 1.078568525469546 0.9999997117689
2787.00 1.078558066278648 0.9999997115335
2786.00 1.078547509253895 0.9999997112978
2785.00 1.078536853948748 0.9999997110618
2784.00 1.078526099923801 0.9999997108255
2783.00 1.078515246746913 0.9999997105889
2782.00 1.078504293993318 0.9999997103520
2781.00 1.078493241245748 0.9999997101148
2780.00 1.078482088094541 0.9999997098773
2779.00 1.078470834137748 0.9999997096395
2778.00 1.078459478981250 0.9999997094014
2777.00 1.078448022238846 0.9999997091630
2776.00 1.078436463532363 0.9999997089243
2775.00 1.078424802491745 0.9999997086853
2774.00 1.078413038755147 0.9999997084460
2773.00 1.078401171969026 0.9999997082064
2772.00 1.078389201788217 0.9999997079666
2771.00 1.078377127876018 0.9999997077264
2770.00 1.078364949904272 0.9999997074859
2769.00 1.078352667553430 0.9999997072451
2768.00 1.078340280512625 0.9999997070040
2767.00 1.078327788479733 0.9999997067626
2766.00 1.078315191161439 0.9999997065208
2765.00 1.078302488273290 0.9999997062788
2764.00 1.078289679539747 0.9999997060365
2763.00 1.078276764694235 0.9999997057939
2762.00 1.078263743479189 0.9999997055509
2761.00 1.078250615646092 0.9999997053077
2760.00 1.078237380955509 0.9999997050641
2759.00 1.078224039177125 0.9999997048203
2758.00 1.078210590089772 0.9999997045761
2757.00 1.078197033481447 0.9999997043316
2756.00 1.078183369149341 0.9999997040868
2755.00 1.078169596899847 0.9999997038417
2754.00 1.078155716548578 0.9999997035963
2753.00 1.078141727920373 0.9999997033506
2752.00 1.078127630849298 0.9999997031046
2751.00 1.078113425178654 0.9999997028582
2750.00 1.078099110760964 0.9999997026116
2749.00 1.078084687457971 0.9999997023646
2748.00 1.078070155140628 0.9999997021173
2747.00 1.078055513689077 0.9999997018697
2746.00 1.078040762992636 0.9999997016218
2745.00 1.078025902949771 0.9999997013735
2744.00 1.078010933468077 0.9999997011250
2743.00 1.077995854464241 0.9999997008761
2742.00 1.077980665864012 0.9999997006269
2741.00 1.077965367602165 0.9999997003774
2740.00 1.077949959622463 0.9999997001276
2739.00 1.077934441877605 0.9999996998775
2738.00 1.077918814329189 0.9999996996270
2737.00 1.077903076947657 0.9999996993762
2736.00 1.077887229712245 0.9999996991251
2735.00 1.077871272610922 0.9999996988737
2734.00 1.077855205640337 0.9999996986220
2733.00 1.077839028805752 0.9999996983699
2732.00 1.077822742120982 0.9999996981175
2731.00 1.077806345608322 0.9999996978648
2730.00 1.077789839298481 0.9999996976117
2729.00 1.077773223230509 0.9999996973584
2728.00 1.077756497451716 0.9999996971047
2727.00 1.077739662017603 0.9999996968507
2726.00 1.077722716991775 0.9999996965963
2725.00 1.077705662445860 0.9999996963417
2724.00 1.077688498459426 0.9999996960867
2723.00 1.077671225119893 0.9999996958314
2722.00 1.077653842522442 0.9999996955757
2721.00 1.077636350769928 0.9999996953198
2720.00 1.077618749972783 0.9999996950634
2719.00 1.077601040248925 0.9999996948068
2718.00 1.077583221723658 0.9999996945498
2717.00 1.077565294529577 0.9999996942926
2716.00 1.077547258806466 0.9999996940349
2715.00 1.077529114701198 0.9999996937770
2714.00 1.077510862367631 0.9999996935187
2713.00 1.077492501966506 0.9999996932601
2712.00 1.077474033665340 0.9999996930011
2711.00 1.077455457638319 0.9999996927418
2710.00 1.077436774066192 0.9999996924822
2709.00 1.077417983136161 0.9999996922222
2708.00 1.077399085041773 0.9999996919619
2707.00 1.077380079982805 0.9999996917013
2706.00 1.077360968165159 0.9999996914403
2705.00 1.077341749800743 0.9999996911790
2704.00 1.077322425107363 0.9999996909174
2703.00 1.077302994308607 0.9999996906554
2702.00 1.077283457633729 0.9999996903931
2701.00 1.077263815317540 0.9999996901304
2700.00 1.077244067600286 0.9999996898674
2699.00 1.077224214727537 0.9999996896041
2698.00 1.077204256950069 0.9999996893404
2697.00 1.077184194523747 0.9999996890764
2696.00 1.077164027709414 0.9999996888120
2695.00 1.077143756772764 0.9999996885473
2694.00 1.077123381984235 0.9999996882823
2693.00 1.077102903618890 0.9999996880169
2692.00 1.077082321956296 0.9999996877511
2691.00 1.077061637280412 0.9999996874851
2690.00 1.077040849879469 0.9999996872186
2689.00 1.077019960045858 0.9999996869519
2688.00 1.076998968076008 0.9999996866847
2687.00 1.076977874270274 0.9999996864173
2686.00 1.076956678932821 0.9999996861495
2685.00 1.076935382371507 0.9999996858813
2684.00 1.076913984897770 0.9999996856128
2683.00 1.076892486826510 0.9999996853440
2682.00 1.076870888475979 0.9999996850748
2681.00 1.076849190167666 0.9999996848052
2680.00 1.076827392226181 0.9999996845353
2679.00 1.076805494979147 0.9999996842650
2678.00 1.076783498757086 0.9999996839944
2677.00 1.076761403893306 0.9999996837235
2676.00 1.076739210723793 0.9999996834522
2675.00 1.076716919587100 0.9999996831805
2674.00 1.076694530824237 0.9999996829085
2673.00 1.076672044778563 0.9999996826361
2672.00 1.076649461795679 0.9999996823634
2671.00 1.076626782223320 0.9999996820903
2670.00 1.076604006411251 0.9999996818169
2669.00 1.076581134711156 0.9999996815431
2668.00 1.076558167476542 0.9999996812689
2667.00 1.076535105062628 0.9999996809944
2666.00 1.076511947826247 0.9999996807196
2665.00 1.076488696125740 0.9999996804443
2664.00 1.076465350320862 0.9999996801688
2663.00 1.076441910772673 0.9999996798928
2662.00 1.076418377843448 0.9999996796165
2661.00 1.076394751896574 0.9999996793398
2660.00 1.076371033296452 0.9999996790628
2659.00 1.076347222408406 0.9999996787854
2658.00 1.076323319598584 0.9999996785077
2657.00 1.076299325233867 0.9999996782296
2656.00 1.076275239681771 0.9999996779511
2655.00 1.076251063310364 0.9999996776723
2654.00 1.076226796488165 0.9999996773931
2653.00 1.076202439584063 0.9999996771135
2652.00 1.076177992967225 0.9999996768336
2651.00 1.076153457007004 0.9999996765533
2650.00 1.076128832072862 0.9999996762726
2649.00 1.076104118534277 0.9999996759915
2648.00 1.076079316760660 0.9999996757101
2647.00 1.076054427121276 0.9999996754284
2646.00 1.076029449985155 0.9999996751462
2645.00 1.076004385721018 0.9999996748637
2644.00 1.075979234697192 0.9999996745808
2643.00 1.075953997281532 0.9999996742976
2642.00 1.075928673841348 0.9999996740140
2641.00 1.075903264743321 0.9999996737300
2640.00 1.075877770353431 0.9999996734456
2639.00 1.075852191036883 0.9999996731609
2638.00 1.075826527158033 0.9999996728758
2637.00 1.075800779080317 0.9999996725903
2636.00 1.075774947166175 0.9999996723044
2635.00 1.075749031776986 0.9999996720182
2634.00 1.075723033272998 0.9999996717315
2633.00 1.075696952013258 0.9999996714446
2632.00 1.075670788355545 0.9999996711572
2631.00 1.075644542656306 0.9999996708694
2630.00 1.075618215270589 0.9999996705813
2629.00 1.075591806551984 0.9999996702928
2628.00 1.075565316852551 0.9999996700039
2627.00 1.075538746522767 0.9999996697147
2626.00 1.075512095911461 0.9999996694250
2625.00 1.075485365365758 0.9999996691350
2624.00 1.075458555231012 0.9999996688446
2623.00 1.075431665850758 0.9999996685538
2622.00 1.075404697566651 0.9999996682626
2621.00 1.075377650718408 0.9999996679711
2620.00 1.075350525643757 0.9999996676791
2619.00 1.075323322678384 0.9999996673868
2618.00 1.075296042155873 0.9999996670941
2617.00 1.075268684407664 0.9999996668010
2616.00 1.075241249762995 0.9999996665075
2615.00 1.075213738548854 0.9999996662137
2614.00 1.075186151089932 0.9999996659194
2613.00 1.075158487708571 0.9999996656247
2612.00 1.075130748724721 0.9999996653297
2611.00 1.075102934455891 0.9999996650343
2610.00 1.075075045217102 0.9999996647385
2609.00 1.075047081320849 0.9999996644423
2608.00 1.075019043077049 0.9999996641457
2607.00 1.074990930793004 0.9999996638487
2606.00 1.074962744773358 0.9999996635513
2605.00 1.074934485320053 0.9999996632535
2604.00 1.074906152732292 0.9999996629553
2603.00 1.074877747306499 0.9999996626568
2602.00 1.074849269336279 0.9999996623578
2601.00 1.074820719112380 0.9999996620585
2600.00 1.074792096922659 0.9999996617587
2599.00 1.074763403052043 0.9999996614585
2598.00 1.074734637782492 0.9999996611580
2597.00 1.074705801392968 0.9999996608571
2596.00 1.074676894159399 0.9999996605557
2595.00 1.074647916354647 0.9999996602540
2594.00 1.074618868248473 0.9999996599518
2593.00 1.074589750107509 0.9999996596493
2592.00 1.074560562195221 0.9999996593463
2591.00 1.074531304771886 0.9999996590430
2590.00 1.074501978094558 0.9999996587392
2589.00 1.074472582417036 0.9999996584350
2588.00 1.074443117989845 0.9999996581305
2587.00 1.074413585060199 0.9999996578255
2586.00 1.074383983871976 0.9999996575201
2585.00 1.074354314665698 0.9999996572144
2584.00 1.074324577678496 0.9999996569082
2583.00 1.074294773144092 0.9999996566016
2582.00 1.074264901292770 0.9999996562946
2581.00 1.074234962351355 0.9999996559872
2580.00 1.074204956543188 0.9999996556793
2579.00 1.074174884088103 0.9999996553711
2578.00 1.074144745202406 0.9999996550625
2577.00 1.074114540098854 0.9999996547534
2576.00 1.074084268986633 0.9999996544439
2575.00 1.074053932071333 0.9999996541340
2574.00 1.074023529554939 0.9999996538238
2573.00 1.073993061635800 0.9999996535130
2572.00 1.073962528508618 0.9999996532019
2571.00 1.073931930364423 0.9999996528904
2570.00 1.073901267390562 0.9999996525784
2569.00 1.073870539770677 0.9999996522660
2568.00 1.073839747684688 0.9999996519533
2567.00 1.073808891308780 0.9999996516400
2566.00 1.073777970815385 0.9999996513264
2565.00 1.073746986373162 0.9999996510124
2564.00 1.073715938146990 0.9999996506979
2563.00 1.073684826297949 0.9999996503830
2562.00 1.073653650983305 0.9999996500677
2561.00 1.073622412356498 0.9999996497520
2560.00 1.073591110567127 0.9999996494358
2559.00 1.073559745760940 0.9999996491192
2558.00 1.073528318079817 0.9999996488022
2557.00 1.073496827661762 0.9999996484848
2556.00 1.073465274640887 0.9999996481669
2555.00 1.073433659147408 0.9999996478486
2554.00 1.073401981307621 0.9999996475299
2553.00 1.073370241243907 0.9999996472108
2552.00 1.073338439074710 0.9999996468912
2551.00 1.073306574914529 0.9999996465712
2550.00 1.073274648873914 0.9999996462507
2549.00 1.073242661059452 0.9999996459299
2548.00 1.073210611573756 0.9999996456086
2547.00 1.073178500515463 0.9999996452868
2546.00 1.073146327979219 0.9999996449647
2545.00 1.073114094055675 0.9999996446421
2544.00 1.073081798831478 0.9999996443190
2543.00 1.073049442389264 0.9999996439956
2542.00 1.073017024807648 0.9999996436717
2541.00 1.072984546161223 0.9999996433473
2540.00 1.072952006520547 0.9999996430225
2539.00 1.072919405952142 0.9999996426973
2538.00 1.072886744518484 0.9999996423717
2537.00 1.072854022277999 0.9999996420456
2536.00 1.072821239285057 0.9999996417190
2535.00 1.072788395589968 0.9999996413920
2534.00 1.072755491238973 0.9999996410646
2533.00 1.072722526274247 0.9999996407367
2532.00 1.072689500733884 0.9999996404084
2531.00 1.072656414651902 0.9999996400797
2530.00 1.072623268058232 0.9999996397505
2529.00 1.072590060978720 0.9999996394208
2528.00 1.072556793435120 0.9999996390907
2527.00 1.072523465445087 0.9999996387602
2526.00 1.072490077022183 0.9999996384292
2525.00 1.072456628175865 0.9999996380977
2524.00 1.072423118911486 0.9999996377658
2523.00 1.072389549230295 0.9999996374335
2522.00 1.072355919129428 0.9999996371007
2521.00 1.072322228601910 0.9999996367674
2520.00 1.072288477636653 0.9999996364337
2519.00 1.072254666218455 0.9999996360995
2518.00 1.072220794327992 0.9999996357649
2517.00 1.072186861941824 0.9999996354298
2516.00 1.072152869032390 0.9999996350943
2515.00 1.072118815568006 0.9999996347583
2514.00 1.072084701512867 0.9999996344219
2513.00 1.072050526827043 0.9999996340850
2512.00 1.072016291466479 0.9999996337476
2511.00 1.071981995382996 0.9999996334098
2510.00 1.071947638524289 0.9999996330715
2509.00 1.071913220833926 0.9999996327327
2508.00 1.071878742251350 0.9999996323935
2507.00 1.071844202711879 0.9999996320538
2506.00 1.071809602146702 0.9999996317137
2505.00 1.071774940482885 0.9999996313731
2504.00 1.071740217643369 0.9999996310320
2503.00 1.071705433546967 0.9999996306905
2502.00 1.071670588108372 0.9999996303485
2501.00 1.071635681238152 0.9999996300060
2500.00 1.071600712842751 0.9999996296630
2499.00 1.071565682824497 0.9999996293196
2498.00 1.071530591081593 0.9999996289757
2497.00 1.071495437508127 0.9999996286313
2496.00 1.071460221994068 0.9999996282865
2495.00 1.071424944425272 0.9999996279412
2494.00 1.071389604683478 0.9999996275954
2493.00 1.071354202646318 0.9999996272491
2492.00 1.071318738187311 0.9999996269023
2491.00 1.071283211175869 0.9999996265551
2490.00 1.071247621477301 0.9999996262074
2489.00 1.071211968952812 0.9999996258592
2488.00 1.071176253459508 0.9999996255106
2487.00 1.071140474850394 0.9999996251614
2486.00 1.071104632974385 0.9999996248118
2485.00 1.071068727676304 0.9999996244617
2484.00 1.071032758796882 0.9999996241111
2483.00 1.070996726172768 0.9999996237600
2482.00 1.070960629636528 0.9999996234084
2481.00 1.070924469016651 0.9999996230564
2480.00 1.070888244137549 0.9999996227038
2479.00 1.070851954819565 0.9999996223508
2478.00 1.070815600878974 0.9999996219973
2477.00 1.070779182127989 0.9999996216433
2476.00 1.070742698374764 0.9999996212888
2475.00 1.070706149423398 0.9999996209338
2474.00 1.070669535073942 0.9999996205783
2473.00 1.070632855122400 0.9999996202223
2472.00 1.070596109360737 0.9999996198658
2471.00 1.070559297576883 0.9999996195089
2470.00 1.070522419554738 0.9999996191514
2469.00 1.070485475074174 0.9999996187934
2468.00 1.070448463911050 0.9999996184349
2467.00 1.070411385837205 0.9999996180760
2466.00 1.070374240620475 0.9999996177165
2465.00 1.070337028024691 0.9999996173565
2464.00 1.070299747809691 0.9999996169961
2463.00 1.070262399731323 0.9999996166351
2462.00 1.070224983541450 0.9999996162736
2461.00 1.070187498987963 0.9999996159116
2460.00 1.070149945814783 0.9999996155491
2459.00 1.070112323761867 0.9999996151861
2458.00 1.070074632565220 0.9999996148226
2457.00 1.070036871956900 0.9999996144586
2456.00 1.069999041665026 0.9999996140941
2455.00 1.069961141413785 0.9999996137290
2454.00 1.069923170923442 0.9999996133635
2453.00 1.069885129910347 0.9999996129974
2452.00 1.069847018086947 0.9999996126308
2451.00 1.069808835161789 0.9999996122637
2450.00 1.069770580839535 0.9999996118961
2449.00 1.069732254820969 0.9999996115280
2448.00 1.069693856803005 0.9999996111593
2447.00 1.069655386478700 0.9999996107902
2446.00 1.069616843537263 0.9999996104205
2445.00 1.069578227664067 0.9999996100503
2444.00 1.069539538540655 0.9999996096795
2443.00 1.069500775844757 0.9999996093083
2442.00 1.069461939250297 0.9999996089365
2441.00 1.069423028427409 0.9999996085642
2440.00 1.069384043042444 0.9999996081914
2439.00 1.069344982757988 0.9999996078180
2438.00 1.069305847232868 0.9999996074441
2437.00 1.069266636122171 0.9999996070697
2436.00 1.069227349077253 0.9999996066947
2435.00 1.069187985745757 0.9999996063193
2434.00 1.069148545771622 0.9999996059433
2433.00 1.069109028795102 0.9999996055667
2432.00 1.069069434452778 0.9999996051896
2431.00 1.069029762377574 0.9999996048120
2430.00 1.068990012198771 0.9999996044339
2429.00 1.068950183542027 0.9999996040552
2428.00 1.068910276029388 0.9999996036759
2427.00 1.068870289279310 0.9999996032962
2426.00 1.068830222906672 0.9999996029159
2425.00 1.068790076522796 0.9999996025350
2424.00 1.068749849735463 0.9999996021536
2423.00 1.068709542148934 0.9999996017717
2422.00 1.068669153363968 0.9999996013892
2421.00 1.068628682977839 0.9999996010061
2420.00 1.068588130584361 0.9999996006226
2419.00 1.068547495773902 0.9999996002384
2418.00 1.068506778133411 0.9999995998538
2417.00 1.068465977246434 0.9999995994685
2416.00 1.068425092693141 0.9999995990827
2415.00 1.068384124050344 0.9999995986964
2414.00 1.068343070891521 0.9999995983095
2413.00 1.068301932786844 0.9999995979221
2412.00 1.068260709303194 0.9999995975341
2411.00 1.068219400004194 0.9999995971455
2410.00 1.068178004450231 0.9999995967564
2409.00 1.068136522198478 0.9999995963667
2408.00 1.068094952802929 0.9999995959765
2407.00 1.068053295814416 0.9999995955857
2406.00 1.068011550780644 0.9999995951943
2405.00 1.067969717246216 0.9999995948024
2404.00 1.067927794752660 0.9999995944099
2403.00 1.067885782838462 0.9999995940169
2402.00 1.067843681039096 0.9999995936232
2401.00 1.067801488887049 0.9999995932290
2400.00 1.067759205911860 0.9999995928343
2399.00 1.067716831640145 0.9999995924389
2398.00 1.067674365595636 0.9999995920430
2397.00 1.067631807299209 0.9999995916465
2396.00 1.067589156268921 0.9999995912495
2395.00 1.067546412020046 0.9999995908519
2394.00 1.067503574065105 0.9999995904536
2393.00 1.067460641913909 0.9999995900549
2392.00 1.067417615073589 0.9999995896555
2391.00 1.067374493048641 0.9999995892555
2390.00 1.067331275340959 0.9999995888550
2389.00 1.067287961449874 0.9999995884539
2388.00 1.067244550872199 0.9999995880522
2387.00 1.067201043102263 0.9999995876499
2386.00 1.067157437631959 0.9999995872471
2385.00 1.067113733950780 0.9999995868436
2384.00 1.067069931545868 0.9999995864396
2383.00 1.067026029902051 0.9999995860349
2382.00 1.066982028501895 0.9999995856297
2381.00 1.066937926825744 0.9999995852239
2380.00 1.066893724351769 0.9999995848175
2379.00 1.066849420556013 0.9999995844105
2378.00 1.066805014912440 0.9999995840029
2377.00 1.066760506892985 0.9999995835947
2376.00 1.066715895967599 0.9999995831859
2375.00 1.066671181604307 0.9999995827765
2374.00 1.066626363269250 0.9999995823665
2373.00 1.066581440426745 0.9999995819559
2372.00 1.066536412539332 0.9999995815447
2371.00 1.066491279067832 0.9999995811329
2370.00 1.066446039471399 0.9999995807204
2369.00 1.066400693207576 0.9999995803074
2368.00 1.066355239732349 0.9999995798938
2367.00 1.066309678500210 0.9999995794795
2366.00 1.066264008964209 0.9999995790647
2365.00 1.066218230576014 0.9999995786492
2364.00 1.066172342785974 0.9999995782331
2363.00 1.066126345043173 0.9999995778165
2362.00 1.066080236795498 0.9999995773991
2361.00 1.066034017489697 0.9999995769812
2360.00 1.065987686571442 0.9999995765627
2359.00 1.065941243485393 0.9999995761435
2358.00 1.065894687675265 0.9999995757237
2357.00 1.065848018583888 0.9999995753033
2356.00 1.065801235653278 0.9999995748823
2355.00 1.065754338324700 0.9999995744606
2354.00 1.065707326038740 0.9999995740383
2353.00 1.065660198235367 0.9999995736154
2352.00 1.065612954354008 0.9999995731919
2351.00 1.065565593833615 0.9999995727677
2350.00 1.065518116112733 0.9999995723429
2349.00 1.065470520629578 0.9999995719174
2348.00 1.065422806822103 0.9999995714914
2347.00 1.065374974128070 0.9999995710646
2346.00 1.065327021985127 0.9999995706373
2345.00 1.065278949830879 0.9999995702093
2344.00 1.065230757102966 0.9999995697807
2343.00 1.065182443239131 0.9999995693514
2342.00 1.065134007677302 0.9999995689215
2341.00 1.065085449855665 0.9999995684910
2340.00 1.065036769212740 0.9999995680598
2339.00 1.064987965187460 0.9999995676279
2338.00 1.064939037219246 0.9999995671954
2337.00 1.064889984748087 0.9999995667623
2336.00 1.064840807214616 0.9999995663285
2335.00 1.064791504060190 0.9999995658940
2334.00 1.064742074726968 0.9999995654589
2333.00 1.064692518657990 0.9999995650232
2332.00 1.064642835297258 0.9999995645868
2331.00 1.064593024089813 0.9999995641497
2330.00 1.064543084481814 0.9999995637120
2329.00 1.064493015920624 0.9999995632736
2328.00 1.064442817854880 0.9999995628345
2327.00 1.064392489734581 0.9999995623948
2326.00 1.064342031011165 0.9999995619544
2325.00 1.064291441137587 0.9999995615134
2324.00 1.064240719568401 0.9999995610717
2323.00 1.064189865759838 0.9999995606293
2322.00 1.064138879169886 0.9999995601862
2321.00 1.064087759258368 0.9999995597425
2320.00 1.064036505487022 0.9999995592981
2319.00 1.063985117319578 0.9999995588530
2318.00 1.063933594221834 0.9999995584073
2317.00 1.063881935661737 0.9999995579609
2316.00 1.063830141109458 0.9999995575138
2315.00 1.063778210037464 0.9999995570660
2314.00 1.063726141920600 0.9999995566175
2313.00 1.063673936236157 0.9999995561683
2312.00 1.063621592463950 0.9999995557185
2311.00 1.063569110086389 0.9999995552680
2310.00 1.063516488588548 0.9999995548168
2309.00 1.063463727458239 0.9999995543649
2308.00 1.063410826186082 0.9999995539123
2307.00 1.063357784265566 0.9999995534590
2306.00 1.063304601193125 0.9999995530050
2305.00 1.063251276468197 0.9999995525504
2304.00 1.063197809593288 0.9999995520950
2303.00 1.063144200074038 0.9999995516389
2302.00 1.063090447419279 0.9999995511822
2301.00 1.063036551141093 0.9999995507247
2300.00 1.062982510754869 0.9999995502666
2299.00 1.062928325779361 0.9999995498077
2298.00 1.062873995736737 0.9999995493481
2297.00 1.062819520152631 0.9999995488878
2296.00 1.062764898556192 0.9999995484268
2295.00 1.062710130480133 0.9999995479651
2294.00 1.062655215460769 0.9999995475027
2293.00 1.062600153038062 0.9999995470396
2292.00 1.062544942755660 0.9999995465758
2291.00 1.062489584160931 0.9999995461112
2290.00 1.062434076804999 0.9999995456459
2289.00 1.062378420242771 0.9999995451800
2288.00 1.062322614032967 0.9999995447132
2287.00 1.062266657738144 0.9999995442458
2286.00 1.062210550924714 0.9999995437777
2285.00 1.062154293162964 0.9999995433088
2284.00 1.062097884027073 0.9999995428392
2283.00 1.062041323095116 0.9999995423688
2282.00 1.061984609949079 0.9999995418978
2281.00 1.061927744174855 0.9999995414260
2280.00 1.061870725362249 0.9999995409534
2279.00 1.061813553104972 0.9999995404802
2278.00 1.061756227000631 0.9999995400062
2277.00 1.061698746650720 0.9999995395314
2276.00 1.061641111660600 0.9999995390560
2275.00 1.061583321639480 0.9999995385798
2274.00 1.061525376200393 0.9999995381028
2273.00 1.061467274960162 0.9999995376251
2272.00 1.061409017539371 0.9999995371467
2271.00 1.061350603562321 0.9999995366675
2270.00 1.061292032656991 0.9999995361875
2269.00 1.061233304454986 0.9999995357068
2268.00 1.061174418591484 0.9999995352254
2267.00 1.061115374705180 0.9999995347432
2266.00 1.061056172438221 0.9999995342602
2265.00 1.060996811436137 0.9999995337765
2264.00 1.060937291347768 0.9999995332921
2263.00 1.060877611825186 0.9999995328068
2262.00 1.060817772523607 0.9999995323209
2261.00 1.060757773101307 0.9999995318341
2260.00 1.060697613219524 0.9999995313466
2259.00 1.060637292542356 0.9999995308583
2258.00 1.060576810736660 0.9999995303693
2257.00 1.060516167471935 0.9999995298795
2256.00 1.060455362420210 0.9999995293889
2255.00 1.060394395255918 0.9999995288975
2254.00 1.060333265655771 0.9999995284054
2253.00 1.060271973298623 0.9999995279125
2252.00 1.060210517865335 0.9999995274188
2251.00 1.060148899038626 0.9999995269243
2250.00 1.060087116502926 0.9999995264291
2249.00 1.060025169944220 0.9999995259331
2248.00 1.059963059049884 0.9999995254362
2247.00 1.059900783508521 0.9999995249386
2246.00 1.059838343009787 0.9999995244403
2245.00 1.059775737244215 0.9999995239411
2244.00 1.059712965903031 0.9999995234411
2243.00 1.059650028677965 0.9999995229404
2242.00 1.059586925261060 0.9999995224388
2241.00 1.059523655344472 0.9999995219365
2240.00 1.059460218620265 0.9999995214333
2239.00 1.059396614780207 0.9999995209294
2238.00 1.059332843515551 0.9999995204246
2237.00 1.059268904516823 0.9999995199191
2236.00 1.059204797473594 0.9999995194127
2235.00 1.059140522074259 0.9999995189056
2234.00 1.059076078005800 0.9999995183976
2233.00 1.059011464953555 0.9999995178889
2232.00 1.058946682600978 0.9999995173793
2231.00 1.058881730629395 0.9999995168689
2230.00 1.058816608717758 0.9999995163577
2229.00 1.058751316542394 0.9999995158456
2228.00 1.058685853776757 0.9999995153328
2227.00 1.058620220091166 0.9999995148191
2226.00 1.058554415152548 0.9999995143046
2225.00 1.058488438624179 0.9999995137893
2224.00 1.058422290165420 0.9999995132732
2223.00 1.058355969431447 0.9999995127562
2222.00 1.058289476072990 0.9999995122385
2221.00 1.058222809736062 0.9999995117198
2220.00 1.058155970061688 0.9999995112004
2219.00 1.058088956685634 0.9999995106801
2218.00 1.058021769238138 0.9999995101590
2217.00 1.057954407343636 0.9999995096370
2216.00 1.057886870620488 0.9999995091142
2215.00 1.057819158680715 0.9999995085906
2214.00 1.057751271129716 0.9999995080661
2213.00 1.057683207566007 0.9999995075408
2212.00 1.057614967580947 0.9999995070146
2211.00 1.057546550758475 0.9999995064876
2210.00 1.057477956674839 0.9999995059597
2209.00 1.057409184898336 0.9999995054310
2208.00 1.057340234989053 0.9999995049014
2207.00 1.057271106498605 0.9999995043709
2206.00 1.057201798969881 0.9999995038396
2205.00 1.057132311936796 0.9999995033075
2204.00 1.057062644924041 0.9999995027745
2203.00 1.056992797446839 0.9999995022406
2202.00 1.056922769010712 0.9999995017058
2201.00 1.056852559111238 0.9999995011702
2200.00 1.056782167233833 0.9999995006337
2199.00 1.056711592853521 0.9999995000964
2198.00 1.056640835434719 0.9999994995582
2197.00 1.056569894431027 0.9999994990191
2196.00 1.056498769285024 0.9999994984791
2195.00 1.056427459428068 0.9999994979382
2194.00 1.056355964280108 0.9999994973965
2193.00 1.056284283249499 0.9999994968539
2192.00 1.056212415732829 0.9999994963103
2191.00 1.056140361114749 0.9999994957660
2190.00 1.056068118767814 0.9999994952207
2189.00 1.055995688052332 0.9999994946745
2188.00 1.055923068316222 0.9999994941274
2187.00 1.055850258894878 0.9999994935795
2186.00 1.055777259111049 0.9999994930306
2185.00 1.055704068274719 0.9999994924808
2184.00 1.055630685682998 0.9999994919302
2183.00 1.055557110620037 0.9999994913786
2182.00 1.055483342356927 0.9999994908261
2181.00 1.055409380151628 0.9999994902728
2180.00 1.055335223248904 0.9999994897185
2179.00 1.055260870880258 0.9999994891633
2178.00 1.055186322263892 0.9999994886072
2177.00 1.055111576604661 0.9999994880501
2176.00 1.055036633094055 0.9999994874922
2175.00 1.054961490910172 0.9999994869333
2174.00 1.054886149217714 0.9999994863735
2173.00 1.054810607167991 0.9999994858128
2172.00 1.054734863898929 0.9999994852512
2171.00 1.054658918535098 0.9999994846886
2170.00 1.054582770187734 0.9999994841251
2169.00 1.054506417954789 0.9999994835606
2168.00 1.054429860920980 0.9999994829953
2167.00 1.054353098157842 0.9999994824290
2166.00 1.054276128723810 0.9999994818617
2165.00 1.054198951664281 0.9999994812935
2164.00 1.054121566011716 0.9999994807244
2163.00 1.054043970785726 0.9999994801543
2162.00 1.053966164993176 0.9999994795833
2161.00 1.053888147628303 0.9999994790113
2160.00 1.053809917672827 0.9999994784383
2159.00 1.053731474096083 0.9999994778644
2158.00 1.053652815855154 0.9999994772896
2157.00 1.053573941895010 0.9999994767138
2156.00 1.053494851148657 0.9999994761370
2155.00 1.053415542537290 0.9999994755593
2154.00 1.053336014970453 0.9999994749806
2153.00 1.053256267346201 0.9999994744009
2152.00 1.053176298551274 0.9999994738202
2151.00 1.053096107461267 0.9999994732386
2150.00 1.053015692940816 0.9999994726560
2149.00 1.052935053843774 0.9999994720724
2148.00 1.052854189013402 0.9999994714879
2147.00 1.052773097282558 0.9999994709023
2146.00 1.052691777473893 0.9999994703158
2145.00 1.052610228400043 0.9999994697283
2144.00 1.052528448863828 0.9999994691397
2143.00 1.052446437658455 0.9999994685502
2142.00 1.052364193567717 0.9999994679597
2141.00 1.052281715366197 0.9999994673682
2140.00 1.052199001819471 0.9999994667757
2139.00 1.052116051684313 0.9999994661822
2138.00 1.052032863708897 0.9999994655877
2137.00 1.051949436633009 0.9999994649922
2136.00 1.051865769188242 0.9999994643956
2135.00 1.051781860098205 0.9999994637981
2134.00 1.051697708078726 0.9999994631995
2133.00 1.051613311838049 0.9999994626000
2132.00 1.051528670077043 0.9999994619993
2131.00 1.051443781489391 0.9999994613977
2130.00 1.051358644761794 0.9999994607951
2129.00 1.051273258574163 0.9999994601914
2128.00 1.051187621599813 0.9999994595867
2127.00 1.051101732505655 0.9999994589809
2126.00 1.051015589952382 0.9999994583741
2125.00 1.050929192594657 0.9999994577663
2124.00 1.050842539081295 0.9999994571574
2123.00 1.050755628055448 0.9999994565475
2122.00 1.050668458154775 0.9999994559365
2121.00 1.050581028011625 0.9999994553245
2120.00 1.050493336253207 0.9999994547115
2119.00 1.050405381501760 0.9999994540973
2118.00 1.050317162374718 0.9999994534822
2117.00 1.050228677484879 0.9999994528659
2116.00 1.050139925440561 0.9999994522486
2115.00 1.050050904845768 0.9999994516303
2114.00 1.049961614300337 0.9999994510108
2113.00 1.049872052400102 0.9999994503903
2112.00 1.049782217737038 0.9999994497687
2111.00 1.049692108899414 0.9999994491461
2110.00 1.049601724471938 0.9999994485223
2109.00 1.049511063035902 0.9999994478975
2108.00 1.049420123169327 0.9999994472716
2107.00 1.049328903447101 0.9999994466446
2106.00 1.049237402441119 0.9999994460165
2105.00 1.049145618720423 0.9999994453873
2104.00 1.049053550851335 0.9999994447570
2103.00 1.048961197397594 0.9999994441256
2102.00 1.048868556920489 0.9999994434932
2101.00 1.048775627978992 0.9999994428596
2100.00 1.048682409129892 0.9999994422249
2099.00 1.048588898927925 0.9999994415891
2098.00 1.048495095925904 0.9999994409521
2097.00 1.048400998674852 0.9999994403141
2096.00 1.048306605724133 0.9999994396749
2095.00 1.048211915621582 0.9999994390347
2094.00 1.048116926913633 0.9999994383932
2093.00 1.048021638145458 0.9999994377507
2092.00 1.047926047861091 0.9999994371070
2091.00 1.047830154603565 0.9999994364622
2090.00 1.047733956915045 0.9999994358163
2089.00 1.047637453336961 0.9999994351692
2088.00 1.047540642410146 0.9999994345210
2087.00 1.047443522674969 0.9999994338716
2086.00 1.047346092671479 0.9999994332211
2085.00 1.047248350939538 0.9999994325695
2084.00 1.047150296018968 0.9999994319166
2083.00 1.047051926449692 0.9999994312626
2082.00 1.046953240771878 0.9999994306075
2081.00 1.046854237526090 0.9999994299512
2080.00 1.046754915253432 0.9999994292937
2079.00 1.046655272495703 0.9999994286351
2078.00 1.046555307795551 0.9999994279753
2077.00 1.046455019696627 0.9999994273143
2076.00 1.046354406743748 0.9999994266521
2075.00 1.046253467483052 0.9999994259887
2074.00 1.046152200462168 0.9999994253242
2073.00 1.046050604230382 0.9999994246585
2072.00 1.045948677338804 0.9999994239915
2071.00 1.045846418340542 0.9999994233234
2070.00 1.045743825790882 0.9999994226541
2069.00 1.045640898247461 0.9999994219836
2068.00 1.045537634270451 0.9999994213119
2067.00 1.045434032422748 0.9999994206389
2066.00 1.045330091270157 0.9999994199648
2065.00 1.045225809381586 0.9999994192895
2064.00 1.045121185329239 0.9999994186129
2063.00 1.045016217688821 0.9999994179351
2062.00 1.044910905039735 0.9999994172561
2061.00 1.044805245965293 0.9999994165758
2060.00 1.044699239052922 0.9999994158944
2059.00 1.044592882894383 0.9999994152117
2058.00 1.044486176085983 0.9999994145277
2057.00 1.044379117228805 0.9999994138426
2056.00 1.044271704928926 0.9999994131561
2055.00 1.044163937797650 0.9999994124685
2054.00 1.044055814451746 0.9999994117795
2053.00 1.043947333513679 0.9999994110894
2052.00 1.043838493611860 0.9999994103979
2051.00 1.043729293380884 0.9999994097053
2050.00 1.043619731461791 0.9999994090113
2049.00 1.043509806502316 0.9999994083161
2048.00 1.043399517157148 0.9999994076196
2047.00 1.043288862088198 0.9999994069219
2046.00 1.043177839964868 0.9999994062228
2045.00 1.043066449464322 0.9999994055225
2044.00 1.042954689271769 0.9999994048209
2043.00 1.042842558080744 0.9999994041180
2042.00 1.042730054593395 0.9999994034139
2041.00 1.042617177520781 0.9999994027084
2040.00 1.042503925583164 0.9999994020017
2039.00 1.042390297510321 0.9999994012936
2038.00 1.042276292041842 0.9999994005842
2037.00 1.042161907927454 0.9999993998736
2036.00 1.042047143927334 0.9999993991616
2035.00 1.041931998812436 0.9999993984483
2034.00 1.041816471364818 0.9999993977337
2033.00 1.041700560377980 0.9999993970178
2032.00 1.041584264657207 0.9999993963005
2031.00 1.041467583019909 0.9999993955820
2030.00 1.041350514295979 0.9999993948620
2029.00 1.041233057328148 0.9999993941408
2028.00 1.041115210972351 0.9999993934182
2027.00 1.040996974098096 0.9999993926943
2026.00 1.040878345588838 0.9999993919690
2025.00 1.040759324342361 0.9999993912424
2024.00 1.040639909271170 0.9999993905145
2023.00 1.040520099302879 0.9999993897851
2022.00 1.040399893380616 0.9999993890545
2021.00 1.040279290463429 0.9999993883224
2020.00 1.040158289526695 0.9999993875890
2019.00 1.040036889562545 0.9999993868543
2018.00 1.039915089580288 0.9999993861181
2017.00 1.039792888606839 0.9999993853806
2016.00 1.039670285687170 0.9999993846417
2015.00 1.039547279884744 0.9999993839014
2014.00 1.039423870281975 0.9999993831597
2013.00 1.039300055980684 0.9999993824167
2012.00 1.039175836102571 0.9999993816722
2011.00 1.039051209789684 0.9999993809264
2010.00 1.038926176204903 0.9999993801791
2009.00 1.038800734532427 0.9999993794304
2008.00 1.038674883978272 0.9999993786804
2007.00 1.038548623770768 0.9999993779289
2006.00 1.038421953161077 0.9999993771760
2005.00 1.038294871423707 0.9999993764217
2004.00 1.038167377857037 0.9999993756659
2003.00 1.038039471783851 0.9999993749088
2002.00 1.037911152551880 0.9999993741502
2001.00 1.037782419534347 0.9999993733902
2000.00 1.037653272130527 0.9999993726287
1999.00 1.037523709766310 0.9999993718658
1998.00 1.037393731894773 0.9999993711014
1997.00 1.037263337996759 0.9999993703356
1996.00 1.037132527581470 0.9999993695684
1995.00 1.037001300187058 0.9999993687997
1994.00 1.036869655381233 0.9999993680295
1993.00 1.036737592761876 0.9999993672579
1992.00 1.036605111957657 0.9999993664848
1991.00 1.036472212628672 0.9999993657102
1990.00 1.036338894467075 0.9999993649342
1989.00 1.036205157197725 0.9999993641567
1988.00 1.036071000578845 0.9999993633777
1987.00 1.035936424402685 0.9999993625972
1986.00 1.035801428496193 0.9999993618152
1985.00 1.035666012721699 0.9999993610318
1984.00 1.035530176977602 0.9999993602468
1983.00 1.035393921199073 0.9999993594603
1982.00 1.035257245358759 0.9999993586724
1981.00 1.035120149467505 0.9999993578829
1980.00 1.034982633575076 0.9999993570919
1979.00 1.034844697770890 0.9999993562994
1978.00 1.034706342184769 0.9999993555054
1977.00 1.034567566987686 0.9999993547099
1976.00 1.034428372392529 0.9999993539129
1975.00 1.034288758654874 0.9999993531143
1974.00 1.034148726073762 0.9999993523142
1973.00 1.034008274992490 0.9999993515125
1972.00 1.033867405799413 0.9999993507093
1971.00 1.033726118928748 0.9999993499046
1970.00 1.033584414861392 0.9999993490983
1969.00 1.033442294125749 0.9999993482905
1968.00 1.033299757298567 0.9999993474811
1967.00 1.033156805005780 0.9999993466701
1966.00 1.033013437923368 0.9999993458576
1965.00 1.032869656778212 0.9999993450436
1964.00 1.032725462348975 0.9999993442279
1963.00 1.032580855466976 0.9999993434107
1962.00 1.032435837017091 0.9999993425919
1961.00 1.032290407938642 0.9999993417716
1960.00 1.032144569226316 0.9999993409496
1959.00 1.031998321931076 0.9999993401261
1958.00 1.031851667161096 0.9999993393010
1957.00 1.031704606082663 0.9999993384743
1956.00 1.031557139921206 0.9999993376460
1955.00 1.031409269962173 0.9999993368161
1954.00 1.031260997552018 0.9999993359845
1953.00 1.031112324099174 0.9999993351514
1952.00 1.030963251075032 0.9999993343167
1951.00 1.030813780014932 0.9999993334803
1950.00 1.030663912519160 0.9999993326424
1949.00 1.030513650253954 0.9999993318028
1948.00 1.030362994952521 0.9999993309616
1947.00 1.030211948416052 0.9999993301187
1946.00 1.030060512514764 0.9999993292743
1945.00 1.029908689188928 0.9999993284282
1944.00 1.029756480449922 0.9999993275804
1943.00 1.029603888381285 0.9999993267311
1942.00 1.029450915139771 0.9999993258800
1941.00 1.029297562956428 0.9999993250274
1940.00 1.029143834137666 0.9999993241730
1939.00 1.028989731066346 0.9999993233170
1938.00 1.028835256202864 0.9999993224594
1937.00 1.028680412086248 0.9999993216001
1936.00 1.028525201335266 0.9999993207391
1935.00 1.028369626649526 0.9999993198765
1934.00 1.028213690810599 0.9999993190122
1933.00 1.028057396683130 0.9999993181462
1932.00 1.027900747215970 0.9999993172786
1931.00 1.027743745443304 0.9999993164093
1930.00 1.027586394485784 0.9999993155382
1929.00 1.027428697551669 0.9999993146655
1928.00 1.027270657937972 0.9999993137911
1927.00 1.027112279031601 0.9999993129151
1926.00 1.026953564310514 0.9999993120373
1925.00 1.026794517344869 0.9999993111578
1924.00 1.026635141798185 0.9999993102766
1923.00 1.026475441428495 0.9999993093937
1922.00 1.026315420089510 0.9999993085092
1921.00 1.026155081731780 0.9999993076229
1920.00 1.025994430403851 0.9999993067348
1919.00 1.025833470253436 0.9999993058451
1918.00 1.025672205528575 0.9999993049537
1917.00 1.025510640578791 0.9999993040605
1916.00 1.025348779856264 0.9999993031656
1915.00 1.025186627916979 0.9999993022690
1914.00 1.025024189421889 0.9999993013706
1913.00 1.024861469138071 0.9999993004706
1912.00 1.024698471939871 0.9999992995688
1911.00 1.024535202810058 0.9999992986652
1910.00 1.024371666840962 0.9999992977599
1909.00 1.024207869235616 0.9999992968529
1908.00 1.024043815308884 0.9999992959441
1907.00 1.023879510488588 0.9999992950336
1906.00 1.023714960316620 0.9999992941213
1905.00 1.023550170450057 0.9999992932073
1904.00 1.023385146662256 0.9999992922915
1903.00 1.023219894843950 0.9999992913740
1902.00 1.023054421004322 0.9999992904547
1901.00 1.022888731272072 0.9999992895337
1900.00 1.022722831896476 0.9999992886109
1899.00 1.022556729248422 0.9999992876863
1898.00 1.022390429821446 0.9999992867599
1897.00 1.022223940232738 0.9999992858318
1896.00 1.022057267224135 0.9999992849020
1895.00 1.021890417663103 0.9999992839703
1894.00 1.021723398543696 0.9999992830369
1893.00 1.021556216987496 0.9999992821017
1892.00 1.021388880244531 0.9999992811647
1891.00 1.021221395694173 0.9999992802259
1890.00 1.021053770846007 0.9999992792854
1889.00 1.020886013340690 0.9999992783431
1888.00 1.020718130950766 0.9999992773990
1887.00 1.020550131581467 0.9999992764531
1886.00 1.020382023271480 0.9999992755054
1885.00 1.020213814193683 0.9999992745560
1884.00 1.020045512655861 0.9999992736047
1883.00 1.019877127101372 0.9999992726517
1882.00 1.019708666109789 0.9999992716968
1881.00 1.019540138397509 0.9999992707402
1880.00 1.019371552818320 0.9999992697818
1879.00 1.019202918363930 0.9999992688216
1878.00 1.019034244164448 0.9999992678596
1877.00 1.018865539488844 0.9999992668958
1876.00 1.018696813745342 0.9999992659302
1875.00 1.018528076481784 0.9999992649628
1874.00 1.018359337385930 0.9999992639936
1873.00 1.018190606285728 0.9999992630226
1872.00 1.018021893149520 0.9999992620498
1871.00 1.017853208086198 0.9999992610752
1870.00 1.017684561345304 0.9999992600988
1869.00 1.017515963317080 0.9999992591205
1868.00 1.017347424532446 0.9999992581405
1867.00 1.017178955662926 0.9999992571587
1866.00 1.017010567520517 0.9999992561751
1865.00 1.016842271057477 0.9999992551897
1864.00 1.016674077366049 0.9999992542025
1863.00 1.016505997678132 0.9999992532135
1862.00 1.016338043364860 0.9999992522227
1861.00 1.016170225936109 0.9999992512300
1860.00 1.016002557039943 0.9999992502356
1859.00 1.015835048461963 0.9999992492394
1858.00 1.015667712124582 0.9999992482413
1857.00 1.015500560086216 0.9999992472415
1856.00 1.015333604540394 0.9999992462399
1855.00 1.015166857814759 0.9999992452365
1854.00 1.015000332370004 0.9999992442312
1853.00 1.014834040798699 0.9999992432242
1852.00 1.014667995824017 0.9999992422154
1851.00 1.014502210298372 0.9999992412047
1850.00 1.014336697201951 0.9999992401923
1849.00 1.014171469641133 0.9999992391781
1848.00 1.014006540846816 0.9999992381621
1847.00 1.013841924172617 0.9999992371443
1846.00 1.013677633092972 0.9999992361247
1845.00 1.013513681201114 0.9999992351033
1844.00 1.013350082206930 0.9999992340801
1843.00 1.013186849934703 0.9999992330551
1842.00 1.013023998320726 0.9999992320284
1841.00 1.012861541410787 0.9999992309999
1840.00 1.012699493357529 0.9999992299695
1839.00 1.012537868417671 0.9999992289374
1838.00 1.012376680949101 0.9999992279035
1837.00 1.012215945407822 0.9999992268679
1836.00 1.012055676344762 0.9999992258304
1835.00 1.011895888402440 0.9999992247912
1834.00 1.011736596311482 0.9999992237502
1833.00 1.011577814886990 0.9999992227075
1832.00 1.011419559024762 0.9999992216629
1831.00 1.011261843697342 0.9999992206166
1830.00 1.011104683949935 0.9999992195686
1829.00 1.010948094896142 0.9999992185188
1828.00 1.010792091713545 0.9999992174672
1827.00 1.010636689639117 0.9999992164138
1826.00 1.010481903964474 0.9999992153587
1825.00 1.010327750030947 0.9999992143019
1824.00 1.010174243224490 0.9999992132433
1823.00 1.010021398970408 0.9999992121829
1822.00 1.009869232727913 0.9999992111208
1821.00 1.009717759984494 0.9999992100570
1820.00 1.009566996250120 0.9999992089914
1819.00 1.009416957051240 0.9999992079241
1818.00 1.009267657924622 0.9999992068550
1817.00 1.009119114410991 0.9999992057842
1816.00 1.008971342048487 0.9999992047117
1815.00 1.008824356365932 0.9999992036375
1814.00 1.008678172875912 0.9999992025615
1813.00 1.008532807067664 0.9999992014838
1812.00 1.008388274399783 0.9999992004044
1811.00 1.008244590292722 0.9999991993233
1810.00 1.008101770121116 0.9999991982405
1809.00 1.007959829205911 0.9999991971559
1808.00 1.007818782806298 0.9999991960697
1807.00 1.007678646111462 0.9999991949817
1806.00 1.007539434232140 0.9999991938920
1805.00 1.007401162191988 0.9999991928007
1804.00 1.007263844918772 0.9999991917076
1803.00 1.007127497235355 0.9999991906129
1802.00 1.006992133850524 0.9999991895164
1801.00 1.006857769349609 0.9999991884183
1800.00 1.006724418184962 0.9999991873185
1799.00 1.006592094666208 0.9999991862170
1798.00 1.006460812950388 0.9999991851139
1797.00 1.006330587031866 0.9999991840090
1796.00 1.006201430732143 0.9999991829025
1795.00 1.006073357689444 0.9999991817943
1794.00 1.005946381348205 0.9999991806845
1793.00 1.005820514948386 0.9999991795729
1792.00 1.005695771514636 0.9999991784597
1791.00 1.005572163845353 0.9999991773449
1790.00 1.005449704501567 0.9999991762284
1789.00 1.005328405795764 0.9999991751102
1788.00 1.005208279780527 0.9999991739904
1787.00 1.005089338237138 0.9999991728689
1786.00 1.004971592664041 0.9999991717458
1785.00 1.004855054265223 0.9999991706210
1784.00 1.004739733938569 0.9999991694946
1783.00 1.004625642264054 0.9999991683665
1782.00 1.004512789491995 0.9999991672368
1781.00 1.004401185531182 0.9999991661054
1780.00 1.004290839936999 0.9999991649724
1779.00 1.004181761899575 0.9999991638378
1778.00 1.004073960231840 0.9999991627015
1777.00 1.003967443357699 0.9999991615636
1776.00 1.003862219300168 0.9999991604240
1775.00 1.003758295669554 0.9999991592828
1774.00 1.003655679651750 0.9999991581400
1773.00 1.003554377996534 0.9999991569955
1772.00 1.003454397006013 0.9999991558494
1771.00 1.003355742523190 0.9999991547016
1770.00 1.003258419920584 0.9999991535522
1769.00 1.003162434089105 0.9999991524012
1768.00 1.003067789427050 0.9999991512485
1767.00 1.002974489829244 0.9999991500941
1766.00 1.002882538676493 0.9999991489382
1765.00 1.002791938825214 0.9999991477805
1764.00 1.002702692597284 0.9999991466213
1763.00 1.002614801770252 0.9999991454604
1762.00 1.002528267567816 0.9999991442978
1761.00 1.002443090650565 0.9999991431336
1760.00 1.002359271107173 0.9999991419677
1759.00 1.002276808445913 0.9999991408001
1758.00 1.002195701586519 0.9999991396309
1757.00 1.002115948852561 0.9999991384600
1756.00 1.002037547964215 0.9999991372874
1755.00 1.001960496031478 0.9999991361132
1754.00 1.001884789547917 0.9999991349373
1753.00 1.001810424384930 0.9999991337597
1752.00 1.001737395786535 0.9999991325804
1751.00 1.001665698364692 0.9999991313994
1750.00 1.001595326095292 0.9999991302167
1749.00 1.001526272314705 0.9999991290322
1748.00 1.001458529716944 0.9999991278461
1747.00 1.001392090351528 0.9999991266583
1746.00 1.001326945622009 0.9999991254687
1745.00 1.001263086285202 0.9999991242773
1744.00 1.001200502451091 0.9999991230843
1743.00 1.001139183583535 0.9999991218894
1742.00 1.001079118501690 0.9999991206928
1741.00 1.001020295382224 0.9999991194945
1740.00 1.000962701762274 0.9999991182943
1739.00 1.000906324543256 0.9999991170924
1738.00 1.000851149995462 0.9999991158887
1737.00 1.000797163763491 0.9999991146831
1736.00 1.000744350872481 0.9999991134758
1735.00 1.000692695735214 0.9999991122666
1734.00 1.000642182160051 0.9999991110555
1733.00 1.000592793359719 0.9999991098426
1732.00 1.000544511960938 0.9999991086278
1731.00 1.000497320014881 0.9999991074112
1730.00 1.000451199008502 0.9999991061927
1729.00 1.000406129876690 0.9999991049722
1728.00 1.000362093015233 0.9999991037499
1727.00 1.000319068294621 0.9999991025256
1726.00 1.000277035074616 0.9999991012994
1725.00 1.000235972219635 0.9999991000712
1724.00 1.000195858114880 0.9999990988410
1723.00 1.000156670683210 0.9999990976089
1722.00 1.000118387402721 0.9999990963747
1721.00 1.000080985325019 0.9999990951385
1720.00 1.000044441094129 0.9999990939003
1719.00 1.000008730966041 0.9999990926601
1718.00 0.999973830828823 0.9999990914178
1717.00 0.999939716223275 0.9999990901734
1716.00 0.999906362364081 0.9999990889269
1715.00 0.999873744161406 0.9999990876783
1714.00 0.999841836242894 0.9999990864275
1713.00 0.999810612976015 0.9999990851746
1712.00 0.999780048490713 0.9999990839196
1711.00 0.999750116702279 0.9999990826624
1710.00 0.999720791334414 0.9999990814029
1709.00 0.999692045942411 0.9999990801413
1708.00 0.999663853936385 0.9999990788774
1707.00 0.999636188604507 0.9999990776112
1706.00 0.999609023136158 0.9999990763428
1705.00 0.999582330644944 0.9999990750721
1704.00 0.999556084191511 0.9999990737991
1703.00 0.999530256806078 0.9999990725237
1702.00 0.999504821510629 0.9999990712461
1701.00 0.999479751340697 0.9999990699660
1700.00 0.999455093838143 0.9999990686836
1699.00 0.999430721216139 0.9999990673988
1698.00 0.999406601939638 0.9999990661115
1697.00 0.999382734244763 0.9999990648218
1696.00 0.999359096509964 0.9999990635296
1695.00 0.999335663452804 0.9999990622350
1694.00 0.999312409102381 0.9999990609378
1693.00 0.999289307414390 0.9999990596382
1692.00 0.999266332489852 0.9999990583360
1691.00 0.999243458610246 0.9999990570312
1690.00 0.999220660252808 0.9999990557239
1689.00 0.999197912108599 0.9999990544140
1688.00 0.999175189104975 0.9999990531014
1687.00 0.999152466409272 0.9999990517863
1686.00 0.999129719434802 0.9999990504684
1685.00 0.999106923850930 0.9999990491479
1684.00 0.999084055591454 0.9999990478248
1683.00 0.999061090857340 0.9999990464989
1682.00 0.999038006117583 0.9999990451702
1681.00 0.999014778112931 0.9999990438389
1680.00 0.998991383857766 0.9999990425048
1679.00 0.998967800639505 0.9999990411678
1678.00 0.998944006013151 0.9999990398281
1677.00 0.998919977799143 0.9999990384856
1676.00 0.998895694081382 0.9999990371402
1675.00 0.998871133199640 0.9999990357920
1674.00 0.998846273740880 0.9999990344409
1673.00 0.998821094530831 0.9999990330869
1672.00 0.998795574627567 0.9999990317300
1671.00 0.998769693310000 0.9999990303701
1670.00 0.998743430062680 0.9999990290073
1669.00 0.998716764560358 0.9999990276415
1668.00 0.998689676664244 0.9999990262728
1667.00 0.998662146400783 0.9999990249010
1666.00 0.998634153948349 0.9999990235262
1665.00 0.998605679615559 0.9999990221484
1664.00 0.998576703828132 0.9999990207675
1663.00 0.998547207111785 0.9999990193836
1662.00 0.998517170071905 0.9999990179965
1661.00 0.998486573373212 0.9999990166063
1660.00 0.998455397719866 0.9999990152130
1659.00 0.998423623837681 0.9999990138165
1658.00 0.998391232452035 0.9999990124169
1657.00 0.998358204269136 0.9999990110141
1656.00 0.998324519947798 0.9999990096080
1655.00 0.998290160084558 0.9999990081988
1654.00 0.998255105191077 0.9999990067862
1653.00 0.998219335670467 0.9999990053705
1652.00 0.998182831798661 0.9999990039514
1651.00 0.998145573694710 0.9999990025290
1650.00 0.998107541307088 0.9999990011033
1649.00 0.998068714390056 0.9999989996742
1648.00 0.998028496557383 0.9999989982415
1647.00 0.997987914276492 0.9999989968056
1646.00 0.997946620907123 0.9999989953664
1645.00 0.997904479849044 0.9999989939238
1644.00 0.997861441756364 0.9999989924777
1643.00 0.997817476974658 0.9999989910282
1642.00 0.997772561121383 0.9999989895751
1641.00 0.997726671722490 0.9999989881185
1640.00 0.997679786392327 0.9999989866584
1639.00 0.997631882460029 0.9999989851947
1638.00 0.997582936771417 0.9999989837275
1637.00 0.997532925819525 0.9999989822566
1636.00 0.997481825507280 0.9999989807821
1635.00 0.997429611178946 0.9999989793039
1634.00 0.997376257652769 0.9999989778220
1633.00 0.997321739184032 0.9999989763364
1632.00 0.997266029442136 0.9999989748471
1631.00 0.997209101456003 0.9999989733541
1630.00 0.997150927684382 0.9999989718572
1629.00 0.997091479958840 0.9999989703565
1628.00 0.997030729482022 0.9999989688520
1627.00 0.996968646760639 0.9999989673436
1626.00 0.996905201688507 0.9999989658314
1625.00 0.996840363461965 0.9999989643152
1624.00 0.996774100593619 0.9999989627950
1623.00 0.996706380861185 0.9999989612709
1622.00 0.996637171360758 0.9999989597427
1621.00 0.996566438454730 0.9999989582105
1620.00 0.996494147751686 0.9999989566742
1619.00 0.996420264043943 0.9999989551338
1618.00 0.996344751393239 0.9999989535893
1617.00 0.996267573116144 0.9999989520406
1616.00 0.996188691716686 0.9999989504877
1615.00 0.996108068766798 0.9999989489305
1614.00 0.996025665150161 0.9999989473691
1613.00 0.995941441304967 0.9999989458033
1612.00 0.995855356450088 0.9999989442332
1611.00 0.995767369500277 0.9999989426588
1610.00 0.995677435689993 0.9999989410798
1609.00 0.995585511456956 0.9999989394965
1608.00 0.995491552650333 0.9999989379086
1607.00 0.995395514049412 0.9999989363162
1606.00 0.995297349325047 0.9999989347191
1605.00 0.995197011189441 0.9999989331175
1604.00 0.995094451357311 0.9999989315112
1603.00 0.994989620534928 0.9999989299002
1602.00 0.994882468439087 0.9999989282844
1601.00 0.994772943697169 0.9999989266638
1600.00 0.994660993978490 0.9999989250384
1599.00 0.994546565932397 0.9999989234081
1598.00 0.994429605151662 0.9999989217728
1597.00 0.994310056182307 0.9999989201326
1596.00 0.994187862496930 0.9999989184873
1595.00 0.994062966520308 0.9999989168369
1594.00 0.993935309631911 0.9999989151814
1593.00 0.993804832150329 0.9999989135207
1592.00 0.993671473260375 0.9999989118547
1591.00 0.993535171108945 0.9999989101834
1590.00 0.993395862833437 0.9999989085068
1589.00 0.993253484433893 0.9999989068248
1588.00 0.993107970921471 0.9999989051373
1587.00 0.992959256206042 0.9999989034443
1586.00 0.992807273198133 0.9999989017457
1585.00 0.992651953862621 0.9999989000415
1584.00 0.992493229114104 0.9999988983315
1583.00 0.992331028926652 0.9999988966158
1582.00 0.992165282289332 0.9999988948942
1581.00 0.991995917289694 0.9999988931668
1580.00 0.991822861284226 0.9999988914334
1579.00 0.991646040765669 0.9999988896940
1578.00 0.991465381460496 0.9999988879485
1577.00 0.991280808545075 0.9999988861968
1576.00 0.991092246383606 0.9999988844389
1575.00 0.990899618915298 0.9999988826748
1574.00 0.990702849711913 0.9999988809042
1573.00 0.990501861978847 0.9999988791272
1572.00 0.990296578752456 0.9999988773438
1571.00 0.990086923091260 0.9999988755537
1570.00 0.989872818101882 0.9999988737570
1569.00 0.989654187135281 0.9999988719536
1568.00 0.989430954480148 0.9999988701434
1567.00 0.989203044696218 0.9999988683263
1566.00 0.988970382910669 0.9999988665023
1565.00 0.988732897615916 0.9999988646712
1564.00 0.988490519055878 0.9999988628331
1563.00 0.988243173897846 0.9999988609879
1562.00 0.987990796329637 0.9999988591354
1561.00 0.987729909564349 0.9999988572735
1560.00 0.987448216214728 0.9999988553949
1559.00 0.987166982998645 0.9999988535122
1558.00 0.986882659708264 0.9999988516232
1557.00 0.986594165738697 0.9999988497274
1556.00 0.986300736716757 0.9999988478243
1555.00 0.986001870676416 0.9999988459134
1554.00 0.985697213512304 0.9999988439945
1553.00 0.985386494317004 0.9999988420675
1552.00 0.985069495526780 0.9999988401321
1551.00 0.984746032029070 0.9999988381883
1550.00 0.984415938964673 0.9999988362358
1549.00 0.984079064194432 0.9999988342745
1548.00 0.983735264566330 0.9999988323043
1547.00 0.983384402889065 0.9999988303251
1546.00 0.983026344591490 0.9999988283368
1545.00 0.982660957612537 0.9999988263391
1544.00 0.982288111615461 0.9999988243321
1543.00 0.981907677212912 0.9999988223155
1542.00 0.981519525129246 0.9999988202893
1541.00 0.981123526553036 0.9999988182533
1540.00 0.980719553080514 0.9999988162073
1539.00 0.980307476222069 0.9999988141513
1538.00 0.979887167060525 0.9999988120851
1537.00 0.979458496505268 0.9999988100086
1536.00 0.979021335670561 0.9999988079216
1535.00 0.978575555050629 0.9999988058240
1534.00 0.978121024596141 0.9999988037157
1533.00 0.977657615418399 0.9999988015965
1532.00 0.977185199410848 0.9999987994662
1531.00 0.976703648205763 0.9999987973249
1530.00 0.976212833473182 0.9999987951722
1529.00 0.975712626737680 0.9999987930080
1528.00 0.975202899853678 0.9999987908323
1527.00 0.974683525003015 0.9999987886448
1526.00 0.974154374926647 0.9999987864455
1525.00 0.973615322941439 0.9999987842340
1524.00 0.973066243264559 0.9999987820104
1523.00 0.972507010641930 0.9999987797744
1522.00 0.971937500698451 0.9999987775260
1521.00 0.971357589587286 0.9999987752648
1520.00 0.970767154164444 0.9999987729908
1519.00 0.970166072629445 0.9999987707039
1518.00 0.969554224082265 0.9999987684038
1517.00 0.968931489040579 0.9999987660904
1516.00 0.968297749555033 0.9999987637636
1515.00 0.967652888680117 0.9999987614231
1514.00 0.966996790275157 0.9999987590689
1513.00 0.966329340279212 0.9999987567007
1512.00 0.965650425909300 0.9999987543183
1511.00 0.964959936121099 0.9999987519217
1510.00 0.964257761669769 0.9999987495107
1509.00 0.963543794777548 0.9999987470850
1508.00 0.962817929790516 0.9999987446445
1507.00 0.962080062206160 0.9999987421891
1506.00 0.961330089615096 0.9999987397186
1505.00 0.960567912498268 0.9999987372327
1504.00 0.959793432832427 0.9999987347314
1503.00 0.959006554341760 0.9999987322144
1502.00 0.958207183072752 0.9999987296816
1501.00 0.957395227830921 0.9999987271329
1500.00 0.956570599569088 0.9999987245679
1499.00 0.955733210015753 0.9999987219866
1498.00 0.954882974216226 0.9999987193888
1497.00 0.954019810260634 0.9999987167743
1496.00 0.953143638881207 0.9999987141428
1495.00 0.952254382702823 0.9999987114944
1494.00 0.951351966244034 0.9999987088287
1493.00 0.950436317142348 0.9999987061455
1492.00 0.949507365662676 0.9999987034448
1491.00 0.948565043828457 0.9999987007263
1490.00 0.947609286849285 0.9999986979898
1489.00 0.946640032424780 0.9999986952352
1488.00 0.945657221599869 0.9999986924622
1487.00 0.944660797283794 0.9999986896708
1486.00 0.943650705390115 0.9999986868606
1485.00 0.942626895086939 0.9999986840315
1484.00 0.941589315535579 0.9999986811834
1483.00 0.940537918654948 0.9999986783160
1482.00 0.939472662234409 0.9999986754291
1481.00 0.938393501866926 0.9999986725226
1480.00 0.937300398108563 0.9999986695963
1479.00 0.936193320527495 0.9999986666500
1478.00 0.935072239723320 0.9999986636834
1477.00 0.933937128595174 0.9999986606965
1476.00 0.932787961884928 0.9999986576889
1475.00 0.931624715982596 0.9999986546606
1474.00 0.930447369450820 0.9999986516113
1473.00 0.929255904227323 0.9999986485409
1472.00 0.928050304156247 0.9999986454490
1471.00 0.926830555682227 0.9999986423357
1470.00 0.925596648911472 0.9999986392005
1469.00 0.924348577250270 0.9999986360435
1468.00 0.923086337269242 0.9999986328642
1467.00 0.921809926460828 0.9999986296627
1466.00 0.920519344258776 0.9999986264385
1465.00 0.919214593845720 0.9999986231917
1464.00 0.917895680717384 0.9999986199219
1463.00 0.916562612507784 0.9999986166289
1462.00 0.915215399872612 0.9999986133126
1461.00 0.913854056112849 0.9999986099727
1460.00 0.912478597667639 0.9999986066091
1459.00 0.911089043837714 0.9999986032215
1458.00 0.909685415200737 0.9999985998097
1457.00 0.908267734494200 0.9999985963735
1456.00 0.906836026944461 0.9999985929127
1455.00 0.905390319341285 0.9999985894272
1454.00 0.903930641641841 0.9999985859166
1453.00 0.902457026778997 0.9999985823808
1452.00 0.900969510202481 0.9999985788195
1451.00 0.899468129679932 0.9999985752326
1450.00 0.897952924857621 0.9999985716198
1449.00 0.896423936327705 0.9999985679809
1448.00 0.894881207043134 0.9999985643157
1447.00 0.893324782173969 0.9999985606240
1446.00 0.891754709816779 0.9999985569055
1445.00 0.890171040373212 0.9999985531601
1444.00 0.888573826206824 0.9999985493874
1443.00 0.886963121720667 0.9999985455873
1442.00 0.885338982974809 0.9999985417596
1441.00 0.883701467191344 0.9999985379039
1440.00 0.882050633664188 0.9999985340202
1439.00 0.880386546151494 0.9999985301081
1438.00 0.878709272105692 0.9999985261674
1437.00 0.877018885173053 0.9999985221979
1436.00 0.875315468917193 0.9999985181994
1435.00 0.873599102343930 0.9999985141717
1434.00 0.871869843618289 0.9999985101144
1433.00 0.870127745416750 0.9999985060274
1432.00 0.868372870130049 0.9999985019104
1431.00 0.866605288892765 0.9999984977630
1430.00 0.864825078283055 0.9999984935852
1429.00 0.863032316519399 0.9999984893766
1428.00 0.861227080480311 0.9999984851370
1427.00 0.859409448327836 0.9999984808660
1426.00 0.857579503055919 0.9999984765636
1425.00 0.855737330206295 0.9999984722294
1424.00 0.853883016405123 0.9999984678631
1423.00 0.852016648545428 0.9999984634645
1422.00 0.850138313543594 0.9999984590333
1421.00 0.848248098197867 0.9999984545692
1420.00 0.846346089353240 0.9999984500721
1419.00 0.844432378306282 0.9999984455415
1418.00 0.842507059692210 0.9999984409773
1417.00 0.840570227955066 0.9999984363791
1416.00 0.838621977856223 0.9999984317467
1415.00 0.836662405189479 0.9999984270798
1414.00 0.834691605601010 0.9999984223782
1413.00 0.832709672226128 0.9999984176414
1412.00 0.830716701819895 0.9999984128693
1411.00 0.828712795279291 0.9999984080615
1410.00 0.826698054306469 0.9999984032178
1409.00 0.824672580478211 0.9999983983378
1408.00 0.822636475989275 0.9999983934212
1407.00 0.820589843508737 0.9999983884678
1406.00 0.818532784518113 0.9999983834773
1405.00 0.816465400224989 0.9999983784493
1404.00 0.814387794092677 0.9999983733834
1403.00 0.812300072407579 0.9999983682795
1402.00 0.810202342385690 0.9999983631372
1401.00 0.808094711230885 0.9999983579561
1400.00 0.805977286579894 0.9999983527360
1399.00 0.803850176210515 0.9999983474764
1398.00 0.801713486262876 0.9999983421772
1397.00 0.799567322869595 0.9999983368378
1396.00 0.797411795509458 0.9999983314581
1395.00 0.795247016311281 0.9999983260376
1394.00 0.793073098300150 0.9999983205760
1393.00 0.790890155835289 0.9999983150731
1392.00 0.788698297275148 0.9999983095283
1391.00 0.786497622395811 0.9999983039414
1390.00 0.784288235432645 0.9999982983119
1389.00 0.782070248722346 0.9999982926396
1388.00 0.779843778377077 0.9999982869240
1387.00 0.777608939756397 0.9999982811648
1386.00 0.775365847196056 0.9999982753616
1385.00 0.773114613720957 0.9999982695141
1384.00 0.770855351351819 0.9999982636218
1383.00 0.768588172863588 0.9999982576843
1382.00 0.766313189644698 0.9999982517013
1381.00 0.764030512322208 0.9999982456724
1380.00 0.761740254238731 0.9999982395972
1379.00 0.759442529767014 0.9999982334752
1378.00 0.757137452793857 0.9999982273060
1377.00 0.754825136791377 0.9999982210893
1376.00 0.752505695363140 0.9999982148246
1375.00 0.750179241752312 0.9999982085115
1374.00 0.747845887374576 0.9999982021496
1373.00 0.745505743058440 0.9999981957383
1372.00 0.743158921598717 0.9999981892774
1371.00 0.740805537062772 0.9999981827663
1370.00 0.738445703135253 0.9999981762046
1369.00 0.736079532953771 0.9999981695919
1368.00 0.733707139617255 0.9999981629276
1367.00 0.731328636172451 0.9999981562114
1366.00 0.728944133974334 0.9999981494427
1365.00 0.726553742776032 0.9999981426210
1364.00 0.724157572504918 0.9999981357460
1363.00 0.721755735662095 0.9999981288170
1362.00 0.719348344722430 0.9999981218337
1361.00 0.716935511408677 0.9999981147954
1360.00 0.714517346800983 0.9999981077018
1359.00 0.712093961540912 0.9999981005523
1358.00 0.709665465847776 0.9999980933464
1357.00 0.707231968518245 0.9999980860835
1356.00 0.704793577350428 0.9999980787631
1355.00 0.702350402142861 0.9999980713847
1354.00 0.699902552502387 0.9999980639478
1353.00 0.697450137587677 0.9999980564518
1352.00 0.694993266217541 0.9999980488961
1351.00 0.692532046587646 0.9999980412802
1350.00 0.690066586443198 0.9999980336035
1349.00 0.687596992668302 0.9999980258655
1348.00 0.685123370349933 0.9999980180655
1347.00 0.682645824728569 0.9999980102030
1346.00 0.680164462568135 0.9999980022774
1345.00 0.677679390418488 0.9999979942880
1344.00 0.675190713917349 0.9999979862343
1343.00 0.672698537542875 0.9999979781156
1342.00 0.670202965904383 0.9999979699313
1341.00 0.667704103413196 0.9999979616808
1340.00 0.665202052891407 0.9999979533635
1339.00 0.662696915017769 0.9999979449786
1338.00 0.660188791374731 0.9999979365255
1337.00 0.657677784658125 0.9999979280036
1336.00 0.655163997030619 0.9999979194122
1335.00 0.652647529788823 0.9999979107505
1334.00 0.650128483479729 0.9999979020179
1333.00 0.647606958105490 0.9999978932138
1332.00 0.645083052996984 0.9999978843373
1331.00 0.642556866310067 0.9999978753878
1330.00 0.640028494651819 0.9999978663645
1329.00 0.637498035097590 0.9999978572667
1328.00 0.634965585218697 0.9999978480937
1327.00 0.632431242068794 0.9999978388446
1326.00 0.629895101864110 0.9999978295188
1325.00 0.627357258336341 0.9999978201154
1324.00 0.624817805244483 0.9999978106336
1323.00 0.622276835255342 0.9999978010727
1322.00 0.619734438679077 0.9999977914318
1321.00 0.617190702430481 0.9999977817101
1320.00 0.614645709695797 0.9999977719067
1319.00 0.612099542616962 0.9999977620208
1318.00 0.609552288364006 0.9999977520515
1317.00 0.607004041981248 0.9999977419979
1316.00 0.604454902583300 0.9999977318592
1315.00 0.601904968548619 0.9999977216346
1314.00 0.599354335600077 0.9999977113231
1313.00 0.596803095999164 0.9999977009238
1312.00 0.594251339160581 0.9999976904358
1311.00 0.591699153336118 0.9999976798582
1310.00 0.589146627100743 0.9999976691900
1309.00 0.586593848341275 0.9999976584303
1308.00 0.584040903957253 0.9999976475782
1307.00 0.581487880020317 0.9999976366325
1306.00 0.578934861885653 0.9999976255923
1305.00 0.576381934249181 0.9999976144567
1304.00 0.573829181140127 0.9999976032245
1303.00 0.571276685536201 0.9999975918947
1302.00 0.568724529219928 0.9999975804664
1301.00 0.566172794643604 0.9999975689383
1300.00 0.563621564265221 0.9999975573095
1299.00 0.561070919053733 0.9999975455788
1298.00 0.558520940060261 0.9999975337450
1297.00 0.555971707712336 0.9999975218072
1296.00 0.553423301735878 0.9999975097642
1295.00 0.550875801254444 0.9999974976147
1294.00 0.548329284721541 0.9999974853576
1293.00 0.545783829430190 0.9999974729917
1292.00 0.543239512077065 0.9999974605158
1291.00 0.540696409916987 0.9999974479286
1290.00 0.538154599876458 0.9999974352290
1289.00 0.535614158197698 0.9999974224157
1288.00 0.533075160669993 0.9999974094874
1287.00 0.530537682436120 0.9999973964427
1286.00 0.528001797758246 0.9999973832804
1285.00 0.525467580505324 0.9999973699992
1284.00 0.522935103956351 0.9999973565977
1283.00 0.520404440307775 0.9999973430745
1282.00 0.517875661508328 0.9999973294283
1281.00 0.515348839895549 0.9999973156575
1280.00 0.512824047355558 0.9999973017609
1279.00 0.510301355144593 0.9999972877369
1278.00 0.507780833961187 0.9999972735841
1277.00 0.505262553993352 0.9999972593011
1276.00 0.502746584956954 0.9999972448861
1275.00 0.500232996260654 0.9999972303379
1274.00 0.497721856440740 0.9999972156547
1273.00 0.495213232814732 0.9999972008351
1272.00 0.492707192965941 0.9999971858774
1271.00 0.490203804714788 0.9999971707800
1270.00 0.487703135409784 0.9999971555412
1269.00 0.485205251826623 0.9999971401595
1268.00 0.482710220241807 0.9999971246330
1267.00 0.480218106475459 0.9999971089602
1266.00 0.477728975914956 0.9999970931391
1265.00 0.475242893529180 0.9999970771682
1264.00 0.472759923879107 0.9999970610455
1263.00 0.470280131125705 0.9999970447694
1262.00 0.467803579071471 0.9999970283378
1261.00 0.465330331247239 0.9999970117490
1260.00 0.462860450591834 0.9999969950011
1259.00 0.460393999593982 0.9999969780922
1258.00 0.457931040443944 0.9999969610202
1257.00 0.455471634852635 0.9999969437833
1256.00 0.453015843384884 0.9999969263793
1255.00 0.450563726019363 0.9999969088063
1254.00 0.448115343824486 0.9999968910623
1253.00 0.445670757813516 0.9999968731450
1252.00 0.443230028388086 0.9999968550524
1251.00 0.440793215435230 0.9999968367823
1250.00 0.438360378425800 0.9999968183326
1249.00 0.435931576553110 0.9999967997010
1248.00 0.433506868351446 0.9999967808852
1247.00 0.431086312029794 0.9999967618830
1246.00 0.428669965663296 0.9999967426921
1245.00 0.426257886924275 0.9999967233100
1244.00 0.423850133125604 0.9999967037345
1243.00 0.421446761242088 0.9999966839630
1242.00 0.419047827916947 0.9999966639932
1241.00 0.416653389464809 0.9999966438225
1240.00 0.414263501873834 0.9999966234484
1239.00 0.411878220807335 0.9999966028684
1238.00 0.409497601605120 0.9999965820797
1237.00 0.407121699285171 0.9999965610799
1236.00 0.404750568546865 0.9999965398661
1235.00 0.402384263818562 0.9999965184357
1234.00 0.400022839219438 0.9999964967858
1233.00 0.397666348380543 0.9999964749138
1232.00 0.395314844384033 0.9999964528167
1231.00 0.392968379496624 0.9999964304916
1230.00 0.390627006335590 0.9999964079356
1229.00 0.388290777771598 0.9999963851458
1228.00 0.385959746236245 0.9999963621190
1227.00 0.383633963712445 0.9999963388523
1226.00 0.381313481797288 0.9999963153425
1225.00 0.378998351734155 0.9999962915865
1224.00 0.376688624447608 0.9999962675810
1223.00 0.374384350585671 0.9999962433228
1222.00 0.372085580261592 0.9999962188086
1221.00 0.369792363378894 0.9999961940350
1220.00 0.367504749582968 0.9999961689986
1219.00 0.365222788161749 0.9999961436960
1218.00 0.362946528070540 0.9999961181236
1217.00 0.360676017938334 0.9999960922779
1216.00 0.358411306068171 0.9999960661552
1215.00 0.356152440436137 0.9999960397520
1214.00 0.353899468690012 0.9999960130643
1213.00 0.351652438147753 0.9999959860886
1212.00 0.349411395795727 0.9999959588208
1211.00 0.347176388286793 0.9999959312572
1210.00 0.344947461937853 0.9999959033937
1209.00 0.342724662729986 0.9999958752263
1208.00 0.340508036283097 0.9999958467509
1207.00 0.338297627503859 0.9999958179634
1206.00 0.336093480966043 0.9999957888596
1205.00 0.333895641457147 0.9999957594351
1204.00 0.331704153453589 0.9999957296857
1203.00 0.329519060988024 0.9999956996068
1202.00 0.327340407688614 0.9999956691941
1201.00 0.325168236802419 0.9999956384430
1200.00 0.323002591205592 0.9999956073488
1199.00 0.320843513408039 0.9999955759069
1198.00 0.318691045572402 0.9999955441125
1197.00 0.316545229502926 0.9999955119608
1196.00 0.314406106525067 0.9999954794467
1195.00 0.312273717690925 0.9999954465654
1194.00 0.310148103687449 0.9999954133118
1193.00 0.308029304812461 0.9999953796807
1192.00 0.305917360983922 0.9999953456668
1191.00 0.303812311739860 0.9999953112649
1190.00 0.301714196236301 0.9999952764695
1189.00 0.299623053244601 0.9999952412752
1188.00 0.297538921148571 0.9999952056764
1187.00 0.295461837941512 0.9999951696674
1186.00 0.293391841223067 0.9999951332425
1185.00 0.291328968195308 0.9999950963959
1184.00 0.289273255649691 0.9999950591215
1183.00 0.287224739860634 0.9999950214134
1182.00 0.285183456562504 0.9999949832654
1181.00 0.283149441378789 0.9999949446713
1180.00 0.281122729610176 0.9999949056248
1179.00 0.279103356094074 0.9999948661195
1178.00 0.277091355224315 0.9999948261488
1177.00 0.275086760957599 0.9999947857061
1176.00 0.273089606818682 0.9999947447847
1175.00 0.271099925902143 0.9999947033776
1174.00 0.269117750872067 0.9999946614781
1173.00 0.267143113961250 0.9999946190788
1172.00 0.265176046983195 0.9999945761728
1171.00 0.263216581300450 0.9999945327527
1170.00 0.261264747796280 0.9999944888110
1169.00 0.259320576966025 0.9999944443403
1168.00 0.257384098854561 0.9999943993328
1167.00 0.255455343054577 0.9999943537808
1166.00 0.253534338708477 0.9999943076763
1165.00 0.251621114506633 0.9999942610114
1164.00 0.249715698684898 0.9999942137777
1163.00 0.247818119022040 0.9999941659671
1162.00 0.245928402837037 0.9999941175711
1161.00 0.244046576986233 0.9999940685810
1160.00 0.242172667859110 0.9999940189882
1159.00 0.240306701351123 0.9999939687838
1158.00 0.238448702780881 0.9999939179588
1157.00 0.236598697057009 0.9999938665039
1156.00 0.234756708760249 0.9999938144100
1155.00 0.232922761992697 0.9999937616674
1154.00 0.231096880343185 0.9999937082666
1153.00 0.229279086888345 0.9999936541978
1152.00 0.227469404223076 0.9999935994510
1151.00 0.225667854456046 0.9999935440162
1150.00 0.223874459206676 0.9999934878830
1149.00 0.222089239603794 0.9999934310410
1148.00 0.220312216284187 0.9999933734795
1147.00 0.218543409391685 0.9999933151877
1146.00 0.216782838584168 0.9999932561547
1145.00 0.215030523004129 0.9999931963692
1144.00 0.213286481289822 0.9999931358199
1143.00 0.211550731600626 0.9999930744953
1142.00 0.209823291588600 0.9999930123836
1141.00 0.208104178400326 0.9999929494728
1140.00 0.206393408676953 0.9999928857508
1139.00 0.204690998553051 0.9999928212052
1138.00 0.202996963655206 0.9999927558235
1137.00 0.201311319100627 0.9999926895929
1136.00 0.199634079495519 0.9999926225004
1135.00 0.197965258929773 0.9999925545328
1134.00 0.196304870940191 0.9999924856766
1133.00 0.194652928523396 0.9999924159182
1132.00 0.193009444250231 0.9999923452436
1131.00 0.191374430195878 0.9999922736387
1130.00 0.189747897901825 0.9999922010892
1129.00 0.188129858383611 0.9999921275804
1128.00 0.186520322138616 0.9999920530974
1127.00 0.184919299133221 0.9999919776251
1126.00 0.183326798811844 0.9999919011481
1125.00 0.181742830101832 0.9999918236507
1124.00 0.180167401410318 0.9999917451171
1123.00 0.178600520623591 0.9999916655309
1122.00 0.177042195106866 0.9999915848757
1121.00 0.175492431704878 0.9999915031347
1120.00 0.173951236745685 0.9999914202909
1119.00 0.172418616022737 0.9999913363269
1118.00 0.170894574813307 0.9999912512250
1117.00 0.169379117879385 0.9999911649673
1116.00 0.167872249459432 0.9999910775355
1115.00 0.166373973270581 0.9999909889110
1114.00 0.164884292509385 0.9999908990748
1113.00 0.163403209852295 0.9999908080078
1112.00 0.161930727456042 0.9999907156902
1111.00 0.160466846957600 0.9999906221022
1110.00 0.159011569466111 0.9999905272236
1109.00 0.157564895545252 0.9999904310335
1108.00 0.156126825269782 0.9999903335111
1107.00 0.154697358228660 0.9999902346350
1106.00 0.153276493489016 0.9999901343834
1105.00 0.151864229597339 0.9999900327341
1104.00 0.150460564583967 0.9999899296647
1103.00 0.149065495965947 0.9999898251522
1102.00 0.147679020750656 0.9999897191733
1101.00 0.146301135436006 0.9999896117042
1100.00 0.144931836007376 0.9999895027208
1099.00 0.143571117945454 0.9999893921985
1098.00 0.142218976227037 0.9999892801123
1097.00 0.140875405325966 0.9999891664366
1096.00 0.139540399214805 0.9999890511455
1095.00 0.138213951367273 0.9999889342127
1094.00 0.136896054760963 0.9999888156112
1093.00 0.135586701871013 0.9999886953138
1092.00 0.134285884683893 0.9999885732925
1091.00 0.132993594695395 0.9999884495191
1090.00 0.131709822911025 0.9999883239647
1089.00 0.130434559848984 0.9999881965999
1088.00 0.129167795542612 0.9999880673948
1087.00 0.127909519542676 0.9999879363191
1086.00 0.126659720918488 0.9999878033417
1085.00 0.125418388250715 0.9999876684310
1084.00 0.124185509643757 0.9999875315551
1083.00 0.122961072751206 0.9999873926812
1082.00 0.121745064758437 0.9999872517760
1081.00 0.120537472380260 0.9999871088056
1080.00 0.119338281865742 0.9999869637356
1079.00 0.118147479002204 0.9999868165308
1078.00 0.116965049118713 0.9999866671555
1077.00 0.115790977089415 0.9999865155733
1076.00 0.114625247336945 0.9999863617470
1075.00 0.113467843836593 0.9999862056390
1074.00 0.112318750117170 0.9999860472108
1073.00 0.111177949265016 0.9999858864233
1072.00 0.110045423928964 0.9999857232367
1071.00 0.108921156323147 0.9999855576102
1070.00 0.107805128230396 0.9999853895028
1069.00 0.106697321006267 0.9999852188722
1068.00 0.105597715582176 0.9999850456756
1067.00 0.104506292466580 0.9999848698694
1066.00 0.103423031753601 0.9999846914092
1065.00 0.102347913124497 0.9999845102497
1064.00 0.101280915851207 0.9999843263448
1063.00 0.100222018800429 0.9999841396476
1062.00 0.099171200437463 0.9999839501103
1061.00 0.098128438827772 0.9999837576843
1060.00 0.097093711638304 0.9999835623199
1059.00 0.096066996155047 0.9999833639667
1058.00 0.095048269283663 0.9999831625733
1057.00 0.094037507547267 0.9999829580873
1056.00 0.093034687091283 0.9999827504554
1055.00 0.092039783688381 0.9999825396233
1054.00 0.091052772743099 0.9999823255356
1053.00 0.090073629296356 0.9999821081359
1052.00 0.089102328029934 0.9999818873670
1051.00 0.088138843270955 0.9999816631704
1050.00 0.087183148996395 0.9999814354864
1049.00 0.086235218837801 0.9999812042545
1048.00 0.085295026085909 0.9999809694128
1047.00 0.084362543694136 0.9999807308985
1046.00 0.083437744284251 0.9999804886475
1045.00 0.082520600151039 0.9999802425945
1044.00 0.081611083266818 0.9999799926730
1043.00 0.080709165286415 0.9999797388152
1042.00 0.079814817551217 0.9999794809521
1041.00 0.078928011093806 0.9999792190136
1040.00 0.078048716644212 0.9999789529279
1039.00 0.077176904633602 0.9999786826222
1038.00 0.076312545199216 0.9999784080222
1037.00 0.075455608188932 0.9999781290521
1036.00 0.074606063164122 0.9999778456350
1035.00 0.073763879407770 0.9999775576922
1034.00 0.072929025932415 0.9999772651438
1033.00 0.072101471480977 0.9999769679083
1032.00 0.071281184531306 0.9999766659028
1031.00 0.070468133301524 0.9999763590425
1030.00 0.069662285755184 0.9999760472415
1029.00 0.068863609606340 0.9999757304119
1028.00 0.068072072324596 0.9999754084643
1027.00 0.067287641140135 0.9999750813078
1026.00 0.066510283048752 0.9999747488495
1025.00 0.065739964816888 0.9999744109949
1024.00 0.064976652986662 0.9999740676478
1023.00 0.064220313880928 0.9999737187101
1022.00 0.063470913608447 0.9999733640820
1021.00 0.062728418068677 0.9999730036615
1020.00 0.061992792956720 0.9999726373452
1019.00 0.061264003768715 0.9999722650274
1018.00 0.060542015806633 0.9999718866005
1017.00 0.059826794183513 0.9999715019549
1016.00 0.059118303828314 0.9999711109791
1015.00 0.058416509491076 0.9999707135592
1014.00 0.057721375748150 0.9999703095795
1013.00 0.057032867006856 0.9999698989219
1012.00 0.056350947510022 0.9999694814663
1011.00 0.055675581340844 0.9999690570903
1010.00 0.055006732430242 0.9999686256691
1009.00 0.054344364560670 0.9999681870756
1008.00 0.053688441370284 0.9999677411806
1007.00 0.053038926358054 0.9999672878521
1006.00 0.052395782888795 0.9999668269560
1005.00 0.051758974198146 0.9999663583554
1004.00 0.051128463397492 0.9999658819111
1003.00 0.050504213478867 0.9999653974812
1002.00 0.049886187319827 0.9999649049212
1001.00 0.049274347688308 0.9999644040840
1000.00 0.048668657247455 0.9999638948196
 999.00 0.048069078560435 0.9999633769754
 998.00 0.047475574095224 0.9999628503959
 997.00 0.046888106229371 0.9999623149227
 996.00 0.046306637254756 0.9999617703946
 995.00 0.045731129382335 0.9999612166473
 994.00 0.045161544746676 0.9999606535136
 993.00 0.044597845410728 0.9999600808232
 992.00 0.044039993370494 0.9999594984026
 991.00 0.043487950559645 0.9999589060752
 990.00 0.042941678853907 0.9999583036611
 989.00 0.042401140075821 0.9999576909773
 988.00 0.041866295999148 0.9999570678372
 987.00 0.041337108352971 0.9999564340511
 986.00 0.040813538826853 0.9999557894255
 985.00 0.040295549075461 0.9999551337636
 984.00 0.039783100722366 0.9999544668652
 983.00 0.039276155364396 0.9999537885262
 982.00 0.038774674576007 0.9999530985390
 981.00 0.038278619913591 0.9999523966921
 980.00 0.037787952919728 0.9999516827703
 979.00 0.037302635127400 0.9999509565546
 978.00 0.036822628064172 0.9999502178220
 977.00 0.036347893256320 0.9999494663456
 976.00 0.035878392232930 0.9999487018944
 975.00 0.035414086529954 0.9999479242332
 974.00 0.034954937694226 0.9999471331229
 973.00 0.034500907287440 0.9999463283200
 972.00 0.034051956889987 0.9999455095767
 971.00 0.033608048104704 0.9999446766410
 970.00 0.033169142561297 0.9999438292562
 969.00 0.032735201919880 0.9999429671615
 968.00 0.032306187874694 0.9999420900912
 967.00 0.031882062157809 0.9999411977753
 966.00 0.031462786542851 0.9999402899389
 965.00 0.031048322848646 0.9999393663025
 964.00 0.030638632942744 0.9999384265818
 963.00 0.030233678744976 0.9999374704875
 962.00 0.029833422230960 0.9999364977256
 961.00 0.029437825435845 0.9999355079969
 960.00 0.029046850457535 0.9999345009973
 959.00 0.028660459459999 0.9999334764174
 958.00 0.028278614676619 0.9999324339427
 957.00 0.027901278413495 0.9999313732537
 956.00 0.027528413052688 0.9999302940251
 955.00 0.027159981055413 0.9999291959266
 954.00 0.026795944965197 0.9999280786224
 953.00 0.026436267410974 0.9999269417710
 952.00 0.026080911110148 0.9999257850256
 951.00 0.025729838871605 0.9999246080336
 950.00 0.025383013598675 0.9999234104368
 949.00 0.025040398292053 0.9999221918712
 948.00 0.024701956052669 0.9999209519671
 947.00 0.024367650084518 0.9999196903487
 946.00 0.024037443697442 0.9999184066346
 945.00 0.023711300309855 0.9999171004372
 944.00 0.023389183451444 0.9999157713630
 943.00 0.023071056765801 0.9999144190122
 942.00 0.022756884013029 0.9999130429791
 941.00 0.022446629072280 0.9999116428517
 940.00 0.022140255944263 0.9999102182118
 939.00 0.021837728753697 0.9999087686350
 938.00 0.021539011751676 0.9999072936902
 937.00 0.021244069318157 0.9999057929405
 936.00 0.020952865964259 0.9999042659420
 935.00 0.020665366334491 0.9999027122448
 934.00 0.020381535208982 0.9999011313922
 933.00 0.020101337505680 0.9998995229212
 932.00 0.019824738282502 0.9998978863619
 931.00 0.019551702739428 0.9998962212382
 930.00 0.019282196220565 0.9998945270670
 929.00 0.019016184216156 0.9998928033589
 928.00 0.018753632364539 0.9998910496176
 927.00 0.018494506453872 0.9998892653400
 926.00 0.018238772424348 0.9998874500165
 925.00 0.017986396370039 0.9998856031308
 924.00 0.017737344540588 0.9998837241596
 923.00 0.017491583342963 0.9998818125731
 922.00 0.017249079343168 0.9998798678346
 921.00 0.017009799267923 0.9998778894007
 920.00 0.016773710006304 0.9998758767213
 919.00 0.016540778611334 0.9998738292394
 918.00 0.016310972301542 0.9998717463914
 917.00 0.016084258462480 0.9998696276069
 916.00 0.015860604648204 0.9998674723089
 915.00 0.015639978582714 0.9998652799138
 914.00 0.015422348161343 0.9998630498310
 913.00 0.015207681452133 0.9998607814637
 912.00 0.014995946697185 0.9998584742082
 911.00 0.014787112313937 0.9998561274546
 910.00 0.014581146896410 0.9998537405862
 909.00 0.014378019216429 0.9998513129801
 908.00 0.014177698224814 0.9998488440068
 907.00 0.013980153052530 0.9998463330308
 906.00 0.013785353011801 0.9998437794101
 905.00 0.013593267597197 0.9998411824966
 904.00 0.013403866486681 0.9998385416362
 903.00 0.013217119542630 0.9998358561687
 902.00 0.013032996812817 0.9998331254281
 901.00 0.012851468531367 0.9998303487425
 900.00 0.012672505119675 0.9998275254343
 899.00 0.012496077187307 0.9998246548203
 898.00 0.012322155532850 0.9998217362118
 897.00 0.012150711144753 0.9998187689148
 896.00 0.011981715202126 0.9998157522301
 895.00 0.011815139075515 0.9998126854533
 894.00 0.011650954327644 0.9998095678750
 893.00 0.011489132714140 0.9998063987810
 892.00 0.011329646184216 0.9998031774525
 891.00 0.011172466881339 0.9997999031662
 890.00 0.011017567143864 0.9997965751943
 889.00 0.010864919505643 0.9997931928049
 888.00 0.010714496696620 0.9997897552622
 887.00 0.010566271643383 0.9997862618264
 886.00 0.010420217469695 0.9997827117541
 885.00 0.010276307496725 0.9997791042984
 884.00 0.010134515243936 0.9997754387092
 883.00 0.009994814429618 0.9997717142334
 882.00 0.009857178971145 0.9997679301150
 881.00 0.009721582985387 0.9997640855953
 880.00 0.009588000789103 0.9997601799132
 879.00 0.009456406899310 0.9997562123055
 878.00 0.009326776033628 0.9997521820069
 877.00 0.009199083110615 0.9997480882505
 876.00 0.009073303250059 0.9997439302677
 875.00 0.008949411773270 0.9997397072887
 874.00 0.008827384203336 0.9997354185428
 873.00 0.008707196265363 0.9997310632584
 872.00 0.008588823886698 0.9997266406634
 871.00 0.008472243197119 0.9997221499854
 870.00 0.008357430529019 0.9997175904519
 869.00 0.008244362417559 0.9997129612909
 868.00 0.008133015600802 0.9997082617305
 867.00 0.008023367019831 0.9997034909998
 866.00 0.007915393818841 0.9996986483289
 865.00 0.007809073345212 0.9996937329492
 864.00 0.007704383149565 0.9996887440933
 863.00 0.007601300985793 0.9996836809961
 862.00 0.007499804811074 0.9996785428941
 861.00 0.007399872785861 0.9996733290265
 860.00 0.007301483273852 0.9996680386348
 859.00 0.007204614841943 0.9996626709634
 858.00 0.007109246260152 0.9996572252600
 857.00 0.007015356501534 0.9996517007753
 856.00 0.006922924742060 0.9996460967639
 855.00 0.006831930360486 0.9996404124841
 854.00 0.006742352938202 0.9996346471983
 853.00 0.006654172259044 0.9996288001734
 852.00 0.006567368309104 0.9996228706806
 851.00 0.006481921276502 0.9996168579963
 850.00 0.006397811551149 0.9996107614014
 849.00 0.006315019724474 0.9996045801826
 848.00 0.006233526589142 0.9995983136318
 847.00 0.006153313138737 0.9995919610467
 846.00 0.006074360567432 0.9995855217306
 845.00 0.005996650269575 0.9995789949934
 844.00 0.005920163839258 0.9995723801507
 843.00 0.005844883070151 0.9995656765251
 842.00 0.005770789954972 0.9995588834454
 841.00 0.005697866685007 0.9995520002475
 840.00 0.005626095649629 0.9995450262741
 839.00 0.005555459435794 0.9995379608750
 838.00 0.005485940827518 0.9995308034072
 837.00 0.005417522805324 0.9995235532352
 836.00 0.005350188545662 0.9995162097308
 835.00 0.005283921420315 0.9995087722737
 834.00 0.005218704995766 0.9995012402509
 833.00 0.005154523133038 0.9994963977508
 832.00 0.005091359757503 0.9994891390102
 831.00 0.005029198941110 0.9994814447019
 830.00 0.004968025021441 0.9994736214369
 829.00 0.004907822529066 0.9994656991024
 828.00 0.004848576184425 0.9994576802670
 827.00 0.004790270897367 0.9994495647270
 826.00 0.004732891766447 0.9994413519950
 825.00 0.004676424078107 0.9994330415605
 824.00 0.004620853305797 0.9994246329173
 823.00 0.004566165109070 0.9994161255669
 822.00 0.004512345332646 0.9994075190189
 821.00 0.004459380005450 0.9993988127906
 820.00 0.004407255339625 0.9993900064073
 819.00 0.004355957729521 0.9993810994020
 818.00 0.004305473750657 0.9993720913156
 817.00 0.004255790158664 0.9993629816964
 816.00 0.004206893888192 0.9993537701005
 815.00 0.004158772051800 0.9993444560912
 814.00 0.004111411938826 0.9993350392391
 813.00 0.004064801014223 0.9993255191223
 812.00 0.004018926917383 0.9993158953256
 811.00 0.003973777460931 0.9993061674407
 810.00 0.003929340629499 0.9992963350663
 809.00 0.003885604578477 0.9992863978074
 808.00 0.003842557632746 0.9992763552755
 807.00 0.003800188285379 0.9992662070883
 806.00 0.003758485196235 0.9992559528696
 805.00 0.003717437190784 0.9992455922489
 804.00 0.003677033258759 0.9992351248615
 803.00 0.003637262552741 0.9992245503481
 802.00 0.003598114386768 0.9992138683543
 801.00 0.003559578234926 0.9992030785313
 800.00 0.003521643729931 0.9991921805344
 799.00 0.003484300661690 0.9991811740240
 798.00 0.003447538975849 0.9991700586646
 797.00 0.003411348772328 0.9991588341245
 796.00 0.003375720303837 0.9991475000763
 795.00 0.003340643974383 0.9991360561959
 794.00 0.003306110337765 0.9991245021624
 793.00 0.003272110096051 0.9991128376584
 792.00 0.003238634098051 0.9991010623689
 791.00 0.003205673337777 0.9990891759817
 790.00 0.003173218952891 0.9990771781869
 789.00 0.003141262223150 0.9990650686765
 788.00 0.003109794568836 0.9990528471444
 787.00 0.003078807549184 0.9990405132859
 786.00 0.003048292860798 0.9990280667979
 785.00 0.003018242336069 0.9990155073778
 784.00 0.002988647941584 0.9990028347241
 783.00 0.002959501776530 0.9989900485356
 782.00 0.002930796071091 0.9989771485114
 781.00 0.002902523184851 0.9989641343505
 780.00 0.002874675605189 0.9989510057516
 779.00 0.002847245945677 0.9989377624129
 778.00 0.002820226944469 0.9989244040316
 777.00 0.002793611462701 0.9989109303039
 776.00 0.002767392482884 0.9988973409249
 775.00 0.002741563107305 0.9988836355877
 774.00 0.002716116556425 0.9988698139838
 773.00 0.002691046167279 0.9988558758028
 772.00 0.002666345391888 0.9988418207316
 771.00 0.002642007795666 0.9988276484548
 770.00 0.002618027055827 0.9988133586542
 769.00 0.002594396959768 0.9987989510085
 768.00 0.002571111403587 0.9987844251931
 767.00 0.002548164390493 0.9987697808801
 766.00 0.002525550029233 0.9987550177378
 765.00 0.002503262532541 0.9987401354306
 764.00 0.002481296215591 0.9987251336188
 763.00 0.002459645494468 0.9987100119583
 762.00 0.002438304884639 0.9986947701005
 761.00 0.002417268999442 0.9986794076921
 760.00 0.002396532548582 0.9986639243749
 759.00 0.002376090336638 0.9986483197854
 758.00 0.002355937261578 0.9986325935549
 757.00 0.002336068313291 0.9986167453093
 756.00 0.002316478572130 0.9986007746686
 755.00 0.002297163207462 0.9985846812471
 754.00 0.002278117476237 0.9985684646529
 753.00 0.002259336721565 0.9985521244882
 752.00 0.002240816371313 0.9985356603486
 751.00 0.002222551936706 0.9985190718231
 750.00 0.002204539010949 0.9985023584943
 749.00 0.002186773267864 0.9984855199379
 748.00 0.002169250460533 0.9984685557225
 747.00 0.002151966419964 0.9984514654096
 746.00 0.002134917053768 0.9984342485535
 745.00 0.002118098344853 0.9984169047013
 744.00 0.002101506350129 0.9983994333922
 743.00 0.002085137199232 0.9983818341581
 742.00 0.002068987093261 0.9983641065229
 741.00 0.002053052303535 0.9983462500027
 740.00 0.002037329170357 0.9983282641057
 739.00 0.002021814101803 0.9983101483317
 738.00 0.002006503572522 0.9982919021727
 737.00 0.001991394122550 0.9982735251119
 736.00 0.001976482356145 0.9982550166244
 735.00 0.001961764940627 0.9982363761766
 734.00 0.001947238605220 0.9982176032263
 733.00 0.001932900139985 0.9981986972227
 732.00 0.001918746394705 0.9981796576059
 731.00 0.001904774277782 0.9981604838073
 730.00 0.001890980755168 0.9981411752494
 729.00 0.001877362849309 0.9981217313455
 728.00 0.001863917638099 0.9981021514996
 727.00 0.001850642253859 0.9980824351067
 726.00 0.001837533882326 0.9980625815525
 725.00 0.001824589761663 0.9980425902132
 724.00 0.001811807181475 0.9980224604556
 723.00 0.001799183481850 0.9980021916370
 722.00 0.001786716052413 0.9979817831050
 721.00 0.001774402331391 0.9979612341976
 720.00 0.001762239804696 0.9979405442433
 719.00 0.001750226005027 0.9979197125605
 718.00 0.001738358510980 0.9978987384579
 717.00 0.001726634946177 0.9978776212343
 716.00 0.001715052978409 0.9978563601785
 715.00 0.001703610318792 0.9978349545695
 714.00 0.001692304720941 0.9978134036758
 713.00 0.001681133980151 0.9977917067562
 712.00 0.001670095932605 0.9977698630591
 711.00 0.001659188454579 0.9977478718228
 710.00 0.001648409461679 0.9977257322751
 709.00 0.001637756908073 0.9977034436337
 708.00 0.001627228785753 0.9976810051059
 707.00 0.001616823123801 0.9976584158883
 706.00 0.001606537987672 0.9976356751675
 705.00 0.001596371478483 0.9976127821190
 704.00 0.001586321732328 0.9975897359082
 703.00 0.001576386919593 0.9975665356897
 702.00 0.001566565244290 0.9975431806073
 701.00 0.001556854943383 0.9975196697944
 700.00 0.001547254286165 0.9974960023732
 699.00 0.001537761573643 0.9974721774556
 698.00 0.001528375137907 0.9974481941421
 697.00 0.001519093341512 0.9974240515227
 696.00 0.001509914576893 0.9973997486764
 695.00 0.001500837265770 0.9973752846710
 694.00 0.001491859858584 0.9973506585634
 693.00 0.001482980833925 0.9973258693995
 692.00 0.001474198697986 0.9973009162138
 691.00 0.001465511984021 0.9972757980300
 690.00 0.001456919251813 0.9972505138601
 689.00 0.001448419087153 0.9972250627051
 688.00 0.001440010101332 0.9971994435547
 687.00 0.001431690930637 0.9971736553871
 686.00 0.001423460235864 0.9971476971691
 685.00 0.001415316701835 0.9971215678559
 684.00 0.001407259036924 0.9970952663913
 683.00 0.001399285972599 0.9970687917076
 682.00 0.001391396262967 0.9970421427251
 681.00 0.001383588684329 0.9970153183528
 680.00 0.001375862034742 0.9969883174877
 679.00 0.001368215133599 0.9969611390150
 678.00 0.001360646821204 0.9969337818082
 677.00 0.001353155958364 0.9969062447286
 676.00 0.001345741425989 0.9968785266256
 675.00 0.001338402124696 0.9968506263368
 674.00 0.001331136974423 0.9968225426874
 673.00 0.001323944914052 0.9967942744905
 672.00 0.001316824901036 0.9967658205469
 671.00 0.001309775911041 0.9967371796452
 670.00 0.001302796937584 0.9967083505617
 669.00 0.001295888100069 0.9966793325807
 668.00 0.001289047319580 0.9966501247878
 667.00 0.001282273594882 0.9966207255934
 666.00 0.001275565988826 0.9965911335196
 665.00 0.001268923580410 0.9965613471504
 664.00 0.001262345464468 0.9965313651039
 663.00 0.001255830751358 0.9965011860154
 662.00 0.001249378566664 0.9964708085260
 661.00 0.001242988050901 0.9964402312758
 660.00 0.001236658359223 0.9964094528995
 659.00 0.001230388661140 0.9963784720234
 658.00 0.001224178140242 0.9963472872639
 657.00 0.001218025993924 0.9963158972261
 656.00 0.001211931433123 0.9962843005027
 655.00 0.001205893682054 0.9962524956739
 654.00 0.001199911977955 0.9962204813071
 653.00 0.001193985570838 0.9961882559559
 652.00 0.001188113723243 0.9961558181606
 651.00 0.001182295709996 0.9961231664479
 650.00 0.001176530817974 0.9960902993303
 649.00 0.001170818345878 0.9960572153065
 648.00 0.001165157604003 0.9960239128610
 647.00 0.001159547914018 0.9959903904642
 646.00 0.001153988608750 0.9959566465718
 645.00 0.001148479031974 0.9959226796253
 644.00 0.001143018538198 0.9958884880517
 643.00 0.001137606492469 0.9958540702629
 642.00 0.001132242270166 0.9958194246565
 641.00 0.001126925256810 0.9957845496147
 640.00 0.001121654847867 0.9957494435051
 639.00 0.001116430448564 0.9957141046798
 638.00 0.001111251473692 0.9956785314757
 637.00 0.001106117347455 0.9956427222146
 636.00 0.001101027503283 0.9956066752025
 635.00 0.001095981383651 0.9955703887297
 634.00 0.001090978439920 0.9955338610711
 633.00 0.001086018132164 0.9954970904854
 632.00 0.001081099929011 0.9954600752155
 631.00 0.001076223307485 0.9954228134881
 630.00 0.001071387752848 0.9953853035136
 629.00 0.001066592758450 0.9953475434862
 628.00 0.001061837825581 0.9953095315832
 627.00 0.001057122463321 0.9952712659656
 626.00 0.001052446188400 0.9952327447773
 625.00 0.001047808525059 0.9951939661456
 624.00 0.001043209004909 0.9951549281804
 623.00 0.001038647166797 0.9951156289745
 622.00 0.001034122556679 0.9950760666034
 621.00 0.001029634727486 0.9950362391249
 620.00 0.001025183238999 0.9949961445792
 619.00 0.001020767657726 0.9949557809888
 618.00 0.001016387556779 0.9949151463580
 617.00 0.001012042515757 0.9948742386732
 616.00 0.001007732120628 0.9948330559024
 615.00 0.001003455963617 0.9947915959951
 614.00 0.000999213643091 0.9947498568822
 613.00 0.000995004763452 0.9947078364760
 612.00 0.000990828935028 0.9946655326697
 611.00 0.000986685773970 0.9946229433374
 610.00 0.000982574902143 0.9945800663339
 609.00 0.000978495947027 0.9945368994947
 608.00 0.000974448541624 0.9944934406356
 607.00 0.000970432324359 0.9944496875525
 606.00 0.000966446938984 0.9944056380215
 605.00 0.000962492034484 0.9943612897984
 604.00 0.000958567264986 0.9943166406187
 603.00 0.000954672289666 0.9942716881976
 602.00 0.000950806772668 0.9942264302293
 601.00 0.000946970383012 0.9941808643872
 600.00 0.000943162794511 0.9941349883236
 599.00 0.000939383685691 0.9940887996698
 598.00 0.000935632739705 0.9940422960351
 597.00 0.000931909644259 0.9939954750076
 596.00 0.000928214091529 0.9939483341534
 595.00 0.000924545778088 0.9939008710163
 594.00 0.000920904404829 0.9938530831181
 593.00 0.000917289676894 0.9938049679579
 592.00 0.000913701303597 0.9937565230124
 591.00 0.000910138998359 0.9937077457351
 590.00 0.000906602478635 0.9936586335565
 589.00 0.000903091465847 0.9936091838838
 588.00 0.000899605685316 0.9935593941004
 587.00 0.000896144866201 0.9935092615662
 586.00 0.000892708741428 0.9934587836171
 585.00 0.000889297047632 0.9934079575644
 584.00 0.000885909525095 0.9933567806954
 583.00 0.000882545917682 0.9933052502723
 582.00 0.000879205972785 0.9932533635327
 581.00 0.000875889441263 0.9932011176887
 580.00 0.000872596077385 0.9931485099272
 579.00 0.000869325638775 0.9930955374093
 578.00 0.000866077886353 0.9930421972704
 577.00 0.000862852584285 0.9929884866194
 576.00 0.000859649499931 0.9929344025391
 575.00 0.000856468403785 0.9928799420855
 574.00 0.000853309069434 0.9928251022876
 573.00 0.000850171273502 0.9927698801473
 572.00 0.000847054795599 0.9927142726390
 571.00 0.000843959418280 0.9926582767094
 570.00 0.000840884926989 0.9926018892770
 569.00 0.000837831110019 0.9925451072324
 568.00 0.000834797758463 0.9924879274372
 567.00 0.000831784666170 0.9924303467246
 566.00 0.000828791629699 0.9923723618983
 565.00 0.000825818448280 0.9923139697328
 564.00 0.000822864923767 0.9922551669728
 563.00 0.000819930860600 0.9921959503331
 562.00 0.000817016065761 0.9921363164980
 561.00 0.000814120348736 0.9920762621215
 560.00 0.000811243521473 0.9920157838263
 559.00 0.000808385398348 0.9919548782043
 558.00 0.000805545796120 0.9918935418154
 557.00 0.000802724533899 0.9918317711882
 556.00 0.000799921433110 0.9917695628186
 555.00 0.000797136317443 0.9917069131703
 554.00 0.000794369012836 0.9916438186741
 553.00 0.000791619347437 0.9915802757277
 552.00 0.000788887151564 0.9915162806951
 551.00 0.000786172257677 0.9914518299067
 550.00 0.000783474500339 0.9913869196586
 549.00 0.000780793716189 0.9913215462125
 548.00 0.000778129743904 0.9912557057950
 547.00 0.000775482424176 0.9911893945977
 546.00 0.000772851599673 0.9911226087765
 545.00 0.000770237115013 0.9910553444513
 544.00 0.000767638816736 0.9909875977058
 543.00 0.000765056553270 0.9909193645868
 542.00 0.000762490174907 0.9908506411043
 541.00 0.000759939533773 0.9907814232305
 540.00 0.000757404483799 0.9907117069001
 539.00 0.000754884880695 0.9906414880093
 538.00 0.000752380581927 0.9905707624158
 537.00 0.000749891446684 0.9904995259381
 536.00 0.000747417335857 0.9904277743556
 535.00 0.000744958112011 0.9903555034075
 534.00 0.000742513639364 0.9902827087928
 533.00 0.000740083783759 0.9902093861700
 532.00 0.000737668412638 0.9901355311564
 531.00 0.000735267395026 0.9900611393276
 530.00 0.000732880601502 0.9899862062175
 529.00 0.000730507904179 0.9899107273173
 528.00 0.000728149176675 0.9898346980757
 527.00 0.000725804294101 0.9897581138978
 526.00 0.000723473133029 0.9896809701450
 525.00 0.000721155571480 0.9896032621345
 524.00 0.000718851488897 0.9895249851390
 523.00 0.000716560766126 0.9894461343856
 522.00 0.000714283285396 0.9893667050563
 521.00 0.000712018930301 0.9892866922865
 520.00 0.000709767585777 0.9892060911653
 519.00 0.000707529138085 0.9891248967346
 518.00 0.000705303474790 0.9890431039887
 517.00 0.000703090484747 0.9889607078738
 516.00 0.000700890058076 0.9888777032876
 515.00 0.000698702086149 0.9887940850784
 514.00 0.000696526461573 0.9887098480450
 513.00 0.000694363078166 0.9886249869362
 512.00 0.000692211830948 0.9885394964497
 511.00 0.000690072616119 0.9884533712323
 510.00 0.000687945331043 0.9883666058788
 509.00 0.000685829874236 0.9882791949315
 508.00 0.000683726145342 0.9881911328801
 507.00 0.000681634045125 0.9881024141606
 506.00 0.000679553475448 0.9880130331550
 505.00 0.000677484339252 0.9879229841905
 504.00 0.000675426540561 0.9878322615392
 503.00 0.000673379984452 0.9877408594175
 502.00 0.000671344577045 0.9876487719850
 501.00 0.000669320225488 0.9875559933446
 500.00 0.000667306837944 0.9874625175412
 499.00 0.000665304323572 0.9873683385619
 498.00 0.000663312592521 0.9872734503345
 497.00 0.000661331555910 0.9871778467273
 496.00 0.000659361125819 0.9870815215485
 495.00 0.000657401215274 0.9869844685455
 494.00 0.000655451738234 0.9868866814041
 493.00 0.000653512609582 0.9867881537479
 492.00 0.000651583745107 0.9866888791376
 491.00 0.000649665061495 0.9865888510706
 490.00 0.000647756476317 0.9864880629798
 489.00 0.000645857908019 0.9863865082333
 488.00 0.000643969275906 0.9862841801336
 487.00 0.000642090500132 0.9861810719167
 486.00 0.000640221501693 0.9860771767517
 485.00 0.000638362202409 0.9859724877396
 484.00 0.000636512524920 0.9858669979130
 483.00 0.000634672392670 0.9857607002354
 482.00 0.000632841729903 0.9856535875998
 481.00 0.000631020461645 0.9855456528287
 480.00 0.000629208513694 0.9854368886728
 479.00 0.000627405812613 0.9853272878104
 478.00 0.000625612285722 0.9852168428467
 477.00 0.000623827861084 0.9851055463127
 476.00 0.000622052467496 0.9849933906648
 475.00 0.000620286034483 0.9848803682834
 474.00 0.000618528492285 0.9847664714726
 473.00 0.000616779771850 0.9846516924593
 472.00 0.000615039804823 0.9845360233919
 471.00 0.000613308523541 0.9844194563399
 470.00 0.000611585861018 0.9843019832927
 469.00 0.000609871750942 0.9841835961592
 468.00 0.000608166127663 0.9840642867661
 467.00 0.000606468926187 0.9839440468578
 466.00 0.000604780082165 0.9838228680950
 465.00 0.000603099531889 0.9837007420540
 464.00 0.000601427212278 0.9835776602255
 463.00 0.000599763060876 0.9834536140140
 462.00 0.000598107015842 0.9833285947366
 461.00 0.000596459015938 0.9832025936218
 460.00 0.000594819000522 0.9830756018093
 459.00 0.000593186909549 0.9829476103480
 458.00 0.000591562683562 0.9828186101956
 457.00 0.000589946263678 0.9826885922176
 456.00 0.000588337591587 0.9825575471861
 455.00 0.000586736609542 0.9824254657785
 454.00 0.000585143260352 0.9822923385770
 453.00 0.000583557487376 0.9821581560671
 452.00 0.000581979234514 0.9820229086367
 451.00 0.000580408446205 0.9818865865749
 450.00 0.000578845067417 0.9817491800711
 449.00 0.000577289043639 0.9816106792134
 448.00 0.000575740320879 0.9814710739881
 447.00 0.000574198845656 0.9813303542781
 446.00 0.000572664564992 0.9811885098617
 445.00 0.000571137426408 0.9810455304117
 444.00 0.000569617377918 0.9809014054943
 443.00 0.000568104368020 0.9807561245672
 442.00 0.000566598345696 0.9806096769792
 441.00 0.000565099260400 0.9804620519686
 440.00 0.000563607062057 0.9803132386617
 439.00 0.000562121701057 0.9801632260720
 438.00 0.000560643128247 0.9800120030988
 437.00 0.000559171294923 0.9798595585254
 436.00 0.000557706152833 0.9797058810186
 435.00 0.000556247654164 0.9795509591267
 434.00 0.000554795751541 0.9793947812786
 433.00 0.000553350398018 0.9792373357821
 432.00 0.000551911547079 0.9790786108228
 431.00 0.000550479152627 0.9789185944623
 430.00 0.000549053168982 0.9787572746374
 429.00 0.000547633550877 0.9785946391581
 428.00 0.000546220253451 0.9784306757065
 427.00 0.000544813232244 0.9782653718351
 426.00 0.000543412443194 0.9780987149655
 425.00 0.000542017842633 0.9779306923869
 424.00 0.000540629387280 0.9777612912544
 423.00 0.000539247034238 0.9775904985876
 422.00 0.000537870740990 0.9774183012691
 421.00 0.000536500465393 0.9772446860427
 420.00 0.000535136165674 0.9770696395122
 419.00 0.000533777800428 0.9768931481392
 418.00 0.000532425328609 0.9767151982421
 417.00 0.000531078709533 0.9765357759940
 416.00 0.000529737902869 0.9763548674213
 415.00 0.000528402868634 0.9761724584018
 414.00 0.000527073567194 0.9759885346632
 413.00 0.000525749959256 0.9758030817811
 412.00 0.000524432005863 0.9756160851774
 411.00 0.000523119668394 0.9754275301188
 410.00 0.000521812908560 0.9752374017144
 409.00 0.000520511688397 0.9750456849143
 408.00 0.000519215970262 0.9748523645079
 407.00 0.000517925716836 0.9746574251214
 406.00 0.000516640891112 0.9744608512167
 405.00 0.000515361456398 0.9742626270888
 404.00 0.000514087376308 0.9740627368645
 403.00 0.000512818614763 0.9738611644998
 402.00 0.000511555135986 0.9736578937786
 401.00 0.000510296904498 0.9734529083101
 400.00 0.000509043885113 0.9732461915272
 399.00 0.000507796042938 0.9730377266839
 398.00 0.000506553343370 0.9728274968542
 397.00 0.000505315752092 0.9726154849288
 396.00 0.000504083235067 0.9724016736140
 395.00 0.000502855758539 0.9721860454290
 394.00 0.000501633289029 0.9719685827037
 393.00 0.000500415793328 0.9717492675770
 392.00 0.000499203238500 0.9715280819937
 391.00 0.000497995591874 0.9713050077034
 390.00 0.000496792821045 0.9710800262570
 389.00 0.000495594893867 0.9708531190052
 388.00 0.000494401778454 0.9706242670961
 387.00 0.000493213443175 0.9703934514725
 386.00 0.000492029856651 0.9701606528695
 385.00 0.000490850987754 0.9699258518126
 384.00 0.000489676805603 0.9696890286146
 383.00 0.000488507279560 0.9694501633735
 382.00 0.000487342379230 0.9692092359700
 381.00 0.000486182074457 0.9689662260648
 380.00 0.000485026335322 0.9687211130959
 379.00 0.000483875132140 0.9684738762764
 378.00 0.000482728435455 0.9682244945916
 377.00 0.000481586216044 0.9679729467963
 376.00 0.000480448444907 0.9677192114122
 375.00 0.000479315093270 0.9674632667252
 374.00 0.000478186132579 0.9672050907825
 373.00 0.000477061534499 0.9669446613899
 372.00 0.000475941270914 0.9666819561089
 371.00 0.000474825313920 0.9664169522541
 370.00 0.000473713635826 0.9661496268899
 369.00 0.000472606209150 0.9658799568278
 368.00 0.000471503006619 0.9656079186234
 367.00 0.000470404001164 0.9653334885734
 366.00 0.000469309165918 0.9650566427124
 365.00 0.000468218474218 0.9647773568102
 364.00 0.000467131899596 0.9644956063684
 363.00 0.000466049415783 0.9642113666172
 362.00 0.000464970996704 0.9639246125123
 361.00 0.000463896616476 0.9636353187320
 360.00 0.000462826249405 0.9633434596733
 359.00 0.000461759869986 0.9630490094491
 358.00 0.000460697452901 0.9627519418847
 357.00 0.000459638973016 0.9624522305143
 356.00 0.000458584405376 0.9621498485779
 355.00 0.000457533725210 0.9618447690175
 354.00 0.000456486907921 0.9615369644737
 353.00 0.000455443929093 0.9612264072824
 352.00 0.000454404764480 0.9609130694708
 351.00 0.000453369390010 0.9605969227540
 350.00 0.000452337781781 0.9602779385316
 349.00 0.000451309916061 0.9599560878833
 348.00 0.000450285769280 0.9596313415658
 347.00 0.000449265318034 0.9593036700088
 346.00 0.000448248539084 0.9589730433109
 345.00 0.000447235409353 0.9586394312361
 344.00 0.000446225905925 0.9583028032096
 343.00 0.000445220006038 0.9579631283139
 342.00 0.000444217687090 0.9576203752849
 341.00 0.000443218926633 0.9572745125076
 340.00 0.000442223702368 0.9569255080122
 339.00 0.000441231992153 0.9565733294698
 338.00 0.000440243773991 0.9562179441881
 337.00 0.000439259026034 0.9558593191076
 336.00 0.000438277726581 0.9554974207966
 335.00 0.000437299854075 0.9551322154473
 334.00 0.000436325387103 0.9547636688714
 333.00 0.000435354304390 0.9543917464953
 332.00 0.000434386584807 0.9540164133560
 331.00 0.000433422207361 0.9536376340963
 330.00 0.000432461151199 0.9532553729600
 329.00 0.000431503395597 0.9528695937880
 328.00 0.000430548919966 0.9524802600124
 327.00 0.000429597703849 0.9520873346529
 326.00 0.000428649726920 0.9516907803110
 325.00 0.000427704968981 0.9512905591658
 324.00 0.000426763409962 0.9508866329687
 323.00 0.000425825029919 0.9504789630386
 322.00 0.000424889809034 0.9500675102566
 321.00 0.000423957727610 0.9496522350611
 320.00 0.000423028766073 0.9492330974428
 319.00 0.000422102904971 0.9488100569389
 318.00 0.000421180124967 0.9483830726284
 317.00 0.000420260406845 0.9479521031265
 316.00 0.000419343731500 0.9475171065793
 315.00 0.000418430079949 0.9470780406582
 314.00 0.000417519433318 0.9466348625544
 313.00 0.000416611772848 0.9461875289736
 312.00 0.000415707079891 0.9457359961301
 311.00 0.000414805335907 0.9452802197410
 310.00 0.000413906522466 0.9448201550207
 309.00 0.000413010621243 0.9443557566751
 308.00 0.000412117614022 0.9438869788953
 307.00 0.000411227482688 0.9434137753524
 306.00 0.000410340209230 0.9429360991905
 305.00 0.000409455775741 0.9424539030215
 304.00 0.000408574164413 0.9419671389185
 303.00 0.000407695357536 0.9414757584096
 302.00 0.000406819337498 0.9409797124718
 301.00 0.000405946086785 0.9404789515246
 300.00 0.000405075587979 0.9399734254236
 299.00 0.000404207823757 0.9394630834539
 298.00 0.000403342776888 0.9389478743236
 297.00 0.000402480430233 0.9384277461574
 296.00 0.000401620766746 0.9379026464897
 295.00 0.000400763769468 0.9373725222579
 294.00 0.000399909421530 0.9368373197956
 293.00 0.000399057706151 0.9362969848256
 292.00 0.000398208606633 0.9357514624534
 291.00 0.000397362106366 0.9352006971595
 290.00 0.000396518188824 0.9346446327928
 289.00 0.000395676837560 0.9340832125631
 288.00 0.000394838036215 0.9335163790341
 287.00 0.000394001768505 0.9329440741163
 286.00 0.000393168018227 0.9323662390588
 285.00 0.000392336769255 0.9317828144428
 284.00 0.000391508005539 0.9311937401734
 283.00 0.000390681711106 0.9305989554722
 282.00 0.000389857870062 0.9299983988700
 281.00 0.000389036466583 0.9293920081982
 280.00 0.000388217484914 0.9287797205819
 279.00 0.000387400909373 0.9281614724313
 278.00 0.000386586724348 0.9275371994342
 277.00 0.000385774914294 0.9269068365475
 276.00 0.000384965463737 0.9262703179895
 275.00 0.000384158357265 0.9256275772315
 274.00 0.000383353579534 0.9249785469893
 273.00 0.000382551115267 0.9243231592154
 272.00 0.000381750949246 0.9236613450900
 271.00 0.000380953066319 0.9229930350129
 270.00 0.000380157451393 0.9223181585947
 269.00 0.000379364089438 0.9216366446484
 268.00 0.000378572965480 0.9209484211801
 267.00 0.000377784064604 0.9202534153809
 266.00 0.000376997371952 0.9195515536177
 265.00 0.000376212872723 0.9188427614241
 264.00 0.000375430552167 0.9181269634915
 263.00 0.000374650395592 0.9174040836602
 262.00 0.000373872388355 0.9166740449097
 261.00 0.000373096515866 0.9159367693501
 260.00 0.000372322763584 0.9151921782120
 259.00 0.000371551117020 0.9144401918379
 258.00 0.000370781561730 0.9136807296721
 257.00 0.000370014083319 0.9129137102514
 256.00 0.000369248667436 0.9121390511954
 255.00 0.000368485299777 0.9113566691969
 254.00 0.000367723966080 0.9105664800118
 253.00 0.000366964652126 0.9097683984499
 252.00 0.000366207343737 0.9089623383640
 251.00 0.000365452026775 0.9081482126410
 250.00 0.000364698687140 0.9073259331909
 249.00 0.000363947310781 0.9064954109371
 248.00 0.000363197883674 0.9056565558063
 247.00 0.000362450391833 0.9048092767181
 246.00 0.000361704821303 0.9039534815744
 245.00 0.000360961158167 0.9030890772492
 244.00 0.000360219388536 0.9022159695783
 243.00 0.000359479498555 0.9013340633485
 242.00 0.000358741474399 0.9004432622868
 241.00 0.000358005302272 0.8995434690503
 240.00 0.000357270968405 0.8986345852150
 239.00 0.000356538459061 0.8977165112650
 238.00 0.000355807760524 0.8967891465822
 237.00 0.000355078859103 0.8958523894345
 236.00 0.000354351741130 0.8949061369657
 235.00 0.000353626392959 0.8939502851836
 234.00 0.000352902800964 0.8929847289499
 233.00 0.000352180951538 0.8920093619682
 232.00 0.000351460831094 0.8910240767732
 231.00 0.000350742426059 0.8900287647194
 230.00 0.000350025722879 0.8890233159700
 229.00 0.000349310708013 0.8880076194851
 228.00 0.000348597367932 0.8869815630108
 227.00 0.000347885689120 0.8859450330677
 226.00 0.000347175658074 0.8848979149392
 225.00 0.000346467261299 0.8838400926602
 224.00 0.000345760485318 0.8827714490056
 223.00 0.000345055316649 0.8816918654789
 222.00 0.000344351741815 0.8806012223000
 221.00 0.000343649747344 0.8794993983945
 220.00 0.000342949319763 0.8783862713811
 219.00 0.000342250445605 0.8772617175607
 218.00 0.000341553111397 0.8761256119042
 217.00 0.000340857303662 0.8749778280411
 216.00 0.000340163008927 0.8738182382479
 215.00 0.000339470213714 0.8726467134360
 214.00 0.000338778904539 0.8714631231403
 213.00 0.000338089067910 0.8702673355076
 212.00 0.000337400690330 0.8690592172846
 211.00 0.000336713758288 0.8678386338064
 210.00 0.000336028258264 0.8666054489849
 209.00 0.000335344176725 0.8653595252968
 208.00 0.000334661500123 0.8641007237725
 207.00 0.000333980214898 0.8628289039839
 206.00 0.000333300307466 0.8615439240334
 205.00 0.000332621764229 0.8602456405418
 204.00 0.000331944571566 0.8589339086374
 203.00 0.000331268715826 0.8576085819438
 202.00 0.000330594183332 0.8562695125692
 201.00 0.000329920960379 0.8549165510945
 200.00 0.000329249033234 0.8535495465621
 199.00 0.000328578388133 0.8521683464651
 198.00 0.000327909011275 0.8507727967355
 197.00 0.000327240888832 0.8493627417336
 196.00 0.000326574006937 0.8479380242369
 195.00 0.000325908351690 0.8464984854293
 194.00 0.000325243909147 0.8450439648902
 193.00 0.000324580665325 0.8435743005839
 192.00 0.000323918606196 0.8420893288491
 191.00 0.000323257717686 0.8405888843887
 190.00 0.000322597985670 0.8390728002590
 189.00 0.000321939395976 0.8375409078598
 188.00 0.000321281934384 0.8359930369247
 187.00 0.000320625586616 0.8344290155110
 186.00 0.000319970338334 0.8328486699901
 185.00 0.000319316175144 0.8312518250379
 184.00 0.000318663082585 0.8296383036257
 183.00 0.000318011046137 0.8280079270111
 182.00 0.000317360051208 0.8263605147288
 181.00 0.000316710083138 0.8246958845824
 180.00 0.000316061127189 0.8230138526358
 179.00 0.000315413168550 0.8213142332046
 178.00 0.000314766192333 0.8195968388486
 177.00 0.000314120183570 0.8178614803643
 176.00 0.000313475127213 0.8161079667767
 175.00 0.000312831008131 0.8143361053333
 174.00 0.000312187811126 0.8125457014966
 173.00 0.000311545520893 0.8107365589380
 172.00 0.000310904122030 0.8089084795315
 171.00 0.000310263599035 0.8070612633480
 170.00 0.000309623936302 0.8051947086496
 169.00 0.000308985118119 0.8033086118846
 168.00 0.000308347128667 0.8014027676831
 167.00 0.000307709952013 0.7994769688522
 166.00 0.000307073572112 0.7975310063727
 165.00 0.000306437972799 0.7955646693953
 164.00 0.000305803137794 0.7935777452379
 163.00 0.000305169050690 0.7915700193830
 162.00 0.000304535694970 0.7895412754760
 161.00 0.000303903053965 0.7874912953236
 160.00 0.000303271110863 0.7854198588928
 159.00 0.000302639848708 0.7833267443104
 158.00 0.000302009250398 0.7812117278632
 157.00 0.000301379298677 0.7790745839990
 156.00 0.000300749976137 0.7769150853278
 155.00 0.000300121265211 0.7747330026235
 154.00 0.000299493148169 0.7725281048275
 153.00 0.000298865607112 0.7703001590510
 152.00 0.000298238623971 0.7680489305799
 151.00 0.000297612180517 0.7657741828794
 150.00 0.000296986258309 0.7634756775997
 149.00 0.000296360838702 0.7611531745816
 148.00 0.000295735902854 0.7588064318643
 147.00 0.000295111431723 0.7564352056929
 146.00 0.000294487406058 0.7540392505276
 145.00 0.000293863806393 0.7516183190529
 144.00 0.000293240613046 0.7491721621887
 143.00 0.000292617806109 0.7467005291018
 142.00 0.000291995365470 0.7442031672186
 141.00 0.000291373270782 0.7416798222388
 140.00 0.000290751501410 0.7391302381498
 139.00 0.000290130036458 0.7365541572424
 138.00 0.000289508854761 0.7339513201272
 137.00 0.000288887934882 0.7313214657528
 136.00 0.000288267255103 0.7286643314250
 135.00 0.000287646793420 0.7259796528266
 134.00 0.000287026527534 0.7232671640397
 133.00 0.000286406434865 0.7205265975679
 132.00 0.000285786492520 0.7177576843615
 131.00 0.000285166677242 0.7149601538424
 130.00 0.000284546965432 0.7121337339307
 129.00 0.000283927333141 0.7092781510734
 128.00 0.000283307756070 0.7063931302744
 127.00 0.000282688209553 0.7034783951256
 126.00 0.000282068668544 0.7005336678403
 125.00 0.000281449107631 0.6975586692878
 124.00 0.000280829501016 0.6945531190301
 123.00 0.000280209822436 0.6915167353597
 122.00 0.000279590045191 0.6884492353392
 121.00 0.000278970142131 0.6853503348431
 120.00 0.000278350085650 0.6822197486009
 119.00 0.000277729847665 0.6790571902432
 118.00 0.000277109399612 0.6758623723487
 117.00 0.000276488712486 0.6726350064942
 116.00 0.000275867756719 0.6693748033066
 115.00 0.000275246502175 0.6660814725157
 114.00 0.000274624918156 0.6627547230109
 113.00 0.000274002973385 0.6593942628986
 112.00 0.000273380635980 0.6559997995634
 111.00 0.000272757873452 0.6525710397309
 110.00 0.000272134652751 0.6491076895336
 109.00 0.000271510940116 0.6456094545790
 108.00 0.000270886701082 0.6420760400202
 107.00 0.000270261900481 0.6385071506288
 106.00 0.000269636502401 0.6349024908714
 105.00 0.000269010470173 0.6312617649881
 104.00 0.000268383766402 0.6275846770749
 103.00 0.000267756352923 0.6238709311690
 102.00 0.000267128190627 0.6201202313365
 101.00 0.000266499239522 0.6163322817627
 100.00 0.000265869458700 0.6125067868466
  99.00 0.000265238806319 0.6086434512987
  98.00 0.000264607239621 0.6047419802420
  97.00 0.000263974714915 0.6008020793175
  96.00 0.000263341187335 0.5968234547922
  95.00 0.000262706610908 0.5928058136701
  94.00 0.000262070938529 0.5887488638081
  93.00 0.000261434121927 0.5846523140358
  92.00 0.000260796111721 0.5805158742793
  91.00 0.000260156857262 0.5763392556898
  90.00 0.000259516306452 0.5721221707751
  89.00 0.000258874405789 0.5678643335350
  88.00 0.000258231100323 0.5635654596021
  87.00 0.000257586333667 0.5592252663875
  86.00 0.000256940048051 0.5548434732319
  85.00 0.000256292183917 0.5504198015605
  84.00 0.000255642679962 0.5459539750418
  83.00 0.000254991473084 0.5414457197529
  82.00 0.000254338498356 0.5368947643491
  81.00 0.000253683689174 0.5323008402411
  80.00 0.000253026976733 0.5276636817763
  79.00 0.000252368290013 0.5229830264248
  78.00 0.000251707555774 0.5182586149713
  77.00 0.000251044698503 0.5134901917143
  76.00 0.000250379640568 0.5086775046725
  75.00 0.000249712301547 0.5038203057961
  74.00 0.000249042598256 0.4989183511835
  73.00 0.000248370444713 0.4939714013058
  72.00 0.000247695752140 0.4889792212382
  71.00 0.000247018428962 0.4839415809013
  70.00 0.000246338379966 0.4788582553065
  69.00 0.000245655506469 0.4737290248075
  68.00 0.000244969706212 0.4685536753627
  67.00 0.000244280873610 0.4633319988053
  66.00 0.000243588898927 0.4580637931241
  65.00 0.000242893667899 0.4527488627464
  64.00 0.000242195061797 0.4473870188339
  63.00 0.000241492957477 0.4419780795866
  62.00 0.000240787227225 0.4365218705613
  61.00 0.000240077737448 0.4310182249929
  60.00 0.000239364348959 0.4254669841270
  59.00 0.000238646916869 0.4198679975648
  58.00 0.000237925290731 0.4142211236222
  57.00 0.000237199312576 0.4085262296950
  56.00 0.000236468817218 0.4027831926350
  55.00 0.000235733632208 0.3969918991403
  54.00 0.000234993578109 0.3911522461631
  53.00 0.000234248465808 0.3852641413260
  52.00 0.000233498096783 0.3793275033476
  51.00 0.000232742263124 0.3733422624868
  50.00 0.000231980747647 0.3673083610084
  49.00 0.000231213320368 0.3612257536553
  48.00 0.000230439738985 0.3550944081353
  47.00 0.000229659749279 0.3489143056307
  46.00 0.000228873084032 0.3426854413322
  45.00 0.000228079458765 0.3364078249778
  44.00 0.000227278572607 0.3300814814131
  43.00 0.000226470109660 0.3237064511813
  42.00 0.000225653733894 0.3172827911388
  41.00 0.000224829086448 0.3108105750738
  40.00 0.000223995786739 0.3042898943608
  39.00 0.000223153433308 0.2977208586539
  38.00 0.000222301593508 0.2911035965940
  37.00 0.000221439804245 0.2844382565368
  36.00 0.000220567574830 0.2777250073292
  35.00 0.000219684378023 0.2709640391296
  34.00 0.000218789642260 0.2641555642299
  33.00 0.000217882755042 0.2572998179335
  32.00 0.000216963062857 0.2503970595021
  31.00 0.000216029848149 0.2434475731157
  30.00 0.000215082332187 0.2364516688732
  29.00 0.000214119682753 0.2294096838883
  28.00 0.000213140980775 0.2223219834367
  27.00 0.000212145213981 0.2151889621201
  26.00 0.000211131290043 0.2080110451533
  25.00 0.000210098001507 0.2007886897570
  24.00 0.000209043992632 0.1935223865506
  23.00 0.000207967779493 0.1862126610979
  22.00 0.000206867720659 0.1788600756327
  21.00 0.000205741927952 0.1714652307836
  20.00 0.000204588299008 0.1640287674851
  19.00 0.000203404494068 0.1565513691832
  18.00 0.000202187743155 0.1490337640564
  17.00 0.000200934890089 0.1414767274761
  16.00 0.000199646411803 0.1338810849979
  15.00 0.000198567625065 0.1262478751638
  14.00 0.000197450913756 0.1185781431922
  13.00 0.000196291921375 0.1108728255540
  12.00 0.000195085446795 0.1031329237698
  11.00 0.000193825202048 0.0953595097596
  10.00 0.000192503474899 0.0875537321025
   9.00 0.000191110647193 0.0797168234602
   8.00 0.000189634487967 0.0718501095259
   7.00 0.000188059082654 0.0639550200139
   6.00 0.000186363152116 0.0560331024600
   5.00 0.000184517309494 0.0480860400224
   4.00 0.000182479415996 0.0401156752442
   3.00 0.000180186615081 0.0321240433568
   2.00 0.000177543332154 0.0241134235283
   1.00 0.000174425666853 0.0160864438164
   0.00 0.000170961551445 0.0080465472097
