META,target_z,1100
META,z,1099.9986525171403
META,zstart,1700.4825068138662
META,iz_local,5127
META,xe,0.1449299966903522
META,xHII,0.1449299966903522
META,x1s,0.85507000330964777
META,nH_cm3,250.18675437302318
META,H_sInv,4.9696512229238343e-14
META,TM_eV_rescaled,0.25882127610727856
META,TR_eV_rescaled,0.25882399309326415
META,TM_over_TR,0.99998950257295272
META,fsR,1
META,meR,1
META,dxHIIdlna,-1.5028593700636264
META,A2p_up_sInv,3744.6148446595753
META,A2p_dn_sInv,3764.3312792072393
META,Dfplus_Lya,7.6643364422337378e-15
META,Dfplus_Lyb,5.0400233218132915e-18
META,Dfminus_Lya,7.6840819558108666e-15
META,Dfminus_Lyb,5.1952857375951816e-18
META,Dfminus_Lyg,4.0405073554118018e-19
REAL,0,6.5565949922896059e-15,1.1021802291516718e-12,2.0993758538652638e-13,1.6034632711963711e-18,164.70956012126084
TRR,0,0,2506.7499481578852
TRR,0,1,-777.67516448085541
REAL,1,1.9711283950160407e-14,2.9202019361027808e-12,5.5218013421745193e-13,5.2438399373101717e-18,144.40669400086173
TRR,1,0,-2333.0254934425661
TRR,1,1,8454.0706521232805
VIRTUAL,0,5.1790431999999997,9.0182351855791058e-14,9.3177378417870684e-14,9.6172404977004122e-14,2.0297802692869832e-06,2.9510846503062979e-09,7.967318127215299e-14,6.5630046206650973e-14,0.8510978283905839,0,0,1.2558308674008835e-09,1.4755423237016656e-09
TRV,0,0,-1.2558308674008835e-09
TRV,1,0,-0
TVR,0,0,-0.33243251376834526
TVR,1,0,-0
TVV,0,0,0.8510978283905839
TVV,1,0,0
TVV,2,0,0
VIRTUAL,1,5.3383878999999999,8.449054462489405e-14,8.7223107757442704e-14,8.9955670885452215e-14,1.0966703898734452e-06,4.98338128364607e-09,7.4581863038834292e-14,6.7339679332773672e-14,0.93209733067858647,0,0,2.3224981922621001e-09,2.4916906376840201e-09
TRV,0,1,-2.3224981922621001e-09
TRV,1,1,-0
TVR,0,1,-0.3321657240260889
TVR,1,1,-0
TVV,0,1,0.93209733067858647
TVV,1,1,0
TVV,2,1,0
VIRTUAL,2,5.4977327000000002,7.9148457356324447e-14,8.164620605602321e-14,8.4143954748702524e-14,5.9252003655275315e-07,8.4309352807636274e-09,6.9813221682543952e-14,6.8901054431150831e-14,1.0180796208450911,0,0,4.2916816849437039e-09,4.2154676285350355e-09
TRV,0,2,-4.2916816849437039e-09
TRV,1,2,-0
TVR,0,2,-0.3316300353986793
TVR,1,2,-0
TVV,0,2,1.0180796208450911
TVV,1,2,0
TVV,2,2,0
VIRTUAL,3,5.6571046000000003,7.4147390953801631e-14,7.6434340965470312e-14,7.8721290966246225e-14,3.2009912848660013e-07,1.4289014550714322e-08,6.5356712182315446e-14,7.032521232983984e-14,1.1092093198657338,0,0,7.9247540179290612e-09,7.1445072413278382e-09
TRV,0,3,-7.9247540179290612e-09
TRV,1,3,-0
TVR,0,3,-0.33082140060771636
TVR,1,3,-0
TVV,0,3,1.1092093198657338
TVV,1,3,0
TVV,2,3,0
VIRTUAL,4,5.8164493000000004,6.9428158377675606e-14,7.1525334881262916e-14,7.362251136789643e-14,1.7294642250063031e-07,2.4252335863506959e-08,6.1159168333645148e-14,7.1571815979328341e-14,1.2056041247769838,0,0,1.4619357958075855e-08,1.2126167833724181e-08
TRV,0,4,-1.4619357958075855e-08
TRV,1,4,-0
TVR,0,4,-0.32973359406620473
TVR,1,4,-0
TVV,0,4,1.2056041247769838
TVV,1,4,0
TVV,2,4,0
VIRTUAL,5,5.9758212000000004,6.4985319080478807e-14,6.691107149292816e-14,6.8836823878915863e-14,9.3431438098546551e-08,4.1222822157975305e-08,5.7213650122910161e-14,7.2650831466153074e-14,1.3074457300974811,0,0,2.6948301036211311e-08,2.0611410795767476e-08
TRV,0,5,-2.6948301036211311e-08
TRV,1,5,-0
TVR,0,5,-0.32835810247068931
TVR,1,5,-0
TVV,0,5,1.3074457300974811
TVV,1,5,0
TVV,2,5,0
VIRTUAL,6,6.1351658999999996,6.0772391332249578e-14,6.2547900183133512e-14,6.4323408992384989e-14,5.0480390666453707e-08,7.0344583573145831e-08,5.3482833216603494e-14,7.3522083488536392e-14,1.4148481263858503,0,0,4.9763449968066042e-08,3.5172290961846177e-08
TRV,0,6,-4.9623186283421453e-08
TRV,1,6,-1.4026368464458765e-10
TVR,0,6,-0.32668416574552561
TVR,1,6,-0.00030779915757390747
TVV,0,6,1.4148481263858503
TVV,1,6,0
TVV,2,6,0
VIRTUAL,7,6.2945105999999997,5.6772123777053964e-14,5.8406231473162953e-14,6.0040339104000782e-14,2.72740621862556e-08,1.1982895336182754e-07,4.9941416539061496e-14,7.4174323206333321e-14,1.5279769617855508,0,0,9.1547936389175892e-08,5.9914474287750752e-08
TRV,0,7,-9.1287095803530648e-08
TRV,1,7,-2.6084058564523823e-10
TVR,0,7,-0.32469822910176699
TVR,1,7,-0.00030926049109634382
TVV,0,7,1.5279769617855508
TVV,1,7,0
TVV,2,7,0
VIRTUAL,8,6.4538826,5.2955265475276796e-14,5.4460725252370429e-14,5.5966184926918366e-14,1.4734359492356578e-08,2.0434757154665982e-07,4.6567732521790199e-14,7.4576993347473035e-14,1.6470018761463763,0,0,1.6828040539908744e-07,1.0217377881367491e-07
TRV,0,8,-1.6777296197830722e-07
TRV,1,8,-5.0744342078023366e-10
TVR,0,8,-0.32238422616001433
TVR,1,8,-0.00032502606021697807
TVV,0,8,1.6470018761463763
TVV,1,8,0
TVV,2,8,0
VIRTUAL,9,6.6132273000000001,5.0863863671835702e-14,5.2251639500403767e-14,5.363941516768763e-14,7.9608311612457744e-09,3.4865325709557485e-07,4.4678809560544773e-14,7.7069443544487914e-14,1.7720308614935829,0,0,3.0891212986573001e-07,1.7432660828793848e-07
TRV,0,9,-3.0796023580688747e-07
TRV,1,9,-9.5189405884252782e-10
TVR,0,9,-0.31972275520880927
TVR,1,9,-0.00032941719500746751
TVV,0,9,1.7720308614935829
TVV,1,9,0
TVV,2,9,0
VIRTUAL,10,6.7725720000000003,4.9058505473421953e-14,5.033846585568267e-14,5.16184259840091e-14,4.3011598516607111e-09,5.9517678002246266e-07,4.3042912165821173e-14,7.9837644500810389e-14,1.9032325630019962,0,0,5.6637980187532225e-07,2.9758833097199808e-07
TRV,0,10,-5.6458568713427995e-07
TRV,1,10,-1.7941147410423476e-09
TVR,0,10,-0.31669110001059497
TVR,1,10,-0.00033545552891471603
TVV,0,10,1.9032325630019962
TVV,1,10,0
TVV,2,10,0
VIRTUAL,11,6.9319439000000003,4.9168568199051328e-14,5.0349448664713964e-14,5.1530342821585958e-14,2.3236308519322356e-09,1.0164376142811635e-06,4.3052303236375909e-14,8.5800091232928134e-14,2.0407919730731181,0,0,1.0371623226062379e-06,5.0821560271252508e-07
TRV,0,11,-1.0337636117103102e-06
TRV,1,11,-3.3987108959278002e-09
TVR,0,11,-0.31326269958812669
TVR,1,11,-0.00034330522578446737
TVV,0,11,2.0407919730731181
TVV,1,11,0
TVV,2,11,0
VIRTUAL,12,7.0912886000000004,5.3230672911787746e-14,5.4320270905966383e-14,5.540988201132944e-14,1.2554353402395965e-09,1.7358945729449065e-06,4.6447634223345641e-14,9.9442630357631653e-14,2.1847882563163643,0,0,1.8962679837846697e-06,8.6794131115563999e-07
TRV,0,12,-1.8897963234795261e-06
TRV,1,12,-6.4716603051435191e-09
TVR,0,12,-0.30940657333020821
TVR,1,12,-0.00035319048476165576
TVV,0,12,2.1847882563163643
TVV,1,12,0
TVV,2,12,0
VIRTUAL,13,7.2506605000000004,6.0027209195528845e-14,6.1032427839997524e-14,6.2037636163765898e-14,6.7822837285719363e-10,2.9644998341622125e-06,5.2186998275142523e-14,1.1987018809620873e-13,2.335403930817324,0,0,3.4616649224166647e-06,1.4822553292548335e-06
TRV,0,13,-3.4492710588699227e-06
TRV,1,13,-1.2393863546741933e-08
TVR,0,13,-0.30508672540804044
TVR,1,13,-0.00036541085349092142
TVV,0,13,2.335403930817324
TVV,1,13,0
TVV,2,13,0
VIRTUAL,14,7.4100051999999996,7.1151723059757707e-14,7.2078673030032919e-14,7.3005619403323562e-14,3.6644030292237541e-10,5.0601996048219414e-06,6.1632311186345271e-14,1.5166056503402669e-13,2.4927956350867766,0,0,6.3070180234382885e-06,2.5300983099718621e-06
TRV,0,14,-6.2831400648172755e-06
TRV,1,14,-2.3877958621012651e-08
TVR,0,14,-0.30026161716507366
TVR,1,14,-0.00038036366085447519
TVV,0,14,2.4927956350867766
TVV,1,14,0
TVV,2,14,0
VIRTUAL,15,7.56935,8.103484785453961e-14,8.1888935374694833e-14,8.2743019593388773e-14,1.9798413397826812e-10,8.6313914148823301e-06,7.0020772241863846e-14,1.841108127971012e-13,2.6570986411310518,0,0,1.1467201873963442e-05,4.3156854233616926e-06
TRV,0,15,-1.1420891032243737e-05
TRV,1,15,-4.6310841719705336e-08
TVR,0,15,-0.29488317186824969
TVR,1,15,-0.00039857625409554049
TVV,0,15,2.6570986411310518
TVV,1,15,0
TVV,2,15,0
VIRTUAL,16,7.7287219,8.521214001681954e-14,8.5998123241826449e-14,8.6784103010088001e-14,1.069577170505972e-10,1.4708877231936192e-05,7.3534415525012034e-14,2.0608961653565872e-13,2.8284998602150084,0,0,2.0801921354079863e-05,7.3544007007653178e-06
TRV,0,16,-2.0711427869968895e-05
TRV,1,16,-9.049348411096629e-08
TVR,0,16,-0.28889597615022283
TVR,1,16,-0.00042075327675145216
TVV,0,16,2.8284998602150084
TVV,1,16,0
TVV,2,16,0
VIRTUAL,17,7.8880666000000002,8.3213675306325311e-14,8.393575422551192e-14,8.4657827330347629e-14,5.7788253702817111e-11,2.5026758401492666e-05,7.1770945643406257e-14,2.1396227848184143e-13,3.0070889401094738,0,0,3.7628524834867826e-05,1.2513272997338731e-05
TRV,0,17,-3.745024887844284e-05
TRV,1,17,-1.7827595642498854e-07
TVR,0,17,-0.28223654784578306
TVR,1,17,-0.00044784740655628383
TVV,0,17,3.0070889401094738
TVV,1,17,0
TVV,2,17,0
VIRTUAL,18,8.0474113000000003,7.7011419688154135e-14,7.7673249292664935e-14,7.8335069458598691e-14,3.1222459297941094e-11,4.2499883234933908e-05,6.6416065529750104e-14,2.1025831547016157e-13,3.1930491862585701,0,0,6.7851150780868529e-05,2.1249641588005908e-05
TRV,0,18,-6.7496638542561822e-05
TRV,1,18,-3.5451223830670484e-07
TVR,0,18,-0.27483230422426358
TVR,1,18,-0.0004811667535517092
TVV,0,18,3.1930491862585701
TVV,1,18,0
TVV,2,18,0
VIRTUAL,19,8.2067832000000003,6.8776704172247171e-14,6.9381426334371442e-14,6.9986134009489746e-14,1.6867438203597696e-11,7.1998199153581793e-05,5.9325976445359076e-14,1.9915333926342232e-13,3.3865710800091153,0,0,0.00012191058113532922,3.5998234867995471e-05
TRV,0,19,-0.00012119793097719614
TRV,1,19,-7.1265015813307397e-07
TVR,0,19,-0.26660131730328046
TVR,1,19,-0.00052254321891137632
TVV,0,19,3.3865710800091153
TVV,1,19,0
TVV,2,19,0
VIRTUAL,20,8.3195130000000006,6.2928852897920226e-14,6.3162475671442678e-14,6.3396095088556619e-14,1.0911748022167988e-11,4.3069411089013718e-05,5.4008338281426037e-14,1.8983354677315388e-13,3.5280182895080028,0,0,7.597374469725365e-05,2.153439649765776e-05
TRV,0,20,-7.5488091291005144e-05
TRV,1,20,-4.8565340624851325e-07
TVR,0,20,-0.10742125685751337
TVR,1,20,-0.00023036525101350277
TVV,0,20,3.5280182895080028
TVV,1,20,0
TVV,2,20,0
VIRTUAL,21,8.3846760000000007,5.9363076478876334e-14,5.9583526847934501e-14,5.9803973365980007e-14,8.4830927913700598e-12,5.2341236087983811e-05,5.0948086499063837e-14,1.8331753759476422e-13,3.6115805823428428,0,0,9.4515647962128179e-05,2.6170161735894482e-05
TRV,0,21,-9.3876722233095155e-05
TRV,1,21,-6.389257290330259e-07
TVR,0,21,-0.10385544110754853
TVR,1,21,-0.00023561365673777193
TVV,0,21,3.6115805823428428
TVV,1,21,0
TVV,2,21,0
VIRTUAL,22,8.4486422999999995,5.593410915759015e-14,5.6142115605496573e-14,5.6350117663004041e-14,6.625553221181698e-12,6.3325083288024895e-05,4.8005438976602584e-14,1.7671176490826907e-13,3.6948840849998774,0,0,0.00011698695173059838,3.1661873292732068e-05
TRV,0,22,-0.00011614875586769369
TRV,1,22,-8.3819586290469927e-07
TVR,0,22,-0.10035833736759969
TVR,1,22,-0.00024141439013873468
TVV,0,22,3.6948840849998774
TVV,1,22,0
TVV,2,22,0
VIRTUAL,23,8.5114391999999999,5.2664503317130436e-14,5.2860740523304293e-14,5.3056972741647737e-14,5.1981919564318515e-12,7.6276804747544617e-05,4.5199633574212234e-14,1.7011947321902934e-13,3.7779040923733858,0,0,0.00014407956250070259,3.8137432549323336e-05
TRV,0,23,-0.00014298287444862369
TRV,1,23,-1.0966880520789093e-06
TVR,0,23,-0.096928764220657215
TVR,1,23,-0.00024781666576851512
TVV,0,23,3.7779040923733858
TVV,1,23,0
TVV,2,23,0
VIRTUAL,24,8.5730938000000005,4.9566012937844717e-14,4.9751106663358581e-14,4.9936194744866218e-14,4.0963706702407229e-12,9.1479270834703564e-05,4.254067893929666e-14,1.636148216101361e-13,3.8606181700691407,0,0,0.00017657788314418867,4.5738240707970945e-05
TRV,0,24,-0.00017514656149220247
TRV,1,24,-1.4313216519861891e-06
TVR,0,24,-0.09356571700838133
TVR,1,24,-0.00025487727820008399
TVV,0,24,3.8606181700691407
TVV,1,24,0
TVV,2,24,0
VIRTUAL,25,8.6336334000000008,4.6643139839331488e-14,4.681767108011109e-14,4.6992195963393193e-14,3.242030899767184e-12,0.00010924345233921544,4.0032386165420592e-14,1.5725093323741589e-13,3.9430066017632091,0,0,0.00021536598569916072,5.461973753806415e-05
TRV,0,25,-0.00021350224483757498
TRV,1,25,-1.8637408615857387e-06
TVR,0,25,-0.090268241038535424
TVR,1,25,-0.00026266173368961945
TVV,0,25,3.9430066017632091
TVV,1,25,0
TVV,2,25,0
VIRTUAL,26,8.6930850999999993,4.3894860857133666e-14,4.4059370013189467e-14,4.4223872046746783e-14,2.5766803921896881e-12,0.00012990936533029604,3.7673845662998912e-14,1.5106317934376484e-13,4.0250518760498748,0,0,0.00026143464538089375,6.4951869797380546e-05
TRV,0,26,-0.00025901301044039681
TRV,1,26,-2.4216349404969542e-06
TVR,0,26,-0.087035606216982586
TVR,1,26,-0.00027124566023924406
TVV,0,26,4.0250518760498748
TVV,1,26,0
TVV,2,26,0
VIRTUAL,27,8.7515034000000007,4.131562694150869e-14,4.1470615589231432e-14,4.1625596289566433e-14,2.0560705660298879e-12,0.00015386148897201455,3.5460279409137251e-14,1.4507205477447946e-13,4.1067773110556649,0,0,0.00031592123170423277,7.6926798746490554e-05
TRV,0,27,-0.00031278045164527893
TRV,1,27,-3.1407800589538293e-06
TVR,0,27,-0.083867137997147331
TVR,1,27,-0.00028071685558501367
TVV,0,27,4.1067773110556649
TVV,1,27,0
TVV,2,27,0
VIRTUAL,28,8.8088609000000009,3.890085232035969e-14,3.9046791740502336e-14,3.919272233333682e-14,1.6473865843005926e-12,0.00018147285438516961,3.3387740342782461e-14,1.3929572593489449e-13,4.1880938841203177,0,0,0.00037998968893497321,9.0730938572258779e-05
TRV,0,28,-0.0003759236660622768
TRV,1,28,-4.0660228726964344e-06
TVR,0,28,-0.080762304276218874
TVR,1,28,-0.00029117735512504661
TVV,0,28,4.1880938841203177
TVV,1,28,0
TVV,2,28,0
VIRTUAL,29,8.8651850000000003,3.6642403375818484e-14,3.6779733953081879e-14,3.6917054772787627e-14,1.3252173548662102e-12,0.00021316623522254401,3.1449247232989687e-14,1.3374097457175889e-13,4.2689901100978096,0,0,0.00045496994604264494,0.00010657554463910923
TRV,0,29,-0.00044971461645894388
TRV,1,29,-5.255329583701055e-06
TVR,0,29,-0.077720725816543851
TVR,1,29,-0.00030274609326430465
TVV,0,29,4.2689901100978096
TVV,1,29,0
TVV,2,29,0
VIRTUAL,30,8.9205573000000005,3.4529735305592127e-14,3.4658866566560057e-14,3.4787987091134884e-14,1.0699805354703912e-12,0.00024944110927011318,2.9635757149777146e-14,1.2840552428355662e-13,4.3495362262082091,0,0,0.00054243146794282144,0.00012471018511683862
TRV,0,30,-0.00053564694781914107
TRV,1,30,-6.7845201236803524e-06
TVR,0,30,-0.074742284043809004
TVR,1,30,-0.00031556266196708366
TVV,0,30,4.3495362262082091
TVV,1,30,0
TVV,2,30,0
VIRTUAL,31,8.9749504000000009,3.2555817316804695e-14,3.2677136486012449e-14,3.2798443898362743e-14,8.6717710679868822e-13,0.00029074486541579941,2.7941239203244477e-14,1.2329239319685805e-13,4.4296472343141149,0,0,0.00064388619020732817,0.00014535834484052934
TRV,0,31,-0.00063513752907331112
TRV,1,31,-8.7486611340170631e-06
TVR,0,31,-0.071826787605711609
TVR,1,31,-0.0003297911587874146
TVV,0,31,4.4296472343141149
TVV,1,31,0
TVV,2,31,0
VIRTUAL,32,9.0283917000000002,3.0711740616601185e-14,3.0825611853648121e-14,3.0939470277551034e-14,7.0540240784595833e-13,0.00033758893324348287,2.6358056029720818e-14,1.1839782579554046e-13,4.509318687247081,0,0,0.00076106239806800408,0.00016877547382498914
TRV,0,32,-0.00074979092288640528
TRV,1,32,-1.1271475181598787e-05
TVR,0,32,-0.06897422984513546
TVR,1,32,-0.00034562582543076851
TVV,0,32,4.509318687247081
TVV,1,32,0
TVV,2,32,0
VIRTUAL,33,9.0809081999999997,2.8988866855627221e-14,2.9095633750490888e-14,2.9202386748158293e-14,5.7586143589497704e-13,0.00039051435128828813,2.4878803647328541e-14,1.137164732846904e-13,4.5885478812953977,0,0,0.00089583028470365455,0.0001952317613063137
TRV,0,33,-0.00088131727893019064
TRV,1,33,-1.4513005773463952e-05
TVR,0,33,-0.066184874612110048
TVR,1,33,-0.00036329764180860361
TVV,0,33,4.5885478812953977
TVV,1,33,0
TVV,2,33,0
VIRTUAL,34,9.1325544999999995,2.7378197294556013e-14,2.7478183404452652e-14,2.7578154512918773e-14,4.7169295396617268e-13,0.00045013635658695144,2.3495770374588438e-14,1.0923998656542033e-13,4.6673767686190724,0,0,0.0010503203855124394,0.00022503441174370753
TRV,0,34,-0.0010316373294972803
TRV,1,34,-1.8683056015159014e-05
TVR,0,34,-0.063459033418178823
TVR,1,34,-0.00038308316373075052
TVV,0,34,4.6673767686190724
TVV,1,34,0
TVV,2,34,0
VIRTUAL,35,9.1833033000000004,2.5873389637116129e-14,2.5966904378039306e-14,2.6060403005260167e-14,3.877099600423739e-13,0.00051697846085971386,2.2203521012471376e-14,1.0496517806840217e-13,4.7457242776049986,0,0,0.001226507248330428,0.00025844469180780205
TRV,0,35,-0.0012024579753451793
TRV,1,35,-2.4049272985248711e-05
TVR,0,35,-0.06079700884412876
TVR,1,35,-0.00040531530480564573
TVV,0,35,4.7457242776049986
TVV,1,35,0
TVV,2,35,0
VIRTUAL,36,9.2331818000000005,2.4466984436964055e-14,2.4554322075761461e-14,2.4641642491430803e-14,3.1975334952674479e-13,0.00059166202536269715,2.099566425858751e-14,1.0088447416359564e-13,4.8235933657356931,0,0,0.0014266871243921796,0.00029577267738334356
TRV,0,36,-0.0013957219651528374
TRV,1,36,-3.0965159239342245e-05
TVR,0,36,-0.058199257358356807
TVR,1,36,-0.00043039834501604727
TVV,0,36,4.8235933657356931
TVV,1,36,0
TVV,2,36,0
VIRTUAL,37,9.2822172999999992,2.3152003104342083e-14,2.323344443456851e-14,2.331486744666586e-14,2.645684566864111e-13,0.00067484755238838364,1.9866221409561013e-14,9.6990114827761091e-14,4.9009894010981734,0,0,0.0016533384130562696,0.00033734788585459974
TRV,0,37,-0.0016134423203317003
TRV,1,37,-3.9896092724569388e-05
TVR,0,37,-0.055666345682632151
TVR,1,37,-0.00045882637823616089
TVV,0,37,4.9009894010981734
TVV,1,37,0
TVV,2,37,0
VIRTUAL,38,9.3304367999999993,2.1921951555337524e-14,2.1997765413935344e-14,2.2073559885770963e-14,2.1959912149790209e-13,0.00076724337037957805,1.880962934529855e-14,9.3274334942088685e-14,4.9779195137195797,0,0,0.0019091495807740813,0.00038352359364435262
TRV,0,38,-0.0018576909100879793
TRV,1,38,-5.1458670686102068e-05
TVR,0,38,-0.053198902385066721
TVR,1,38,-0.00049120923612378366
TVV,0,38,4.9779195137195797
TVV,1,38,0
TVV,2,38,0
VIRTUAL,39,9.3778676000000001,2.0770785472393847e-14,2.0841230290765902e-14,2.0911654691929623e-14,1.8282979564979347e-13,0.00086962446530442774,1.7820710853702332e-14,8.9729412124837407e-14,5.0543935440777732,0,0,0.0021970752184879518,0.00043468621889608539
TRV,0,39,-0.0021305993443020746
TRV,1,39,-6.6475874185877119e-05
TVR,0,39,-0.050797735716365831
TVR,1,39,-0.00052830578673231272
TVV,0,39,5.0543935440777732
TVV,1,39,0
TVV,2,39,0
VIRTUAL,40,9.4071038999999992,2.0139316125257379e-14,2.01561181900486e-14,2.0172918940223647e-14,1.6330218446031165e-13,0.00023474494159569933,1.7234892047474507e-14,8.782701114596319e-14,5.1007341229433782,0,0,0.00059863892232109891,0.00011736328690969966
TRV,0,40,-0.000579117390882516
TRV,1,40,-1.9521531438582924e-05
TVR,0,40,-0.012332525907344783
TVR,1,40,-0.00013857282133563709
TVV,0,40,5.1007341229433782
TVV,1,40,0
TVV,2,40,0
VIRTUAL,41,9.4187168999999997,1.9873463152192104e-14,1.9889949115963264e-14,1.9906433749966051e-14,1.5613736781040595e-13,0.00024199062330779403,1.7007298856415434e-14,8.6988896367035232e-14,5.119660261747069,0,0,0.00061940492463890032,0.00012098555235529052
TRV,0,41,-0.0005985795071764249
TRV,1,41,-2.0825417462475397e-05
TVR,0,41,-0.012187684586116973
TVR,1,41,-0.00014134219228683227
TVV,0,41,5.119660261747069
TVV,1,41,0
TVV,2,41,0
VIRTUAL,42,9.4302753999999993,1.9612076177021892e-14,1.9628249887737773e-14,1.9644422253898856e-14,1.4931835660785565e-13,0.00024941051939118987,1.678352769647053e-14,8.6161092973597212e-14,5.1385444119487786,0,0,0.00064075024388563244,0.00012469489266175859
TRV,0,42,-0.00061853095108990491
TRV,1,42,-2.2219292795727529e-05
TVR,0,42,-0.012043873330661098
TVR,1,42,-0.00014421609107680467
TVV,0,42,5.1385444119487786
TVV,1,42,0
TVV,2,42,0
VIRTUAL,43,9.4417796000000003,1.9355075771959903e-14,1.9370941061744842e-14,1.9386804992419013e-14,1.42827128221775e-13,0.00025700794094654053,1.6563510637777154e-14,8.534349046208533e-14,5.1573862894296436,0,0,0.000662687842238007,0.00012849296233563567
TRV,0,43,-0.00063897807840254521
TRV,1,43,-2.3709763835461796e-05
TVR,0,43,-0.011901102494820712
TVR,1,43,-0.00014719979660818169
TVV,0,43,5.1573862894296436
TVV,1,43,0
TVV,2,43,0
VIRTUAL,44,9.4532565000000002,1.9101868312272505e-14,1.911742874999815e-14,1.9132987814222971e-14,1.3663251386771084e-13,0.00026481282738547904,1.6346739864532875e-14,8.4534416111267664e-14,5.1762297134370128,0,0,0.00068530551950035353,0.00013239472694215326
TRV,0,44,-0.00065999890764325566
TRV,1,44,-2.5306611857097826e-05
TVR,0,44,-0.011759443100512778
TVR,1,44,-0.00015029906805096255
TVV,0,44,5.1762297134370128
TVV,1,44,0
TVV,2,44,0
VIRTUAL,45,9.4646790999999997,1.8852911993876656e-14,1.8868171362354514e-14,1.8883429343328651e-14,1.3073400721232468e-13,0.00027280312367148414,1.6133607349255475e-14,8.3735367121443318e-14,5.1950299346928706,0,0,0.00070854576344812643,0.00013638915893754433
TRV,0,45,-0.00068153051096232807
TRV,1,45,-2.70152524857984e-05
TVR,0,45,-0.011618826222791622
TVR,1,45,-0.00015351991776769292
TVV,0,45,5.1950299346928706
TVV,1,45,0
TVV,2,45,0
VIRTUAL,46,9.4760472,1.8608138585152552e-14,1.8623100648563133e-14,1.8638061310714181e-14,1.2511649950526988e-13,0.00028098197524798114,1.5924054733202782e-14,8.2946256953666918e-14,5.2137860140046923,0,0,0.00073242134492385513,0.00014047782992177016
TRV,0,46,-0.00070357730512214298
TRV,1,46,-2.8844039801712104e-05
TVR,0,46,-0.011479253279871652
TVR,1,46,-0.0001568688264426375
TVV,0,46,5.2137860140046923
TVV,1,46,0
TVV,2,46,0
VIRTUAL,47,9.4873609999999999,1.8367473485812749e-14,1.838214198038798e-14,1.8396809060240836e-14,1.1976550832176193e-13,0.00028935293319525278,1.5718018204008766e-14,8.2166976891703913e-14,5.2324977040513057,0,0,0.00075694626933326455,0.00014466251342015735
TRV,0,47,-0.00072614421511050934
TRV,1,47,-3.0802054222755268e-05
TVR,0,47,-0.011340721200612726
TVR,1,47,-0.00016035267837866157
TVV,0,47,5.2324977040513057
TVV,1,47,0
TVV,2,47,0
VIRTUAL,48,9.4986476,1.8130349601826649e-14,1.8144728007768244e-14,1.8159104985778831e-14,1.1465543172250782e-13,0.00029795020495525118,1.5515012637655053e-14,8.1395892999332611e-14,5.2512094375427845,0,0,0.00078222177405576506,0.00014896030778421832
TRV,0,48,-0.0007493192085631544
TRV,1,48,-3.2902565492610642e-05
TVR,0,48,-0.01120330795749064
TVR,1,48,-0.00016397888002544724
TVV,0,48,5.2512094375427845
TVV,1,48,0
TVV,2,48,0
VIRTUAL,49,9.5098798000000002,1.7897208198471143e-14,1.791130022545583e-14,1.7925390811636382e-14,1.0978647585112102e-13,0.00030674894467757236,1.5315415543060613e-14,8.0634467731714751e-14,5.269875679609072,0,0,0.00080818176246352986,0.00015335879090860871
TRV,0,49,-0.00077302851864596009
TRV,1,49,-3.5153243817569806e-05
TVR,0,49,-0.011066946780283226
TVR,1,49,-0.00016775537991138535
TVV,0,49,5.269875679609072
TVV,1,49,0
TVV,2,49,0
VIRTUAL,50,9.5210576000000007,1.766798169952319e-14,1.7681791024881865e-14,1.7695598896844796e-14,1.0514639733475447e-13,0.00031575283405226446,1.5119169110166238e-14,7.9882604446052609e-14,5.288495839119153,0,0,0.00083484090526910609,0.00015785980185401005
TRV,0,50,-0.00079727523222254497
TRV,1,50,-3.7565673046561169e-05
TVR,0,50,-0.010931625763114209
TVR,1,50,-0.00017169055414725611
TVV,0,50,5.288495839119153
TVV,1,50,0
TVV,2,50,0
VIRTUAL,51,9.5322081999999995,1.744212162862691e-14,1.7455651696912631e-14,1.7469180299535373e-14,1.0071302817212789e-13,0.00032500028290607301,1.4925804154251142e-14,7.9138697491529655e-14,5.3071148633807095,0,0,0.0008623134955806416,0.00016248253858808237
TRV,0,51,-0.00082215679317349313
TRV,1,51,-4.015670240714845e-05
TVR,0,51,-0.01079744374918656
TVR,1,51,-0.00017579361138661095
TVV,0,51,5.3071148633807095
TVV,1,51,0
TVV,2,51,0
VIRTUAL,52,9.5433044000000002,1.7220055339057372e-14,1.7233309800572644e-14,1.7246562784448616e-14,9.6486879462343754e-14,0.00033446374093139969,1.4735686268211836e-14,7.8404179845203229e-14,5.3256868704508777,0,0,0.00089052529160238046,0.00016721322775159475
TRV,0,52,-0.00084758891980909481
TRV,1,52,-4.2936371793285608e-05
TVR,0,52,-0.010664307761021428
TVR,1,52,-0.00018007419722930804
TVV,0,52,5.3256868704508777
TVV,1,52,0
TVV,2,52,0
VIRTUAL,53,9.5543461999999995,1.7001718384732212e-14,1.7014700870322211e-14,1.7027681866682288e-14,9.2457515901034165e-14,0.00034414784150759792,1.4548760329499079e-14,7.767895639174651e-14,5.3442113044038626,0,0,0.00091949390945498329,0.00017205418294319319
TRV,0,53,-0.0008735742407217327
TRV,1,53,-4.5919668733250618e-05
TVR,0,53,-0.010532212131228453
TVR,1,53,-0.00018454286979843569
TVV,0,53,5.3442113044038626
TVV,1,53,0
TVV,2,53,0
VIRTUAL,54,9.5653608000000006,1.6786581627294518e-14,1.6799295541520267e-14,1.681200795518019e-14,8.8605748328369861e-14,0.00035409530618573916,1.4364573694287484e-14,7.6961452812741553e-14,5.3627334102095316,0,0,0.00094934730831318262,0.00017702675775488341
TRV,0,54,-0.00090021926733561519
TRV,1,54,-4.912804097756741e-05
TVR,0,54,-0.010401263571135039
TVR,1,54,-0.00018921082951030836
TVV,0,54,5.3627334102095316
TVV,1,54,0
TVV,2,54,0
VIRTUAL,55,9.5763210000000001,1.6575058672834736e-14,1.6587507630233485e-14,1.6599955076123773e-14,8.4932310156451146e-14,0.00036427646827256728,1.4183480204282553e-14,7.6253072309670068e-14,5.3812070203905273,0,0,0.00098000454226506752,0.00018211611977603237
TRV,0,55,-0.0009274297018421763
TRV,1,55,-5.2574840422891254e-05
TVR,0,55,-0.010271363485013854
TVR,1,55,-0.0001940902888479382
TVV,0,55,5.3812070203905273
TVV,1,55,0
TVV,2,55,0
VIRTUAL,56,9.5872267999999998,1.6367088019295403e-14,1.6379275618513808e-14,1.6391461695616955e-14,8.1428295421185507e-14,0.0003746970576265581,1.4005427257332235e-14,7.5553720282512803e-14,5.3996315548520881,0,0,0.0010114866899269693,0.00018732513128938422
TRV,0,56,-0.00095520714830459464
TRV,1,56,-5.6279541622374623e-05
TVR,0,56,-0.010142505280896927
TVR,1,56,-0.00019919433152084287
TVV,0,56,5.3996315548520881
TVV,1,56,0
TVV,2,56,0
VIRTUAL,57,9.5981055000000008,1.6162157357562931e-14,1.6174086973595278e-14,1.6186015057143979e-14,7.8077035285982113e-14,0.0003854048996285727,1.3829976602042644e-14,7.4861848276282683e-14,5.4180527644789418,0,0,0.0010439379239014896,0.00019267769608033447
TRV,0,57,-0.00098366814984071583
TRV,1,57,-6.0269774060773793e-05
TVR,0,57,-0.010014801403886534
TVR,1,57,-0.00020453707481650873
TVV,0,57,5.4180527644789418
TVV,1,57,0
TVV,2,57,0
VIRTUAL,58,9.6089296999999991,1.5960670472781937e-14,1.5972345690888891e-14,1.5984019366551976e-14,7.4879481881813866e-14,0.00039636783045032429,1.3657473682771203e-14,7.4178840889025944e-14,5.4364238333642261,0,0,0.0010772694231004271,0.0001981577331202633
TRV,0,58,-0.0010127060823309283
TRV,1,58,-6.456334076949888e-05
TVR,0,58,-0.00988814103189589
TVR,1,58,-0.00021013382861285147
TVV,0,58,5.4364238333642261
TVV,1,58,0
TVV,2,58,0
VIRTUAL,59,9.6196994999999994,1.5762566987116102e-14,1.577399138504474e-14,1.5785414230898637e-14,7.1827993016593541e-14,0.0004075934477027214,1.348786686581656e-14,7.3504599072059214e-14,5.4547443536435614,0,0,0.0011115080096287416,0.00020376903802765689
TRV,0,59,-0.0010423221775579309
TRV,1,59,-6.9185832070810699e-05
TVR,0,59,-0.0097625212986921211
TVR,1,59,-0.00021600108351063282
TVV,0,59,5.4547443536435614
TVV,1,59,0
TVV,2,59,0
VIRTUAL,60,9.6304421999999992,1.5567352300091114e-14,1.5578529235759675e-14,1.5589704609982318e-14,6.8908090441498586e-14,0.00041913545481784306,1.3320733045180471e-14,7.2837604854661407e-14,5.4730604137937595,0,0,0.0011468166037178124,0.00020953845143523164
TRV,0,60,-0.001072643481047569
TRV,1,60,-7.417312267024329e-05
TVR,0,60,-0.009638060953818332
TVR,1,60,-0.00022215678370371349
TVV,0,60,5.4730604137937595
TVV,1,60,0
TVV,2,60,0
VIRTUAL,61,9.6411303999999998,1.5375417484055232e-14,1.5386350525486293e-14,1.5397281996473687e-14,6.6120825082305553e-14,0.00043095967011482574,1.3156406794750966e-14,7.2179213812218658e-14,5.4913248699799455,0,0,0.0011830998144744397,0.00021544888391911154
TRV,0,61,-0.0011035505438451391
TRV,1,61,-7.9549270629300498e-05
TVR,0,61,-0.0095146365502558426
TVR,1,61,-0.00022862036907359793
TVV,0,61,5.4913248699799455
TVV,1,61,0
TVV,2,61,0
VIRTUAL,62,9.6517914999999999,1.5186277614448515e-14,1.5196970120083875e-14,1.5207661046467089e-14,6.3452963503607527e-14,0.0004431248953601141,1.2994473290876738e-14,7.1527922082221212e-14,5.5095841749551564,0,0,0.0012205366652783725,0.00022152972466171761
TRV,0,62,-0.0011351793866374027
TRV,1,62,-8.5357278640969811e-05
TVR,0,62,-0.0093923798107726445
TVR,1,62,-0.00023541300756724082
TVV,0,62,5.5095841749551564
TVV,1,62,0
TVV,2,62,0
VIRTUAL,63,9.6623982000000002,1.5000313426031507e-14,1.5010768963861699e-14,1.5021222913981748e-14,6.0905564093989123e-14,0.00045559606249371475,1.2835258267609582e-14,7.0885058837025263e-14,5.5277911602491843,0,0,0.0012590287331497468,0.00022776344052277686
TRV,0,63,-0.0011674019292766034
TRV,1,63,-9.1626803873143486e-05
TVR,0,63,-0.0092711586571570092
TVR,1,63,-0.00024255760152875475
TVV,0,63,5.5277911602491843
TVV,1,63,0
TVV,2,63,0
VIRTUAL,64,9.6729775999999994,1.4817055761002037e-14,1.4827277698099214e-14,1.4837498039207326e-14,5.8466618796242011e-14,0.00046843691244822036,1.2678360390386761e-14,7.024915561937877e-14,5.5459919874622834,0,0,0.0012987708763892926,0.00023418188834845033
TRV,0,64,-0.0012003613487383245
TRV,1,64,-9.8409527650968016e-05
TVR,0,64,-0.0091511120684173441
TVR,1,64,-0.00025007931072327529
TVV,0,64,5.5459919874622834
TVV,1,64,0
TVV,2,64,0
VIRTUAL,65,9.6835027,1.4636872979503452e-14,1.4646864890911372e-14,1.4656855198364359e-14,5.6137135957730219e-14,0.00048161215502122787,1.2524094810747549e-14,6.9621508864511572e-14,5.56413979235308,0,0,0.0013396636039539162,0.00024076742388734473
TRV,0,65,-0.0012339213120804969
TRV,1,65,-0.00010574229187341925
TVR,0,65,-0.0090320995136444135
TVR,1,65,-0.00025800535081425829
TVV,0,65,5.56413979235308
TVV,1,65,0
TVV,2,65,0
VIRTUAL,66,9.6939734000000009,1.4459713792181398e-14,1.4469479250434137e-14,1.4479243097072199e-14,5.3911816736932996e-14,0.00049513558615750519,1.2372417670557597e-14,6.9002032368784076e-14,5.5822338681795216,0,0,0.0013817532584527786,0.00024752693833363093
TRV,0,66,-0.0012680775565884986
TRV,1,66,-0.00011367570186427998
TVR,0,66,-0.0089141045360284759
TVR,1,66,-0.00026636569778658217
TVV,0,66,5.5822338681795216
TVV,1,66,0
TVV,2,66,0
VIRTUAL,67,9.7044169,1.4285123523413422e-14,1.4294665918340827e-14,1.4304206694113829e-14,5.1780172638791442e-14,0.00050908130554879231,1.2222940034106e-14,6.8389281605118195e-14,5.6003208793793284,0,0,0.0014252674636264576,0.00025449746439965004
TRV,0,67,-0.0013029888476497459
TRV,1,67,-0.00012227861597671172
TVR,0,67,-0.00879728989902092
TVR,1,67,-0.00027519305201997824
TVV,0,67,5.6003208793793284
TVV,1,67,0
TVV,2,67,0
VIRTUAL,68,9.7148059,1.4113463628081139e-14,1.4122786558940955e-14,1.4132107863363103e-14,4.974330695289116e-14,0.00052341277094679578,1.2075971149695091e-14,6.7784541095480984e-14,5.6183531414358185,0,0,0.00147010239158599,0.00026166073128153222
TRV,0,68,-0.001338500175135315
TRV,1,68,-0.00013160221645067512
TVR,0,68,-0.0086814922965100794
TVR,1,68,-0.00028452334175817028
TVV,0,68,5.6183531414358185
TVV,1,68,0
TVV,2,68,0
VIRTUAL,69,9.7251677999999995,1.3944286589968949e-14,1.3953393469215876e-14,1.3962498714793861e-14,4.7791590283470472e-14,0.0005382120366780376,1.1931128199903237e-14,6.718637464349368e-14,5.6363778830926057,0,0,0.0015165111299908838,0.00026905774620611389
TRV,0,69,-0.0013747804291035285
TRV,1,69,-0.00014173070088735533
TVR,0,69,-0.0085668766204903008
TVR,1,69,-0.00029439596368353431
TVV,0,69,5.6363778830926057
TVV,1,69,0
TVV,2,69,0
VIRTUAL,70,9.7354752999999992,1.3777946430724491e-14,1.3786840884075586e-14,1.3795733696725175e-14,4.5926124821503777e-14,0.00055344313318599373,1.17887140803761e-14,6.6596049035313831e-14,5.6543472260390581,0,0,0.0015643912081599993,0.00027667052369118039
TRV,0,70,-0.0014116627186421796
TRV,1,70,-0.00015272848951781981
TVR,0,70,-0.0084532675841150363
TVR,1,70,-0.00030485440385591347
TVV,0,70,5.6543472260390581
TVV,1,70,0
TVV,2,70,0
VIRTUAL,71,9.7457556000000007,1.3614008365188787e-14,1.3622693845079908e-14,1.3631377677207654e-14,4.4138135746286148e-14,0.00056919745993191657,1.1648356871198796e-14,6.6012155777974042e-14,5.6723082714985056,0,0,0.0016140254826367891,0.00028454474005701336
TRV,0,71,-0.001449326470493655
TRV,1,71,-0.00016469901214313402
TVR,0,71,-0.0083408447140782705
TVR,1,71,-0.00031594650177519274
TVV,0,71,5.6723082714985056
TVV,1,71,0
TVV,2,71,0
VIRTUAL,72,9.7559816000000001,1.345281626080472e-14,1.3461296436736459e-14,1.3469774957945168e-14,4.2428680415498119e-14,0.00058544109999306669,1.1510350788712394e-14,6.5435934191592727e-14,5.6902132925232376,0,0,0.0016653173673131969,0.00029266343486655799
TRV,0,72,-0.0014875934036454707
TRV,1,72,-0.00017772396366772612
TVR,0,72,-0.0082294215333363757
TVR,1,72,-0.00032772517230692639
TVV,0,72,5.6902132925232376
TVV,1,72,0
TVV,2,72,0
VIRTUAL,73,9.7661803000000003,1.3293947642925136e-14,1.3302226015868894e-14,1.331050272702279e-14,4.0789758034970193e-14,0.00060227611871995488,1.1374334443414698e-14,6.4866002994729588e-14,5.708109275030302,0,0,0.0017185839118276389,0.00030107761239706043
TRV,0,73,-0.0015266524607135275
TRV,1,73,-0.00019193145111411127
TVR,0,73,-0.0081191825866348821
TVR,1,73,-0.00034024912585211106
TVV,0,73,5.708109275030302
TVV,1,73,0
TVV,2,73,0
VIRTUAL,74,9.7763246000000006,1.3137739264983341e-14,1.3145819564791863e-14,1.3153898195728981e-14,3.9222411510857648e-14,0.00061967187963289855,1.124059597877461e-14,6.4303583878764094e-14,5.7259482919891136,0,0,0.0017737381727950961,0.00030977195083592424
TRV,0,74,-0.0015663124670028637
TRV,1,74,-0.00020742570579223242
TVR,0,74,-0.0080099328011664517
TVR,1,74,-0.00035358333658024125
TVV,0,74,5.7259482919891136
TVV,1,74,0
TVV,2,74,0
VIRTUAL,75,9.7864416999999992,1.2983775009522756e-14,1.2991660805191084e-14,1.2999544924663024e-14,3.7719279702472053e-14,0.00063774499298847355,1.1108779447692561e-14,6.374730281567666e-14,5.7437779101182631,0,0,0.0018311435131684408,0.00031880472083412048
TRV,0,75,-0.0016067766047956561
TRV,1,75,-0.00022436690837278475
TVR,0,75,-0.007901871261197695
TVR,1,75,-0.00036780023224617411
TVV,0,75,5.7437779101182631
TVV,1,75,0
TVV,2,75,0
VIRTUAL,76,9.7965043999999999,1.2832386108780066e-14,1.2840081208168905e-14,1.2847774623877326e-14,3.6281404456742472e-14,0.00065646955737430699,1.0979168281165133e-14,6.3198368986027098e-14,5.7615498427905472,0,0,0.0018907272797575026,0.00032816296506110731
TRV,0,76,-0.0016478380673635876
TRV,1,76,-0.00024288921239391502
TVR,0,76,-0.007794786862081517
TVR,1,76,-0.00038298052039755333
TVV,0,76,5.7615498427905472
TVV,1,76,0
TVV,2,76,0
VIRTUAL,77,9.80654,1.2683164002979623e-14,1.2690672057845502e-14,1.2698178421138043e-14,3.4902023226883417e-14,0.00067597950454038283,1.0851412998503609e-14,6.2655420163065361e-14,5.7793120698016853,0,0,0.0019529081880324815,0.00033791360709467533
TRV,0,77,-0.0016897135771083397
TRV,1,77,-0.00026319461092414175
TVR,0,77,-0.0076888881301884595
TVR,1,77,-0.00039921438901050925
TVV,0,77,5.7793120698016853
TVV,1,77,0
TVV,2,77,0
VIRTUAL,78,9.8165210999999992,1.2536435672381591e-14,1.2543760592173597e-14,1.2551083812154169e-14,3.3582183760315442e-14,0.00069625654239903467,1.0725793411065307e-14,6.2119656888322107e-14,5.7970157715852046,0,0,0.0020176367873660571,0.00034804748975425515
TRV,0,78,-0.0017321795840807984
TRV,1,78,-0.00028545720328525856
TVR,0,78,-0.007583951515569406
TVR,1,78,-0.00041660299147220872
TVV,0,78,5.7970157715852046
TVV,1,78,0
TVV,2,78,0
VIRTUAL,79,9.8264750999999997,1.2391799628654655e-14,1.2398945173368315e-14,1.2406089009414406e-14,3.2315667442640903e-14,0.00071745644522026983,1.0601966090428186e-14,6.158972722444491e-14,5.81470935151573,0,0,0.0020854015925072704,0.00035864244735872575
TRV,0,79,-0.001775467307640404
TRV,1,79,-0.00030993428486686636
TVR,0,79,-0.0074801958435854804
TVR,1,79,-0.00043525989645450667
TVV,0,79,5.81470935151573
TVV,1,79,0
TVV,2,79,0
VIRTUAL,80,9.8364018000000009,1.2249225661509378e-14,1.2256195667586142e-14,1.2263163955379547e-14,3.1100226868187387e-14,0.00073966624878671144,1.0479905270046574e-14,6.1065572645745521e-14,5.8323923804620046,0,0,0.0021564801724959881,0.00036974195695749223
TRV,0,80,-0.0018195904476246095
TRV,1,80,-0.00033688972487137873
TVR,0,80,-0.0073776390120413064
TVR,1,80,-0.00045531322359043045
TVV,0,80,5.8323923804620046
TVV,1,80,0
TVV,2,80,0
VIRTUAL,81,9.8462741999999999,1.2109025375520924e-14,1.2115823950768577e-14,1.2122620797387398e-14,2.9936812342772012e-14,0.00076288820616562687,1.0359877625682797e-14,6.0548348671935221e-14,5.8500165023814032,0,0,0.0022308869555444691,0.0003813471217792852
TRV,0,81,-0.0018642998626953653
TRV,1,81,-0.00036658709284910403
TVR,0,81,-0.0072760235836160933
TVR,1,81,-0.00047690760240022453
TVV,0,81,5.8500165023814032
TVV,1,81,0
TVV,2,81,0
VIRTUAL,82,9.8561192999999996,1.1970815168573536e-14,1.1977446305304585e-14,1.1984075701981221e-14,2.8819991550294075e-14,0.00078732360310146312,1.024155505191792e-14,6.0036746341622962e-14,5.867629796274823,0,0,0.0023092556327261584,0.00039355850878530774
TRV,0,82,-0.0019098514421981509
TRV,1,82,-0.00039940419052800777
TVR,0,82,-0.0071756013496397462
TVR,1,82,-0.00050020736085908146
TVV,0,82,5.867629796274823
TVV,1,82,0
TVV,2,82,0
VIRTUAL,83,9.8659101000000007,1.1834900201403147e-14,1.1841368187108275e-14,1.1847834420233304e-14,2.7750689991729368e-14,0.00081299624138602149,1.0125198734941431e-14,5.9531903764183788e-14,5.8851837571792442,0,0,0.0023916679545890863,0.00040638798264736042
TRV,0,83,-0.0019559753921327915
TRV,1,83,-0.00043569256245629481
TVR,0,83,-0.0070760941201777469
TVR,1,83,-0.00052539883541862366
TVV,0,83,5.8851837571792442
TVV,1,83,0
TVV,2,83,0
VIRTUAL,84,9.8756737000000001,1.1700903391118371e-14,1.1707212420545455e-14,1.1713519683373177e-14,2.6723905472878324e-14,0.00084015117115594318,1.0010486163182551e-14,5.9032521533672906e-14,5.9027269384796393,0,0,0.0024788972105729461,0.00041995796797122953
TRV,0,84,-0.0020029489362003335
TRV,1,84,-0.00047594827437261286
TVR,0,84,-0.0069777793188343399
TVR,1,84,-0.00055269540588027261
TVV,0,84,5.9027269384796393
TVV,1,84,0
TVV,2,84,0
VIRTUAL,85,9.8853828000000004,1.1569127229027984e-14,1.157528182583369e-14,1.1581434640437149e-14,2.5740568149310772e-14,0.00086884310900001128,9.8976762691257191e-15,5.8539733319511499e-14,5.9202101679798913,0,0,0.002571122216429942,0.00043429576712261664
TRV,0,85,-0.0020504763417035347
TRV,1,85,-0.00052064587472640711
TVR,0,85,-0.0068803527170263421
TVR,1,85,-0.0005823406633092028
TVV,0,85,5.9202101679798913
TVV,1,85,0
TVV,2,85,0
VIRTUAL,86,9.8950648000000001,1.1439198384920471e-14,1.1445203003227637e-14,1.1451205821667957e-14,2.4796047159649623e-14,0.00089937659422905812,9.7864497698494462e-15,5.8052239447196384e-14,5.9376828568400377,0,0,0.0026693061953186304,0.00044955351433828561
TRV,0,86,-0.0020988589707962085
TRV,1,86,-0.000570447224522422
TVR,0,86,-0.0067841158768107632
TVR,1,86,-0.00061461650141221081
TVV,0,86,5.9376828568400377
TVV,1,86,0
TVV,2,86,0
VIRTUAL,87,9.9047196,1.131108698660212e-14,1.1316946222690628e-14,1.1322803638832012e-14,2.3888733059418042e-14,0.00093197986746505214,9.676781244091181e-15,5.7569969157802777e-14,5.9551450542956346,0,0,0.002774175756926834,0.00046584520303594168
TRV,0,87,-0.0021481063379698993
TRV,1,87,-0.0006260694189569344
TVR,0,87,-0.0066890659186808329
TVR,1,87,-0.00064984672609068078
TVV,0,87,5.9551450542956346
TVV,1,87,0
TVV,2,87,0
VIRTUAL,88,9.91432,1.1185084657303583e-14,1.1190803516662793e-14,1.1196520533336931e-14,2.301949641972178e-14,0.00096679118538877176,9.5689204000304729e-15,5.7094023800646627e-14,5.9725476611699477,0,0,0.0028861730330277031,0.00048323984951881283
TRV,0,88,-0.002197891207799659
TRV,1,88,-0.00068828182522804422
TVR,0,88,-0.0065948796052755767
TVR,1,88,-0.00068840771186645352
TVV,0,88,5.9725476611699477
TVV,1,88,0
TVV,2,88,0
VIRTUAL,89,9.9238932000000002,1.1060831059019977e-14,1.1066414512696116e-14,1.1071996097633872e-14,2.2184260804987459e-14,0.0010042447359284612,9.4625590939970019e-15,5.6623130087359303e-14,5.9899402960935326,0,0,0.0030066764415174795,0.00050195432556787711
TRV,0,89,-0.0022485434375513905
TRV,1,89,-0.00075813300396608888
TVR,0,89,-0.0065018744998141765
TVR,1,89,-0.00073073759122372229
TVV,0,89,5.9899402960935326
TVV,1,89,0
TVV,2,89,0
VIRTUAL,90,9.9334120000000006,1.0938611403407899e-14,1.0944064892707226e-14,1.0949516483490956e-14,2.1383867463045606e-14,0.0010445676543770338,9.3579416040281672e-15,5.6158369622893767e-14,6.0072738563275605,0,0,0.0031364098215066112,0.00052210202106950376
TRV,0,90,-0.0022997043616215605
TRV,1,90,-0.00083670545988505059
TVR,0,90,-0.0064096927363058971
TVR,1,90,-0.00077734990609418079
TVV,0,90,6.0072738563275605
TVV,1,90,0
TVV,2,90,0
VIRTUAL,91,9.9429035999999993,1.081807188521104e-14,1.0823400870824512e-14,1.0828727923553056e-14,2.0614561535838389e-14,0.0010883324977081928,9.2547654184375603e-15,5.5698478615079709e-14,6.0245984468778691,0,0,0.0032771941374225948,0.00054396889125796211
TRV,0,91,-0.0023517332861458431
TRV,1,91,-0.00092546085127675148
TVR,0,91,-0.0063186865243228607
TVR,1,91,-0.00082884923561128221
TVV,0,91,6.0245984468778691
TVV,1,91,0
TVV,2,91,0
VIRTUAL,92,9.9523679999999999,1.0699181301524529e-14,1.0704391531790483e-14,1.0709599789375675e-14,1.987506531865233e-14,0.0011360656908407257,9.1530041025158536e-15,5.5243368784649107e-14,6.0419149341816585,0,0,0.0034307068393217926,0.00056781779894199413
TRV,0,92,-0.0024046460513456073
TRV,1,92,-0.0010260607879761852
TVR,0,92,-0.0062288674061676636
TVR,1,92,-0.00088595112163460164
TVV,0,92,6.0419149341816585
TVV,1,92,0
TVV,2,92,0
VIRTUAL,93,9.9617780000000007,1.0582214985481317e-14,1.0587312812324912e-14,1.0592408620442397e-14,1.9166170854559514e-14,0.0011882274902901581,9.0528936014749392e-15,5.4794089140275639e-14,6.0591744316904252,0,0,0.0035984134283768656,0.00059387850093184369
TRV,0,93,-0.0024580292211881221
TRV,1,93,-0.0011403842071887435
TVR,0,93,-0.0061398170481792077
TVR,1,93,-0.00094950734466687722
TVV,0,93,6.0591744316904252
TVV,1,93,0
TVV,2,93,0
VIRTUAL,94,9.9711607999999998,1.0466827994357543e-14,1.0471819897521326e-14,1.0476809728253837e-14,1.8484549945322642e-14,0.0012457344546423954,8.9541390744315951e-15,5.4349385691304819e-14,6.0764280637410319,0,0,0.0037832367674252025,0.00062260866544283644
TRV,0,94,-0.0025122926702369382
TRV,1,94,-0.0012709440971882644
TVR,0,94,-0.0060519415267602699
TVR,1,94,-0.0010205391873178381
TVV,0,94,6.0764280637410319
TVV,1,94,0
TVV,2,94,0
VIRTUAL,95,9.9805165000000002,1.03529870006004e-14,1.0357879897069569e-14,1.0362770658230652e-14,1.7829084000041017e-14,0.0013095155071939796,8.8567123978682106e-15,5.3909151511685364e-14,6.0936777402186655,0,0,0.0039881417137311321,0.00065447204196722453
TRV,0,95,-0.0025674552975291517
TRV,1,95,-0.0014206864162019809
TVR,0,95,-0.0059652542436099834
TVR,1,95,-0.0011002795493322119
TVV,0,95,6.0936777402186655
TVV,1,95,0
TVV,2,95,0
VIRTUAL,96,9.9898448999999996,1.0240661410559369e-14,1.0245462724970912e-14,1.0250261830153387e-14,1.7198722714890164e-14,0.0013807076979628582,8.7605878461497516e-15,5.3473285481090799e-14,6.1109252670531591,0,0,0.0042167598515284775,0.00069003623301744366
TRV,0,96,-0.0026235339742295984
TRV,1,96,-0.0015932258772988794
TVR,0,96,-0.0058797673721680153
TVR,1,96,-0.0011902263158337246
TVV,0,96,6.1109252670531591
TVV,1,96,0
TVV,2,96,0
VIRTUAL,97,9.9991188999999991,1.0130110765316013e-14,1.0134828856262174e-14,1.0139544650844065e-14,1.6594184388543051e-14,0.0014604995004386533,8.6659881436668106e-15,5.3042775736244823e-14,6.1281231214821146,0,0,0.0044728825662703519,0.00072989437020132275
TRV,0,97,-0.0026800305035628896
TRV,1,97,-0.0017928520627074622
TVR,0,97,-0.0057949788175466034
TVR,1,97,-0.0012922166013374851
TVV,0,97,6.1281231214821146
TVV,1,97,0
TVV,2,97,0
VIRTUAL,98,10.008338999999999,1.0021285991378601e-14,1.0025929970091565e-14,1.0030571549100453e-14,1.6014278843233089e-14,0.0015506040009624085,8.5728719727084913e-15,5.2617451388067796e-14,6.1452753468044818,0,0,0.0047619826356093912,0.00077490142701019948
TRV,0,98,-0.0027368965135305444
TRV,1,98,-0.0020250861220788468
TVR,0,98,-0.005710834810360904
TVR,1,98,-0.0014085214478969719
TVV,0,98,6.1452753468044818
TVV,1,98,0
TVV,2,98,0
VIRTUAL,99,10.017557999999999,9.9135821348188382e-15,9.9181612379612837e-15,9.9227378176930421e-15,1.5454750899695837e-14,0.0016536683109246914,8.4807221625691747e-15,5.2195021190823346e-14,6.1624844715561213,0,0,0.0050925451301577608,0.00082637857404155302
TRV,0,99,-0.0027951977943341884
TRV,1,99,-0.0022973473358235724
TVR,0,99,-0.0056283969428453685
TVR,1,99,-0.0015419758782739192
TVV,0,99,6.1624844715561213
TVV,1,99,0
TVV,2,99,0
VIRTUAL,100,10.023854,9.8368864521320649e-15,9.841877705133006e-15,9.8468506227290069e-15,1.0744362036633185e-14,0.011040823922536551,8.4154944019012279e-15,5.1807899243690899e-14,6.1934399551827228,0.029395028827781167,0,0.034064856719469544,0.0055001512836115873
TRV,0,100,-0.002467792906315127
TRV,1,100,-0.0022020349853732486
TVR,0,100,-0.004849718080234813
TVR,1,100,-0.0014424831265954089
TVV,0,100,6.1934399551827228
TVV,1,100,-0
TVV,2,100,-0.030313581319025586
VIRTUAL,101,10.031817999999999,9.7473737218541108e-15,9.7502667264494952e-15,9.7531483786858104e-15,1.0239835810774083e-14,0.011795387038514656,8.337160602055119e-15,5.1452462503563966e-14,6.2097725627400404,0.0012742034848034684,0.030313581319025586,0.036479763548296185,0.0058745732117763128
TRV,0,101,-0.0024656594155894312
TRV,1,101,-0.0024263193288776956
TVR,0,101,-0.0046986992858931874
TVR,1,101,-0.0015412435345375406
TVV,0,101,6.2097725627400404
TVV,1,101,-0.029395028827781167
TVV,2,101,-0.0013130816175732337
VIRTUAL,102,10.039597000000001,9.6565240090570267e-15,9.6614015125693027e-15,9.6662568706914918e-15,1.0374328679906453e-14,0.013651971870869788,8.2611746233284701e-15,5.1075800293890838e-14,6.2280745123221699,0.035869951449593603,0.0013130816175732337,0.042319946556801921,0.0067950289408182929
TRV,0,102,-0.0024606477827700717
TRV,1,102,-0.0026762657068650124
TVR,0,102,-0.0045503124812255975
TVR,1,102,-0.0016496801281753967
TVV,0,102,6.2280745123221699
TVV,1,102,-0.0012742034848034684
TVV,2,102,-0.036938135940721283
VIRTUAL,103,10.047192000000001,9.5727653933294423e-15,9.5753889494427476e-15,9.5779996857888008e-15,9.9315800098406228e-15,0.014695182000108378,8.1876278606911752e-15,5.0738976708437806e-14,6.2443858084840898,0.0033110523750074978,0.036938135940721283,0.045657272050300991,0.0073117314417484591
TRV,0,103,-0.0024527477131042912
TRV,1,103,-0.0029553360214679197
TVR,0,103,-0.0044045403748673335
TVR,1,103,-0.0017690223850187678
TVV,0,103,6.2443858084840898
TVV,1,103,-0.035869951449593603
TVV,2,103,-0.0034072303094729419
VIRTUAL,104,10.054603,9.4871565103729119e-15,9.4919659179607696e-15,9.4967479664311577e-15,1.0052385921215608e-14,0.017114763931587475,8.1162953288857788e-15,5.0376310995277655e-14,6.2632500167972776,0.044175854305159058,0.0034072303094729419,0.053292559759976821,0.0085087709443264492
TRV,0,104,-0.0024419354458981618
TRV,1,104,-0.0032675396994466528
TVR,0,104,-0.00426134391352977
TVR,1,104,-0.0019006932163642158
TVV,0,104,6.2632500167972776
TVV,1,104,-0.0033110523750074978
TVV,2,104,-0.045426572743837615
VIRTUAL,105,10.061828999999999,9.4088906448607499e-15,9.4112743367061006e-15,9.4136433122496545e-15,9.6670872178382627e-15,0.018578686764598534,8.0472983782352881e-15,5.0056339243972804e-14,6.2798180053714887,0.0065035154734437049,0.045426572743837615,0.057975792618225511,0.0092320816572447617
TRV,0,105,-0.0024281695413667474
TRV,1,105,-0.0036175348595774478
TVR,0,105,-0.0041206575690925324
TVR,1,105,-0.002046345631503061
TVV,0,105,6.2798180053714887
TVV,1,105,-0.044175854305159058
TVV,2,105,-0.0066828920596115693
VIRTUAL,106,10.068871,9.3282474522097396e-15,9.3330356149846692e-15,9.3377891524315533e-15,9.7712664752105554e-15,0.021773227510484279,7.9803987941940014e-15,4.9705197899346704e-14,6.2996945930983044,0.054982138160163278,0.0066828920596115693,0.068087286500198699,0.010808029737630842
TRV,0,106,-0.0024114585095411445
TRV,1,106,-0.0040107977708827023
TVR,0,106,-0.0039824576671717354
TVR,1,106,-0.0022079075479188534
TVV,0,106,6.2996945930983044
TVV,1,106,-0.0065035154734437049
TVV,2,106,-0.056458475476394661
VIRTUAL,107,10.075729000000001,9.2552203261143272e-15,9.2573934239807662e-15,9.2595493079486844e-15,9.4388350451971421e-15,0.023858813679772904,7.9157194256819459e-15,4.9399804556891326e-14,6.3169490263961894,0.011457681910163697,0.056458475476394661,0.074761699499017217,0.011835096212841956
TRV,0,107,-0.0023917949035210232
TRV,1,107,-0.0044537472089378324
TVR,0,107,-0.0038466963804209197
TVR,1,107,-0.0023876368946058263
TVV,0,107,6.3169490263961894
TVV,1,107,-0.054982138160163278
TVV,2,107,-0.011756928003338322
VIRTUAL,108,10.082402,9.1792667019295628e-15,9.1840830344942764e-15,9.1888543712235511e-15,9.5245670919720117e-15,0.028158937499194757,7.8530339107011007e-15,4.9056792798200038e-14,6.3385479404452836,0.069331570160270445,0.011756928003338322,0.088411585213650001,0.013948239572270094
TRV,0,108,-0.0023691517068986775
TRV,1,108,-0.004953935343142553
TVR,0,108,-0.0037132985157615045
TVR,1,108,-0.0025881895058759426
TVV,0,108,6.3385479404452836
TVV,1,108,-0.011457681910163697
TVV,2,108,-0.071091779761943724
VIRTUAL,109,10.088891,9.1112564455285403e-15,9.1132478243891423e-15,9.1152186150086176e-15,9.2403311480691405e-15,0.031177729424626061,7.7924648473620637e-15,4.8762983869958745e-14,6.3571564463438612,0.019123229984159273,0.071091779761943724,0.098078916407226352,0.015428111174396797
TRV,0,109,-0.0023435564274316501
TRV,1,109,-0.0055203502336916999
TVR,0,109,-0.0035822358079586076
TVR,1,109,-0.0028127046637511665
TVV,0,109,6.3571564463438612
TVV,1,109,-0.069331570160270445
TVV,2,109,-0.019594800784204697
VIRTUAL,110,10.095196,9.0397149392806719e-15,9.0446118826295587e-15,9.0494487067640308e-15,9.3072679561302947e-15,0.037058984982244275,7.7337763124145367e-15,4.8423641531457786e-14,6.3815098493476974,0.08872538365743296,0.019594800784204697,0.11679887814601699,0.018302702793439374
TRV,0,110,-0.0023150185019396538
TRV,1,110,-0.0061636752024396713
TVR,0,110,-0.0034534544244695675
TVR,1,110,-0.0030649101912899111
TVV,0,110,6.3815098493476974
TVV,1,110,-0.019123229984159273
TVV,2,110,-0.090848705566894505
VIRTUAL,111,10.101317,8.9764927191140733e-15,8.9783326605464507e-15,8.9801473174161416e-15,9.0663686249071456e-15,0.041512560560993721,7.6771029377685723e-15,4.8136985495944353e-14,6.4025604858732219,0.031044396808828031,0.090848705566894505,0.13107335283371913,0.020472021017672981
TRV,0,111,-0.0022835530669004277
TRV,1,111,-0.0068966973910961731
TVR,0,111,-0.0033268990358945988
TVR,1,111,-0.0033492566524030089
TVV,0,111,6.4025604858732219
TVV,1,111,-0.08872538365743296
TVV,2,111,-0.031764619630930274
VIRTUAL,112,10.107253,8.9091092271132734e-15,8.914145557930559e-15,8.9190990337519529e-15,9.1148820303972056e-15,0.049765777568592989,7.6222184717223655e-15,4.7794627755974118e-14,6.43138953798604,0.11566100540435989,0.031764619630930274,0.15740955467004605,0.024475201469345009
TRV,0,112,-0.002249151779257723
TRV,1,112,-0.007734777855498174
TVR,0,112,-0.0032024838466831332
TVR,1,112,-0.0036710878249533105
TVV,0,112,6.43138953798604
TVV,1,112,-0.031044396808828031
TVV,2,112,-0.11825975416497593
VIRTUAL,113,10.113004,8.850483560753977e-15,8.8522037605401243e-15,8.8538918877151918e-15,8.9125671831672577e-15,0.056463447778104692,7.5692538988227211e-15,4.7508624228581743e-14,6.4566459962154008,0.049731244891934742,0.11825975416497593,0.17889937201126277,0.027707787002125506
TRV,0,113,-0.0022118373358365976
TRV,1,113,-0.0086965356185155131
TVR,0,113,-0.0030801471245442778
TVR,1,113,-0.0040368564096563298
TVV,0,113,6.4566459962154008
TVV,1,113,-0.11566100540435989
TVV,2,113,-0.050812699829967389
VIRTUAL,114,10.118572,8.7869844483245476e-15,8.7922262745178896e-15,8.7973501647164479e-15,8.944059663478003e-15,0.068270335417619815,7.5179689496511834e-15,4.7153811060235003e-14,6.492555152990314,0.15387678676322372,0.050812699829967389,0.21666591784965344,0.03337144047977203
TRV,0,114,-0.0021717009343134967
TRV,1,114,-0.0098047303221488382
TVR,0,114,-0.0029598891911603686
TVR,1,114,-0.004454406350989969
TVV,0,114,6.492555152990314
TVV,1,114,-0.049731244891934742
TVV,2,114,-0.15711064963146104
VIRTUAL,115,10.123955,8.7327242280505414e-15,8.7343637676910762e-15,8.7359609103352256e-15,8.7755421314853535e-15,0.078601527269367227,7.4684924557472764e-15,4.6857711061296118e-14,6.5250818738121987,0.079525314579258308,0.15711064963146104,0.24985180337314872,0.03829098365430561
TRV,0,115,-0.0021287177962233022
TRV,1,115,-0.011087121366206066
TVR,0,115,-0.0028415879651843439
TVR,1,115,-0.0049333344699556544
TVV,0,115,6.5250818738121987
TVV,1,115,-0.15387678676322372
TVV,2,115,-0.08113859566049117
VIRTUAL,116,10.129153000000001,8.6728581859969023e-15,8.6783857907642052e-15,8.6837392901251586e-15,8.7917081743324633e-15,0.096019019240827147,7.4206273668311494e-15,4.6475083520116268e-14,6.5726378784376047,0.20988780628029755,0.08113859566049117,0.30568740459638799,0.046509089691254002
TRV,0,116,-0.0020829263665002712
TRV,1,116,-0.012578076289098985
TVR,0,116,-0.0027251783616838773
TVR,1,116,-0.0054854717679810238
TVV,0,116,6.5726378784376047
TVV,1,116,-0.079525314579258308
TVV,2,116,-0.21399431242098685
VIRTUAL,117,10.134168000000001,8.6227458274580219e-15,8.6243534032999684e-15,8.6259018992295366e-15,8.6524472570687468e-15,0.11234029327159428,7.3744258931032756e-15,4.6151714532706799e-14,6.6176930589184151,0.12783026649698212,0.21399431242098685,0.35817950955063127,0.054124527439048609
TRV,0,117,-0.0020344412088969918
TRV,1,117,-0.01432048942376527
TVR,0,117,-0.002610665467424814
TVR,1,117,-0.0061255161125243736
TVV,0,117,6.6176930589184151
TVV,1,117,-0.20988780628029755
TVV,2,117,-0.13023817206873203
VIRTUAL,118,10.138998000000001,8.5661964149425481e-15,8.5721160315052674e-15,8.5777677097116455e-15,8.6553763393120349e-15,0.13897732393629969,7.3297592834298942e-15,4.5715563501706073e-14,6.6850316166776533,0.29515198119615493,0.13023817206873203,0.44374139314627414,0.066378353699814818
TRV,0,118,-0.0019832453684945177
TRV,1,118,-0.016367994512892711
TVR,0,118,-0.0024979170732990241
TVR,1,118,-0.0068718834288695775
TVV,0,118,6.6850316166776533
TVV,1,118,-0.12783026649698212
TVV,2,118,-0.30049681692478147
VIRTUAL,119,10.143643000000001,8.5200060996496449e-15,8.52165174912377e-15,8.523209028852153e-15,8.5409910766266136e-15,0.16561740329583011,7.2866087893269278e-15,4.5335074558665262e-14,6.7524268238098086,0.20831288809416587,0.30049681692478147,0.5295277504413074,0.078420361191347321
TRV,0,119,-0.0019293919526791664
TRV,1,119,-0.018788653469680911
TVR,0,119,-0.0023868654552043982
TVR,1,119,-0.0077478620236311902
TVV,0,119,6.7524268238098086
TVV,1,119,-0.29515198119615493
TVV,2,119,-0.21193527355762906
VIRTUAL,120,10.148104999999999,8.4664488676965147e-15,8.4729023873801776e-15,8.4789242411216405e-15,8.5329500151380814e-15,0.20775797297809581,7.244924672419491e-15,4.480387924551719e-14,6.8540290537592323,0.42966255103330309,0.21193527355762906,0.66514057444954811,0.097043734310513052
TRV,0,120,-0.0018730199653102084
TRV,1,120,-0.021669729893305709
TVR,0,120,-0.0022775234480963765
TVR,1,120,-0.0087831984104068499
TVV,0,120,6.8540290537592323
TVV,1,120,-0.20831288809416587
TVV,2,120,-0.43682167792651155
VIRTUAL,121,10.152381999999999,8.4238415658273168e-15,8.4256466480716687e-15,8.4273058361655215e-15,8.4393419539940722e-15,0.25295311823139077,7.2045177072525641e-15,4.4313023086516958e-14,6.9629031429934649,0.34709836689936779,0.43682167792651155,0.81085794093277475,0.11645400263088734
TRV,0,121,-0.0018141175585294678
TRV,1,121,-0.025123778548365887
TVR,0,121,-0.0021697478777104274
TVR,1,121,-0.010016305159696403
TVV,0,121,6.9629031429934649
TVV,1,121,-0.42966255103330309
TVV,2,121,-0.3526310122584167
VIRTUAL,122,10.156475,8.3729010382517563e-15,8.380099123725368e-15,8.3865629947390044e-15,8.4223949609448123e-15,0.32300948238394361,7.1655713854590263e-15,4.3611741057612461e-14,7.1282027678514135,0.65299882940884657,0.3526310122584167,1.0366810712180927,0.14543372361594165
TRV,0,122,-0.0017527963008638649
TRV,1,122,-0.029298433249965523
TVR,0,122,-0.0020635140585532684
TVR,1,122,-0.011497386371535172
TVV,0,122,7.1282027678514135
TVV,1,122,-0.34709836689936779
TVV,2,122,-0.66293341746811307
VIRTUAL,123,10.160382999999999,8.3334059809674825e-15,8.335597040710918e-15,8.3375128596988416e-15,8.3457826254549929e-15,0.40320500339937743,7.127518989188575e-15,4.2915383095217953e-14,7.3182245699450279,0.59654671022998962,0.66293341746811307,1.295558522733101,0.17703180742140479
TRV,0,123,-0.0016890863109344566
TRV,1,123,-0.034389308724063913
TVR,0,123,-0.0019587111075247861
TVR,1,123,-0.013292930531311534
TVV,0,123,7.3182245699450279
TVV,1,123,-0.65299882940884657
TVV,2,123,-0.60519205426948719
VIRTUAL,124,10.164107,8.2846587915314672e-15,8.2929108924042492e-15,8.2998382978607077e-15,8.3217680617499095e-15,0.52602201371225255,7.0910193442147149e-15,4.1915822017236959e-14,7.6090489071480309,1.0445721152410332,0.60519205426948719,1.692047263610887,0.22237303035617995
TRV,0,124,-0.0016231122217063583
TRV,1,124,-0.040659981878660385
TVR,0,124,-0.0018553181580469554
TVR,1,124,-0.015492295537033693
TVV,0,124,7.6090489071480309
TVV,1,124,-0.59654671022998962
TVV,2,124,-1.058957288901301
VIRTUAL,125,10.167647000000001,8.2473868237320188e-15,8.2504680486038745e-15,8.2529290677485097e-15,8.2586601360278952e-15,0.67653623913238004,7.0547277416258579e-15,4.084534320063809e-14,7.9704248894333736,1.0694955645684079,1.058957288901301,2.1784787615224621,0.27332027987749252
TRV,0,125,-0.0015549606527735967
TRV,1,125,-0.048470947399979709
TVR,0,125,-0.001753272002266412
TVR,1,125,-0.01821755743425145
TVV,0,125,7.9704248894333736
TVV,1,125,-1.0445721152410332
TVV,2,125,-1.0834492643372939
VIRTUAL,126,10.171002,8.2004912897580885e-15,8.2102346554695916e-15,8.2174477286229114e-15,8.2289182436841295e-15,0.90755794176781102,7.0203253740253681e-15,3.9333201053709796e-14,8.5346907217369914,1.782015163508665,1.0834492643372939,2.9252734272130372,0.34275095871519545
TRV,0,126,-0.0014846665988613118
TRV,1,126,-0.058324332768216795
TVR,0,126,-0.0016524536994501722
TVR,1,126,-0.021638586406025784
TVV,0,126,8.5346907217369914
TVV,1,126,-1.0694955645684079
TVV,2,126,-1.8039821661191142
VIRTUAL,127,10.174173,8.1637020629669368e-15,8.1688767744918183e-15,8.1723484361585281e-15,8.1760204136042927e-15,1.2103597417866832,6.9849614906008244e-15,3.7630058172532578e-14,9.2956363892589824,2.0285955904089428,1.8039821661191142,3.9049251130047677,0.42008152529684473
TRV,0,127,-0.0014123754151471194
TRV,1,127,-0.070934981061563526
TVR,0,127,-0.0015528507712053545
TVR,1,127,-0.025996733084220919
TVV,0,127,9.2956363892589824
TVV,1,127,-1.782015163508665
TVV,2,127,-2.0521427856495889
VIRTUAL,128,10.177160000000001,8.1184981418426276e-15,8.130425771640343e-15,8.1373092656626698e-15,8.14160043147646e-15,1.6833732834752935,6.9520831914653535e-15,3.5352379452514492e-14,10.528390768744616,3.2949455269882022,2.0521427856495889,5.4357706290449457,0.51629643584107732
TRV,0,128,-0.0013381876544912871
TRV,1,128,-0.087344128752663425
TVR,0,128,-0.0014544022785931939
TVR,1,128,-0.031643170386269646
TVV,0,128,10.528390768744616
TVV,1,128,-2.0285955904089428
TVV,2,128,-3.3308104046295242
VIRTUAL,129,10.179962,8.0795844703353032e-15,8.0893006388905301e-15,8.0938718182429216e-15,8.0953738466884831e-15,2.3525208395535104,6.9169183240688616e-15,3.2831190643773902e-14,12.355000622960974,4.161604190040288,3.3308104046295242,7.6027872075181149,0.61536113510094237
TRV,0,129,-0.0012621390159657871
TRV,1,129,-0.10911047383233667
TVR,0,129,-0.0013569789015946898
TVR,1,129,-0.039103091144093605
TVV,0,129,12.355000622960974
TVV,1,129,-3.2949455269882022
TVV,2,129,-4.2039127998230761
VIRTUAL,130,10.18258,8.0351739156068597e-15,8.051136417169425e-15,8.0566837212109708e-15,8.0574010558172924e-15,3.4335269459532474,6.8842852428754861e-15,2.9943796528068634e-14,15.463132393231151,6.7611626549960855,4.2039127998230761,11.104904753930654,0.71815363611526262
TRV,0,130,-0.0011843994326710971
TRV,1,130,-0.13864489967882287
TVR,0,130,-0.0012605823237836565
TVR,1,130,-0.049187603719050503
TVV,0,130,15.463132393231151
TVV,1,130,-4.161604190040288
TVV,2,130,-6.8250457096390234
VIRTUAL,131,10.185014000000001,7.9929692118626548e-15,8.0100054156887373e-15,8.0139944723915414e-15,8.0141225723929824e-15,5.1067428420228582,6.8491153573032652e-15,2.7300094237898329e-14,20.522785648879609,9.5223901319300879,6.8250457096390234,16.52836006326573,0.80536630582447544
TRV,0,131,-0.0011050847235176467
TRV,1,131,-0.17981913697310006
TVR,0,131,-0.0011651570310370215
TVR,1,131,-0.063198029768037969
TVV,0,131,20.522785648879609
TVV,1,131,-6.7611626549960855
TVV,2,131,-9.6054944702608402
VIRTUAL,132,10.187263,7.9485418391155742e-15,7.9703829925086126e-15,7.9734979844470987e-15,7.9735064439331922e-15,7.9899258669871509,6.8152354117834993e-15,2.5151536043387949e-14,29.577762464787,16.031473008291236,9.6054944702608402,25.877134917047496,0.87488480400959379
TRV,0,132,-0.001024227493948216
TRV,1,132,-0.23914321100147259
TVR,0,132,-0.0010705614441449335
TVR,1,132,-0.083320519721743591
TVV,0,132,29.577762464787
TVV,1,132,-9.5223901319300879
TVV,2,132,-16.159891382234839
VIRTUAL,133,10.189328,7.9050455405592568e-15,7.9287767711252344e-15,7.9307576193516872e-15,7.9307576786466665e-15,12.979949096166969,6.7796591799275119e-15,2.3733429151069288e-14,45.57518451815438,25.574954258594111,16.159891382234839,42.063993597514056,0.92295827306542932
TRV,0,133,-0.000942033265158342
TRV,1,133,-0.32820592341994609
TVR,0,133,-0.00097682425493098024
TVR,1,133,-0.1134423869680565
TVV,0,133,45.57518451815438
TVV,1,133,-16.031473008291236
TVV,2,133,-25.761498898240784
VIRTUAL,134,10.191209000000001,7.8618424128352074e-15,7.8877308039959007e-15,7.8889296085707137e-15,7.8889296085748804e-15,22.595172065957428,6.7445620046783859e-15,2.2806728862387079e-14,76.657146136293164,47.032981388594969,25.761498898240784,73.264512262971394,0.95574275792514096
TRV,0,134,-0.00085864651482504622
TRV,1,134,-0.46917332962081087
TVR,0,134,-0.00088391067288121029
TVR,1,134,-0.16099264222738099
TVV,0,134,76.657146136293164
TVV,1,134,-25.574954258594111
TVV,2,134,-47.342190355012555
VIRTUAL,135,10.192905,7.8205983581076312e-15,7.8467526386372178e-15,7.847385816501386e-15,7.847385816501386e-15,42.306372205343564,6.7095228046895127e-15,2.2219035380854335e-14,140.5689279822214,89.194661099572301,47.342190355012555,137.24628600999228,0.97636289882889804
TRV,0,135,-0.00077410291476014473
TRV,1,135,-0.70866045249266241
TVR,0,135,-0.00079167487269580171
TVR,1,135,-0.24158229386743843
TVV,0,135,140.5689279822214
TVV,1,135,-47.032981388594969
TVV,2,135,-89.71724958940122
VIRTUAL,136,10.194417,7.7821472990029959e-15,7.8074838493468931e-15,7.8077723949578005e-15,7.8077723949578005e-15,88.807782845594147,6.6759452409010701e-15,2.1842744352300935e-14,291.5124533773332,197.35353469776879,89.71724958940122,288.22994317342267,0.98873972564162926
TRV,0,136,-0.0006887073352347037
TRV,1,136,-1.1584701789174152
TVR,0,136,-0.00070023820451381241
TVR,1,136,-0.39262205998889022
TVV,0,136,291.5124533773332
TVV,1,136,-89.194661099572301
TVV,2,136,-198.36874883996336
VIRTUAL,137,10.195745000000001,7.7476169298665295e-15,7.7708266587822756e-15,7.7709329399393639e-15,7.7709329399393639e-15,219.38046886082952,6.6446007768436592e-15,2.1607860009632543e-14,715.54986997582694,511.77398545663789,198.36874883996336,712.28818549820937,0.99544170907650675
TRV,0,137,-0.00060276998288365474
TRV,1,137,-2.1448484316252228
TVR,0,137,-0.00060972554241581494
TVR,1,137,-0.72319951253269432
TVV,0,137,715.54986997582694
TVV,1,137,-197.35353469776879
TVV,2,137,-514.04105273712662
VIRTUAL,138,10.196889000000001,7.7178181864769353e-15,7.7379678513657219e-15,7.7379956113993697e-15,7.7379956113993697e-15,726.85160174664179,6.6165041962772354e-15,2.1463378663849517e-14,2364.0008305314236,1841.7096928770659,514.04105273712662,2360.7484461040513,0.99862420334825297
TRV,0,138,-0.00051695259288684313
TRV,1,138,-4.9971835372660554
TVR,0,138,-0.00052061168510398139
TVR,1,138,-1.6775181953544072
TVV,0,138,2364.0008305314236
TVV,1,138,-511.77398545663789
TVV,2,138,-1848.5463632664339
VIRTUAL,139,10.197848,7.6913209530125118e-15,7.7097766739498252e-15,7.7097812433144521e-15,7.7097812433144521e-15,4040.01252094867,6.5923987661109227e-15,2.1371578794481534e-14,13128.548460303602,11255.247232144582,1848.5463632664339,13125.298829667006,0.99975247601466211
TRV,0,139,-0.00043329851313473819
TRV,1,139,-11276.752033102059
TVR,0,139,-0.00043475164656779761
TVR,1,139,-3771.5235860826524
TVV,0,139,13128.548460303602
TVV,1,139,-1841.7096928770659
TVV,2,139,0
VIRTUAL,140,10.199581,7.6289547921141679e-15,7.6571148510983036e-15,7.6571218258310702e-15,7.6571218258310702e-15,4038.4391297335919,6.5473692210709795e-15,2.1209095385919335e-14,13130.128427422389,1833.7297233579413,11271.514662141255,13126.877139485237,0.99975237957837781
TRV,0,140,-0.00043557300841002335
TRV,1,140,-11293.146980554287
TVR,0,140,-0.00043411731061002336
TVR,1,140,-3751.8015188492095
TVV,0,140,13130.128427422389
TVV,1,140,0
TVV,2,140,-1840.543882283622
VIRTUAL,141,10.200540999999999,7.5694252170972842e-15,7.6209229226651013e-15,7.6209940099429757e-15,7.6209940099429757e-15,725.42928056623975,6.5164225887058183e-15,2.1073378234328462e-14,2361.9172026687716,513.05806911638354,1840.543882283622,2358.6613136855958,0.99862150587687959
TRV,0,141,-0.0005218525352590561
TRV,1,141,-5.0588404330552459
TVR,0,141,-0.00051818293575905613
TVR,1,141,-1.6744224405820403
TVV,0,141,2361.9172026687716
TVV,1,141,-1833.7297233579413
TVV,2,141,-515.32883359356663
VIRTUAL,142,10.201684,7.4623831375110324e-15,7.5595643409441144e-15,7.5600091099620571e-15,7.5600091099620571e-15,219.49814063581465,6.463956706030579e-15,2.0848691393420357e-14,717.18373606823752,196.39900955402416,515.32883359356663,713.91635651781951,0.9954441527518032
TRV,0,142,-0.0006123164649602809
TRV,1,142,-2.1879010537637797
TVR,0,142,-0.00060533160136028088
TVR,1,142,-0.72098102004523923
TVV,0,142,717.18373606823752
TVV,1,142,-513.05806911638354
TVV,2,142,-197.40931348558195
VIRTUAL,143,10.203011999999999,7.2741436697696041e-15,7.4495638534351662e-15,7.4515664164235993e-15,7.4515664164235993e-15,88.597835712988157,6.3698985888122404e-15,2.0469128870562932e-14,291.56737546079813,89.674220551512335,197.40931348558195,288.27646690626722,0.98871304257093262
TRV,0,143,-0.00070430222638091626
TRV,1,143,-1.1922285669465367
TVR,0,143,-0.0006927047233809163
TVR,1,143,-0.39086551612804632
TVV,0,143,291.56737546079813
TVV,1,143,-196.39900955402416
TVV,2,143,-90.199618763881631
VIRTUAL,144,10.204523999999999,6.9665717225877884e-15,7.2550711368665557e-15,7.262067776026232e-15,7.262067776026232e-15,42.233999309478186,6.2035937010122162e-15,1.9861254332810872e-14,140.81473344392762,46.543460986660506,90.199618763881631,137.48057765129053,0.97632239389236386
TRV,0,144,-0.00079768035493792881
TRV,1,144,-0.7367002203934534
TVR,0,144,-0.00077997542493792884
TVR,1,144,-0.24011625872285755
TVV,0,144,140.81473344392762
TVV,1,144,-89.674220551512335
TVV,2,144,-46.849451698716187
VIRTUAL,145,10.20622,6.4985325714324876e-15,6.9332346313136246e-15,6.9534603912012387e-15,6.9534603912787876e-15,22.492495735751291,5.9284009591439057e-15,1.8939278518207736e-14,76.662699243232225,25.910702887638699,46.849451698716187,73.254331397759628,0.95554072737957396
TRV,0,145,-0.00089239014314455747
TRV,1,145,-0.49328442126160055
TVR,0,145,-0.00086688398414455745
TVR,1,145,-0.15972848038298301
TVV,0,145,76.662699243232225
TVV,1,145,-46.543460986660506
TVV,2,145,-26.099696489906346
VIRTUAL,146,10.208100999999999,5.8682342464105617e-15,6.4370949343960037e-15,6.4847269748634716e-15,6.4847284509427308e-15,12.94241477737962,5.5041667868585076e-15,1.772013023940792e-14,45.706098426743104,15.724496322708351,26.099696489906346,42.174609923377986,0.9227348510390726
TRV,0,146,-0.00098837590830907845
TRV,1,146,-0.34942873485498033
TVR,0,146,-0.0009531738873090784
TVR,1,146,-0.11232782410659507
TVV,0,146,45.706098426743104
TVV,1,146,-25.910702887638699
TVV,2,146,-15.850455693241553
VIRTUAL,147,10.210165999999999,5.0800171412552305e-15,5.7568813538240651e-15,5.8541871780681549e-15,5.85446486521676e-15,7.9334103247987819,4.9225365582675932e-15,1.6199475356665579e-14,29.597141367321068,9.7581038825939714,15.850455693241553,25.867783151849519,0.87399599950591089
TRV,0,147,-0.0010858537775870177
TRV,1,147,-0.25813772223640796
TVR,0,147,-0.0010388584075870177
TVR,1,147,-0.082321870769923353
TVV,0,147,29.597141367321068
TVV,1,147,-15.724496322708351
TVV,2,147,-9.8432653552170208
VIRTUAL,148,10.212415,4.2380003523001643e-15,4.9085623888982617e-15,5.066279575882681e-15,5.0714353953541538e-15,5.0854296952320608,4.1971644581208494e-15,1.4604500734078074e-14,20.622755800459718,6.5510940429464881,9.8432653552170208,16.592579403846436,0.80457624404768247
TRV,0,148,-0.0011849302301057373
TRV,1,148,-0.19703507545282151
TVR,0,148,-0.0011238389391057372
TVR,1,148,-0.06229218805109394
TVV,0,148,20.622755800459718
TVV,1,148,-9.7581038825939714
TVV,2,148,-6.6129922578055877
VIRTUAL,149,10.214848999999999,3.4021512482304663e-15,4.01139980817908e-15,4.225018278265293e-15,4.2534342566845724e-15,3.3997930258103439,3.4300276472560064e-15,1.2828833756843677e-14,15.510602608118763,4.3319874883775098,6.6129922578055877,11.100670645467275,0.71568274463152171
TRV,0,149,-0.0012856493790753755
TRV,1,149,-0.15440524990510315
TVR,0,149,-0.0012079520720753756
TVR,1,149,-0.048357959434819978
TVV,0,149,15.510602608118763
TVV,1,149,-6.5510940429464881
TVV,2,149,-4.3760282860747823
VIRTUAL,150,10.217466999999999,2.7486744747734629e-15,3.1845079665336822e-15,3.3903466215745121e-15,3.4587813901398527e-15,2.3395345358813393,2.7229772374835554e-15,1.1307020635729817e-14,12.455558864469614,3.1436230053438363,4.3760282860747823,7.6446934880584845,0.61375756569747564
TRV,0,150,-0.0013882312864892704
TRV,1,150,-0.12365396535337644
TVR,0,150,-0.0012912076954892705
TVR,1,150,-0.038337260079531019
TVV,0,150,12.455558864469614
TVV,1,150,-4.3319874883775098
TVV,2,150,-3.1778407650954614
VIRTUAL,151,10.220269,2.2836099126738488e-15,2.5710315876476341e-15,2.738017785466746e-15,2.8444350085248217e-15,1.6620416501555677,2.1984119881590714e-15,1.009573139745001e-14,10.605659790429408,2.1551909766198984,3.1778407650954614,5.4353782020791925,0.51249788409996899
TRV,0,151,-0.0014928116701409589
TRV,1,151,-0.10085364869369172
TVR,0,151,-0.001373528500140959
TVR,1,151,-0.03093164476018807
TVV,0,151,10.605659790429408
TVV,1,151,-3.1436230053438363
TVV,2,151,-2.1802076447755692
VIRTUAL,152,10.223255999999999,2.0098418358839356e-15,2.1677346120439396e-15,2.2739446912667307e-15,2.3874281230203521e-15,1.202142267238612,1.8535648418948494e-15,9.4089894766162458e-15,9.4097571165321803,1.6694544733990757,2.1802076447755692,3.9348162916304421,0.41816342790796257
TRV,0,152,-0.0015994708917170858
TRV,1,152,-0.083554702564080388
TVR,0,152,-0.0014547787517170858
TVR,1,152,-0.025332045016831235
TVV,0,152,9.4097571165321803
TVV,1,152,-2.1551909766198984
TVV,2,152,-1.6900339339593198
VIRTUAL,153,10.226426999999999,1.8294846336719158e-15,1.9277194945192344e-15,2.0007771958069805e-15,2.1194140999034102e-15,0.8935700709562312,1.6483351145586343e-15,8.9366749446941405e-15,8.6402834292695498,1.1656180077952734,1.6900339339593198,2.9275294139229691,0.33882330804169725
TRV,0,153,-0.0017084268391272367
TRV,1,153,-0.070169045329248794
TVR,0,153,-0.0015349569691272367
TVR,1,153,-0.021014745393908334
TVV,0,153,8.6402834292695498
TVV,1,153,-1.6694544733990757
TVV,2,153,-1.18082581628446
VIRTUAL,154,10.229782,1.7054307665145252e-15,1.7695293097790865e-15,1.8208155846086669e-15,1.9414315287672303e-15,0.67122355239695841,1.5130714327693223e-15,8.6086746923716735e-15,8.1046162310501355,0.95895919635343596,1.18082581628446,2.2012390518144636,0.27160311963707173
TRV,0,154,-0.0018198318177744374
TRV,1,154,-0.059634207358793143
TVR,0,154,-0.0016139926077744374
TVR,1,154,-0.017629682206071102
TVV,0,154,8.1046162310501355
TVV,1,154,-1.1656180077952734
TVV,2,154,-0.9721653640955884
VIRTUAL,155,10.233321999999999,1.602573568524859e-15,1.6538242262374533e-15,1.6969821398111146e-15,1.8365719493649163e-15,0.51660600564860293,1.4141354866024348e-15,8.2867155939620601e-15,7.7432568349223247,0.67062044533309628,0.9721653640955884,1.6959391095041925,0.21902142027053206
TRV,0,155,-0.0019337913076668046
TRV,1,155,-0.051219508767840968
TVR,0,155,-0.0016917646176668045
TVR,1,155,-0.014936350219413677
TVV,0,155,7.7432568349223247
TVV,1,155,-0.95895919635343596
TVV,2,155,-0.68033928942426625
VIRTUAL,156,10.237045999999999,1.5182622316286849e-15,1.5588091135150332e-15,1.5943046671188471e-15,1.7490930315533159e-15,0.39962618109883297,1.3328909138524086e-15,8.0015084042419769e-15,7.4767881829766845,0.58654526817362163,0.68033928942426625,1.3133448718428629,0.17565628980009296
TRV,0,156,-0.0020505260414531048
TRV,1,156,-0.044409788203521879
TVR,0,156,-0.0017682632714531047
TVR,1,156,-0.01276553687294312
TVV,0,156,7.4767881829766845
TVV,1,156,-0.67062044533309628
TVV,2,156,-0.59547114630546194
VIRTUAL,157,10.240955,1.4427930765094319e-15,1.478225874556071e-15,1.5101130393522293e-15,1.690901908362232e-15,0.31653760716712809,1.2639866034490666e-15,7.7119889454925098e-15,7.292632842322293,0.40499583899054231,0.59547114630546194,1.0414719411665212,0.14281151453593144
TRV,0,157,-0.0021701562326382194
TRV,1,157,-0.03883479963787876
TVR,0,157,-0.0018433742626382192
TVR,1,157,-0.010995686097086607
TVV,0,157,7.292632842322293
TVV,1,157,-0.58654526817362163
TVV,2,157,-0.41144976322987625
VIRTUAL,158,10.245047,1.3778098557596735e-15,1.4074736654456067e-15,1.4347598422469901e-15,1.6345837931938228e-15,0.25075934328412591,1.203488511770817e-15,7.4507571497077713e-15,7.1502938349051526,0.37807218029442574,0.41144976322987625,0.82603771097883616,0.11552500219591233
TRV,0,158,-0.0022929520228006472
TRV,1,158,-0.034222815431733521
TVR,0,158,-0.0019171288528006473
TVR,1,158,-0.009537857201232243
TVV,0,158,7.1502938349051526
TVV,1,158,-0.40499583899054231
TVV,2,158,-0.38437169768780921
VIRTUAL,159,10.249324,1.3184170966049191e-15,1.345008333992756e-15,1.3698573567388548e-15,1.5979697463851144e-15,0.20335220161622417,1.1500762805986896e-15,7.1929270942447632e-15,7.0511588192104231,0.25354835458713776,0.38437169768780921,0.67071100262648109,0.09512067729905227
TRV,0,159,-0.0024189994900813889
TRV,1,159,-0.030371950861452803
TVR,0,159,-0.0019893697400813889
TVR,1,159,-0.0083258995077313512
TVV,0,159,7.0511588192104231
TVV,1,159,-0.37807218029442574
TVV,2,159,-0.25795734666796688
VIRTUAL,160,10.253786,1.2659044798747337e-15,1.2888342908888458e-15,1.3105429582227574e-15,1.5606694615730341e-15,0.16421156333697381,1.1020435413759129e-15,6.9592934227493267e-15,6.9716051421815957,0.25468700868212363,0.25795734666796688,0.54232218309722002,0.077790146176797581
TRV,0,160,-0.0025484887004525178
TRV,1,160,-0.027129339046676991
TVR,0,160,-0.0020600388804525179
TVR,1,160,-0.0073098869965834631
TVV,0,160,6.9716051421815957
TVV,1,160,-0.25354835458713776
TVV,2,160,-0.25929907402589836
VIRTUAL,161,10.258431,1.2173178923241239e-15,1.2381668824785206e-15,1.2580919580077885e-15,1.5379803295297172e-15,0.13599812178104911,1.0587193602988048e-15,6.732066246765296e-15,6.9173489713145049,0.1633971817703512,0.25929907402589836,0.44975564289432568,0.065018498381303802
TRV,0,161,-0.0026816948775564412
TRV,1,161,-0.024377692220519661
TVR,0,161,-0.0021291584175564412
TVR,1,161,-0.0064516373614205355
TVV,0,161,6.9173489713145049
TVV,1,161,-0.25468700868212363
TVV,2,161,-0.16647505209930299
VIRTUAL,162,10.263261,1.173487850191256e-15,1.1918606743185404e-15,1.2095628647033731e-15,1.5152206814125336e-15,0.11156300631089135,1.0191243107341933e-15,6.524810018533859e-15,6.8720767503092199,0.17814809876532578,0.16647505209930299,0.36946832726433398,0.053763707928277893
TRV,0,162,-0.0028187330307941215
TRV,1,162,-0.022026443368911068
TVR,0,162,-0.0021965851607941215
TVR,1,162,-0.0057215964431120321
TVV,0,162,6.8720767503092199
TVV,1,162,-0.1633971817703512
TVV,2,162,-0.18163360978426965
VIRTUAL,163,10.268276,1.1325521922863698e-15,1.1494250366518522e-15,1.1657769761912085e-15,1.5025680650069714e-15,0.094083080330352842,9.828388698940913e-16,6.3245152870134015e-15,6.8428507545838873,0.10743838595295734,0.18163360978426965,0.3120362241473395,0.045600325849327161
TRV,0,163,-0.0029598105803181059
TRV,1,163,-0.020004417829794403
TVR,0,163,-0.002262262960318106
TVR,1,163,-0.0050966384808547637
TVV,0,163,6.8428507545838873
TVV,1,163,-0.17814809876532578
TVV,2,163,-0.10961792232289341
VIRTUAL,164,10.273474,1.0950189228833203e-15,1.1101485093857471e-15,1.1248884926907753e-15,1.4917761614576852e-15,0.078268882365538042,9.4925468959467137e-16,6.1401371004424675e-15,6.8177299758018313,0.12900297719960749,0.10961792232289341,0.25998123131847967,0.038133107682649658
TRV,0,164,-0.003105212744765122
TRV,1,164,-0.018255119051213655
TVR,0,164,-0.002326207904765122
TVR,1,164,-0.0045584855456308566
TVV,0,164,6.8177299758018313
TVV,1,164,-0.10743838595295734
TVV,2,164,-0.13171460287526029
VIRTUAL,165,10.278858,1.059686187506728e-15,1.0736923638743462e-15,1.0873887877416117e-15,1.4865900205857195e-15,0.067093139872790961,9.1808213313158071e-16,5.9623212717583055e-15,6.803369598925622,0.071506585766400454,0.13171460287526029,0.22320997637660878,0.03280873883609936
TRV,0,165,-0.0032550486973978001
TRV,1,165,-0.016733739037550238
TVR,0,165,-0.0023882542473978
TVR,1,165,-0.0040925576488020686
TVV,0,165,6.803369598925622
TVV,1,165,-0.12900297719960749
TVV,2,165,-0.07306128466948629
VIRTUAL,166,10.284425000000001,1.0268460166967472e-15,1.0395890328534162e-15,1.0520943281246892e-15,1.4865020313616998e-15,0.056494914026256789,8.8892139776264414e-16,5.7970631357547022e-15,6.7906445336367565,0.096381917403726536,0.07306128466948629,0.18825663158003941,0.027722940090227022
TRV,0,166,-0.0034096498448151322
TRV,1,166,-0.015403779662011447
TVR,0,166,-0.0024484525148151322
TVR,1,166,-0.0036871257331073542
TVV,0,166,6.7906445336367565
TVV,1,166,-0.071506585766400454
TVV,2,166,-0.098547871487491931
VIRTUAL,167,10.290177,9.9572159081195347e-16,1.0075992514241485e-15,1.0192837976669669e-15,1.4867239770662443e-15,0.04917760573394897,8.6156789525004524e-16,5.6375975378445705e-15,6.7856193335476673,0.047795516246569379,0.098547871487491931,0.16414845577896237,0.024190637244771884
TRV,0,167,-0.0035691795712775908
TRV,1,167,-0.014235888473623445
TVR,0,167,-0.0025066789712775909
TVR,1,167,-0.0033326802011170616
TVV,0,167,6.7856193335476673
TVV,1,167,-0.096381917403726536
TVV,2,167,-0.048904361163316118
VIRTUAL,168,10.296113,9.6645723003013354e-16,9.7740000287526139e-16,9.8819119803709671e-16,1.4967723904197139e-15,0.041846598949396213,8.3574542369339958e-16,5.4880332805856467e-15,6.7809042484318729,0.074076221171322176,0.048904361163316118,0.13992037267168075,0.020634471089020057
TRV,0,168,-0.0037339117093265245
TRV,1,168,-0.013205878627715932
TVR,0,168,-0.0025629140093265247
TVR,1,168,-0.0030214543509335351
TVV,0,168,6.7809042484318729
TVV,1,168,-0.047795516246569379
TVV,2,168,-0.075848675180529651
VIRTUAL,169,10.302232999999999,9.3855920337365572e-16,9.4881995065337337e-16,9.5895506319928852e-16,1.500659948594922e-15,0.036959734527603393,8.1130747834543981e-16,5.3434452061946728e-15,6.7820189992190905,0.03175426480987479,0.075848675180529651,0.12380090862508367,0.018254285138295634
TRV,0,169,-0.0039040937661869051
TRV,1,169,-0.012293874868492328
TVR,0,169,-0.0026171050661869051
TVR,1,169,-0.0027470619413276004
TVV,0,169,6.7820189992190905
TVV,1,169,-0.074076221171322176
TVV,2,169,-0.032537311610737155
VIRTUAL,170,10.308538,9.1207101027670782e-16,9.2162831882175031e-16,9.3108502957058713e-16,1.5205924965380645e-15,0.03174483550314243,7.8805672962517918e-16,5.206678486971727e-15,6.7827452430344994,0.058427643397598671,0.032537311610737155,0.10652834868390794,0.015705786501904462
TRV,0,170,-0.0040799522849193767
TRV,1,170,-0.011483441390652733
TVR,0,170,-0.002669171684919377
TVR,1,170,-0.00250421855166109
TVV,0,170,6.7827452430344994
TVV,1,170,-0.03175426480987479
TVV,2,170,-0.059911021008604078
VIRTUAL,171,10.315027000000001,8.8669117712305248e-16,8.9570018819980059e-16,9.0462421535393361e-16,1.526387179531479e-15,0.028434133694459192,7.6588636288845559e-16,5.074144193312102e-15,6.7881043467380344,0.020665118968716666,0.059911021008604078,0.095598701601451674,0.014083269307342161
TRV,0,171,-0.0042617834845948633
TRV,1,171,-0.010760778139536076
TVR,0,171,-0.0027190961845948635
TVR,1,171,-0.0022885247368266883
TVV,0,171,6.7881043467380344
TVV,1,171,-0.058427643397598671
TVV,2,171,-0.021204840368286303
VIRTUAL,172,10.3217,8.6239734676074667e-16,8.7086990872494282e-16,8.7927317145160781e-16,1.5557994685190226e-15,0.024638774089316286,7.4465473573570954e-16,4.9478202797693394e-15,6.7927258949446809,0.047230098765255017,0.021204840368286303,0.08299915625406884,0.012218829014702171
TRV,0,172,-0.0044498610830694483
TRV,1,172,-0.010114356037458064
TVR,0,172,-0.002766831183069448
TVR,1,172,-0.002096298825116152
TVV,0,172,6.7927258949446809
TVV,1,172,-0.020665118968716666
TVV,2,172,-0.048498284390435777
VIRTUAL,173,10.328557999999999,8.3901848479303707e-16,8.4704232284051835e-16,8.5500655035641248e-16,1.5617261815240295e-15,0.022370822244154657,7.2428048179465375e-16,4.8251067922585244e-15,6.8011512929153328,0.012832340035429856,0.048498284390435777,0.075509554910805909,0.011102466576425551
TRV,0,173,-0.0046444413884014777
TRV,1,173,-0.0095344890965387962
TVR,0,173,-0.0028123041884014774
TVR,1,173,-0.0019244426744499602
TVV,0,173,6.8011512929153328
TVV,1,173,-0.047230098765255017
TVV,2,173,-0.013186274973772023
VIRTUAL,174,10.335599999999999,8.1648729054149658e-16,8.2409716844759208e-16,8.3165761557035376e-16,1.6000552519683581e-15,0.019550443962159207,7.0466076855195396e-16,4.7073475298100667e-15,6.8086901471579422,0.039079814453355989,0.013186274973772023,0.066124833161831126,0.0097118288147438614
TRV,0,174,-0.0048458459952677134
TRV,1,174,-0.0090128977394354007
TVR,0,174,-0.0028555006952677132
TVR,1,174,-0.0017703366131505767
TVV,0,174,6.8086901471579422
TVV,1,174,-0.012832340035429856
TVV,2,174,-0.040186252467645921
VIRTUAL,175,10.342826000000001,7.9472712480800577e-16,8.0196356808051571e-16,8.0915674066501084e-16,1.6039409955685328e-15,0.017992546127142316,6.8573499081282353e-16,4.5926976537343187e-15,6.8194495707555873,0.0072001342439605024,0.040186252467645921,0.060983334260120335,0.0089425596050508593
TRV,0,175,-0.0050543779643046861
TRV,1,175,-0.008542569584209226
TVR,0,175,-0.0028963796643046865
TVR,1,175,-0.0016317553481588567
TVV,0,175,6.8194495707555873
TVV,1,175,-0.039079814453355989
TVV,2,175,-0.0074092804491625464
VIRTUAL,176,10.350237,7.7363690326863831e-16,7.8055052473235038e-16,7.87427718185407e-16,1.6506949384676834e-15,0.015848880598529482,6.6742533976623816e-16,4.4820319741863432e-15,6.8292513415144489,0.033036073684199682,0.0074092804491625464,0.053833220563407704,0.007882741148529715
TRV,0,176,-0.0052703257077515884
TRV,1,176,-0.0081175407222938891
TVR,0,176,-0.0029348771077515878
TVR,1,176,-0.00150680025980566
TVV,0,176,6.8292513415144489
TVV,1,176,-0.0072001342439605024
TVV,2,176,-0.034019867085949972
VIRTUAL,177,10.357832,7.5320818041282748e-16,7.5980580133232679e-16,7.6637099152112438e-16,1.6502110922874977e-15,0.014782943500006205,6.4968714905992228e-16,4.3740673235914425e-15,6.8418710502752704,0.0030766794080750912,0.034019867085949972,0.050323216315400071,0.0073551833914460296
TRV,0,177,-0.0054940398464397395
TRV,1,177,-0.0077326299749352735
TVR,0,177,-0.0029709833464397393
TVR,1,177,-0.0013938446948469556
TVV,0,177,6.8418710502752704
TVV,1,177,-0.033036073684199682
TVV,2,177,-0.0031705541713634429
VIRTUAL,178,10.365610999999999,7.3331859448705859e-16,7.3966198785512636e-16,7.4597768704161873e-16,1.7040773450382455e-15,0.013126183091417186,6.3246277840330354e-16,4.2693416017573302e-15,6.8535207707810963,0.028504310021705784,0.0031705541713634429,0.044784121884662936,0.0065344694183452345
TRV,0,178,-0.0057258555006787356
TRV,1,178,-0.0073834021909149729
TVR,0,178,-0.0030046646006787361
TVR,1,178,-0.0012914895246067771
TVV,0,178,6.8535207707810963
TVV,1,178,-0.0030766794080750912
TVV,2,178,-0.029395028827768049
VIRTUAL,179,10.373575000000001,7.1400642371367315e-16,7.2007800990961165e-16,7.2612453844294528e-16,1.696814016562559e-15,0.012406745166279052,6.1571710631661625e-16,4.1669944718339449e-15,6.8676861379884473,0,0.029395028827768049,0.04242717359618553,0.0061777974042087624
TRV,0,179,-0.0059660959333231005
TRV,1,179,-0.0070660488350943775
TVR,0,179,-0.0030358662333231003
TVR,1,179,-0.0011985268815216973
TVV,0,179,6.8676861379884473
TVV,1,179,-0.028504310021705784
TVV,2,179,-0
VIRTUAL,180,10.3759,7.0024303525174401e-16,7.0610438577243394e-16,7.1195850913651819e-16,3.8713025583754521e-15,0.0037013397727130334,6.0376867947939192e-16,4.0953483951500714e-15,6.8524183933040215,0,0,0.012665932577012182,0.0018483886782787451
TRV,0,180,-0.0058987504624482146
TRV,1,180,-0.0067671821145639686
TVR,0,180,-0.0029747548624482149
TVR,1,180,-0.0011375690511928474
TVV,0,180,6.8524183933040215
TVV,1,180,0
TVV,2,180,0
VIRTUAL,181,10.383732999999999,6.824813928080449e-16,6.880005271034229e-16,6.9351304972428113e-16,3.7557414444924314e-15,0.0035960197465519368,5.8828861298736319e-16,4.0005867701319287e-15,6.8677082857434861,0,0,0.012333419135723188,0.0017958565830942241
TRV,0,181,-0.0059867538106293181
TRV,1,181,-0.0063466653250938707
TVR,0,181,-0.0029291334106293183
TVR,1,181,-0.0010350756596899304
TVV,0,181,6.8677082857434861
TVV,1,181,0
TVV,2,181,0
VIRTUAL,182,10.391538000000001,6.6553071816165872e-16,6.7074525116814096e-16,6.7595369448047513e-16,3.644031234047392e-15,0.0035055411349038971,5.7353414413627286e-16,3.9100875593373498e-15,6.8829989326555587,0,0,0.012050232970076152,0.0017507242247133403
TRV,0,182,-0.0060753840923622807
TRV,1,182,-0.0059748488777138726
TVR,0,182,-0.0028841979923622807
TVR,1,182,-0.00094549013284798132
TVV,0,182,6.8829989326555587
TVV,1,182,0
TVV,2,182,0
VIRTUAL,183,10.399289,6.4933685344901159e-16,6.5427913375089971e-16,6.5921577044301271e-16,3.5363878399371407e-15,0.0034276698074561449,5.5945446106181529e-16,3.8235389188792424e-15,6.8982334576825588,0,0,0.011808937041739458,0.0017118784271628051
TRV,0,183,-0.006165168701104575
TRV,1,183,-0.0056437683406348827
TVR,0,183,-0.0028404718011045753
TVR,1,183,-0.000866749184044657
TVV,0,183,6.8982334576825588
TVV,1,183,0
TVV,2,183,0
VIRTUAL,184,10.40704,6.3379366394972609e-16,6.3849003330173742e-16,6.4318114481430907e-16,3.4319308781390503e-15,0.0033605439978915,5.4595367488849378e-16,3.7404076866801893e-15,6.9135149269505485,0,0,0.011603583788870607,0.0016783913698713571
TRV,0,184,-0.006254990248164438
TRV,1,184,-0.0053485935407061687
TVR,0,184,-0.002796831748164438
TVR,1,184,-0.00079718302929217689
TVV,0,184,6.9135149269505485
TVV,1,184,0
TVV,2,184,0
VIRTUAL,185,10.414764,6.1886839988791315e-16,6.2334197152976935e-16,6.2781062096703887e-16,3.3309127018291182e-15,0.0033026731228318054,5.3300102165900229e-16,3.6604979677100383e-15,6.9287861921824474,0,0,0.011429172229836738,0.0016495201198056808
TRV,0,185,-0.0063454217358630107
TRV,1,185,-0.0050837504939737271
TVR,0,185,-0.0027538462358630109
TVR,1,185,-0.00073543139944882985
TVV,0,185,6.9287861921824474
TVV,1,185,0
TVV,2,185,0
VIRTUAL,186,10.422461,6.0451336074840636e-16,6.0878406010972342e-16,6.1305013138465584e-16,3.233210730234568e-15,0.0032528135510234584,5.2055298829288203e-16,3.5835536416621147e-15,6.9440442970657097,0,0,0.01128160505986019,0.0016246447426361277
TRV,0,186,-0.006436463972807646
TRV,1,186,-0.0048451410870525447
TVR,0,186,-0.0027115107728076459
TVR,1,186,-0.00068037628055917139
TVV,0,186,6.9440442970657097
TVV,1,186,0
TVV,2,186,0
VIRTUAL,187,10.430103000000001,5.9070628772796903e-16,5.9479193738712425e-16,5.9887321780705279e-16,3.1390463121037345e-15,0.0032099502943739398,5.0858874387016016e-16,3.5094386596167252e-15,6.9592307432707905,0,0,0.011157450906180236,0.0016032592276048474
TRV,0,187,-0.0065286061604474064
TRV,1,187,-0.0046288447457328297
TVR,0,187,-0.0026703091604474063
TVR,1,187,-0.0006310916512676756
TVV,0,187,6.9592307432707905
TVV,1,187,0
TVV,2,187,0
VIRTUAL,188,10.437745,5.7737090121601428e-16,5.8128603179423499e-16,5.8519702343946783e-16,3.047629336381403e-15,0.0031731682320533879,4.9704024913014856e-16,3.4377783442126386e-15,6.9744532991581849,0,0,0.011053861810243384,0.0015849072803423292
TRV,0,188,-0.0066208701538569455
TRV,1,188,-0.0044329916563864381
TVR,0,188,-0.0026292581538569447
TVR,1,188,-0.00058680501644455408
TVV,0,188,6.9744532991581849
TVV,1,188,0
TVV,2,188,0
VIRTUAL,189,10.445333,5.6451262142043665e-16,5.6827093780091118e-16,5.720253203099119e-16,2.9594961355484358e-15,0.0031417780711544821,4.8591143266620173e-16,3.3685711797416761e-15,6.9896020631727263,0,0,0.0109683994783507,0.0015692451986847322
TRV,0,189,-0.0067141835760007092
TRV,1,189,-0.0042542159023499903
TVR,0,189,-0.0025892802760007099
TVR,1,189,-0.00054687003024348185
TVV,0,189,6.9896020631727263
TVV,1,189,0
TVV,2,189,0
VIRTUAL,190,10.452921,5.5206543751165951e-16,5.5567809259191969e-16,5.5928699834921085e-16,2.8739158724525791e-15,0.0031151079066554675,4.7514366847167153e-16,3.3014953880846967e-15,7.0047836557865599,0,0,0.010899008342389251,0.0015559378958671655
TRV,0,190,-0.0068076484621834993
TRV,1,190,-0.0040913598802057513
TVR,0,190,-0.0025494744621834993
TVR,1,190,-0.00051074011768429371
TVV,0,190,7.0047836557865599
TVV,1,190,0
TVV,2,190,0
VIRTUAL,191,10.460482000000001,5.400225125093262e-16,5.4349983090230304e-16,5.4697356643449834e-16,2.7911051671737029e-15,0.0030926487906917746,4.6473040220842526e-16,3.2365007445350599e-15,7.0199426154284614,0,0,0.010843926820586021,0.0015447315476273538
TRV,0,191,-0.0069017288008696252
TRV,1,191,-0.0039421980197163961
TVR,0,191,-0.002510293100869625
TVR,1,191,-0.00047795138371268419
TVV,0,191,7.0199426154284614
TVV,1,191,0
TVV,2,191,0
VIRTUAL,192,10.467988,5.2837801705305121e-16,5.3172963441026044e-16,5.3507781927380059e-16,2.7112598547193637e-15,0.003073966196164605,4.5466606025501918e-16,3.1735438046323384e-15,7.0350213158676551,0,0,0.010801638065671477,0.0015354094295788601
TRV,0,192,-0.0069968292295318237
TRV,1,192,-0.003804808836139653
TVR,0,192,-0.0024721402295318239
TVR,1,192,-0.00044810873997031816
TVV,0,192,7.0350213158676551
TVV,1,192,0
TVV,2,192,0
VIRTUAL,193,10.475493999999999,5.1707557772585159e-16,5.2030925127621997e-16,5.2353962965419226e-16,2.6337019917478675e-15,0.0030586136710671623,4.4490083321079773e-16,3.1123525253983583e-15,7.0501293522413073,0,0,0.010770826945175416,0.0015277488407714479
TRV,0,193,-0.0070921152703881767
TRV,1,193,-0.0036787116747872394
TVR,0,193,-0.0024341811703881768
TVR,1,193,-0.00042087352638136747
TVV,0,193,7.0501293522413073
TVV,1,193,0
TVV,2,193,0
VIRTUAL,194,10.482972999999999,5.0611397849480086e-16,5.092370767630774e-16,5.1235700536652997e-16,2.5586324733820943e-15,0.0030462773957765921,4.3543334891319993e-16,3.0529089034821207e-15,7.0652114596607891,0,0,0.010750378001288233,0.0015215932407215416
TRV,0,194,-0.0071880141605642454
TRV,1,194,-0.0035623638407239872
TVR,0,194,-0.0023968266605642456
TVR,1,194,-0.00039595398846603688
TVV,0,194,7.0652114596607891
TVV,1,194,0
TVV,2,194,0
VIRTUAL,195,10.490398000000001,4.9549169506044743e-16,4.9851124706105853e-16,5.0152774413613696e-16,2.4862237828003356e-15,0.0030366810930457832,4.2626201367439595e-16,2.995194858488268e-15,7.0802121453931566,0,0,0.01073929981841241,0.0015168048072401463
TRV,0,195,-0.007284880105858477
TRV,1,195,-0.0034544197125539323
TVR,0,195,-0.002360431005858477
TVR,1,195,-0.00037309785374063897
TVV,0,195,7.0802121453931566
TVV,1,195,0
TVV,2,195,0
VIRTUAL,196,10.497821999999999,4.8516091382298424e-16,4.8808252711767982e-16,4.9100119154561584e-16,2.4158761345281389e-15,0.0030295139999331629,4.1734472807789576e-16,2.9389807635506083e-15,7.0952377313714265,0,0,0.010736715939614148,0.0015132284986226763
TRV,0,196,-0.0073819780371978082
TRV,1,196,-0.0033547379024163396
TVR,0,196,-0.0023242590371978086
TVR,1,196,-0.00035208629483997745
TVV,0,196,7.0952377313714265
TVV,1,196,0
TVV,2,196,0
VIRTUAL,197,10.50522,4.7512266041123717e-16,4.7795176870167614e-16,4.8077802614644826e-16,2.3477569954696873e-15,0.003024574781506226,4.0868222044559426e-16,2.8842631479699306e-15,7.1102370213608106,0,0,0.010741889181205411,0.0015107638674961565
TRV,0,197,-0.0074796709478138048
TRV,1,197,-0.0032622182333916058
TVR,0,197,-0.0022886573478138046
TVR,1,197,-0.00033272852875103624
TVV,0,197,7.1102370213608106
TVV,1,197,0
TVV,2,197,0
VIRTUAL,198,10.512563,4.653796269194924e-16,4.6812155925697745e-16,4.7086073123405317e-16,2.2820453088319926e-15,0.0030216839687142237,4.002767032231812e-16,2.8310470830817556e-15,7.1251504481603938,0,0,0.010754141842262359,0.0015093213708966546
TRV,0,198,-0.0075783040234120337
TRV,1,198,-0.0031758378188503243
TVR,0,198,-0.0022539750234120345
TVR,1,198,-0.00031485756795458965
TVV,0,198,7.1251504481603938
TVV,1,198,0
TVV,2,198,0
VIRTUAL,199,10.519906000000001,4.5588827823026995e-16,4.5854719698492919e-16,4.6120343989516547e-16,2.2181748228230873e-15,0.0030206173095081931,3.9208995324353309e-16,2.7791242979786131e-15,7.1400890437209386,0,0,0.010772888623894344,0.0015087891142433474
TRV,0,199,-0.0076771938874133812
TRV,1,199,-0.0030956947364809617
TVR,0,199,-0.0022195164874133813
TVR,1,199,-0.00029832712352895446
TVV,0,199,7.1400890437209386
TVV,1,199,0
TVV,2,199,0
VIRTUAL,200,10.527222,4.4665293542244235e-16,4.4923299059505283e-16,4.5181044875472602e-16,2.1563185779811245e-15,0.0030212388707358258,3.8412565475491476e-16,2.7285094353024121e-15,7.1549974724379366,0,0,0.010797601460336004,0.0015090992696964456
TRV,0,200,-0.0077766750789815707
TRV,1,200,-0.003020926381354433
TVR,0,200,-0.002185616278981571
TVR,1,200,-0.00028300808977426589
TVV,0,200,7.1549974724379366
TVV,1,200,0
TVV,2,200,0
VIRTUAL,201,10.534511,4.3766300479370917e-16,4.401680105333651e-16,4.426704929931814e-16,2.0964074908771149e-15,0.0030234083047174613,3.7637446222356556e-16,2.6791482538506424e-15,7.1698752095207317,0,0,0.010827815075288946,0.0015101818035704317
TRV,0,201,-0.0078767441944996765
TRV,1,201,-0.0029510708807892706
TVR,0,201,-0.0021522667944996756
TVR,1,201,-0.00026878668428227404
TVV,0,201,7.1698752095207317
TVV,1,201,0
TVV,2,201,0
VIRTUAL,202,10.541772,4.2890913016462956e-16,4.313426171125873e-16,4.3377364990622069e-16,2.0383828877799364e-15,0.0030270055022149737,3.6882813304205217e-16,2.6309927640809389e-15,7.1847197308900084,0,0,0.010863129396878396,0.0015119767790208183
TRV,0,202,-0.0079774259178184669
TRV,1,202,-0.0028857034790599288
TVR,0,202,-0.002119476117818468
TVR,1,202,-0.00025556195151922448
TVV,0,202,7.1847197308900084
TVV,1,202,0
TVV,2,202,0
VIRTUAL,203,10.549006,4.2038156663020148e-16,4.2274678221566515e-16,4.2510960863323058e-16,1.9821723643031238e-15,0.0030319125563530191,3.6147809246829174e-16,2.583993596203355e-15,7.1995326001107403,0,0,0.010903154724184672,0.0015144253564484123
TRV,0,203,-0.0080786877474094219
TRV,1,203,-0.0028244669767752508
TVR,0,203,-0.0020872201474094235
TVR,1,203,-0.00024324430583866864
TVV,0,203,7.1995326001107403
TVV,1,203,0
TVV,2,203,0
VIRTUAL,204,10.556213,4.1207170615794427e-16,4.1437166241270629e-16,4.166692907321457e-16,1.9277141832633491e-15,0.0030380330367094565,3.5431677875065702e-16,2.5381070637994056e-15,7.2143133907145138,0,0,0.01094757204118231,0.0015174794118693047
TRV,0,204,-0.0081805430589588311
TRV,1,204,-0.0027670289822234791
TVR,0,204,-0.0020554956589588307
TVR,1,204,-0.00023175380982989484
TVV,0,204,7.2143133907145138
TVV,1,204,0
TVV,2,204,0
VIRTUAL,205,10.563393,4.0397148140847551e-16,4.0620897471166171e-16,4.0844419790677023e-16,1.8749488639010229e-15,0.0030452747496109264,3.4733710935110922e-16,2.493292344642907e-15,7.2290616859569905,0,0,0.010996074652922787,0.00152109293440994
TRV,0,205,-0.0082829825709074077
TRV,1,205,-0.0027130920820153787
TVR,0,205,-0.002024293470907408
TVR,1,205,-0.00022101920174199012
TVV,0,205,7.2290616859569905
TVV,1,205,0
TVV,2,205,0
VIRTUAL,206,10.570546,3.9607330048857473e-16,3.9825093539133924e-16,4.0042635491074043e-16,1.8238190903392969e-15,0.0030535575637382346,3.4053242864314277e-16,2.4495111098381684e-15,7.2437770960278272,0,0,0.011048396671375423,0.0015252259318462302
TRV,0,206,-0.0083860084436920852
TRV,1,206,-0.0026623882276833378
TVR,0,206,-0.0019936073436920849
TVR,1,206,-0.00021097668249473028
TVV,0,206,7.2437770960278272
TVV,1,206,0
TVV,2,206,0
VIRTUAL,207,10.577672,3.883700228472393e-16,3.9049022958641755e-16,3.9260827283525903e-16,1.7742696291837274e-15,0.0030628075466747852,3.3389648190484315e-16,2.4067274096814667e-15,7.2584592454161223,0,0,0.011104292214111064,0.0015298415047413361
TRV,0,207,-0.0084896171340820871
TRV,1,207,-0.002614675080028976
TVR,0,207,-0.0019634296340820872
TVR,1,207,-0.00020156898536743861
TVV,0,207,7.2584592454161223
TVV,1,207,0
TVV,2,207,0
VIRTUAL,208,10.584770000000001,3.8085536936477014e-16,3.8292043138979709e-16,3.8498337921376297e-16,1.7262539143399294e-15,0.0030729598430965757,3.2742377453580556e-16,2.3649095790209417e-15,7.2731057181911956,0,0,0.011163542935837253,0.0015349072828565458
TRV,0,208,-0.0085938201212217222
TRV,1,208,-0.0025697228146155304
TVR,0,208,-0.0019337636212217225
TVR,1,208,-0.00019274457014585361
TVV,0,208,7.2731057181911956
TVV,1,208,0
TVV,2,208,0
VIRTUAL,209,10.591868,3.7351043018706885e-16,3.7552221147631012e-16,3.775319257637482e-16,1.6795384803080878e-15,0.0030839305251015559,3.2109777860989474e-16,2.3239661640793532e-15,7.2877739006832565,0,0,0.011225951213112581,0.0015403813792933541
TRV,0,209,-0.0086983442303709951
TRV,1,209,-0.002527606982741586
TVR,0,209,-0.001904336130370995
TVR,1,209,-0.00018445707110580057
TVV,0,209,7.2877739006832565
TVV,1,209,0
TVV,2,209,0
VIRTUAL,210,10.598912,3.6635390933857002e-16,3.6831468105761276e-16,3.7027343049407529e-16,1.6344288521976145e-15,0.0030957090954729224,3.1493483555092482e-16,2.2839848797526408e-15,7.3023521786199064,0,0,0.011291324471758938,0.0015462585473237089
TRV,0,210,-0.0088037113109642497
TRV,1,210,-0.0024876131607946884
TVR,0,210,-0.0018756565109642504
TVR,1,210,-0.00017666442620980908
TVV,0,210,7.3023521786199064
TVV,1,210,0
TVV,2,210,0
VIRTUAL,211,10.605929,3.593674089593616e-16,3.6127905260377672e-16,3.6318871666835757e-16,1.5906973897055335e-15,0.0031082241037695708,3.0891888070561779e-16,2.2448765568269669e-15,7.3168958373603834,0,0,0.011359503661123847,0.0015525031261374167
TRV,0,211,-0.0089096577033282841
TRV,1,211,-0.002449845957795562
TVR,0,211,-0.0018474570033282843
TVR,1,211,-0.0001693288048583571
TVV,0,211,7.3168958373603834
TVV,1,211,0
TVV,2,211,0
VIRTUAL,212,10.612946000000001,3.5253408646149473e-16,3.5439812901466859e-16,3.5626023309672895e-16,1.5481367094442843e-15,0.0031214092401145432,3.0303520934950566e-16,2.2065595608123924e-15,7.3314604710749025,0,0,0.011430348204574369,0.0015590820205156897
TRV,0,212,-0.0090159421864900637
TRV,1,212,-0.0024144060180843062
TVR,0,212,-0.0018194923864900646
TVR,1,212,-0.00016241576224770932
TVV,0,212,7.3314604710749025
TVV,1,212,0
TVV,2,212,0
VIRTUAL,213,10.619935,3.4586138292902616e-16,3.4767951810093738e-16,3.4949575416632364e-16,1.5068783508678141e-15,0.0031352440449087192,2.9729032669326527e-16,2.1690687859576272e-15,7.3459879478457504,0,0,0.011503707033778799,0.0015659850132414554
TRV,0,213,-0.0091228185417766058
TRV,1,213,-0.0023808884920021936
TVR,0,213,-0.0017920121417766065
TVR,1,213,-0.00015589411197668591
TVV,0,213,7.3459879478457504
TVV,1,213,0
TVV,2,213,0
VIRTUAL,214,10.626897,3.393439042516468e-16,3.4111772596555142e-16,3.4288968632650368e-16,1.4668730739428908e-15,0.0031496915215438437,2.9167953507034359e-16,2.1323775222065956e-15,7.3604800472518024,0,0,0.011579460366557744,0.0015731936357712417
TRV,0,214,-0.0092302843097268293
TRV,1,214,-0.0023491760568309142
TVR,0,214,-0.00176500150972683
TVR,1,214,-0.00014973534031345546
TVV,0,214,7.3604800472518024
TVV,1,214,0
TVV,2,214,0
VIRTUAL,215,10.633832999999999,3.3297652928636139e-16,3.3470753834390724e-16,3.3643672231409802e-16,1.4280738059479129e-15,0.0031647153659855117,2.8619837591948882e-16,2.0964604417948073e-15,7.3749385606086522,0,0,0.011657489904619,0.0015806897655913366
TRV,0,215,-0.0093383275821112624
TRV,1,215,-0.0023191623225077371
TVR,0,215,-0.0017384444821112633
TVR,1,215,-0.00014391352581545085
TVV,0,215,7.3749385606086522
TVV,1,215,0
TVV,2,215,0
VIRTUAL,216,10.640739999999999,3.2675596589635804e-16,3.2844560982776903e-16,3.3013346352599281e-16,1.3904570157858426e-15,0.0031802837621954191,2.8084398868246973e-16,2.0613011103933927e-15,7.3893569682083697,0,0,0.01173767964190674,0.0015884575197011586
TRV,0,216,-0.0094469647156660216
TRV,1,216,-0.0022907149262407192
TVR,0,216,-0.001712357315666021
TVR,1,216,-0.00013840503555421973
TVV,0,216,7.3893569682083697
TVV,1,216,0
TVV,2,216,0
VIRTUAL,217,10.647620999999999,3.2067667653392526e-16,3.2232630680392228e-16,3.2397418040213842e-16,1.3539675037338329e-15,0.0031963669907970737,2.7561155622561638e-16,2.0268722628413339e-15,7.4037412390301691,0,0,0.011819940076528389,0.0015964820615579356
TRV,0,217,-0.0095561777296093286
TRV,1,217,-0.0022637623469190598
TVR,0,217,-0.0016867096296093278
TVR,1,217,-0.00013318817968626905
TVV,0,217,7.4037412390301691
TVV,1,217,0
TVV,2,217,0
VIRTUAL,218,10.654475,3.1473494684082791e-16,3.1634585741538565e-16,3.1795504366083303e-16,1.3185735021413618e-15,0.0032129395322013257,2.7049785334716719e-16,1.9931555175084438e-15,7.4180890296853956,0,0,0.011904183195428171,0.0016047506504425213
TRV,0,218,-0.0096659764795335307
TRV,1,218,-0.00223820671589464
TVR,0,218,-0.0016615030795335303
TVR,1,218,-0.00012824320298335888
TVV,0,218,7.4180890296853956
TVV,1,218,0
TVV,2,218,0
VIRTUAL,219,10.661301,3.0892719692367093e-16,3.1050062686405096e-16,3.1207236366975365e-16,1.2842440068320723e-15,0.003229974971625475,2.6549977204029177e-16,1.9601331814932218e-15,7.4323979841407457,0,0,0.011990316785543895,0.0016132500992450671
TRV,0,219,-0.0097763603377086193
TRV,1,219,-0.0022139564478352758
TVR,0,219,-0.0016367370377086193
TVR,1,219,-0.00012355192842299019
TVV,0,219,7.4323979841407457
TVV,1,219,0
TVV,2,219,0
VIRTUAL,220,10.668127,3.0323933588610788e-16,3.0477625557117417e-16,3.0631151247539924e-16,1.2508086650816187e-15,0.0032474327078087883,2.6060503385994598e-16,1.9277363084204101e-15,7.4467264290328936,0,0,0.01207829346671785,0.0016219601434031006
TRV,0,220,-0.0098871222514332318
TRV,1,220,-0.0021911712152846187
TVR,0,220,-0.0016121962514332319
TVR,1,220,-0.00011909761437470435
TVV,0,220,7.4467264290328936
TVV,1,220,0
TVV,2,220,0
VIRTUAL,221,10.674899,2.976879955974778e-16,2.9918973387644487e-16,3.0068983848926795e-16,1.2184982624140251e-15,0.003265326926277319,2.5582816673594437e-16,1.8960461778591601e-15,7.46096119122332,0,0,0.012167990977645721,0.001630887852889451
TRV,0,221,-0.0099986703189252832
TRV,1,221,-0.0021693206587204382
TVR,0,221,-0.0015882803189252836
TVR,1,221,-0.00011486491696007986
TVV,0,221,7.46096119122332
TVV,1,221,0
TVV,2,221,0
VIRTUAL,222,10.681671,2.9224973236549371e-16,2.9371716561947377e-16,2.9518299359613845e-16,1.1870228135950184e-15,0.0032836031399692046,2.5114873777834378e-16,1.8649476976681355e-15,7.4752150901035996,0,0,0.01225939786744373,0.0016400060359030855
TRV,0,222,-0.01011060303886699
TRV,1,222,-0.0021487948285767401
TVR,0,222,-0.0015645839388669903
TVR,1,222,-0.00011083974133516382
TVV,0,222,7.4752150901035996
TVV,1,222,0
TVV,2,222,0
VIRTUAL,223,10.688416,2.8693135743233502e-16,2.8836551914329687e-16,2.8979810306377369e-16,1.1564813105928384e-15,0.0033022618176912844,2.4657270540824714e-16,1.8344743799225429e-15,7.4894313863444202,0,0,0.012352430923756281,0.0016493149194581891
TRV,0,223,-0.010223128301268153
TRV,1,223,-0.0021293026224881292
TVR,0,223,-0.0015413023012681524
TVR,1,223,-0.00010700896162186006
TVV,0,223,7.4894313863444202
TVV,1,223,0
TVV,2,223,0
VIRTUAL,224,10.695133999999999,2.8172961010519462e-16,2.8313148853229964e-16,2.8453181580685722e-16,1.1268434081585199e-15,0.0033212825805566744,2.4209724283637895e-16,1.8046101736710174e-15,7.5036098304305554,0,0,0.012447020473365765,0.0016588043294691879
TRV,0,224,-0.010336233062102478
TRV,1,224,-0.0021107874112632863
TVR,0,224,-0.001518426662102479
TVR,1,224,-0.00010336053970002442
TVV,0,224,7.5036098304305554
TVV,1,224,0
TVV,2,224,0
VIRTUAL,225,10.701824,2.7664168287686882e-16,2.7801223355998268e-16,2.7938125891420528e-16,1.0980840620987938e-15,0.0033406537598271078,2.3771992147025698e-16,1.7753412584961875e-15,7.5177480870771305,0,0,0.012543125405802385,0.0016684684376913061
TRV,0,225,-0.010449935731329617
TRV,1,225,-0.0020931896744727681
TVR,0,225,-0.001495958831329616
TVR,1,225,-9.9883407888260188e-05
TVV,0,225,7.5177480870771305
TVV,1,225,0
TVV,2,225,0
VIRTUAL,226,10.708513999999999,2.7165526368812656e-16,2.7299521734270574e-16,2.7433367093656785e-16,1.0700589572309216e-15,0.003360342610513118,2.3343002139674541e-16,1.746606779929848e-15,7.5319049499026347,0,0,0.012640727548217675,0.0016782909014778635
TRV,0,226,-0.010564042778091894
TRV,1,226,-0.0020766847701257814
TVR,0,226,-0.001473705378091894
TVR,1,226,-9.6567244776236266e-05
TVV,0,226,7.5319049499026347
TVV,1,226,0
TVV,2,226,0
VIRTUAL,227,10.71515,2.6678569632068024e-16,2.6809610819859877e-16,2.6940504435016802e-16,1.0429668359159823e-15,0.003380367764315799,2.2924094012467955e-16,1.7184830325896017e-15,7.5459663950591755,0,0,0.012739711763179173,0.0016882810095100176
TRV,0,227,-0.010678921841305693
TRV,1,227,-0.0020607899218734798
TVR,0,227,-0.0014520214413056925
TVR,1,227,-9.3402411374926797e-05
TVV,0,227,7.5459663950591755
TVV,1,227,0
TVV,2,227,0
VIRTUAL,228,10.721786,2.6201218449464944e-16,2.6329372292760196e-16,2.6457380948048331e-16,1.0165608551927116e-15,0.0034006859932026218,2.251345645351141e-16,1.6908666738562136e-15,7.5600461310722666,0,0,0.012840112305677947,0.0016984171899301348
TRV,0,228,-0.010794216010459537
TRV,1,228,-0.0020458962952184111
TVR,0,228,-0.001430546010459538
TVR,1,228,-9.0380156066997472e-05
TVV,0,228,7.5600461310722666
TVV,1,228,0
TVV,2,228,0
VIRTUAL,229,10.728395000000001,2.5734117485706944e-16,2.5859465338006277e-16,2.598467032093753e-16,9.9092695580634035e-16,0.0034212997897332467,2.2111653112154748e-16,1.6637900608688606e-15,7.5740869940952225,0,0,0.012941847599739731,0.0017087006803366833
TRV,0,229,-0.010910101060165659
TRV,1,229,-0.0020317465395740726
TVR,0,229,-0.0014094507601656598
TVR,1,229,-8.7492214443433194e-05
TVV,0,229,7.5740869940952225
TVV,1,229,0
TVV,2,229,0
VIRTUAL,230,10.734977000000001,2.5277001541026537e-16,2.539962175651167e-16,2.5522101358272441e-16,9.6604037181628769e-16,0.0034421996976249933,2.1718454659404234e-16,1.6372401220694223e-15,7.5880887633060299,0,0,0.013044886429392935,0.0017191267572507218
TRV,0,230,-0.011026583848866544
TRV,1,230,-0.0020183025805263904
TVR,0,230,-0.0013887300488665433
TVR,1,230,-8.4730909702675843e-05
TVV,0,230,7.5880887633060299
TVV,1,230,0
TVV,2,230,0
VIRTUAL,231,10.741531,2.4829644732562591e-16,2.4949613302253478e-16,2.5069443453195919e-16,9.4188083127327522e-16,0.0034633740641461836,2.1333665928932312e-16,1.6112057438420983e-15,7.6020490888630219,0,0,0.013149185261639313,0.0017296896018341723
TRV,0,231,-0.011143662783902514
TRV,1,231,-0.0020055224777367989
TVR,0,231,-0.0013683824839025151
TVR,1,231,-8.208916232856863e-05
TVV,0,231,7.6020490888630219
TVV,1,231,0
TVV,2,231,0
VIRTUAL,232,10.748058,2.4391766726279333e-16,2.4509156387985688e-16,2.4626409768430407e-16,9.1842142853757295e-16,0.003484815607731174,2.0957044433791596e-16,1.5856730619442304e-15,7.615969873700851,0,0,0.01325472411524911,0.0017403855759750009
TRV,0,232,-0.011261343408628588
TRV,1,232,-0.0019933807066205215
TVR,0,232,-0.0013483969086285864
TVR,1,232,-7.9560323755201322e-05
TVV,0,232,7.615969873700851
TVV,1,232,0
TVV,2,232,0
VIRTUAL,233,10.754585000000001,2.3962334537754457e-16,2.4077199927622791e-16,2.4191931137479653e-16,8.9554648118874098e-16,0.0035064988949260064,2.0587691421799471e-16,1.5605903386700207e-15,7.6299083231247522,0,0,0.013361510615287347,0.0017512019868956008
TRV,0,233,-0.011379456640093188
TRV,1,233,-0.001982053975194159
TVR,0,233,-0.0013286086400931887
TVR,1,233,-7.7138247746553381e-05
TVV,0,233,7.6299083231247522
TVV,1,233,0
TVV,2,233,0
VIRTUAL,234,10.761058,2.3542738061916094e-16,2.3655162517359123e-16,2.3767454822709743e-16,8.7342357205371116e-16,0.0035284449549785129,2.0226819892008522e-16,1.5360279462560279e-15,7.6437494330321494,0,0,0.013469427860053181,0.0017621493192654381
TRV,0,234,-0.011498331602144555
TRV,1,234,-0.0019710962579086249
TVR,0,234,-0.0013093296021445553
TVR,1,234,-7.481707690168352e-05
TVV,0,234,7.6437494330321494
TVV,1,234,0
TVV,2,234,0
VIRTUAL,235,10.767531,2.3131155145325033e-16,2.3241189179052076e-16,2.3351093060182923e-16,8.518473048865209e-16,0.0035506190025303796,1.9872843708252208e-16,1.5118939873735218e-15,7.6576079206505874,0,0,0.013578548593653657,0.0017732102158215524
TRV,0,235,-0.011617654104591675
TRV,1,235,-0.0019608944890619818
TVR,0,235,-0.0012902421045916756
TVR,1,235,-7.2591494796687628e-05
TVV,0,235,7.6576079206505874
TVV,1,235,0
TVV,2,235,0
VIRTUAL,236,10.773975999999999,2.2728210082994659e-16,2.2835917839877736e-16,2.2943497392234713e-16,8.3089402037102598e-16,0.0035730267238217104,1.9526308342923099e-16,1.488220393329386e-15,7.6714240031545424,0,0,0.013688793158805758,0.0017843875078703553
TRV,0,236,-0.011737584089076469
TRV,1,236,-0.0019512090697292887
TVR,0,236,-0.0012715020890764685
TVR,1,236,-7.0456475243903154e-05
TVV,0,236,7.6714240031545424
TVV,1,236,0
TVV,2,236,0
VIRTUAL,237,10.780395,2.2333632625046027e-16,2.2439075083472375e-16,2.2544391239133092e-16,8.1053764602706671e-16,0.0035956620399380575,1.9186980005890159e-16,1.4649937013458611e-15,7.6852017399062236,0,0,0.013800148904066313,0.0017956781579860914
TRV,0,237,-0.011858118145918676
TRV,1,237,-0.0019420307581476369
TVR,0,237,-0.0012530931459186754
TVR,1,237,-6.8407297072839212e-05
TVV,0,237,7.6852017399062236
TVV,1,237,0
TVV,2,237,0
VIRTUAL,238,10.786813,2.1946542160012559e-16,2.2049765367666846e-16,2.2152864145778251e-16,7.9068315462274461e-16,0.0036185063531666861,1.8854092945907848e-16,1.4421693733260695e-15,7.6989944270114057,0,0,0.013912644067671492,0.0018070728845912543
TRV,0,238,-0.011979121256931213
TRV,1,238,-0.0019335228107402792
TVR,0,238,-0.0012348762569312139
TVR,1,238,-6.6439525905306735e-05
TVV,0,238,7.6989944270114057
TVV,1,238,0
TVV,2,238,0
VIRTUAL,239,10.821624999999999,1.9159338150737283e-16,2.0083971558783359e-16,2.099712488994111e-16,6.91164686883974e-16,0.037480994173022933,1.7173201627239757e-16,1.2641133933635784e-15,7.8617156644701858,0,0,0.14550885668760322,0.018508537181675
TRV,0,239,-0.12656495913912244
TRV,1,239,-0.018943897548480776
TVR,0,239,-0.011405099139122441
TVR,1,239,-0.00056902803401350107
TVV,0,239,7.8617156644701858
TVV,1,239,0
TVV,2,239,0
VIRTUAL,240,10.883334,1.6206076467128257e-16,1.6960460848622801e-16,1.7704859830548269e-16,5.4453397896303797e-16,0.039975085481138997,1.4502381313965049e-16,1.0872076218189227e-15,8.0035837971470691,0,0,0.15786147596586567,0.019723848711640457
TRV,0,240,-0.1393356080510251
TRV,1,240,-0.018525867914840569
TVR,0,240,-0.009892428051025106
TVR,1,240,-0.00043842780749254556
TVV,0,240,8.0035837971470691
TVV,1,240,0
TVV,2,240,0
VIRTUAL,241,10.942976,1.3774690406562599e-16,1.4394061213570464e-16,1.5004692609937369e-16,4.3245350606161969e-16,0.042632486425047342,1.2307929969526969e-16,9.3895742629767624e-16,8.1430484974198318,0,0,0.1711385657868521,0.021016522969386497
TRV,0,241,-0.15275330982576707
TRV,1,241,-0.018385255961085045
TVR,0,241,-0.0086130098257670585
TVR,1,241,-0.00034555146556821412
TVV,0,241,8.1430484974198318
TVV,1,241,0
TVV,2,241,0
VIRTUAL,242,11.000686999999999,1.1761944792798936e-16,1.2273133727014351e-16,1.2776637648374988e-16,3.4601575120244675e-16,0.045443962599364091,1.049438849657791e-16,8.1413096977187711e-16,8.2802629666136127,0,0,0.18532606439957,0.022381664102554821
TRV,0,242,-0.16687546825795835
TRV,1,242,-0.018450596141611663
TVR,0,242,-0.0075287082579583425
TVR,1,242,-0.00027747069313762844
TVV,0,242,8.2802629666136127
TVV,1,242,0
TVV,2,242,0
VIRTUAL,243,11.056549,1.0087909445204467e-16,1.0511815697120177e-16,1.0928936240191894e-16,2.7884072057941363e-16,0.048412064473337763,8.9883382829269569e-17,7.086022507743507e-16,8.4153041489573539,0,0,0.20045332907680283,0.023820093193142489
TRV,0,243,-0.18178009198671874
TRV,1,243,-0.018673237090084099
TVR,0,243,-0.0066090719867187182
TVR,1,243,-0.00022630415099296388
TVV,0,243,8.4153041489573539
TVV,1,243,0
TVV,2,243,0
VIRTUAL,244,11.110616,8.6895920532777488e-17,9.0427252090455341e-17,9.389842531153258e-17,2.2627127215694509e-16,0.051548126854076212,7.7321630744267998e-17,6.1905791010947173e-16,8.5482195613424601,0,0,0.21658490649284473,0.025336844115738999
TRV,0,244,-0.19756641380634182
TRV,1,244,-0.019018492686502898
TVR,0,244,-0.0058288838063418362
TVR,1,244,-0.00018703682457223559
TVV,0,244,8.5482195613424601
TVV,1,244,0
TVV,2,244,0
VIRTUAL,245,11.162969,7.5164634110183488e-17,7.8119150338362046e-17,8.1020119917808014e-17,1.8483293622777673e-16,0.054870940608296372,6.6797342138370106e-17,5.4278996936737467e-16,8.6791498463926935,0,0,0.23382042552701274,0.026940475699263944
TRV,0,245,-0.21435668760934071
TRV,1,245,-0.019463737917672027
TVR,0,245,-0.0051661076093407277
TVR,1,245,-0.00015636206748686717
TVV,0,245,8.6791498463926935
TVV,1,245,0
TVV,2,245,0
VIRTUAL,246,11.213691000000001,6.5280636668111546e-17,6.7762757812440835e-17,7.0197023498825436e-17,1.519380583798829e-16,0.05840652540081908,5.7941901546954646e-17,4.7759059361542657e-16,8.8082736719872834,0,0,0.25229463206275965,0.028642914770589556
TRV,0,246,-0.23230131671678642
TRV,1,246,-0.019993315345973258
TVR,0,246,-0.0046022367167864115
TVR,1,246,-0.00013203249881949303
TVV,0,246,8.8082736719872834
TVV,1,246,0
TVV,2,246,0
VIRTUAL,247,11.262835000000001,5.6920322857950258e-17,5.9014150238752131e-17,6.106502157211144e-17,1.2566142219804901e-16,0.062188572649942077,5.0461229639965841e-17,4.2166268356403387e-16,8.93573412673714,0,0,0.27217901607246936,0.030459614421390002
TRV,0,247,-0.25158503105976238
TRV,1,247,-0.020593985012706987
TVR,0,247,-0.0041223110597623435
TVR,1,247,-0.00011247994607741688
TVV,0,247,8.93573412673714
TVV,1,247,0
TVV,2,247,0
VIRTUAL,248,11.310483,4.9819812763620346e-17,5.1593021277958132e-17,5.3327496446233566e-17,1.0453166402000946e-16,0.066259418468749762,4.4115644874898386e-17,3.735155752129967e-16,9.0617809840283989,0,0,0.29369189356514275,0.032409952754627547
TRV,0,248,-0.27243342456287528
TRV,1,248,-0.021258469002267459
TVR,0,248,-0.0037133445628753205
TVR,1,248,-9.6586313287713249e-05
TVV,0,248,9.0617809840283989
TVV,1,248,0
TVV,2,248,0
VIRTUAL,249,11.35669,4.376649053973275e-17,4.5274023853242014e-17,4.6746460124953624e-17,8.7440348788633583e-17,0.070671788205087002,3.8712459726032723e-17,3.319284724753923e-16,9.1866447305713184,0,0,0.31710440812861324,0.034517978808231597
TRV,0,249,-0.29512417339054603
TRV,1,249,-0.021980234738067227
TVR,0,249,-0.0033649333905460691
TVR,1,249,-8.353774723867054e-05
TVV,0,249,9.1866447305713184
TVV,1,249,0
TVV,2,249,0
VIRTUAL,250,11.40151,3.8586686762564149e-17,3.9873312418473126e-17,4.1127967050755718e-17,7.3536566669771916e-17,0.075491224621978464,3.4094473381630435e-17,2.9588811721803301e-16,9.3106061129820219,0,0,0.34275553246050294,0.036813449983947866
TRV,0,250,-0.32000027982235157
TRV,1,250,-0.022755252638151393
TVR,0,250,-0.0030684298223515216
TVR,1,250,-7.2732119535238242e-05
TVV,0,250,9.3106061129820219
TVV,1,250,0
TVV,2,250,0
VIRTUAL,251,11.445024999999999,3.4137082038372311e-17,3.5239167279794134e-17,3.6311967424951874e-17,6.2156225476637152e-17,0.080799520165790159,3.0131954882562802e-17,2.6454549980323196e-16,9.4340803776322417,0,0,0.37107346887616433,0.039333295246875566
TRV,0,251,-0.34748864402894569
TRV,1,251,-0.02358482484721864
TVR,0,251,-0.0028163740289457225
TVR,1,251,-6.3717850274465623e-05
TVV,0,251,9.4340803776322417
TVV,1,251,0
TVV,2,251,0
VIRTUAL,252,11.487234000000001,3.0303001431310018e-17,3.1250780238540374e-17,3.2171561789443915e-17,5.280284974834753e-17,0.086699811230824708,2.6721604761997793e-17,2.3721095628523939e-16,9.5573620463177669,0,0,0.40259227852965018,0.042123786519603468
TRV,0,252,-0.3781272322060758
TRV,1,252,-0.02446504632357438
TVR,0,252,-0.0026035322060757671
TVR,1,252,-5.6150003315857432e-05
TVV,0,252,9.5573620463177669
TVV,1,252,0
TVV,2,252,0
VIRTUAL,253,11.528219,2.6986400215895773e-17,2.7804544752389965e-17,2.8597632048304969e-17,4.5069622678929971e-17,0.093323171738043303,2.3774832173449338e-17,2.1328591024701726e-16,9.6810579755240802,0,0,0.43800294479314578,0.045243293233086401
TRV,0,253,-0.41259949835360804
TRV,1,253,-0.02540344643953776
TVR,0,253,-0.0024248383536079722
TVR,1,253,-4.9765168956187916e-05
TVV,0,253,9.6810579755240802
TVV,1,253,0
TVV,2,253,0
VIRTUAL,254,11.568008000000001,2.4108008856339202e-17,2.4817030895408925e-17,2.5502618471282427e-17,3.8647135340780215e-17,0.10083869000786747,2.122029868987294e-17,1.9227931224943169e-16,9.8057857805921991,0,0,0.47819366839380306,0.048766481248270099
TRV,0,254,-0.45178726543770259
TRV,1,254,-0.026406402956100482
TVR,0,254,-0.0022767954377026075
TVR,1,254,-4.4358619182074981e-05
TVV,0,254,9.8057857805921991
TVV,1,254,0
TVV,2,254,0
VIRTUAL,255,11.606681,2.1600483394028222e-17,2.221720727408612e-17,2.281183496083098e-17,3.3283062367550068e-17,0.10946750671967892,1.8997267497383949e-17,1.7376792393376405e-16,9.9324918558896194,0,0,0.52433670081675987,0.05279004588419034
TRV,0,255,-0.49684445876033195
TRV,1,255,-0.027492242056427939
TVR,0,255,-0.0021563487603319708
TVR,1,255,-3.9772918218738923e-05
TVV,0,255,9.9324918558896194
TVV,1,255,0
TVV,2,255,0
VIRTUAL,256,11.64424,1.940969283654409e-17,1.9948347529098045e-17,2.0465968916096369e-17,2.8787136382519258e-17,0.11950461732587138,1.7057233587727869e-17,1.5740613705907116e-16,10.062201871574018,0,0,0.57798825756458783,0.057441528697353972
TRV,0,256,-0.54930980377481697
TRV,1,256,-0.0286784537897708
TVR,0,256,-0.0020620237748170556
TVR,1,256,-3.5884821966962767e-05
TVV,0,256,10.062201871574018
TVV,1,256,0
TVV,2,256,0
VIRTUAL,257,11.680764999999999,1.7488374137432972e-17,1.7960678400290332e-17,1.8412752292077091e-17,2.4998194491954827e-17,0.1313500591123318,1.5357637339179773e-17,1.4288731006975402e-16,10.196537029942972,0,0,0.64127604633381208,0.062891552735075851
TRV,0,257,-0.61127117319688939
TRV,1,257,-0.030004873136922735
TVR,0,257,-0.001992613196889423
TVR,1,257,-3.2603154870932945e-05
TVV,0,257,10.196537029942972
TVV,1,257,0
TVV,2,257,0
VIRTUAL,258,11.716256,1.5798549314491788e-17,1.6214534825207808e-17,1.6610821518019286e-17,2.1794846486533316e-17,0.14556036523138491,1.386456234665484e-17,1.2996000276615158e-16,10.337500023227635,0,0,0.71715095221425174,0.069373731618173062
TRV,0,258,-0.68563131155200363
TRV,1,258,-0.03151964066224814
TVR,0,258,-0.0019486215520036116
TVR,1,258,-2.9860485303116899e-05
TVV,0,258,10.337500023227635
TVV,1,258,0
TVV,2,258,0
VIRTUAL,259,11.750795999999999,1.4306580921702405e-17,1.4674535450271922e-17,1.5023043207772003e-17,1.9071934227037734e-17,0.16292865906433418,1.2547755076031556e-17,1.1839666102150678e-16,10.488205341300596,0,0,0.8098418741749509,0.077214532689014459
TRV,0,259,-0.77652825613383514
TRV,1,259,-0.033313618041115794
TVR,0,259,-0.0019312461338351209
TVR,1,259,-2.7617280520816113e-05
TVV,0,259,10.488205341300596
TVV,1,259,0
TVV,2,259,0
VIRTUAL,260,11.784356000000001,1.2985815291443311e-17,1.3313077533354586e-17,1.3620811809072713e-17,1.6752518301741565e-17,0.1846220244482363,1.1383613250507104e-17,1.0801020290213402e-16,10.652889785997919,0,0,0.92555441314799791,0.086882942726445922
TRV,0,260,-0.89004515623425007
TRV,1,260,-0.035509256913747796
TVR,0,260,-0.0019443762342500706
TVR,1,260,-2.5857622599393813e-05
TVV,0,260,10.652889785997919
TVV,1,260,0
TVV,2,260,0
VIRTUAL,261,11.817047000000001,1.1811402237232152e-17,1.2103986907347492e-17,1.237657774192575e-17,1.4764668624677097e-17,0.21241755487418379,1.0349756124925552e-17,9.8619470868142163e-17,10.838501305615276,0,0,1.0737870930064339,0.099071547138174898
TRV,0,261,-1.0354471192915637
TRV,1,261,-0.038339973714870211
TVR,0,261,-0.0019936192915636719
TVR,1,261,-2.4606217549865534e-05
TVV,0,261,10.838501305615276
TVV,1,261,0
TVV,2,261,0
VIRTUAL,262,11.848839,1.076413076625623e-17,1.10275566652437e-17,1.1269998588408935e-17,1.305797822188651e-17,0.24914423337246752,9.4293329142472594e-18,9.0071521980276741e-17,11.055672944103858,0,0,1.2696356843885115,0.11484019930832212
TRV,0,262,-1.2274681577172635
TRV,1,262,-0.042167526671248026
TVR,0,262,-0.0020901577172636144
TVR,1,262,-2.3934573709224175e-05
TVV,0,262,11.055672944103858
TVV,1,262,0
TVV,2,262,0
VIRTUAL,263,11.879816,9.8259196016697138e-18,1.0064931271042911e-17,1.0281245242251131e-17,1.1584997773037461e-17,0.29954323707809033,8.6062208152420386e-18,8.2206831112807252e-17,11.322845485876563,0,0,1.5384718233015624,0.13587325069661682
TRV,0,263,-1.4907959109606073
TRV,1,263,-0.04767591234095514
TVR,0,263,-0.0022522109606073907
TVR,1,263,-2.4008699322244926e-05
TVV,0,263,11.322845485876563
TVV,1,263,0
TVV,2,263,0
VIRTUAL,264,11.90995,8.9821384683739283e-18,9.2014817146394801e-18,9.3952628508946138e-18,1.0311713399179317e-17,0.37210646054648933,7.867911000190444e-18,7.4863250218689577e-17,11.673106872434719,0,0,1.9257411493563446,0.16497245938044625
TRV,0,264,-1.869609275377728
TRV,1,264,-0.056131873978616437
TVR,0,264,-0.0025140753777279775
TVR,1,264,-2.5160294922559528e-05
TVV,0,264,11.673106872434719
TVV,1,264,0
TVV,2,264,0
VIRTUAL,265,11.939295,8.2185080089520388e-18,8.4230354350030177e-18,8.5971743304809622e-18,9.2064059725291631e-18,0.48338085668212416,7.2022849372853102e-18,6.7832327085460543e-17,12.172700002505474,0,0,2.5201499460412919,0.20703294630793301
TRV,0,265,-2.4499452336243612
TRV,1,265,-0.070204712416930645
TVR,0,265,-0.0029413336243613087
TVR,1,265,-2.8095251325958825e-05
TVV,0,265,12.172700002505474
TVV,1,265,0
TVV,2,265,0
VIRTUAL,266,11.967905999999999,7.5217246081545159e-18,7.7172041696390592e-18,7.8736995107874396e-18,8.2429322959882438e-18,0.6694998517145071,6.5987497948744976e-18,6.0811376630765861e-17,12.97074347593089,0,0,3.5156519953625831,0.27104475559835017
TRV,0,266,-3.4195472723924518
TRV,1,266,-0.096104722970131243
TVR,0,266,-0.0036757723924516722
TVR,1,266,-3.4435268700610805e-05
TVV,0,266,12.97074347593089
TVV,1,266,0
TVV,2,266,0
VIRTUAL,267,11.995755000000001,6.8769879612526447e-18,7.0733542733911842e-18,7.2133365746880931e-18,7.4020650783540734e-18,1.0232356477403308,6.0482130619589109e-18,5.3260622747377382e-17,14.468230431197265,0,0,5.4107729329899055,0.37397613749106962
TRV,0,267,-5.2600402810533042
TRV,1,267,-0.15073265193660138
TVR,0,267,-0.005077381053304803
TVR,1,267,-4.8499445515274856e-05
TVV,0,267,14.468230431197265
TVV,1,267,0
TVV,2,267,0
VIRTUAL,268,12.022925000000001,6.2595367437677014e-18,6.4800550002529835e-18,6.600845091681429e-18,6.6644559362313635e-18,1.8509035548157218,5.5409006505130183e-18,4.4103953762929425e-17,18.094179768809674,0,0,9.8540574253152347,0.5445981830191291
TRV,0,268,-9.5603638391967323
TRV,1,268,-0.29369358611850194
TVR,0,268,-0.0083087391967310419
TVR,1,268,-8.5081260220333827e-05
TVV,0,268,18.094179768809674
TVV,1,268,0
TVV,2,268,0
VIRTUAL,269,12.049386999999999,5.6635533908717218e-18,5.9431674944423314e-18,6.0137702545544544e-18,6.016809182500575e-18,4.7556876127791652,5.0818242491425955e-18,3.2506064781505131e-17,32.198770012456585,0,0,25.486433418672743,0.79153437876083244
TRV,0,269,-24.62867412099062
TRV,1,269,-0.85775929768212311
TVR,0,269,-0.019324120990619791
TVR,1,269,-0.00022433802658654452
TVV,0,269,32.198770012456585
TVV,1,269,0
TVV,2,269,0
VIRTUAL,270,12.075196,5.2923977119949869e-18,5.4421280287236642e-18,5.4458517937346802e-18,5.4458517937346802e-18,41.209389229913,4.6534004315322706e-18,2.5015333520167625e-17,227.79717353908464,0,0,222.26937568049053,0.97573368548558537
TRV,0,270,-213.36540225566102
TRV,1,270,-8.9039734248295144
TVR,0,270,-0.15152225566104624
TVR,1,270,-0.0021077302496299842
TVV,0,270,227.79717353908464
TVV,1,270,0
TVV,2,270,0
VIRTUAL,271,12.100379999999999,4.644707780476189e-18,4.9317326669300388e-18,4.9410270105851652e-18,4.9410270105851691e-18,31.881673532205273,4.2169766678341665e-18,2.2253496753342962e-17,178.64024507909755,0,0,173.03701835705482,0.9686340179416919
TRV,0,271,-164.40980087616731
TRV,1,271,-8.6272174808875111
TVR,0,271,-0.10593087616732633
TVR,1,271,-0.0018528674522772209
TVV,0,271,178.64024507909755
TVV,1,271,0
TVV,2,271,0
VIRTUAL,272,12.124938999999999,3.9014827742151462e-18,4.3243926931049156e-18,4.4736237516002376e-18,4.4938799389324371e-18,3.3757170021355396,3.6976584744054366e-18,2.4644846636681476e-17,25.820860046519766,0,0,18.433406637165529,0.71389591996375246
TRV,0,272,-17.251109880345993
TRV,1,272,-1.1822967568195373
TVR,0,272,-0.010108880345993323
TVR,1,272,-0.00023093579738814578
TVV,0,272,25.820860046519766
TVV,1,272,0
TVV,2,272,0
VIRTUAL,273,12.148872000000001,3.0794164835544322e-18,3.4818391625295767e-18,3.7609477053349127e-18,4.0971464420181141e-18,1.1076274318532195,2.9772162242278264e-18,2.4495266244505978e-17,15.38695092395761,0,0,6.0841856531621934,0.39541203993112539
TRV,0,273,-5.5712932471552383
TRV,1,273,-0.51289240600695507
TVR,0,273,-0.0029763471552385697
TVR,1,273,-9.1334021614086148e-05
TVV,0,273,15.38695092395761
TVV,1,273,0
TVV,2,273,0
VIRTUAL,274,12.172261000000001,2.455099305114263e-18,2.7345715375765454e-18,2.9703683647041725e-18,3.7433576251414994e-18,0.51078129044551501,2.3382500936860454e-18,2.1383598381658396e-17,13.008101778959066,0,0,2.8219520788233075,0.21693803806085576
TRV,0,274,-2.5055906030746105
TRV,1,274,-0.31636147574869694
TVR,0,274,-0.0012229030746105953
TVR,1,274,-5.1468826139791413e-05
TVV,0,274,13.008101778959066
TVV,1,274,0
TVV,2,274,0
VIRTUAL,275,12.195079,2.0299857292796497e-18,2.2077034287218828e-18,2.3696781715097698e-18,3.4277425842278944e-18,0.27842749201703509,1.8877409781039411e-18,1.8433363926969444e-17,12.166560025957349,0,0,1.5469164399261963,0.12714493140426308
TRV,0,275,-1.3153852240545245
TRV,1,275,-0.23153121587167169
TVR,0,275,-0.00058782405452461294
TVR,1,275,-3.448916600598263e-05
TVV,0,275,12.166560025957349
TVV,1,275,0
TVV,2,275,0
VIRTUAL,276,12.217326,1.7439384529197224e-18,1.8553308802996752e-18,1.9606598914464222e-18,3.1457507574430979e-18,0.16794645089197763,1.5864377819583349e-18,1.6207215425379584e-17,11.806859721739011,0,0,0.93821031524350773,0.079463154247192191
TRV,0,276,-0.75114916868845061
TRV,1,276,-0.18706114655505712
TVR,0,276,-0.00030802868845055444
TVR,1,276,-2.5569798931779585e-05
TVV,0,276,11.806859721739011
TVV,1,276,0
TVV,2,276,0
VIRTUAL,277,12.239083000000001,1.5467506192603302e-18,1.6173148739096281e-18,1.6853682754424521e-18,2.8925170103036605e-18,0.10870249682462062,1.3829174345866483e-18,1.4591612502898321e-17,11.643189464769364,0,0,0.61050193539537956,0.052434252422214001
TRV,0,277,-0.44955972041611747
TRV,1,277,-0.16094221497926212
TVR,0,277,-0.00016949041611746924
TVR,1,277,-2.0225835596401856e-05
TVV,0,277,11.643189464769364
TVV,1,277,0
TVV,2,277,0
VIRTUAL,278,12.260324000000001,1.4055541933155536e-18,1.4512407237987036e-18,1.495808869234759e-18,2.6650677558915512e-18,0.074355467074736906,1.2409124105016531e-18,1.3404095909957237e-17,11.572689570073225,0,0,0.41977796073417029,0.036273154843771915
TRV,0,278,-0.27531383904400231
TRV,1,278,-0.14446412169016801
TVR,0,278,-9.5619044002321176e-05
TVR,1,278,-1.6724575435576628e-05
TVV,0,278,11.572689570073225
TVV,1,278,0
TVV,2,278,0
VIRTUAL,279,12.281046999999999,1.2998998667721609e-18,1.3303354959113474e-18,1.3602343229118022e-18,2.4605078742707932e-18,0.053385180256504405,1.1375299768918577e-18,1.2502640825191725e-17,11.55130519104641,0,0,0.30291988216242344,0.026223866234373339
TRV,0,279,-0.16931538008835262
TRV,1,279,-0.13360450207407082
TVR,0,279,-5.4280088352612826e-05
TVR,1,279,-1.427723059988824e-05
TVV,0,279,11.55130519104641
TVV,1,279,0
TVV,2,279,0
VIRTUAL,280,12.301309,1.2171380423910529e-18,1.238111855255834e-18,1.2588067951945625e-18,2.2757638556375358e-18,0.040156770081088547,1.05867230817132e-18,1.1790425807202233e-17,11.557894705193767,0,0,0.22898848452804307,0.019812300628170854
TRV,0,280,-0.1026942832996027
TRV,1,280,-0.12629420122844037
TVR,0,280,-3.044329960269856e-05
TVR,1,280,-1.2479799532313352e-05
TVV,0,280,11.557894705193767
TVV,1,280,0
TVV,2,280,0
VIRTUAL,281,12.321108000000001,1.1495515538970122e-18,1.1645827316485877e-18,1.1794560417619164e-18,2.1086895067107353e-18,0.031674900185877534,9.9579976020511649e-19,1.1205304459711669e-17,11.581198335001265,0,0,0.18149532112557826,0.015671549340196878
TRV,0,281,-0.060127121787021717
TRV,1,281,-0.12136819933855653
TVR,0,281,-1.6511787021712552e-05
TVR,1,281,-1.1109827529443677e-05
TVV,0,281,11.581198335001265
TVV,1,281,0
TVV,2,281,0
VIRTUAL,282,12.340472,1.0922747328868831e-18,1.1035247495842763e-18,1.1146767831037279e-18,1.9571510284428521e-18,0.02624339335803921,9.4359091127930527e-19,1.0706915036544969e-17,11.614941200006205,0,0,0.15108320474353046,0.013007659887546374
TRV,0,282,-0.032945819220226692
TRV,1,282,-0.11813738552330376
TVR,0,282,-8.3952202266869336e-06
TVR,1,282,-1.0034549572066843e-05
TVV,0,282,11.614941200006205
TVV,1,282,0
TVV,2,282,0
VIRTUAL,283,12.359373,1.0423101798696063e-18,1.051125324737018e-18,1.0598735767167601e-18,1.8196928928407887e-18,0.022852118116936181,8.9878573490173654e-19,1.0269940188412522e-17,11.655263280882467,0,0,0.13216506178290724,0.01133951748646389
TRV,0,283,-0.015996873238113218
TRV,1,283,-0.11616818854479402
TVR,0,283,-3.7892381132156056e-06
TVR,1,283,-9.1723951513303983e-06
TVV,0,283,11.655263280882467
TVV,1,283,0
TVV,2,283,0
VIRTUAL,284,12.377867,9.9761107974374778e-19,1.0048348345990147e-18,1.0120084934824616e-18,1.6944578690552206e-18,0.020877222800521483,8.5920412534622888e-19,9.8769474253172001e-18,11.699986244619751,0,0,0.12128610440271635,0.010366345897072304
TRV,0,284,-0.0060942329139613673
TRV,1,284,-0.11519187148875498
TVR,0,284,-1.3440139613667616e-06
TVR,1,284,-8.4680869986756544e-06
TVV,0,284,11.699986244619751
TVV,1,284,0
TVV,2,284,0
VIRTUAL,285,12.395925999999999,9.5695080616413097e-19,9.6311943371561636e-19,9.6924723624924236e-19,1.5803928637467377e-18,0.019920556250884642,8.2353453737479824e-19,9.5174277751764987e-18,11.747536928586538,0,0,0.11623562940357343,0.0098944681008599211
TRV,0,285,-0.0012086627923342732
TRV,1,285,-0.11502696661123916
TVR,0,285,-2.4859233427321458e-07
TVR,1,285,-7.8860766117212584e-06
TVV,0,285,11.747536928586538
TVV,1,285,0
TVV,2,285,0
VIRTUAL,286,12.413603,9.1940638273469303e-19,9.2486068921602651e-19,9.3027925188209144e-19,1.4760913289011819e-18,0.01972471841116941,7.9082063258891096e-19,9.1835004400413999e-18,11.797098168109789,0,0,0.11558600505069798,0.0097978336200637006
TRV,0,286,-2.0785529845490702e-05
TRV,1,286,-0.11556521952085248
TVR,0,286,-3.9928454907018953e-09
TVR,1,286,-7.3999246763795447e-06
TVV,0,286,11.797098168109789
TVV,1,286,0
TVV,2,286,0
VIRTUAL,287,12.430899999999999,8.8441086840990605e-19,8.8936976922354667e-19,8.9429552198520562e-19,1.3806289895009509e-18,0.020121054562025141,7.6047341151347876e-19,8.8703422654457497e-18,11.848040792840688,0,0,0.11840208293579314,0.0099933892029928639
TRV,0,287,-0.0016643958573490554
TRV,1,287,-0.11673768707844409
TVR,0,287,-2.9905734905550993e-07
TVR,1,287,-6.9917788444382053e-06
TVV,0,287,11.848040792840688
TVV,1,287,0
TVV,2,287,0
VIRTUAL,288,12.447817000000001,8.5157497213432422e-19,8.5617980246884786e-19,8.6075251062807998e-19,1.2931914771004165e-18,0.021000671209740685,7.3209366653069128e-19,8.5746738919905468e-18,11.899954725622331,0,0,0.1240833888312475,0.01042721520310308
TRV,0,288,-0.0055743208182642608
TRV,1,288,-0.11850906801298325
TVR,0,288,-9.3821826426036495e-07
TVR,1,288,-6.6487844119023604e-06
TVV,0,288,11.899954725622331
TVV,1,288,0
TVV,2,288,0
VIRTUAL,289,12.464378999999999,8.2058990539268996e-19,8.2493153700083548e-19,8.2924102001700092e-19,1.212927607274549e-18,0.022296913002773529,7.053742120735372e-19,8.293918446646477e-18,11.952661934494243,0,0,0.13226884545473014,0.0110660576011955
TRV,0,289,-0.011394410927016579
TRV,1,289,-0.12087443452771356
TVR,0,289,-1.7989270165783005e-06
TVR,1,289,-6.3611387278172864e-06
TVV,0,289,11.952661934494243
TVV,1,289,0
TVV,2,289,0
VIRTUAL,290,12.480561,7.912880722217404e-19,7.9542653005732881e-19,7.9953204864445545e-19,1.1393045248237851e-18,0.023973550352688056,6.8014536568870182e-19,8.0267124322471958e-18,12.005957559946435,0,0,0.14276954082546586,0.01189155801297892
TRV,0,290,-0.018921828287286835
TRV,1,290,-0.12384771253817903
TVR,0,290,-2.8062872868356035e-06
TVR,1,290,-6.1225983015090034e-06
TVV,0,290,12.005957559946435
TVV,1,290,0
TVV,2,290,0
VIRTUAL,291,12.496416999999999,7.6345151477823324e-19,7.674247010062643e-19,7.7136357505238753e-19,1.0714954804475025e-18,0.026020455792212471,6.562018416293319e-19,7.7712559056045754e-18,12.059966361033421,0,0,0.15555082259790842,0.012898114135749483
TRV,0,291,-0.028074411283003406
TRV,1,291,-0.12747641131490503
TVR,0,291,-3.9162830034069929e-06
TVR,1,291,-5.9275057505257308e-06
TVV,0,291,12.059966361033421
TVV,1,291,0
TVV,2,291,0
VIRTUAL,292,12.511946,7.3696803506454082e-19,7.4080105079409977e-19,7.4459789039544356e-19,1.0089977411134705e-18,0.028448730377011986,6.3343675695430144e-19,7.5266460636541713e-18,12.114739764982495,0,0,0.1707019014693183,0.014090430729905568
TRV,0,292,-0.038874082009022121
TRV,1,292,-0.13182781946029618
TVR,0,292,-5.1070090221178878e-06
TVR,1,292,-5.772876841984417e-06
TVV,0,292,12.114739764982495
TVV,1,292,0
TVV,2,292,0
VIRTUAL,293,12.527122,7.1177357340085356e-19,7.1548454571099045e-19,7.1915701295001187e-19,9.5144606283571226e-19,0.03129086318450662,6.1178937286909841e-19,7.2923809330299923e-18,12.170343136288837,0,0,0.18843967653579247,0.015483513852120878
TRV,0,293,-0.051442706319237697
TRV,1,293,-0.13699697021655477
TVR,0,293,-6.3733192376961169e-06
TVR,1,293,-5.6575913170204097e-06
TVV,0,293,12.170343136288837
TVV,1,293,0
TVV,2,293,0
VIRTUAL,294,12.541998,6.8772928112998145e-19,6.9132960417095076e-19,6.9488863744595636e-19,8.9822251796628185e-19,0.034604163983389474,5.9113520692651238e-19,7.0672875395981135e-18,12.227174353093563,0,0,0.20913630390713128,0.017104221945949294
TRV,0,294,-0.066009245210692194
TRV,1,294,-0.1431270586964391
TVR,0,294,-7.7212106921864956e-06
TVR,1,294,-5.5806030020026301e-06
TVV,0,294,12.227174353093563
TVV,1,294,0
TVV,2,294,0
VIRTUAL,295,12.556576,6.6476772591422889e-19,6.6826597924010576e-19,6.7171965573530672e-19,8.4895826276787864e-19,0.038473861115432308,5.7141419308056229e-19,6.8507843295554315e-18,12.285600960138211,0,0,0.23333524704012598,0.018992579019716183
TRV,0,295,-0.082929861177434741
TRV,1,295,-0.15040538586269125
TVR,0,295,-9.169177434737711e-06
TVR,1,295,-5.5432130659768467e-06
TVV,0,295,12.285600960138211
TVV,1,295,0
TVV,2,295,0
VIRTUAL,296,12.570854000000001,6.4283195290501353e-19,6.4623548965355553e-19,6.4959056613633714e-19,8.0333135307540195e-19,0.043022222763274387,5.5257658227687755e-19,6.6423462405326929e-18,12.346135725649011,0,0,0.26181111331333407,0.021205915691451804
TRV,0,296,-0.10272404815082548
TRV,1,296,-0.15908706516250862
TVR,0,296,-1.0748150825487502e-05
TVR,1,296,-5.5484955455293767e-06
TVV,0,296,12.346135725649011
TVV,1,296,0
TVV,2,296,0
VIRTUAL,297,12.584806,6.2189016139885322e-19,6.2520728432787228e-19,6.2847129721636154e-19,7.6111898693940267e-19,0.048422142398722369,5.3459599467944968e-19,6.4416200564126397e-18,12.409436317594478,0,0,0.29565447805422668,0.023824972423206581
TRV,0,297,-0.12613500507946615
TRV,1,297,-0.16951947297476053
TVR,0,297,-1.250507946614643e-05
TVR,1,297,-5.6020781840671856e-06
TVV,0,297,12.409436317594478
TVV,1,297,0
TVV,2,297,0
VIRTUAL,298,12.598513000000001,6.0181073862515509e-19,6.0504654315891118e-19,6.0822364946250771e-19,7.2181144375674491e-19,0.054921562939878994,5.1735714966138115e-19,6.2473131755732238e-18,12.476798387540732,0,0,0.33643536298301879,0.026964879333065239
TRV,0,298,-0.15422785153364477
TRV,1,298,-0.18220751144937403
TVR,0,298,-1.4501533644773281e-05
TVR,1,298,-5.7107894398634729e-06
TVV,0,298,12.476798387540732
TVV,1,298,0
TVV,2,298,0
VIRTUAL,299,12.611921000000001,5.8259621499162076e-19,5.8575930792965608e-19,5.8885679764667283e-19,6.8532838448093725e-19,0.062876777327824956,5.0086521337006805e-19,6.0592202847192096e-18,12.54958579567236,0,0,0.38639801342548008,0.030789702522192153
TRV,0,299,-0.18855174385903567
TRV,1,299,-0.19784626956644438
TVR,0,299,-1.6833859035670945e-05
TVR,1,299,-5.8878907622387677e-06
TVV,0,299,12.54958579567236
TVV,1,299,0
TVV,2,299,0
VIRTUAL,300,12.625083999999999,5.6414817144524559e-19,5.6724595027001732e-19,5.7026944556643927e-19,6.513082960467448e-19,0.072818264404041752,4.8503499657476805e-19,5.8761110150321304e-18,12.630236234362538,0,0,0.44889424536230232,0.035541239057826579
TRV,0,300,-0.23141435615880201
TRV,1,300,-0.21747988920350031
TVR,0,300,-1.9636158802013195e-05
TVR,1,300,-6.1512600334868153e-06
TVV,0,300,12.630236234362538
TVV,1,300,0
TVV,2,300,0
VIRTUAL,301,12.637975000000001,5.4644220931264743e-19,5.4948567993944028e-19,5.5244358403379465e-19,6.1963013212232302e-19,0.085557368179314877,4.6984872216442125e-19,5.6971925930658266e-18,12.722166784318878,0,0,0.5290427632155088,0.041584328533375126
TRV,0,301,-0.2863665284121133
TRV,1,301,-0.24267623480339554
TVR,0,301,-2.3118412113276147e-05
TVR,1,301,-6.5304294201697985e-06
TVV,0,301,12.722166784318878
TVV,1,301,0
TVV,2,301,0
VIRTUAL,302,12.650594,5.2942336836152864e-19,5.3242707817417116e-19,5.3533000837007406e-19,5.9011450676345313e-19,0.10239041942047659,4.5526242349653462e-19,5.5210406776175791e-18,12.830993112790855,0,0,0.63502812657104712,0.049491736219389404
TRV,0,302,-0.35910111076291845
TRV,1,302,-0.27592701580812873
TVR,0,302,-2.7610762918447538e-05
TVR,1,302,-7.0718758477124311e-06
TVV,0,302,12.830993112790855
TVV,1,302,0
TVV,2,302,0
VIRTUAL,303,12.662996,5.1299316646043229e-19,5.1597236102910841e-19,5.1882951276528923e-19,5.6247789175420915e-19,0.12549789699974045,4.4119248845284648e-19,5.3452218051673362e-18,12.966388772693412,0,0,0.78063270590307265,0.060204326708686029
TRV,0,303,-0.4592280273618442
TRV,1,303,-0.32140467854122845
TVR,0,303,-3.3657361844213907e-05
TVR,1,303,-7.8520422096404633e-06
TVV,0,303,12.966388772693412
TVV,1,303,0
TVV,2,303,0
VIRTUAL,304,12.675126000000001,4.9713085388768977e-19,5.0011262916148465e-19,5.0294071022647641e-19,5.3670070708594347e-19,0.15879096876260781,4.2763130747230732e-19,5.1667876753896661e-18,13.145377713274595,0,0,0.99056627867060043,0.075354721657811097
TRV,0,304,-0.60406463560439649
TRV,1,304,-0.38650164306620388
TVR,0,304,-4.2245604396493478e-05
TVR,1,304,-9.0100708595157819e-06
TVV,0,304,13.145377713274595
TVV,1,304,0
TVV,2,304,0
VIRTUAL,305,12.687037999999999,4.817173501255061e-19,4.8473715152272784e-19,4.8755294421314532e-19,5.1253757949285567e-19,0.2099102249040784,4.1448419775684812e-19,4.9794601512743922e-18,13.402094815919966,0,0,1.313152610528205,0.097981146124137886
TRV,0,305,-0.82757390352073024
TRV,1,305,-0.4855787070074748
TVR,0,305,-5.5273520730151535e-05
TVR,1,305,-1.0810573176089168e-05
TVV,0,305,13.402094815919966
TVV,1,305,0
TVV,2,305,0
VIRTUAL,306,12.698732,4.6665261542926814e-19,4.6977013111142748e-19,4.725953214668409e-19,4.8987583570729574e-19,0.29557312996600671,4.0168634756422194e-19,4.7714781045425607e-18,13.812131486162961,0,0,1.8541587254761303,0.13424131730382327
TRV,0,306,-1.2044004881271271
TRV,1,306,-0.64975823734900329
TVR,0,306,-7.6888127127096556e-05
TVR,1,306,-1.3826711421341076e-05
TVV,0,306,13.812131486162961
TVV,1,306,0
TVV,2,306,0
VIRTUAL,307,12.710182,4.5177856554267632e-19,4.5512073718573216e-19,4.5798963703717641e-19,4.6865867655851254e-19,0.45879002139632669,3.8916009025169333e-19,4.5156603146676835e-18,14.575273251519116,0,0,2.8858261006291128,0.19799464825322133
TRV,0,307,-1.9274703235902269
TRV,1,307,-0.95835577703888597
TVR,0,307,-0.00011772359022674579
TVR,1,307,-1.9511079955723652e-05
TVV,0,307,14.575273251519116
TVV,1,307,0
TVV,2,307,0
VIRTUAL,308,12.721413999999999,4.3667648233630546e-19,4.4058499994155149e-19,4.435414486092736e-19,4.487392190661502e-19,0.84189131639332493,3.7673101735820357e-19,4.1361364185516983e-18,16.386901809505105,0,0,5.3096155252583213,0.32401582599210532
TRV,0,308,-3.6383483812286337
TRV,1,308,-1.6712671440296873
TVR,0,308,-0.00021278122863343577
TVR,1,308,-3.2580192898885507e-05
TVV,0,308,16.386901809505105
TVV,1,308,0
TVV,2,308,0
VIRTUAL,309,12.732456000000001,4.1975302571716817e-19,4.258367016482882e-19,4.288398407138918e-19,4.2998290975892162e-19,2.1915964549438249,3.6412018988777128e-19,3.3898349928277014e-18,23.302508014462614,0,0,13.857919265135465,0.59469647029129225
TRV,0,309,-9.7211188751992754
TRV,1,309,-4.13680038993619
TVR,0,309,-0.00054477519927611747
TVR,1,309,-7.7275955773037179e-05
TVV,0,309,23.302508014462614
TVV,1,309,0
TVV,2,309,0
VIRTUAL,310,12.74328,4.0746079402180306e-19,4.1210386183405863e-19,4.123588098958116e-19,4.1235880991801574e-19,19.211816766711749,3.5237765050236713e-19,2.3299533332215106e-18,128.47782092950624,0,0,121.79038361385938,0.94794870221751226
TRV,0,310,-87.263408981033976
TRV,1,310,-34.526974632825393
TVR,0,310,-0.0046899810339781842
TVR,1,310,-0.00061855195313991385
TVV,0,310,128.47782092950624
TVV,1,310,0
TVV,2,310,0
