table,lambda,alpha,mode,observable,dps,api_inputs_exact_value,api_inputs_exact_jvp,api_inputs_exact_plus,api_inputs_exact_minus,api_inputs_exact_jvp_scale,decimal_tokens_value,decimal_tokens_jvp,decimal_tokens_plus,decimal_tokens_minus,decimal_tokens_jvp_scale
base,2,-1/8,raw,S,80,-0.091434209658382482811051067575996093589031766438107436159809584489603576457454165,0.78196657656386434098032694406019488022681737933381648316922612447106404383498168,2.3942985903624219626968448004454625447980448399202286910274588793539597697520970,2.4857328000208044455078958680214586383870766063583361271872684638435633462095512,2.6857615494598228507223779661576784278892059925147972524156729684118707202008384,-0.091434209658382648988033558175774132094804053736867570845590332695797531248366783,0.78196657656386439232087577318020487417052826980292460605345829681199006701037715,2.3942985903624225477299233073568426987726826322234058931655544101105431406468056,2.4857328000208051967179568655326168308674866859602734640111447428063406718951724,2.6857615494598235698929203983617423470035365576182553499776679425465930232559041
base,2,-1/8,raw,1,80,-0.18286841931676496562210213515199218717806353287621487231961916897920715291490833,1.5639331531277286819606538881203897604536347586676329663384522489421280876699634,4.7885971807248439253936896008909250895960896798404573820549177587079195395041941,4.9714656000416088910157917360429172767741532127166722543745369276871266924191024,5.3715230989196457014447559323153568557784119850295945048313459368237414404016769,-0.18286841931676529797606711635154826418960810747373514169118066539159506249673357,1.5639331531277287846417515463604097483410565396058492121069165936239801340207543,4.7885971807248450954598466147136853975453652644468117863311088202210862812936112,4.9714656000416103934359137310652336617349733719205469280222894856126813437903447,5.3715230989196471397858407967234846940070731152365106999553358850931860465118083
base,2,-1/8,raw,u,80,-0.091434209658382482811051067575996093589031766438107436159809584489603576457454165,0.78196657656386434098032694406019488022681737933381648316922612447106404383498168,2.3942985903624219626968448004454625447980448399202286910274588793539597697520970,2.4857328000208044455078958680214586383870766063583361271872684638435633462095512,2.6857615494598228507223779661576784278892059925147972524156729684118707202008384,-0.091434209658382648988033558175774132094804053736867570845590332695797531248366783,0.78196657656386439232087577318020487417052826980292460605345829681199006701037715,2.3942985903624225477299233073568426987726826322234058931655544101105431406468056,2.4857328000208051967179568655326168308674866859602734640111447428063406718951724,2.6857615494598235698929203983617423470035365576182553499776679425465930232559041
base,2,-1/8,raw,u^2,80,-0.056345845105327183944283552955742155418084308271345777479721564582441085170358386,0.48181739510489627179150464810318985057685765219185308527032604594537992233584751,1.6802157943194521723756735871637196886536427289541243827134326420759830608114386,1.7365616394247793563199571401194618440717270372254701601931542066584241459817970,1.8727995804071707953078174973577654603215450479199720819711020516106127072943823,-0.056345845105327308190589737887207517380384954222426957036988925746830223566665041,0.48181739510489632622261780669745713496913368372992840661939335240302186975031375,1.6802157943194528258801824940706916506839473953460257180656740654566773260450953,1.7365616394247801340707722319578991680643323495684526751026629912035075496117604,1.8727995804071715633267680727312798714629193580902942880585446847501396302075813
base,2,-1/8,raw,window,80,-0.011473475777806709681061232840963578554874766968424662010266912677299676529041132,0.098116305127748537885703749475603040980170080847565849750940475435309001279146767,0.24011480004201459341763661992980911532104558097271616602552006420318436923353115,0.25158827581982130309869785277077269387592034794114082803578697688048404576257228,0.27261010089632652501714188206201080525865164817836950855084576236543777111454685,-0.011473475777806699909571854540305531853956428326366510531569784699711334007672895,0.098116305127748589709534166982797219102380765216311176575195393557801605410255134,0.24011480004201476107040933240017130066819217075788770714245846976864392861110785,0.25158827581982146097998118694047683252214859908425421767402825446835526261878074,0.27261010089632668548664379519009240655192467375852710054693852981988105344125847
base,2,-1/8,raw,S,120,-0.0914342096583824828110510675759960935890317664381074361598095844896035764574541646034431900089124874677880152765107813787,0.781966576563864340980326944060194880226817379333816483169226124471064043834981679227143941879541317295849976390486611612,2.39429859036242196269684480044546254479804483992022869102745887935395976975209703085849717540562794940921881522340729889,2.48573280002080444550789586802145863838707660635833612718726846384356334620955119546194036541454043687700683049991808027,2.68576154945982285072237796615767842788920599251479725241567296841187072020083842794332937876820445265471939650695988026,-0.0914342096583826489880335581757741320948040537368675708455903326957975312483667830299941101347556727279900083725188935027,0.781966576563864392320875773180204874170528269802924606053458296811990067010377152800340725936333524327458752137023584182,2.39429859036242254772992330735684269877268263222340589316555441011054314064680559408092961675524665961396313324711894593,2.48573280002080519671795686553261683086748668596027346401114474280634067189517237711092372689000233234195314161963783943,2.68576154945982356989292039836174234700353655761825534997766794254659302325590415703677272682300462762349115576508502506
base,2,-1/8,raw,1,120,-0.182868419316764965622102135151992187178063532876214872319619168979207152914908329206886380017824974935576030553021562757,1.56393315312772868196065388812038976045363475866763296633845224894212808766996335845428788375908263459169995278097322322,4.78859718072484392539368960089092508959608967984045738205491775870791953950419406171699435081125589881843763044681459779,4.97146560004160889101579173604291727677415321271667225437453692768712669241910239092388073082908087375401366099983616054,5.37152309891964570144475593231535685577841198502959450483134593682374144040167685588665875753640890530943879301391976052,-0.182868419316765297976067116351548264189608107473735141691180665391595062496733566059988220269511345455980016745037787005,1.56393315312772878464175154636040974834105653960584921210691659362398013402075430560068145187266704865491750427404716836,4.78859718072484509545984661471368539754536526444681178633110882022108628129361118816185923351049331922792626649423789186,4.97146560004161039343591373106523366173497337192054692802228948561268134379034475422184745378000466468390628323927567887,5.37152309891964713978584079672348469400707311523651069995533588509318604651180831407354545364600925524698231153017005013
base,2,-1/8,raw,u,120,-0.0914342096583824828110510675759960935890317664381074361598095844896035764574541646034431900089124874677880152765107813787,0.781966576563864340980326944060194880226817379333816483169226124471064043834981679227143941879541317295849976390486611612,2.39429859036242196269684480044546254479804483992022869102745887935395976975209703085849717540562794940921881522340729889,2.48573280002080444550789586802145863838707660635833612718726846384356334620955119546194036541454043687700683049991808027,2.68576154945982285072237796615767842788920599251479725241567296841187072020083842794332937876820445265471939650695988026,-0.0914342096583826489880335581757741320948040537368675708455903326957975312483667830299941101347556727279900083725188935027,0.781966576563864392320875773180204874170528269802924606053458296811990067010377152800340725936333524327458752137023584182,2.39429859036242254772992330735684269877268263222340589316555441011054314064680559408092961675524665961396313324711894593,2.48573280002080519671795686553261683086748668596027346401114474280634067189517237711092372689000233234195314161963783943,2.68576154945982356989292039836174234700353655761825534997766794254659302325590415703677272682300462762349115576508502506
base,2,-1/8,raw,u^2,120,-0.0563458451053271839442835529557421554180843082713457774797215645824410851703583858513277191332337928405078242951503602496,0.481817395104896271791504648103189850576857652191853085270326045945379922335847507887417131652158071290021671110257365095,1.68021579431945217237567358716371968865364272895412438271343264207598306081143860541303495588968488891075015452029596151,1.73656163942477935631995714011946184407172703722547016019315420665842414598179699126436267502291868175125797881544632176,1.87279958040717079530781749735776546032154504791997208197110205161061270729438227209109385997968631237261163128291987510,-0.0563458451053273081905897378872075173803849542224269570369889257468302235666650406702507535254133686665111925254976583783,0.481817395104896326222617806697457134969133683729928406619393352403021869750313745522706737522079101266423785356588381445,1.68021579431945282588018249407069165068394739534602571806567406545667732604509533229961558596945952082517657794914890124,1.73656163942478013407077223195789916806433234956845267510266299120350754961176037296986633949487288949168777047464655962,1.87279958040717156332676807273127987146291935809029428805854468475013963020758127669115924625006562539333608691436447421
base,2,-1/8,raw,window,120,-0.0114734757778067096810612328409635785548747669684246620102669126772996765290411324105604446579439460103335055736074223768,0.0981163051277485378857037494756030409801700808475658497509404754353090012791467670291722056339439149945463483121147653698,0.240114800042014593417636619929809115321045580972716166025520064203184369233531150741755053660560014672149150792692373446,0.251588275819821303098697852770772693875920347941140828035786976880484045762572283152315498318503960682482656366299795823,0.272610100896326525017141882062010805258651648178369508550845762365437771114546847092162176325519032467473571058309860563,-0.0114734757778066999095718545403055318539564283263665105315697846997113340076728947797361962479213620615297365100263427639,0.0981163051277485897095341669827972191023807652163111765751953935578016054102551337012849586912085687323747165117498634456,0.240114800042014761070409332400171300668192170757887707142458469768643928611107848454276682503882035261980267410259529173,0.251588275819821460979981186940476832522148599084254217674028254468355262618780743234012878751803397323510003920285871936,0.272610100896326685486643795190092406551924673758527100546938529819881053441258467275325500158485726056229536945427913632
base,2,0,raw,S,80,0.00000000000000015809995900328548267752416629572229045026483112905981899212096042834348692612216,0.68359405190715676909068024624621748707406286449709659992810326342360142315672985,2.2815673178311102529614188509825964544243664836708417604592256492727506854243582,2.2815673178311100948614598476971137769002001879485513101943945202129316933033978,2.3924394146577551773537701682841197490456271774563226433249871247014968965809689,0.0,0.68359405190715680728637683580344780812369819320467409151782837102202790112180811,2.2815673178311107909581737515847600642247447763141650026544671967332367059237308,2.2815673178311107909581737515847600642247447763141650026544671967332367059237308,2.3924394146577558121917522292532548234144300660417989568708214760573709182517160
base,2,0,raw,1,80,0.00000000000000031619991800657096535504833259144458090052966225811963798424192085668697385224432,1.3671881038143135381813604924924349741481257289941931998562065268472028463134597,4.5631346356622205059228377019651929088487329673416835209184512985455013708487164,4.5631346356622201897229196953942275538004003758971026203887890404258633866067956,4.7848788293155103547075403365682394980912543549126452866499742494029937931619378,0.0,1.3671881038143136145727536716068956162473963864093481830356567420440558022436162,4.5631346356622215819163475031695201284494895526283300053089343934664734118474617,4.5631346356622215819163475031695201284494895526283300053089343934664734118474617,4.7848788293155116243835044585065096468288601320835979137416429521147418365034319
base,2,0,raw,u,80,0.00000000000000015809995900328548267752416629572229045026483112905981899212096042834348692612216,0.68359405190715676909068024624621748707406286449709659992810326342360142315672985,2.2815673178311102529614188509825964544243664836708417604592256492727506854243582,2.2815673178311100948614598476971137769002001879485513101943945202129316933033978,2.3924394146577551773537701682841197490456271774563226433249871247014968965809689,0.0,0.68359405190715680728637683580344780812369819320467409151782837102202790112180811,2.2815673178311107909581737515847600642247447763141650026544671967332367059237308,2.2815673178311107909581737515847600642247447763141650026544671967332367059237308,2.3924394146577558121917522292532548234144300660417989568708214760573709182517160
base,2,0,raw,u^2,80,0.00000000000000011466870191306991838742570768398396056689604078793683077309734806175502975709495,0.42134101818680774217243391183649911858474354228122708772815537300823991846874040,1.5979732659239533773823568745246388647454806257822269514033915060594754656990135,1.5979732659239532627136549614547204773197729417982663845073507181226446926016655,1.6661697346044462533445027287578902549958547048759382862374283636517478716546168,0.0,0.42134101818680778688294653118168297002820476104053084321457178699598312421455352,1.5979732659239539836717969157813122561010465831094909111366388257112088048019227,1.5979732659239539836717969157813122561010465831094909111366388257112088048019227,1.6661697346044469372732481402916733192966985905379858948753717876105864894447415
base,2,0,raw,window,80,0.0000000000000000066383524862832901197587046523555451262640644536894154770590206325129622898340014,0.085787835083798863608279548498250140736167964298413454992213788202997168970382205,0.22974152767986087705817208284806264532145732013521104950831189166326209917491040,0.22974152767986087041981959656477252556275266777966592324424743797384662211588977,0.24364266295775133885919336442633328217361411913056898567822104876086691822275629,0.0,0.085787835083798929830330898756927735688157433136031812564034244060297946162956537,0.22974152767986104603667594843643341351322214508514934577858243958844200497578080,0.22974152767986104603667594843643341351322214508514934577858243958844200497578080,0.24364266295775151786364107893566264608246744051721536082735930074360211805570515
base,2,0,raw,S,120,0.000000000000000158099959003285482677524166295722290450264831129059818992120960428343486926122158522198146073911724639345340475261456408,0.683594051907156769090680246246217487074062864497096599928103263423601423156729845515167620082133300445037494086577664892,2.28156731783111025296141885098259645442436648367084176045922564927275068542435821384519432100656657805958212088810901975,2.28156731783111009486145984769711377690020018794855131019439452021293169330339778550170739488440805586143604697638438040,2.39243941465775517735377016828411974904562717745632264332498712470149689658096889982150535503853725130686107380698332564,0.0,0.683594051907156807286376835803447808123698193204674091517828371022027901121808107888043365219121225603275708236282825213,2.28156731783111079095817375158476006422474477631416500265446719673323670592373084913263101744686175002703070450939888826,2.28156731783111079095817375158476006422474477631416500265446719673323670592373084913263101744686175002703070450939888826,2.39243941465775581219175222925325482341443006604179895687082147605737091825171596224183075435729236091912787965507312359
base,2,0,raw,1,120,0.000000000000000316199918006570965355048332591444580900529662258119637984241920856686973852244317044396292147823449278690680950522912816,1.36718810381431353818136049249243497414812572899419319985620652684720284631345969103033524016426660089007498817315532978,4.56313463566222050592283770196519290884873296734168352091845129854550137084871642769038864201313315611916424177621803950,4.56313463566222018972291969539422755380040037589710262038878904042586338660679557100341478976881611172287209395276876081,4.78487882931551035470754033656823949809125435491264528664997424940299379316193779964301071007707450261372214761396665129,0.0,1.36718810381431361457275367160689561624739638640934818303565674204405580224361621577608673043824245120655141647256565043,4.56313463566222158191634750316952012844948955262833000530893439346647341184746169826526203489372350005406140901879777652,4.56313463566222158191634750316952012844948955262833000530893439346647341184746169826526203489372350005406140901879777652,4.78487882931551162438350445850650964682886013208359791374164295211474183650343192448366150871458472183825575931014624717
base,2,0,raw,u,120,0.000000000000000158099959003285482677524166295722290450264831129059818992120960428343486926122158522198146073911724639345340475261456408,0.683594051907156769090680246246217487074062864497096599928103263423601423156729845515167620082133300445037494086577664892,2.28156731783111025296141885098259645442436648367084176045922564927275068542435821384519432100656657805958212088810901975,2.28156731783111009486145984769711377690020018794855131019439452021293169330339778550170739488440805586143604697638438040,2.39243941465775517735377016828411974904562717745632264332498712470149689658096889982150535503853725130686107380698332564,0.0,0.683594051907156807286376835803447808123698193204674091517828371022027901121808107888043365219121225603275708236282825213,2.28156731783111079095817375158476006422474477631416500265446719673323670592373084913263101744686175002703070450939888826,2.28156731783111079095817375158476006422474477631416500265446719673323670592373084913263101744686175002703070450939888826,2.39243941465775581219175222925325482341443006604179895687082147605737091825171596224183075435729236091912787965507312359
base,2,0,raw,u^2,120,0.000000000000000114668701913069918387425707683983960566896040787936830773097348061755029757094954691138283835957249467772786631555188845,0.421341018186807742172433911836499118584743542281227087728155373008239918468740400055248769863669117380946730407182544052,1.59797326592395337738235687452463886474548062578222695140339150605947546569901352547476698011668493713975609307248303169,1.59797326592395326271365496145472047731977294179826638450735071812264469260166546371973722302173024600147225711523356391,1.66616973460444625334450272875789025499585470487593828623742836365174787165461682194216233770043305458718236588931455234,0.0,0.421341018186807786882946531181682970028204761040530843214571786995983124214553517207712381574553855557619398645407561013,1.59797326592395398367179691578131225610104658310949091113663882571120880480192274124458765222774052442375499627311606304,1.59797326592395398367179691578131225610104658310949091113663882571120880480192274124458765222774052442375499627311606304,1.66616973460444693727324814029167331929669859053798589487537178761058648944474155015426794609533762908909724529557912080
base,2,0,raw,window,120,0.00000000000000000663835248628329011975870465235554512626406445368941547705902063251296228983400143763823121502130368599925648163077488297,0.0857878350837988636082795484982501407361679642984134549922137882029971689703822050150615949422404044808935252885026571542,0.229741527679860877058172082848062645321457320135211049508311891663262099174910404278350541610966012059862939244052932498,0.229741527679860870419819596564772525562752667779665923244247437973846622115889771765388251776964574421631724222749246499,0.243642662957751338859193364426333282173614119130568985678221048760866918222756286835237505418602929016427636815034733860,0.0,0.0857878350837989298303308987569277356881574331360318125640342440602979461629565364529449993344310831774708141242244091488,0.229741527679861046036675948436433413513222145085149345778582439588442004975780799054512633780061454329701137381375486771,0.229741527679861046036675948436433413513222145085149345778582439588442004975780799054512633780061454329701137381375486771,0.243642662957751517863641078935662646082467440517215360827359300743602118055705152329782712247675775475363845056054706652
base,2,1/8,raw,S,80,0.080057693147287390125863081829713649286499111911891872346032234822553899924014642,0.59948444864317913861918981266385989209836479108710755033306103814220569985818343,2.1801040532685827678033060988966401749165057749493641231251806182642885922320598,2.1000463601212953776774430170669265256300066630374722507791483834417346923080452,2.1417000393633439603345606170189466816756415447853704523189508825138426590572560,0.080057693147287265876018729511612603686724604845337759189236797505891169000672417,0.59948444864317915314547147346329376335507013140888458136252750268319377537692873,2.1801040532685832447924434418405474649997859553113855943133756369279411934060844,2.1000463601212959789164247123289348613130613504660478351241388394220500244054120,2.1417000393633444792729211171099088475115246172936501734958861919469259791115705
base,2,1/8,raw,1,80,0.16011538629457478025172616365942729857299822382378374469206446964510779984802928,1.1989688972863582772383796253277197841967295821742151006661220762844113997163669,4.3602081065371655356066121977932803498330115498987282462503612365285771844641197,4.2000927202425907553548860341338530512600133260749445015582967668834693846160904,4.2834000787266879206691212340378933633512830895707409046379017650276853181145120,0.16011538629457453175203745902322520737344920969067551837847359501178233800134483,1.1989688972863583062909429469265875267101402628177691627250550053663875507538575,4.3602081065371664895848868836810949299995719106227711886267512738558823868121688,4.2000927202425919578328494246578697226261227009320956702482776788441000488108240,4.2834000787266889585458422342198176950230492345873003469917723838938519582231409
base,2,1/8,raw,u,80,0.080057693147287390125863081829713649286499111911891872346032234822553899924014642,0.59948444864317913861918981266385989209836479108710755033306103814220569985818343,2.1801040532685827678033060988966401749165057749493641231251806182642885922320598,2.1000463601212953776774430170669265256300066630374722507791483834417346923080452,2.1417000393633439603345606170189466816756415447853704523189508825138426590572560,0.080057693147287265876018729511612603686724604845337759189236797505891169000672417,0.59948444864317915314547147346329376335507013140888458136252750268319377537692873,2.1801040532685832447924434418405474649997859553113855943133756369279411934060844,2.1000463601212959789164247123289348613130613504660478351241388394220500244054120,2.1417000393633444792729211171099088475115246172936501734958861919469259791115705
base,2,1/8,raw,u^2,80,0.049357657396952989839239792551093205597761710976795640891862524074998820748026540,0.36971659315297529357626115403253370622950163346823365021569112526254601452402225,1.5241584150885842025937462957900774294463358562318268833547448359602673658737355,1.4748007576916312127545065032389842238485741452550312424628823118852685451257090,1.4902178297015212411261823462534456553833472834673947577463508218575223312998253,0.049357657396952895282732243611359436442906661380003735438435531550305059124885353,0.36971659315297532280383952945817219153534987666809084322978283310114592159715739,1.5241584150885847556990458842266030979328735570587108030146237207951404650910172,1.4748007576916318604163136406152436614899668956787070675761881892448354059661318,1.4902178297015218212031687125153965746375911949003519625544971751235366568045937
base,2,1/8,raw,window,80,0.010048017906540425668962120619362257556774162436221093923710500308370521944130664,0.075250954923513330725959337800319779280228118345837894113978802888878661253734908,0.22033700540786729530318118389797306210204827098792624289456682075290455307609944,0.21028898750132686963421906327861080454527410855170514897085632044453403113196877,0.21867526307251982593668936322399176247504185552131351613699225101609509903337295,0.010048017906540434491202933875450113645425480078730869515945844845677871173284633,0.075250954923513378007220102386298416405472298026991852404197074752449690311158922,0.22033700540786744200350214817474365760450324580940647403564752323599131412869485,0.21028898750132700751229921429929354395907776573067560451970167839031344295541021,0.21867526307251995470580223369179142747575216030830393296553037565498967897519935
base,2,1/8,raw,S,120,0.0800576931472873901258630818297136492864991119118918723460322348225538999240146422318122495539779431571875849781972634026,0.599484448643179138619189812663859892098364791087107550333061038142205699858183426836603329418184667867498845486015568430,2.18010405326858276780330609889664017491650577494936412312518061826428859223205983318921913111176742629045928541489439445,2.10004636012129537767744301706692652563000666303747225077914838344173469230804519095740688155778948313327170043669713104,2.14170003936334396033456061701894668167564154478537045231895088251384265905725599049050957131338897077050756145375428632,0.0800576931472872658760187295116126036867246048453377591892367975058911690006724165961046164155568002107257573999199732498,0.599484448643179153145471473463293763355070131408884581362527502683193775376928725554436043932782824476372210548537264388,2.18010405326858324479244344184054746499978595531138559431337563692794119340608442535910783783766167387940719013738340407,2.10004636012129597891642471232893486131306135046604783512413883942205002440541200876300322142210487366868143273746343082,2.14170003936334447927292111710990884751152461729365017349588619194692597911157046381764396538536962857489814825123862079
base,2,1/8,raw,1,120,0.160115386294574780251726163659427298572998223823783744692064469645107799848029284463624499107955886314375169956394526805,1.19896889728635827723837962532771978419672958217421510066612207628441139971636685367320665883636933573499769097203113686,4.36020810653716553560661219779328034983301154989872824625036123652857718446411966637843826222353485258091857082978878889,4.20009272024259075535488603413385305126001332607494450155829676688346938461609038191481376311557896626654340087339426209,4.28340007872668792066912123403789336335128308957074090463790176502768531811451198098101914262677794154101512290750857263,0.160115386294574531752037459023225207373449209690675518378473595011782338001344833192209232831113600421451514799839946500,1.19896889728635830629094294692658752671014026281776916272505500536638755075385745110887208786556564895274442109707452878,4.36020810653716648958488688368109492999957191062277118862675127385588238681216885071821567567532334775881438027476680813,4.20009272024259195783284942465786972262612270093209567024827767884410004881082401752600644284420974733736286547492686164,4.28340007872668895854584223421981769502304923458730034699177238389385195822314092763528793077073925714979629650247724158
base,2,1/8,raw,u,120,0.0800576931472873901258630818297136492864991119118918723460322348225538999240146422318122495539779431571875849781972634026,0.599484448643179138619189812663859892098364791087107550333061038142205699858183426836603329418184667867498845486015568430,2.18010405326858276780330609889664017491650577494936412312518061826428859223205983318921913111176742629045928541489439445,2.10004636012129537767744301706692652563000666303747225077914838344173469230804519095740688155778948313327170043669713104,2.14170003936334396033456061701894668167564154478537045231895088251384265905725599049050957131338897077050756145375428632,0.0800576931472872658760187295116126036867246048453377591892367975058911690006724165961046164155568002107257573999199732498,0.599484448643179153145471473463293763355070131408884581362527502683193775376928725554436043932782824476372210548537264388,2.18010405326858324479244344184054746499978595531138559431337563692794119340608442535910783783766167387940719013738340407,2.10004636012129597891642471232893486131306135046604783512413883942205002440541200876300322142210487366868143273746343082,2.14170003936334447927292111710990884751152461729365017349588619194692597911157046381764396538536962857489814825123862079
base,2,1/8,raw,u^2,120,0.0493576573969529898392397925510932055977617109767956408918625240749988207480265403498048742864996378170241457045821273965,0.369716593152975293576261154032533706229501633468233650215691125262546014524022254284987302665764122888377358379442028171,1.52415841508858420259374629579007742944633585623182688335474483596026736587373550403560716576754460030272421688250562902,1.47480075769163121275450650323898422384857414525503124246288231188526854512570896368580229148104496248570007117792350162,1.49021782970152124112618234625344565538334728346739475774635082185752233129982526802777258471300001224892132048170842560,0.0493576573969528952827322436113594364429066613800037354384355315503050591248853532803507716779760849688008892219443597513,0.369716593152975322803839529458172191535349876668090843229782833101145921597157391299759132561701863100460050783902856400,1.52415841508858475569904588422660309793287355705871080301462372079514046509101716604552786254825510054856160024156946029,1.47480075769163186041631364061524366148996689567870706757618818924483540596613181276517709087027901557976071101962510054,1.49021782970152182120316871251539657463759119490035196255449717512353665680459366973519493381105654296365814241853658960
base,2,1/8,raw,window,120,0.0100480179065404256689621206193622575567741624362210939237105003083705219441306639625047080828650469335136426259063764369,0.0752509549235133307259593378003197792802281183458378941139788028888786612537349078770181240011855606432957710199115310898,0.220337005407867295303181183897973062102048270987926242894566820752904553076099436568183289294592899089284472331081175724,0.210288987501326869634219063278610804545274108551705148970856320444534031131968772605678581211727852155770829705174799287,0.218675263072519825936689363223991762475041855521313516136992251016095099033372954957582457394575319800813926871413983586,0.0100480179065404344912029338754501136454254800787308695159458448456778711732846334250203265079948369369338541559839895021,0.0752509549235133780072201023862984164054722980269918524041970747524496903111589219962813288434848821898865657927250486453,0.220337005407867442003502148174743657604503245809406474035647523235991314128694846728967669954226798202280478283274185474,0.210288987501327007512299214299293543959077765730675604519701678390313442955410213303947343446231961265346624127290195972,0.218675263072519954705802233691791427475752160308303932965530375654989678975199350887706853760219794683818076061077221217
base,8,-1/8,raw,S,80,-0.000078789462937134582879398057675969664930599429070883935547565744994623523006391005,0.00064843659479459322513188965440799408807187582918811937328335470049445730287408676,0.0018612994681790913079524433600572545873998615787176707890469759657959625012975102,0.0019400889311162258908318414177332242523304610077885547245945417107905860243039012,0.00081119807356385380775262039819591845281914175362159359037940931093635287696392659,-0.000078789462937134541805174241657024738726987800684634533959566379580693861772487995,0.00064843659479459314771911521507307285084723269804457233270273340120475634054498673,0.0018612994681790916195344274312004775150800568318265301204926146852877827514515655,0.0019400889311162261613396016728575022538070446325111646544521810648684766132240535,0.00081119807356385382594990905923945481245703770554421035253678185065965035186678988
base,8,-1/8,raw,1,80,-0.00015757892587426916575879611535193932986119885814176787109513148998924704601278201,0.0012968731895891864502637793088159881761437516583762387465667094009889146057481735,0.0037225989363581826159048867201145091747997231574353415780939519315919250025950204,0.0038801778622324517816636828354664485046609220155771094491890834215811720486078025,0.0016223961471277076155052407963918369056382835072431871807588186218727057539278532,-0.00015757892587426908361034848331404947745397560136926906791913275916138772354497599,0.0012968731895891862954382304301461457016944653960891446654054668024095126810899735,0.0037225989363581832390688548624009550301601136636530602409852293705755655029031310,0.0038801778622324523226792033457150045076140892650223293089043621297369532264481070,0.0016223961471277076518998181184789096249140754110884207050735637013193007037335798
base,8,-1/8,raw,u,80,-0.000078789462937134582879398057675969664930599429070883935547565744994623523006391005,0.00064843659479459322513188965440799408807187582918811937328335470049445730287408676,0.0018612994681790913079524433600572545873998615787176707890469759657959625012975102,0.0019400889311162258908318414177332242523304610077885547245945417107905860243039012,0.00081119807356385380775262039819591845281914175362159359037940931093635287696392659,-0.000078789462937134541805174241657024738726987800684634533959566379580693861772487995,0.00064843659479459314771911521507307285084723269804457233270273340120475634054498673,0.0018612994681790916195344274312004775150800568318265301204926146852877827514515655,0.0019400889311162261613396016728575022538070446325111646544521810648684766132240535,0.00081119807356385382594990905923945481245703770554421035253678185065965035186678988
base,8,-1/8,raw,u^2,80,-0.000047247877040975130645780447230353916044027291876957138471454336350150527866801690,0.00038857691619219857587698435907186723835143634117676820020919266578539064955807030,0.0012466135664314034815927279829639351783111623848555286428367149947619414226562691,0.0012938614434723786122385084301942890943551896767324857813081693311120919505230708,0.00051668364931462818394400919034098129308525004240064123637608713748429067265630463,-0.000047247877040975129273786257172177219648848693686231229900406467087706452568724767,0.00038857691619219854445032524358946995086400857676699500531657330095260924232160355,0.0012466135664314038352013901096721663438307902430667291330582565221101101504310088,0.0012938614434723789644751763668443435634796389367529603629586629891978166029997336,0.00051668364931462824888934576818865088506601402000445676903616100069620523236467005
base,8,-1/8,raw,window,80,-0.0000096810474862086381287175042318432062395875401079993918486010349306639645846505854,0.000079576378423777201561283977306406417670180006359495973021406669438448005912912378,0.00020224563481494354532460047810587690909143681261368819028249032858651082980680545,0.00021192668230115218345331798233772011533102435272168758213109136351717479439145603,0.000092080047876780224046922830933365721763836151921921315518209194651470497045544389,-0.0000096810474862085572633163499220054025956172244350619489795178783896764778156170984,0.000079576378423777225474027160292673833789001997319536153910374222119505851681736621,0.00020224563481494370555072902438476846015780317600381126033040222145368679731952343,0.00021192668230115226281404537430677386275342040043887320930992009984336327513514053,0.000092080047876780257448725602835245275631330947160044097995864205276566113208195195
base,8,-1/8,raw,S,120,-0.0000787894629371345828793980576759696649305994290708839355475657449946235230063910045628215377389630857128287591899972059550,0.000648436594794593225131889654407994088071875829188119373283354700494457302874086761039378835168174774639165037519700225438,0.00186129946817909130795244336005725458739986157871767078904697596579596250129751022071100053605299803789907709782422822549,0.00194008893111622589083184141773322425233046100778855472459454171079058602430390122527382207379196112361190585701422543144,0.000811198073563853807752620398195918452819141753621593590379409310936352876963926593138657142847745408402646509130100886223,-0.0000787894629371345418051742416570247387269878006846345339595663795806938617724879948552774820652270987277411674757792410524,0.000648436594794593147719115215073072850847232698044572332702733401204756340544986734510154920017436747735893052207411445658,0.00186129946817909161953442743120047751508005683182653012049261468528778275145156552483150551517717328055208254290980080306,0.00194008893111622616133960167285750225380704463251116465445218106486847661322405351968678299724240037927982371038558004411,0.000811198073563853825949909059239454812457037705544210352536781850659650351866789881186395527440594425362056688404553104014
base,8,-1/8,raw,1,120,-0.000157578925874269165758796115351939329861198858141767871095131489989247046012782009125643075477926171425657518379994411910,0.00129687318958918645026377930881598817614375165837623874656670940098891460574817352207875767033634954927833007503940045088,0.00372259893635818261590488672011450917479972315743534157809395193159192500259502044142200107210599607579815419564845645098,0.00388017786223245178166368283546644850466092201557710944918908342158117204860780245054764414758392224722381171402845086289,0.00162239614712770761550524079639183690563828350724318718075881862187270575392785318627731428569549081680529301826020177245,-0.000157578925874269083610348483314049477453975601369269067919132759161387723544975989710554964130454197455482334951558482105,0.00129687318958918629543823043014614570169446539608914466540546680240951268108997346902030984003487349547178610441482289132,0.00372259893635818323906885486240095503016011366365306024098522937057556550290313104966301103035434656110416508581960160612,0.00388017786223245232267920334571500450761408926502232930890436212973695322644810703937356599448480075855964742077116008823,0.00162239614712770765189981811847890962491407541108842070507356370131930070373357976237279105488118885072411337680910620803
base,8,-1/8,raw,u,120,-0.0000787894629371345828793980576759696649305994290708839355475657449946235230063910045628215377389630857128287591899972059550,0.000648436594794593225131889654407994088071875829188119373283354700494457302874086761039378835168174774639165037519700225438,0.00186129946817909130795244336005725458739986157871767078904697596579596250129751022071100053605299803789907709782422822549,0.00194008893111622589083184141773322425233046100778855472459454171079058602430390122527382207379196112361190585701422543144,0.000811198073563853807752620398195918452819141753621593590379409310936352876963926593138657142847745408402646509130100886223,-0.0000787894629371345418051742416570247387269878006846345339595663795806938617724879948552774820652270987277411674757792410524,0.000648436594794593147719115215073072850847232698044572332702733401204756340544986734510154920017436747735893052207411445658,0.00186129946817909161953442743120047751508005683182653012049261468528778275145156552483150551517717328055208254290980080306,0.00194008893111622616133960167285750225380704463251116465445218106486847661322405351968678299724240037927982371038558004411,0.000811198073563853825949909059239454812457037705544210352536781850659650351866789881186395527440594425362056688404553104014
base,8,-1/8,raw,u^2,120,-0.0000472478770409751306457804472303539160440272918769571384714543363501505278668016895936440355630532755275288250510987329103,0.000388576916192198575876984359071867238351436341176768200209192665785390649558070304901982083013773709839658063140798369981,0.00124661356643140348159272798296393517831116238485552864283671499476194142265626908950175923611115775137065052614103653673,0.00129386144347237861223850843019428909435518967673248578130816933111209195052307077909540327167421102689817935119213526964,0.000516683649314628183944009190340981293085250042400641236376087137484290672656304633381458000176253832951794599608900545079,-0.0000472478770409751292737862571721772196488486936862312299004064670877064525687247673138993332211352835311737744334642565865,0.000388576916192198544450325243589469950864008576766995005316573300952609242321603547764566386454904736919138888340365974838,0.00124661356643140383520139010967216634383079024306672913305825652211011015043100882158008186455542723636944027913942995773,0.00129386144347237896447517636684434356347963893675296036295866298919781660299973358889398119777656251990061405357289421432,0.000516683649314628248889345768188650885066014020004456769036161000696205232364670049898208687911329425946883501509083880061
base,8,-1/8,raw,window,120,-0.00000968104748620863812871750423184320623958754010799939184860103493066396458465058540144519176533012102523679393089619936155,0.0000795763784237772015612839773064064176701800063594959730214066694384480059129123774654462179802204406486171998683582205895,0.000202245634814943545324600478105876909091436812613688190282490328586510829806805446592200471373032894079451309835758686730,0.000211926682301152183453317982337720115331024352721687582131091363517174794391456031993645663138363015104688103766654886092,0.0000920800478767802240469228309333657217638361519219213155182091946514704970455443884784541448501406381454098734924522103328,-0.00000968104748620855726331634992200540259561722443506194897951787838967647781561709840744643791380254585882086508967127392147,0.0000795763784237772254740271602926738337890019973195361539103742221195058516817366206372992041660689476090508683311214344007,0.000202245634814943705550729024384768460157803176003811260330402221453686797319523431884266980500679690358957569235340522118,0.000211926682301152262814045374306773862753420400438873209309920099843363275135140530291713418414482236217778434325011796039,0.0000920800478767802574487256028352452756313309471600440979958642052765661132081951949786855838019680374811652493371604569568
base,8,0,raw,S,80,0.000000000000000000031634998227406597183699099970145227313440427445009360096768549707975299271493310,0.00061255312320691272366367395589036754207927331011152585395182747490068400244467857,0.0018512813552707219504407320996441502418296067049704124494896225286931961942090633,0.0018512813552707219188057338722375530581305067348251851360491950836838360974405136,0.00077040538419820991825993950827553359508837309111460667803125452531317283502154280,0.0,0.00061255312320691269587730546571754944255363666166638343598476366368235964144490351,0.0018512813552707222527680042923602059054334784014257208964782419212248886545650516,0.0018512813552707222527680042923602059054334784014257208964782419212248886545650516,0.00077040538419820998164982249515527132852239208719739244743254328257935298206812303
base,8,0,raw,1,80,0.000000000000000000063269996454813194367398199940290454626880854890018720193537099415950598542986621,0.0012251062464138254473273479117807350841585466202230517079036549498013680048893571,0.0037025627105414439008814641992883004836592134099408248989792450573863923884181266,0.0037025627105414438376114677444751061162610134696503702720983901673676721948810272,0.0015408107683964198365198790165510671901767461822292133560625090506263456700430856,0.0,0.0012251062464138253917546109314350988851072733233327668719695273273647192828898070,0.0037025627105414445055360085847204118108669568028514417929564838424497773091301033,0.0037025627105414445055360085847204118108669568028514417929564838424497773091301033,0.0015408107683964199632996449903105426570447841743947848948650865651587059641362461
base,8,0,raw,u,80,0.000000000000000000031634998227406597183699099970145227313440427445009360096768549707975299271493310,0.00061255312320691272366367395589036754207927331011152585395182747490068400244467857,0.0018512813552707219504407320996441502418296067049704124494896225286931961942090633,0.0018512813552707219188057338722375530581305067348251851360491950836838360974405136,0.00077040538419820991825993950827553359508837309111460667803125452531317283502154280,0.0,0.00061255312320691269587730546571754944255363666166638343598476366368235964144490351,0.0018512813552707222527680042923602059054334784014257208964782419212248886545650516,0.0018512813552707222527680042923602059054334784014257208964782419212248886545650516,0.00077040538419820998164982249515527132852239208719739244743254328257935298206812303
base,8,0,raw,u^2,80,0.000000000000000000035907868905678212021377962005381732694157769602550155754786211100674756820867531,0.00036759550390901374070300358527260811852734847880553666122323051354378218646203980,0.0012387282320638092120945008507342010608236442732066409926299087842962418715922806,0.0012387282320638091761866319450559890394456822678249082984721391817460861168060695,0.00049184673791918601123259671933979136641995216819532713159048222964469590014206240,0.0,0.00036759550390901373569615760627868195698795108940044583892183238800882617793481193,0.0012387282320638095568906988266426564628798417397593374604934782575425290131201481,0.0012387282320638095568906988266426564628798417397593374604934782575425290131201481,0.00049184673791918609800071283594430050528443513851205238255497264080467194642625887
base,8,0,raw,window,80,-0.000000000000000000063102626848939545676075826650770388734215370832930066455066095668189908527964535,0.000075360180152730506511389164371159528720760424488924565988436782780224390962109980,0.00020147609691507468347519822961210116890387783086555200405360196296247745846312585,0.00020147609691507474657782507855164684497970448163594073826897279589254391352922152,0.000087484098220864870712498891732253296392039495540788886183607723482905441465141840,0.0,0.000075360180152730540403884226160565975079894458594053342255774514381225937555900096,0.00020147609691507484145653418557493976667733769007565197920226948155390444278406003,0.00020147609691507484145653418557493976667733769007565197920226948155390444278406003,0.000087484098220864913662093816184079023884621777784317200542945867708634699701510341
base,8,0,raw,S,120,0.0000000000000000000316349982274065971836990999701452273134404274450093600967685497079752992714933103696352905646999596486576237238064906561,0.000612553123206912723663673955890367542079273310111525853951827474900684002444678565081128516094226306198892822338963583075,0.00185128135527072195044073209964415024182960670497041244948962252869319619420906329668995375483495407067131015720991668806,0.00185128135527072191880573387223755305813050673482518513604919508368383609744051358871465448334164370103601959250995703940,0.000770405384198209918259939508275533595088373091114606678031254525313172835021542800978418553272885499905173759334199086223,0.0,0.000612553123206912695877305465717549442553636661666383435984763663682359641444903509973619986326162958102614115309117870777,0.00185128135527072225276800429236020590543347840142572089647824192122488865456505164028251821183944988931277124598665309539,0.00185128135527072225276800429236020590543347840142572089647824192122488865456505164028251821183944988931277124598665309539,0.000770405384198209981649822495155271328522392087197392447432543282579352982068123030773334609676378570909148460723905554989
base,8,0,raw,1,120,0.0000000000000000000632699964548131943673981999402904546268808548900187201935370994159505985429866207392705811293999192973152474476129813121,0.00122510624641382544732734791178073508415854662022305170790365494980136800488935713016225703218845261239778564467792716615,0.00370256271054144390088146419928830048365921340994082489897924505738639238841812659337990750966990814134262031441983337611,0.00370256271054144383761146774447510611626101346965037027209839016736767219488102717742930896668328740207203918501991407880,0.00154081076839641983651987901655106719017674618222921335606250905062634567004308560195683710654577099981034751866839817245,0.0,0.00122510624641382539175461093143509888510727332333276687196952732736471928288980701994723997265232591620522823061823574155,0.00370256271054144450553600858472041181086695680285144179295648384244977730913010328056503642367889977862554249197330619077,0.00370256271054144450553600858472041181086695680285144179295648384244977730913010328056503642367889977862554249197330619077,0.00154081076839641996329964499031054265704478417439478489486508656515870596413624606154666921935275714181829692144781110998
base,8,0,raw,u,120,0.0000000000000000000316349982274065971836990999701452273134404274450093600967685497079752992714933103696352905646999596486576237238064906561,0.000612553123206912723663673955890367542079273310111525853951827474900684002444678565081128516094226306198892822338963583075,0.00185128135527072195044073209964415024182960670497041244948962252869319619420906329668995375483495407067131015720991668806,0.00185128135527072191880573387223755305813050673482518513604919508368383609744051358871465448334164370103601959250995703940,0.000770405384198209918259939508275533595088373091114606678031254525313172835021542800978418553272885499905173759334199086223,0.0,0.000612553123206912695877305465717549442553636661666383435984763663682359641444903509973619986326162958102614115309117870777,0.00185128135527072225276800429236020590543347840142572089647824192122488865456505164028251821183944988931277124598665309539,0.00185128135527072225276800429236020590543347840142572089647824192122488865456505164028251821183944988931277124598665309539,0.000770405384198209981649822495155271328522392087197392447432543282579352982068123030773334609676378570909148460723905554989
base,8,0,raw,u^2,120,0.0000000000000000000359078689056782120213779620053817326941577696025501557547862111006747568208675306531599602590284638592317546961706532288,0.000367595503909013740703003585272608118527348478805536661223230513543782186462039798683757668488458267284254237160597757359,0.00123872823206380921209450085073420106082364427320664099262990878429624187159228056912670191475376881354040794985444178211,0.00123872823206380917618663194505598903944568226782490829847213918174608611680606946845194509388623816038044769082597792287,0.000491846737919186011232596719339791366419952168195327131590482229644695900142062403331817805681221765804961521310189443551,0.0,0.000367595503909013735696157606278681956987951089400445838921832388008826177934811934788364249038841893949377576417971509189,0.00123872823206380955689069882664265646287984173975933746049347825754252901312014813030889822551328693121015713067753522461,0.00123872823206380955689069882664265646287984173975933746049347825754252901312014813030889822551328693121015713067753522461,0.000491846737919186098000712835944300505284435138512052382554972640804671946426258873552018970086587894855712714173964175910
base,8,0,raw,window,120,-0.0000000000000000000631026268489395456760758266507703887342153708329300664550660956681899085279645350935756946153019830053663807658944740363,0.0000753601801527305065113891643711595287207604244889245659884367827802243909621099799760176666458515558771678945336611055416,0.000201476096915074683475198229612101168903877830865552004053601962962477458463125852869715870481119220665820931064329859332,0.000201476096915074746577825078551646844979704481635940738268972795892543913529221521059624398445654314241515546366312864699,0.0000874840982208648707124988917322532963920394955407888861836077234829054414651418404927377032693145881444233757219345472547,0.0,0.0000753601801527305404038842261605659750798944585940533422557745143812259375559000957819261809232113161536540845136600057885,0.000201476096915074841456534185574939766677337690075651979202269481553904442784060028803681969997138972189153466196115744020,0.000201476096915074841456534185574939766677337690075651979202269481553904442784060028803681969997138972189153466196115744020,0.0000874840982208649136620938161840790238846217777843172005429458677086346997015103412399024113673237423590525996327984744391
base,8,1/8,raw,S,80,0.000074435610174060594817320995081008687073206561557008989331017900725818821177505662,0.00057875296432566113144284034119173376812672082009340620723739282591864116271696972,0.0018415637843078064570773527667928547906255327196417850763499189804847653601611514,0.0017671281741337458622600317717118461035523261580847760870189010797589465389836458,0.00073189529234186220916016658563097364595739526029529906031465601192910800524985004,0.000074435610174060533013924616671942569137752013544807607107740671169286998169894999,0.00057875296432566111715980481589707793380328707434949692386408632165650274175901298,0.0018415637843078067539631566322265137394073321406020487576351786043741978113047446,0.0017671281741337462209492320155545711702695801270572411505274379332049108131348496,0.00073189529234186228555033235996714624192959352786564879385711415551178788280078421
base,8,1/8,raw,1,80,0.00014887122034812118963464199016201737414641312311401797866203580145163764235501132,0.0011575059286513222628856806823834675362534416401868124144747856518372823254339394,0.0036831275686156129141547055335857095812510654392835701526998379609695307203223029,0.0035342563482674917245200635434236922071046523161695521740378021595178930779672915,0.0014637905846837244183203331712619472919147905205905981206293120238582160104997001,0.00014887122034812106602784923334388513827550402708961521421548134233857399633979000,0.0011575059286513222343196096317941558676065741486989938477281726433130054835180260,0.0036831275686156135079263132644530274788146642812040975152703572087483956226094893,0.0035342563482674924418984640311091423405391602541144823010548758664098216262696993,0.0014637905846837245711006647199342924838591870557312975877142283110235757656015684
base,8,1/8,raw,u,80,0.000074435610174060594817320995081008687073206561557008989331017900725818821177505662,0.00057875296432566113144284034119173376812672082009340620723739282591864116271696972,0.0018415637843078064570773527667928547906255327196417850763499189804847653601611514,0.0017671281741337458622600317717118461035523261580847760870189010797589465389836458,0.00073189529234186220916016658563097364595739526029529906031465601192910800524985004,0.000074435610174060533013924616671942569137752013544807607107740671169286998169894999,0.00057875296432566111715980481589707793380328707434949692386408632165650274175901298,0.0018415637843078067539631566322265137394073321406020487576351786043741978113047446,0.0017671281741337462209492320155545711702695801270572411505274379332049108131348496,0.00073189529234186228555033235996714624192959352786564879385711415551178788280078421
base,8,1/8,raw,u^2,80,0.000044701001504818963551346696219561196807299748624305346793641689783845170448635068,0.00034781432358810547179564230416808429421502140363645558015441061716867694415853194,0.0012310788473658875072832523189595239971843772650784262018274263642228926189000968,0.0011863778458610685437319056227399628003770775164541208550337846744390474484514617,0.00046836919034976619695192165035946069662318735104133008250429884934533802953954468,0.000044701001504818920183044840519571592822182980065550966957430657155404080391206762,0.00034781432358810547269885043993127987220978464875990277186938788650071387616943857,0.0012310788473658878465800104977749655264897736997339998126257663475242106976233811,0.0011863778458610689263969656572553939336675907196684488456683356903688066172321743,0.00046836919034976628854704602649165447933190301219131889772312564778531694789223503
base,8,1/8,raw,window,80,0.0000091686513527556075002314389875312845767184480006228666018487412529240685456033108,0.000071375704098731740959737711708680977780380703521475349096610542905307415642070243,0.00020072985511175104765250334859991253103618656058336420437104700790426909203839519,0.00019156120375899544015227190961238124645946811258274133776919826665134502349279188,0.000083133789404920375242410613412712575082194193935957662370032477791744135791248263,0.0000091686513527556451505229006204650822607522225141540631609654652470838501495280453,0.000071375704098731785913653527418305054571138033633819331138337255541799638478659423,0.00020072985511175120476844314485641892601441337673363469924773781001998821206084085,0.00019156120375899555961792024423595384375366115421948063608677234477290436191131281,0.000083133789404920429065391548570009834849924344337779828540275295863077960072846838
base,8,1/8,raw,S,120,0.0000744356101740605948173209950810086870732065615570089893310179007258188211775056617741014009706047564357708287448356498855,0.000578752964325661131442840341191733768126720820093406207237392825918641162716969722992864638017578868615805955136837339032,0.00184156378430780645707735276679285479062553271964178507634991898048476536016115143164016327399000381047909580329937576641,0.00176712817413374586226003177171184610355232615808477608701890107975894653898364576986606187301939905404332497455454011652,0.000731895292341862209160166585630973645957395260295299060314656011929108005249850036835411088733929265151697496192942752503,0.0000744356101740605330139246166719425691377520135448076071077406711692869981698949994742358494663352858220361155235420719292,0.000578752964325661117159804815897077933803287074349496923864086321656502741759012982499971634438442938511268132650971258416,0.00184156378430780675396315663222651373940733214060204875763517860437419781130474465044257567725553613630361338264707180466,0.00176712817413374622094923201555457117026958012705724115052743793320491081313484965096833982778920085048157726712352973273,0.000731895292341862285550332359967146241929593527865648793857114155511787882800784212599386514801315586115365403900137035254
base,8,1/8,raw,1,120,0.000148871220348121189634641990162017374146413123114017978662035801451637642355011323548202801941209512871541657489671299771,0.00115750592865132226288568068238346753625344164018681241447478565183728232543393944598572927603515773723161191027367467806,0.00368312756861561291415470553358570958125106543928357015269983796096953072032230286328032654798000762095819160659875153282,0.00353425634826749172452006354342369220710465231616955217403780215951789307796729153973212374603879810808664994910908023305,0.00146379058468372441832033317126194729191479052059059812062931202385821601049970007367082217746785853030339499238588550501,0.000148871220348121066027849233343885138275504027089615214215481342338573996339789998948471698932670571644072231047084143858,0.00115750592865132223431960963179415586760657414869899384772817264331300548351802596499994326887688587702253626530194251683,0.00368312756861561350792631326445302747881466428120409751527035720874839562260948930088515135451107227260722676529414360931,0.00353425634826749244189846403110914234053916025411448230105487586640982162626969930193667965557840170096315453424705946546,0.00146379058468372457110066471993429248385918705573129758771422831102357576560156842519877302960263117223073080780027407051
base,8,1/8,raw,u,120,0.0000744356101740605948173209950810086870732065615570089893310179007258188211775056617741014009706047564357708287448356498855,0.000578752964325661131442840341191733768126720820093406207237392825918641162716969722992864638017578868615805955136837339032,0.00184156378430780645707735276679285479062553271964178507634991898048476536016115143164016327399000381047909580329937576641,0.00176712817413374586226003177171184610355232615808477608701890107975894653898364576986606187301939905404332497455454011652,0.000731895292341862209160166585630973645957395260295299060314656011929108005249850036835411088733929265151697496192942752503,0.0000744356101740605330139246166719425691377520135448076071077406711692869981698949994742358494663352858220361155235420719292,0.000578752964325661117159804815897077933803287074349496923864086321656502741759012982499971634438442938511268132650971258416,0.00184156378430780675396315663222651373940733214060204875763517860437419781130474465044257567725553613630361338264707180466,0.00176712817413374622094923201555457117026958012705724115052743793320491081313484965096833982778920085048157726712352973273,0.000731895292341862285550332359967146241929593527865648793857114155511787882800784212599386514801315586115365403900137035254
base,8,1/8,raw,u^2,120,0.0000447010015048189635513466962195611968072997486243053467936416897838451704486350679996071623154681108313295604266249610900,0.000347814323588105471795642304168084294215021403636455580154410617168676944158531935438071921797717210963389315208507327182,0.00123107884736588750728325231895952399718437726507842620182742636422289261890009681757935790067455729013545986078065639496,0.00118637784586106854373190562273996280037707751645412085503378467443904744845146174957975073835908917930413030035403143387,0.000468369190349766196951921650359460696623187351041330082504298849345338029539544681604753174576154816423144206061809077238,0.0000447010015048189201830448405195715928221829800655509669574306571554040803912067622241576612278453421044199705552145027216,0.000347814323588105472698850439931279872209784648759902771869387886500713876169438572392848594387523685561908767193024821869,0.00123107884736588784658001049777496552648977369973399981262576634752421069762338111343313139624755836703009158218672881083,0.00118637784586106892639696565725539393366759071966844884566833569036880661723217435120897373501971302492567161163151430811,0.000468369190349766288547046026491654479331903012191318897723125647785316947892235032121103626743006774575407087259527694874
base,8,1/8,raw,window,120,0.00000916865135275560750023143898753128457671844800062286660184874125292406854560331077795036577538212072327584235912424830241,0.0000713757040987317409597377117086809777803807035214753490966105429053074156420702426266657690674400266431211606887460778417,0.000200729855111751047652503348599912531036186560583364204371047007904269092038395194569313327672369160078222039447573074432,0.000191561203758995440152271909612381246459468112582741337769198266651345023492791883791362961896987039354946197088448826129,0.0000831337894049203752424106134127125750821941939359576623700324777917441357912482632051013500520721266599424396922264459552,0.00000916865135275564515052290062046508226075222251415406316096546524708385014952804527360109257716191016619534877059901145755,0.0000713757040987317859136535274183050545711380336338193311383372555417996384786594226685418857461393228739936327847251896973,0.000200729855111751204768443144856418926014413376733634699247737810019988212060840851317000370171839421171148712939462679424,0.000191561203758995559617920244235953843753661154219480636086772344772904361911312806043399277594677511004953364168863667967,0.0000831337894049204290653915485700098348499243443377798285402752958630779600728468374396683670695916189372517777262759539336
base,32,-1/8,raw,S,80,-0.0000000000000025640326613191850556729175281035830474120024470096471894589233006643158841908457,0.000000000000021052753473691090167402011006181155400004480496250831764234451224256801380911826,0.000000000000053703701842262419001072933185265665657957679069248671336742891161322280458669826,0.000000000000056267734503581604056745850713369248705369681516258318526201814461986596342860672,0.000000000000021228134536777957547632144541962469119246205407364049676960785526459150564357132,-0.0000000000000025640326613191816108982587057070680467352938598001375607320607315198184712286624,0.000000000000021052753473691088115070001557943436574079724691568321587127925983066480783304258,0.000000000000053703701842262422962212467895209259618248046979047641302615273928569567872208276,0.000000000000056267734503581604573110726600916327664983340838847778863347334660089386343436939,0.000000000000021228134536777955740204184945580591089487087379187681252385741071661183160534592
base,32,-1/8,raw,1,80,-0.0000000000000051280653226383701113458350562071660948240048940192943789178466013286317683816915,0.000000000000042105506947382180334804022012362310800008960992501663528468902448513602761823651,0.00000000000010740740368452483800214586637053133131591535813849734267348578232264456091733965,0.00000000000011253546900716320811349170142673849741073936303251663705240362892397319268572134,0.000000000000042456269073555915095264289083924938238492410814728099353921571052918301128714265,-0.0000000000000051280653226383632217965174114141360934705877196002751214641214630396369424573248,0.000000000000042105506947382176230140003115886873148159449383136643174255851966132961566608515,0.00000000000010740740368452484592442493579041851923649609395809528260523054785713913574441655,0.00000000000011253546900716320914622145320183265532996668167769555772669466932017877268687388,0.000000000000042456269073555911480408369891161182178974174758375362504771482143322366321069185
base,32,-1/8,raw,u,80,-0.0000000000000025640326613191850556729175281035830474120024470096471894589233006643158841908457,0.000000000000021052753473691090167402011006181155400004480496250831764234451224256801380911826,0.000000000000053703701842262419001072933185265665657957679069248671336742891161322280458669826,0.000000000000056267734503581604056745850713369248705369681516258318526201814461986596342860672,0.000000000000021228134536777957547632144541962469119246205407364049676960785526459150564357132,-0.0000000000000025640326613191816108982587057070680467352938598001375607320607315198184712286624,0.000000000000021052753473691088115070001557943436574079724691568321587127925983066480783304258,0.000000000000053703701842262422962212467895209259618248046979047641302615273928569567872208276,0.000000000000056267734503581604573110726600916327664983340838847778863347334660089386343436939,0.000000000000021228134536777955740204184945580591089487087379187681252385741071661183160534592
base,32,-1/8,raw,u^2,80,-0.0000000000000014950008215955672474149004020383609883829292862533847361224480739758587579881240,0.000000000000012264191590387176387002430273699979172077419899722978513055063373179703813650652,0.000000000000033721083041128520713212019130912310090635271385324756326598185551858226693696091,0.000000000000035216083862724087960626919532950671079018200671578141062720633625834085451684215,0.000000000000012422103273982155181417591386261615432585698444635961917841341122506297883024979,-0.0000000000000014950008215955658556430983287422134653597425564329031009364258976343183382619678,0.000000000000012264191590387175594050037038042395291034887469088881949214297911477760473819348,0.000000000000033721083041128525112324022780706103667289133900803768838976403209398885562582453,0.000000000000035216083862724090967967121109448317132648876457236671939912829107033203900844421,0.000000000000012422103273982154627481675181911512411037659282284964770064027417922925131982868
base,32,-1/8,raw,window,80,-0.00000000000000031391398397357948681518281789765946504972078121450980851816762726830167068943163,0.0000000000000025708117077785133823751669460322636056720249607879314746912678637397152785371054,0.0000000000000065467662727080972341667194708707656345431741757259342930492233086636773820897377,0.0000000000000068606802566816767209819022887684250995928949569404441015673909359319790527791693,0.0000000000000025718254071418792075720443040380023451873791488650085561836667249007173032365349,-0.00000000000000031391398397357767858674113484725932097303200520300219700148914535213451763260568,0.0000000000000025708117077785146784322481897901641187726673141682142976155206674216828789751702,0.0000000000000065467662727081028429213933211507654257186259265336932107521857690932087011143805,0.0000000000000068606802566816805215081344559980247466916579317366954077536749144453432187469862,0.0000000000000025718254071418805043274217493515763993927829939345888145991849225880762624252287
base,32,-1/8,raw,S,120,-0.00000000000000256403266131918505567291752810358304741200244700964718945892330066431588419084574575915453053774303317558828674687557780,0.0000000000000210527534736910901674020110061811554000044804962508317642344512242568013809118257301284009099150578556559359566181269043,0.0000000000000537037018422624190010729331852656656579576790692486713367428911613222804586698264697745877752028154437408081758670903726,0.0000000000000562677345035816040567458507133692487053696815162583185262018144619865963428606722155337423057405584769163964626139659504,0.0000000000000212281345367779575476321445419624691192462054073640496769607855264591505643571324595921610300198368858789227738174420369,-0.00000000000000256403266131918161089825870570706804673529385980013756073206073151981847122866237992054163307363847129030757730045657891,0.0000000000000210527534736910881150700015579434365740797246915683215871279259830664807833042575661292355745275316623023392520794231603,0.0000000000000537037018422624229622124678952092596182480469790476413026152739285695678722082764408363790342341061985136446385394549788,0.0000000000000562677345035816045731107266009163276649833408388477788633473346600893863434369388207569206673077446698039522158399115577,0.0000000000000212281345367779557402041849455805910894870873791876812523857410716611831605345922625276820931417874752770777917169993010
base,32,-1/8,raw,1,120,-0.00000000000000512806532263837011134583505620716609482400489401929437891784660132863176838169149151830906107548606635117657349375115560,0.0000000000000421055069473821803348040220123623108000089609925016635284689024485136027618236514602568018198301157113118719132362538086,0.000000000000107407403684524838002145866370531331315915358138497342673485782322644560917339652939549175550405630887481616351734180745,0.000000000000112535469007163208113491701426738497410739363032516637052403628923973192685721344431067484611481116953832792925227931901,0.0000000000000424562690735559150952642890839249382384924108147280993539215710529183011287142649191843220600396737717578455476348840738,-0.00000000000000512806532263836322179651741141413609347058771960027512146412146303963694245732475984108326614727694258061515460091315782,0.0000000000000421055069473821762301400031158868731481594493831366431742558519661329615666085151322584711490550633246046785041588463206,0.000000000000107407403684524845924424935790418519236496093958095282605230547857139135744416552881672758068468212397027289277078909958,0.000000000000112535469007163209146221453201832655329966681677695557726694669320178772686873877641513841334615489339607904431679823115,0.0000000000000424562690735559114804083698911611821789741747583753625047714821433223663210691845250553641862835749505541555834339986019
base,32,-1/8,raw,u,120,-0.00000000000000256403266131918505567291752810358304741200244700964718945892330066431588419084574575915453053774303317558828674687557780,0.0000000000000210527534736910901674020110061811554000044804962508317642344512242568013809118257301284009099150578556559359566181269043,0.0000000000000537037018422624190010729331852656656579576790692486713367428911613222804586698264697745877752028154437408081758670903726,0.0000000000000562677345035816040567458507133692487053696815162583185262018144619865963428606722155337423057405584769163964626139659504,0.0000000000000212281345367779575476321445419624691192462054073640496769607855264591505643571324595921610300198368858789227738174420369,-0.00000000000000256403266131918161089825870570706804673529385980013756073206073151981847122866237992054163307363847129030757730045657891,0.0000000000000210527534736910881150700015579434365740797246915683215871279259830664807833042575661292355745275316623023392520794231603,0.0000000000000537037018422624229622124678952092596182480469790476413026152739285695678722082764408363790342341061985136446385394549788,0.0000000000000562677345035816045731107266009163276649833408388477788633473346600893863434369388207569206673077446698039522158399115577,0.0000000000000212281345367779557402041849455805910894870873791876812523857410716611831605345922625276820931417874752770777917169993010
base,32,-1/8,raw,u^2,120,-0.00000000000000149500082159556724741490040203836098838292928625338473612244807397585875798812401536259050659238671545836188285440105503,0.0000000000000122641915903871763870024302736999791720774198997229785130550633731797038136506523401886917494578323265851851871618319958,0.0000000000000337210830411285207132120191309123100906352713853247563265981855518582266936960910045937192525188647262556846915130084120,0.0000000000000352160838627240879606269195329506710790182006715781410627206336258340854516842150199563097591112514417140465743674094670,0.0000000000000124221032739821551814175913862616154325856984446359619178413411225062978830249792147011919230478282391560745443387051158,-0.00000000000000149500082159556585564309832874221346535974255643290310093642589763431833826196778749821215075611999782954626031247831507,0.0000000000000122641915903871755940500370380423952910348874690888819492142979114777604738193478705735902631233536775695618995122188218,0.0000000000000337210830411285251123240227807061036672891339008037688389764032093988855625824530101928819031473266198762214148909765493,0.0000000000000352160838627240909679671211094483171326488764572366719399128291070332039008444207976910940539034466177057676752034548643,0.0000000000000124221032739821546274816751819115124110376592822849647700640274179229251319828676900259637882753625726093831921083574078
base,32,-1/8,raw,window,120,-0.000000000000000313913983973579486815182817897659465049720781214509808518167627268301670689431627086539122787529946788020271427874131786,0.00000000000000257081170777851338237516694603226360567202496078793147469126786373971527853710542442661113632388504802211861828447160242,0.00000000000000654676627270809723416671947087076563454317417572593429304922330866367738208973770140109184135603768187292144012520015926,0.00000000000000686068025668167672098190228876842509959289495694044410156739093593197905277916932848763096414356762866094171155307429105,0.00000000000000257182540714187920757204430403800234518737914886500855618366672490071730323653491080173481866738479745524109515797095542,-0.000000000000000313913983973577678586741134847259320973032005203002197001489145352134517632605674962118950175914632377162807503848468829,0.00000000000000257081170777851467843224818979016411877266731416821429761552066742168287897517022260342385411959624507444968268925631590,0.00000000000000654676627270810284292139332115076542571862592653369321075218576909320870111438045886938212647506623536071046490500935368,0.00000000000000686068025668168052150813445599802474669165793173669540775367491444534321874698613383150107665098086773787327240885782251,0.00000000000000257182540714188050432742174935157639939278299393458881459918492258807626242522871994846054432235356470390400648452864963
base,32,0,raw,S,80,-1.4333191932626337408785011083864899907365497619172046306355995230406222006486431e-29,0.000000000000019981533466406496051806369052637308391512796885747691554267322653458901251688158,0.000000000000053692794303480268145274115574928615381066691627870683387114715125328694472849311,0.000000000000053692794303480282478466048201266024166077775492770590752612334297375000828844541,0.000000000000020155197318273823584600253316754081735972982483649599883000075294106293515605134,0.0,0.000000000000019981533466406489134849988965585431078768944679542486817432317324567044829608855,0.000000000000053692794303480272093499193740712640251466183155114729071626393317323000675377950,0.000000000000053692794303480272093499193740712640251466183155114729071626393317323000675377950,0.000000000000020155197318273816911046132740404909214878520553720197896889487428413069064903283
base,32,0,raw,1,80,-2.8666383865252674817570022167729799814730995238344092612711990460812444012972862e-29,0.000000000000039963066932812992103612738105274616783025593771495383108534645306917802503376316,0.00000000000010738558860696053629054823114985723076213338325574136677422943025065738894569862,0.00000000000010738558860696056495693209640253204833215555098554118150522466859475000165768908,0.000000000000040310394636547647169200506633508163471945964967299199766000150588212587031210269,0.0,0.000000000000039963066932812978269699977931170862157537889359084973634864634649134089659217709,0.00000000000010738558860696054418699838748142528050293236631022945814325278663464600135075590,0.00000000000010738558860696054418699838748142528050293236631022945814325278663464600135075590,0.000000000000040310394636547633822092265480809818429757041107440395793778974856826138129806567
base,32,0,raw,u,80,-1.4333191932626337408785011083864899907365497619172046306355995230406222006486431e-29,0.000000000000019981533466406496051806369052637308391512796885747691554267322653458901251688158,0.000000000000053692794303480268145274115574928615381066691627870683387114715125328694472849311,0.000000000000053692794303480282478466048201266024166077775492770590752612334297375000828844541,0.000000000000020155197318273823584600253316754081735972982483649599883000075294106293515605134,0.0,0.000000000000019981533466406489134849988965585431078768944679542486817432317324567044829608855,0.000000000000053692794303480272093499193740712640251466183155114729071626393317323000675377950,0.000000000000053692794303480272093499193740712640251466183155114729071626393317323000675377950,0.000000000000020155197318273816911046132740404909214878520553720197896889487428413069064903283
base,32,0,raw,u^2,80,-7.7459640383575384927793447374110749170152681636003174282589193323721407904242957e-30,0.000000000000011661195975717815022974116432641841841691843591845657462660391197622986069213777,0.000000000000033711260837073778573662280061775486401196367719503863601310281496346029468854577,0.000000000000033711260837073786319626318419313979180541105130578780616578445096663457727773910,0.000000000000011817597997112749852187307777065573111338029114502907389675822736925329962841758,0.0,0.000000000000011661195975717811394343963312256042639288599126305333357112862729412322242658094,0.000000000000033711260837073782958649204775127209172697238475572242254194075992755955845769095,0.000000000000033711260837073782958649204775127209172697238475572242254194075992755955845769095,0.000000000000011817597997112746460776280880586388495639499128413008978681371706842993890898625
base,32,0,raw,window,80,-8.5134780998705288396220654933029265643001592971654511612163825980825296040619882e-30,0.0000000000000024527403818753421823133095044574720827439722136630708408811993346525388702528049,0.0000000000000065467036251714096688912720728319987620405883084344476040085706322143022023412716,0.0000000000000065467036251714181823693719433608383841060816113610119041678677976654634187238697,0.0000000000000024537314889985836323989800077409121761806382665851800264093219018063284948415631,0.0,0.0000000000000024527403818753408944664542750419130353960689490512212114370693611329255461731665,0.0000000000000065467036251714152778765799217818170265255820538990675676273939967878845738041246,0.0000000000000065467036251714152778765799217818170265255820538990675676273939967878845738041246,0.0000000000000024537314889985823453228599552798118067065020835914089117480693181692565279293038
base,32,0,raw,S,120,-0.0000000000000000000000000000143331919326263374087850110838648999073654976191720463063559952304062220064864309078192342501431674162642050556471842373,0.0000000000000199815334664064960518063690526373083915127968857476915542673226534589012516881580625185130666411366929418678585209983785,0.0000000000000536927943034802681452741155749286153810666916278706833871147151253286944728493108113304495390492407408010693886306765214,0.0000000000000536927943034802824784660482012660241660777754927705907526123342973750008288445412175524560254801485600353195317980927856,0.0000000000000201551973182738235846002533167540817359729824836495998830000752941062935156051343451634611596147368297374074925196039035,0.0,0.0000000000000199815334664064891348499889655854310787689446795424868174323173245670448296088547364390914570615500083703477928977990920,0.0000000000000536927943034802720934991937407126402514661831551147290716263933173230006753779497683573353614774417800834197280764129755,0.0000000000000536927943034802720934991937407126402514661831551147290716263933173230006753779497683573353614774417800834197280764129755,0.0000000000000201551973182738169110461327404049092148785205537201978968894874284130690649032833401008165345145746183852356350103375544
base,32,0,raw,1,120,-0.0000000000000000000000000000286663838652526748175700221677297998147309952383440926127119904608124440129728618156384685002863348325284101112943684746,0.0000000000000399630669328129921036127381052746167830255937714953831085346453069178025033763161250370261332822733858837357170419967571,0.000000000000107385588606960536290548231149857230762133383255741366774229430250657388945698621622660899078098481481602138777261353043,0.000000000000107385588606960564956932096402532048332155550985541181505224668594750001657689082435104912050960297120070639063596185571,0.0000000000000403103946365476471692005066335081634719459649672991997660001505882125870312102686903269223192294736594748149850392078070,0.0,0.0000000000000399630669328129782696999779311708621575378893590849736348646346491340896592177094728781829141231000167406955857955981840,0.000000000000107385588606960544186998387481425280502932366310229458143252786634646001350755899536714670722954883560166839456152825951,0.000000000000107385588606960544186998387481425280502932366310229458143252786634646001350755899536714670722954883560166839456152825951,0.0000000000000403103946365476338220922654808098184297570411074403957937789748568261381298065666802016330690291492367704712700206751088
base,32,0,raw,u,120,-0.0000000000000000000000000000143331919326263374087850110838648999073654976191720463063559952304062220064864309078192342501431674162642050556471842373,0.0000000000000199815334664064960518063690526373083915127968857476915542673226534589012516881580625185130666411366929418678585209983785,0.0000000000000536927943034802681452741155749286153810666916278706833871147151253286944728493108113304495390492407408010693886306765214,0.0000000000000536927943034802824784660482012660241660777754927705907526123342973750008288445412175524560254801485600353195317980927856,0.0000000000000201551973182738235846002533167540817359729824836495998830000752941062935156051343451634611596147368297374074925196039035,0.0,0.0000000000000199815334664064891348499889655854310787689446795424868174323173245670448296088547364390914570615500083703477928977990920,0.0000000000000536927943034802720934991937407126402514661831551147290716263933173230006753779497683573353614774417800834197280764129755,0.0000000000000536927943034802720934991937407126402514661831551147290716263933173230006753779497683573353614774417800834197280764129755,0.0000000000000201551973182738169110461327404049092148785205537201978968894874284130690649032833401008165345145746183852356350103375544
base,32,0,raw,u^2,120,-0.00000000000000000000000000000774596403835753849277934473741107491701526816360031742825891933237214079042429568604505502868296566505830048245759428123,0.0000000000000116611959757178150229741164326418418416918435918456574626603911976229860692137774248966318658346070420807824578143283108,0.0000000000000337112608370737785736622800617754864011963677195038636013102814963460294688545774473627013002185792760287654873392896656,0.0000000000000337112608370737863196263184193139791805411051305787806165784450966634577277739098195034917245142653210837941703049547239,0.0000000000000118175979971127498521873077770655731113380291145029073896758227369253299628417582025913616140712383384066405724618101898,0.0,0.0000000000000116611959757178113943439633122560426392885991263053333571128627294123222426580944256518440058022088466956841024611062315,0.0000000000000337112608370737829586492047751272091726972384755722422541940759927559558457690950319182439044158917717130719351786138835,0.0000000000000337112608370737829586492047751272091726972384755722422541940759927559558457690950319182439044158917717130719351786138835,0.0000000000000118175979971127464607762808805863884956394991284130089786813717068429938908986252313480153202999382075925425632532669326
base,32,0,raw,window,120,-0.00000000000000000000000000000851347809987052883962206549330292656430015929716545116121638259808252960406198819396476933775517645922247635867030960269,0.00000000000000245274038187534218231330950445747208274397221366307084088119933465253887025280489964410803977068767260401991919530143051,0.00000000000000654670362517140966889127207283199876204058830843444760400857063221430220234127162693146274759379908369541838688790487169,0.00000000000000654670362517141818236937194336083838410608161136101190416786779766546341872386970946106680958199304846475614206436409417,0.00000000000000245373148899858363239898000774091217618063826658518002640932190180632849484156311101620502185813293564319736345191900731,0.0,0.00000000000000245274038187534089446645427504191303539606894905122121143706936113292554617316647576109276481234535812324529072035178478,0.00000000000000654670362517141527787657992178181702652558205389906756762739399678788457380412460834708177623905037322554091673507473999,0.00000000000000654670362517141527787657992178181702652558205389906756762739399678788457380412460834708177623905037322554091673507473999,0.00000000000000245373148899858234532285995527981180670650208359140891174806931816925652792930378143155961502414734383918702983679861197
base,32,1/8,raw,S,80,0.0000000000000024337243200755201255479467930896773663718738385049676450717059126438514440710368,0.000000000000018967286325107679633204168851589290170923996060510932669836914547148753498320302,0.000000000000053681993405145853407907165382247080468908988863283091136579981654093827766169607,0.000000000000051248269085070333282359218589157403102537115024778123491508275741449976322098570,0.000000000000019139254836362661909214403445072928899470187633776279370519901145962118582036266,0.0000000000000024337243200755430355165230216888408946971130743524715161726905082073098829605543,0.000000000000018967286325107669591020691567113800351919034061528205807180184387674296345572565,0.000000000000053681993405145857349811656312822052228357014930047289942276225997276046528203563,0.000000000000051248269085070314314295133291133211333659901855694818426103535489068736645243008,0.000000000000019139254836362652110205672286729257323396929354376247869912261747884666264410443
base,32,1/8,raw,1,80,0.0000000000000048674486401510402510958935861793547327437476770099352901434118252877028881420735,0.000000000000037934572650215359266408337703178580341847992121021865339673829094297506996640604,0.00000000000010736398681029170681581433076449416093781797772656618227315996330818765553233921,0.00000000000010249653817014066656471843717831480620507423004955624698301655148289995264419714,0.000000000000038278509672725323818428806890145857798940375267552558741039802291924237164072532,0.0000000000000048674486401510860710330460433776817893942261487049430323453810164146197659211085,0.000000000000037934572650215339182041383134227600703838068123056411614360368775348592691145131,0.00000000000010736398681029171469962331262564410445671402986009457988455245199455209305640713,0.00000000000010249653817014062862859026658226642266731980371138963685220707097813747329048602,0.000000000000038278509672725304220411344573458514646793858708752495739824523495769332528820885
base,32,1/8,raw,u,80,0.0000000000000024337243200755201255479467930896773663718738385049676450717059126438514440710368,0.000000000000018967286325107679633204168851589290170923996060510932669836914547148753498320302,0.000000000000053681993405145853407907165382247080468908988863283091136579981654093827766169607,0.000000000000051248269085070333282359218589157403102537115024778123491508275741449976322098570,0.000000000000019139254836362661909214403445072928899470187633776279370519901145962118582036266,0.0000000000000024337243200755430355165230216888408946971130743524715161726905082073098829605543,0.000000000000018967286325107669591020691567113800351919034061528205807180184387674296345572565,0.000000000000053681993405145857349811656312822052228357014930047289942276225997276046528203563,0.000000000000051248269085070314314295133291133211333659901855694818426103535489068736645243008,0.000000000000019139254836362652110205672286729257323396929354376247869912261747884666264410443
base,32,1/8,raw,u^2,80,0.0000000000000014216051977534302125999767263634709722261551679595630038670104859942066014517091,0.000000000000011089572247491188588627926675853797864427386331227727329431619202400728902499166,0.000000000000033701532394636838799311078309063301031596384737470235449265173052854395172182293,0.000000000000032279927196883408586711101582699830059370229569510672445398162566860188570730584,0.000000000000011244483510101528235097915205410985813720251824181845176221900406223407672368749,0.0000000000000014216051977534428716128924829123273247112515948134583529124382108248658507530029,0.000000000000011089572247491183147729425421322391291667662025049578368745769527501951492805700,0.000000000000033701532394636843176026452451139579227852943551729919117226425929561530062077043,0.000000000000032279927196883400304413559968227251903141691956916460764313987718736664211324040,0.000000000000011244483510101523030861232511641668887691297546586931975207466110333899729198963
base,32,1/8,raw,window,80,0.00000000000000029949778209074368905516436522912941687155528257863970766196608390190663139933049,0.0000000000000023401095579663506373643748552004573260035279870130172189431049614964630424924258,0.0000000000000065466423737743348414615946376293039086094616582813337271097544676425772002521826,0.0000000000000062471445916835911524064302724001744917379063757026940194477883837406705688528521,0.0000000000000023410785789394483240910336588652396321619972752101148463190873644009821554155390,0.00000000000000029949778209075833935167118177255425770959768455021116103109824890019644323383751,0.0000000000000023401095579663472220376689822956487173702292837462498944052827281717033247511704,0.0000000000000065466423737743404505915068227431559593396910427251282785530721497097714823546662,0.0000000000000062471445916835821112398356409706017016300933581749171175219739008095750391208287,0.0000000000000023410785789394449096427350124626470148036444406456769511488353218302694221893334
base,32,1/8,raw,S,120,0.00000000000000243372432007552012554794679308967736637187383850496764507170591264385144407103676773890073057203560031823865099930218714,0.0000000000000189672863251076796332041688515892901709239960605109326698369145471487534983203017917323019126589848817038495463254554623,0.0000000000000536819934051458534079071653822470804689089888632830911365799816540938277661696068837898114541649439927759542750905280761,0.0000000000000512482690850703332823592185891574031025371150247781234915082757414499763220985701160509107235929083924577156240912258890,0.0000000000000191392548363626619092144034450729288994701876337762793705199011459621185820362660915877797355612027823818613578616136224,0.00000000000000243372432007554303551652302168884089469711307435247151617269050820730988296055425634509122725694282048963732598821849537,0.0000000000000189672863251076695910206915671138003519190340615282058071801843876742963455725653918424496209937407990943845506609356259,0.0000000000000536819934051458573498116563128220522283570149300472899422762259972760465282035626713206344647514274970231976541421474335,0.0000000000000512482690850703143142951332911332113336599018556948184261035354890687366452430084149755432374944846765335603281539289381,0.0000000000000191392548363626521102056722867292573233969293543762478699122617478846662644104426017953686696029262265747257340135666585
base,32,1/8,raw,1,120,0.00000000000000486744864015104025109589358617935473274374767700993529014341182528770288814207353547780146114407120063647730199860437427,0.0000000000000379345726502153592664083377031785803418479921210218653396738290942975069966406035834646038253179697634076990926509109246,0.000000000000107363986810291706815814330764494160937817977726566182273159963308187655532339213767579622908329887985551908550181056152,0.000000000000102496538170140666564718437178314806205074230049556246983016551482899952644197140232101821447185816784915431248182451778,0.0000000000000382785096727253238184288068901458577989403752675525587410398022919242371640725321831755594711224055647637227157232272448,0.00000000000000486744864015108607103304604337768178939422614870494303234538101641461976592110851269018245451388564097927465197643699074,0.0000000000000379345726502153391820413831342276007038380681230564116143603687753485926911451307836848992419874815981887691013218712519,0.000000000000107363986810291714699623312625644104456714029860094579884552451994552093056407125342641268929502854994046395308284294867,0.000000000000102496538170140628628590266582266422667319803711389636852207070978137473290486016829951086474988969353067120656307857876,0.0000000000000382785096727253042204113445734585146467938587087524957398245234957693325288208852035907373392058524531494514680271333169
base,32,1/8,raw,u,120,0.00000000000000243372432007552012554794679308967736637187383850496764507170591264385144407103676773890073057203560031823865099930218714,0.0000000000000189672863251076796332041688515892901709239960605109326698369145471487534983203017917323019126589848817038495463254554623,0.0000000000000536819934051458534079071653822470804689089888632830911365799816540938277661696068837898114541649439927759542750905280761,0.0000000000000512482690850703332823592185891574031025371150247781234915082757414499763220985701160509107235929083924577156240912258890,0.0000000000000191392548363626619092144034450729288994701876337762793705199011459621185820362660915877797355612027823818613578616136224,0.00000000000000243372432007554303551652302168884089469711307435247151617269050820730988296055425634509122725694282048963732598821849537,0.0000000000000189672863251076695910206915671138003519190340615282058071801843876742963455725653918424496209937407990943845506609356259,0.0000000000000536819934051458573498116563128220522283570149300472899422762259972760465282035626713206344647514274970231976541421474335,0.0000000000000512482690850703143142951332911332113336599018556948184261035354890687366452430084149755432374944846765335603281539289381,0.0000000000000191392548363626521102056722867292573233969293543762478699122617478846662644104426017953686696029262265747257340135666585
base,32,1/8,raw,u^2,120,0.00000000000000142160519775343021259997672636347097222615516795956300386701048599420660145170910810294666262965222418521652727130200102,0.0000000000000110895722474911885886279266758537978644273863312277273294316192024007289024991661040586537427277862395602904852846208891,0.0000000000000337015323946368387993110783090633010315963847374702354492651730528543951721822926506837593896170848339556997319245920090,0.0000000000000322799271968834085867111015826998300593702295695106724453981625668601885707305835425808127269874326097704832046532900080,0.0000000000000112444835101015282350979152054109858137202518241818451762219004062234076723687486188345171599407437858186869112252866073,0.00000000000000142160519775344287161289248291232732471125159481345835291243821082486585075300286745938093074050910742514018241767456480,0.0000000000000110895722474911831477294254213223912916676620250495783687457695275019514928056996818265641190993068983719262738411496911,0.0000000000000337015323946368431760264524511395792278529435517299191172264259295615300620770425609823250562916714509826236598230186934,0.0000000000000322799271968834003044135599682272519031416919569164607643139877187366642113240396935229441255511623435574834774053441286,0.0000000000000112444835101015230308612325116416688876912975465869319752074661103338997291989626492247021825483394885796691375440834236
base,32,1/8,raw,window,120,0.000000000000000299497782090743689055164365229129416871555282578639707661966083901906631399330488235489441008806393669946189528709330693,0.00000000000000234010955796635063736437485520045732600352798701301721894310496149646304249242575250635998022733511904717770627804526364,0.00000000000000654664237377433484146159463762930390860946165828133372710975446764257720025218260133534126449157709005998028723847318985,0.00000000000000624714459168359115240643027240017449173790637570269401944778838374067056885285211309985182348277069639003409770976385916,0.00000000000000234107857893944832409103365886523963216199727521011484631908736440098215541553896127710484883015261886294393175101523546,0.000000000000000299497782090758339351671181772554257709597684550211161031098248900196443233837508613241569200239656609211010954594338754,0.00000000000000234010955796634722203766898229564871737022928374624989440528272817170332475117039613988227135577598467393974073241575872,0.00000000000000654664237377434045059150682274315595933969104272512827855307214970977148235466620298039821118160025286457701529957090545,0.00000000000000624714459168358211123983564097060170163009335817491711752197390080957503912082869436715664198136059625536600434497656670,0.00000000000000234107857893944490964273501246264701480364444064567695114883532183026942218933336147498292233425247370191528809750750491
base,2,-1/8,normalized,S,80,-0.091389954885563447109226986356121370311500267405327228561859788891440457145982531,0.78158809947823952608823079443605760052784844410575270308898552675248529824982883,2.3931397337312626652361085759037837223095798605561094144837989910175519810430645,2.4845296886168261123453355622599050926210801279614366430456587799089924381890471,2.6844616227949397277800649212396169268414009570713025065783577473299166094684449,-0.091389954885563620141995664600414262643478516037268855825157282565484899404948367,0.78158809947823963672475654027034538978804247318588456907821701884610895524092407,2.3931397337312634274040478259115572594042151115766487076169535627184657056395170,2.4845296886168270475460434905119715220476936276139175634421108452839506050444654,2.6844616227949406458582512486332246385300836098180116170031573466231132551874899
base,2,-1/8,normalized,1,80,-0.18277990977112689421845397271224274062300053481065445712371957778288091429196506,1.5631761989564790521764615888721152010556968882115054061779710535049705964996577,4.7862794674625253304722171518075674446191597211122188289675979820351039620861291,4.9690593772336522246906711245198101852421602559228732860913175598179848763780941,5.3689232455898794555601298424792338536828019141426050131567154946598332189368897,-0.18277990977112724028399132920082852528695703207453771165031456513096979880989673,1.5631761989564792734495130805406907795760849463717691381564340376922179104818481,4.7862794674625268548080956518231145188084302231532974152339071254369314112790340,4.9690593772336540950920869810239430440953872552278351268842216905679012100889307,5.3689232455898812917165024972664492770601672196360232340063146932462265103749798
base,2,-1/8,normalized,u,80,-0.091389954885563447109226986356121370311500267405327228561859788891440457145982531,0.78158809947823952608823079443605760052784844410575270308898552675248529824982883,2.3931397337312626652361085759037837223095798605561094144837989910175519810430645,2.4845296886168261123453355622599050926210801279614366430456587799089924381890471,2.6844616227949397277800649212396169268414009570713025065783577473299166094684449,-0.091389954885563620141995664600414262643478516037268855825157282565484899404948367,0.78158809947823963672475654027034538978804247318588456907821701884610895524092407,2.3931397337312634274040478259115572594042151115766487076169535627184657056395170,2.4845296886168270475460434905119715220476936276139175634421108452839506050444654,2.6844616227949406458582512486332246385300836098180116170031573466231132551874899
base,2,-1/8,normalized,u^2,80,-0.056318573337093507056093830021163698622454070454862781753756929692830688705258324,0.48158419224307581181472032776007413536845537453569852647554546931513780135232488,1.6794025585672935638274546345455557039728728827881844493090204038627597906388579,1.7357211319043870708835484645667194025953269532430472310627773335555904793441162,1.8718931328064733900703713308102466417744333738452738444872318577863379512915131,-0.056318573337093635501490177015162710313589281902098717982050452186258599239092591,0.48158419224307590264135791072337319405696381183453615845640191453391573312363645,1.6794025585672943402707941339906196612828803638317799506116684696358303819644578,1.7357211319043879757722843110057823715964696457338786685937189218220889812035504,1.8718931328064742952901940147031404494323188686297863889520940695971091285136256
base,2,-1/8,normalized,window,80,-0.011467922538314744461483997004564551391757130585809644547924885874611222342474332,0.098068816175752399203704807283900572285668047756507242368104506283624144123556708,0.23999858286284227278245131158028386132231175811242505099978196526527247786155895,0.25146650540115701724393530858484841271406888869823469554770685113988370020403328,0.27247815577285013300797854589038252508830093893347458781003621250907085199808917,-0.011467922538314735701036656181603117097737630562925311398779291136214973189473027,0.098068816175752459608334067265185547478396516318726639114046483001880928213181381,0.23999858286284246105099908582158069518692168281303044898110414398399867365322358,0.25146650540115719675203574200318381228465931337595576037988343512021364684269660,0.27247815577285031692590418618685086584557988561933025209359828431553933316774872
base,2,-1/8,normalized,S,120,-0.0913899548855634471092269863561213703115002674053272285618597888914404571459825311299252867199812577619690887343743885654,0.781588099478239526088230794436057600527848444105752703088985526752485298249828826193879755183460935554227690805244573548,2.39313973373126266523610857590378372230957986055610941448379899101755198104306452983662164707091252986809371948288055886,2.48452968861682611234533556225990509262108012796143664304565877990899243818904706096654693379089378763006280821725494742,2.68446162279493972778006492123961692684140095707130250657835774732991660946844485197020352861343518458820050029262686881,-0.0913899548855636201419956646004142626434785160372688558251572825654848994049483671268302402717188388222836114994372753028,0.781588099478239636724756540270345389788042473185884569078217018846108955240924071077343966860073511367581189471413802811,2.39313973373126342740404782591155725940421511157664870761695356271846570563951699544563777008178772925907504661539667854,2.48452968861682704754604349051197152204769362761391756344211084528395060504446536257246801035350656808135865811483395384,2.68446162279494064585825124863322463853008360981801161700315734662311325518748992138966775522624540158369610107680155253
base,2,-1/8,normalized,1,120,-0.182779909771126894218453972712242740623000534810654457123719577782880914291965062259850573439962515523938177468748777131,1.56317619895647905217646158887211520105569688821150540617797105350497059649965765238775951036692187110845538161048914710,4.78627946746252533047221715180756744461915972111221882896759798203510396208612905967324329414182505973618743896576111771,4.96905937723365222469067112451981018524216025592287328609131755981798487637809412193309386758178757526012561643450989484,5.36892324558987945556012984247923385368280191414260501315671549465983321893688970394040705722687036917640100058525373762,-0.182779909771127240283991329200828525286957032074537711650314565130969798809896734253660480543437677644567222998874550606,1.56317619895647927344951308054069077957608494637176913815643403769221791048184814215468793372014702273516237894282760562,4.78627946746252685480809565182311451880843022315329741523390712543693141127903399089127554016357545851815009323079335708,4.96905937723365409509208698102394304409538725522783512688422169056790121008893072514493602070701313616271731622966790768,5.36892324558988129171650249726644927706016721963602323400631469324622651037497984277933551045249080316739220215360310507
base,2,-1/8,normalized,u,120,-0.0913899548855634471092269863561213703115002674053272285618597888914404571459825311299252867199812577619690887343743885654,0.781588099478239526088230794436057600527848444105752703088985526752485298249828826193879755183460935554227690805244573548,2.39313973373126266523610857590378372230957986055610941448379899101755198104306452983662164707091252986809371948288055886,2.48452968861682611234533556225990509262108012796143664304565877990899243818904706096654693379089378763006280821725494742,2.68446162279493972778006492123961692684140095707130250657835774732991660946844485197020352861343518458820050029262686881,-0.0913899548855636201419956646004142626434785160372688558251572825654848994049483671268302402717188388222836114994372753028,0.781588099478239636724756540270345389788042473185884569078217018846108955240924071077343966860073511367581189471413802811,2.39313973373126342740404782591155725940421511157664870761695356271846570563951699544563777008178772925907504661539667854,2.48452968861682704754604349051197152204769362761391756344211084528395060504446536257246801035350656808135865811483395384,2.68446162279494064585825124863322463853008360981801161700315734662311325518748992138966775522624540158369610107680155253
base,2,-1/8,normalized,u^2,120,-0.0563185733370935070560938300211636986224540704548627817537569296928306887052583244214978999409244050836954943682335609347,0.481584192243075811814720327760074135368455374535698526475545469315137801352324883256393866457723689084544254436720340914,1.67940255856729356382745463454555570397287288278818444930902040386275979063885790867677783641714438644454362650304934435,1.73572113190438707088354846456671940259532695324304723106277733355559047934411623309827573635806879152823912087128290528,1.87189313280647339007037133081024664177443337384527384448723185778633795129151307544160368523672518648196934649854039993,-0.0563185733370936355014901770151627103135892819020987179820504521862585992390925908346874453153898060836084891551618287924,0.481584192243075902641357910723373194056963811834536158456401914533915733123636455008508561627750565056261806298987164342,1.67940255856729434027079413399061966128288036383177995061166846963583038196445785904126012077162409388814366865819056354,1.73572113190438797577228431100578237159646964573387866859371892182208898120355044987594756608701389997175215781335239233,1.87189313280647429529019401470314044943231886862978638895209406959710912851362564908241877335480085217314621673959865657
base,2,-1/8,normalized,window,120,-0.0114679225383147444614839970045645513917571305858096445479248858746112223424743321421181206481717777684459337592750691441,0.0980688161757523992037048072839005722856680477565072423681045062836241441235567080903236502412089865667783639086045259550,0.239998582862842272782451311580283861322311758112425050999781965265272477861558946023166807004867645031650062619918035474,0.251466505401157017243935308584848412714068888698234695547706851139883700204033278165284927653039422800095996379193104618,0.272478155772850133007978545890382525088300938933474587810036212509070851998089169207993429685333946585207892128318117058,-0.0114679225383147357010366561816031170977376305629253113987792911362149731894730270120153542664294666764238704257232894486,0.0980688161757524596083340672651855474783965163187266391140464830018809282131813807042392753624793517336745245063302257346,0.239998582862842461050999085821580695186921682813030448981104143983998673653223577204831116535073155360944733904450406537,0.251466505401157196752035742003183812284659313375955760379883435120213646842696604216846470801502622037368604330173695985,0.272478155772850316925904186186850865845579885619330252093598284315539333167748718833283927708495624417138166650050215001
base,2,0,normalized,S,80,0.00000000000000015802343755912874700745868138890247457356966031336180297306047587712090032059395,0.68326318778550444331748207866801339056619293944942788473718974868389793563712693,2.2804630238945278928164661231369046912870826568850399662865088706100709466129238,2.2804630238945277347930285640081576838284012679825653927168485572482679735524479,2.3912814578801490311779151028886736059730097769806692151351401380353032581003265,0.0,0.68326318778550453335137653407422090525943865100262243341767597621252406446153026,2.2804630238945285996821145509346112096832719496018597605398603091746335882114485,2.2804630238945285996821145509346112096832719496018597605398603091746335882114485,2.3912814578801498432502035465417961864969280368974239115848838305538175586110655
base,2,0,normalized,1,80,0.00000000000000031604687511825749401491736277780494914713932062672360594612095175424180064118791,1.3665263755710088866349641573360267811323858788988557694743794973677958712742539,4.5609260477890557856329322462738093825741653137700799325730177412201418932258476,4.5609260477890554695860571280163153676568025359651307854336971144965359471048958,4.7825629157602980623558302057773472119460195539613384302702802760706065162006530,0.0,1.3665263755710090667027530681484418105188773020052448668353519524250481289230605,4.5609260477890571993642291018692224193665438992037195210797206183492671764228970,4.5609260477890571993642291018692224193665438992037195210797206183492671764228970,4.7825629157602996865004070930835923729938560737948478231697676611076351172221309
base,2,0,normalized,u,80,0.00000000000000015802343755912874700745868138890247457356966031336180297306047587712090032059395,0.68326318778550444331748207866801339056619293944942788473718974868389793563712693,2.2804630238945278928164661231369046912870826568850399662865088706100709466129238,2.2804630238945277347930285640081576838284012679825653927168485572482679735524479,2.3912814578801490311779151028886736059730097769806692151351401380353032581003265,0.0,0.68326318778550453335137653407422090525943865100262243341767597621252406446153026,2.2804630238945285996821145509346112096832719496018597605398603091746335882114485,2.2804630238945285996821145509346112096832719496018597605398603091746335882114485,2.3912814578801498432502035465417961864969280368974239115848838305538175586110655
base,2,0,normalized,u^2,80,0.00000000000000011461320148963347722907894360877062992918419859399852192167017372328026778488970,0.42113708629841645994361841748049701321328079836014785124661636019363090043111026,1.5971998361090233430621434076722372072341463841756159706800882803503065694859587,1.5971998361090232284489419180387599781552027754049860414958896863517846478157849,1.6653632972397184830197423824706543993524295856231525837278852252033307050708343,0.0,0.42113708629841653648083348559195088082100949144413371332178696812137929124708420,1.5971998361090240663307380168603903044238332985992373271221843329621095237499183,1.5971998361090240663307380168603903044238332985992373271221843329621095237499183,1.6653632972397192890469792232487035862493260913291030363627043644737804341056818
base,2,0,normalized,window,80,0.0000000000000000066351394790043871630813432898693600636331111363126731587665606242411416612891676,0.085746313194273541335325408053701725984519943602208757282325584237043000791498391,0.22963033123432307105692607562190231045700645443107460236498626899178959986626864,0.22963033123432306442178659661751514737566316456171453873187513267911644109970802,0.24352473826918558712614481821314932083442827442538677391389365772761801617482133,0.0,0.085746313194273615049190362808210805103512966966920398355398897234551988726086721,0.22963033123432325976331919368885017201804635233719817859427922302562788576898613,0.22963033123432325976331919368885017201804635233719817859427922302562788576898613,0.24352473826918578707348789548370264000049659472047999975348203813222967712251640
base,2,0,normalized,S,120,0.000000000000000158023437559128747007458681388902474573569660313361802973060475877120900320593953227289716163992721900370308791341258721,0.683263187785504443317482078668013390566192939449427884737189748683897935637126927913457208632362009021570523423281264053,2.28046302389452789281646612313690469128708265688503996628650887061007094661292379776082803933700544075833169052638055830,2.28046302389452773479302856400815768382840126798256539271684855724826797355244792063992771874305221346861552653365865793,2.39128145788014903117791510288867360597300977698066921513514013803530325810032650588995373716030520853806128121330153200,0.0,0.683263187785504533351376534074220905259438651002622433417675976212524064461530259417426141686895959383809966924277289694,2.28046302389452859968211455093461120968327194960185976053986030917463358821144852817496509117141918775360312794408593345,2.28046302389452859968211455093461120968327194960185976053986030917463358821144852817496509117141918775360312794408593345,2.39128145788014984325020354654179618649692803689742391158488383055381755861106547780482434528502754184002255505439875467
base,2,0,normalized,1,120,0.000000000000000316046875118257494014917362777804949147139320626723605946120951754241800641187906454579432327985443800740617582682517442,1.36652637557100888663496415733602678113238587889885576947437949736779587127425385582691441726472401804314104684656252811,4.56092604778905578563293224627380938257416531377007993257301774122014189322584759552165607867401088151666338105276111660,4.56092604778905546958605712801631536765680253596513078543369711449653594710489584127985543748610442693723105306731731586,4.78256291576029806235583020577734721194601955396133843027028027607060651620065301177990747432061041707612256242660306400,0.0,1.36652637557100906670275306814844181051887730200524486683535195242504812892306051883485228337379191876761993384855457939,4.56092604778905719936422910186922241936654389920371952107972061834926717642289705634993018234283837550720625588817186690,4.56092604778905719936422910186922241936654389920371952107972061834926717642289705634993018234283837550720625588817186690,4.78256291576029968650040709308359237299385607379484782316976766110763511722213095560964869057005508368004511010879750933
base,2,0,normalized,u,120,0.000000000000000158023437559128747007458681388902474573569660313361802973060475877120900320593953227289716163992721900370308791341258721,0.683263187785504443317482078668013390566192939449427884737189748683897935637126927913457208632362009021570523423281264053,2.28046302389452789281646612313690469128708265688503996628650887061007094661292379776082803933700544075833169052638055830,2.28046302389452773479302856400815768382840126798256539271684855724826797355244792063992771874305221346861552653365865793,2.39128145788014903117791510288867360597300977698066921513514013803530325810032650588995373716030520853806128121330153200,0.0,0.683263187785504533351376534074220905259438651002622433417675976212524064461530259417426141686895959383809966924277289694,2.28046302389452859968211455093461120968327194960185976053986030917463358821144852817496509117141918775360312794408593345,2.28046302389452859968211455093461120968327194960185976053986030917463358821144852817496509117141918775360312794408593345,2.39128145788014984325020354654179618649692803689742391158488383055381755861106547780482434528502754184002255505439875467
base,2,0,normalized,u^2,120,0.000000000000000114613201489633477229078943608770629929184198593998521921670173723280267784889697675261317299488456432277264267999662305,0.421137086298416459943618417480497013213280798360147851246616360193630900431110255505735163371925741853458835177106935475,1.59719983610902334306214340767223720723414638417561597068008828035030656948595866794280629825910864403372833205130855244,1.59719983610902322844894191803875997815520277540498604149588968635178464781578494466253851336941096877241103256285212017,1.66536329723971848301974238247065439935242958562315258372788522520333070507083430937209196514949877206769221500710294504,0.0,0.421137086298416536480833485591950880821009491444133713321786968121379291247084200285855918515450997183497091382115778759,1.59719983610902406633073801686039030442383329859923732712218433296210952374991826875753894948452322836979316101980864375,1.59719983610902406633073801686039030442383329859923732712218433296210952374991826875753894948452322836979316101980864375,1.66536329723971928904697922324870358624932609132910303636270436447378043410568184988569178330271261432092546116308923285
base,2,0,normalized,window,120,0.00000000000000000663513947900438716308134328986936006363311113631267315876656062424114166128916755684063233300087233031781012319024390553,0.0857463131942735413353254080537017259845199436022087572823255842370430007914983906863003620774231705174438602194633973286,0.229630331234323071056926075621902310457006454431074602364986268991789599866268642422163329071049594724094793891281486265,0.229630331234323064421786596617515147375663164561714538731875132679116441099708018181021667781882037883462460890409155947,0.243524738269185587126144818213149320834428274425386773913893657727618016174821326544838036390788022448993605983282962674,0.0,0.0857463131942736150491903628082108051035129669669203983553988972345519887260867207384316951599772216746352739662784330092,0.229630331234323259763319193688850172018046352337198178594279223025627885768986133141026333976633176209381499379784472747,0.229630331234323259763319193688850172018046352337198178594279223025627885768986133141026333976633176209381499379784472747,0.243524738269185787073487895483702640000496594720479999753482038132229677122516395065681201313248255577665505583581945129
base,2,1/8,normalized,S,80,0.080018944685022703547265517001280935029716833663637185525086223390953025958930886,0.59919429413555698460870996490772783237258949806678128749241049199073402284354579,2.1790488682348877275130273037959592396330560831457910250446662494131396490940276,2.0990299235498650239657617867946783046033392494821538395195800260221866231350967,2.1406634421308347708369899936105875625704091137765167212311844848180896903046595,0.080018944685022585430489946196766637603087695466036412068881195899305884982855542,0.59919429413555704460157375764740114789936647740247539714671854173781657777342276,2.1790488682348883659359330718197399975923825058310825452305800355292145494472740,2.0990299235498657805054431256229733599892948103650461331616988396299086644644185,2.1406634421308354484897730625097173788400494971353456643568644968774086558075041
base,2,1/8,normalized,1,80,0.16003788937004540709453103400256187005943366732727437105017244678190605191786177,1.1983885882711139692174199298154556647451789961335625749848209839814680456870916,4.3580977364697754550260546075919184792661121662915820500893324988262792981880552,4.1980598470997300479315235735893566092066784989643076790391600520443732462701934,4.2813268842616695416739799872211751251408182275530334424623689696361793806093190,0.16003788937004517086097989239353327520617539093207282413776239179861176996571108,1.1983885882711140892031475152948022957987329548049507942934370834756331555468455,4.3580977364697767318718661436394799951847650116621650904611600710584290988945480,4.1980598470997315610108862512459467199785896207300922663233976792598173289288370,4.2813268842616708969795461250194347576800989942706913287137289937548173116150082
base,2,1/8,normalized,u,80,0.080018944685022703547265517001280935029716833663637185525086223390953025958930886,0.59919429413555698460870996490772783237258949806678128749241049199073402284354579,2.1790488682348877275130273037959592396330560831457910250446662494131396490940276,2.0990299235498650239657617867946783046033392494821538395195800260221866231350967,2.1406634421308347708369899936105875625704091137765167212311844848180896903046595,0.080018944685022585430489946196766637603087695466036412068881195899305884982855542,0.59919429413555704460157375764740114789936647740247539714671854173781657777342276,2.1790488682348883659359330718197399975923825058310825452305800355292145494472740,2.0990299235498657805054431256229733599892948103650461331616988396299086644644185,2.1406634421308354484897730625097173788400494971353456643568644968774086558075041
base,2,1/8,normalized,u^2,80,0.049333767958600069187356752544984916329819197238568777083053874266342897992751521,0.36953764783372833318512454110727026320156334177733184979285506724596761162029614,1.5234207121582260935888636245424118416133621766487457791488763124734985336640191,1.4740869441996260244015068719974269252835429794101770020658224382071556356712676,1.4894965542429076952146387011584810930232525257028595061696986549813657172190674,0.049333767958599978407268187427995533225706632728870177062055976109668285865221911,0.36953764783372839034146487992368698934706328292497379860496038725962561874574940,1.5234207121582267583263147196924864183366118915117979396846385094863838987268524,1.4740869441996267799190465322644908851109052587829277626225825333767156128616305,1.4894965542429083845345808164873107059470270674754354058447978406837390682372480
base,2,1/8,normalized,window,80,0.010043154598251362402352139391629903151283416690986522066455453128447306178555882,0.075214532954897885342356176311140400677474349292130647182147308162731185777445692,0.22023036081440076151183245563753650153612112372679749826291656651608188107651385,0.21018720621614939910948031624590659838483770703581097619646111338763457489795797,0.21856942277352698352858861959246844423762129983405043342048944082712358736100987,0.010043154598251372101502021520863289236042174985560922855604782174126921138359790,0.075214532954897939199426375808897186576439390368404729963398291848749788656326607,0.22023036081440092714598308756072988787932542075210792884100948654176885528734044,0.21018720621614955504448106603986659864328324576654700598540470436764193414898065,0.21856942277352713111160792369180477379469984112171658940659939201925633660485813
base,2,1/8,normalized,S,120,0.0800189446850227035472655170012809350297168336636371855250862233909530259589308855089895283440036403317871406578215687906,0.599194294135556984608709964907727832372589498066781287492410491990734022843545788925431690394787335554063275328506317695,2.17904886823488772751302730379595923963305608314579102504466624941313964909402759677292547813839303320353546396654322346,2.09902992354986502396576178679467830460333924948215383951958002602218662313509671126393594979438939287174832330872165466,2.14066344213083477083698999361058756257040911377651672123118448481808969030465948075219467511298131209780715076590479449,0.0800189446850225854304899461967666376030876954660364120688811958993058849828555417277874803712926638669371267383054050752,0.599194294135557044601573757647401147899366477402475397146718541737816577773422760311799463294300317218622183463841884112,2.17904886823488836593593307181973999759238250583108254523058003552921454944727402921515657293440724219955729089433184347,2.09902992354986578050544312562297335998929481036504613316169883962990866446441848748736909256311457833262016415602643839,2.14066344213083544848977306250971737884004949713534566435686449687740865580750408692061686920685404588325536243205998362
base,2,1/8,normalized,1,120,0.160037889370045407094531034002561870059433667327274371050172446781906051917861771017979056688007280663574281315643137581,1.19838858827111396921741992981545566474517899613356257498482098398146804568709157785086338078957467110812655065701263539,4.35809773646977545502605460759191847926611216629158205008933249882627929818805519354585095627678606640707092793308644691,4.19805984709973004793152357358935660920667849896430767903916005204437324627019342252787189958877878574349664661744330933,4.28132688426166954167397998722117512514081822755303344246236896963617938060931896150438935022596262419561430153180958897,0.160037889370045170860979892393533275206175390932072824137762391798611769965711083455574960742585327733874253476610810150,1.19838858827111408920314751529480229579873295480495079429343708347563315554684552062359892658860063443724436692768376822,4.35809773646977673187186614363947999518476501166216509046116007105842909889454805843031314586881448439911458178866368693,4.19805984709973156101088625124594671997858962073009226632339767925981732892883697497473818512622915666524032831205287678,4.28132688426167089697954612501943475768009899427069132871372899375481731161500817384123373841370809176651072486411996723
base,2,1/8,normalized,u,120,0.0800189446850227035472655170012809350297168336636371855250862233909530259589308855089895283440036403317871406578215687906,0.599194294135556984608709964907727832372589498066781287492410491990734022843545788925431690394787335554063275328506317695,2.17904886823488772751302730379595923963305608314579102504466624941313964909402759677292547813839303320353546396654322346,2.09902992354986502396576178679467830460333924948215383951958002602218662313509671126393594979438939287174832330872165466,2.14066344213083477083698999361058756257040911377651672123118448481808969030465948075219467511298131209780715076590479449,0.0800189446850225854304899461967666376030876954660364120688811958993058849828555417277874803712926638669371267383054050752,0.599194294135557044601573757647401147899366477402475397146718541737816577773422760311799463294300317218622183463841884112,2.17904886823488836593593307181973999759238250583108254523058003552921454944727402921515657293440724219955729089433184347,2.09902992354986578050544312562297335998929481036504613316169883962990866446441848748736909256311457833262016415602643839,2.14066344213083544848977306250971737884004949713534566435686449687740865580750408692061686920685404588325536243205998362
base,2,1/8,normalized,u^2,120,0.0493337679586000691873567525449849163298191972385687770830538742663428979927515210812471792499086174551828607651172644623,0.369537647833728333185124541107270263201563341777331849792855067245967611620296138410117289975229767619211143643412921060,1.52342071215822609358886362454241184161336217664874577914887631247349853366401913420759762206850781727704000146643810847,1.47408694419962602440150687199742692528354297941017700206582243820715563567126761312635044281859919982185714070132084401,1.48949655424290769521463870115848109302325252570285950616969865498136571721906739877748128085806870432540578549118546684,0.0493337679585999784072681874279955332257066327288701770620559761096682858652219112716745740383872799556932311685064743512,0.369537647833728390341464879923686989347063282924973798604960387259625618745749396628487685440503659779200238538332444545,1.52342071215822675832631471969248641833661189151179793968463850948638389872685237605380110061060383894859883325844938736,1.47408694419962677991904653226449088511090525878292776262258253337671561286163046478212652657221655899290560208994291301,1.48949655424290838453458081648731070594702706747543540584479784068373906823724801585470095592198545312022205457261675105
base,2,1/8,normalized,window,120,0.0100431545982513624023521393916299031512834166909865220664554531284473061785558818267852375125158357872920309853093441362,0.0752145329548978853423561763111404006774743492921306471821473081627311857774456918178016089875611069205669651699131832953,0.220230360814400761511832455637536501536121123726797498262916566516081881076513850381646436189834445564575676227771609322,0.210187206216149399109480316245906598384837707035810976196461113387634574897957968554861198677318609777283645242462265186,0.218569422773526983528588619592468444237621299834050433420489440827123587361009873288930804267240133469345427569067360620,0.0100431545982513721015020215208632892360421749855609228556047821741269211383597902244354331221253460748981565190313758903,0.0752145329548979391994263758088971865764393903684047299633982918487497886563266065280398198601950215094663208069634419190,0.220230360814400927145983087560729887879325420752107928841009486541768855287340436323274763789287994400338225411684385743,0.210187206216149555044481066039866598643283245766547005985404704367641934148980646098839330667162648325440068892653009852,0.218569422773527131111607923691804773794699841121716589406599392019256336604858129687438949644371568202879465272500387907
base,8,-1/8,normalized,S,80,-0.000078751328306826690646214289334353741672176908888554818189879312359083457768954111,0.00064812274711879004704836932842887812255345470064321144826027263768825148099086335,0.0018603985867101070584440460111730392195985191210040369478917948938430849016403136,0.0019391499150169337490902603005073929612706960298925917660816742062021683594092677,0.00081080544823695553404856975365236208294576626933009492221773054706172261032109429,-0.000078751328306826655579899698509767782543522639812720347379168063508588646570203875,0.00064812274711879001895388001630100114537552001403480142571920790083556789874542768,0.0018603985867101075089771929550716707759435767007781106167383628328022078481012717,0.0019391499150169341645570926535814385584870993405908309641175308963107964946714756,0.00081080544823695561329270907694321621194311783098931067305625229878228783397270922
base,8,-1/8,normalized,1,80,-0.00015750265661365338129242857866870748334435381777710963637975862471816691553790822,0.0012962454942375800940967386568577562451069094012864228965205452753765029619817267,0.0037207971734202141168880920223460784391970382420080738957835897876861698032806272,0.0038782998300338674981805206010147859225413920597851835321633484124043367188185354,0.0016216108964739110680971395073047241658915325386601898444354610941234452206421886,-0.00015750265661365331115979939701953556508704527962544069475833612701717729314040775,0.0012962454942375800379077600326020022907510400280696028514384158016711357974908554,0.0037207971734202150179543859101433415518871534015562212334767256656044156962025435,0.0038782998300338683291141853071628771169741986811816619282350617926215929893429512,0.0016216108964739112265854181538864324238862356619786213461125045975645756679454184
base,8,-1/8,normalized,u,80,-0.000078751328306826690646214289334353741672176908888554818189879312359083457768954111,0.00064812274711879004704836932842887812255345470064321144826027263768825148099086335,0.0018603985867101070584440460111730392195985191210040369478917948938430849016403136,0.0019391499150169337490902603005073929612706960298925917660816742062021683594092677,0.00081080544823695553404856975365236208294576626933009492221773054706172261032109429,-0.000078751328306826655579899698509767782543522639812720347379168063508588646570203875,0.00064812274711879001895388001630100114537552001403480142571920790083556789874542768,0.0018603985867101075089771929550716707759435767007781106167383628328022078481012717,0.0019391499150169341645570926535814385584870993405908309641175308963107964946714756,0.00081080544823695561329270907694321621194311783098931067305625229878228783397270922
base,8,-1/8,normalized,u^2,80,-0.000047225008750513143866748272055142855623167479065576107662162251382099312253205852,0.00038838884234967227695971503811617152845712573233480753317553003926721776330314512,0.0012460101970756484422719659561641256850283927179098735733173399473911840332170602,0.0012932352058261615861387142282192685406515601969754496809795021987732833454702661,0.00051643357095112331760633102395154082946691976181391021342747311049641147040349026,-0.000047225008750513146083642360288156848454517570517515754960054625469992820780508879,0.00038838884234967227506047973021686662666271716730481479071561537576217093606694349,0.0012460101970756488880964601214408333089074612402942941665720926503727236319298836,0.0012932352058261620341801024817289901573619788108118099215321472758427164527103925,0.00051643357095112342120428027941501108289636093208815392590038332691284979729537079
base,8,-1/8,normalized,window,80,-0.0000096763617940726948581063239756773152287605278466701994343892131549188179961188163,0.000079537862921077899668597344368092453411323038480353012830677483336352105251578191,0.00020214774656659735707658174231675851311933188564310511660813748115753351745040571,0.00021182410836067005193468806629243582834809241348977531604252669431245233544652452,0.000092035480513917046999372717203565218127821293542033469030524118109437385890326434,-0.0000096763617940726148875650562709966045458647023171538919000809445153380446450921300,0.000079537862921077930605186777535302967683205082903848059425161907549060549456417767,0.00020214774656659753480264810827791553079800940159981501242075043496155016192855737,0.00021182410836067014969021316454891213534387410391696890432083137947688820657364950,0.000092035480513917088464315578878066861930283094625803534712749006595195364101768741
base,8,-1/8,normalized,S,120,-0.0000787513283068266906462142893343537416721769088885548181898793123590834577689541107575494243599560117536747041903413903602,0.000648122747118790047048369328428878122553454700643211448260272637688251480990863352658968758219930993172610409795111871959,0.00186039858671010705844404601117303921959851912100403694789179489384308490164031357782506700073584116131470684119394769066,0.00193914991501693374909026030050739296127069602989259176608167420620216835940926768858261642509579717306838154538428908102,0.000810805448236955534048569753652362082945766269330094922217730547061722610321094286632925208630267257636464921533173788277,-0.0000787513283068266555798996985097677825435226398127203473791680635085886465702038751304745416366923537555500113719476954865,0.000648122747118790018953880016301001145375520014034801425719207900835567898745427683114295846615688170064248356937441243539,0.00186039858671010750897719295507167077594357670077811061673836283280220784810127174738822859272794821422030158138325727559,0.00193914991501693416455709265358143855848709934059083096411753089631079649467147562251870313436464056797585159275520497108,0.000810805448236955613292709076943216211943117830989310673056252298782287833972709216860778392958673452639667891018778300525
base,8,-1/8,normalized,1,120,-0.000157502656613653381292428578668707483344353817777109636379758624718166915537908221515098848719912023507349408380682780720,0.00129624549423758009409673865685775624510690940128642289652054527537650296198172670531793751643986198634522081959022374392,0.00372079717342021411688809202234607843919703824200807389578358978768616980328062715565013400147168232262941368238789538132,0.00387829983003386749818052060101478592254139205978518353216334841240433671881853537716523285019159434613676309076857816204,0.00162161089647391106809713950730472416589153253866018984443546109412344522064218857326585041726053451527292984306634757655,-0.000157502656613653311159799397019535565087045279625440694758336127017177293140407750260949083273384707511100022743895390973,0.00129624549423758003790776003260200229075104002806960285143841580167113579749085536622859169323137634012849671387488248708,0.00372079717342021501795438591014334155188715340155622123347672566560441569620254349477645718545589642844060316276651455119,0.00387829983003386832911418530716287711697419868118166192823506179262159298934295124503740626872928113595170318551040994216,0.00162161089647391122658541815388643242388623566197862134611250459756457566794541843372155678591734690527933578203755660105
base,8,-1/8,normalized,u,120,-0.0000787513283068266906462142893343537416721769088885548181898793123590834577689541107575494243599560117536747041903413903602,0.000648122747118790047048369328428878122553454700643211448260272637688251480990863352658968758219930993172610409795111871959,0.00186039858671010705844404601117303921959851912100403694789179489384308490164031357782506700073584116131470684119394769066,0.00193914991501693374909026030050739296127069602989259176608167420620216835940926768858261642509579717306838154538428908102,0.000810805448236955534048569753652362082945766269330094922217730547061722610321094286632925208630267257636464921533173788277,-0.0000787513283068266555798996985097677825435226398127203473791680635085886465702038751304745416366923537555500113719476954865,0.000648122747118790018953880016301001145375520014034801425719207900835567898745427683114295846615688170064248356937441243539,0.00186039858671010750897719295507167077594357670077811061673836283280220784810127174738822859272794821422030158138325727559,0.00193914991501693416455709265358143855848709934059083096411753089631079649467147562251870313436464056797585159275520497108,0.000810805448236955613292709076943216211943117830989310673056252298782287833972709216860778392958673452639667891018778300525
base,8,-1/8,normalized,u^2,120,-0.0000472250087505131438667482720551428556231674790655761076621622513820993122532058518318073862594025899924760297649887172128,0.000388388842349672276959715038116171528457125732334807533175530039267217763303145120120671295077566915818073430755610879297,0.00124601019707564844227196595616412568502839271790987357331733994739118403321706024235708794188271767935881743258573988165,0.00129323520582616158613871422821926854065156019697544968097950219877328334547026609418889532814212026935129346235072859886,0.000516433570951123317606331023951540829466919761813910213427473110496411470403490256519605182414523079632157790288413426692,-0.0000472250087505131460836423602881568484545175705175157549600546254699928207805088791744405681439530364417245075593404884788,0.000388388842349672275060479730216866626662717167304814790715615375762170936066943486757546120583136208044354697657216543157,0.00124601019707564888809646012144083330890746124029429416657209265037272363192988364146040481117197438478258971792409846622,0.00129323520582616203418010248172899015736197881081180992153214727584271645271039252063484537931592742122431422548343895470,0.000516433570951123421204280279415011082896360932088153925900383326912849797295370787229332754744875275789669121247950492930
base,8,-1/8,normalized,window,120,-0.00000967636179407269485810632397567731522876052784667019943438921315491881799611881629641490085576437383316156262752458421328,0.0000795378629210778996685973443680924534113230384803530128306774833363521052515781906723185235109581320057885489070465484498,0.000202147746566597357076581742316758513119331885643105116608137481157533517450405707535172779846843947451075116789623882350,0.000211824108360670051934688066292435828348092413489775316042526694312452335446524523831587680702608321284236679417148466563,0.0000920354805139170469993727172035652181278212935420334690305241181094373858903264342778278750851777876382528703022085345823,-0.00000967636179407261488756505627099660454586470231715389190008094451533804464509212998631199045745087285113902897128382534960,0.0000795378629210779306051867775353029676832050829038480594251619075490605494564177671596877708946395398164952970646719548363,0.000202147746566597534802648108277915530798009401599815012420750434961550161928557371738123039944465457720026355222246206749,0.000211824108360670149690213164548912135343874103916968904320831379476888206573649501724435030401916330571165384193530032099,0.0000920354805139170884643155788780668619302830946258035347127490065951953641017687409525872796442546547691043570584152941118
base,8,0,normalized,S,80,0.000000000000000000031619686675363712486489860792027203512189830548899332815481353980181501149038744,0.00061225664337285066503935520088692555042773833793468939215692271682784834666503700,0.0018503853226358063911783491372856591918553284495610240085861522955126504607028871,0.0018503853226358063595586624619219467053654676575338204963963217466133176452215331,0.00077003250280749591231747851765082554239479546820467270097566866619664880548313220,0.0,0.00061225664337285068382122981544577508948738910193104103811789510972385344575714246,0.0018503853226358068317365271209941052350051892566130067943781846015664540696938631,0.0018503853226358068317365271209941052350051892566130067943781846015664540696938631,0.00077003250280749603365065857142170255033321581190731663409722617610733448123607558
base,8,0,normalized,1,80,0.000000000000000000063239373350727424972979721584054407024379661097798665630962707960363002298077488,0.0012245132867457013300787104017738511008554766758693787843138454336556966933300740,0.0037007706452716127823566982745713183837106568991220480171723045910253009214057742,0.0037007706452716127191173249238438934107309353150676409927926434932266352904430663,0.0015400650056149918246349570353016510847895909364093454019513373323932976109662644,0.0,0.0012245132867457013676424596308915501789747782038620820762357902194477068915142849,0.0037007706452716136634730542419882104700103785132260135887563692031329081393877261,0.0037007706452716136634730542419882104700103785132260135887563692031329081393877261,0.0015400650056149920673013171428434051006664316238146332681944523522146689624721512
base,8,0,normalized,u,80,0.000000000000000000031619686675363712486489860792027203512189830548899332815481353980181501149038744,0.00061225664337285066503935520088692555042773833793468939215692271682784834666503700,0.0018503853226358063911783491372856591918553284495610240085861522955126504607028871,0.0018503853226358063595586624619219467053654676575338204963963217466133176452215331,0.00077003250280749591231747851765082554239479546820467270097566866619664880548313220,0.0,0.00061225664337285068382122981544577508948738910193104103811789510972385344575714246,0.0018503853226358068317365271209941052350051892566130067943781846015664540696938631,0.0018503853226358068317365271209941052350051892566130067943781846015664540696938631,0.00077003250280749603365065857142170255033321581190731663409722617610733448123607558
base,8,0,normalized,u^2,80,0.000000000000000000035890489255470991283843875700606020744773870564792747239697740181781812794086826,0.00036741758521123560602192891405703788369787621127588643714629303581321738720880908,0.0012381286792629557114635430999213221643538505128215645609862386377098595294877264,0.0012381286792629556755730538444503308805099748122155438162123680729171122897899862,0.00049160868078794681957949169127522037793439932494606927984939501036714043917342373,0.0,0.00036741758521123562893257453704088286267653278778911805060131384660017076168218778,0.0012381286792629561479152973055483301455178001546819657562602894918426006239367206,0.0012381286792629561479152973055483301455178001546819657562602894918426006239367206,0.00049160868078794694311610812835296255702937793753697967837723719499235889400256773
base,8,0,normalized,window,80,-0.000000000000000000063072084752869397580626271967806863819127133847425908881727618666488737937907216,0.000075323705318369043549701588852440560419165911924464959862866409571771080469543033,0.00020137858112825095573995508642319848070685766813918402779842796755037419730729544,0.00020137858112825101881203983929259606133312963594604784692556181497628307903491411,0.000087441755328565503236451375558130684779262137740365207590483910669372484901155904,0.0,0.000075323705318369084085468281983351179929812057387505804087944797739212318422045313,0.00020137858112825113115807225148595686422126329616783817951949797766287372599987089,0.00020137858112825113115807225148595686422126329616783817951949797766287372599987089,0.000087441755328565553837024964255481100149725061146635641871155277512902578912617451
base,8,0,normalized,S,120,0.0000000000000000000316196866753637124864898607920272035121898305488993328154813539801815011490387441102410372190174542430354997054394583878,0.000612256643372850665039355200886925550427738337934689392156922716827848346665037002803327054520988204391651869797259247002,0.00185038532263580639117834913728565919185532844956102400858615229551265046070288711852170064788778752964942995715192289065,0.00185038532263580635955866246192194670536546765753382049639632174661331764522153313834019949884904341940839273813446864762,0.000770032502807495912317478517650825542394795468204672700975668666196648805483132203493358595399918095565353000705975629065,0.0,0.000612256643372850683821229815445775089487389101931041038117895109723853445757142458479123606080715682064695514364158593809,0.00185038532263580683173652712099410523500518925661300679437818460156645406969386305798126938596460238197544074995991494811,0.00185038532263580683173652712099410523500518925661300679437818460156645406969386305798126938596460238197544074995991494811,0.000770032502807496033650658571421702550333215811907316634097226176107334481236075584571718631546290062756534326983299735074
base,8,0,normalized,1,120,0.0000000000000000000632393733507274249729797215840544070243796610977986656309627079603630022980774882204820744380349084860709994108789167757,0.00122451328674570133007871040177385110085547667586937878431384543365569669333007400560665410904197640878330373959451849400,0.00370077064527161278235669827457131838371065689912204801717230459102530092140577423704340129577557505929885991430384578130,0.00370077064527161271911732492384389341073093531506764099279264349322663529044306627668039899769808683881678547626893729523,0.00154006500561499182463495703530165108478959093640934540195133733239329761096626440698671719079983619113070600141195125813,0.0,0.00122451328674570136764245963089155017897477820386208207623579021944770689151428491695824721216143136412939102872831718762,0.00370077064527161366347305424198821047001037851322601358875636920313290813938772611596253877192920476395088149991982989622,0.00370077064527161366347305424198821047001037851322601358875636920313290813938772611596253877192920476395088149991982989622,0.00154006500561499206730131714284340510066643162381463326819445235221466896247215116914343726309258012551306865396659947015
base,8,0,normalized,u,120,0.0000000000000000000316196866753637124864898607920272035121898305488993328154813539801815011490387441102410372190174542430354997054394583878,0.000612256643372850665039355200886925550427738337934689392156922716827848346665037002803327054520988204391651869797259247002,0.00185038532263580639117834913728565919185532844956102400858615229551265046070288711852170064788778752964942995715192289065,0.00185038532263580635955866246192194670536546765753382049639632174661331764522153313834019949884904341940839273813446864762,0.000770032502807495912317478517650825542394795468204672700975668666196648805483132203493358595399918095565353000705975629065,0.0,0.000612256643372850683821229815445775089487389101931041038117895109723853445757142458479123606080715682064695514364158593809,0.00185038532263580683173652712099410523500518925661300679437818460156645406969386305798126938596460238197544074995991494811,0.00185038532263580683173652712099410523500518925661300679437818460156645406969386305798126938596460238197544074995991494811,0.000770032502807496033650658571421702550333215811907316634097226176107334481236075584571718631546290062756534326983299735074
base,8,0,normalized,u^2,120,0.0000000000000000000358904892554709912838438757006060207447738705647927472396977401817818127940868263605196163617583853789576767272869680435,0.000367417585211235606021928914057037883697876211275886437146293035813217387208809081541053615020581731514434990938111329295,0.00123812867926295571146354309992132216435385051282156456098623863770985952948772638294537582164603429654575004988519708485,0.00123812867926295567557305384445033088050997481221554381621236807291711228978998620116356302755920793602613368812681170589,0.000491608680787946819579491691275220377934399324946069279849395010367140439173423727304084194407183463336715217644992703419,0.0,0.000367417585211235628932574537040882862676532787789118050601313846600170761682187776380123464523190565018494906009408849417,0.00123812867926295614791529730554833014551780015468196575626028949184260062393672059950214577988388669991074523559575635430,0.00123812867926295614791529730554833014551780015468196575626028949184260062393672059950214577988388669991074523559575635430,0.000491608680787946943116108128352962557029377937536979678377237194992358894002567732697484303154139488350315935308229010166
base,8,0,normalized,window,120,-0.0000000000000000000630720847528693975806262719678068638191271338474259088817276186664887379379072163161605974714702202530054913602559417097,0.0000753237053183690435497015888524405604191659119244649598628664095717710804695430328642288809689165657545439017646102682597,0.000201378581128250955739955086423198480706857668139184027798427967550374197307295440324559872437688966377922543551514340186,0.000201378581128251018812039839292596061333129635946047846925561814976283079034914106813297810344905282538520015021734593191,0.0000874417553285655032364513755581306847792621377403652075904839106693724849011559037939761618356027422560333666242919045541,0.0,0.0000753237053183690840854682819833511799298120573875058040879447977392123184220453125539638274400436061301929086885780445671,0.000201378581128251131158072251485956864221263296167838179519497977662873725999870891576626853430620388687889945003658193544,0.000201378581128251131158072251485956864221263296167838179519497977662873725999870891576626853430620388687889945003658193544,0.0000874417553285655538370249642554811001497250611466356418711552775129025789126174512667298610688284649306090612924972662750
base,8,1/8,normalized,S,80,0.000074399582837791085579049870419142155137016672271592381453115144909715840614674894,0.00057847284399596976508762170925184026433813560711768496345883970105264037272658388,0.0018406724550426353669095648647392710514443886385929418292714121307852645972661164,0.0017662728722048442813305149943201288963073719663213494478182969858755487566514415,0.00073154105009477628642210368717149649519549868205257665873407267710977246547191150,0.000074399582837791029462812597003727964055727336966951771032105447335800933492871006,0.00057847284399596979479812446564033863990400254372786340733466972225791073085133917,0.0018406724550426358013259474044598236221405802426443564535737588455571775028854343,0.0017662728722048447718631348074560956580848529056774046825416533982213765693925633,0.00073154105009477641783981403532912716575656756963224977753233532827636474704586081
base,8,1/8,normalized,1,80,0.00014879916567558217115809974083828431027403334454318476290623028981943168122934979,0.0011569456879919395301752434185036805286762712142353699269176794021052807454531678,0.0036813449100852707338191297294785421028887772771858836585428242615705291945322327,0.0035325457444096885626610299886402577926147439326426988956365939717510975133028829,0.0014630821001895525728442073743429929903909973641051533174681453542195449309438230,0.00014879916567558205892562519400745592811145467393390354206421089467160186698574201,0.0011569456879919395895962489312806772798080050874557268146693394445158214617026783,0.0036813449100852716026518948089196472442811604852887129071475176911143550057708686,0.0035325457444096895437262696149121913161697058113548093650833067964427531387851266,0.0014630821001895528356796280706582543315131351392644995550646706565527294940917216
base,8,1/8,normalized,u,80,0.000074399582837791085579049870419142155137016672271592381453115144909715840614674894,0.00057847284399596976508762170925184026433813560711768496345883970105264037272658388,0.0018406724550426353669095648647392710514443886385929418292714121307852645972661164,0.0017662728722048442813305149943201288963073719663213494478182969858755487566514415,0.00073154105009477628642210368717149649519549868205257665873407267710977246547191150,0.000074399582837791029462812597003727964055727336966951771032105447335800933492871006,0.00057847284399596979479812446564033863990400254372786340733466972225791073085133917,0.0018406724550426358013259474044598236221405802426443564535737588455571775028854343,0.0017662728722048447718631348074560956580848529056774046825416533982213765693925633,0.00073154105009477641783981403532912716575656756963224977753233532827636474704586081
base,8,1/8,normalized,u^2,80,0.000044679365919256729989104326070677425267037428078823272970988914256119180989315445,0.00034764597911472830146293340971372091364731339938537934474254805635396445335548723,0.0012304829969187075028083650600020610049949576601331987086658805574948201957820104,0.0011858036309994507728192607339313835797279202320543754356948916432387010147926949,0.00046814249650955248335618612096820806844815526151570506125458667451083607024426126,0.000044679365919256690036138352876673617744542761535982379272802563817051443093414306,0.00034764597911472832877490052228681371214837825938854944097233296979231858624418882,0.0012304829969187079332157170870286527458382321925882735474313614801358603467903164,0.0011858036309994512431795787341519791280936894310522911681585589163188089036969021,0.00046814249650955260994656012288753023302458238222396934799935957036355146540019026
base,8,1/8,normalized,window,80,0.0000091642136637966374765045731335520979152132043780501296967283094634609872150590770,0.000071341157777595595107677437918143805504912887433813270574541604192342751553827967,0.00020063270051098227181138777960719426118918589987017952302553611936981817339786821,0.00019146848684718563433488320647364216327397269549212939332880780990635718618280914,0.000083093552091365129682127829347114775876894530887294080971177914196301842636783590,0.0000091642136637966759186369506611393102399695709591705307644463674639983367421033223,0.000071341157777595646344540121174030395477708782826589924143106192569252705044058840,0.00020063270051098244630223523042257988173295603556995203161287914150227240147450254,0.00019146848684718577038359827976144057149298646461078150084843277403827406473239922,0.000083093552091365190765218356106527700282291442958451277171624107695317009167612261
base,8,1/8,normalized,S,120,0.0000743995828377910855790498704191421551370166722715923814531151449097158406146748936832059823000687464632713749607731746277,0.000578472843995969765087621709251840264338135607117684963458839701052640372726583878667134983694479263643384441496735539741,0.00184067245504263536690956486473927105144438863859294182927141213078526459726611635001366488003361706957573118636796661417,0.00176627287220484428133051499432012889630737196632134944781829698587554875665144145633045889773354832311245981140719343954,0.000731541050094776286422103687171496495195498682052576658734072677109772465471911504694456122932627733542047968371851353365,0.0000743995828377910294628125970037279640557273369669517710321054473358009334928710061866815048486216217735744529490276475206,0.000578472843995969794798124465640338639904002543727863407334669722257910730851339174387623473980511362057036608923548581837,0.00184067245504263580132594740445982362214058024264435645357375884555717750288543429665426941592413446256987739715208267644,0.00176627287220484477186313480745609565808485290567740468254165339822137656939256329046758791107551284079630294420305502892,0.000731541050094776417839814035329127165756567569632249777532335328276364747045860808833635720598484645084762840584254397584
base,8,1/8,normalized,1,120,0.000148799165675582171158099740838284310274033344543184762906230289819431681229349787366411964600137492926542749921546349255,0.00115694568799193953017524341850368052867627121423536992691767940210528074545316775733426996738895852728676888299347107948,0.00368134491008527073381912972947854210288877727718588365854282426157052919453223270002732976006723413915146237273593322833,0.00353254574440968856266102998864025779261474393264269889563659397175109751330288291266091779546709664622491962281438687908,0.00146308210018955257284420737434299299039099736410515331746814535421954493094382300938891224586525546708409593674370270673,0.000148799165675582058925625194007455928111454673933903542064210894671601866985742012373363009697243243547148905898055295041,0.00115694568799193958959624893128067727980800508745572681466933944451582146170267834877524694796102272411407321784709716367,0.00368134491008527160265189480891964724428116048528871290714751769111435500577086859330853883184826892513975479430416535288,0.00353254574440968954372626961491219131616970581135480936508330679644275313878512658093517582215102568159260588840611005783,0.00146308210018955283567962807065825433151313513926449955506467065655272949409172161766727144119696929016952568116850879517
base,8,1/8,normalized,u,120,0.0000743995828377910855790498704191421551370166722715923814531151449097158406146748936832059823000687464632713749607731746277,0.000578472843995969765087621709251840264338135607117684963458839701052640372726583878667134983694479263643384441496735539741,0.00184067245504263536690956486473927105144438863859294182927141213078526459726611635001366488003361706957573118636796661417,0.00176627287220484428133051499432012889630737196632134944781829698587554875665144145633045889773354832311245981140719343954,0.000731541050094776286422103687171496495195498682052576658734072677109772465471911504694456122932627733542047968371851353365,0.0000743995828377910294628125970037279640557273369669517710321054473358009334928710061866815048486216217735744529490276475206,0.000578472843995969794798124465640338639904002543727863407334669722257910730851339174387623473980511362057036608923548581837,0.00184067245504263580132594740445982362214058024264435645357375884555717750288543429665426941592413446256987739715208267644,0.00176627287220484477186313480745609565808485290567740468254165339822137656939256329046758791107551284079630294420305502892,0.000731541050094776417839814035329127165756567569632249777532335328276364747045860808833635720598484645084762840584254397584
base,8,1/8,normalized,u^2,120,0.0000446793659192567299891043260706774252670374280788232729709889142561191809893154448629778504612905636817021687604312726845,0.000347645979114728301462933409713720913647313399385379344742548056353964453355487232162369420937267530579150792884529954523,0.00123048299691870750280836506000206100499495766013319870866588055749482019578201036123152867871607835742424165523531502566,0.00118580363099945077281926073393138357972792023205437543569489164323870101479269491636855082825478779374253948647488375297,0.000468142496509552483356186120968208068448155261515705061254586674510836070244261258770135699191396317311385292818072025630,0.0000446793659192566900361383528766736177445427615359823792728025638170514430934143057385333564688839062875647961176142405807,0.000347645979114728328774900522286813712148378259388549440972332969792318586244188824161848710290842701598261323832874198877,0.00123048299691870793321571708702865274583823219258827354743136148013586034679031638453895155583204471166656430385066198527,0.00118580363099945124317957873415197912809368943105229116815855891631880890369690207880041819936316080537899950773304774469,0.000468142496509552609946560122887530233024582382223969347999359570363551465400190257959570913678220287807313816299225338286
base,8,1/8,normalized,window,120,0.00000916421366379663747650457313355209791521320437805012969672830946346098721505907697586042183238184647510006207444455767228,0.0000713411577775955951076774379181438055049128874338132705745416041923427515538279666859542155246095689102221994518249188022,0.000200632700510982271811387779607194261189185899870179523025536119369818173397868212255417966662987150133284739300902370698,0.000191468486847185634334883206473642163273972695492129393328807809906357186182809135279557544830605303658184677226457813026,0.0000830935520913651296821278293471147758768945308872940809711779141963018426367835896913387167683999884348104275230483344583,0.00000916421366379667591863695066113931023996957095917053076444636746399833674210332226877555579323305907249829221604519377734,0.0000713411577775956463445401211740303954777087828265899241431061925692527050440588401393270478996106261935831980191034254930,0.000200632700510982446302235230422579881732956035569952031612879141502272401474502543121880954331581607971637588012009796295,0.000191468486847185770383598279761440571492986464610781500848432774038274064732399220853105398538348548899139295795964602518,0.0000830935520913651907652183561065277002822914429584512771716241076953170091676122611154761516253836988642764794560497575611
base,32,-1/8,normalized,S,80,-0.0000000000000025627916522553869589648297086224482528012573891827772699447728208735906696969121,0.000000000000021042563799326600815820080232590440884542641713584285444204381216636321687565139,0.000000000000053677708889149462705924560269787404387801797825390051232981599703137253112690903,0.000000000000056240500541404849664889389978409852640603055214572828502926372524010843782387815,0.000000000000021217859976798634660657971599690792242057974013734952567793262891702718706326745,-0.0000000000000025627916522553837113792811526956084547280564638453657528910391423681296480468239,0.000000000000021042563799326600369722689581106251262697393250101491387809853645879530003383931,0.000000000000053677708889149470728823930302069664976571659016723096499777213955847105202193223,0.000000000000056240500541404854440203211454765273431299715480568462252668253098215234850240047,0.000000000000021217859976798634471479355064880933348822548298076133504115288257644939155220892
base,32,-1/8,normalized,1,80,-0.0000000000000051255833045107739179296594172448965056025147783655545398895456417471813393938243,0.000000000000042085127598653201631640160465180881769085283427168570888408762433272643375130279,0.00000000000010735541777829892541184912053957480877560359565078010246596319940627450622538181,0.00000000000011248100108280969932977877995681970528120611042914565700585274504802168756477563,0.000000000000042435719953597269321315943199381584484115948027469905135586525783405437412653490,-0.0000000000000051255833045107674227585623053912169094561129276907315057820782847362592960936478,0.000000000000042085127598653200739445379162212502525394786500202982775619707291759060006767862,0.00000000000010735541777829894145764786060413932995314331803344619299955442791169421040438645,0.00000000000011248100108280970888040642290953054686259943096113692450533650619643046970048009,0.000000000000042435719953597268942958710129761866697645096596152267008230576515289878310441783
base,32,-1/8,normalized,u,80,-0.0000000000000025627916522553869589648297086224482528012573891827772699447728208735906696969121,0.000000000000021042563799326600815820080232590440884542641713584285444204381216636321687565139,0.000000000000053677708889149462705924560269787404387801797825390051232981599703137253112690903,0.000000000000056240500541404849664889389978409852640603055214572828502926372524010843782387815,0.000000000000021217859976798634660657971599690792242057974013734952567793262891702718706326745,-0.0000000000000025627916522553837113792811526956084547280564638453657528910391423681296480468239,0.000000000000021042563799326600369722689581106251262697393250101491387809853645879530003383931,0.000000000000053677708889149470728823930302069664976571659016723096499777213955847105202193223,0.000000000000056240500541404854440203211454765273431299715480568462252668253098215234850240047,0.000000000000021217859976798634471479355064880933348822548298076133504115288257644939155220892
base,32,-1/8,normalized,u^2,80,-0.0000000000000014942772311366878541693570980896853452201596711832384783083495251420613988948634,0.000000000000012258255639120472838847125621974177061982851689031714730688666088873656318096663,0.000000000000033704761809996621646083392957753156330944412251613763801377450869693975623967442,0.000000000000035199039041133309500252750055842841676164571922797002279685800394836037022862305,0.000000000000012416090892397859595504431757054337753314695072302884029840437547839323141725318,-0.0000000000000014942772311366865773437674587952584243173398135877056735631513119417983952640075,0.000000000000012258255639120472983714494481300447091721111414069383265474476142506142430626768,0.000000000000033704761809996628582825947782779042634000324361265475122296551693276840273931961,0.000000000000035199039041133315160169715241574301058317664174853180795859703005218638669195969,0.000000000000012416090892397859990222153233796124868395996653555182023964787637549225463110658
base,32,-1/8,normalized,window,80,-0.00000000000000031376204749272211716609247886302300164921734020905050008809091959344047254984715,0.0000000000000025695674176106065372803275218452469280716131814261277789171044056660981333551986,0.0000000000000065435975937729316627741716776045061267797409443727025445534161912442255960078708,0.0000000000000068573596412656537799402641564675291284289582845817530446415071108376660685577180,0.0000000000000025705806263366583837645367563962277001173260680499621332357317549105479800183378,-0.00000000000000031376204749272033776920962478131562616257144582458560544039380701501923182524871,0.0000000000000025695674176106080617398120748536336923582975637181267527929472111063094748726896,0.0000000000000065435975937729378423869058107824043553816964988451217532603630132020983011851500,0.0000000000000068573596412656581801561154355637199815442679446697073587007568202171175330103987,0.0000000000000025705806263366599089937648214239553773197646496087701326248958256868206779935860
base,32,-1/8,normalized,S,120,-0.00000000000000256279165225538695896482970862244825280125738918277726994477282087359066969691214448730474264125363928545593882394556962,0.0000000000000210425637993266008158200802325904408845426417135842854442043812166363216875651394398076654397180808636139949885607896493,0.0000000000000536777088891494627059245602697874043878017978253900512329815997031372531126909028692305725659203035513337833470426587106,0.0000000000000562405005414048496648893899784098526406030552145728285029263725240108437823878150137178773085615571906192392858666042802,0.0000000000000212178599767986346606579715996907922420579740137349525677932628917027187063267449920294162036563968280160689096380737907,-0.00000000000000256279165225538371137928115269560845472805646384536575289103914236812964804682391626413212553522768982763973324656255167,0.0000000000000210425637993266003697226895811062512626973932501014913878098536458795300033839308031454929604019105744496457157304539418,0.0000000000000536777088891494707288239303020696649765716590167230964997772139558471052021932231442580533305446553444025807415765964424,0.0000000000000562405005414048544402032114547652734312997154805684622526682530982152348502400470605221854560798830342302204748231589941,0.0000000000000212178599767986344714793550648809333488225482980761335041152882576449391552208915699791402171033665885811575730534962380
base,32,-1/8,normalized,1,120,-0.00000000000000512558330451077391792965941724489650560251477836555453988954564174718133939382428897460948528250727857091187764789113923,0.0000000000000420851275986532016316401604651808817690852834271685708884087624332726433751302788796153308794361617272279899771215792987,0.000000000000107355417778298925411849120539574808775603595650780102465963199406274506225381805738461145131840607102667566694085317421,0.000000000000112481001082809699329778779956819705281206110429145657005852745048021687564775630027435754617123114381238478571733208560,0.0000000000000424357199535972693213159431993815844841159480274699051355865257834054374126534899840588324073127936560321378192761475815,-0.00000000000000512558330451076742275856230539121690945611292769073150578207828473625929609364783252826425107045537965527946649312510334,0.0000000000000420851275986532007394453791622125025253947865002029827756197072917590600067678616062909859208038211488992914314609078836,0.000000000000107355417778298941457647860604139329953143318033446192999554427911694210404386446288516106661089310688805161483153192885,0.000000000000112481001082809708880406422909530546862599430961136924505336506196430469700480094121044370912159766068460440949646317988,0.0000000000000424357199535972689429587101297618666976450965961522670082305765152898783104417831399582804342067331771623151461069924759
base,32,-1/8,normalized,u,120,-0.00000000000000256279165225538695896482970862244825280125738918277726994477282087359066969691214448730474264125363928545593882394556962,0.0000000000000210425637993266008158200802325904408845426417135842854442043812166363216875651394398076654397180808636139949885607896493,0.0000000000000536777088891494627059245602697874043878017978253900512329815997031372531126909028692305725659203035513337833470426587106,0.0000000000000562405005414048496648893899784098526406030552145728285029263725240108437823878150137178773085615571906192392858666042802,0.0000000000000212178599767986346606579715996907922420579740137349525677932628917027187063267449920294162036563968280160689096380737907,-0.00000000000000256279165225538371137928115269560845472805646384536575289103914236812964804682391626413212553522768982763973324656255167,0.0000000000000210425637993266003697226895811062512626973932501014913878098536458795300033839308031454929604019105744496457157304539418,0.0000000000000536777088891494707288239303020696649765716590167230964997772139558471052021932231442580533305446553444025807415765964424,0.0000000000000562405005414048544402032114547652734312997154805684622526682530982152348502400470605221854560798830342302204748231589941,0.0000000000000212178599767986344714793550648809333488225482980761335041152882576449391552208915699791402171033665885811575730534962380
base,32,-1/8,normalized,u^2,120,-0.00000000000000149427723113668785416935709808968534522015967118323847830834952514206139889486336257316978045490163204671637951064338990,0.0000000000000122582556391204728388471256219741770619828516890317147306886660888736563180966628307786381967894237074485699976293444916,0.0000000000000337047618099966216460833929577531563309444122516137638013774508696939756239674421282719709729250075009086522983567632798,0.0000000000000351990390411333095002527500558428416761645719227970022796858003948360370228623054908451407533799091329553686778674066697,0.0000000000000124160908923978595955044317570543377533146950723028840298404375478393231417253175529831620959395335029815041253936502361,-0.00000000000000149427723113668657734376745879525842431733981358770567356315131194179839526400752783410520675871500030208504345819844550,0.0000000000000122582556391204729837144944813004470917211114140693832654744761425061424306267678021769242396351021796145451248669046288,0.0000000000000337047618099966285828259477827790426340003243612654751222965516932768402739319611923798878946731873447305775309663387511,0.0000000000000351990390411333151601697152415743010583176641748531807958597030052186386691959687202139931014319023450326625744245371967,0.0000000000000124160908923978599902221532337961248683959966535551820239647876375492254631106580177353473866145272162018693962383469959
base,32,-1/8,normalized,window,120,-0.000000000000000313762047492722117166092478863023001649217340209050500088090919593440472549847152465752429400838713484759782844138897348,0.00000000000000256956741761060653728032752184524692807161318142612777891710440566609813335519862611479801972273883858556611023348276912,0.00000000000000654359759377293166277417167760450612677974094437270254455341619124422559600787081504459369116831239816786679337424823249,0.00000000000000685735964126565377994026415646752912842895828458175304464150711083766606855771796751034612056915111165262657621838712984,0.00000000000000257058062633665838376453675639622770011732606804996213323573175491054798001833779915992636540409338463930567963974815965,-0.000000000000000313762047492720337769209624781315626162571445824585605440393807015019231825248707543213915653895460105250291275438299834,0.00000000000000256956741761060806173981207485363369235829756371812675279294721110630947487268957649497140451419934315890777543374182667,0.00000000000000654359759377293784238690581078240435538169649884512175326036301320209830118514999644521953080179369129021792252153014284,0.00000000000000685735964126565818015611543556371998154426794466970735870075682021711753301039870398843344645568915139546821379696844267,0.00000000000000257058062633665990899376482142395537731976464960877013262489582568682067799358594009326643733460155591990411756822275485
base,32,0,normalized,S,80,-1.4326254571269795715462267353791655902630476503164512711816463996871400024464164e-29,0.000000000000019971862269734751095966338444455649849652903543753631282228357285237853272534222,0.000000000000053666806629689489210325492137551127868784867799620452843870975959031846833445155,0.000000000000053666806629689503536580063407346843331052221591276355474347479123544558649909152,0.000000000000020145442067129032034675008091727598421009384156153885602842578093049772910445266,0.0,0.000000000000019971862269734745706201582004099280404578269691806398552145616415002854378612807,0.000000000000053666806629689497219562044580204371888848350128093677489799906649888709117507048,0.000000000000053666806629689497219562044580204371888848350128093677489799906649888709117507048,0.000000000000020145442067129026900209274643750446958863210475959668539123471239321315610442570
base,32,0,normalized,1,80,-2.8652509142539591430924534707583311805260953006329025423632927993742800048928329e-29,0.000000000000039943724539469502191932676888911299699305807087507262564456714570475706545068444,0.00000000000010733361325937897842065098427510225573756973559924090568774195191806369366689031,0.00000000000010733361325937900707316012681469368666210444318255271094869495824708911729981830,0.000000000000040290884134258064069350016183455196842018768312307771205685156186099545820890533,0.0,0.000000000000039943724539469491412403164008198560809156539383612797104291232830005708757225613,0.00000000000010733361325937899443912408916040874377769670025618735497959981329977741823501410,0.00000000000010733361325937899443912408916040874377769670025618735497959981329977741823501410,0.000000000000040290884134258053800418549287500893917726420951919337078246942478642631220885140
base,32,0,normalized,u,80,-1.4326254571269795715462267353791655902630476503164512711816463996871400024464164e-29,0.000000000000019971862269734751095966338444455649849652903543753631282228357285237853272534222,0.000000000000053666806629689489210325492137551127868784867799620452843870975959031846833445155,0.000000000000053666806629689503536580063407346843331052221591276355474347479123544558649909152,0.000000000000020145442067129032034675008091727598421009384156153885602842578093049772910445266,0.0,0.000000000000019971862269734745706201582004099280404578269691806398552145616415002854378612807,0.000000000000053666806629689497219562044580204371888848350128093677489799906649888709117507048,0.000000000000053666806629689497219562044580204371888848350128093677489799906649888709117507048,0.000000000000020145442067129026900209274643750446958863210475959668539123471239321315610442570
base,32,0,normalized,u^2,80,-7.7422149396333007627458481279570732838360672317640288498022111227821881023097291e-30,0.000000000000011655551878386720147203832137067554126786179707157208784403020143749919775730488,0.000000000000033694944359954744591417229467193996277250747305642645539210067174119306642250690,0.000000000000033694944359954752333632169100494759023098875262715929375277298938148156444461813,0.000000000000011811878200150727656883829918898382900059952982047987038208550734047053009206562,0.0,0.000000000000011655551878386717411663830594534774676010462310688328850706096773969014918244675,0.000000000000033694944359954751513360462576105091484270080436287278937654290234885854738894241,0.000000000000033694944359954751513360462576105091484270080436287278937654290234885854738894241,0.000000000000011811878200150725169293339832822008843224714792017103554252979862714939592732022
base,32,0,normalized,window,80,-8.5093575191752148355155689372939328981753477968689536160726511824003689436233250e-30,0.0000000000000024515532390237823570921053895480630972550777239093190685448077475750860192437458,0.0000000000000065435349765580734668217024017927759145879250876039844558352918857441496387585869,0.0000000000000065435349765580819761792215770076114301568623815368826311830887546977657114097693,0.0000000000000024525438664445060924983874206380365869766648296981082911666226672234193868407006,0.0,0.0000000000000024515532390237812882257772172409645747008927792010875767330564843128336372912156,0.0000000000000065435349765580796466605236714766155053651566054925115821525660914218880702716709,0.0000000000000065435349765580796466605236714766155053651566054925115821525660914218880702716709,0.0000000000000024525438664445050244725698953451165884699529087979405834496880719786895796524003
base,32,0,normalized,S,120,-0.0000000000000000000000000000143262545712697957154622673537916559026304765031645127118164639968714000244641643426072568923077091950654278631145025521,0.0000000000000199718622697347510959663384444556498496529035437536312822283572852378532725342220449629726675897137960747276514493932568,0.0000000000000536668066296894892103254921375511278687848677996204528438709759590318468334451549850775389592856671746753985562151742841,0.0000000000000536668066296895035365800634073468433310522215912763554743474791235445586499091518564775634234500097819322908639243693496,0.0000000000000201454420671290320346750080917275984210093841561538856028425780930497729104452663439381616957023644516776143921497562870,0.0,0.0000000000000199718622697347457062015820040992804045782696918063985521456164150028543786128066308895894014253695260124534381169428410,0.0000000000000536668066296894972195620445802043718888483501280936774897999066498887091175070481295402686127124300958757398273677502165,0.0000000000000536668066296894972195620445802043718888483501280936774897999066498887091175070481295402686127124300958757398273677502165,0.0000000000000201454420671290269002092746437504469588632104759596685391234712393213156104425699323052009520923699739525271742986987493
base,32,0,normalized,1,120,-0.0000000000000000000000000000286525091425395914309245347075833118052609530063290254236329279937428000489283286852145137846154183901308557262290051042,0.0000000000000399437245394695021919326768889112996993058070875072625644567145704757065450684440899259453351794275921494553028987865135,0.000000000000107333613259378978420650984275102255737569735599240905687741951918063693666890309970155077918571334349350797112430348568,0.000000000000107333613259379007073160126814693686662104443182552710948694958247089117299818303712955126846900019563864581727848738699,0.0000000000000402908841342580640693500161834551968420187683123077712056851561860995458208905326878763233914047289033552287842995125739,0.0,0.0000000000000399437245394694914124031640081985608091565393836127971042912328300057087572256132617791788028507390520249068762338856821,0.000000000000107333613259378994439124089160408743777696700256187354979599813299777418235014096259080537225424860191751479654735500433,0.000000000000107333613259378994439124089160408743777696700256187354979599813299777418235014096259080537225424860191751479654735500433,0.0000000000000402908841342580538004185492875008939177264209519193370782469424786426312208851398646104019041847399479050543485973974985
base,32,0,normalized,u,120,-0.0000000000000000000000000000143262545712697957154622673537916559026304765031645127118164639968714000244641643426072568923077091950654278631145025521,0.0000000000000199718622697347510959663384444556498496529035437536312822283572852378532725342220449629726675897137960747276514493932568,0.0000000000000536668066296894892103254921375511278687848677996204528438709759590318468334451549850775389592856671746753985562151742841,0.0000000000000536668066296895035365800634073468433310522215912763554743474791235445586499091518564775634234500097819322908639243693496,0.0000000000000201454420671290320346750080917275984210093841561538856028425780930497729104452663439381616957023644516776143921497562870,0.0,0.0000000000000199718622697347457062015820040992804045782696918063985521456164150028543786128066308895894014253695260124534381169428410,0.0000000000000536668066296894972195620445802043718888483501280936774897999066498887091175070481295402686127124300958757398273677502165,0.0000000000000536668066296894972195620445802043718888483501280936774897999066498887091175070481295402686127124300958757398273677502165,0.0000000000000201454420671290269002092746437504469588632104759596685391234712393213156104425699323052009520923699739525271742986987493
base,32,0,normalized,u^2,120,-0.00000000000000000000000000000774221493963330076274584812795707328383606723176402884980221112278218810230972914598138173067022025260215511133904982542,0.0000000000000116555518783867201472038321370675541267861797071572087844030201437499197757304883926728246690587901044928208255372970095,0.0000000000000336949443599547445914172294671939962772507473056426455392100671741193066422506901783021723061414427042775286660003420103,0.0000000000000336949443599547523336321691004947590230988752627159293752772989381481564444618129604902746158705886856592593362205946125,0.0000000000000118118782001507276568838299188983829000599529820479870382085507340470530092065617743043955897210732524912743833163911002,0.0,0.0000000000000116555518783867174116638305945347746760104623106883288507060967739690149182446748560502114380846681108400792769415341755,0.0000000000000336949443599547515133604625761050914842700804362872789376542902348858547388942414986506792112870605698632863892508073754,0.0000000000000336949443599547515133604625761050914842700804362872789376542902348858547388942414986506792112870605698632863892508073754,0.0000000000000118118782001507251692933398328220088432247147920171035542529798627149395927320225000497798208968236032497558740519357863
base,32,0,normalized,window,120,-0.00000000000000000000000000000850935751917521483551556893729393289817534779686895361607265118240036894362332499310096419440669357908682466421668440060,0.00000000000000245155323902378235709210538954806309725507772390931906854480774757508601924374577730746165833400084386475498017229414540,0.00000000000000654353497655807346682170240179277591458792508760398445583529188574414963875858686837853590070118031435717035294982765111,0.00000000000000654353497655808197617922157700761143015686238153688263118308875469776571140976926874747952402617341532136475964340673793,0.00000000000000245254386644450609249838742063803658697666482969810829116662266722341938684070055866393221111727720439764044345221360209,0.0,0.00000000000000245155323902378128822577721724096457470089277920108757673305648431283363729121556830738860398990012215916810464173088263,0.00000000000000654353497655807964666052367147661550536515660549251158215256609142188807027167086821702480734098255339560296016905199208,0.00000000000000654353497655807964666052367147661550536515660549251158215256609142188807027167086821702480734098255339560296016905199208,0.00000000000000245254386644450502447256989534511658846995290879794058344968807197868957965240032546834067119891101494288234293182208135
base,32,1/8,normalized,S,80,0.0000000000000024325463811258479083016074699660855073135176450862156698223576040957232347822373,0.000000000000018958106030878119461504252704394232052012145084325891232480563675404820937173404,0.000000000000053656010959062557447822766798019315979789702227076479711442433275299459559179809,0.000000000000051223464577936709539521159328053230472476184581990264041620075671203736324397571,0.000000000000019129991308216321015246400252700812609450470992371517268648457844627954903405915,0.0000000000000024325463811258709927996932696815351124857662676155663084506863389142887869686404,0.000000000000018958106030878110870923066192401981499313022934758284076019616912462699733145474,0.000000000000053656010959062565449994549724737426089915710067970454208863434708212438782210721,0.000000000000051223464577936694457194856455055890977429943800354887900412748369298149995242081,0.000000000000019129991308216312679619669349915568626717827459033719762481453498404109701269371
base,32,1/8,normalized,1,80,0.0000000000000048650927622516958166032149399321710146270352901724313396447152081914464695644746,0.000000000000037916212061756238923008505408788464104024290168651782464961127350809641874346808,0.00000000000010731202191812511489564553359603863195957940445415295942288486655059891911835962,0.00000000000010244692915587341907904231865610646094495236916398052808324015134240747264879514,0.000000000000038259982616432642030492800505401625218900941984743034537296915689255909806811831,0.0000000000000048650927622517419855993865393630702249715325352311326169013726778285775739372808,0.000000000000037916212061756221741846132384803962998626045869516568152039233824925399466290948,0.00000000000010731202191812513089998909944947485217983142013594090841772686941642487756442144,0.00000000000010244692915587338891438971291011178195485988760070977580082549673859629999048416,0.000000000000038259982616432625359239338699831137253435654918067439524962906996808219402538742
base,32,1/8,normalized,u,80,0.0000000000000024325463811258479083016074699660855073135176450862156698223576040957232347822373,0.000000000000018958106030878119461504252704394232052012145084325891232480563675404820937173404,0.000000000000053656010959062557447822766798019315979789702227076479711442433275299459559179809,0.000000000000051223464577936709539521159328053230472476184581990264041620075671203736324397571,0.000000000000019129991308216321015246400252700812609450470992371517268648457844627954903405915,0.0000000000000024325463811258709927996932696815351124857662676155663084506863389142887869686404,0.000000000000018958106030878110870923066192401981499313022934758284076019616912462699733145474,0.000000000000053656010959062565449994549724737426089915710067970454208863434708212438782210721,0.000000000000051223464577936694457194856455055890977429943800354887900412748369298149995242081,0.000000000000019129991308216312679619669349915568626717827459033719762481453498404109701269371
base,32,1/8,normalized,u^2,80,0.0000000000000014209171312704366589244117531783248528982687712708516255895946973769439848853325,0.000000000000011084204819891534000007093829324348140694521260320177999485497608745063242161642,0.000000000000033685220626149415877969968607968400041871756416917114979376072349040640390372690,0.000000000000032264303494878979219045556854790075188973487645646263353786477651663696405487357,0.000000000000011239041104408230749595425021982479563782172518266921736445833932788782517839710,0.0000000000000014209171312704494204705238806398003215606418670465979501605876028466104437638263,0.000000000000011084204819891529409358723806034160860657925227800405729002085008191495433407115,0.000000000000033685220626149422790971056544870399554333875545753918159137210935751383937819504,0.000000000000032264303494878973370500532664230599232773233678707320208976623332904773494055678,0.000000000000011239041104408226406236482936672035344251722709604865071058316248532298972236572
base,32,1/8,normalized,window,80,0.00000000000000029935282314861741274128559588428329591653878669633999380597098886645399164514634,0.0000000000000023389769291915585377905089195982359395927308975165304448408002278207528212161751,0.0000000000000065434737548070870402501980455961573185095049847212249471910018810905591638557254,0.0000000000000062441209316584696275089124497118740225929661980248849533850308922241051722105790,0.0000000000000023399454811519838173128655134397819793423121566996054191724602321652396626990615,0.00000000000000029935282314863208260065339609622394147845445501979868309330399016935531888172189,0.0000000000000023389769291915553322999890975892438520095576901845543752631641128795563291173279,0.0000000000000065434737548070932202292195508088678191995807121058578518749216038001573313936721,0.0000000000000062441209316584611376285661547126438777211262570860591687816176136308020125119502,0.0000000000000023399454811519806127688769849356148007027727231616846416138269069547898446137107
base,32,1/8,normalized,S,120,0.00000000000000243254638112584790830160746996608550731351764508621566982235760409572323478223729996039838307908553664203993302042288462,0.0000000000000189581060308781194615042527043942320520121450843258912324805636754048209371734039079593722889398293263132880675894699999,0.0000000000000536560109590625574478227667980193159797897022270764797114424332752994595591798086062014990044208596640978972955791120281,0.0000000000000512234645779367095395211593280532304724761845819902640416200756712037363243975713062411006213417741274558573625586891434,0.0000000000000191299913082163210152464002527008126094504709923715172686484578446279549034059152949446377414497357414641912644813870438,0.00000000000000243254638112587099279969326968153511248576626761556630845068633891428878696864038356247088617278926824020640964351530942,0.0000000000000189581060308781108709230661924019814993130229347582840760196169124626997331454741300879228883478421890619940342875517555,0.0000000000000536560109590625654499945497247374260899157100679704542088634347082124387822107212097168019910797451546632121228247995491,0.0000000000000512234645779366944571948564550558909774299438003548879004127483692981499952420808261543311049069558864230057131812842397,0.0000000000000191299913082163126796196693499155686267178274590337197624814534984041097012693708114785324098701002812073409570840643246
base,32,1/8,normalized,1,120,0.00000000000000486509276225169581660321493993217101462703529017243133964471520819144646956447459992079676615817107328407986604084576923,0.0000000000000379162120617562389230085054087884641040242901686517824649611273508096418743468078159187445778796586526265761351789399999,0.000000000000107312021918125114895645533596038631959579404454152959422884866550598919118359617212402998008841719328195794591158224056,0.000000000000102446929155873419079042318656106460944952369163980528083240151342407472648795142612482201242683548254911714725117378287,0.0000000000000382599826164326420304928005054016252189009419847430345372969156892559098068118305898892754828994714829283825289627740876,0.00000000000000486509276225174198559938653936307022497153253523113261690137267782857757393728076712494177234557853648041281928703061885,0.0000000000000379162120617562217418461323848039629986260458695165681520392338249253994662909482601758457766956843781239880685751035109,0.000000000000107312021918125130899989099449474852179831420135940908417726869416424877564421442419433603982159490309326424245649599098,0.000000000000102446929155873388914389712910111781954859887600709775800825496738596299990484161652308662209813911772846011426362568479,0.0000000000000382599826164326253592393386998311372534356549180674395249629069968082194025387416229570648197402005624146819141681286493
base,32,1/8,normalized,u,120,0.00000000000000243254638112584790830160746996608550731351764508621566982235760409572323478223729996039838307908553664203993302042288462,0.0000000000000189581060308781194615042527043942320520121450843258912324805636754048209371734039079593722889398293263132880675894699999,0.0000000000000536560109590625574478227667980193159797897022270764797114424332752994595591798086062014990044208596640978972955791120281,0.0000000000000512234645779367095395211593280532304724761845819902640416200756712037363243975713062411006213417741274558573625586891434,0.0000000000000191299913082163210152464002527008126094504709923715172686484578446279549034059152949446377414497357414641912644813870438,0.00000000000000243254638112587099279969326968153511248576626761556630845068633891428878696864038356247088617278926824020640964351530942,0.0000000000000189581060308781108709230661924019814993130229347582840760196169124626997331454741300879228883478421890619940342875517555,0.0000000000000536560109590625654499945497247374260899157100679704542088634347082124387822107212097168019910797451546632121228247995491,0.0000000000000512234645779366944571948564550558909774299438003548879004127483692981499952420808261543311049069558864230057131812842397,0.0000000000000191299913082163126796196693499155686267178274590337197624814534984041097012693708114785324098701002812073409570840643246
base,32,1/8,normalized,u^2,120,0.00000000000000142091713127043665892441175317832485289826877127085162558959469737694398488533254425495843993832148191527808628016911236,0.0000000000000110842048198915340000070938293243481406945212603201779994854976087450632421616420341031650698319835854028071512761336368,0.0000000000000336852206261494158779699686079684000418717564169171149793760723490406403903726895174590556960182857834224008348907656987,0.0000000000000322643034948789792190455568547900751889734876456462633537864776516636964054873569732040972560799643015071227486105965864,0.0000000000000112390411044082307495954250219824795637821725182669217364458339327887825178397099541830145674052725240290556162602658579,0.00000000000000142091713127044942047052388063980032156064186704659795016058760284661044376382633275453537757792833119604421051534906253,0.0000000000000110842048198915294093587238060341608606579252278004057290020850081914954334071147120320351143905979631516889351789156867,0.0000000000000336852206261494227909710565448703995543338755457539181591372109357513839378195042132226120521675924020959834722368793467,0.0000000000000322643034948789733705005326642305992327732336787073202089766233329047734940556778804680766745896640708999392617215302841,0.0000000000000112390411044082264062364829366720353442517227096048650710583162485322989722365723732140093208177314454063733054934032754
base,32,1/8,normalized,window,120,0.000000000000000299352823148617412741285595884283295916538786696339993805970988866453991645146343884069558939851826570685578601559554213,0.00000000000000233897692919155853779050891959823593959273089751653044484080022782075282121617514751314429820116715877389818052740425463,0.00000000000000654347375480708704025019804559615731850950498472122494719100188109055916385572536201191724450967944481197410579019562588,0.00000000000000624412093165846962750891244971187402259296619802488495338503089222410517221057901812784768556982761824128852718863607167,0.00000000000000233994548115198381731286551343978197934231215669960541917246023216523966269906146694463079815481092215319858224440061445,0.000000000000000299352823148632082600653396096223941478454455019798683093303990169355318881721886840360710362032232154954251568293023814,0.00000000000000233897692919155533229998909758924385200955769018455437526316411287955632911732791397783217851714429190073845360637852883,0.00000000000000654347375480709322022921955080886781919958071210585785187492160380015733139367206067132472792742103707451158878814878410,0.00000000000000624412093165846113762856615471264387772112625708605916878161761363080201251195017383096401756538880491955733721985576029,0.00000000000000233994548115198061276887698493561480070277272316168464161382690695478984461371067925758045216063727532227452635225983412
hires,2,-1/8,raw,S,80,-0.091435409136925299738606059439266368033424312721763332646302842666461117078886765,0.78197675909238448837882459930432348766897630993965502627794316455961472794403226,2.3937805651060579643930499886579739233927763186778756440676545436516055696062609,2.4852159742429832641316560480972402914262006313996389767139573863180666866851477,2.6852100180637878933535220052659066428792566926748625960158394783234115291179744,-0.091435409136925470768892956877890011747174491045716952057372318870482854479040492,0.78197675909238455032059640906958811805885106052082813502017275318129373655321973,2.3937805651060589876932820650106978578042415089778430276004007517149690258031022,2.4852159742429844584621750218885878695514160000235599796577730705854518802821427,2.6852100180637891110738222872642084892049664141380017128958031255499180591275737
hires,2,-1/8,raw,1,80,-0.18287081827385059947721211887853273606684862544352666529260568533292223415777353,1.5639535181847689767576491986086469753379526198793100525558863291192294558880645,4.7875611302121159287860999773159478467855526373557512881353090873032111392125218,4.9704319484859665282633120961944805828524012627992779534279147726361333733702953,5.3704200361275757867070440105318132857585133853497251920316789566468230582359489,-0.18287081827385094153778591375578002349434898209143390411474463774096570895808098,1.5639535181847691006411928181391762361177021210416562700403455063625874731064395,4.7875611302121179753865641300213957156084830179556860552008015034299380516062044,4.9704319484859689169243500437771757391028320000471199593155461411709037605642854,5.3704200361275782221476445745284169784099328282760034257916062510998361182551473
hires,2,-1/8,raw,u,80,-0.091435409136925299738606059439266368033424312721763332646302842666461117078886765,0.78197675909238448837882459930432348766897630993965502627794316455961472794403226,2.3937805651060579643930499886579739233927763186778756440676545436516055696062609,2.4852159742429832641316560480972402914262006313996389767139573863180666866851477,2.6852100180637878933535220052659066428792566926748625960158394783234115291179744,-0.091435409136925470768892956877890011747174491045716952057372318870482854479040492,0.78197675909238455032059640906958811805885106052082813502017275318129373655321973,2.3937805651060589876932820650106978578042415089778430276004007517149690258031022,2.4852159742429844584621750218885878695514160000235599796577730705854518802821427,2.6852100180637891110738222872642084892049664141380017128958031255499180591275737
hires,2,-1/8,raw,u^2,80,-0.056347874901421135664779771990299411850091337343726383256164931198496459525942554,0.48183473081507684695184713560033448038276842745988864216410389015256311118470974,1.6796877714297026591287246614327906027706361489757859483671888686116310964103940,1.7360356463311237947935044334230900146207274863195123316233537998101275559363366,1.8722391042878020850831914063135092461414439188626432656169578347839380883618728,-0.056347874901421259380989075433162578913929188279194995870871049802129816283102572,0.48183473081507691768948688120632867128303475489479233850551633262421296681831901,1.6796877714297037579225253755323166154714505537348935262728835027090987757498991,1.7360356463311250173035144509654791943853797420140885221437545525112285920330017,1.8722391042878033481937355964393234257381081856980851810185533709384986540916439
hires,2,-1/8,raw,window,80,-0.011474155052188884866256401554961224456103351767717565297293668675634941881057795,0.098122125812035617948796700356187548212467652648866551376480172600501398418126635,0.24011419491960747639371251588983357583217520483417942911792410212352505046429387,0.25158834997179636125996891744479480028827855660189699441521777079915999234535167,0.27261055264513936106080931823470296319920132265323866803835162853149198878420819,-0.011474155052188894257543518000155946105958904705617086240171036253121034425264315,0.098122125812035585199695629317641179800586858290699779590778222665587089439604089,0.24011419491960735766394953496842555725770245927241472292044018237699446371706480,0.25158834997179625192149305296858150336366136397803180916061121863011549814232911,0.27261055264513924737130852893754275548887648429732626251844589321178333163760943
hires,2,-1/8,raw,S,120,-0.0914354091369252997386060594392663680334243127217633326463028426664611170788867646444164025322400668762121575068052127384,0.781976759092384488378824599304323487668976309939655026277943164559614727944032258140098471631263321015587967963485265189,2.39378056510605796439304998865797392339277631867787564406765454365160556960626090531419908198395390283373964077816756762,2.48521597424298326413165604809724029142620063139963897671395738631806668668514766995861548451619396970995179828497278036,2.68521001806378789335352200526590664287925669267486259601583947832341152911797443768532518581332044812196283815730884771,-0.0914354091369254707688929568778900117471744910457169520573723188704828544790404921596693214874529897802044283727115651358,0.781976759092384550320596409069588118058851060520828135020172753181293736553219728054157482210973959689044401717281354402,2.39378056510605898769328206501069785780424150897784302760040075171496902580310222635911422427395491281289710020544046497,2.48521597424298445846217502188858786955141600002355997965777307058545188028214271851878354576140790259310152857815203011,2.68521001806378911107382228726420848920496641413800171289580312554991805912757367858355912972170696451849513252142640124
hires,2,-1/8,raw,1,120,-0.182870818273850599477212118878532736066848625443526665292605685332922234157773529288832805064480133752424315013610425477,1.56395351818476897675764919860864697533795261987931005255588632911922945588806451628019694326252664203117593592697053038,4.78756113021211592878609997731594784678555263735575128813530908730321113921252181062839816396790780566747928155633513524,4.97043194848596652826331209619448058285240126279927795342791477263613337337029533991723096903238793941990359656994556071,5.37042003612757578670704401053181328575851338534972519203167895664682305823594887537065037162664089624392567631461769542,-0.182870818273850941537785913755780023494348982091433904114744637740965708958080984319338642974905979560408856745423130272,1.56395351818476910064119281813917623611770212104165627004034550636258747310643945610831496442194791937808880343456270880,4.78756113021211797538656413002139571560848301795568605520080150342993805160620445271822844854790982562579420041088092994,4.97043194848596891692435004377717573910283200004711995931554614117090376056428543703756709152281580518620305715630406022,5.37042003612757822214764457452841697840993282827600342579160625109983611825514735716711825944341392903699026504285280248
hires,2,-1/8,raw,u,120,-0.0914354091369252997386060594392663680334243127217633326463028426664611170788867646444164025322400668762121575068052127384,0.781976759092384488378824599304323487668976309939655026277943164559614727944032258140098471631263321015587967963485265189,2.39378056510605796439304998865797392339277631867787564406765454365160556960626090531419908198395390283373964077816756762,2.48521597424298326413165604809724029142620063139963897671395738631806668668514766995861548451619396970995179828497278036,2.68521001806378789335352200526590664287925669267486259601583947832341152911797443768532518581332044812196283815730884771,-0.0914354091369254707688929568778900117471744910457169520573723188704828544790404921596693214874529897802044283727115651358,0.781976759092384550320596409069588118058851060520828135020172753181293736553219728054157482210973959689044401717281354402,2.39378056510605898769328206501069785780424150897784302760040075171496902580310222635911422427395491281289710020544046497,2.48521597424298445846217502188858786955141600002355997965777307058545188028214271851878354576140790259310152857815203011,2.68521001806378911107382228726420848920496641413800171289580312554991805912757367858355912972170696451849513252142640124
hires,2,-1/8,raw,u^2,120,-0.0563478749014211356647797719902994118500913373437263832561649311984964595259425539635773326102760228241032586439437807907,0.481834730815076846951847135600334480382768427459888642164103890152563111184709741468590355322389819159151418739323505028,1.67968777142970265912872466143279060277063614897578594836718886861163109641039404467888427657804622007320525663001900343,1.73603564633112379479350443342309001462072748631951233162335379981012755593633659864246160918832224289730851527396278422,1.87223910428780208508319140631350924614144391886264326561695783478393808836187276480038142371431423461810641146532423120,-0.0563478749014212593809890754331625789139291882791949958708710498021298162831025715648786963741630074366161572483215120729,0.481834730815076917689486881206328671283034754894792338505516332624212966818319012343491132652043973492978552794668824886,1.67968777142970375792252537553231661547145055373489352627288350270909877574989914802350992473920451771132835104041746413,1.73603564633112501730351445096547919438537974201408852214375455251122859203300171958838862111336752514794450828873897620,1.87223910428780334819373559643932342573810818569808518101855337093849865409164387760226585375283242579942346217150765271
hires,2,-1/8,raw,window,120,-0.0114741550521888848662564015549612244561033517677175652972936686756349418810577945326721335458222230639776654726820061965,0.0981221258120356179487967003561875482124676526488665513764801726005013984181266348306511163396746353860510931310167786260,0.240114194919607476393712515889833575832175204834179429117924102123525050464293874948559806864477836210613633149772434423,0.251588349971796361259968917444794800288278556601896994415217770799159992345351669481231940410300059274591298622454440620,0.272610552645139361060809318234702963199201322653238668038351628531491988784208187026679488161326232025609619089776948884,-0.0114741550521888942575435180001559461059589047056170862401710362531210344252643150035139661560578991699908831673617550978,0.0981221258120355851996956293176411798005868582906997795907782226655870894396040895635222179374050102176226434093145443980,0.240114194919607357663949534968425557257702459272414722920440182376994463717064796522472149838488416082844003911025204604,0.251588349971796251921493052968581503363661363978031809160611218630115498142329111525986115994546315252834887078386959702,0.272610552645139247371308528937542755488876484297326262518445893211783331637609428737402660347569096605173014673948043222
hires,2,0,raw,S,80,0.00000000000000016659805900416827498700054840747285301873187783231117439357112618420058480923400,0.68360310790118412806772865348199746436242487242565984036125010645123565677780245,2.2810821781584678612617000965985546566052839602773470939277091620865586690141940,2.2810821781584676946636410924302796696047355528044940751958313297753842754430679,2.3919555941177570247554719412228834795256045728635596087914712071742301133794429,0.0,0.68360310790118418142149031173834182702857341381927747320301693194134650058075880,2.2810821781584688181755912850043922320070209724690441947705416835905192865637071,2.2810821781584688181755912850043922320070209724690441947705416835905192865637071,2.3919555941177580804098007672036745123530500356047176422524108603509959725028928
hires,2,0,raw,1,80,0.00000000000000033319611800833654997400109681494570603746375566462234878714225236840116961846799,1.3672062158023682561354573069639949287248497448513196807225002129024713135556049,4.5621643563169357225234001931971093132105679205546941878554183241731173380283881,4.5621643563169353893272821848605593392094711056089881503916626595507685508861357,4.7839111882355140495109438824457669590512091457271192175829424143484602267588859,0.0,1.3672062158023683628429806234766836540571468276385549464060338638826930011615176,4.5621643563169376363511825700087844640140419449380883895410833671810385731274141,4.5621643563169376363511825700087844640140419449380883895410833671810385731274141,4.7839111882355161608196015344073490247061000712094352845048217207019919450057855
hires,2,0,raw,u,80,0.00000000000000016659805900416827498700054840747285301873187783231117439357112618420058480923400,0.68360310790118412806772865348199746436242487242565984036125010645123565677780245,2.2810821781584678612617000965985546566052839602773470939277091620865586690141940,2.2810821781584676946636410924302796696047355528044940751958313297753842754430679,2.3919555941177570247554719412228834795256045728635596087914712071742301133794429,0.0,0.68360310790118418142149031173834182702857341381927747320301693194134650058075880,2.2810821781584688181755912850043922320070209724690441947705416835905192865637071,2.2810821781584688181755912850043922320070209724690441947705416835905192865637071,2.3919555941177580804098007672036745123530500356047176422524108603509959725028928
hires,2,0,raw,u^2,80,0.00000000000000011698668052839155733571666697562937276590319946836949627536661940500838539330021,0.42135621918583285393835807103585266313953552904577711792186829002864814186087635,1.5974790702572836065007573131541780417394623555601246799804535340633334327771117,1.5974790702572834895140767847626207060227953799307519140772540656938371574104923,1.6656779640698682195177237624267744835899858646325742163020707453559507225968610,0.0,0.42135621918583291555992115503376308298701525810859474147306363799049615679744358,1.5974790702572846367541009732660504049784475586497667215675247516491727859829483,1.5974790702572846367541009732660504049784475586497667215675247516491727859829483,1.6656779640698693217969780404202512018648623440292625880794714951119201744917294
hires,2,0,raw,window,80,0.000000000000000018048081457885912457920201832241428883364151449456043535710030474601555772932622,0.085792899699830446930242642220021442262375014254918973181108953777285049369704846,0.22974123045498892892973667816091526208245056377301717808800288060016506517412817,0.22974123045498891088165522027500280416224873153158829472385143114412152946409770,0.24364321162237155082305228061208775961925415970317607387926539235436733475161463,0.0,0.085792899699830422910235218919947218371304612160809573419333071695224451039681025,0.22974123045498881878206863752688857779994806021973744213497237811731340665336807,0.22974123045498881878206863752688857779994806021973744213497237811731340665336807,0.24364321162237146088354118963029757387516435418255280922072241108902696394784664
hires,2,0,raw,S,120,0.000000000000000166598059004168274987000548407472853018731877832311174393571126184200584809233997021641625979102225000487191601825267721,0.683603107901184128067728653481997464362424872425659840361250106451235656777802449759509877844615742329972336003736074846,2.28108217815846786126170009659855465660528396027734709392770916208655866901419403914750701486158870350160462266187616476,2.28108217815846769466364109243027966960473555280449407519583132977538427544306785494692220562759168185997864355965116427,2.39195559411775702475547194122288347952560457286355960879147120717423011337944293729473348636950551033620797217826311160,0.0,0.683603107901184181421490311738341827028573413819277473203016931941346500580758797354474639260674541192232998711308248142,2.28108217815846881817559128500439223200702097246904419477054168359051928656370707911530743841037705364587623918017388366,2.28108217815846881817559128500439223200702097246904419477054168359051928656370707911530743841037705364587623918017388366,2.39195559411775808040980076720367451235305003560471764225241086035099597250289276901750914768146562850392335522690701779
hires,2,0,raw,1,120,0.000000000000000333196118008336549974001096814945706037463755664622348787142252368401169618467994043283251958204450000974383203650535442,1.36720621580236825613545730696399492872484974485131968072250021290247131355560489951901975568923148465994467200747214969,4.56216435631693572252340019319710931321056792055469418785541832417311733802838807829501402972317740700320924532375232952,4.56216435631693538932728218486055933920947110560898815039166265955076855088613570989384441125518336371995728711930232854,4.78391118823551404951094388244576695905120914572711921758294241434846022675888587458946697273901102067241594435652622321,0.0,1.36720621580236836284298062347668365405714682763855494640603386388269300116151759470894927852134908238446599742261649628,4.56216435631693763635118257000878446401404194493808838954108336718103857312741415823061487682075410729175247836034776731,4.56216435631693763635118257000878446401404194493808838954108336718103857312741415823061487682075410729175247836034776731,4.78391118823551616081960153440734902470610007120943528450482172070199194500578553803501829536293125700784671045381403558
hires,2,0,raw,u,120,0.000000000000000166598059004168274987000548407472853018731877832311174393571126184200584809233997021641625979102225000487191601825267721,0.683603107901184128067728653481997464362424872425659840361250106451235656777802449759509877844615742329972336003736074846,2.28108217815846786126170009659855465660528396027734709392770916208655866901419403914750701486158870350160462266187616476,2.28108217815846769466364109243027966960473555280449407519583132977538427544306785494692220562759168185997864355965116427,2.39195559411775702475547194122288347952560457286355960879147120717423011337944293729473348636950551033620797217826311160,0.0,0.683603107901184181421490311738341827028573413819277473203016931941346500580758797354474639260674541192232998711308248142,2.28108217815846881817559128500439223200702097246904419477054168359051928656370707911530743841037705364587623918017388366,2.28108217815846881817559128500439223200702097246904419477054168359051928656370707911530743841037705364587623918017388366,2.39195559411775808040980076720367451235305003560471764225241086035099597250289276901750914768146562850392335522690701779
hires,2,0,raw,u^2,120,0.000000000000000116986680528391557335716666975629372765903199468369496275366619405008385393300210345881661740513368988138221551494354917,0.421356219185832853938358071035852663139535529045777117921868290028648141860876348765407265243783927844406494023635082141,1.59747907025728360650075731315417804173946235556012467998045353406333343277711169758286410145705132893194948286995572662,1.59747907025728348951407678476262070602279537993075191407725406569383715741049229257447870815684098305028774235658673849,1.66567796406986821951772376242677448358998586463257421630207074535595072259686096755526842749260534030111381364999441699,0.0,0.421356219185832915559921155033763082987015258108594741473063637990496156797443581272780268767454632330854562796274598797,1.59747907025728463675410097326605040497844755864976672156752475164917278598294828176083279914970251245364324046886563551,1.59747907025728463675410097326605040497844755864976672156752475164917278598294828176083279914970251245364324046886563551,1.66567796406986932179697804042025120186486234402926258807947149511192017449172939701768048503068456777784613361140726867
hires,2,0,raw,window,120,0.0000000000000000180480814578859124579202018322414288833641514494560435357100304746015557729326221160422873406421113419033620797574261597,0.0857928996998304469302426422200214422623750142549189731811089537772850493697048462962428880481116291111492398004369535276,0.229741230454988928929736678160915262082450563773017178088002880600165065174128170146374832758797239683393527270928962947,0.229741230454988910881655220275002804162248731531588294723851431144121529464097695544819059826175123641106186628817621044,0.243643211622371550823052280612087759619254159703176073879265392354367334751614632903748090261579433259293540874188913576,0.0,0.0857928996998304229102352189199472183713046121608095734193330716952244510396810250968472004803083313674755115911843690203,0.229741230454988818782068637526888577799948060219737442134972378117313406653368067829509112382188695190260604671610019728,0.229741230454988818782068637526888577799948060219737442134972378117313406653368067829509112382188695190260604671610019728,0.243643211622371460883541189630297573875164354182552809220722411089026963947846638057156460794630577756629217525461940358
hires,2,1/8,raw,S,80,0.080058767558021790072521486521175054397895383355525129593609068642727584282969332,0.59949261644358129278690712694687834094799897113795426011376036790253479988340651,2.1796478854899338080715383141848136614317448864249295683724728459479317373875290,2.0995891179319120179990168276636386070338495030694044387788637773052041531045597,2.1412722363046780852706981228405788955479474979954220589562565367248798541790174,0.080058767558021623623890653298932300617203377829054929466583807115849936865934166,0.59949261644358134449431659901264942953404422978240602685056077094487003501048283,2.1796478854899347002896834876136464945149856565144371125036196303677226997031558,2.0995891179319130766657928343147141938977822786853821830370358232518727628372216,2.1412722363046790165700846848344800442831572984201439034393557520636495941389408
hires,2,1/8,raw,1,80,0.16011753511604358014504297304235010879579076671105025918721813728545516856593866,1.1989852328871625855738142538937566818959979422759085202275207358050695997668130,4.3592957709798676161430766283696273228634897728498591367449456918958634747750580,4.1991782358638240359980336553272772140676990061388088775577275546104083062091193,4.2825444726093561705413962456811577910958949959908441179125130734497597083580349,0.16011753511604324724778130659786460123440675565810985893316761423169987373186833,1.1989852328871626889886331980252988590680884595648120537011215418897400700209657,4.3592957709798694005793669752272929890299713130288742250072392607354453994063116,4.1991782358638261533315856686294283877955645573707643660740716465037455256744433,4.2825444726093580331401693696689600885663145968402878068787115041272991882778816
hires,2,1/8,raw,u,80,0.080058767558021790072521486521175054397895383355525129593609068642727584282969332,0.59949261644358129278690712694687834094799897113795426011376036790253479988340651,2.1796478854899338080715383141848136614317448864249295683724728459479317373875290,2.0995891179319120179990168276636386070338495030694044387788637773052041531045597,2.1412722363046780852706981228405788955479474979954220589562565367248798541790174,0.080058767558021623623890653298932300617203377829054929466583807115849936865934166,0.59949261644358134449431659901264942953404422978240602685056077094487003501048283,2.1796478854899347002896834876136464945149856565144371125036196303677226997031558,2.0995891179319130766657928343147141938977822786853821830370358232518727628372216,2.1412722363046790165700846848344800442831572984201439034393557520636495941389408
hires,2,1/8,raw,u^2,80,0.049359441268982949343188860351067723778562449106255228858484481002349406807796011,0.36972998210382876262296870466880723622399644234896787937411760445428146576232832,1.5236940183700540771094537706956286715162986253161122372663348643191725163069920,1.4743345771010711277662649103445609477377361762098570084078503833168231094991960,1.4897828279152260166067211686319635418525967744070008625613984244000056648257301,0.049359441268982836836745547262452530408292122415824741109923745990643722523013082,0.36972998210382881875294797654455905440863803084862651734342355094261971578623589,1.5236940183700550400862385906142293679273546859414179947754408797233932665906075,1.4743345771010722032494930433517768375190625635255932536655171337327495440675944,1.4897828279152269882086678138676396030932979479843743109080913160789249893382186
hires,2,1/8,raw,window,80,0.010048608749637551784017148672153453897050455315392420254564855036345032740430139,0.075255358631684420764460844861328099893658645643624252623378322555409460839116039,0.22033696830447250375824140434960318416211316183394712690977269152147063633494556,0.21028835955483495197422425567744973026506270651855470665520783648512560359451542,0.21867583414941038919676017864476406053821372255548334851371648352376144038661524,0.010048608749637531737050251335934854678414881526724803620746711999368581288498763,0.075255358631684397501877891625032701191355348056786538612320207371427485061393190,0.22033696830447239438626812365736114683833747627057157342663980934842632549461441,0.21028835955483486264921787232142629215992259474384676980589309734905774420611565,0.21867583414941029988634717598217150537144895096726660049445281943838190952313437
hires,2,1/8,raw,S,120,0.0800587675580217900725214865211750543978953833555251295936090686427275842829693316177347135293187347176908177359422080687,0.599492616443581292786907126946878340947998971137954260113760367902534799883406505216077181758084085782107258993344055726,2.17964788548993380807153831418481366143174488642492956837247284594793173738752898974788358767723681919470095429044393350,2.09958911793191201799901682766363860703384950306940443877886377730520415310455965813014887414791808447701013655450172543,2.14127223630467808527069812284057889554794749799542205895625653672487985417901743732883670131808418371474372179561425081,0.0800587675580216236238906532989323006172033778290549294665838071158499368659341657172684782474171214763801014491219937193,0.599492616443581344494316599012649429534044229782406026850560770944870035010482826718479563014377278751442909305088501393,2.17964788548993470028968348761364649451498565651443711250361963036772269970315581925218496769386405224292811277067917034,2.09958911793191307666579283431471419389778227868538218303703582325187276283722165353491648944644693076654801132155717662,2.14127223630467901657008468483448004428315729842014390343935575206364959413894080015889881030268167607067350614235160943
hires,2,1/8,raw,1,120,0.160117535116043580145042973042350108795790766711050259187218137285455168565938663235469427058637469435381635471884416137,1.19898523288716258557381425389375668189599794227590852022752073580506959976681301043215436351616817156421451798668811145,4.35929577097986761614307662836962732286348977284985913674494569189586347477505797949576717535447363838940190858088786700,4.19917823586382403599803365532727721406769900613880887755772755461040830620911931626029774829583616895402027310900345087,4.28254447260935617054139624568115779109589499599084411791251307344975970835803487465767340263616836742948744359122850162,0.160117535116043247247781306597864601234406755658109858933167614231699873731868331434536956494834242952760202898243987439,1.19898523288716268898863319802529885906808845956481205370112154188974007002096565343695912602875455750288581861017700279,4.35929577097986940057936697522729298902997131302887422500723926073544539940631163850436993538772810448585622554135834069,4.19917823586382615333158566862942838779556455737076436607407164650374552567444330706983297889289386153309602264311435325,4.28254447260935803314016936966896008856631459684028780687871150412729918827788160031779762060536335214134701228470321886
hires,2,1/8,raw,u,120,0.0800587675580217900725214865211750543978953833555251295936090686427275842829693316177347135293187347176908177359422080687,0.599492616443581292786907126946878340947998971137954260113760367902534799883406505216077181758084085782107258993344055726,2.17964788548993380807153831418481366143174488642492956837247284594793173738752898974788358767723681919470095429044393350,2.09958911793191201799901682766363860703384950306940443877886377730520415310455965813014887414791808447701013655450172543,2.14127223630467808527069812284057889554794749799542205895625653672487985417901743732883670131808418371474372179561425081,0.0800587675580216236238906532989323006172033778290549294665838071158499368659341657172684782474171214763801014491219937193,0.599492616443581344494316599012649429534044229782406026850560770944870035010482826718479563014377278751442909305088501393,2.17964788548993470028968348761364649451498565651443711250361963036772269970315581925218496769386405224292811277067917034,2.09958911793191307666579283431471419389778227868538218303703582325187276283722165353491648944644693076654801132155717662,2.14127223630467901657008468483448004428315729842014390343935575206364959413894080015889881030268167607067350614235160943
hires,2,1/8,raw,u^2,120,0.0493594412689829493431888603510677237785624491062552288584844810023494068077960111388044194347857736003058487146754007816,0.369729982103828762622968704668807236223996442348967879374117604454281465762328321437583498846775888464613338255373420403,1.52369401837005407710945377069562867151629862531611223726633486431917251630699202852528940953412293731587955510254479801,1.47433457710107112776626491034456094773773617620985700840785038331682310949919601738648499009933716371557370638786939723,1.48978282791522601660672116863196354185259677440700086256139842440000566482573013049825238319006127174212652551323427187,0.0493594412689828368367455472624525304082921224158247411099237459906437225230130818326408615275884051396640358736844930710,0.369729982103828818752947976544559054408638030848626517343423550942619715786235885956286453082051487787791961759315937640,1.52369401837005504008623859061422936792735468594141799477544087972339326659060746308461711178040875030160723990358405753,1.47433457710107220324949304335177683751906256352559325366551713373274954406759438125197625025282034516194320402989956446,1.48978282791522698820866781386763960309329794798437431090809131607892498933821858182852865926536821952243172644332539737
hires,2,1/8,raw,window,120,0.0100486087496375517840171486721534538970504553153924202545648550363450327404301394355544633607393769048842734650074541153,0.0752553586316844207644608448613280998936586456436242526233783225554094608391160392905755031320918445611341399887663957015,0.220336968304472503758241404349603184162113161833947126909772691521470636334945557134761796909942301855494136144035295643,0.210288359554834951974224255677449730265062706518554706655207836485125603594515417699207333549202924950609862679027841528,0.218675834149410389196760178644764060538213722555483348513716483523761440386615244223864589332940413462917447523461782877,0.0100486087496375317370502513359348546784148815267248036207467119993685812884987628456641658387536517003918219334770081366,0.0752553586316843975018778916250327011913553480567865386123202073714274850613931903289662187085486356620149120154056156233,0.220336968304472394386268123657361146838337476270571573426639809348426325494614413437877104958081734517399861354997573949,0.210288359554834862649217872321426292159922594743846769805893097349057744206115650592212939119328082817008039421520565812,0.218675834149410299886347175982171505371448950967266600494452819438381909523134372244403852603308898192777134143146801657
hires,8,-1/8,raw,S,80,-0.000078788779793276814358084012151849775764753957545620135967806965410976072688488380,0.00064843043215199704945952895779870326231751684455971220514175782860676227666917666,0.0018610378403986098176977482634601320115946489480005897727229131239843957490878454,0.0019398266201918866320558322756119817873594029055462099086907200893953718217763338,0.00081112347151652233471317593260446981277833787285321392981924261198225800895152734,-0.000078788779793276892219281541229410040986861196203629133149329688923106082361991155,0.00064843043215199702860997022321791981860159302572914657569184704855308797659782302,0.0018610378403986103408643760925175046792906928096948759878339282660933549916016463,0.0019398266201918872330836576337469147202775540058985051209832579550164610739636375,0.00081112347151652246428647731619816512452765523397252987409578150955178237295712467
hires,8,-1/8,raw,1,80,-0.00015757755958655362871616802430369955152950791509124027193561393082195214537697676,0.0012968608643039940989190579155974065246350336891194244102835156572135245533383533,0.0037220756807972196353954965269202640231892978960011795454458262479687914981756907,0.0038796532403837732641116645512239635747188058110924198173814401787907436435526675,0.0016222469430330446694263518652089396255566757457064278596384852239645160179030547,-0.00015757755958655378443856308245882008197372239240725826629865937784621216472398231,0.0012968608643039940572199404464358396372031860514582931513836940971061759531956460,0.0037220756807972206817287521850350093585813856193897519756678565321867099832032926,0.0038796532403837744661673152674938294405551080117970102419665159100329221479272749,0.0016222469430330449285729546323963302490553104679450597481915630191035647459142493
hires,8,-1/8,raw,u,80,-0.000078788779793276814358084012151849775764753957545620135967806965410976072688488380,0.00064843043215199704945952895779870326231751684455971220514175782860676227666917666,0.0018610378403986098176977482634601320115946489480005897727229131239843957490878454,0.0019398266201918866320558322756119817873594029055462099086907200893953718217763338,0.00081112347151652233471317593260446981277833787285321392981924261198225800895152734,-0.000078788779793276892219281541229410040986861196203629133149329688923106082361991155,0.00064843043215199702860997022321791981860159302572914657569184704855308797659782302,0.0018610378403986103408643760925175046792906928096948759878339282660933549916016463,0.0019398266201918872330836576337469147202775540058985051209832579550164610739636375,0.00081112347151652246428647731619816512452765523397252987409578150955178237295712467
hires,8,-1/8,raw,u^2,80,-0.000047248997964036453733841915589347564481263524527546191597816154591206107151121679,0.00038858587713824507583324173027897367310886002946819030926898194405935910304723226,0.0012463565180747692961798230023170950412846725911276076509005534543390751641140988,0.0012936055160388057499136649179064426057659361156551538424983696089302812712652205,0.00051662073889442556054775050857202230285359164544332637882033797883292302502697292,-0.000047248997964036502959425883158106321575923266884633206133872735798648029438601968,0.00038858587713824507982906808902952291541145912272469375109741637531362284492724273,0.0012463565180747698797159206876179927615835019905646110423128013567876083834047726,0.0012936055160388063826753465707760990831594252574492442484466740925862564128433746,0.00051662073889442571461765202019758537723824669079342589581586976456438692786689368
hires,8,-1/8,raw,window,80,-0.0000096818601335836207749339668153481973633916468133810439912067518683455771822509342,0.000079583112087454141665580350357657582060841694918370351261772133268747001246040852,0.00020225093352927820637515371782648958656132446466186771747199640565238845477353605,0.00021193279366286182715008768464183778392471611147524876146320315752073403195578698,0.000092085379512501751307100056599250947168876159210315003415657557562981693922685381,-0.0000096818601335836364630097345353699947279293841416974834863996238671007930276532236,0.000079583112087454116968963844597527487262610918095109891357847996620208271624929138,0.00020225093352927811579762801988114460054015826411741134708689270641658043123928313,0.00021193279366286175226063775441651459526808764825910883057329233028368122426693636,0.000092085379512501720492885395039185410355253230722262504489949428339008418648899525
hires,8,-1/8,raw,S,120,-0.0000787887797932768143580840121518497757647539575456201359678069654109760726884883795874419933745139759675061742421241558804,0.000648430432151997049459528957798703262317516844559712205141757828606762276669176656227472910458270176557831813984982465622,0.00186103784039860981769774826346013201159464894800058977272291312398439574908784537473945925227426333397660992534391964560,0.00193982662019188663205583227561198178735940290554620990869072008939537182177633375432690124564877730994411609958604380148,0.000811123471516522334713175932604469812778337872853213929819242611982258008951527336258607130345137658193764964275840383923,-0.0000787887797932768922192815412294100409868611962036291331493296889231060823619911553406303467163889086735335778150452151371,0.000648430432151997028609970223217919818601593025729146575691847048553087976597823024171934730451028650193368519215507106293,0.00186103784039861034086437609251750467929069280969487598783392826609335499160164630186791080885694308426410429851558365148,0.00193982662019188723308365763374691472027755400589850512098325795501646107396363745720854115557333199293763787633062886661,0.000811123471516522464286477316198165124527655233972529874095781509551782372957124671005007211573660481708582309681016570717
hires,8,-1/8,raw,1,120,-0.000157577559586553628716168024303699551529507915091240271935613930821952145376976759174883986749027951935012348484248311761,0.00129686086430399409891905791559740652463503368911942441028351565721352455333835331245494582091654035311566362796996493124,0.00372207568079721963539549652692026402318929789600117954544582624796879149817569074947891850454852666795321985068783929120,0.00387965324038377326411166455122396357471880581109241981738144017879074364355266750865380249129755461988823219917208760296,0.00162224694303304466942635186520893962555667574570642785963848522396451601790305467251721426069027531638752992855168076785,-0.000157577559586553784438563082458820081973722392407258266298659377846212164723982310681260693432777817347067155630090430274,0.00129686086430399405721994044643583963720318605145829315138369409710617595319564604834386946090205730038673703843101421259,0.00372207568079722068172875218503500935858138561938975197566785653218670998320329260373582161771388616852820859703116730296,0.00387965324038377446616731526749382944055510801179701024196651591003292214792727491441708231114666398587527575266125773323,0.00162224694303304492857295463239633024905531046794505974819156301910356474591424934201001442314732096341716461936203314143
hires,8,-1/8,raw,u,120,-0.0000787887797932768143580840121518497757647539575456201359678069654109760726884883795874419933745139759675061742421241558804,0.000648430432151997049459528957798703262317516844559712205141757828606762276669176656227472910458270176557831813984982465622,0.00186103784039860981769774826346013201159464894800058977272291312398439574908784537473945925227426333397660992534391964560,0.00193982662019188663205583227561198178735940290554620990869072008939537182177633375432690124564877730994411609958604380148,0.000811123471516522334713175932604469812778337872853213929819242611982258008951527336258607130345137658193764964275840383923,-0.0000787887797932768922192815412294100409868611962036291331493296889231060823619911553406303467163889086735335778150452151371,0.000648430432151997028609970223217919818601593025729146575691847048553087976597823024171934730451028650193368519215507106293,0.00186103784039861034086437609251750467929069280969487598783392826609335499160164630186791080885694308426410429851558365148,0.00193982662019188723308365763374691472027755400589850512098325795501646107396363745720854115557333199293763787633062886661,0.000811123471516522464286477316198165124527655233972529874095781509551782372957124671005007211573660481708582309681016570717
hires,8,-1/8,raw,u^2,120,-0.0000472489979640364537338419155893475644812635245275461915978161545912061071511216785876962251827435177638798902254058404074,0.000388585877138245075833241730278973673108860029468190309268981944059359103047232260023801369962019287457848288587959173496,0.00124635651807476929617982300231709504128467259112760765090055345433907516411409881909125620076454828566930512958306779367,0.00129360551603880574991366491790644260576593611565515384249836960893028127126522049767895242594729180343318501980847363407,0.000516620738894425560547750508572022302853591645443326378820337978832923025026972918577492198725005607859068221163658084816,-0.0000472489979640365029594258831581063215759232668846332061338727357986480294386019680545892991405904546772335477398823804224,0.000388585877138245079829068089029522915411459122724693751097416375313622844927242728980042976724735324681257380067100812129,0.00124635651807476987971592068761799276158350199056461104231280135678760838340477264668289071735339062456654672029330079502,0.00129360551603880638267534657077609908315942525744924424844667409258625641284337461473748001649398107924378026803318317544,0.000516620738894425714617652020197585377238246690793425895815869764564386927866893677844205010790820333148322438292437308555
hires,8,-1/8,raw,window,120,-0.00000968186013358362077493396681534819736339164681338104399120675186834557718225093423451151415620651772699019621884962611045,0.0000795831120874541416655803503576575820608416949183703512617721332687470012460408515135292834559437420793430632580779509616,0.000202250933529278206375153717826489586561324464661867717471996405652388454773536050516521468777622271609061786062543397717,0.000211932793662861827150087684641837783924716111475248761463203157520734031955786984751032982933828789336051982281393023828,0.0000920853795125017513071000565992509471688761592103150034156575575629816939226853808085052731525130629179412417627787789932,-0.00000968186013358363646300973453536999472792938414169748348639962386710079302765322365673402708017127862647427117186363853020,0.0000795831120874541169689638445975274872626109180951098913578479966202082716249291377198231406182588807973924889400405274053,0.000202250933529278115797628019881144600540158264117411347086892706416580431239283134308949146630864644130247315783681845305,0.000211932793662861752260637754416514595268087648259108830573292330283681224266936357965683173711035922756721586955545483835,0.0000920853795125017204928853950391854103552532307222625044899494283390084186488995252197510549641084467884088363695080778016
hires,8,0,raw,S,80,0.000000000000000000041393076667594684797997705843441306560126890291083252377852979499837774762632059,0.00061254833220820972914524184617652985410678836590037734605973825617729534780058572,0.0018510239382467375088157775523415852329329234918716985987279424187237453922007424,0.0018510239382467374674227008847469004349352176484303920386010521276404930143477629,0.00077033427126379328631795157856058042649860445428768431649652911591549443613580606,0.0,0.00061254833220820969354041748609083662337815959447615731190020689191400409302911316,0.0018510239382467380256694046858793722500547379720696897996571235072805222321710551,0.0018510239382467380256694046858793722500547379720696897996571235072805222321710551,0.00077033427126379339812512890653374456631698095937080149015587620101283501915091468
hires,8,0,raw,1,80,0.000000000000000000082786153335189369595995411686882613120253780582166504755705958999675549525264118,0.0012250966644164194582904836923530597082135767318007546921194765123545906956011714,0.0037020478764934750176315551046831704658658469837433971974558848374474907844014849,0.0037020478764934749348454017694938008698704352968607840772021042552809860286955259,0.0015406685425275865726359031571211608529972089085753686329930582318309888722716121,0.0,0.0012250966644164193870808349721816732467563191889523146238004137838280081860582263,0.0037020478764934760513388093717587445001094759441393795993142470145610444643421103,0.0037020478764934760513388093717587445001094759441393795993142470145610444643421103,0.0015406685425275867962502578130674891326339619187416029803117524020256700383018294
hires,8,0,raw,u,80,0.000000000000000000041393076667594684797997705843441306560126890291083252377852979499837774762632059,0.00061254833220820972914524184617652985410678836590037734605973825617729534780058572,0.0018510239382467375088157775523415852329329234918716985987279424187237453922007424,0.0018510239382467374674227008847469004349352176484303920386010521276404930143477629,0.00077033427126379328631795157856058042649860445428768431649652911591549443613580606,0.0,0.00061254833220820969354041748609083662337815959447615731190020689191400409302911316,0.0018510239382467380256694046858793722500547379720696897996571235072805222321710551,0.0018510239382467380256694046858793722500547379720696897996571235072805222321710551,0.00077033427126379339812512890653374456631698095937080149015587620101283501915091468
hires,8,0,raw,u^2,80,0.000000000000000000029671524326064655194606608759801089280622255530185244625165447170945188041726018,0.00036760447227600688475612293588946325943223144772977505334120711501117445624788947,0.0012384756060385277556876106931885551679216614929179344255700691092340559665523966,0.0012384756060385277260160863671238999733150527331168451449478135790488113413869495,0.00049178604538757984774225046813533074101006573808512484221612262779819288617058135,0.0,0.00036760447227600688075321897240924583637701828975131578326705231300786179244306688,0.0012384756060385283321289871997885356266765783775935324877569166153665181391419420,0.0012384756060385283321289871997885356266765783775935324877569166153665181391419420,0.00049178604538757999026917296967437735604561604506205874996420387651510511878588405
hires,8,0,raw,window,80,-0.0000000000000000000010321470112492304051989806396465249132941516964790953010236724353047052194287093,0.000075366453874790407430581854452644712776818040435315367256995842298953202619685123,0.00020148148203695505256742819481164212031831153675387535738567920592941593803341661,0.00020148148203695505359957520606087252551729217640040027067983090240851123905708905,0.000087489008645326751398942865277674952747006733789074307688456139327399484699358988,0.0,0.000075366453874790374602527420713365712706546020782424531063373871852834192679298859,0.00020148148203695496273743942867322808323001967719069566907201347954019928025577777,0.00020148148203695496273743942867322808323001967719069566907201347954019928025577777,0.000087489008645326712397606380260156640686035191750568996807787342576807055544240856
hires,8,0,raw,S,120,0.0000000000000000000413930766675946847979977058434413065601268902910832523778529794998377747626320589224014602922848128149175046703210328904,0.000612548332208209729145241846176529854106788365900377346059738256177295347800585718639284743781005914256093855915118778538,0.00185102393824673750881577755234158523293292349187169859872794241872374539220074244129953999533601822433829108474397138704,0.00185102393824673746742270088474690043493521764843039203860105212764049301434776294146176523270395930193683079245915857212,0.000770334271263793286317951578560580426498604454287684316496529115915494436135806056174530953806107051106508783771071888163,0.0,0.000612548332208209693540417486090836623378159594476157311900206891914004093029113160084320283342892754650153987908828672032,0.00185102393824673802566940468587937225005473797206968979965712350728052223217105514451362697502495440732237669348417885988,0.00185102393824673802566940468587937225005473797206968979965712350728052223217105514451362697502495440732237669348417885988,0.000770334271263793398125128906533744566316980959370801490155876201012835019150914683787238232564793515973616618503442503699
hires,8,0,raw,1,120,0.0000000000000000000827861533351893695959954116868826131202537805821665047557059589996755495252641178448029205845696256298350093406420657807,0.00122509666441641945829048369235305970821357673180075469211947651235459069560117143727856948756201182851218771183023755708,0.00370204787649347501763155510468317046586584698374339719745588483744749078440148488259907999067203644867658216948794277407,0.00370204787649347493484540176949380086987043529686078407720210425528098602869552588292353046540791860387366158491831714424,0.00154066854252758657263590315712116085299720890857536863299305823183098887227161211234906190761221410221301756754214377633,0.0,0.00122509666441641938708083497218167324675631918895231462380041378382800818605822632016864056668578550930030797581765734406,0.00370204787649347605133880937175874450010947594413937959931424701456104446434211028902725395004990881464475338696835771975,0.00370204787649347605133880937175874450010947594413937959931424701456104446434211028902725395004990881464475338696835771975,0.00154066854252758679625025781306748913263396191874160298031175240202567003830182936757447646512958703194723323700688500740
hires,8,0,raw,u,120,0.0000000000000000000413930766675946847979977058434413065601268902910832523778529794998377747626320589224014602922848128149175046703210328904,0.000612548332208209729145241846176529854106788365900377346059738256177295347800585718639284743781005914256093855915118778538,0.00185102393824673750881577755234158523293292349187169859872794241872374539220074244129953999533601822433829108474397138704,0.00185102393824673746742270088474690043493521764843039203860105212764049301434776294146176523270395930193683079245915857212,0.000770334271263793286317951578560580426498604454287684316496529115915494436135806056174530953806107051106508783771071888163,0.0,0.000612548332208209693540417486090836623378159594476157311900206891914004093029113160084320283342892754650153987908828672032,0.00185102393824673802566940468587937225005473797206968979965712350728052223217105514451362697502495440732237669348417885988,0.00185102393824673802566940468587937225005473797206968979965712350728052223217105514451362697502495440732237669348417885988,0.000770334271263793398125128906533744566316980959370801490155876201012835019150914683787238232564793515973616618503442503699
hires,8,0,raw,u^2,120,0.0000000000000000000296715243260646551946066087598010892806222555301852446251654471709451880417260177328194376791021423084765509985143048510,0.000367604472276006884756122935889463259432231447729775053341207115011174456247889471057239327765856118058007004099876437174,0.00123847560603852775568761069318855516792166149291793442557006910923405596655239662848258421911875886823458266241612376630,0.00123847560603852772601608636712389997331505273311684514494781357904881134138694945753739617739274113541514498331398145782,0.000491786045387579847742250468135330741010065738085124842216122627798192886170581353996924803827433175193200229254823920848,0.0,0.000367604472276006880753218972409245836377018289751315783267052313007861792443066880905165780948814985880226531117698512542,0.00123847560603852833212898719978853562667657837759353248775691661536651813914194198442930669168206165267222270557535018784,0.00123847560603852833212898719978853562667657837759353248775691661536651813914194198442930669168206165267222270557535018784,0.000491786045387579990269172969674377356045616045062058749964203876515105118785884052585480746144539646071441332535762221429
hires,8,0,raw,window,120,-0.00000000000000000000103214701124923040519898063964652491329415169647909530102367243530470521942870926413579708955074928653794080646774738673,0.0000753664538747904074305818544526447127768180404353153672569958422989532026196851231050934965736594848179216270824390534521,0.000201481482036955052567428194811642120318311536753875357385679205929415938033416611888024201994274707729420817120522535075,0.000201481482036955053599575206060872525517292176400400270679830902408511239057089047192729421422983971865217906671271821613,0.0000874890086453267513989428652776749527470067337890743076884561393273994846993589879100667668322228022530207982681533576885,0.0,0.0000753664538747903746025274207133657127065460207824245310633738718528341926792988596203794838069303963070023259743528248919,0.000201481482036954962737439428673228083230019677190695669072013479540199280255777767325654241306525382876048436225637108539,0.000201481482036954962737439428673228083230019677190695669072013479540199280255777767325654241306525382876048436225637108539,0.0000874890086453267123976063802601566406860351917505689968077873425768070555442408567031529735625737578561174053443042497765
hires,8,1/8,raw,S,80,0.000074435089961378376274414426669840960161003361909083583084821917287282005419447431,0.00057874941038026456793622466572859823210006797571847270945282158523583057926351063,0.0018413104488435865981656778374440849152174108800222030403422476459890945020581880,0.0017668753588822082218912634107742439550564075181131194572574257287018124966387406,0.00073182743434669591132113731634995605059039294408235817437103160258280852236335370,0.000074435089961378364830270492709014914300411017401434678615699208329745941609891053,0.00057874941038026452323399122677370938099442915507738850323984556183664514130793781,0.0018413104488435871098803040999383155415993478868449128197678550566168231975352782,0.0017668753588822087450500336072293006272989368694434781411521558482870772559253872,0.00073182743434669601152832968422690128537782181598266547290026430238702920469559695
hires,8,1/8,raw,1,80,0.00014887017992275675254882885333968192032200672381816716616964383457456401083889486,0.0011574988207605291358724493314571964642001359514369454189056431704716611585270213,0.0036826208976871731963313556748881698304348217600444060806844952919781890041163760,0.0035337507177644164437825268215484879101128150362262389145148514574036249932774811,0.0014636548686933918226422746326999121011807858881647163487420632051656170447267074,0.00014887017992275672966054098541802982860082203480286935723139841665949188321978211,0.0011574988207605290464679824535474187619888583101547770064796911236732902826158756,0.0036826208976871742197606081998766310831986957736898256395357101132336463950705564,0.0035337507177644174901000672144586012545978737388869562823043116965741545118507743,0.0014636548686933920230566593684538025707556436319653309458005286047740584093911939
hires,8,1/8,raw,u,80,0.000074435089961378376274414426669840960161003361909083583084821917287282005419447431,0.00057874941038026456793622466572859823210006797571847270945282158523583057926351063,0.0018413104488435865981656778374440849152174108800222030403422476459890945020581880,0.0017668753588822082218912634107742439550564075181131194572574257287018124966387406,0.00073182743434669591132113731634995605059039294408235817437103160258280852236335370,0.000074435089961378364830270492709014914300411017401434678615699208329745941609891053,0.00057874941038026452323399122677370938099442915507738850323984556183664514130793781,0.0018413104488435871098803040999383155415993478868449128197678550566168231975352782,0.0017668753588822087450500336072293006272989368694434781411521558482870772559253872,0.00073182743434669601152832968422690128537782181598266547290026430238702920469559695
hires,8,1/8,raw,u^2,80,0.000044702121378046648602419785777576024712883240015583951442439835047370932662244445,0.00034782326827683970057740131724566672569253373499173682826321657945026343095276190,0.0012308305087606382206220504982821719412771973166304499448220661464168225187587859,0.0011861283873825915720196307125045959165643140766148659933796263113694515860965415,0.00046831058191568313951934449976999182841700909941441898052483304734383478185161789,0.000044702121378046633492110279006585707735022662983756793630137280185646214372726230,0.00034782326827683969302756156374684086998118631863846542161479806057376218658551930,0.0012308305087606387905730627986991210126224623294667404424049428815911364443905891,0.0011861283873825921570809525196925353048874396664829836487748056014054902300178629,0.00046831058191568327512095699584096822940352534858558678548580052049688416138818274
hires,8,1/8,raw,window,80,0.0000091694083532186477238291258619240626249932767141221786484710609391134183659020568,0.000071381547099024577637173512945205639086809962945993062274471139545262439336737377,0.00020073532427274524736029099012086695765892428574315332269451871982885423169562936,0.00019156591591952659963646186425894289503393100902903114404604765888974081332972730,0.000083138306183660396420077596295395028738887196701972210918659434228324723979202845,0.0000091694083532186509704640374733227472182608608639001081269169768928684385595382395,0.000071381547099024545328890359619094430612797574442492915241014016450806570583488009,0.00020073532427274515921025361764084250521173913640001529588489499321815970588475565,0.00019156591591952650823978958016751975799347827553611518775797801632529126732521741,0.000083138306183660359068032688745187493491150405588674974066057021637044042866319793
hires,8,1/8,raw,S,120,0.0000744350899613783762744144266698409601610033619090835830848219172872820054194474306439329675610857705502464535804069442047,0.000578749410380264567936224665728598232100067975718472709452821585235830579263510631182187005487149566480518975142851734856,0.00184131044884358659816567783744408491521741088002220304034224764598909450205818799158890556092072762008479500854657217544,0.00176687535888220822189126341077424395505640751811311945725742572870181249663874056094497259335964184953454855496616523124,0.000731827434346695911321137316349956050590392944082358174371031602582808522363353696423744561645117708944305231775573000527,0.0000744350899613783648302704927090149143004110174014346786156992083297459416098910524796550890374428305600202991545159682863,0.000578749410380264523233991226773709380994429155077388503239845561836645141307937808828983439779727653843095538798122788757,0.00184131044884358710988030409993831554159934788684491281976785505661682319753527821694160171630334812725101264926348303148,0.00176687535888220874505003360722930062729893686944347814115215584828707725592538716446194662726590529669099235010896706320,0.000731827434346696011528329684226901285377821815982665472900264302387029204695596951490509536760578148022561067763758299353
hires,8,1/8,raw,1,120,0.000148870179922756752548828853339681920322006723818167166169643834574564010838894861287865935122171541100492907160813888409,0.00115749882076052913587244933145719646420013595143694541890564317047166115852702126236437401097429913296103795028570346971,0.00368262089768717319633135567488816983043482176004440608068449529197818900411637598317781112184145524016959001709314435088,0.00353375071776441644378252682154848791011281503622623891451485145740362499327748112188994518671928369906909710993233046247,0.00146365486869339182264227463269991210118078588816471634874206320516561704472670739284748912329023541788861046355114600105,0.000148870179922756729660540985418029828600822034802869357231398416659491883219782104959310178074885661120040598309031936573,0.00115749882076052904646798245354741876198885831015477700647969112367329028261587561765796687955945530768619107759624557751,0.00368262089768717421976060819987663108319869577368982563953571011323364639507055643388320343260669625450202529852696606297,0.00353375071776441749010006721445860125459787373888695628230431169657415451185077432892389325453181059338198470021793412640,0.00146365486869339202305665936845380257075564363196533094580052860477405840939119390298101907352115629604512213552751659871
hires,8,1/8,raw,u,120,0.0000744350899613783762744144266698409601610033619090835830848219172872820054194474306439329675610857705502464535804069442047,0.000578749410380264567936224665728598232100067975718472709452821585235830579263510631182187005487149566480518975142851734856,0.00184131044884358659816567783744408491521741088002220304034224764598909450205818799158890556092072762008479500854657217544,0.00176687535888220822189126341077424395505640751811311945725742572870181249663874056094497259335964184953454855496616523124,0.000731827434346695911321137316349956050590392944082358174371031602582808522363353696423744561645117708944305231775573000527,0.0000744350899613783648302704927090149143004110174014346786156992083297459416098910524796550890374428305600202991545159682863,0.000578749410380264523233991226773709380994429155077388503239845561836645141307937808828983439779727653843095538798122788757,0.00184131044884358710988030409993831554159934788684491281976785505661682319753527821694160171630334812725101264926348303148,0.00176687535888220874505003360722930062729893686944347814115215584828707725592538716446194662726590529669099235010896706320,0.000731827434346696011528329684226901285377821815982665472900264302387029204695596951490509536760578148022561067763758299353
hires,8,1/8,raw,u^2,120,0.0000447021213780466486024197857775760247128832400155839514424398350473709326622444451844895337767753975471763712413767323098,0.000347823268276839700577401317245666725692533734991736828263216579450263430952761898211379653290266972711742983785109975999,0.00123083050876063822062205049828217194127719731663044994482206614641682251875878593574111225400702867651456493333838222454,0.00118612838738259157201963071250459591656431407661486599337962631136945158609654149055662272023025327896738856209700549223,0.000468310581915683139519344499769991828417009099414418980524833047343834781851617889419978805268113207864761157503784323396,0.0000447021213780466334921102790065857077350226629837567936301372801856462143727262303140003801810351007233785662165908628330,0.000347823268276839693027561563746840869981186318638465421614798060573762186585519299652290211339160976278338065983406243010,0.00123083050876063879057306279869912101262246232946674044240494288159113644439058912286330885198277860369921575060802278086,0.00118612838738259215708095251969253530488743966648298364877480560140549023001786289254930847180174350297583718439143191803,0.000468310581915683275120956995840968229403525348585586785485800520496884161388182745164448177859856022843205448783019674187
hires,8,1/8,raw,window,120,0.00000916940835321864772382912586192406262499327671412217864847106093911341836590205679045983714331990588316520973766364014961,0.0000713815470990245776371735129452056390868099629459930622744711395452624393367373773951563844612415013462548568361754736712,0.000200735324272745247360290990120866957658924285743153322694518719828854231695629359297835167353710900309390142722506132381,0.000191565915919526599636461864258942895033931009029031144046047658889740813329727302507375330210390994426224932984842492231,0.0000831383061836603964200775962953950287388871967019722109186594342283247239792028452786259647852336136335420657420214465197,0.00000916940835321865097046403747332274721826086086390010812691697689286843855953823955008203682718495463732094498588314933607,0.0000713815470990245453288903596190944306127975744424929152410140164508065705834880087670216708263753493415471822379039442806,0.000200735324272745159210253617640842505211739136400015295884894993218159705884755645684105755064373392838708416253460884277,0.000191565915919526508239789580167519757993478275536115187757978016325291267325217406134023718237188438201387471267577734941,0.0000831383061836603590680326887451874934911504055886749740660570216370440428663197929351912705384622303269369724180747553225
hires,32,-1/8,raw,S,80,-0.0000000000000025639647347625956111057735747902208702819098188146187530079640702063015981461428,0.000000000000021052163947689192009799709010268580401036947015846095340611515050567451755117994,0.000000000000053701987060977829674541484288534785902577701721863647026356554331704082388615219,0.000000000000056265951795740425285647257863325006772859611540678265779364518401910383986761362,0.000000000000021227332969792479276291795846469435555861120417628227035262892453625495522086973,-0.0000000000000025639647347625853085050673554920234031507723075430565468395531764512812161944262,0.000000000000021052163947689186410099832372112657935798714309035879961106540901700103999132713,0.000000000000053701987060977835447450665935423737039733416561380522793952427401878110053323780,0.000000000000056265951795740420755955733290915760442884188868923579340791980578329391269518206,0.000000000000021227332969792474031973665728642997196386688384298463713313246228800834847406009
hires,32,-1/8,raw,1,80,-0.0000000000000051279294695251912222115471495804417405638196376292375060159281404126031962922857,0.000000000000042104327895378384019599418020537160802073894031692190681223030101134903510235989,0.00000000000010740397412195565934908296857706957180515540344372729405271310866340816477723044,0.00000000000011253190359148085057129451572665001354571922308135653155872903680382076797352272,0.000000000000042454665939584958552583591692938871111722240835256454070525784907250991044173945,-0.0000000000000051279294695251706170101347109840468063015446150861130936791063529025624323888524,0.000000000000042104327895378372820199664744225315871597428618071759922213081803400207998265426,0.00000000000010740397412195567089490133187084747407946683312276104558790485480375622010664756,0.00000000000011253190359148084151191146658183152088576837773784715868158396115665878253903641,0.000000000000042454665939584948063947331457285994392773376768596927426626492457601669694812018
hires,32,-1/8,raw,u,80,-0.0000000000000025639647347625956111057735747902208702819098188146187530079640702063015981461428,0.000000000000021052163947689192009799709010268580401036947015846095340611515050567451755117994,0.000000000000053701987060977829674541484288534785902577701721863647026356554331704082388615219,0.000000000000056265951795740425285647257863325006772859611540678265779364518401910383986761362,0.000000000000021227332969792479276291795846469435555861120417628227035262892453625495522086973,-0.0000000000000025639647347625853085050673554920234031507723075430565468395531764512812161944262,0.000000000000021052163947689186410099832372112657935798714309035879961106540901700103999132713,0.000000000000053701987060977835447450665935423737039733416561380522793952427401878110053323780,0.000000000000056265951795740420755955733290915760442884188868923579340791980578329391269518206,0.000000000000021227332969792474031973665728642997196386688384298463713313246228800834847406009
hires,32,-1/8,raw,u^2,80,-0.0000000000000014950231451028325790807167577797774564525720545719271895136196061555777658199713,0.000000000000012264356303972370271795166380771501293679118416152189609238443643578398445741107,0.000000000000033719867212027000993243101328712008488302396056126931707882267913681540556772717,0.000000000000035214890357129833572323818086491785944754968110698858897395887519837118322592689,0.000000000000012422061194633742768388098911110761794228270378350834894007146863981865536382470,-0.0000000000000014950231451028267311163524334473713439385995850842243399475012320697213178485535,0.000000000000012264356303972367582165310031816914478466611070738265475235716140525894116380116,0.000000000000033719867212027008043729032060426479381645011006293552364147065487257002294108365,0.000000000000035214890357129834774845384493873850725583610591377776704094566719326723611956919,0.000000000000012422061194633740426243321466471729589397504813452259765432494306174675868847653
hires,32,-1/8,raw,window,80,-0.00000000000000031394821107197392862234709878225354617171821262259476961462124149096677113979090,0.0000000000000025710946808714427203929993167507046402453677175833352278023755066909682076767221,0.0000000000000065471293482157600663751428157463643955884836189790408103294317839867806812899391,0.0000000000000068610775592877339949974899145286179417602018316016355799440530254777474524297300,0.0000000000000025721074661674008235137740135325928470062211312274001221548926216575188074844518,-0.00000000000000031394821107197015713395683347291821062214241259105804068345846775074400436269145,0.0000000000000025710946808714405132564665464271501471132861906857307535442157288738932080459681,0.0000000000000065471293482157576139063521682382683597515329590781498570087193901547103745039804,0.0000000000000068610775592877277710403090017111865703736753716692078976921778579054543788666719,0.0000000000000025721074661673986156505958970613161665003736708836907313521875976462370433487847
hires,32,-1/8,raw,S,120,-0.00000000000000256396473476259561110577357479022087028190981881461875300796407020630159814614283006326708283808997971225880219934522448,0.0000000000000210521639476891920097997090102685804010369470158460953406115150505674517551179943500143304197087585962586294849390744043,0.0000000000000537019870609778296745414842885347859025777017218636470263565543317040823886152194672424077939761588650652743957265633430,0.0000000000000562659517957404252856472578633250067728596115406782657793645184019103839867613622973056748768142488447775331979259085675,0.0000000000000212273329697924792762917958464694355558611204176282270352628924536254955220869726442746349343404112866076411411556824765,-0.00000000000000256396473476258530850506735549202340315077230754305654683955317645128121619442620338036929448180818509462441582965970444,0.0000000000000210521639476891864100998323721126579357987143090358799611065409017001039991327127646100717424098555978250240890237433456,0.0000000000000537019870609778354474506659354237370397334165613805227939524274018781100533237801219046947626251664303735279235771993817,0.0000000000000562659517957404207559557332909157604428841888689235793407919805783293912695182063252850640571069746154681523394068590862,0.0000000000000212273329697924740319736657286429971963866883842984637133132462288008348474060089467183074878438967311108616418475034088
hires,32,-1/8,raw,1,120,-0.00000000000000512792946952519122221154714958044174056381963762923750601592814041260319629228566012653416567617995942451760439869044897,0.0000000000000421043278953783840195994180205371608020738940316921906812230301011349035102359887000286608394175171925172589698781488086,0.000000000000107403974121955659349082968577069571805155403443727294052713108663408164777230438934484815587952317730130548791453126686,0.000000000000112531903591480850571294515726650013545719223081356531558729036803820767973522724594611349753628497689555066395851817135,0.0000000000000424546659395849585525835916929388711117222408352564540705257849072509910441739452885492698686808225732152822823113649530,-0.00000000000000512792946952517061701013471098404680630154461508611309367910635290256243238885240676073858896361637018924883165931940887,0.0000000000000421043278953783728201996647442253158715974286180717599222130818034002079982654255292201434848197111956500481780474866912,0.000000000000107403974121955670894901331870847474079466833122761045587904854803756220106647560243809389525250332860747055847154398763,0.000000000000112531903591480841511911466581831520885768377737847158681583961156658782539036412650570128114213949230936304678813718172,0.0000000000000424546659395849480639473314572859943927733767685969274266264924576016696948120178934366149756877934622217232836950068176
hires,32,-1/8,raw,u,120,-0.00000000000000256396473476259561110577357479022087028190981881461875300796407020630159814614283006326708283808997971225880219934522448,0.0000000000000210521639476891920097997090102685804010369470158460953406115150505674517551179943500143304197087585962586294849390744043,0.0000000000000537019870609778296745414842885347859025777017218636470263565543317040823886152194672424077939761588650652743957265633430,0.0000000000000562659517957404252856472578633250067728596115406782657793645184019103839867613622973056748768142488447775331979259085675,0.0000000000000212273329697924792762917958464694355558611204176282270352628924536254955220869726442746349343404112866076411411556824765,-0.00000000000000256396473476258530850506735549202340315077230754305654683955317645128121619442620338036929448180818509462441582965970444,0.0000000000000210521639476891864100998323721126579357987143090358799611065409017001039991327127646100717424098555978250240890237433456,0.0000000000000537019870609778354474506659354237370397334165613805227939524274018781100533237801219046947626251664303735279235771993817,0.0000000000000562659517957404207559557332909157604428841888689235793407919805783293912695182063252850640571069746154681523394068590862,0.0000000000000212273329697924740319736657286429971963866883842984637133132462288008348474060089467183074878438967311108616418475034088
hires,32,-1/8,raw,u^2,120,-0.00000000000000149502314510283257908071675777977745645257205457192718951361960615557776581997126677814216900048759056720281741093841247,0.0000000000000122643563039723702717951663807715012936791184161521896092384436435783984457411068645481601970250068143298177089951919804,0.0000000000000337198672120270009932431013287120084883023960561269317078822679136815405567727173406333423996104457168187486684543774293,0.0000000000000352148903571298335723238180864917859447549681106988588973958875198371183225926886074114845686109333073859514858653158418,0.0000000000000124220611946337427683880989111107617942282703783508348940071468639818655363824696332754628177661281759215905974228233838,-0.00000000000000149502314510282673111635243344737134393859958508422433994750123206972131784855349403622449902275888536545047107184023343,0.0000000000000122643563039723675821653100318169144784666110707382654752357161405258941163801157557705886214559992074403449221824269669,0.0000000000000337198672120270080437290320604264793816450110062935523641470654872570022941083655131582719716050225519217930543448731238,0.0000000000000352148903571298347748453844938738507255836105913777767040945667193267236119569190071944964706277814372872435254167133572,0.0000000000000124220611946337404262433214664717295893975048134522597654324943061746758688476530830824920264307249446441729551185549143
hires,32,-1/8,raw,window,120,-0.000000000000000313948211071973928622347098782253546171718212622594769614621241490966771139790899102005274407857213216179675379201131188,0.00000000000000257109468087144272039299931675070464024536771758333522780237550669096820767672205336971366797393963339864171678944113225,0.00000000000000654712934821576006637514281574636439558848361897904081032943178398678068128993912987281363545298320534116715642832420376,0.00000000000000686107755928773399499748991452861794176020183160163557994405302547774745242973002897481890986084041855734683180752533494,0.00000000000000257210746616740082351377401353259284700622113122740012215489262165751880748445176074106780225741463389491682346205381590,-0.000000000000000313948211071970157133956833472918210622142412591058040683458467750744004362691445766918957014622262669756819036319376307,0.00000000000000257109468087144051325646654642715014711328619068573075354421572887389320804596812011079768796704516864627576642054332371,0.00000000000000654712934821575761390635216823826835975153295907814985700871939015471037450398045798469309187818253204214028997500950635,0.00000000000000686107755928772777104030900171118657037367537166920789769217785790545437886667190375161204889280479471189710901132888266,0.00000000000000257210746616739861565059589706131616650037367088369073135218759764623704334878467681929378372767821648099588076007034542
hires,32,0,raw,S,80,-5.4624141452458362710760864367771192655294517970053550373447866844362292372628589e-30,0.000000000000019981034842319910719626093415734868850296859384985523751900517817438228419914912,0.000000000000053691092728298041937383155018047258194294507945573111086738279597151107224283416,0.000000000000053691092728298047399797300263883529270380944722692376616190076602506144569070101,0.000000000000020154488137328835942878440691925411453476342087468330628393571844043612308463634,0.0,0.000000000000019981034842319907628002424132074105159786915625890173908138455151861570548462615,0.000000000000053691092728298047699274606258073935794261896963271996380517554934135788888935904,0.000000000000053691092728298047699274606258073935794261896963271996380517554934135788888935904,0.000000000000020154488137328833206174247226157719225214575420215947842116245610625938980886511
hires,32,0,raw,1,80,-1.0924828290491672542152172873554238531058903594010710074689573368872458474525718e-29,0.000000000000039962069684639821439252186831469737700593718769971047503801035634876456839829825,0.00000000000010738218545659608387476631003609451638858901589114622217347655919430221444856683,0.00000000000010738218545659609479959460052776705854076188944538475323238015320501228913814020,0.000000000000040308976274657671885756881383850822906952684174936661256787143688087224616927268,0.0,0.000000000000039962069684639815256004848264148210319573831251780347816276910303723141096925231,0.00000000000010738218545659609539854921251614787158852379392654399276103510986827157777787181,0.00000000000010738218545659609539854921251614787158852379392654399276103510986827157777787181,0.000000000000040308976274657666412348494452315438450429150840431895684232491221251877961773022
hires,32,0,raw,u,80,-5.4624141452458362710760864367771192655294517970053550373447866844362292372628589e-30,0.000000000000019981034842319910719626093415734868850296859384985523751900517817438228419914912,0.000000000000053691092728298041937383155018047258194294507945573111086738279597151107224283416,0.000000000000053691092728298047399797300263883529270380944722692376616190076602506144569070101,0.000000000000020154488137328835942878440691925411453476342087468330628393571844043612308463634,0.0,0.000000000000019981034842319907628002424132074105159786915625890173908138455151861570548462615,0.000000000000053691092728298047699274606258073935794261896963271996380517554934135788888935904,0.000000000000053691092728298047699274606258073935794261896963271996380517554934135788888935904,0.000000000000020154488137328833206174247226157719225214575420215947842116245610625938980886511
hires,32,0,raw,u^2,80,-3.2897096457160102604809912070114004250764941955603064039844099181488422744064586e-30,0.000000000000011661387903387711899330569539125344511212487212945049296958585448614248242407922,0.000000000000033710057885978133032682611209535545129095117554741172073808693185239673825619233,0.000000000000033710057885978136322392256925545805610086324566141597150302888745546077810029151,0.000000000000011817584618893395760064408939031624857966778484461875393165006584342102961361616,0.0,0.000000000000011661387903387710563291690042699862033761269067957231749651279932055226710475217,0.000000000000033710057885978140071272182125999830634474981337381822472379099782274218340473289,0.000000000000033710057885978140071272182125999830634474981337381822472379099782274218340473289,0.000000000000011817584618893394770792481993097819365821884864386185158742621822468486502061749
hires,32,0,raw,window,80,-1.2643016425373554332862473775575014818753918905589317280926868816781197486021678e-30,0.0000000000000024530052202578669937946040521183795130416186013368531863375324137166134112597289,0.0000000000000065470667572776297500894717235471490864749588060139417798700256607091022621613052,0.0000000000000065470667572776310143911142609025823727223363635154236552619162196408303548481869,0.0000000000000024539954302425632705286277288921370368816249831510134770502057067743658544578277,0.0,0.0000000000000024530052202578657024703121043975734703917555593919485720241584730638741845272012,0.0000000000000065470667572776272977104103916473336267034058052930494531003476659371054720974100,0.0000000000000065470667572776272977104103916473336267034058052930494531003476659371054720974100,0.0000000000000024539954302425619784855527407671518210957236918905283842156291885789279618220310
hires,32,0,raw,S,120,-0.00000000000000000000000000000546241414524583627107608643677711926552945179700535503734478668443622923726285887576237738644510058249678265573415805928,0.0000000000000199810348423199107196260934157348688502968593849855237519005178174382284199149123601589322277607987600152976548467660004,0.0000000000000536910927282980419373831550180472581942945079455731110867382795971511072242834162874152617850490183919952701364423752970,0.0000000000000536910927282980473997973002638835292703809447226923766161900766025061445690701007236444990479078941543726565815429577938,0.0000000000000201544881373288359428784406919254114534763420874683306283935718440436123084636342364674281294715717577711255286111622947,0.0,0.0000000000000199810348423199076280024241320741051597869156258901739081384551518615705484626154522713552532811462273236120048969509355,0.0000000000000536910927282980476992746062580739357942618969632719963805175549341357888889359043454276818496547932119899428853106612425,0.0000000000000536910927282980476992746062580739357942618969632719963805175549341357888889359043454276818496547932119899428853106612425,0.0000000000000201544881373288332061742472261577192252145754202159478421162456106259389808865110751423168439128913799861777376091665012
hires,32,0,raw,1,120,-0.0000000000000000000000000000109248282904916725421521728735542385310589035940107100746895733688724584745257177515247547728902011649935653114683161186,0.0000000000000399620696846398214392521868314697377005937187699710475038010356348764568398298247203178644555215975200305953096935320008,0.000000000000107382185456596083874766310036094516388589015891146222173476559194302214448566832574830523570098036783990540272884750594,0.000000000000107382185456596094799594600527767058540761889445384753232380153205012289138140201447288998095815788308745313163085915588,0.0000000000000403089762746576718857568813838508229069526841749366612567871436880872246169272684729348562589431435155422510572223245895,0.0,0.0000000000000399620696846398152560048482641482103195738312517803478162769103037231410969252309045427105065622924546472240097939018711,0.000000000000107382185456596095398549212516147871588523793926543992761035109868271577777871808690855363699309586423979885770621322485,0.000000000000107382185456596095398549212516147871588523793926543992761035109868271577777871808690855363699309586423979885770621322485,0.0000000000000403089762746576664123484944523154384504291508404318956842324912212518779617730221502846336878257827599723554752183330025
hires,32,0,raw,u,120,-0.00000000000000000000000000000546241414524583627107608643677711926552945179700535503734478668443622923726285887576237738644510058249678265573415805928,0.0000000000000199810348423199107196260934157348688502968593849855237519005178174382284199149123601589322277607987600152976548467660004,0.0000000000000536910927282980419373831550180472581942945079455731110867382795971511072242834162874152617850490183919952701364423752970,0.0000000000000536910927282980473997973002638835292703809447226923766161900766025061445690701007236444990479078941543726565815429577938,0.0000000000000201544881373288359428784406919254114534763420874683306283935718440436123084636342364674281294715717577711255286111622947,0.0,0.0000000000000199810348423199076280024241320741051597869156258901739081384551518615705484626154522713552532811462273236120048969509355,0.0000000000000536910927282980476992746062580739357942618969632719963805175549341357888889359043454276818496547932119899428853106612425,0.0000000000000536910927282980476992746062580739357942618969632719963805175549341357888889359043454276818496547932119899428853106612425,0.0000000000000201544881373288332061742472261577192252145754202159478421162456106259389808865110751423168439128913799861777376091665012
hires,32,0,raw,u^2,120,-0.00000000000000000000000000000328970964571601026048099120701140042507649419556030640398440991814884227440645860506551018148553982168068946116423352359,0.0000000000000116613879033877118993305695391253445112124872129450492969585854486142482424079223643871352604692138870264422078469464677,0.0000000000000337100578859781330326826112095355451290951175547411720738086931852396738256192327775938809503215527522302093036361902265,0.0000000000000337100578859781363223922569255458056100863245661415971503028887455460778100291509264361553567801578177403907891760119072,0.0000000000000118175846188933957600644089390316248579667784844618753931650065843421029613616158130169487590817198050193527978570685847,0.0,0.0000000000000116613879033877105632916900426998620337612690679572317496512799320552267104752167210031644953941261467409475514886563669,0.0000000000000337100578859781400712721821259998306344749813373818224723790997822742183404732888931563265963736469846663308804137103070,0.0000000000000337100578859781400712721821259998306344749813373818224723790997822742183404732888931563265963736469846663308804137103070,0.0000000000000118175846188933947707924819930978193658218848643861851587426218224684865020617494322016556032445680454716473701587749879
hires,32,0,raw,window,120,-0.00000000000000000000000000000126430164253735543328624737755750148187539189055893172809268688167811974860216779154487450917291953068849901398677188197,0.00000000000000245300522025786699379460405211837951304161860133685318633753241371661341125972894490686649540588453206027632589408515039,0.00000000000000654706675727762975008947172354714908647495880601394177987002566070910226216130519834386006589512392518070591967663498870,0.00000000000000654706675727763101439111426090258237272233636351542365526191621964083035484818687646360866806291547005521509259616567720,0.00000000000000245399543024256327052862772889213703688162498315101347705020570677436585445782773179173810158757176457590741990990293037,0.0,0.00000000000000245300522025786570247031210439757347039175555939194857202415847306387418452720122658599990946423558953036996948621214163,0.00000000000000654706675727762729771041039164733362670340580529304945310034766593710547209740996973003896573701125135324037342888036331,0.00000000000000654706675727762729771041039164733362670340580529304945310034766593710547209740996973003896573701125135324037342888036331,0.00000000000000245399543024256197848555274076715182109572369189052838421562918857892796182203102674969371069774646719441240843251209240
hires,32,1/8,raw,S,80,0.0000000000000024336672713886110094815401541242532504883323109746769958705387845927653336367856,0.000000000000018966870940269131005466271125193908854932048590365193593722497810102531929479835,0.000000000000053680304943786992350332582510604237401150898512712394920106764408666868098341145,0.000000000000051246637672398381340851042356479984150662566201737717924236225624074102764704360,0.000000000000019138630363506196267118146386714014516565377447364537014761847645819849036060098,0.0000000000000024336672713886142093945686367322264653680607977905520750801158130216834359758293,0.000000000000018966870940269129131877667299305502050803784524114370840239628003123812153256375,0.000000000000053680304943786998082171197663551275556048591393129109383813256361328683564183697,0.000000000000051246637672398383872776629026819049090680530595338557308733140548307000128207868,0.000000000000019138630363506194743300784530415779742537854793392210943496414570011069217081128
hires,32,1/8,raw,1,80,0.0000000000000048673345427772220189630803082485065009766646219493539917410775691855306672735712,0.000000000000037933741880538262010932542250387817709864097180730387187444995620205063858959670,0.00000000000010736060988757398470066516502120847480230179702542478984021352881733373619668229,0.00000000000010249327534479676268170208471295996830132513240347543584847245124814820552940872,0.000000000000038277260727012392534236292773428029033130754894729074029523695291639698072120195,0.0000000000000048673345427772284187891372734644529307361215955811041501602316260433668719516585,0.000000000000037933741880538258263755334598611004101607569048228741680479256006247624306512750,0.00000000000010736060988757399616434239532710255111209718278625821876762651272265736712836739,0.00000000000010249327534479676774555325805363809818136106119067711461746628109661400025641574,0.000000000000038277260727012389486601569060831559485075709586784421886992829140022138434162256
hires,32,1/8,raw,u,80,0.0000000000000024336672713886110094815401541242532504883323109746769958705387845927653336367856,0.000000000000018966870940269131005466271125193908854932048590365193593722497810102531929479835,0.000000000000053680304943786992350332582510604237401150898512712394920106764408666868098341145,0.000000000000051246637672398381340851042356479984150662566201737717924236225624074102764704360,0.000000000000019138630363506196267118146386714014516565377447364537014761847645819849036060098,0.0000000000000024336672713886142093945686367322264653680607977905520750801158130216834359758293,0.000000000000018966870940269129131877667299305502050803784524114370840239628003123812153256375,0.000000000000053680304943786998082171197663551275556048591393129109383813256361328683564183697,0.000000000000051246637672398383872776629026819049090680530595338557308733140548307000128207868,0.000000000000019138630363506194743300784530415779742537854793392210943496414570011069217081128
hires,32,1/8,raw,u^2,80,0.0000000000000014216307277106914580529170315368417169295417161047333426797191990072231518927441,0.000000000000011089788305772788769700650841097208463175844052166081754374469946930449639223429,0.000000000000033700342229098393489913546628693412849118108240463191584557410974067522976658611,0.000000000000032278711501387702031860629597156571132188566524358458241877691775060299824765867,0.000000000000011244495733846014662350188536173663193479586152337226697149381254077992346046011,0.0000000000000014216307277106937286373000864493465197979484473574365382593227671774870633178161,0.000000000000011089788305772788070011207406337477494394041530699603422041875537864251355836459,0.000000000000033700342229098400499033319230611347058691749254481665858759839317009244447990756,0.000000000000032278711501387706770396019144162000538893800807124229320500516549831757384672940,0.000000000000011244495733846014304591090463102894437625034393301473683960375211374300569053451
hires,32,1/8,raw,window,80,0.00000000000000029952980785252394955039486894450741706398259897832091831651305336726024837443546,0.0000000000000023403573000893244848628612456277427110453306371990621759573673026531772483873837,0.0000000000000065470055614307717407098094272772030867982851356488638981846630737177185731123115,0.0000000000000062474757535782477911594145583326956697343025366705429798681500203504583247378761,0.0000000000000023413254405428519663144035018764324494452917897867427937166427562785950816467034,0.00000000000000029952980785252359426503068484700788220278432428910539484131391952872237670092720,0.0000000000000023403573000893238415379115959227096443522880746089610311983551591757703437997568,0.0000000000000065470055614307692881868027900582992808762132153485883234250560486585352964569296,0.0000000000000062474757535782456939217721052112913986734288910594829285837421291298129197560024,0.0000000000000023413254405428513222176705532199185263016152412880056457885195467182180501500742
hires,32,1/8,raw,S,120,0.00000000000000243366727138861100948154015412425325048833231097467699587053878459276533363678558989300082340613585931696218500911113702,0.0000000000000189668709402691310054662711251939088549320485903651935937224978101025319294798347670397975913470522669382747965934700983,0.0000000000000536803049437869923503325825106042374011508985127123949201067644086668680983411454275038119892897854234488623794994757767,0.0000000000000512466376723983813408510423564799841506625662017377179242362256240741027647043598376108111658836495641319001944903646397,0.0000000000000191386303635061962671181463867140145165653774473645370147618476458198490360600977231536516621632397610938586978003114931,0.00000000000000243366727138861420939456863673222646536806079779055207508011581302168343597582924926289003993626860967666778813425047919,0.0000000000000189668709402691291318776672993055020508037845241143708402396280031238121532563749167692612803124853476732241107765045457,0.0000000000000536803049437869980821711976635512755560485913931291093838132563613286835641836972865996544174396394322045288543438800044,0.0000000000000512466376723983838727766290268190490906805305953385573087331405483070001282078680373367643775033708225278610662096295252,0.0000000000000191386303635061947433007845304157797425378547933922109434964145700110692170811281362434940235049905364167376116715989920
hires,32,1/8,raw,1,120,0.00000000000000486733454277722201896308030824850650097666462194935399174107756918553066727357117978600164681227171863392437001822227404,0.0000000000000379337418805382620109325422503878177098640971807303871874449956202050638589596695340795951826941045338765495931869401966,0.000000000000107360609887573984700665165021208474802301797025424789840213528817333736196682290855007623978579570846897724758998951553,0.000000000000102493275344796762681702084712959968301325132403475435848472451248148205529408719675221622331767299128263800388980729279,0.0000000000000382772607270123925342362927734280290331307548947290740295236952916396980721201954463073033243264795221877173956006229862,0.00000000000000486733454277722841878913727346445293073612159558110415016023162604336687195165849852578007987253721935333557626850095839,0.0000000000000379337418805382582637553345986110041016075690482287416804792560062476243065127498335385225606249706953464482215530090914,0.000000000000107360609887573996164342395327102551112097182786258218767626512722657367128367394573199308834879278864409057708687760009,0.000000000000102493275344796767745553258053638098181361061190677114617466281096614000256415736074673528755006741645055722132419259050,0.0000000000000382772607270123894866015690608315594850757095867844218869928291400221384341622562724869880470099810728334752233431979840
hires,32,1/8,raw,u,120,0.00000000000000243366727138861100948154015412425325048833231097467699587053878459276533363678558989300082340613585931696218500911113702,0.0000000000000189668709402691310054662711251939088549320485903651935937224978101025319294798347670397975913470522669382747965934700983,0.0000000000000536803049437869923503325825106042374011508985127123949201067644086668680983411454275038119892897854234488623794994757767,0.0000000000000512466376723983813408510423564799841506625662017377179242362256240741027647043598376108111658836495641319001944903646397,0.0000000000000191386303635061962671181463867140145165653774473645370147618476458198490360600977231536516621632397610938586978003114931,0.00000000000000243366727138861420939456863673222646536806079779055207508011581302168343597582924926289003993626860967666778813425047919,0.0000000000000189668709402691291318776672993055020508037845241143708402396280031238121532563749167692612803124853476732241107765045457,0.0000000000000536803049437869980821711976635512755560485913931291093838132563613286835641836972865996544174396394322045288543438800044,0.0000000000000512466376723983838727766290268190490906805305953385573087331405483070001282078680373367643775033708225278610662096295252,0.0000000000000191386303635061947433007845304157797425378547933922109434964145700110692170811281362434940235049905364167376116715989920
hires,32,1/8,raw,u^2,120,0.00000000000000142163072771069145805291703153684171692954171610473334267971919900722315189274406383642732730473656301916231257261859328,0.0000000000000110897883057727887697006508410972084631758440521660817543744699469304496392234290770883771978013186644406733928236226556,0.0000000000000337003422290983934899135466286934128491181082404631915845574109740675229766586110165009620366482709426496359001037225830,0.0000000000000322787115013877020318606295971565711321885665243584582418776917750602998247658669526645347093435343796304735875311039898,0.0000000000000112444957338460146623501885361736631934795861523372266971493812540779923460460111162857663228324824765339526083162887681,0.00000000000000142163072771069372863730008644934651979794844735743653825932276717748706331781614671447884725947243505976014534159067265,0.0000000000000110897883057727880700112074063374774943940415306996034220418755378642513558364594457136576683149990056111246603349853618,0.0000000000000337003422290984004990333192306113470586917492544816658587598393170092444479907560214538432437524301012891897657225778932,0.0000000000000322787115013877067703960191441620005388938008071242293205005165498317573846729398747393643964929576662294296203809872205,0.0000000000000112444957338460143045910904631028944376250343933014736839603752113743005690534507004799394331249230836220712667861638170
hires,32,1/8,raw,window,120,0.000000000000000299529807852523949550394868944507417063982598978320918316513053367260248374435457124775159933551019410478651499224769093,0.00000000000000234035730008932448486286124562774271104533063719906217595736730265317724838738370397945811944481304522496767127460769136,0.00000000000000654700556143077174070980942727720308679828513564886389818466307371771857311231154796277188424134639607670135480510345762,0.00000000000000624747575357824779115941455833269566973430253667054297986815002035045832473787609083799672430779537666622270330587868853,0.00000000000000234132544054285196631440350187643244944529178978674279371664275627859508164670342922905290915806445990523228279725973534,0.000000000000000299529807852523594265030684847007882202784324289105394841313919528722376700927203149255656528456900442218616689719818516,0.00000000000000234035730008932384153791159592270964435228807460896103119835515917577034379975680724346436850815474289155249944976855218,0.00000000000000654700556143076928818680279005829928087621321534858832342505604865853529645692965055089232793082664518696962818879934564,0.00000000000000624747575357824569392177210521129139867342889105948292858374212912981291975600244740163667140236974474475101149907952712,0.00000000000000234132544054285132221767055321991852630161524128800564578851954671821805015007422863196782395483562741382185540755593649
hires,2,-1/8,normalized,S,80,-0.091389744820969351475141059331548236919736827602473509834055990747640850332295817,0.78158622730459613384489482978955113762086850309712093979282791104898549180331714,2.3925850725382878799580296392308940172995355700267109222598580339374470347592172,2.4839748173592572314331706985624422542192723976291844320939140246850878850915131,2.6838689809335299636994225912524110824274645180466265325718329140078516140492907,-0.091389744820969548800099106284872377750312025890328337257673065706734617267900796,0.78158622730459642136481634629609123754914858167180976241514502375495380830560760,2.3925850725382895895814771535286468830699012224788802687168809982848534085501471,2.4839748173592591383815762598135192608202132483692086059745540639915880258180479,2.6838689809335319514785157621064075387356081529261469894437541474460451209697459
hires,2,-1/8,normalized,1,80,-0.18277948964193870295028211866309647383947365520494701966811198149528170066459163,1.5631724546091922676897896595791022752417370061942418795856558220979709836066343,4.7851701450765757599160592784617880345990711400534218445197160678748940695184345,4.9679496347185144628663413971248845084385447952583688641878280493701757701830261,5.3677379618670599273988451825048221648549290360932530651436658280157032280985814,-0.18277948964193909760019821256974475550062405178065667451534613141346923453580159,1.5631724546091928427296326925921824750982971633436195248302900475099076166112152,4.7851701450765791791629543070572937661398024449577605374337619965697068171002943,4.9679496347185182767631525196270385216404264967384172119491081279831760516360958,5.3677379618670639029570315242128150774712163058522939788875082948920902419394917
hires,2,-1/8,normalized,u,80,-0.091389744820969351475141059331548236919736827602473509834055990747640850332295817,0.78158622730459613384489482978955113762086850309712093979282791104898549180331714,2.3925850725382878799580296392308940172995355700267109222598580339374470347592172,2.4839748173592572314331706985624422542192723976291844320939140246850878850915131,2.6838689809335299636994225912524110824274645180466265325718329140078516140492907,-0.091389744820969548800099106284872377750312025890328337257673065706734617267900796,0.78158622730459642136481634629609123754914858167180976241514502375495380830560760,2.3925850725382895895814771535286468830699012224788802687168809982848534085501471,2.4839748173592591383815762598135192608202132483692086059745540639915880258180479,2.6838689809335319514785157621064075387356081529261469894437541474460451209697459
hires,2,-1/8,normalized,u^2,80,-0.056319733865172350239336461823155142602848534451398983747843239424661049159350594,0.48159409479021322127890275079341983091693206141539889284049749971546375980488926,1.6788489083040721211912165675575477259723851583608758882864520317196487352602146,1.7351686421692444714305530293807028685752336928122748720342952711443097844195652,1.8713040779253646334172610488377583117331992362889009441572849841062243330390463,-0.056319733865172490140913830725363883839581752137934998312343226646777289826558800,0.48159409479021343091223391128028889693183393834260441773705615933480012835332927,1.6788489083040737002520343404239438693603521383588656710551018111466338072222382,1.7351686421692461903929481711493077531999338904968006693674450377934110970487970,1.8713040779253664320039080266594486253645472048223137364990836166879051686884227
hires,2,-1/8,normalized,window,80,-0.011468424674356309476018480747554784757810173999985580175412136123793653482049321,0.098073122042077742156780037953540626739194040935201222264416817985904512390690229,0.23999427802345297293640505501781780821560468589375401735503413624751082796695707,0.25146270269780928241242353576537259297341485989373959753044627237130448144900639,0.27247440654455953444069026530159058928702772715777766614961573768531206005312641,-0.011468424674356322225058773281415793026240915897105506473071935968901035789942946,0.098073122042077738178184318919435875513747978496458451042793161754198799494489488,0.23999427802345292468557793350435430158857175969076187511586983394737834825057277,0.25146270269780924691063670678577009461481267558786738158894176991627938404051571,0.27247440654455950075373593556121930329512707030521715536340849198245348327467010
hires,2,-1/8,normalized,S,120,-0.0913897448209693514751410593315482369197368276024735098340559907476408503322958171051477292657569329355548733017727959917,0.781586227304596133844894829789551137620868503097120939792827911048985491803317143136363150883128828272353617670613478871,2.39258507253828787995802963923089401729953557002671092225985803393744703475921723782204209718344312252146141913759778321,2.48397481735925723143317069856244225421927239762918443209391402468508788509151305492718982644920005545701629243937057921,2.68386898093352996369942259125241108242746451804662653257183291400785161404929071286599351695882127149071342361985079585,-0.0913897448209695488000991062848723777503120258903283372576730657067346172679007962777266283091725422019850668274158681457,0.781586227304596421364816346296091237549148581671809762415145023754953808305607596209456303650692407543460674133701299498,2.39258507253828958958147715352864688306990122247888026871688099828485340855014713994307627897445152870412742363146996692,2.48397481735925913838157625981351926082021324836920860597455406399158802581804793622080290728362407090611249045888583506,2.68386898093353195147851576210640753873560815292614698944375414744604512096974588365404506212942932719175761563730118165
hires,2,-1/8,normalized,1,120,-0.182779489641938702950282118663096473839473655204947019668111981495281700664591634210295458531513865871109746603545591983,1.56317245460919226768978965957910227524173700619424187958565582209797098360663428627272630176625765654470723534122695774,4.78517014507657575991605927846178803459907114005342184451971606787489406951843447564408419436688624504292283827519556643,4.96794963471851446286634139712488450843854479525836886418782804937017577018302610985437965289840011091403258487874115841,5.36773796186705992739884518250482216485492903609325306514366582801570322809858142573198703391764254298142684723970159171,-0.182779489641939097600198212569744755500624051780656674515346131413469234535801592555453256618345084403970133654831736291,1.56317245460919284272963269259218247509829716334361952483029004750990761661121519241891260730138481508692134826740259900,4.78517014507657917916295430705729376613980244495776053743376199656970681710029427988615255794890305740825484726293993383,4.96794963471851827676315251962703852164042649673841721194910812798317605163609587244160581456724814181222498091777167012,5.36773796186706390295703152421281507747121630585229397888750829489209024193949176730809012425885865438351523127460236329
hires,2,-1/8,normalized,u,120,-0.0913897448209693514751410593315482369197368276024735098340559907476408503322958171051477292657569329355548733017727959917,0.781586227304596133844894829789551137620868503097120939792827911048985491803317143136363150883128828272353617670613478871,2.39258507253828787995802963923089401729953557002671092225985803393744703475921723782204209718344312252146141913759778321,2.48397481735925723143317069856244225421927239762918443209391402468508788509151305492718982644920005545701629243937057921,2.68386898093352996369942259125241108242746451804662653257183291400785161404929071286599351695882127149071342361985079585,-0.0913897448209695488000991062848723777503120258903283372576730657067346172679007962777266283091725422019850668274158681457,0.781586227304596421364816346296091237549148581671809762415145023754953808305607596209456303650692407543460674133701299498,2.39258507253828958958147715352864688306990122247888026871688099828485340855014713994307627897445152870412742363146996692,2.48397481735925913838157625981351926082021324836920860597455406399158802581804793622080290728362407090611249045888583506,2.68386898093353195147851576210640753873560815292614698944375414744604512096974588365404506212942932719175761563730118165
hires,2,-1/8,normalized,u^2,120,-0.0563197338651723502393364618231551426028485344513989837478432394246610491593505940725414648483451936754403451318317337080,0.481594094790213221278902750793419830916932061415398892840497499715463759804889258069868962980890918554368321866481831022,1.67884890830407212119121656755754772597238515836087588828645203171964873526021463083427559486537168017883288550632732047,1.73516864216924447143055302938070286857523369281227487203429527114430978441956522490681705971371687385427323063815905418,1.87130407792536463341726104883775831173319923628890094415728498410622433303904632356464300083519211606474881186591523510,-0.0563197338651724901409138307253638838395817521379349983123432266467772898265588005511313955270108495063997040690510437887,0.481594094790213430912233911280288896931833938342604417737056159334800128353329267144895499998929525524332507477594107437,1.67884890830407370025203434042394386936035213835886567105510181114663380722223825030901874740501066350647941798704817775,1.73516864216924619039294817114930775319993389049680066936744503779341109704879705086015014293202151301287912205609922154,1.87130407792536643200390802665944862536454720482231373649908361668790516868842271982720894508707563386657333677135158015
hires,2,-1/8,normalized,window,120,-0.0114684246743563094760184807475547847578101739999855801754121361237936534820493212617419748758747090553985979132310276654,0.0980731220420777421567800379535406267391940409352012222644168179859045123906902291036021120646198578112485555797036562804,0.239994278023452972936405055017817808215604685893754017355034136247510827966957071010285746523937089789999182264367130700,0.251462702697809282412423535765372592973414859893739597530446272371304481449006392272027721399811798845397780177598158365,0.272474406544559534440690265301590589287027727157777666149615737685312060053126410544282370323929378457074868475403494628,-0.0114684246743563222250587732814157930262409158971055064730719359689010357899429459032045095370657866628147647938033172996,0.0980731220420777381781843189194358755137479784964584510427931617541987994944894883930181358499145597744092050750239392150,0.239994278023452924685577933504354301588571759690761875115869833947378348250572766586676205584421584223148026131457548539,0.251462702697809246910636706785770094614812675587867381588941769916279384040515712489880715121487370885962790925260865838,0.272474406544559500753735935561219303295127070305217155363408491982453483274670105146992058187538323008084466060949447396
hires,2,0,normalized,S,80,0.00000000000000016651485725032013887544936140220655328898636228955705477979779155144544604623086,0.68326170549917900072682082965569060743601012026573461195940342144291805192154920,2.2799429689802279076384269818059589401074647256361757813661223676042772500894316,2.2799429689802277411235697314858200646581033234296224923797600780472224702916400,2.3907610129698909667250869116738869568710121253546288265084974499275468759344564,0.0,0.68326170549917925128008538575497580057324285919820219110259630910715562998692317,2.2799429689802295186311227223058450276024513536890382917878991020115429780451301,2.2799429689802295186311227223058450276024513536890382917878991020115429780451301,2.3907610129698927083980560636205088301483549550892020754578512131720817445607063
hires,2,0,normalized,1,80,0.00000000000000033302971450064027775089872280441310657797272457911410955959558310289089209246172,1.3665234109983580014536416593113812148720202405314692239188068428858361038430984,4.5598859379604558152768539636119178802149294512723515627322447352085545001788631,4.5598859379604554822471394629716401293162066468592449847595201560944449405832800,4.7815220259397819334501738233477739137420242507092576530169948998550937518689128,0.0,1.3665234109983585025601707715099516011464857183964043822051926182143112599738463,4.5598859379604590372622454446116900552049027073780765835757982040230859560902601,4.5598859379604590372622454446116900552049027073780765835757982040230859560902601,4.7815220259397854167961121272410176602967099101784041509157024263441634891214126
hires,2,0,normalized,u,80,0.00000000000000016651485725032013887544936140220655328898636228955705477979779155144544604623086,0.68326170549917900072682082965569060743601012026573461195940342144291805192154920,2.2799429689802279076384269818059589401074647256361757813661223676042772500894316,2.2799429689802277411235697314858200646581033234296224923797600780472224702916400,2.3907610129698909667250869116738869568710121253546288265084974499275468759344564,0.0,0.68326170549917925128008538575497580057324285919820219110259630910715562998692317,2.2799429689802295186311227223058450276024513536890382917878991020115429780451301,2.2799429689802295186311227223058450276024513536890382917878991020115429780451301,2.3907610129698927083980560636205088301483549550892020754578512131720817445607063
hires,2,0,normalized,u^2,80,0.00000000000000011692825549598112433551685172832722185939411802827963836156259807991134900220969,0.42114578710372676111890915926347597938393581986922643176272390840473291780391947,1.5966812634810487802816646538096448959258812624191682429354724105982528722617995,1.5966812634810486633534091578285205604090295340919463835413543823186145106992014,1.6648460976676711973691855241216165100980436260859496890122711063224268314835608,0.0,0.42114578710372694420156136665079865421178735242004112848081616039172566366257985,1.5966812634810502673510373365508692270292084944908361006853027929043873480582069,1.5966812634810502673510373365508692270292084944908361006853027929043873480582069,1.6648460976676727760936391018705733873542476861482255752644014628997548386946181
hires,2,0,normalized,window,80,0.000000000000000018039067955328522950665449421334691217719656255412526882407353139521701655837447,0.085750053343964052523718431365165831871277513372185557948287243094625823700758287,0.22962649398435210252872205291422002000993084132730946032069788667411707979085218,0.22962649398435208448965409758569706934448141999261824260104163126159019738349904,0.24352153227843833709712263035063307491975281500438468825549540432462132770558876,0.0,0.085750053343964053656938420950310056833267908018594998128126626438934575756346555,0.22962649398435205981251344614180490866516673570630453833639673975603531425748160,0.22962649398435205981251344614180490866516673570630453833639673975603531425748160,0.24352153227843831865279757506544568499648416070892053200311531797650893612319765
hires,2,0,normalized,S,120,0.000000000000000166514857250320138875449361402206553288986362289557054779797791551445446046230860427778084214934182524064376793049353852,0.683261705499179000726820829655690607436010120265734611959403421442918051921549198152822330445865475323245846774163912972,2.27994296898022790763842698180595894010746472563617578136612236760427725008943156092820264100499761218830474706307684197,2.27994296898022774112356973148582006465810332342962249237976007804722247029164000948275659477413718441022053212889431791,2.39076101296989096672508691167388695687101212535462882650849744992754687593445637511432938726913923377676657902453626001,0.0,0.683261705499179251280085385754975800573242859198202191102596309107155629986923169988057631399089871257946348682626235743,2.27994296898022951863112272230584502760245135368903829178789910201154297804513007367215046374221300434473400791647528826,2.27994296898022951863112272230584502760245135368903829178789910201154297804513007367215046374221300434473400791647528826,2.39076101296989270839805606362050883014835495508920207545785121317208174456070630094165178885866615557114624187331362949
hires,2,0,normalized,1,120,0.000000000000000333029714500640277750898722804413106577972724579114109559595583102890892092461720855556168429868365048128753586098707705,1.36652341099835800145364165931138121487202024053146922391880684288583610384309839630564466089173095064649169354832782594,4.55988593796045581527685396361191788021492945127235156273224473520855450017886312185640528200999522437660949412615368395,4.55988593796045548224713946297164012931620664685924498475952015609444494058328001896551318954827436882044106425778863582,4.78152202593978193345017382334777391374202425070925765301699489985509375186891275022865877453827846755353315804907252003,0.0,1.36652341099835850256017077150995160114648571839640438220519261821431125997384633997611526279817974251589269736525247149,4.55988593796045903726224544461169005520490270737807658357579820402308595609026014734430092748442600868946801583295057653,4.55988593796045903726224544461169005520490270737807658357579820402308595609026014734430092748442600868946801583295057653,4.78152202593978541679611212724101766029670991017840415091570242634416348912141260188330357771733231114229248374662725897
hires,2,0,normalized,u,120,0.000000000000000166514857250320138875449361402206553288986362289557054779797791551445446046230860427778084214934182524064376793049353852,0.683261705499179000726820829655690607436010120265734611959403421442918051921549198152822330445865475323245846774163912972,2.27994296898022790763842698180595894010746472563617578136612236760427725008943156092820264100499761218830474706307684197,2.27994296898022774112356973148582006465810332342962249237976007804722247029164000948275659477413718441022053212889431791,2.39076101296989096672508691167388695687101212535462882650849744992754687593445637511432938726913923377676657902453626001,0.0,0.683261705499179251280085385754975800573242859198202191102596309107155629986923169988057631399089871257946348682626235743,2.27994296898022951863112272230584502760245135368903829178789910201154297804513007367215046374221300434473400791647528826,2.27994296898022951863112272230584502760245135368903829178789910201154297804513007367215046374221300434473400791647528826,2.39076101296989270839805606362050883014835495508920207545785121317208174456070630094165178885866615557114624187331362949
hires,2,0,normalized,u^2,120,0.000000000000000116928255495981124335516851728327221859394118028279638361562598079911349002209692225293705250717012581891983492031256528,0.421145787103726761118909159263475979383935819869226431762723908404732917803919467635746785636424996625390736320030240265,1.59668126348104878028166465380964489592588126241916824293547241059825287226179952755004195276032537121744683600682058156,1.59668126348104866335340915782852056040902953409194638354135438231861451069920144763869295055063314592374158528980799967,1.66484609766767119736918552412161651009804362608594968901227110632242683148356081739444140629092612394471336833820034940,0.0,0.421145787103726944201561366650798654211787352420041128480816160391725663662579852394241592996153578111901322535973050392,1.59668126348105026735103733655086922702920849449083610068530279290438734805820690368409283234312313308678765923384905252,1.59668126348105026735103733655086922702920849449083610068530279290438734805820690368409283234312313308678765923384905252,1.66484609766767277609363910187057338735424768614822557526440146289975483869461812408539254767038248191247849676768933157
hires,2,0,normalized,window,120,0.0000000000000000180390679553285229506654494213346912177196562554125268824073531395217016558374471081050557166864698763145096769912777551,0.0857500533439640525237184313651658318712775133721855579482872430946258237007582866764323969343518692128550889259097572385,0.229626493984352102528722052914220020009930841327309460320697886674117079790852178278274300647761125721789802006579672921,0.229626493984352084489654097585697069344481419992618242601041631261590197383499038756572644810314017616734085320109796606,0.243521532278438337097122630350633074919752815004384688255495404324621327705588760756448154995485974701531533577542965221,0.0,0.0857500533439640536569384209503100568332679080185949981281266264389345757563465555246587915026238008999789771871122630095,0.229626493984352059812513446141804908665166735706304538336396739756035314257481596827192800082200537667100438778132981381,0.229626493984352059812513446141804908665166735706304538336396739756035314257481596827192800082200537667100438778132981381,0.243521532278438318652797575065445684996484160708920532003115317976508936123197647223604021414684444698942878752705232735
hires,2,1/8,normalized,S,80,0.080018784920099333872612832766966599332901998077443794681914401006052318470544585,0.59919322017566999731052360976166084230748970194523570764839522413282673225151002,2.1785593342311246921839982709413187466083669651513877628352968029268264796257606,2.0985405493110253583113854381743521472754649670739439681533824019207741611552160,2.1402028504631394919835634787603440127210541028047001000540142920573388384808167,0.080018784920099190604740110256308247012484913218811082961261321845225969070141397,0.59919322017567022194986495289578741643246987106318079928595830277764486022047434,2.1785593342311262094577572385153753124112138972732596247155705742757568677326759,2.0985405493110270188530171282590670653987289840544485417543092524305308986625345,2.1402028504631410374415355900567081265416937749001904131357106150740000016941384
hires,2,1/8,normalized,1,80,0.16003756984019866774522566553393319866580399615488758936382880201210463694108917,1.1983864403513399946210472195233216846149794038904714152967904482656534645030200,4.3571186684622493843679965418826374932167339303027755256705936058536529592515212,4.1970810986220507166227708763487042945509299341478879363067648038415483223104320,4.2804057009262789839671269575206880254421082056094002001080285841146776769616335,0.16003756984019838120948022051261649402496982643762216592252264369045193814028279,1.1983864403513404438997299057915748328649397421263615985719166055552897204409487,4.3571186684622524189155144770307506248224277945465192494311411485515137354653518,4.1970810986220540377060342565181341307974579681088970835086185048610617973250690,4.2804057009262820748830711801134162530833875498003808262714212301480000033882767
hires,2,1/8,normalized,u,80,0.080018784920099333872612832766966599332901998077443794681914401006052318470544585,0.59919322017566999731052360976166084230748970194523570764839522413282673225151002,2.1785593342311246921839982709413187466083669651513877628352968029268264796257606,2.0985405493110253583113854381743521472754649670739439681533824019207741611552160,2.1402028504631394919835634787603440127210541028047001000540142920573388384808167,0.080018784920099190604740110256308247012484913218811082961261321845225969070141397,0.59919322017567022194986495289578741643246987106318079928595830277764486022047434,2.1785593342311262094577572385153753124112138972732596247155705742757568677326759,2.0985405493110270188530171282590670653987289840544485417543092524305308986625345,2.1402028504631410374415355900567081265416937749001904131357106150740000016941384
hires,2,1/8,normalized,u^2,80,0.049334790369043948943111381645131423315309604481595183564357888733350741576982860,0.36954533299599906840505556947195345336503340460836200549489451556202752715956081,1.5229330610370930141875056694634779786230222083193734734632741543870665578667769,1.4735982706680490652443942878183465553077126038377782898989162656537158162897940,1.4890388063769421847974806863142871809959499610283043321937300446221990916983496,0.049334790369043850724830252864049571394050604077412237155426081803796470980722656,0.36954533299599923111164593624099272890917611924801213918155210926591813576055852,1.5229330610370944129319719421867664670760421887426678202790774806745503035788287,1.4735982706680505622071416893227168956819915846652555831236513988707538325981060,1.4890388063769435825640295888416910609045218354249622579333302757646154964951993
hires,2,1/8,normalized,window,80,0.010043590312587918107032595778466953280087256539789218521720803267912993777984685,0.075217774893542129495451515741285155553733163726159160023433289418123848981801132,0.22022692847381604495053754836335456351041613078102127313193502753753579105509943,0.21018333816122812684350495258488761023032887424123205461021422426962279727711474,0.21856662391590472764360928903404621002002679108525204938176061340539659054131417,0.010043590312587901014786942581958157974057645780648856532207232075066780790514353,0.075217774893542128297884797402059475086422927890395878382768629010712533482910272,0.22022692847381600025071192725663479119131016313193597813896907151244462742014525,0.21018333816122809923592498467467663321725251735128712160676183943737784662963090,0.21856662391590470250590059413488614993508607585851851141005452957637686601339749
hires,2,1/8,normalized,S,120,0.0800187849200993338726128327669665993329019980774437946819144010060523184705445850011334941657651844791992909990143516605,0.599193220175669997310523609761660842307489701945235707648395224132826732251510019907615110362056757304058559980823947760,2.17855933423112469218399827094131874660836696515138776283529680292682647962576058351485300639154414274995414881292773930,2.09854054931102535831138543817435214727546496707394396815338240192077416115521599851371951222577895827075485781391338764,2.14020285046313949198356347876034401272105410280470010005401429205733883848081674937675029390157832069685549482692316144,0.0800187849200991906047401102563082470124849132188110829612613218452259690701413973670172666028740121342138980723521752331,0.599193220175670221949864952895787416432469871063180799285958302777644860220474344191088159036294126288869577789227437321,2.17855933423112620945775723851537531241121389727325962471557057427575686773267591782458485661104955286914349641282236191,2.09854054931102701885301712825906706539872898405444854175430925243053089866253452045756759000817554073492959834047018668,2.14020285046314103744153559005670812654169377490019041313571061507400000169413838178201772187886338792995844177888057392
hires,2,1/8,normalized,1,120,0.160037569840198667745225665533933198665803996154887589363828802012104636941089170002266988331530368958398581998028703321,1.19838644035133999462104721952332168461497940389047141529679044826565346450302003981523022072411351460811711996164789552,4.35711866846224938436799654188263749321673393030277552567059360585365295925152116702970601278308828549990829762585547860,4.19708109862205071662277087634870429455092993414788793630676480384154832231043199702743902445155791654150971562782677528,4.28040570092627898396712695752068802544210820560940020010802858411467767696163349875350058780315664139371098965384632288,0.160037569840198381209480220512616494024969826437622165922522643690451938140282794734034533205748024268427796144704350466,1.19838644035134044389972990579157483286493974212636159857191660555528972044094868838217631807258825257773915557845487464,4.35711866846225241891551447703075062482242779454651924943114114855151373546535183564916971322209910573828699282564472382,4.19708109862205403770603425651813413079745796810889708350861850486106179732506904091513518001635108146985919668094037335,4.28040570092628207488307118011341625308338754980038082627142123014800000338827676356403544375772677585991688355776114785
hires,2,1/8,normalized,u,120,0.0800187849200993338726128327669665993329019980774437946819144010060523184705445850011334941657651844791992909990143516605,0.599193220175669997310523609761660842307489701945235707648395224132826732251510019907615110362056757304058559980823947760,2.17855933423112469218399827094131874660836696515138776283529680292682647962576058351485300639154414274995414881292773930,2.09854054931102535831138543817435214727546496707394396815338240192077416115521599851371951222577895827075485781391338764,2.14020285046313949198356347876034401272105410280470010005401429205733883848081674937675029390157832069685549482692316144,0.0800187849200991906047401102563082470124849132188110829612613218452259690701413973670172666028740121342138980723521752331,0.599193220175670221949864952895787416432469871063180799285958302777644860220474344191088159036294126288869577789227437321,2.17855933423112620945775723851537531241121389727325962471557057427575686773267591782458485661104955286914349641282236191,2.09854054931102701885301712825906706539872898405444854175430925243053089866253452045756759000817554073492959834047018668,2.14020285046314103744153559005670812654169377490019041313571061507400000169413838178201772187886338792995844177888057392
hires,2,1/8,normalized,u^2,120,0.0493347903690439489431113816451314233153096044815951835643578887333507415769828603082561853170487208678592548278021558389,0.369545332995999068405055569471953453365033404608362005494894515562027527159560814365923410882717048712234024785217766342,1.52293306103709301418750566946347797862302220831937347346327415438706655786677690863713801167701443407409156118428430822,1.47359827066804906524439428781834655530771260383777828989891626565371581628979404832888182635996571320623230635648215238,1.48903880637694218479748068631428718099594996102830433219373004462219909169834964537452831739528744509402304496456854151,0.0493347903690438507248302528640495713940506040774122371554260818037964709807226565283411426135829212979480050625406575789,0.369545332995999231111645936240992728909176119248012139181552109265918135760558519050965836861900923822132848079989480487,1.52293306103709441293197194218676646707604218874266782027907748067455030357882870633689364200298973252284927931559688391,1.47359827066805056220714168932271689568199158466525558312365139887075383259810604980855249938940681122490127425305622633,1.48903880637694358256402958884169106090452183542496225793333027576461549649519928896953916655383309350201449898375392461
hires,2,1/8,normalized,window,120,0.0100435903125879181070325957784669532800872565397892185217208032679129937779846848972298254885957436515632519834429056677,0.0752177748935421294954515157412851555537331637261591600234332894181238489818011317811398178858048715824413410751699009806,0.220226928473816044950537548363354563510416130781021273131935027537535791055099426760550193727981110215676721947421780262,0.210183338161228126843504952584887610230328874241232054610214224269622797277114741863320368239385366564113469963978874594,0.218566623915904727643609289034046210020026791085252049381760613405396590541314169279306422564635252041822692395672953379,0.0100435903125879010147869425819581579740576457806488565322072320750667807905143530908522720321419151214352976689595135317,0.0752177748935421282978847974020594750864229278903958783827686290107125334829102723544861788868763467485652883448573141663,0.220226928473816000250711927256634791191310163131935978138969071512444627420145249380993109705757314547966504031498662429,0.210183338161228099235924984674676633217252517351287121606761839437377846629630896290140837673615399426531206362539148898,0.218566623915904702505900594134886149935086075858518511410054529576376866013397494990247459656431276466485063223993872971
hires,8,-1/8,normalized,S,80,-0.000078749431407698137328239114028606183337151360058576633782434047299258380897168615,0.00064810659555074228337569248076452430180448413192055923561198594987732678620916268,0.0018601084081277630304330853806631382485288947441006011204295937248339254506797288,0.0019388578395354611677613244946917444318660461041591777542120277721331838315768975,0.00081071838339112061834196422674784157454825129080542941527575497724217425777602905,-0.000078749431407698237891087705966725587864544523178256788856519041548225614153623860,0.00064810659555074244969248419151641130943422021286947358009212415801034374926527536,0.0018601084081277640883657651945355157887789917775820059630608349424597950313063014,0.0019388578395354623262568529005022413766435363007602627519173539840080206454599253,0.00081071838339112098144226272407903332750063939047336384697125167327196816934581852
hires,8,-1/8,normalized,1,80,-0.00015749886281539627465647822805721236667430272011715326756486809459851676179433723,0.0012962131911014845667513849615290486036089682638411184712239718997546535724183254,0.0037202168162555260608661707613262764970577894882012022408591874496678509013594577,0.0038777156790709223355226489893834888637320922083183555084240555442663676631537949,0.0016214367667822412366839284534956831490965025816108588305515099544843485155520581,-0.00015749886281539647578217541193345117572908904635651357771303808309645122830724772,0.0012962131911014848993849683830328226188684404257389471601842483160206874985305507,0.0037202168162555281767315303890710315775579835551640119261216698849195900626126029,0.0038777156790709246525137058010044827532870726015205255038347079680160412909198506,0.0016214367667822419628845254481580666550012787809467276939425033465439363386916370
hires,8,-1/8,normalized,u,80,-0.000078749431407698137328239114028606183337151360058576633782434047299258380897168615,0.00064810659555074228337569248076452430180448413192055923561198594987732678620916268,0.0018601084081277630304330853806631382485288947441006011204295937248339254506797288,0.0019388578395354611677613244946917444318660461041591777542120277721331838315768975,0.00081071838339112061834196422674784157454825129080542941527575497724217425777602905,-0.000078749431407698237891087705966725587864544523178256788856519041548225614153623860,0.00064810659555074244969248419151641130943422021286947358009212415801034374926527536,0.0018601084081277640883657651945355157887789917775820059630608349424597950313063014,0.0019388578395354623262568529005022413766435363007602627519173539840080206454599253,0.00081071838339112098144226272407903332750063939047336384697125167327196816934581852
hires,8,-1/8,normalized,u^2,80,-0.000047225401053474149552838037967566217165612301861290199042752141998172985555398381,0.00038839181109274745505267094976890402184375883932742954920139960557164071018432946,0.0012457340675561754284166257161095425260483062850449298804052956067574645592026519,0.0012929594686096495779694637540771087432139185869062200794480477487556375447580503,0.00051636273017687345189875852028236471083528953855641958492073204442604736504275875,-0.000047225401053474212385404138819719683112417989435336440783682066817886088142896295,0.00038839181109274757115655821366176231371124988244177601387588136422612618575899357,0.0012457340675561763692780969295053762785393778108528226701834544782845734053323657,0.0012929594686096505816635010683250959616517958002881591109671365451024594934752619,0.00051636273017687375445409204378692784257386038258002871085800714360999511330598412
hires,8,-1/8,normalized,window,80,-0.0000096770248566995944332981981971304167238438060139744503558289820076801567604280225,0.000079543366999534459745715675876487721306106115846115436656831918902468621608591177,0.00020214992615567706601547441536894404321512290349599362838636173051261179061180406,0.00021182695101237666044877261356607445993896670950996807874219071252029194737223208,0.000092039390590871999791708916068376105953313236114691399735124514389198785512271389,-0.0000096770248566996129498526876842534264819559989554629985873918571076903408557835673,0.000079543366999534458375206713318231206376742711667990273182959680334045823959647487,0.00020214992615567703477670062797444137864678435087211642911577972383227133761116585,0.00021182695101237664772655331565869480512874034982757942770317158093996167846694942,0.000092039390590871995978402773987229400807142118619466038576035978322412893701078378
hires,8,-1/8,normalized,S,120,-0.0000787494314076981373282391140286061833371513600585766337824340472992583808971686152648312629785126902706170847710283809942,0.000648106595550742283375692480764524301804484131920559235611985949877326786209162684708294278980846648368012721598697321366,0.00186010840812776303043308538066313824852889474410060112042959372483392545067972884387792835999829917320657070624493133360,0.00193885783953546116776132449469174443186604610415917775421202777213318383157689745914275962297681186347718779101595971459,0.000810718383391120618341964226747841574548251290805429415275754977242174257776029045748463132332894181799495262387735182681,-0.0000787494314076982378910877059667255878645445231782567888565190415482256141536238600911292514379684713051574428829700767213,0.000648106595550742449692484191516411309434220212869473580092124158010343749265275359675029021043536682101475730551332257830,0.00186010840812776408836576519453551578877899177758200596306083494245979503130630144105313808449738043158181412848622905253,0.00193885783953546232625685290050224137664353630076026275191735398400802064545992530114426733593534890288697157136919912925,0.000810718383391120981442262724079033327500639390473363846971251673271968169345818520036020400396051585928154088504885335639
hires,8,-1/8,normalized,1,120,-0.000157498862815396274656478228057212366674302720117153267564868094598516761794337230529662525957025380541234169542056761988,0.00129621319110148456675138496152904860360896826384111847122397189975465357241832536941658855796169329673602544319739464273,0.00372021681625552606086617076132627649705778948820120224085918744966785090135945768775585671999659834641314141248986266720,0.00387771567907092233552264898938348886373209220831835550842405554426636766315379491828551924595362372695437558203191942919,0.00162143676678224123668392845349568314909650258161085883055150995448434851555205809149692626466578836359899052477547036536,-0.000157498862815396475782175411933451175729089046356513577713038083096451228307247720182258502875936942610314885765940153443,0.00129621319110148489938496838303282261886844042573894716018424831602068749853055071935005804208707336420295146110266451566,0.00372021681625552817673153038907103157755798355516401192612166988491959006261260288210627616899476086316362825697245810507,0.00387771567907092465251370580100448275328707260152052550383470796801604129091985060228853467187069780577394314273839825851,0.00162143676678224196288452544815806665500127878094672769394250334654393633869163704007204080079210317185630817700977067128
hires,8,-1/8,normalized,u,120,-0.0000787494314076981373282391140286061833371513600585766337824340472992583808971686152648312629785126902706170847710283809942,0.000648106595550742283375692480764524301804484131920559235611985949877326786209162684708294278980846648368012721598697321366,0.00186010840812776303043308538066313824852889474410060112042959372483392545067972884387792835999829917320657070624493133360,0.00193885783953546116776132449469174443186604610415917775421202777213318383157689745914275962297681186347718779101595971459,0.000810718383391120618341964226747841574548251290805429415275754977242174257776029045748463132332894181799495262387735182681,-0.0000787494314076982378910877059667255878645445231782567888565190415482256141536238600911292514379684713051574428829700767213,0.000648106595550742449692484191516411309434220212869473580092124158010343749265275359675029021043536682101475730551332257830,0.00186010840812776408836576519453551578877899177758200596306083494245979503130630144105313808449738043158181412848622905253,0.00193885783953546232625685290050224137664353630076026275191735398400802064545992530114426733593534890288697157136919912925,0.000810718383391120981442262724079033327500639390473363846971251673271968169345818520036020400396051585928154088504885335639
hires,8,-1/8,normalized,u^2,120,-0.0000472254010534741495528380379675662171656123018612901990427521419981729855553983808479274736805807697585812615542431664138,0.000388391811092747455052670949768904021843758839327429549201399605571640710184329459364333601670235319407403468869128241888,0.00124573406755617542841662571610954252604830628504492988040529560675746455920265193569588821509349609147825027332996754794,0.00129295946860964957796946375407710874321391858690622007944804774875563754475805031654381568877407686123683153488421071436,0.000516362730176873451898758520282364710835289538556419584920732044426047365042758746801339537563124686589949963191707996002,-0.0000472254010534742123854041388197196831124179894353364407836820668178860881428962951733421376848451498750159658050643379922,0.000388391811092747571156558213661762313711249882441776013875881364226126185758993570393710399926118380194486160450071751547,0.00124573406755617636927809692950537627853937781085282267018345447828457340533236565686408408052827846873214496935132863648,0.00129295946860965058166350106832509596165179580028815911096713654510245949347526195203742621821312361860716093515639297447,0.000516362730176873754454092043786927842573860382580028710858007143609995113305984124340664026606105571377410732027352941219
hires,8,-1/8,normalized,window,120,-0.00000967702485669959443329819819713041672384380601397445035582898200768015676042802249958876930768936262165835683421186201632,0.0000795433669995344597457156758764877213061061158461154366568319189024686216085911770216311675828706718507285928854073616469,0.000202149926155677066015474415368944043215122903495993628386361730512611790611804055532563214080451366753761170989730026180,0.000211826951012376660448772613566074459938966709509968078742190712520291947372232078032151983388140729375419527823941888196,0.0000920393905908719997917089160683761059533132361146913997351245143891987855122713888768317631137915799660994093369325224082,-0.00000967702485669961294985268768425342648195599895546299858739185710769034085578356737325671982278865317317278481253835750145,0.0000795433669995344583752067133182312063767427116679902731829596803340458239596474871392499868250368335757777233352444128358,0.000202149926155677034776700627974441378646784350872116429115779723832271337611165848668106930206855376926344799992752415948,0.000211826951012376647726553315658694805128740349827579427703171580939961678466949416041363650029644030099517584805290773449,0.0000920393905908719959784027739872294008071421186194660385760359783224128937010783781048553561082514980632362495371200858116
hires,8,0,normalized,S,80,0.000000000000000000041372404298441642193069457043965888876905908422053235153850169660336136420402792,0.00061224241570557389419590834803612264303922868209721137759849336788234758878778719,0.0018500995070799064564928019388656057004588935631230889809379015325586433614606665,0.0018500995070799064151203976404239635073894365191572001040319931105054082076104969,0.00076994955392193716318261893710551650002041563138424322635353538833650906462726575,0.0,0.00061224241570557403540497475220561335302667998869636646645421281382449844101504106,0.0018500995070799075052574676814247812716334805962265592583659149794455762078604777,0.0018500995070799075052574676814247812716334805962265592583659149794455762078604777,0.00076994955392193749676533741234745578351674963630091543436985788546103293272952746
hires,8,0,normalized,1,80,0.000000000000000000082744808596883284386138914087931777753811816844106470307700339320672272840805585,0.0012244848314111477883918166960722452860784573641944227551969867357646951775755744,0.0037001990141598129129856038777312114009177871262461779618758030651172867229213331,0.0037001990141598128302407952808479270147788730383144002080639862210108164152209937,0.0015398991078438743263652378742110330000408312627684864527070707766730181292545315,0.0,0.0012244848314111480708099495044112267060533599773927329329084256276489968820300821,0.0037001990141598150105149353628495625432669611924531185167318299588911524157209553,0.0037001990141598150105149353628495625432669611924531185167318299588911524157209553,0.0015398991078438749935306748246949115670334992726018308687397157709220658654590549
hires,8,0,normalized,u,80,0.000000000000000000041372404298441642193069457043965888876905908422053235153850169660336136420402792,0.00061224241570557389419590834803612264303922868209721137759849336788234758878778719,0.0018500995070799064564928019388656057004588935631230889809379015325586433614606665,0.0018500995070799064151203976404239635073894365191572001040319931105054082076104969,0.00076994955392193716318261893710551650002041563138424322635353538833650906462726575,0.0,0.00061224241570557403540497475220561335302667998869636646645421281382449844101504106,0.0018500995070799075052574676814247812716334805962265592583659149794455762078604777,0.0018500995070799075052574676814247812716334805962265592583659149794455762078604777,0.00076994955392193749676533741234745578351674963630091543436985788546103293272952746
hires,8,0,normalized,u^2,80,0.000000000000000000029656705888934996933671927508538754965269955294682056187311445248296322991369990,0.00036742088468201806784590097526124951945334291942248823761242589090290418578575865,0.0012378570913743325383259460368667047403901651943618936401118903273884143927657840,0.0012378570913743325086692401479317078067182376858231386748419350327063582054543388,0.00049154043951594564246122260305321864551596714834938028164504230423799427399609768,0.0,0.00036742088468201816989956976111687467121909058253182926401560138226025277867502507,0.0012378570913743334698524929292191679186068006075301927919117021656210777668454366,0.0012378570913743334698524929292191679186068006075301927919117021656210777668454366,0.00049154043951594592632684962553183637798227986219573872569931904164663427777679515
hires,8,0,normalized,window,80,-0.0000000000000000000010316315404083441406822444446967370305167026111802003555579834249253069187965190,0.000075328814653894440317388069000221858986747008697991197213945178810918856627919543,0.00020138085893982174759074388837663226489935406934267845867520360208803618240197123,0.00020138085893982174862237542878497640558159851403941548919190621326823653795995466,0.000087445315225335922772917012375970725280252199150191606871010131817623150092026820,0.0,0.000075328814653894429584626677993488388755737905837864621143052672725712439436200426,0.00020138085893982171687315581406402105425451217964454475597697314300795634159312820,0.00020138085893982171687315581406402105425451217964454475597697314300795634159312820,0.000087445315225335909430200635135468078870694690855460728558885262339512430364072554
hires,8,0,normalized,S,120,0.0000000000000000000413724042984416421930694570439658888769059084220532351538501696603361364204027924109908973284969632165157687981266430768,0.000612242415705573894195908348036122643039228682097211377598493367882347588787787190649198918393165308305669202702812456658,0.00185009950707990645649280193886560570045889356312308898093790153255864336146066653500260740196530426979596917317824466737,0.00185009950707990641512039764042396350738943651915720010403199311050540820761049687466647098156251185880507184468128145085,0.000769949553921937163182618937105516500020415631384243226353535388336509064627265750189539818650095266522973391025423773731,0.0,0.000612242415705574035404974752205613353026679988696366466454212813824498441015041057759174085583334044952279776239689983646,0.00185009950707990750525746768142478127163348059622655925836591497944557620786047766654733948990795514463303505079103549446,0.00185009950707990750525746768142478127163348059622655925836591497944557620786047766654733948990795514463303505079103549446,0.000769949553921937496765337412347455783516749636300915434369857885461032932729527461045877519350968170292175536981333626330
hires,8,0,normalized,1,120,0.0000000000000000000827448085968832843861389140879317777538118168441064703077003393206722728408055848219817946569939264330315375962532861536,0.00122448483141114778839181669607224528607845736419442275519698673576469517757557438129839783678633061661133840540562491332,0.00370019901415981291298560387773121140091778712624617796187580306511728672292133307000521480393060853959193834635648933473,0.00370019901415981283024079528084792701477887303831440020806398622101081641522099374933294196312502371761014368936256290170,0.00153989910784387432636523787421103300004083126276848645270707077667301812925453150037907963730019053304594678205084754746,0.0,0.00122448483141114807080994950441122670605335997739273293290842562764899688203008211551834817116666808990455955247937996729,0.00370019901415981501051493536284956254326696119245311851673182995889115241572095533309467897981591028926607010158207098891,0.00370019901415981501051493536284956254326696119245311851673182995889115241572095533309467897981591028926607010158207098891,0.00153989910784387499353067482469491156703349927260183086873971577092206586545905492209175503870193634058435107396266725266
hires,8,0,normalized,u,120,0.0000000000000000000413724042984416421930694570439658888769059084220532351538501696603361364204027924109908973284969632165157687981266430768,0.000612242415705573894195908348036122643039228682097211377598493367882347588787787190649198918393165308305669202702812456658,0.00185009950707990645649280193886560570045889356312308898093790153255864336146066653500260740196530426979596917317824466737,0.00185009950707990641512039764042396350738943651915720010403199311050540820761049687466647098156251185880507184468128145085,0.000769949553921937163182618937105516500020415631384243226353535388336509064627265750189539818650095266522973391025423773731,0.0,0.000612242415705574035404974752205613353026679988696366466454212813824498441015041057759174085583334044952279776239689983646,0.00185009950707990750525746768142478127163348059622655925836591497944557620786047766654733948990795514463303505079103549446,0.00185009950707990750525746768142478127163348059622655925836591497944557620786047766654733948990795514463303505079103549446,0.000769949553921937496765337412347455783516749636300915434369857885461032932729527461045877519350968170292175536981333626330
hires,8,0,normalized,u^2,120,0.0000000000000000000296567058889349969336719275085387549652699552946820561873114452482963229913699901871390007009533019596640527525626666689,0.000367420884682018067845900975261249519453342919422488237612425890902904185785758650875896341458164002355010787626587338374,0.00123785709137433253832594603686670474039016519436189364011189032738841439276578403273120354870044264283293425542678632851,0.00123785709137433250866924014793170780671823768582313867484193503270635820545433878443488055733045245569393355447348436885,0.000491540439515945642461222603053218645515967148349380281645042304237994273996097675008868435930105344195154970530697192902,0.0,0.000367420884682018169899569761116874671219090582531829264015601382260252778675025067191011590889375277571739900790097842772,0.00123785709137433346985249292921916791860680060753019279191170216562107776684543660878816540432462109968075527455134551081,0.00123785709137433346985249292921916791860680060753019279191170216562107776684543660878816540432462109968075527455134551081,0.000491540439515945926326849625531836377982279862195738725699319041646634277776795152473507837473602999614529609723243349864
hires,8,0,normalized,window,120,-0.00000000000000000000103163154040834414068224444469673703051670261118020035555798342492530691879651901591726047498652652475921436837709669941,0.0000753288146538944403173880690002218589867470086979911972139451788109188566279195427755324906257092799062536076270513105869,0.000201380858939821747590743888376632264899354069342678458675203602088036182401971235021514183348050839527874958240374359653,0.000201380858939821748622375428784976405581598514039415489191906213268236537959954659946821102144569855445135433226900884413,0.0000874453152253359227729170123759707252802521991501916068710101318176231500920268196253101439202790123447967483192259936604,0.0,0.0000753288146538944295846266779934883887557379058378646211430526727257124394362004265007126947216795374268894334009832841546,0.000201380858939821716873155814064021054254512179644544755976973143007956341593128199966381020433003364057328823969102074604,0.000201380858939821716873155814064021054254512179644544755976973143007956341593128199966381020433003364057328823969102074604,0.0000874453152253359094302006351354680788706946908554607285588852623395124303640725541929345071644886111102008568123912323748
hires,8,1/8,normalized,S,80,0.000074397915878621052540813925252652175092783441066139571524026826575237346386481328,0.00057846037360354553206166230318714376536654053935864175111828402151203576151403415,0.0018403908687498062061304166747974303379113183724090761600950461424055931137054058,0.0017659929528711851535896027495447781628185349313429365885710193158303557673189244,0.00073146194793937646538406014985640755644352239097686682814872959583242358534120113,0.000074397915878621062585938899157823371274821913385246882082112126523846883338788526,0.00057846037360354565441961855922254347603443757099477857169582497411874989832117297,0.0018403908687498072469862227286391995004756725661234894573914385815162485316856646,0.0017659929528711861844002838294813761292008506527382425753093264549924016483468761,0.00073146194793937677627062004009570732150851983219890118818027379487062060785174368
hires,8,1/8,normalized,1,80,0.00014879583175724210508162785050530435018556688213227914304805365315047469277296266,0.0011569207472070910641233246063742875307330810787172835022365680430240715230280683,0.0036807817374996124122608333495948606758226367448181523201900922848111862274108115,0.0035319859057423703071792054990895563256370698626858731771420386316607115346378489,0.0014629238958787529307681202997128151128870447819537336562974591916648471706824023,0.00014879583175724212517187779831564674254964382677049376416422425304769376667757705,0.0011569207472070913088392371184450869520688751419895571433916499482374997966423459,0.0036807817374996144939724454572783990009513451322469789147828771630324970633713293,0.0035319859057423723688005676589627522584017013054764851506186529099848032966937522,0.0014629238958787535525412400801914146430170396643978023763605475897412412157034874
hires,8,1/8,normalized,u,80,0.000074397915878621052540813925252652175092783441066139571524026826575237346386481328,0.00057846037360354553206166230318714376536654053935864175111828402151203576151403415,0.0018403908687498062061304166747974303379113183724090761600950461424055931137054058,0.0017659929528711851535896027495447781628185349313429365885710193158303557673189244,0.00073146194793937646538406014985640755644352239097686682814872959583242358534120113,0.000074397915878621062585938899157823371274821913385246882082112126523846883338788526,0.00057846037360354565441961855922254347603443757099477857169582497411874989832117297,0.0018403908687498072469862227286391995004756725661234894573914385815162485316856646,0.0017659929528711861844002838294813761292008506527382425753093264549924016483468761,0.00073146194793937677627062004009570732150851983219890118818027379487062060785174368
hires,8,1/8,normalized,u^2,80,0.000044679796418670665281246721249987390278299147506853426628546477445606564571275451,0.00034764955973471857253692270787266701828741236768649117056632134701514898550915835,0.0012302158121811533665363757250859744213023793691731306433881570034722821235722556,0.0011855360157624827012551290038359870310240802216662772167596105260266755590009802,0.00046807670006859600764608174801571879429476851207696182897156154437434067198736787,0.000044679796418670663074993359573903375062847082536725531212827521544733769818367612,0.00034764955973471866533637551171299365303046443740218230635630549452814779423896509,0.0012302158121811542893991903176176447400391311024449588897263601384289427164789457,0.0011855360157624836263241969580437413649762840199082333585135326168842089466605781,0.00046807670006859627782901615153530614666786869241338224364065352108495584760960863
hires,8,1/8,normalized,window,80,0.0000091648290030071398121299431821265703087880789032627138812774035702202394260049058,0.000071345898004752215093087332681860116419317938210054730980709995737891800219581667,0.00020063507381881679573052789161092598494131373532122256427924951346768651228119458,0.00019147024481580965591839794842879941463252565641795985039797210989746627285518968,0.000083096785574550113462056299232568022710079184591635400953023111364942004015629726,0.0000091648290030071457433813009048047007703309495213587994804617265912610450409649413,0.000071345898004752203712817359667381522277536969070342800313510772597813431085475824,0.00020063507381881676647291445005271500955301180175858058686368947796207287363085962,0.00019147024481580962072953314914791030878268085223722178738322775137081182858989468,0.000083096785574550100493373357548752190551057091672756759600382968081988760315589872
hires,8,1/8,normalized,S,120,0.0000743979158786210525408139252526521750927834410661395715240268265752373463864813275731600050527283425978246107508346339535,0.000578460373603545532061662303187143765366540539358641751118284021512035761514034151398472454010889563723686316575997304520,0.00184039086874980620613041667479743033791131837240907616009504614240559311370540576136954126667803347409038166569843261174,0.00176599295287118515358960274954477816281853493134293658857101931583035576731892443379638126162530513149255705494759797779,0.000731461947939376465384060149856407556443522390976866828148729595832423585341201127399489123817774503202683543733993878778,0.0000743979158786210625859388991578233712748219133852468820821121265238468833387885261897887265130128178429002890399509900645,0.000578460373603545654419618559222543476034437570994778571695824974118749898321172975352389317715527268479882251141724173480,0.00184039086874980724698622272863919950047567256612348945739143858151624853168566463975041032786104626791604682274280576792,0.00176599295287118618440028382948137612920085065273824257530932645499240164834687611356062160134803345007314653370285477786,0.000731461947939376776270620040095707321508519832198901188180273794870620607851743679166417734597063115203995811684500977340
hires,8,1/8,normalized,1,120,0.000148795831757242105081627850505304350185566882132279143048053653150474692772962655146320010105456685195649221501669267907,0.00115692074720709106412332460637428753073308107871728350223656804302407152302806830279694490802177912744737263315199460904,0.00368078173749961241226083334959486067582263674481815232019009228481118622741081152273908253335606694818076333139686522349,0.00353198590574237030717920549908955632563706986268587317714203863166071153463784886759276252325061026298511410989519595558,0.00146292389587875293076812029971281511288704478195373365629745919166484717068240225479897824763554900640536708746798775756,0.000148795831757242125171877798315646742549643826770493764164224253047693766677577052379577453026025635685800578079901980129,0.00115692074720709130883923711844508695206887514198955714339164994823749979664234595070477863543105453695976450228344834696,0.00368078173749961449397244545727839900095134513224697891478287716303249706337132927950082065572209253583209364548561153584,0.00353198590574237236880056765896275225840170130547648515061865290998480329669375222712124320269606690014629306740570955572,0.00146292389587875355254124008019141464301703966439780237636054758974124121570348735833283546919412623040799162336900195468
hires,8,1/8,normalized,u,120,0.0000743979158786210525408139252526521750927834410661395715240268265752373463864813275731600050527283425978246107508346339535,0.000578460373603545532061662303187143765366540539358641751118284021512035761514034151398472454010889563723686316575997304520,0.00184039086874980620613041667479743033791131837240907616009504614240559311370540576136954126667803347409038166569843261174,0.00176599295287118515358960274954477816281853493134293658857101931583035576731892443379638126162530513149255705494759797779,0.000731461947939376465384060149856407556443522390976866828148729595832423585341201127399489123817774503202683543733993878778,0.0000743979158786210625859388991578233712748219133852468820821121265238468833387885261897887265130128178429002890399509900645,0.000578460373603545654419618559222543476034437570994778571695824974118749898321172975352389317715527268479882251141724173480,0.00184039086874980724698622272863919950047567256612348945739143858151624853168566463975041032786104626791604682274280576792,0.00176599295287118618440028382948137612920085065273824257530932645499240164834687611356062160134803345007314653370285477786,0.000731461947939376776270620040095707321508519832198901188180273794870620607851743679166417734597063115203995811684500977340
hires,8,1/8,normalized,u^2,120,0.0000446797964186706652812467212499873902782991475068534266285464774456065645712754514335989990805411710997297566194959067401,0.000347649559734718572536922707872667018287412367686491170566321347015148985509158348186261010865534635744629752320932932386,0.00123021581218115336653637572508597442130237936917313064338815700347228212357225564426910143495020002547630868314525309657,0.00118553601576248270125512900383598703102408022166627721675961052602667555900098019283550243586965885437657892652575718983,0.000468076700068596007646081748015718794294768512076961828971561544374340671987367869847503394891966036086768910912081817637,0.0000446797964186706630749933595739033750628470825367255312128275215447337698183676124577174766628740741124559684188247150167,0.000347649559734718665336375511712993653030464437402182306356305494528147794238965089777476932199224443621658510284042976181,0.00123021581218115428939919031761764474003913110244495888972636013842894271647894569295365762243877602629122857337583175373,0.00118553601576248362632419695804374136497628401990823335851353261688420894666057808049594014577590195217877260495700703871,0.000468076700068596277829016151535306146667868692413382243640653521084955847609608635225413803732820442387544948737408649407
hires,8,1/8,normalized,window,120,0.00000916482900300713981212994318212657030878807890326271388127740357022023942600490575459092130741151858988911805687605565509,0.0000713458980047522150930873326818601164193179382100547309807099957378918002195816666772496011910799071194313935877731134623,0.000200635073818816795730527891610925984941313735321222564279249513467686512281194584858312551988032385080806579586161443646,0.000191470244815809655918397948428799414632525656417959850397972109897466272855189679103721630680620866490917461529285387991,0.0000830967855745501134620562992325680227100791845916354009530231113649420040156297261659449179008992708503570802618680515741,0.00000916482900300714574338130090480470077033094952135879948046172659126104504096494133306880133554793877144296505115100158421,0.0000713458980047522037128173596673815222775369690703428003135107725978134310854758241772553457126031949024225964512358579581,0.000200635073818816766472914450052715009553011801758580586863689477962072873630859625136393152470090588117292770352559706815,0.000191470244815809620729533149147910308782680852237221787383227751370811828589894683803324351134542649345849805301408705231,0.0000830967855745501004933733575487521905510570916727567596003829680819887603155898722740795931945794117217084063325857987786
hires,32,-1/8,normalized,S,80,-0.0000000000000025626842494795607041755257428628172202661585408491292456071429627657360753884796,0.000000000000021041650157953487989471618175214904991385919226885820070493941668254881364555225,0.000000000000053675167423730486590310627728734010720364464668617470720760654602696498075843550,0.000000000000056237851673210047294486153471596827940630623209466599966367797565462234151232030,0.000000000000021216731697825913901670001219985884067476463282302268522775816213016312607623796,-0.0000000000000025626842494795511470597774966869287227887571224243189733349722782657581083018066,0.000000000000021041650157953488471356594596819236190097831795086966342825075378525230140162084,0.000000000000053675167423730507841255771493726387909527063841266234843904247532899911681086726,0.000000000000056237851673210058988315548990413316632315820963690553817239219811165669789388533,0.000000000000021216731697825914788073069072099853197397033090185650667416130875488563921873919
hires,32,-1/8,normalized,1,80,-0.0000000000000051253684989591214083510514857256344405323170816982584912142859255314721507769592,0.000000000000042083300315906975978943236350429809982771838453771640140987883336509762729110450,0.00000000000010735033484746097318062125545746802144072892933723494144152130920539299615168710,0.00000000000011247570334642009458897230694319365588126124641893319993273559513092446830246406,0.000000000000042433463395651827803340002439971768134952926564604537045551632426032625215247593,-0.0000000000000051253684989591022941195549933738574455775142448486379466699445565315162166036132,0.000000000000042083300315906976942713189193638472380195663590173932685650150757050460280324168,0.00000000000010735033484746101568251154298745277581905412768253246968780849506579982336217345,0.00000000000011247570334642011797663109798082663326463164192738110763447843962233133957877707,0.000000000000042433463395651829576146138144199706394794066180371301334832261750977127843747838
hires,32,-1/8,normalized,u,80,-0.0000000000000025626842494795607041755257428628172202661585408491292456071429627657360753884796,0.000000000000021041650157953487989471618175214904991385919226885820070493941668254881364555225,0.000000000000053675167423730486590310627728734010720364464668617470720760654602696498075843550,0.000000000000056237851673210047294486153471596827940630623209466599966367797565462234151232030,0.000000000000021216731697825913901670001219985884067476463282302268522775816213016312607623796,-0.0000000000000025626842494795511470597774966869287227887571224243189733349722782657581083018066,0.000000000000021041650157953488471356594596819236190097831795086966342825075378525230140162084,0.000000000000053675167423730507841255771493726387909527063841266234843904247532899911681086726,0.000000000000056237851673210058988315548990413316632315820963690553817239219811165669789388533,0.000000000000021216731697825914788073069072099853197397033090185650667416130875488563921873919
hires,32,-1/8,normalized,u^2,80,-0.0000000000000014942765064657461791874967847723043917940209667060361593769381949237263432116803,0.000000000000012258231286907895275995808138272789414401971812470274691144632240937287351354667,0.000000000000033703026967258622868370035137251995035170925552235231136259880368046024939549460,0.000000000000035197303473724369047557531922024299426964946518941267295636818562969751282761140,0.000000000000012415857417206920896673402009211723862527201747801377889933166833199840167585329,-0.0000000000000014942765064657407657807356189889012203836193082731761895239194424592618049967630,0.000000000000012258231286907896128621201458941419247888221060589718371679694178367316928678669,0.000000000000033703026967258639626480171595261887874160357744090938528151629852016100583235015,0.000000000000035197303473724380392260907214250789094543977052364114717675549294475362388231778,0.000000000000012415857417206922140983705456572078764806058610375789913092076347006546188999480
hires,32,-1/8,normalized,window,80,-0.00000000000000031379142027900304738792441343838405097656384696641350820993619277182785512518312,0.0000000000000025698106347784881391455908653664818903766912230172978002192098277566085147899581,0.0000000000000065438596063730382994975452610360050646511422284718442265497466858944724249382791,0.0000000000000068576510266520413468854696744743891156277060754382577347596828786663002800634622,0.0000000000000025708229142731578058234917906444983429052550246891850800588942265563449417359658,-0.00000000000000031379142027899936972474388316910235959367758623361681317600615143264777260503470,0.0000000000000025698106347784866860621411084817281667053746336666168453994027262033374360841267,0.0000000000000065438596063730377669482408716430044742353127811675973592997310594876279733998494,0.0000000000000068576510266520371366729847548121068338289903674012141724757372109202757460048841,0.0000000000000025708229142731563523138885633089518754606047899191566566556238877315817525360035
hires,32,-1/8,normalized,S,120,-0.00000000000000256268424947956070417552574286281722026615854084912924560714296276573607538847957969886300213235525694742206370741197958,0.0000000000000210416501579534879894716181752149049913859192268858200704939416682548813645552249219769196363918682692151587170244508569,0.0000000000000536751674237304865903106277287340107203644646686174707207606546026964980758435503290287867539343248680902857397655588469,0.0000000000000562378516732100472944861534715968279406306232094665999663677975654622341512320299087276497560666801250377078034729708265,0.0000000000000212167316978259139016700012199858840674764632823022685227758162130163126076237962750173993392282636007878560534970648823,-0.00000000000000256268424947955114705977749668692872278875712242431897333497227826575810830180661756822048362565209526203106223251239884,0.0000000000000210416501579534884713565945968192361900978317950869663428250753785252301401620842645382624512975272046533854573880126278,0.0000000000000536751674237305078412557714937263879095270638412662348439042475328999116810867265340894618184163600105940615327480591218,0.0000000000000562378516732100589883155489904133166323158209636905538172392198111656697893885331516576823020420121058560925949805715207,0.0000000000000212167316978259147880730690720998531973970330901856506674161308754885639218739188646311259325265447459359648420236243301
hires,32,-1/8,normalized,1,120,-0.00000000000000512536849895912140835105148572563444053231708169825849121428592553147215077695915939772600426471051389484412741482395916,0.0000000000000420833003159069759789432363504298099827718384537716401409878833365097627291104498439538392727837365384303174340489017138,0.000000000000107350334847460973180621255457468021440728929337234941441521309205392996151687100658057573507868649736180571479531117694,0.000000000000112475703346420094588972306943193655881261246418933199932735595130924468302464059817455299512133360250075415606945941653,0.0000000000000424334633956518278033400024399717681349529265646045370455516324260326252152475925500347986784565272015757121069941297646,-0.00000000000000512536849895910229411955499337385744557751424484863794666994455653151621660361323513644096725130419052406212446502479767,0.0000000000000420833003159069769427131891936384723801956635901739326856501507570504602803241685290765249025950544093067709147760252556,0.000000000000107350334847461015682511542987452775819054127682532469687808495065799823362173453068178923636832720021188123065496118244,0.000000000000112475703346420117976631097980826633264631641927381107634478439622331339578777066303315364604084024211712185189961143041,0.0000000000000424334633956518295761461381441997063947940661803713013348322617509771278437478377292622518650530894918719296840472486602
hires,32,-1/8,normalized,u,120,-0.00000000000000256268424947956070417552574286281722026615854084912924560714296276573607538847957969886300213235525694742206370741197958,0.0000000000000210416501579534879894716181752149049913859192268858200704939416682548813645552249219769196363918682692151587170244508569,0.0000000000000536751674237304865903106277287340107203644646686174707207606546026964980758435503290287867539343248680902857397655588469,0.0000000000000562378516732100472944861534715968279406306232094665999663677975654622341512320299087276497560666801250377078034729708265,0.0000000000000212167316978259139016700012199858840674764632823022685227758162130163126076237962750173993392282636007878560534970648823,-0.00000000000000256268424947955114705977749668692872278875712242431897333497227826575810830180661756822048362565209526203106223251239884,0.0000000000000210416501579534884713565945968192361900978317950869663428250753785252301401620842645382624512975272046533854573880126278,0.0000000000000536751674237305078412557714937263879095270638412662348439042475328999116810867265340894618184163600105940615327480591218,0.0000000000000562378516732100589883155489904133166323158209636905538172392198111656697893885331516576823020420121058560925949805715207,0.0000000000000212167316978259147880730690720998531973970330901856506674161308754885639218739188646311259325265447459359648420236243301
hires,32,-1/8,normalized,u^2,120,-0.00000000000000149427650646574617918749678477230439179402096670603615937693819492372634321168034927354861007399820444469260463295231459,0.0000000000000122582312869078952759958081382727894144019718124702746911446322409372873513546668182062343024894132580729748209067157198,0.0000000000000337030269672586228683700351372519950351709255522352311362598803680460249395494596591503713171225431446480636408736717726,0.0000000000000351973034737243690475575319220242994269649465189412672956368185629697512827611400084239199271965413490927562455066240872,0.0000000000000124158574172069208966734020092117238625272017478013778899331668331998401675853291274443023626631536272003701937409207421,-0.00000000000000149427650646574076578073561898890122038361930827317618952391944245926180499676297149298284156406606693030739940654236944,0.0000000000000122582312869078961286212014589414192478882210605897183716796941783673169286786688009203081998262698925665875255854624506,0.0000000000000337030269672586396264801715952618878741603577440909385281516298520161005832350149777189475097295366710699966537183864659,0.0000000000000351973034737243803922609072142507890945439770523641147176755492944753623882317779492119303512936027380003040531249288353,0.0000000000000124158574172069221409837054565720787648060586103757899130920763470065461889994796874163228715767412658689879571921199290
hires,32,-1/8,normalized,window,120,-0.000000000000000313791420279003047387924413438384050976563846966413508209936192771827855125183121666395594080776814592027102463771551797,0.00000000000000256981063477848813914559086536648189037669122301729780021920982775660851478995808592531080334162897593478336168189358315,0.00000000000000654385960637303829949754526103600506465114222847184422654974668589447242493827912454227091129019449499447854358901672014,0.00000000000000685765102665204134688546967447438911562770607543825773475968287866630028006346224620866650537097130958650564605278827194,0.00000000000000257082291427315780582349179064449834290525502468918508005889422655634494173596577828273291658787620381065940549742408364,-0.000000000000000313791420278999369724743883169102359593677586233616813176006151432647772605034698536217843381813534059865136766011580704,0.00000000000000256981063477848668606214110848172816670537463366661684539940272620333743608412675034113522920566872056360808319788214246,0.00000000000000654385960637303776694824087164300447423531278116759735929973105948762797339984940164526351801579792115468575067006827799,0.00000000000000685765102665203713667298475481210683382899036740121417247573721092027574600488410018148136139761145521455088743607985869,0.00000000000000257082291427315635231388856330895187546060478991915665665562388773158175253600349019944247578618658613465648774460809794
hires,32,0,normalized,S,80,-5.4596861276455959444088534303653901020713925686367869431970687979111154381633863e-30,0.000000000000019971055991710732052146804451509082237011256516038490619499229043795472317799715,0.000000000000053664278531855900195325117325411612448120383552367510488339460473244540850546748,0.000000000000053664278531855905655011244971007556856973813917757612559732029110031484047615546,0.000000000000020144422661350539863240334907324322823626365011667690144251160442248659344476890,0.0,0.000000000000019971055991710734731533928819180488146181531692175451849728388774404243509683863,0.000000000000053664278531855921432191086655371718096688191345036127698073769841346420645076914,0.000000000000053664278531855921432191086655371718096688191345036127698073769841346420645076914,0.000000000000020144422661350542946199181019577298689371330139912077159848110028953755344805802
hires,32,0,normalized,1,80,-1.0919372255291191888817706860730780204142785137273573886394137595822230876326773e-29,0.000000000000039942111983421464104293608903018164474022513032076981238998458087590944635599431,0.00000000000010732855706371180039065023465082322489624076710473502097667892094648908170109350,0.00000000000010732855706371181131002248994201511371394762783551522511946405822006296809523109,0.000000000000040288845322701079726480669814648645647252730023335380288502320884497318688953780,0.0,0.000000000000039942111983421469463067857638360976292363063384350903699456777548808487019367726,0.00000000000010732855706371184286438217331074343619337638269007225539614753968269284129015383,0.00000000000010732855706371184286438217331074343619337638269007225539614753968269284129015383,0.000000000000040288845322701085892398362039154597378742660279824154319696220057907510689611605
hires,32,0,normalized,u,80,-5.4596861276455959444088534303653901020713925686367869431970687979111154381633863e-30,0.000000000000019971055991710732052146804451509082237011256516038490619499229043795472317799715,0.000000000000053664278531855900195325117325411612448120383552367510488339460473244540850546748,0.000000000000053664278531855905655011244971007556856973813917757612559732029110031484047615546,0.000000000000020144422661350539863240334907324322823626365011667690144251160442248659344476890,0.0,0.000000000000019971055991710734731533928819180488146181531692175451849728388774404243509683863,0.000000000000053664278531855921432191086655371718096688191345036127698073769841346420645076914,0.000000000000053664278531855921432191086655371718096688191345036127698073769841346420645076914,0.000000000000020144422661350542946199181019577298689371330139912077159848110028953755344805802
hires,32,0,normalized,u^2,80,-3.2880667117358021691729545460764011336895403878693708775204423677926041778751088e-30,0.000000000000011655564018453728254240330803795463406182729207343428610834850909038153626071700,0.000000000000033693222540145169957197459430971880861481590065137070010716112454506745572412424,0.000000000000033693222540145173245264171166774050034436136141538203700256500323877623092854792,0.000000000000011811682726804028234579923598817282630161191151488069002378134117015932849112145,0.0,0.000000000000011655564018453730285700576074643100241666739695546878856779403827951738037877457,0.000000000000033693222540145186700657157836191229950506659652860675848345381066942177135393051,0.000000000000033693222540145186700657157836191229950506659652860675848345381066942177135393051,0.000000000000011811682726804030656582089665028842869068888074150615629240498067652252860352856
hires,32,0,normalized,window,80,-1.2636702299345859663010813240692090758010417038037809576094705353364791446584120e-30,0.0000000000000024517801499434584526158333928857529901525588028304124662053676045913595458881983,0.0000000000000065437970466938305575274768649258931989266626699186587738641294907463447113445728,0.0000000000000065437970466938318211977067995118595000079867391277345749058332945273023208151081,0.0000000000000024527698654013403286732771086130941713358005981101657823115585978839196732770083,0.0,0.0000000000000024517801499434578803239649933658684362699797205286844693843466732164415052119183,0.0000000000000065437970466938300250493084523237850619001690966314544391704940969891567272306627,0.0000000000000065437970466938300250493084523237850619001690966314544391704940969891567272306627,0.0000000000000024527698654013397559564337052101187639093596722304885283616716014992907821058261
hires,32,0,normalized,S,120,-0.00000000000000000000000000000545968612764559594440885343036539010207139256863678694319706879791111543816338632136754093954134574781302601421423087995,0.0000000000000199710559917107320521468044515090822370112565160384906194992290437954723177997154572962596063858788521472115944456019260,0.0000000000000536642785318559001953251173254116124481203835523675104883394604732445408505467481008325122019385768214216256896138263608,0.0000000000000536642785318559056550112449710075568569738139177576125597320291100314840476155460119479503653248981889625652309595741739,0.0000000000000201444226613505398632403349073243228236263650116676901442511604422486593444768898406482673363849212712090827499903230776,0.0,0.0000000000000199710559917107347315339288191804881461815316921754518497283887744042435096838632003674772245734917257137514347054446731,0.0000000000000536642785318559214321910866553717180966881913450361276980737698413464206450769138446258665342188326277972835012259941537,0.0000000000000536642785318559214321910866553717180966881913450361276980737698413464206450769138446258665342188326277972835012259941537,0.0000000000000201444226613505429461991810195772986893713301399120771598481100289537553448058022897203091196630276738376582792461465717
hires,32,0,normalized,1,120,-0.0000000000000000000000000000109193722552911918888177068607307802041427851372735738863941375958222308763267726427350818790826914956260520284284617599,0.0000000000000399421119834214641042936089030181644740225130320769812389984580875909446355994309145925192127717577042944231888912038521,0.000000000000107328557063711800390650234650823224896240767104735020976678920946489081701093496201665024403877153642843251379227652722,0.000000000000107328557063711811310022489942015113713947627835515225119464058220062968095231092023895900730649796377925130461919148348,0.0000000000000402888453227010797264806698146486456472527300233353802885023208844973186889537796812965346727698425424181654999806461552,0.0,0.0000000000000399421119834214694630678576383609762923630633843509036994567775488084870193677264007349544491469834514275028694108893463,0.000000000000107328557063711842864382173310743436193376382690072255396147539682692841290153827689251733068437665255594567002451988307,0.000000000000107328557063711842864382173310743436193376382690072255396147539682692841290153827689251733068437665255594567002451988307,0.0000000000000402888453227010858923983620391545973787426602798241543196962200579075106896116045794406182393260553476753165584922931434
hires,32,0,normalized,u,120,-0.00000000000000000000000000000545968612764559594440885343036539010207139256863678694319706879791111543816338632136754093954134574781302601421423087995,0.0000000000000199710559917107320521468044515090822370112565160384906194992290437954723177997154572962596063858788521472115944456019260,0.0000000000000536642785318559001953251173254116124481203835523675104883394604732445408505467481008325122019385768214216256896138263608,0.0000000000000536642785318559056550112449710075568569738139177576125597320291100314840476155460119479503653248981889625652309595741739,0.0000000000000201444226613505398632403349073243228236263650116676901442511604422486593444768898406482673363849212712090827499903230776,0.0,0.0000000000000199710559917107347315339288191804881461815316921754518497283887744042435096838632003674772245734917257137514347054446731,0.0000000000000536642785318559214321910866553717180966881913450361276980737698413464206450769138446258665342188326277972835012259941537,0.0000000000000536642785318559214321910866553717180966881913450361276980737698413464206450769138446258665342188326277972835012259941537,0.0000000000000201444226613505429461991810195772986893713301399120771598481100289537553448058022897203091196630276738376582792461465717
hires,32,0,normalized,u^2,120,-0.00000000000000000000000000000328806671173580216917295454607640113368954038786937087752044236779260417787510879272110240367963880099336650595466074794,0.0000000000000116555640184537282542403308037954634061827292073434286108348509090381536260717003014781419487322534652158361111272820796,0.0000000000000336932225401451699571974594309718808614815900651370700107161124545067455724124239225515644933198882686805991432904035761,0.0000000000000336932225401451732452641711667740500344361361415382037002565003238776230928547917151557423684286809897830028229292045695,0.0000000000000118116827268040282345799235988172826301611911514880690023781341170159328491121449911618582393498803785072266239867948226,0.0,0.0000000000000116555640184537302857005760746431002416667396955468788567794038279517380378774568726208550867204782982347422397368102795,0.0000000000000336932225401451867006571578361912299505066596528606758483453810669421771353930506442583893096453409020835320665205494806,0.0000000000000336932225401451867006571578361912299505066596528606758483453810669421771353930506442583893096453409020835320665205494806,0.0000000000000118116827268040306565820896650288428690688880741506156292404980676522528603528556261064001583212078404442956842955592964
hires,32,0,normalized,window,120,-0.00000000000000000000000000000126367022993458596630108132406920907580104170380378095760947053533647914465841196983965735269853636561677388056358172254,0.00000000000000245178014994345845261583339288575299015255880283041246620536760459135954588819833401669074658180126506785192360607994457,0.00000000000000654379704669383055752747686492589319892666266991865877386412949074634471134457278710496285313158021413877302387549928338,0.00000000000000654379704669383182119770679951185950000798673912773457490583329452730232081510812358410751154355005379612572241186490016,0.00000000000000245276986540134032867327710861309417133580059811016578231155859788391967327700825594675219224787845823739238755797365289,0.0,0.00000000000000245178014994345788032396499336586843626997972052868446938434667321644150521191835348513935516245045823949442704394169283,0.00000000000000654379704669383002504930845232378506190016909663145443917049409698915672723066274513361145280217056176138132696953315448,0.00000000000000654379704669383002504930845232378506190016909663145443917049409698915672723066274513361145280217056176138132696953315448,0.00000000000000245276986540133975595643370521011876390935967223048852836167160149929078210582606199009257349021771894567100501138654634
hires,32,1/8,normalized,S,80,0.0000000000000024324518587573193472317477682802308789982669977253789773477525543500735015592971,0.000000000000018957398579446474897651610986185621967119916476781442166502393008933693107784911,0.000000000000053653496134938180447794996443012036269638412030111837659241750915844154632205213,0.000000000000051221044276180861100563248674731805390640145032386458681893998361494081130645915,0.000000000000019129072223261266636066415783093478253449437108121855723315838169524775456050272,0.0000000000000024324518587573232482592795917206564966955245715692528903427743105346867233067497,0.000000000000018957398579446478501599408023013055144830177575597209591024089018410083181254351,0.000000000000053653496134938201651586268739043914005376017068806867963487009359699479023347649,0.000000000000051221044276180878403326989147323257508680492497237615073144235049164792300040900,0.000000000000019129072223261270637962132779709787849592005191666386962379838256437840715056323
hires,32,1/8,normalized,1,80,0.0000000000000048649037175146386944634955365604617579965339954507579546955051087001470031185942,0.000000000000037914797158892949795303221972371243934239832953562884333004786017867386215569822,0.00000000000010730699226987636089558999288602407253927682406022367531848350183168830926441043,0.00000000000010244208855236172220112649734946361078128029006477291736378799672298816226129183,0.000000000000038258144446522533272132831566186956506898874216243711446631676339049550912100543,0.0000000000000048649037175146464965185591834413129933910491431385057806855486210693734466134995,0.000000000000037914797158892957003198816046026110289660355151194419182048178036820166362508702,0.00000000000010730699226987640330317253747808782801075203413761373592697401871939895804669530,0.00000000000010244208855236175680665397829464651501736098499447523014628847009832958460008180,0.000000000000038258144446522541275924265559419575699184010383332773924759676512875681430112646
hires,32,1/8,normalized,u,80,0.0000000000000024324518587573193472317477682802308789982669977253789773477525543500735015592971,0.000000000000018957398579446474897651610986185621967119916476781442166502393008933693107784911,0.000000000000053653496134938180447794996443012036269638412030111837659241750915844154632205213,0.000000000000051221044276180861100563248674731805390640145032386458681893998361494081130645915,0.000000000000019129072223261266636066415783093478253449437108121855723315838169524775456050272,0.0000000000000024324518587573232482592795917206564966955245715692528903427743105346867233067497,0.000000000000018957398579446478501599408023013055144830177575597209591024089018410083181254351,0.000000000000053653496134938201651586268739043914005376017068806867963487009359699479023347649,0.000000000000051221044276180878403326989147323257508680492497237615073144235049164792300040900,0.000000000000019129072223261270637962132779709787849592005191666386962379838256437840715056323
hires,32,1/8,normalized,u^2,80,0.0000000000000014209207424288883138433366736599315364379413618893574407326480096362401805445740,0.000000000000011084249886883876276725018864579306553014043314588950517157354260889602323808159,0.000000000000033683511735420953791807513647615960032594753280815432553594049798650028839466022,0.000000000000032262590992992065477964176973956028496156811918926075112861401789013788658921448,0.000000000000011238880051575848102751062018756985901386228805659546854242671239724896764201888,0.0000000000000014209207424288909937419573591436556768639875308280276133054848423660587926825556,0.000000000000011084249886883878779192162188575539786991294720125275040027417459954310663908517,0.000000000000033683511735420970503078520990670902810142033018819114559747874424155446685098085,0.000000000000032262590992992079509336563631527247133278045487991086946442389581789387892415530,0.000000000000011238880051575850990506053100748498081646743105165156459508496313155784424034895
hires,32,1/8,normalized,window,80,0.00000000000000029938021784233960631527182340797579045402363205018991491765793799179374634805159,0.0000000000000023391884879605238150947040224746140101494977030951929175798880504934886253371008,0.0000000000000065437358814091640721259134821172196406275273198208492144107410190997620804327469,0.0000000000000062443556635668244658106416587092438501735036877706592994930830811079683340846953,0.0000000000000023401561449091162072243816146454901074785813312630192200064182885974317482514252,0.00000000000000029938021784233933892887884432195045681306041932198868944252847295794667522241440,0.0000000000000023391884879605238575071832533683286301885428139974956834117152936105732820235911,0.0000000000000065437358814091635394857359328285724867488740942355086478558785361600402741190741,0.0000000000000062443556635668242005568570885066220299358136749135199584133500632020935988966597,0.0000000000000023401561449091162491523815872334439307562372411139831079284641196664893099592278
hires,32,1/8,normalized,S,120,0.00000000000000243245185875731934723174776828023087899826699772537897734775255435007350155929711424830387852653768853652373927189664307,0.0000000000000189573985794464748976516109861856219671199164767814421665023930089336931077849109983109236158708881697538019014694147613,0.0000000000000536534961349381804477949964430120362696384120301118376592417509158441546322052125261007395428137592463414132614869043831,0.0000000000000512210442761808611005632486747318053906401450323864586818939983614940811306459154118524356642872215578048895222150077400,0.0000000000000191290722232612666360664157830934782534494371081218557233158381695247754560502717134665738072947878706667546503099792179,0.00000000000000243245185875732324825927959172065649669552457156925289034277431053468672330674973680835086166431108089567886563798103867,0.0000000000000189573985794464785015994080230130551448301775755972095910240890184100831812543508438956262324464789394169148235349695660,0.0000000000000536534961349382016515862687390439140053760170688068679634870093596994790233476495607629048556217693893347155479979762622,0.0000000000000512210442761808784033269891473232575086804924972376150731442350491647923000408998239545539939574583084390366823599952235,0.0000000000000191290722232612706379621327797097878495920051916663869623798382564378407150563231277789948191762840904554490741038726398
hires,32,1/8,normalized,1,120,0.00000000000000486490371751463869446349553656046175799653399545075795469550510870014700311859422849660775705307537707304747854379328615,0.0000000000000379147971588929497953032219723712439342398329535628843330047860178673862155698219966218472317417763395076038029388295226,0.000000000000107306992269876360895589992886024072539276824060223675318483501831688309264410425052201479085627518492682826522973808766,0.000000000000102442088552361722201126497349463610781280290064772917363787996722988162261291830823704871328574443115609779044430015480,0.0000000000000382581444465225332721328315661869565068988742162437114466316763390495509121005434269331476145895757413335093006199584357,0.00000000000000486490371751464649651855918344131299339104914313850578068554862106937344661349947361670172332862216179135773127596207734,0.0000000000000379147971588929570031988160460261102896603551511944191820481780368201663625087016877912524648929578788338296470699391319,0.000000000000107306992269876403303172537478087828010752034137613735926974018719398958046695299121525809711243538778669431095995952524,0.000000000000102442088552361756806653978294646515017360984994475230146288470098329584600081799647909107987914916616878073364719990447,0.0000000000000382581444465225412759242655594195756991840103833327739247596765128756814301126462555579896383525681809108981482077452796
hires,32,1/8,normalized,u,120,0.00000000000000243245185875731934723174776828023087899826699772537897734775255435007350155929711424830387852653768853652373927189664307,0.0000000000000189573985794464748976516109861856219671199164767814421665023930089336931077849109983109236158708881697538019014694147613,0.0000000000000536534961349381804477949964430120362696384120301118376592417509158441546322052125261007395428137592463414132614869043831,0.0000000000000512210442761808611005632486747318053906401450323864586818939983614940811306459154118524356642872215578048895222150077400,0.0000000000000191290722232612666360664157830934782534494371081218557233158381695247754560502717134665738072947878706667546503099792179,0.00000000000000243245185875732324825927959172065649669552457156925289034277431053468672330674973680835086166431108089567886563798103867,0.0000000000000189573985794464785015994080230130551448301775755972095910240890184100831812543508438956262324464789394169148235349695660,0.0000000000000536534961349382016515862687390439140053760170688068679634870093596994790233476495607629048556217693893347155479979762622,0.0000000000000512210442761808784033269891473232575086804924972376150731442350491647923000408998239545539939574583084390366823599952235,0.0000000000000191290722232612706379621327797097878495920051916663869623798382564378407150563231277789948191762840904554490741038726398
hires,32,1/8,normalized,u^2,120,0.00000000000000142092074242888831384333667365993153643794136188935744073264800963624018054457396797875749774485473927080908452584660905,0.0000000000000110842498868838762767250188645793065530140433145889505171573542608896023238081585614007375365920627621256630763795053554,0.0000000000000336835117354209537918075136476159600325947532808154325535940497986500288394660222160631767825352650966450651663911203338,0.0000000000000322625909929920654779641769739560284961568119189260751128614017890137886589214482480844192847904103573742560818652737247,0.0000000000000112388800515758481027510620187569859013862288056595468542426712397248967642018882023393660745378700527093965631009920342,0.00000000000000142092074242889099374195735914365567686398753082802761330548484236605879268255564481955908799659672167298924724759696890,0.0000000000000110842498868838787791921621885755397869912947201252750400274174599543106639085172845251177050377571364459453974800990927,0.0000000000000336835117354209705030785209906709028101420330188191145597478744241554466850980855172004960440490463995020058417036583333,0.0000000000000322625909929920795093365636315272471332780454879910869464423895817893878924155298723809369560524496778290165944560613644,0.0000000000000112388800515758509905060531007484980816467431051651564595084963131557844240348954515631352928206356865040847468980893153
hires,32,1/8,normalized,window,120,0.000000000000000299380217842339606315271823407975790454023632050189914917657937991793746348051593970211171826471942407005344651647025544,0.00000000000000233918848796052381509470402247461401014949770309519291757988805049348862533710075718811162507847359735458477920899460516,0.00000000000000654373588140916407212591348211721964062752731982084921441074101909976208043274690932545480892924484908029481866015560655,0.00000000000000624435566356682446581064165870924385017350368777065929949308308110796833408469531535524363710277290667328947400850858100,0.00000000000000234015614490911620722438161464549010747858133126301922000641828859743174825142522789131989278718254677548125964258771635,0.000000000000000299380217842339338928878844321950456813060419321988689442528472957946675222414403548468085607883040966549622101867497428,0.00000000000000233918848796052385750718325336832863018854281399749568341171529361057328202359110534941977147665979722322725068913575816,0.00000000000000654373588140916353948573593282857248674887409423550864785587853616004027411907416175132652077681171362792554721191288144,0.00000000000000624435566356682420055685708850662202993581367491351995841335006320209359889665975820285843516892867266137592511004538401,0.00000000000000234015614490911624915238158723344393075623724111398310792846411966648930995922783187466502485776483122727797702004963278
