table,lambda,alpha,mode,observable,value_API_per_H_s,alpha_JVP_API_per_H_s,A_plus,A_minus,positive_scale,jvp_component_scale,abs_net_over_positive,cancellation_fraction,API_exact_abs_residual,API_exact_scaled_residual,API_JVP_exact_abs_residual,API_JVP_exact_scaled_residual,decimal120_value,decimal120_alpha_JVP,decimal120_positive_scale,API_minus_decimal120,API_JVP_minus_decimal120
base,2,-1/8,raw,S,-0.09143420965838248,0.7819665765638644,2.394298590362422,2.4857328000208043,4.880031390383227,2.685761549459823,0.018736397851572464,0.9812636021484276,6.872896824053847e-18,1.4083714374456352e-18,2.7429568233986814e-17,1.0212957378700882e-17,-0.0914342096583826489880335581757741320948040537368675708455903326957975312483667830299941101347556727279900083725188935027,0.781966576563864392320875773180204874170528269802924606053458296811990067010377152800340725936333524327458752137023584182,4.88003139038322774444788017288945952964016931818367935717669915291688381254197797119185334364524899195591627486675678536,0.000000000000000173049879314653625087074462180567922258345590332695797531248366783029994110134755672727990008372518893502695504990343807,-0.0000000000000000239109805951331960617430075178497996060534582968119900670103771528003407259363335243274587521370235841819643959205088832
base,2,-1/8,raw,1,-0.18286841931676495,1.5639331531277287,4.788597180724844,4.971465600041609,9.760062780766454,5.371523098919646,0.018736397851572464,0.9812636021484276,1.3745793648107694e-17,1.4083714374456352e-18,5.485913646797363e-17,1.0212957378700882e-17,-0.182868419316765297976067116351548264189608107473735141691180665391595062496733566059988220269511345455980016745037787005,1.56393315312772878464175154636040974834105653960584921210691659362398013402075430560068145187266704865491750427404716836,9.76006278076645548889576034577891905928033863636735871435339830583376762508395594238370668729049798391183254973351357073,0.000000000000000346099758629307250174148924361135844516691180665391595062496733566059988220269511345455980016745037787005003750789202681,-0.0000000000000000478219611902663921234860150356995992121069165936239801340207543056006814518726670486549175042740471683600561999261684481
base,2,-1/8,raw,u,-0.09143420965838248,0.7819665765638644,2.394298590362422,2.4857328000208043,4.880031390383227,2.685761549459823,0.018736397851572464,0.9812636021484276,6.872896824053847e-18,1.4083714374456352e-18,2.7429568233986814e-17,1.0212957378700882e-17,-0.0914342096583826489880335581757741320948040537368675708455903326957975312483667830299941101347556727279900083725188935027,0.781966576563864392320875773180204874170528269802924606053458296811990067010377152800340725936333524327458752137023584182,4.88003139038322774444788017288945952964016931818367935717669915291688381254197797119185334364524899195591627486675678536,0.000000000000000173049879314653625087074462180567922258345590332695797531248366783029994110134755672727990008372518893502695504990343807,-0.0000000000000000239109805951331960617430075178497996060534582968119900670103771528003407259363335243274587521370235841819643959205088832
base,2,-1/8,raw,u^2,-0.05634584510532718,0.4818173951048963,1.6802157943194522,1.7365616394247794,3.4167774337442314,1.8727995804071709,0.01649093223013397,0.983509067769866,8.998533247908861e-19,2.63363166679778e-19,2.3729752695249583e-17,1.2670737938808395e-17,-0.0563458451053273081905897378872075173803849542224269570369889257468302235666650406702507535254133686665111925254976583783,0.481817395104896326222617806697457134969133683729928406619393352403021869750313745522706737522079101266423785356588381445,3.41677743374423295995095472602859081874827974491447839316833705666018487565685570526948192546433241031686434842379546086,0.000000000000000125146159509722351428101329358824477738286988925746830223566665040670250753525413368666511192525497658378301723319022446,-0.0000000000000000307013604633446848394941275802143034066193933524030218697503137455227067375220791012664237853565883814449891800079968378
base,2,-1/8,raw,window,-0.011473475777806717,0.09811630512774853,0.2401148000420146,0.2515882758198213,0.4917030758618359,0.27261010089632653,0.023334154983058634,0.9766658450169413,7.262635175054495e-18,1.4770367588864197e-17,3.0323435089714866e-18,1.1123371800976241e-17,-0.0114734757778066999095718545403055318539564283263665105315697846997113340076728947797361962479213620615297365100263427639,0.0981163051277485897095341669827972191023807652163111765751953935578016054102551337012849586912085687323747165117498634456,0.491703075861836222050390519340648133190340769842141924816486724236999191229888591688289561255685432585490271330545401109,-0.0000000000000000170341245533551533012276913253891486261871802153002886659923271052202638037520786379384702634899736572361003421472904737,-0.0000000000000000548561739264786807006794195301699244578251953935578016054102551337012849586912085687323747165117498634455966499218615276
base,2,0,raw,S,1.4235574524734673e-16,0.6835940519071568,2.28156731783111,2.28156731783111,4.56313463566222,2.3924394146577552,3.11969197960532e-17,1.0,1.5744213755938752e-17,3.45030664510601e-18,6.089291145972192e-17,2.545222716472961e-17,0.0,0.683594051907156807286376835803447808123698193204674091517828371022027901121808107888043365219121225603275708236282825213,4.56313463566222158191634750316952012844948955262833000530893439346647341184746169826526203489372350005406140901879777652,0.000000000000000142355745247346732185178552754223346710205078125000000000000000000000000000000000000000000000000000000000000000000000000,0.0000000000000000226972148701646900223721361573812634084821716289779720988781918921119566347808787743967242917637171747869929764474419139
base,2,0,raw,1,2.8471149049469346e-16,1.3671881038143137,4.56313463566222,4.56313463566222,9.12626927132444,4.7848788293155105,3.11969197960532e-17,1.0,3.1488427511877503e-17,3.45030664510601e-18,1.2178582291944384e-16,2.545222716472961e-17,0.0,1.36718810381431361457275367160689561624739638640934818303565674204405580224361621577608673043824245120655141647256565043,9.12626927132444316383269500633904025689897910525666001061786878693294682369492339653052406978744700010812281803759555304,0.000000000000000284711490494693464370357105508446693420410156250000000000000000000000000000000000000000000000000000000000000000000000000,0.0000000000000000453944297403293800447442723147625268169643432579559441977563837842239132695617575487934485835274343495699197313842920437
base,2,0,raw,u,1.4235574524734673e-16,0.6835940519071568,2.28156731783111,2.28156731783111,4.56313463566222,2.3924394146577552,3.11969197960532e-17,1.0,1.5744213755938752e-17,3.45030664510601e-18,6.089291145972192e-17,2.545222716472961e-17,0.0,0.683594051907156807286376835803447808123698193204674091517828371022027901121808107888043365219121225603275708236282825213,4.56313463566222158191634750316952012844948955262833000530893439346647341184746169826526203489372350005406140901879777652,0.000000000000000142355745247346732185178552754223346710205078125000000000000000000000000000000000000000000000000000000000000000000000000,0.0000000000000000226972148701646900223721361573812634084821716289779720988781918921119566347808787743967242917637171747869929764474419139
base,2,0,raw,u^2,1.0354702911383311e-16,0.42134101818680775,1.5979732659239534,1.5979732659239532,3.1959465318479063,1.6661697346044462,3.239948731368853e-17,1.0,1.1121672799236811e-17,3.479930808731717e-18,5.364014775405729e-18,3.2193687497745613e-18,0.0,0.421341018186807786882946531181682970028204761040530843214571786995983124214553517207712381574553855557619398645407561013,3.19594653184790796734359383156262451220209316621898182227327765142241760960384548248917530445548104884750999254623212608,0.000000000000000103547029113833108187372898838548090393254628332250083522225736487598624080419540405273437500000000000000000000000000000,-0.0000000000000000393464978439394553635528515200737339682145717869959831242145535172077123815745538555576193986454075610129850971673753889
base,2,0,raw,window,3.2952431941952528e-18,0.08578783508379886,0.2297415276798609,0.2297415276798609,0.4594830553597218,0.24364266295775133,7.171631588493423e-18,1.0,3.3431092920880374e-18,7.27580539280338e-18,1.413266820237926e-19,5.800572047117184e-19,0.0,0.0857878350837989298303308987569277356881574331360318125640342440602979461629565364529449993344310831774708141242244091488,0.459483055359722092073351896872866827026444290170298691557164879176884009951561598109025267560122908659402274762750973542,0.00000000000000000329524319419525278941924763951283979675170366449717899298699208543439453933387994766235351562500000000000000000000000000,-0.0000000000000000663633780322824701848942712484436490000640342440602979461629565364529449993344310831774708141242244091487986675932899844
base,2,1/8,raw,S,0.08005769314728736,0.5994844486431792,2.180104053268583,2.1000463601212953,4.280150413389878,2.141700039363344,0.018704411157336336,0.9812955888426637,2.8047106381217864e-17,6.552831950362363e-18,4.106402599435354e-17,1.9173565503860434e-17,0.0800576931472872658760187295116126036867246048453377591892367975058911690006724165961046164155568002107257573999199732498,0.599484448643179153145471473463293763355070131408884581362527502683193775376928725554436043932782824476372210548537264388,4.28015041338987922370886815416948232631284730577743342943751447634999121781149643412211105925976654754808862287484683489,0.0000000000000000962027379711002353147939100844857169283107632024941088309993275834038953835844431997892742426000800267501992005137884499,0.0000000000000000265377443335541108227216663187864279186374724973168062246230712744455639560672171755236277894514627356119780240649481583
base,2,1/8,raw,1,0.16011538629457472,1.1989688972863584,4.360208106537166,4.200092720242591,8.560300826779756,4.283400078726688,0.018704411157336336,0.9812955888426637,5.609421276243573e-17,6.552831950362363e-18,8.212805198870708e-17,1.9173565503860434e-17,0.160115386294574531752037459023225207373449209690675518378473595011782338001344833192209232831113600421451514799839946500,1.19896889728635830629094294692658752671014026281776916272505500536638755075385745110887208786556564895274442109707452878,8.56030082677975844741773630833896465262569461155486685887502895269998243562299286824422211851953309509617724574969366977,0.000000000000000192405475942200470629587820168971433856621526404988217661998655166807790767168886399578548485200160053500011141836091968,0.0000000000000000530754886671082216454433326375728558372749449946336124492461425488911279121344343510472555789029254712200834562150469984
base,2,1/8,raw,u,0.08005769314728736,0.5994844486431792,2.180104053268583,2.1000463601212953,4.280150413389878,2.141700039363344,0.018704411157336336,0.9812955888426637,2.8047106381217864e-17,6.552831950362363e-18,4.106402599435354e-17,1.9173565503860434e-17,0.0800576931472872658760187295116126036867246048453377591892367975058911690006724165961046164155568002107257573999199732498,0.599484448643179153145471473463293763355070131408884581362527502683193775376928725554436043932782824476372210548537264388,4.28015041338987922370886815416948232631284730577743342943751447634999121781149643412211105925976654754808862287484683489,0.0000000000000000962027379711002353147939100844857169283107632024941088309993275834038953835844431997892742426000800267501992005137884499,0.0000000000000000265377443335541108227216663187864279186374724973168062246230712744455639560672171755236277894514627356119780240649481583
base,2,1/8,raw,u^2,0.04935765739695297,0.3697165931529753,1.524158415088584,1.474800757691631,2.998959172780215,1.4902178297015212,0.016458262534863207,0.9835417374651368,2.0119789526567043e-17,6.7089241191352365e-18,1.2209582226080226e-17,8.193152694009647e-18,0.0493576573969528952827322436113594364429066613800037354384355315503050591248853532803507716779760849688008892219443597513,0.369716593152975322803839529458172191535349876668090843229782833101145921597157391299759132561701863100460050783902856400,2.99895917278021661611535952484184675942284045273741787059081191003997587105714897881070495341853411612832231126119456083,0.0000000000000000744367180223726914931034495397918712645615644684496949408751146467196492283220239150311991107780556402487001463192668210,-0.0000000000000000414371606015058649151076040575762939682297828331011459215971573912997591325617018631004600507839028564000206788921595846
base,2,1/8,raw,window,0.010048017906540429,0.07525095492351333,0.2203370054078673,0.21028898750132688,0.4306259929091942,0.21867526307251983,0.02333351463217235,0.9766664853678276,3.2262058283889203e-18,7.491897566594936e-18,5.733858072599256e-19,2.6220881100290354e-18,0.0100480179065404344912029338754501136454254800787308695159458448456778711732846334250203265079948369369338541559839895021,0.0752509549235133780072201023862984164054722980269918524041970747524496903111589219962813288434848821898865657927250486453,0.430625992909194449515801362474037201563581011540082078555349201626304757084105060032915013400458759467627102410564381446,-0.00000000000000000559603498486716766501464549846557168982844584484567787117328463342502032650799483693693385415598398950210041627768283536,-0.0000000000000000478546465718459042853112549976119527899041970747524496903111589219962813288434848821898865657927250486452981564287817810
base,8,-1/8,raw,S,-7.878946293713452e-05,0.0006484365947945932,0.0018612994681790913,0.001940088931116226,0.0038013883992953175,0.0008111980735638537,0.020726496390566174,0.9792735036094338,6.662881397566711e-20,1.752749442493654e-17,2.503735505253412e-20,3.086466285914237e-17,-0.0000787894629371345418051742416570247387269878006846345339595663795806938617724879948552774820652270987277411674757792410524,0.000648436594794593147719115215073072850847232698044572332702733401204756340544986734510154920017436747735893052207411445658,0.00380138839929531778087402910405797976888710146433769477494479575015625936467561904451828851241957365983190625329538084717,0.0000000000000000000255545901596481682263245706624657548342525351295806938617724879948552774820652270987277411674757792410524028719071810321,0.0000000000000000000523754193868008017843555774702217240540160165987952436594550132654898450799825632522641069477925885543419749664348809462
base,8,-1/8,raw,1,-0.00015757892587426903,0.0012968731895891864,0.0037225989363581825,0.003880177862232452,0.007602776798590635,0.0016223961471277075,0.020726496390566174,0.9792735036094338,1.3325762795133422e-19,1.752749442493654e-17,5.007471010506824e-20,3.086466285914237e-17,-0.000157578925874269083610348483314049477453975601369269067919132759161387723544975989710554964130454197455482334951558482105,0.00129687318958918629543823043014614570169446539608914466540546680240951268108997346902030984003487349547178610441482289132,0.00760277679859063556174805820811595953777420292867538954988959150031251872935123808903657702483914731966381250659076169435,0.0000000000000000000511091803192963364526491413249315096685050702591613877235449759897105549641304541974554823349515584821049948352164543161,0.000000000000000000104750838773601603568711154940443448108032033197590487318910026530979690159965126504528213895585177108679979013425824603
base,8,-1/8,raw,u,-7.878946293713452e-05,0.0006484365947945932,0.0018612994681790913,0.001940088931116226,0.0038013883992953175,0.0008111980735638537,0.020726496390566174,0.9792735036094338,6.662881397566711e-20,1.752749442493654e-17,2.503735505253412e-20,3.086466285914237e-17,-0.0000787894629371345418051742416570247387269878006846345339595663795806938617724879948552774820652270987277411674757792410524,0.000648436594794593147719115215073072850847232698044572332702733401204756340544986734510154920017436747735893052207411445658,0.00380138839929531778087402910405797976888710146433769477494479575015625936467561904451828851241957365983190625329538084717,0.0000000000000000000255545901596481682263245706624657548342525351295806938617724879948552774820652270987277411674757792410524028719071810321,0.0000000000000000000523754193868008017843555774702217240540160165987952436594550132654898450799825632522641069477925885543419749664348809462
base,8,-1/8,raw,u^2,-4.72478770409751e-05,0.00038857691619219857,0.0012466135664314034,0.0012938614434723787,0.002540475009903782,0.0005166836493146282,0.018598048340087613,0.9814019516599124,3.127313102108659e-20,1.2309954201151944e-17,1.0149339759950363e-20,1.9643237740178705e-17,-0.0000472478770409751292737862571721772196488486936862312299004064670877064525687247673138993332211352835311737744334642565865,0.000388576916192198544450325243589469950864008576766995005316573300952609242321603547764566386454904736919138888340365974838,0.00254047500990378279967656647651650990731042917981968949601691951130792675343074241047406306233198975627005433271232417205,0.0000000000000000000299011368310284107151110688558394752484550939670877064525687247673138993332211352835311737744334642565864979955376100973,0.0000000000000000000212773193555320341922492618251876558735896766990473907576783964522354336135450952630808611116596340251620052431913983202
base,8,-1/8,raw,window,-9.681047486208627e-06,7.95763784237772e-05,0.00020224563481494354,0.00021192668230115219,0.00041417231711609573,9.208004787678022e-05,0.02337444364610915,0.9766255563538908,1.0708162520165273e-20,2.5854365629085954e-17,1.4593816497692517e-21,1.5849053985312526e-17,-0.00000968104748620855726331634992200540259561722443506194897951787838967647781561709840744643791380254585882086508967127392147,0.0000795763784237772254740271602926738337890019973195361539103742221195058516817366206372992041660689476090508683311214344007,0.000414172317116095968364774398691542322911223576442684469640322321297050072454663962175980398915161926576736003560352318157,-0.0000000000000000000701572386341445642566666962830622486894482164966103235221843829015925535620861974541411791349103287260785298548114198091,-0.0000000000000000000224533615332170156121326618229425715848185773471195058516817366206372992041660689476090508683311214344006995958763452774
base,8,0,raw,S,3.245194979168038e-20,0.0006125531232069127,0.0018512813552707219,0.0018512813552707219,0.0037025627105414438,0.0007704053841982099,8.764726576888896e-18,1.0,8.169515642737845e-22,2.206448960196863e-19,5.221977170158703e-21,6.778219982968334e-18,0.0,0.000612553123206912695877305465717549442553636661666383435984763663682359641444903509973619986326162958102614115309117870777,0.00370256271054144450553600858472041181086695680285144179295648384244977730913010328056503642367889977862554249197330619078,0.0000000000000000000324519497916803817405551058072887826710939407348632812500000000000000000000000000000000000000000000000000000000000000000,0.0000000000000000000225643913200141154889643890346112349722183613363176403585550964900263800136738370418973858846908821292230440600095299724
base,8,0,raw,1,6.490389958336076e-20,0.0012251062464138254,0.0037025627105414438,0.0037025627105414438,0.0074051254210828876,0.0015408107683964197,8.764726576888896e-18,1.0,1.633903128547569e-21,2.206448960196863e-19,1.0443954340317405e-20,6.778219982968334e-18,0.0,0.00122510624641382539175461093143509888510727332333276687196952732736471928288980701994723997265232591620522823061823574155,0.00740512542108288901107201716944082362173391360570288358591296768489955461826020656113007284735779955725108498394661238154,0.0000000000000000000649038995833607634811102116145775653421878814697265625000000000000000000000000000000000000000000000000000000000000000000,0.0000000000000000000451287826400282309779287780692224699444367226726352807171101929800527600273476740837947717693817642584500590394629972341
base,8,0,raw,u,3.245194979168038e-20,0.0006125531232069127,0.0018512813552707219,0.0018512813552707219,0.0037025627105414438,0.0007704053841982099,8.764726576888896e-18,1.0,8.169515642737845e-22,2.206448960196863e-19,5.221977170158703e-21,6.778219982968334e-18,0.0,0.000612553123206912695877305465717549442553636661666383435984763663682359641444903509973619986326162958102614115309117870777,0.00370256271054144450553600858472041181086695680285144179295648384244977730913010328056503642367889977862554249197330619078,0.0000000000000000000324519497916803817405551058072887826710939407348632812500000000000000000000000000000000000000000000000000000000000000000,0.0000000000000000000225643913200141154889643890346112349722183613363176403585550964900263800136738370418973858846908821292230440600095299724
base,8,0,raw,u^2,3.473053567558965e-20,0.00036759550390901377,0.0012387282320638093,0.0012387282320638093,0.0024774564641276186,0.000491846737919186,1.4018626029749122e-17,1.0,1.1773332300885603e-21,4.752185344670152e-19,2.5130631882299942e-20,5.10944364267169e-17,0.0,0.000367595503909013735696157606278681956987951089400445838921832388008826177934811934788364249038841893949377576417971509189,0.00247745646412761911378139765328531292575968347951867492098695651508505802624029626061779645102657386242031426135507044922,0.0000000000000000000347305356755896517766146928094648013703434291879038232778512118592573187925154343247413635253906250000000000000000000000,0.0000000000000000000301374778612938668480495622858818417587344176119911738220651880652116357509611581060506224235820284908109993458824638629
base,8,0,raw,window,-6.000697740826827e-20,7.53601801527305e-05,0.0002014760969150747,0.00020147609691507475,0.00040295219383014945,8.748409822086486e-05,1.4891835390667245e-16,0.9999999999999999,3.09564944067128e-21,7.682423592849687e-18,7.771814714819634e-21,8.88368843352387e-17,0.0,0.0000753601801527305404038842261605659750798944585940533422557745143812259375559000957819261809232113161536540845136600057885,0.000402952193830149682913068371149879533354675380151303958404538963107808885568120057607363939994277944378306932392231488040,-0.0000000000000000000600069774082682654808741705312008266581045668228637068441350121972277520399075001478195190429687500000000000000000000000,-0.0000000000000000000416643097766090400164116867088696652196971807643812259375559000957819261809232113161536540845136600057884957259274220936
base,8,1/8,raw,S,7.44356101740606e-05,0.0005787529643256611,0.0018415637843078065,0.0017671281741337458,0.0036086919584415525,0.0007318952923418622,0.020626756462251854,0.9793732435377481,3.617103290060366e-21,1.0023308533162931e-18,5.525916921355438e-20,7.550146829984429e-17,0.0000744356101740605330139246166719425691377520135448076071077406711692869981698949994742358494663352858220361155235420719292,0.000578752964325661117159804815897077933803287074349496923864086321656502741759012982499971634438442938511268132650971258416,0.00360869195844155297491238864778108490967691226765928990816261653757910862443959430141091550504473698678519064977060153739,0.0000000000000000000654204996684694327523351265543296240029996812038307130018301050005257641505336647141779638844764579280708005402742685073,-0.0000000000000000000409761336882597244409025578949671727051140863216565027417590129824999716344384429385112681326509712584160030323231041617
base,8,1/8,raw,1,0.0001488712203481212,0.0011575059286513222,0.003683127568615613,0.0035342563482674916,0.007217383916883105,0.0014637905846837244,0.020626756462251854,0.9793732435377481,7.234206580120733e-21,1.0023308533162931e-18,1.1051833842710876e-19,7.550146829984429e-17,0.000148871220348121066027849233343885138275504027089615214215481342338573996339789998948471698932670571644072231047084143858,0.00115750592865132223431960963179415586760657414869899384772817264331300548351802596499994326887688587702253626530194251683,0.00721738391688310594982477729556216981935382453531857981632523307515821724887918860282183101008947397357038129954120307477,0.000000000000000000130840999336938865504670253108659248005999362407661426003660210001051528301067329428355927768952915856142002899777983050,-0.0000000000000000000819522673765194488818051157899343454102281726433130054835180259649999432688768858770225362653019425168299260592231935527
base,8,1/8,raw,u,7.44356101740606e-05,0.0005787529643256611,0.0018415637843078065,0.0017671281741337458,0.0036086919584415525,0.0007318952923418622,0.020626756462251854,0.9793732435377481,3.617103290060366e-21,1.0023308533162931e-18,5.525916921355438e-20,7.550146829984429e-17,0.0000744356101740605330139246166719425691377520135448076071077406711692869981698949994742358494663352858220361155235420719292,0.000578752964325661117159804815897077933803287074349496923864086321656502741759012982499971634438442938511268132650971258416,0.00360869195844155297491238864778108490967691226765928990816261653757910862443959430141091550504473698678519064977060153739,0.0000000000000000000654204996684694327523351265543296240029996812038307130018301050005257641505336647141779638844764579280708005402742685073,-0.0000000000000000000409761336882597244409025578949671727051140863216565027417590129824999716344384429385112681326509712584160030323231041617
base,8,1/8,raw,u^2,4.4701001504818965e-05,0.0003478143235881055,0.0012310788473658876,0.0011863778458610686,0.002417456693226956,0.0004683691903497662,0.018490921318284125,0.9815090786817159,1.9145183253939063e-21,7.919555832201074e-19,4.308889372827095e-21,9.199771166863743e-18,0.0000447010015048189201830448405195715928221829800655509669574306571554040803912067622241576612278453421044199705552145027216,0.000347814323588105472698850439931279872209784648759902771869387886500713876169438572392848594387523685561908767193024821869,0.00241745669322695677297697615503035946015736441940244865829410203789301731485555546464210513126727139195576319381824311894,0.0000000000000000000452828201810938958409587144286582802098003818428445959196087932377758423387721546578955800294447854972784027610592885871,0.00000000000000000000340568123706389975098099459017938250645092461349928612383056142760715140561247631443809123280697517813100977745110168019
base,8,1/8,raw,window,9.168651352755589e-06,7.137570409873174e-05,0.00020072985511175104,0.00019156120375899544,0.0003922910588707465,8.313378940492038e-05,0.023372063026744917,0.9766279369732551,1.8838354106397298e-20,4.8021370052699133e-17,2.4694008716891575e-21,2.970393734443438e-17,0.00000916865135275564515052290062046508226075222251415406316096546524708385014952804527360109257716191016619534877059901145755,0.0000713757040987317859136535274183050545711380336338193311383372555417996384786594226685418857461393228739936327847251896973,0.000392291058870746764386363389092372769768074530953115335334510154792892573972153657360399647766516932176102077108326347391,-0.0000000000000000000564886455680302319017070562206342831715899205433720838501495280452736010925771619101661953487705990114575493188137807468,-0.0000000000000000000474233166873987816756293254811221272840191966305417996384786594226685418857461393228739936327847251896972984448726143014
base,32,-1/8,raw,S,-2.5640326613191848e-15,2.105275347369109e-14,5.370370184226242e-14,5.62677345035816e-14,1.0997143634584402e-13,2.1228134536777957e-14,0.02331544214131821,0.9766845578586818,2.8954799055733342e-31,2.6329381535651446e-18,7.478861608068284e-33,3.5230894147156834e-19,-0.00000000000000256403266131918161089825870570706804673529385980013756073206073151981847122866237992054163307363847129030757730045657891,0.0000000000000210527534736910881150700015579434365740797246915683215871279259830664807833042575661292355745275316623023392520794231603,0.000000000000109971436345844027535323194496125587283231387817895420165962608588658954215645215261593299701541850868317596854379366537,-0.00000000000000000000000000000315522666826506310154440830640095738041163328839220026118918698703414195836692636152870969242269954342109003586641928119,0.00000000000000000000000000000205981087105630600268069391450195037566747554073445983585945697290262076442547246833769766074792057683970085216168708240
base,32,-1/8,raw,1,-5.1280653226383695e-15,4.210550694738218e-14,1.0740740368452484e-13,1.125354690071632e-13,2.1994287269168804e-13,4.2456269073555914e-14,0.02331544214131821,0.9766845578586818,5.7909598111466685e-31,2.6329381535651446e-18,1.4957723216136567e-32,3.5230894147156834e-19,-0.00000000000000512806532263836322179651741141413609347058771960027512146412146303963694245732475984108326614727694258061515460091315782,0.0000000000000421055069473821762301400031158868731481594493831366431742558519661329615666085151322584711490550633246046785041588463206,0.000000000000219942872691688055070646388992251174566462775635790840331925217177317908431290430523186599403083701736635193708758733073,-0.00000000000000000000000000000631045333653012620308881661280191476082326657678440052237837397406828391673385272305741938484539908684218007173283856238,0.00000000000000000000000000000411962174211261200536138782900390075133495108146891967171891394580524152885094493667539532149584115367940170432337416480
base,32,-1/8,raw,u,-2.5640326613191848e-15,2.105275347369109e-14,5.370370184226242e-14,5.62677345035816e-14,1.0997143634584402e-13,2.1228134536777957e-14,0.02331544214131821,0.9766845578586818,2.8954799055733342e-31,2.6329381535651446e-18,7.478861608068284e-33,3.5230894147156834e-19,-0.00000000000000256403266131918161089825870570706804673529385980013756073206073151981847122866237992054163307363847129030757730045657891,0.0000000000000210527534736910881150700015579434365740797246915683215871279259830664807833042575661292355745275316623023392520794231603,0.000000000000109971436345844027535323194496125587283231387817895420165962608588658954215645215261593299701541850868317596854379366537,-0.00000000000000000000000000000315522666826506310154440830640095738041163328839220026118918698703414195836692636152870969242269954342109003586641928119,0.00000000000000000000000000000205981087105630600268069391450195037566747554073445983585945697290262076442547246833769766074792057683970085216168708240
base,32,-1/8,raw,u^2,-1.4950008215955671e-15,1.2264191590387177e-14,3.372108304112852e-14,3.521608386272409e-14,6.893716690385262e-14,1.2422103273982155e-14,0.021686426767155376,0.9783135732328446,1.3511269019239723e-31,1.9599396995939842e-18,4.056287837282072e-31,3.265379258098654e-17,-0.00000000000000149500082159556585564309832874221346535974255643290310093642589763431833826196778749821215075611999782954626031247831507,0.0000000000000122641915903871755940500370380423952910348874690888819492142979114777604738193478705735902631233536775695618995122188218,0.0000000000000689371669038526160802911438901544207999380103580404407788892323164320894634268738078839759570507732375819890900944314136,-0.00000000000000000000000000000125665911188089890935309234995252749066761031129444790048755514036679866284924388000217045373968752168492999553289202982,0.00000000000000000000000000000119858117696386474132267775424875490565400057997894517978039207791067640973687664632243043810048778117820039534736524836
base,32,-1/8,raw,window,-3.139139839735802e-16,2.5708117077785134e-15,6.546766272708097e-15,6.860680256681676e-15,1.3407446529389772e-14,2.571825407141879e-15,0.023413405623916944,0.9765865943760831,7.326208858469542e-31,5.464283480385424e-17,2.0744740408300024e-32,8.066154238422455e-18,-0.000000000000000313913983973577678586741134847259320973032005203002197001489145352134517632605674962118950175914632377162807503848468829,0.00000000000000257081170777851467843224818979016411877266731416821429761552066742168287897517022260342385411959624507444968268925631590,0.0000000000000134074465293897833644295277771487901724102838582703886185058606835385519198613665927008832031260471030985837373138671762,-0.00000000000000000000000000000254084932753000457753575502126081469506779880106796361316064727103402225604982408536762283719249615153117100792324487516,-0.00000000000000000000000000000127531234083545787746679189955317387458749220754219876150751520928510342385411959624507444968268925631589992720265380545
base,32,0,raw,S,-1.35285023013537e-29,1.9981533466406496e-14,5.369279430348027e-14,5.3692794303480285e-14,1.0738558860696056e-13,2.0155197318273824e-14,1.2598061319819226e-16,0.9999999999999999,8.046896312726379e-31,7.493460171996294e-18,9.470847287838465e-33,4.698960341733627e-19,0.0,0.0000000000000199815334664064891348499889655854310787689446795424868174323173245670448296088547364390914570615500083703477928977990920,0.000000000000107385588606960544186998387481425280502932366310229458143252786634646001350755899536714670722954883560166839456152825951,-0.0000000000000000000000000000135285023013536995262064114598935634563390412177241728386434260755777359008789062500000000000000000000000000000000000000,0.00000000000000000000000000000692642722737489034245838765815862930595122995423094609870981985620106090854293844999162965220710220090799894766946839230
base,32,0,raw,1,-2.70570046027074e-29,3.996306693281299e-14,1.0738558860696055e-13,1.0738558860696057e-13,2.1477117721392112e-13,4.031039463654765e-14,1.2598061319819226e-16,0.9999999999999999,1.6093792625452757e-30,7.493460171996294e-18,1.894169457567693e-32,4.698960341733627e-19,0.0,0.0000000000000399630669328129782696999779311708621575378893590849736348646346491340896592177094728781829141231000167406955857955981840,0.000000000000214771177213921088373996774962850561005864732620458916286505573269292002701511799073429341445909767120333678912305651902,-0.0000000000000000000000000000270570046027073990524128229197871269126780824354483456772868521511554718017578125000000000000000000000000000000000000000,0.0000000000000000000000000000138528544547497806849167753163172586119024599084618921974196397124021218170858768999832593044142044018159978953389367846
base,32,0,raw,u,-1.35285023013537e-29,1.9981533466406496e-14,5.369279430348027e-14,5.3692794303480285e-14,1.0738558860696056e-13,2.0155197318273824e-14,1.2598061319819226e-16,0.9999999999999999,8.046896312726379e-31,7.493460171996294e-18,9.470847287838465e-33,4.698960341733627e-19,0.0,0.0000000000000199815334664064891348499889655854310787689446795424868174323173245670448296088547364390914570615500083703477928977990920,0.000000000000107385588606960544186998387481425280502932366310229458143252786634646001350755899536714670722954883560166839456152825951,-0.0000000000000000000000000000135285023013536995262064114598935634563390412177241728386434260755777359008789062500000000000000000000000000000000000000,0.00000000000000000000000000000692642722737489034245838765815862930595122995423094609870981985620106090854293844999162965220710220090799894766946839230
base,32,0,raw,u^2,-7.192576070005501e-30,1.1661195975717815e-14,3.3711260837073777e-14,3.371126083707379e-14,6.742252167414757e-14,1.1817597997112749e-14,1.0667913171161346e-16,0.9999999999999999,5.533879683520374e-31,8.20776136239099e-18,4.5530212073295235e-31,3.8527467328317546e-17,0.0,0.0000000000000116611959757178113943439633122560426392885991263053333571128627294123222426580944256518440058022088466956841024611062315,0.0000000000000674225216741475659172984095502544183453944769511444845083881519855119116915381900638364878088317835434261438703572277670,-0.00000000000000000000000000000719257607000550108657400618483349662923803097927775887976022119214856414274239168604729854905599495396018028259277343750,0.00000000000000000000000000000408393227385333811640472099924170266271492485029069631795128111455872315599419779115330431589753889376850024069009996325
base,32,0,raw,window,-8.045014194783755e-30,2.452740381875342e-15,6.54670362517141e-15,6.546703625171418e-15,1.3093407250342828e-14,2.4537314889985835e-15,6.144324422944311e-16,0.9999999999999993,4.684639050867738e-31,3.5778609503993546e-17,8.835003965108301e-32,3.600640088257596e-17,0.0,0.00000000000000245274038187534089446645427504191303539606894905122121143706936113292554617316647576109276481234535812324529072035178478,0.0000000000000130934072503428305557531598435636340530511641077981351352547879935757691476082492166941635524781007464510818334701494800,-0.00000000000000000000000000000804501419478375498114887689809419636778608749238195612735713440571155956676442817798733386780440923757851123809814453125,0.00000000000000000000000000000119949681557833254242830575415980621482846087856028472801446526125861390723518765464187675470927964821522005361758535909
base,32,1/8,raw,S,2.4337243200755197e-15,1.896728632510768e-14,5.368199340514585e-14,5.1248269085070336e-14,1.049302624902162e-13,1.9139254836362663e-14,0.023193731363270367,0.9768062686367296,4.555212113502452e-31,4.341180518753763e-18,1.926686285712249e-30,1.0066673452990126e-16,0.00000000000000243372432007554303551652302168884089469711307435247151617269050820730988296055425634509122725694282048963732598821849537,0.0000000000000189672863251076695910206915671138003519190340615282058071801843876742963455725653918424496209937407990943845506609356259,0.000000000000104930262490216171664106789603955263562016916785742108368379761486344783173446571086296177702245912173556757982296076372,-0.0000000000000000000000000000233654897875788443822485978471244499478292852560572978145292618237875950912272569428204896373259882184953700335809462419,0.0000000000000000000000000000119688697629967242942067235752825730538868907201280093546248864189831575503790062592009056154493390643740993731710060077
base,32,1/8,raw,1,4.867448640151039e-15,3.793457265021536e-14,1.073639868102917e-13,1.0249653817014067e-13,2.098605249804324e-13,3.8278509672725326e-14,0.023193731363270367,0.9768062686367296,9.110424227004904e-31,4.341180518753763e-18,3.853372571424498e-30,1.0066673452990126e-16,0.00000000000000486744864015108607103304604337768178939422614870494303234538101641461976592110851269018245451388564097927465197643699074,0.0000000000000379345726502153391820413831342276007038380681230564116143603687753485926911451307836848992419874815981887691013218712519,0.000000000000209860524980432343328213579207910527124033833571484216736759522972689566346893142172592355404491824347113515964592152743,-0.0000000000000000000000000000467309795751576887644971956942488998956585705121145956290585236475751901824545138856409792746519764369907400671618924838,0.0000000000000000000000000000239377395259934485884134471505651461077737814402560187092497728379663151007580125184018112308986781287480996872280802741
base,32,1/8,raw,u,2.4337243200755197e-15,1.896728632510768e-14,5.368199340514585e-14,5.1248269085070336e-14,1.049302624902162e-13,1.9139254836362663e-14,0.023193731363270367,0.9768062686367296,4.555212113502452e-31,4.341180518753763e-18,1.926686285712249e-30,1.0066673452990126e-16,0.00000000000000243372432007554303551652302168884089469711307435247151617269050820730988296055425634509122725694282048963732598821849537,0.0000000000000189672863251076695910206915671138003519190340615282058071801843876742963455725653918424496209937407990943845506609356259,0.000000000000104930262490216171664106789603955263562016916785742108368379761486344783173446571086296177702245912173556757982296076372,-0.0000000000000000000000000000233654897875788443822485978471244499478292852560572978145292618237875950912272569428204896373259882184953700335809462419,0.0000000000000000000000000000119688697629967242942067235752825730538868907201280093546248864189831575503790062592009056154493390643740993731710060077
base,32,1/8,raw,u^2,1.42160519775343e-15,1.1089572247491188e-14,3.370153239463684e-14,3.227992719688341e-14,6.598145959152025e-14,1.1244483510101528e-14,0.021545525160466903,0.9784544748395331,2.481033462865529e-31,3.760197907450329e-18,1.1516320680718853e-31,1.0241751584564218e-17,0.00000000000000142160519775344287161289248291232732471125159481345835291243821082486585075300286745938093074050910742514018241767456480,0.0000000000000110895722474911831477294254213223912916676620250495783687457695275019514928056996818265641190993068983719262738411496911,0.0000000000000659814595915202434804400124193668311309946355086463798815404136482981942734010822545052691818428337945401071372283628220,-0.0000000000000000000000000000129071162620431017267138332558353164305583745670515609793394271666858187559307405091074251401824176745647999256242990026,0.00000000000000000000000000000532573529444734286781100310432513532712225956873526464816234566750567343588090069310162807372615885030889947081538709545
base,32,1/8,raw,window,2.994977820907436e-16,2.3401095579663507e-15,6.546642373774335e-15,6.247144591683591e-15,1.2793786965457925e-14,2.3410785789394483e-15,0.023409627102542872,0.9765903728974571,1.0171032379555779e-31,7.949977912729555e-18,2.4362622388318533e-32,1.0406580371751233e-17,0.000000000000000299497782090758339351671181772554257709597684550211161031098248900196443233837508613241569200239656609211010954594338754,0.00000000000000234010955796634722203766898229564871737022928374624989440528272817170332475117039613988227135577598467393974073241575872,0.0000000000000127937869654579225618313424637137576609697844009000453960750460505193465214754948973475548531629608491199430196445474722,-0.0000000000000000000000000000147520068306121012104744858047076224066288143723742953063202241558069530853192002396566092110109545943387540081262393283,0.00000000000000000000000000000343968932826122334061924507442603584891220796587012449194387981104917261772864422401532606025926758424127984816550679557
base,2,-1/8,normalized,S,-0.0913899548855635,0.7815880994782396,2.3931397337312625,2.484529688616826,4.877669422348088,2.68446162279494,0.01873639785157248,0.9812636021484276,5.977191395191995e-17,1.2254195349537654e-17,6.909763809873188e-17,2.5739849477449615e-17,-0.0913899548855636201419956646004142626434785160372688558251572825654848994049483671268302402717188388222836114994372753028,0.781588099478239636724756540270345389788042473185884569078217018846108955240924071077343966860073511367581189471413802811,4.87766942234809047495009131642352878145190873919056627105906440800241631068398235801810578043529429734043370473023063238,0.000000000000000113260854726324338504603527191574378230825157282565484899404948367126830240271718838822283611499437275302801775217599628,-0.0000000000000000415388876471024100779937614673265095690782170188461089552409240710773439668600735113675811894714138028109578290679077726
base,2,-1/8,normalized,1,-0.182779909771127,1.5631761989564792,4.786279467462525,4.969059377233652,9.755338844696176,5.36892324558988,0.01873639785157248,0.9812636021484276,1.195438279038399e-16,1.2254195349537654e-17,1.3819527619746376e-16,2.5739849477449615e-17,-0.182779909771127240283991329200828525286957032074537711650314565130969798809896734253660480543437677644567222998874550606,1.56317619895647927344951308054069077957608494637176913815643403769221791048184814215468793372014702273516237894282760562,9.75533884469618094990018263284705756290381747838113254211812881600483262136796471603621156087058859468086740946046126476,0.000000000000000226521709452648677009207054383148756461650314565130969798809896734253660480543437677644567222998874550605990809626684188,-0.0000000000000000830777752942048201559875229346530191381564340376922179104818481421546879337201470227351623789428276056199793621783908861
base,2,-1/8,normalized,u,-0.0913899548855635,0.7815880994782396,2.3931397337312625,2.484529688616826,4.877669422348088,2.68446162279494,0.01873639785157248,0.9812636021484276,5.977191395191995e-17,1.2254195349537654e-17,6.909763809873188e-17,2.5739849477449615e-17,-0.0913899548855636201419956646004142626434785160372688558251572825654848994049483671268302402717188388222836114994372753028,0.781588099478239636724756540270345389788042473185884569078217018846108955240924071077343966860073511367581189471413802811,4.87766942234809047495009131642352878145190873919056627105906440800241631068398235801810578043529429734043370473023063238,0.000000000000000113260854726324338504603527191574378230825157282565484899404948367126830240271718838822283611499437275302801775217599628,-0.0000000000000000415388876471024100779937614673265095690782170188461089552409240710773439668600735113675811894714138028109578290679077726
base,2,-1/8,normalized,u^2,-0.056318573337093544,0.4815841922430758,1.6794025585672936,1.735721131904387,3.4151236904716806,1.8718931328064734,0.01649093223013398,0.983509067769866,3.7239312558734346e-17,1.090423537590553e-17,8.062614415479107e-18,4.307198030793067e-18,-0.0563185733370936355014901770151627103135892819020987179820504521862585992390925908346874453153898060836084891551618287924,0.481584192243075902641357910723373194056963811834536158456401914533915733123636455008508561627750565056261806298987164342,3.41512369047168231604307844499640203287935000956565861920538739145791936316800830891720768685863799385989582647154295587,0.0000000000000000912060837882596533132986137341115713742320504521862585992390925908346874453153898060836084891551618287924017595839045367,-0.0000000000000000988892519984424057349743603572446924084564019145339157331236364550085085616277505650562618062989871643420199358272660210
base,2,-1/8,normalized,window,-0.011467922538314768,0.0980688161757524,0.23999858286284229,0.25146650540115706,0.4914650882639994,0.2724781557728501,0.023334154983058665,0.9766658450169413,2.3485303678607523e-17,4.7786311254711066e-17,2.638775502995015e-18,9.684356147781679e-18,-0.0114679225383147357010366561816031170977376305629253113987792911362149731894730270120153542664294666764238704257232894486,0.0980688161757524596083340672651855474783965163187266391140464830018809282131813807042392753624793517336745245063302257346,0.491465088263999657803034827824764507471580996188986209360987579104212320495920181421677587336575777398313338234624102522,-0.0000000000000000322457510194304827601214774048756122862574707088637850268105269729879846457335705333235761295742767105513996516761651672,-0.0000000000000000577658537569862699801548310332254649203640464830018809282131813807042392753624793517336745245063302257346032459042667933
base,2,0,normalized,S,1.9244588561617704e-16,0.6832631877855044,2.280463023894528,2.280463023894528,4.560926047789056,2.391281457880149,4.219447620938004e-17,1.0,3.442244805704829e-17,7.547249768220828e-18,9.981622902954746e-18,4.174173169813047e-18,0.0,0.683263187785504533351376534074220905259438651002622433417675976212524064461530259417426141686895959383809966924277289694,4.56092604778905719936422910186922241936654389920371952107972061834926717642289705634993018234283837550720625588817186690,0.000000000000000192445885616177037036322872154414653778076171875000000000000000000000000000000000000000000000000000000000000000000000000,-0.000000000000000100015517358360953727916070120729184933417675976212524064461530259417426141686895959383809966924277289694009651585157389
base,2,0,normalized,1,3.8489177123235407e-16,1.3665263755710089,4.560926047789056,4.560926047789056,9.121852095578111,4.782562915760298,4.219447620938004e-17,1.0,6.884489611409658e-17,7.547249768220828e-18,1.9963245805909493e-17,4.174173169813047e-18,0.0,1.36652637557100906670275306814844181051887730200524486683535195242504812892306051883485228337379191876761993384855457939,9.12185209557811439872845820373844483873308779840743904215944123669853435284579411269986036468567675101441251177634373380,0.000000000000000384891771232354074072645744308829307556152343750000000000000000000000000000000000000000000000000000000000000000000000000,-0.000000000000000200031034716721907455832140241458369866835351952425048128923060518834852283373791918767619933848554579389955599127739437
base,2,0,normalized,u,1.9244588561617704e-16,0.6832631877855044,2.280463023894528,2.280463023894528,4.560926047789056,2.391281457880149,4.219447620938004e-17,1.0,3.442244805704829e-17,7.547249768220828e-18,9.981622902954746e-18,4.174173169813047e-18,0.0,0.683263187785504533351376534074220905259438651002622433417675976212524064461530259417426141686895959383809966924277289694,4.56092604778905719936422910186922241936654389920371952107972061834926717642289705634993018234283837550720625588817186690,0.000000000000000192445885616177037036322872154414653778076171875000000000000000000000000000000000000000000000000000000000000000000000000,-0.000000000000000100015517358360953727916070120729184933417675976212524064461530259417426141686895959383809966924277289694009651585157389
base,2,0,normalized,u^2,1.3155745874485887e-16,0.42113708629841645,1.5971998361090234,1.5971998361090232,3.1943996722180463,1.6653632972397185,4.1183781694264745e-17,1.0,1.6944257255225393e-17,5.304363571844493e-18,7.90877551243047e-18,4.748979111968535e-18,0.0,0.421137086298416536480833485591950880821009491444133713321786968121379291247084200285855918515450997183497091382115778759,3.19439967221804813266147603372078060884766659719847465424436866592421904749983653751507789896904645673958632203961728750,0.000000000000000131557458744858871149695063101990904555855458734486829186494105670135468244552612304687500000000000000000000000000000000,-0.0000000000000000844459905805419236966326435551648368383217869681213792912470842002858559185154509971834970913821157787590066617197924824
base,2,0,normalized,window,8.56924655294087e-18,0.08574631319427355,0.22963033123432308,0.22963033123432305,0.45926066246864616,0.24352473826918558,1.8658786291163995e-17,1.0,1.934107073936483e-18,4.211349309867193e-18,4.9189616469813906e-18,2.01990224153084e-17,0.0,0.0857463131942736150491903628082108051035129669669203983553988972345519887260867207384316951599772216746352739662784330092,0.459260662468646519526638387377700344036092704674396357188558446051255771537972266282052667953266352418762998759568945494,0.00000000000000000856924655294087004372073677951937497873726148271515679066823167886468581855297088623046875000000000000000000000000000000,-0.0000000000000000687949033077731181700232946518424086796053988972345519887260867207384316951599772216746352739662784330091949063420537468
base,2,1/8,normalized,S,0.08001894468502269,0.599194294135557,2.179048868234888,2.099029923549865,4.278078791784752,2.140663442130835,0.01870441115733634,0.9812955888426637,1.7566396943904467e-17,4.106141517925625e-18,4.16286831096448e-17,1.944662682154615e-17,0.0800189446850225854304899461967666376030876954660364120688811958993058849828555417277874803712926638669371267383054050752,0.599194294135557044601573757647401147899366477402475397146718541737816577773422760311799463294300317218622183463841884112,4.27807879178475414644137619744271335758167731619612867839227887515912321391169251670252566549752182053217745505035828186,0.000000000000000100550378626900046996434883801115994837931118804100694115017144458272212519628707336133062873261694594924801121003304574,-0.0000000000000000183641806830948725877377759012306003971467185417378165777734227603117994632943003172186221834638418841119981605933171587
base,2,1/8,normalized,1,0.16003788937004537,1.198388588271114,4.358097736469776,4.19805984709973,8.556157583569505,4.28132688426167,0.01870441115733634,0.9812955888426637,3.5132793887808934e-17,4.106141517925625e-18,8.32573662192896e-17,1.944662682154615e-17,0.160037889370045170860979892393533275206175390932072824137762391798611769965711083455574960742585327733874253476610810150,1.19838858827111408920314751529480229579873295480495079429343708347563315554684552062359892658860063443724436692768376822,8.55615758356950829288275239488542671516335463239225735678455775031824642782338503340505133099504364106435491010071656371,0.000000000000000201100757253800093992869767602231989675862237608201388230034288916544425039257414672266125746523389189849989501198094079,-0.0000000000000000367283613661897451754755518024612007942934370834756331555468455206235989265886006344372443669276837682199300996760425332
base,2,1/8,normalized,u,0.08001894468502269,0.599194294135557,2.179048868234888,2.099029923549865,4.278078791784752,2.140663442130835,0.01870441115733634,0.9812955888426637,1.7566396943904467e-17,4.106141517925625e-18,4.16286831096448e-17,1.944662682154615e-17,0.0800189446850225854304899461967666376030876954660364120688811958993058849828555417277874803712926638669371267383054050752,0.599194294135557044601573757647401147899366477402475397146718541737816577773422760311799463294300317218622183463841884112,4.27807879178475414644137619744271335758167731619612867839227887515912321391169251670252566549752182053217745505035828186,0.000000000000000100550378626900046996434883801115994837931118804100694115017144458272212519628707336133062873261694594924801121003304574,-0.0000000000000000183641806830948725877377759012306003971467185417378165777734227603117994632943003172186221834638418841119981605933171587
base,2,1/8,normalized,u^2,0.04933376795860006,0.36953764783372833,1.5234207121582262,1.474086944199626,2.997507656357852,1.4894965542429077,0.01645826253486321,0.9835417374651367,8.155241716403508e-18,2.7206741904748313e-18,6.135900280956798e-20,4.11944577077293e-20,0.0493337679585999784072681874279955332257066327288701770620559761096682858652219112716745740383872799556932311685064743512,0.369537647833728390341464879923686989347063282924973798604960387259625618745749396628487685440503659779200238538332444545,2.99750765635785353824536125195697730344751715029472570230722104286309951158848284083592762718282039794150443534839230037,0.0000000000000000826248468487134810606859411639019891979379440238903317141347780887283254259616127200443067688314935256487993387481404511,-0.0000000000000000570949813360068487457433569230616925486049603872596256187457493966284876854405036597792002385383324445450019046820877138
base,2,1/8,normalized,window,0.010043154598251374,0.0752145329548979,0.22023036081440078,0.2101872062161494,0.4304175670305502,0.21856942277352698,0.02333351463217237,0.9766664853678276,1.1702081824515838e-17,2.718774213898488e-17,1.2134164364438194e-17,5.551629413877867e-17,0.0100431545982513721015020215208632892360421749855609228556047821741269211383597902244354331221253460748981565190313758903,0.0752145329548979391994263758088971865764393903684047299633982918487497886563266065280398198601950215094663208069634419190,0.430417567030550482190464153600596486522608666518654934826414190909410789436321082422114094456450642725778294304337395595,0.00000000000000000200293194238660455240034731895669981933189521782587307886164020977556456687787465392510184348096862410970023264812360748,-0.0000000000000000417229058350595631548604502775144008237133982918487497886563266065280398198601950215094663208069634419189987312928494590
base,8,-1/8,normalized,S,-7.875132830682664e-05,0.00064812274711879,0.001860398586710107,0.0019391499150169338,0.003799548501727041,0.0008108054482369555,0.020726496390566177,0.9792735036094338,5.493535928912906e-20,1.445839137575394e-17,3.631564422418116e-20,4.4789590774392546e-17,-0.0000787513283068266555798996985097677825435226398127203473791680635085886465702038751304745416366923537555500113719476954865,0.000648122747118790018953880016301001145375520014034801425719207900835567898745427683114295846615688170064248356937441243539,0.00379954850172704167353428560865310933443067604136894158085589372911300434277274736990693172709258878219615317413846224667,0.0000000000000000000198690446983044684348171272861378317365393243135085886465702038751304745416366923537555500113719476954865005340902850673,-0.00000000000000000000822115491205328106273580344842582315423483290083556789874542768311429584661568817006424835693744124353902653036658292428
base,8,-1/8,normalized,1,-0.00015750265661365327,0.00129624549423758,0.003720797173420214,0.0038782998300338676,0.007599097003454082,0.001621610896473911,0.020726496390566177,0.9792735036094338,1.0987071857825812e-19,1.445839137575394e-17,7.263128844836231e-20,4.4789590774392546e-17,-0.000157502656613653311159799397019535565087045279625440694758336127017177293140407750260949083273384707511100022743895390973,0.00129624549423758003790776003260200229075104002806960285143841580167113579749085536622859169323137634012849671387488248708,0.00759909700345408334706857121730621866886135208273788316171178745822600868554549473981386345418517756439230634827692449335,0.0000000000000000000397380893966089368696342545722756634730786486270171772931404077502609490832733847075111000227438953909730010681805701346,-0.0000000000000000000164423098241065621254716068968516463084696658016711357974908553662285916932313763401284967138748824870799439747540883672
base,8,-1/8,normalized,u,-7.875132830682664e-05,0.00064812274711879,0.001860398586710107,0.0019391499150169338,0.003799548501727041,0.0008108054482369555,0.020726496390566177,0.9792735036094338,5.493535928912906e-20,1.445839137575394e-17,3.631564422418116e-20,4.4789590774392546e-17,-0.0000787513283068266555798996985097677825435226398127203473791680635085886465702038751304745416366923537555500113719476954865,0.000648122747118790018953880016301001145375520014034801425719207900835567898745427683114295846615688170064248356937441243539,0.00379954850172704167353428560865310933443067604136894158085589372911300434277274736990693172709258878219615317413846224667,0.0000000000000000000198690446983044684348171272861378317365393243135085886465702038751304745416366923537555500113719476954865005340902850673,-0.00000000000000000000822115491205328106273580344842582315423483290083556789874542768311429584661568817006424835693744124353902653036658292428
base,8,-1/8,normalized,u^2,-4.7225008750513114e-05,0.00038838884234967226,0.0012460101970756484,0.0012932352058261617,0.00253924540290181,0.0005164335709511234,0.018598048340087617,0.9814019516599124,3.001109971056526e-20,1.1818904811748026e-17,2.164200985524073e-20,4.190666732873759e-17,-0.0000472250087505131460836423602881568484545175705175157549600546254699928207805088791744405681439530364417245075593404884788,0.000388388842349672275060479730216866626662717167304814790715615375762170936066943486757546120583136208044354697657216543157,0.00253924540290181092227656260316982346626944005110610408810423992621544008464027616209525019048790180600690394340753742092,0.0000000000000000000322279937987982707426081367556075807574014608754699928207805088791744405681439530364417245075593404884788020065373638168,-0.0000000000000000000197427745473414237114158952273595938434499903757621709360669434867575461205831362080443546976572165431569950094754573971
base,8,-1/8,normalized,window,-9.676361794072696e-06,7.95378629210779e-05,0.00020214774656659735,0.00021182410836067004,0.0004139718549272674,9.203548051391705e-05,0.02337444364610918,0.9766255563538908,1.2304125086598838e-21,2.9722129512308524e-18,3.705162043571309e-21,4.025797467326785e-17,-0.00000967636179407261488756505627099660454586470231715389190008094451533804464509212998631199045745087285113902897128382534960,0.0000795378629210779306051867775353029676832050829038480594251619075490605494564177671596877708946395398164952970646719548363,0.000413971854927267684492861272826827666141883505516783916741581814438438368502206873462558070346381788291191739415776238848,-0.0000000000000000000812009537763645644354328463486179356962652022586096619553549078700136880095425491271488609710287161746503997931109590843,-0.0000000000000000000272314273895959017457268458603725293948743806575490605494564177671596877708946395398164952970646719548362960515135621940
base,8,0,normalized,S,2.525216974001883e-20,0.0006122566433728507,0.0018503853226358065,0.0018503853226358063,0.003700770645271613,0.0007700325028074959,6.823489527048354e-18,1.0,6.367516935344883e-21,1.720592153820856e-18,3.11631809906056e-20,4.046995532914048e-17,0.0,0.000612256643372850683821229815445775089487389101931041038117895109723853445757142458479123606080715682064695514364158593809,0.00370077064527161366347305424198821047001037851322601358875636920313290813938772611596253877192920476395088149991982989622,0.0000000000000000000252521697400188288584743645515118259936571121215820312500000000000000000000000000000000000000000000000000000000000000000,0.0000000000000000000123813063760467519062292274094138686298508548902761465542428575415208763939192843179353044856358414061910134601437719893
base,8,0,normalized,1,5.050433948003766e-20,0.0012245132867457014,0.003700770645271613,0.0037007706452716125,0.007401541290543226,0.0015400650056149917,6.823489527048354e-18,1.0,1.2735033870689767e-20,1.720592153820856e-18,6.23263619812112e-20,4.046995532914048e-17,0.0,0.00122451328674570136764245963089155017897477820386208207623579021944770689151428491695824721216143136412939102872831718762,0.00740154129054322732694610848397642094002075702645202717751273840626581627877545223192507754385840952790176299983965979244,0.0000000000000000000505043394800376577169487291030236519873142242431640625000000000000000000000000000000000000000000000000000000000000000000,0.0000000000000000000247626127520935038124584548188277372597017097805522931084857150830417527878385686358706089712716828123799469148645292080
base,8,0,normalized,u,2.525216974001883e-20,0.0006122566433728507,0.0018503853226358065,0.0018503853226358063,0.003700770645271613,0.0007700325028074959,6.823489527048354e-18,1.0,6.367516935344883e-21,1.720592153820856e-18,3.11631809906056e-20,4.046995532914048e-17,0.0,0.000612256643372850683821229815445775089487389101931041038117895109723853445757142458479123606080715682064695514364158593809,0.00370077064527161366347305424198821047001037851322601358875636920313290813938772611596253877192920476395088149991982989622,0.0000000000000000000252521697400188288584743645515118259936571121215820312500000000000000000000000000000000000000000000000000000000000000000,0.0000000000000000000123813063760467519062292274094138686298508548902761465542428575415208763939192843179353044856358414061910134601437719893
base,8,0,normalized,u^2,3.35574342405653e-20,0.0003674175852112356,0.0012381286792629558,0.0012381286792629556,0.002476257358525911,0.0004916086807879468,1.3551674717906411e-17,1.0,2.3330550149056882e-21,9.42169846309727e-19,3.305326011965459e-20,6.723489924278202e-17,0.0,0.000367417585211235628932574537040882862676532787789118050601313846600170761682187776380123464523190565018494906009408849417,0.00247625735852591229583059461109666029103560030936393151252057898368520124787344119900429155976777339982149047119151270860,0.0000000000000000000335574342405653028776711714737187124228058925165552197180177107505016920185880735516548156738281250000000000000000000000,-0.0000000000000000000559639057426384358428564312286269781580231888466001707616821877763801234645231905650184949060094088494170028026148142234
base,8,0,normalized,window,-6.256829709158073e-20,7.532370531836904e-05,0.00020137858112825096,0.000201378581128251,0.00040275716225650197,8.74417553285655e-05,1.5534993031789506e-16,0.9999999999999999,5.037876612886635e-22,1.2508471816270738e-18,2.111965833035112e-21,2.4152829790519704e-17,0.0,0.0000753237053183690840854682819833511799298120573875058040879447977392123184220453125539638274400436061301929086885780445671,0.000402757162256502262316144502971913728442526592335676359038995955325747451999741783153253706861240777375779890007316387088,-0.0000000000000000000625682970915807340276918976801758717785947412359769668251802121616833574080374091863632202148437500000000000000000000000,-0.0000000000000000000426477325261660224710577294141766178951523979227392123184220453125539638274400436061301929086885780445670987985125122155
base,8,1/8,normalized,S,7.439958283779107e-05,0.0005784728439959698,0.0018406724550426353,0.0017662728722048443,0.0036069453272474794,0.0007315410500947762,0.02062675646225185,0.9793732435377481,1.748546264923084e-20,4.847720456737361e-18,4.1129928004271047e-20,5.622367739847596e-17,0.0000743995828377910294628125970037279640557273369669517710321054473358009334928710061866815048486216217735744529490276475206,0.000578472843995969794798124465640338639904002543727863407334669722257910730851339174387623473980511362057036608923548581837,0.00360694532724748057318908221191591928022543314832176113611541224377855407227799758712185732699964730336618034135513770536,0.0000000000000000000386307746241845729090535285804033675954229726776641990665071289938133184951513783782264255470509723524793996379845601641,0.0000000000000000000114194252478825465731199803983764761922747052777420892691486608256123765260194886379429633910764514181629915675584260178
base,8,1/8,normalized,1,0.00014879916567558214,0.0011569456879919396,0.0036813449100852706,0.0035325457444096886,0.007213890654494959,0.0014630821001895525,0.02062675646225185,0.9793732435377481,3.497092529846168e-20,4.847720456737361e-18,8.225985600854209e-20,5.622367739847596e-17,0.000148799165675582058925625194007455928111454673933903542064210894671601866985742012373363009697243243547148905898055295041,0.00115694568799193958959624893128067727980800508745572681466933944451582146170267834877524694796102272411407321784709716367,0.00721389065449496114637816442383183856045086629664352227223082448755710814455599517424371465399929460673236068271027541071,0.0000000000000000000772615492483691458181070571608067351908459453553283981330142579876266369903027567564528510941019447049589883673712125801,0.0000000000000000000228388504957650931462399607967529523845494105554841785382973216512247530520389772758859267821529028363299540545607893249
base,8,1/8,normalized,u,7.439958283779107e-05,0.0005784728439959698,0.0018406724550426353,0.0017662728722048443,0.0036069453272474794,0.0007315410500947762,0.02062675646225185,0.9793732435377481,1.748546264923084e-20,4.847720456737361e-18,4.1129928004271047e-20,5.622367739847596e-17,0.0000743995828377910294628125970037279640557273369669517710321054473358009334928710061866815048486216217735744529490276475206,0.000578472843995969794798124465640338639904002543727863407334669722257910730851339174387623473980511362057036608923548581837,0.00360694532724748057318908221191591928022543314832176113611541224377855407227799758712185732699964730336618034135513770536,0.0000000000000000000386307746241845729090535285804033675954229726776641990665071289938133184951513783782264255470509723524793996379845601641,0.0000000000000000000114194252478825465731199803983764761922747052777420892691486608256123765260194886379429633910764514181629915675584260178
base,8,1/8,normalized,u^2,4.467936591925672e-05,0.0003476459791147283,0.0012304829969187075,0.0011858036309994509,0.0024162866279181586,0.0004681424965095525,0.018490921318284115,0.9815090786817159,1.2022811973408938e-20,4.975739150519422e-18,8.224026829519424e-21,1.75673579964164e-17,0.0000446793659192566900361383528766736177445427615359823792728025638170514430934143057385333564688839062875647961176142405807,0.000347645979114728328774900522286813712148378259388549440972332969792318586244188824161848710290842701598261323832874198877,0.00241628662791815917639529582118063187393192162364056471558992039645466925048721846333936975519520551704556381158370972996,0.0000000000000000000279301539997850654557382067564710576445309083736829485569065856942614666435311160937124352038823857594192996565595210608,-0.0000000000000000000190879402830536692914254131083170009790582704697923185862441888241618487102908427015982613238328741988769839209358096725
base,8,1/8,normalized,window,9.164213663796612e-06,7.13411577775956e-05,0.00020063270051098227,0.00019146848684718564,0.0003921011873581679,8.309355209136514e-05,0.023372063026744903,0.9766279369732551,2.546040399971673e-20,6.493324891786091e-17,6.503485873865626e-21,7.826703408604734e-17,0.00000916421366379667591863695066113931023996957095917053076444636746399833674210332226877555579323305907249829221604519377734,0.0000713411577775956463445401211740303954777087828265899241431061925692527050440588401393270478996106261935831980191034254930,0.000392101187358168216685833510184020453225942500180733532461311915540546466206901763974986352869930156870776883807974398813,-0.0000000000000000000639025363772443179481239447415119010910671807424639983367421033222687755557932330590724982922160451937773393572151689972,-0.0000000000000000000447333768093902605817767804300534003794653718175692527050440588401393270478996106261935831980191034254929948584338371826
base,32,-1/8,normalized,S,-2.5627916522553857e-15,2.10425637993266e-14,5.367770888914946e-14,5.624050054140485e-14,1.0991820943055431e-13,2.1217859976798636e-14,0.023315442141318202,0.9766845578586818,1.2122574908065473e-30,1.102872305768813e-17,6.80007028150903e-31,3.2048803644405185e-17,-0.00000000000000256279165225538371137928115269560845472805646384536575289103914236812964804682391626413212553522768982763973324656255167,0.0000000000000210425637993266003697226895811062512626973932501014913878098536458795300033839308031454929604019105744496457157304539418,0.000000000000109918209430554325169027141756834938407871374497291558752445467054062340052433270204780238786624538378632801216399755437,-0.00000000000000000000000000000203532805774937956989483175593072764493251469482366763874165501934545461787446477231017236026675343744832993290724340406,-0.000000000000000000000000000000233909637499418785207259020364002061794977687409985565235927876115645492960401910574449645715730453941799443545678309537
base,32,-1/8,normalized,1,-5.1255833045107715e-15,4.20851275986532e-14,1.0735541777829892e-13,1.124810010828097e-13,2.1983641886110863e-13,4.243571995359727e-14,0.023315442141318202,0.9766845578586818,2.4245149816130946e-30,1.102872305768813e-17,1.360014056301806e-30,3.2048803644405185e-17,-0.00000000000000512558330451076742275856230539121690945611292769073150578207828473625929609364783252826425107045537965527946649312510334,0.0000000000000420851275986532007394453791622125025253947865002029827756197072917590600067678616062909859208038211488992914314609078836,0.000000000000219836418861108650338054283513669876815742748994583117504890934108124680104866540409560477573249076757265602432799510873,-0.00000000000000000000000000000407065611549875913978966351186145528986502938964733527748331003869090923574892954462034472053350687489665986581448680812,-0.000000000000000000000000000000467819274998837570414518040728004123589955374819971130471855752231290985920803821148899291431460907883598887091356619075
base,32,-1/8,normalized,u,-2.5627916522553857e-15,2.10425637993266e-14,5.367770888914946e-14,5.624050054140485e-14,1.0991820943055431e-13,2.1217859976798636e-14,0.023315442141318202,0.9766845578586818,1.2122574908065473e-30,1.102872305768813e-17,6.80007028150903e-31,3.2048803644405185e-17,-0.00000000000000256279165225538371137928115269560845472805646384536575289103914236812964804682391626413212553522768982763973324656255167,0.0000000000000210425637993266003697226895811062512626973932501014913878098536458795300033839308031454929604019105744496457157304539418,0.000000000000109918209430554325169027141756834938407871374497291558752445467054062340052433270204780238786624538378632801216399755437,-0.00000000000000000000000000000203532805774937956989483175593072764493251469482366763874165501934545461787446477231017236026675343744832993290724340406,-0.000000000000000000000000000000233909637499418785207259020364002061794977687409985565235927876115645492960401910574449645715730453941799443545678309537
base,32,-1/8,normalized,u^2,-1.4942772311366872e-15,1.2258255639120473e-14,3.370476180999662e-14,3.519903904113331e-14,6.890380085112994e-14,1.241609089239786e-14,0.02168642676715537,0.9783135732328446,6.220033935167587e-31,9.027127470959514e-18,6.1976201108133795e-31,4.991603367375529e-17,-0.00000000000000149427723113668657734376745879525842431733981358770567356315131194179839526400752783410520675871500030208504345819844550,0.0000000000000122582556391204729837144944813004470917211114140693832654744761425061424306267678021769242396351021796145451248669046288,0.0000000000000689038008511299437429956630243533436923179885361186559181562546984954789431279299125938809961050896897632401053908759478,-0.000000000000000000000000000000654822196122535786280775840659168392413653818049237709873569152872556519793241284999697914956541801554500007113167521811,0.000000000000000000000000000000474894642222011705143885499521145238794655364832189838118231874775948075760364897820385454875133095371199584324694428338
base,32,-1/8,normalized,window,-3.137620474927221e-16,2.5695674176106067e-15,6.543597593772931e-15,6.857359641265653e-15,1.3400957235038585e-14,2.570580626336658e-15,0.023413405623916885,0.9765865943760831,2.900681903928514e-32,2.164533363590099e-18,1.757786983689444e-31,6.838093175060109e-17,-0.000000000000000313762047492720337769209624781315626162571445824585605440393807015019231825248707543213915653895460105250291275438299834,0.00000000000000256956741761060806173981207485363369235829756371812675279294721110630947487268957649497140451419934315890777543374182667,0.0000000000000134009572350385960225430212463461243369259644435148291119611198334192158341955487004336529772574828426856861363184985855,-0.00000000000000000000000000000175039006381479656807859776451438187205622939393279598025104485322116772358434610453989474970872456170016600842297495836,-0.00000000000000000000000000000134868078618406397880014346801312295913514923681066278535263453039680747140451419934315890777543374182666997683093461097
base,32,0,normalized,S,-1.4917097791256897e-29,1.997186226973475e-14,5.366680662968949e-14,5.3666806629689507e-14,1.0733361325937899e-13,2.0145442067129032e-14,1.389788095105744e-16,0.9999999999999999,5.908432199871009e-31,5.504736140385845e-18,9.783835837444822e-31,4.8566002199618825e-17,0.0,0.0000000000000199718622697347457062015820040992804045782696918063985521456164150028543786128066308895894014253695260124534381169428410,0.000000000000107333613259378994439124089160408743777696700256187354979599813299777418235014096259080537225424860191751479654735500433,-0.0000000000000000000000000000149170977912568965762597715564972960530050125060874677274114219471812248229980468750000000000000000000000000000000000000,0.00000000000000000000000000000441138117269587416908552363831861346364173929366930433937749070899411041059857463047398754656188305715900122316158008328
base,32,0,normalized,1,-2.9834195582513793e-29,3.99437245394695e-14,1.0733361325937898e-13,1.0733361325937901e-13,2.1466722651875798e-13,4.0290884134258064e-14,1.389788095105744e-16,0.9999999999999999,1.1816864399742018e-30,5.504736140385845e-18,1.9567671674889644e-30,4.8566002199618825e-17,0.0,0.0000000000000399437245394694914124031640081985608091565393836127971042912328300057087572256132617791788028507390520249068762338856821,0.000000000000214667226518757988878248178320817487555393400512374709959199626599554836470028192518161074450849720383502959309471000866,-0.0000000000000000000000000000298341955825137931525195431129945921060100250121749354548228438943624496459960937500000000000000000000000000000000000000,0.00000000000000000000000000000882276234539174833817104727663722692728347858733860867875498141798822082119714926094797509312376611431789788392512110633
base,32,0,normalized,u,-1.4917097791256897e-29,1.997186226973475e-14,5.366680662968949e-14,5.3666806629689507e-14,1.0733361325937899e-13,2.0145442067129032e-14,1.389788095105744e-16,0.9999999999999999,5.908432199871009e-31,5.504736140385845e-18,9.783835837444822e-31,4.8566002199618825e-17,0.0,0.0000000000000199718622697347457062015820040992804045782696918063985521456164150028543786128066308895894014253695260124534381169428410,0.000000000000107333613259378994439124089160408743777696700256187354979599813299777418235014096259080537225424860191751479654735500433,-0.0000000000000000000000000000149170977912568965762597715564972960530050125060874677274114219471812248229980468750000000000000000000000000000000000000,0.00000000000000000000000000000441138117269587416908552363831861346364173929366930433937749070899411041059857463047398754656188305715900122316158008328
base,32,0,normalized,u^2,-7.914801966617912e-30,1.165555187838672e-14,3.3694944359954744e-14,3.369494435995475e-14,6.738988871990949e-14,1.1811878200150728e-14,1.1744791565859322e-16,0.9999999999999999,1.7258702698461082e-31,2.5610225845887497e-18,3.5968349797076144e-31,3.045099956805952e-17,0.0,0.0000000000000116555518783867174116638305945347746760104623106883288507060967739690149182446748560502114380846681108400792769415341755,0.0000000000000673898887199095030267209251522101829685401608725745578753085804697717094777884829973013584225741211397265727785016147508,-0.00000000000000000000000000000791480196661791157763983356615283650169148924857586553494706897174648268817199331381928573136974591761827468872070312500,0.00000000000000000000000000000237585650357177133948804424295156396947491426203585974332150141889394978856191533188915992072305846582449947203834281415
base,32,0,normalized,window,-8.469586274625572e-30,2.4515532390237822e-15,6.5435349765580736e-15,6.5435349765580815e-15,1.3087069953116155e-14,2.452543866444506e-15,6.471720793857974e-16,0.9999999999999993,3.977124454964278e-32,3.0389724126272338e-18,1.165281061278362e-31,4.751315877451315e-17,0.0,0.00000000000000245155323902378128822577721724096457470089277920108757673305648431283363729121556830738860398990012215916810464173088263,0.0000000000000130870699531161592933210473429532310107303132109850231643051321828437761405433417364340496146819651067912059203381039842,-0.00000000000000000000000000000846958627462557205589262202500197126917220847027360847923381505073570470337198344557005924571058130823075771331787109375,0.000000000000000000000000000000952338222044470908411713419989917307853024072538305922060912824959036361396010099877840831895358269117369921947801080390
base,32,1/8,normalized,S,2.4325463811258452e-15,1.895810603087812e-14,5.3656010959062556e-14,5.122346457793671e-14,1.0487947553699927e-13,1.9129991308216322e-14,0.02319373136327035,0.9768062686367297,2.6672527908242076e-30,2.5431599244441847e-17,1.14238185497289e-31,5.971679947822233e-18,0.00000000000000243254638112587099279969326968153511248576626761556630845068633891428878696864038356247088617278926824020640964351530942,0.0000000000000189581060308781108709230661924019814993130229347582840760196169124626997331454741300879228883478421890619940342875517555,0.000000000000104879475536999259907189406179793317067345653868325342109276183077510588777452802035871133095986701041086217836006083789,-0.0000000000000000000000000000257517508766239230495437387873698516334164884733046383695879787722194999708861727892682402064096435153094199600579194357,0.00000000000000000000000000000870481937200928126652951734470824677741936743667035461632215237743241207711165215781093800596571244824449947387343410079
base,32,1/8,normalized,1,4.8650927622516905e-15,3.791621206175624e-14,1.0731202191812511e-13,1.0244692915587342e-13,2.0975895107399854e-13,3.8259982616432644e-14,0.02319373136327035,0.9768062686367297,5.334505581648415e-30,2.5431599244441847e-17,2.28476370994578e-31,5.971679947822233e-18,0.00000000000000486509276225174198559938653936307022497153253523113261690137267782857757393728076712494177234557853648041281928703061885,0.0000000000000379162120617562217418461323848039629986260458695165681520392338249253994662909482601758457766956843781239880685751035109,0.000000000000209758951073998519814378812359586634134691307736650684218552366155021177554905604071742266191973402082172435672012167577,-0.0000000000000000000000000000515035017532478460990874775747397032668329769466092767391759575444389999417723455785364804128192870306188502387735400944,0.0000000000000000000000000000174096387440185625330590346894164935548387348733407092326443047548648241542233043156218760119314248964890980068607999428
base,32,1/8,normalized,u,2.4325463811258452e-15,1.895810603087812e-14,5.3656010959062556e-14,5.122346457793671e-14,1.0487947553699927e-13,1.9129991308216322e-14,0.02319373136327035,0.9768062686367297,2.6672527908242076e-30,2.5431599244441847e-17,1.14238185497289e-31,5.971679947822233e-18,0.00000000000000243254638112587099279969326968153511248576626761556630845068633891428878696864038356247088617278926824020640964351530942,0.0000000000000189581060308781108709230661924019814993130229347582840760196169124626997331454741300879228883478421890619940342875517555,0.000000000000104879475536999259907189406179793317067345653868325342109276183077510588777452802035871133095986701041086217836006083789,-0.0000000000000000000000000000257517508766239230495437387873698516334164884733046383695879787722194999708861727892682402064096435153094199600579194357,0.00000000000000000000000000000870481937200928126652951734470824677741936743667035461632215237743241207711165215781093800596571244824449947387343410079
base,32,1/8,normalized,u^2,1.4209171312704352e-15,1.1084204819891534e-14,3.3685220626149416e-14,3.226430349487898e-14,6.59495241210284e-14,1.123904110440823e-14,0.021545525160466886,0.9784544748395331,1.4668030684481563e-30,2.2241298750788974e-17,3.487870476062354e-31,3.103352362235177e-17,0.00000000000000142091713127044942047052388063980032156064186704659795016058760284661044376382633275453537757792833119604421051534906253,0.0000000000000110842048198915294093587238060341608606579252278004057290020850081914954334071147120320351143905979631516889351789156867,0.0000000000000659495241210283961614715892091009987871071092244612383681138342686561574318751820936906887267572564729959227339584096308,-0.0000000000000000000000000000142283491805756177933307144880042124532180415304499606667925644855124420353775779283311960442105153490625300451820428006,0.00000000000000000000000000000424186132241705481365811445984720459902189002748904880951349229935046796488560940203684831106482108431330018805667226658
base,32,1/8,normalized,window,2.99352823148617e-16,2.3389769291915585e-15,6.543473754807086e-15,6.24412093165847e-15,1.2787594686465557e-14,2.3399454811519836e-15,0.023409627102542848,0.9765903728974572,3.88983759116669e-31,3.041883705685253e-17,2.307218061121418e-35,9.860135971995154e-21,0.000000000000000299352823148632082600653396096223941478454455019798683093303990169355318881721886840360710362032232154954251568293023814,0.00000000000000233897692919155533229998909758924385200955769018455437526316411287955632911732791397783217851714429190073845360637852883,0.0000000000000127875946864655543578577857055215116969207069691919170206565392174309593439056222345022887454928098419940689260080045444,-0.0000000000000000000000000000150588431269168809385671921551206833900434925133969200976649300769893794232103620322321549542515682930238140207536424452,0.00000000000000000000000000000320546744764139777790755524139084802787556438095441587576164194942977216782148285570809926154639362147117008036018369940
hires,2,-1/8,raw,S,-0.09143540913692524,0.7819767590923845,2.393780565106058,2.4852159742429833,4.878996539349041,2.685210018063788,0.01874061774782989,0.9812593822521701,5.554961906520775e-17,1.1385459820928508e-17,2.1818069043992465e-17,8.12527470746021e-18,-0.0914354091369254707688929568778900117471744910457169520573723188704828544790404921596693214874529897802044283727115651358,0.781976759092384550320596409069588118058851060520828135020172753181293736553219728054157482210973959689044401717281354402,4.87899653934904344615545708689928572735565750900140300725817382230042090608524494487789777003536281540599862878359249508,0.000000000000000226579905962646362806190543402788881014557372318870482854479040492159669321487452989780204428372711565135800085173185306,-0.0000000000000000401237027657727987401310709091536406350201727531812937365532197280541574822109739596890444017172813544019679167277434407
hires,2,-1/8,raw,1,-0.1828708182738505,1.563953518184769,4.787561130212116,4.970431948485967,9.757993078698082,5.370420036127576,0.01874061774782989,0.9812593822521701,1.110992381304155e-16,1.1385459820928508e-17,4.363613808798493e-17,8.12527470746021e-18,-0.182870818273850941537785913755780023494348982091433904114744637740965708958080984319338642974905979560408856745423130272,1.56395351818476910064119281813917623611770212104165627004034550636258747310643945610831496442194791937808880343456270880,9.75799307869808689231091417379857145471131501800280601451634764460084181217048988975579554007072563081199725756718499016,0.000000000000000453159811925292725612381086805577762029114744637740965708958080984319338642974905979560408856745423130272011633237323352,-0.0000000000000000802474055315455974802621418183072812700403455063625874731064394561083149644219479193780888034345627088000632415406375630
hires,2,-1/8,raw,u,-0.09143540913692524,0.7819767590923845,2.393780565106058,2.4852159742429833,4.878996539349041,2.685210018063788,0.01874061774782989,0.9812593822521701,5.554961906520775e-17,1.1385459820928508e-17,2.1818069043992465e-17,8.12527470746021e-18,-0.0914354091369254707688929568778900117471744910457169520573723188704828544790404921596693214874529897802044283727115651358,0.781976759092384550320596409069588118058851060520828135020172753181293736553219728054157482210973959689044401717281354402,4.87899653934904344615545708689928572735565750900140300725817382230042090608524494487789777003536281540599862878359249508,0.000000000000000226579905962646362806190543402788881014557372318870482854479040492159669321487452989780204428372711565135800085173185306,-0.0000000000000000401237027657727987401310709091536406350201727531812937365532197280541574822109739596890444017172813544019679167277434407
hires,2,-1/8,raw,u^2,-0.056347874901421104,0.4818347308150769,1.6796877714297027,1.7360356463311237,3.4157234177608267,1.8722391042878022,0.016496615214343053,0.9835033847856569,3.205420273727542e-17,9.384308627157089e-18,3.6784633659450405e-17,1.964740164608582e-17,-0.0563478749014212593809890754331625789139291882791949958708710498021298162831025715648786963741630074366161572483215120729,0.481834730815076917689486881206328671283034754894792338505516332624212966818319012343491132652043973492978552794668824886,3.41572341776082877522603982649779580985683029574898204841663805522032736778290086761189854585257204285927285932915644033,0.000000000000000155770412040718283460076513016251607105245871049802129816283102571564878696374163007436616157248321512072898943962637818,-0.0000000000000000339530060861555902919237894546018235885055163326242129668183190123434911326520439734929785527946688248860223146492501265
hires,2,-1/8,raw,window,-0.011474155052188881,0.09812212581203562,0.24011419491960748,0.25158834997179635,0.49170254489140386,0.27261055264513934,0.02333556165490873,0.9766644383450913,3.4067047067802155e-18,6.928385346332937e-18,5.833162558947943e-18,2.1397420247854623e-17,-0.0114741550521888942575435180001559461059589047056170862401710362531210344252643150035139661560578991699908831673617550978,0.0981221258120355851996956293176411798005868582906997795907782226655870894396040895635222179374050102176226434093145443980,0.491702544891403609585442587937007060621363823250446532081051401007109961859393908048458265833034731335678890989412164306,0.0000000000000000127979918232254103900457341332059832971776710362531210344252643150035139661560578991699908831673617550978003267045629534,0.0000000000000000385822636299864895029211471886453353766592217773344129105603959104364777820625949897823773565906854556019990655133869957
hires,2,0,raw,S,1.5222198501696482e-16,0.6836031079011842,2.281082178158468,2.2810821781584676,4.562164356316936,2.391955594117757,3.3366177350930555e-17,1.0,1.4376073987203452e-17,3.1511521427977107e-18,4.239073534211905e-17,1.772220832458821e-17,0.0,0.683603107901184181421490311738341827028573413819277473203016931941346500580758797354474639260674541192232998711308248142,4.56216435631693763635118257000878446401404194493808838954108336718103857312741415823061487682075410729175247836034776732,0.000000000000000152221985016964822534646373242139816284179687500000000000000000000000000000000000000000000000000000000000000000000000000,-0.0000000000000000109630263161372912713225492438974024732030169319413465005807587973544746392606745411922329987113082481419962997275755057
hires,2,0,raw,1,3.0444397003392965e-16,1.3672062158023683,4.562164356316936,4.562164356316935,9.124328712633872,4.783911188235514,3.3366177350930555e-17,1.0,2.8752147974406903e-17,3.1511521427977107e-18,8.47814706842381e-17,1.772220832458821e-17,0.0,1.36720621580236836284298062347668365405714682763855494640603386388269300116151759470894927852134908238446599742261649628,9.12432871263387527270236514001756892802808388987617677908216673436207714625482831646122975364150821458350495672069553462,0.000000000000000304443970033929645069292746484279632568359375000000000000000000000000000000000000000000000000000000000000000000000000000,-0.0000000000000000219260526322745825426450984877948049464060338638826930011615175947089492785213490823844659974226164962799263779445592272
hires,2,0,raw,u,1.5222198501696482e-16,0.6836031079011842,2.281082178158468,2.2810821781584676,4.562164356316936,2.391955594117757,3.3366177350930555e-17,1.0,1.4376073987203452e-17,3.1511521427977107e-18,4.239073534211905e-17,1.772220832458821e-17,0.0,0.683603107901184181421490311738341827028573413819277473203016931941346500580758797354474639260674541192232998711308248142,4.56216435631693763635118257000878446401404194493808838954108336718103857312741415823061487682075410729175247836034776732,0.000000000000000152221985016964822534646373242139816284179687500000000000000000000000000000000000000000000000000000000000000000000000000,-0.0000000000000000109630263161372912713225492438974024732030169319413465005807587973544746392606745411922329987113082481419962997275755057
hires,2,0,raw,u^2,1.0510332764046086e-16,0.4213562191858329,1.5974790702572836,1.5974790702572834,3.194958140514567,1.6656779640698682,3.289662118187669e-17,1.0,1.1883352887930692e-17,3.71940800639623e-18,2.6986277830429228e-17,1.6201377704782595e-17,0.0,0.421356219185832915559921155033763082987015258108594741473063637990496156797443581272780268767454632330854562796274598797,3.19495814051456927350820194653210080995689511729953344313504950329834557196589656352166559829940502490728648093773127102,0.000000000000000105103327640460864521584822972194147192144137998963404623253836689400486648082733154296875000000000000000000000000000000,-0.0000000000000000346352852535686824045240330803742197414730636379904961567974435812727802687674546323308545627962745987970205456013762005
hires,2,0,raw,window,1.3403609477860273e-17,0.08579289969983045,0.22974123045498893,0.2297412304549889,0.4594824609099778,0.24364321162237154,2.917110144164201e-17,1.0,4.64447198002564e-18,1.010805063337464e-17,2.4590390968387667e-18,1.009278723779955e-17,0.0,0.0857928996998304229102352189199472183713046121608095734193330716952244510396810250968472004803083313674755115911843690203,0.459482460909977637564137275053777155599896120439474884269944756234626813306736135659018224764377390380521209343220039456,0.0000000000000000134036094778602728590767924319327541952847539382352726189395752953714691102504730224609375000000000000000000000000000000,0.0000000000000000264790465201388407161107930135716123015806669283047755489603189749031527995196916686325244884088156309796963323735336159
hires,2,1/8,raw,S,0.08005876755802176,0.5994926164435813,2.179647885489934,2.099589117931912,4.279237003421846,2.141272236304678,0.018708654719054734,0.9812913452809453,3.336745477939406e-17,7.797524360700781e-18,2.3722984949336116e-17,1.1078920534773428e-17,0.0800587675580216236238906532989323006172033778290549294665838071158499368659341657172684782474171214763801014491219937193,0.599492616443581344494316599012649429534044229782406026850560770944870035010482826718479563014377278751442909305088501393,4.27923700342184777695547632192836068841276793519981929554065545361959546254037747278710145714031098300947612409223634696,0.000000000000000133081176053828184087092771864785691164283416192884150063134065834282731521752582878523619898550878006280703368558858515,-0.0000000000000000279844245227296546078663730261691247768505607709448700350104828267184795630143772787514429093050885013929679175298517402
hires,2,1/8,raw,1,0.1601175351160435,1.1989852328871626,4.359295770979868,4.199178235863824,8.558474006843692,4.282544472609356,0.018708654719054734,0.9812913452809453,6.673490955878812e-17,7.797524360700781e-18,4.744596989867223e-17,1.1078920534773428e-17,0.160117535116043247247781306597864601234406755658109858933167614231699873731868331434536956494834242952760202898243987439,1.19898523288716268898863319802529885906808845956481205370112154188974007002096565343695912602875455750288581861017700279,8.55847400684369555391095264385672137682553587039963859108131090723919092508075494557420291428062196601895224818447269394,0.000000000000000266162352107656368174185543729571382328566832385768300126268131668565463043505165757047239797101756012560995274226764289,-0.0000000000000000559688490454593092157327460523382495537011215418897400700209656534369591260287545575028858186101770027900020565702952645
hires,2,1/8,raw,u,0.08005876755802176,0.5994926164435813,2.179647885489934,2.099589117931912,4.279237003421846,2.141272236304678,0.018708654719054734,0.9812913452809453,3.336745477939406e-17,7.797524360700781e-18,2.3722984949336116e-17,1.1078920534773428e-17,0.0800587675580216236238906532989323006172033778290549294665838071158499368659341657172684782474171214763801014491219937193,0.599492616443581344494316599012649429534044229782406026850560770944870035010482826718479563014377278751442909305088501393,4.27923700342184777695547632192836068841276793519981929554065545361959546254037747278710145714031098300947612409223634696,0.000000000000000133081176053828184087092771864785691164283416192884150063134065834282731521752582878523619898550878006280703368558858515,-0.0000000000000000279844245227296546078663730261691247768505607709448700350104828267184795630143772787514429093050885013929679175298517402
hires,2,1/8,raw,u^2,0.04935944126898293,0.3697299821038288,1.523694018370054,1.4743345771010712,2.9980285954711254,1.489782827915226,0.01646396613546187,0.9835360338645381,1.9236554205829808e-17,6.416401176055788e-18,2.88502081022344e-17,1.9365378336792107e-17,0.0493594412689828368367455472624525304082921224158247411099237459906437225230130818326408615275884051396640358736844930710,0.369729982103828818752947976544559054408638030848626517343423550942619715786235885956286453082051487787791961759315937640,2.99802859547112724333573163396600620544641724946701124844095801345614281065820184433659336203322909546355044393348362199,0.0000000000000000932698891072588056682478496355492631495150762540093562774769869181673591384724115948603359641263155069290017763155137773,-0.0000000000000000272797711696413476544958038633681577673434235509426197157862358859562864530820514877877919617593159376399787808144571794
hires,2,1/8,raw,window,0.010048608749637544,0.07525535863168442,0.2203369683044725,0.21028835955483496,0.43062532785930746,0.2186758341494104,0.02333492272642308,0.9766650772735769,8.231637267310196e-18,1.9115543686737372e-17,6.465624775733021e-19,2.9567166398987552e-18,0.0100486087496375317370502513359348546784148815267248036207467119993685812884987628456641658387536517003918219334770081366,0.0752553586316843975018778916250327011913553480567865386123202073714274850613931903289662187085486356620149120154056156233,0.430625327859307257035485995978787438998260071014418343232532906697484069700730064030090044077409817334407900776518139761,0.0000000000000000118153296300260229594003631469614343760667532880006314187115012371543358341612463482996081780665229918633993909199390216,0.0000000000000000239091454308095975437789663072166509613876797926285725149386068096710337812914513643379850879845943843766954604964685929
hires,8,-1/8,raw,S,-7.878877979327676e-05,0.0006484304321519971,0.00186103784039861,0.0019398266201918865,0.0038008644605904965,0.0008111234715165223,0.020729173747236505,0.9792708262527635,5.131167275255736e-20,1.3500000666844525e-17,5.051145691386549e-20,6.227344995876696e-17,-0.0000787887797932768922192815412294100409868611962036291331493296889231060823619911553406303467163889086735335778150452151371,0.000648430432151997028609970223217919818601593025729146575691847048553087976597823024171934730451028650193368519215507106293,0.00380086446059049757394803372626441939956824681559338110881718622110981606556528375907645196443027507720174217484621251809,0.000000000000000000129172870281634917492201223132057587263032142188923106082361991155340630346716388908673533577815045215137097745563327709,0.0000000000000000000713610156484462776565821621336489051821206529514469120234021769758280652695489713498066314807844928937069993648028719907
hires,8,-1/8,raw,1,-0.00015757755958655353,0.0012968608643039942,0.00372207568079722,0.003879653240383773,0.007601728921180993,0.0016222469430330446,0.020729173747236505,0.9792708262527635,1.0262334550511472e-19,1.3500000666844525e-17,1.0102291382773098e-19,6.227344995876696e-17,-0.000157577559586553784438563082458820081973722392407258266298659377846212164723982310681260693432777817347067155630090430274,0.00129686086430399405721994044643583963720318605145829315138369409710617595319564604834386946090205730038673703843101421259,0.00760172892118099514789606745252883879913649363118676221763437244221963213113056751815290392886055015440348434969242503619,0.000000000000000000258345740563269834984402446264115174526064284377846212164723982310681260693432777817347067155630090430274006399724563166,0.000000000000000000142722031296892555313164324267297810364241305902893824046804353951656130539097942699613262961568985787410027810161806692
hires,8,-1/8,raw,u,-7.878877979327676e-05,0.0006484304321519971,0.00186103784039861,0.0019398266201918865,0.0038008644605904965,0.0008111234715165223,0.020729173747236505,0.9792708262527635,5.131167275255736e-20,1.3500000666844525e-17,5.051145691386549e-20,6.227344995876696e-17,-0.0000787887797932768922192815412294100409868611962036291331493296889231060823619911553406303467163889086735335778150452151371,0.000648430432151997028609970223217919818601593025729146575691847048553087976597823024171934730451028650193368519215507106293,0.00380086446059049757394803372626441939956824681559338110881718622110981606556528375907645196443027507720174217484621251809,0.000000000000000000129172870281634917492201223132057587263032142188923106082361991155340630346716388908673533577815045215137097745563327709,0.0000000000000000000713610156484462776565821621336489051821206529514469120234021769758280652695489713498066314807844928937069993648028719907
hires,8,-1/8,raw,u^2,-4.724899796403643e-05,0.00038858587713824506,0.0012463565180747694,0.0012936055160388058,0.0025399620341135755,0.0005166207388944255,0.01860224575385274,0.9813977542461473,2.6992863773786562e-20,1.0627270569895284e-17,1.5792841571893565e-20,3.05695075379483e-17,-0.0000472489979640365029594258831581063215759232668846332061338727357986480294386019680545892991405904546772335477398823804224,0.000388585877138245079829068089029522915411459122724693751097416375313622844927242728980042976724735324681257380067100812129,0.00253996203411357626239126725839409184474292724801385529075947544937386479624814726142037073384737170381032698832648397046,0.0000000000000000000762184477413553215594271197012334548461485211732986480294386019680545892991405904546772335477398823804224007064271645607,-0.0000000000000000000197886679306441132474399151550008473155505413753136228449272427289800429767247353246812573800671008121290039472901188458
hires,8,-1/8,raw,window,-9.681860133583611e-06,7.958311208745415e-05,0.00020225093352927822,0.00021193279366286182,0.00041418372719214004,9.208537951250176e-05,0.023375761764518072,0.976624238235482,9.447930884545622e-21,2.2810965917457984e-17,4.270845347536011e-21,4.6379190379035024e-17,-0.00000968186013358363646300973453536999472792938414169748348639962386710079302765322365673402708017127862647427117186363853020,0.0000795831120874541169689638445975274872626109180951098913578479966202082716249291377198231406182588807973924889400405274053,0.000414183727192139868058265774297659195808245912376520177660185036700261655506219492274632320341900566886968902739227329140,0.0000000000000000000251360066522656434753568957379753728680078839988671007930276532236567340270801712786264742711718636385301996502565070533,0.0000000000000000000289674618532961405425294138358926792626948863783797917283750708622801768593817411192026075110599594725946956572934003261
hires,8,0,raw,S,7.55976905424463e-20,0.0006125483322082097,0.0018510239382467375,0.0018510239382467375,0.003702047876493475,0.0007703342712637932,2.0420505910380425e-17,1.0,3.420461387485162e-20,9.239376425150321e-18,2.6131840042758994e-20,3.3922728116312e-17,0.0,0.000612548332208209693540417486090836623378159594476157311900206891914004093029113160084320283342892754650153987908828672032,0.00370204787649347605133880937175874450010947594413937959931424701456104446434211028902725395004990881464475338696835771976,0.0000000000000000000755976905424463052618477831856580451130867004394531250000000000000000000000000000000000000000000000000000000000000000000,0.00000000000000000000947298431732670031599973689323670279552166810808599590697088683991567971665710724534984601209117132796797964750688512510
hires,8,0,raw,1,1.511953810848926e-19,0.0012250966644164194,0.003702047876493475,0.003702047876493475,0.00740409575298695,0.0015406685425275865,2.0420505910380425e-17,1.0,6.840922774970324e-20,9.239376425150321e-18,5.226368008551799e-20,3.3922728116312e-17,0.0,0.00122509666441641938708083497218167324675631918895231462380041378382800818605822632016864056668578550930030797581765734406,0.00740409575298695210267761874351748900021895188827875919862849402912208892868422057805450790009981762928950677393671543950,0.000000000000000000151195381084892610523695566371316090226173400878906250000000000000000000000000000000000000000000000000000000000000000000,0.0000000000000000000189459686346534006319994737864734055910433362161719918139417736798313594333142144906996920241823426559399302144577075394
hires,8,0,raw,u,7.55976905424463e-20,0.0006125483322082097,0.0018510239382467375,0.0018510239382467375,0.003702047876493475,0.0007703342712637932,2.0420505910380425e-17,1.0,3.420461387485162e-20,9.239376425150321e-18,2.6131840042758994e-20,3.3922728116312e-17,0.0,0.000612548332208209693540417486090836623378159594476157311900206891914004093029113160084320283342892754650153987908828672032,0.00370204787649347605133880937175874450010947594413937959931424701456104446434211028902725395004990881464475338696835771976,0.0000000000000000000755976905424463052618477831856580451130867004394531250000000000000000000000000000000000000000000000000000000000000000000,0.00000000000000000000947298431732670031599973689323670279552166810808599590697088683991567971665710724534984601209117132796797964750688512510
hires,8,0,raw,u^2,4.969426853426694e-20,0.0003676044722760069,0.0012384756060385277,0.0012384756060385277,0.0024769512120770554,0.0004917860453875799,2.0062675555323375e-17,1.0,2.0022744208202285e-20,8.083624784604518e-18,9.152535104653422e-21,1.8610806854920512e-17,0.0,0.000367604472276006880753218972409245836377018289751315783267052313007861792443066880905165780948814985880226531117698512542,0.00247695121207705666425797439957707125335315675518706497551383323073303627828388396885861338336412330534444541115070037568,0.0000000000000000000496942685342669417936158279186355504321844924833727319933573962629225206910632550716400146484375000000000000000000000000,-0.00000000000000000000514963114117320485273689513105800218463423981300786179244306688090516578094881498588022653111769851254201473615330780310
hires,8,0,raw,window,-2.1684294933827885e-21,7.536645387479041e-05,0.00020148148203695505,0.00020148148203695505,0.0004029629640739101,8.748900864532675e-05,5.381212882345839e-18,1.0,1.1362824821335582e-21,2.8198186519323524e-18,1.5435576006478824e-21,1.7642874511303907e-17,0.0,0.0000753664538747903746025274207133657127065460207824245310633738718528341926792988596203794838069303963070023259743528248919,0.000402962964073909925474878857346456166460039354381391338144026959080398560511555534651308482613050765752096872451274217078,-0.00000000000000000000216842949338278853461184318625793607134610703324291637361697152042161462759395362809300422668457031250000000000000000000,0.0000000000000000000343716120343871614169096930873628124379307667531471658073207011403796205161930696036929976740256471751081013898479341835
hires,8,1/8,raw,S,7.443508996137842e-05,0.0005787494103802645,0.0018413104488435867,0.0017668753588822082,0.003608185807725795,0.0007318274343466959,0.020629505776004965,0.979370494223995,4.60883707743576e-20,1.277328087585563e-17,3.65454098240571e-20,4.993719572248788e-17,0.0000744350899613783648302704927090149143004110174014346786156992083297459416098910524796550890374428305600202991545159682863,0.000578749410380264523233991226773709380994429155077388503239845561836645141307937808828983439779727653843095538798122788757,0.00360818580772579585493033770716761616889828475628839096092001090490390045346066538140354834356925342394200499937245009468,0.0000000000000000000575325147083184203635647408573196155838354726666702540583901089475203449109625571694399797008454840317137044277852352656,0.00000000000000000000815682361489778999903251482657010295183827943816335485869206219117101656022027234615690446120187721124302670447092039270
hires,8,1/8,raw,1,0.00014887017992275684,0.001157498820760529,0.0036826208976871735,0.0035337507177644165,0.00721637161545159,0.0014636548686933917,0.020629505776004965,0.979370494223995,9.21767415487152e-20,1.277328087585563e-17,7.30908196481142e-20,4.993719572248788e-17,0.000148870179922756729660540985418029828600822034802869357231398416659491883219782104959310178074885661120040598309031936573,0.00115749882076052904646798245354741876198885831015477700647969112367329028261587561765796687955945530768619107759624557751,0.00721637161545159170986067541433523233779656951257678192184002180980780090692133076280709668713850684788400999874490018937,0.000000000000000000115065029416636840727129481714639231167670945333340508116780217895040689821925114338879959401690968063427007036341024496,0.0000000000000000000163136472297955799980650296531402059036765588763267097173841243823420331204405446923138089224037544224900243283857780747
hires,8,1/8,raw,u,7.443508996137842e-05,0.0005787494103802645,0.0018413104488435867,0.0017668753588822082,0.003608185807725795,0.0007318274343466959,0.020629505776004965,0.979370494223995,4.60883707743576e-20,1.277328087585563e-17,3.65454098240571e-20,4.993719572248788e-17,0.0000744350899613783648302704927090149143004110174014346786156992083297459416098910524796550890374428305600202991545159682863,0.000578749410380264523233991226773709380994429155077388503239845561836645141307937808828983439779727653843095538798122788757,0.00360818580772579585493033770716761616889828475628839096092001090490390045346066538140354834356925342394200499937245009468,0.0000000000000000000575325147083184203635647408573196155838354726666702540583901089475203449109625571694399797008454840317137044277852352656,0.00000000000000000000815682361489778999903251482657010295183827943816335485869206219117101656022027234615690446120187721124302670447092039270
hires,8,1/8,raw,u^2,4.470212137804668e-05,0.0003478232682768397,0.0012308305087606383,0.0011861283873825916,0.00241695889614323,0.00046831058191568317,0.018495193049984586,0.9815048069500154,3.0092756516742834e-20,1.2450669543765185e-17,1.2570538445429328e-20,2.6842311343911908e-17,0.0000447021213780466334921102790065857077350226629837567936301372801856462143727262303140003801810351007233785662165908628330,0.000347823268276839693027561563746840869981186318638465421614798060573762186585519299652290211339160976278338065983406243010,0.00241695889614323094765401531839165631750990199594972409117974848299662667440845201541261732378452210667505293499945469889,0.0000000000000000000452030660235138230321028533924058859218239642823143537856272737696859996198189648992766214337834091371669983527833876931,-0.00000000000000000000502069869193050271363122932935013534348979806057376218658551929965229021133916097627833806598340624300999157209628792633
hires,8,1/8,raw,window,9.169408353218647e-06,7.138154709902457e-05,0.00020073532427274525,0.0001915659159195266,0.00039230124019227184,8.313830618366039e-05,0.023373386096675615,0.9766266139033244,6.17312736228689e-22,1.5735681486149167e-18,6.1640445268352925e-21,7.414205087626316e-17,0.00000916940835321865097046403747332274721826086086390010812691697689286843855953823955008203682718495463732094498588314933607,0.0000713815470990245453288903596190944306127975744424929152410140164508065705834880087670216708263753493415471822379039442806,0.000392301240192271667450043197808362263205217411936130483642873009543450973209973051818129473301561831040095887521038619218,-0.00000000000000000000386394764784008768262479695757088653543404588314286843855953823955008203682718495463732094498588314933606953471886675016,0.0000000000000000000261442386264908183996029647948922048081476578585491934294165119912329783291736246506584528177620960557194010384372859302
hires,32,-1/8,raw,S,-2.5639647347625965e-15,2.1052163947689192e-14,5.370198706097783e-14,5.626595179574043e-14,1.0996793885671826e-13,2.122733296979248e-14,0.023315565986039725,0.9766844340139603,9.301860297122896e-31,8.458702048824131e-18,2.8183682158908403e-31,1.3277071688193304e-17,-0.00000000000000256396473476258530850506735549202340315077230754305654683955317645128121619442620338036929448180818509462441582965970444,0.0000000000000210521639476891864100998323721126579357987143090358799611065409017001039991327127646100717424098555978250240890237433456,0.000000000000109967938856718256203406399226339497482617605430304102134744407980207501322841986447189758819732141045841680262984058468,-0.0000000000000000000000000000112327867359315877859805450617280477649178833683423904771542050488942758807055181918149053755841703402955599405991811008,0.00000000000000000000000000000588153669822723994720014591285920707970833537514682665991688291223538992825759014440217497591097625665440065786251721849
hires,32,-1/8,raw,1,-5.127929469525193e-15,4.2104327895378385e-14,1.0740397412195566e-13,1.1253190359148086e-13,2.199358777134365e-13,4.245466593958496e-14,0.023315565986039725,0.9766844340139603,1.860372059424579e-30,8.458702048824131e-18,5.6367364317816805e-31,1.3277071688193304e-17,-0.00000000000000512792946952517061701013471098404680630154461508611309367910635290256243238885240676073858896361637018924883165931940887,0.0000000000000421043278953783728201996647442253158715974286180717599222130818034002079982654255292201434848197111956500481780474866912,0.000000000000219935877713436512406812798452678994965235210860608204269488815960415002645683972894379517639464282091683360525968116935,-0.0000000000000000000000000000224655734718631755719610901234560955298357667366847809543084100977885517614110363836298107511683406805911301998560634246,0.0000000000000000000000000000117630733964544798944002918257184141594166707502936533198337658244707798565151802888043499518219525133088013157250344370
hires,32,-1/8,raw,u,-2.5639647347625965e-15,2.1052163947689192e-14,5.370198706097783e-14,5.626595179574043e-14,1.0996793885671826e-13,2.122733296979248e-14,0.023315565986039725,0.9766844340139603,9.301860297122896e-31,8.458702048824131e-18,2.8183682158908403e-31,1.3277071688193304e-17,-0.00000000000000256396473476258530850506735549202340315077230754305654683955317645128121619442620338036929448180818509462441582965970444,0.0000000000000210521639476891864100998323721126579357987143090358799611065409017001039991327127646100717424098555978250240890237433456,0.000000000000109967938856718256203406399226339497482617605430304102134744407980207501322841986447189758819732141045841680262984058468,-0.0000000000000000000000000000112327867359315877859805450617280477649178833683423904771542050488942758807055181918149053755841703402955599405991811008,0.00000000000000000000000000000588153669822723994720014591285920707970833537514682665991688291223538992825759014440217497591097625665440065786251721849
hires,32,-1/8,raw,u^2,-1.495023145102833e-15,1.226435630397237e-14,3.3719867212027e-14,3.521489035712983e-14,6.893475756915683e-14,1.2422061194633742e-14,0.021687508563484736,0.9783124914365152,3.8007179858205097e-31,5.5135001845876486e-18,2.031011059112579e-31,1.6350032633794816e-17,-0.00000000000000149502314510282673111635243344737134393859958508422433994750123206972131784855349403622449902275888536545047107184023343,0.0000000000000122643563039723675821653100318169144784666110707382654752357161405258941163801157557705886214559992074403449221824269669,0.0000000000000689347575691568428185744165543003301072286215976713290682416322065837259060652845203527684422328039892090365797615864810,-0.00000000000000000000000000000622803616290638339753543380676375073192899750550890826632920802609580752550097724111463454952892815976656996556007660826,0.00000000000000000000000000000248652875043769668596626564485502333378260369093280796532728443502547941137854400079255965507781757303309951153576657120
hires,32,-1/8,raw,window,-3.139482110719743e-16,2.571094680871443e-15,6.5471293482157596e-15,6.861077559287734e-15,1.3408206907503494e-14,2.572107466167401e-15,0.023414630549613815,0.9765853694503862,3.6002318555623605e-31,2.6850956883336878e-17,1.6757104492569294e-31,6.514931709886296e-17,-0.000000000000000313948211071970157133956833472918210622142412591058040683458467750744004362691445766918957014622262669756819036319376307,0.00000000000000257109468087144051325646654642715014711328619068573075354421572887389320804596812011079768796704516864627576642054332371,0.0000000000000134082069075034853849466611699494549301252083307473577547008972480601647533706523617363051407709873267540373989863383890,-0.00000000000000000000000000000413151157582154536390797453108467483676261517743893463253546370168167448729298537773733024318096368062369300739656212084,0.00000000000000000000000000000237470757769601649055133763544440464077736308925773897808120726674317045231203295483135372423357945667629015423162857602
hires,32,0,raw,S,-5.636811761232562e-30,1.998103484231991e-14,5.369109272829804e-14,5.369109272829805e-14,1.073821854565961e-13,2.0154488137328836e-14,5.249298789426261e-17,1.0,1.7439761598672561e-31,1.6240833174066584e-18,1.269845998180275e-31,6.300561887395932e-18,0.0,0.0000000000000199810348423199076280024241320741051597869156258901739081384551518615705484626154522713552532811462273236120048969509355,0.000000000000107382185456596095398549212516147871588523793926543992761035109868271577777871808690855363699309586423979885770621322485,-0.00000000000000000000000000000563681176123256189472423624235756527589731590399679816982825286686420440673828125000000000000000000000000000000000000000,0.00000000000000000000000000000321860826910168825818349204597678794929130068674748573474938894704772864474671885377267638799510304906450117690770873979
hires,32,0,raw,1,-1.1273623522465124e-29,3.996206968463982e-14,1.0738218545659608e-13,1.073821854565961e-13,2.147643709131922e-13,4.030897627465767e-14,5.249298789426261e-17,1.0,3.4879523197345123e-31,1.6240833174066584e-18,2.53969199636055e-31,6.300561887395932e-18,0.0,0.0000000000000399620696846398152560048482641482103195738312517803478162769103037231410969252309045427105065622924546472240097939018711,0.000000000000214764370913192190797098425032295743177047587853087985522070219736543155555743617381710727398619172847959771541242644970,-0.0000000000000000000000000000112736235224651237894484724847151305517946318079935963396565057337284088134765625000000000000000000000000000000000000000,0.00000000000000000000000000000643721653820337651636698409195357589858260137349497146949877789409545728949343770754535277599020609812889779141737841936
hires,32,0,raw,u,-5.636811761232562e-30,1.998103484231991e-14,5.369109272829804e-14,5.369109272829805e-14,1.073821854565961e-13,2.0154488137328836e-14,5.249298789426261e-17,1.0,1.7439761598672561e-31,1.6240833174066584e-18,1.269845998180275e-31,6.300561887395932e-18,0.0,0.0000000000000199810348423199076280024241320741051597869156258901739081384551518615705484626154522713552532811462273236120048969509355,0.000000000000107382185456596095398549212516147871588523793926543992761035109868271577777871808690855363699309586423979885770621322485,-0.00000000000000000000000000000563681176123256189472423624235756527589731590399679816982825286686420440673828125000000000000000000000000000000000000000,0.00000000000000000000000000000321860826910168825818349204597678794929130068674748573474938894704772864474671885377267638799510304906450117690770873979
hires,32,0,raw,u^2,-3.375513601083052e-30,1.1661387903387711e-14,3.371005788597813e-14,3.371005788597814e-14,6.742011577195628e-14,1.1817584618893395e-14,5.0066861535813523e-17,1.0,8.580395536704185e-32,1.2726758829259147e-18,4.761758548248445e-31,4.029383923882018e-17,0.0,0.0000000000000116613879033877105632916900426998620337612690679572317496512799320552267104752167210031644953941261467409475514886563669,0.0000000000000674201157719562801425443642519996612689499626747636449447581995645484366809465777863126531927472939693326617608274206140,-0.00000000000000000000000000000337551360108305210674587097596497885285534058035820598259532332241515439262514661211689315223338780924677848815917968750,0.000000000000000000000000000000859863024671580992215243903954034089997130697776396223160588015700871835504605873853259052448511343633100617596812880442
hires,32,0,raw,window,-1.3225467530575487e-30,2.453005220257867e-15,6.54706675727763e-15,6.5470667572776314e-15,1.3094133514555261e-14,2.4539954302425634e-15,1.0100299890690923e-16,0.9999999999999999,5.824511052019325e-32,4.4481836431138245e-18,1.2834109626057578e-31,5.229883262166058e-17,0.0,0.00000000000000245300522025786570247031210439757347039175555939194857202415847306387418452720122658599990946423558953036996948621214163,0.0000000000000130941335145552545954208207832946672534068116105860989062006953318742109441948199394600779314740225027064807468577607266,-0.00000000000000000000000000000132254675305754868336999954013039467207380544709315285804809383057829003480998443682825627121246725437231361865997314453,0.00000000000000000000000000000116298319568714502901174045021525893077651766247261999255474587006247650009053576441046963003051378785836999577575747363
hires,32,1/8,raw,S,2.4336672713886094e-15,1.896687094026913e-14,5.368030494378699e-14,5.124663767239838e-14,1.0492694261618537e-13,1.9138630363506198e-14,0.02319392151061502,0.9768060784893849,1.580977453225603e-30,1.506741179916674e-17,1.3280637091235269e-30,6.939178425515218e-17,0.00000000000000243366727138861420939456863673222646536806079779055207508011581302168343597582924926289003993626860967666778813425047919,0.0000000000000189668709402691291318776672993055020508037845241143708402396280031238121532563749167692612803124853476732241107765045457,0.000000000000104926942616185381954947826690370324646729121988467666692546396909635683692391565323936418794943010254732389920553509530,-0.00000000000000000000000000000478089048170821093367650467836974656106247951602489235375457934487426289003993626860967666778813425047918997295150793727,0.000000000000000000000000000000545524894702361602663718098958177804120308808498870916888796847739480738719687514652326775889223495454300109774194116397
hires,32,1/8,raw,1,4.867334542777219e-15,3.793374188053826e-14,1.0736060988757398e-13,1.0249327534479676e-13,2.0985388523237074e-13,3.8277260727012396e-14,0.02319392151061502,0.9768060784893849,3.161954906451206e-30,1.506741179916674e-17,2.6561274182470537e-30,6.939178425515218e-17,0.00000000000000486733454277722841878913727346445293073612159558110415016023162604336687195165849852578007987253721935333557626850095839,0.0000000000000379337418805382582637553345986110041016075690482287416804792560062476243065127498335385225606249706953464482215530090914,0.000000000000209853885232370763909895653380740649293458243976935333385092793819271367384783130647872837589886020509464779841107019059,-0.00000000000000000000000000000956178096341642186735300935673949312212495903204978470750915868974852578007987253721935333557626850095839026456071709759,0.00000000000000000000000000000109104978940472320532743619791635560824061761699774183377759369547896147743937502930465355177844699090860021954838823279
hires,32,1/8,raw,u,2.4336672713886094e-15,1.896687094026913e-14,5.368030494378699e-14,5.124663767239838e-14,1.0492694261618537e-13,1.9138630363506198e-14,0.02319392151061502,0.9768060784893849,1.580977453225603e-30,1.506741179916674e-17,1.3280637091235269e-30,6.939178425515218e-17,0.00000000000000243366727138861420939456863673222646536806079779055207508011581302168343597582924926289003993626860967666778813425047919,0.0000000000000189668709402691291318776672993055020508037845241143708402396280031238121532563749167692612803124853476732241107765045457,0.000000000000104926942616185381954947826690370324646729121988467666692546396909635683692391565323936418794943010254732389920553509530,-0.00000000000000000000000000000478089048170821093367650467836974656106247951602489235375457934487426289003993626860967666778813425047918997295150793727,0.000000000000000000000000000000545524894702361602663718098958177804120308808498870916888796847739480738719687514652326775889223495454300109774194116397
hires,32,1/8,raw,u^2,1.4216307277106906e-15,1.108978830577279e-14,3.3700342229098396e-14,3.2278711501387705e-14,6.597905373048611e-14,1.1244495733846015e-14,0.021546697737100398,0.9784533022628996,8.546127684267355e-31,1.295278910664121e-17,8.714262795446794e-31,7.749803105191101e-17,0.00000000000000142163072771069372863730008644934651979794844735743653825932276717748706331781614671447884725947243505976014534159067265,0.0000000000000110897883057727880700112074063374774943940415306996034220418755378642513558364594457136576683149990056111246603349853618,0.0000000000000659790537304861072694293383747733475975855500616058951792603558668410018326636958961932076402453877675186193861035651137,-0.00000000000000000000000000000312519715148164798338750907195113709425567560763497267131796411741624572884725947243505976014534159067265007258195735306,0.00000000000000000000000000000157111572297943914793660120812136676663872374548166306473760836477303634233168500099438887533966501463819965299909725432
hires,32,1/8,raw,window,2.995298078525238e-16,2.3403573000893244e-15,6.547005561430772e-15,6.247475753578248e-15,1.279448131500902e-14,2.341325440542852e-15,0.02341085976663624,0.9765891402333637,1.6166799574107179e-31,1.263576004065295e-17,6.525372504631663e-32,2.787042070972719e-17,0.000000000000000299529807852523594265030684847007882202784324289105394841313919528722376700927203149255656528456900442218616689719818516,0.00000000000000234035730008932384153791159592270964435228807460896103119835515917577034379975680724346436850815474289155249944976855218,0.0000000000000127944813150090149821085748952695906795496421064080712520087981777883482162129320979525289993331963899317206396878788728,0.000000000000000000000000000000193617368443025722228184263690774610272042267514847815423134277874975744343471543099557781383310280181484012919946948474,0.000000000000000000000000000000578071224603388398338214517347358320977012631373327968655567003446662785631491845257108447500550231447820006396301462422
hires,2,-1/8,normalized,S,-0.09138974482096936,0.7815862273045961,2.392585072538288,2.483974817359257,4.876559889897544,2.68386898093353,0.018740617747829903,0.9812593822521701,5.444740872512881e-18,1.1165126637309224e-18,1.451262352947248e-17,5.407351712237665e-18,-0.0913897448209695488000991062848723777503120258903283372576730657067346172679007962777266283091725422019850668274158681457,0.781586227304596421364816346296091237549148581671809762415145023754953808305607596209456303650692407543460674133701299498,4.87655988989754872796305341334216614389011447084808887469143506227644143436819507616387918625807559961023991409035580198,0.000000000000000191880217174440443031948839362010933806007673065706734617267900796277726628309172542201985066827415868145696350300756254,-0.000000000000000273007297987034060665850006125617122262415145023754953808305607596209456303650692407543460674133701299498004794911607073
hires,2,-1/8,normalized,1,-0.1827794896419387,1.5631724546091923,4.785170145076576,4.967949634718514,9.753119779795089,5.36773796186706,0.018740617747829903,0.9812593822521701,1.0889481745025762e-17,1.1165126637309224e-18,2.902524705894496e-17,5.407351712237665e-18,-0.182779489641939097600198212569744755500624051780656674515346131413469234535801592555453256618345084403970133654831736291,1.56317245460919284272963269259218247509829716334361952483029004750990761661121519241891260730138481508692134826740259900,9.75311977979509745592610682668433228778022894169617774938287012455288286873639015232775837251615119922047982818071160395,0.000000000000000383760434348880886063897678724021867612015346131413469234535801592555453256618345084403970133654831736291005441410027575,-0.000000000000000546014595974068121331700012251234244524830290047509907616611215192418912607301384815086921348267402599000075811333805931
hires,2,-1/8,normalized,u,-0.09138974482096936,0.7815862273045961,2.392585072538288,2.483974817359257,4.876559889897544,2.68386898093353,0.018740617747829903,0.9812593822521701,5.444740872512881e-18,1.1165126637309224e-18,1.451262352947248e-17,5.407351712237665e-18,-0.0913897448209695488000991062848723777503120258903283372576730657067346172679007962777266283091725422019850668274158681457,0.781586227304596421364816346296091237549148581671809762415145023754953808305607596209456303650692407543460674133701299498,4.87655988989754872796305341334216614389011447084808887469143506227644143436819507616387918625807559961023991409035580198,0.000000000000000191880217174440443031948839362010933806007673065706734617267900796277726628309172542201985066827415868145696350300756254,-0.000000000000000273007297987034060665850006125617122262415145023754953808305607596209456303650692407543460674133701299498004794911607073
hires,2,-1/8,normalized,u^2,-0.056319733865172354,0.48159409479021326,1.678848908304072,1.7351686421692445,3.4140175504733166,1.8713040779253647,0.016496615214343063,0.9835033847856569,3.953126727014637e-18,1.157910487737996e-18,3.5006324565972973e-17,1.8706914060051105e-17,-0.0563197338651724901409138307253638838395817521379349983123432266467772898265588005511313955270108495063997040690510437887,0.481594094790213430912233911280288896931833938342604417737056159334800128353329267144895499998929525524332507477594107437,3.41401755047331989064498251157325162256028602885566634042254684894004490427103530116916889033703217651935854004314739929,0.000000000000000135948450641887572207206521773652827576437343226646777289826558800551131395527010849506399704069051043788699075928028609,-0.000000000000000174627006594513893663360304549914870042737056159334800128353329267144895499998929525524332507477594107437001326294009978
hires,2,-1/8,normalized,window,-0.01146842467435631,0.09807312204207774,0.23999427802345297,0.2514627026978093,0.49145698072126226,0.27247440654455957,0.023335561654908736,0.9766644383450913,5.324754613732671e-19,1.0834630135720245e-18,5.981041462973003e-19,2.195083765415921e-18,-0.0114684246743563222250587732814157930262409158971055064730719359689010357899429459032045095370657866628147647938033172996,0.0980731220420777381781843189194358755137479784964584510427931617541987994944894883930181358499145597744092050750239392150,0.491456980721262171596214640290124396203384435278629256704811603863657732291088479076556920705908955109110817056718414377,0.0000000000000000122165648311605939084257952877309067760043219359689010357899429459032045095370657866628147647938033172995999851874170154,0.00000000000000000457669986533140504171590442628869779895720683824580120050551051160698186415008544022559079492497606078500229680492700760
hires,2,0,normalized,S,1.594861395726177e-16,0.683261705499179,2.2799429689802277,2.2799429689802277,4.5598859379604555,2.390761012969891,3.497590548152014e-17,1.0,7.028717677702436e-18,1.5414240122081298e-18,2.782666693521263e-17,1.1639250759173674e-17,0.0,0.683261705499179251280085385754975800573242859198202191102596309107155629986923169988057631399089871257946348682626235743,4.55988593796045903726224544461169005520490270737807658357579820402308595609026014734430092748442600868946801583295057652,0.000000000000000159486139572617702242496307007968425750732421875000000000000000000000000000000000000000000000000000000000000000000000000,-0.000000000000000278379931491311910872518433288885702191102596309107155629986923169988057631399089871257946348682626235743036091459590864
hires,2,0,normalized,1,3.189722791452354e-16,1.366523410998358,4.5598859379604555,4.5598859379604555,9.119771875920911,4.781522025939782,3.497590548152014e-17,1.0,1.4057435355404872e-17,1.5414240122081298e-18,5.565333387042526e-17,1.1639250759173674e-17,0.0,1.36652341099835850256017077150995160114648571839640438220519261821431125997384633997611526279817974251589269736525247149,9.11977187592091807452449088922338011040980541475615316715159640804617191218052029468860185496885201737893603166590115306,0.000000000000000318972279145235404484992614015936851501464843750000000000000000000000000000000000000000000000000000000000000000000000000,-0.000000000000000556759862982623821745036866577771404382205192618214311259973846339976115262798179742515892697365252471489944774834031047
hires,2,0,normalized,u,1.594861395726177e-16,0.683261705499179,2.2799429689802277,2.2799429689802277,4.5598859379604555,2.390761012969891,3.497590548152014e-17,1.0,7.028717677702436e-18,1.5414240122081298e-18,2.782666693521263e-17,1.1639250759173674e-17,0.0,0.683261705499179251280085385754975800573242859198202191102596309107155629986923169988057631399089871257946348682626235743,4.55988593796045903726224544461169005520490270737807658357579820402308595609026014734430092748442600868946801583295057652,0.000000000000000159486139572617702242496307007968425750732421875000000000000000000000000000000000000000000000000000000000000000000000000,-0.000000000000000278379931491311910872518433288885702191102596309107155629986923169988057631399089871257946348682626235743036091459590864
hires,2,0,normalized,u^2,1.1272212910484605e-16,0.42114578710372674,1.5966812634810488,1.5966812634810486,3.1933625269620975,1.664846097667671,3.52988826520992e-17,1.0,4.206126391135074e-18,1.3171465361737167e-18,1.8035310965201698e-17,1.0833019935276818e-17,0.0,0.421145787103726944201561366650798654211787352420041128480816160391725663662579852394241592996153578111901322535973050392,3.19336252696210053470207467310173845405841698898167220137060558580877469611641380736818566468624626617357531846769810504,0.000000000000000112722129104846050196297684017424606158433447603353649846269490808481350541114807128906250000000000000000000000000000000,-0.000000000000000201117963172589020168436793455935666128480816160391725663662579852394241592996153578111901322535973050392007092936293032
hires,2,0,normalized,window,1.0732369247603496e-17,0.08575005334396406,0.22962649398435211,0.2296264939843521,0.4592529879687042,0.24352153227843834,2.336918763462646e-17,1.0,7.306698707725027e-18,1.590996444039019e-17,5.792932346759147e-18,2.3788173031597087e-17,0.0,0.0857500533439640536569384209503100568332679080185949981281266264389345757563465555246587915026238008999789771871122630095,0.459252987968704119625026892283609817330333471412609076672793479512070628514963193654385600164401075334200877556265962762,0.0000000000000000107323692476034960185226364517345930329508785997655317956400722323451191186904907226562500000000000000000000000000000000,0.00000000000000000465971235717400258054053713806294797062187337356106542424365344447534120849737619910002102281288773699050025636467148588
hires,2,1/8,normalized,S,0.08001878492009935,0.59919322017567,2.1785593342311245,2.0985405493110254,4.277099883542149,2.1402028504631394,0.018708654719054748,0.9812913452809453,1.9524514284892725e-17,4.564895563935997e-18,7.623908135152375e-18,3.562236230786518e-18,0.0800187849200991906047401102563082470124849132188110829612613218452259690701413973670172666028740121342138980723521752331,0.599193220175670221949864952895787416432469871063180799285958302777644860220474344191088159036294126288869577789227437321,4.27709988354215322831077436677444237780994288132770816646987982670628776639521043828215244661922509360407309475329254859,0.000000000000000162792387007403384638341676349293395948288738678154774030929858602632982733397125987865786101927647824766900344462994559,-0.000000000000000217015433207981751172278493430633493299285958302777644860220474344191088159036294126288869577789227437321027452110084214
hires,2,1/8,normalized,1,0.1600375698401987,1.19838644035134,4.357118668462249,4.197081098622051,8.554199767084299,4.280405700926279,0.018708654719054748,0.9812913452809453,3.904902856978545e-17,4.564895563935997e-18,1.524781627030475e-17,3.562236230786518e-18,0.160037569840198381209480220512616494024969826437622165922522643690451938140282794734034533205748024268427796144704350466,1.19838644035134044389972990579157483286493974212636159857191660555528972044094868838217631807258825257773915557845487464,8.55419976708430645662154873354888475561988576265541633293975965341257553279042087656430489323845018720814618950658509717,0.000000000000000325584774014806769276683352698586791896577477356309548061859717205265965466794251975731572203855295649533994318521731584,-0.000000000000000434030866415963502344556986861266986598571916605555289720440948688382176318072588252577739155578454874639924978667001302
hires,2,1/8,normalized,u,0.08001878492009935,0.59919322017567,2.1785593342311245,2.0985405493110254,4.277099883542149,2.1402028504631394,0.018708654719054748,0.9812913452809453,1.9524514284892725e-17,4.564895563935997e-18,7.623908135152375e-18,3.562236230786518e-18,0.0800187849200991906047401102563082470124849132188110829612613218452259690701413973670172666028740121342138980723521752331,0.599193220175670221949864952895787416432469871063180799285958302777644860220474344191088159036294126288869577789227437321,4.27709988354215322831077436677444237780994288132770816646987982670628776639521043828215244661922509360407309475329254859,0.000000000000000162792387007403384638341676349293395948288738678154774030929858602632982733397125987865786101927647824766900344462994559,-0.000000000000000217015433207981751172278493430633493299285958302777644860220474344191088159036294126288869577789227437321027452110084214
hires,2,1/8,normalized,u^2,0.04933479036904396,0.36954533299599907,1.522933061037093,1.473598270668049,2.996531331705142,1.4890388063769422,0.016463966135461885,0.9835360338645381,9.536955054677755e-18,3.182664887822434e-18,3.2540728819165836e-18,2.1853512937209727e-18,0.0493347903690438507248302528640495713940506040774122371554260818037964709807226565283411426135829212979480050625406575789,0.369545332995999231111645936240992728909176119248012139181552109265918135760558519050965836861900923822132848079989480487,2.99653133170514497513911363150948336275803377340792340340272887954530413617693475614544614139239654374775055356865311024,0.000000000000000107755236183458836576142286771563456903469573918196203529019277343471658857386417078702051994937459342421099728624282057,-0.000000000000000165960663248685622807880562075058559014181552109265918135760558519050965836861900923822132848079989480486991518546157278
hires,2,1/8,normalized,window,0.010043590312587915,0.07521777489354213,0.22022692847381603,0.21018333816122814,0.43041026663504417,0.21856662391590473,0.023334922726423093,0.9766650772735769,2.676301650901653e-18,6.21802465778763e-18,8.145797526951475e-19,3.726917395258681e-18,0.0100435903125879010147869425819581579740576457806488565322072320750667807905143530908522720321419151214352976689595135317,0.0752177748935421282978847974020594750864229278903958783827686290107125334829102723544861788868763467485652883448573141663,0.430410266635044099486636911931311424408562680483223099745730910949822474049776145671133947379372713974497710394037811327,0.0000000000000000144159440022948555792358286667040923544052927679249332192094856469091477279678580848785647023310404864683003656193565127,0.00000000000000000201214647103437310817113303371849084036723137098928746651708972764551382111312365325143471165514268583370367629045481243
hires,8,-1/8,normalized,S,-7.874943140769807e-05,0.0006481065955507423,0.001860108408127763,0.0019388578395354611,0.003798966247663224,0.0008107183833911206,0.020729173747236502,0.9792708262527635,6.492458742392984e-20,1.7090066926460717e-17,2.5415017817000814e-20,3.1348762206049135e-17,-0.0000787494314076982378910877059667255878645445231782567888565190415482256141536238600911292514379684713051574428829700767213,0.000648106595550742449692484191516411309434220212869473580092124158010343749265275359675029021043536682101475730551332257830,0.00379896624766322641462261809503775716542252807834226871497818892646781567676622674219740542043272933446878569985542818178,0.000000000000000000165487436015867956365405603592513717451698315916548225614153623860091129251437968471305157442882970076721300424465090259,-0.000000000000000000191731809527752699731221541780404873970717124158010343749265275359675029021043536682101475730551332257830038632241889573
hires,8,-1/8,normalized,1,-0.00015749886281539614,0.0012962131911014845,0.003720216816255526,0.0038777156790709222,0.007597932495326448,0.0016214367667822412,0.020729173747236502,0.9792708262527635,1.2984917484785968e-19,1.7090066926460717e-17,5.083003563400163e-20,3.1348762206049135e-17,-0.000157498862815396475782175411933451175729089046356513577713038083096451228307247720182258502875936942610314885765940153443,0.00129621319110148489938496838303282261886844042573894716018424831602068749853055071935005804208707336420295146110266451566,0.00759793249532645282924523619007551433084505615668453742995637785293563135353245348439481084086545866893757139971085636358,0.000000000000000000330974872031735912730811207185027434903396631833096451228307247720182258502875936942610314885765940153443002668159626554,-0.000000000000000000383463619055505399462443083560809747941434248316020687498530550719350058042087073364202951461102664515660077264483779146
hires,8,-1/8,normalized,u,-7.874943140769807e-05,0.0006481065955507423,0.001860108408127763,0.0019388578395354611,0.003798966247663224,0.0008107183833911206,0.020729173747236502,0.9792708262527635,6.492458742392984e-20,1.7090066926460717e-17,2.5415017817000814e-20,3.1348762206049135e-17,-0.0000787494314076982378910877059667255878645445231782567888565190415482256141536238600911292514379684713051574428829700767213,0.000648106595550742449692484191516411309434220212869473580092124158010343749265275359675029021043536682101475730551332257830,0.00379896624766322641462261809503775716542252807834226871497818892646781567676622674219740542043272933446878569985542818178,0.000000000000000000165487436015867956365405603592513717451698315916548225614153623860091129251437968471305157442882970076721300424465090259,-0.000000000000000000191731809527752699731221541780404873970717124158010343749265275359675029021043536682101475730551332257830038632241889573
hires,8,-1/8,normalized,u^2,-4.722540105347412e-05,0.00038839181109274747,0.0012457340675561754,0.0012929594686096496,0.002538693536165825,0.0005163627301768734,0.01860224575385274,0.9813977542461473,3.1656332902384423e-20,1.2469536969080093e-17,1.0463596274803384e-20,2.0264042432379297e-17,-0.0000472254010534742123854041388197196831124179894353364407836820668178860881428962951733421376848451498750159658050643379922,0.000388391811092747571156558213661762313711249882441776013875881364226126185758993570393710399926118380194486160450071751547,0.00253869353616582695094159799783047224019117361114098178115059102338703289880762760890151029874140208733930590450772161095,0.0000000000000000000944888990032365790831927020931865189969360258168178860881428962951733421376848451498750159658050643379922021916523981664,-0.000000000000000000105640290989089473517230970466595905042196193864226126185758993570393710399926118380194486160450071751546989570030966677
hires,8,-1/8,normalized,window,-9.67702485669959e-06,7.954336699953446e-05,0.00020214992615567707,0.00021182695101237665,0.0004139768771680537,9.2039390590872e-05,0.023375761764518086,0.976624238235482,4.286886096598225e-21,1.035537570582225e-17,1.9694457393974235e-21,2.1397857229975437e-17,-0.00000967702485669961294985268768425342648195599895546299858739185710769034085578356737325671982278865317317278481253835750145,0.0000795433669995344583752067133182312063767427116679902731829596803340458239596474871392499868250368335757777233352444128358,0.000413976877168053682503253943633136183775524700699695856818951304772233016078115264709470580236499407025862384798043189397,0.0000000000000000000228034405860853483731029709683788762752597551383576903408557835673732567198227886531731727848125383575014501978823144281,0.00000000000000000000333995470195568020970275704711201232081118094466595417604035251286075001317496316642422227666475558716419694378107178468
hires,8,0,normalized,S,4.939260873676639e-20,0.0006122424157055738,0.0018500995070799065,0.0018500995070799065,0.003700199014159813,0.0007699495539219372,1.33486357214172e-17,1.0,8.020204438324747e-21,2.1675062361870978e-18,5.102632374557229e-20,6.627229470509661e-17,0.0,0.000612242415705574035404974752205613353026679988696366466454212813824498441015041057759174085583334044952279776239689983646,0.00370019901415981501051493536284956254326696119245311851673182995889115241572095533309467897981591028926607010158207098892,0.0000000000000000000493926087367663885219215558208816219121217727661132812500000000000000000000000000000000000000000000000000000000000000000,-0.000000000000000000192235390149741784793178200062110215343407337813824498441015041057759174085583334044952279776239689983646006580506586393
hires,8,0,normalized,1,9.878521747353278e-20,0.0012244848314111477,0.003700199014159813,0.003700199014159813,0.007400398028319626,0.0015398991078438744,1.33486357214172e-17,1.0,1.6040408876649493e-20,2.1675062361870978e-18,1.0205264749114459e-19,6.627229470509661e-17,0.0,0.00122448483141114807080994950441122670605335997739273293290842562764899688203008211551834817116666808990455955247937996729,0.00740039802831963002102987072569912508653392238490623703346365991778230483144191066618935795963182057853214020316414197782,0.0000000000000000000987852174735327770438431116417632438242435455322265625000000000000000000000000000000000000000000000000000000000000000000,-0.000000000000000000384470780299483569586356400124220430686814675627648996882030082115518348171166668089904559552479379967289933155590158016
hires,8,0,normalized,u,4.939260873676639e-20,0.0006122424157055738,0.0018500995070799065,0.0018500995070799065,0.003700199014159813,0.0007699495539219372,1.33486357214172e-17,1.0,8.020204438324747e-21,2.1675062361870978e-18,5.102632374557229e-20,6.627229470509661e-17,0.0,0.000612242415705574035404974752205613353026679988696366466454212813824498441015041057759174085583334044952279776239689983646,0.00370019901415981501051493536284956254326696119245311851673182995889115241572095533309467897981591028926607010158207098892,0.0000000000000000000493926087367663885219215558208816219121217727661132812500000000000000000000000000000000000000000000000000000000000000000,-0.000000000000000000192235390149741784793178200062110215343407337813824498441015041057759174085583334044952279776239689983646006580506586393
hires,8,0,normalized,u^2,3.476930255782095e-20,0.00036742088468201805,0.0012378570913743326,0.0012378570913743326,0.002475714182748665,0.0004915404395159456,1.404415049204843e-17,1.0,5.112596668885951e-21,2.0650997213295776e-18,1.979718262473232e-20,4.0275796319480844e-17,0.0,0.000367420884682018169899569761116874671219090582531829264015601382260252778675025067191011590889375277571739900790097842772,0.00247571418274866693970498585843833583721360121506038558382340433124215553369087321757633080864924219936151054910269102162,0.0000000000000000000347693025578209481907363822097497379760190797593766423101771523285208331799367442727088928222656250000000000000000000000,-0.000000000000000000121850851410587945194069004269045730020851538882260252778675025067191011590889375277571739900790097842772022778540227278
hires,8,0,normalized,window,-3.101384347895073e-21,7.532881465389444e-05,0.00020138085893982175,0.00020138085893982175,0.0004027617178796435,8.744531522533592e-05,7.700295758550353e-18,1.0,2.069752807486729e-21,5.138901528136865e-18,2.460344275593317e-22,2.8135804293841355e-18,0.0,0.0000753288146538944295846266779934883887557379058378646211430526727257124394362004265007126947216795374268894334009832841546,0.000402761717879643433746311628128042108509024359289089511953946286015912683186256399932762040866006728114657647938204149208,-0.00000000000000000000310138434789507288203159942777619178384364527292911902943070567850725183234317228198051452636718750000000000000000000000,0.0000000000000000000109787958185660651762651679017764618559077285772742875605637995734992873052783204625731105665990167158453943328998138512
hires,8,1/8,normalized,S,7.439791587862107e-05,0.0005784603736035455,0.0018403908687498062,0.0017659929528711853,0.003606383821620991,0.0007314619479393765,0.020629505776004958,0.979370494223995,1.898389277298875e-20,5.263969037121485e-18,3.7308831156730516e-20,5.1005840101230624e-17,0.0000743979158786210625859388991578233712748219133852468820821121265238468833387885261897887265130128178429002890399509900645,0.000578460373603545654419618559222543476034437570994778571695824974118749898321172975352389317715527268479882251141724173480,0.00360638382162099343138650655812057562967652321886173203270076503650865018003254075331103192920907971798919335644566054578,0.00000000000000000000893876779908357922024563282117858063256632537347615311666121147381021127348698718215709971096004900993550236559702423828,-0.000000000000000000159666787412765914845631008301204129157633324974118749898321172975352389317715527268479882251141724173480040666254579881
hires,8,1/8,normalized,1,0.00014879583175724214,0.001156920747207091,0.0036807817374996123,0.0035319859057423705,0.007212767643241982,0.001462923895878753,0.020629505776004958,0.979370494223995,3.79677855459775e-20,5.263969037121485e-18,7.461766231346103e-20,5.1005840101230624e-17,0.000148795831757242125171877798315646742549643826770493764164224253047693766677577052379577453026025635685800578079901980129,0.00115692074720709130883923711844508695206887514198955714339164994823749979664234595070477863543105453695976450228344834696,0.00721276764324198686277301311624115125935304643772346406540153007301730036006508150662206385841815943597838671289132109156,0.0000000000000000000178775355981671584404912656423571612651326507469523062333224229476204225469739743643141994219200980198710047311940484766,-0.000000000000000000319333574825531829691262016602408258315266649948237499796642345950704778635431054536959764502283448346960081332509159762
hires,8,1/8,normalized,u,7.439791587862107e-05,0.0005784603736035455,0.0018403908687498062,0.0017659929528711853,0.003606383821620991,0.0007314619479393765,0.020629505776004958,0.979370494223995,1.898389277298875e-20,5.263969037121485e-18,3.7308831156730516e-20,5.1005840101230624e-17,0.0000743979158786210625859388991578233712748219133852468820821121265238468833387885261897887265130128178429002890399509900645,0.000578460373603545654419618559222543476034437570994778571695824974118749898321172975352389317715527268479882251141724173480,0.00360638382162099343138650655812057562967652321886173203270076503650865018003254075331103192920907971798919335644566054578,0.00000000000000000000893876779908357922024563282117858063256632537347615311666121147381021127348698718215709971096004900993550236559702423828,-0.000000000000000000159666787412765914845631008301204129157633324974118749898321172975352389317715527268479882251141724173480040666254579881
hires,8,1/8,normalized,u^2,4.4679796418670674e-05,0.0003476495597347186,0.0012302158121811533,0.0011855360157624827,0.0024157518279436362,0.000468076700068596,0.018495193049984576,0.9815048069500154,8.507342854464537e-21,3.521612922344865e-18,2.237901933917956e-20,4.78105817612796e-17,0.0000446797964186706630749933595739033750628470825367255312128275215447337698183676124577174766628740741124559684188247150167,0.000347649559734718665336375511712993653030464437402182306356305494528147794238965089777476932199224443621658510284042976181,0.00241575182794363791572338727566138610501541512235319224823989275531315166313952377344959776821467797847000117833283879244,0.0000000000000000000107135962161406215512347523672170357602910787284552662301816323875422825233371259258875440315811752849832993704695668358,-0.0000000000000000000704204334646607672817240040866503054753016179945281477942389650897774769321992244436216585102840429761809842584490393989
hires,8,1/8,normalized,window,9.164829003007145e-06,7.134589800475221e-05,0.0002006350738188168,0.00019147024481580964,0.0003921053186346264,8.309678557455012e-05,0.023373386096675632,0.9766266139033244,5.096534210943828e-21,1.2997870645291875e-17,2.5384573461967494e-21,3.054820145743637e-17,0.00000916482900300714574338130090480470077033094952135879948046172659126104504096494133306880133554793877144296505115100158421,0.0000713458980047522037128173596673815222775369690703428003135107725978134310854758241772553457126031949024225964512358579581,0.000392105318634626387202447599200625318335692653995802374246917229332884702220754308939717503604633237463142575653968412046,-0.000000000000000000000834717146778850118983758132739659142040276179716261045040964941333068801335547938771442965051151001584210539547299826505,0.00000000000000000000884181262681772922633990721833238241941305172740218656891452417582274465428739680509757740354876414204190503304998695515
hires,32,-1/8,normalized,S,-2.562684249479559e-15,2.1041650157953487e-14,5.3675167423730486e-14,5.6237851673210044e-14,1.0991301909694053e-13,2.1216731697825914e-14,0.023315565986039705,0.9766844340139603,1.7409121058265333e-30,1.5838998147172104e-17,8.235701740719193e-31,3.8817014128349976e-17,-0.00000000000000256268424947955114705977749668692872278875712242431897333497227826575810830180661756822048362565209526203106223251239884,0.0000000000000210416501579534884713565945968192361900978317950869663428250753785252301401620842645382624512975272046533854573880126278,0.000000000000109913019096940566829571320484139704541842884804956788661143467344065581470475259685747144120458372116450154127728630642,-0.00000000000000000000000000000781620364241964263627756773003538501862255791228655305628855640871446302951637434790473796893776748760115998797936805537,-0.00000000000000000000000000000130545515049352357095580557253763329413739604596036967918343601004578826245129752720465338545738801262780027014157487399
hires,32,-1/8,normalized,1,-5.125368498959118e-15,4.2083300315906974e-14,1.0735033484746097e-13,1.1247570334642009e-13,2.1982603819388106e-13,4.243346339565183e-14,0.023315565986039705,0.9766844340139603,3.4818242116530666e-30,1.5838998147172104e-17,1.6471403481438385e-30,3.8817014128349976e-17,-0.00000000000000512536849895910229411955499337385744557751424484863794666994455653151621660361323513644096725130419052406212446502479767,0.0000000000000420833003159069769427131891936384723801956635901739326856501507570504602803241685290765249025950544093067709147760252556,0.000000000000219826038193881133659142640968279409083685769609913577322286934688131162940950519371494288240916744232900308255457261285,-0.0000000000000000000000000000156324072848392852725551354600707700372451158245731061125771128174289260590327486958094759378755349752023302946164373338,-0.00000000000000000000000000000261091030098704714191161114507526658827479209192073935836687202009157652490259505440930677091477602525560054028314974797
hires,32,-1/8,normalized,u,-2.562684249479559e-15,2.1041650157953487e-14,5.3675167423730486e-14,5.6237851673210044e-14,1.0991301909694053e-13,2.1216731697825914e-14,0.023315565986039705,0.9766844340139603,1.7409121058265333e-30,1.5838998147172104e-17,8.235701740719193e-31,3.8817014128349976e-17,-0.00000000000000256268424947955114705977749668692872278875712242431897333497227826575810830180661756822048362565209526203106223251239884,0.0000000000000210416501579534884713565945968192361900978317950869663428250753785252301401620842645382624512975272046533854573880126278,0.000000000000109913019096940566829571320484139704541842884804956788661143467344065581470475259685747144120458372116450154127728630642,-0.00000000000000000000000000000781620364241964263627756773003538501862255791228655305628855640871446302951637434790473796893776748760115998797936805537,-0.00000000000000000000000000000130545515049352357095580557253763329413739604596036967918343601004578826245129752720465338545738801262780027014157487399
hires,32,-1/8,normalized,u^2,-1.4942765064657453e-15,1.2258231286907895e-14,3.3703026967258627e-14,3.519730347372437e-14,6.8900330440983e-14,1.2415857417206921e-14,0.021687508563484715,0.9783124914365153,8.726663320480581e-31,1.2665633480459806e-17,3.008497787708714e-31,2.423109163237723e-17,-0.00000000000000149427650646574076578073561898890122038361930827317618952391944245926180499676297149298284156406606693030739940654236944,0.0000000000000122582312869078961286212014589414192478882210605897183716796941783673169286786688009203081998262698925665875255854624506,0.0000000000000689003304409830200187410788095126769687043347964550532458271791464914629714667929269308778610231394090703007068433153012,-0.00000000000000000000000000000454074042911772524248405948048105061382695808811634753754717227389374139215843593393306969260059345763056003750383406103,-0.00000000000000000000000000000115347517209154003049603989986062324444500059391916012784557930356654530819982626989256658752558546245059997537196141062
hires,32,-1/8,normalized,window,-3.1379142027900315e-16,2.5698106347784884e-15,6.543859606373038e-15,6.8576510266520415e-15,1.3401510633025079e-14,2.570822914273158e-15,0.023414630549613798,0.9765853694503862,1.0178813613046414e-31,7.595273317892212e-18,2.368033043986502e-31,9.21118693488855e-17,-0.000000000000000313791420278999369724743883169102359593677586233616813176006151432647772605034698536217843381813534059865136766011580704,0.00000000000000256981063477848668606214110848172816670537463366661684539940272620333743608412675034113522920566872056360808319788214246,0.0000000000000134015106330250749036212256264551113080643031485688115317754682704079037194047335018267448794134093763692366381061481367,-0.00000000000000000000000000000377945131666073342537643993003947849669595502318047847465378561318964737590661818646594013486323398841929599766735001426,0.00000000000000000000000000000168988675415553495938680184709009204097106157912244634317838730879653386477079433127943639191680211785754005459849243773
hires,32,0,normalized,S,-5.4141742596613974e-30,1.9971055991710733e-14,5.36642785318559e-14,5.3664278531855906e-14,1.073285570637118e-13,2.014442266135054e-14,5.04448620924575e-17,1.0,4.5511867984198517e-32,4.240424843984626e-19,1.0502985467303796e-30,5.2138428804192113e-17,0.0,0.0000000000000199710559917107347315339288191804881461815316921754518497283887744042435096838632003674772245734917257137514347054446731,0.000000000000107328557063711842864382173310743436193376382690072255396147539682692841290153827689251733068437665255594567002451988307,-0.00000000000000000000000000000541417425966139743011096519219474767787431135346309929445851594209671020507812500000000000000000000000000000000000000000,-0.00000000000000000000000000000162908857763729193443370311025528212412690042664037080196610476163786747722457349172571375143470544467309899769325488846
hires,32,0,normalized,1,-1.0828348519322795e-29,3.9942111983421466e-14,1.073285570637118e-13,1.0732855706371181e-13,2.146571141274236e-13,4.028884532270108e-14,5.04448620924575e-17,1.0,9.102373596839703e-32,4.240424843984626e-19,2.100597093460759e-30,5.2138428804192113e-17,0.0,0.0000000000000399421119834214694630678576383609762923630633843509036994567775488084870193677264007349544491469834514275028694108893463,0.000000000000214657114127423685728764346621486872386752765380144510792295079365385682580307655378503466136875330511189134004903976614,-0.0000000000000000000000000000108283485193227948602219303843894953557486227069261985889170318841934204101562500000000000000000000000000000000000000000,-0.00000000000000000000000000000325817715527458386886740622051056424825380085328074160393220952327573495444914698345142750286941088934630255778454883714
hires,32,0,normalized,u,-5.4141742596613974e-30,1.9971055991710733e-14,5.36642785318559e-14,5.3664278531855906e-14,1.073285570637118e-13,2.014442266135054e-14,5.04448620924575e-17,1.0,4.5511867984198517e-32,4.240424843984626e-19,1.0502985467303796e-30,5.2138428804192113e-17,0.0,0.0000000000000199710559917107347315339288191804881461815316921754518497283887744042435096838632003674772245734917257137514347054446731,0.000000000000107328557063711842864382173310743436193376382690072255396147539682692841290153827689251733068437665255594567002451988307,-0.00000000000000000000000000000541417425966139743011096519219474767787431135346309929445851594209671020507812500000000000000000000000000000000000000000,-0.00000000000000000000000000000162908857763729193443370311025528212412690042664037080196610476163786747722457349172571375143470544467309899769325488846
hires,32,0,normalized,u^2,-3.230080724702697e-30,1.1655564018453728e-14,3.369322254014517e-14,3.369322254014517e-14,6.738644508029034e-14,1.1811682726804028e-14,4.793368637942074e-17,1.0,5.798598703310523e-32,8.604992734668737e-19,7.396589503831876e-32,6.2620963286178816e-18,0.0,0.0000000000000116555640184537302857005760746431002416667396955468788567794038279517380378774568726208550867204782982347422397368102795,0.0000000000000673864450802903734013143156723824599010133193057213516966907621338843542707861012885167786192906818041670641330410989612,-0.00000000000000000000000000000323008072470269694139412342481820327854908610933271944938225854766718745106552409390721081194897124078124761581420898438,-0.00000000000000000000000000000210542614030916639277404707955011655186497937418227780739288844320074585508672047829823474223973681027950030032165036923
hires,32,0,normalized,window,-1.332683509966036e-30,2.4517801499434585e-15,6.5437970466938304e-15,6.543797046693832e-15,1.3087594093387662e-14,2.4527698654013403e-15,1.0182799836674009e-16,0.9999999999999999,6.901328003145006e-32,5.273183102944652e-18,8.696668817440461e-32,3.545652178834743e-17,0.0,0.00000000000000245178014994345788032396499336586843626997972052868446938434667321644150521191835348513935516245045823949442704394169283,0.0000000000000130875940933876600500986169046475701238003381932629088783409881939783134544613254902672229056043411235227626539390663090,-0.00000000000000000000000000000133268350996603601991744411732398947787739283933428445951530284056026543698452672265242213711644581053406000137329101563,0.000000000000000000000000000000659258556573924503651159899577505789641649995385484999186736018658233610644837549541760505572956058307169844532992938143
hires,32,1/8,normalized,S,2.4324518587573196e-15,1.8957398579446475e-14,5.365349613493818e-14,5.122104427618086e-14,1.0487454041111904e-13,1.9129072223261267e-14,0.023193921510615036,0.9768060784893849,2.707341757315063e-31,2.5815052411214424e-18,5.493512771575725e-31,2.871813492813061e-17,0.00000000000000243245185875732324825927959172065649669552457156925289034277431053468672330674973680835086166431108089567886563798103867,0.0000000000000189573985794464785015994080230130551448301775755972095910240890184100831812543508438956262324464789394169148235349695660,0.000000000000104874540411119080054913257886367171514056509566044483036631244408864271323388549384717458849579227697773752230357971486,-0.00000000000000000000000000000363029335609193410760784074837396758255032225553147853998239335862352710086166431108089567886563798103867009637290299712,-0.00000000000000000000000000000305459651987925496419506210105648643857443888496660256040751167506264562623244647893941691482353496956599965060431971260
hires,32,1/8,normalized,1,4.864903717514639e-15,3.791479715889295e-14,1.0730699226987636e-13,1.0244208855236172e-13,2.0974908082223808e-13,3.8258144446522534e-14,0.023193921510615036,0.9768060784893849,5.414683514630126e-31,2.5815052411214424e-18,1.098702554315145e-30,2.871813492813061e-17,0.00000000000000486490371751464649651855918344131299339104914313850578068554862106937344661349947361670172332862216179135773127596207734,0.0000000000000379147971588929570031988160460261102896603551511944191820481780368201663625087016877912524648929578788338296470699391319,0.000000000000209749080822238160109826515772734343028113019132088966073262488817728542646777098769434917699158455395547504460715942971,-0.00000000000000000000000000000726058671218386821521568149674793516510064451106295707996478671724705420172332862216179135773127596207734019274580599424,-0.00000000000000000000000000000610919303975850992839012420211297287714887776993320512081502335012529125246489295787883382964706993913190024209470768394
hires,32,1/8,normalized,u,2.4324518587573196e-15,1.8957398579446475e-14,5.365349613493818e-14,5.122104427618086e-14,1.0487454041111904e-13,1.9129072223261267e-14,0.023193921510615036,0.9768060784893849,2.707341757315063e-31,2.5815052411214424e-18,5.493512771575725e-31,2.871813492813061e-17,0.00000000000000243245185875732324825927959172065649669552457156925289034277431053468672330674973680835086166431108089567886563798103867,0.0000000000000189573985794464785015994080230130551448301775755972095910240890184100831812543508438956262324464789394169148235349695660,0.000000000000104874540411119080054913257886367171514056509566044483036631244408864271323388549384717458849579227697773752230357971486,-0.00000000000000000000000000000363029335609193410760784074837396758255032225553147853998239335862352710086166431108089567886563798103867009637290299712,-0.00000000000000000000000000000305459651987925496419506210105648643857443888496660256040751167506264562623244647893941691482353496956599965060431971260
hires,32,1/8,normalized,u^2,1.4209207424288884e-15,1.1084249886883877e-14,3.3683511735420956e-14,3.226259099299206e-14,6.594610272841303e-14,1.1238880051575848e-14,0.021546697737100415,0.9784533022628996,1.033444938090454e-31,1.5671054017346684e-18,3.0746670765898186e-31,2.7357415173753963e-17,0.00000000000000142092074242889099374195735914365567686398753082802761330548484236605879268255564481955908799659672167298924724759696890,0.0000000000000110842498868838787791921621885755397869912947201252750400274174599543106639085172845251177050377571364459453974800990927,0.0000000000000659461027284130500124150846221981499434200785068102015061902640059448345775136153895814330001014960773310224361597196977,-0.00000000000000000000000000000257655412687643831969241781145033152313420509009572815563878622385771018408799659672167298924724759696889996920187937009,-0.00000000000000000000000000000219500043566501438715809575737391554301862038239693342567321637861265011770503775713644594539748009909270030051287540925
hires,32,1/8,normalized,window,2.993802178423395e-16,2.339188487960524e-15,6.543735881409164e-15,6.244355663566825e-15,1.2788091544975989e-14,2.340156144909116e-15,0.023410859766636243,0.9765891402333637,9.883435379446488e-32,7.72862420063716e-18,9.536200344590954e-32,4.0750273717146806e-17,0.000000000000000299380217842339338928878844321950456813060419321988689442528472957946675222414403548468085607883040966549622101867497428,0.00000000000000233918848796052385750718325336832863018854281399749568341171529361057328202359110534941977147665979722322725068913575816,0.0000000000000127880915449759877400425930213351945166846877691490286062692285993621338730157339199541849559457403862893014723219582654,0.000000000000000000000000000000168552039184621150961946653167358027072755553101794048828680020899185906914392116959033450377898132502571982157060977691,0.0000000000000000000000000000000529495242150158278611840175133184146944649468026309157707489308673068302285233402027767727493108642418400613834366652166
