physics_orbit_id,frequency_i,frequency_j,x_i,x_j,mu,q_dimensionless,delta_dimensionless,log_S_MJ_over_S_MB,S_MJ_over_S_MB,delta_even_residual,full_mean_amp2,amplitude_quad_change
0,0,0,-4.0,-4.0,-1.0,2.1725740100960016e-08,0.0,-5.163336425084708e-10,0.9999999994836664,0.0,4916235.237362107,4.925392250553718e-15
1,0,0,-4.0,-4.0,-0.816496580927726,2.07050781678279e-08,0.0,-5.163336425084708e-10,0.9999999994836664,0.0,4959032.882027599,5.0706881992556165e-15
2,0,0,-4.0,-4.0,-0.7071067811865475,2.0071966607936654e-08,0.0,-5.163336425084708e-10,0.9999999994836664,0.0,4985152.036337355,5.044120887653558e-15
3,0,0,-4.0,-4.0,-0.5773502691896258,1.9294061307449918e-08,0.0,-5.163336425084708e-10,0.9999999994836664,0.0,5016751.144304142,5.012349385352221e-15
4,0,0,-4.0,-4.0,-0.5,1.8815042843449667e-08,0.0,-5.163336425084708e-10,0.9999999994836664,0.0,5035918.735288154,4.993271503452704e-15
5,0,0,-4.0,-4.0,-0.3333333333333333,1.7738992510558243e-08,0.0,-5.163336425084708e-10,0.9999999994836664,0.0,5078098.657057363,5.135196035034187e-15
6,0,0,-4.0,-4.0,0.0,1.5362418151685336e-08,0.0,-5.163336425084708e-10,0.9999999994836664,0.0,5166347.628982175,5.4080134061688705e-15
7,0,0,-4.0,-4.0,0.3333333333333333,1.2543361895633113e-08,0.0,-5.163336425084708e-10,0.9999999994836664,0.0,5260444.69284176,5.134234126746159e-15
8,0,0,-4.0,-4.0,0.5,1.0862870050480008e-08,0.0,-5.163336425084708e-10,0.9999999994836664,0.0,5310080.07708406,5.086242443010399e-15
9,0,0,-4.0,-4.0,0.5773502691896258,9.987341047487364e-09,0.0,-5.16330089794792e-10,0.9999999994836699,0.0,5333878.501101108,5.063548908786235e-15
10,0,0,-4.0,-4.0,0.7071067811865475,8.314080792507254e-09,0.0,-5.163336425084708e-10,0.9999999994836664,0.0,5375441.77715217,5.0243972092945815e-15
11,0,0,-4.0,-4.0,0.816496580927726,6.580845006425754e-09,0.0,-5.163336425084708e-10,0.9999999994836664,0.0,5413177.976191413,4.989371268160544e-15
12,0,1,-4.0,-3.5,-1.0,2.172586757883066e-08,1.2747787064597572e-13,-5.179465745186462e-10,0.9999999994820534,0.0,5593605.839879848,4.994931362390115e-15
13,0,1,-4.0,-3.5,-0.816496580927726,2.0705199656902442e-08,1.2747787064597572e-13,-5.182911877454899e-10,0.9999999994817088,0.0,5649131.930988661,4.945835498229301e-15
14,0,1,-4.0,-3.5,-0.7071067811865475,2.007208438219148e-08,1.2747787064597572e-13,-5.185469831303635e-10,0.999999999481453,0.0,5683132.630460689,4.916245855096205e-15
15,0,1,-4.0,-3.5,-0.5773502691896258,1.929417451730025e-08,1.2747787064597572e-13,-5.189271234939952e-10,0.9999999994810729,3.552713678800501e-15,5724386.150426597,5.043510178104998e-15
16,0,1,-4.0,-3.5,-0.5,1.881515324263203e-08,1.2747787064597572e-13,-5.192006824472628e-10,0.9999999994807993,3.552713678800501e-15,5749475.535675209,5.183485381018388e-15
17,0,1,-4.0,-3.5,-0.3333333333333333,1.7739096595956452e-08,1.2747787064597572e-13,-5.199645158882049e-10,0.9999999994800355,0.0,5804867.9928022,5.1340224144027015e-15
18,0,1,-4.0,-3.5,0.0,1.5362508292416574e-08,1.2747787064597572e-13,-5.227924759765301e-10,0.9999999994772075,0.0,5921623.084540741,5.190071121302105e-15
19,0,1,-4.0,-3.5,0.3333333333333333,1.2543435495447896e-08,1.2747787064597572e-13,-5.30860688741086e-10,0.9999999994691393,0.0,6047694.667976314,5.081877748400766e-15
20,0,1,-4.0,-3.5,0.5,1.086293378997632e-08,1.2747787064597572e-13,-5.421583182396716e-10,0.9999999994578417,3.552713678800501e-15,6115916.083755138,5.025190754978525e-15
21,0,1,-4.0,-3.5,0.5773502691896258,9.98739964981364e-09,1.2747787064597572e-13,-5.524718460492295e-10,0.9999999994475282,0.0,6150002.565382397,4.8459040579021705e-15
22,0,1,-4.0,-3.5,0.7071067811865475,8.314129577010511e-09,1.2747787064597572e-13,-5.915943290801806e-10,0.9999999994084057,0.0,6214513.862778836,4.945462451437539e-15
23,0,1,-4.0,-3.5,0.816496580927726,6.580883621288483e-09,1.2747787064597572e-13,-7.08070047039655e-10,0.99999999929193,0.0,6282825.013890721,4.4469927423877664e-15
25,0,2,-4.0,-3.0,-1.0,2.1725995056701312e-08,2.5495574129415405e-13,-5.421583182396716e-10,0.9999999994578417,0.0,6421259.833628722,5.07630760257232e-15
26,0,2,-4.0,-3.0,-0.816496580927726,2.0705321146048996e-08,2.5495574129415405e-13,-5.476401554460608e-10,0.9999999994523598,0.0,6494627.864695798,5.018961946801016e-15
27,0,2,-4.0,-3.0,-0.7071067811865475,2.0072202156564863e-08,2.5495574129415405e-13,-5.517826195955422e-10,0.9999999994482174,-3.552713678800501e-15,6539739.241089226,4.984340951507522e-15
28,0,2,-4.0,-3.0,-0.5773502691896258,1.9294287727328566e-08,2.5495574129415405e-13,-5.578542072726123e-10,0.9999999994421458,-3.552713678800501e-15,6594670.953239972,5.0840463343641214e-15
29,0,2,-4.0,-3.0,-0.5,1.881526364203032e-08,2.5495574129415405e-13,-5.622453613796097e-10,0.9999999994377546,0.0,6628188.762109977,5.0583370343671756e-15
30,0,2,-4.0,-3.0,-0.3333333333333333,1.773920068166002e-08,2.5495574129415405e-13,-5.74438274725253e-10,0.9999999994255617,0.0,6702497.146042844,5.280160075306052e-15
31,0,2,-4.0,-3.0,0.0,1.536259843367671e-08,2.5495574129415405e-13,-6.19635898146953e-10,0.9999999993803641,0.0,6860638.585059178,5.1584495228271695e-15
32,0,2,-4.0,-3.0,0.3333333333333333,1.2543509096126367e-08,2.5495574129415405e-13,-7.487592768029572e-10,0.9999999992512407,0.0,7035984.15449307,5.029894476494594e-15
33,0,2,-4.0,-3.0,0.5,1.0862997530594597e-08,2.5495574129415405e-13,-9.295391123487207e-10,0.9999999990704609,-3.552713678800501e-15,7142595.462072737,4.694037743589041e-15
34,0,2,-4.0,-3.0,0.5773502691896258,9.987458253423171e-09,2.5495574129415405e-13,-1.0946195061478647e-09,0.9999999989053805,0.0,7205561.956929329,4.653018444163808e-15
35,0,2,-4.0,-3.0,0.7071067811865475,8.314178363182085e-09,2.5495574129415405e-13,-1.7204904168011126e-09,0.9999999982795096,3.552713678800501e-15,7354184.474610896,4.305707539190012e-15
36,0,2,-4.0,-3.0,0.816496580927726,6.580922238393982e-09,2.5495574129415405e-13,-3.5840450607338425e-09,0.9999999964159549,0.0,7556926.808950296,3.697227450366871e-15
38,0,3,-4.0,-2.5,-1.0,2.1726122534571954e-08,3.8243361194012977e-13,-6.470699531746504e-10,0.99999999935293,0.0,7447178.588150847,5.002284092379895e-15
39,0,3,-4.0,-2.5,-0.816496580927726,2.0705442635267565e-08,3.8243361194012977e-13,-6.748201997197611e-10,0.9999999993251798,0.0,7546185.277294734,4.936653635673004e-15
40,0,3,-4.0,-2.5,-0.7071067811865475,2.0072319931056808e-08,3.8243361194012977e-13,-6.957812104246841e-10,0.9999999993042188,0.0,7607375.921433741,5.0193688275152494e-15
41,0,3,-4.0,-2.5,-0.5773502691896258,1.9294400937534863e-08,3.8243361194012977e-13,-7.265157364599872e-10,0.9999999992734843,3.552713678800501e-15,7682228.29298839,5.21292380037919e-15
42,0,3,-4.0,-2.5,-0.5,1.881537404164452e-08,3.8243361194012977e-13,-7.487557240892784e-10,0.9999999992512443,-3.552713678800501e-15,7728093.221768708,5.181985977557884e-15
43,0,3,-4.0,-2.5,-0.3333333333333333,1.773930476766894e-08,3.8243361194012977e-13,-8.104947823994735e-10,0.9999999991895052,-3.552713678800501e-15,7830324.669011086,5.233268736002016e-15
44,0,3,-4.0,-2.5,0.0,1.5362688575465737e-08,3.8243361194012977e-13,-1.0392824378868681e-09,0.9999999989607176,0.0,8050859.561799386,5.089915302649041e-15
45,0,3,-4.0,-2.5,0.3333333333333333,1.254358269766851e-08,3.8243361194012977e-13,-1.6929639912177663e-09,0.999999998307036,0.0,8323818.7504262095,4.6992311229563046e-15
46,0,3,-4.0,-2.5,0.5,1.0863061272334814e-08,3.8243361194012977e-13,-2.6081217185947025e-09,0.9999999973918783,0.0,8577215.710887678,4.560401586286085e-15
47,0,3,-4.0,-2.5,0.5773502691896258,9.987516858315922e-09,3.8243361194012977e-13,-3.443830109972623e-09,0.9999999965561699,3.552713678800501e-15,8779204.60986387,4.45547744608912e-15
48,0,3,-4.0,-2.5,0.7071067811865475,8.314227151021943e-09,3.8243361194012977e-13,-6.6122538555646315e-09,0.9999999933877461,0.0,9358261.451086156,2.388450238070369e-15
49,0,3,-4.0,-2.5,0.816496580927726,6.580960857742213e-09,3.8243361194012977e-13,-1.604625765594392e-08,0.9999999839537425,0.0,10233007.484557914,2.002255609844861e-15
51,0,4,-4.0,-2.0,-1.0,2.1726250012442602e-08,5.099114825883081e-13,-9.295142433529691e-10,0.9999999990704858,0.0,8740140.530937478,5.114732815028092e-15
52,0,4,-4.0,-2.0,-0.816496580927726,2.070556412455814e-08,5.099114825883081e-13,-1.0172129805141594e-09,0.999999998982787,0.0,8877068.281902714,4.82601204269767e-15
53,0,4,-4.0,-2.0,-0.7071067811865475,2.0072437705667317e-08,5.099114825883081e-13,-1.0834604324827524e-09,0.9999999989165396,0.0,8962256.018539881,5.195804341501105e-15
54,0,4,-4.0,-2.0,-0.5773502691896258,1.9294514147919143e-08,5.099114825883081e-13,-1.1806022826021945e-09,0.9999999988193977,0.0,9067083.052853636,5.341163591168733e-15
55,0,4,-4.0,-2.0,-0.5,1.8815484441474636e-08,5.099114825883081e-13,-1.2508785118825472e-09,0.9999999987491215,3.552713678800501e-15,9131670.204606714,5.303386214667904e-15
56,0,4,-4.0,-2.0,-0.3333333333333333,1.773940885398322e-08,5.099114825883081e-13,-1.4459935471222707e-09,0.9999999985540065,3.552713678800501e-15,9276680.13457536,5.220485472976989e-15
57,0,4,-4.0,-2.0,0.0,1.5362778717783643e-08,5.099114825883081e-13,-2.1690667040275002e-09,0.9999999978309333,0.0,9598529.263576644,4.851381649423889e-15
58,0,4,-4.0,-2.0,0.3333333333333333,1.2543656300074308e-08,5.099114825883081e-13,-4.234980366391028e-09,0.9999999957650196,0.0,10236284.486902714,4.367159161973361e-15
59,0,4,-4.0,-2.0,0.5,1.0863125015196955e-08,5.099114825883081e-13,-7.12726233587091e-09,0.9999999928727377,0.0,11322987.52125918,3.2900242020646864e-16
60,0,4,-4.0,-2.0,0.5773502691896258,9.987575464491873e-09,5.099114825883081e-13,-9.768456266101566e-09,0.9999999902315437,0.0,12295319.419969885,1.3634299175547305e-15
61,0,4,-4.0,-2.0,0.7071067811865475,8.314275940530066e-09,5.099114825883081e-13,-1.9781989379907827e-08,0.9999999802180108,-3.552713678800501e-15,15074972.36243476,1.6062641017068888e-15
62,0,4,-4.0,-2.0,0.816496580927726,6.5809994793331366e-09,5.099114825883081e-13,-4.9597417728364235e-08,0.9999999504025835,-3.552713678800501e-15,19056681.692589268,4.88711828029142e-15
64,0,5,-4.0,-1.5,-1.0,2.1726377490313253e-08,6.373893532342839e-13,-1.525055637330297e-09,0.9999999984749444,0.0,10401556.29151836,5.014063541721567e-15
65,0,5,-4.0,-1.5,-0.816496580927726,2.0705685613920718e-08,6.373893532342839e-13,-1.7391563744695304e-09,0.9999999982608436,0.0,10596509.0514146,5.097594789529925e-15
66,0,5,-4.0,-1.5,-0.7071067811865475,2.0072555480396375e-08,6.373893532342839e-13,-1.9008901119832444e-09,0.9999999980991099,3.552713678800501e-15,10718848.368279634,5.213186394379166e-15
67,0,5,-4.0,-1.5,-0.5773502691896258,1.92946273584814e-08,6.373893532342839e-13,-2.1380550663252507e-09,0.9999999978619449,0.0,10870590.657486308,5.311762851303225e-15
68,0,5,-4.0,-1.5,-0.5,1.8815594841520666e-08,6.373893532342839e-13,-2.3096227153018845e-09,0.9999999976903773,-3.552713678800501e-15,10964789.4591705,5.266129353525036e-15
69,0,5,-4.0,-1.5,-0.3333333333333333,1.7739512940602833e-08,6.373893532342839e-13,-2.7859599072144192e-09,0.9999999972140401,3.552713678800501e-15,11178488.629318934,5.165456757250169e-15
70,0,5,-4.0,-1.5,0.0,1.5362868860630418e-08,6.373893532342839e-13,-4.551228727223133e-09,0.9999999954487713,0.0,11722707.033673784,4.607869937594903e-15
71,0,5,-4.0,-1.5,0.3333333333333333,1.2543729903343752e-08,6.373893532342839e-13,-9.594845806759622e-09,0.9999999904051542,3.552713678800501e-15,14597566.158528823,1.275997059374642e-16
72,0,5,-4.0,-1.5,0.5,1.0863188759181001e-08,6.373893532342839e-13,-1.665591398136712e-08,0.9999999833440861,3.552713678800501e-15,20396681.66556337,9.31474091407358e-15
73,0,5,-4.0,-1.5,0.5773502691896258,9.987634071951006e-09,6.373893532342839e-13,-2.3103989832407024e-08,0.9999999768960104,-3.552713678800501e-15,25236651.712709293,1.1661528515301474e-14
74,0,5,-4.0,-1.5,0.7071067811865475,8.31432473170641e-09,6.373893532342839e-13,-4.755051818960965e-08,0.9999999524494829,3.552713678800501e-15,37895787.07792916,1.1599818584438996e-14
75,0,5,-4.0,-1.5,0.816496580927726,6.581038103166712e-09,6.373893532342839e-13,-1.2034038476826936e-07,0.9999998796596224,-7.105427357601002e-15,54326810.32496417,3.77145216495904e-14
77,0,6,-4.0,-1.0,-1.0,2.17265049681839e-08,7.648672238824622e-13,-2.607972504620193e-09,0.9999999973920275,0.0,12585977.119202804,5.031785333315771e-15
78,0,6,-4.0,-1.0,-0.816496580927726,2.070580710335531e-08,7.648672238824622e-13,-3.0519196059231035e-09,0.9999999969480804,0.0,12873395.91593752,4.919442817372595e-15
79,0,6,-4.0,-1.0,-0.7071067811865475,2.0072673255243997e-08,7.648672238824622e-13,-3.3872851190608344e-09,0.9999999966127149,0.0,13055873.503168816,5.278687060258222e-15
80,0,6,-4.0,-1.0,-0.5773502691896258,1.929474056922163e-08,7.648672238824622e-13,-3.8790552991940785e-09,0.9999999961209447,0.0,13284715.400563603,5.187756639379837e-15
81,0,6,-4.0,-1.0,-0.5,1.8815705241782597e-08,7.648672238824622e-13,-4.234806283420767e-09,0.9999999957651937,0.0,13428315.4933902,5.270989924657084e-15
82,0,6,-4.0,-1.0,-0.3333333333333333,1.7739617027527786e-08,7.648672238824622e-13,-5.222528187687203e-09,0.9999999947774718,0.0,13761098.464318072,4.872810520627094e-15
83,0,6,-4.0,-1.0,0.0,1.536295900400606e-08,7.648672238824622e-13,-8.882896196382717e-09,0.9999999911171038,0.0,15394833.9059536,3.992721863718875e-15
84,0,6,-4.0,-1.0,0.3333333333333333,1.2543803507476823e-08,7.648672238824622e-13,-1.9341097612368685e-08,0.9999999806589026,3.552713678800501e-15,32357403.224420182,8.059062066375284e-16
85,0,6,-4.0,-1.0,0.5,1.0863252504286933e-08,7.648672238824622e-13,-3.398259096343281e-08,0.9999999660174096,-7.105427357601002e-15,61012218.4909097,1.8195314584521317e-14
86,0,6,-4.0,-1.0,0.5773502691896258,9.987692680693295e-09,7.648672238824622e-13,-4.73529944144957e-08,0.9999999526470067,-7.105427357601002e-15,82248292.76573738,8.152780211901008e-15
87,0,6,-4.0,-1.0,0.7071067811865475,8.314373524550958e-09,7.648672238824622e-13,-9.804414169423126e-08,0.9999999019558631,0.0,132379933.71974485,4.423749268208514e-14
88,0,6,-4.0,-1.0,0.816496580927726,6.5810767292429e-09,7.648672238824622e-13,-2.489776420588896e-07,0.9999997510223889,0.0,191073612.15382493,2.4175813279616712e-14
90,0,7,-4.0,-0.5,-1.0,2.1726632446054546e-08,8.923450945284379e-13,-4.391260688407783e-09,0.9999999956087393,3.552713678800501e-15,15538381.237300212,4.914826708920307e-15
91,0,7,-4.0,-0.5,-0.816496580927726,2.07059285928619e-08,8.923450945284379e-13,-5.213703246909063e-09,0.9999999947862968,3.552713678800501e-15,15980623.716857968,5.011928372510281e-15
92,0,7,-4.0,-0.5,-0.7071067811865475,2.0072791030210165e-08,8.923450945284379e-13,-5.835001815057694e-09,0.9999999941649982,0.0,16266011.967561563,5.267528207620553e-15
93,0,7,-4.0,-0.5,-0.5773502691896258,1.9294853780139838e-08,8.923450945284379e-13,-6.746041947280901e-09,0.999999993253958,0.0,16629751.098229354,5.1523126448805915e-15
94,0,7,-4.0,-0.5,-0.5,1.881581564226044e-08,8.923450945284379e-13,-7.405102309121503e-09,0.9999999925948977,0.0,16862301.988316674,5.081256220176225e-15
95,0,7,-4.0,-0.5,-0.3333333333333333,1.773972111475807e-08,8.923450945284379e-13,-9.234927489387701e-09,0.9999999907650725,0.0,17481801.522465132,4.688097302834801e-15
96,0,7,-4.0,-0.5,0.0,1.5363049147910547e-08,8.923450945284379e-13,-1.6016063142387793e-08,0.999999983983937,-3.552713678800501e-15,27975979.957466207,1.198442833356742e-15
97,0,7,-4.0,-0.5,0.3333333333333333,1.2543877112473502e-08,8.923450945284379e-13,-3.539071968816643e-08,0.999999964609281,0.0,120344103.21395168,1.7334979541372489e-15
98,0,7,-4.0,-0.5,0.5,1.0863316250514728e-08,8.923450945284379e-13,-6.251524808931208e-08,0.9999999374847539,0.0,240049949.29697943,2.7933863584931074e-14
99,0,7,-4.0,-0.5,0.5773502691896258,9.987751290718718e-09,8.923450945284379e-13,-8.728498457344358e-08,0.9999999127150192,3.552713678800501e-15,318545307.509266,5.1643774277005424e-14
100,0,7,-4.0,-0.5,0.7071067811865475,8.314422319063672e-09,8.923450945284379e-13,-1.8119439459951536e-07,0.9999998188056218,7.105427357601002e-15,486601738.0816932,1.2984113807523417e-14
101,0,7,-4.0,-0.5,0.816496580927726,6.5811153575616615e-09,8.923450945284379e-13,-4.6081078508564133e-07,0.999999539189321,-1.4210854715202004e-14,665062569.8305367,1.6490560642236144e-14
103,0,8,-4.0,0.0,-1.0,2.1726759923925195e-08,1.0198229651766164e-12,-7.1266441636907985e-09,0.9999999928733558,0.0,19665976.226265587,4.9251329629214256e-15
104,0,8,-4.0,0.0,-0.816496580927726,2.0706050082440495e-08,1.0198229651766164e-12,-8.529653428013262e-09,0.9999999914703466,3.552713678800501e-15,20383978.120947435,5.299918299283093e-15
105,0,8,-4.0,0.0,-0.7071067811865475,2.007290880529489e-08,1.0198229651766164e-12,-9.589530947096137e-09,0.999999990410469,-3.552713678800501e-15,20858583.93687129,5.179326601573707e-15
106,0,8,-4.0,0.0,-0.5773502691896258,1.9294966991236013e-08,1.0198229651766164e-12,-1.1143690414883167e-08,0.9999999888563097,3.552713678800501e-15,21481359.90772065,4.8557506975824205e-15
107,0,8,-4.0,0.0,-0.5,1.8815926042954176e-08,1.0198229651766164e-12,-1.226799284381741e-08,0.9999999877320073,0.0,21923455.44789438,4.927755066356179e-15
108,0,8,-4.0,0.0,-0.3333333333333333,1.7739825202293685e-08,1.0198229651766164e-12,-1.538952787427661e-08,0.9999999846104722,3.552713678800501e-15,24624721.651304312,3.933345892455173e-15
109,0,8,-4.0,0.0,0.0,1.536313929234388e-08,1.0198229651766164e-12,-2.6957565069096745e-08,0.9999999730424353,-3.552713678800501e-15,102384419.50160149,2.0084698968467672e-14
110,0,8,-4.0,0.0,0.3333333333333333,1.254395071833378e-08,1.0198229651766164e-12,-6.000909635872631e-08,0.9999999399909054,3.552713678800501e-15,519345463.1290824,7.11566430908767e-15
111,0,8,-4.0,0.0,0.5,1.0863379997864367e-08,1.0198229651766164e-12,-1.0628125579614789e-07,0.9999998937187499,0.0,930425809.4238442,3.3312076007861463e-14
112,0,8,-4.0,0.0,0.5773502691896258,9.98780990202725e-09,1.0198229651766164e-12,-1.4853635832423606e-07,0.9999998514636527,-3.552713678800501e-15,1170627846.2267065,2.016305985470603e-14
113,0,8,-4.0,0.0,0.7071067811865475,8.314471115244527e-09,1.0198229651766164e-12,-3.0873788858798434e-07,0.999999691262159,0.0,1641112839.2516334,5.5060590178977395e-14
114,0,8,-4.0,0.0,0.816496580927726,6.5811539881229576e-09,1.0198229651766164e-12,-7.857398962585194e-07,0.9999992142604124,2.1316282072803006e-14,2097797587.93712,3.4095555329913306e-14
116,0,9,-4.0,0.5,-1.0,2.1726887401795846e-08,1.1473008358247947e-12,-1.1104518193860713e-08,0.9999999888954819,0.0,25686521.35811881,4.930985725230223e-15
117,0,9,-4.0,0.5,-0.816496580927726,2.0706171572091097e-08,1.1473008358247947e-12,-1.3351819205809079e-08,0.9999999866481809,-3.552713678800501e-15,26936461.83456799,5.2553684374346886e-15
118,0,9,-4.0,0.5,-0.7071067811865475,2.0073026580498164e-08,1.1473008358247947e-12,-1.5049501200792292e-08,0.9999999849504989,-7.105427357601002e-15,27795167.11063545,5.0930088233715376e-15
119,0,9,-4.0,0.5,-0.5773502691896258,1.9295080202510153e-08,1.1473008358247947e-12,-1.7538905439096197e-08,0.9999999824610947,3.552713678800501e-15,29151951.74620768,4.600393548678094e-15
120,0,9,-4.0,0.5,-0.5,1.8816036443863806e-08,1.1473008358247947e-12,-1.9339772450166492e-08,0.9999999806602278,7.105427357601002e-15,31345035.85039148,4.278522806122551e-15
121,0,9,-4.0,0.5,-0.3333333333333333,1.7739929290134625e-08,1.1473008358247947e-12,-2.4339755100299953e-08,0.9999999756602452,-3.552713678800501e-15,60663272.23159388,4.053015121898351e-15
122,0,9,-4.0,0.5,0.0,1.5363229437306048e-08,1.1473008358247947e-12,-4.28690789533448e-08,0.9999999571309219,0.0,537575222.5970676,8.64839393084377e-15
123,0,9,-4.0,0.5,0.3333333333333333,1.2544024325057641e-08,1.1473008358247947e-12,-9.581000881553337e-08,0.9999999041899957,1.7763568394002505e-15,2042614825.8006408,6.886612193994276e-15
124,0,9,-4.0,0.5,0.5,1.0863443746335834e-08,1.1473008358247947e-12,-1.6992730778042642e-07,0.9999998300727067,0.0,3183811710.713664,5.841001560281768e-15
125,0,9,-4.0,0.5,0.5773502691896258,9.987868514618873e-09,1.1473008358247947e-12,-2.3761022305279766e-07,0.9999997623898051,3.552713678800501e-15,3783771663.701732,6.175060978466842e-15
126,0,9,-4.0,0.5,0.7071067811865475,8.314519913093494e-09,1.1473008358247947e-12,-4.942160920506922e-07,0.9999995057840301,-7.105427357601002e-15,4868787598.980569,6.072128472966014e-15
127,0,9,-4.0,0.5,0.816496580927726,6.581192620926748e-09,1.1473008358247947e-12,-1.2582631221391694e-06,0.9999987417376694,2.1316282072803006e-14,5839108288.111189,7.349640068443281e-15
129,0,10,-4.0,1.0,-1.0,2.172701487966649e-08,1.2747787064707706e-12,-1.665401683226264e-08,0.9999999833459833,3.552713678800501e-15,34962828.210686915,4.901301253337058e-15
130,0,10,-4.0,1.0,-0.816496580927726,2.0706293061813696e-08,1.2747787064707706e-12,-2.0079180984566847e-08,0.9999999799208192,0.0,37355858.012930855,4.986219694341371e-15
131,0,10,-4.0,1.0,-0.7071067811865475,2.0073144355819983e-08,1.2747787064707706e-12,-2.266665433126036e-08,0.9999999773333459,-3.552713678800501e-15,39207726.04802857,4.750709456981155e-15
132,0,10,-4.0,1.0,-0.5773502691896258,1.9295193413962247e-08,1.2747787064707706e-12,-2.6460813984385823e-08,0.9999999735391863,0.0,50178091.39248328,2.969654839458454e-15
133,0,10,-4.0,1.0,-0.5,1.881614684498933e-08,1.2747787064707706e-12,-2.9205558860212477e-08,0.9999999707944416,0.0,83787107.55169141,3.0233737349045938e-15
134,0,10,-4.0,1.0,-0.3333333333333333,1.7740033378280874e-08,1.2747787064707706e-12,-3.682613680666691e-08,0.9999999631738639,-7.105427357601002e-15,377028754.4282026,2.165839140468935e-14
135,0,10,-4.0,1.0,0.0,1.536331958279703e-08,1.2747787064707706e-12,-6.506708771780723e-08,0.9999999349329144,-1.7763568394002505e-15,2596415597.0367336,2.056903439484092e-14
136,0,10,-4.0,1.0,0.3333333333333333,1.2544097932645065e-08,1.2747787064707706e-12,-1.457555320882875e-07,0.9999998542444786,3.552713678800501e-15,6826630402.168383,8.801045082872762e-15
137,0,10,-4.0,1.0,0.5,1.0863507495929104e-08,1.2747787064707706e-12,-2.587193499437035e-07,0.9999997412806835,-3.552713678800501e-15,9336209014.497637,1.0214791838157724e-14
138,0,10,-4.0,1.0,0.5773502691896258,9.987927128493561e-09,1.2747787064707706e-12,-3.618763706469963e-07,0.9999996381236949,0.0,10535066127.1164,2.3717238020491527e-14
139,0,10,-4.0,1.0,0.7071067811865475,8.314568712610542e-09,1.2747787064707706e-12,-7.529750369883459e-07,0.9999992470252465,1.4210854715202004e-14,12553703628.658888,1.2002875521786132e-14
140,0,10,-4.0,1.0,0.816496580927726,6.581231255972991e-09,1.2747787064707706e-12,-1.9174760694795623e-06,0.9999980825257688,-2.842170943040401e-14,14228042735.58163,8.177390858589256e-15
142,0,11,-4.0,1.5,-1.0,2.172714235753714e-08,1.4022565771189487e-12,-2.4142963184203836e-08,0.9999999758570371,3.552713678800501e-15,50347695.88429648,5.0314068170579575e-15
143,0,11,-4.0,1.5,-0.816496580927726,2.0706414551608296e-08,1.4022565771189487e-12,-2.915763275268546e-08,0.9999999708423677,0.0,55640774.73097043,4.820581718822875e-15
144,0,11,-4.0,1.5,-0.7071067811865475,2.007326213126035e-08,1.4022565771189487e-12,-3.2945852268539966e-08,0.9999999670541483,3.552713678800501e-15,70014726.15897886,2.1282895772544123e-16
145,0,11,-4.0,1.5,-0.5773502691896258,1.9295306625592307e-08,1.4022565771189487e-12,-3.8500765242588386e-08,0.9999999614992355,0.0,284448279.12719315,1.7392214611167507e-14
146,0,11,-4.0,1.5,-0.5,1.8816257246330744e-08,1.4022565771189487e-12,-4.2519236131965954e-08,0.9999999574807648,0.0,697699432.7314157,4.784094627043803e-15
147,0,11,-4.0,1.5,-0.3333333333333333,1.774013746673244e-08,1.4022565771189487e-12,-5.367626343399934e-08,0.999999946323738,0.0,2661327375.4603214,2.2217412319279345e-14
148,0,11,-4.0,1.5,0.0,1.536340972881684e-08,1.4022565771189487e-12,-9.502287845464252e-08,0.9999999049771261,5.329070518200751e-15,10124703172.449306,3.390941423749369e-15
149,0,11,-4.0,1.5,0.3333333333333333,1.254417154109604e-08,1.4022565771189487e-12,-2.1315604570304458e-07,0.9999997868439771,1.0658141036401503e-14,19052899724.208515,1.6017287954454787e-14
150,0,11,-4.0,1.5,0.5,1.086357124664416e-08,1.4022565771189487e-12,-3.785424951274763e-07,0.9999996214575765,-3.552713678800501e-15,23271344154.616737,2.5080144823728912e-14
151,0,11,-4.0,1.5,0.5773502691896258,9.987985743651296e-09,1.4022565771189487e-12,-5.295711495989508e-07,0.9999994704289906,0.0,25117087716.904285,1.0783236851026009e-14
152,0,11,-4.0,1.5,0.7071067811865475,8.314617513795643e-09,1.4022565771189487e-12,-1.102165281707812e-06,0.9999988978353257,0.0,28027297510.91554,1.0071880727933543e-14
153,0,11,-4.0,1.5,0.816496580927726,6.5812698932616514e-09,1.4022565771189487e-12,-2.8070711621808186e-06,0.9999971929327777,-1.4210854715202004e-14,30271987229.657078,2.268253823587116e-15
155,0,12,-4.0,2.0,-1.0,2.172726983540778e-08,1.5297344477649244e-12,-3.397786940695369e-08,0.9999999660221311,0.0,78671093.82207197,4.924682907247714e-15
156,0,12,-4.0,2.0,-0.816496580927726,2.0706536041474888e-08,1.5297344477649244e-12,-4.1079960766410295e-08,0.9999999589200401,0.0,103441945.86136588,2.4489073381789654e-15
157,0,12,-4.0,2.0,-0.7071067811865475,2.007337990681925e-08,1.5297344477649244e-12,-4.644507356488248e-08,0.9999999535549275,0.0,567770018.6025145,2.4985302132471815e-14
158,0,12,-4.0,2.0,-0.5773502691896258,1.929541983740032e-08,1.5297344477649244e-12,-5.431229155306028e-08,0.9999999456877099,-3.552713678800501e-15,3227571724.2723365,5.909546853656726e-16
159,0,12,-4.0,2.0,-0.5,1.8816367647888036e-08,1.5297344477649244e-12,-6.000351682189375e-08,0.999999939996485,-3.552713678800501e-15,6057442901.636993,2.676453355346513e-14
160,0,12,-4.0,2.0,-0.3333333333333333,1.774024155548931e-08,1.5297344477649244e-12,-7.580479888247282e-08,0.999999924195204,1.7763568394002505e-15,14071732864.113264,5.2862428101796536e-15
161,0,12,-4.0,2.0,0.0,1.5363499875365452e-08,1.5297344477649244e-12,-1.3436250156928509e-07,0.9999998656375074,-3.552713678800501e-15,31025792933.501072,1.1680482784472731e-14
162,0,12,-4.0,2.0,0.3333333333333333,1.254424515041055e-08,1.5297344477649244e-12,-3.0167019815507956e-07,0.9999996983298474,-7.105427357601002e-15,44199386630.7229,1.2600758590485013e-14
163,0,12,-4.0,2.0,0.5,1.086363499848098e-08,1.5297344477649244e-12,-5.359009769279055e-07,0.9999994640991666,7.105427357601002e-15,49184991980.19318,4.8086056527973645e-15
164,0,12,-4.0,2.0,0.5773502691896258,9.988044360092048e-09,1.5297344477649244e-12,-7.497973264491975e-07,0.9999992502029547,7.105427357601002e-15,51180226640.3498,2.086968551117967e-15
165,0,12,-4.0,2.0,0.7071067811865475,8.314666316648765e-09,1.5297344477649244e-12,-1.5607414951546161e-06,0.9999984392597228,-1.4210854715202004e-14,54113501759.24514,7.049437093531412e-15
166,0,12,-4.0,2.0,0.816496580927726,6.581308532792688e-09,1.5297344477649244e-12,-3.975337349970687e-06,0.9999960246705517,-1.4210854715202004e-14,56187924994.81958,6.789176261584153e-15
168,0,13,-4.0,2.5,-1.0,2.172739731327843e-08,1.6572123184131031e-12,-4.660394736788476e-08,0.9999999533960537,-3.552713678800501e-15,139867952.42294434,4.9007181634021575e-15
169,0,13,-4.0,2.5,-0.816496580927726,2.0706657531413484e-08,1.6572123184131031e-12,-5.63858648661153e-08,0.9999999436141367,-7.105427357601002e-15,1367597530.511378,1.987406193064341e-14
170,0,13,-4.0,2.5,-0.7071067811865475,2.0073497682496698e-08,1.6572123184131031e-12,-6.37753991838963e-08,0.9999999362246028,-1.7763568394002505e-15,9315915057.281689,8.803857775284302e-15
171,0,13,-4.0,2.5,-0.5773502691896258,1.9295533049386292e-08,1.6572123184131031e-12,-7.461115636431259e-08,0.9999999253888464,-3.552713678800501e-15,24785175351.96072,1.5391044087663578e-14
172,0,13,-4.0,2.5,-0.5,1.8816478049661216e-08,1.6572123184131031e-12,-8.244985494343382e-08,0.9999999175501485,5.329070518200751e-15,34283190169.390068,1.6356718708971052e-14
173,0,13,-4.0,2.5,-0.3333333333333333,1.7740345644551484e-08,1.6572123184131031e-12,-1.0421344853739356e-07,0.9999998957865569,3.552713678800501e-15,51937935827.72002,8.813667015828631e-15
174,0,13,-4.0,2.5,0.0,1.536359002244286e-08,1.6572123184131031e-12,-1.8486676367501786e-07,0.9999998151332534,3.552713678800501e-15,74257778714.8891,7.191941725566571e-15
175,0,13,-4.0,2.5,0.3333333333333333,1.2544318760588583e-08,1.6572123184131031e-12,-4.1530479322204883e-07,0.999999584695293,-3.552713678800501e-15,85103648153.90982,6.275378656172972e-15
176,0,13,-4.0,2.5,0.5,1.0863698751439549e-08,1.6572123184131031e-12,-7.379180395616913e-07,0.9999992620822327,7.105427357601002e-15,88072985326.47145,1.5592647513132952e-15
177,0,13,-4.0,2.5,0.5773502691896258,9.9881029778158e-09,1.6572123184131031e-12,-1.0325240644704081e-06,0.9999989674764685,-1.4210854715202004e-14,89073598039.00137,1.541748672848824e-14
178,0,13,-4.0,2.5,0.7071067811865475,8.31471512116988e-09,1.6572123184131031e-12,-2.1494623609896735e-06,0.999997850539949,0.0,90312261957.85963,1.0306309604412428e-14
179,0,13,-4.0,2.5,0.816496580927726,6.581347174566059e-09,1.6572123184131031e-12,-5.475159369439098e-06,0.9999945248556192,1.4210854715202004e-14,90951240525.87073,1.52669693855636e-14
181,0,14,-4.0,3.0,-1.0,2.1727524791149077e-08,1.784690189059079e-12,-6.250506245919496e-08,0.9999999374949395,-3.552713678800501e-15,314739424.8236167,4.9238215550169346e-15
182,0,14,-4.0,3.0,-0.816496580927726,2.0706779021424074e-08,1.784690189059079e-12,-7.566193005459354e-08,0.9999999243380728,-5.329070518200751e-15,35523191190.01354,2.14772217125437e-14
183,0,14,-4.0,3.0,-0.7071067811865475,2.0073615458292686e-08,1.784690189059079e-12,-8.56010053951195e-08,0.9999999143989983,0.0,76988389205.6921,1.4468306364827093e-14
184,0,14,-4.0,3.0,-0.5773502691896258,1.9295646261550208e-08,1.784690189059079e-12,-1.0017530094330596e-07,0.999999899824704,3.552713678800501e-15,107922832071.15904,1.187643297207846e-14
185,0,14,-4.0,3.0,-0.5,1.8816588451650266e-08,1.784690189059079e-12,-1.107185134685551e-07,0.9999998892814926,0.0,119060556663.73572,9.099352915821547e-15
186,0,14,-4.0,3.0,-0.3333333333333333,1.7740449733918946e-08,1.784690189059079e-12,-1.3999096282191203e-07,0.999999860009047,3.552713678800501e-15,132282221077.39005,4.1526094873220306e-15
187,0,14,-4.0,3.0,0.0,1.536368017004905e-08,1.784690189059079e-12,-2.4847123114568603e-07,0.9999997515287997,0.0,138587913566.51917,1.1010187446956631e-14
188,0,14,-4.0,3.0,0.3333333333333333,1.2544392371630121e-08,1.784690189059079e-12,-5.584148574655501e-07,0.9999994415852984,0.0,135938343592.6297,7.520607064708482e-15
189,0,14,-4.0,3.0,0.5,1.0863762505519842e-08,1.784690189059079e-12,-9.923359236552187e-07,0.9999990076645687,-7.105427357601002e-15,133573031967.86974,1.3936737365314812e-14
190,0,14,-4.0,3.0,0.5773502691896258,9.988161596822525e-09,1.784690189059079e-12,-1.3885867282681374e-06,0.9999986114142358,1.4210854715202004e-14,132373815287.76157,1.0835422162283244e-14
191,0,14,-4.0,3.0,0.7071067811865475,8.314763927358959e-09,1.784690189059079e-12,-2.8908903288993315e-06,0.9999971091138498,1.4210854715202004e-14,130265749170.58842,5.153977334984587e-15
192,0,14,-4.0,3.0,0.816496580927726,6.581385818581727e-09,1.784690189059079e-12,-7.36401717915669e-06,0.9999926360099352,2.842170943040401e-14,128377476349.93095,1.1885877099583758e-15
194,0,15,-4.0,3.5,-1.0,2.172765226901972e-08,1.9121680597072573e-12,-8.220379577039694e-08,0.9999999177962076,-5.329070518200751e-15,1259388428.2634025,4.922137537176196e-15
195,0,15,-4.0,3.5,-0.816496580927726,2.070690051150666e-08,1.9121680597072573e-12,-9.95416478133393e-08,0.9999999004583572,0.0,270144698061.37943,1.4911713394370332e-14
196,0,15,-4.0,3.5,-0.7071067811865475,2.0073733234207206e-08,1.9121680597072573e-12,-1.1263914956316512e-07,0.9999998873608568,3.552713678800501e-15,275522590784.81854,9.082527131883683e-15
197,0,15,-4.0,3.5,-0.5773502691896258,1.9295759473892076e-08,1.9121680597072573e-12,-1.318448745735168e-07,0.9999998681551341,-3.552713678800501e-15,261409457900.3812,1.0740304540052016e-14
198,0,15,-4.0,3.5,-0.5,1.8816698853855188e-08,1.9121680597072573e-12,-1.4573849327348398e-07,0.9999998542615174,0.0,251582227874.2395,8.005971539678213e-15
199,0,15,-4.0,3.5,-0.3333333333333333,1.7740553823591704e-08,1.9121680597072573e-12,-1.843131229861683e-07,0.999999815686894,3.552713678800501e-15,231925161166.51697,6.3160191099243236e-15
200,0,15,-4.0,3.5,0.0,1.536377031818402e-08,1.9121680597072573e-12,-3.27266185706776e-07,0.9999996727338678,-3.552713678800501e-15,201581197002.95728,4.390338874771225e-15
201,0,15,-4.0,3.5,0.3333333333333333,1.2544465983535148e-08,1.9121680597072573e-12,-7.357034839117205e-07,0.9999992642967868,0.0,180102262618.65466,4.4055916883734654e-15
202,0,15,-4.0,3.5,0.5,1.0863826260721841e-08,1.9121680597072573e-12,-1.3075157063724419e-06,0.9999986924851484,7.105427357601002e-15,171558239711.27167,1.9567311948406776e-15
203,0,15,-4.0,3.5,0.5773502691896258,9.988220217112208e-09,1.9121680597072573e-12,-1.8296868304901182e-06,0.9999981703148434,1.4210854715202004e-14,167966374725.2945,5.814035705641368e-15
204,0,15,-4.0,3.5,0.7071067811865475,8.314812735215974e-09,1.9121680597072573e-12,-3.8093915293302416e-06,0.9999961906157264,-1.4210854715202004e-14,162379830585.77667,7.141699585265972e-15
205,0,15,-4.0,3.5,0.816496580927726,6.581424464839655e-09,1.9121680597072573e-12,-9.703985753617417e-06,0.9999902960613299,-5.684341886080802e-14,158006173451.79758,2.1245585032625885e-15
207,0,16,-4.0,4.0,-1.0,2.172777974689037e-08,2.0396459303532324e-12,-1.0626139967939707e-07,0.999999893738606,-3.552713678800501e-15,104875551570398.62,4.916541484445803e-15
208,0,16,-4.0,4.0,-0.816496580927726,2.070702200166124e-08,2.0396459303532324e-12,-1.2870538412812493e-07,0.9999998712946242,-3.552713678800501e-15,532386564492.8502,1.4789131960439882e-14
209,0,16,-4.0,4.0,-0.7071067811865475,2.0073851010240265e-08,2.0396459303532324e-12,-1.4566021633299897e-07,0.9999998543397943,-3.552713678800501e-15,421681516156.4758,1.1868869326116748e-14
210,0,16,-4.0,4.0,-0.5773502691896258,1.9295872686411878e-08,2.0396459303532324e-12,-1.7052216705337742e-07,0.9999998294778475,-3.552713678800501e-15,351182993589.2893,9.7327285557493e-15
211,0,16,-4.0,4.0,-0.5,1.8816809256275983e-08,2.0396459303532324e-12,-1.8850755978405687e-07,0.999999811492458,0.0,322933192603.4765,9.072116360603747e-15
212,0,16,-4.0,4.0,-0.3333333333333333,1.774065791356974e-08,2.0396459303532324e-12,-2.384427268964373e-07,0.9999997615573015,3.552713678800501e-15,279741096104.58765,7.854640078261871e-15
213,0,16,-4.0,4.0,0.0,1.536386046684776e-08,2.0396459303532324e-12,-4.2349658713192184e-07,0.9999995765035026,1.0658141036401503e-14,228478085836.3637,6.411309621392412e-15
214,0,16,-4.0,4.0,0.3333333333333333,1.254453959630365e-08,2.0396459303532324e-12,-9.522219137636512e-07,0.9999990477785397,-2.1316282072803006e-14,197904071911.9153,5.551340110823935e-15
215,0,16,-4.0,4.0,0.5,1.0863890017045527e-08,2.0396459303532324e-12,-1.692437336942021e-06,0.9999983075640952,-1.4210854715202004e-14,186598231683.4466,5.069956522845897e-15
216,0,16,-4.0,4.0,0.5773502691896258,9.98827883868482e-09,2.0396459303532324e-12,-2.3683919820882693e-06,0.9999976316108226,-1.4210854715202004e-14,181970395073.3677,4.863482135476913e-15
217,0,16,-4.0,4.0,0.7071067811865475,8.314861544740893e-09,2.0396459303532324e-12,-4.931135322294722e-06,0.9999950688768358,0.0,174924751401.50763,4.535990618210257e-15
218,0,16,-4.0,4.0,0.816496580927726,6.581463113339798e-09,2.0396459303532324e-12,-1.2561733882421322e-05,0.9999874383450158,2.842170943040401e-14,169579605317.64932,4.4990047694467386e-15
220,1,1,-3.5,-3.5,-1.0,2.1725995056701306e-08,0.0,-5.163336425084708e-10,0.9999999994836664,0.0,6421281.36454735,5.076290581426583e-15
221,1,1,-3.5,-3.5,-0.816496580927726,2.0705321145904974e-08,0.0,-5.163336425084708e-10,0.9999999994836664,0.0,6494652.118010441,5.018943204232351e-15
222,1,1,-3.5,-3.5,-0.7071067811865475,2.0072202156327733e-08,0.0,-5.163336425084708e-10,0.9999999994836664,0.0,6539765.412328404,4.984321004862502e-15
223,1,1,-3.5,-3.5,-0.5773502691896258,1.9294287726972584e-08,0.0,-5.163336425084708e-10,0.9999999994836664,0.0,6594699.763416912,4.942801231432049e-15
224,1,1,-3.5,-3.5,-0.5,1.881526364159847e-08,0.0,-5.16330089794792e-10,0.9999999994836699,0.0,6628219.373663039,5.1988223862496005e-15
225,1,1,-3.5,-3.5,-0.3333333333333333,1.7739200681049296e-08,0.0,-5.163336425084708e-10,0.9999999994836664,0.0,6702532.38379523,5.28013231550384e-15
226,1,1,-3.5,-3.5,0.0,1.5362598432618906e-08,0.0,-5.163336425084708e-10,0.9999999994836664,0.0,6860687.920772009,5.2941601235108405e-15
227,1,1,-3.5,-3.5,0.3333333333333333,1.2543509094398978e-08,0.0,-5.163336425084708e-10,0.9999999994836664,0.0,7036062.632634379,4.8974742068023495e-15
228,1,1,-3.5,-3.5,0.5,1.0862997528350653e-08,0.0,-5.163336425084708e-10,0.9999999994836664,0.0,7142706.000901021,4.693965099771412e-15
229,1,1,-3.5,-3.5,0.5773502691896258,9.98745825085666e-09,0.0,-5.163336425084708e-10,0.9999999994836664,0.0,7205698.723250256,4.5236820693550484e-15
230,1,1,-3.5,-3.5,0.7071067811865475,8.31417835984543e-09,0.0,-5.163336425084708e-10,0.9999999994836664,0.0,7354408.588333216,4.9387493193705586e-15
231,1,1,-3.5,-3.5,0.816496580927726,6.580922233908413e-09,0.0,-5.163336425084708e-10,0.9999999994836664,0.0,7557353.79262679,3.820252512360525e-15
232,1,2,-3.5,-3.0,-1.0,2.1726122534571954e-08,1.274778706481784e-13,-5.179465745186462e-10,0.9999999994820534,0.0,7447232.372196983,5.0022479657942085e-15
233,1,2,-3.5,-3.0,-0.816496580927726,2.070544263497952e-08,1.274778706481784e-13,-5.182911877454899e-10,0.9999999994817088,0.0,7546246.08797229,4.93661385413806e-15
234,1,2,-3.5,-3.0,-0.7071067811865475,2.0072319930582552e-08,1.274778706481784e-13,-5.185505358440423e-10,0.9999999994814495,-3.552713678800501e-15,7607441.696204297,4.896902858053625e-15
235,1,2,-3.5,-3.0,-0.5773502691896258,1.9294400936822912e-08,1.274778706481784e-13,-5.189271234939952e-10,0.9999999994810729,3.552713678800501e-15,7682300.914730135,5.212874521965057e-15
236,1,2,-3.5,-3.0,-0.5,1.8815374040780828e-08,1.274778706481784e-13,-5.192006824472628e-10,0.9999999994807993,3.552713678800501e-15,7728170.527500769,5.1819341415873785e-15
237,1,2,-3.5,-3.0,-0.3333333333333333,1.7739304766447505e-08,1.274778706481784e-13,-5.199645158882049e-10,0.9999999994800355,0.0,7830414.037516914,5.233209008712337e-15
238,1,2,-3.5,-3.0,0.0,1.5362688573350143e-08,1.274778706481784e-13,-5.227889232628513e-10,0.9999999994772111,0.0,8050985.976898868,5.089835381736102e-15
239,1,2,-3.5,-3.0,0.3333333333333333,1.2543582694213758e-08,1.274778706481784e-13,-5.30860688741086e-10,0.9999999994691393,0.0,8324030.349325455,4.6991116673451175e-15
240,1,2,-3.5,-3.0,0.5,1.086306126784696e-08,1.274778706481784e-13,-5.421547655259928e-10,0.9999999994578452,0.0,8577554.423082404,4.343068099267396e-15
241,1,2,-3.5,-3.0,0.5773502691896258,9.987516853182932e-09,1.274778706481784e-13,-5.524753987629083e-10,0.9999999994475246,0.0,8779669.988152169,4.243086930931404e-15
242,1,2,-3.5,-3.0,0.7071067811865475,8.314227144348679e-09,1.274778706481784e-13,-5.915907763665018e-10,0.9999999994084092,3.552713678800501e-15,9359216.808657227,4.975430068860088e-15
243,1,2,-3.5,-3.0,0.816496580927726,6.580960848771131e-09,1.274778706481784e-13,-7.080629416122974e-10,0.9999999992919371,-3.552713678800501e-15,10235217.602156982,1.6378553924975458e-15
245,1,3,-3.5,-2.5,-1.0,2.1726250012442602e-08,2.5495574129415405e-13,-5.421547655259928e-10,0.9999999994578452,0.0,8740243.10513143,5.114672789284017e-15
246,1,3,-3.5,-2.5,-0.816496580927726,2.070556412412607e-08,2.5495574129415405e-13,-5.476401554460608e-10,0.9999999994523598,0.0,8877184.806310182,5.035772551424898e-15
247,1,3,-3.5,-2.5,-0.7071067811865475,2.007243770495594e-08,2.5495574129415405e-13,-5.517790668818634e-10,0.9999999994482209,0.0,8962382.437794983,4.987901809793934e-15
248,1,3,-3.5,-2.5,-0.5773502691896258,1.9294514146851223e-08,2.5495574129415405e-13,-5.578506545589335e-10,0.9999999994421493,0.0,9067223.16899898,5.135654859580876e-15
249,1,3,-3.5,-2.5,-0.5,1.8815484440179113e-08,2.5495574129415405e-13,-5.622418086659309e-10,0.9999999994377582,3.552713678800501e-15,9131819.721188486,5.303299381571891e-15
250,1,3,-3.5,-2.5,-0.3333333333333333,1.7739408852151066e-08,2.5495574129415405e-13,-5.744347220115742e-10,0.9999999994255653,3.552713678800501e-15,9276853.964923864,5.2203876511494e-15
251,1,3,-3.5,-2.5,0.0,1.536277871461027e-08,2.5495574129415405e-13,-6.196252400059166e-10,0.9999999993803748,0.0,9598779.9683554,4.851254939095379e-15
252,1,3,-3.5,-2.5,0.3333333333333333,1.2543656294892212e-08,2.5495574129415405e-13,-7.487486186619208e-10,0.9999999992512514,0.0,10236821.275971688,4.184974737506641e-15
253,1,3,-3.5,-2.5,0.5,1.0863125008465215e-08,2.5495574129415405e-13,-9.295177960666479e-10,0.9999999990704822,-3.552713678800501e-15,11324205.351255966,9.869011156836917e-16
254,1,3,-3.5,-2.5,0.5773502691896258,9.987575456792438e-09,2.5495574129415405e-13,-1.0945875317247555e-09,0.9999999989054125,-3.552713678800501e-15,12297289.30580834,4.08963453478173e-15
255,1,3,-3.5,-2.5,0.7071067811865475,8.314275930520224e-09,2.5495574129415405e-13,-1.7204371260959306e-09,0.9999999982795629,0.0,15079910.642871676,1.4822197770341054e-15
256,1,3,-3.5,-2.5,0.816496580927726,6.580999465876591e-09,2.5495574129415405e-13,-3.5838993994730117e-09,0.9999999964161006,3.552713678800501e-15,19069090.934874237,4.102507903228275e-15
258,1,4,-3.5,-2.0,-1.0,2.1726377490313253e-08,3.824336119423324e-13,-6.470664004609716e-10,0.9999999993529336,0.0,10401733.85375424,5.013977949420724e-15
259,1,4,-3.5,-2.0,-0.816496580927726,2.070568561334464e-08,3.824336119423324e-13,-6.748130942924035e-10,0.9999999993251869,0.0,10596712.00145764,4.921721395400073e-15
260,1,4,-3.5,-2.0,-0.7071067811865475,2.007255547944788e-08,3.824336119423324e-13,-6.957705522836477e-10,0.9999999993042294,0.0,10719069.4320266,5.039309584683332e-15
261,1,4,-3.5,-2.0,-0.5773502691896258,1.9294627357057516e-08,3.824336119423324e-13,-7.265086310326296e-10,0.9999999992734914,0.0,10870836.931572886,5.140299208668528e-15
262,1,4,-3.5,-2.0,-0.5,1.8815594839793308e-08,3.824336119423324e-13,-7.487415132345632e-10,0.9999999992512585,0.0,10965053.123417577,5.266002724860735e-15
263,1,4,-3.5,-2.0,-0.3333333333333333,1.773951293815998e-08,3.824336119423324e-13,-8.104770188310795e-10,0.999999999189523,0.0,11178797.613078373,5.1653139831967046e-15
264,1,4,-3.5,-2.0,0.0,1.536286885639928e-08,3.824336119423324e-13,-1.0392540161774377e-09,0.999999998960746,0.0,11723191.280889886,4.4487940978565934e-15
265,1,4,-3.5,-2.0,0.3333333333333333,1.2543729896434332e-08,3.824336119423324e-13,-1.6929107005125843e-09,0.9999999983070893,0.0,14599692.251781706,5.613569461106989e-15
266,1,4,-3.5,-2.0,0.5,1.0863188750205403e-08,3.824336119423324e-13,-2.608025795325375e-09,0.9999999973919742,-3.552713678800501e-15,20403137.89400678,8.39887249792025e-15
267,1,4,-3.5,-2.0,0.5773502691896258,9.987634061685149e-09,3.824336119423324e-13,-3.4436951068528288e-09,0.9999999965563049,0.0,25247634.149818063,1.8443759306100962e-14
268,1,4,-3.5,-2.0,0.7071067811865475,8.314324718360036e-09,3.824336119423324e-13,-6.611966085756649e-09,0.9999999933880339,-3.552713678800501e-15,37923440.4596509,2.16110103864022e-15
269,1,4,-3.5,-2.0,0.816496580927726,6.581038085224756e-09,3.824336119423324e-13,-1.6045529349639764e-08,0.9999999839544708,3.552713678800501e-15,54393682.9277278,4.1092532418644943e-16
271,1,5,-3.5,-1.5,-1.0,2.17265049681839e-08,5.099114825883081e-13,-9.294964797845751e-10,0.9999999990705035,0.0,12586272.544451434,5.031667227146696e-15
272,1,5,-3.5,-1.5,-0.816496580927726,2.0705807102635212e-08,5.099114825883081e-13,-1.0171881115184078e-09,0.9999999989828119,3.552713678800501e-15,12873736.341986893,5.063998398853481e-15
273,1,5,-3.5,-1.5,-0.7071067811865475,2.0072673254058383e-08,5.099114825883081e-13,-1.0834355634870008e-09,0.9999999989165644,0.0,13056246.324884271,5.2785363271059666e-15
274,1,5,-3.5,-1.5,-0.5773502691896258,1.929474056744179e-08,5.099114825883081e-13,-1.180573860892764e-09,0.9999999988194261,0.0,13285133.700446814,5.187593296048464e-15
275,1,5,-3.5,-1.5,-0.5,1.8815705239623417e-08,5.099114825883081e-13,-1.250846537459438e-09,0.9999999987491535,0.0,13428765.431896249,5.132107703501205e-15
276,1,5,-3.5,-1.5,-0.3333333333333333,1.7739617024474242e-08,5.099114825883081e-13,-1.445950914558125e-09,0.9999999985540491,0.0,13761633.192264894,4.872621180602656e-15
277,1,5,-3.5,-1.5,0.0,1.5362958998717162e-08,5.099114825883081e-13,-2.1689885443265666e-09,0.9999999978310115,0.0,15396142.680257488,3.9923824558628726e-15
278,1,5,-3.5,-1.5,0.3333333333333333,1.2543803498840094e-08,5.099114825883081e-13,-4.234802730707088e-09,0.9999999957651973,3.552713678800501e-15,32369914.223917708,1.2659345650289922e-15
279,1,5,-3.5,-1.5,0.5,1.0863252493067496e-08,5.099114825883081e-13,-7.126949697067175e-09,0.9999999928730503,3.552713678800501e-15,61049368.16236066,1.0129477309249936e-14
280,1,5,-3.5,-1.5,0.5773502691896258,9.98769266786105e-09,5.099114825883081e-13,-9.768019282319074e-09,0.9999999902319807,3.552713678800501e-15,82308730.41558129,1.7017747025733752e-14
281,1,5,-3.5,-1.5,0.7071067811865475,8.314373507868087e-09,5.099114825883081e-13,-1.9781086990633412e-08,0.9999999802189132,0.0,132519268.61353524,1.2481421832629635e-14
282,1,5,-3.5,-1.5,0.816496580927726,6.581076706815586e-09,5.099114825883081e-13,-4.9595108464473014e-08,0.9999999504048928,7.105427357601002e-15,191385942.98659652,5.605864198877811e-15
284,1,6,-3.5,-1.0,-1.0,2.1726632446054546e-08,6.373893532364865e-13,-1.5250094520524726e-09,0.9999999984749905,-3.552713678800501e-15,15538867.545698084,5.034542963805517e-15
285,1,6,-3.5,-1.0,-0.816496580927726,2.0705928591997793e-08,6.373893532364865e-13,-1.739092425623312e-09,0.9999999982609076,0.0,15981190.401153686,5.128302993013941e-15
286,1,6,-3.5,-1.0,-0.7071067811865475,2.0072791028787437e-08,6.373893532364865e-13,-1.900826163137026e-09,0.9999999980991738,0.0,16266637.339962842,5.267325697003567e-15
287,1,6,-3.5,-1.0,-0.5773502691896258,1.929485377800404e-08,6.373893532364865e-13,-2.137976906624317e-09,0.9999999978620231,0.0,16630460.081842003,5.1520929933968405e-15
288,1,6,-3.5,-1.0,-0.5,1.8815815639669437e-08,6.373893532364865e-13,-2.3095338974599144e-09,0.9999999976904661,3.552713678800501e-15,16863070.448648218,4.860110548416284e-15
289,1,6,-3.5,-1.0,-0.3333333333333333,1.7739721111093843e-08,6.373893532364865e-13,-2.785856878517734e-09,0.9999999972141431,0.0,17482780.296846654,4.687834839458829e-15
290,1,6,-3.5,-1.0,0.0,1.5363049141563914e-08,6.373893532364865e-13,-4.551040433398157e-09,0.9999999954489596,0.0,27983277.98215128,5.9906514003724506e-15
291,1,6,-3.5,-1.0,0.3333333333333333,1.2543877102109493e-08,6.373893532364865e-13,-9.594423033831845e-09,0.999999990405577,0.0,120417887.72674148,6.1872706269612304e-15
292,1,6,-3.5,-1.0,0.5,1.0863316237051485e-08,6.373893532364865e-13,-1.6655157253353536e-08,0.9999999833448429,0.0,240238401.34251904,9.179930620438786e-15
293,1,6,-3.5,-1.0,0.5773502691896258,9.987751275320113e-09,6.373893532364865e-13,-2.3102924018303383e-08,0.9999999768970762,3.552713678800501e-15,318831882.0805789,1.2525444989663504e-14
294,1,6,-3.5,-1.0,0.7071067811865475,8.314422299044346e-09,6.373893532364865e-13,-4.754831905984247e-08,0.999999952451682,-3.552713678800501e-15,487196844.5494533,7.34052103689359e-16
295,1,6,-3.5,-1.0,0.816496580927726,6.581115330649045e-09,6.373893532364865e-13,-1.2033475371708846e-07,0.9999998796652535,0.0,666294993.5791085,9.482425062587935e-15
297,1,7,-3.5,-0.5,-1.0,2.1726759923925195e-08,7.648672238824622e-13,-2.6078765813508653e-09,0.9999999973921234,0.0,19666784.07184356,4.924930654965511e-15
298,1,7,-3.5,-0.5,-0.816496580927726,2.070605008143237e-08,7.648672238824622e-13,-3.0517952609443455e-09,0.9999999969482047,0.0,20384934.64336485,5.116922383211325e-15
299,1,7,-3.5,-0.5,-0.7071067811865475,2.0072908803635046e-08,7.648672238824622e-13,-3.387146563227361e-09,0.9999999966128534,3.552713678800501e-15,20859651.6276154,5.357649827953205e-15
300,1,7,-3.5,-0.5,-0.5773502691896258,1.929496698874426e-08,7.648672238824622e-13,-3.878898979792211e-09,0.999999996121101,0.0,21482592.439277694,5.028881824237965e-15
301,1,7,-3.5,-0.5,-0.5,1.8815926039931354e-08,7.648672238824622e-13,-4.2346322004505055e-09,0.9999999957653678,0.0,21924836.70526563,4.757532736008118e-15
302,1,7,-3.5,-0.5,-0.3333333333333333,1.7739825198018776e-08,7.648672238824622e-13,-5.22230081401176e-09,0.9999999947776992,0.0,24627685.69554652,4.537929805319344e-15
303,1,7,-3.5,-0.5,0.0,1.5363139284939516e-08,7.648672238824622e-13,-8.88250184516437e-09,0.9999999911174982,0.0,102437748.92582768,1.4692018287793054e-14
304,1,7,-3.5,-0.5,0.3333333333333333,1.2543950706242506e-08,7.648672238824622e-13,-1.9340216539376343e-08,0.9999999806597837,0.0,519713291.02257735,3.8420329717695124e-14
305,1,7,-3.5,-0.5,0.5,1.0863379982157342e-08,7.648672238824622e-13,-3.3981017111273104e-08,0.9999999660189834,-3.552713678800501e-15,931221851.61798,2.3682561280726622e-14
306,1,7,-3.5,-0.5,0.5773502691896258,9.987809884062321e-09,7.648672238824622e-13,-4.735079528472852e-08,0.9999999526492058,-3.552713678800501e-15,1171760224.9158957,9.766581552720321e-15
307,1,7,-3.5,-0.5,0.7071067811865475,8.314471091888785e-09,7.648672238824622e-13,-9.803956579901296e-08,0.999999901960439,-3.552713678800501e-15,1643241602.9516244,1.0301418297714116e-14
308,1,7,-3.5,-0.5,0.816496580927726,6.581153956725087e-09,7.648672238824622e-13,-2.489659820525958e-07,0.9999997510340489,0.0,2101893444.3452897,4.7867621763385256e-14
310,1,8,-3.5,0.0,-1.0,2.172688740179584e-08,8.923450945306406e-13,-4.391083052723843e-09,0.999999995608917,-3.552713678800501e-15,25687899.554548405,4.9307211700490375e-15
311,1,8,-3.5,0.0,-0.816496580927726,2.0706171570938953e-08,8.923450945306406e-13,-5.213479425947298e-09,0.9999999947865206,0.0,26938133.46099876,5.255042319339085e-15
312,1,8,-3.5,0.0,-0.7071067811865475,2.0073026578601217e-08,8.923450945306406e-13,-5.8347495723864995e-09,0.9999999941652504,3.552713678800501e-15,27797068.292810325,5.092660486723606e-15
313,1,8,-3.5,0.0,-0.5773502691896258,1.929508019966245e-08,8.923450945306406e-13,-6.745750624759239e-09,0.9999999932542494,0.0,29154386.1173536,4.600009418987636e-15
314,1,8,-3.5,0.0,-0.5,1.8816036440409175e-08,8.923450945306406e-13,-7.404779012176732e-09,0.999999992595221,-3.552713678800501e-15,31348932.86221514,2.851993959604543e-15
315,1,8,-3.5,0.0,-0.3333333333333333,1.7739929285249038e-08,8.923450945306406e-13,-9.234518927314639e-09,0.9999999907654811,0.0,60687856.59156442,3.560297717629793e-15
316,1,8,-3.5,0.0,0.0,1.5363229428843967e-08,8.923450945306406e-13,-1.601533483608364e-08,0.9999999839846653,0.0,537909745.0465584,5.540394585176328e-15
317,1,8,-3.5,0.0,0.3333333333333333,1.2544024311239122e-08,8.923450945306406e-13,-3.53890818871605e-08,0.9999999646109188,0.0,2044103410.339264,1.0613988797485176e-14
318,1,8,-3.5,0.0,0.5,1.0863443728385052e-08,8.923450945306406e-13,-6.251233486409546e-08,0.9999999374876671,0.0,3186576227.2623286,1.5861769863561544e-14
319,1,8,-3.5,0.0,0.5773502691896258,9.987868494087645e-09,8.923450945306406e-13,-8.728092026899503e-08,0.9999999127190835,-1.7763568394002505e-15,3787473650.375828,1.0323674982867886e-14
320,1,8,-3.5,0.0,0.7071067811865475,8.314519886401372e-09,8.923450945306406e-13,-1.811859107192504e-07,0.9999998188141057,0.0,4875152049.208229,1.7801365355786875e-14
321,1,8,-3.5,0.0,0.816496580927726,6.581192585043678e-09,8.923450945306406e-13,-4.607891703756195e-07,0.9999995392109358,0.0,5850575828.774183,1.956062468345577e-14
323,1,9,-3.5,0.5,-1.0,2.172701487966649e-08,1.0198229651788188e-12,-7.126327972173385e-09,0.999999992873672,3.552713678800501e-15,34965290.40927689,4.900956111715361e-15
324,1,9,-3.5,0.5,-0.816496580927726,2.0706293060517547e-08,1.0198229651788188e-12,-8.52927328764963e-09,0.9999999914707267,0.0,37358963.89193896,5.185237365799053e-15
325,1,9,-3.5,0.5,-0.7071067811865475,2.0073144353685923e-08,1.0198229651788188e-12,-9.58910462145468e-09,0.9999999904108954,-3.552713678800501e-15,39211497.6643761,4.7502525029111095e-15
326,1,9,-3.5,0.5,-0.5773502691896258,1.9295193410758606e-08,1.0198229651788188e-12,-1.1143196587681814e-08,0.9999999888568035,-3.552713678800501e-15,50190697.3152959,1.4844544896675946e-15
327,1,9,-3.5,0.5,-0.5,1.8816146841102897e-08,1.0198229651788188e-12,-1.2267438620483517e-08,0.9999999877325615,0.0,83826322.46085049,6.577205679395725e-15
328,1,9,-3.5,0.5,-0.3333333333333333,1.7740033372784626e-08,1.0198229651788188e-12,-1.5388824436968207e-08,0.9999999846111757,0.0,377270120.86801255,9.321369086046311e-15
329,1,9,-3.5,0.5,0.0,1.536331957327725e-08,1.0198229651788188e-12,-2.6956318066595486e-08,0.9999999730436823,3.552713678800501e-15,2598035410.2547755,9.360417095306091e-15
330,1,9,-3.5,0.5,0.3333333333333333,1.2544097917099323e-08,1.0198229651788188e-12,-6.000630747848845e-08,0.9999999399936943,7.105427357601002e-15,6831468846.753452,8.515611299087983e-15
331,1,9,-3.5,0.5,0.5,1.0863507475734595e-08,1.0198229651788188e-12,-1.062762926551386e-07,0.999999893723713,3.552713678800501e-15,9344065754.316402,1.6329924749781805e-14
332,1,9,-3.5,0.5,0.5773502691896258,9.987927105396066e-09,1.0198229651788188e-12,-1.4852940921628033e-07,0.9999998514706018,-7.105427357601002e-15,10545046321.394785,8.501184633044853e-15
333,1,9,-3.5,0.5,0.7071067811865475,8.31456868258208e-09,1.0198229651788188e-12,-3.087234290433116e-07,0.9999996912766186,-7.105427357601002e-15,12569576185.360714,1.3808637859093936e-14
334,1,9,-3.5,0.5,0.816496580927726,6.581231215604775e-09,1.0198229651788188e-12,-7.857030333013881e-07,0.9999992142972753,7.105427357601002e-15,14255055926.07994,1.5654781797859295e-14
336,1,10,-3.5,1.0,-1.0,2.1727142357537132e-08,1.1473008358247947e-12,-1.110402436665936e-08,0.9999999888959757,0.0,50352423.58284547,4.882965748291236e-15
337,1,10,-3.5,1.0,-0.816496580927726,2.0706414550168135e-08,1.1473008358247947e-12,-1.3351218797197362e-08,0.9999999866487813,3.552713678800501e-15,55647224.75801476,4.8200229689015436e-15
338,1,10,-3.5,1.0,-0.7071067811865475,2.0073262128889183e-08,1.1473008358247947e-12,-1.5048815527052284e-08,0.9999999849511846,-3.552713678800501e-15,70034510.59090765,3.1915325176375737e-15
339,1,10,-3.5,1.0,-0.5773502691896258,1.9295306622032727e-08,1.1473008358247947e-12,-1.7538109631232146e-08,0.9999999824618905,0.0,284650360.2456593,1.2563759566076195e-14
340,1,10,-3.5,1.0,-0.5,1.8816257242012504e-08,1.1473008358247947e-12,-1.933889137717415e-08,0.9999999806611088,0.0,698201496.0857557,2.2366633441350117e-14
341,1,10,-3.5,1.0,-0.3333333333333333,1.7740137460625532e-08,1.1473008358247947e-12,-2.433863599549113e-08,0.9999999756613643,-7.105427357601002e-15,2663045718.242223,2.184496229346743e-14
342,1,10,-3.5,1.0,0.0,1.5363409718239365e-08,1.1473008358247947e-12,-4.286709298639835e-08,0.9999999571329079,0.0,10130609025.452335,1.8827581125877434e-16
343,1,10,-3.5,1.0,0.3333333333333333,1.2544171523823094e-08,1.1473008358247947e-12,-9.580553061994124e-08,0.9999999041944739,3.552713678800501e-15,19065441183.38488,6.8028694318535085e-15
344,1,10,-3.5,1.0,0.5,1.0863571224205946e-08,1.1473008358247947e-12,-1.6991935680721326e-07,0.9999998300806576,-3.552713678800501e-15,23289514155.168,1.6379462620857248e-15
345,1,10,-3.5,1.0,0.5773502691896258,9.98798571798756e-09,1.1473008358247947e-12,-2.3759909240084198e-07,0.9999997624009358,0.0,25139158209.38651,6.069729517356171e-15
346,1,10,-3.5,1.0,0.7071067811865475,8.314617480430881e-09,1.1473008358247947e-12,-4.94192921252079e-07,0.9999995058072009,0.0,28060157503.383183,1.5226076108036364e-14
347,1,10,-3.5,1.0,0.816496580927726,6.581269848408343e-09,1.1473008358247947e-12,-1.2582040902486824e-06,0.9999987417967013,-7.105427357601002e-15,30325277181.459377,1.1447132011182802e-14
349,1,11,-3.5,1.5,-1.0,2.172726983540778e-08,1.274778706472973e-12,-1.6653263656962736e-08,0.9999999833467365,0.0,78681251.84874971,5.11343354077913e-15
350,1,11,-3.5,1.5,-0.816496580927726,2.070653603989073e-08,1.274778706472973e-12,-2.0078264384437716e-08,0.9999999799217358,0.0,103473691.09802754,2.304146847102349e-15
351,1,11,-3.5,1.5,-0.7071067811865475,2.0073379904210992e-08,1.274778706472973e-12,-2.2665613386152472e-08,0.9999999773343868,0.0,568267015.0509374,2.3704789055952543e-14
352,1,11,-3.5,1.5,-0.5773502691896258,1.929541983348481e-08,1.274778706472973e-12,-2.645960250902135e-08,0.9999999735403978,-3.552713678800501e-15,3230000967.3268666,2.4949057462054042e-14
353,1,11,-3.5,1.5,-0.5,1.8816367643138004e-08,1.274778706472973e-12,-2.9204212381728212e-08,0.9999999707957881,0.0,6061548937.427251,1.1642552117052752e-14
354,1,11,-3.5,1.5,-0.3333333333333333,1.774024154877175e-08,1.274778706472973e-12,-3.6824427951387406e-08,0.9999999631755727,3.552713678800501e-15,14079851415.804453,1.4630385382655732e-14
355,1,11,-3.5,1.5,0.0,1.5363499863730296e-08,1.274778706472973e-12,-6.506405725303921e-08,0.9999999349359449,-1.7763568394002505e-15,31041767124.277878,5.407123860426958e-15
356,1,11,-3.5,1.5,0.3333333333333333,1.2544245131410424e-08,1.274778706472973e-12,-1.4574871798345157e-07,0.9999998542512927,-3.552713678800501e-15,44225022568.31267,9.660732068368072e-15
357,1,11,-3.5,1.5,0.5,1.086363497379909e-08,1.274778706472973e-12,-2.587072316373451e-07,0.9999997412928018,-3.552713678800501e-15,49218821092.63366,2.0151260575620352e-15
358,1,11,-3.5,1.5,0.5773502691896258,9.988044331862106e-09,1.274778706472973e-12,-3.6185941709732106e-07,0.9999996381406484,3.552713678800501e-15,51219839854.77801,1.0426772490927278e-15
359,1,11,-3.5,1.5,0.7071067811865475,8.314666279947744e-09,1.274778706472973e-12,-7.529397443306607e-07,0.9999992470605391,0.0,54169384264.73515,1.3661799549252608e-14
360,1,11,-3.5,1.5,0.816496580927726,6.581308483454337e-09,1.274778706472973e-12,-1.917386050820369e-06,0.9999980826157874,2.842170943040401e-14,56275058755.5193,2.3860898010493937e-14
362,1,12,-3.5,2.0,-1.0,2.172739731327843e-08,1.4022565771189487e-12,-2.4141861842963408e-08,0.9999999758581385,0.0,139894223.23400092,5.112832544259386e-15
363,1,12,-3.5,2.0,-0.816496580927726,2.0706657529685318e-08,1.4022565771189487e-12,-2.9156286274201193e-08,0.9999999708437142,3.552713678800501e-15,1369133106.9344811,1.4627621334329212e-14
364,1,12,-3.5,2.0,-0.7071067811865475,2.007349767965134e-08,1.4022565771189487e-12,-3.294433170708544e-08,0.9999999670556688,0.0,9323644546.623837,1.3706266659930974e-14
365,1,12,-3.5,2.0,-0.5773502691896258,1.929553304511484e-08,1.4022565771189487e-12,-3.849897467489427e-08,0.9999999615010261,0.0,24800771251.50489,3.999155022254871e-15
366,1,12,-3.5,2.0,-0.5,1.881647804447939e-08,1.4022565771189487e-12,-4.251726437587422e-08,0.9999999574827365,3.552713678800501e-15,34302403677.337303,6.672472229364971e-16
367,1,12,-3.5,2.0,-0.3333333333333333,1.7740345637223276e-08,1.4022565771189487e-12,-5.36737729817105e-08,0.9999999463262285,0.0,51962542705.51454,1.1452341291496222e-14
368,1,12,-3.5,2.0,0.0,1.5363590009750037e-08,1.4022565771189487e-12,-9.501843933890086e-08,0.9999999049815652,0.0,74289097309.93338,8.421294297768351e-15
369,1,12,-3.5,2.0,0.3333333333333333,1.2544318739861293e-08,1.4022565771189487e-12,-2.1314607678846187e-07,0.999999786853946,-1.0658141036401503e-14,85144064099.34818,5.913977026924122e-15
370,1,12,-3.5,2.0,0.5,1.0863698724514009e-08,1.4022565771189487e-12,-3.7852475642807804e-07,0.9999996214753152,3.552713678800501e-15,88122583192.11449,1.1947634841992616e-14
371,1,12,-3.5,2.0,0.5773502691896258,9.98810294701968e-09,1.4022565771189487e-12,-5.295463019194813e-07,0.9999994704538383,2.1316282072803006e-14,89130047837.3175,4.108725916633836e-15
372,1,12,-3.5,2.0,0.7071067811865475,8.314715081132638e-09,1.4022565771189487e-12,-1.1021135684075034e-06,0.9999988978870389,2.1316282072803006e-14,90388637814.04736,1.6881313217587424e-16
373,1,12,-3.5,2.0,0.816496580927726,6.58134712074272e-09,1.4022565771189487e-12,-2.8069394630847455e-06,0.9999971930644763,-4.263256414560601e-14,91066783104.988,2.010672415417415e-15
375,1,13,-3.5,2.5,-1.0,2.1727524791149077e-08,1.529734447767127e-12,-3.3976306212935015e-08,0.9999999660236943,3.552713678800501e-15,314835503.0451215,4.9223189544098335e-15
376,1,13,-3.5,2.5,-0.816496580927726,2.0706779019551906e-08,1.529734447767127e-12,-4.107805295916478e-08,0.9999999589219479,0.0,35555344415.06013,1.716623963404709e-14
377,1,13,-3.5,2.5,-0.7071067811865475,2.0073615455210228e-08,1.529734447767127e-12,-4.6442920620393124e-08,0.9999999535570805,3.552713678800501e-15,77035130873.84622,1.2874921841655856e-14
378,1,13,-3.5,2.5,-0.5773502691896258,1.9295646256922837e-08,1.529734447767127e-12,-5.430976557363465e-08,0.9999999456902359,0.0,107972064200.16583,4.098327526573493e-15
379,1,13,-3.5,2.5,-0.5,1.8816588446036654e-08,1.529734447767127e-12,-6.000072261258538e-08,0.9999999399992792,1.7763568394002505e-15,119108861279.64084,1.1914037020980736e-14
380,1,13,-3.5,2.5,-0.3333333333333333,1.774044972598011e-08,1.529734447767127e-12,-7.580126570871926e-08,0.9999999241987372,0.0,132327538117.72034,1.0954522252563408e-14
381,1,13,-3.5,2.5,0.0,1.5363680156298578e-08,1.529734447767127e-12,-1.343562132660736e-07,0.9999998656437957,-3.552713678800501e-15,138630155944.6669,5.283279601101656e-15
382,1,13,-3.5,2.5,0.3333333333333333,1.254439234917569e-08,1.529734447767127e-12,-3.016560654600653e-07,0.9999996983439801,-3.552713678800501e-15,135985002190.67242,3.029652520870124e-15
383,1,13,-3.5,2.5,0.5,1.086376247635068e-08,1.529734447767127e-12,-5.358758450313417e-07,0.9999994641242985,-7.105427357601002e-15,133627407046.22752,1.1418906794488142e-16
384,1,13,-3.5,2.5,0.5773502691896258,9.988161563460261e-09,1.529734447767127e-12,-7.497621759000594e-07,0.9999992502381052,7.105427357601002e-15,132434466166.37073,1.0484806900215347e-14
385,1,13,-3.5,2.5,0.7071067811865475,8.314763883985533e-09,1.529734447767127e-12,-1.560668273725696e-06,0.9999984393329441,-3.552713678800501e-14,130345427595.525,7.609175920924678e-15
386,1,13,-3.5,2.5,0.816496580927726,6.581385760273453e-09,1.529734447767127e-12,-3.975150818291695e-06,0.9999960248570826,-1.4210854715202004e-14,128495528888.59908,1.3537451210719438e-14
388,1,14,-3.5,3.0,-1.0,2.172765226901972e-08,1.6572123184131031e-12,-4.660178021254069e-08,0.9999999533982209,0.0,1260216823.0177436,4.9189020043365545e-15
389,1,14,-3.5,3.0,-0.816496580927726,2.0706900509490486e-08,1.6572123184131031e-12,-5.6383239410706665e-08,0.9999999436167621,-3.552713678800501e-15,270277268835.53094,1.0952475178096988e-14
390,1,14,-3.5,3.0,-0.7071067811865475,2.007373323088766e-08,1.6572123184131031e-12,-6.377243089161766e-08,0.9999999362275711,-1.7763568394002505e-15,275612844094.3136,6.643575314920449e-15
391,1,14,-3.5,3.0,-0.5773502691896258,1.929575946890878e-08,1.6572123184131031e-12,-7.460768003397789e-08,0.9999999253923227,0.0,261473731789.17947,5.0186909805266516e-15
392,1,14,-3.5,3.0,-0.5,1.8816698847809798e-08,1.6572123184131031e-12,-8.24460126835902e-08,0.9999999175539908,3.552713678800501e-15,251637231986.43332,1.0308467153878292e-14
393,1,14,-3.5,3.0,-0.3333333333333333,1.7740553815042233e-08,1.6572123184131031e-12,-1.0420857421422625e-07,0.9999998957914312,7.105427357601002e-15,231967972557.81476,6.841091229111313e-15
394,1,14,-3.5,3.0,0.0,1.5363770303375902e-08,1.6572123184131031e-12,-1.8485811281720999e-07,0.9999998151419043,0.0,201614313443.2937,6.811475793415102e-15
395,1,14,-3.5,3.0,0.3333333333333333,1.2544465959353595e-08,1.6572123184131031e-12,-4.1528533500923004e-07,0.9999995847147513,-1.0658141036401503e-14,180135604647.69186,5.421263064067512e-15
396,1,14,-3.5,3.0,0.5,1.0863826229309082e-08,1.6572123184131031e-12,-7.378834219196051e-07,0.9999992621168503,7.105427357601002e-15,171595934111.60938,7.291668707669854e-15
397,1,14,-3.5,3.0,0.5773502691896258,9.988220181183824e-09,1.6572123184131031e-12,-1.0324756267721114e-06,0.9999989675249062,-7.105427357601002e-15,168007932832.6186,4.904379189022592e-15
398,1,14,-3.5,3.0,0.7071067811865475,8.314812688506405e-09,1.6572123184131031e-12,-2.1493614852374776e-06,0.9999978506408247,1.4210854715202004e-14,162433538634.12988,8.454479457707571e-15
399,1,14,-3.5,3.0,0.816496580927726,6.581424402046496e-09,1.6572123184131031e-12,-5.474902380342428e-06,0.9999945251126069,4.263256414560601e-14,158084948798.04013,3.8609087527981465e-15
401,1,15,-3.5,3.5,-1.0,2.172777974689037e-08,1.7846901890612812e-12,-6.25021474576215e-08,0.9999999374978545,0.0,101736389845793.12,5.068245499781919e-15
402,1,15,-3.5,3.5,-0.816496580927726,2.0707021999501073e-08,1.7846901890612812e-12,-7.565839865719681e-08,0.9999999243416042,-1.7763568394002505e-15,532386501158.4793,1.4789133719801492e-14
403,1,15,-3.5,3.5,-0.7071067811865475,2.0073851006683626e-08,1.7846901890612812e-12,-8.559701036858769e-08,0.9999999144029933,3.552713678800501e-15,421681511202.2349,1.1724127155005787e-14
404,1,15,-3.5,3.5,-0.5773502691896258,1.929587268107267e-08,1.7846901890612812e-12,-1.0017062912481833e-07,0.9999998998293759,0.0,351183013200.1201,9.73272801225236e-15
405,1,15,-3.5,3.5,-0.5,1.8816809249798815e-08,1.7846901890612812e-12,-1.1071334071743877e-07,0.9999998892866654,0.0,322933220504.4082,9.0721155767869e-15
406,1,15,-3.5,3.5,-0.3333333333333333,1.774065790440965e-08,1.7846901890612812e-12,-1.3998441872331568e-07,0.999999860015591,-3.552713678800501e-15,279741137102.7978,7.854638927104098e-15
407,1,15,-3.5,3.5,0.0,1.5363860450982016e-08,1.7846901890612812e-12,-2.4845959600838796e-07,0.9999997515404349,-3.552713678800501e-15,228478154445.0663,6.411307696168374e-15
408,1,15,-3.5,3.5,0.3333333333333333,1.2544539570394995e-08,1.7846901890612812e-12,-5.5838866686031e-07,0.999999441611489,-7.105427357601002e-15,197904202630.9524,5.7055402341839904e-15
409,1,15,-3.5,3.5,0.5,1.0863889983389198e-08,1.7846901890612812e-12,-9.922893511316033e-07,0.9999990077111411,-7.105427357601002e-15,186598442468.65625,5.069950795724951e-15
410,1,15,-3.5,3.5,0.5773502691896258,9.98827880019035e-09,1.7846901890612812e-12,-1.3885215714992682e-06,0.9999986114793925,-7.105427357601002e-15,181970676331.6151,4.863474618362128e-15
411,1,15,-3.5,3.5,0.7071067811865475,8.31486149469522e-09,1.7846901890612812e-12,-2.890754664974793e-06,0.9999971092495132,1.4210854715202004e-14,174925290251.13177,4.710437285495194e-15
412,1,15,-3.5,3.5,0.816496580927726,6.58146304606181e-09,1.7846901890612812e-12,-7.36367161380258e-06,0.999992636355498,2.842170943040401e-14,169580880761.8068,4.319012094463405e-15
414,1,16,-3.5,4.0,-1.0,2.1727907224761014e-08,1.9121680597072573e-12,-8.219996416869435e-08,0.9999999178000392,-1.7763568394002505e-15,1256686666.325141,4.932719684826191e-15
415,1,16,-3.5,4.0,-0.816496580927726,2.070714348958364e-08,1.9121680597072573e-12,-9.953699731113375e-08,0.9999999004630077,1.7763568394002505e-15,269978469833.17908,1.5938228401264108e-14
416,1,16,-3.5,4.0,-0.7071067811865475,2.0073968782598127e-08,1.9121680597072573e-12,-1.1263388799420682e-07,0.9999998873661183,0.0,275506184295.36304,1.1741526926241291e-14
417,1,16,-3.5,4.0,-0.5773502691896258,1.92959858934145e-08,1.9121680597072573e-12,-1.3183870350985671e-07,0.9999998681613051,7.105427357601002e-15,261474048192.1764,8.753520187566684e-15
418,1,16,-3.5,4.0,-0.5,1.8816919652003703e-08,1.9121680597072573e-12,-1.45731668510507e-07,0.9999998542683421,7.105427357601002e-15,251673986667.7288,1.0185703323738484e-14
419,1,16,-3.5,4.0,-0.3333333333333333,1.7740761994082353e-08,1.9121680597072573e-12,-1.8430449699735618e-07,0.99999981569552,-3.552713678800501e-15,232052961461.8881,9.074277170864024e-15
420,1,16,-3.5,4.0,0.0,1.5363950599116894e-08,1.9121680597072573e-12,-3.272508521945383e-07,0.9999996727492013,-3.552713678800501e-15,201752031985.68625,8.016928626224456e-15
421,1,16,-3.5,4.0,0.3333333333333333,1.2544613182299875e-08,1.9121680597072573e-12,-7.356689657456172e-07,0.9999992643313048,2.1316282072803006e-14,180326187151.194,6.261710561640541e-15
422,1,16,-3.5,4.0,0.5,1.0863953738591007e-08,1.9121680597072573e-12,-1.3074543794289184e-06,0.9999986925464753,7.105427357601002e-15,171831949361.64664,5.505640396850202e-15
423,1,16,-3.5,4.0,0.5773502691896258,9.98833742047981e-09,1.9121680597072573e-12,-1.829600989822211e-06,0.999998170400684,0.0,168276409871.83984,1.4508309583377657e-15
424,1,16,-3.5,4.0,0.7071067811865475,8.314910302551951e-09,1.9121680597072573e-12,-3.8092127567779244e-06,0.9999961907944983,1.4210854715202004e-14,162794095031.97412,4.499069053187378e-15
425,1,16,-3.5,4.0,0.816496580927726,6.581501692319355e-09,1.9121680597072573e-12,-9.70353025309123e-06,0.999990296516826,0.0,158623486115.55026,5.771701065018067e-16
427,2,2,-3.0,-3.0,-1.0,2.1726250012442602e-08,0.0,-5.16330089794792e-10,0.9999999994836699,0.0,8740277.296964265,5.114652780761281e-15
428,2,2,-3.0,-3.0,-0.816496580927726,2.0705564123982052e-08,0.0,-5.163336425084708e-10,0.9999999994836664,0.0,8877223.648326617,4.825927579326858e-15
429,2,2,-3.0,-3.0,-0.7071067811865475,2.0072437704718812e-08,0.0,-5.163336425084708e-10,0.9999999994836664,0.0,8962424.57818181,4.987878357199172e-15
430,2,2,-3.0,-3.0,-0.5773502691896258,1.9294514146495254e-08,0.0,-5.163336425084708e-10,0.9999999994836664,0.0,9067269.875148648,5.1356284054587625e-15
431,2,2,-3.0,-3.0,-0.5,1.8815484439747275e-08,0.0,-5.163336425084708e-10,0.9999999994836664,0.0,9131869.560915597,5.303270437335202e-15
432,2,2,-3.0,-3.0,-0.3333333333333333,1.7739408851540356e-08,0.0,-5.163336425084708e-10,0.9999999994836664,0.0,9276911.9095236,5.421137930350195e-15
433,2,2,-3.0,-3.0,0.0,1.536277871355248e-08,0.0,-5.163336425084708e-10,0.9999999994836664,0.0,9598863.539046846,4.851212702561024e-15
434,2,2,-3.0,-3.0,0.3333333333333333,1.2543656293164849e-08,0.0,-5.163336425084708e-10,0.9999999994836664,0.0,10237000.224861382,4.366853824324137e-15
435,2,2,-3.0,-3.0,0.5,1.0863125006221301e-08,0.0,-5.163336425084708e-10,0.9999999994836664,0.0,11324611.383990172,2.9605971939625124e-15
436,2,2,-3.0,-3.0,0.5773502691896258,9.98757545422596e-09,0.0,-5.163336425084708e-10,0.9999999994836664,0.0,12297946.12373745,4.543795680570644e-16
437,2,2,-3.0,-3.0,0.7071067811865475,8.314275927183613e-09,0.0,-5.163336425084708e-10,0.9999999994836664,0.0,15081557.47189742,2.346591716494365e-15
438,2,2,-3.0,-3.0,0.816496580927726,6.580999461391076e-09,0.0,-5.163336425084708e-10,0.9999999994836664,0.0,19073230.31086668,1.0937646812507231e-14
439,2,3,-3.0,-2.5,-1.0,2.1726377490313253e-08,1.2747787064597572e-13,-5.179465745186462e-10,0.9999999994820534,0.0,10401822.636577254,5.013935153544228e-15
440,2,3,-3.0,-2.5,-0.816496580927726,2.0705685613056595e-08,1.2747787064597572e-13,-5.182911877454899e-10,0.9999999994817088,0.0,10596813.478680035,4.921674264003675e-15
441,2,3,-3.0,-2.5,-0.7071067811865475,2.0072555478973634e-08,1.2747787064597572e-13,-5.185505358440423e-10,0.9999999994814495,-3.552713678800501e-15,10719179.966492975,5.039257620130298e-15
442,2,3,-3.0,-2.5,-0.5773502691896258,1.9294627356345578e-08,1.2747787064597572e-13,-5.18930676207674e-10,0.9999999994810693,-3.552713678800501e-15,10870960.071808,5.311582348269663e-15
443,2,3,-3.0,-2.5,-0.5,1.8815594838929632e-08,1.2747787064597572e-13,-5.192042351609416e-10,0.9999999994807958,-3.552713678800501e-15,10965184.959182467,5.2659394110635e-15
444,2,3,-3.0,-2.5,-0.3333333333333333,1.7739512936938558e-08,1.2747787064597572e-13,-5.199680686018837e-10,0.9999999994800319,-3.552713678800501e-15,11178952.109916348,4.998621867908411e-15
445,2,3,-3.0,-2.5,0.0,1.5362868854283712e-08,1.2747787064597572e-13,-5.227889232628513e-10,0.9999999994772111,0.0,11723433.420978202,4.9253488762801095e-15
446,2,3,-3.0,-2.5,0.3333333333333333,1.2543729892979622e-08,1.2747787064597572e-13,-5.30860688741086e-10,0.9999999994691393,-3.552713678800501e-15,14600755.611869156,2.0411493199344147e-15
447,2,3,-3.0,-2.5,0.5,1.0863188745717599e-08,1.2747787064597572e-13,-5.421583182396716e-10,0.9999999994578417,0.0,20406367.38463034,3.651105783058406e-15
448,2,3,-3.0,-2.5,0.5773502691896258,9.987634056552225e-09,1.2747787064597572e-13,-5.524718460492295e-10,0.9999999994475282,0.0,25253128.11318986,1.0473776159740315e-14
449,2,3,-3.0,-2.5,0.7071067811865475,8.31432471168685e-09,1.2747787064597572e-13,-5.91587223652823e-10,0.9999999994084128,3.552713678800501e-15,37937276.71307425,1.7478894917559995e-14
450,2,3,-3.0,-2.5,0.816496580927726,6.581038076253779e-09,1.2747787064597572e-13,-7.08052283471261e-10,0.9999999992919477,0.0,54427154.43877666,3.6412971782514596e-14
452,2,4,-3.0,-2.0,-1.0,2.17265049681839e-08,2.5495574129415405e-13,-5.421547655259928e-10,0.9999999994578452,3.552713678800501e-15,12586449.80466318,4.8836082357273156e-15
453,2,4,-3.0,-2.0,-0.816496580927726,2.0705807102203153e-08,2.5495574129415405e-13,-5.47636602732382e-10,0.9999999994523634,3.552713678800501e-15,12873940.60422361,4.919234678857816e-15
454,2,4,-3.0,-2.0,-0.7071067811865475,2.0072673253347014e-08,2.5495574129415405e-13,-5.517790668818634e-10,0.9999999994482209,0.0,13056470.02575945,5.278445888174641e-15
455,2,4,-3.0,-2.0,-0.5773502691896258,1.929474056637389e-08,2.5495574129415405e-13,-5.578471018452547e-10,0.9999999994421529,3.552713678800501e-15,13285384.690143,5.327697866610628e-15
456,2,4,-3.0,-2.0,-0.5,1.881570523832791e-08,2.5495574129415405e-13,-5.622382559522521e-10,0.9999999994377617,3.552713678800501e-15,13429035.406229882,5.270707353853612e-15
457,2,4,-3.0,-2.0,-0.3333333333333333,1.7739617022642116e-08,2.5495574129415405e-13,-5.744347220115742e-10,0.9999999994255653,0.0,13761954.045047898,4.872507577980441e-15
458,2,4,-3.0,-2.0,0.0,1.5362958995543826e-08,2.5495574129415405e-13,-6.196216872922378e-10,0.9999999993803783,0.0,15396928.11574336,6.048755749292621e-15
459,2,4,-3.0,-2.0,0.3333333333333333,1.254380349365806e-08,2.5495574129415405e-13,-7.487379605208844e-10,0.999999999251262,0.0,32377424.255108364,6.558321172779111e-15
460,2,4,-3.0,-2.0,0.5,1.0863252486335835e-08,2.5495574129415405e-13,-9.294964797845751e-10,0.9999999990705035,3.552713678800501e-15,61071670.5619129,1.1711743443788384e-14
461,2,4,-3.0,-2.0,0.5773502691896258,9.987692660161707e-09,2.5495574129415405e-13,-1.0945662154426827e-09,0.9999999989054338,-3.552713678800501e-15,82345016.23460355,7.962243770300881e-15
462,2,4,-3.0,-2.0,0.7071067811865475,8.314373497858366e-09,2.5495574129415405e-13,-1.7203802826770698e-09,0.9999999982796197,0.0,132602941.33574916,2.247485771242145e-15
463,2,4,-3.0,-2.0,0.816496580927726,6.581076693359202e-09,2.5495574129415405e-13,-3.5837572909258597e-09,0.9999999964162427,3.552713678800501e-15,191573583.04149935,1.5712158813176144e-14
465,2,5,-3.0,-1.5,-1.0,2.1726632446054546e-08,3.8243361194012977e-13,-6.470557423199352e-10,0.9999999993529443,0.0,15539191.763980608,5.034437920319484e-15
466,2,5,-3.0,-1.5,-0.816496580927726,2.070592859142171e-08,3.8243361194012977e-13,-6.748024361513671e-10,0.9999999993251976,3.552713678800501e-15,15981568.207601769,5.011632173795929e-15
467,2,5,-3.0,-1.5,-0.7071067811865475,2.0072791027838952e-08,3.8243361194012977e-13,-6.957634468562901e-10,0.9999999993042366,0.0,16267054.27528916,5.2671906919730825e-15
468,2,5,-3.0,-1.5,-0.5773502691896258,1.9294853776580176e-08,3.8243361194012977e-13,-7.264979728915932e-10,0.999999999273502,0.0,16630932.763504824,5.1519465614487504e-15
469,2,5,-3.0,-1.5,-0.5,1.8815815637942102e-08,3.8243361194012977e-13,-7.487344078072056e-10,0.9999999992512656,0.0,16863582.785974853,5.080870296191387e-15
470,2,5,-3.0,-1.5,-0.3333333333333333,1.7739721108651023e-08,3.8243361194012977e-13,-8.104592552626855e-10,0.9999999991895407,0.0,17483432.87639653,4.474584414901487e-15
471,2,5,-3.0,-1.5,0.0,1.5363049137332822e-08,3.8243361194012977e-13,-1.0392291471816861e-09,0.9999999989607709,3.552713678800501e-15,27988145.38627656,7.586838787697831e-15
472,2,5,-3.0,-1.5,0.3333333333333333,1.2543877095200154e-08,3.8243361194012977e-13,-1.6928574098074023e-09,0.9999999983071426,-3.552713678800501e-15,120467104.01177453,2.0780735961924705e-14
473,2,5,-3.0,-1.5,0.5,1.086331622807599e-08,3.8243361194012977e-13,-2.6079263193423685e-09,0.9999999973920737,0.0,240364116.84202653,1.9714129221533782e-14
474,2,5,-3.0,-1.5,0.5773502691896258,9.98775126505438e-09,3.8243361194012977e-13,-3.4435565510193555e-09,0.9999999965564434,0.0,319023069.86963886,1.1210094266802703e-14
475,2,5,-3.0,-1.5,0.7071067811865475,8.314422285698128e-09,3.8243361194012977e-13,-6.611678315948666e-09,0.9999999933883217,0.0,487593963.11090696,3.875083332297346e-14
476,2,5,-3.0,-1.5,0.816496580927726,6.5811153127073e-09,3.8243361194012977e-13,-1.604480104333561e-08,0.9999999839551991,0.0,667117788.0647781,2.412355715478657e-14
478,2,6,-3.0,-1.0,-1.0,2.1726759923925195e-08,5.099114825883081e-13,-9.294787162161811e-10,0.9999999990705213,0.0,19667361.13502214,4.924786151789993e-15
479,2,6,-3.0,-1.0,-0.816496580927726,2.070605008071228e-08,5.099114825883081e-13,-1.017166795236335e-09,0.9999999989828332,0.0,20385617.91559461,5.299491980213756e-15
480,2,6,-3.0,-1.0,-0.7071067811865475,2.0072908802449445e-08,5.099114825883081e-13,-1.0834106944912492e-09,0.9999999989165893,-3.552713678800501e-15,20860414.31542366,5.178872146154755e-15
481,2,6,-3.0,-1.0,-0.5773502691896258,1.9294966986964442e-08,5.099114825883081e-13,-1.1805418864696549e-09,0.9999999988194581,3.552713678800501e-15,21483472.887801018,4.855273116301554e-15
482,2,6,-3.0,-1.0,-0.5,1.88159260377722e-08,5.099114825883081e-13,-1.25081101032265e-09,0.999999998749189,3.552713678800501e-15,21925823.41525855,4.757318636632995e-15
483,2,6,-3.0,-1.0,-0.3333333333333333,1.773982519496527e-08,5.099114825883081e-13,-1.4459082819939795e-09,0.9999999985540917,0.0,24629803.549429856,3.78128300027402e-15
484,2,6,-3.0,-1.0,0.0,1.5363139279650688e-08,5.099114825883081e-13,-2.1689068319119542e-09,0.9999999978310932,0.0,102475860.72219296,2.370206268558961e-14
485,2,6,-3.0,-1.0,0.3333333333333333,1.2543950697605883e-08,5.099114825883081e-13,-4.2346322004505055e-09,0.9999999957653678,3.552713678800501e-15,519976176.51098543,1.2379993404575118e-14
486,2,6,-3.0,-1.0,0.5,1.0863379970938041e-08,5.099114825883081e-13,-7.1266441636907985e-09,0.9999999928733558,-3.552713678800501e-15,931790838.0960176,2.1621129024243556e-14
487,2,6,-3.0,-1.0,0.5773502691896258,9.987809871230227e-09,5.099114825883081e-13,-9.76758585125026e-09,0.9999999902324141,-3.552713678800501e-15,1172569680.1287904,8.743189488100313e-15
488,2,6,-3.0,-1.0,0.7071067811865475,8.31447107520611e-09,5.099114825883081e-13,-1.978017749593164e-08,0.9999999802198227,3.552713678800501e-15,1644763673.7693183,2.4352630063424062e-14
489,2,6,-3.0,-1.0,0.816496580927726,6.581153934298038e-09,5.099114825883081e-13,-4.959280985872283e-08,0.9999999504071914,-7.105427357601002e-15,2104823428.907813,1.2006883350723335e-14
491,2,7,-3.0,-0.5,-1.0,2.172688740179584e-08,6.373893532342839e-13,-1.5249597140609694e-09,0.9999999984750403,0.0,25688933.27475981,5.075538133546188e-15
492,2,7,-3.0,-0.5,-0.816496580927726,2.0706171570074854e-08,6.373893532342839e-13,-1.7390426876318088e-09,0.9999999982609573,-3.552713678800501e-15,26939387.284938976,5.254797737018146e-15
493,2,7,-3.0,-0.5,-0.7071067811865475,2.00730265771785e-08,6.373893532342839e-13,-1.900758661577129e-09,0.9999999980992413,3.552713678800501e-15,27798494.312417865,5.092399241145806e-15
494,2,7,-3.0,-0.5,-0.5773502691896258,1.929508019752668e-08,6.373893532342839e-13,-2.1379022996370622e-09,0.9999999978620977,0.0,29156212.191723384,4.5997213171160495e-15
495,2,7,-3.0,-0.5,-0.5,1.8816036437818207e-08,6.373893532342839e-13,-2.3094486323316232e-09,0.9999999976905514,3.552713678800501e-15,31351856.60489105,4.396413991686467e-15
496,2,7,-3.0,-0.5,-0.3333333333333333,1.7739929281584853e-08,6.373893532342839e-13,-2.785746744393691e-09,0.9999999972142533,3.552713678800501e-15,60706304.98403391,3.068289446575348e-15
497,2,7,-3.0,-0.5,0.0,1.5363229422497407e-08,6.373893532342839e-13,-4.550848586859502e-09,0.9999999954491514,0.0,538160767.8926183,1.2626207463994022e-14
498,2,7,-3.0,-0.5,0.3333333333333333,1.2544024300875234e-08,6.373893532342839e-13,-9.593996708190389e-09,0.9999999904060033,-3.552713678800501e-15,2045220489.85672,2.9842824552513595e-14
499,2,7,-3.0,-0.5,0.5,1.0863443714921966e-08,6.373893532342839e-13,-1.6654400525339952e-08,0.9999999833455996,0.0,3188651005.963104,2.886160052043902e-14
500,2,7,-3.0,-0.5,0.5773502691896258,9.987868478689224e-09,6.373893532342839e-13,-2.3101861756913422e-08,0.9999999768981385,0.0,3790252222.16019,2.0254795187996462e-14
501,2,7,-3.0,-0.5,0.7071067811865475,8.314519866382281e-09,6.373893532342839e-13,-4.7546109271934256e-08,0.9999999524538918,-3.552713678800501e-15,4879930104.032073,6.253691646071869e-15
502,2,7,-3.0,-0.5,0.816496580927726,6.581192558131377e-09,6.373893532342839e-13,-1.203291333240486e-07,0.9999998796708739,-3.552713678800501e-15,5859189110.554107,3.7436083498027576e-15
504,2,8,-3.0,0.0,-1.0,2.172701487966649e-08,7.648672238824622e-13,-2.607777105367859e-09,0.9999999973922229,0.0,34967205.63245122,4.900687676633067e-15
505,2,8,-3.0,0.0,-0.816496580927726,2.070629305950943e-08,7.648672238824622e-13,-3.051681574106624e-09,0.9999999969483184,0.0,37361379.85090685,5.184902064459421e-15
506,2,8,-3.0,0.0,-0.7071067811865475,2.0073144352026102e-08,7.648672238824622e-13,-3.3870151128212456e-09,0.9999999966129849,0.0,39214431.61745596,4.7498970975823526e-15
507,2,8,-3.0,0.0,-0.5773502691896258,1.9295193408266887e-08,7.648672238824622e-13,-3.878739107676665e-09,0.9999999961212609,0.0,50200507.50892407,1.7809972767146267e-15
508,2,8,-3.0,0.0,-0.5,1.8816146838080108e-08,7.648672238824622e-13,-4.2344545647665655e-09,0.9999999957655454,0.0,83856842.3580422,3.731649991478485e-15
509,2,8,-3.0,0.0,-0.3333333333333333,1.7740033368509766e-08,7.648672238824622e-13,-5.222084098477353e-09,0.9999999947779159,0.0,377457958.21995264,1.4369872343239496e-14
510,2,8,-3.0,0.0,0.0,1.5363319565872976e-08,7.648672238824622e-13,-8.882111046659702e-09,0.999999991117889,0.0,2599295892.937722,4.9531118432744135e-15
511,2,8,-3.0,0.0,0.3333333333333333,1.2544097905008193e-08,7.648672238824622e-13,-1.9339335466384e-08,0.9999999806606648,-3.552713678800501e-15,6835234108.55338,5.999501253973545e-15
512,2,8,-3.0,0.0,0.5,1.0863507460027753e-08,7.648672238824622e-13,-3.3979446811827074e-08,0.9999999660205537,-3.552713678800501e-15,9350180370.7381,6.119717130104736e-15
513,2,8,-3.0,0.0,0.5773502691896258,9.987927087431346e-09,7.648672238824622e-13,-4.734859615496134e-08,0.999999952651405,0.0,10552814097.159328,3.61486256699231e-15
514,2,8,-3.0,0.0,0.7071067811865475,8.314568659226612e-09,7.648672238824622e-13,-9.803498812743783e-08,0.9999999019650166,-5.329070518200751e-15,12581932769.118584,8.792466366904203e-15
515,2,8,-3.0,0.0,0.816496580927726,6.581231184207275e-09,7.648672238824622e-13,-2.4895432559901565e-07,0.9999997510457054,-3.552713678800501e-15,14276094525.63787,5.477779220701706e-15
517,2,9,-3.0,0.5,-1.0,2.172714235753714e-08,8.923450945306406e-13,-4.390901864326224e-09,0.9999999956090981,-3.552713678800501e-15,50356206.22178665,5.030556495453607e-15
518,2,9,-3.0,0.5,-0.816496580927726,2.0706414549016018e-08,8.923450945306406e-13,-5.21326626312657e-09,0.9999999947867337,-3.552713678800501e-15,55652385.66602105,4.819575985455408e-15
519,2,9,-3.0,0.5,-0.7071067811865475,2.007326212699226e-08,8.923450945306406e-13,-5.8345008824289835e-09,0.9999999941654991,0.0,70050348.80788039,4.254414559652081e-16
520,2,9,-3.0,0.5,-0.5773502691896258,1.9295306619185065e-08,8.923450945306406e-13,-6.7454593022375775e-09,0.9999999932545407,-3.552713678800501e-15,284812139.95506185,7.115419738368721e-15
521,2,9,-3.0,0.5,-0.5,1.881625723855792e-08,8.923450945306406e-13,-7.4044521625182824e-09,0.9999999925955478,3.552713678800501e-15,698603402.5030248,1.092092380872274e-14
522,2,9,-3.0,0.5,-0.3333333333333333,1.774013745574001e-08,8.923450945306406e-13,-9.234113917955256e-09,0.9999999907658861,0.0,2664421117.638056,1.789646370262331e-14
523,2,9,-3.0,0.5,0.0,1.5363409709777387e-08,8.923450945306406e-13,-1.6014606529779485e-08,0.9999999839853936,0.0,10135335798.915834,1.6184168504749622e-14
524,2,9,-3.0,0.5,0.3333333333333333,1.2544171510004744e-08,8.923450945306406e-13,-3.5387444086154574e-08,0.9999999646125566,0.0,19075479033.9224,2.2397660000580727e-14
525,2,9,-3.0,0.5,0.5,1.0863571206255378e-08,8.923450945306406e-13,-6.250941808616517e-08,0.9999999374905839,3.552713678800501e-15,23304057927.728542,4.910772120617735e-16
526,2,9,-3.0,0.5,0.5773502691896258,9.987985697456575e-09,8.923450945306406e-13,-8.727683820097809e-08,0.9999999127231656,1.7763568394002505e-15,25156825053.491016,7.581833672400631e-16
527,2,9,-3.0,0.5,0.7071067811865475,8.314617453739073e-09,8.923450945306406e-13,-1.8117743394441277e-07,0.9999998188225825,0.0,28086465678.13017,7.334267497535269e-15
528,2,9,-3.0,0.5,0.816496580927726,6.581269812525694e-09,8.923450945306406e-13,-4.6076756277102504e-07,0.9999995392325434,0.0,30367957101.307102,2.2610856091565845e-15
530,2,10,-3.0,1.0,-1.0,2.172726983540778e-08,1.0198229651766164e-12,-7.1260188860833296e-09,0.9999999928739811,3.552713678800501e-15,78689564.42494057,4.923526948857319e-15
531,2,10,-3.0,1.0,-0.816496580927726,2.07065360385946e-08,1.0198229651766164e-12,-8.528903805427035e-09,0.9999999914710962,-3.552713678800501e-15,103499684.92366622,5.758920408245749e-16
532,2,10,-3.0,1.0,-0.7071067811865475,2.0073379902076955e-08,1.0198229651766164e-12,-9.588674743099546e-09,0.9999999904113253,0.0,568673990.9796718,1.7399021565360344e-14
533,2,10,-3.0,1.0,-0.5773502691896258,1.9295419830281206e-08,1.0198229651766164e-12,-1.1142699207766782e-08,0.9999999888573009,0.0,3231989771.2820253,2.1392823873952722e-14
534,2,10,-3.0,1.0,-0.5,1.8816367639251615e-08,1.0198229651766164e-12,-1.2266891502576982e-08,0.9999999877331086,-3.552713678800501e-15,6064910251.322783,1.6667926374840333e-14
535,2,10,-3.0,1.0,-0.3333333333333333,1.7740241543275566e-08,1.0198229651766164e-12,-1.5388128105087162e-08,0.999999984611872,0.0,14086496781.310228,1.2457041444936776e-14
536,2,10,-3.0,1.0,0.0,1.5363499854210625e-08,1.0198229651766164e-12,-2.6955081722235263e-08,0.9999999730449186,3.552713678800501e-15,31054841510.00133,5.773359732865927e-15
537,2,10,-3.0,1.0,0.3333333333333333,1.2544245115864868e-08,1.0198229651766164e-12,-6.000351504553691e-08,0.9999999399964867,7.105427357601002e-15,44246004803.7688,1.896743903002098e-15
538,2,10,-3.0,1.0,0.5,1.0863634953604819e-08,1.0198229651766164e-12,-1.0627132596141564e-07,0.9999998937286797,0.0,49246510280.42484,8.210894697994055e-15
539,2,10,-3.0,1.0,0.5773502691896258,9.988044308764881e-09,1.0198229651766164e-12,-1.485224601083246e-07,0.9999998514775509,0.0,51252264488.536575,1.3397369163387495e-14
540,2,10,-3.0,1.0,0.7071067811865475,8.314666249919635e-09,1.0198229651766164e-12,-3.0870894818235683e-07,0.9999996912910994,7.105427357601002e-15,54215130946.325096,2.5048952254805033e-14
541,2,10,-3.0,1.0,0.816496580927726,6.581308443086595e-09,1.0198229651766164e-12,-7.856661987659663e-07,0.9999992143341099,-2.1316282072803006e-14,56346404984.282585,1.0967531241853518e-14
543,2,11,-3.0,1.5,-1.0,2.172739731327843e-08,1.1473008358247947e-12,-1.1103526986744328e-08,0.9999999888964731,0.0,139916121.23390177,4.899030997086463e-15
544,2,11,-3.0,1.5,-0.816496580927726,2.0706657528245184e-08,1.1473008358247947e-12,-1.3350618388585644e-08,0.9999999866493817,-3.552713678800501e-15,1370414083.7215753,1.72235819898726e-14
545,2,11,-3.0,1.5,-0.7071067811865475,2.007349767728021e-08,1.1473008358247947e-12,-1.5048133406025954e-08,0.9999999849518667,0.0,9330090099.527563,7.155043674424731e-15
546,2,11,-3.0,1.5,-0.5773502691896258,1.9295533041555314e-08,1.1473008358247947e-12,-1.7537310270654416e-08,0.9999999824626898,0.0,24813773944.833675,1.2452377425641778e-14
547,2,11,-3.0,1.5,-0.5,1.8816478040161205e-08,1.1473008358247947e-12,-1.933800675146813e-08,0.9999999806619935,0.0,34318421346.15323,3.334678970644952e-15
548,2,11,-3.0,1.5,-0.3333333333333333,1.7740345631116443e-08,1.1473008358247947e-12,-2.433750978525495e-08,0.9999999756624905,7.105427357601002e-15,51983054710.61318,2.1427975092334867e-14
549,2,11,-3.0,1.5,0.0,1.5363589999172687e-08,1.1473008358247947e-12,-4.286510346673822e-08,0.9999999571348974,-7.105427357601002e-15,74315201746.98386,2.258577999410628e-15
550,2,11,-3.0,1.5,0.3333333333333333,1.2544318722588553e-08,1.1473008358247947e-12,-9.580106841156066e-08,0.9999999041989361,-5.329070518200751e-15,85177750032.0089,5.732497627801968e-15
551,2,11,-3.0,1.5,0.5,1.0863698702076062e-08,1.1473008358247947e-12,-1.6991140938671379e-07,0.999999830088605,0.0,88163921872.815,1.2807397477779048e-14
552,2,11,-3.0,1.5,0.5773502691896258,9.98810292135625e-09,1.1473008358247947e-12,-2.3758795819617262e-07,0.99999976241207,7.105427357601002e-15,89177097531.2277,6.673157009052831e-15
553,2,11,-3.0,1.5,0.7071067811865475,8.314715047768268e-09,1.1473008358247947e-12,-4.941697504534659e-07,0.9999995058303717,0.0,90452296353.55183,7.085161642773868e-15
554,2,11,-3.0,1.5,0.816496580927726,6.581347075889939e-09,1.1473008358247947e-12,-1.2581450725690502e-06,0.9999987418557189,0.0,91163090579.4312,1.3055563817661282e-14
556,2,12,-3.0,2.0,-1.0,2.1727524791149077e-08,1.2747787064707706e-12,-1.665251048166283e-08,0.9999999833474896,-3.552713678800501e-15,314916834.3680657,4.9210477022288604e-15
557,2,12,-3.0,2.0,-0.816496580927726,2.070677901796777e-08,1.2747787064707706e-12,-2.0077347784308586e-08,0.9999999799226524,0.0,35582569650.67122,1.5437794730478043e-14
558,2,12,-3.0,2.0,-0.7071067811865475,2.0073615452602e-08,1.2747787064707706e-12,-2.2664572441044584e-08,0.9999999773354278,-3.552713678800501e-15,77074697206.1852,1.1482494225796044e-14
559,2,12,-3.0,2.0,-0.5773502691896258,1.929564625300737e-08,1.2747787064707706e-12,-2.6458383928229523e-08,0.9999999735416164,-3.552713678800501e-15,108013732279.85033,2.1190068253960083e-14
560,2,12,-3.0,2.0,-0.5,1.8816588441286676e-08,1.2747787064707706e-12,-2.9202865903243946e-08,0.9999999707971345,0.0,119149742063.26105,7.043518382036612e-15
561,2,12,-3.0,2.0,-0.3333333333333333,1.7740449719262626e-08,1.2747787064707706e-12,-3.682272620153526e-08,0.9999999631772745,-7.105427357601002e-15,132365887340.0787,1.1297180551383827e-14
562,2,12,-3.0,2.0,0.0,1.5363680144663558e-08,1.2747787064707706e-12,-6.506102856462803e-08,0.9999999349389735,-3.552713678800501e-15,138665899493.15536,9.4634359577336e-15
563,2,12,-3.0,2.0,0.3333333333333333,1.2544392330175784e-08,1.2747787064707706e-12,-1.4574189677318827e-07,0.9999998542581139,-3.552713678800501e-15,136024478391.49425,4.4870715162262e-16
564,2,12,-3.0,2.0,0.5,1.086376245166908e-08,1.2747787064707706e-12,-2.5869510622555936e-07,0.9999997413049272,3.552713678800501e-15,133673408140.83572,1.1414977200569042e-16
565,2,12,-3.0,2.0,0.5773502691896258,9.988161535230653e-09,1.2747787064707706e-12,-3.6184244578407743e-07,0.9999996381576197,3.552713678800501e-15,132485773711.27563,8.06211266654734e-16
566,2,12,-3.0,2.0,0.7071067811865475,8.314763847284942e-09,1.2747787064707706e-12,-7.529044090404113e-07,0.9999992470958744,1.4210854715202004e-14,130412821213.854,1.5210487432613521e-15
567,2,12,-3.0,2.0,0.816496580927726,6.581385710935681e-09,1.2747787064707706e-12,-1.917296081899167e-06,0.9999980827057561,0.0,128595351643.47723,1.77986088153529e-15
569,2,13,-3.0,2.5,-1.0,2.172765226901972e-08,1.4022565771189487e-12,-2.4140746290868265e-08,0.999999975859254,7.105427357601002e-15,1260927526.459447,5.105211442102038e-15
570,2,13,-3.0,2.5,-0.816496580927726,2.0706900507762347e-08,1.4022565771189487e-12,-2.9154943348430606e-08,0.9999999708450571,0.0,270390914591.6044,1.3543758970345624e-14
571,2,13,-3.0,2.5,-0.7071067811865475,2.0073733228042332e-08,1.4022565771189487e-12,-3.294281114563091e-08,0.9999999670571894,3.552713678800501e-15,275690199967.6115,1.1290909031643835e-14
572,2,13,-3.0,2.5,-0.5773502691896258,1.9295759464637388e-08,1.4022565771189487e-12,-3.849719831805487e-08,0.9999999615028025,0.0,261528814968.39764,1.2369051118290315e-14
573,2,13,-3.0,2.5,-0.5,1.881669884262804e-08,1.4022565771189487e-12,-4.251529972520984e-08,0.9999999574847012,0.0,251684368769.32755,1.2125337093528368e-14
574,2,13,-3.0,2.5,-0.3333333333333333,1.7740553807714118e-08,1.4022565771189487e-12,-5.3671271871280624e-08,0.9999999463287296,0.0,232004657543.33316,8.550011879630051e-15
575,2,13,-3.0,2.5,0.0,1.5363770290683232e-08,1.4022565771189487e-12,-9.501400377587288e-08,0.9999999049860008,0.0,201642685996.9916,5.902448387801961e-15
576,2,13,-3.0,2.5,0.3333333333333333,1.2544465938626548e-08,1.4022565771189487e-12,-2.1313609011031076e-07,0.9999997868639326,0.0,180164162355.5848,5.759178977016103e-15
577,2,13,-3.0,2.5,0.5,1.086382620238386e-08,1.4022565771189487e-12,-3.7850702128139346e-07,0.9999996214930503,-7.105427357601002e-15,171628210914.6929,7.823733815925052e-15
578,2,13,-3.0,2.5,0.5773502691896258,9.98822015038807e-09,1.4022565771189487e-12,-5.295214968725759e-07,0.9999994704786433,-7.105427357601002e-15,168043511070.52905,3.632104319956938e-15
579,2,13,-3.0,2.5,0.7071067811865475,8.314812648469631e-09,1.4022565771189487e-12,-1.1020618835289042e-06,0.9999988979387238,-7.105427357601002e-15,162479493024.8368,6.3860222415353765e-15
580,2,13,-3.0,2.5,0.816496580927726,6.581424348223791e-09,1.4022565771189487e-12,-2.806807700039826e-06,0.999997193196239,2.842170943040401e-14,158152279874.72937,4.0522282772820305e-15
582,2,14,-3.0,3.0,-1.0,2.172777974689037e-08,1.5297344477649244e-12,-3.397472880806163e-08,0.9999999660252717,0.0,97621324263024.72,4.961774526792226e-15
583,2,14,-3.0,3.0,-0.816496580927726,2.070702199762892e-08,1.5297344477649244e-12,-4.107614870463294e-08,0.9999999589238522,0.0,532386358416.9212,1.4789137685012012e-14
584,2,14,-3.0,3.0,-0.7071067811865475,2.0073851003601207e-08,1.5297344477649244e-12,-4.644076412319009e-08,0.999999953559237,0.0,421681457513.7655,1.1724128647721275e-14
585,2,14,-3.0,3.0,-0.5773502691896258,1.9295872676445347e-08,1.5297344477649244e-12,-5.430723959420902e-08,0.9999999456927618,0.0,351182996791.387,9.732728467005974e-15
586,2,14,-3.0,3.0,-0.5,1.8816809244185276e-08,1.5297344477649244e-12,-5.999792485056332e-08,0.9999999400020769,5.329070518200751e-15,322933215967.73926,9.072115704234875e-15
587,2,14,-3.0,3.0,-0.3333333333333333,1.7740657896470905e-08,1.5297344477649244e-12,-7.579773075860885e-08,0.9999999242022721,1.7763568394002505e-15,279741149015.1592,7.636454187275245e-15
588,2,14,-3.0,3.0,0.0,1.5363860437231697e-08,1.5297344477649244e-12,-1.3434993562100317e-07,0.9999998656500734,-7.105427357601002e-15,228478191035.33044,6.4113066694119865e-15
589,2,14,-3.0,3.0,0.3333333333333333,1.2544539547940827e-08,1.5297344477649244e-12,-3.01641932765051e-07,0.9999996983581128,-3.552713678800501e-15,197904282485.01016,5.551334204115637e-15
590,2,14,-3.0,3.0,0.5,1.0863889954220377e-08,1.5297344477649244e-12,-5.358507202402052e-07,0.9999994641494233,-1.4210854715202004e-14,186598575327.5021,5.069947185902044e-15
591,2,14,-3.0,3.0,0.5773502691896258,9.988278766828475e-09,1.5297344477649244e-12,-7.497270040346393e-07,0.999999250273277,7.105427357601002e-15,181970855424.37863,4.863469831809315e-15
592,2,14,-3.0,3.0,0.7071067811865475,8.314861451322304e-09,1.5297344477649244e-12,-1.5605950238750665e-06,0.9999984394061938,7.105427357601002e-15,174925637650.95297,4.710427930633936e-15
593,2,14,-3.0,3.0,0.816496580927726,6.581462987754221e-09,1.5297344477649244e-12,-3.9749642297692844e-06,0.9999960250436704,2.842170943040401e-14,169581708538.99692,4.318991012120701e-15
595,2,15,-3.0,3.5,-1.0,2.1727907224761018e-08,1.6572123184131031e-12,-4.65996166099103e-08,0.9999999534003845,-3.552713678800501e-15,1255861741.4031928,4.935959789422777e-15
596,2,15,-3.0,3.5,-0.816496580927726,2.0707143487567498e-08,1.6572123184131031e-12,-5.638061395529803e-08,0.9999999436193876,-7.105427357601002e-15,269845942481.26807,1.549368563663034e-14
597,2,15,-3.0,3.5,-0.7071067811865475,2.007396877927862e-08,1.6572123184131031e-12,-6.376946437569586e-08,0.9999999362305376,-1.7763568394002505e-15,275415928084.5489,1.4404704854368842e-14
598,2,15,-3.0,3.5,-0.5773502691896258,1.929598588843127e-08,1.6572123184131031e-12,-7.460420370364318e-08,0.9999999253957991,-1.7763568394002505e-15,261409776666.35287,8.055218582404439e-15
599,2,15,-3.0,3.5,-0.5,1.8816919645958386e-08,1.6572123184131031e-12,-8.244216154196238e-08,0.9999999175578419,3.552713678800501e-15,251618992628.0276,7.640947139142321e-15
600,2,15,-3.0,3.5,-0.3333333333333333,1.7740761985532985e-08,1.6572123184131031e-12,-1.0420370877284313e-07,0.9999998957962967,5.329070518200751e-15,232010177912.83316,6.5767757258618064e-15
601,2,15,-3.0,3.5,0.0,1.536395058430895e-08,1.6572123184131031e-12,-1.848494619594021e-07,0.9999998151505551,0.0,201718984908.73117,3.3283268753993214e-15
602,2,15,-3.0,3.5,0.3333333333333333,1.2544613158118606e-08,1.6572123184131031e-12,-4.152658554801292e-07,0.9999995847342308,7.105427357601002e-15,180292999573.63724,9.309661500137515e-15
603,2,15,-3.0,3.5,0.5,1.0863953707178618e-08,1.6572123184131031e-12,-7.378488255938009e-07,0.9999992621514466,7.105427357601002e-15,171794515770.06638,8.171440092004386e-15
604,2,15,-3.0,3.5,0.5773502691896258,9.98833738455185e-09,1.6572123184131031e-12,-1.0324271890738146e-06,0.9999989675733438,-7.105427357601002e-15,168235205770.86017,0.0
605,2,15,-3.0,3.5,0.7071067811865475,8.314910255842932e-09,1.6572123184131031e-12,-2.1492606663287006e-06,0.9999978507416434,-1.4210854715202004e-14,162741081617.11334,6.000712851949656e-15
606,2,15,-3.0,3.5,0.816496580927726,6.581501629526936e-09,1.6572123184131031e-12,-5.474645448089177e-06,0.9999945253695377,1.4210854715202004e-14,158546381923.67166,5.389540758560953e-15
608,2,16,-3.0,4.0,-1.0,2.1728034702631666e-08,1.784690189059079e-12,-6.249924133783225e-08,0.9999999375007607,-3.552713678800501e-15,314284650.12946707,5.1205981847112106e-15
609,2,16,-3.0,4.0,-0.816496580927726,2.0707264977578065e-08,1.784690189059079e-12,-7.565487436522744e-08,0.9999999243451285,1.7763568394002505e-15,35447341752.518715,1.2483443353860456e-14
610,2,16,-3.0,4.0,-0.7071067811865475,2.0074086555074566e-08,1.784690189059079e-12,-8.55930206711264e-08,0.999999914406983,-5.329070518200751e-15,76931716248.04051,1.309057079758897e-14
611,2,16,-3.0,4.0,-0.5773502691896258,1.9296099100595126e-08,1.784690189059079e-12,-1.0016595552997387e-07,0.9999998998340495,0.0,107925666822.77708,1.1027826669159096e-14
612,2,16,-3.0,4.0,-0.5,1.8817030047947374e-08,1.784690189059079e-12,-1.1070816796632243e-07,0.9999998892918381,-7.105427357601002e-15,119097634895.53168,5.252920027431811e-15
613,2,16,-3.0,4.0,-0.3333333333333333,1.7740866074900354e-08,1.784690189059079e-12,-1.39977878177433e-07,0.9999998600221316,-7.105427357601002e-15,132380890817.88266,7.261650114290078e-15
614,2,16,-3.0,4.0,0.0,1.5364040731914976e-08,1.784690189059079e-12,-2.484479573183762e-07,0.9999997515520735,3.552713678800501e-15,138778144202.5923,1.979117134784899e-15
615,2,16,-3.0,4.0,0.3333333333333333,1.254468676915987e-08,1.784690189059079e-12,-5.583624904659246e-07,0.9999994416376654,7.105427357601002e-15,136226243775.73468,4.816457618604418e-15
616,2,16,-3.0,4.0,0.5,1.0864017461258554e-08,1.784690189059079e-12,-9.922428070296974e-07,0.9999990077576852,7.105427357601002e-15,133940400330.71564,2.620211284802458e-15
617,2,16,-3.0,4.0,0.5773502691896258,9.988396003558172e-09,1.784690189059079e-12,-1.3884564218358264e-06,0.9999986115445421,0.0,132796654739.60358,1.1260534620071591e-14
618,2,16,-3.0,4.0,0.7071067811865475,8.314959062031482e-09,1.784690189059079e-12,-2.890619001050254e-06,0.9999971093851768,1.4210854715202004e-14,130843580315.24564,3.4985566030224437e-15
619,2,16,-3.0,4.0,0.816496580927726,6.581540273541894e-09,1.784690189059079e-12,-7.363325977394197e-06,0.9999926367011318,2.842170943040401e-14,129251853309.79454,1.0861032610382084e-14
621,3,3,-2.5,-2.5,-1.0,2.17265049681839e-08,0.0,-5.163336425084708e-10,0.9999999994836664,0.0,12586508.892174613,4.883585309572024e-15
622,3,3,-2.5,-2.5,-0.816496580927726,2.0705807102059127e-08,0.0,-5.163336425084708e-10,0.9999999994836664,0.0,12874008.69266422,4.919208661862934e-15
623,3,3,-2.5,-2.5,-0.7071067811865475,2.0072673253109888e-08,0.0,-5.163336425084708e-10,0.9999999994836664,0.0,13056544.593950564,5.2784157420545135e-15
624,3,3,-2.5,-2.5,-0.5773502691896258,1.9294740566017917e-08,0.0,-5.163336425084708e-10,0.9999999994836664,0.0,13285468.354925113,5.187462623099514e-15
625,3,3,-2.5,-2.5,-0.5,1.8815705237896075e-08,0.0,-5.163336425084708e-10,0.9999999994836664,0.0,13429125.39946667,5.270672033011724e-15
626,3,3,-2.5,-2.5,-0.3333333333333333,1.7739617022031405e-08,0.0,-5.163336425084708e-10,0.9999999994836664,0.0,13762060.998560883,4.8724697107015065e-15
627,3,3,-2.5,-2.5,0.0,1.5362958994486047e-08,0.0,-5.163336425084708e-10,0.9999999994836664,0.0,15397189.955909498,4.113083962411354e-15
628,3,3,-2.5,-2.5,0.3333333333333333,1.2543803491930716e-08,0.0,-5.163336425084708e-10,0.9999999994836664,0.0,32379928.16996859,2.2549676289144265e-14
629,3,3,-2.5,-2.5,0.5,1.0863252484091947e-08,0.0,-5.16330089794792e-10,0.9999999994836699,0.0,61079106.7932064,1.097842271979209e-14
630,3,3,-2.5,-2.5,0.5773502691896258,9.987692657595255e-09,0.0,-5.163336425084708e-10,0.9999999994836664,0.0,82357115.37787543,2.1712020085420426e-15
631,3,3,-2.5,-2.5,0.7071067811865475,8.31437349452179e-09,0.0,-5.163336425084708e-10,0.9999999994836664,0.0,132630844.2098128,1.06733114898683e-14
632,3,3,-2.5,-2.5,0.816496580927726,6.5810766888737375e-09,0.0,-5.163336425084708e-10,0.9999999994836664,0.0,191636170.0146285,2.7992721986541814e-15
633,3,4,-2.5,-2.0,-1.0,2.1726632446054546e-08,1.274778706481784e-13,-5.179465745186462e-10,0.9999999994820534,-3.552713678800501e-15,15539353.876927208,5.034385398987375e-15
634,3,4,-2.5,-2.0,-0.816496580927726,2.0705928591133673e-08,1.274778706481784e-13,-5.182876350318111e-10,0.9999999994817124,3.552713678800501e-15,15981757.11590133,5.128121142863456e-15
635,3,4,-2.5,-2.0,-0.7071067811865475,2.007279102736471e-08,1.274778706481784e-13,-5.185469831303635e-10,0.999999999481453,0.0,16267262.74907028,5.381625868117142e-15
636,3,4,-2.5,-2.0,-0.5773502691896258,1.9294853775868245e-08,1.274778706481784e-13,-5.189271234939952e-10,0.9999999994810729,0.0,16631169.112113012,5.151873346187029e-15
637,3,4,-2.5,-2.0,-0.5,1.881581563707843e-08,1.274778706481784e-13,-5.192042351609416e-10,0.9999999994807958,-3.552713678800501e-15,16863838.96377048,4.859889064538245e-15
638,3,4,-2.5,-2.0,-0.3333333333333333,1.773972110742961e-08,1.274778706481784e-13,-5.199645158882049e-10,0.9999999994800355,0.0,17483759.185163774,4.687572374921979e-15
639,3,4,-2.5,-2.0,0.0,1.536304913521728e-08,1.274778706481784e-13,-5.227889232628513e-10,0.9999999994772111,0.0,27990579.704864312,6.654542952918047e-16
640,3,4,-2.5,-2.0,0.3333333333333333,1.2543877091745484e-08,1.274778706481784e-13,-5.30860688741086e-10,0.9999999994691393,-3.552713678800501e-15,120491720.14047554,1.904511630489768e-14
641,3,4,-2.5,-2.0,0.5,1.0863316223588242e-08,1.274778706481784e-13,-5.421547655259928e-10,0.9999999994578452,3.552713678800501e-15,240426998.84395576,3.631905111148563e-14
642,3,4,-2.5,-2.0,0.5773502691896258,9.987751259921513e-09,1.274778706481784e-13,-5.524753987629083e-10,0.9999999994475246,-3.552713678800501e-15,319118705.2083549,2.1479574958461132e-14
643,3,4,-2.5,-2.0,0.7071067811865475,8.31442227902502e-09,1.274778706481784e-13,-5.915836709391442e-10,0.9999999994084163,0.0,487792636.74507934,1.3685569875324881e-14
644,3,4,-2.5,-2.0,0.816496580927726,6.581115303736428e-09,1.274778706481784e-13,-7.080416253302246e-10,0.9999999992919584,3.552713678800501e-15,667529539.2627513,5.018176484109747e-14
646,3,5,-2.5,-1.5,-1.0,2.1726759923925195e-08,2.5495574129415405e-13,-5.421583182396716e-10,0.9999999994578417,-3.552713678800501e-15,19667707.384984944,4.924699450936229e-15
647,3,5,-2.5,-1.5,-0.816496580927726,2.070605008028022e-08,2.5495574129415405e-13,-5.47636602732382e-10,0.9999999994523634,0.0,20386027.895497397,5.299385403041491e-15
648,3,5,-2.5,-1.5,-0.7071067811865475,2.007290880173809e-08,2.5495574129415405e-13,-5.517755141681846e-10,0.9999999994482245,0.0,20860871.94851608,5.178758535214553e-15
649,3,5,-2.5,-1.5,-0.5773502691896258,1.929496698589655e-08,2.5495574129415405e-13,-5.578471018452547e-10,0.9999999994421529,0.0,21484001.18421993,5.028552071331405e-15
650,3,5,-2.5,-1.5,-0.5,1.8815926036476707e-08,2.5495574129415405e-13,-5.622382559522521e-10,0.9999999994377617,3.552713678800501e-15,21926415.48004631,4.587290528632236e-15
651,3,5,-2.5,-1.5,-0.3333333333333333,1.773982519313316e-08,2.5495574129415405e-13,-5.744311692978954e-10,0.9999999994255688,3.552713678800501e-15,24631074.533167616,2.7223832757283688e-15
652,3,5,-2.5,-1.5,0.0,1.5363139276477385e-08,2.5495574129415405e-13,-6.19618134578559e-10,0.9999999993803819,0.0,102498735.53691112,2.471442588715511e-15
653,3,5,-2.5,-1.5,0.3333333333333333,1.2543950692423908e-08,2.5495574129415405e-13,-7.48727302379848e-10,0.9999999992512727,0.0,520133968.31208026,4.3546021591611535e-15
654,3,5,-2.5,-1.5,0.5,1.0863379964206457e-08,2.5495574129415405e-13,-9.294787162161811e-10,0.9999999990705213,0.0,932132383.9754964,7.673327840560144e-15
655,3,5,-2.5,-1.5,0.5773502691896258,9.987809863530972e-09,2.5495574129415405e-13,-1.0945342410195735e-09,0.9999999989054658,0.0,1173055598.6504743,1.4227203345100909e-15
656,3,5,-2.5,-1.5,0.7071067811865475,8.314471065196505e-09,2.5495574129415405e-13,-1.7203269919718878e-09,0.999999998279673,-3.552713678800501e-15,1645677526.7472444,1.8399205830893592e-14
657,3,5,-2.5,-1.5,0.816496580927726,6.581153920841808e-09,2.5495574129415405e-13,-3.583611629665029e-09,0.9999999964163884,3.552713678800501e-15,2106583170.5222616,2.3540995269999444e-14
659,3,6,-2.5,-1.0,-1.0,2.172688740179584e-08,3.824336119423324e-13,-6.470486368925776e-10,0.9999999993529514,0.0,25689622.45623405,4.930390486021673e-15
660,3,6,-2.5,-1.0,-0.816496580927726,2.0706171569498786e-08,3.824336119423324e-13,-6.747953307240095e-10,0.9999999993252047,0.0,26940223.217100248,5.254634685123811e-15
661,3,6,-2.5,-1.0,-0.7071067811865475,2.007302657623002e-08,3.824336119423324e-13,-6.957527887152537e-10,0.9999999993042472,3.552713678800501e-15,27799445.055432104,5.092225080726612e-15
662,3,6,-2.5,-1.0,-0.5773502691896258,1.9295080196102832e-08,3.824336119423324e-13,-7.264908674642356e-10,0.9999999992735091,0.0,29157429.715578925,4.4717645457103415e-15
663,3,6,-2.5,-1.0,-0.5,1.881603643609089e-08,3.824336119423324e-13,-7.487237496661692e-10,0.9999999992512763,-3.552713678800501e-15,31353806.235290937,3.445623725702439e-15
664,3,6,-2.5,-1.0,-0.3333333333333333,1.773992927914206e-08,3.824336119423324e-13,-8.104521498353279e-10,0.9999999991895479,0.0,60718608.73434857,9.693829938234622e-15
665,3,6,-2.5,-1.0,0.0,1.5363229418266365e-08,3.824336119423324e-13,-1.0392078308996133e-09,0.9999999989607922,-3.552713678800501e-15,538328178.8615568,5.093201075719813e-15
666,3,6,-2.5,-1.0,0.3333333333333333,1.2544024293965976e-08,3.824336119423324e-13,-1.6927970136748627e-09,0.999999998307203,3.552713678800501e-15,2045965514.9384232,2.1674781607560615e-14
667,3,6,-2.5,-1.0,0.5,1.0863443705946577e-08,3.824336119423324e-13,-2.607826843359362e-09,0.9999999973921732,0.0,3190034854.572989,1.6442480973884178e-15
668,3,6,-2.5,-1.0,0.5773502691896258,9.987868468423612e-09,3.824336119423324e-13,-3.4434179951858823e-09,0.999999996556582,0.0,3792105595.162766,5.0297877655240575e-16
669,3,6,-2.5,-1.0,0.7071067811865475,8.31451985303622e-09,3.824336119423324e-13,-6.611390546140683e-09,0.9999999933886095,0.0,4883117721.643017,1.1913317805741423e-14
670,3,6,-2.5,-1.0,0.816496580927726,6.5811925401898436e-09,3.824336119423324e-13,-1.6044072737031456e-08,0.9999999839559274,0.0,5864937316.681424,4.260278625446897e-14
672,3,7,-2.5,-0.5,-1.0,2.1727014879666487e-08,5.099114825883081e-13,-9.294573999341083e-10,0.9999999990705426,3.552713678800501e-15,34968573.745149046,4.900495941817476e-15
673,3,7,-2.5,-0.5,-0.816496580927726,2.0706293058789352e-08,5.099114825883081e-13,-1.0171419262405834e-09,0.9999999989828581,0.0,37363105.68315271,5.18466256961522e-15
674,3,7,-2.5,-0.5,-0.7071067811865475,2.0073144350840514e-08,5.099114825883081e-13,-1.0833822727818188e-09,0.9999999989166177,-3.552713678800501e-15,39216527.55181228,4.74964323847913e-15
675,3,7,-2.5,-0.5,-0.5773502691896258,1.929519340648709e-08,5.099114825883081e-13,-1.1805134647602245e-09,0.9999999988194865,0.0,50207517.78415431,1.1871657354509185e-15
676,3,7,-2.5,-0.5,-0.5,1.8816146835920978e-08,5.099114825883081e-13,-1.2507790358995408e-09,0.999999998749221,0.0,83878652.6875167,7.10605653114661e-16
677,3,7,-2.5,-0.5,-0.3333333333333333,1.7740033365456292e-08,5.099114825883081e-13,-1.4458656494298339e-09,0.9999999985541344,0.0,377592185.5735066,5.840618373337944e-15
678,3,7,-2.5,-0.5,0.0,1.5363319560584208e-08,5.099114825883081e-13,-2.1688322249246994e-09,0.9999999978311678,0.0,2600196574.174947,9.719407230887784e-15
679,3,7,-2.5,-0.5,0.3333333333333333,1.254409789637167e-08,5.099114825883081e-13,-4.234458117480244e-09,0.9999999957655419,0.0,6837924667.48622,1.1157470873475916e-15
680,3,7,-2.5,-0.5,0.5,1.0863507448808582e-08,5.099114825883081e-13,-7.126331524887064e-09,0.9999999928736685,0.0,9354550000.318949,8.155811376271303e-16
681,3,7,-2.5,-0.5,0.5773502691896258,9.987927074599406e-09,5.099114825883081e-13,-9.767148867467768e-09,0.9999999902328511,3.552713678800501e-15,10558365403.638248,2.547138188018112e-14
682,3,7,-2.5,-0.5,0.7071067811865475,8.314568642544132e-09,5.099114825883081e-13,-1.9779278659370902e-08,0.9999999802207216,-3.552713678800501e-15,12590764936.4943,6.665467925661801e-15
683,3,7,-2.5,-0.5,0.816496580927726,6.581231161780489e-09,5.099114825883081e-13,-4.959050414754529e-08,0.9999999504094971,0.0,14291137289.942823,2.842777663853007e-14
685,3,8,-2.5,0.0,-1.0,2.1727142357537132e-08,6.373893532364865e-13,-1.524913528783145e-09,0.9999999984750865,0.0,50359043.48011931,4.882323862953241e-15
686,3,8,-2.5,0.0,-0.816496580927726,2.0706414548151922e-08,6.373893532364865e-13,-1.7389822914992692e-09,0.9999999982610177,0.0,55656256.86300453,4.819240757593023e-15
687,3,8,-2.5,0.0,-0.7071067811865475,2.007326212556956e-08,6.373893532364865e-13,-1.900698265444589e-09,0.9999999980993017,-3.552713678800501e-15,70062233.6969337,1.9141617911405284e-15
688,3,8,-2.5,0.0,-0.5773502691896258,1.9295306617049318e-08,6.373893532364865e-13,-2.1378276926498074e-09,0.9999999978621723,0.0,284933541.719269,1.5479903442623107e-14
689,3,8,-2.5,0.0,-0.5,1.8816257235966975e-08,6.373893532364865e-13,-2.3093704726306896e-09,0.9999999976906295,-3.552713678800501e-15,698904981.4929613,1.876223835545519e-15
690,3,8,-2.5,0.0,-0.3333333333333333,1.774013745207586e-08,6.373893532364865e-13,-2.785643715697006e-09,0.9999999972143563,0.0,2665453090.134118,1.0733720881483574e-14
691,3,8,-2.5,0.0,0.0,1.5363409703430904e-08,6.373893532364865e-13,-4.550660293034525e-09,0.9999999954493397,0.0,10138882098.54363,3.762443658530116e-15
692,3,8,-2.5,0.0,0.3333333333333333,1.2544171499640975e-08,6.373893532364865e-13,-9.593573935262611e-09,0.9999999904064261,-3.552713678800501e-15,19083010153.48725,8.195907597001608e-15
693,3,8,-2.5,0.0,0.5,1.086357119279245e-08,6.373893532364865e-13,-1.6653643797326367e-08,0.9999999833463563,0.0,23314970290.992104,5.399321045425545e-15
694,3,8,-2.5,0.0,0.5773502691896258,9.987985682058334e-09,6.373893532364865e-13,-2.310080660095082e-08,0.9999999768991936,0.0,25170081282.90273,7.729397388916126e-15
695,3,8,-2.5,0.0,0.7071067811865475,8.314617433720215e-09,6.373893532364865e-13,-4.754389948402604e-08,0.9999999524561016,0.0,28106208583.064587,2.578762903316224e-15
696,3,8,-2.5,0.0,0.816496580927726,6.58126978561371e-09,6.373893532364865e-13,-1.2032350937829506e-07,0.9999998796764978,3.552713678800501e-15,30399995023.083435,4.015471463311396e-15
698,3,9,-2.5,0.5,-1.0,2.172726983540778e-08,7.648672238846648e-13,-2.6076811820985313e-09,0.9999999973923188,0.0,78696030.67276405,4.9231223954745785e-15
699,3,9,-2.5,0.5,-0.816496580927726,2.0706536037586497e-08,7.648672238846648e-13,-3.0515607818415447e-09,0.9999999969484392,0.0,103519915.0809666,2.4470628680218664e-15
700,3,9,-2.5,0.5,-0.7071067811865475,2.0073379900417155e-08,7.648672238846648e-13,-3.386880109701451e-09,0.9999999966131199,0.0,568990741.0560917,0.0
701,3,9,-2.5,0.5,-0.5773502691896258,1.9295419827789516e-08,7.648672238846648e-13,-3.878579235561119e-09,0.9999999961214208,0.0,3233537391.636405,8.405567873709729e-15
702,3,9,-2.5,0.5,-0.5,1.881636763622887e-08,7.648672238846648e-13,-4.2342769290826254e-09,0.9999999957657231,3.552713678800501e-15,6067525745.739711,5.344011400459163e-15
703,3,9,-2.5,0.5,-0.3333333333333333,1.7740241539000753e-08,7.648672238846648e-13,-5.221860277515589e-09,0.9999999947781397,0.0,14091667212.672909,8.797941312530927e-15
704,3,9,-2.5,0.5,0.0,1.5363499846806436e-08,7.648672238846648e-13,-8.881720248155034e-09,0.9999999911182798,-3.552713678800501e-15,31065013335.109608,1.1051749767582665e-15
705,3,9,-2.5,0.5,0.3333333333333333,1.2544245103773878e-08,7.648672238846648e-13,-1.933845084067798e-08,0.9999999806615494,0.0,44262328910.633415,1.7409134734235175e-14
706,3,9,-2.5,0.5,0.5,1.0863634937898163e-08,7.648672238846648e-13,-3.397786940695369e-08,0.9999999660221311,3.552713678800501e-15,49268053048.96974,2.6325316103385617e-15
707,3,9,-2.5,0.5,0.5773502691896258,9.988044290800374e-09,7.648672238846648e-13,-4.7346397025194165e-08,0.9999999526536041,0.0,51277492246.81043,1.1456554389958324e-14
708,3,9,-2.5,0.5,0.7071067811865475,8.31466622656444e-09,7.648672238846648e-13,-9.803040867950585e-08,0.9999999019695961,0.0,54250727018.72572,1.1953729853839706e-14
709,3,9,-2.5,0.5,0.816496580927726,6.5813084116894635e-09,7.648672238846648e-13,-2.489426549345808e-07,0.999999751057376,0.0,56401930670.58509,7.575026043794964e-15
711,3,10,-2.5,1.0,-1.0,2.172739731327843e-08,8.923450945306406e-13,-4.3907206759286055e-09,0.9999999956092793,-3.552713678800501e-15,139933643.33313948,4.898417554134112e-15
712,3,10,-2.5,1.0,-0.816496580927726,2.0706657527093073e-08,8.923450945306406e-13,-5.213045994878485e-09,0.999999994786954,-3.552713678800501e-15,1371439736.0359375,1.2343028039379602e-14
713,3,10,-2.5,1.0,-0.7071067811865475,2.0073497675383302e-08,8.923450945306406e-13,-5.83424508704411e-09,0.9999999941657549,3.552713678800501e-15,9335249364.28048,1.1237426094484737e-14
714,3,10,-2.5,1.0,-0.5773502691896258,1.9295533038707685e-08,8.923450945306406e-13,-6.745167979715916e-09,0.999999993254832,-3.552713678800501e-15,24824180097.87928,7.990767752665725e-15
715,3,10,-2.5,1.0,-0.5,1.8816478036706654e-08,8.923450945306406e-13,-7.4041288655735116e-09,0.9999999925958711,0.0,34331239676.46432,1.2667048798106108e-14
716,3,10,-2.5,1.0,-0.3333333333333333,1.7740345626230972e-08,8.923450945306406e-13,-9.233701803168515e-09,0.9999999907662982,0.0,51999468418.28356,1.2177811915305971e-14
717,3,10,-2.5,1.0,0.0,1.5363589990710804e-08,8.923450945306406e-13,-1.601387822347533e-08,0.9999999839861219,3.552713678800501e-15,74336088963.5558,2.668478535503133e-15
718,3,10,-2.5,1.0,0.3333333333333333,1.2544318708770361e-08,8.923450945306406e-13,-3.5385809837862325e-08,0.9999999646141908,0.0,85204702685.65744,7.700606997105883e-15
719,3,10,-2.5,1.0,0.5,1.0863698684125701e-08,8.923450945306406e-13,-6.250651551908959e-08,0.9999999374934865,-3.552713678800501e-15,88196997472.83504,8.650401657493928e-16
720,3,10,-2.5,1.0,0.5773502691896258,9.988102900825503e-09,8.923450945306406e-13,-8.72727721201727e-08,0.9999999127272317,-3.552713678800501e-15,89214742637.9634,3.5917221844469686e-15
721,3,10,-2.5,1.0,0.7071067811865475,8.314715021076771e-09,8.923450945306406e-13,-1.8116896072228883e-07,0.9999998188310557,-7.105427357601002e-15,90503231003.9254,6.743975388829237e-16
722,3,10,-2.5,1.0,0.816496580927726,6.581347040007711e-09,8.923450945306406e-13,-4.607459693772853e-07,0.9999995392541368,0.0,91240150842.09875,8.696358170463414e-15
724,3,11,-2.5,1.5,-1.0,2.1727524791149077e-08,1.0198229651788188e-12,-7.125709799993274e-09,0.9999999928742902,0.0,314983401.6214115,4.9200077089230704e-15
725,3,11,-2.5,1.5,-0.816496580927726,2.070677901667165e-08,1.0198229651788188e-12,-8.528520112349725e-09,0.9999999914714799,0.0,35604857571.94991,1.457101259502631e-14
726,3,11,-2.5,1.5,-0.7071067811865475,2.0073615450467988e-08,1.0198229651788188e-12,-9.588255522885447e-09,0.9999999904117445,-7.105427357601002e-15,77107080358.61047,7.915635758238675e-15
727,3,11,-2.5,1.5,-0.5773502691896258,1.9295646249803806e-08,1.0198229651788188e-12,-1.1142198275138071e-08,0.9999999888578018,0.0,108047831246.77509,1.2003915815304362e-14
728,3,11,-2.5,1.5,-0.5,1.8816588437400333e-08,1.0198229651788188e-12,-1.2266337279243089e-08,0.9999999877336628,0.0,119183195189.24934,1.1906606300990526e-14
729,3,11,-2.5,1.5,-0.3333333333333333,1.7740449713766507e-08,1.0198229651788188e-12,-1.5387431773206117e-08,0.9999999846125683,0.0,132397266724.86523,4.379501168856855e-15
730,3,11,-2.5,1.5,0.0,1.5363680135144e-08,1.0198229651788188e-12,-2.6953838272447683e-08,0.9999999730461621,3.552713678800501e-15,138695144209.56848,2.8604355104569694e-15
731,3,11,-2.5,1.5,0.3333333333333333,1.254439231463041e-08,1.0198229651788188e-12,-6.000072261258538e-08,0.9999999399992792,7.105427357601002e-15,136056774263.359,9.532763637347164e-15
732,3,11,-2.5,1.5,0.5,1.0863762431475045e-08,1.0198229651788188e-12,-1.0626636637312004e-07,0.9999998937336393,-7.105427357601002e-15,133711039531.0604,7.417646983681591e-15
733,3,11,-2.5,1.5,0.5773502691896258,9.988161512133699e-09,1.0198229651788188e-12,-1.4851551100036886e-07,0.9999998514845,0.0,132527744115.8,2.187594711747124e-15
734,3,11,-2.5,1.5,0.7071067811865475,8.314763817257187e-09,1.0198229651788188e-12,-3.086944957431115e-07,0.9999996913055519,3.552713678800501e-15,130467943264.28804,4.327309691460712e-15
735,3,11,-2.5,1.5,0.816496580927726,6.581385670568416e-09,1.0198229651788188e-12,-7.856293287034077e-07,0.9999992143709799,1.4210854715202004e-14,128676978344.24287,5.336195461285645e-15
737,3,12,-2.5,2.0,-1.0,2.172765226901972e-08,1.1473008358247947e-12,-1.1103029606829296e-08,0.9999999888969705,0.0,1261520238.6021166,4.913819744588143e-15
738,3,12,-2.5,2.0,-0.816496580927726,2.0706900506322225e-08,1.1473008358247947e-12,-1.3350017979973927e-08,0.9999999866499821,-3.552713678800501e-15,270485628984.63303,1.726224594871274e-14
739,3,12,-2.5,2.0,-0.7071067811865475,2.0073733225671225e-08,1.1473008358247947e-12,-1.5047451284999624e-08,0.9999999849525488,3.552713678800501e-15,275754660275.40393,1.3944333125357431e-14
740,3,12,-2.5,2.0,-0.5773502691896258,1.929575946107789e-08,1.1473008358247947e-12,-1.7536510910076686e-08,0.9999999824634892,0.0,261574711449.15927,1.3416898999646321e-14
741,3,12,-2.5,2.0,-0.5,1.8816698838309903e-08,1.1473008358247947e-12,-1.9337125678475786e-08,0.9999999806628745,0.0,251723642640.06628,8.971349522694978e-15
742,3,12,-2.5,2.0,-0.3333333333333333,1.774055380160735e-08,1.1473008358247947e-12,-2.4336397785873487e-08,0.9999999756636025,0.0,232035220956.2407,1.1442354681902835e-14
743,3,12,-2.5,2.0,0.0,1.5363770280106008e-08,1.1473008358247947e-12,-4.286311394707809e-08,0.9999999571368869,0.0,201666320641.17343,7.717681759783327e-15
744,3,12,-2.5,2.0,0.3333333333333333,1.254446592135401e-08,1.1473008358247947e-12,-9.57965884396117e-08,0.9999999042034161,1.7763568394002505e-15,180187945504.9748,1.0161915561934451e-14
745,3,12,-2.5,2.0,0.5,1.0863826179946174e-08,1.1473008358247947e-12,-1.699034619662143e-07,0.9999998300965525,-3.552713678800501e-15,171655085188.63226,3.3779015852505557e-15
746,3,12,-2.5,2.0,0.5773502691896258,9.988220124724937e-09,1.1473008358247947e-12,-2.3757683109693062e-07,0.9999997624231971,7.105427357601002e-15,168073129260.6031,6.355062460453456e-15
747,3,12,-2.5,2.0,0.7071067811865475,8.314812615105655e-09,1.1473008358247947e-12,-4.941465725494254e-07,0.9999995058535496,7.105427357601002e-15,162517731123.63065,1.8777999122929323e-16
748,3,12,-2.5,2.0,0.816496580927726,6.581424303371532e-09,1.1473008358247947e-12,-1.2580860264677085e-06,0.9999987419147649,-7.105427357601002e-15,158208254481.726,2.314739763103192e-15
750,3,13,-2.5,2.5,-1.0,2.172777974689037e-08,1.274778706472973e-12,-1.6651750200935567e-08,0.9999999833482499,0.0,93372136153528.31,5.020234293764597e-15
751,3,13,-2.5,2.5,-0.816496580927726,2.0707021996044798e-08,1.274778706472973e-12,-2.0076427631465776e-08,0.9999999799235726,7.105427357601002e-15,532386173918.9842,1.478914281017402e-14
752,3,13,-2.5,2.5,-0.7071067811865475,2.007385100099301e-08,1.274778706472973e-12,-2.2663531495936695e-08,0.9999999773364687,0.0,421681376260.278,1.1579388549960859e-14
753,3,13,-2.5,2.5,-0.5773502691896258,1.9295872672529934e-08,1.274778706472973e-12,-2.6457158242010337e-08,0.9999999735428421,3.552713678800501e-15,351182958679.4301,9.732729523245517e-15
754,3,13,-2.5,2.5,-0.5,1.881680923943535e-08,1.274778706472973e-12,-2.9201515872046002e-08,0.9999999707984846,0.0,322933191300.96,9.072116397195158e-15
755,3,13,-2.5,2.5,-0.3333333333333333,1.77406578897535e-08,1.274778706472973e-12,-3.6821020898969437e-08,0.9999999631789798,0.0,279741141964.27814,7.854638790602286e-15
756,3,13,-2.5,2.5,0.0,1.536386042559682e-08,1.274778706472973e-12,-6.505799809986001e-08,0.999999934942004,3.552713678800501e-15,228478205408.8384,6.4113062660782525e-15
757,3,13,-2.5,2.5,0.3333333333333333,1.2544539528941145e-08,1.274778706472973e-12,-1.4573508266835233e-07,0.999999854264928,-3.552713678800501e-15,197904325803.67603,5.551332989001261e-15
758,3,13,-2.5,2.5,0.5,1.0863889929539068e-08,1.274778706472973e-12,-2.5868299147191465e-07,0.999999741317042,-3.552713678800501e-15,186598651612.0488,5.233491729781303e-15
759,3,13,-2.5,2.5,0.5773502691896258,9.988278738599196e-09,1.274778706472973e-12,-3.6182548512897483e-07,0.9999996381745804,1.0658141036401503e-14,181970960064.82336,5.0311727949550976e-15
760,3,13,-2.5,2.5,0.7071067811865475,8.314861414622144e-09,1.274778706472973e-12,-7.528690950664441e-07,0.9999992471311884,2.1316282072803006e-14,174925844858.94818,4.535962263837032e-15
761,3,13,-2.5,2.5,0.816496580927726,6.5814629384170294e-09,1.274778706472973e-12,-1.9172061271888197e-06,0.9999980827957107,1.4210854715202004e-14,169582207620.93936,4.318978301291812e-15
763,3,14,-2.5,3.0,-1.0,2.1727907224761014e-08,1.4022565771189487e-12,-2.4139641396914158e-08,0.9999999758603589,0.0,1255155309.2922854,4.9387378683326784e-15
764,3,14,-2.5,3.0,-0.816496580927726,2.070714348583937e-08,1.4022565771189487e-12,-2.915360042266002e-08,0.9999999708464,-3.552713678800501e-15,269732361369.1243,1.7536733765889388e-14
765,3,14,-2.5,3.0,-0.7071067811865475,2.0073968776433325e-08,1.4022565771189487e-12,-3.294128347874903e-08,0.9999999670587171,3.552713678800501e-15,275338561553.2398,1.2635367478584343e-14
766,3,14,-2.5,3.0,-0.5773502691896258,1.929598588415992e-08,1.4022565771189487e-12,-3.849541485578811e-08,0.9999999615045859,-3.552713678800501e-15,261354678073.854,1.4829397546807216e-14
767,3,14,-2.5,3.0,-0.5,1.8816919640776685e-08,1.4022565771189487e-12,-4.251332796911811e-08,0.9999999574866729,3.552713678800501e-15,251571845284.07657,8.491532374530045e-15
768,3,14,-2.5,3.0,-0.3333333333333333,1.7740761978204952e-08,1.4022565771189487e-12,-5.3668781418991784e-08,0.99999994633122,3.552713678800501e-15,231973495798.6501,8.288047801563492e-15
769,3,14,-2.5,3.0,0.0,1.5363950571616424e-08,1.4022565771189487e-12,-9.500956643648806e-08,0.9999999049904381,1.7763568394002505e-15,201690645851.56085,7.868059799203222e-15
770,3,14,-2.5,3.0,0.3333333333333333,1.2544613137391803e-08,1.4022565771189487e-12,-2.13126110537587e-07,0.9999997868739122,0.0,180264531840.1428,5.248092412954231e-15
771,3,14,-2.5,3.0,0.5,1.086395368025371e-08,1.4022565771189487e-12,-3.784892648184268e-07,0.9999996215108068,-3.552713678800501e-15,171762397021.91748,6.218562694130921e-15
772,3,14,-2.5,3.0,0.5773502691896258,9.988337353756454e-09,1.4022565771189487e-12,-5.294966705093884e-07,0.9999994705034697,-7.105427357601002e-15,168199844774.82162,7.983202596278519e-15
773,3,14,-2.5,3.0,0.7071067811865475,8.314910215806629e-09,1.4022565771189487e-12,-1.1020101631231682e-06,0.9999988979904441,7.105427357601002e-15,162695559948.22278,6.377541320612631e-15
774,3,14,-2.5,3.0,0.816496580927726,6.581501575704859e-09,1.4022565771189487e-12,-2.80667603647089e-06,0.9999971933279023,-4.263256414560601e-14,158480100091.04797,4.2364102392936615e-15
776,3,15,-2.5,3.5,-1.0,2.1728034702631666e-08,1.529734447767127e-12,-3.3973165614042955e-08,0.9999999660268349,-3.552713678800501e-15,314188822.11059886,5.122159974135051e-15
777,3,15,-2.5,3.5,-0.816496580927726,2.0707264975705943e-08,1.529734447767127e-12,-4.1074248002814784e-08,0.9999999589257529,3.552713678800501e-15,35415270969.27922,1.443358809924569e-14
778,3,15,-2.5,3.5,-0.7071067811865475,2.007408655199219e-08,1.529734447767127e-12,-4.643860762598706e-08,0.9999999535613935,0.0,76885022245.63367,1.2701596116862142e-14
779,3,15,-2.5,3.5,-0.5773502691896258,1.9296099095967868e-08,1.529734447767127e-12,-5.4304713614783395e-08,0.9999999456952878,0.0,107876450297.89607,1.5983499265141543e-14
780,3,15,-2.5,3.5,-0.5,1.8817030042333895e-08,1.529734447767127e-12,-5.999514307575282e-08,0.9999999400048587,-3.552713678800501e-15,119049335877.95049,1.1150962234669412e-14
781,3,15,-2.5,3.5,-0.3333333333333333,1.77408660669617e-08,1.529734447767127e-12,-7.57941940321416e-08,0.9999999242058089,1.7763568394002505e-15,132335570824.70816,5.303973017237696e-15
782,3,15,-2.5,3.5,0.0,1.5364040718164823e-08,1.529734447767127e-12,-1.343436473177917e-07,0.9999998656563617,3.552713678800501e-15,138735904841.2576,9.01872305195006e-15
783,3,15,-2.5,3.5,0.3333333333333333,1.2544686746705966e-08,1.529734447767127e-12,-3.016277929646094e-07,0.9999996983722526,7.105427357601002e-15,136179616253.1492,3.137371843931304e-15
784,3,15,-2.5,3.5,0.5,1.0864017432090076e-08,1.529734447767127e-12,-5.358255954490687e-07,0.9999994641745481,0.0,133886093083.5027,8.661601381009251e-15
785,3,15,-2.5,3.5,0.5773502691896258,9.98839597019669e-09,1.529734447767127e-12,-7.496918463800739e-07,0.9999992503084346,0.0,132736104285.58084,1.1725494677969632e-14
786,3,15,-2.5,3.5,0.7071067811865475,8.314959018659074e-09,1.529734447767127e-12,-1.5605218237624285e-06,0.9999984394793938,1.4210854715202004e-14,130764123258.41016,6.06784958655675e-15
787,3,15,-2.5,3.5,0.816496580927726,6.581540215234988e-09,1.529734447767127e-12,-3.974777698090293e-06,0.9999960252302014,0.0,129134376004.2031,1.2407020509475744e-14
789,3,16,-2.5,4.0,-1.0,2.1728162180502307e-08,1.6572123184131031e-12,-4.659744945456623e-08,0.9999999534025517,3.552713678800501e-15,139698729.68396646,4.906654602140332e-15
790,3,16,-2.5,4.0,-0.816496580927726,2.0707386465644503e-08,1.6572123184131031e-12,-5.63779884998894e-08,0.999999943622013,3.552713678800501e-15,1362224470.838297,5.600688208570325e-15
791,3,16,-2.5,4.0,-0.7071067811865475,2.007420432766958e-08,1.6572123184131031e-12,-6.376649253070354e-08,0.9999999362335095,-1.7763568394002505e-15,9298438577.619198,9.230656067692052e-15
792,3,16,-2.5,4.0,-0.5773502691896258,1.9296212307953758e-08,1.6572123184131031e-12,-7.46007238205948e-08,0.999999925399279,-1.7763568394002505e-15,24771157197.49534,7.545879448640569e-15
793,3,16,-2.5,4.0,-0.5,1.8817140444106975e-08,1.6572123184131031e-12,-8.24383210584756e-08,0.9999999175616824,3.552713678800501e-15,34280541988.08634,1.2463224586661512e-14
794,3,16,-2.5,4.0,-0.3333333333333333,1.7740970156023737e-08,1.6572123184131031e-12,-1.0419884510781685e-07,0.9999998958011603,3.552713678800501e-15,51971700376.777306,1.614789187872132e-14
795,3,16,-2.5,4.0,0.0,1.5364130865241998e-08,1.6572123184131031e-12,-1.8484081110159423e-07,0.999999815159206,0.0,74378631436.06549,5.539054654986987e-15
796,3,16,-2.5,4.0,0.3333333333333333,1.2544760356883616e-08,1.6572123184131031e-12,-4.1524638305645567e-07,0.9999995847537032,3.552713678800501e-15,85331325282.1812,1.0013815965875244e-14
797,3,16,-2.5,4.0,0.5,1.0864081185048151e-08,1.6572123184131031e-12,-7.378142008462873e-07,0.9999992621860714,0.0,88383147354.48874,5.524596765507712e-15
798,3,16,-2.5,4.0,0.5773502691896258,9.988454587919875e-09,1.6572123184131031e-12,-1.0323787655863725e-06,0.9999989676217673,0.0,89439444100.03938,5.2887455383602025e-15
799,3,16,-2.5,4.0,0.7071067811865475,8.315007823179456e-09,1.6572123184131031e-12,-2.1491597621547953e-06,0.9999978508425473,0.0,90829814254.66872,9.911597442700104e-15
800,3,16,-2.5,4.0,0.816496580927726,6.581578857007373e-09,1.6572123184131031e-12,-5.4743885016250715e-06,0.9999945256264828,5.684341886080802e-14,91753359778.52425,9.146623082394532e-15
802,4,4,-2.0,-2.0,-1.0,2.1726759923925195e-08,0.0,-5.163336425084708e-10,0.9999999994836664,0.0,19667822.80378452,4.924670550792855e-15
803,4,4,-2.0,-2.0,-0.816496580927726,2.070605008013621e-08,0.0,-5.163336425084708e-10,0.9999999994836664,0.0,20386164.558372136,5.299349877514289e-15
804,4,4,-2.0,-2.0,-0.7071067811865475,2.0072908801500967e-08,0.0,-5.163336425084708e-10,0.9999999994836664,0.0,20861024.496435005,5.178720665126376e-15
805,4,4,-2.0,-2.0,-0.5773502691896258,1.9294966985540583e-08,0.0,-5.163336425084708e-10,0.9999999994836664,0.0,21484177.287740946,5.028510852823781e-15
806,4,4,-2.0,-2.0,-0.5,1.881592603604488e-08,0.0,-5.163336425084708e-10,0.9999999994836664,0.0,21926612.84161597,4.75714735834439e-15
807,4,4,-2.0,-2.0,-0.3333333333333333,1.7739825192522462e-08,0.0,-5.163336425084708e-10,0.9999999994836664,0.0,24631498.2399922,3.024818273062625e-15
808,4,4,-2.0,-2.0,0.0,1.536313927541962e-08,0.0,-5.163336425084708e-10,0.9999999994836664,0.0,102506361.76943584,8.431353277244704e-15
809,4,4,-2.0,-2.0,0.3333333333333333,1.2543950690696586e-08,0.0,-5.163336425084708e-10,0.9999999994836664,0.0,520186575.6870555,1.7187480673640685e-15
810,4,4,-2.0,-2.0,0.5,1.0863379961962597e-08,0.0,-5.16330089794792e-10,0.9999999994836699,0.0,932246258.3085772,1.866948364694116e-14
811,4,4,-2.0,-2.0,0.5773502691896258,9.987809860964555e-09,0.0,-5.163336425084708e-10,0.9999999994836664,0.0,1173217612.443791,8.941578586275569e-15
812,4,4,-2.0,-2.0,0.7071067811865475,8.31447106185997e-09,0.0,-5.163336425084708e-10,0.9999999994836664,0.0,1645982246.250543,1.4629730389930605e-14
813,4,4,-2.0,-2.0,0.816496580927726,6.5811539163563995e-09,0.0,-5.163336425084708e-10,0.9999999994836664,0.0,2107170043.1198575,2.4665902219825848e-14
814,4,5,-2.0,-1.5,-1.0,2.172688740179584e-08,1.2747787064597572e-13,-5.179430218049674e-10,0.999999999482057,0.0,25689967.05737172,4.930324350546806e-15
815,4,5,-2.0,-1.5,-0.816496580927726,2.070617156921075e-08,1.2747787064597572e-13,-5.182911877454899e-10,0.9999999994817088,0.0,26940641.19804219,5.254553160072528e-15
816,4,5,-2.0,-1.5,-0.7071067811865475,2.0073026575755785e-08,1.2747787064597572e-13,-5.185469831303635e-10,0.999999999481453,3.552713678800501e-15,27799920.445923436,5.092138001506806e-15
817,4,5,-2.0,-1.5,-0.5773502691896258,1.9295080195390907e-08,1.2747787064597572e-13,-5.189235707803164e-10,0.9999999994810764,0.0,29158038.519799057,4.4716711776627946e-15
818,4,5,-2.0,-1.5,-0.5,1.8816036435227233e-08,1.2747787064597572e-13,-5.192042351609416e-10,0.9999999994807958,0.0,31354781.191122096,3.445516586350297e-15
819,4,5,-2.0,-1.5,-0.3333333333333333,1.773992927792066e-08,1.2747787064597572e-13,-5.199645158882049e-10,0.9999999994800355,0.0,60724762.056568496,1.2269427404232882e-16
820,4,5,-2.0,-1.5,0.0,1.5363229416150844e-08,1.2747787064597572e-13,-5.227889232628513e-10,0.9999999994772111,0.0,538411903.0725355,1.9926818107743265e-15
821,4,5,-2.0,-1.5,0.3333333333333333,1.2544024290511346e-08,1.2747787064597572e-13,-5.308571360274073e-10,0.9999999994691429,0.0,2046338119.1258955,1.153447668811302e-14
822,4,5,-2.0,-1.5,0.5,1.0863443701458882e-08,1.2747787064597572e-13,-5.421547655259928e-10,0.9999999994578452,0.0,3190726977.7834883,2.376170342439169e-14
823,4,5,-2.0,-1.5,0.5773502691896258,9.987868463290804e-09,1.2747787064597572e-13,-5.524682933355507e-10,0.9999999994475317,3.552713678800501e-15,3793032579.3111258,6.285698161465911e-16
824,4,5,-2.0,-1.5,0.7071067811865475,8.31451984636319e-09,1.2747787064597572e-13,-5.915765655117866e-10,0.9999999994084234,0.0,4884712205.066346,3.3190212029463965e-15
825,4,5,-2.0,-1.5,0.816496580927726,6.581192531219076e-09,1.2747787064597572e-13,-7.08034519902867e-10,0.9999999992919655,0.0,5867813226.386229,1.1701897816461003e-14
827,4,6,-2.0,-1.0,-1.0,2.172701487966649e-08,2.5495574129415405e-13,-5.421547655259928e-10,0.9999999994578452,0.0,34969394.65163157,4.900380902683219e-15
828,4,6,-2.0,-1.0,-0.816496580927726,2.0706293058357305e-08,2.5495574129415405e-13,-5.47636602732382e-10,0.9999999994523634,-3.552713678800501e-15,37364141.24187516,5.184518875089707e-15
829,4,6,-2.0,-1.0,-0.7071067811865475,2.0073144350129165e-08,2.5495574129415405e-13,-5.517755141681846e-10,0.9999999994482245,-3.552713678800501e-15,39217785.214410245,4.749490923690775e-15
830,4,6,-2.0,-1.0,-0.5773502691896258,1.9295193405419208e-08,2.5495574129415405e-13,-5.578435491315759e-10,0.9999999994421565,0.0,50211725.14907617,2.374132519782076e-15
831,4,6,-2.0,-1.0,-0.5,1.88161468346255e-08,2.5495574129415405e-13,-5.622382559522521e-10,0.9999999994377617,0.0,83891743.05286235,7.815442481820341e-15
832,4,6,-2.0,-1.0,-0.3333333333333333,1.7740033363624213e-08,2.5495574129415405e-13,-5.744276165842166e-10,0.9999999994255724,3.552713678800501e-15,377672745.146221,1.0731819801180902e-14
833,4,6,-2.0,-1.0,0.0,1.5363319557410948e-08,2.5495574129415405e-13,-6.196145818648802e-10,0.9999999993803854,0.0,2600737117.670829,1.3200978736894539e-14
834,4,6,-2.0,-1.0,0.3333333333333333,1.2544097891189755e-08,2.5495574129415405e-13,-7.487166442388116e-10,0.9999999992512834,0.0,6839539437.709496,4.183063750527744e-15
835,4,6,-2.0,-1.0,0.5,1.0863507442077079e-08,2.5495574129415405e-13,-9.294609526477871e-10,0.999999999070539,-3.552713678800501e-15,9357172597.188438,2.2626033242755616e-14
836,4,6,-2.0,-1.0,0.5773502691896258,9.987927066900242e-09,2.5495574129415405e-13,-1.094509372023822e-09,0.9999999989054906,0.0,10561697346.309889,1.878147529779441e-14
837,4,6,-2.0,-1.0,0.7071067811865475,8.314568632534648e-09,2.5495574129415405e-13,-1.7202665958393482e-09,0.9999999982797334,0.0,12596066652.652111,8.782600454073699e-15
838,4,6,-2.0,-1.0,0.816496580927726,6.581231148324418e-09,2.5495574129415405e-13,-3.583469521117877e-09,0.9999999964165305,0.0,14300169029.380203,1.8139604750793836e-14
840,4,7,-2.0,-0.5,-1.0,2.1727142357537132e-08,3.8243361194012977e-13,-6.470450841788988e-10,0.9999999993529549,3.552713678800501e-15,50360935.11912915,5.03008412564581e-15
841,4,7,-2.0,-0.5,-0.816496580927726,2.0706414547575857e-08,3.8243361194012977e-13,-6.747882252966519e-10,0.9999999993252118,3.552713678800501e-15,55658837.90739378,4.819017276924264e-15
842,4,7,-2.0,-0.5,-0.7071067811865475,2.0073262124621097e-08,3.8243361194012977e-13,-6.957421305742173e-10,0.9999999993042579,3.552713678800501e-15,70070159.92480333,4.253211698057782e-15
843,4,7,-2.0,-0.5,-0.5773502691896258,1.929530661562549e-08,3.8243361194012977e-13,-7.264766566095204e-10,0.9999999992735233,0.0,285014508.15685654,2.509541503448833e-15
844,4,7,-2.0,-0.5,-0.5,1.8816257234239683e-08,3.8243361194012977e-13,-7.48709538811454e-10,0.9999999992512905,3.552713678800501e-15,699106105.2585741,7.843769748381388e-15
845,4,7,-2.0,-0.5,-0.3333333333333333,1.77401374496331e-08,3.8243361194012977e-13,-8.104379389806127e-10,0.9999999991895621,0.0,2666141273.3897166,3.576983432666169e-16
846,4,7,-2.0,-0.5,0.0,1.536340969919991e-08,3.8243361194012977e-13,-1.0391829619038617e-09,0.999999998960817,0.0,10141246879.476654,1.69270484185258e-14
847,4,7,-2.0,-0.5,0.3333333333333333,1.2544171492731797e-08,3.8243361194012977e-13,-1.6927437229696807e-09,0.9999999983072563,0.0,19088032201.352337,3.3974090588044248e-15
848,4,7,-2.0,-0.5,0.5,1.0863571183817165e-08,3.8243361194012977e-13,-2.6077273673763557e-09,0.9999999973922726,3.552713678800501e-15,23322247359.68272,5.561201072563123e-15
849,4,7,-2.0,-0.5,0.5773502691896258,9.987985671792839e-09,3.8243361194012977e-13,-3.443279439352409e-09,0.9999999965567206,0.0,25178921673.20637,1.0908259165731938e-14
850,4,7,-2.0,-0.5,0.7071067811865475,8.314617420374311e-09,3.8243361194012977e-13,-6.611106329046379e-09,0.9999999933888937,3.552713678800501e-15,28119376127.806194,8.817952473007796e-15
851,4,7,-2.0,-0.5,0.816496580927726,6.581269767672385e-09,3.8243361194012977e-13,-1.6043340878013623e-08,0.9999999839566592,3.552713678800501e-15,30421366965.398148,1.40442766505515e-14
853,4,8,-2.0,0.0,-1.0,2.172726983540778e-08,5.099114825883081e-13,-9.294396363657143e-10,0.9999999990705604,0.0,78700649.90921086,4.922833438948457e-15
854,4,8,-2.0,0.0,-0.816496580927726,2.0706536036866423e-08,5.099114825883081e-13,-1.0171206099585106e-09,0.9999999989828794,-3.552713678800501e-15,103534372.02224736,2.1588716243885228e-15
855,4,8,-2.0,0.0,-0.7071067811865475,2.0073379899231583e-08,5.099114825883081e-13,-1.0833538510723884e-09,0.9999999989166461,0.0,569217105.410507,1.047133759840282e-15
856,4,8,-2.0,0.0,-0.5773502691896258,1.929541982600974e-08,5.099114825883081e-13,-1.1804814903371152e-09,0.9999999988195185,0.0,3234643248.9199214,1.2530333433462676e-14
857,4,8,-2.0,0.0,-0.5,1.8816367634069765e-08,5.099114825883081e-13,-1.2507435087627528e-09,0.9999999987492565,0.0,6069394566.494809,1.2256015960855083e-14
858,4,8,-2.0,0.0,-0.3333333333333333,1.7740241535947322e-08,5.099114825883081e-13,-1.4458230168656883e-09,0.999999998554177,0.0,14095361349.79713,1.9756350580869145e-14
859,4,8,-2.0,0.0,0.0,1.536349984151773e-08,5.099114825883081e-13,-2.1687576179374446e-09,0.9999999978312424,-3.552713678800501e-15,31072280455.94506,1.485498850961585e-14
860,4,8,-2.0,0.0,0.3333333333333333,1.2544245095137457e-08,5.099114825883081e-13,-4.234284034509983e-09,0.999999995765716,0.0,44273991446.10611,7.754501970398812e-15
861,4,8,-2.0,0.0,0.5,1.0863634926679122e-08,5.099114825883081e-13,-7.126022438797008e-09,0.9999999928739776,0.0,49283444347.75392,1.2384515136426674e-14
862,4,8,-2.0,0.0,0.5773502691896258,9.988044277968583e-09,5.099114825883081e-13,-9.766715436398954e-09,0.9999999902332846,0.0,51295516679.900604,1.7699362595064698e-14
863,4,8,-2.0,0.0,0.7071067811865475,8.314666209882155e-09,5.099114825883081e-13,-1.9778372717382808e-08,0.9999999802216275,0.0,54276160989.26475,1.1245297223963965e-15
864,4,8,-2.0,0.0,0.816496580927726,6.581308389262941e-09,5.099114825883081e-13,-4.958819843636775e-08,0.9999999504118028,-3.552713678800501e-15,56441610171.22146,2.9738109734701004e-15
866,4,9,-2.0,0.5,-1.0,2.172739731327843e-08,6.373893532364865e-13,-1.5248708962189994e-09,0.9999999984751291,-3.552713678800501e-15,139946787.070559,5.110912170810086e-15
867,4,9,-2.0,0.5,-0.816496580927726,2.0706657526228994e-08,6.373893532364865e-13,-1.7389254480804084e-09,0.9999999982610746,0.0,1372209483.877232,7.644909617464281e-15
868,4,9,-2.0,0.5,-0.7071067811865475,2.007349767396062e-08,6.373893532364865e-13,-1.900630763884692e-09,0.9999999980993692,0.0,9339120461.044462,1.511317895693358e-14
869,4,9,-2.0,0.5,-0.5773502691896258,1.9295533036571957e-08,6.373893532364865e-13,-2.137749532948874e-09,0.9999999978622505,0.0,24831987047.695988,1.1214281799348104e-14
870,4,9,-2.0,0.5,-0.5,1.8816478034115746e-08,6.373893532364865e-13,-2.3092852075023984e-09,0.9999999976907148,0.0,34340855874.30068,1.1108334863837118e-14
871,4,9,-2.0,0.5,-0.3333333333333333,1.7740345622566873e-08,6.373893532364865e-13,-2.785533581572963e-09,0.9999999972144664,3.552713678800501e-15,52011781095.735565,8.067724088248043e-15
872,4,9,-2.0,0.5,0.0,1.5363589984364397e-08,6.373893532364865e-13,-4.550471999209549e-09,0.999999995449528,-3.552713678800501e-15,74351756517.35603,1.0261216262549305e-15
873,4,9,-2.0,0.5,0.3333333333333333,1.2544318698406717e-08,6.373893532364865e-13,-9.593144056907477e-09,0.9999999904068559,0.0,85224919456.21646,5.9083662651179056e-15
874,4,9,-2.0,0.5,0.5,1.0863698670662933e-08,6.373893532364865e-13,-1.6652887069312783e-08,0.999999983347113,0.0,88221806887.6089,3.805106370159252e-15
875,4,9,-2.0,0.5,0.5773502691896258,9.988102885427443e-09,6.373893532364865e-13,-2.3099747892274536e-08,0.9999999769002523,0.0,89242979586.97879,7.352151762795176e-15
876,4,9,-2.0,0.5,0.7071067811865475,8.314715001058151e-09,6.373893532364865e-13,-4.754168969611783e-08,0.9999999524583114,3.552713678800501e-15,90541436541.0672,1.8538106539912164e-14
877,4,9,-2.0,0.5,0.816496580927726,6.5813470130960435e-09,6.373893532364865e-13,-1.2031788543254152e-07,0.9999998796821218,7.105427357601002e-15,91297954321.524,2.005581287234076e-15
879,4,10,-2.0,1.0,-1.0,2.1727524791149077e-08,7.648672238824622e-13,-2.607581706115525e-09,0.9999999973924183,0.0,315035190.7451294,5.1083988589628e-15
880,4,10,-2.0,1.0,-0.816496580927726,2.070677901566356e-08,7.648672238824622e-13,-3.0514399895764655e-09,0.99999999694856,0.0,35622200544.53691,1.3493042207423756e-14
881,4,10,-2.0,1.0,-0.7071067811865475,2.007361544880821e-08,7.648672238824622e-13,-3.3867451065816567e-09,0.9999999966132549,0.0,77132273912.37982,1.6419579353075815e-14
882,4,10,-2.0,1.0,-0.5773502691896258,1.9295646247312146e-08,7.648672238824622e-13,-3.878422916159252e-09,0.9999999961215771,0.0,108074356959.26453,1.7930860432210783e-14
883,4,10,-2.0,1.0,-0.5,1.8816588434377623e-08,7.648672238824622e-13,-4.234109951539722e-09,0.99999999576589,0.0,119209217529.41573,5.376003247960762e-15
884,4,10,-2.0,1.0,-0.3333333333333333,1.7740449709491743e-08,7.648672238824622e-13,-5.221643561981182e-09,0.9999999947783564,-3.552713678800501e-15,132421674621.8702,1.1983793944846488e-14
885,4,10,-2.0,1.0,0.0,1.5363680127739896e-08,7.648672238824622e-13,-8.881322344223008e-09,0.9999999911186777,0.0,138717890095.1526,8.579899435167305e-15
886,4,10,-2.0,1.0,0.3333333333333333,1.2544392302539563e-08,7.648672238824622e-13,-1.9337569767685636e-08,0.9999999806624305,-3.552713678800501e-15,136081891505.22478,5.270084638042858e-15
887,4,10,-2.0,1.0,0.5,1.0863762415768575e-08,7.648672238824622e-13,-3.3976302660221336e-08,0.9999999660236979,0.0,133740304731.08916,3.08050221297073e-15
888,4,10,-2.0,1.0,0.5773502691896258,9.9881614941694e-09,7.648672238824622e-13,-4.7344201448140666e-08,0.9999999526557997,-7.105427357601002e-15,132560382466.59766,5.410086125228324e-15
889,4,10,-2.0,1.0,0.7071067811865475,8.314763793902267e-09,7.648672238824622e-13,-9.802583100793072e-08,0.9999999019741738,0.0,130510804628.48416,4.442804456118191e-15
890,4,10,-2.0,1.0,0.816496580927726,6.5813856391716524e-09,7.648672238824622e-13,-2.4893099492828696e-07,0.999999751069036,7.105427357601002e-15,128740436767.6406,1.0430082973258261e-14
892,4,11,-2.0,1.5,-1.0,2.172765226901972e-08,8.923450945306406e-13,-4.390539487530987e-09,0.9999999956094605,-3.552713678800501e-15,1261994709.3459854,5.1008943128440265e-15
893,4,11,-2.0,1.5,-0.816496580927726,2.070690050517013e-08,8.923450945306406e-13,-5.21282217391672e-09,0.9999999947871778,0.0,270561406789.1053,1.4775953384553366e-14
894,4,11,-2.0,1.5,-0.7071067811865475,2.007373322377434e-08,8.923450945306406e-13,-5.833999949800273e-09,0.999999994166,0.0,275806226616.1232,1.2835239820118892e-14
895,4,11,-2.0,1.5,-0.5773502691896258,1.9295759458230298e-08,8.923450945306406e-13,-6.7448731044805754e-09,0.9999999932551269,0.0,261611424599.9785,8.049009686196912e-15
896,4,11,-2.0,1.5,-0.5,1.88166988348554e-08,8.923450945306406e-13,-7.4038091213424195e-09,0.9999999925961909,0.0,251755057300.79288,8.849010728961368e-15
897,4,11,-2.0,1.5,-0.3333333333333333,1.7740553796721943e-08,8.923450945306406e-13,-9.233293241095453e-09,0.9999999907667068,0.0,232059666839.2775,6.049343312736313e-15
898,4,11,-2.0,1.5,0.0,1.5363770271644224e-08,8.923450945306406e-13,-1.6013149917171177e-08,0.9999999839868502,0.0,201685222367.09256,7.868271377917892e-15
899,4,11,-2.0,1.5,0.3333333333333333,1.2544465907535979e-08,8.923450945306406e-13,-3.538417558957008e-08,0.9999999646158251,-3.552713678800501e-15,180206962242.51392,7.620632402520002e-15
900,4,11,-2.0,1.5,0.5,1.0863826161996025e-08,8.923450945306406e-13,-6.250360584658665e-08,0.9999999374963962,0.0,171676569506.1192,5.510623404210552e-15
901,4,11,-2.0,1.5,0.5773502691896258,9.988220104194433e-09,8.923450945306406e-13,-8.726870426301048e-08,0.9999999127312995,-3.552713678800501e-15,168096803942.30597,6.898810337572035e-15
902,4,11,-2.0,1.5,0.7071067811865475,8.314812588414474e-09,8.923450945306406e-13,-1.8116047684202385e-07,0.9999998188395396,0.0,162548284116.84598,9.011745389739172e-15
903,4,11,-2.0,1.5,0.816496580927726,6.58142426748973e-09,8.923450945306406e-13,-4.607243688781182e-07,0.9999995392757373,-7.105427357601002e-15,158252945947.4434,3.663969608297629e-15
905,4,12,-2.0,2.0,-1.0,2.172777974689037e-08,1.0198229651766164e-12,-7.125400713903218e-09,0.9999999928745993,0.0,89525146896837.81,5.061427048225318e-15
906,4,12,-2.0,2.0,-0.816496580927726,2.07070219947487e-08,1.0198229651766164e-12,-8.52815063012713e-09,0.9999999914718494,-3.552713678800501e-15,532385979523.0218,1.4789148210296788e-14
907,4,12,-2.0,2.0,-0.7071067811865475,2.0073850998859024e-08,1.0198229651766164e-12,-9.587822091816633e-09,0.9999999904121779,3.552713678800501e-15,421681285354.1776,1.1724133434324872e-14
908,4,12,-2.0,2.0,-0.5773502691896258,1.9295872669326403e-08,1.0198229651766164e-12,-1.114169734250936e-08,0.9999999888583028,0.0,351182910978.0768,9.906529610340815e-15
909,4,12,-2.0,2.0,-0.5,1.8816809235549054e-08,1.0198229651766164e-12,-1.2265786608622875e-08,0.9999999877342135,-3.552713678800501e-15,322933156918.1034,9.07211736310798e-15
910,4,12,-2.0,2.0,-0.3333333333333333,1.7740657884257444e-08,1.0198229651766164e-12,-1.5386735441325072e-08,0.9999999846132647,0.0,279741124515.4413,7.854639280534938e-15
911,4,12,-2.0,2.0,0.0,1.5363860416077373e-08,1.0198229651766164e-12,-2.6952598375373782e-08,0.999999973047402,3.552713678800501e-15,228478205859.3304,6.544875133716976e-15
912,4,12,-2.0,2.0,0.3333333333333333,1.2544539513395953e-08,1.0198229651766164e-12,-5.999793373234752e-08,0.999999940002068,3.552713678800501e-15,197904344712.01477,5.397128779205396e-15
913,4,12,-2.0,2.0,0.5,1.0863889909345272e-08,1.0198229651766164e-12,-1.0626139790304023e-07,0.9999998937386078,-1.7763568394002505e-15,186598689389.50305,5.2334906702454884e-15
914,4,12,-2.0,2.0,0.5773502691896258,9.988278715502514e-09,1.0198229651766164e-12,-1.485085654451268e-07,0.9999998514914455,0.0,181971013702.6847,5.031171311964246e-15
915,4,12,-2.0,2.0,0.7071067811865475,8.314861384594741e-09,1.0198229651766164e-12,-3.086800326457251e-07,0.999999691320015,-3.552713678800501e-15,174925955247.7486,4.710419378347829e-15
916,4,12,-2.0,2.0,0.816496580927726,6.5814628980502326e-09,1.0198229651766164e-12,-7.855924799571312e-07,0.9999992144078286,-7.105427357601002e-15,169582478678.83142,4.318971397906725e-15
918,4,13,-2.0,2.5,-1.0,2.1727907224761018e-08,1.1473008358247947e-12,-1.1102532226914263e-08,0.9999999888974679,-3.552713678800501e-15,1254567071.008103,5.131094051886374e-15
919,4,13,-2.0,2.5,-0.816496580927726,2.070714348439927e-08,1.1473008358247947e-12,-1.3349414018648531e-08,0.9999999866505861,0.0,269637720144.2315,1.6411089760579506e-14
920,4,13,-2.0,2.5,-0.7071067811865475,2.0073968774062248e-08,1.1473008358247947e-12,-1.5046769163973295e-08,0.999999984953231,0.0,275274086576.5743,1.3746952118020514e-14
921,4,13,-2.0,2.5,-0.5773502691896258,1.929598588060047e-08,1.1473008358247947e-12,-1.7535711549498956e-08,0.9999999824642886,3.552713678800501e-15,261308756435.4213,9.926931557940611e-15
922,4,13,-2.0,2.5,-0.5,1.88169196364586e-08,1.1473008358247947e-12,-1.9336244605483444e-08,0.9999999806637556,-3.552713678800501e-15,251532549064.15045,9.584797994712528e-15
923,4,13,-2.0,2.5,-0.3333333333333333,1.774076197209826e-08,1.1473008358247947e-12,-2.4335278681064665e-08,0.9999999756647217,3.552713678800501e-15,231942919966.02023,6.183961864777462e-15
924,4,13,-2.0,2.5,0.0,1.5363950561039325e-08,1.1473008358247947e-12,-4.286112442741796e-08,0.9999999571388765,3.552713678800501e-15,201667020812.10065,8.322961236378252e-15
925,4,13,-2.0,2.5,0.3333333333333333,1.254461312011947e-08,1.1473008358247947e-12,-9.579211912580377e-08,0.9999999042078854,-3.552713678800501e-15,180240793759.42252,6.264677196950986e-15
926,4,13,-2.0,2.5,0.5,1.0863953657816289e-08,1.1473008358247947e-12,-1.6989550744028747e-07,0.999999830104507,-3.552713678800501e-15,171735608274.58276,6.574934586772688e-15
927,4,13,-2.0,2.5,0.5773502691896258,9.988337328093626e-09,1.1473008358247947e-12,-2.3756571110311597e-07,0.9999997624343171,3.552713678800501e-15,168170346840.12277,2.903491960233645e-15
928,4,13,-2.0,2.5,0.7071067811865475,8.314910182443042e-09,1.1473008358247947e-12,-4.941233946453849e-07,0.9999995058767275,1.4210854715202004e-14,162657567738.82053,4.127608251391331e-15
929,4,13,-2.0,2.5,0.816496580927726,6.58150153085313e-09,1.1473008358247947e-12,-1.2580270087880763e-06,0.9999987419737826,7.105427357601002e-15,158424729662.2373,3.8526280827574965e-16
931,4,14,-2.0,3.0,-1.0,2.1728034702631666e-08,1.2747787064707706e-12,-1.6650993472921982e-08,0.9999999833490066,0.0,314107771.092074,4.933723093739979e-15
932,4,14,-2.0,3.0,-0.816496580927726,2.0707264974121836e-08,1.2747787064707706e-12,-2.0075514584050325e-08,0.9999999799244856,0.0,35388152771.062355,1.5091423975772205e-14
933,4,14,-2.0,3.0,-0.7071067811865475,2.0074086549384017e-08,1.2747787064707706e-12,-2.2662494103542485e-08,0.9999999773375061,-3.552713678800501e-15,76845527618.98561,1.211243076405839e-14
934,4,14,-2.0,3.0,-0.5773502691896258,1.9296099092052488e-08,1.2747787064707706e-12,-2.6455943213932187e-08,0.9999999735440571,0.0,107834815673.25163,4.811051281406212e-15
935,4,14,-2.0,3.0,-0.5,1.881703003758403e-08,1.2747787064707706e-12,-2.9200176498989094e-08,0.999999970799824,-3.552713678800501e-15,119008475128.22012,1.1026574854951896e-14
936,4,14,-2.0,3.0,-0.3333333333333333,1.7740866060244378e-08,1.2747787064707706e-12,-3.681931559640361e-08,0.9999999631806851,0.0,132297227170.98473,6.2282077031748495e-15
937,4,14,-2.0,3.0,0.0,1.536404070653008e-08,1.2747787064707706e-12,-6.505496941144884e-08,0.9999999349450327,0.0,138700163824.95697,7.040817206477463e-15
938,4,14,-2.0,3.0,0.3333333333333333,1.2544686727706507e-08,1.2747787064707706e-12,-1.4572826501080272e-07,0.9999998542717456,3.552713678800501e-15,136140157989.46396,3.922851457457771e-15
939,4,14,-2.0,3.0,0.5,1.0864017407409058e-08,1.2747787064707706e-12,-2.5867087671826994e-07,0.9999997413291567,7.105427357601002e-15,133840132091.30753,4.446295473106077e-15
940,4,14,-2.0,3.0,0.5773502691896258,9.988395941967742e-09,1.2747787064707706e-12,-3.6180853868472695e-07,0.9999996381915268,7.105427357601002e-15,132684856669.50252,1.7250034531642844e-15
941,4,14,-2.0,3.0,0.7071067811865475,8.314958981959345e-09,1.2747787064707706e-12,-7.528337953033315e-07,0.999999247166488,1.4210854715202004e-14,130696863266.5966,5.370475460021176e-15
942,4,14,-2.0,3.0,0.816496580927726,6.581540165898374e-09,1.2747787064707706e-12,-1.917116165373045e-06,0.9999980828856723,2.842170943040401e-14,129034902383.92128,4.375368097173454e-15
944,4,15,-2.0,3.5,-1.0,2.1728162180502314e-08,1.4022565771189487e-12,-2.4138529397532693e-08,0.9999999758614709,0.0,139672513.16746902,5.120948432044659e-15
945,4,15,-2.0,3.5,-0.816496580927726,2.0707386463916404e-08,1.4022565771189487e-12,-2.9152257496889433e-08,0.999999970847743,0.0,1360696855.8417556,1.0863515882200264e-14
946,4,15,-2.0,3.5,-0.7071067811865475,2.0074204324824324e-08,1.4022565771189487e-12,-3.293975936458082e-08,0.9999999670602412,3.552713678800501e-15,9290728265.991932,1.9092520820016043e-14
947,4,15,-2.0,3.5,-0.5773502691896258,1.9296212303682465e-08,1.4022565771189487e-12,-3.8493631393521355e-08,0.9999999615063694,0.0,24755578065.715626,1.340621742818435e-14
948,4,15,-2.0,3.5,-0.5,1.8817140438925337e-08,1.4022565771189487e-12,-4.2511352660312696e-08,0.9999999574886482,3.552713678800501e-15,34261339978.004368,9.575339582583915e-15
949,4,15,-2.0,3.5,-0.3333333333333333,1.7740970148695794e-08,1.4022565771189487e-12,-5.366628386127559e-08,0.9999999463337176,0.0,51947092932.20387,5.874742243002602e-16
950,4,15,-2.0,3.5,0.0,1.5364130852549626e-08,1.4022565771189487e-12,-9.500512909710324e-08,0.9999999049948755,5.329070518200751e-15,74347295024.24394,5.7466259345505315e-15
951,4,15,-2.0,3.5,0.3333333333333333,1.2544760336157058e-08,1.4022565771189487e-12,-2.1311613451757694e-07,0.9999997868838882,0.0,85290877239.18263,1.323881788035202e-14
952,4,15,-2.0,3.5,0.5,1.0864081158123561e-08,1.4022565771189487e-12,-3.784715225663149e-07,0.999999621528549,7.105427357601002e-15,88333505717.92781,5.8731828190048464e-15
953,4,15,-2.0,3.5,0.5773502691896258,9.988454557124842e-09,1.4022565771189487e-12,-5.294718228299189e-07,0.9999994705283174,0.0,89382941587.8094,1.877837948783641e-15
954,4,15,-2.0,3.5,0.7071067811865475,8.315007783143625e-09,1.4022565771189487e-12,-1.1019584711391417e-06,0.999998898042136,7.105427357601002e-15,90753356559.2097,7.734196546406088e-15
955,4,15,-2.0,3.5,0.816496580927726,6.5815788031859295e-09,1.4022565771189487e-12,-2.8065442947422525e-06,0.9999971934596436,-1.4210854715202004e-14,91637662102.4675,2.66419525988132e-15
957,4,16,-2.0,4.0,-1.0,2.1728289658372962e-08,1.5297344477649244e-12,-3.3971595314596925e-08,0.9999999660284052,0.0,78585246.3515311,5.1196804860057285e-15
958,4,16,-2.0,4.0,-0.816496580927726,2.070750795378296e-08,1.5297344477649244e-12,-4.107234019556927e-08,0.9999999589276607,0.0,103279113.33787556,2.308487857768307e-15
959,4,16,-2.0,4.0,-0.7071067811865475,2.0074322100383163e-08,1.5297344477649244e-12,-4.643645468149771e-08,0.9999999535635464,0.0,566101454.0076015,1.1371286171711104e-14
960,4,16,-2.0,4.0,-0.5773502691896258,1.9296325515490382e-08,1.5297344477649244e-12,-5.430219118807145e-08,0.9999999456978103,0.0,3223028537.915728,1.5386480097751356e-14
961,4,16,-2.0,4.0,-0.5,1.8817250840482517e-08,1.5297344477649244e-12,-5.999234531373077e-08,0.9999999400076565,-1.7763568394002505e-15,6053129217.108606,9.610588377389578e-15
962,4,16,-2.0,4.0,-0.3333333333333333,1.7741074237452495e-08,1.5297344477649244e-12,-7.579066618745856e-08,0.9999999242093367,-1.7763568394002505e-15,14076370015.571953,4.878001267748006e-15
963,4,16,-2.0,4.0,0.0,1.5364220999097952e-08,1.5297344477649244e-12,-1.3433736612000757e-07,0.9999998656626429,-3.552713678800501e-15,31077418840.41851,1.227482013616813e-16
964,4,16,-2.0,4.0,0.3333333333333333,1.2544833945471103e-08,1.5297344477649244e-12,-3.0161366026959513e-07,0.9999996983863852,0.0,44330546130.75127,7.572506740270809e-15
965,4,16,-2.0,4.0,0.5,1.0864144909959778e-08,1.5297344477649244e-12,-5.358004635525049e-07,0.99999946419968,-7.105427357601002e-15,49380104276.62872,5.7166261957420545e-15
966,4,16,-2.0,4.0,0.5773502691896258,9.988513173564902e-09,1.5297344477649244e-12,-7.496566816200811e-07,0.9999992503435994,-1.4210854715202004e-14,51418071261.89833,6.3803242088322164e-15
967,4,16,-2.0,4.0,0.7071067811865475,8.315056585995846e-09,1.5297344477649244e-12,-1.5604486094389358e-06,0.999998439552608,-2.842170943040401e-14,54466012920.21113,5.1828210386866656e-15
968,4,16,-2.0,4.0,0.816496580927726,6.581617442715754e-09,1.5297344477649244e-12,-3.974591166411301e-06,0.9999960254167323,-1.4210854715202004e-14,56752158650.318016,2.8231046882892836e-14
970,5,5,-1.5,-1.5,-1.0,2.1727014879666487e-08,0.0,-5.163336425084708e-10,0.9999999994836664,0.0,34969668.29328101,4.900342556642821e-15
971,5,5,-1.5,-1.5,-0.816496580927726,2.0706293058213287e-08,0.0,-5.163336425084708e-10,0.9999999994836664,0.0,37364486.43764305,5.3838737072611804e-15
972,5,5,-1.5,-1.5,-0.7071067811865475,2.0073144349892046e-08,0.0,-5.163336425084708e-10,0.9999999994836664,0.0,39218204.4518544,4.749440152257872e-15
973,5,5,-1.5,-1.5,-0.5773502691896258,1.929519340506325e-08,0.0,-5.163336425084708e-10,0.9999999994836664,0.0,50213127.80276385,1.928928788114221e-15
974,5,5,-1.5,-1.5,-0.5,1.8816146834193676e-08,0.0,-5.163336425084708e-10,0.9999999994836664,0.0,83896107.1989005,1.4031541791600464e-14
975,5,5,-1.5,-1.5,-0.3333333333333333,1.7740033363013515e-08,0.0,-5.163336425084708e-10,0.9999999994836664,0.0,377699602.1769106,1.4991917441866618e-14
976,5,5,-1.5,-1.5,0.0,1.5363319556353192e-08,0.0,-5.163336425084708e-10,0.9999999994836664,0.0,2600917321.1924486,1.7050082811767074e-14
977,5,5,-1.5,-1.5,0.3333333333333333,1.2544097889462451e-08,0.0,-5.163336425084708e-10,0.9999999994836664,0.0,6840077766.727645,5.019281441159677e-15
978,5,5,-1.5,-1.5,0.5,1.0863507439833244e-08,0.0,-5.163336425084708e-10,0.9999999994836664,0.0,9358046932.430595,1.0190954622179362e-15
979,5,5,-1.5,-1.5,0.5773502691896258,9.987927064333851e-09,0.0,-5.163336425084708e-10,0.9999999994836664,0.0,10562808186.756191,7.222884668885543e-16
980,5,5,-1.5,-1.5,0.7071067811865475,8.314568629198149e-09,0.0,-5.163336425084708e-10,0.9999999994836664,0.0,12597834293.778996,1.6200110189710823e-14
981,5,5,-1.5,-1.5,0.816496580927726,6.58123114383906e-09,0.0,-5.163336425084708e-10,0.9999999994836664,0.0,14303180622.660044,1.6668920388507438e-14
982,5,6,-1.5,-1.0,-1.0,2.1727142357537132e-08,1.274778706481784e-13,-5.179465745186462e-10,0.9999999994820534,0.0,50361880.978603855,5.029989654338617e-15
983,5,6,-1.5,-1.0,-0.816496580927726,2.0706414547287826e-08,1.274778706481784e-13,-5.182911877454899e-10,0.9999999994817088,-3.552713678800501e-15,55660128.503431976,4.818905537969059e-15
984,5,6,-1.5,-1.0,-0.7071067811865475,2.0073262124146864e-08,1.274778706481784e-13,-5.185469831303635e-10,0.999999999481453,0.0,70074123.92938344,1.4885398847376124e-15
985,5,6,-1.5,-1.0,-0.5773502691896258,1.9295306614913574e-08,1.274778706481784e-13,-5.189271234939952e-10,0.9999999994810729,3.552713678800501e-15,285055000.9545878,3.1364812707611248e-15
986,5,6,-1.5,-1.0,-0.5,1.881625723337603e-08,1.274778706481784e-13,-5.192042351609416e-10,0.9999999994807958,-3.552713678800501e-15,699206688.4730146,7.160672578900891e-15
987,5,6,-1.5,-1.0,-0.3333333333333333,1.7740137448411718e-08,1.274778706481784e-13,-5.199645158882049e-10,0.9999999994800355,0.0,2666485425.4901195,1.5736695772174392e-14
988,5,6,-1.5,-1.0,0.0,1.5363409697084417e-08,1.274778706481784e-13,-5.227889232628513e-10,0.9999999994772111,0.0,10142429444.279438,1.8805638661733927e-16
989,5,6,-1.5,-1.0,0.3333333333333333,1.254417148927721e-08,1.274778706481784e-13,-5.308571360274073e-10,0.9999999994691429,0.0,19090543615.717068,1.458695498651808e-14
990,5,6,-1.5,-1.0,0.5,1.0863571179329522e-08,1.274778706481784e-13,-5.421547655259928e-10,0.9999999994578452,-3.552713678800501e-15,23325886541.98949,2.126009845921823e-15
991,5,6,-1.5,-1.0,0.5773502691896258,9.987985666660095e-09,1.274778706481784e-13,-5.524682933355507e-10,0.9999999994475317,0.0,25183342739.597294,5.907603088983493e-15
992,5,6,-1.5,-1.0,0.7071067811865475,8.31461741370136e-09,1.274778706481784e-13,-5.915765655117866e-10,0.9999999994084234,3.552713678800501e-15,28125961582.73673,1.4919194779683697e-15
993,5,6,-1.5,-1.0,0.816496580927726,6.581269758701724e-09,1.274778706481784e-13,-7.080274144755094e-10,0.9999999992919726,-3.552713678800501e-15,30432056935.32973,2.7577281424680893e-15
995,5,7,-1.5,-0.5,-1.0,2.172726983540778e-08,2.5495574129415405e-13,-5.421547655259928e-10,0.9999999994578452,-3.552713678800501e-15,78703421.64562215,4.922660069145669e-15
996,5,7,-1.5,-0.5,-0.816496580927726,2.070653603643438e-08,2.5495574129415405e-13,-5.476330500187032e-10,0.999999999452367,0.0,103543048.91817664,3.022166995662689e-15
997,5,7,-1.5,-0.5,-0.7071067811865475,2.0073379898520238e-08,2.5495574129415405e-13,-5.517719614545058e-10,0.999999999448228,3.552713678800501e-15,569352969.7324973,8.375071064038893e-15
998,5,7,-1.5,-0.5,-0.5773502691896258,1.929541982494187e-08,2.5495574129415405e-13,-5.578435491315759e-10,0.9999999994421565,0.0,3235306928.875154,4.421563412862138e-15
999,5,7,-1.5,-0.5,-0.5,1.8816367632774295e-08,2.5495574129415405e-13,-5.622347032385733e-10,0.9999999994377653,0.0,6070516102.978669,1.1468254744188243e-14
1000,5,7,-1.5,-0.5,-0.3333333333333333,1.7740241534115256e-08,2.5495574129415405e-13,-5.744276165842166e-10,0.9999999994255724,-3.552713678800501e-15,14097578220.51636,8.523660020719943e-15
1001,5,7,-1.5,-0.5,0.0,1.5363499838344504e-08,2.5495574129415405e-13,-6.196110291512014e-10,0.999999999380389,-3.552713678800501e-15,31076641340.54687,8.960842883213731e-15
1002,5,7,-1.5,-0.5,0.3333333333333333,1.2544245089955602e-08,2.5495574129415405e-13,-7.487059860977752e-10,0.999999999251294,0.0,44280989950.4735,1.223294719301906e-14
1003,5,7,-1.5,-0.5,0.5,1.0863634919947697e-08,2.5495574129415405e-13,-9.294396363657143e-10,0.9999999990705604,0.0,49292680569.153366,4.798100402288839e-15
1004,5,7,-1.5,-0.5,0.5773502691896258,9.988044270269507e-09,2.5495574129415405e-13,-1.0944809503143915e-09,0.999999998905519,3.552713678800501e-15,51306333181.296745,2.9740556606494053e-15
1005,5,7,-1.5,-0.5,0.7071067811865475,8.314666199872784e-09,2.5495574129415405e-13,-1.7202097524204873e-09,0.9999999982797902,0.0,54291424652.10162,7.728968283806248e-15
1006,5,7,-1.5,-0.5,0.816496580927726,6.581308375807027e-09,2.5495574129415405e-13,-3.583323859857046e-09,0.9999999964166761,0.0,56465425186.10571,1.4592551223323704e-14
1008,5,8,-1.5,0.0,-1.0,2.172739731327843e-08,3.824336119423324e-13,-6.470379787515412e-10,0.999999999352962,0.0,139955550.58832887,4.897650804384413e-15
1009,5,8,-1.5,0.0,-0.816496580927726,2.0706657525652932e-08,3.824336119423324e-13,-6.747811198692943e-10,0.9999999993252189,3.552713678800501e-15,1372722891.2082164,1.8410394076346964e-14
1010,5,8,-1.5,0.0,-0.7071067811865475,2.007349767301217e-08,3.824336119423324e-13,-6.957385778605385e-10,0.9999999993042614,0.0,9341701976.294586,1.5721529663357692e-14
1011,5,8,-1.5,0.0,-0.5773502691896258,1.9295533035148145e-08,3.824336119423324e-13,-7.26465998468484e-10,0.999999999273534,3.552713678800501e-15,24837192791.126797,1.520522196179087e-14
1012,5,8,-1.5,0.0,-0.5,1.881647803238847e-08,3.824336119423324e-13,-7.486988806704176e-10,0.9999999992513011,0.0,34347267837.50169,7.774382808468902e-15
1013,5,8,-1.5,0.0,-0.3333333333333333,1.7740345620124136e-08,3.824336119423324e-13,-8.104201754122187e-10,0.9999999991895798,3.552713678800501e-15,52019990686.18017,2.0532784037171303e-15
1014,5,8,-1.5,0.0,0.0,1.5363589980133454e-08,3.824336119423324e-13,-1.0391580929081101e-09,0.9999999989608419,0.0,74362202570.39133,1.2927316266991004e-14
1015,5,8,-1.5,0.0,0.3333333333333333,1.254431869149762e-08,3.824336119423324e-13,-1.6926868795508199e-09,0.9999999983073131,0.0,85238398386.5634,1.3604994822765286e-14
1016,5,8,-1.5,0.0,0.5,1.0863698661687752e-08,3.824336119423324e-13,-2.607631444107028e-09,0.9999999973923686,0.0,88238347787.20473,1.2104887060565353e-15
1017,5,8,-1.5,0.0,0.5773502691896258,9.98810287516207e-09,3.824336119423324e-13,-3.4431444362326147e-09,0.9999999965568556,0.0,89261805701.31021,6.153991642160304e-15
1018,5,8,-1.5,0.0,0.7071067811865475,8.314714987712403e-09,3.824336119423324e-13,-6.610818559238396e-09,0.9999999933891814,3.552713678800501e-15,90566909058.97884,1.5837199113651324e-14
1019,5,8,-1.5,0.0,0.816496580927726,6.581346995154929e-09,3.824336119423324e-13,-1.604261257170947e-08,0.9999999839573875,0.0,91336493898.55208,5.513021329916436e-15
1021,5,9,-1.5,0.5,-1.0,2.1727524791149077e-08,5.099114825905108e-13,-9.294218727973202e-10,0.9999999990705781,-3.552713678800501e-15,315072190.7967859,5.1077989614561805e-15
1022,5,9,-1.5,0.5,-0.816496580927726,2.0706779014943498e-08,5.099114825905108e-13,-1.017095740962759e-09,0.9999999989829043,0.0,35634592627.54756,1.5629357871505433e-14
1023,5,9,-1.5,0.5,-0.7071067811865475,2.0073615447622645e-08,5.099114825905108e-13,-1.083325429362958e-09,0.9999999989166746,3.552713678800501e-15,77150272874.60979,1.0482345559903379e-14
1024,5,9,-1.5,0.5,-0.5773502691896258,1.929564624553239e-08,5.099114825905108e-13,-1.180449515914006e-09,0.9999999988195505,0.0,108093306196.72476,2.0468653350613675e-14
1025,5,9,-1.5,0.5,-0.5,1.8816588432218543e-08,5.099114825905108e-13,-1.2507115343396435e-09,0.9999999987492885,-3.552713678800501e-15,119227806651.74582,9.470528917160671e-15
1026,5,9,-1.5,0.5,-0.3333333333333333,1.7740449706438345e-08,5.099114825905108e-13,-1.4457768315878639e-09,0.9999999985542232,0.0,132439109748.95268,2.880340462010065e-15
1027,5,9,-1.5,0.5,0.0,1.5363680122451254e-08,5.099114825905108e-13,-2.168679458236511e-09,0.9999999978313205,0.0,138734137152.87402,9.238809622159728e-15
1028,5,9,-1.5,0.5,0.3333333333333333,1.2544392293903244e-08,5.099114825905108e-13,-4.234106398826043e-09,0.9999999957658936,3.552713678800501e-15,136099831442.70572,9.866091847918786e-15
1029,5,9,-1.5,0.5,0.5,1.0863762404549663e-08,5.099114825905108e-13,-7.125709799993274e-09,0.9999999928742902,-3.552713678800501e-15,133761206482.1918,9.696361930506172e-15
1030,5,9,-1.5,0.5,0.5773502691896258,9.98816148133776e-09,5.099114825905108e-13,-9.76628200533014e-09,0.999999990233718,0.0,132583692732.01823,5.869486858843307e-15
1031,5,9,-1.5,0.5,0.7071067811865475,8.31476377722018e-09,5.099114825905108e-13,-1.9777466775394714e-08,0.9999999802225334,3.552713678800501e-15,130541413801.05084,5.143093668138253e-15
1032,5,9,-1.5,0.5,0.816496580927726,6.581385616745392e-09,5.099114825905108e-13,-4.9585899830617564e-08,0.9999999504141014,-3.552713678800501e-15,128785748629.62907,3.554459066674126e-15
1034,5,10,-1.5,1.0,-1.0,2.172765226901972e-08,6.373893532364865e-13,-1.5248211582274962e-09,0.9999999984751788,0.0,1262350738.014362,4.910586947009097e-15
1035,5,10,-1.5,1.0,-0.816496580927726,2.070690050430606e-08,6.373893532364865e-13,-1.7388686046615476e-09,0.9999999982611314,0.0,270618243789.17303,1.4772850042916972e-14
1036,5,10,-1.5,1.0,-0.7071067811865475,2.007373322235168e-08,6.373893532364865e-13,-1.9005632623247948e-09,0.9999999980994367,3.552713678800501e-15,275844900245.7716,1.2169641674575267e-14
1037,5,10,-1.5,1.0,-0.5773502691896258,1.9295759456094597e-08,6.373893532364865e-13,-2.1376713732479402e-09,0.9999999978623286,3.552713678800501e-15,261638957100.6446,1.2363844119764038e-14
1038,5,10,-1.5,1.0,-0.5,1.8816698832264513e-08,6.373893532364865e-13,-2.309199942374107e-09,0.9999999976908001,0.0,251778615701.06467,7.757310900139885e-15
1039,5,10,-1.5,1.0,-0.3333333333333333,1.774055379305788e-08,6.373893532364865e-13,-2.785427000162599e-09,0.999999997214573,3.552713678800501e-15,232077998418.51947,9.86228067706549e-15
1040,5,10,-1.5,1.0,0.0,1.536377026529789e-08,6.373893532364865e-13,-4.550283705384572e-09,0.9999999954497163,-3.552713678800501e-15,201699395164.06223,4.992975201070093e-15
1041,5,10,-1.5,1.0,0.3333333333333333,1.2544465897172456e-08,6.373893532364865e-13,-9.59271773126602e-09,0.9999999904072823,0.0,180221219085.7985,4.402683742097297e-15
1042,5,10,-1.5,1.0,0.5,1.0863826148533416e-08,6.373893532364865e-13,-1.6652130341299198e-08,0.9999999833478698,0.0,171692673929.79327,3.199416688417472e-15
1043,5,10,-1.5,1.0,0.5773502691896258,9.988220088796554e-09,6.373893532364865e-13,-2.3098682078170896e-08,0.9999999769013181,0.0,168114548355.73505,4.901268911191713e-15
1044,5,10,-1.5,1.0,0.7071067811865475,8.314812568396086e-09,6.373893532364865e-13,-4.753948701363697e-08,0.9999999524605141,0.0,162571176980.11356,1.3140278051940986e-15
1045,5,10,-1.5,1.0,0.816496580927726,6.5814242405783755e-09,6.373893532364865e-13,-1.2031226503950165e-07,0.9999998796877422,-3.552713678800501e-15,158286413035.73987,4.6271935850528406e-15
1047,5,11,-1.5,1.5,-1.0,2.172777974689037e-08,7.648672238846648e-13,-2.6074822301325185e-09,0.9999999973925178,0.0,86378006773206.9,4.884055742426081e-15
1048,5,11,-1.5,1.5,-0.816496580927726,2.0707021993740624e-08,7.648672238846648e-13,-3.051322750025065e-09,0.9999999969486772,0.0,532385801294.92633,1.4789153161296067e-14
1049,5,11,-1.5,1.5,-0.7071067811865475,2.007385099719926e-08,7.648672238846648e-13,-3.3866101034618623e-09,0.9999999966133899,0.0,421681199451.0588,1.1724135822715981e-14
1050,5,11,-1.5,1.5,-0.5773502691896258,1.9295872666834773e-08,7.648672238846648e-13,-3.878263044043706e-09,0.999999996121737,0.0,351182863598.637,9.906530946869078e-15
1051,5,11,-1.5,1.5,-0.5,1.8816809232526384e-08,7.648672238846648e-13,-4.2339358685694606e-09,0.9999999957660641,-3.552713678800501e-15,322933121339.74,9.072118362606228e-15
1052,5,11,-1.5,1.5,-0.3333333333333333,1.7740657879982734e-08,7.648672238846648e-13,-5.2214197410194174e-09,0.9999999947785803,0.0,279741103676.6105,7.854639865652736e-15
1053,5,11,-1.5,1.5,0.0,1.5363860408673356e-08,7.648672238846648e-13,-8.88093154571834e-09,0.9999999911190685,0.0,228478199172.5968,6.411306441072871e-15
1054,5,11,-1.5,1.5,0.3333333333333333,1.2544539501305248e-08,7.648672238846648e-13,-1.9336685141979615e-08,0.9999999806633151,0.0,197904349130.54672,5.5513323346688636e-15
1055,5,11,-1.5,1.5,0.5,1.0863889893638985e-08,7.648672238846648e-13,-3.3974732360775306e-08,0.9999999660252682,3.552713678800501e-15,186598703442.15985,5.2334902761138745e-15
1056,5,11,-1.5,1.5,0.5773502691896258,9.988278697538429e-09,7.648672238846648e-13,-4.734200231837349e-08,0.9999999526579988,0.0,181971035524.17267,5.031170708639415e-15
1057,5,11,-1.5,1.5,0.7071067811865475,8.314861361240094e-09,7.648672238846648e-13,-9.802125688906926e-08,0.9999999019787479,1.7763568394002505e-15,174926004304.28857,4.7104180573499725e-15
1058,5,11,-1.5,1.5,0.816496580927726,6.58146286665384e-09,7.648672238846648e-13,-2.4891933136927946e-07,0.9999997510806996,7.105427357601002e-15,169582604081.36743,4.318968204124149e-15
1060,5,12,-1.5,2.0,-1.0,2.1727907224761014e-08,8.923450945306406e-13,-4.390358299133368e-09,0.9999999956096417,-3.552713678800501e-15,1254096778.1422958,4.9429064524215446e-15
1061,5,12,-1.5,2.0,-0.816496580927726,2.0707143483247186e-08,8.923450945306406e-13,-5.212605458382313e-09,0.9999999947873945,-3.552713678800501e-15,269562013543.7573,1.3925041069503952e-14
1062,5,12,-1.5,2.0,-0.7071067811865475,2.007396877216539e-08,8.923450945306406e-13,-5.8337512598427566e-09,0.9999999941662487,0.0,275222504737.0753,1.2640695605810112e-14
1063,5,12,-1.5,2.0,-0.5773502691896258,1.9295985877752908e-08,8.923450945306406e-13,-6.744581781958914e-09,0.9999999932554182,0.0,261272015114.8651,8.526681290935741e-15
1064,5,12,-1.5,2.0,-0.5,1.8816919633004136e-08,8.923450945306406e-13,-7.403485824397649e-09,0.9999999925965142,-3.552713678800501e-15,251501107669.10944,9.950021411207336e-15
1065,5,12,-1.5,2.0,-0.3333333333333333,1.7740761967212906e-08,8.923450945306406e-13,-9.23288467902239e-09,0.9999999907671153,0.0,231918454460.75247,7.763664662053466e-15
1066,5,12,-1.5,2.0,0.0,1.5363950552577645e-08,8.923450945306406e-13,-1.6012421610867023e-08,0.9999999839875785,0.0,201648114791.07373,8.172400820396606e-15
1067,5,12,-1.5,2.0,0.3333333333333333,1.2544613106301597e-08,8.923450945306406e-13,-3.538253778856415e-08,0.9999999646174629,3.552713678800501e-15,180221793502.8561,5.0800035109820986e-15
1068,5,12,-1.5,2.0,0.5,1.0863953639866349e-08,8.923450945306406e-13,-6.250069617408371e-08,0.9999999374993058,0.0,171714162150.58432,4.798524472619897e-15
1069,5,12,-1.5,2.0,0.5773502691896258,9.98833730756336e-09,8.923450945306406e-13,-8.726462574770721e-08,0.999999912735378,-1.7763568394002505e-15,168146728582.4763,3.629874738839307e-15
1070,5,12,-1.5,2.0,0.7071067811865475,8.314910155752172e-09,8.923450945306406e-13,-1.8115200006718624e-07,0.9999998188480164,0.0,162627136375.11075,4.128380624014679e-15
1071,5,12,-1.5,2.0,0.816496580927726,6.581501494971744e-09,8.923450945306406e-13,-4.607027683789511e-07,0.9999995392973378,0.0,158380344687.41827,4.431763917803617e-15
1073,5,13,-1.5,2.5,-1.0,2.1728034702631666e-08,1.0198229651788188e-12,-7.125091627813163e-09,0.9999999928749084,0.0,314041479.9477503,5.124563192108584e-15
1074,5,13,-1.5,2.5,-0.816496580927726,2.070726497282575e-08,1.0198229651788188e-12,-8.527774042477176e-09,0.999999991472226,0.0,35365977843.2949,1.2080709195801364e-14
1075,5,13,-1.5,2.5,-0.7071067811865475,2.007408654725006e-08,1.0198229651788188e-12,-9.587402871602535e-09,0.9999999904125971,0.0,76813224525.61824,1.3706708080733652e-14
1076,5,13,-1.5,2.5,-0.5773502691896258,1.9296099088849003e-08,1.0198229651788188e-12,-1.114119640988065e-08,0.9999999888588037,3.552713678800501e-15,107800757886.5022,6.369579595492578e-15
1077,5,13,-1.5,2.5,-0.5,1.881703003369778e-08,1.0198229651788188e-12,-1.2265235938002661e-08,0.9999999877347642,-3.552713678800501e-15,118975048823.26048,9.618900693939112e-15
1078,5,13,-1.5,2.5,-0.3333333333333333,1.7740866054748388e-08,1.0198229651788188e-12,-1.538603555673035e-08,0.9999999846139646,0.0,132265857842.71384,6.921872043794663e-15
1079,5,13,-1.5,2.5,0.0,1.5364040697010744e-08,1.0198229651788188e-12,-2.6951354925586202e-08,0.9999999730486454,3.552713678800501e-15,138670921166.35684,9.02294938694444e-15
1080,5,13,-1.5,2.5,0.3333333333333333,1.2544686712161497e-08,1.0198229651788188e-12,-5.99951377466823e-08,0.999999940004864,0.0,136107871095.16055,2.354269211135236e-15
1081,5,13,-1.5,2.5,0.5,1.0864017387215496e-08,1.0198229651788188e-12,-1.0625643298567411e-07,0.9999998937435727,-3.552713678800501e-15,133802521721.35356,1.1974160359242386e-14
1082,5,13,-1.5,2.5,0.5773502691896258,9.988395918871332e-09,1.0198229651788188e-12,-1.4850161988988475e-07,0.9999998514983911,-3.552713678800501e-15,132642918220.96504,5.751829523639149e-15
1083,5,13,-1.5,2.5,0.7071067811865475,8.314958951932294e-09,1.0198229651788188e-12,-3.0866557665376604e-07,0.999999691334471,-3.552713678800501e-15,130641813943.57558,2.4527719008165044e-15
1084,5,13,-1.5,2.5,0.816496580927726,6.581540125532054e-09,1.0198229651788188e-12,-7.855556312108547e-07,0.9999992144446773,-7.105427357601002e-15,128953467519.76614,2.366557387867234e-16
1086,5,14,-1.5,3.0,-1.0,2.1728162180502307e-08,1.1473008358247947e-12,-1.1102034846999231e-08,0.9999999888979653,0.0,139650671.71026343,4.908343128768609e-15
1087,5,14,-1.5,3.0,-0.816496580927726,2.0707386462476312e-08,1.1473008358247947e-12,-1.3348810057323135e-08,0.99999998665119,0.0,1359425165.480435,9.821386839612436e-15
1088,5,14,-1.5,3.0,-0.7071067811865475,2.007420432245327e-08,1.1473008358247947e-12,-1.5046087042946965e-08,0.9999999849539131,0.0,9284307306.699266,2.0132914588118948e-14
1089,5,14,-1.5,3.0,-0.5773502691896258,1.929621230012305e-08,1.1473008358247947e-12,-1.7534915741634904e-08,0.9999999824650844,-3.552713678800501e-15,24742601559.31265,1.3721598993006481e-14
1090,5,14,-1.5,3.0,-0.5,1.88171404346073e-08,1.1473008358247947e-12,-1.9335359979777422e-08,0.9999999806646402,0.0,34245344710.77491,3.341794890233429e-16
1091,5,14,-1.5,3.0,-0.3333333333333333,1.774097014258917e-08,1.1473008358247947e-12,-2.433416312896952e-08,0.9999999756658372,0.0,51926593000.56728,3.673163445927721e-15
1092,5,14,-1.5,3.0,0.0,1.5364130841972646e-08,1.1473008358247947e-12,-4.285913846047151e-08,0.9999999571408624,-3.552713678800501e-15,74321186951.68259,6.5698795999778585e-15
1093,5,14,-1.5,3.0,0.3333333333333333,1.2544760318884923e-08,1.1473008358247947e-12,-9.578764625928216e-08,0.9999999042123583,0.0,85257176493.18468,1.6107629552273277e-15
1094,5,14,-1.5,3.0,0.5,1.0864081135686401e-08,1.1473008358247947e-12,-1.6988755291436064e-07,0.9999998301124615,3.552713678800501e-15,88292144759.2083,5.184647774990858e-15
1095,5,14,-1.5,3.0,0.5773502691896258,9.988454531462313e-09,1.1473008358247947e-12,-2.3755458755658765e-07,0.9999997624454406,-7.105427357601002e-15,89335864266.32835,3.245247522576136e-15
1096,5,14,-1.5,3.0,0.7071067811865475,8.315007749780427e-09,1.1473008358247947e-12,-4.941002451630538e-07,0.9999995058998769,7.105427357601002e-15,90689653542.06293,2.0190337221331818e-15
1097,5,14,-1.5,3.0,0.816496580927726,6.581578758334725e-09,1.1473008358247947e-12,-1.2579679840030167e-06,0.9999987420328073,-7.105427357601002e-15,91541268337.26305,0.0
1099,5,15,-1.5,3.5,-1.0,2.1728289658372962e-08,1.274778706472973e-12,-1.6650236744908398e-08,0.9999999833497634,-3.552713678800501e-15,78575106.52472335,4.930698896579105e-15
1100,5,15,-1.5,3.5,-0.816496580927726,2.0707507952198875e-08,1.274778706472973e-12,-2.0074590878493836e-08,0.9999999799254093,0.0,103247528.78146067,3.030817190144604e-15
1101,5,15,-1.5,3.5,-0.7071067811865475,2.0074322097775023e-08,1.274778706472973e-12,-2.2661453158434597e-08,0.9999999773385471,-3.552713678800501e-15,565606517.0218741,1.3699636739689678e-14
1102,5,15,-1.5,3.5,-0.5773502691896258,1.9296325511575052e-08,1.274778706472973e-12,-2.6454728185854037e-08,0.9999999735452721,0.0,3220604403.550601,3.00558314484443e-14
1103,5,15,-1.5,3.5,-0.5,1.8817250835732703e-08,1.274778706472973e-12,-2.919882291507747e-08,0.9999999708011775,7.105427357601002e-15,6049028771.83081,1.2454936790338844e-14
1104,5,15,-1.5,3.5,-0.3333333333333333,1.7741074230735253e-08,1.274778706472973e-12,-3.681760674112411e-08,0.9999999631823939,-3.552713678800501e-15,14068254225.76018,5.423128135742618e-15
1105,5,15,-1.5,3.5,0.0,1.5364220987463342e-08,1.274778706472973e-12,-6.50519424993945e-08,0.9999999349480596,-1.7763568394002505e-15,31061432978.384457,6.631814201460063e-15
1106,5,15,-1.5,3.5,0.3333333333333333,1.2544833926471868e-08,1.274778706472973e-12,-1.457214473532531e-07,0.9999998542785633,3.552713678800501e-15,44304872747.70327,3.960649547917876e-15
1107,5,15,-1.5,3.5,0.5,1.0864144885279046e-08,1.274778706472973e-12,-2.5865875485919787e-07,0.9999997413412786,7.105427357601002e-15,49346210288.66124,1.2832591244382868e-14
1108,5,15,-1.5,3.5,0.5773502691896258,9.988513145336288e-09,1.274778706472973e-12,-3.6179157802962436e-07,0.9999996382084874,-3.552713678800501e-15,51378370369.44962,1.15825544710416e-14
1109,5,15,-1.5,3.5,0.7071067811865475,8.315056549296547e-09,1.274778706472973e-12,-7.527984813293642e-07,0.999999247201802,-7.105427357601002e-15,54409962397.2376,6.590365572223871e-15
1110,5,15,-1.5,3.5,0.816496580927726,6.581617393379721e-09,1.274778706472973e-12,-1.917026217768125e-06,0.9999980829756198,1.4210854715202004e-14,56664633578.62368,1.1175219993527587e-14
1112,5,16,-1.5,4.0,-1.0,2.1728417136243607e-08,1.4022565771189487e-12,-2.4137428056292265e-08,0.9999999758625723,0.0,50296384.89402037,5.036539720084869e-15
1113,5,16,-1.5,4.0,-0.816496580927726,2.0707629441993425e-08,1.4022565771189487e-12,-2.915090746569149e-08,0.999999970849093,3.552713678800501e-15,55591142.87739347,4.824885541224081e-15
1114,5,16,-1.5,4.0,-0.7071067811865475,2.007443987321531e-08,1.4022565771189487e-12,-3.2938238803126296e-08,0.9999999670617618,3.552713678800501e-15,69914979.1677997,1.0656629931966418e-15
1115,5,16,-1.5,4.0,-0.5773502691896258,1.9296438723205002e-08,1.4022565771189487e-12,-3.8491851483968276e-08,0.9999999615081493,0.0,283860986.4146732,2.4567460033177072e-14
1116,5,16,-1.5,4.0,-0.5,1.8817361237073982e-08,1.4022565771189487e-12,-4.250938445693464e-08,0.9999999574906164,0.0,696701013.2500151,5.3042666879947135e-15
1117,5,16,-1.5,4.0,-0.3333333333333333,1.774117831918663e-08,1.4022565771189487e-12,-5.366378275084571e-08,0.9999999463362187,3.552713678800501e-15,2660936721.8680034,4.659173595296133e-15
1118,5,16,-1.5,4.0,0.0,1.5364311133482818e-08,1.4022565771189487e-12,-9.500069175771841e-08,0.9999999049993128,5.329070518200751e-15,10140224910.955006,1.1097738987461876e-14
1119,5,16,-1.5,4.0,0.3333333333333333,1.2544907534922313e-08,1.4022565771189487e-12,-2.131061513921395e-07,0.9999997868938714,7.105427357601002e-15,19110931800.047523,6.587068128478799e-15
1120,5,16,-1.5,4.0,0.5,1.086420863599341e-08,1.4022565771189487e-12,-3.7845378031420296e-07,0.9999996215462913,1.4210854715202004e-14,23367768779.193653,3.591414338132026e-15
1121,5,16,-1.5,4.0,0.5773502691896258,9.988571760493227e-09,1.4022565771189487e-12,-5.294470106775861e-07,0.9999994705531294,0.0,25239578504.96906,7.859253979754334e-15
1122,5,16,-1.5,4.0,0.7071067811865475,8.315105350480618e-09,1.4022565771189487e-12,-1.1019067649442604e-06,0.9999988980938421,2.1316282072803006e-14,28219720080.729286,2.270997510930796e-14
1123,5,16,-1.5,4.0,0.816496580927726,6.5816560306669984e-09,1.4022565771189487e-12,-2.8064126027516068e-06,0.9999971935913352,-4.263256414560601e-14,30592608256.19473,7.481605818658941e-15
1125,6,6,-1.0,-1.0,-1.0,2.172726983540778e-08,0.0,-5.163336425084708e-10,0.9999999994836664,0.0,78704345.59120578,5.1119331367497215e-15
1126,6,6,-1.0,-1.0,-0.816496580927726,2.0706536036290365e-08,0.0,-5.163336425084708e-10,0.9999999994836664,0.0,103545941.67506751,1.5829956295794857e-15
1127,6,6,-1.0,-1.0,-0.7071067811865475,2.0073379898283128e-08,0.0,-5.163336425084708e-10,0.9999999994836664,0.0,569398265.5025367,1.7586250132721935e-14
1128,6,6,-1.0,-1.0,-0.5773502691896258,1.9295419824585915e-08,0.0,-5.163336425084708e-10,0.9999999994836664,0.0,3235528183.321648,3.537008843213445e-14
1129,6,6,-1.0,-1.0,-0.5,1.8816367632342477e-08,0.0,-5.163336425084708e-10,0.9999999994836664,0.0,6070889989.46018,1.5551880776646057e-14
1130,6,6,-1.0,-1.0,-0.3333333333333333,1.774024153350457e-08,0.0,-5.163336425084708e-10,0.9999999994836664,0.0,14098317242.713766,1.555824634935056e-14
1131,6,6,-1.0,-1.0,0.0,1.5363499837286768e-08,0.0,-5.163336425084708e-10,0.9999999994836664,0.0,31078095071.572155,1.1047097742496296e-15
1132,6,6,-1.0,-1.0,0.3333333333333333,1.2544245088228318e-08,0.0,-5.163336425084708e-10,0.9999999994836664,0.0,44283322949.96885,1.8951454916462865e-15
1133,6,6,-1.0,-1.0,0.5,1.086363491770389e-08,0.0,-5.163336425084708e-10,0.9999999994836664,0.0,49295759550.81571,2.7858197705816173e-15
1134,6,6,-1.0,-1.0,0.5773502691896258,9.98804426770315e-09,0.0,-5.163336425084708e-10,0.9999999994836664,0.0,51309938989.50772,9.070232309210451e-15
1135,6,6,-1.0,-1.0,0.7071067811865475,8.314666196536332e-09,0.0,-5.163336425084708e-10,0.9999999994836664,0.0,54296513087.21427,4.6369463749328076e-15
1136,6,6,-1.0,-1.0,0.816496580927726,6.581308371321722e-09,0.0,-5.163336425084708e-10,0.9999999994836664,0.0,56473364743.945335,5.1336943265556495e-15
1137,6,7,-1.0,-0.5,-1.0,2.172739731327843e-08,1.2747787064597572e-13,-5.17950127232325e-10,0.9999999994820499,-3.552713678800501e-15,139959932.6567125,4.89749746163598e-15
1138,6,7,-1.0,-0.5,-0.816496580927726,2.0706657525364904e-08,1.2747787064597572e-13,-5.182876350318111e-10,0.9999999994817124,0.0,1372979667.6155424,2.3442814877666278e-14
1139,6,7,-1.0,-0.5,-0.7071067811865475,2.007349767253794e-08,1.2747787064597572e-13,-5.185469831303635e-10,0.999999999481453,0.0,9342992969.59361,9.186637382249454e-15
1140,6,7,-1.0,-0.5,-0.5773502691896258,1.9295533034436233e-08,1.2747787064597572e-13,-5.18930676207674e-10,0.9999999994810693,-3.552713678800501e-15,24839795996.70134,1.8735784563933332e-14
1141,6,7,-1.0,-0.5,-0.5,1.881647803152483e-08,1.2747787064597572e-13,-5.192042351609416e-10,0.9999999994807958,-3.552713678800501e-15,34350474169.408478,4.553142035806672e-15
1142,6,7,-1.0,-0.5,-0.3333333333333333,1.7740345618902767e-08,1.2747787064597572e-13,-5.199645158882049e-10,0.9999999994800355,0.0,52024095824.06128,5.5727444676397935e-15
1143,6,7,-1.0,-0.5,0.0,1.5363589978017986e-08,1.2747787064597572e-13,-5.227853705491725e-10,0.9999999994772146,3.552713678800501e-15,74367425902.9938,1.169532178909915e-14
1144,6,7,-1.0,-0.5,0.3333333333333333,1.2544318688043072e-08,1.2747787064597572e-13,-5.308571360274073e-10,0.9999999994691429,0.0,85245138177.45657,8.949946817339578e-15
1145,6,7,-1.0,-0.5,0.5,1.0863698657200162e-08,1.2747787064597572e-13,-5.42151212812314e-10,0.9999999994578488,-3.552713678800501e-15,88246618624.46954,6.916430023198171e-15
1146,6,7,-1.0,-0.5,0.5773502691896258,9.988102870029381e-09,1.2747787064597572e-13,-5.524682933355507e-10,0.9999999994475317,0.0,89271219203.35712,5.640564154449948e-15
1147,6,7,-1.0,-0.5,0.7071067811865475,8.31471498103953e-09,1.2747787064597572e-13,-5.915730127981078e-10,0.999999999408427,0.0,90579645965.59964,1.0444343337732732e-14
1148,6,7,-1.0,-0.5,0.816496580927726,6.5813469861843724e-09,1.2747787064597572e-13,-7.08016756334473e-10,0.9999999992919832,0.0,91355764861.2767,1.5032341064741081e-15
1150,6,8,-1.0,0.0,-1.0,2.1727524791149077e-08,2.5495574129415405e-13,-5.42151212812314e-10,0.9999999994578488,3.552713678800501e-15,315094393.95668703,5.1074390398604326e-15
1151,6,8,-1.0,0.0,-0.816496580927726,2.0706779014511455e-08,2.5495574129415405e-13,-5.476330500187032e-10,0.999999999452367,-3.552713678800501e-15,35642029575.86015,2.054938744274145e-14
1152,6,8,-1.0,0.0,-0.7071067811865475,2.0073615446911313e-08,2.5495574129415405e-13,-5.517719614545058e-10,0.999999999448228,-3.552713678800501e-15,77161073678.67563,1.1271887949413876e-14
1153,6,8,-1.0,0.0,-0.5773502691896258,1.9295646244464534e-08,2.5495574129415405e-13,-5.578399964178971e-10,0.99999999944216,3.552713678800501e-15,108104676659.11116,9.880379530139211e-16
1154,6,8,-1.0,0.0,-0.5,1.8816588430923095e-08,2.5495574129415405e-13,-5.622311505248945e-10,0.9999999994377688,3.552713678800501e-15,119238960819.63318,1.2796814864548516e-14
1155,6,8,-1.0,0.0,-0.3333333333333333,1.7740449704606306e-08,2.5495574129415405e-13,-5.744240638705378e-10,0.9999999994255759,0.0,132449571191.03111,3.571340070669334e-15
1156,6,8,-1.0,0.0,0.0,1.5363680119278066e-08,2.5495574129415405e-13,-6.196039237238438e-10,0.9999999993803961,-3.552713678800501e-15,138743885385.9284,1.1437722520786107e-14
1157,6,8,-1.0,0.0,0.3333333333333333,1.254439228872145e-08,2.5495574129415405e-13,-7.486953279567388e-10,0.9999999992513047,-3.552713678800501e-15,136110595024.91837,5.605290704851635e-15
1158,6,8,-1.0,0.0,0.5,1.086376239781832e-08,2.5495574129415405e-13,-9.294183200836414e-10,0.9999999990705817,3.552713678800501e-15,133773746746.71233,7.186041613663074e-15
1159,6,8,-1.0,0.0,0.5773502691896258,9.988161473638775e-09,2.5495574129415405e-13,-1.0944525286049611e-09,0.9999999989055475,3.552713678800501e-15,132597677753.0613,3.912578537696317e-15
1160,6,8,-1.0,0.0,0.7071067811865475,8.314763767210927e-09,2.5495574129415405e-13,-1.7201564617153053e-09,0.9999999982798435,0.0,130559776866.22977,1.1687205224112785e-15
1161,6,8,-1.0,0.0,0.816496580927726,6.581385603289636e-09,2.5495574129415405e-13,-3.583181751309894e-09,0.9999999964168182,0.0,128812929501.52412,7.344332013377635e-15
1163,6,9,-1.0,0.5,-1.0,2.172765226901972e-08,3.824336119423324e-13,-6.470344260378624e-10,0.9999999993529656,0.0,1262588174.2404184,5.098496696767266e-15
1164,6,9,-1.0,0.5,-0.816496580927726,2.0706900503730013e-08,3.824336119423324e-13,-6.747740144419367e-10,0.999999999325226,0.0,270656136873.2237,1.680035484565749e-14
1165,6,9,-1.0,0.5,-0.7071067811865475,2.007373322140324e-08,3.824336119423324e-13,-6.957314724331809e-10,0.9999999993042685,0.0,275870682138.45483,1.1726013276127969e-14
1166,6,9,-1.0,0.5,-0.5773502691896258,1.9295759454670804e-08,3.824336119423324e-13,-7.264588930411264e-10,0.9999999992735411,0.0,261657310982.07855,5.015169858811547e-15
1167,6,9,-1.0,0.5,-0.5,1.881669883053726e-08,3.824336119423324e-13,-7.486882225293812e-10,0.9999999992513118,0.0,251794320070.2464,9.57483342436955e-15
1168,6,9,-1.0,0.5,-0.3333333333333333,1.7740553790615176e-08,3.824336119423324e-13,-8.104059645575035e-10,0.999999999189594,0.0,232090218125.58508,1.0650702335017976e-14
1169,6,9,-1.0,0.5,0.0,1.5363770261067e-08,3.824336119423324e-13,-1.0391332239123585e-09,0.9999999989608668,0.0,201708842031.65945,1.0893253874587836e-14
1170,6,9,-1.0,0.5,0.3333333333333333,1.2544465890263443e-08,3.824336119423324e-13,-1.6926335888456379e-09,0.9999999983073664,0.0,180230720929.7157,3.725151379779587e-15
1171,6,9,-1.0,0.5,0.5,1.0863826139558343e-08,3.824336119423324e-13,-2.6075319681240217e-09,0.999999997392468,0.0,171703406014.78558,1.421874094792137e-15
1172,6,9,-1.0,0.5,0.5773502691896258,9.9882200785313e-09,3.824336119423324e-13,-3.4430094331128203e-09,0.9999999965569906,0.0,168126372441.08282,4.174861365791801e-15
1173,6,9,-1.0,0.5,0.7071067811865475,8.314812555050494e-09,3.824336119423324e-13,-6.610534342144092e-09,0.9999999933894657,-3.552713678800501e-15,162586428465.24802,7.88342725373271e-15
1174,6,9,-1.0,0.5,0.816496580927726,6.581424222637472e-09,3.824336119423324e-13,-1.6041887818118994e-08,0.9999999839581123,0.0,158308699882.5958,4.048224393860088e-15
1176,6,10,-1.0,1.0,-1.0,2.172777974689037e-08,5.099114825883081e-13,-9.294005565152474e-10,0.9999999990705994,0.0,84076113492981.4,4.83193124803412e-15
1177,6,10,-1.0,1.0,-0.816496580927726,2.0707021993020566e-08,5.099114825883081e-13,-1.0170708719670074e-09,0.9999999989829291,0.0,532385659508.13873,1.4674512471312288e-14
1178,6,10,-1.0,1.0,-0.7071067811865475,2.007385099601372e-08,5.099114825883081e-13,-1.0833005603672063e-09,0.9999999989166994,3.552713678800501e-15,421681129949.70667,1.1724137755084384e-14
1179,6,10,-1.0,1.0,-0.5773502691896258,1.9295872665055037e-08,5.099114825883081e-13,-1.1804175414908968e-09,0.9999999988195825,0.0,351182824249.90344,9.732733248844071e-15
1180,6,10,-1.0,1.0,-0.5,1.8816809230367323e-08,5.099114825883081e-13,-1.2506724544891767e-09,0.9999999987493275,3.552713678800501e-15,322933091192.9775,8.883116725983831e-15
1181,6,10,-1.0,1.0,-0.3333333333333333,1.774065787692937e-08,5.099114825883081e-13,-1.4457341990237182e-09,0.9999999985542658,0.0,279741084898.4214,7.854640392911408e-15
1182,6,10,-1.0,1.0,0.0,1.5363860403384773e-08,5.099114825883081e-13,-2.1686012985355774e-09,0.9999999978313987,0.0,228478190626.47504,6.277737791699742e-15
1183,6,10,-1.0,1.0,0.3333333333333333,1.2544539492669029e-08,5.099114825883081e-13,-4.2339358685694606e-09,0.9999999957660641,0.0,197904346775.2368,5.5513324007366815e-15
1184,6,10,-1.0,1.0,0.5,1.0863889882420207e-08,5.099114825883081e-13,-7.125400713903218e-09,0.9999999928745993,0.0,186598705267.3727,5.069943655393725e-15
1185,6,10,-1.0,1.0,0.5773502691896258,9.988278684706937e-09,5.099114825883081e-13,-9.765848574261327e-09,0.9999999902341514,0.0,181971040451.9194,5.031170572396115e-15
1186,6,10,-1.0,1.0,0.7071067811865475,8.314861344558202e-09,5.099114825883081e-13,-1.97765643861203e-08,0.9999999802234358,0.0,174926019629.6117,4.710417644668778e-15
1187,6,10,-1.0,1.0,0.816496580927726,6.5814628442278425e-09,5.099114825883081e-13,-4.958360122486738e-08,0.9999999504164,-7.105427357601002e-15,169582647893.63785,4.318967088303602e-15
1189,6,11,-1.0,1.5,-1.0,2.1727907224761018e-08,6.373893532364865e-13,-1.5247749729496718e-09,0.999999998475225,0.0,1253744231.9358163,4.944296371413311e-15
1190,6,11,-1.0,1.5,-0.816496580927726,2.0707143482383127e-08,6.373893532364865e-13,-1.7388117612426868e-09,0.9999999982611882,0.0,269505237301.7447,1.5286801429622272e-14
1191,6,11,-1.0,1.5,-0.7071067811865475,2.0073968770742746e-08,6.373893532364865e-13,-1.900502866192255e-09,0.9999999980994971,0.0,275183817265.168,1.2642472732681155e-14
1192,6,11,-1.0,1.5,-0.5773502691896258,1.929598587561724e-08,6.373893532364865e-13,-2.137600318974364e-09,0.9999999978623997,-3.552713678800501e-15,261244456779.86917,1.0163007206358415e-14
1193,6,11,-1.0,1.5,-0.5,1.8816919630413284e-08,6.373893532364865e-13,-2.309114677245816e-09,0.9999999976908853,0.0,251477524040.55612,1.1164485566699042e-14
1194,6,11,-1.0,1.5,-0.3333333333333333,1.7740761963548893e-08,6.373893532364865e-13,-2.785323971465914e-09,0.999999997214676,0.0,231900102506.00403,4.474330304460025e-15
1195,6,11,-1.0,1.5,0.0,1.5363950546231386e-08,6.373893532364865e-13,-4.550091858845917e-09,0.9999999954499081,0.0,201633931780.2164,5.902704650784263e-15
1196,6,11,-1.0,1.5,0.3333333333333333,1.2544613095938199e-08,6.373893532364865e-13,-9.592294958338243e-09,0.999999990407705,-3.552713678800501e-15,180207537598.88928,6.4351801495186045e-15
1197,6,11,-1.0,1.5,0.5,1.0863953626403899e-08,6.373893532364865e-13,-1.6651373613285614e-08,0.9999999833486265,-3.552713678800501e-15,171698068736.37527,2.843836588224563e-15
1198,6,11,-1.0,1.5,0.5773502691896258,9.988337292165661e-09,6.373893532364865e-13,-2.309763047492197e-08,0.9999999769023697,-3.552713678800501e-15,168129003279.36017,4.1747960386628136e-15
1199,6,11,-1.0,1.5,0.7071067811865475,8.31491013573402e-09,6.373893532364865e-13,-4.753727722572876e-08,0.9999999524627239,0.0,162604290933.77753,3.565920561168611e-15
1200,6,11,-1.0,1.5,0.816496580927726,6.581501468060708e-09,6.373893532364865e-13,-1.2030663398832075e-07,0.9999998796933732,3.552713678800501e-15,158347004301.40634,4.8181489538809304e-15
1202,6,12,-1.0,2.0,-1.0,2.1728034702631666e-08,7.648672238824622e-13,-2.607386306863191e-09,0.9999999973926137,0.0,313989934.6762736,5.125404451562359e-15
1203,6,12,-1.0,2.0,-0.816496580927726,2.0707264971817685e-08,7.648672238824622e-13,-3.0512055104736646e-09,0.9999999969487945,0.0,35348738569.859406,8.417454165463688e-15
1204,6,12,-1.0,2.0,-0.7071067811865475,2.0074086545590315e-08,7.648672238824622e-13,-3.386475100342068e-09,0.9999999966135249,0.0,76788106549.8083,9.935646122881312e-15
1205,6,12,-1.0,2.0,-0.5773502691896258,1.9296099086357402e-08,7.648672238824622e-13,-3.878106724641839e-09,0.9999999961218933,0.0,107774272794.59488,6.795887886860626e-15
1206,6,12,-1.0,2.0,-0.5,1.8817030030675135e-08,7.648672238824622e-13,-4.233754680171842e-09,0.9999999957662453,3.552713678800501e-15,118949053833.45996,1.3982524065648728e-14
1207,6,12,-1.0,2.0,-0.3333333333333333,1.7740866050473727e-08,7.648672238824622e-13,-5.2212030254850106e-09,0.999999994778797,0.0,132241461189.88857,2.5384879776318426e-15
1208,6,12,-1.0,2.0,0.0,1.536404068960682e-08,7.648672238824622e-13,-8.880540747213672e-09,0.9999999911194593,3.552713678800501e-15,138648176872.59903,2.2010803757659202e-15
1209,6,12,-1.0,2.0,0.3333333333333333,1.2544686700070933e-08,7.648672238824622e-13,-1.9335800516273594e-08,0.9999999806641997,0.0,136082757290.24484,1.121287469944132e-15
1210,6,12,-1.0,2.0,0.5,1.0864017371509394e-08,7.648672238824622e-13,-3.3973165614042955e-08,0.9999999660268349,-3.552713678800501e-15,133773265533.93144,7.072002900572364e-15
1211,6,12,-1.0,2.0,0.5773502691896258,9.988395900907454e-09,7.648672238824622e-13,-4.733980674131999e-08,0.9999999526601944,-3.552713678800501e-15,132610294099.32748,9.320256187176106e-15
1212,6,12,-1.0,2.0,0.7071067811865475,8.314958928577921e-09,7.648672238824622e-13,-9.801668099385097e-08,0.9999999019833238,-1.7763568394002505e-15,130598986369.71548,8.529098368414288e-15
1213,6,12,-1.0,2.0,0.816496580927726,6.581540094136027e-09,7.648672238824622e-13,-2.4890767136298564e-07,0.9999997510923596,3.552713678800501e-15,128890099926.35635,2.4861069274954864e-15
1215,6,13,-1.0,2.5,-1.0,2.1728162180502314e-08,8.923450945306406e-13,-4.390170005308391e-09,0.99999999560983,3.552713678800501e-15,139633202.2300757,5.1223901327289625e-15
1216,6,13,-1.0,2.5,-0.816496580927726,2.0707386461324245e-08,8.923450945306406e-13,-5.212381637420549e-09,0.9999999947876184,0.0,1358408677.5903566,1.1934893855113682e-14
1217,6,13,-1.0,2.5,-0.7071067811865475,2.0074204320556433e-08,8.923450945306406e-13,-5.8335025698852405e-09,0.9999999941664974,0.0,9279173351.476976,1.6238573877726244e-14
1218,6,13,-1.0,2.5,-0.5773502691896258,1.929621229727552e-08,8.923450945306406e-13,-6.744290459437252e-09,0.9999999932557095,-3.552713678800501e-15,24732224345.761505,4.935678683543878e-15
1219,6,13,-1.0,2.5,-0.5,1.8817140431152877e-08,8.923450945306406e-13,-7.403158974739199e-09,0.999999992596841,3.552713678800501e-15,34232552687.72249,6.686087304835684e-15
1220,6,13,-1.0,2.5,-0.3333333333333333,1.7740970137703874e-08,8.923450945306406e-13,-9.232476116949329e-09,0.9999999907675239,-3.552713678800501e-15,51910197157.40852,1.2345727346819303e-14
1221,6,13,-1.0,2.5,0.0,1.5364130833511065e-08,8.923450945306406e-13,-1.6011696857276547e-08,0.9999999839883033,0.0,74300304159.5733,2.7519103151767526e-14
1222,6,13,-1.0,2.5,0.3333333333333333,1.2544760305067218e-08,8.923450945306406e-13,-3.5380896434844544e-08,0.9999999646191042,7.105427357601002e-15,85230219795.6702,2.685454014857856e-15
1223,6,13,-1.0,2.5,0.5,1.0864081117736676e-08,8.923450945306406e-13,-6.24977829488671e-08,0.999999937502219,3.552713678800501e-15,88259060625.2962,1.5559773760286282e-15
1224,6,13,-1.0,2.5,0.5773502691896258,9.98845451093229e-09,8.923450945306406e-13,-8.726055789054499e-08,0.9999999127394459,0.0,89298207722.7221,1.1790342406218292e-14
1225,6,13,-1.0,2.5,0.7071067811865475,8.315007723089873e-09,8.923450945306406e-13,-1.8114351973963494e-07,0.9999998188564967,0.0,90638698832.55531,1.3972833993647422e-14
1226,6,13,-1.0,2.5,0.816496580927726,6.581578722453763e-09,8.923450945306406e-13,-4.606811607743566e-07,0.9999995393189454,0.0,91464167155.94954,1.1511135760055014e-14
1228,6,14,-1.0,3.0,-1.0,2.1728289658372962e-08,1.0198229651766164e-12,-7.124778989009428e-09,0.999999992875221,3.552713678800501e-15,78566811.76241347,5.120881746487808e-15
1229,6,14,-1.0,3.0,-0.816496580927726,2.0707507950902802e-08,1.0198229651766164e-12,-8.527401007540902e-09,0.999999991472599,-7.105427357601002e-15,103221707.15257868,1.5879680510421533e-15
1230,6,14,-1.0,3.0,-0.7071067811865475,2.0074322095641092e-08,1.0198229651766164e-12,-9.5869729932474e-09,0.999999990413027,3.552713678800501e-15,565201909.4268022,6.3274356064195e-15
1231,6,14,-1.0,3.0,-0.5773502691896258,1.9296325508371603e-08,1.0198229651766164e-12,-1.1140702582679296e-08,0.9999999888592975,0.0,3218622259.281307,1.3777900026949016e-14
1232,6,14,-1.0,3.0,-0.5,1.8817250831846496e-08,1.0198229651766164e-12,-1.2264681714668768e-08,0.9999999877353184,0.0,6045675689.022079,7.098519081367238e-15
1233,6,14,-1.0,3.0,-0.3333333333333333,1.774107422523933e-08,1.0198229651766164e-12,-1.5385339224849304e-08,0.9999999846146609,-3.552713678800501e-15,14061616946.140163,6.510825513571589e-15
1234,6,14,-1.0,3.0,0.0,1.5364220977944118e-08,1.0198229651766164e-12,-2.695011858122598e-08,0.9999999730498818,-3.552713678800501e-15,31048358229.869595,1.7446558935848284e-14
1235,6,14,-1.0,3.0,0.3333333333333333,1.254483391092704e-08,1.0198229651766164e-12,-5.999234531373077e-08,0.9999999400076565,3.552713678800501e-15,44283874627.9313,4.651662802193533e-15
1236,6,14,-1.0,3.0,0.5,1.0864144865085723e-08,1.0198229651766164e-12,-1.0625147517373534e-07,0.9999998937485305,-5.329070518200751e-15,49318489658.23753,5.4143752260902605e-15
1237,6,14,-1.0,3.0,0.5773502691896258,9.988513122240147e-09,1.0198229651766164e-12,-1.4849467078192902e-07,0.9999998515053402,3.552713678800501e-15,51345901625.795006,4.754822045570028e-15
1238,6,14,-1.0,3.0,0.7071067811865475,8.315056519269848e-09,1.0198229651766164e-12,-3.086511028982386e-07,0.9999996913489447,-3.552713678800501e-15,54364127447.84647,1.684065185499941e-15
1239,6,14,-1.0,3.0,0.816496580927726,6.581617353013874e-09,1.0198229651766164e-12,-7.855187966754329e-07,0.9999992144815119,7.105427357601002e-15,56593076850.73856,1.7525487997027973e-14
1241,6,15,-1.0,3.5,-1.0,2.1728417136243607e-08,1.1473008358247947e-12,-1.11015374670842e-08,0.9999999888984626,3.552713678800501e-15,50291664.86028102,5.0370124154604216e-15
1242,6,15,-1.0,3.5,-0.816496580927726,2.0707629440553357e-08,1.1473008358247947e-12,-1.3348209648711418e-08,0.9999999866517905,-3.552713678800501e-15,55584703.09513651,4.825444529768952e-15
1243,6,15,-1.0,3.5,-0.7071067811865475,2.0074439870844293e-08,1.1473008358247947e-12,-1.5045408474634314e-08,0.9999999849545916,-3.552713678800501e-15,69895279.19098675,8.527706801559907e-16
1244,6,15,-1.0,3.5,-0.5773502691896258,1.9296438719645634e-08,1.1473008358247947e-12,-1.7534116381057174e-08,0.9999999824658837,0.0,283659552.8174242,1.4708918112702646e-15
1245,6,15,-1.0,3.5,-0.5,1.8817361232756e-08,1.1473008358247947e-12,-1.93344753540714e-08,0.9999999806655249,0.0,696200087.0981803,3.767026776811276e-15
1246,6,15,-1.0,3.5,-0.3333333333333333,1.7741178313080077e-08,1.1473008358247947e-12,-2.43330440241607e-08,0.9999999756669563,0.0,2659219894.4559035,5.738069685140523e-15
1247,6,15,-1.0,3.5,0.0,1.5364311122905967e-08,1.1473008358247947e-12,-4.2857152493525064e-08,0.9999999571428484,0.0,10134315293.447174,6.775450417025051e-15
1248,6,15,-1.0,3.5,0.3333333333333333,1.2544907517650383e-08,1.1473008358247947e-12,-9.57831716164037e-08,0.9999999042168329,5.329070518200751e-15,19098368780.004925,7.989577140470352e-16
1249,6,15,-1.0,3.5,0.5,1.0864208613556518e-08,1.1473008358247947e-12,-1.6987960194114748e-07,0.9999998301204125,3.552713678800501e-15,23349555235.35011,2.009493366972219e-14
1250,6,15,-1.0,3.5,0.5773502691896258,9.988571734830999e-09,1.1473008358247947e-12,-2.3754347111548668e-07,0.9999997624565571,-1.0658141036401503e-14,25217445567.31591,5.748341786117676e-15
1251,6,15,-1.0,3.5,0.7071067811865475,8.315105317117815e-09,1.1473008358247947e-12,-4.94077070811727e-07,0.9999995059230512,7.105427357601002e-15,28186729444.26089,1.2856980833871187e-14
1252,6,15,-1.0,3.5,0.816496580927726,6.581655985816322e-09,1.1473008358247947e-12,-1.2579089734288118e-06,0.9999987420918177,0.0,30538993600.71065,2.4607731713550554e-14
1254,6,16,-1.0,4.0,-1.0,2.1728544614114255e-08,1.2747787064707706e-12,-1.6649472911467456e-08,0.9999999833505272,3.552713678800501e-15,34928902.64594713,4.906061763985353e-15
1255,6,16,-1.0,4.0,-0.816496580927726,2.070775093027591e-08,1.2747787064707706e-12,-2.0073677831078385e-08,0.9999999799263224,-3.552713678800501e-15,37324037.05166894,5.1900895728898e-15
1256,6,16,-1.0,4.0,-0.7071067811865475,2.0074557646166033e-08,1.2747787064707706e-12,-2.2660412213326708e-08,0.999999977339588,0.0,39176824.64467929,4.754456661877337e-15
1257,6,16,-1.0,4.0,-0.5773502691896258,1.9296551931097612e-08,1.2747787064707706e-12,-2.6453513157775888e-08,0.9999999735464872,0.0,50119428.59590997,4.459696053397447e-16
1258,6,16,-1.0,4.0,-0.5,1.881747163388138e-08,1.2747787064707706e-12,-2.9197479989306885e-08,0.9999999708025205,0.0,83663447.1707396,4.274601163904949e-15
1259,6,16,-1.0,4.0,-0.3333333333333333,1.7741282401226127e-08,1.2747787064707706e-12,-3.681591209669932e-08,0.9999999631840886,-7.105427357601002e-15,376775865.9490444,1.107375899400524e-14
1260,6,16,-1.0,4.0,0.0,1.5364401268396604e-08,1.2747787064707706e-12,-6.504891025826964e-08,0.9999999349510919,1.7763568394002505e-15,2599742596.8584585,1.2839194585861544e-15
1261,6,16,-1.0,4.0,0.3333333333333333,1.2544981125237227e-08,1.2747787064707706e-12,-1.4571464035384452e-07,0.9999998542853703,0.0,6846837130.908396,1.7271568312986232e-14
1262,6,16,-1.0,4.0,0.5,1.0864272363149036e-08,1.2747787064707706e-12,-2.5864664010555316e-07,0.9999997413533933,7.105427357601002e-15,9374557369.013245,1.2004147492649316e-14
1263,6,16,-1.0,4.0,0.5773502691896258,9.988630348704832e-09,1.2747787064707706e-12,-3.617746280326628e-07,0.9999996382254374,-7.105427357601002e-15,10586240914.335815,1.081034513523822e-14
1264,6,16,-1.0,4.0,0.7071067811865475,8.315154116633748e-09,1.2747787064707706e-12,-7.527631815662517e-07,0.9999992472371018,0.0,12639857483.531132,4.828785160712819e-15
1265,6,16,-1.0,4.0,0.816496580927726,6.581694620861066e-09,1.2747787064707706e-12,-1.9169362701632053e-06,0.9999980830655671,0.0,14378578010.410543,2.6530420900196377e-15
1267,7,7,-0.5,-0.5,-1.0,2.1727524791149073e-08,0.0,-5.163336425084708e-10,0.9999999994836664,0.0,315101795.52609575,4.9181591033866804e-15
1268,7,7,-0.5,-0.5,-0.816496580927726,2.070677901436744e-08,0.0,-5.16330089794792e-10,0.9999999994836699,0.0,35644508840.09003,1.2200350136179676e-14
1269,7,7,-0.5,-0.5,-0.7071067811865475,2.0073615446674197e-08,0.0,-5.163336425084708e-10,0.9999999994836664,0.0,77164674182.22868,9.887159651880027e-15
1270,7,7,-0.5,-0.5,-0.5773502691896258,1.9295646244108578e-08,0.0,-5.163336425084708e-10,0.9999999994836664,0.0,108108466964.35097,1.1432609755441834e-14
1271,7,7,-0.5,-0.5,-0.5,1.8816588430491277e-08,0.0,-5.163336425084708e-10,0.9999999994836664,0.0,119242678989.2795,7.293957028931687e-15
1272,7,7,-0.5,-0.5,-0.3333333333333333,1.7740449703995625e-08,0.0,-5.163336425084708e-10,0.9999999994836664,0.0,132453058397.63612,7.603298031077955e-15
1273,7,7,-0.5,-0.5,0.0,1.5363680118220334e-08,0.0,-5.163336425084708e-10,0.9999999994836664,0.0,138747134795.46613,7.698286785882536e-15
1274,7,7,-0.5,-0.5,0.3333333333333333,1.2544392286994185e-08,0.0,-5.163336425084708e-10,0.9999999994836664,0.0,136114182821.35138,4.8204229426162144e-15
1275,7,7,-0.5,-0.5,0.5,1.0863762395574537e-08,0.0,-5.163336425084708e-10,0.9999999994836664,0.0,133777926703.0066,1.1406058860797895e-16
1276,7,7,-0.5,-0.5,0.5773502691896258,9.988161471072447e-09,0.0,-5.163336425084708e-10,0.9999999994836664,0.0,132602339236.1858,2.071292291727902e-15
1277,7,7,-0.5,-0.5,0.7071067811865475,8.314763763874509e-09,0.0,-5.163336425084708e-10,0.9999999994836664,0.0,130565897480.56958,8.531259869969231e-15
1278,7,7,-0.5,-0.5,0.816496580927726,6.581385598804383e-09,0.0,-5.163336425084708e-10,0.9999999994836664,0.0,128821988749.46152,2.6058700275763533e-15
1279,7,8,-0.5,0.0,-1.0,2.172765226901972e-08,1.274778706481784e-13,-5.179465745186462e-10,0.9999999994820534,0.0,1262706917.409622,4.909201787978887e-15
1280,7,8,-0.5,0.0,-0.816496580927726,2.070690050344199e-08,1.274778706481784e-13,-5.182911877454899e-10,0.9999999994817088,-3.552713678800501e-15,270675083927.44052,1.6009955666668135e-14
1281,7,8,-0.5,0.0,-0.7071067811865475,2.0073733220929015e-08,1.274778706481784e-13,-5.185469831303635e-10,0.999999999481453,3.552713678800501e-15,275883572918.3553,1.0840524590186715e-14
1282,7,8,-0.5,0.0,-0.5773502691896258,1.92957594539589e-08,1.274778706481784e-13,-5.18930676207674e-10,0.9999999994810693,-3.552713678800501e-15,261666487581.62717,9.330221353769656e-15
1283,7,8,-0.5,0.0,-0.5,1.8816698829673634e-08,1.274778706481784e-13,-5.192042351609416e-10,0.9999999994807958,-3.552713678800501e-15,251802171881.08557,8.726158351158569e-15
1284,7,8,-0.5,0.0,-0.3333333333333333,1.774055378939382e-08,1.274778706481784e-13,-5.199645158882049e-10,0.9999999994800355,0.0,232096327572.3004,8.283661538229587e-15
1285,7,8,-0.5,0.0,0.0,1.5363770258951555e-08,1.274778706481784e-13,-5.227889232628513e-10,0.9999999994772111,0.0,201713564964.51785,6.808124262077105e-15
1286,7,8,-0.5,0.0,0.3333333333333333,1.2544465886808932e-08,1.274778706481784e-13,-5.308571360274073e-10,0.9999999994691429,0.0,180235471034.87796,7.958068207325511e-15
1287,7,8,-0.5,0.0,0.5,1.0863826135070803e-08,1.274778706481784e-13,-5.421476600986352e-10,0.9999999994578523,0.0,171708770796.78992,5.3318612642885204e-15
1288,7,8,-0.5,0.0,0.5773502691896258,9.988220073398674e-09,1.274778706481784e-13,-5.524647406218719e-10,0.9999999994475353,0.0,168132282825.3623,5.082261259650857e-15
1289,7,8,-0.5,0.0,0.7071067811865475,8.314812548377696e-09,1.274778706481784e-13,-5.91569460084429e-10,0.9999999994084305,0.0,162594051078.8977,7.883057668746103e-15
1290,7,8,-0.5,0.0,0.816496580927726,6.5814242136670204e-09,1.274778706481784e-13,-7.080060981934366e-10,0.9999999992919939,3.552713678800501e-15,158319835938.22424,4.626216738159002e-15
1292,7,9,-0.5,0.5,-1.0,2.172777974689037e-08,2.5495574129635675e-13,-5.42151212812314e-10,0.9999999994578488,-3.552713678800501e-15,82681051518193.66,5.1024387360043205e-15
1293,7,9,-0.5,0.5,-0.816496580927726,2.0707021992588536e-08,2.5495574129635675e-13,-5.476294973050244e-10,0.9999999994523705,0.0,532385568643.669,1.4903804272370666e-14
1294,7,9,-0.5,0.5,-0.7071067811865475,2.007385099530239e-08,2.5495574129635675e-13,-5.517648560271482e-10,0.9999999994482351,0.0,421681084992.1045,1.1868881461907905e-14
1295,7,9,-0.5,0.5,-0.5773502691896258,1.9295872663987194e-08,2.5495574129635675e-13,-5.578399964178971e-10,0.99999999944216,-3.552713678800501e-15,351182798438.1533,9.732733964194823e-15
1296,7,9,-0.5,0.5,-0.5,1.8816809229071896e-08,2.5495574129635675e-13,-5.622311505248945e-10,0.9999999994377688,0.0,322933071211.4623,9.07211977085366e-15
1297,7,9,-0.5,0.5,-0.3333333333333333,1.7740657875097352e-08,2.5495574129635675e-13,-5.744240638705378e-10,0.9999999994255759,0.0,279741072074.18427,7.636456287632641e-15
1298,7,9,-0.5,0.5,0.0,1.5363860400211622e-08,2.5495574129635675e-13,-6.19600371010165e-10,0.9999999993803996,0.0,228478183990.8488,6.411306867086579e-15
1299,7,9,-0.5,0.5,0.3333333333333333,1.2544539487487296e-08,2.5495574129635675e-13,-7.486846698157024e-10,0.9999999992513153,0.0,197904343157.4892,5.551332502216615e-15
1300,7,9,-0.5,0.5,0.5,1.086388987568894e-08,2.5495574129635675e-13,-9.294005565152474e-10,0.9999999990705994,0.0,186598703077.54065,5.069943714892131e-15
1301,7,9,-0.5,0.5,0.5773502691896258,9.988278677008043e-09,2.5495574129635675e-13,-1.0944241068955307e-09,0.9999999989055759,0.0,181971039144.9548,5.0311706085313255e-15
1302,7,9,-0.5,0.5,0.7071067811865475,8.314861334549069e-09,2.5495574129635675e-13,-1.7200960655827657e-09,0.9999999982799039,0.0,174926020938.77792,4.710417609415477e-15
1303,7,9,-0.5,0.5,0.816496580927726,6.581462830772245e-09,2.5495574129635675e-13,-3.583036090049063e-09,0.9999999964169639,0.0,169582655876.5953,4.3189668849919456e-15
1305,7,10,-0.5,1.0,-1.0,2.1727907224761014e-08,3.824336119423324e-13,-6.470273206105048e-10,0.9999999993529727,0.0,1253509283.785038,4.945223092343415e-15
1306,7,10,-0.5,1.0,-0.816496580927726,2.0707143481807085e-08,3.824336119423324e-13,-6.747669090145791e-10,0.9999999993252331,0.0,269467388257.1197,1.5288948594194675e-14
1307,7,10,-0.5,1.0,-0.7071067811865475,2.007396876979431e-08,3.824336119423324e-13,-6.957243670058233e-10,0.9999999993042756,-3.552713678800501e-15,275158025108.2944,1.1534564996790014e-14
1308,7,10,-0.5,1.0,-0.5773502691896258,1.9295985874193454e-08,3.824336119423324e-13,-7.2644823490009e-10,0.9999999992735518,0.0,261226083447.4337,1.1448790322853884e-14
1309,7,10,-0.5,1.0,-0.5,1.8816919628686048e-08,3.824336119423324e-13,-7.486775643883448e-10,0.9999999992513224,0.0,251461800397.8693,8.131166368569141e-15
1310,7,10,-0.5,1.0,-0.3333333333333333,1.7740761961106213e-08,3.824336119423324e-13,-8.103953064164671e-10,0.9999999991896047,0.0,231887866528.08817,5.659010447690021e-15
1311,7,10,-0.5,1.0,0.0,1.5363950542000543e-08,3.824336119423324e-13,-1.039108354916607e-09,0.9999999989608916,3.552713678800501e-15,201624474777.9226,5.902981511475325e-15
1312,7,10,-0.5,1.0,0.3333333333333333,1.2544613089029262e-08,3.824336119423324e-13,-1.692576745426777e-09,0.9999999983074233,0.0,180198030945.33212,7.621010109936353e-15
1313,7,10,-0.5,1.0,0.5,1.0863953617428928e-08,3.824336119423324e-13,-2.6074324921410152e-09,0.9999999973925675,3.552713678800501e-15,171687335595.5653,7.99879042249213e-15
1314,7,10,-0.5,1.0,0.5773502691896258,9.98833728190053e-09,3.824336119423324e-13,-3.4428673245656682e-09,0.9999999965571327,0.0,168117180885.2173,6.171871612327501e-15
1315,7,10,-0.5,1.0,0.7071067811865475,8.314910122388584e-09,3.824336119423324e-13,-6.610246572336109e-09,0.9999999933897534,0.0,162589050208.07605,2.6277667112466964e-15
1316,7,10,-0.5,1.0,0.816496580927726,6.581501450120015e-09,3.824336119423324e-13,-1.604115595910116e-08,0.9999999839588442,0.0,158324752797.94043,2.8912956678303736e-15
1318,7,11,-0.5,1.5,-1.0,2.1728034702631666e-08,5.099114825905108e-13,-9.293827929468534e-10,0.9999999990706172,-3.552713678800501e-15,313953124.3945126,4.9361533418370485e-15
1319,7,11,-0.5,1.5,-0.816496580927726,2.0707264971097638e-08,5.099114825905108e-13,-1.0170495556849346e-09,0.9999999989829504,-3.552713678800501e-15,35336429030.15911,1.4897606722143638e-14
1320,7,11,-0.5,1.5,-0.7071067811865475,2.0074086544404783e-08,5.099114825905108e-13,-1.083272138657776e-09,0.9999999989167279,3.552713678800501e-15,76770168702.08348,1.3913154711434316e-14
1321,7,11,-0.5,1.5,-0.5773502691896258,1.929609908457768e-08,5.099114825905108e-13,-1.1803855670677876e-09,0.9999999988196144,0.0,107755357174.45468,1.41605851092825e-14
1322,7,11,-0.5,1.5,-0.5,1.8817030028516107e-08,5.099114825905108e-13,-1.2506404800660675e-09,0.9999999987493595,0.0,118930487723.6558,5.773502833083255e-15
1323,7,11,-0.5,1.5,-0.3333333333333333,1.7740866047420395e-08,5.099114825905108e-13,-1.4456880137458938e-09,0.999999998554312,3.552713678800501e-15,132224035927.81367,4.154436841951289e-15
1324,7,11,-0.5,1.5,0.0,1.5364040684318296e-08,5.099114825905108e-13,-2.1685231388346438e-09,0.9999999978314769,0.0,138631930947.23676,8.805353259232889e-15
1325,7,11,-0.5,1.5,0.3333333333333333,1.2544686691434815e-08,5.099114825905108e-13,-4.2337582328855206e-09,0.9999999957662418,3.552713678800501e-15,136064817908.30154,8.97148244318874e-16
1326,7,11,-0.5,1.5,0.5,1.0864017360290749e-08,5.099114825905108e-13,-7.125091627813163e-09,0.9999999928749084,0.0,133752366290.14256,9.92516757092571e-15
1327,7,11,-0.5,1.5,0.5773502691896258,9.988395888076114e-09,5.099114825905108e-13,-9.765415143192513e-09,0.9999999902345849,-3.552713678800501e-15,132586988305.3644,4.6034046802110335e-15
1328,7,11,-0.5,1.5,0.7071067811865475,8.314958911896224e-09,5.099114825905108e-13,-1.9775658444132205e-08,0.9999999802243418,3.552713678800501e-15,130568389131.97786,8.881690097116951e-15
1329,7,11,-0.5,1.5,0.816496580927726,6.5815400717102945e-09,5.099114825905108e-13,-4.958129196097616e-08,0.9999999504187093,3.552713678800501e-15,128844821669.92186,3.315974116868512e-15
1331,7,12,-0.5,2.0,-1.0,2.1728162180502307e-08,6.373893532364865e-13,-1.5247252349581686e-09,0.9999999984752748,0.0,139620102.27381814,4.9094177969638255e-15
1332,7,12,-0.5,2.0,-0.816496580927726,2.0707386460460195e-08,6.373893532364865e-13,-1.738754917823826e-09,0.9999999982612451,0.0,1357646815.796527,2.5639298927980573e-14
1333,7,12,-0.5,2.0,-0.7071067811865475,2.0074204319133805e-08,6.373893532364865e-13,-1.900435364632358e-09,0.9999999980995646,0.0,9275324526.00112,1.0076206255190302e-14
1334,7,12,-0.5,2.0,-0.5773502691896258,1.9296212295139873e-08,6.373893532364865e-13,-2.1375221592734306e-09,0.9999999978624778,0.0,24724443765.59666,9.720175305572758e-15
1335,7,12,-0.5,2.0,-0.5,1.8817140428562054e-08,6.373893532364865e-13,-2.3090329648312036e-09,0.999999997690967,0.0,34222961117.10624,1.8949223386520466e-15
1336,7,12,-0.5,2.0,-0.3333333333333333,1.77409701340399e-08,6.373893532364865e-13,-2.78521739005555e-09,0.9999999972147826,0.0,51897902670.65744,1.2348652019561111e-14
1337,7,12,-0.5,2.0,0.0,1.5364130827164876e-08,6.373893532364865e-13,-4.549903565020941e-09,0.9999999954500964,0.0,74284644207.00847,8.010979655218639e-15
1338,7,12,-0.5,2.0,0.3333333333333333,1.2544760294703937e-08,6.373893532364865e-13,-9.591865079983108e-09,0.9999999904081349,3.552713678800501e-15,85210004550.81458,1.5579328453689298e-14
1339,7,12,-0.5,2.0,0.5,1.0864081104274381e-08,6.373893532364865e-13,-1.665061688527203e-08,0.9999999833493832,0.0,88234250232.67741,6.917399545986704e-16
1340,7,12,-0.5,2.0,0.5773502691896258,9.988454495534772e-09,6.373893532364865e-13,-2.309656821353201e-08,0.999999976903432,0.0,89269968421.52179,1.1965000696891608e-15
1341,7,12,-0.5,2.0,0.7071067811865475,8.315007703071956e-09,6.373893532364865e-13,-4.75350745432479e-08,0.9999999524649266,0.0,90600487310.01874,4.0420415868944655e-15
1342,7,12,-0.5,2.0,0.816496580927726,6.58157869554304e-09,6.373893532364865e-13,-1.203010135952809e-07,0.9999998796989936,1.0658141036401503e-14,91406349391.2197,6.677343166695038e-15
1344,7,13,-0.5,2.5,-1.0,2.1728289658372962e-08,7.648672238846648e-13,-2.6072903835938632e-09,0.9999999973927096,-3.552713678800501e-15,78560361.18863569,5.121302220948632e-15
1345,7,13,-0.5,2.5,-0.816496580927726,2.070750794989475e-08,7.648672238846648e-13,-3.0510811654949066e-09,0.9999999969489188,3.552713678800501e-15,103201636.2700071,1.5882768825823476e-15
1346,7,13,-0.5,2.5,-0.7071067811865475,2.0074322093981368e-08,7.648672238846648e-13,-3.3863400972222735e-09,0.9999999966136599,0.0,564887426.5645007,1.477223580511376e-14
1347,7,13,-0.5,2.5,-0.5773502691896258,1.929632550588003e-08,7.648672238846648e-13,-3.877950405239972e-09,0.9999999961220496,-3.552713678800501e-15,3217081361.700741,5.780596472104945e-15
1348,7,13,-0.5,2.5,-0.5,1.8817250828823892e-08,7.648672238846648e-13,-4.233584149915259e-09,0.9999999957664159,3.552713678800501e-15,6043068872.048224,4.734387460735726e-15
1349,7,13,-0.5,2.5,-0.3333333333333333,1.7741074220964718e-08,7.648672238846648e-13,-5.220979204523246e-09,0.9999999947790208,0.0,14056456428.97011,2.71383992466478e-15
1350,7,13,-0.5,2.5,0.0,1.536422097054028e-08,7.648672238846648e-13,-8.880149948709004e-09,0.99999999111985,0.0,31038191838.58412,2.4457763513005088e-14
1351,7,13,-0.5,2.5,0.3333333333333333,1.254483389883662e-08,7.648672238846648e-13,-1.933491944328125e-08,0.9999999806650808,-3.552713678800501e-15,44267547346.17046,1.1547272533452674e-14
1352,7,13,-0.5,2.5,0.5,1.0864144849379804e-08,7.648672238846648e-13,-3.3971591761883246e-08,0.9999999660284088,-3.552713678800501e-15,49296935897.558205,3.095281437817681e-15
1353,7,13,-0.5,2.5,0.5773502691896258,9.988513104276482e-09,7.648672238846648e-13,-4.7337604058839133e-08,0.999999952662397,0.0,51320656749.77156,8.027709128826256e-15
1354,7,13,-0.5,2.5,0.7071067811865475,8.315056495915748e-09,7.648672238846648e-13,-9.801209976956216e-08,0.999999901987905,5.329070518200751e-15,54328493336.78264,1.8115574978864934e-14
1355,7,13,-0.5,2.5,0.816496580927726,6.581617321618216e-09,7.648672238846648e-13,-2.4889602556754653e-07,0.9999997511040054,3.552713678800501e-15,56537455679.05036,1.7137897236995453e-14
1357,7,14,-0.5,3.0,-1.0,2.1728417136243607e-08,8.923450945306406e-13,-4.389992369624451e-09,0.9999999956100076,0.0,50287889.31227456,5.0373905876693525e-15
1358,7,14,-0.5,3.0,-0.816496580927726,2.0707629439401303e-08,8.923450945306406e-13,-5.212161369172463e-09,0.9999999947878386,0.0,55579552.153092,4.825891737134773e-15
1359,7,14,-0.5,3.0,-0.7071067811865475,2.0074439868947472e-08,8.923450945306406e-13,-5.833250327214046e-09,0.9999999941667497,3.552713678800501e-15,69879529.81264582,2.772129349458841e-15
1360,7,14,-0.5,3.0,-0.5773502691896258,1.929643871679814e-08,8.923450945306406e-13,-6.743995584201912e-09,0.9999999932560044,3.552713678800501e-15,283498520.3141988,1.5558260087179713e-14
1361,7,14,-0.5,3.0,-0.5,1.881736122930161e-08,8.923450945306406e-13,-7.402839230508107e-09,0.9999999925971608,0.0,695799601.1974504,1.7132704495033569e-15
1362,7,14,-0.5,3.0,-0.3333333333333333,1.7741178308194837e-08,8.923450945306406e-13,-9.232067554876267e-09,0.9999999907679324,-3.552713678800501e-15,2657847156.702057,6.099847893068164e-15
1363,7,14,-0.5,3.0,0.0,1.5364311114444482e-08,8.923450945306406e-13,-1.6010968550972393e-08,0.9999999839890316,3.552713678800501e-15,10129589690.405828,8.661558838111232e-15
1364,7,14,-0.5,3.0,0.3333333333333333,1.2544907503832838e-08,8.923450945306406e-13,-3.5379265739265975e-08,0.9999999646207349,0.0,19088323049.545864,7.793937318287082e-15
1365,7,14,-0.5,3.0,0.5,1.0864208595607e-08,8.923450945306406e-13,-6.249487682907784e-08,0.9999999375051252,3.552713678800501e-15,23334992177.532127,6.212065339079989e-15
1366,7,14,-0.5,3.0,0.5773502691896258,9.988571714301217e-09,8.923450945306406e-13,-8.725648825702592e-08,0.9999999127435155,-5.329070518200751e-15,25199749674.83323,7.114783829119982e-15
1367,7,14,-0.5,3.0,0.7071067811865475,8.315105290427574e-09,8.923450945306406e-13,-1.8113504296479732e-07,0.9999998188649735,-7.105427357601002e-15,28160357132.46021,8.263266410598808e-15
1368,7,14,-0.5,3.0,0.816496580927726,6.581655949935777e-09,8.923450945306406e-13,-4.6065956738061686e-07,0.9999995393405388,0.0,30496149881.192978,7.755445569035811e-15
1370,7,15,-0.5,3.5,-1.0,2.1728544614114255e-08,1.0198229651788188e-12,-7.1244699029193725e-09,0.9999999928755301,-3.552713678800501e-15,34926444.149513856,5.119729153093897e-15
1371,7,15,-0.5,3.5,-0.816496580927726,2.0707750928979853e-08,1.0198229651788188e-12,-8.527017314463592e-09,0.9999999914729827,3.552713678800501e-15,37320935.46407685,5.190520899629629e-15
1372,7,15,-0.5,3.5,-0.7071067811865475,2.0074557644032125e-08,1.0198229651788188e-12,-9.586546667605944e-09,0.9999999904134533,0.0,39173058.77617429,4.564717178402456e-15
1373,7,15,-0.5,3.5,-0.5773502691896258,1.9296551927894203e-08,1.0198229651788188e-12,-1.1140205202764264e-08,0.9999999888597949,-3.552713678800501e-15,50106864.9074274,1.3382442804234353e-15
1374,7,15,-0.5,3.5,-0.5,1.8817471629995217e-08,1.0198229651788188e-12,-1.2264131044048554e-08,0.9999999877358691,0.0,83624349.91272058,5.345749608600889e-16
1375,7,15,-0.5,3.5,-0.3333333333333333,1.7741282395730266e-08,1.0198229651788188e-12,-1.538464289296826e-08,0.9999999846153572,0.0,376534860.9475519,1.5829781238686702e-15
1376,7,15,-0.5,3.5,0.0,1.536440125887749e-08,1.0198229651788188e-12,-2.6948882236865757e-08,0.9999999730511181,0.0,2598122138.214735,3.854160732084106e-15
1377,7,15,-0.5,3.5,0.3333333333333333,1.2544981109692585e-08,1.0198229651788188e-12,-5.998955643349291e-08,0.9999999400104453,3.552713678800501e-15,6841990300.6314745,7.526817610540094e-15
1378,7,15,-0.5,3.5,0.5,1.086427234295595e-08,1.0198229651788188e-12,-1.0624650848001238e-07,0.9999998937534972,-5.329070518200751e-15,9366680695.880346,7.534355200674391e-15
1379,7,15,-0.5,3.5,0.5773502691896258,9.988630325608961e-09,1.0198229651788188e-12,-1.4848772522668696e-07,0.9999998515122858,3.552713678800501e-15,10576230378.681707,1.0459891354684562e-14
1380,7,15,-0.5,3.5,0.7071067811865475,8.3151540866074e-09,1.0198229651788188e-12,-3.086366433535659e-07,0.9999996913634043,7.105427357601002e-15,12623915881.280008,3.626162247752437e-15
1381,7,15,-0.5,3.5,0.816496580927726,6.581694580495694e-09,1.0198229651788188e-12,-7.85481940823729e-07,0.9999992145183677,0.0,14351382873.021078,0.0
1383,7,16,-0.5,4.0,-1.0,2.17286720919849e-08,1.1473008358247947e-12,-1.1101040087169167e-08,0.99999998889896,3.552713678800501e-15,25662508.579407923,5.080764417193045e-15
1384,7,16,-0.5,4.0,-0.816496580927726,2.07078724186304e-08,1.1473008358247947e-12,-1.3347605687386022e-08,0.9999999866523944,3.552713678800501e-15,26914080.956995748,5.398152806040755e-15
1385,7,16,-0.5,4.0,-0.7071067811865475,2.0074675419235313e-08,1.1473008358247947e-12,-1.5044726353607984e-08,0.9999999849552738,-3.552713678800501e-15,27773965.542135924,5.096896628851587e-15
1386,7,16,-0.5,4.0,-0.5773502691896258,1.929666513916821e-08,1.1473008358247947e-12,-1.7533317020479444e-08,0.9999999824666831,0.0,29131555.91110812,4.603614415716512e-15
1387,7,16,-0.5,4.0,-0.5,1.8817582030904694e-08,1.1473008358247947e-12,-1.933359072836538e-08,0.9999999806664095,0.0,31321472.2011826,2.9734316721559304e-15
1388,7,16,-0.5,4.0,-0.3333333333333333,1.7741386483570988e-08,1.1473008358247947e-12,-2.4331924919351877e-08,0.9999999756680754,3.552713678800501e-15,60610752.92576433,7.990129068239781e-15
1389,7,16,-0.5,4.0,0.0,1.5364491403839288e-08,1.1473008358247947e-12,-4.2855162973864935e-08,0.9999999571448379,0.0,538079840.1460668,2.0382206915045752e-14
1390,7,16,-0.5,4.0,0.3333333333333333,1.2545054716415838e-08,1.1473008358247947e-12,-9.577870230259578e-08,0.9999999042213022,1.7763568394002505e-15,2048236587.3072493,1.617986061790133e-14
1391,7,16,-0.5,4.0,0.5,1.086433609142663e-08,1.1473008358247947e-12,-1.6987166162607537e-07,0.9999998301283528,-3.552713678800501e-15,3196261053.549769,5.072321411575779e-15
1392,7,16,-0.5,4.0,0.5773502691896258,9.988688938199688e-09,1.1473008358247947e-12,-2.3753233335810364e-07,0.9999997624676948,0.0,3801354880.608323,1.254387378130867e-15
1393,7,16,-0.5,4.0,0.7071067811865475,8.315202884455202e-09,1.1473008358247947e-12,-4.940539106712549e-07,0.9999995059462113,-7.105427357601002e-15,4900830378.221836,1.3621610420366957e-15
1394,7,16,-0.5,4.0,0.816496580927726,6.581733213297918e-09,1.1473008358247947e-12,-1.2578499699600343e-06,0.9999987421508212,-7.105427357601002e-15,5898190375.103892,6.6292616016090385e-15
1396,8,8,0.0,0.0,-1.0,2.172777974689037e-08,0.0,-5.163336425084708e-10,0.9999999994836664,0.0,82214424271783.17,4.941347015421832e-15
1397,8,8,0.0,0.0,-0.816496580927726,2.070702199244452e-08,0.0,-5.16330089794792e-10,0.9999999994836699,0.0,532385537390.1133,1.4789160492315462e-14
1398,8,8,0.0,0.0,-0.7071067811865475,2.007385099506528e-08,0.0,-5.163336425084708e-10,0.9999999994836664,0.0,421681069463.4388,1.186888189898679e-14
1399,8,8,0.0,0.0,-0.5773502691896258,1.9295872663631248e-08,0.0,-5.163336425084708e-10,0.9999999994836664,0.0,351182789467.15173,9.732734212818543e-15
1400,8,8,0.0,0.0,-0.5,1.8816809228640078e-08,0.0,-5.163336425084708e-10,0.9999999994836664,0.0,322933064235.3809,9.072119966831876e-15
1401,8,8,0.0,0.0,-0.3333333333333333,1.774065787448668e-08,0.0,-5.163336425084708e-10,0.9999999994836664,0.0,279741067539.8848,7.854640880308785e-15
1402,8,8,0.0,0.0,0.0,1.5363860399153906e-08,0.0,-5.163336425084708e-10,0.9999999994836664,0.0,228478181527.6479,6.4113069362062506e-15
1403,8,8,0.0,0.0,0.3333333333333333,1.2544539485760052e-08,0.0,-5.163336425084708e-10,0.9999999994836664,0.0,197904341584.1464,5.39712886450675e-15
1404,8,8,0.0,0.0,0.5,1.0863889873445185e-08,0.0,-5.163336425084708e-10,0.9999999994836664,0.0,186598701800.1033,5.069943749600493e-15
1405,8,8,0.0,0.0,0.5773502691896258,9.988278674441745e-09,0.0,-5.163336425084708e-10,0.9999999994836664,0.0,181971037998.6978,4.8634649522158206e-15
1406,8,8,0.0,0.0,0.7071067811865475,8.31486133121269e-09,0.0,-5.163336425084708e-10,0.9999999994836664,0.0,174926020060.82864,4.535957720721502e-15
1407,8,8,0.0,0.0,0.816496580927726,6.581462826287045e-09,0.0,-5.163336425084708e-10,0.9999999994836664,0.0,169582655486.84628,4.49892384887308e-15
1408,8,9,0.0,0.5,-1.0,2.1727907224761018e-08,1.274778706481784e-13,-5.179465745186462e-10,0.9999999994820534,3.552713678800501e-15,1253391834.409939,4.945686485630315e-15
1409,8,9,0.0,0.5,-0.816496580927726,2.0707143481519064e-08,1.274778706481784e-13,-5.182876350318111e-10,0.9999999994817124,3.552713678800501e-15,269448464257.50497,1.4950244098070783e-14
1410,8,9,0.0,0.5,-0.7071067811865475,2.0073968769320094e-08,1.274778706481784e-13,-5.185469831303635e-10,0.999999999481453,3.552713678800501e-15,275145128869.2861,7.098526541343483e-15
1411,8,9,0.0,0.5,-0.5773502691896258,1.9295985873481562e-08,1.274778706481784e-13,-5.189271234939952e-10,0.9999999994810729,0.0,261216896443.2877,9.930422480110038e-15
1412,8,9,0.0,0.5,-0.5,1.8816919627822435e-08,1.274778706481784e-13,-5.192006824472628e-10,0.9999999994807993,3.552713678800501e-15,251453938205.20532,1.14082617445783e-14
1413,8,9,0.0,0.5,-0.3333333333333333,1.7740761959884877e-08,1.274778706481784e-13,-5.199645158882049e-10,0.9999999994800355,0.0,231881748133.7915,6.975243431802022e-15
1414,8,9,0.0,0.5,0.0,1.536395053988512e-08,1.274778706481784e-13,-5.227889232628513e-10,0.9999999994772111,-3.552713678800501e-15,201619745776.60413,5.9031199662047606e-15
1415,8,9,0.0,0.5,0.3333333333333333,1.2544613085574799e-08,1.274778706481784e-13,-5.308571360274073e-10,0.9999999994691429,-3.552713678800501e-15,180193276802.262,8.976093166893871e-15
1416,8,9,0.0,0.5,0.5,1.0863953612941446e-08,1.274778706481784e-13,-5.42151212812314e-10,0.9999999994578488,-3.552713678800501e-15,171681967765.0383,6.0437194992431736e-15
1417,8,9,0.0,0.5,0.5773502691896258,9.988337276767966e-09,1.274778706481784e-13,-5.524647406218719e-10,0.9999999994475353,0.0,168111268029.99988,3.4491083861881717e-15
1418,8,9,0.0,0.5,0.7071067811865475,8.314910115715869e-09,1.274778706481784e-13,-5.91569460084429e-10,0.9999999994084305,-3.552713678800501e-15,162581426715.94125,3.0033027748803957e-15
1419,8,9,0.0,0.5,0.816496580927726,6.58150144114967e-09,1.274778706481784e-13,-7.07998992766079e-10,0.999999999292001,0.0,158313619675.05615,2.505965793968316e-15
1421,8,10,0.0,1.0,-1.0,2.1728034702631666e-08,2.5495574129415405e-13,-5.42151212812314e-10,0.9999999994578488,-3.552713678800501e-15,313931041.33244425,4.936500568986567e-15
1422,8,10,0.0,1.0,-0.816496580927726,2.070726497066561e-08,2.5495574129415405e-13,-5.476259445913456e-10,0.999999999452374,3.552713678800501e-15,35329044996.82764,1.4252863022697483e-14
1423,8,10,0.0,1.0,-0.7071067811865475,2.0074086543693464e-08,2.5495574129415405e-13,-5.51768408740827e-10,0.9999999994482316,0.0,76759407418.81801,1.7294487973236387e-14
1424,8,10,0.0,1.0,-0.5773502691896258,1.9296099083509856e-08,2.5495574129415405e-13,-5.578364437042183e-10,0.9999999994421636,3.552713678800501e-15,107744008723.5045,3.3988983873783655e-15
1425,8,10,0.0,1.0,-0.5,1.8817030027220693e-08,2.5495574129415405e-13,-5.622275978112157e-10,0.9999999994377724,0.0,118919348753.90424,1.0906526851206948e-14
1426,8,10,0.0,1.0,-0.3333333333333333,1.7740866045588402e-08,2.5495574129415405e-13,-5.744169584431802e-10,0.999999999425583,0.0,132213581138.1202,1.1541014872412787e-14
1427,8,10,0.0,1.0,0.0,1.5364040681145185e-08,2.5495574129415405e-13,-6.195968182964862e-10,0.9999999993804032,-3.552713678800501e-15,138622183391.73383,1.2768660022098224e-14
1428,8,10,0.0,1.0,0.3333333333333333,1.2544686686253145e-08,2.5495574129415405e-13,-7.486704589609872e-10,0.9999999992513295,3.552713678800501e-15,136054053899.64232,1.2561069119341344e-14
1429,8,10,0.0,1.0,0.5,1.086401735355956e-08,2.5495574129415405e-13,-9.293827929468534e-10,0.9999999990706172,-3.552713678800501e-15,133739825957.90422,9.355632805435478e-15
1430,8,10,0.0,1.0,0.5773502691896258,9.98839588037731e-09,2.5495574129415405e-13,-1.0943992378997791e-09,0.9999999989056008,3.552713678800501e-15,132573003690.30406,2.0372214469634347e-14
1431,8,10,0.0,1.0,0.7071067811865475,8.314958901887208e-09,2.5495574129415405e-13,-1.7200427748775837e-09,0.9999999982799572,-3.552713678800501e-15,130550028347.24625,3.506423381674094e-16
1432,8,10,0.0,1.0,0.816496580927726,6.581540058254853e-09,2.5495574129415405e-13,-3.58289753421559e-09,0.9999999964171025,-3.552713678800501e-15,128817648452.15454,9.831568169464727e-15
1434,8,11,0.0,1.5,-1.0,2.1728162180502314e-08,3.824336119423324e-13,-6.470202151831472e-10,0.9999999993529798,-3.552713678800501e-15,139611369.99109417,4.909724866683261e-15
1435,8,11,0.0,1.5,-0.816496580927726,2.0707386459884156e-08,3.824336119423324e-13,-6.747598035872215e-10,0.9999999993252402,0.0,1357139147.6567702,2.2486697976173998e-14
1436,8,11,0.0,1.5,-0.7071067811865475,2.0074204318185383e-08,3.824336119423324e-13,-6.957137088647869e-10,0.9999999993042863,-3.552713678800501e-15,9272759422.512869,5.9651186697748856e-15
1437,8,11,0.0,1.5,-0.5773502691896258,1.9296212293716113e-08,3.824336119423324e-13,-7.264375767590536e-10,0.9999999992735624,3.552713678800501e-15,24719257819.605247,4.012342507613114e-15
1438,8,11,0.0,1.5,-0.5,1.881714042683484e-08,3.824336119423324e-13,-7.486669062473084e-10,0.9999999992513331,0.0,34216567899.43098,9.364895136599274e-15
1439,8,11,0.0,1.5,-0.3333333333333333,1.774097013159725e-08,3.824336119423324e-13,-8.103810955617519e-10,0.9999999991896189,0.0,51889707484.3706,1.4997159936233914e-14
1440,8,11,0.0,1.5,0.0,1.5364130822934085e-08,3.824336119423324e-13,-1.0390870386345341e-09,0.999999998960913,-3.552713678800501e-15,74274205256.13048,1.972210601175156e-14
1441,8,11,0.0,1.5,0.3333333333333333,1.2544760287795086e-08,3.824336119423324e-13,-1.6925199020079162e-09,0.9999999983074801,3.552713678800501e-15,85196528804.23051,5.1939308915896464e-15
1442,8,11,0.0,1.5,0.5,1.0864081095299516e-08,3.824336119423324e-13,-2.6073365688716876e-09,0.9999999973926634,0.0,88217711259.55753,6.399794182501349e-15
1443,8,11,0.0,1.5,0.5773502691896258,9.98845448526976e-09,3.824336119423324e-13,-3.442728768732195e-09,0.9999999965572712,0.0,89251143699.91699,4.2741158348075575e-15
1444,8,11,0.0,1.5,0.7071067811865475,8.315007689726678e-09,3.824336119423324e-13,-6.609962355241805e-09,0.9999999933900376,0.0,90575015112.20596,1.6846576336307692e-16
1445,8,11,0.0,1.5,0.816496580927726,6.581578677602559e-09,3.824336119423324e-13,-1.6040427652797007e-08,0.9999999839595725,3.552713678800501e-15,91367808098.7231,4.008095905116914e-15
1447,8,12,0.0,2.0,-1.0,2.1728289658372962e-08,5.099114825883081e-13,-9.293614766647806e-10,0.9999999990706385,0.0,78555754.1222959,5.121602570418148e-15
1448,8,12,0.0,2.0,-0.816496580927726,2.070750794917471e-08,5.099114825883081e-13,-1.017024686689183e-09,0.9999999989829753,0.0,103187306.67354973,2.021724022450354e-15
1449,8,12,0.0,2.0,-0.7071067811865475,2.007432209279585e-08,5.099114825883081e-13,-1.0832508223757031e-09,0.9999999989167492,-3.552713678800501e-15,564662909.4224191,1.0555792452590674e-14
1450,8,12,0.0,2.0,-0.5773502691896258,1.9296325504100333e-08,5.099114825883081e-13,-1.1803571453583572e-09,0.9999999988196429,0.0,3215981133.015937,1.6161553222608118e-14
1451,8,12,0.0,2.0,-0.5,1.8817250826664888e-08,5.099114825883081e-13,-1.2506049529292795e-09,0.999999998749395,3.552713678800501e-15,6041207468.47792,8.998107798613991e-15
1452,8,12,0.0,2.0,-0.3333333333333333,1.7741074217911425e-08,5.099114825883081e-13,-1.4456453811817482e-09,0.9999999985543546,3.552713678800501e-15,14052771315.4679,5.836285909005181e-15
1453,8,12,0.0,2.0,0.0,1.536422096525182e-08,5.099114825883081e-13,-2.16844497913371e-09,0.999999997831555,0.0,31030931661.190395,6.761264917861845e-15
1454,8,12,0.0,2.0,0.3333333333333333,1.25448338902006e-08,5.099114825883081e-13,-4.233584149915259e-09,0.9999999957664159,0.0,44255887460.54328,6.8957103509014946e-15
1455,8,12,0.0,2.0,0.5,1.0864144838161291e-08,5.099114825883081e-13,-7.124778989009428e-09,0.999999992875221,-3.552713678800501e-15,49281543959.706085,1.1765743071058971e-14
1456,8,12,0.0,2.0,0.5773502691896258,9.988513091445293e-09,5.099114825883081e-13,-9.76497815941002e-09,0.9999999902350218,0.0,51302629298.62169,7.881816501110863e-15
1457,8,12,0.0,2.0,0.7071067811865475,8.31505647923425e-09,5.099114825883081e-13,-1.977475605485779e-08,0.9999999802252442,-3.552713678800501e-15,54303048596.184906,4.2148984606654336e-15
1458,8,12,0.0,2.0,0.816496580927726,6.581617299192745e-09,5.099114825883081e-13,-4.957897914437126e-08,0.9999999504210221,7.105427357601002e-15,56497744529.77877,2.5252278462050252e-14
1460,8,13,0.0,2.5,-1.0,2.1728417136243607e-08,6.373893532364865e-13,-1.5246790496803442e-09,0.999999998475321,0.0,50285057.9296628,5.037674226203459e-15
1461,8,13,0.0,2.5,-0.816496580927726,2.070762943853726e-08,6.373893532364865e-13,-1.7386980744049652e-09,0.9999999982613019,-3.552713678800501e-15,55575689.46074415,4.826227152408347e-15
1462,8,13,0.0,2.5,-0.7071067811865475,2.0074439867524864e-08,6.373893532364865e-13,-1.9003714157861396e-09,0.9999999980996286,0.0,69867723.9558012,3.19915127118086e-15
1463,8,13,0.0,2.5,-0.5773502691896258,1.9296438714662516e-08,6.373893532364865e-13,-2.137443999572497e-09,0.999999997862556,0.0,283377812.5828767,9.25479784819138e-15
1464,8,13,0.0,2.5,-0.5,1.8817361226710828e-08,6.373893532364865e-13,-2.3089476997029124e-09,0.9999999976910523,-3.552713678800501e-15,695499385.3802125,3.599420981799806e-15
1465,8,13,0.0,2.5,-0.3333333333333333,1.774117830453091e-08,6.373893532364865e-13,-2.785110808645186e-09,0.9999999972148892,0.0,2656818025.417547,1.1845467826672174e-14
1466,8,13,0.0,2.5,0.0,1.5364311108098372e-08,6.373893532364865e-13,-4.549715271195964e-09,0.9999999954502847,0.0,10126046706.891762,8.664589414708182e-15
1467,8,13,0.0,2.5,0.3333333333333333,1.2544907493469682e-08,6.373893532364865e-13,-9.591438754341652e-09,0.9999999904085612,3.552713678800501e-15,19080791483.4322,2.7989280090986837e-15
1468,8,13,0.0,2.5,0.5,1.0864208582144864e-08,6.373893532364865e-13,-1.6649856604544766e-08,0.9999999833501435,0.0,23324074418.92205,6.051421217967805e-15
1469,8,13,0.0,2.5,0.5773502691896258,9.988571698903883e-09,6.373893532364865e-13,-2.3095505952142048e-08,0.9999999769044943,3.552713678800501e-15,25186483853.40892,5.3010338828539656e-15
1470,8,13,0.0,2.5,0.7071067811865475,8.31510527040989e-09,6.373893532364865e-13,-4.753286475533969e-08,0.9999999524671364,3.552713678800501e-15,28140589676.69348,2.846729350681388e-15
1471,8,13,0.0,2.5,0.816496580927726,6.581655923025373e-09,6.373893532364865e-13,-1.2029539320224103e-07,0.999999879704614,0.0,30464045086.387897,1.6904653646586248e-14
1473,8,14,0.0,3.0,-1.0,2.1728544614114255e-08,7.648672238824622e-13,-2.607187354897178e-09,0.9999999973928126,0.0,34924532.16506507,5.120009438667271e-15
1474,8,14,0.0,3.0,-0.816496580927726,2.070775092797181e-08,7.648672238824622e-13,-3.050963925943506e-09,0.9999999969490361,0.0,37318523.39290173,5.190856387336741e-15
1475,8,14,0.0,3.0,-0.7071067811865475,2.007455764237242e-08,7.648672238824622e-13,-3.386205094102479e-09,0.9999999966137949,0.0,39170130.23937225,4.565058457386369e-15
1476,8,14,0.0,3.0,-0.5773502691896258,1.9296551925402656e-08,7.648672238824622e-13,-3.877794085838104e-09,0.9999999961222059,0.0,50097098.70921503,3.271901514372e-15
1477,8,14,0.0,3.0,-0.5,1.881747162697265e-08,7.648672238824622e-13,-4.233410066944998e-09,0.9999999957665899,0.0,83593960.27198817,2.6738464977668268e-15
1478,8,14,0.0,3.0,-0.3333333333333333,1.7741282391455708e-08,7.648672238824622e-13,-5.220762488988839e-09,0.9999999947792375,-3.552713678800501e-15,376347520.2861639,8.7107135983088e-15
1479,8,14,0.0,3.0,0.0,1.5364401251473732e-08,7.648672238824622e-13,-8.879755597490657e-09,0.9999999911202444,0.0,2596862409.268596,2.5890489641142385e-14
1480,8,14,0.0,3.0,0.3333333333333333,1.2544981097602304e-08,7.648672238824622e-13,-1.933403481757523e-08,0.9999999806659654,-3.552713678800501e-15,6838222572.280166,8.646663221649377e-15
1481,8,14,0.0,3.0,0.5,1.0864272327250214e-08,7.648672238824622e-13,-3.3970021462437217e-08,0.9999999660299791,3.552713678800501e-15,9360558217.721088,4.075288222024137e-16
1482,8,14,0.0,3.0,0.5773502691896258,9.988630307645507e-09,7.648672238824622e-13,-4.7335408481785635e-08,0.9999999526645926,0.0,10568449816.50764,1.4799009372815332e-14
1483,8,14,0.0,3.0,0.7071067811865475,8.315154063253576e-09,7.648672238824622e-13,-9.80075256507007e-08,0.9999999019924791,-3.552713678800501e-15,12611528141.87684,2.873531551113388e-15
1484,8,14,0.0,3.0,0.816496580927726,6.581694549100403e-09,7.648672238824622e-13,-2.4888436200853903e-07,0.999999751115669,-3.552713678800501e-15,14330259527.336472,1.2910639687291161e-14
1486,8,15,0.0,3.5,-1.0,2.17286720919849e-08,8.923450945306406e-13,-4.3898111812268326e-09,0.9999999956101888,-3.552713678800501e-15,25661132.33394558,5.08103690629771e-15
1487,8,15,0.0,3.5,-0.816496580927726,2.070787241747836e-08,8.923450945306406e-13,-5.211941100924378e-09,0.9999999947880589,0.0,26912411.496561937,5.2600649094428856e-15
1488,8,15,0.0,3.5,-0.7071067811865475,2.0074675417338518e-08,8.923450945306406e-13,-5.83300163725653e-09,0.9999999941669984,0.0,27772066.681850214,5.097245119106194e-15
1489,8,15,0.0,3.5,-0.5773502691896258,1.9296665136320754e-08,8.923450945306406e-13,-6.74370426168025e-09,0.9999999932562957,0.0,29129125.11092178,4.731887432877624e-15
1490,8,15,0.0,3.5,-0.5,1.8817582027450355e-08,8.923450945306406e-13,-7.402515933563336e-09,0.9999999925974841,0.0,31317583.72122196,3.806465103181016e-15
1491,8,15,0.0,3.5,-0.3333333333333333,1.7741386478685808e-08,8.923450945306406e-13,-9.231655440089526e-09,0.9999999907683446,0.0,60586217.51854874,3.197345922126807e-15
1492,8,15,0.0,3.5,0.0,1.5364491395377902e-08,8.923450945306406e-13,-1.6010243797381918e-08,0.9999999839897563,0.0,537745287.3892102,1.2857646465883363e-14
1493,8,15,0.0,3.5,0.3333333333333333,1.2545054702598459e-08,8.923450945306406e-13,-3.5377631490973727e-08,0.9999999646223692,-3.552713678800501e-15,2046745617.656763,2.0035707052065005e-14
1494,8,15,0.0,3.5,0.5,1.0864336073477326e-08,8.923450945306406e-13,-6.249196360386122e-08,0.9999999375080384,3.552713678800501e-15,3193489718.025159,9.705500258309881e-15
1495,8,15,0.0,3.5,0.5773502691896258,9.988688917670149e-09,8.923450945306406e-13,-8.725241507079318e-08,0.9999999127475887,-1.7763568394002505e-15,3797641814.256758,5.022455318592993e-15
1496,8,15,0.0,3.5,0.7071067811865475,8.315202857765272e-09,8.923450945306406e-13,-1.8112655908453235e-07,0.9999998188734573,-3.552713678800501e-15,4894438340.52266,1.0716671403963908e-14
1497,8,15,0.0,3.5,0.816496580927726,6.581733177417797e-09,8.923450945306406e-13,-4.606379739868771e-07,0.9999995393621322,7.105427357601002e-15,5886645585.044995,7.128282026775741e-15
1499,8,16,0.0,4.0,-1.0,2.1728799569855548e-08,1.0198229651766164e-12,-7.124157264115638e-09,0.9999999928758427,3.552713678800501e-15,19648126.114342697,4.9296073934147806e-15
1500,8,16,0.0,4.0,-0.816496580927726,2.0707993907056905e-08,1.0198229651766164e-12,-8.526644279527318e-09,0.9999999914733557,0.0,20367333.768643524,5.1213442830460654e-15
1501,8,16,0.0,4.0,-0.7071067811865475,2.0074793192423158e-08,1.0198229651766164e-12,-9.586123894678167e-09,0.9999999904138761,0.0,20842779.19109436,5.183254002016953e-15
1502,8,16,0.0,4.0,-0.5773502691896258,1.9296778347416803e-08,1.0198229651766164e-12,-1.1139704270135553e-08,0.9999999888602958,0.0,21466690.0078942,5.032607198206483e-15
1503,8,16,0.0,4.0,-0.5,1.8817692428143938e-08,1.0198229651766164e-12,-1.226358037342834e-08,0.9999999877364197,0.0,21909425.009262897,4.76087931622277e-15
1504,8,16,0.0,4.0,-0.3333333333333333,1.7741490566221204e-08,1.0198229651766164e-12,-1.5383939455659856e-08,0.9999999846160607,3.552713678800501e-15,24609649.64721988,2.573378165950723e-15
1505,8,16,0.0,4.0,0.0,1.5364581539810866e-08,1.0198229651766164e-12,-2.6947638787078176e-08,0.9999999730523615,0.0,102433908.04194473,3.7822455322254605e-15
1506,8,16,0.0,4.0,0.3333333333333333,1.2545128308458127e-08,1.0198229651766164e-12,-5.998676755325505e-08,0.9999999400132342,-3.552713678800501e-15,520611776.3714789,7.899783823882135e-15
1507,8,16,0.0,4.0,0.5,1.0864399820826175e-08,1.0198229651766164e-12,-1.0624155599714413e-07,0.9999998937584497,-1.7763568394002505e-15,933762775.798043,4.212961425682938e-15
1508,8,16,0.0,4.0,0.5773502691896258,9.98874752897778e-09,1.0198229651766164e-12,-1.4848078322415859e-07,0.9999998515192278,-7.105427357601002e-15,1175648653.8334558,1.5615405615410137e-14
1509,8,16,0.0,4.0,0.7071067811865475,8.315251653944954e-09,1.0198229651766164e-12,-3.086221767034658e-07,0.9999996913778709,-7.105427357601002e-15,1651099486.585918,1.9205184955920428e-14
1510,8,16,0.0,4.0,0.816496580927726,6.5817718079775125e-09,1.0198229651766164e-12,-7.854451133937346e-07,0.999999214555195,-2.1316282072803006e-14,2117319386.93642,3.8735767365549705e-14
1512,9,9,0.5,0.5,-1.0,2.172803470263167e-08,0.0,-5.163336425084708e-10,0.9999999994836664,0.0,313923680.8240942,4.936616314168844e-15
1513,9,9,0.5,0.5,-0.816496580927726,2.0707264970521602e-08,0.0,-5.163336425084708e-10,0.9999999994836664,0.0,35326583932.45368,1.554966105130126e-14
1514,9,9,0.5,0.5,-0.7071067811865475,2.0074086543456358e-08,0.0,-5.163336425084708e-10,0.9999999994836664,0.0,76755820559.69847,1.5903720605143843e-14
1515,9,9,0.5,0.5,-0.5773502691896258,1.9296099083153917e-08,0.0,-5.163336425084708e-10,0.9999999994836664,0.0,107740226057.8562,1.4445825308916834e-14
1516,9,9,0.5,0.5,-0.5,1.881703002678888e-08,0.0,-5.163336425084708e-10,0.9999999994836664,0.0,118915635877.96912,4.1061147795658495e-15
1517,9,9,0.5,0.5,-0.3333333333333333,1.7740866044977738e-08,0.0,-5.163336425084708e-10,0.9999999994836664,0.0,132210096267.78456,5.886072729357224e-15
1518,9,9,0.5,0.5,0.0,1.5364040680087482e-08,0.0,-5.163336425084708e-10,0.9999999994836664,0.0,138618934205.3435,3.742626006317983e-15
1519,9,9,0.5,0.5,0.3333333333333333,1.2544686684525923e-08,0.0,-5.163336425084708e-10,0.9999999994836664,0.0,136050465832.67068,6.841476999845629e-15
1520,9,9,0.5,0.5,0.5,1.0864017351315835e-08,0.0,-5.163336425084708e-10,0.9999999994836664,0.0,133735645715.47952,6.845798955483941e-15
1521,9,9,0.5,0.5,0.5773502691896258,9.988395877811044e-09,0.0,-5.163336425084708e-10,0.9999999994836664,0.0,132568341961.5728,2.762431302083815e-15
1522,9,9,0.5,0.5,0.7071067811865475,8.31495889855087e-09,0.0,-5.163336425084708e-10,0.9999999994836664,0.0,130543907678.3284,8.415810680396723e-15
1523,9,9,0.5,0.5,0.816496580927726,6.581540053769707e-09,0.0,-5.163336425084708e-10,0.9999999994836664,0.0,128808589669.49928,5.0938212379392675e-15
1524,9,10,0.5,1.0,-1.0,2.1728162180502314e-08,1.2747787064597572e-13,-5.179430218049674e-10,0.999999999482057,0.0,139607004.15773547,4.909878405115909e-15
1525,9,10,0.5,1.0,-0.816496580927726,2.0707386459596145e-08,1.2747787064597572e-13,-5.182911877454899e-10,0.9999999994817088,0.0,1356885385.5638614,1.1596872063121306e-14
1526,9,10,0.5,1.0,-0.7071067811865475,2.0074204317711173e-08,1.2747787064597572e-13,-5.185469831303635e-10,0.999999999481453,0.0,9271477105.174444,1.6046331309640423e-14
1527,9,10,0.5,1.0,-0.5773502691896258,1.9296212293004232e-08,1.2747787064597572e-13,-5.189271234939952e-10,0.9999999994810729,0.0,24716665179.56064,1.8520446368855053e-15
1528,9,10,0.5,1.0,-0.5,1.8817140425971232e-08,1.2747787064597572e-13,-5.192006824472628e-10,0.9999999994807993,0.0,34213371640.268417,5.909354892113721e-15
1529,9,10,0.5,1.0,-0.3333333333333333,1.774097013037593e-08,1.2747787064597572e-13,-5.199645158882049e-10,0.9999999994800355,0.0,51885610233.68834,1.911553674699829e-15
1530,9,10,0.5,1.0,0.0,1.536413082081869e-08,1.2747787064597572e-13,-5.227889232628513e-10,0.9999999994772111,0.0,74268986086.92653,1.4792618970375185e-14
1531,9,10,0.5,1.0,0.3333333333333333,1.254476028434066e-08,1.2747787064597572e-13,-5.308535833137284e-10,0.9999999994691464,0.0,85189791256.8598,3.0449589115716045e-15
1532,9,10,0.5,1.0,0.5,1.0864081090812086e-08,1.2747787064597572e-13,-5.421476600986352e-10,0.9999999994578523,3.552713678800501e-15,88209442160.56508,1.3319739123548872e-14
1533,9,10,0.5,1.0,0.5773502691896258,9.988454480137257e-09,1.2747787064597572e-13,-5.524611879081931e-10,0.9999999994475388,0.0,89241731783.95267,6.1553759129176535e-15
1534,9,10,0.5,1.0,0.7071067811865475,8.315007683054038e-09,1.2747787064597572e-13,-5.915623546570714e-10,0.9999999994084376,3.552713678800501e-15,90562279660.11736,5.054683623170698e-15
1535,9,10,0.5,1.0,0.816496580927726,6.581578668632317e-09,1.2747787064597572e-13,-7.079883346250426e-10,0.9999999992920117,0.0,91348538621.99004,3.340784492599819e-16
1537,9,11,0.5,1.5,-1.0,2.1728289658372962e-08,2.5495574129415405e-13,-5.42151212812314e-10,0.9999999994578488,-3.552713678800501e-15,78552990.07633437,4.932087125691222e-15
1538,9,11,0.5,1.5,-0.816496580927726,2.070750794874269e-08,2.5495574129415405e-13,-5.476259445913456e-10,0.999999999452374,0.0,103178711.61154789,2.888417767794631e-15
1539,9,11,0.5,1.5,-0.7071067811865475,2.007432209208454e-08,2.5495574129415405e-13,-5.517648560271482e-10,0.9999999994482351,0.0,564528244.4807652,1.3092304989888358e-14
1540,9,11,0.5,1.5,-0.5773502691896258,1.9296325503032516e-08,2.5495574129415405e-13,-5.578293382768607e-10,0.9999999994421707,3.552713678800501e-15,3215321160.6106896,3.1143328526360128e-15
1541,9,11,0.5,1.5,-0.5,1.8817250825369487e-08,2.5495574129415405e-13,-5.622240450975369e-10,0.999999999437776,0.0,6040090869.497601,5.841956763469396e-15
1542,9,11,0.5,1.5,-0.3333333333333333,1.7741074216079452e-08,2.5495574129415405e-13,-5.744169584431802e-10,0.999999999425583,0.0,14050560635.019953,1.3710642366391875e-14
1543,9,11,0.5,1.5,0.0,1.5364220962078747e-08,2.5495574129415405e-13,-6.195932655828074e-10,0.9999999993804067,-3.552713678800501e-15,31026576166.43909,1.2294934655894426e-16
1544,9,11,0.5,1.5,0.3333333333333333,1.2544833885018994e-08,2.5495574129415405e-13,-7.48656248106272e-10,0.9999999992513438,3.552713678800501e-15,44248892511.98993,4.482920284586786e-15
1545,9,11,0.5,1.5,0.5,1.0864144831430184e-08,2.5495574129415405e-13,-9.293614766647806e-10,0.9999999990706385,0.0,49272310238.714745,1.7032556305388924e-15
1546,9,11,0.5,1.5,0.5773502691896258,9.988513083746579e-09,2.5495574129415405e-13,-1.0943743689040275e-09,0.9999999989056256,0.0,51291814668.83029,2.3204200408184592e-14
1547,9,11,0.5,1.5,0.7071067811865475,8.315056469225351e-09,2.5495574129415405e-13,-1.719985931458723e-09,0.9999999982800141,-3.552713678800501e-15,54287785030.38586,1.531843679827398e-14
1548,9,11,0.5,1.5,0.816496580927726,6.581617285737462e-09,2.5495574129415405e-13,-3.582751872954759e-09,0.9999999964172481,0.0,56473925146.7446,1.1348053795795747e-14
1550,9,12,0.5,2.0,-1.0,2.1728417136243607e-08,3.8243361194012977e-13,-6.470166624694684e-10,0.9999999993529833,0.0,50283170.47432932,5.037863322972753e-15
1551,9,12,0.5,2.0,-0.816496580927726,2.0707629437961234e-08,3.8243361194012977e-13,-6.747526981598639e-10,0.9999999993252473,0.0,55573114.5779597,4.692382690311828e-15
1552,9,12,0.5,2.0,-0.7071067811865475,2.0074439866576455e-08,3.8243361194012977e-13,-6.957066034374293e-10,0.9999999993042934,0.0,69859856.32610974,2.559609248141857e-15
1553,9,12,0.5,2.0,-0.5773502691896258,1.9296438713238773e-08,3.8243361194012977e-13,-7.26430471331696e-10,0.9999999992735695,0.0,283297372.5015972,3.997524723693076e-15
1554,9,12,0.5,2.0,-0.5,1.8817361224983632e-08,3.8243361194012977e-13,-7.48656248106272e-10,0.9999999992513438,0.0,695299312.2820979,3.0861057590741277e-15
1555,9,12,0.5,2.0,-0.3333333333333333,1.7741178302088292e-08,3.8243361194012977e-13,-8.103668847070367e-10,0.9999999991896331,0.0,2656132138.927532,1.472089675043198e-14
1556,9,12,0.5,2.0,0.0,1.536431110386763e-08,3.8243361194012977e-13,-1.0390586169251037e-09,0.9999999989609414,0.0,10123685298.447678,1.2811511145169398e-14
1557,9,12,0.5,2.0,0.3333333333333333,1.2544907486560907e-08,3.8243361194012977e-13,-1.6924666113027342e-09,0.9999999983075334,0.0,19075771740.407837,6.399233234764539e-15
1558,9,12,0.5,2.0,0.5,1.0864208573170105e-08,3.8243361194012977e-13,-2.6072335401750024e-09,0.9999999973927665,0.0,23316798072.718933,1.0470589668383707e-14
1559,9,12,0.5,2.0,0.5773502691896258,9.988571688638992e-09,3.8243361194012977e-13,-3.4425973183260794e-09,0.9999999965574027,0.0,25177642876.259148,5.151384014329167e-15
1560,9,12,0.5,2.0,0.7071067811865475,8.315105257064771e-09,3.8243361194012977e-13,-6.609674585433822e-09,0.9999999933903254,0.0,28127416981.018917,9.222297740227951e-15
1561,9,12,0.5,2.0,0.816496580927726,6.581655905085101e-09,3.8243361194012977e-13,-1.6039695793779174e-08,0.9999999839603043,0.0,30442655218.75692,2.4685604981824947e-14
1563,9,13,0.5,2.5,-1.0,2.1728544614114255e-08,5.099114825883081e-13,-9.293437130963866e-10,0.9999999990706563,0.0,34923166.55780637,5.120209647375221e-15
1564,9,13,0.5,2.5,-0.816496580927726,2.070775092725178e-08,5.099114825883081e-13,-1.0169998176934314e-09,0.9999999989830002,3.552713678800501e-15,37316800.63184567,5.191096027527762e-15
1565,9,13,0.5,2.5,-0.7071067811865475,2.0074557641186918e-08,5.099114825883081e-13,-1.0832224006662727e-09,0.9999999989167776,0.0,39168038.67990306,4.7555231561458605e-15
1566,9,13,0.5,2.5,-0.5773502691896258,1.9296551923622986e-08,5.099114825883081e-13,-1.180325170935248e-09,0.9999999988196748,0.0,50090125.82900358,7.437174965739189e-16
1567,9,13,0.5,2.5,-0.5,1.8817471624813672e-08,5.099114825883081e-13,-1.2505729785061703e-09,0.999999998749427,-3.552713678800501e-15,83572263.73700103,7.667016575641251e-15
1568,9,13,0.5,2.5,-0.3333333333333333,1.7741282388402452e-08,5.099114825883081e-13,-1.4456027486176026e-09,0.9999999985543973,0.0,376213763.1702551,1.2199334785176583e-14
1569,9,13,0.5,2.5,0.0,1.536440124618534e-08,5.099114825883081e-13,-2.1683703721464553e-09,0.9999999978316296,0.0,2595962938.997409,5.143155254305742e-15
1570,9,13,0.5,2.5,0.3333333333333333,1.2544981088966388e-08,5.099114825883081e-13,-4.233410066944998e-09,0.9999999957665899,0.0,6835532423.932425,3.3484127020763397e-15
1571,9,13,0.5,2.5,0.5,1.0864272316031834e-08,5.099114825883081e-13,-7.1244699029193725e-09,0.9999999928755301,0.0,9356187066.194649,1.3047014947045996e-14
1572,9,13,0.5,2.5,0.5773502691896258,9.988630294814471e-09,5.099114825883081e-13,-9.764544728341207e-09,0.9999999902354553,0.0,10562895168.911331,3.0697007060379998e-15
1573,9,13,0.5,2.5,0.7071067811865475,8.315154046572272e-09,5.099114825883081e-13,-1.9773857218297053e-08,0.999999980226143,-3.552713678800501e-15,12602685798.544785,8.323953836633827e-15
1574,9,13,0.5,2.5,0.816496580927726,6.581694526675197e-09,5.099114825883081e-13,-4.9576684091334755e-08,0.9999999504233171,3.552713678800501e-15,14315186641.191936,1.7187898404678128e-14
1576,9,14,0.5,3.0,-1.0,2.17286720919849e-08,6.373893532342839e-13,-1.5246328644025198e-09,0.9999999984753671,-3.552713678800501e-15,25660100.22259365,4.936062955677055e-15
1577,9,14,0.5,3.0,-0.816496580927726,2.070787241661433e-08,6.373893532342839e-13,-1.7386412309861043e-09,0.9999999982613588,-3.552713678800501e-15,26911159.50515858,5.260309624132583e-15
1578,9,14,0.5,3.0,-0.7071067811865475,2.007467541591593e-08,6.373893532342839e-13,-1.900307466939921e-09,0.9999999980996925,0.0,27770642.66936724,5.0975064937083145e-15
1579,9,14,0.5,3.0,-0.5773502691896258,1.929666513418516e-08,6.373893532342839e-13,-2.137369392585242e-09,0.9999999978626306,0.0,29127302.30573546,4.4763898516098704e-15
1580,9,14,0.5,3.0,-0.5,1.8817582024859596e-08,6.373893532342839e-13,-2.308862434574621e-09,0.9999999976911376,0.0,31314668.34091053,4.282671918623597e-15
1581,9,14,0.5,3.0,-0.3333333333333333,1.774138647502192e-08,6.373893532342839e-13,-2.785004227234822e-09,0.9999999972149958,0.0,60567826.05766083,3.4443411674585048e-15
1582,9,14,0.5,3.0,0.0,1.5364491389031865e-08,6.373893532342839e-13,-4.549523424657309e-09,0.9999999954504766,3.552713678800501e-15,537494503.7504356,1.7742959411712445e-15
1583,9,14,0.5,3.0,0.3333333333333333,1.2545054692235423e-08,6.373893532342839e-13,-9.591015981413875e-09,0.999999990408984,-3.552713678800501e-15,2045628031.9430175,2.9137577235278595e-14
1584,9,14,0.5,3.0,0.5,1.0864336060015345e-08,6.373893532342839e-13,-1.664910342924486e-08,0.9999999833508967,-3.552713678800501e-15,3191412609.396226,5.827090209260069e-15
1585,9,14,0.5,3.0,0.5773502691896258,9.988688902272992e-09,6.373893532342839e-13,-2.3094450796179444e-08,0.9999999769055494,-3.552713678800501e-15,3794859099.55545,2.5130691058278514e-16
1586,9,14,0.5,3.0,0.7071067811865475,8.315202837747825e-09,6.373893532342839e-13,-4.753065852014515e-08,0.9999999524693426,0.0,4889649040.68963,1.7553547864543066e-15
1587,9,14,0.5,3.0,0.816496580927726,6.581733150507705e-09,6.373893532342839e-13,-1.2028977280920117e-07,0.9999998797102344,0.0,5877999666.788783,4.867341121816971e-15
1589,9,15,0.5,3.5,-1.0,2.1728799569855548e-08,7.648672238824622e-13,-2.6070914316278504e-09,0.9999999973929086,0.0,19647319.35652203,5.119417882576571e-15
1590,9,15,0.5,3.5,-0.816496580927726,2.0707993906048876e-08,7.648672238824622e-13,-3.0508466863921058e-09,0.9999999969491533,0.0,20366378.427625384,5.121584513791016e-15
1591,9,15,0.5,3.5,-0.7071067811865475,2.0074793190763476e-08,7.648672238824622e-13,-3.3860736436963634e-09,0.9999999966139264,-3.552713678800501e-15,20841712.7424288,5.1835192237087605e-15
1592,9,15,0.5,3.5,-0.5773502691896258,1.929677834492529e-08,7.648672238824622e-13,-3.877634213722558e-09,0.9999999961223658,0.0,21465458.810127027,5.0328958542655154e-15
1593,9,15,0.5,3.5,-0.5,1.8817692425121407e-08,7.648672238824622e-13,-4.233235983974737e-09,0.999999995766764,0.0,21908045.28642146,4.7611791464382015e-15
1594,9,15,0.5,3.5,-0.3333333333333333,1.7741490561946698e-08,7.648672238824622e-13,-5.220535115313396e-09,0.9999999947794649,0.0,24606690.59771691,1.6653272865097572e-15
1595,9,15,0.5,3.5,0.0,1.53645815324072e-08,7.648672238824622e-13,-8.87936124627231e-09,0.9999999911206388,0.0,102380590.47359955,1.1643739208704921e-14
1596,9,15,0.5,3.5,0.3333333333333333,1.254512829636799e-08,7.648672238824622e-13,-1.933315019186921e-08,0.99999998066685,0.0,520243433.6763493,8.592801117284957e-15
1597,9,15,0.5,3.5,0.5,1.0864399805120626e-08,7.648672238824622e-13,-3.3968454715704866e-08,0.9999999660315458,-3.552713678800501e-15,932964922.1497042,2.1721694720244782e-14
1598,9,15,0.5,3.5,0.5773502691896258,9.988747511014535e-09,7.648672238824622e-13,-4.7333212904732136e-08,0.9999999526667882,-3.552713678800501e-15,1174513114.2958248,2.334425751654389e-14
1599,9,15,0.5,3.5,0.7071067811865475,8.315251630591403e-09,7.648672238824622e-13,-9.80029497554824e-08,0.999999901997055,0.0,1648962055.6251235,3.2387501905557083e-14
1600,9,15,0.5,3.5,0.816496580927726,6.581771776582592e-09,7.648672238824622e-13,-2.4887270910767256e-07,0.9999997511273219,3.552713678800501e-15,2113197676.4351745,1.6020951854127426e-14
1602,9,16,0.5,4.0,-1.0,2.1728927047726196e-08,8.923450945284379e-13,-4.389626440115535e-09,0.9999999956103736,-3.552713678800501e-15,15524613.686272178,5.039165408468551e-15
1603,9,16,0.5,4.0,-0.816496580927726,2.0708115395555423e-08,8.923450945284379e-13,-5.211720832676292e-09,0.9999999947882792,0.0,15967749.329006152,5.015969362159086e-15
1604,9,16,0.5,4.0,-0.7071067811865475,2.0074910965729567e-08,8.923450945284379e-13,-5.832752947299014e-09,0.999999994167247,0.0,16253739.551566549,5.2715054644988426e-15
1605,9,16,0.5,4.0,-0.5773502691896258,1.9296891555843368e-08,8.923450945284379e-13,-6.7434129391585884e-09,0.9999999932565871,0.0,16618276.945028964,5.0437859468015364e-15
1606,9,16,0.5,4.0,-0.5,1.8817802825599093e-08,8.923450945284379e-13,-7.402192636618565e-09,0.9999999925978074,0.0,16851353.672370646,5.084557509768908e-15
1607,9,16,0.5,4.0,-0.3333333333333333,1.774159464917677e-08,8.923450945284379e-13,-9.231243325302785e-09,0.9999999907687567,3.552713678800501e-15,17471999.610516813,4.690727357664924e-15
1608,9,16,0.5,4.0,0.0,1.5364671676311323e-08,8.923450945284379e-13,-1.6009515491077764e-08,0.9999999839904846,0.0,27974335.612294607,6.658407102302483e-16
1609,9,16,0.5,4.0,0.3333333333333333,1.2545201901364078e-08,8.923450945284379e-13,-3.53759936899678e-08,0.999999964624007,-3.552713678800501e-15,120577798.2101453,1.8784357776357792e-14
1610,9,16,0.5,4.0,0.5,1.086446355134765e-08,8.923450945284379e-13,-6.248905748407196e-08,0.9999999375109445,0.0,240797532.1446686,8.663554599410626e-15
1611,9,16,0.5,4.0,0.5773502691896258,9.988806121039078e-09,8.923450945284379e-13,-8.724833833184675e-08,0.9999999127516654,3.552713678800501e-15,319749896.07259387,1.2116663548565454e-14
1612,9,16,0.5,4.0,0.7071067811865475,8.315300425102975e-09,8.923450945284379e-13,-1.8111808941512209e-07,0.999999818881927,0.0,489231992.0942133,4.5078242885325376e-14
1613,9,16,0.5,4.0,0.816496580927726,6.581810404899813e-09,8.923450945284379e-13,-4.6061638059313736e-07,0.9999995393837255,0.0,670524537.4803888,1.831186800392012e-14
1615,10,10,1.0,1.0,-1.0,2.1728289658372962e-08,0.0,-5.163336425084708e-10,0.9999999994836664,0.0,78552068.76100282,5.121842856335111e-15
1616,10,10,1.0,1.0,-0.816496580927726,2.0707507948598677e-08,0.0,-5.163336425084708e-10,0.9999999994836664,0.0,103175847.0429156,2.3107983693353467e-15
1617,10,10,1.0,1.0,-0.7071067811865475,2.0074322091847437e-08,0.0,-5.163336425084708e-10,0.9999999994836664,0.0,564483363.7646723,1.0559149941616212e-15
1618,10,10,1.0,1.0,-0.5773502691896258,1.9296325502676577e-08,0.0,-5.163336425084708e-10,0.9999999994836664,0.0,3215101197.4638004,1.3496365660500471e-14
1619,10,10,1.0,1.0,-0.5,1.8817250824937685e-08,0.0,-5.16330089794792e-10,0.9999999994836699,0.0,6039718710.667252,2.8422081420768736e-15
1620,10,10,1.0,1.0,-0.3333333333333333,1.774107421546879e-08,0.0,-5.163336425084708e-10,0.9999999994836664,0.0,14049823806.68254,1.4254385620840098e-14
1621,10,10,1.0,1.0,0.0,1.536422096102105e-08,0.0,-5.163336425084708e-10,0.9999999994836664,0.0,31025124437.600147,6.147754980479418e-16
1622,10,10,1.0,1.0,0.3333333333333333,1.2544833883291791e-08,0.0,-5.163336425084708e-10,0.9999999994836664,0.0,44246561027.13441,8.449025717546516e-15
1623,10,10,1.0,1.0,0.5,1.0864144829186481e-08,0.0,-5.163336425084708e-10,0.9999999994836664,0.0,49269232572.86335,1.749817354585896e-14
1624,10,10,1.0,1.0,0.5773502691896258,9.98851308118034e-09,0.0,-5.163336425084708e-10,0.9999999994836664,0.0,51288210099.91023,1.3387979546856946e-14
1625,10,10,1.0,1.0,0.7071067811865475,8.315056465889049e-09,0.0,-5.163336425084708e-10,0.9999999994836664,0.0,54282697722.44475,4.638126513508713e-15
1626,10,10,1.0,1.0,0.816496580927726,6.581617281252368e-09,0.0,-5.163336425084708e-10,0.9999999994836664,0.0,56465986571.30376,6.350398970111727e-15
1627,10,11,1.0,1.5,-1.0,2.1728417136243607e-08,1.274778706481784e-13,-5.179465745186462e-10,0.9999999994820534,0.0,50282226.786512434,4.8897826411386685e-15
1628,10,11,1.0,1.5,-0.816496580927726,2.070762943767322e-08,1.274778706481784e-13,-5.182876350318111e-10,0.9999999994817124,3.552713678800501e-15,55571827.2101059,4.826562575946415e-15
1629,10,11,1.0,1.5,-0.7071067811865475,2.007443986610225e-08,1.274778706481784e-13,-5.185469831303635e-10,0.999999999481453,0.0,69855923.39313775,2.1331277964770927e-16
1630,10,11,1.0,1.5,-0.5773502691896258,1.9296438712526895e-08,1.274778706481784e-13,-5.189271234939952e-10,0.9999999994810729,0.0,283257161.9776744,1.2415128419683954e-14
1631,10,11,1.0,1.5,-0.5,1.8817361224120036e-08,1.274778706481784e-13,-5.192006824472628e-10,0.9999999994807993,3.552713678800501e-15,695199296.9560785,7.373424387981573e-15
1632,10,11,1.0,1.5,-0.3333333333333333,1.774117830086698e-08,1.274778706481784e-13,-5.199645158882049e-10,0.9999999994800355,-3.552713678800501e-15,2655789255.9635053,1.113187115363494e-14
1633,10,11,1.0,1.5,0.0,1.536431110175226e-08,1.274778706481784e-13,-5.227889232628513e-10,0.9999999994772111,-3.552713678800501e-15,10122504768.32649,1.1682445989494523e-14
1634,10,11,1.0,1.5,0.3333333333333333,1.2544907483106525e-08,1.274778706481784e-13,-5.308535833137284e-10,0.9999999994691464,0.0,19073262259.1021,6.000070486847983e-16
1635,10,11,1.0,1.5,0.5,1.0864208568682728e-08,1.274778706481784e-13,-5.421476600986352e-10,0.9999999994578523,0.0,23313160547.33698,7.0360250850077065e-15
1636,10,11,1.0,1.5,0.5773502691896258,9.988571683506545e-09,1.274778706481784e-13,-5.524576351945143e-10,0.9999999994475424,3.552713678800501e-15,25173223258.65688,1.515378951049963e-16
1637,10,11,1.0,1.5,0.7071067811865475,8.31510525039221e-09,1.274778706481784e-13,-5.915588019433926e-10,0.9999999994084412,3.552713678800501e-15,28120832315.365944,2.0483721130637493e-14
1638,10,11,1.0,1.5,0.816496580927726,6.581655896114967e-09,1.274778706481784e-13,-7.079776764840062e-10,0.9999999992920223,3.552713678800501e-15,30431964283.03664,1.7674584179008954e-14
1640,10,12,1.0,2.0,-1.0,2.1728544614114255e-08,2.5495574129415405e-13,-5.421476600986352e-10,0.9999999994578523,0.0,34922347.23221793,4.906982700497154e-15
1641,10,12,1.0,2.0,-0.816496580927726,2.0707750926819764e-08,2.5495574129415405e-13,-5.476259445913456e-10,0.999999999452374,-3.552713678800501e-15,37315767.03443753,5.191239814024084e-15
1642,10,12,1.0,2.0,-0.7071067811865475,2.0074557640475612e-08,2.5495574129415405e-13,-5.517648560271482e-10,0.9999999994482351,0.0,39166783.84573711,4.7556755146585416e-15
1643,10,12,1.0,2.0,-0.5773502691896258,1.9296551922555176e-08,2.5495574129415405e-13,-5.578328909905395e-10,0.9999999994421671,3.552713678800501e-15,50085943.292232834,7.437796023379717e-16
1644,10,12,1.0,2.0,-0.5,1.881747162351828e-08,2.5495574129415405e-13,-5.622240450975369e-10,0.999999999437776,0.0,83559249.95962831,3.9232705705596616e-15
1645,10,12,1.0,2.0,-0.3333333333333333,1.7741282386570495e-08,2.5495574129415405e-13,-5.744134057295014e-10,0.9999999994255866,0.0,376133531.9762439,2.4720807358244804e-14
1646,10,12,1.0,2.0,0.0,1.5364401243012303e-08,2.5495574129415405e-13,-6.195861601554498e-10,0.9999999993804138,0.0,2595423391.379184,3.8581683264187975e-15
1647,10,12,1.0,2.0,0.3333333333333333,1.2544981083784841e-08,2.5495574129415405e-13,-7.486526953925932e-10,0.9999999992513473,-3.552713678800501e-15,6833918769.551429,5.0238050155926175e-15
1648,10,12,1.0,2.0,0.5,1.0864272309300805e-08,2.5495574129415405e-13,-9.293437130963866e-10,0.9999999990706563,-3.552713678800501e-15,9353565194.233656,8.972337082280411e-15
1649,10,12,1.0,2.0,0.5773502691896258,9.988630287115847e-09,2.5495574129415405e-13,-1.094345947194597e-09,0.999999998905654,0.0,10559563539.07369,6.321966045416078e-15
1650,10,12,1.0,2.0,0.7071067811865475,8.315154036563489e-09,2.5495574129415405e-13,-1.7199290880398621e-09,0.9999999982800709,-3.552713678800501e-15,12597382808.8067,6.6619663081985615e-15
1651,10,12,1.0,2.0,0.816496580927726,6.58169451322007e-09,2.5495574129415405e-13,-3.5826062116939283e-09,0.9999999964173938,0.0,14306148993.912195,2.79979757697946e-15
1653,10,13,1.0,2.5,-1.0,2.17286720919849e-08,3.824336119423324e-13,-6.470095570421108e-10,0.9999999993529904,0.0,25659412.182951413,5.081377527923157e-15
1654,10,13,1.0,2.5,-0.816496580927726,2.070787241603831e-08,3.824336119423324e-13,-6.747455927325063e-10,0.9999999993252544,0.0,26910324.89365508,5.260472770246264e-15
1655,10,13,1.0,2.5,-0.7071067811865475,2.007467541496753e-08,3.824336119423324e-13,-6.956959452963929e-10,0.999999999304304,0.0,27769693.39085692,5.097680746743904e-15
1656,10,13,1.0,2.5,-0.5773502691896258,1.929666513276143e-08,3.824336119423324e-13,-7.264198131906596e-10,0.9999999992735802,0.0,29126087.24262105,4.7323809715639306e-15
1657,10,13,1.0,2.5,-0.5,1.881758202313242e-08,3.824336119423324e-13,-7.486455899652356e-10,0.9999999992513544,0.0,31312725.22021403,2.7363212962796334e-15
1658,10,13,1.0,2.5,-0.3333333333333333,1.774138647257933e-08,3.824336119423324e-13,-8.103526738523215e-10,0.9999999991896473,0.0,60555569.88781499,2.9528899597087744e-15
1659,10,13,1.0,2.5,0.0,1.5364491384801174e-08,3.824336119423324e-13,-1.039033747929352e-09,0.9999999989609663,0.0,537327376.9743607,8.652383056786458e-15
1660,10,13,1.0,2.5,0.3333333333333333,1.254505468532673e-08,3.824336119423324e-13,-1.6924133205975522e-09,0.9999999983075867,0.0,2044883280.1443305,3.381189949118907e-15
1661,10,13,1.0,2.5,0.5,1.0864336051040693e-08,3.824336119423324e-13,-2.6071411696193536e-09,0.9999999973928588,0.0,3190028533.314326,1.5246694388086317e-14
1662,10,13,1.0,2.5,0.5773502691896258,9.98868889200822e-09,3.824336119423324e-13,-3.442458762492606e-09,0.9999999965575412,0.0,3793004948.766596,1.7600083060831626e-14
1663,10,13,1.0,2.5,0.7071067811865475,8.315202824402861e-09,3.824336119423324e-13,-6.609390368339518e-09,0.9999999933906096,0.0,4886458424.245535,1.2490673397967931e-14
1664,10,13,1.0,2.5,0.816496580927726,6.581733132567644e-09,3.824336119423324e-13,-1.60389710401887e-08,0.9999999839610291,0.0,5872241750.826849,2.890787462835808e-14
1666,10,14,1.0,3.0,-1.0,2.1728799569855548e-08,5.099114825883081e-13,-9.293223968143138e-10,0.9999999990706776,0.0,19646743.13150163,4.929954400671538e-15
1667,10,14,1.0,3.0,-0.816496580927726,2.0707993905328852e-08,5.099114825883081e-13,-1.0169785014113586e-09,0.9999999989830215,0.0,20365696.083041903,5.1217561104522616e-15
1668,10,14,1.0,3.0,-0.7071067811865475,2.007479318957798e-08,5.099114825883081e-13,-1.0831939789568423e-09,0.999999998916806,0.0,20840951.044857588,5.183708671589259e-15
1669,10,14,1.0,3.0,-0.5773502691896258,1.9296778343145633e-08,5.099114825883081e-13,-1.1802931965121388e-09,0.9999999988197068,3.552713678800501e-15,21464579.451872345,4.859546798520427e-15
1670,10,14,1.0,3.0,-0.5,1.881769242296245e-08,5.099114825883081e-13,-1.2505374513693823e-09,0.9999999987494625,-3.552713678800501e-15,21907059.86746651,4.7613933128396816e-15
1671,10,14,1.0,3.0,-0.3333333333333333,1.7741490558893475e-08,5.099114825883081e-13,-1.445560116053457e-09,0.9999999985544399,0.0,24604577.668267027,3.633753375836064e-15
1672,10,14,1.0,3.0,0.0,1.536458152711886e-08,5.099114825883081e-13,-2.1682922124455217e-09,0.9999999978317078,-3.552713678800501e-15,102342525.82870898,4.5136270897048316e-15
1673,10,14,1.0,3.0,0.3333333333333333,1.2545128287732174e-08,5.099114825883081e-13,-4.233235983974737e-09,0.999999995766764,0.0,519980483.10412616,3.47324716095677e-14
1674,10,14,1.0,3.0,0.5,1.0864399793902374e-08,5.099114825883081e-13,-7.124157264115638e-09,0.9999999928758427,3.552713678800501e-15,932395412.0411758,1.7260117200839217e-14
1675,10,14,1.0,3.0,0.5773502691896258,9.988747498183645e-09,5.099114825883081e-13,-9.764111297272393e-09,0.9999999902358887,0.0,1173702628.848519,2.9454389144244077e-14
1676,10,14,1.0,3.0,0.7071067811865475,8.315251613910295e-09,5.099114825883081e-13,-1.977295127630896e-08,0.999999980227049,-3.552713678800501e-15,1647436848.164667,1.6064022308203363e-14
1677,10,14,1.0,3.0,0.816496580927726,6.581771754157647e-09,5.099114825883081e-13,-4.957438193287089e-08,0.9999999504256193,3.552713678800501e-15,2110257987.0448816,3.502403970283489e-15
1679,10,15,1.0,3.5,-1.0,2.1728927047726196e-08,6.373893532364865e-13,-1.5245831264110166e-09,0.9999999984754169,0.0,15524128.005271256,5.0393230615682005e-15
1680,10,15,1.0,3.5,-0.816496580927726,2.0708115394691396e-08,6.373893532364865e-13,-1.7385843875672435e-09,0.9999999982614156,-3.552713678800501e-15,15967183.317957334,5.132801755585199e-15
1681,10,15,1.0,3.5,-0.7071067811865475,2.0074910964306985e-08,6.373893532364865e-13,-1.9002435180937027e-09,0.9999999980997565,-3.552713678800501e-15,16253114.881392928,5.157105719553592e-15
1682,10,15,1.0,3.5,-0.5773502691896258,1.92968915537078e-08,6.373893532364865e-13,-2.1372947855979874e-09,0.9999999978627052,-3.552713678800501e-15,16617568.699205955,5.1560898237007545e-15
1683,10,15,1.0,3.5,-0.5,1.8817802823008363e-08,6.373893532364865e-13,-2.3087807221600087e-09,0.9999999976912193,0.0,16850585.97366702,4.863711368508972e-15
1684,10,15,1.0,3.5,-0.3333333333333333,1.774159464551293e-08,6.373893532364865e-13,-2.784897645824458e-09,0.9999999972151024,0.0,17471021.803490732,4.477763072338993e-15
1685,10,15,1.0,3.5,0.0,1.536467166996536e-08,6.373893532364865e-13,-4.549335130832333e-09,0.9999999954506649,3.552713678800501e-15,27967041.062529262,5.461317909729753e-15
1686,10,15,1.0,3.5,0.3333333333333333,1.2545201891001162e-08,6.373893532364865e-13,-9.59058610305874e-09,0.9999999904094139,3.552713678800501e-15,120503926.78668731,2.7822838292653214e-14
1687,10,15,1.0,3.5,0.5,1.086446353788583e-08,6.373893532364865e-13,-1.6648343148517597e-08,0.999999983351657,0.0,240608696.85874528,1.7216845716601882e-14
1688,10,15,1.0,3.5,0.5773502691896258,9.988806105642102e-09,6.373893532364865e-13,-2.3093384982075804e-08,0.9999999769066152,0.0,319462600.4616921,3.5449791277468247e-15
1689,10,15,1.0,3.5,0.7071067811865475,8.31530040508576e-09,6.373893532364865e-13,-4.752845228495062e-08,0.9999999524715488,0.0,488634700.7708869,4.757298535230706e-15
1690,10,15,1.0,3.5,0.816496580927726,6.581810377990037e-09,6.373893532364865e-13,-1.202841524161613e-07,0.9999998797158548,0.0,669285173.0857744,1.6030290959688306e-14
1692,10,16,1.0,4.0,-1.0,2.172905452559684e-08,7.648672238824622e-13,-2.606991955644844e-09,0.999999997393008,0.0,12575048.873862084,5.036158165992279e-15
1693,10,16,1.0,4.0,-0.816496580927726,2.0708236884125938e-08,7.648672238824622e-13,-3.0507294468407054e-09,0.9999999969492706,-3.552713678800501e-15,12863139.921094576,4.923365170738463e-15
1694,10,16,1.0,4.0,-0.7071067811865475,2.007502873915453e-08,7.648672238824622e-13,-3.385938640576569e-09,0.9999999966140614,0.0,13046059.173569383,5.282658127227363e-15
1695,10,16,1.0,4.0,-0.5773502691896258,1.9297004764447915e-08,7.648672238824622e-13,-3.877477894320691e-09,0.9999999961225221,0.0,13275473.003226886,5.331675613635135e-15
1696,10,16,1.0,4.0,-0.5,1.881791322327016e-08,7.648672238824622e-13,-4.233061901004476e-09,0.9999999957669381,0.0,13419443.08672546,5.2744748953697326e-15
1697,10,16,1.0,4.0,-0.3333333333333333,1.774169873243769e-08,7.648672238824622e-13,-5.2203148470653105e-09,0.9999999947796852,0.0,13753109.272051042,4.875641140188099e-15
1698,10,16,1.0,4.0,0.0,1.5364761813340656e-08,7.648672238824622e-13,-8.878970447767642e-09,0.9999999911210296,0.0,15389453.77248082,5.0834225453532216e-15
1699,10,16,1.0,4.0,0.3333333333333333,1.2545275495133673e-08,7.648672238824622e-13,-1.9332269118876866e-08,0.9999999806677311,-3.552713678800501e-15,32391818.3463984,4.715292627402656e-15
1700,10,16,1.0,4.0,0.5,1.0864527282991034e-08,7.648672238824622e-13,-3.3966884416258836e-08,0.9999999660331161,0.0,61153743.29290799,1.437636460332542e-14
1701,10,16,1.0,4.0,0.5773502691896258,9.988864714383562e-09,7.648672238824622e-13,-4.733101377496496e-08,0.9999999526689873,-3.552713678800501e-15,82494200.42323259,5.418985013757799e-16
1702,10,16,1.0,4.0,0.7071067811865475,8.31534919792923e-09,7.648672238824622e-13,-9.799837918933463e-08,0.9999999020016256,-3.552713678800501e-15,132971781.08332214,1.1542446002167688e-14
1703,10,16,1.0,4.0,0.816496580927726,6.581849004064779e-09,7.648672238824622e-13,-2.4886104554866506e-07,0.9999997511389854,3.552713678800501e-15,192377311.1620476,4.2756814352578565e-14
1705,11,11,1.5,1.5,-1.0,2.1728544614114255e-08,0.0,-5.163336425084708e-10,0.9999999994836664,0.0,34922074.12982754,4.907021074755801e-15
1706,11,11,1.5,1.5,-0.816496580927726,2.070775092667576e-08,0.0,-5.163336425084708e-10,0.9999999994836664,0.0,37315422.511469856,5.191287743304426e-15
1707,11,11,1.5,1.5,-0.7071067811865475,2.0074557640238513e-08,0.0,-5.163336425084708e-10,0.9999999994836664,0.0,39166365.58417815,4.755726300995875e-15
1708,11,11,1.5,1.5,-0.5773502691896258,1.9296551922199246e-08,0.0,-5.163336425084708e-10,0.9999999994836664,0.0,50084549.31052109,8.92560364362753e-16
1709,11,11,1.5,1.5,-0.5,1.881747162308649e-08,0.0,-5.163336425084708e-10,0.9999999994836664,0.0,83554912.72044145,2.6750960611443736e-15
1710,11,11,1.5,1.5,-0.3333333333333333,1.7741282385959847e-08,0.0,-5.163336425084708e-10,0.9999999994836664,0.0,376106792.0690624,1.664018792903587e-14
1711,11,11,1.5,1.5,0.0,1.5364401241954627e-08,0.0,-5.163336425084708e-10,0.9999999994836664,0.0,2595243564.4877634,9.737956672191484e-15
1712,11,11,1.5,1.5,0.3333333333333333,1.254498108205766e-08,0.0,-5.163336425084708e-10,0.9999999994836664,0.0,6833380956.973332,7.675861734127e-15
1713,11,11,1.5,1.5,0.5,1.0864272307057129e-08,0.0,-5.163336425084708e-10,0.9999999994836664,0.0,9352691373.125538,9.992854385889936e-15
1714,11,11,1.5,1.5,0.5773502691896258,9.988630284549638e-09,0.0,-5.16330089794792e-10,0.9999999994836699,0.0,10558453188.603071,9.7549162109324e-15
1715,11,11,1.5,1.5,0.7071067811865475,8.31515403322723e-09,0.0,-5.163336425084708e-10,0.9999999994836664,0.0,12595615547.87559,4.694316636804634e-15
1716,11,11,1.5,1.5,0.816496580927726,6.58169450873503e-09,0.0,-5.163336425084708e-10,0.9999999994836664,0.0,14303137458.24472,1.7335729520147814e-14
1717,11,12,1.5,2.0,-1.0,2.17286720919849e-08,1.2747787064597572e-13,-5.179465745186462e-10,0.9999999994820534,0.0,25659068.17350745,4.936261492086421e-15
1718,11,12,1.5,2.0,-0.816496580927726,2.0707872415750295e-08,1.2747787064597572e-13,-5.182911877454899e-10,0.9999999994817088,-3.552713678800501e-15,26909907.602731984,5.2605543441992705e-15
1719,11,12,1.5,2.0,-0.7071067811865475,2.0074675414493328e-08,1.2747787064597572e-13,-5.185505358440423e-10,0.9999999994814495,0.0,27769218.77054382,4.963616088087433e-15
1720,11,12,1.5,2.0,-0.5773502691896258,1.929666513204956e-08,1.2747787064597572e-13,-5.189271234939952e-10,0.9999999994810729,0.0,29125479.7531572,4.7324796779750706e-15
1721,11,12,1.5,2.0,-0.5,1.8817582022268836e-08,1.2747787064597572e-13,-5.192006824472628e-10,0.9999999994807993,0.0,31311753.799672928,3.926148009330838e-15
1722,11,12,1.5,2.0,-0.3333333333333333,1.7741386471358033e-08,1.2747787064597572e-13,-5.199609631745261e-10,0.999999999480039,3.552713678800501e-15,60549443.24365674,8.244318580851564e-15
1723,11,12,1.5,2.0,0.0,1.5364491382685828e-08,1.2747787064597572e-13,-5.227853705491725e-10,0.9999999994772146,0.0,537243832.276219,9.985071409860485e-15
1724,11,12,1.5,2.0,0.3333333333333333,1.2545054681872385e-08,1.2747787064597572e-13,-5.308535833137284e-10,0.9999999994691464,0.0,2044510995.822572,2.53052352228723e-14
1725,11,12,1.5,2.0,0.5,1.0864336046553366e-08,1.2747787064597572e-13,-5.421441073849564e-10,0.9999999994578559,0.0,3189336694.1119075,2.2725492789985078e-14
1726,11,12,1.5,2.0,0.5773502691896258,9.988688886875836e-09,1.2747787064597572e-13,-5.524576351945143e-10,0.9999999994475424,3.552713678800501e-15,3792078170.972659,3.7723681055932775e-16
1727,11,12,1.5,2.0,0.7071067811865475,8.315202817730379e-09,1.2747787064597572e-13,-5.915552492297138e-10,0.9999999994084448,3.552713678800501e-15,4884863790.757532,1.1713828969528216e-15
1728,11,12,1.5,2.0,0.816496580927726,6.581733123597613e-09,1.2747787064597572e-13,-7.079705710566486e-10,0.9999999992920294,0.0,5869364600.549043,1.0073970802845756e-14
1730,11,13,1.5,2.5,-1.0,2.1728799569855548e-08,2.5495574129415405e-13,-5.421476600986352e-10,0.9999999994578523,-3.552713678800501e-15,19646397.408521038,4.9300411544154514e-15
1731,11,13,1.5,2.5,-0.816496580927726,2.0707993904896842e-08,2.5495574129415405e-13,-5.476223918776668e-10,0.9999999994523776,3.552713678800501e-15,20365286.69282529,5.304782608017778e-15
1732,11,13,1.5,2.5,-0.7071067811865475,2.007479318886669e-08,2.5495574129415405e-13,-5.517613033134694e-10,0.9999999994482387,0.0,20840494.04668469,5.1838223418979586e-15
1733,11,13,1.5,2.5,-0.5773502691896258,1.929677834207784e-08,2.5495574129415405e-13,-5.578293382768607e-10,0.9999999994421707,0.0,21464051.864172112,5.033225755279009e-15
1734,11,13,1.5,2.5,-0.5,1.881769242166708e-08,2.5495574129415405e-13,-5.622169396701793e-10,0.9999999994377831,3.552713678800501e-15,21906468.654781837,4.5914674630370436e-15
1735,11,13,1.5,2.5,-0.3333333333333333,1.7741490557061545e-08,2.5495574129415405e-13,-5.744098530158226e-10,0.9999999994255901,0.0,24603310.18094557,3.1796980037380304e-15
1736,11,13,1.5,2.5,0.0,1.5364581523945863e-08,2.5495574129415405e-13,-6.195790547280922e-10,0.999999999380421,3.552713678800501e-15,102319694.76525804,1.0631235459082204e-14
1737,11,13,1.5,2.5,0.3333333333333333,1.2545128282550688e-08,2.5495574129415405e-13,-7.48638484537878e-10,0.9999999992513615,0.0,519822773.2463733,3.795358425226889e-14
1738,11,13,1.5,2.5,0.5,1.0864399787171425e-08,2.5495574129415405e-13,-9.293223968143138e-10,0.9999999990706776,0.0,932053859.9937364,7.034476446819319e-15
1739,11,13,1.5,2.5,0.5773502691896258,9.988747490485115e-09,2.5495574129415405e-13,-1.0943175254851667e-09,0.9999999989056825,3.552713678800501e-15,1173216583.0767236,3.2514859750968373e-15
1740,11,13,1.5,2.5,0.7071067811865475,8.31525160390163e-09,2.5495574129415405e-13,-1.7198722446210013e-09,0.9999999982801278,0.0,1646522334.7535722,2.751224752507026e-15
1741,11,13,1.5,2.5,0.816496580927726,6.581771740702681e-09,2.5495574129415405e-13,-3.5824605504330975e-09,0.9999999964175394,3.552713678800501e-15,2108495927.301994,4.35339484252912e-14
1743,11,14,1.5,3.0,-1.0,2.1728927047726196e-08,3.8243361194012977e-13,-6.469988989010744e-10,0.9999999993530011,0.0,15523804.230598724,4.919441780123753e-15
1744,11,14,1.5,3.0,-0.816496580927726,2.0708115394115384e-08,3.8243361194012977e-13,-6.747349345914699e-10,0.9999999993252651,0.0,15966805.994147507,5.016265710642993e-15
1745,11,14,1.5,3.0,-0.7071067811865475,2.0074910963358603e-08,3.8243361194012977e-13,-6.956888398690353e-10,0.9999999993043112,-3.552713678800501e-15,16252698.454970038,5.271843140510785e-15
1746,11,14,1.5,3.0,-0.5773502691896258,1.9296891552284086e-08,3.8243361194012977e-13,-7.264091550496232e-10,0.9999999992735908,0.0,16617096.561205748,5.2683284165439495e-15
1747,11,14,1.5,3.0,-0.5,1.8817802821281213e-08,3.8243361194012977e-13,-7.486349318241992e-10,0.9999999992513651,0.0,16850074.204924766,5.084943592686486e-15
1748,11,14,1.5,3.0,-0.3333333333333333,1.774159464307037e-08,3.8243361194012977e-13,-8.103384629976063e-10,0.9999999991896615,0.0,17470369.99530057,4.691164903102105e-15
1749,11,14,1.5,3.0,0.0,1.5364671665734717e-08,3.8243361194012977e-13,-1.0390124316472793e-09,0.9999999989609876,0.0,27962180.08128652,9.325822240407237e-16
1750,11,14,1.5,3.0,0.3333333333333333,1.2545201884092552e-08,3.8243361194012977e-13,-1.6923564771786914e-09,0.9999999983076435,0.0,120454705.7897438,2.4494102551143772e-14
1751,11,14,1.5,3.0,0.5,1.0864463528911279e-08,3.8243361194012977e-13,-2.607041693636347e-09,0.9999999973929583,0.0,240482887.5520396,3.3460289530732102e-15
1752,11,14,1.5,3.0,0.5773502691896258,9.98880609537745e-09,3.8243361194012977e-13,-3.442316653945454e-09,0.9999999965576833,3.552713678800501e-15,319271208.31761074,8.774415705084534e-15
1753,11,14,1.5,3.0,0.7071067811865475,8.315300391740952e-09,3.8243361194012977e-13,-6.6091025985315355e-09,0.9999999933908974,3.552713678800501e-15,488236888.2991389,1.550433829947863e-14
1754,11,14,1.5,3.0,0.816496580927726,6.581810360050188e-09,3.8243361194012977e-13,-1.6038239181170866e-08,0.9999999839617609,0.0,668460112.9128292,2.3718446626779456e-14
1756,11,15,1.5,3.5,-1.0,2.1729054525596844e-08,5.099114825883081e-13,-9.293046332459198e-10,0.9999999990706954,0.0,12574753.815530231,5.036276336132959e-15
1757,11,15,1.5,3.5,-0.816496580927726,2.0708236883405927e-08,5.099114825883081e-13,-1.016953632415607e-09,0.9999999989830464,0.0,12862799.886059465,4.923495322545498e-15
1758,11,15,1.5,3.5,-0.7071067811865475,2.0075028737969053e-08,5.099114825883081e-13,-1.083165557247412e-09,0.9999999989168344,0.0,13045686.758104242,5.1400303116015264e-15
1759,11,15,1.5,3.5,-0.5773502691896258,1.9297004762668282e-08,5.099114825883081e-13,-1.1802647748027084e-09,0.9999999988197352,0.0,13275055.12830715,5.191531775607315e-15
1760,11,15,1.5,3.5,-0.5,1.881791322111123e-08,5.099114825883081e-13,-1.2505019242325943e-09,0.9999999987494981,0.0,13418993.584527858,5.2746515768802905e-15
1761,11,15,1.5,3.5,-0.3333333333333333,1.7741698729384505e-08,5.099114825883081e-13,-1.4455139307756326e-09,0.9999999985544861,0.0,13752575.00895621,4.8758305501802745e-15
1762,11,15,1.5,3.5,0.0,1.5364761808052387e-08,5.099114825883081e-13,-2.1682105000309093e-09,0.9999999978317895,3.552713678800501e-15,15388145.782375995,1.8156623698264928e-15
1763,11,15,1.5,3.5,0.3333333333333333,1.2545275486497963e-08,5.099114825883081e-13,-4.233058348290797e-09,0.9999999957669417,0.0,32379295.537975296,3.79670335029563e-15
1764,11,15,1.5,3.5,0.5,1.0864527271772916e-08,5.099114825883081e-13,-7.1238481780255825e-09,0.9999999928761518,3.552713678800501e-15,61116527.47506041,9.143084004524175e-15
1765,11,15,1.5,3.5,0.5773502691896258,9.988864701552824e-09,5.099114825883081e-13,-9.76367786620358e-09,0.9999999902363221,0.0,82433628.50715418,1.663043171410327e-14
1766,11,15,1.5,3.5,0.7071067811865475,8.31534918124832e-09,5.099114825883081e-13,-1.9772045334320865e-08,0.9999999802279549,0.0,132831997.54612796,5.04812293807661e-15
1767,11,15,1.5,3.5,0.816496580927726,6.581848981640099e-09,5.099114825883081e-13,-4.957208332712071e-08,0.9999999504279179,-3.552713678800501e-15,192063471.21897843,2.482706134470859e-15
1769,11,16,1.5,4.0,-1.0,2.1729182003467486e-08,6.373893532342839e-13,-1.5245369411331922e-09,0.9999999984754631,0.0,10392679.988537306,5.018346012384733e-15
1770,11,16,1.5,4.0,-0.816496580927726,2.070835837276846e-08,6.373893532342839e-13,-1.738523991434704e-09,0.999999998261476,0.0,10588148.7920344,5.1016197815745856e-15
1771,11,16,1.5,4.0,-0.7071067811865475,2.0075146512698044e-08,6.373893532342839e-13,-1.9001760165338055e-09,0.999999998099824,0.0,10710820.430216487,5.043190638815142e-15
1772,11,16,1.5,4.0,-0.5773502691896258,1.9297117973230435e-08,6.373893532342839e-13,-2.1372201786107325e-09,0.9999999978627798,-3.552713678800501e-15,10862985.072431544,5.144014661194855e-15
1773,11,16,1.5,4.0,-0.5,1.8818023621157134e-08,6.373893532342839e-13,-2.3086919043180387e-09,0.9999999976913081,3.552713678800501e-15,10957452.285947513,5.269655584100644e-15
1774,11,16,1.5,4.0,-0.3333333333333333,1.774180281600394e-08,6.373893532342839e-13,-2.784791064414094e-09,0.9999999972152089,0.0,11171780.236973025,5.1685584930378805e-15
1775,11,16,1.5,4.0,0.0,1.536485195089885e-08,6.373893532342839e-13,-4.549146837007356e-09,0.9999999954508532,3.552713678800501e-15,11717568.571689354,4.609890609747037e-15
1776,11,16,1.5,4.0,0.3333333333333333,1.2545349089766904e-08,6.373893532342839e-13,-9.590163330130963e-09,0.9999999904098367,0.0,14599589.94063521,5.996354854473813e-15
1777,11,16,1.5,4.0,0.5,1.086459101575631e-08,6.373893532342839e-13,-1.6647586420504012e-08,0.9999999833524137,0.0,20418534.817762963,3.101590571462508e-15
1778,11,16,1.5,4.0,0.5773502691896258,9.98892330901121e-09,6.373893532342839e-13,-2.30923298261132e-08,0.9999999769076704,-3.552713678800501e-15,25279277.547506697,2.799942187341405e-15
1779,11,16,1.5,4.0,0.7071067811865475,8.315397972423694e-09,6.373893532342839e-13,-4.752624604975608e-08,0.9999999524737551,0.0,38011038.26745057,7.448416975380207e-15
1780,11,16,1.5,4.0,0.816496580927726,6.581887605472372e-09,6.373893532342839e-13,-1.2027853557583512e-07,0.9999998797214716,-7.105427357601002e-15,54595566.46809728,2.9477217895998024e-14
1782,12,12,2.0,2.0,-1.0,2.1728799569855548e-08,0.0,-5.163336425084708e-10,0.9999999994836664,0.0,19646282.169668466,4.930070072471338e-15
1783,12,12,2.0,2.0,-0.816496580927726,2.0707993904752836e-08,0.0,-5.163336425084708e-10,0.9999999994836664,0.0,20365150.23232123,5.3048181537073706e-15
1784,12,12,2.0,2.0,-0.7071067811865475,2.007479318862959e-08,0.0,-5.163336425084708e-10,0.9999999994836664,0.0,20840341.71750838,5.362614033337406e-15
1785,12,12,2.0,2.0,-0.5773502691896258,1.929677834172191e-08,0.0,-5.163336425084708e-10,0.9999999994836664,0.0,21463876.006310582,5.033266993511919e-15
1786,12,12,2.0,2.0,-0.5,1.8817692421235286e-08,0.0,-5.163336425084708e-10,0.9999999994836664,0.0,21906271.5905084,4.761564647182064e-15
1787,12,12,2.0,2.0,-0.3333333333333333,1.7741490556450894e-08,0.0,-5.163336425084708e-10,0.9999999994836664,0.0,24602887.73055035,5.148170878755288e-15
1788,12,12,2.0,2.0,0.0,1.5364581522888196e-08,0.0,-5.163336425084708e-10,0.9999999994836664,0.0,102312085.70219225,9.029939988788236e-15
1789,12,12,2.0,2.0,0.3333333333333333,1.2545128280823525e-08,0.0,-5.163336425084708e-10,0.9999999994836664,0.0,519770213.3927666,1.2384899076311272e-14
1790,12,12,2.0,2.0,0.5,1.0864399784927774e-08,0.0,-5.163336425084708e-10,0.9999999994836664,0.0,931940035.0067604,1.355901047033691e-14
1791,12,12,2.0,2.0,0.5773502691896258,9.988747487918936e-09,0.0,-5.163336425084708e-10,0.9999999994836664,0.0,1173054608.7624073,5.4876402067365386e-15
1792,12,12,2.0,2.0,0.7071067811865475,8.315251600565409e-09,0.0,-5.163336425084708e-10,0.9999999994836664,0.0,1646217598.803064,8.834514547633111e-15
1793,12,12,2.0,2.0,0.816496580927726,6.581771736217691e-09,0.0,-5.163336425084708e-10,0.9999999994836664,0.0,2107908866.249704,3.0538804304168725e-14
1794,12,13,2.0,2.5,-1.0,2.1728927047726196e-08,1.274778706481784e-13,-5.179430218049674e-10,0.999999999482057,0.0,15523642.34706073,5.039480717134184e-15
1795,12,13,2.0,2.5,-0.816496580927726,2.0708115393827376e-08,1.274778706481784e-13,-5.182876350318111e-10,0.9999999994817124,3.552713678800501e-15,15966617.33730917,5.0163249813582135e-15
1796,12,13,2.0,2.5,-0.7071067811865475,2.0074910962884403e-08,1.274778706481784e-13,-5.185505358440423e-10,0.9999999994814495,-3.552713678800501e-15,16252490.24786613,5.271910676942175e-15
1797,12,13,2.0,2.5,-0.5773502691896258,1.9296891551572224e-08,1.274778706481784e-13,-5.189271234939952e-10,0.9999999994810729,0.0,16616860.49996972,5.0442158863610735e-15
1798,12,13,2.0,2.5,-0.5,1.8817802820417637e-08,1.274778706481784e-13,-5.192006824472628e-10,0.9999999994807993,0.0,16849818.329671066,5.08502081080281e-15
1799,12,13,2.0,2.5,-0.3333333333333333,1.774159464184909e-08,1.274778706481784e-13,-5.199645158882049e-10,0.9999999994800355,-3.552713678800501e-15,17470044.11015002,4.691252411809642e-15
1800,12,13,2.0,2.5,0.0,1.5364671663619397e-08,1.274778706481784e-13,-5.227853705491725e-10,0.9999999994772146,3.552713678800501e-15,27959750.20602105,5.32950440688799e-16
1801,12,13,2.0,2.5,0.3333333333333333,1.2545201880638249e-08,1.274778706481784e-13,-5.308535833137284e-10,0.9999999994691464,0.0,120430103.27364656,4.1697974059825836e-14
1802,12,13,2.0,2.5,0.5,1.0864463524424007e-08,1.274778706481784e-13,-5.421476600986352e-10,0.9999999994578523,-3.552713678800501e-15,240420007.152438,2.9750258548623218e-15
1803,12,13,2.0,2.5,0.5773502691896258,9.988806090245126e-09,1.274778706481784e-13,-5.524576351945143e-10,0.9999999994475424,0.0,319175553.7027804,1.4005923405766632e-14
1804,12,13,2.0,2.5,0.7071067811865475,8.315300385068548e-09,1.274778706481784e-13,-5.915552492297138e-10,0.9999999994084448,-3.552713678800501e-15,488038096.5077547,1.1236064066668216e-14
1805,12,13,2.0,2.5,0.816496580927726,6.581810351080262e-09,1.274778706481784e-13,-7.07963465629291e-10,0.9999999992920365,-3.552713678800501e-15,668047937.2936026,2.3554636340097585e-14
1807,12,14,2.0,3.0,-1.0,2.172905452559684e-08,2.5495574129415405e-13,-5.421441073849564e-10,0.9999999994578559,0.0,12574576.78558513,5.036347238855055e-15
1808,12,14,2.0,3.0,-0.816496580927726,2.0708236882973917e-08,2.5495574129415405e-13,-5.476223918776668e-10,0.9999999994523776,0.0,12862595.87163498,5.068384397184422e-15
1809,12,14,2.0,3.0,-0.7071067811865475,2.0075028737257764e-08,2.5495574129415405e-13,-5.517577505997906e-10,0.9999999994482422,3.552713678800501e-15,13045463.316659084,5.140118349547983e-15
1810,12,14,2.0,3.0,-0.5773502691896258,1.9297004761600498e-08,2.5495574129415405e-13,-5.578257855631819e-10,0.9999999994421742,0.0,13274804.413107453,5.331944145323012e-15
1811,12,14,2.0,3.0,-0.5,1.8817913219815875e-08,2.5495574129415405e-13,-5.622169396701793e-10,0.9999999994377831,0.0,13418723.894423634,5.1359481768743545e-15
1812,12,14,2.0,3.0,-0.3333333333333333,1.774169872755259e-08,2.5495574129415405e-13,-5.744098530158226e-10,0.9999999994255901,-3.552713678800501e-15,13752254.467092572,5.011387091946071e-15
1813,12,14,2.0,3.0,0.0,1.5364761804879422e-08,2.5495574129415405e-13,-6.195755020144134e-10,0.9999999993804245,3.552713678800501e-15,15387361.15900604,3.6315099060519016e-15
1814,12,14,2.0,3.0,0.3333333333333333,1.2545275481316535e-08,2.5495574129415405e-13,-7.486278263968416e-10,0.9999999992513722,0.0,32371785.28521976,8.745951457066309e-15
1815,12,14,2.0,3.0,0.5,1.0864527265042045e-08,2.5495574129415405e-13,-9.29301080532241e-10,0.9999999990706989,3.552713678800501e-15,61094210.5922429,1.060985166431915e-14
1816,12,14,2.0,3.0,0.5773502691896258,9.98886469385438e-09,2.5495574129415405e-13,-1.094292656489415e-09,0.9999999989057073,3.552713678800501e-15,82397308.6149375,1.0669869261696136e-14
1817,12,14,2.0,3.0,0.7071067811865475,8.315349171239768e-09,2.5495574129415405e-13,-1.7198154012021405e-09,0.9999999982801846,0.0,132748199.34811418,1.852146853259589e-14
1818,12,14,2.0,3.0,0.816496580927726,6.58184896818529e-09,2.5495574129415405e-13,-3.5823184418859455e-09,0.9999999964176816,0.0,191875409.5363373,2.9976995148697845e-14
1820,12,15,2.0,3.5,-1.0,2.1729182003467486e-08,3.824336119423324e-13,-6.469988989010744e-10,0.9999999993530011,-3.552713678800501e-15,10392502.639521692,5.018431650922068e-15
1821,12,15,2.0,3.5,-0.816496580927726,2.070835837219246e-08,3.824336119423324e-13,-6.747278291641123e-10,0.9999999993252722,0.0,10587946.06827153,5.101717460534431e-15
1822,12,15,2.0,3.5,-0.7071067811865475,2.0075146511749672e-08,3.824336119423324e-13,-6.956781817279989e-10,0.9999999993043218,0.0,10710599.60108898,5.2172013293492255e-15
1823,12,15,2.0,3.5,-0.5773502691896258,1.929711797180674e-08,3.824336119423324e-13,-7.263984969085868e-10,0.9999999992736015,0.0,10862739.043364648,5.31560220637267e-15
1824,12,15,2.0,3.5,-0.5,1.881802361943e-08,3.824336119423324e-13,-7.486242736831628e-10,0.9999999992513757,0.0,10957188.873147022,5.2697822675731205e-15
1825,12,15,2.0,3.5,-0.3333333333333333,1.774180281356141e-08,3.824336119423324e-13,-8.103278048565699e-10,0.9999999991896722,-3.552713678800501e-15,11171471.51892019,5.001969022817675e-15
1826,12,15,2.0,3.5,0.0,1.5364851946668263e-08,3.824336119423324e-13,-1.0389840099378489e-09,0.999999998961016,0.0,11717084.632733343,4.76904931802078e-15
1827,12,15,2.0,3.5,0.3333333333333333,1.2545349082858375e-08,3.824336119423324e-13,-1.6923031864735094e-09,0.9999999983076968,0.0,14597462.639870292,6.6352317625024175e-15
1828,12,15,2.0,3.5,0.5,1.0864591006781869e-08,3.824336119423324e-13,-2.6069457703670196e-09,0.9999999973930542,0.0,20412069.12894531,1.825042956169137e-16
1829,12,15,2.0,3.5,0.5773502691896258,9.988923298746682e-09,3.824336119423324e-13,-3.4421816508256597e-09,0.9999999965578183,0.0,25268274.330028,6.634329722769017e-15
1830,12,15,2.0,3.5,0.7071067811865475,8.315397959079046e-09,3.824336119423324e-13,-6.60882193415091e-09,0.9999999933911781,0.0,37983308.703569,3.511157854249943e-14
1831,12,15,2.0,3.5,0.816496580927726,6.581887587532731e-09,3.824336119423324e-13,-1.603751442758039e-08,0.9999999839624857,0.0,54528425.79131135,1.5030029819643392e-14
1833,12,16,2.0,4.0,-1.0,2.1729309481338137e-08,5.099114825883081e-13,-9.29283316963847e-10,0.9999999990707167,0.0,8732793.953095812,4.9057424991831805e-15
1834,12,16,2.0,4.0,-0.816496580927726,2.0708479861482998e-08,5.099114825883081e-13,-1.0169323161335342e-09,0.9999999989830677,0.0,8870125.969416386,5.0397800139116015e-15
1835,12,16,2.0,4.0,-0.7071067811865475,2.007526428636012e-08,5.099114825883081e-13,-1.0831442409653391e-09,0.9999999989168558,-3.552713678800501e-15,8955569.983448982,5.1996834167824015e-15
1836,12,16,2.0,4.0,-0.5773502691896258,1.9297231182190932e-08,5.099114825883081e-13,-1.1802328003795992e-09,0.9999999988197672,0.0,9060717.970989387,5.1393420344689444e-15
1837,12,16,2.0,4.0,-0.5,1.8818134019260014e-08,5.099114825883081e-13,-1.2504663970958063e-09,0.9999999987495336,3.552713678800501e-15,9125506.247950183,5.306968464449104e-15
1838,12,16,2.0,4.0,-0.3333333333333333,1.774190689987553e-08,5.099114825883081e-13,-1.445471298211487e-09,0.9999999985545287,0.0,9270978.424610948,5.223696104334012e-15
1839,12,16,2.0,4.0,0.0,1.5364942088985904e-08,5.099114825883081e-13,-2.1681358930436545e-09,0.9999999978318641,0.0,9593911.810245788,4.853716570653045e-15
1840,12,16,2.0,4.0,0.3333333333333333,1.254542268526375e-08,5.099114825883081e-13,-4.2328878180342144e-09,0.9999999957671122,-3.552713678800501e-15,10233707.126527932,4.368259031535317e-15
1841,12,16,2.0,4.0,0.5,1.086465474964346e-08,5.099114825883081e-13,-7.123535539221848e-09,0.9999999928764645,-3.552713678800501e-15,11324178.16651493,4.276581767602927e-15
1842,12,16,2.0,4.0,0.5773502691896258,9.988981904922001e-09,5.099114825883081e-13,-9.763244435134766e-09,0.9999999902367556,0.0,12300421.117560148,6.9657515011664434e-15
1843,12,16,2.0,4.0,0.7071067811865475,8.315446748586341e-09,5.099114825883081e-13,-1.977114294504645e-08,0.9999999802288573,0.0,15094001.43294376,4.319105209622939e-15
1844,12,16,2.0,4.0,0.816496580927726,6.581926209122547e-09,5.099114825883081e-13,-4.956977761594317e-08,0.9999999504302236,0.0,19105140.83011448,1.4234189331861117e-14
1846,13,13,2.5,2.5,-1.0,2.1729054525596844e-08,0.0,-5.163336425084708e-10,0.9999999994836664,0.0,12574517.77637622,4.888242318134882e-15
1847,13,13,2.5,2.5,-0.816496580927726,2.0708236882829918e-08,0.0,-5.163336425084708e-10,0.9999999994836664,0.0,12862527.867853452,5.0684111935738085e-15
1848,13,13,2.5,2.5,-0.7071067811865475,2.007502873702067e-08,0.0,-5.163336425084708e-10,0.9999999994836664,0.0,13045388.83740808,5.140147695715393e-15
1849,13,13,2.5,2.5,-0.5773502691896258,1.929700476124458e-08,0.0,-5.163336425084708e-10,0.9999999994836664,0.0,13274720.842921866,5.191662509294325e-15
1850,13,13,2.5,2.5,-0.5,1.881791321938409e-08,0.0,-5.163336425084708e-10,0.9999999994836664,0.0,13418633.999511773,5.2747929240302455e-15
1851,13,13,2.5,2.5,-0.3333333333333333,1.7741698726941957e-08,0.0,-5.163336425084708e-10,0.9999999994836664,0.0,13752147.622386163,4.8759820802941296e-15
1852,13,13,2.5,2.5,0.0,1.5364761803821765e-08,0.0,-5.163336425084708e-10,0.9999999994836664,0.0,15387099.64616979,3.631571625705199e-15
1853,13,13,2.5,2.5,0.3333333333333333,1.2545275479589392e-08,0.0,-5.163336425084708e-10,0.9999999994836664,0.0,32369282.43850416,3.452616200750788e-16
1854,13,13,2.5,2.5,0.5,1.0864527262798424e-08,0.0,-5.163336425084708e-10,0.9999999994836664,0.0,61086773.72957671,1.6099665750030766e-14
1855,13,13,2.5,2.5,0.5773502691896258,9.988864691288236e-09,0.0,-5.163336425084708e-10,0.9999999994836664,0.0,82385205.85566905,5.1910209099028376e-14
1856,13,13,2.5,2.5,0.7071067811865475,8.315349167903591e-09,0.0,-5.163336425084708e-10,0.9999999994836664,0.0,132720278.59084812,3.929622867900094e-15
1857,13,13,2.5,2.5,0.816496580927726,6.5818489637003514e-09,0.0,-5.163336425084708e-10,0.9999999994836664,0.0,191812762.64677724,1.8955377531339242e-14
1858,13,14,2.5,3.0,-1.0,2.1729182003467486e-08,1.2747787064597572e-13,-5.179465745186462e-10,0.9999999994820534,0.0,10392413.966716176,5.018474470464785e-15
1859,13,14,2.5,3.0,-0.816496580927726,2.0708358371904454e-08,1.2747787064597572e-13,-5.182911877454899e-10,0.9999999994817088,0.0,10587844.708587589,4.925843324483753e-15
1860,13,14,2.5,3.0,-0.7071067811865475,2.0075146511275482e-08,1.2747787064597572e-13,-5.185469831303635e-10,0.999999999481453,0.0,10710489.189114291,5.217255112280233e-15
1861,13,14,2.5,3.0,-0.5773502691896258,1.929711797109489e-08,1.2747787064597572e-13,-5.189235707803164e-10,0.9999999994810764,0.0,10862616.032018552,5.3156624017602986e-15
1862,13,14,2.5,3.0,-0.5,1.881802361856644e-08,1.2747787064597572e-13,-5.192006824472628e-10,0.9999999994807993,0.0,10957057.170383196,5.269845609844553e-15
1863,13,14,2.5,3.0,-0.3333333333333333,1.774180281234014e-08,1.2747787064597572e-13,-5.199645158882049e-10,0.9999999994800355,0.0,11171317.164845835,5.002038135016986e-15
1864,13,14,2.5,3.0,0.0,1.5364851944552963e-08,1.2747787064597572e-13,-5.227889232628513e-10,0.9999999994772111,-3.552713678800501e-15,11716842.679717898,4.610176205677133e-15
1865,13,14,2.5,3.0,0.3333333333333333,1.2545349079404109e-08,1.2747787064597572e-13,-5.308535833137284e-10,0.9999999994691464,0.0,14596399.303018002,7.656594385626997e-16
1866,13,14,2.5,3.0,0.5,1.0864591002294646e-08,1.2747787064597572e-13,-5.421441073849564e-10,0.9999999994578559,0.0,20408837.66211604,5.658528974763067e-15
1867,13,14,2.5,3.0,0.5773502691896258,9.988923293614417e-09,1.2747787064597572e-13,-5.524505297671567e-10,0.9999999994475495,3.552713678800501e-15,25262775.46927094,1.1207084630407636e-14
1868,13,14,2.5,3.0,0.7071067811865475,8.315397952406719e-09,1.2747787064597572e-13,-5.91551696516035e-10,0.9999999994084483,-3.552713678800501e-15,37969453.5008918,3.9245129492047263e-16
1869,13,14,2.5,3.0,0.816496580927726,6.581887578562912e-09,1.2747787064597572e-13,-7.079528074882546e-10,0.9999999992920472,3.552713678800501e-15,54494890.75351617,3.8555242505866535e-14
1871,13,15,2.5,3.5,-1.0,2.1729309481338137e-08,2.5495574129415405e-13,-5.421441073849564e-10,0.9999999994578559,-3.552713678800501e-15,8732691.498260485,4.905800054982559e-15
1872,13,15,2.5,3.5,-0.816496580927726,2.0708479861050998e-08,2.5495574129415405e-13,-5.476223918776668e-10,0.9999999994523776,-3.552713678800501e-15,8870009.571347276,5.039846149202397e-15
1873,13,15,2.5,3.5,-0.7071067811865475,2.0075264285648843e-08,2.5495574129415405e-13,-5.517613033134694e-10,0.9999999994482387,-3.552713678800501e-15,8955443.695042865,4.991766472306428e-15
1874,13,15,2.5,3.5,-0.5773502691896258,1.9297231181123164e-08,2.5495574129415405e-13,-5.578293382768607e-10,0.9999999994421707,-3.552713678800501e-15,9060577.991408672,5.139421433701954e-15
1875,13,15,2.5,3.5,-0.5,1.8818134017964675e-08,2.5495574129415405e-13,-5.622169396701793e-10,0.9999999994377831,0.0,9125356.871535797,5.307055336220986e-15
1876,13,15,2.5,3.5,-0.3333333333333333,1.774190689804364e-08,2.5495574129415405e-13,-5.744063003021438e-10,0.9999999994255937,-3.552713678800501e-15,9270804.742687764,5.223793966559645e-15
1877,13,15,2.5,3.5,0.0,1.536494208581298e-08,2.5495574129415405e-13,-6.195719493007346e-10,0.999999999380428,0.0,9593661.272193149,4.853843325253105e-15
1878,13,15,2.5,3.5,0.3333333333333333,1.2545422680082384e-08,2.5495574129415405e-13,-7.486171682558052e-10,0.9999999992513828,0.0,10233170.35400824,4.368488164963757e-15
1879,13,15,2.5,3.5,0.5,1.0864654742912667e-08,2.5495574129415405e-13,-9.29283316963847e-10,0.9999999990707167,0.0,11322959.294700824,3.2900324036361767e-16
1880,13,15,2.5,3.5,0.5773502691896258,9.98898189722365e-09,2.5495574129415405e-13,-1.0942642347799847e-09,0.9999999989057358,0.0,12298448.610374495,2.12035134799326e-15
1881,13,15,2.5,3.5,0.7071067811865475,8.315446738577911e-09,2.5495574129415405e-13,-1.7197585577832797e-09,0.9999999982802414,0.0,15089052.387871262,4.814295752488649e-15
1882,13,15,2.5,3.5,0.816496580927726,6.5819261956678974e-09,2.5495574129415405e-13,-3.5821727806251147e-09,0.9999999964178272,-3.552713678800501e-15,19092692.355134267,6.243712899858482e-15
1884,13,16,2.5,4.0,-1.0,2.1729436959208785e-08,3.8243361194012977e-13,-6.46988240760038e-10,0.9999999993530118,0.0,7441002.062391704,4.881275412296969e-15
1885,13,16,2.5,4.0,-0.816496580927726,2.070860135026953e-08,3.8243361194012977e-13,-6.747242764504335e-10,0.9999999993252757,-3.552713678800501e-15,7540331.795079753,5.063998056975522e-15
1886,13,16,2.5,4.0,-0.7071067811865475,2.007538206014074e-08,3.8243361194012977e-13,-6.956746290143201e-10,0.9999999993043254,-3.552713678800501e-15,7601724.734587595,4.900585628300861e-15
1887,13,16,2.5,4.0,-0.5773502691896258,1.9297344391329395e-08,3.8243361194012977e-13,-7.263913914812292e-10,0.9999999992736086,0.0,7676827.574017142,5.216591140330874e-15
1888,13,16,2.5,4.0,-0.5,1.8818244417578794e-08,3.8243361194012977e-13,-7.486136155421264e-10,0.9999999992513864,0.0,7722847.749709938,5.185505658838049e-15
1889,13,16,2.5,4.0,-0.3333333333333333,1.7742010984052445e-08,3.8243361194012977e-13,-8.103100412881759e-10,0.99999999918969,-3.552713678800501e-15,7825430.697949963,5.355553895413785e-15
1890,13,16,2.5,4.0,0.0,1.5365032227601805e-08,3.8243361194012977e-13,-1.038962693655776e-09,0.9999999989610373,0.0,8046756.368479377,5.092510746765016e-15
1891,13,16,2.5,4.0,0.3333333333333333,1.2545496281624196e-08,3.8243361194012977e-13,-1.6922427903409698e-09,0.9999999983077572,0.0,8320755.911602763,4.812888532473687e-15
1892,13,16,2.5,4.0,0.5,1.0864718484652457e-08,3.8243361194012977e-13,-2.606846294384013e-09,0.9999999973931537,0.0,8575151.633661425,4.1270707909659705e-15
1893,13,16,2.5,4.0,0.5773502691896258,9.98904050211591e-09,3.8243361194012977e-13,-3.4420466477058653e-09,0.9999999965579534,0.0,8777988.080347836,2.5463399569671977e-15
1894,13,16,2.5,4.0,0.7071067811865475,8.315495526417136e-09,3.8243361194012977e-13,-6.608530611629249e-09,0.9999999933914694,0.0,9359814.601394154,2.3880539030593804e-15
1895,13,16,2.5,4.0,0.816496580927726,6.581964815015273e-09,3.8243361194012977e-13,-1.6036786121276236e-08,0.999999983963214,0.0,10240040.01210858,3.092269903192104e-15
1897,14,14,3.0,3.0,-1.0,2.1729309481338137e-08,0.0,-5.163336425084708e-10,0.9999999994836664,0.0,8732657.347082892,4.905819240305222e-15
1898,14,14,3.0,3.0,-0.816496580927726,2.0708479860906993e-08,0.0,-5.163336425084708e-10,0.9999999994836664,0.0,8869970.772537388,5.039868194374542e-15
1899,14,14,3.0,3.0,-0.7071067811865475,2.0075264285411746e-08,0.0,-5.163336425084708e-10,0.9999999994836664,0.0,8955401.599541731,4.991789936459192e-15
1900,14,14,3.0,3.0,-0.5773502691896258,1.9297231180767242e-08,0.0,-5.163336425084708e-10,0.9999999994836664,0.0,9060531.332315292,5.1394479002231545e-15
1901,14,14,3.0,3.0,-0.5,1.881813401753289e-08,0.0,-5.163336425084708e-10,0.9999999994836664,0.0,9125307.080263063,5.307084293607003e-15
1902,14,14,3.0,3.0,-0.3333333333333333,1.774190689743301e-08,0.0,-5.163336425084708e-10,0.9999999994836664,0.0,9270746.84986222,5.223826587469016e-15
1903,14,14,3.0,3.0,0.0,1.5364942084755338e-08,0.0,-5.163336425084708e-10,0.9999999994836664,0.0,9593577.761938415,5.048041000109606e-15
1904,14,14,3.0,3.0,0.3333333333333333,1.254542267835526e-08,0.0,-5.16330089794792e-10,0.9999999994836699,0.0,10232991.449038137,4.186541017420561e-15
1905,14,14,3.0,3.0,0.5,1.0864654740669068e-08,0.0,-5.163336425084708e-10,0.9999999994836664,0.0,11322553.093577104,4.4417030870682724e-15
1906,14,14,3.0,3.0,0.5773502691896258,9.988981894657532e-09,0.0,-5.163336425084708e-10,0.9999999994836664,0.0,12297791.297519123,1.5146176286197953e-15
1907,14,14,3.0,3.0,0.7071067811865475,8.315446735241767e-09,0.0,-5.163336425084708e-10,0.9999999994836664,0.0,15087403.442974985,6.543219532928109e-15
1908,14,14,3.0,3.0,0.816496580927726,6.581926191183015e-09,0.0,-5.163336425084708e-10,0.9999999994836664,0.0,19088545.83223146,1.1319187915611523e-14
1909,14,15,3.0,3.5,-1.0,2.1729436959208785e-08,1.274778706481784e-13,-5.179465745186462e-10,0.9999999994820534,0.0,7440948.339180474,5.006472466481615e-15
1910,14,15,3.0,3.5,-0.816496580927726,2.070860134998153e-08,1.274778706481784e-13,-5.182911877454899e-10,0.9999999994817088,-3.552713678800501e-15,7540271.048678389,5.064038853872145e-15
1911,14,15,3.0,3.5,-0.7071067811865475,2.007538205966656e-08,1.274778706481784e-13,-5.185469831303635e-10,0.999999999481453,3.552713678800501e-15,7601659.026341497,5.0231436883603305e-15
1912,14,15,3.0,3.5,-0.5773502691896258,1.9297344390617553e-08,1.274778706481784e-13,-5.189271234939952e-10,0.9999999994810729,0.0,7676755.021686493,5.095323222292545e-15
1913,14,15,3.0,3.5,-0.5,1.8818244416715234e-08,1.274778706481784e-13,-5.192042351609416e-10,0.9999999994807958,-3.552713678800501e-15,7722770.515236394,5.18555751843932e-15
1914,14,15,3.0,3.5,-0.3333333333333333,1.7742010982831193e-08,1.274778706481784e-13,-5.199609631745261e-10,0.999999999480039,3.552713678800501e-15,7825341.405050421,5.236601339416835e-15
1915,14,15,3.0,3.5,0.0,1.5365032225486532e-08,1.274778706481784e-13,-5.227853705491725e-10,0.9999999994772146,0.0,8046630.039503876,4.976849999547725e-15
1916,14,15,3.0,3.5,0.3333333333333333,1.2545496278169971e-08,1.274778706481784e-13,-5.308535833137284e-10,0.9999999994691464,-3.552713678800501e-15,8320544.397340253,4.81301087958463e-15
1917,14,15,3.0,3.5,0.5,1.0864718480165289e-08,1.274778706481784e-13,-5.421441073849564e-10,0.9999999994578559,0.0,8574812.90127104,4.127233823392497e-15
1918,14,15,3.0,3.5,0.5773502691896258,9.989040496983708e-09,1.274778706481784e-13,-5.524505297671567e-10,0.9999999994475495,0.0,8777522.503989797,4.031918781102714e-15
1919,14,15,3.0,3.5,0.7071067811865475,8.315495519744888e-09,1.274778706481784e-13,-5.915410383749986e-10,0.999999999408459,3.552713678800501e-15,9358858.064468592,1.5921986519296318e-15
1920,14,15,3.0,3.5,0.816496580927726,6.58196480604556e-09,1.274778706481784e-13,-7.079421493472182e-10,0.9999999992920579,3.552713678800501e-15,10237825.262092652,3.092938854325965e-15
1922,14,16,3.0,4.0,-1.0,2.172956443707943e-08,2.5495574129415405e-13,-5.421405546712776e-10,0.9999999994578594,3.552713678800501e-15,6415997.741414208,5.0804709454833604e-15
1923,14,16,3.0,4.0,-0.816496580927726,2.070872283912807e-08,2.5495574129415405e-13,-5.47618839163988e-10,0.9999999994523812,3.552713678800501e-15,6489628.850229511,5.022828094458584e-15
1924,14,16,3.0,4.0,-0.7071067811865475,2.0075499834039918e-08,2.5495574129415405e-13,-5.517577505997906e-10,0.9999999994482422,0.0,6534903.442888252,4.98802934066537e-15
1925,14,16,3.0,4.0,-0.5773502691896258,1.9297457600645824e-08,2.5495574129415405e-13,-5.578257855631819e-10,0.9999999994421742,0.0,6590035.497888218,4.946299624939389e-15
1926,14,16,3.0,4.0,-0.5,1.8818354816113466e-08,2.5495574129415405e-13,-5.622133869565005e-10,0.9999999994377866,3.552713678800501e-15,6623676.462352131,5.202388047881193e-15
1927,14,16,3.0,4.0,-0.3333333333333333,1.774211506853468e-08,2.5495574129415405e-13,-5.743991948747862e-10,0.9999999994256008,3.552713678800501e-15,6698260.564184628,5.283499722990576e-15
1928,14,16,3.0,4.0,0.0,1.536512236674654e-08,2.5495574129415405e-13,-6.195683965870558e-10,0.9999999993804316,-3.552713678800501e-15,6857003.694315435,5.297004643604732e-15
1929,14,16,3.0,4.0,0.3333333333333333,1.2545569878848228e-08,2.5495574129415405e-13,-7.486065101147688e-10,0.9999999992513935,0.0,7033051.224330294,4.899571204822837e-15
1930,14,16,3.0,4.0,0.5,1.0864782220783287e-08,2.5495574129415405e-13,-9.292620006817742e-10,0.999999999070738,3.552713678800501e-15,7140116.13148001,4.8261029129269946e-15
1931,14,16,3.0,4.0,0.5773502691896258,9.989099100592918e-09,2.5495574129415405e-13,-1.0942358130705543e-09,0.9999999989057642,3.552713678800501e-15,7203364.17111321,4.783728052922724e-15
1932,14,16,3.0,4.0,0.7071067811865475,8.315544305916049e-09,2.5495574129415405e-13,-1.7197017143644189e-09,0.9999999982802983,0.0,7352707.316789544,4.6865642512503416e-15
1933,14,16,3.0,4.0,0.816496580927726,6.5820034231505065e-09,2.5495574129415405e-13,-3.5820306720779627e-09,0.9999999964179693,-3.552713678800501e-15,7556620.347417278,4.436852871352255e-15
1935,15,15,3.5,3.5,-1.0,2.172956443707943e-08,0.0,-5.163336425084708e-10,0.9999999994836664,0.0,6415976.234168449,4.935331176617154e-15
1936,15,15,3.5,3.5,-0.816496580927726,2.070872283898407e-08,0.0,-5.163336425084708e-10,0.9999999994836664,0.0,6489604.621893656,5.022846846720565e-15
1937,15,15,3.5,3.5,-0.7071067811865475,2.0075499833802828e-08,0.0,-5.163336425084708e-10,0.9999999994836664,0.0,6534877.297488463,4.988049297278989e-15
1938,15,15,3.5,3.5,-0.5773502691896258,1.9297457600289905e-08,0.0,-5.163336425084708e-10,0.9999999994836664,0.0,6590006.714666452,5.087644692613064e-15
1939,15,15,3.5,3.5,-0.5,1.8818354815681694e-08,0.0,-5.163336425084708e-10,0.9999999994836664,0.0,6623645.878475962,5.06180633767088e-15
1940,15,15,3.5,3.5,-0.3333333333333333,1.7742115067924063e-08,0.0,-5.163336425084708e-10,0.9999999994836664,0.0,6698225.355837049,5.283527495017464e-15
1941,15,15,3.5,3.5,0.0,1.536512236568891e-08,0.0,-5.163336425084708e-10,0.9999999994836664,0.0,6856954.392455176,5.297042729344812e-15
1942,15,15,3.5,3.5,0.3333333333333333,1.2545569877121128e-08,0.0,-5.163336425084708e-10,0.9999999994836664,0.0,7032972.7859998485,5.032048169706787e-15
1943,15,15,3.5,3.5,0.5,1.0864782218539717e-08,0.0,-5.163336425084708e-10,0.9999999994836664,0.0,7140005.629558431,4.826177603854886e-15
1944,15,15,3.5,3.5,0.5773502691896258,9.989099098026831e-09,0.0,-5.163336425084708e-10,0.9999999994836664,0.0,7203227.4303920325,4.654526461943532e-15
1945,15,15,3.5,3.5,0.7071067811865475,8.315544302579948e-09,0.0,-5.163336425084708e-10,0.9999999994836664,0.0,7352483.150825393,3.926700574599584e-15
1946,15,15,3.5,3.5,0.816496580927726,6.5820034186656755e-09,0.0,-5.163336425084708e-10,0.9999999994836664,0.0,7556193.0157884145,3.574333610512042e-15
1947,15,16,3.5,4.0,-1.0,2.1729691914950075e-08,1.2747787064597572e-13,-5.179465745186462e-10,0.9999999994820534,0.0,5589071.632957885,4.998983565304197e-15
1948,15,16,3.5,4.0,-0.816496580927726,2.070884432805861e-08,1.2747787064597572e-13,-5.182876350318111e-10,0.9999999994817124,3.552713678800501e-15,5644815.839395433,4.94961714135509e-15
1949,15,16,3.5,4.0,-0.7071067811865475,2.0075617608057637e-08,1.2747787064597572e-13,-5.185434304166847e-10,0.9999999994814566,0.0,5678950.947171493,4.919865922134832e-15
1950,15,16,3.5,4.0,-0.5773502691896258,1.9297570810140216e-08,1.2747787064597572e-13,-5.189271234939952e-10,0.9999999994810729,0.0,5720368.429835973,5.047052504956868e-15
1951,15,16,3.5,4.0,-0.5,1.8818465214864038e-08,1.2747787064597572e-13,-5.192042351609416e-10,0.9999999994807958,-3.552713678800501e-15,5745558.016799749,5.187019659457738e-15
1952,15,16,3.5,4.0,-0.3333333333333333,1.7742219153322242e-08,1.2747787064597572e-13,-5.199645158882049e-10,0.9999999994800355,0.0,5801173.038972472,5.137292438526196e-15
1953,15,16,3.5,4.0,0.0,1.53652125064201e-08,1.2747787064597572e-13,-5.227853705491725e-10,0.9999999994772146,0.0,5918403.816056999,5.192894219033938e-15
1954,15,16,3.5,4.0,0.3333333333333333,1.2545643476935836e-08,1.2747787064597572e-13,-5.308500306000496e-10,0.99999999946915,0.0,6045001.664623661,5.084141687200702e-15
1955,15,16,3.5,4.0,0.5,1.0864845958035929e-08,1.2747787064597572e-13,-5.421405546712776e-10,0.9999999994578594,0.0,6113516.487513053,5.027163176068096e-15
1956,15,16,3.5,4.0,0.5773502691896258,9.989157700352996e-09,1.2747787064597572e-13,-5.524505297671567e-10,0.9999999994475495,3.552713678800501e-15,6147753.603006186,4.8476767795511986e-15
1957,15,16,3.5,4.0,0.7071067811865475,8.31559308708306e-09,1.2747787064597572e-13,-5.915410383749986e-10,0.999999999408459,0.0,6212563.06026877,4.797105815841167e-15
1958,15,16,3.5,4.0,0.816496580927726,6.5820420335282085e-09,1.2747787064597572e-13,-7.079350439198606e-10,0.999999999292065,0.0,6281223.450651543,4.5963975075723626e-15
1960,16,16,4.0,4.0,-1.0,2.1729819392820723e-08,0.0,-5.163336425084708e-10,0.9999999994836664,0.0,4912289.649206054,5.118938684465009e-15
1961,16,16,4.0,4.0,-0.816496580927726,2.070896581706115e-08,0.0,-5.163336425084708e-10,0.9999999994836664,0.0,4955271.19948197,4.886591664757691e-15
1962,16,16,4.0,4.0,-0.7071067811865475,2.0075735382193904e-08,0.0,-5.163336425084708e-10,0.9999999994836664,0.0,4981503.169814324,5.047815620592123e-15
1963,16,16,4.0,4.0,-0.5773502691896258,1.929768401981257e-08,0.0,-5.163336425084708e-10,0.9999999994836664,0.0,5013239.349447347,5.015860556785495e-15
1964,16,16,4.0,4.0,-0.5,1.8818575613830495e-08,0.0,-5.16330089794792e-10,0.9999999994836699,0.0,5032490.398709453,4.811611155028146e-15
1965,16,16,4.0,4.0,-0.3333333333333333,1.7742323238415116e-08,0.0,-5.163336425084708e-10,0.9999999994836664,0.0,5074854.80799624,5.1384784542298415e-15
1966,16,16,4.0,4.0,0.0,1.536530264662248e-08,0.0,-5.163336425084708e-10,0.9999999994836664,0.0,5163493.461428622,5.411002734325934e-15
1967,16,16,4.0,4.0,0.3333333333333333,1.2545717075886996e-08,0.0,-5.163336425084708e-10,0.9999999994836664,0.0,5258011.570636525,5.1366099714724085e-15
1968,16,16,4.0,4.0,0.5,1.0864909696410363e-08,0.0,-5.163336425084708e-10,0.9999999994836664,0.0,5307871.4569280185,5.088358842713991e-15
1969,16,16,4.0,4.0,0.5773502691896258,9.989216301396127e-09,0.0,-5.163336425084708e-10,0.9999999994836664,0.0,5331778.232814421,5.065543517475277e-15
1970,16,16,4.0,4.0,0.7071067811865475,8.315641869918126e-09,0.0,-5.163336425084708e-10,0.9999999994836664,0.0,5373532.382774617,4.8528659048982135e-15
1971,16,16,4.0,4.0,0.816496580927726,6.5820806461483376e-09,0.0,-5.163336425084708e-10,0.9999999994836664,0.0,5411444.8096244605,4.818866865805303e-15
