x_Doppler,nu_Hz,Voigt_H,phi_Hz^-1,sigma_Voigt_m2,sigma_Voigt_cm2,Lee_first_order_factor,sigma_Lee1_m2,rate_at_250cm^-3_s^-1
-30.0,2464331322146857.5,5.40921931469717e-07,5.2732121243780805e-18,5.8247361841269426e-24,5.824736184126942e-20,1.0012617902630256,5.832085779528767e-24,4.365529944602392e-07
-29.975,2464332768999895.0,5.41826109047032e-07,5.282026557452247e-18,5.834472516756595e-24,5.834472516756595e-20,1.0012607387711399,5.84182826246762e-24,4.3728271423297647e-07
-29.95,2464334215852933.0,5.427325568607357e-07,5.290863122071379e-18,5.844233295664481e-24,5.84423329566448e-20,1.0012596872792539,5.851595202004021e-24,4.3801426620817386e-07
-29.925,2464335662705970.5,5.436412825217174e-07,5.299721892430722e-18,5.854018602805907e-24,5.854018602805907e-20,1.001258635787368,5.861386680119317e-24,4.3874765652822716e-07
-29.9,2464337109559008.5,5.445522936728067e-07,5.308602943036888e-18,5.863828520480118e-24,5.863828520480118e-20,1.0012575842954823,5.871202779138875e-24,4.394828913613095e-07
-29.875,2464338556412046.5,5.454655979889318e-07,5.317506348709408e-18,5.873663131332001e-24,5.873663131332001e-20,1.0012565328035963,5.881043581733793e-24,4.402199769014993e-07
-29.85,2464340003265084.0,5.463812031772831e-07,5.326432184582321e-18,5.8835225183538465e-24,5.883522518353846e-20,1.0012554813117105,5.8909091709226674e-24,4.4095891936891244e-07
-29.825,2464341450118122.0,5.47299116977477e-07,5.335380526105773e-18,5.893406764887116e-24,5.893406764887116e-20,1.0012544298198247,5.900799630073347e-24,4.4169972500983416e-07
-29.8,2464342896971160.0,5.482193471617171e-07,5.344351449047589e-18,5.903315954624173e-24,5.903315954624173e-20,1.0012533783279387,5.910715042904674e-24,4.4244240009684933e-07
-29.775,2464344343824197.5,5.49141901534962e-07,5.35334502949491e-18,5.9132501716100945e-24,5.913250171610095e-20,1.001252326836053,5.9206554934882965e-24,4.43186950928978e-07
-29.75,2464345790677235.5,5.50066787935089e-07,5.362361343855784e-18,5.923209500244431e-24,5.923209500244431e-20,1.0012512753441671,5.930621066250423e-24,4.439333838318074e-07
-29.725,2464347237530273.0,5.509940142330626e-07,5.371400468860813e-18,5.933194025283019e-24,5.933194025283018e-20,1.0012502238522811,5.940611845973639e-24,4.4468170515762756e-07
-29.7,2464348684383311.0,5.519235883331013e-07,5.380462481564779e-18,5.943203831839783e-24,5.943203831839783e-20,1.0012491723603953,5.950627917798713e-24,4.454319212855668e-07
-29.675,2464350131236349.0,5.528555181728464e-07,5.389547459348285e-18,5.953239005388546e-24,5.953239005388546e-20,1.0012481208685096,5.9606693672263965e-24,4.4618403862172687e-07
-29.65,2464351578089386.5,5.53789811723533e-07,5.3986554799194276e-18,5.9632996317648774e-24,5.963299631764878e-20,1.0012470693766236,5.970736280119282e-24,4.469380635993219e-07
-29.625,2464353024942424.5,5.547264769901588e-07,5.407786621315442e-18,5.9733857971679085e-24,5.973385797167908e-20,1.0012460178847378,5.9808287427036184e-24,4.476940026788142e-07
-29.6,2464354471795462.5,5.556655220116583e-07,5.416940961904395e-18,5.9834975881622034e-24,5.983497588162203e-20,1.001244966392852,5.9909468415711766e-24,4.484518623480547e-07
-29.575,2464355918648500.0,5.566069548610739e-07,5.4261185803868585e-18,5.993635091679611e-24,5.993635091679611e-20,1.0012439149009662,6.001090663681105e-24,4.492116491224215e-07
-29.55,2464357365501538.0,5.575507836457312e-07,5.4353195557976144e-18,6.0037983950211414e-24,6.003798395021141e-20,1.0012428634090802,6.011260296361808e-24,4.499733695449607e-07
-29.525,2464358812354575.5,5.58497016507412e-07,5.444543967507347e-18,6.0139875858588416e-24,6.013987585858841e-20,1.0012418119171944,6.0214558273128205e-24,4.5073703018652703e-07
-29.5,2464360259207613.5,5.594456616225327e-07,5.453791895224374e-18,6.024202752237705e-24,6.024202752237705e-20,1.0012407604253086,6.0316773446067165e-24,4.5150263764592665e-07
-29.475,2464361706060651.5,5.603967272023197e-07,5.4630634189963625e-18,6.034443982577564e-24,6.034443982577564e-20,1.0012397089334226,6.041924936691004e-24,4.5227019855005927e-07
-29.45,2464363152913689.0,5.613502214929879e-07,5.472358619212067e-18,6.0447113656750165e-24,6.044711365675017e-20,1.0012386574415368,6.052198692390052e-24,4.530397195540625e-07
-29.425,2464364599766727.0,5.623061527759195e-07,5.481677576603074e-18,6.0550049907053456e-24,6.055004990705346e-20,1.001237605949651,6.0624987009070094e-24,4.5381120734145565e-07
-29.4,2464366046619765.0,5.632645293678459e-07,5.491020372245571e-18,6.065324947224481e-24,6.065324947224481e-20,1.001236554457765,6.072825051825765e-24,4.5458466862428687e-07
-29.375,2464367493472802.5,5.642253596210263e-07,5.500387087562093e-18,6.0756713251709195e-24,6.07567132517092e-20,1.0012355029658793,6.083177835112876e-24,4.553601101432768e-07
-29.35,2464368940325840.5,5.651886519234326e-07,5.509777804323322e-18,6.086044214867723e-24,6.086044214867723e-20,1.0012344514739935,6.093557141119556e-24,4.5613753866796867e-07
-29.325,2464370387178878.5,5.661544146989313e-07,5.5191926046498606e-18,6.096443707024467e-24,6.096443707024468e-20,1.0012333999821075,6.1039630605836305e-24,4.569169609968742e-07
-29.3,2464371834031916.0,5.671226564074692e-07,5.5286315710140414e-18,6.106869892739248e-24,6.106869892739248e-20,1.0012323484902217,6.114395684631546e-24,4.576983839576239e-07
-29.275,2464373280884954.0,5.680933855452578e-07,5.538094786241729e-18,6.117322863500669e-24,6.117322863500669e-20,1.001231296998336,6.124855104780348e-24,4.58481814407116e-07
-29.25,2464374727737991.5,5.690666106449616e-07,5.5475823335141474e-18,6.127802711189859e-24,6.127802711189858e-20,1.00123024550645,6.135341412939712e-24,4.59267259231668e-07
-29.225,2464376174591029.5,5.700423402758849e-07,5.5570942963697105e-18,6.1383095280824945e-24,6.138309528082495e-20,1.0012291940145641,6.145854701413955e-24,4.6005472534716776e-07
-29.2,2464377621444067.5,5.710205830441618e-07,5.566630758705869e-18,6.1488434068508434e-24,6.148843406850843e-20,1.0012281425226783,6.1563950629040875e-24,4.608442196992271e-07
-29.175,2464379068297105.0,5.72001347592945e-07,5.57619180478095e-18,6.159404440565791e-24,6.159404440565791e-20,1.0012270910307923,6.166962590509832e-24,4.6163574926333337e-07
-29.15,2464380515150143.0,5.729846426025994e-07,5.585777519216048e-18,6.169992722698934e-24,6.169992722698934e-20,1.0012260395389065,6.1775573777317285e-24,4.624293210450064e-07
-29.125,2464381962003181.0,5.739704767908919e-07,5.5953879869968706e-18,6.180608347124614e-24,6.180608347124614e-20,1.0012249880470208,6.188179518473159e-24,4.6322494207995136e-07
-29.1,2464383408856218.5,5.749588589131878e-07,5.6050232934756595e-18,6.191251408122047e-24,6.191251408122047e-20,1.0012239365551348,6.198829107042477e-24,4.640226194342174e-07
-29.075,2464384855709256.5,5.759497977626438e-07,5.6146835243730666e-18,6.201922000377386e-24,6.201922000377385e-20,1.001222885063249,6.209506238155082e-24,4.6482236020435336e-07
-29.05,2464386302562294.0,5.76943302170404e-07,5.624368765780065e-18,6.2126202189858395e-24,6.212620218985839e-20,1.0012218335713632,6.220211006935526e-24,4.6562417151756577e-07
-29.025,2464387749415332.0,5.779393810057992e-07,5.634079104159896e-18,6.2233461594538215e-24,6.223346159453822e-20,1.0012207820794774,6.230943508919667e-24,4.664280605318803e-07
-29.0,2464389196268370.0,5.789380431765424e-07,5.643814626349969e-18,6.234099917701045e-24,6.234099917701045e-20,1.0012197305875914,6.241703840056766e-24,4.6723403443629847e-07
-28.975,2464390643121407.5,5.799392976289307e-07,5.6535754195638364e-18,6.244881590062708e-24,6.244881590062707e-20,1.0012186790957056,6.252492096711674e-24,4.6804210045096187e-07
-28.95,2464392089974445.5,5.809431533480454e-07,5.663361571393138e-18,6.2556912732916405e-24,6.25569127329164e-20,1.0012176276038198,6.263308375666975e-24,4.688522658273127e-07
-28.925,2464393536827483.5,5.81949619357953e-07,5.673173169809566e-18,6.266529064560474e-24,6.266529064560474e-20,1.0012165761119338,6.2741527741251574e-24,4.696645378482563e-07
-28.9,2464394983680521.0,5.82958704721911e-07,5.683010303166866e-18,6.277395061463852e-24,6.277395061463852e-20,1.001215524620048,6.285025389710829e-24,4.704789238283273e-07
-28.875,2464396430533559.0,5.839704185425697e-07,5.6928730602028075e-18,6.288289362020607e-24,6.288289362020607e-20,1.0012144731281623,6.2959263204728894e-24,4.712954311138524e-07
-28.85,2464397877386596.5,5.849847699621797e-07,5.702761530041208e-18,6.299212064675997e-24,6.299212064675997e-20,1.0012134216362762,6.306855664886767e-24,4.72114067083118e-07
-28.825,2464399324239634.5,5.860017681627983e-07,5.7126758021939406e-18,6.3101632683039214e-24,6.310163268303922e-20,1.0012123701443905,6.3178135218566425e-24,4.729348391465365e-07
-28.8,2464400771092672.5,5.870214223664978e-07,5.7226159665629686e-18,6.321143072209169e-24,6.321143072209169e-20,1.0012113186525047,6.328799990717687e-24,4.737577547468146e-07
-28.775,2464402217945710.0,5.880437418355756e-07,5.732582113442393e-18,6.332151576129681e-24,6.332151576129681e-20,1.0012102671606187,6.339815171238331e-24,4.7458282135912283e-07
-28.75,2464403664798748.0,5.890687358727642e-07,5.742574333520496e-18,6.343188880238807e-24,6.343188880238807e-20,1.0012092156687329,6.350859163622524e-24,4.7541004649126487e-07
-28.725,2464405111651786.0,5.900964138214442e-07,5.752592717881824e-18,6.354255085147603e-24,6.354255085147602e-20,1.001208164176847,6.361932068512027e-24,4.7623943768384983e-07
-28.7,2464406558504823.5,5.911267850658571e-07,5.762637358009256e-18,6.365350291907124e-24,6.365350291907124e-20,1.001207112684961,6.373033986988706e-24,4.770710025104636e-07
-28.675,2464408005357861.5,5.921598590313203e-07,5.772708345786103e-18,6.376474602010734e-24,6.376474602010734e-20,1.0012060611930753,6.38416502057685e-24,4.779047485778425e-07
-28.65,2464409452210899.0,5.931956451844433e-07,5.782805773498214e-18,6.38762811739644e-24,6.38762811739644e-20,1.0012050097011895,6.395325271245493e-24,4.787406835260479e-07
-28.625,2464410899063937.0,5.942341530333448e-07,5.792929733836094e-18,6.398810940449224e-24,6.398810940449224e-20,1.0012039582093035,6.40651484141076e-24,4.795788150286411e-07
-28.6,2464412345916975.0,5.952753921278718e-07,5.80308031989704e-18,6.410023174003409e-24,6.410023174003409e-20,1.0012029067174177,6.4177338339382206e-24,4.80419150792861e-07
-28.575,2464413792770012.5,5.963193720598197e-07,5.813257625187283e-18,6.42126492134502e-24,6.421264921345021e-20,1.001201855225532,6.428982352145264e-24,4.812616985598001e-07
-28.55,2464415239623050.5,5.973661024631526e-07,5.823461743624139e-18,6.432536286214168e-24,6.432536286214168e-20,1.001200803733646,6.4402604998034666e-24,4.821064661045842e-07
-28.525,2464416686476088.5,5.984155930142282e-07,5.8336927695382035e-18,6.443837372807459e-24,6.443837372807459e-20,1.0011997522417602,6.451568381141023e-24,4.829534612365526e-07
-28.5,2464418133329126.0,5.994678534320206e-07,5.843950797675516e-18,6.455168285780402e-24,6.455168285780401e-20,1.0011987007498744,6.462906100845132e-24,4.838026917994382e-07
-28.475,2464419580182164.0,6.005228934783453e-07,5.854235923199762e-18,6.46652913024983e-24,6.46652913024983e-20,1.0011976492579886,6.474273764064435e-24,4.846541656715497e-07
-28.45,2464421027035201.5,6.015807229580882e-07,5.864548241694501e-18,6.4779200117963666e-24,6.477920011796367e-20,1.0011965977661026,6.4856714764114736e-24,4.855078907659555e-07
-28.425,2464422473888239.5,6.026413517194319e-07,5.8748878491653706e-18,6.489341036466855e-24,6.489341036466855e-20,1.0011955462742168,6.497099343965125e-24,4.863638750306666e-07
-28.4,2464423920741277.5,6.037047896540865e-07,5.885254842042343e-18,6.500792310776858e-24,6.500792310776858e-20,1.001194494782331,6.508557473273099e-24,4.872221264488236e-07
-28.375,2464425367594315.0,6.04771046697521e-07,5.8956493171819715e-18,6.5122739417131336e-24,6.512273941713134e-20,1.001193443290445,6.520045971354411e-24,4.880826530388823e-07
-28.35,2464426814447353.0,6.058401328291947e-07,5.9060713718696586e-18,6.5237860367361426e-24,6.523786036736142e-20,1.0011923917985592,6.531564945701902e-24,4.889454628548017e-07
-28.325,2464428261300391.0,6.069120580727938e-07,5.916521103821948e-18,6.535328703782579e-24,6.53532870378258e-20,1.0011913403066734,6.543114504284755e-24,4.898105639862333e-07
-28.3,2464429708153428.5,6.079868324964633e-07,5.9269986111888e-18,6.5469020512678854e-24,6.546902051267886e-20,1.0011902888147874,6.5546947555510186e-24,4.906779645587104e-07
-28.275,2464431155006466.5,6.09064466213048e-07,5.9375039925559285e-18,6.558506188088834e-24,6.558506188088834e-20,1.0011892373229017,6.56630580843019e-24,4.915476727338404e-07
-28.25,2464432601859504.5,6.101449693803272e-07,5.948037346947096e-18,6.570141223626058e-24,6.570141223626058e-20,1.0011881858310159,6.577947772335744e-24,4.924196967094959e-07
-28.225,2464434048712542.0,6.112283522012581e-07,5.958598773826486e-18,6.581807267746681e-24,6.581807267746681e-20,1.0011871343391299,6.589620757167758e-24,4.932940447200104e-07
-28.2,2464435495565580.0,6.123146249242147e-07,5.969188373101029e-18,6.5935044308068734e-24,6.593504430806873e-20,1.001186082847244,6.6013248733154814e-24,4.941707250363708e-07
-28.175,2464436942418617.5,6.134037978432321e-07,5.979806245122786e-18,6.605232823654496e-24,6.605232823654496e-20,1.0011850313553583,6.6130602316599686e-24,4.950497459664155e-07
-28.15,2464438389271655.5,6.144958812982507e-07,5.990452490691327e-18,6.616992557631726e-24,6.616992557631726e-20,1.0011839798634723,6.624826943576708e-24,4.959311158550304e-07
-28.125,2464439836124693.5,6.155908856753618e-07,6.001127211056132e-18,6.628783744577699e-24,6.628783744577699e-20,1.0011829283715865,6.636625120938271e-24,4.968148430843482e-07
-28.1,2464441282977731.0,6.166888214070559e-07,6.011830507919002e-18,6.640606496831188e-24,6.640606496831188e-20,1.0011818768797007,6.648454876116982e-24,4.977009360739477e-07
-28.075,2464442729830769.0,6.177896989724716e-07,6.0225624834364906e-18,6.652460927233274e-24,6.652460927233275e-20,1.0011808253878147,6.660316321987596e-24,4.985894032810556e-07
-28.05,2464444176683807.0,6.188935288976459e-07,6.0333232402223456e-18,6.664347149130056e-24,6.664347149130056e-20,1.001179773895929,6.672209571930009e-24,4.994802532007481e-07
-28.025,2464445623536844.5,6.200003217557668e-07,6.044112881349968e-18,6.676265276375357e-24,6.676265276375357e-20,1.0011787224040432,6.684134739831957e-24,5.003734943661544e-07
-28.0,2464447070389882.5,6.211100881674269e-07,6.054931510354883e-18,6.688215423333462e-24,6.688215423333462e-20,1.0011776709121571,6.696091940091763e-24,5.012691353486623e-07
-27.975,2464448517242920.0,6.222228388008791e-07,6.065779231237242e-18,6.70019770488187e-24,6.700197704881871e-20,1.0011766194202714,6.708081287621093e-24,5.021671847581236e-07
-27.95,2464449964095958.0,6.23338584372294e-07,6.076656148464317e-18,6.712212236414067e-24,6.712212236414067e-20,1.0011755679283856,6.720102897847712e-24,5.030676512430625e-07
-27.925,2464451410948996.0,6.24457335646017e-07,6.087562366973023e-18,6.724259133842292e-24,6.724259133842291e-20,1.0011745164364998,6.732156886718273e-24,5.039705434908828e-07
-27.9,2464452857802033.5,6.255791034348315e-07,6.098497992172469e-18,6.736338513600369e-24,6.73633851360037e-20,1.0011734649446138,6.744243370701131e-24,5.048758702280803e-07
-27.875,2464454304655071.5,6.26703898600217e-07,6.109463129946486e-18,6.748450492646498e-24,6.748450492646497e-20,1.001172413452728,6.756362466789146e-24,5.057836402204512e-07
-27.85,2464455751508109.5,6.278317320526163e-07,6.120457886656224e-18,6.760595188466113e-24,6.760595188466113e-20,1.0011713619608422,6.768514292502536e-24,5.066938622733073e-07
-27.825,2464457198361147.0,6.289626147516985e-07,6.13148236914272e-18,6.772772719074735e-24,6.772772719074735e-20,1.0011703104689562,6.78069896589173e-24,5.076065452316896e-07
-27.8,2464458645214185.0,6.300965577066271e-07,6.142536684729511e-18,6.784983203020844e-24,6.784983203020844e-20,1.0011692589770704,6.792916605540248e-24,5.08521697980583e-07
-27.775,2464460092067222.5,6.312335719763278e-07,6.153620941225242e-18,6.797226759388764e-24,6.797226759388765e-20,1.0011682074851846,6.80516733056758e-24,5.094393294451331e-07
-27.75,2464461538920260.5,6.323736686697595e-07,6.1647352469263115e-18,6.809503507801592e-24,6.809503507801593e-20,1.0011671559932986,6.817451260632111e-24,5.103594485908654e-07
-27.725,2464462985773298.5,6.335168589461859e-07,6.175879710619517e-18,6.821813568424113e-24,6.821813568424112e-20,1.0011661045014129,6.829768515934052e-24,5.11282064423904e-07
-27.7,2464464432626336.0,6.346631540154502e-07,6.1870544415847335e-18,6.834157061965757e-24,6.834157061965757e-20,1.001165053009527,6.842119217218381e-24,5.122071859911931e-07
-27.675,2464465879479374.0,6.358125651382488e-07,6.198259549597581e-18,6.846534109683553e-24,6.846534109683553e-20,1.001164001517641,6.854503485777806e-24,5.131348223807185e-07
-27.65,2464467326332412.0,6.369651036264108e-07,6.2094951449321526e-18,6.858944833385135e-24,6.858944833385134e-20,1.0011629500257553,6.866921443455774e-24,5.140649827217325e-07
-27.625,2464468773185449.5,6.381207808431746e-07,6.220761338363704e-18,6.871389355431717e-24,6.871389355431718e-20,1.0011618985338695,6.87937321264944e-24,5.149976761849776e-07
-27.6,2464470220038487.5,6.392796082034716e-07,6.232058241171427e-18,6.883867798741157e-24,6.883867798741157e-20,1.0011608470419835,6.891858916312731e-24,5.159329119829152e-07
-27.575,2464471666891525.0,6.40441597174207e-07,6.243385965141182e-18,6.896380286790975e-24,6.896380286790975e-20,1.0011597955500977,6.904378677959378e-24,5.168706993699529e-07
-27.55,2464473113744563.0,6.416067592745435e-07,6.254744622568264e-18,6.908926943621404e-24,6.908926943621404e-20,1.001158744058212,6.916932621665945e-24,5.17811047642672e-07
-27.525,2464474560597601.0,6.427751060761894e-07,6.2661343262602144e-18,6.9215078938385e-24,6.9215078938385e-20,1.001157692566326,6.929520872074963e-24,5.187539661400618e-07
-27.5,2464476007450638.5,6.439466492036855e-07,6.2775551895396136e-18,6.934123262617226e-24,6.934123262617226e-20,1.0011566410744401,6.942143554398001e-24,5.196994642437494e-07
-27.475,2464477454303676.5,6.451214003346962e-07,6.289007326246922e-18,6.946773175704592e-24,6.946773175704592e-20,1.0011555895825544,6.954800794418805e-24,5.206475513782364e-07
-27.45,2464478901156714.5,6.462993712002989e-07,6.3004908507433e-18,6.959457759422766e-24,6.959457759422766e-20,1.0011545380906683,6.967492718496418e-24,5.215982370111309e-07
-27.425,2464480348009752.0,6.474805735852807e-07,6.312005877913499e-18,6.972177140672269e-24,6.972177140672268e-20,1.0011534865987826,6.980219453568372e-24,5.225515306533878e-07
-27.4,2464481794862790.0,6.486650193284317e-07,6.323552523168724e-18,6.984931446935137e-24,6.984931446935138e-20,1.0011524351068968,6.992981127153852e-24,5.235074418595454e-07
-27.375,2464483241715827.5,6.49852720322843e-07,6.335130902449536e-18,6.997720806278129e-24,6.997720806278129e-20,1.001151383615011,7.005777867356899e-24,5.244659802279655e-07
-27.35,2464484688568865.5,6.510436885162069e-07,6.346741132228778e-18,7.010545347355955e-24,7.010545347355955e-20,1.001150332123125,7.018609802869643e-24,5.254271554010764e-07
-27.325,2464486135421903.5,6.522379359111173e-07,6.358383329514508e-18,7.02340519941452e-24,7.023405199414519e-20,1.0011492806312392,7.031477062975552e-24,5.263909770656147e-07
-27.3,2464487582274941.0,6.534354745653723e-07,6.370057611852942e-18,7.036300492294172e-24,7.036300492294173e-20,1.0011482291393534,7.044379777552671e-24,5.2735745495287e-07
-27.275,2464489029127979.0,6.546363165922818e-07,6.3817640973314604e-18,7.049231356433025e-24,7.049231356433025e-20,1.0011471776474674,7.057318077076951e-24,5.283265988389327e-07
-27.25,2464490475981017.0,6.558404741609715e-07,6.393502904581563e-18,7.06219792287022e-24,7.062197922870219e-20,1.0011461261555816,7.070292092625515e-24,5.292984185449394e-07
-27.225,2464491922834054.5,6.570479594966949e-07,6.405274152781917e-18,7.07520032324929e-24,7.07520032324929e-20,1.0011450746636958,7.083301955880015e-24,5.302729239373248e-07
-27.2,2464493369687092.5,6.582587848811422e-07,6.417077961661369e-18,7.0882386898215e-24,7.0882386898215e-20,1.0011440231718098,7.096347799129976e-24,5.312501249280718e-07
-27.175,2464494816540130.5,6.594729626527551e-07,6.428914451502007e-18,7.101313155449213e-24,7.101313155449213e-20,1.001142971679924,7.109429755276164e-24,5.322300314749639e-07
-27.15,2464496263393168.0,6.606905052070407e-07,6.440783743142227e-18,7.114423853609283e-24,7.114423853609283e-20,1.0011419201880383,7.12254795783398e-24,5.332126535818397e-07
-27.125,2464497710246206.0,6.619114249968897e-07,6.452685957979832e-18,7.127570918396485e-24,7.127570918396484e-20,1.0011408686961523,7.13570254093689e-24,5.341980012988499e-07
-27.1,2464499157099243.5,6.631357345328953e-07,6.464621217975142e-18,7.140754484526937e-24,7.140754484526938e-20,1.0011398172042665,7.148893639339844e-24,5.351860847227134e-07
-27.075,2464500603952281.5,6.643634463836748e-07,6.4765896456541285e-18,7.153974687341578e-24,7.153974687341579e-20,1.0011387657123807,7.162121388422762e-24,5.361769139969783e-07
-27.05,2464502050805319.5,6.655945731761922e-07,6.48859136411156e-18,7.167231662809627e-24,7.167231662809627e-20,1.0011377142204947,7.175385924193986e-24,5.371704993122813e-07
-27.025,2464503497658357.0,6.668291275960855e-07,6.50062649701419e-18,7.180525547532119e-24,7.180525547532119e-20,1.001136662728609,7.188687383293822e-24,5.381668509066124e-07
-27.0,2464504944511395.0,6.680671223879919e-07,6.512695168603934e-18,7.193856478745401e-24,7.193856478745401e-20,1.0011356112367231,7.202025902998038e-24,5.391659790655772e-07
-26.975,2464506391364433.0,6.693085703558801e-07,6.5247975037010994e-18,7.207224594324708e-24,7.207224594324707e-20,1.0011345597448371,7.215401621221429e-24,5.401678941226643e-07
-26.95,2464507838217470.5,6.705534843633814e-07,6.536933627707622e-18,7.220630032787735e-24,7.220630032787735e-20,1.0011335082529513,7.228814676521408e-24,5.411726064595139e-07
-26.925,2464509285070508.5,6.718018773341227e-07,6.549103666610306e-18,7.23407293329822e-24,7.23407293329822e-20,1.0011324567610655,7.242265208101575e-24,5.421801265061858e-07
-26.9,2464510731923546.0,6.730537622520645e-07,6.561307746984123e-18,7.247553435669581e-24,7.247553435669581e-20,1.0011314052691795,7.255753355815357e-24,5.431904647414322e-07
-26.875,2464512178776584.0,6.743091521618386e-07,6.573545995995502e-18,7.261071680368554e-24,7.261071680368554e-20,1.0011303537772938,7.269279260169659e-24,5.442036316929698e-07
-26.85,2464513625629622.0,6.75568060169089e-07,6.5858185414056544e-18,7.274627808518867e-24,7.274627808518867e-20,1.001129302285408,7.28284306232852e-24,5.452196379377561e-07
-26.825,2464515072482659.5,6.768304994408152e-07,6.598125511573919e-18,7.288221961904935e-24,7.288221961904935e-20,1.0011282507935222,7.29644490411682e-24,5.462384941022657e-07
-26.8,2464516519335697.5,6.780964832057168e-07,6.6104670354611215e-18,7.301854282975563e-24,7.301854282975563e-20,1.0011271993016362,7.310084928023981e-24,5.472602108627679e-07
-26.775,2464517966188735.5,6.793660247545418e-07,6.62284324263297e-18,7.31552491484771e-24,7.31552491484771e-20,1.0011261478097504,7.32376327720774e-24,5.482847989456089e-07
-26.75,2464519413041773.0,6.806391374404354e-07,6.635254263263457e-18,7.329234001310237e-24,7.329234001310237e-20,1.0011250963178646,7.33748009549788e-24,5.493122691274928e-07
-26.725,2464520859894811.0,6.819158346792937e-07,6.6477002281383054e-18,7.342981686827716e-24,7.342981686827716e-20,1.0011240448259786,7.35123552740005e-24,5.503426322357668e-07
-26.7,2464522306747848.5,6.831961299501165e-07,6.66018126865841e-18,7.35676811654423e-24,7.35676811654423e-20,1.0011229933340928,7.365029718099576e-24,5.513758991487063e-07
-26.675,2464523753600886.5,6.844800367953644e-07,6.6726975168433155e-18,7.370593436287219e-24,7.370593436287218e-20,1.001121941842207,7.378862813465285e-24,5.524120807958029e-07
-26.65,2464525200453924.5,6.857675688213201e-07,6.6852491053347405e-18,7.384457792571368e-24,7.384457792571368e-20,1.001120890350321,7.392734960053413e-24,5.534511881580562e-07
-26.625,2464526647306962.0,6.870587396984457e-07,6.697836167400061e-18,7.398361332602458e-24,7.398361332602459e-20,1.0011198388584353,7.406646305111451e-24,5.544932322682616e-07
-26.6,2464528094160000.0,6.883535631617504e-07,6.710458836935896e-18,7.412304204281326e-24,7.412304204281326e-20,1.0011187873665495,7.420596996582097e-24,5.555382242113082e-07
-26.575,2464529541013038.0,6.896520530111557e-07,6.7231172484716634e-18,7.426286556207791e-24,7.426286556207791e-20,1.0011177358746635,7.434587183107195e-24,5.565861751244722e-07
-26.55,2464530987866075.5,6.909542231118624e-07,6.735811537173163e-18,7.440308537684613e-24,7.440308537684613e-20,1.0011166843827777,7.448617014031693e-24,5.57637096197714e-07
-26.525,2464532434719113.5,6.922600873947256e-07,6.7485418388462275e-18,7.454370298721525e-24,7.454370298721524e-20,1.001115632890892,7.462686639407666e-24,5.5869099867398e-07
-26.5,2464533881572151.0,6.935696598566238e-07,6.7613082899403256e-18,7.468471990039215e-24,7.468471990039215e-20,1.0011145813990059,7.476796209998309e-24,5.597478938495019e-07
-26.475,2464535328425189.0,6.948829545608381e-07,6.7741110275522545e-18,7.482613763073402e-24,7.482613763073401e-20,1.00111352990712,7.490945877282012e-24,5.608077930741012e-07
-26.45,2464536775278227.0,6.961999856374307e-07,6.78695018942983e-18,7.496795769978918e-24,7.496795769978918e-20,1.0011124784152343,7.505135793456439e-24,5.618707077514956e-07
-26.425,2464538222131264.5,6.975207672836239e-07,6.799825913975586e-18,7.511018163633783e-24,7.511018163633784e-20,1.0011114269233483,7.519366111442604e-24,5.629366493396045e-07
-26.4,2464539668984302.5,6.988453137641873e-07,6.812738340250541e-18,7.52528109764338e-24,7.525281097643379e-20,1.0011103754314625,7.533636984889052e-24,5.640056293508617e-07
-26.375,2464541115837340.5,7.0017363941182e-07,6.825687607977932e-18,7.539584726344563e-24,7.539584726344563e-20,1.0011093239395767,7.547948568175964e-24,5.650776593525235e-07
-26.35,2464542562690378.0,7.015057586275429e-07,6.8386738575470356e-18,7.553929204809893e-24,7.553929204809894e-20,1.0011082724476907,7.56230101641939e-24,5.661527509669858e-07
-26.325,2464544009543416.0,7.028416858810888e-07,6.851697230016969e-18,7.568314688851828e-24,7.568314688851828e-20,1.001107220955805,7.576694485475451e-24,5.672309158720987e-07
-26.3,2464545456396453.5,7.041814357112955e-07,6.8647578671205216e-18,7.582741335026959e-24,7.582741335026959e-20,1.0011061694639192,7.591129131944563e-24,5.683121658014834e-07
-26.275,2464546903249491.5,7.055250227265048e-07,6.877855911268054e-18,7.597209300640314e-24,7.597209300640314e-20,1.0011051179720334,7.60560511317575e-24,5.693965125448552e-07
-26.25,2464548350102529.5,7.068724616049593e-07,6.890991505551353e-18,7.611718743749616e-24,7.611718743749616e-20,1.0011040664801474,7.620122587270899e-24,5.704839679483424e-07
-26.225,2464549796955567.0,7.082237670952068e-07,6.904164793747583e-18,7.626269823169649e-24,7.626269823169649e-20,1.0011030149882616,7.634681713089132e-24,5.715745439148136e-07
-26.2,2464551243808605.0,7.095789540165037e-07,6.917375920323214e-18,7.640862698476602e-24,7.640862698476602e-20,1.0011019634963758,7.649282650251143e-24,5.726682524042033e-07
-26.175,2464552690661643.0,7.109380372592223e-07,6.930625030437996e-18,7.655497530012448e-24,7.655497530012449e-20,1.0011009120044898,7.663925559143581e-24,5.737651054338402e-07
-26.15,2464554137514680.5,7.123010317852628e-07,6.943912269948971e-18,7.670174478889384e-24,7.670174478889385e-20,1.001099860512604,7.678610600923498e-24,5.748651150787794e-07
-26.125,2464555584367718.5,7.136679526284633e-07,6.957237785414476e-18,7.68489370699425e-24,7.68489370699425e-20,1.0010988090207182,7.693337937522756e-24,5.759682934721345e-07
-26.1,2464557031220756.5,7.15038814895019e-07,6.97060172409822e-18,7.699655376993034e-24,7.699655376993034e-20,1.0010977575288322,7.708107731652542e-24,5.770746528054146e-07
-26.075,2464558478073794.0,7.164136337638985e-07,6.984004233973353e-18,7.714459652335365e-24,7.714459652335365e-20,1.0010967060369464,7.722920146807861e-24,5.781842053288611e-07
-26.05,2464559924926832.0,7.177924244872655e-07,6.997445463726571e-18,7.729306697259045e-24,7.729306697259045e-20,1.0010956545450607,7.737775347272065e-24,5.792969633517878e-07
-26.025,2464561371779869.5,7.19175202390904e-07,7.010925562762261e-18,7.744196676794631e-24,7.744196676794631e-20,1.0010946030531747,7.752673498121436e-24,5.804129392429236e-07
-26.0,2464562818632907.5,7.205619828746446e-07,7.024444681206661e-18,7.759129756770033e-24,7.759129756770033e-20,1.0010935515612889,7.767614765229792e-24,5.815321454307576e-07
-25.975,2464564265485945.5,7.219527814127951e-07,7.038002969912048e-18,7.77410610381513e-24,7.774106103815131e-20,1.001092500069403,7.782599315273096e-24,5.826545944038853e-07
-25.95,2464565712338983.0,7.233476135545731e-07,7.05160058046097e-18,7.78912588536646e-24,7.78912588536646e-20,1.001091448577517,7.797627315734146e-24,5.837802987113594e-07
-25.925,2464567159192021.0,7.24746494924542e-07,7.065237665170485e-18,7.80418926967188e-24,7.80418926967188e-20,1.0010903970856313,7.812698934907246e-24,5.849092709630395e-07
-25.9,2464568606045059.0,7.2614944122305e-07,7.078914377096443e-18,7.819296425795324e-24,7.819296425795323e-20,1.0010893455937455,7.827814341902954e-24,5.860415238299487e-07
-25.875,2464570052898096.5,7.275564682266716e-07,7.09263087003779e-18,7.83444752362153e-24,7.834447523621529e-20,1.0010882941018595,7.842973706652815e-24,5.871770700446278e-07
-25.85,2464571499751134.5,7.289675917886533e-07,7.10638729854092e-18,7.849642733860864e-24,7.849642733860864e-20,1.0010872426099737,7.858177199914188e-24,5.883159224014971e-07
-25.825,2464572946604172.0,7.303828278393605e-07,7.120183817904017e-18,7.864882228054115e-24,7.864882228054116e-20,1.001086191118088,7.873424993275035e-24,5.894580937572149e-07
-25.8,2464574393457210.0,7.318021923867291e-07,7.134020584181473e-18,7.880166178577365e-24,7.880166178577365e-20,1.001085139626202,7.888717259158796e-24,5.906035970310438e-07
-25.775,2464575840310248.0,7.332257015167195e-07,7.147897754188302e-18,7.89549475864688e-24,7.895494758646879e-20,1.0010840881343162,7.904054170829284e-24,5.917524452052162e-07
-25.75,2464577287163285.5,7.346533713937731e-07,7.1618154855046e-18,7.910868142324017e-24,7.910868142324018e-20,1.0010830366424304,7.919435902395588e-24,5.929046513253027e-07
-25.725,2464578734016323.5,7.360852182612737e-07,7.175773936480034e-18,7.926286504520202e-24,7.926286504520202e-20,1.0010819851505446,7.934862628817054e-24,5.940602285005848e-07
-25.7,2464580180869361.5,7.375212584420103e-07,7.18977326623836e-18,7.941750021001905e-24,7.941750021001905e-20,1.0010809336586586,7.950334525908259e-24,5.952191899044282e-07
-25.675,2464581627722399.0,7.389615083386435e-07,7.203813634681962e-18,7.95725886839567e-24,7.95725886839567e-20,1.0010798821667728,7.965851770344045e-24,5.963815487746591e-07
-25.65,2464583074575437.0,7.40405984434176e-07,7.217895202496453e-18,7.972813224193177e-24,7.972813224193177e-20,1.001078830674887,7.98141453966458e-24,5.975473184139444e-07
-25.625,2464584521428474.5,7.418547032924245e-07,7.232018131155261e-18,7.988413266756324e-24,7.988413266756324e-20,1.001077779183001,7.997023012280442e-24,5.98716512190172e-07
-25.6,2464585968281512.5,7.433076815584973e-07,7.24618258292429e-18,8.00405917532237e-24,8.00405917532237e-20,1.0010767276911152,8.012677367477765e-24,5.998891435368366e-07
-25.575,2464587415134550.5,7.447649359592736e-07,7.260388720866596e-18,8.019751130009097e-24,8.019751130009097e-20,1.0010756761992294,8.028377785423392e-24,6.010652259534262e-07
-25.55,2464588861987588.0,7.462264833038856e-07,7.274636708847079e-18,8.035489311820001e-24,8.035489311820001e-20,1.0010746247073434,8.044124447170077e-24,6.022447730058116e-07
-25.525,2464590308840626.0,7.47692340484206e-07,7.288926711537246e-18,8.051273902649543e-24,8.051273902649543e-20,1.0010735732154576,8.05991753466174e-24,6.034277983266398e-07
-25.5,2464591755693664.0,7.491625244753357e-07,7.303258894419954e-18,8.067105085288394e-24,8.067105085288394e-20,1.0010725217235719,8.075757230738704e-24,6.046143156157268e-07
-25.475,2464593202546701.5,7.50637052336099e-07,7.317633423794245e-18,8.082983043428777e-24,8.082983043428777e-20,1.0010714702316859,8.091643719143032e-24,6.058043386404585e-07
-25.45,2464594649399739.5,7.521159412095386e-07,7.332050466780172e-18,8.09890796166979e-24,8.09890796166979e-20,1.0010704187398,8.107577184523878e-24,6.069978812361891e-07
-25.425,2464596096252777.0,7.535992083234157e-07,7.346510191323668e-18,8.114880025522796e-24,8.114880025522796e-20,1.0010693672479143,8.123557812442844e-24,6.081949573066454e-07
-25.4,2464597543105815.0,7.550868709907134e-07,7.36101276620146e-18,8.13089942141684e-24,8.13089942141684e-20,1.0010683157560283,8.13958578937942e-24,6.093955808243331e-07
-25.375,2464598989958853.0,7.565789466101432e-07,7.375558361025999e-18,8.146966336704102e-24,8.146966336704102e-20,1.0010672642641425,8.155661302736438e-24,6.105997658309445e-07
-25.35,2464600436811890.5,7.58075452666656e-07,7.390147146250454e-18,8.163080959665407e-24,8.163080959665407e-20,1.0010662127722567,8.171784540845567e-24,6.118075264377728e-07
-25.325,2464601883664928.5,7.595764067319553e-07,7.4047792931737e-18,8.179243479515743e-24,8.179243479515742e-20,1.0010651612803707,8.187955692972848e-24,6.130188768261243e-07
-25.3,2464603330517966.5,7.610818264650149e-07,7.419454973945376e-18,8.19545408640984e-24,8.19545408640984e-20,1.001064109788485,8.204174949324267e-24,6.142338312477375e-07
-25.275,2464604777371004.0,7.625917296125995e-07,7.434174361570954e-18,8.211712971447773e-24,8.211712971447773e-20,1.0010630582965991,8.220442501051362e-24,6.154524040252029e-07
-25.25,2464606224224042.0,7.64106134009791e-07,7.448937629916877e-18,8.228020326680636e-24,8.228020326680635e-20,1.0010620068047131,8.236758540256888e-24,6.166746095523876e-07
-25.225,2464607671077079.5,7.656250575805138e-07,7.463744953715666e-18,8.244376345116184e-24,8.244376345116184e-20,1.0010609553128273,8.253123260000484e-24,6.179004622948593e-07
-25.2,2464609117930117.5,7.671485183380702e-07,7.478596508571158e-18,8.260781220724623e-24,8.260781220724623e-20,1.0010599038209416,8.26953685430443e-24,6.191299767903188e-07
-25.175,2464610564783155.5,7.686765343856743e-07,7.493492470963692e-18,8.277235148444327e-24,8.277235148444327e-20,1.0010588523290558,8.285999518159399e-24,6.203631676490299e-07
-25.15,2464612011636193.0,7.702091239169909e-07,7.508433018255379e-18,8.293738324187671e-24,8.293738324187671e-20,1.0010578008371698,8.302511447530265e-24,6.216000495542558e-07
-25.125,2464613458489231.0,7.717463052166814e-07,7.52341832869541e-18,8.31029094484689e-24,8.31029094484689e-20,1.001056749345284,8.319072839361977e-24,6.22840637262698e-07
-25.1,2464614905342269.0,7.732880966609481e-07,7.538448581425372e-18,8.32689320829995e-24,8.326893208299949e-20,1.0010556978533982,8.335683891585428e-24,6.24084945604937e-07
-25.075,2464616352195306.5,7.748345167180869e-07,7.553523956484634e-18,8.343545313416491e-24,8.343545313416491e-20,1.0010546463615122,8.352344803123398e-24,6.253329894858776e-07
-25.05,2464617799048344.5,7.763855839490407e-07,7.568644634815735e-18,8.360247460063795e-24,8.360247460063795e-20,1.0010535948696264,8.369055773896525e-24,6.265847838851954e-07
-25.025,2464619245901382.5,7.779413170079605e-07,7.583810798269861e-18,8.376999849112824e-24,8.376999849112823e-20,1.0010525433777406,8.385817004829341e-24,6.278403438577907e-07
-25.0,2464620692754420.0,7.795017346427653e-07,7.599022629612304e-18,8.393802682444246e-24,8.393802682444246e-20,1.0010514918858546,8.4026286978563e-24,6.290996845342385e-07
-24.975,2464622139607458.0,7.810668556957107e-07,7.614280312528002e-18,8.410656162954569e-24,8.410656162954569e-20,1.0010504403939688,8.41949105592792e-24,6.303628211212496e-07
-24.95,2464623586460495.5,7.826366991039592e-07,7.629584031627093e-18,8.427560494562261e-24,8.427560494562262e-20,1.001049388902083,8.436404283016888e-24,6.31629768902129e-07
-24.925,2464625033313533.5,7.84211283900154e-07,7.644933972450523e-18,8.444515882213955e-24,8.444515882213956e-20,1.001048337410197,8.453368584124283e-24,6.3290054323724e-07
-24.9,2464626480166571.5,7.857906292129989e-07,7.660330321475687e-18,8.461522531890672e-24,8.461522531890673e-20,1.0010472859183113,8.470384165285795e-24,6.34175159564472e-07
-24.875,2464627927019609.0,7.873747542678396e-07,7.6757732661221e-18,8.478580650614095e-24,8.478580650614094e-20,1.0010462344264255,8.487451233577992e-24,6.354536333997097e-07
-24.85,2464629373872647.0,7.889636783872535e-07,7.691262994757144e-18,8.495690446452905e-24,8.495690446452906e-20,1.0010451829345395,8.504569997124668e-24,6.367359803373085e-07
-24.825,2464630820725685.0,7.905574209916375e-07,7.706799696701805e-18,8.512852128529129e-24,8.512852128529129e-20,1.0010441314426537,8.521740665103187e-24,6.380222160505699e-07
-24.8,2464632267578722.5,7.921560015998058e-07,7.722383562236495e-18,8.530065907024561e-24,8.530065907024561e-20,1.001043079950768,8.538963447750907e-24,6.393123562922232e-07
-24.775,2464633714431760.5,7.937594398295886e-07,7.738014782606889e-18,8.547331993187222e-24,8.547331993187222e-20,1.001042028458882,8.556238556371635e-24,6.406064168949091e-07
-24.75,2464635161284798.0,7.95367755398435e-07,7.753693550029802e-18,8.564650599337837e-24,8.564650599337837e-20,1.0010409769669961,8.573566203342118e-24,6.419044137716658e-07
-24.725,2464636608137836.0,7.969809681240239e-07,7.769420057699149e-18,8.582021938876428e-24,8.582021938876428e-20,1.0010399254751103,8.590946602118622e-24,6.432063629164226e-07
-24.7,2464638054990874.0,7.985990979248744e-07,7.78519449979189e-18,8.599446226288884e-24,8.599446226288884e-20,1.0010388739832243,8.608379967243512e-24,6.445122804044921e-07
-24.675,2464639501843911.5,8.002221648209612e-07,7.80101707147403e-18,8.616923677153573e-24,8.616923677153574e-20,1.0010378224913385,8.625866514351871e-24,6.45822182393067e-07
-24.65,2464640948696949.5,8.018501889343401e-07,7.816887968906722e-18,8.634454508148101e-24,8.634454508148102e-20,1.0010367709994528,8.643406460178244e-24,6.47136085121725e-07
-24.625,2464642395549987.5,8.034831904897701e-07,7.832807389252325e-18,8.652038937055994e-24,8.652038937055993e-20,1.001035719507567,8.661000022563332e-24,6.484540049129309e-07
-24.6,2464643842403025.0,8.051211898153457e-07,7.84877553068057e-18,8.669677182773508e-24,8.669677182773508e-20,1.001034668015681,8.678647420460803e-24,6.497759581725464e-07
-24.575,2464645289256063.0,8.067642073431307e-07,7.864792592374744e-18,8.687369465316465e-24,8.687369465316465e-20,1.0010336165237952,8.69634887394413e-24,6.511019613903422e-07
-24.55,2464646736109100.5,8.084122636097972e-07,7.880858774537907e-18,8.70511600582712e-24,8.705116005827121e-20,1.0010325650319094,8.714104604213453e-24,6.524320311405137e-07
-24.525,2464648182962138.5,8.100653792572706e-07,7.896974278399195e-18,8.722917026581118e-24,8.722917026581118e-20,1.0010315135400234,8.731914833602538e-24,6.537661840822012e-07
-24.5,2464649629815176.5,8.117235750333772e-07,7.913139306220124e-18,8.740772750994458e-24,8.740772750994458e-20,1.0010304620481376,8.749779785585753e-24,6.551044369600126e-07
-24.475,2464651076668214.0,8.133868717924976e-07,7.929354061300957e-18,8.758683403630535e-24,8.758683403630536e-20,1.0010294105562518,8.7676996847851e-24,6.564468066045511e-07
-24.45,2464652523521252.0,8.150552904962258e-07,7.945618747987138e-18,8.776649210207235e-24,8.776649210207235e-20,1.0010283590643658,8.78567475697731e-24,6.577933099329464e-07
-24.425,2464653970374290.0,8.167288522140294e-07,7.961933571675722e-18,8.794670397604045e-24,8.794670397604045e-20,1.00102730757248,8.80370522910097e-24,6.591439639493885e-07
-24.4,2464655417227327.5,8.184075781239193e-07,7.978298738821906e-18,8.812747193869263e-24,8.812747193869263e-20,1.0010262560805943,8.821791329263712e-24,6.604987857456672e-07
-24.375,2464656864080365.5,8.200914895131207e-07,7.994714456945572e-18,8.83087982822723e-24,8.83087982822723e-20,1.0010252045887083,8.83993328674946e-24,6.618577925017148e-07
-24.35,2464658310933403.0,8.217806077787509e-07,8.011180934637886e-18,8.849068531085614e-24,8.849068531085614e-20,1.0010241530968225,8.85813133202572e-24,6.632210014861514e-07
-24.325,2464659757786441.0,8.234749544285019e-07,8.027698381567963e-18,8.867313534042776e-24,8.867313534042777e-20,1.0010231016049367,8.876385696750932e-24,6.645884300568376e-07
-24.3,2464661204639479.0,8.251745510813243e-07,8.044267008489532e-18,8.885615069895127e-24,8.885615069895128e-20,1.0010220501130507,8.894696613781839e-24,6.659600956614255e-07
-24.275,2464662651492516.5,8.268794194681247e-07,8.060887027247724e-18,8.903973372644636e-24,8.903973372644636e-20,1.001020998621165,8.913064317180994e-24,6.673360158379214e-07
-24.25,2464664098345554.5,8.285895814324567e-07,8.077558650785826e-18,8.922388677506276e-24,8.922388677506276e-20,1.001019947129279,8.93148904222421e-24,6.68716208215244e-07
-24.225,2464665545198592.5,8.303050589312284e-07,8.09428209315216e-18,8.94086122091564e-24,8.940861220915639e-20,1.001018895637393,8.949971025408168e-24,6.701006905137952e-07
-24.2,2464666992051630.0,8.320258740354059e-07,8.111057569506958e-18,8.959391240536512e-24,8.959391240536513e-20,1.0010178441455073,8.968510504458001e-24,6.714894805460275e-07
-24.175,2464668438904668.0,8.337520489307261e-07,8.127885296129297e-18,8.977978975268556e-24,8.977978975268556e-20,1.0010167926536215,8.987107718334978e-24,6.728825962170204e-07
-24.15,2464669885757705.5,8.35483605918417e-07,8.144765490424126e-18,8.996624665255051e-24,8.996624665255052e-20,1.0010157411617355,9.005762907244236e-24,6.742800555250598e-07
-24.125,2464671332610743.5,8.372205674159166e-07,8.161698370929278e-18,9.015328551890656e-24,9.015328551890656e-20,1.0010146896698497,9.02447631264256e-24,6.756818765622201e-07
-24.1,2464672779463781.5,8.389629559576042e-07,8.178684157322595e-18,9.034090877829264e-24,9.034090877829264e-20,1.001013638177964,9.043248177246227e-24,6.770880775149531e-07
-24.075,2464674226316819.0,8.407107941955327e-07,8.195723070429064e-18,9.0529118869919e-24,9.052911886991899e-20,1.0010125866860782,9.062078745038906e-24,6.7849867666468e-07
-24.05,2464675673169857.0,8.424641049001663e-07,8.212815332228017e-18,9.071791824574664e-24,9.071791824574663e-20,1.0010115351941922,9.080968261279606e-24,6.799136923883858e-07
-24.025,2464677120022895.0,8.442229109611263e-07,8.229961165860394e-18,9.090730937056757e-24,9.090730937056757e-20,1.0010104837023064,9.099916972510704e-24,6.813331431592221e-07
-24.0,2464678566875932.5,8.459872353879397e-07,8.247160795636045e-18,9.109729472208541e-24,9.109729472208542e-20,1.0010094322104206,9.118925126566006e-24,6.827570475471103e-07
-23.975,2464680013728970.5,8.477571013107957e-07,8.2644144470411e-18,9.128787679099696e-24,9.128787679099696e-20,1.0010083807185346,9.137992972578896e-24,6.841854242193533e-07
-23.95,2464681460582008.5,8.495325319813057e-07,8.281722346745385e-18,9.147905808107389e-24,9.147905808107389e-20,1.0010073292266488,9.157120760990526e-24,6.856182919412476e-07
-23.925,2464682907435046.0,8.513135507732684e-07,8.299084722609874e-18,9.167084110924522e-24,9.167084110924521e-20,1.001006277734763,9.176308743558045e-24,6.870556695767017e-07
-23.9,2464684354288084.0,8.531001811834446e-07,8.316501803694248e-18,9.186322840568077e-24,9.186322840568077e-20,1.001005226242877,9.195557173362957e-24,6.884975760888614e-07
-23.875,2464685801141121.5,8.548924468323319e-07,8.33397382026444e-18,9.205622251387447e-24,9.205622251387447e-20,1.0010041747509912,9.214866304819455e-24,6.899440305407342e-07
-23.85,2464687247994159.5,8.566903714649513e-07,8.351501003800308e-18,9.22498259907292e-24,9.224982599072921e-20,1.0010031232591055,9.234236393682894e-24,6.913950520958248e-07
-23.825,2464688694847197.5,8.584939789516338e-07,8.369083587003307e-18,9.244404140664138e-24,9.244404140664138e-20,1.0010020717672194,9.253667697058265e-24,6.9285066001877e-07
-23.8,2464690141700235.0,8.603032932888163e-07,8.38672180380424e-18,9.263887134558677e-24,9.263887134558677e-20,1.0010010202753337,9.273160473408773e-24,6.943108736759806e-07
-23.775,2464691588553273.0,8.621183385998445e-07,8.404415889371088e-18,9.283431840520684e-24,9.283431840520685e-20,1.0009999687834479,9.29271498256447e-24,6.9577571253629e-07
-23.75,2464693035406311.0,8.639391391357763e-07,8.422166080116842e-18,9.30303851968953e-24,9.303038519689531e-20,1.0009989172915619,9.312331485730914e-24,6.972451961716015e-07
-23.725,2464694482259348.5,8.657657192761983e-07,8.439972613707468e-18,9.32270743458861e-24,9.322707434588611e-20,1.000997865799676,9.332010245497972e-24,6.987193442575485e-07
-23.7,2464695929112386.5,8.675981035300427e-07,8.45783572906986e-18,9.34243884913413e-24,9.34243884913413e-20,1.0009968143077903,9.351751525848603e-24,7.00198176574153e-07
-23.675,2464697375965424.0,8.694363165364126e-07,8.475755666399896e-18,9.362233028643997e-24,9.362233028643997e-20,1.0009957628159043,9.371555592167751e-24,7.01681713006492e-07
-23.65,2464698822818462.0,8.712803830654147e-07,8.493732667170548e-18,9.382090239846789e-24,9.382090239846789e-20,1.0009947113240185,9.391422711251328e-24,7.031699735453696e-07
-23.625,2464700269671500.0,8.731303280189946e-07,8.511766974140029e-18,9.402010750890743e-24,9.402010750890743e-20,1.0009936598321327,9.411353151315183e-24,7.046629782879904e-07
-23.6,2464701716524537.5,8.749861764317824e-07,8.529858831360036e-18,9.42199483135287e-24,9.42199483135287e-20,1.0009926083402467,9.431347182004232e-24,7.061607474386431e-07
-23.575,2464703163377575.5,8.768479534719426e-07,8.548008484184033e-18,9.442042752248095e-24,9.442042752248096e-20,1.000991556848361,9.451405074401603e-24,7.076633013093853e-07
-23.55,2464704610230613.5,8.787156844420285e-07,8.566216179275585e-18,9.462154786038471e-24,9.462154786038471e-20,1.0009905053564752,9.471527101037839e-24,7.091706603207343e-07
-23.525,2464706057083651.0,8.805893947798477e-07,8.584482164616787e-18,9.482331206642484e-24,9.482331206642484e-20,1.0009894538645894,9.491713535900213e-24,7.10682845002364e-07
-23.5,2464707503936689.0,8.824691100593297e-07,8.602806689516732e-18,9.502572289444407e-24,9.502572289444407e-20,1.0009884023727034,9.511964654442079e-24,7.121998759938066e-07
-23.475,2464708950789726.5,8.843548559914025e-07,8.621190004620049e-18,9.522878311303735e-24,9.522878311303736e-20,1.0009873508808176,9.532280733592319e-24,7.13721774045159e-07
-23.45,2464710397642764.5,8.862466584248747e-07,8.639632361915507e-18,9.543249550564687e-24,9.543249550564687e-20,1.0009862993889318,9.552662051764832e-24,7.152485600177958e-07
-23.425,2464711844495802.5,8.881445433473248e-07,8.65813401474468e-18,9.563686287065772e-24,9.563686287065771e-20,1.0009852478970458,9.57310888886811e-24,7.167802548850853e-07
-23.4,2464713291348840.0,8.900485368859969e-07,8.676695217810681e-18,9.584188802149443e-24,9.584188802149443e-20,1.00098419640516,9.593621526314894e-24,7.183168797331143e-07
-23.375,2464714738201878.0,8.919586653087026e-07,8.695316227186958e-18,9.604757378671815e-24,9.604757378671815e-20,1.0009831449132742,9.614200247031889e-24,7.19858455761415e-07
-23.35,2464716185054916.0,8.938749550247315e-07,8.71399730032616e-18,9.625392301012448e-24,9.625392301012448e-20,1.0009820934213882,9.634845335469553e-24,7.214050042836994e-07
-23.325,2464717631907953.5,8.957974325857677e-07,8.732738696069084e-18,9.646093855084242e-24,9.646093855084243e-20,1.0009810419295024,9.655557077611996e-24,7.229565467286002e-07
-23.3,2464719078760991.5,8.977261246868104e-07,8.75154067465364e-18,9.666862328343331e-24,9.666862328343332e-20,1.0009799904376167,9.676335760986864e-24,7.245131046404126e-07
-23.275,2464720525614029.0,8.996610581671071e-07,8.770403497723954e-18,9.687698009799138e-24,9.687698009799137e-20,1.0009789389457306,9.697181674675407e-24,7.260746996798478e-07
-23.25,2464721972467067.0,9.016022600110896e-07,8.789327428339488e-18,9.708601190024457e-24,9.708601190024457e-20,1.0009778874538449,9.718095109322565e-24,7.276413536247892e-07
-23.225,2464723419320105.0,9.035497573493166e-07,8.808312730984233e-18,9.729572161165597e-24,9.729572161165597e-20,1.000976835961959,9.7390763571471e-24,7.292130883710517e-07
-23.2,2464724866173142.5,9.055035774594304e-07,8.827359671576035e-18,9.750611216952693e-24,9.750611216952693e-20,1.000975784470073,9.760125711951916e-24,7.307899259331547e-07
-23.175,2464726313026180.5,9.074637477671084e-07,8.846468517475864e-18,9.771718652709939e-24,9.771718652709939e-20,1.0009747329781873,9.781243469134303e-24,7.323718884450902e-07
-23.15,2464727759879218.5,9.094302958470356e-07,8.86563953749731e-18,9.792894765366077e-24,9.792894765366077e-20,1.0009736814863015,9.802429925696413e-24,7.339589981611074e-07
-23.125,2464729206732256.0,9.114032494238736e-07,8.88487300191601e-18,9.81413985346481e-24,9.814139853464809e-20,1.0009726299944155,9.823685380255678e-24,7.355512774564938e-07
-23.1,2464730653585294.0,9.133826363732453e-07,8.904169182479262e-18,9.835454217175425e-24,9.835454217175425e-20,1.0009715785025297,9.845010133055448e-24,7.371487488283716e-07
-23.075,2464732100438331.5,9.153684847227198e-07,8.92352835241562e-18,9.856838158303389e-24,9.856838158303388e-20,1.000970527010644,9.866404485975568e-24,7.387514348964914e-07
-23.05,2464733547291369.5,9.1736082265281e-07,8.942950786444619e-18,9.87829198030109e-24,9.87829198030109e-20,1.000969475518758,9.887868742543135e-24,7.403593584040379e-07
-23.025,2464734994144407.5,9.193596784979765e-07,8.962436760786568e-18,9.899815988278657e-24,9.899815988278657e-20,1.0009684240268721,9.909403207943319e-24,7.419725422184394e-07
-23.0,2464736440997445.0,9.21365080747638e-07,8.981986553172388e-18,9.921410489014827e-24,9.921410489014827e-20,1.0009673725349864,9.931008189030226e-24,7.435910093321843e-07
-22.975,2464737887850483.0,9.233770580471911e-07,9.001600442853567e-18,9.943075790967934e-24,9.943075790967934e-20,1.0009663210431006,9.95268399433789e-24,7.452147828636428e-07
-22.95,2464739334703521.0,9.253956391990372e-07,9.021278710612159e-18,9.964812204286965e-24,9.964812204286965e-20,1.0009652695512146,9.974430934091335e-24,7.468438860578968e-07
-22.925,2464740781556558.5,9.274208531636153e-07,9.04102163877086e-18,9.986620040822684e-24,9.986620040822684e-20,1.0009642180593288,9.9962493202177e-24,7.484783422875732e-07
-22.9,2464742228409596.5,9.294527290604482e-07,9.060829511203207e-18,1.0008499614138895e-23,1.0008499614138895e-19,1.000963166567443,1.00181394663575e-23,7.501181750536877e-07
-22.875,2464743675262634.5,9.314912961691901e-07,9.080702613343785e-18,1.0030451239523721e-23,1.0030451239523722e-19,1.000962115075557,1.0040101687875907e-23,7.517634079864908e-07
-22.85,2464745122115672.0,9.335365839306871e-07,9.100641232198569e-18,1.005247523400103e-23,1.0052475234001029e-19,1.0009610635836712,1.0062136301874184e-23,7.534140648463234e-07
-22.825,2464746568968710.0,9.35588621948045e-07,9.120645656355334e-18,1.0074571916341922e-23,1.0074571916341921e-19,1.0009600120917854,1.0084243627201172e-23,7.550701695244788e-07
-22.8,2464748015821747.5,9.376474399877028e-07,9.140716175994118e-18,1.0096741607076306e-23,1.0096741607076307e-19,1.0009589605998994,1.0106423984464857e-23,7.56731746044069e-07
-22.775,2464749462674785.5,9.397130679805174e-07,9.160853082897798e-18,1.0118984628504557e-23,1.0118984628504558e-19,1.0009579091080136,1.0128677696044051e-23,7.583988185608996e-07
-22.75,2464750909527823.5,9.417855360228562e-07,9.181056670462742e-18,1.0141301304709307e-23,1.0141301304709308e-19,1.0009568576161278,1.0151005086100165e-23,7.600714113643526e-07
-22.725,2464752356380861.0,9.43864874377696e-07,9.201327233709518e-18,1.0163691961567257e-23,1.0163691961567256e-19,1.0009558061242418,1.017340648058903e-23,7.617495488782724e-07
-22.7,2464753803233899.0,9.459511134757347e-07,9.221665069293739e-18,1.0186156926761162e-23,1.0186156926761162e-19,1.000954754632356,1.0195882207272893e-23,7.634332556618636e-07
-22.675,2464755250086937.0,9.480442839165057e-07,9.242070475516912e-18,1.0208696529791819e-23,1.0208696529791819e-19,1.0009537031404703,1.0218432595732389e-23,7.651225564105899e-07
-22.65,2464756696939974.5,9.501444164695078e-07,9.262543752337472e-18,1.0231311101990244e-23,1.0231311101990244e-19,1.0009526516485843,1.0241057977378733e-23,7.66817475957086e-07
-22.625,2464758143793012.5,9.52251542075338e-07,9.283085201381813e-18,1.0254000976529871e-23,1.0254000976529871e-19,1.0009516001566985,1.0263758685465924e-23,7.685180392720726e-07
-22.6,2464759590646050.0,9.543656918468367e-07,9.303695125955452e-18,1.0276766488438869e-23,1.0276766488438869e-19,1.0009505486648127,1.0286535055103047e-23,7.702242714652792e-07
-22.575,2464761037499088.0,9.564868970702422e-07,9.32437383105429e-18,1.0299607974612591e-23,1.029960797461259e-19,1.0009494971729267,1.0309387423266738e-23,7.719361977863775e-07
-22.55,2464762484352126.0,9.58615189206348e-07,9.345121623375888e-18,1.032252577382603e-23,1.032252577382603e-19,1.000948445681041,1.0332316128813649e-23,7.736538436259144e-07
-22.525,2464763931205163.5,9.6075059989168e-07,9.365938811330949e-18,1.0345520226746491e-23,1.0345520226746491e-19,1.0009473941891551,1.0355321512493097e-23,7.753772345162619e-07
-22.5,2464765378058201.5,9.628931609396724e-07,9.386825705054773e-18,1.0368591675946256e-23,1.0368591675946256e-19,1.0009463426972691,1.0378403916959753e-23,7.771063961325669e-07
-22.475,2464766824911239.5,9.650429043418604e-07,9.407782616418892e-18,1.0391740465915429e-23,1.0391740465915428e-19,1.0009452912053833,1.0401563686786485e-23,7.78841354293713e-07
-22.45,2464768271764277.0,9.671998622690767e-07,9.428809859042733e-18,1.0414966943074821e-23,1.0414966943074821e-19,1.0009442397134976,1.0424801168477236e-23,7.805821349632866e-07
-22.425,2464769718617315.0,9.693640670726616e-07,9.44990774830541e-18,1.0438271455788978e-23,1.0438271455788979e-19,1.0009431882216118,1.0448116710480065e-23,7.82328764250554e-07
-22.4,2464771165470352.5,9.715355512856807e-07,9.471076601357598e-18,1.0461654354379293e-23,1.0461654354379292e-19,1.0009421367297258,1.0471510663200248e-23,7.840812684114428e-07
-22.375,2464772612323390.5,9.737143476241518e-07,9.492316737133493e-18,1.0485115991137215e-23,1.0485115991137214e-19,1.00094108523784,1.0494983379013514e-23,7.858396738495329e-07
-22.35,2464774059176428.5,9.759004889882826e-07,9.513628476362879e-18,1.0508656720337582e-23,1.0508656720337582e-19,1.0009400337459542,1.0518535212279348e-23,7.876040071170556e-07
-22.325,2464775506029466.0,9.780940084637186e-07,9.535012141583295e-18,1.0532276898252064e-23,1.0532276898252064e-19,1.0009389822540682,1.0542166519354455e-23,7.893742949159006e-07
-22.3,2464776952882504.0,9.802949393227985e-07,9.556468057152264e-18,1.0555976883162663e-23,1.0555976883162663e-19,1.0009379307621824,1.0565877658606267e-23,7.911505640986284e-07
-22.275,2464778399735542.0,9.825033150258218e-07,9.577996549259662e-18,1.0579757035375378e-23,1.0579757035375378e-19,1.0009368792702966,1.0589668990426596e-23,7.929328416694944e-07
-22.25,2464779846588579.5,9.847191692223257e-07,9.599597945940159e-18,1.0603617717233955e-23,1.0603617717233955e-19,1.0009358277784106,1.0613540877245389e-23,7.94721154785479e-07
-22.225,2464781293441617.5,9.86942535752373e-07,9.621272577085779e-18,1.0627559293133747e-23,1.0627559293133747e-19,1.0009347762865248,1.0637493683544605e-23,7.965155307573271e-07
-22.2,2464782740294655.0,9.89173448647848e-07,9.643020774458525e-18,1.0651582129535669e-23,1.0651582129535669e-19,1.000933724794639,1.066152777587215e-23,7.983159970505931e-07
-22.175,2464784187147693.0,9.91411942133765e-07,9.664842871703143e-18,1.0675686594980297e-23,1.0675686594980296e-19,1.000932673302753,1.0685643522855993e-23,8.001225812866984e-07
-22.15,2464785634000731.0,9.936580506295862e-07,9.686739204359968e-18,1.0699873060102052e-23,1.0699873060102052e-19,1.0009316218108673,1.0709841295218353e-23,8.01935311243994e-07
-22.125,2464787080853768.5,9.959118087505505e-07,9.708710109877873e-18,1.072414189764351e-23,1.0724141897643509e-19,1.0009305703189815,1.0734121465790003e-23,8.03754214858833e-07
-22.1,2464788527706806.5,9.981732513090115e-07,9.730755927627322e-18,1.0748493482469813e-23,1.0748493482469813e-19,1.0009295188270955,1.0758484409524681e-23,8.055793202266513e-07
-22.075,2464789974559844.5,1.0004424133157904e-06,9.752876998913548e-18,1.0772928191583231e-23,1.0772928191583231e-19,1.0009284673352097,1.0782930503513675e-23,8.074106556030579e-07
-22.05,2464791421412882.0,1.0027193299815325e-06,9.775073666989785e-18,1.0797446404137778e-23,1.0797446404137778e-19,1.000927415843324,1.0807460127000417e-23,8.092482494049314e-07
-22.025,2464792868265920.0,1.005004036718083e-06,9.797346277070671e-18,1.0822048501454011e-23,1.0822048501454011e-19,1.000926364351438,1.083207366139529e-23,8.110921302115287e-07
-22.0,2464794315118957.5,1.0072965691398657e-06,9.819695176345709e-18,1.0846734867033904e-23,1.0846734867033905e-19,1.000925312859552,1.0856771490290523e-23,8.129423267655993e-07
-21.975,2464795761971995.5,1.0095969630652808e-06,9.842120713992861e-18,1.0871505886575864e-23,1.0871505886575863e-19,1.0009242613676663,1.0881553999475183e-23,8.147988679745119e-07
-21.95,2464797208825033.5,1.0119052545181068e-06,9.864623241192244e-18,1.0896361947989855e-23,1.0896361947989856e-19,1.0009232098757803,1.0906421576950315e-23,8.166617829113867e-07
-21.924999999999997,2464798655678071.0,1.0142214797289176e-06,9.887203111139931e-18,1.0921303441412649e-23,1.092130344141265e-19,1.0009221583838945,1.0931374612944205e-23,8.185311008162393e-07
-21.9,2464800102531109.0,1.0165456751365111e-06,9.909860679061879e-18,1.0946330759223205e-23,1.0946330759223205e-19,1.0009211068920087,1.0956413499927733e-23,8.204068510971326e-07
-21.875,2464801549384147.0,1.0188778773893461e-06,9.932596302227935e-18,1.097144429605814e-23,1.097144429605814e-19,1.000920055400123,1.0981538632629877e-23,8.222890633313373e-07
-21.85,2464802996237184.5,1.021218123346998e-06,9.955410339966037e-18,1.0996644448827422e-23,1.0996644448827422e-19,1.000919003908237,1.1006750408053388e-23,8.241777672665071e-07
-21.825,2464804443090222.5,1.0235664500816153e-06,9.978303153676399e-18,1.1021931616730031e-23,1.1021931616730032e-19,1.0009179524163512,1.1032049225490467e-23,8.260729928218525e-07
-21.799999999999997,2464805889943260.5,1.0259228948793983e-06,1.0001275106845933e-17,1.1047306201269894e-23,1.1047306201269893e-19,1.0009169009244654,1.1057435486538691e-23,8.27974770089336e-07
-21.775,2464807336796298.0,1.0282874952420825e-06,1.0024326565062715e-17,1.1072768606271857e-23,1.1072768606271857e-19,1.0009158494325794,1.1082909595116994e-23,8.298831293348685e-07
-21.75,2464808783649336.0,1.0306602888884407e-06,1.0047457896030618e-17,1.1098319237897861e-23,1.109831923789786e-19,1.0009147979406936,1.110847195748185e-23,8.317981009995217e-07
-21.725,2464810230502373.5,1.033041313755791e-06,1.007066946958402e-17,1.1123958504663177e-23,1.1123958504663176e-19,1.0009137464488078,1.1134122982243498e-23,8.337197157007445e-07
-21.7,2464811677355411.5,1.0354306080015201e-06,1.009396165770265e-17,1.1149686817452808e-23,1.114968681745281e-19,1.0009126949569218,1.1159863080382355e-23,8.356480042335936e-07
-21.674999999999997,2464813124208449.5,1.037828210004619e-06,1.0117334834526564e-17,1.1175504589538034e-23,1.1175504589538033e-19,1.000911643465036,1.1185692665265566e-23,8.375829975719721e-07
-21.65,2464814571061487.0,1.0402341583672305e-06,1.0140789376371223e-17,1.1201412236593067e-23,1.1201412236593068e-19,1.0009105919731502,1.1211612152663656e-23,8.395247268698783e-07
-21.625,2464816017914525.0,1.0426484919162112e-06,1.0164325661742729e-17,1.1227410176711874e-23,1.1227410176711873e-19,1.0009095404812642,1.1237621960767352e-23,8.414732234626667e-07
-21.6,2464817464767563.0,1.0450712497047024e-06,1.0187944071353134e-17,1.1253498830425095e-23,1.1253498830425094e-19,1.0009084889893785,1.126372251020452e-23,8.434285188683161e-07
-21.575,2464818911620600.5,1.0475024710137184e-06,1.0211644988135925e-17,1.1279678620717143e-23,1.1279678620717142e-19,1.0009074374974927,1.1289914224057249e-23,8.453906447887105e-07
-21.549999999999997,2464820358473638.5,1.0499421953537444e-06,1.0235428797261596e-17,1.1305949973043409e-23,1.130594997304341e-19,1.0009063860056067,1.1316197527879064e-23,8.473596331109293e-07
-21.525,2464821805326676.0,1.0523904624663486e-06,1.0259295886153375e-17,1.1332313315347623e-23,1.1332313315347623e-19,1.0009053345137209,1.1342572849712306e-23,8.493355159085482e-07
-21.5,2464823252179714.0,1.0548473123258093e-06,1.0283246644503076e-17,1.1358769078079383e-23,1.1358769078079384e-19,1.000904283021835,1.1369040620105635e-23,8.51318325442953e-07
-21.475,2464824699032752.0,1.0573127851407516e-06,1.0307281464287059e-17,1.1385317694211764e-23,1.1385317694211763e-19,1.000903231529949,1.1395601272131662e-23,8.533080941646593e-07
-21.45,2464826145885789.5,1.0597869213558037e-06,1.0331400739782373e-17,1.1411959599259165e-23,1.1411959599259166e-19,1.0009021800380633,1.1422255241404801e-23,8.5530485471465e-07
-21.424999999999997,2464827592738827.5,1.0622697616532565e-06,1.0355604867582939e-17,1.1438695231295173e-23,1.1438695231295172e-19,1.0009011285461775,1.1449002966099117e-23,8.573086399257146e-07
-21.4,2464829039591865.5,1.064761346954749e-06,1.037989424661598e-17,1.146552503097072e-23,1.146552503097072e-19,1.0009000770542915,1.1475844886966503e-23,8.593194828238095e-07
-21.375,2464830486444903.0,1.0672617184229604e-06,1.0404269278158511e-17,1.1492449441532293e-23,1.1492449441532294e-19,1.0008990255624057,1.1502781447354886e-23,8.613374166294233e-07
-21.35,2464831933297941.0,1.0697709174633166e-06,1.0428730365853983e-17,1.1519468908840317e-23,1.1519468908840318e-19,1.00089797407052,1.1529813093226617e-23,8.633624747589541e-07
-21.325,2464833380150978.5,1.0722889857257144e-06,1.0453277915729081e-17,1.1546583881387722e-23,1.1546583881387723e-19,1.0008969225786342,1.1556940273177032e-23,8.653946908261014e-07
-21.299999999999997,2464834827004016.5,1.0748159651062538e-06,1.0477912336210625e-17,1.1573794810318589e-23,1.157379481031859e-19,1.0008958710867482,1.1584163438453109e-23,8.674340986432634e-07
-21.275,2464836273857054.5,1.077351897748992e-06,1.0502634038142656e-17,1.160110214944705e-23,1.160110214944705e-19,1.0008948195948624,1.1611483042972376e-23,8.694807322229537e-07
-21.25,2464837720710092.0,1.0798968260477076e-06,1.0527443434803646e-17,1.1628506355276276e-23,1.1628506355276276e-19,1.0008937681029766,1.1638899543341882e-23,8.71534625779224e-07
-21.225,2464839167563130.0,1.0824507926476802e-06,1.0552340941923831e-17,1.1656007887017635e-23,1.1656007887017634e-19,1.0008927166110906,1.1666413398877379e-23,8.735958137291008e-07
-21.2,2464840614416168.0,1.0850138404474835e-06,1.0577326977702712e-17,1.1683607206610016e-23,1.1683607206610017e-19,1.0008916651192048,1.169402507162264e-23,8.756643306940327e-07
-21.174999999999997,2464842061269205.5,1.0875860126007976e-06,1.0602401962826702e-17,1.1711304778739334e-23,1.1711304778739335e-19,1.000890613627319,1.1721735026368965e-23,8.777402115013527e-07
-21.15,2464843508122243.5,1.090167352518231e-06,1.0627566320486904e-17,1.173910107085815e-23,1.173910107085815e-19,1.000889562135433,1.1749543730674806e-23,8.798234911857493e-07
-21.125,2464844954975281.0,1.0927579038691634e-06,1.0652820476397062e-17,1.1766996553205511e-23,1.1766996553205512e-19,1.0008885106435472,1.1777451654885619e-23,8.81914204990752e-07
-21.1,2464846401828319.0,1.0953577105835992e-06,1.0678164858811644e-17,1.1794991698826924e-23,1.1794991698826923e-19,1.0008874591516614,1.1805459272153818e-23,8.840123883702298e-07
-21.075,2464847848681357.0,1.0979668168540381e-06,1.0703599898544063e-17,1.1823086983594479e-23,1.182308698359448e-19,1.0008864076597754,1.1833567058458928e-23,8.861180769898986e-07
-21.049999999999997,2464849295534394.5,1.1005852671373628e-06,1.0729126028985092e-17,1.1851282886227192e-23,1.1851282886227192e-19,1.0008853561678897,1.1861775492627919e-23,8.882313067288461e-07
-21.025,2464850742387432.5,1.1032131061567405e-06,1.0754743686121392e-17,1.1879579888311469e-23,1.187957988831147e-19,1.0008843046760039,1.1890085056355664e-23,8.903521136810652e-07
-21.0,2464852189240470.5,1.105850378903543e-06,1.0780453308554235e-17,1.1907978474321792e-23,1.1907978474321791e-19,1.0008832531841179,1.1918496234225644e-23,8.92480534157005e-07
-20.975,2464853636093508.0,1.10849713063928e-06,1.080625533751835e-17,1.1936479131641527e-23,1.1936479131641526e-19,1.000882201692232,1.1947009513730754e-23,8.946166046851298e-07
-20.95,2464855082946546.0,1.1111534068975502e-06,1.0832150216900945e-17,1.1965082350583945e-23,1.1965082350583944e-19,1.0008811502003463,1.1975625385294322e-23,8.967603620134946e-07
-20.924999999999997,2464856529799583.5,1.1138192534860092e-06,1.0858138393260884e-17,1.1993788624413402e-23,1.1993788624413403e-19,1.0008800987084603,1.2004344342291293e-23,8.989118431113331e-07
-20.9,2464857976652621.5,1.1164947164883538e-06,1.088422031584804e-17,1.2022598449366713e-23,1.2022598449366713e-19,1.0008790472165745,1.2033166881069621e-23,9.010710851706588e-07
-20.875,2464859423505659.5,1.119179842266321e-06,1.0910396436622782e-17,1.2051512324674677e-23,1.2051512324674678e-19,1.0008779957246887,1.2062093500971774e-23,9.032381256078788e-07
-20.85,2464860870358697.0,1.1218746774617093e-06,1.0936667210275666e-17,1.2080530752583835e-23,1.2080530752583835e-19,1.0008769442328027,1.209112470435651e-23,9.054130020654245e-07
-20.825,2464862317211735.0,1.1245792689984108e-06,1.0963033094247266e-17,1.2109654238378365e-23,1.2109654238378366e-19,1.000875892740917,1.2120260996620775e-23,9.07595752413392e-07
-20.799999999999997,2464863764064773.0,1.127293664084464e-06,1.0989494548748173e-17,1.2138883290402182e-23,1.2138883290402182e-19,1.0008748412490311,1.21495028862218e-23,9.097864147511994e-07
-20.775,2464865210917810.5,1.1300179102141246e-06,1.1016052036779179e-17,1.2168218420081222e-23,1.2168218420081222e-19,1.0008737897571454,1.2178850884699396e-23,9.119850274092565e-07
-20.75,2464866657770848.5,1.1327520551699519e-06,1.104270602415163e-17,1.2197660141945936e-23,1.2197660141945936e-19,1.0008727382652594,1.2208305506698441e-23,9.141916289506503e-07
-20.725,2464868104623886.0,1.135496147024914e-06,1.1069456979507938e-17,1.2227208973653939e-23,1.2227208973653939e-19,1.0008716867733736,1.2237867269991548e-23,9.164062581728429e-07
-20.7,2464869551476924.0,1.138250234144513e-06,1.1096305374342295e-17,1.2256865436012895e-23,1.2256865436012895e-19,1.0008706352814878,1.2267536695501937e-23,9.186289541093869e-07
-20.674999999999997,2464870998329962.0,1.1410143651889217e-06,1.112325168302152e-17,1.228663005300354e-23,1.2286630053003538e-19,1.0008695837896018,1.2297314307326465e-23,9.208597560316503e-07
-20.65,2464872445182999.5,1.143788589115148e-06,1.1150296382806142e-17,1.2316503351802972e-23,1.2316503351802973e-19,1.000868532297716,1.232720063275894e-23,9.230987034505629e-07
-20.625,2464873892036037.5,1.1465729551792104e-06,1.1177439953871615e-17,1.2346485862808089e-23,1.2346485862808089e-19,1.0008674808058302,1.2357196202313529e-23,9.253458361183719e-07
-20.6,2464875338889075.5,1.1493675129383353e-06,1.1204682879329735e-17,1.237657811965924e-23,1.237657811965924e-19,1.0008664293139442,1.2387301549748433e-23,9.276011940304154e-07
-20.575,2464876785742113.0,1.152172312253175e-06,1.123202564525027e-17,1.2406780659264118e-23,1.2406780659264118e-19,1.0008653778220584,1.2417517212089789e-23,9.298648174269126e-07
-20.549999999999997,2464878232595151.0,1.1549874032900375e-06,1.1259468740682689e-17,1.2437094021821765e-23,1.2437094021821765e-19,1.0008643263301726,1.2447843729655659e-23,9.321367467947631e-07
-20.525,2464879679448189.0,1.157812836523145e-06,1.1287012657678181e-17,1.2467518750846895e-23,1.2467518750846894e-19,1.0008632748382866,1.2478281646080367e-23,9.344170228693701e-07
-20.5,2464881126301226.5,1.1606486627369054e-06,1.1314657891311804e-17,1.2498055393194351e-23,1.249805539319435e-19,1.0008622233464008,1.2508831508338974e-23,9.367056866364728e-07
-20.475,2464882573154264.5,1.1634949330282059e-06,1.1342404939704835e-17,1.2528704499083805e-23,1.2528704499083805e-19,1.000861171854515,1.2539493866771953e-23,9.390027793339982e-07
-20.45,2464884020007302.0,1.1663516988087266e-06,1.1370254304047338e-17,1.2559466622124671e-23,1.255946662212467e-19,1.000860120362629,1.2570269275110121e-23,9.413083424539281e-07
-20.424999999999997,2464885466860340.0,1.169219011807272e-06,1.1398206488620876e-17,1.2590342319341211e-23,1.259034231934121e-19,1.0008590688707433,1.2601158290499759e-23,9.436224177441807e-07
-20.4,2464886913713378.0,1.1720969240721234e-06,1.1426262000821458e-17,1.2621332151197865e-23,1.2621332151197864e-19,1.0008580173788575,1.2632161473527926e-23,9.459450472105089e-07
-20.375,2464888360566415.5,1.1749854879734166e-06,1.1454421351182708e-17,1.2652436681624854e-23,1.2652436681624854e-19,1.0008569658869715,1.2663279388248073e-23,9.482762731184195e-07
-20.35,2464889807419453.5,1.1778847562055312e-06,1.1482685053399167e-17,1.2683656478043912e-23,1.2683656478043913e-19,1.0008559143950857,1.2694512602205792e-23,9.506161379951019e-07
-20.325,2464891254272491.5,1.1807947817895099e-06,1.1511053624349863e-17,1.271499211139433e-23,1.271499211139433e-19,1.0008548629032,1.272586168646484e-23,9.52964684631379e-07
-20.299999999999997,2464892701125529.0,1.183715618075491e-06,1.1539527584122044e-17,1.2746444156159164e-23,1.2746444156159164e-19,1.000853811411314,1.2757327215633368e-23,9.553219560836729e-07
-20.275,2464894147978567.0,1.1866473187451674e-06,1.1568107456035133e-17,1.2778013190391693e-23,1.2778013190391692e-19,1.0008527599194281,1.2788909767890382e-23,9.576879956759868e-07
-20.25,2464895594831604.5,1.189589937814266e-06,1.1596793766664905e-17,1.2809699795742136e-23,1.2809699795742135e-19,1.0008517084275423,1.2820609925012456e-23,9.600628470019083e-07
-20.225,2464897041684642.5,1.1925435296350463e-06,1.1625587045867847e-17,1.2841504557484548e-23,1.2841504557484547e-19,1.0008506569356566,1.2852428272400638e-23,9.624465539266236e-07
-20.2,2464898488537680.5,1.1955081488988258e-06,1.1654487826805775e-17,1.287342806454402e-23,1.287342806454402e-19,1.0008496054437706,1.2884365399107645e-23,9.648391605889586e-07
-20.174999999999997,2464899935390718.0,1.1984838506385207e-06,1.1683496645970599e-17,1.2905470909524027e-23,1.2905470909524027e-19,1.0008485539518848,1.2916421897865237e-23,9.67240711403426e-07
-20.15,2464901382243756.0,1.2014706902312146e-06,1.1712614043209367e-17,1.2937633688734101e-23,1.29376336887341e-19,1.000847502459999,1.2948598365111869e-23,9.696512510623009e-07
-20.125,2464902829096794.0,1.2044687234007497e-06,1.174184056174953e-17,1.2969917002217725e-23,1.2969917002217724e-19,1.000846450968113,1.2980895401020597e-23,9.720708245377107e-07
-20.1,2464904275949831.5,1.2074780062203348e-06,1.1771176748224357e-17,1.3002321453780419e-23,1.300232145378042e-19,1.0008453994762272,1.3013313609527183e-23,9.744994770837413e-07
-20.075,2464905722802869.5,1.210498595115185e-06,1.1800623152698673e-17,1.3034847651018162e-23,1.303484765101816e-19,1.0008443479843414,1.3045853598358496e-23,9.769372542385653e-07
-20.049999999999997,2464907169655907.0,1.2135305468651753e-06,1.1830180328694731e-17,1.3067496205345978e-23,1.3067496205345978e-19,1.0008432964924554,1.307851597906112e-23,9.793842018265859e-07
-20.025,2464908616508945.0,1.216573918607526e-06,1.1859848833218386e-17,1.3100267732026833e-23,1.3100267732026834e-19,1.0008422450005696,1.3111301367030256e-23,9.818403659606023e-07
-20.0,2464910063361983.0,1.2196287678395081e-06,1.188962922678547e-17,1.3133162850200785e-23,1.3133162850200785e-19,1.0008411935086838,1.3144210381538862e-23,9.843057930439949e-07
-19.975,2464911510215020.5,1.2226951524211718e-06,1.191952207344839e-17,1.3166182182914353e-23,1.3166182182914353e-19,1.0008401420167978,1.3177243645767035e-23,9.86780529772925e-07
-19.95,2464912957068058.5,1.2257731305781005e-06,1.194952794082298e-17,1.3199326357150186e-23,1.3199326357150186e-19,1.000839090524912,1.3210401786831692e-23,9.8926462313856e-07
-19.924999999999997,2464914403921096.5,1.228862760904189e-06,1.197964740011558e-17,1.3232596003856963e-23,1.3232596003856963e-19,1.0008380390330263,1.3243685435816462e-23,9.91758120429314e-07
-19.9,2464915850774134.0,1.231964102364445e-06,1.2009881026150344e-17,1.3265991757979566e-23,1.3265991757979565e-19,1.0008369875411403,1.3277095227801864e-23,9.942610692331088e-07
-19.875,2464917297627172.0,1.2350772142978212e-06,1.204022939739686e-17,1.3299514258489583e-23,1.3299514258489584e-19,1.0008359360492545,1.3310631801895827e-23,9.967735174396598e-07
-19.85,2464918744480209.5,1.2382021564200644e-06,1.2070693095997912e-17,1.3333164148415984e-23,1.3333164148415983e-19,1.0008348845573687,1.334429580126436e-23,9.992955132427762e-07
-19.825,2464920191333247.5,1.241338988826596e-06,1.210127270779757e-17,1.3366942074876134e-23,1.3366942074876134e-19,1.0008338330654827,1.3378087873162556e-23,1.001827105142684e-06
-19.799999999999997,2464921638186285.5,1.2444877719954133e-06,1.2131968822369464e-17,1.340084868910704e-23,1.340084868910704e-19,1.000832781573597,1.341200866896589e-23,1.0043683419483693e-06
-19.775,2464923085039323.0,1.2476485667900248e-06,1.216278203304541e-17,1.3434884646496954e-23,1.3434884646496954e-19,1.0008317300817111,1.3446058844201763e-23,1.0069192727799457e-06
-19.75,2464924531892361.0,1.250821434462402e-06,1.2193712936944181e-17,1.3469050606617168e-23,1.3469050606617168e-19,1.000830678589825,1.3480239058581356e-23,1.009479947071038e-06
-19.725,2464925978745399.0,1.254006436655966e-06,1.2224762135000615e-17,1.3503347233254156e-23,1.3503347233254156e-19,1.0008296270979393,1.3514549976031747e-23,1.0120504145711907e-06
-19.7,2464927425598436.5,1.257203635408595e-06,1.2255930231994948e-17,1.3537775194441983e-23,1.3537775194441983e-19,1.0008285756060535,1.3548992264728334e-23,1.0146307253482976e-06
-19.674999999999997,2464928872451474.5,1.2604130931556611e-06,1.2287217836582405e-17,1.3572335162494984e-23,1.3572335162494985e-19,1.0008275241141675,1.3583566597127513e-23,1.0172209297910502e-06
-19.65,2464930319304512.0,1.2636348727330949e-06,1.2318625561323085e-17,1.3607027814040786e-23,1.3607027814040787e-19,1.0008264726222817,1.3618273649999718e-23,1.0198210786114136e-06
-19.625,2464931766157550.0,1.26686903738048e-06,1.235015402271212e-17,1.36418538300536e-23,1.36418538300536e-19,1.000825421130396,1.36531141044627e-23,1.0224312228471207e-06
-19.6,2464933213010588.0,1.270115650744169e-06,1.2381803841210063e-17,1.367681389588781e-23,1.3676813895887812e-19,1.0008243696385102,1.3688088646015135e-23,1.0250514138641908e-06
-19.575,2464934659863625.5,1.2733747768804335e-06,1.2413575641273581e-17,1.3711908701311868e-23,1.371190870131187e-19,1.0008233181466242,1.3723197964570512e-23,1.0276817033594682e-06
-19.549999999999997,2464936106716663.5,1.2766464802586398e-06,1.2445470051386424e-17,1.374713894054249e-23,1.374713894054249e-19,1.0008222666547384,1.3758442754491353e-23,1.0303221433631873e-06
-19.525,2464937553569701.5,1.279930825764454e-06,1.2477487704090666e-17,1.3782505312279187e-23,1.3782505312279188e-19,1.0008212151628526,1.379382371462373e-23,1.0329727862415588e-06
-19.5,2464939000422739.0,1.2832278787030784e-06,1.2509629236018262e-17,1.3818008519739102e-23,1.3818008519739102e-19,1.0008201636709666,1.38293415483321e-23,1.0356336846993819e-06
-19.475,2464940447275777.0,1.286537704802512e-06,1.254189528792282e-17,1.385364927069212e-23,1.3853649270692122e-19,1.0008191121790808,1.386499696353446e-23,1.0383048917826747e-06
-19.45,2464941894128815.0,1.2898603702168467e-06,1.257428650471175e-17,1.3889428277496373e-23,1.3889428277496372e-19,1.000818060687195,1.390079067273781e-23,1.040986460881336e-06
-19.424999999999997,2464943340981852.5,1.2931959415295906e-06,1.2606803535478644e-17,1.3925346257133997e-23,1.3925346257133997e-19,1.000817009195309,1.3936723393073937e-23,1.0436784457318254e-06
-19.4,2464944787834890.5,1.2965444857570184e-06,1.2639447033535956e-17,1.3961403931247255e-23,1.3961403931247255e-19,1.0008159577034232,1.397279584633556e-23,1.0463809004198694e-06
-19.375,2464946234687928.0,1.299906070351561e-06,1.267221765644803e-17,1.3997602026174994e-23,1.3997602026174995e-19,1.0008149062115375,1.4009008759012755e-23,1.0490938793831953e-06
-19.35,2464947681540966.0,1.3032807632052175e-06,1.2705116066064371e-17,1.4033941272989408e-23,1.4033941272989408e-19,1.0008138547196515,1.4045362862329743e-23,1.051817437414286e-06
-19.325,2464949128394004.0,1.3066686326530027e-06,1.2738142928553254e-17,1.407042240753316e-23,1.407042240753316e-19,1.0008128032277657,1.4081858892282028e-23,1.054551629663161e-06
-19.299999999999997,2464950575247041.5,1.3100697474764251e-06,1.277129891443562e-17,1.4107046170456825e-23,1.4107046170456824e-19,1.0008117517358799,1.411849758967383e-23,1.0572965116401845e-06
-19.275,2464952022100079.5,1.3134841769069974e-06,1.2804584698619313e-17,1.4143813307256704e-23,1.4143813307256704e-19,1.0008107002439939,1.41552797001559e-23,1.060052139218899e-06
-19.25,2464953468953117.5,1.3169119906297801e-06,1.283800096043361e-17,1.4180724568312974e-23,1.4180724568312973e-19,1.000809648752108,1.4192205974263696e-23,1.0628185686388837e-06
-19.225,2464954915806155.0,1.3203532587869552e-06,1.2871548383664069e-17,1.421778070892816e-23,1.421778070892816e-19,1.0008085972602223,1.4229277167455843e-23,1.065595856508639e-06
-19.2,2464956362659193.0,1.3238080519814355e-06,1.2905227656587712e-17,1.4254982489366032e-23,1.4254982489366032e-19,1.0008075457683363,1.4266494040153027e-23,1.0683840598085005e-06
-19.174999999999997,2464957809512230.5,1.3272764412805042e-06,1.2939039472008504e-17,1.4292330674890758e-23,1.4292330674890758e-19,1.0008064942764505,1.4303857357777195e-23,1.0711832358935747e-06
-19.15,2464959256365268.5,1.3307584982194908e-06,1.297298452729319e-17,1.4329826035806516e-23,1.4329826035806515e-19,1.0008054427845647,1.4341367890791125e-23,1.0739934424967079e-06
-19.125,2464960703218306.5,1.3342542948054827e-06,1.3007063524407479e-17,1.4367469347497445e-23,1.4367469347497445e-19,1.0008043912926787,1.43790264147384e-23,1.0768147377314788e-06
-19.1,2464962150071344.0,1.3377639035210652e-06,1.3041277169952499e-17,1.440526139046793e-23,1.440526139046793e-19,1.000803339800793,1.441683371028372e-23,1.0796471800952195e-06
-19.075,2464963596924382.0,1.3412873973281032e-06,1.3075626175201668e-17,1.444320295038331e-23,1.444320295038331e-19,1.0008022883089072,1.4454790563253576e-23,1.082490828472066e-06
-19.049999999999997,2464965043777420.0,1.3448248496715498e-06,1.3110111256137819e-17,1.4481294818110903e-23,1.4481294818110902e-19,1.0008012368170214,1.4492897764677315e-23,1.0853457421360326e-06
-19.025,2464966490630457.5,1.3483763344832992e-06,1.3144733133490762e-17,1.4519537789761483e-23,1.4519537789761483e-19,1.0008001853251354,1.45311561108286e-23,1.0882119807541207e-06
-19.0,2464967937483495.5,1.3519419261860713e-06,1.3179492532775152e-17,1.4557932666731123e-23,1.4557932666731122e-19,1.0007991338332496,1.4569566403267276e-23,1.0910896043894545e-06
-18.975,2464969384336533.0,1.3555216996973315e-06,1.3214390184328706e-17,1.459648025574339e-23,1.459648025574339e-19,1.0007980823413638,1.4608129448881564e-23,1.0939786735044448e-06
-18.95,2464970831189571.0,1.3591157304332488e-06,1.3249426823350777e-17,1.4635181368891976e-23,1.4635181368891977e-19,1.0007970308494778,1.4646846059930687e-23,1.0968792489639825e-06
-18.924999999999997,2464972278042609.0,1.3627240943126895e-06,1.3284603189941304e-17,1.4674036823683702e-23,1.4674036823683701e-19,1.000795979357592,1.46857170540879e-23,1.0997913920386623e-06
-18.9,2464973724895646.5,1.3663468677612508e-06,1.3319920029140119e-17,1.4713047443081948e-23,1.4713047443081948e-19,1.0007949278657062,1.4724743254483912e-23,1.102715164408038e-06
-18.875,2464975171748684.5,1.3699841277153298e-06,1.3355378090966622e-17,1.4752214055550474e-23,1.4752214055550473e-19,1.0007938763738202,1.4763925489750715e-23,1.1056506281639063e-06
-18.85,2464976618601722.5,1.3736359516262338e-06,1.3390978130459845e-17,1.479153749509767e-23,1.4791537495097669e-19,1.0007928248819344,1.4803264594065848e-23,1.1085978458136232e-06
-18.825,2464978065454760.0,1.3773024174643247e-06,1.3426720907718862e-17,1.4831018601321203e-23,1.4831018601321203e-19,1.0007917733900487,1.4842761407197046e-23,1.1115568802834513e-06
-18.799999999999997,2464979512307798.0,1.380983603723205e-06,1.3462607187943585e-17,1.4870658219453064e-23,1.4870658219453065e-19,1.0007907218981626,1.4882416774547277e-23,1.1145277949219343e-06
-18.775,2464980959160835.5,1.3846795894239449e-06,1.3498637741475988e-17,1.491045720040513e-23,1.4910457200405129e-19,1.0007896704062769,1.4922231547200348e-23,1.117510653503313e-06
-18.75,2464982406013873.5,1.3883904541193463e-06,1.3534813343841654e-17,1.4950416400815018e-23,1.4950416400815017e-19,1.000788618914391,1.4962206581966723e-23,1.1205055202309618e-06
-18.725,2464983852866911.5,1.3921162778982516e-06,1.3571134775791802e-17,1.4990536683092547e-23,1.4990536683092547e-19,1.000787567422505,1.5002342741430017e-23,1.1235124597408704e-06
-18.7,2464985299719949.0,1.3958571413898847e-06,1.3607602823345587e-17,1.5030818915466433e-23,1.5030818915466433e-19,1.0007865159306193,1.50426408939937e-23,1.126531537105144e-06
-18.674999999999997,2464986746572987.0,1.3996131257682447e-06,1.3644218277832944e-17,1.507126397203163e-23,1.507126397203163e-19,1.0007854644387335,1.5083101913928426e-23,1.1295628178355515e-06
-18.65,2464988193426025.0,1.403384312756529e-06,1.3680981935937702e-17,1.511187273279695e-23,1.511187273279695e-19,1.0007844129468475,1.512372668141967e-23,1.1326063678870937e-06
-18.625,2464989640279062.5,1.4071707846316106e-06,1.371789459974123e-17,1.515264608373327e-23,1.5152646083733272e-19,1.0007833614549617,1.5164516082615944e-23,1.1356622536616178e-06
-18.6,2464991087132100.5,1.4109726242285512e-06,1.3754957076766439e-17,1.5193584916822138e-23,1.5193584916822138e-19,1.000782309963076,1.5205471009677407e-23,1.1387305420114585e-06
-18.575,2464992533985138.0,1.4147899149451565e-06,1.3792170180022182e-17,1.523469013010482e-23,1.523469013010482e-19,1.00078125847119,1.5246592360824918e-23,1.141811300243116e-06
-18.549999999999997,2464993980838176.0,1.418622740746577e-06,1.3829534728048113e-17,1.5275962627731845e-23,1.5275962627731845e-19,1.0007802069793041,1.528788104038959e-23,1.1449045961209673e-06
-18.525,2464995427691214.0,1.4224711861699536e-06,1.3867051544959969e-17,1.5317403320013027e-23,1.5317403320013029e-19,1.0007791554874184,1.5329337958862817e-23,1.1480104978710166e-06
-18.5,2464996874544251.5,1.4263353363291082e-06,1.3904721460495298e-17,1.5359013123467976e-23,1.5359013123467976e-19,1.0007781039955326,1.5370964032946785e-23,1.1511290741846806e-06
-18.475,2464998321397289.5,1.4302152769192756e-06,1.394254531005959e-17,1.5400792960877057e-23,1.5400792960877056e-19,1.0007770525036466,1.541276018560545e-23,1.1542603942226077e-06
-18.45,2464999768250327.5,1.4341110942218855e-06,1.3980523934772898e-17,1.5442743761332876e-23,1.5442743761332876e-19,1.0007760010117608,1.5454727346116032e-23,1.157404527618537e-06
-18.424999999999997,2465001215103365.0,1.4380228751093862e-06,1.4018658181516845e-17,1.548486646029221e-23,1.5484866460292208e-19,1.000774949519875,1.549686645012094e-23,1.1605615444831902e-06
-18.4,2465002661956403.0,1.4419507070501165e-06,1.4056948902982145e-17,1.5527161999628503e-23,1.5527161999628502e-19,1.000773898027989,1.5539178439680283e-23,1.163731515408206e-06
-18.375,2465004108809441.0,1.4458946781132296e-06,1.409539695771658e-17,1.5569631327684858e-23,1.5569631327684858e-19,1.0007728465361032,1.5581664263324862e-23,1.1669145114701118e-06
-18.35,2465005555662478.5,1.449854876973652e-06,1.4134003210173356e-17,1.5612275399327443e-23,1.5612275399327442e-19,1.0007717950442174,1.5624324876109602e-23,1.1701106042343263e-06
-18.325,2465007002515516.5,1.4538313929171066e-06,1.4172768530760072e-17,1.565509517599959e-23,1.565509517599959e-19,1.0007707435523314,1.5667161239667625e-23,1.173319865759215e-06
-18.299999999999997,2465008449368554.0,1.4578243158451687e-06,1.4211693795887987e-17,1.5698091625776214e-23,1.5698091625776215e-19,1.0007696920604456,1.5710174322264722e-23,1.176542368600167e-06
-18.275,2465009896221592.0,1.4618337362803837e-06,1.4250779888021948e-17,1.5741265723418956e-23,1.5741265723418955e-19,1.0007686405685599,1.5753365098854456e-23,1.1797781858137292e-06
-18.25,2465011343074630.0,1.465859745371425e-06,1.4290027695730635e-17,1.5784618450431697e-23,1.5784618450431699e-19,1.0007675890766738,1.5796734551133712e-23,1.1830273909617674e-06
-18.225,2465012789927667.5,1.4699024348983113e-06,1.4329438113737448e-17,1.5828150795116756e-23,1.5828150795116755e-19,1.000766537584788,1.5840283667598907e-23,1.1862900581156767e-06
-18.2,2465014236780705.5,1.4739618972776665e-06,1.4369012042971763e-17,1.5871863752631505e-23,1.5871863752631505e-19,1.0007654860929023,1.5884013443602585e-23,1.1895662618606256e-06
-18.174999999999997,2465015683633743.5,1.4780382255680317e-06,1.4408750390620738e-17,1.59157583250456e-23,1.59157583250456e-19,1.0007644346010163,1.592792488141068e-23,1.192856077299846e-06
-18.15,2465017130486781.0,1.4821315134752366e-06,1.444865407018166e-17,1.5959835521398804e-23,1.5959835521398804e-19,1.0007633831091305,1.597201899026034e-23,1.1961595800589647e-06
-18.125,2465018577339819.0,1.486241855357816e-06,1.4488724001514757e-17,1.6004096357759318e-23,1.6004096357759319e-19,1.0007623316172447,1.601629678641827e-23,1.1994768462903783e-06
-18.1,2465020024192856.5,1.4903693462324819e-06,1.4528961110896534e-17,1.6048541857282694e-23,1.6048541857282695e-19,1.0007612801253587,1.606075929323963e-23,1.202807952677666e-06
-18.075,2465021471045894.5,1.494514081779649e-06,1.4569366331073644e-17,1.6093173050271347e-23,1.6093173050271347e-19,1.000760228633473,1.6105407541227598e-23,1.2061529764400513e-06
-18.049999999999997,2465022917898932.5,1.498676158349014e-06,1.4609940601317286e-17,1.613799097423464e-23,1.613799097423464e-19,1.0007591771415871,1.6150242568093418e-23,1.2095119953369044e-06
-18.025,2465024364751970.0,1.50285567296519e-06,1.465068486747812e-17,1.6182996673949537e-23,1.6182996673949536e-19,1.0007581256497011,1.6195265418817087e-23,1.212885087672289e-06
-18.0,2465025811605008.0,1.5070527233333994e-06,1.469160008204177e-17,1.6228191201521916e-23,1.6228191201521916e-19,1.0007570741578153,1.6240477145708676e-23,1.2162723322995571e-06
-17.975,2465027258458046.0,1.5112674078452189e-06,1.4732687204184828e-17,1.6273575616448433e-23,1.6273575616448434e-19,1.0007560226659296,1.6285878808470186e-23,1.2196738086259853e-06
-17.95,2465028705311083.5,1.5154998255843818e-06,1.477394719983142e-17,1.6319150985678997e-23,1.6319150985678996e-19,1.0007549711740438,1.633147147425805e-23,1.2230895966174573e-06
-17.924999999999997,2465030152164121.5,1.5197500763326392e-06,1.4815381041710343e-17,1.636491838367989e-23,1.6364918383679892e-19,1.0007539196821578,1.6377256217746252e-23,1.2265197768031954e-06
-17.9,2465031599017159.0,1.5240182605756776e-06,1.4856989709412756e-17,1.6410878892497493e-23,1.6410878892497492e-19,1.000752868190272,1.642323412119006e-23,1.2299644302805352e-06
-17.875,2465033045870197.0,1.5283044795090993e-06,1.4898774189450468e-17,1.6457033601822657e-23,1.6457033601822658e-19,1.0007518166983862,1.646940627449041e-23,1.233423638719752e-06
-17.85,2465034492723235.0,1.5326088350444569e-06,1.494073547531479e-17,1.650338360905572e-23,1.650338360905572e-19,1.0007507652065002,1.6515773775258923e-23,1.2368974843689313e-06
-17.825,2465035939576272.5,1.5369314298153514e-06,1.4982874567535958e-17,1.6549930019372155e-23,1.6549930019372157e-19,1.0007497137146144,1.656233772888359e-23,1.2403860500588915e-06
-17.799999999999997,2465037386429310.5,1.5412723671835872e-06,1.5025192473743144e-17,1.6596673945788838e-23,1.659667394578884e-19,1.0007486622227286,1.6609099248594994e-23,1.2438894192081487e-06
-17.775,2465038833282348.5,1.5456317512453934e-06,1.506769020872512e-17,1.6643616509231067e-23,1.6643616509231067e-19,1.0007476107308426,1.6656059455533397e-23,1.2474076758279403e-06
-17.75,2465040280135386.0,1.5500096868377064e-06,1.511036879449147e-17,1.669075883860018e-23,1.669075883860018e-19,1.0007465592389568,1.6703219478816336e-23,1.2509409045272934e-06
-17.725,2465041726988424.0,1.5544062795445119e-06,1.5153229260334456e-17,1.6738102070841878e-23,1.6738102070841878e-19,1.000745507747071,1.6750580455606957e-23,1.2544891905181442e-06
-17.7,2465043173841461.5,1.5588216357032525e-06,1.519627264289145e-17,1.6785647351015206e-23,1.6785647351015205e-19,1.000744456255185,1.6798143531182998e-23,1.2580526196205093e-06
-17.674999999999997,2465044620694499.5,1.5632558624113009e-06,1.5239499986208052e-17,1.6833395832362251e-23,1.683339583236225e-19,1.0007434047632993,1.684590985900653e-23,1.2616312782677089e-06
-17.65,2465046067547537.5,1.5677090675324945e-06,1.5282912341801802e-17,1.688134867637854e-23,1.688134867637854e-19,1.0007423532714135,1.689388060079432e-23,1.2652252535116422e-06
-17.625,2465047514400575.0,1.5721813597037436e-06,1.5326510768726578e-17,1.6929507052884153e-23,1.6929507052884154e-19,1.0007413017795275,1.694205692658898e-23,1.2688346330281191e-06
-17.6,2465048961253613.0,1.5766728483416948e-06,1.5370296333637578e-17,1.6977872140095513e-23,1.6977872140095512e-19,1.0007402502876417,1.6990440014830763e-23,1.2724595051222386e-06
-17.575,2465050408106651.0,1.581183643649473e-06,1.541427011085703e-17,1.7026445124697963e-23,1.7026445124697963e-19,1.000739198795756,1.7039031052430142e-23,1.2760999587338298e-06
-17.549999999999997,2465051854959688.5,1.5857138566234808e-06,1.5458433182440473e-17,1.7075227201918992e-23,1.7075227201918994e-19,1.00073814730387,1.7087831234841055e-23,1.2797560834429392e-06
-17.525,2465053301812726.5,1.590263599060276e-06,1.5502786638243826e-17,1.7124219575602297e-23,1.7124219575602298e-19,1.0007370958119841,1.713684176613497e-23,1.2834279694753824e-06
-17.5,2465054748665764.0,1.5948329835635173e-06,1.554733157599107e-17,1.717342345828256e-23,1.717342345828256e-19,1.0007360443200983,1.7186063859075674e-23,1.2871157077083472e-06
-17.475,2465056195518802.0,1.599422123550973e-06,1.559206910134259e-17,1.7222840071260943e-23,1.7222840071260942e-19,1.0007349928282123,1.7235498735194768e-23,1.2908193896760533e-06
-17.45,2465057642371840.0,1.6040311332616103e-06,1.563700032796428e-17,1.7272470644681395e-23,1.7272470644681395e-19,1.0007339413363265,1.7285147624868012e-23,1.29453910757547e-06
-17.424999999999997,2465059089224877.5,1.6086601277627515e-06,1.568212637759731e-17,1.7322316417607742e-23,1.7322316417607742e-19,1.0007328898444408,1.7335011767392395e-23,1.2982749542720948e-06
-17.4,2465060536077915.5,1.613309222957302e-06,1.5727448380128586e-17,1.737237863810151e-23,1.737237863810151e-19,1.000731838352555,1.738509241106398e-23,1.302027023305786e-06
-17.375,2465061982930953.5,1.6179785355910613e-06,1.577296747366201e-17,1.7422658563300622e-23,1.7422658563300623e-19,1.000730786860669,1.7435390813256603e-23,1.3057954088966605e-06
-17.35,2465063429783991.0,1.6226681832600961e-06,1.5818684804590384e-17,1.747315745949885e-23,1.7473157459498851e-19,1.0007297353687832,1.7485908240501365e-23,1.309580205951049e-06
-17.325,2465064876637029.0,1.627378284418199e-06,1.5864601527668094e-17,1.752387660222608e-23,1.7523876602226079e-19,1.0007286838768974,1.753664596856686e-23,1.3133815100675111e-06
-17.299999999999997,2465066323490067.0,1.6321089583844158e-06,1.591071880608451e-17,1.7574817276329385e-23,1.7574817276329384e-19,1.0007276323850114,1.75876052825403e-23,1.317199417542913e-06
-17.275,2465067770343104.5,1.6368603253506572e-06,1.5957037811538177e-17,1.7625980776055005e-23,1.7625980776055004e-19,1.0007265808931256,1.7638787476909486e-23,1.3210340253785693e-06
-17.25,2465069217196142.5,1.6416325063893877e-06,1.6003559724311773e-17,1.767736840513111e-23,1.767736840513111e-19,1.0007255294012398,1.769019385564558e-23,1.3248854312864488e-06
-17.225,2465070664049180.0,1.6464256234613864e-06,1.6050285733347778e-17,1.7728981476851407e-23,1.7728981476851408e-19,1.0007244779093538,1.7741825732286728e-23,1.3287537336954383e-06
-17.2,2465072110902218.0,1.6512397994235974e-06,1.6097217036324983e-17,1.7780821314159637e-23,1.7780821314159637e-19,1.000723426417468,1.779368443002258e-23,1.3326390317576769e-06
-17.174999999999997,2465073557755256.0,1.6560751580370564e-06,1.6144354839735783e-17,1.7832889249734964e-23,1.7832889249734963e-19,1.0007223749255822,1.7845771281779658e-23,1.3365414253549551e-06
-17.15,2465075004608293.5,1.6609318239748985e-06,1.6191700358964218e-17,1.7885186626078166e-23,1.7885186626078166e-19,1.0007213234336962,1.7898087630307586e-23,1.340461015105175e-06
-17.125,2465076451461331.5,1.6658099228304554e-06,1.6239254818364944e-17,1.7937714795598878e-23,1.7937714795598878e-19,1.0007202719418105,1.7950634828266346e-23,1.3443979023688888e-06
-17.1,2465077898314369.5,1.6707095811254277e-06,1.628701945134286e-17,1.7990475120703538e-23,1.7990475120703537e-19,1.0007192204499247,1.800341423831421e-23,1.3483521892558901e-06
-17.075,2465079345167407.0,1.6756309263181482e-06,1.63349955004337e-17,1.8043468973884405e-23,1.8043468973884405e-19,1.0007181689580387,1.8056427233196782e-23,1.3523239786318858e-06
-17.049999999999997,2465080792020445.0,1.6805740868119299e-06,1.638318421738539e-17,1.8096697737809443e-23,1.8096697737809442e-19,1.0007171174661529,1.8109675195836914e-23,1.356313374125233e-06
-17.025,2465082238873482.5,1.6855391919635002e-06,1.6431586863240285e-17,1.8150162805413134e-23,1.8150162805413134e-19,1.000716065974267,1.81631595194255e-23,1.360320480133745e-06
-17.0,2465083685726520.5,1.6905263720915265e-06,1.6480204708418257e-17,1.8203865579988282e-23,1.8203865579988283e-19,1.000715014482381,1.8216881607513294e-23,1.3643454018315706e-06
-16.975,2465085132579558.5,1.6955357584852243e-06,1.652903903280065e-17,1.825780747527873e-23,1.825780747527873e-19,1.0007139629904953,1.8270842874103667e-23,1.3683882451761461e-06
-16.95,2465086579432596.0,1.7005674834130632e-06,1.6578091125815114e-17,1.831198991557307e-23,1.8311989915573069e-19,1.0007129114986095,1.8325044743746302e-23,1.3724491169152158e-06
-16.924999999999997,2465088026285634.0,1.7056216801315585e-06,1.662736228652133e-17,1.8366414335799342e-23,1.8366414335799343e-19,1.0007118600067235,1.837948865163191e-23,1.3765281245939306e-06
-16.9,2465089473138672.0,1.7106984828941576e-06,1.6676853823697638e-17,1.842108218162072e-23,1.842108218162072e-19,1.0007108085148377,1.843417604368794e-23,1.3806253765620194e-06
-16.875,2465090919991709.5,1.7157980269602234e-06,1.6726567055928606e-17,1.8475994909532223e-23,1.8475994909532222e-19,1.000709757022952,1.8489108376675287e-23,1.3847409819810382e-06
-16.85,2465092366844747.5,1.7209204486041024e-06,1.677650331169344e-17,1.8531153986958403e-23,1.8531153986958403e-19,1.0007087055310662,1.8544287118286e-23,1.3888750508316899e-06
-16.825,2465093813697785.0,1.7260658851243011e-06,1.682666392945543e-17,1.858656089235212e-23,1.858656089235212e-19,1.0007076540391802,1.8599713747242063e-23,1.393027693921229e-06
-16.799999999999997,2465095260550823.0,1.7312344748527508e-06,1.6877050257752274e-17,1.8642217115294327e-23,1.8642217115294326e-19,1.0007066025472944,1.8655389753395208e-23,1.3971990228909389e-06
-16.775,2465096707403861.0,1.7364263571641683e-06,1.6927663655287338e-17,1.8698124156594862e-23,1.8698124156594862e-19,1.0007055510554086,1.871131663782771e-23,1.4013891502236877e-06
-16.75,2465098154256898.5,1.7416416724855326e-06,1.6978505491022025e-17,1.8754283528394495e-23,1.8754283528394495e-19,1.0007044995635226,1.876749591295443e-23,1.4055981892515745e-06
-16.725,2465099601109936.5,1.7468805623056365e-06,1.7029577144268902e-17,1.8810696754267774e-23,1.8810696754267773e-19,1.0007034480716368,1.8823929102625708e-23,1.4098262541636395e-06
-16.7,2465101047962974.5,1.7521431691847675e-06,1.7080880004786072e-17,1.8867365369327294e-23,1.8867365369327295e-19,1.000702396579751,1.8880617742231623e-23,1.4140734600136768e-06
-16.674999999999997,2465102494816012.0,1.7574296367644632e-06,1.7132415472872273e-17,1.892429092032872e-23,1.892429092032872e-19,1.000701345087865,1.893756337880702e-23,1.4183399227281074e-06
-16.65,2465103941669050.0,1.7627401097773981e-06,1.7184184959463256e-17,1.898147496577725e-23,1.898147496577725e-19,1.0007002935959792,1.8994767571138023e-23,1.422625759113957e-06
-16.625,2465105388522087.5,1.7680747340573576e-06,1.723618988622903e-17,1.903891907603504e-23,1.903891907603504e-19,1.0006992421040934,1.9052231889869432e-23,1.4269310868669083e-06
-16.6,2465106835375125.5,1.7734336565493277e-06,1.7288431685672213e-17,1.9096624833429825e-23,1.9096624833429824e-19,1.0006981906122074,1.9109957917613373e-23,1.431256024579442e-06
-16.575,2465108282228163.5,1.7788170253196874e-06,1.7340911801227387e-17,1.915459383236469e-23,1.915459383236469e-19,1.0006971391203217,1.9167947249059104e-23,1.4356006917490625e-06
-16.549999999999997,2465109729081201.0,1.7842249895665152e-06,1.7393631687361588e-17,1.9212827679429042e-23,1.9212827679429043e-19,1.0006960876284359,1.9226201491083962e-23,1.4399652087866172e-06
-16.525,2465111175934239.0,1.789657699630003e-06,1.7446592809675812e-17,1.927132799351076e-23,1.927132799351076e-19,1.0006950361365499,1.9284722262865554e-23,1.4443496970246997e-06
-16.5,2465112622787277.0,1.795115307002987e-06,1.7499796645007687e-17,1.9330096405909578e-23,1.9330096405909578e-19,1.000693984644664,1.9343511195995156e-23,1.4487542787261497e-06
-16.475,2465114069640314.5,1.8005979643415844e-06,1.755324468153516e-17,1.938913456045164e-23,1.938913456045164e-19,1.0006929331527783,1.9402569934592256e-23,1.4531790770926367e-06
-16.45,2465115516493352.5,1.8061058254759557e-06,1.76069384188814e-17,1.9448444113605363e-23,1.9448444113605363e-19,1.0006918816608923,1.9461900135420454e-23,1.4576242162733458e-06
-16.424999999999997,2465116963346390.0,1.8116390454211692e-06,1.7660879368220747e-17,1.9508026734598465e-23,1.9508026734598464e-19,1.0006908301690065,1.9521503468004512e-23,1.462089821373747e-06
-16.4,2465118410199428.0,1.8171977803881987e-06,1.7715069052385893e-17,1.9567884105536365e-23,1.9567884105536364e-19,1.0006897786771207,1.9581381614748733e-23,1.4665760184644696e-06
-16.375,2465119857052466.0,1.8227821877950304e-06,1.7769509005976165e-17,1.9628017921521788e-23,1.9628017921521788e-19,1.0006887271852347,1.9641536271056614e-23,1.4710829345902669e-06
-16.35,2465121303905503.5,1.8283924262778969e-06,1.7824200775467046e-17,1.9688429890775735e-23,1.9688429890775735e-19,1.000687675693349,1.9701969145451827e-23,1.4756106977790823e-06
-16.325,2465122750758541.5,1.8340286557026246e-06,1.7879145919320796e-17,1.974912173475968e-23,1.974912173475968e-19,1.0006866242014631,1.9762681959700407e-23,1.4801594370512071e-06
-16.299999999999997,2465124197611579.5,1.8396910371761159e-06,1.7934346008098373e-17,1.9810095188299194e-23,1.9810095188299195e-19,1.0006855727095774,1.982367644893442e-23,1.484729282428547e-06
-16.275,2465125644464617.0,1.845379733057948e-06,1.798980262457253e-17,1.9871351999708876e-23,1.9871351999708876e-19,1.0006845212176914,1.9884954361776892e-23,1.4893203649439848e-06
-16.25,2465127091317655.0,1.8510949069721053e-06,1.804551736384217e-17,1.9932893930918657e-23,1.9932893930918657e-19,1.0006834697258056,1.9946517460468133e-23,1.4939328166508466e-06
-16.225,2465128538170693.0,1.8568367238188361e-06,1.8101491833447926e-17,1.9994722757601485e-23,1.9994722757601484e-19,1.0006824182339198,2.0008367520993444e-23,1.4985667706324718e-06
-16.2,2465129985023730.5,1.8626053497866435e-06,1.815772765348908e-17,2.0056840269302457e-23,2.0056840269302457e-19,1.0006813667420338,2.0070506333212244e-23,1.5032223610118915e-06
-16.174999999999997,2465131431876768.5,1.868400952364397e-06,1.821422645674161e-17,2.011924826956922e-23,2.0119248269569222e-19,1.000680315250148,2.0132935700988523e-23,1.5078997229616008e-06
-16.15,2465132878729806.0,1.874223700353595e-06,1.8270989888777746e-17,2.018194857608403e-23,2.0181948576084028e-19,1.0006792637582622,2.0195657442322874e-23,1.5125989927134578e-06
-16.125,2465134325582844.0,1.8800737638807538e-06,1.832801960808674e-17,2.024494302079715e-23,2.024494302079715e-19,1.0006782122663762,2.025867338948594e-23,1.5173203075686807e-06
-16.1,2465135772435882.0,1.8859513144099271e-06,1.8385317286196906e-17,2.0308233450061666e-23,2.0308233450061667e-19,1.0006771607744904,2.0321985389153242e-23,1.5220638059079519e-06
-16.075,2465137219288919.5,1.8918565247553737e-06,1.8442884607799126e-17,2.0371821724769898e-23,2.03718217247699e-19,1.0006761092826046,2.0385595302541582e-23,1.5268296272016418e-06
-16.049999999999997,2465138666141957.5,1.8977895690943616e-06,1.8500723270871667e-17,2.043570972049127e-23,2.043570972049127e-19,1.0006750577907186,2.0449505005546953e-23,1.5316179120201427e-06
-16.025,2465140112994995.5,1.9037506229801155e-06,1.8558834986806385e-17,2.0499899327611726e-23,2.0499899327611725e-19,1.0006740062988329,2.0513716388883976e-23,1.5364288020443167e-06
-16.0,2465141559848033.0,1.9097398633549085e-06,1.861722148053638e-17,2.056439245147473e-23,2.056439245147473e-19,1.000672954806947,2.0578231358226895e-23,1.5412624400760636e-06
-15.975,2465143006701071.0,1.9157574685632983e-06,1.8675884490665002e-17,2.0629191012523757e-23,2.0629191012523756e-19,1.000671903315061,2.06430518343521e-23,1.5461189700490014e-06
-15.95,2465144453554108.5,1.92180361836551e-06,1.8734825769596332e-17,2.0694296946446437e-23,2.0694296946446437e-19,1.0006708518231753,2.0708179753282292e-23,1.550998537039268e-06
-15.924999999999999,2465145900407146.5,1.927878493950972e-06,1.879404708366712e-17,2.075971220432028e-23,2.075971220432028e-19,1.0006698003312895,2.0773617066432208e-23,1.5559012872764437e-06
-15.899999999999999,2465147347260184.5,1.933982277952001e-06,1.885355021328022e-17,2.082543875276007e-23,2.0825438752760068e-19,1.0006687488394035,2.0839365740756045e-23,1.5608273681545989e-06
-15.875,2465148794113222.0,1.940115154457641e-06,1.8913336953039475e-17,2.0891478574066858e-23,2.089147857406686e-19,1.0006676973475177,2.0905427758896485e-23,1.5657769282434596e-06
-15.85,2465150240966260.0,1.9462773090276587e-06,1.897340911188617e-17,2.095783366637869e-23,2.0957833666378688e-19,1.000666645855632,2.0971805119335402e-23,1.5707501172997047e-06
-15.825,2465151687819298.0,1.9524689287066943e-06,1.9033768513236968e-17,2.1024506043822955e-23,2.1024506043822955e-19,1.000665594363746,2.1038499836546265e-23,1.575747086278385e-06
-15.799999999999999,2465153134672335.5,1.958690202038572e-06,1.909441699512342e-17,2.109149773667052e-23,2.109149773667052e-19,1.0006645428718601,2.110551394114828e-23,1.580767987344473e-06
-15.774999999999999,2465154581525373.5,1.9649413190807753e-06,1.91553564103331e-17,2.1158810791491582e-23,2.1158810791491582e-19,1.0006634913799743,2.1172849480062245e-23,1.5858129738845468e-06
-15.75,2465156028378411.0,1.9712224714190816e-06,1.9216588626552225e-17,2.1226447271313243e-23,2.1226447271313242e-19,1.0006624398880886,2.1240508516668168e-23,1.5908822005185975e-06
-15.725,2465157475231449.0,1.9775338521823654e-06,1.9278115526510022e-17,2.1294409255778945e-23,2.1294409255778945e-19,1.0006613883962026,2.1308493130964706e-23,1.5959758231119802e-06
-15.7,2465158922084487.0,1.9838756560575677e-06,1.933993900812461e-17,2.1362698841309634e-23,2.1362698841309634e-19,1.0006603369043168,2.1376805419730356e-23,1.6010939987874919e-06
-15.674999999999999,2465160368937524.5,1.990248079304836e-06,1.9402060984650617e-17,2.143131814126681e-23,2.143131814126681e-19,1.000659285412431,2.1445447496686515e-23,1.6062368859375922e-06
-15.649999999999999,2465161815790562.5,1.9966513197728396e-06,1.9464483384828478e-17,2.1500269286117433e-23,2.1500269286117433e-19,1.000658233920545,2.1514421492662408e-23,1.6114046442367627e-06
-15.625,2465163262643600.5,2.0030855769142506e-06,1.9527208153035356e-17,2.1569554423600624e-23,2.1569554423600624e-19,1.0006571824286592,2.1583729555761824e-23,1.616597434654001e-06
-15.6,2465164709496638.0,2.0095510518014145e-06,1.95902372494379e-17,2.1639175718896426e-23,2.1639175718896427e-19,1.0006561309367734,2.165337385153187e-23,1.6218154194654692e-06
-15.575,2465166156349676.0,2.0160479471421895e-06,1.9653572650146657e-17,2.1709135354796335e-23,2.1709135354796336e-19,1.0006550794448874,2.172335656313354e-23,1.6270587622672738e-06
-15.549999999999999,2465167603202713.5,2.022576467295971e-06,1.9717216347372296e-17,2.1779435531875884e-23,2.1779435531875883e-19,1.0006540279530016,2.1793679891514328e-23,1.632327627988402e-06
-15.524999999999999,2465169050055751.5,2.0291368182899e-06,1.978117034958361e-17,2.1850078468669162e-23,2.1850078468669164e-19,1.0006529764611158,2.1864346055582738e-23,1.637622182903801e-06
-15.5,2465170496908789.5,2.0357292078352596e-06,1.9845436681667356e-17,2.1921066401845366e-23,2.1921066401845366e-19,1.0006519249692298,2.1935357292384874e-23,1.6429425946476095e-06
-15.475,2465171943761827.0,2.042353845344056e-06,1.99100173850899e-17,2.1992401586387375e-23,2.1992401586387375e-19,1.000650873477344,2.2006715857283054e-23,1.6482890322265428e-06
-15.45,2465173390614865.0,2.049010941945796e-06,1.9974914518060773e-17,2.206408629577238e-23,2.206408629577238e-19,1.0006498219854583,2.207842402413642e-23,1.6536616660334292e-06
-15.424999999999999,2465174837467903.0,2.0557007105044512e-06,2.0040130155698046e-17,2.213612282215459e-23,2.213612282215459e-19,1.0006487704935723,2.2150484085483696e-23,1.6590606678609053e-06
-15.399999999999999,2465176284320940.5,2.0624233656356257e-06,2.0105666390195697e-17,2.2208513476550065e-23,2.2208513476550063e-19,1.0006477190016865,2.2222898352728037e-23,1.6644862109152674e-06
-15.375,2465177731173978.5,2.0691791237239203e-06,2.0171525330992877e-17,2.228126058902373e-23,2.228126058902373e-19,1.0006466675098007,2.2295669156324053e-23,1.6699384698304878e-06
-15.35,2465179178027016.0,2.075968202940495e-06,2.0237709104945126e-17,2.235436650887845e-23,2.235436650887845e-19,1.0006456160179147,2.236879884596692e-23,1.6754176206823874e-06
-15.325,2465180624880054.0,2.0827908232608434e-06,2.030421985649764e-17,2.2427833604846471e-23,2.242783360484647e-19,1.000644564526029,2.2442289790783834e-23,1.6809238410029812e-06
-15.299999999999999,2465182071733092.0,2.089647206482761e-06,2.0371059747860455e-17,2.2501664265282877e-23,2.2501664265282877e-19,1.0006435130341431,2.25161443795275e-23,1.6864573097949795e-06
-15.274999999999999,2465183518586129.5,2.0965375762445423e-06,2.043823095918581e-17,2.257586089836154e-23,2.257586089836154e-19,1.0006424615422571,2.2590365020772084e-23,1.6920182075464736e-06
-15.25,2465184965439167.5,2.1034621580433694e-06,2.0505735688747452e-17,2.2650425932273157e-23,2.2650425932273156e-19,1.0006414100503713,2.266495414311131e-23,1.697606716245778e-06
-15.225,2465186412292205.5,2.110421179253934e-06,2.0573576153122132e-17,2.2725361815425737e-23,2.2725361815425736e-19,1.0006403585584855,2.2739914195358925e-23,1.7032230193964561e-06
-15.2,2465187859145243.0,2.117414869147265e-06,2.064175458737317e-17,2.280067101664737e-23,2.280067101664737e-19,1.0006393070665998,2.2815247646751527e-23,1.7088673020325185e-06
-15.174999999999999,2465189305998281.0,2.124443458909787e-06,2.071027324523625e-17,2.287635602539144e-23,2.287635602539144e-19,1.0006382555747138,2.289095698715378e-23,1.7145397507338025e-06
-15.149999999999999,2465190752851319.0,2.131507181662593e-06,2.0779134399307295e-17,2.2952419351944165e-23,2.2952419351944166e-19,1.000637204082828,2.2967044727266003e-23,1.720240553641527e-06
-15.125,2465192199704356.5,2.1386062724809555e-06,2.0848340341232658e-17,2.302886352763467e-23,2.302886352763467e-19,1.0006361525909422,2.304351339883423e-23,1.725969900474037e-06
-15.1,2465193646557394.5,2.145740968414059e-06,2.091789338190152e-17,2.3105691105047507e-23,2.3105691105047506e-19,1.0006351010990562,2.3120365554862776e-23,1.731727982542732e-06
-15.075,2465195093410432.0,2.1529115085049693e-06,2.0987795851640526e-17,2.318290465823766e-23,2.318290465823766e-19,1.0006340496071704,2.3197603769829285e-23,1.7375149927681795e-06
-15.049999999999999,2465196540263470.0,2.16011813381084e-06,2.1058050100410795e-17,2.326050678294815e-23,2.326050678294815e-19,1.0006329981152846,2.327523063990232e-23,1.7433311256964246e-06
-15.024999999999999,2465197987116508.0,2.167361087423359e-06,2.1128658498007227e-17,2.333850009683018e-23,2.3338500096830177e-19,1.0006319466233986,2.3353248783161558e-23,1.7491765775154894e-06
-15.0,2465199433969545.5,2.1746406144894373e-06,2.11996234342602e-17,2.341688723966595e-23,2.341688723966595e-19,1.0006308951315128,2.343166083982064e-23,1.7550515460720727e-06
-14.975,2465200880822583.5,2.1819569622321425e-06,2.1270947319239633e-17,2.3495670873594052e-23,2.3495670873594053e-19,1.000629843639627,2.3510469472452555e-23,1.760956230888442e-06
-14.95,2465202327675621.5,2.1893103799718873e-06,2.1342632583461554e-17,2.3574853683337624e-23,2.3574853683337623e-19,1.000628792147741,2.358967736621785e-23,1.766890833179535e-06
-14.924999999999999,2465203774528659.0,2.1967011191478644e-06,2.1414681678097052e-17,2.3654438376435183e-23,2.3654438376435184e-19,1.0006277406558552,2.3669287229095495e-23,1.7728555558702582e-06
-14.899999999999999,2465205221381697.0,2.2041294333397417e-06,2.1487097075183775e-17,2.373442768347424e-23,2.373442768347424e-19,1.0006266891639695,2.374930179211649e-23,1.7788506036129972e-06
-14.875,2465206668234734.5,2.211595578289623e-06,2.1559881267840018e-17,2.3814824358327764e-23,2.3814824358327766e-19,1.0006256376720835,2.3829723809600386e-23,1.7848761828053382e-06
-14.85,2465208115087772.5,2.2190998119242602e-06,2.1633036770481253e-17,2.3895631178393373e-23,2.3895631178393375e-19,1.0006245861801977,2.3910556059394498e-23,1.7909325016079964e-06
-14.825,2465209561940810.5,2.2266423943775453e-06,2.1706566119039403e-17,2.3976850944835527e-23,2.397685094483553e-19,1.0006235346883119,2.3991801343116115e-23,1.7970197699629663e-06
-14.799999999999999,2465211008793848.0,2.234223588013263e-06,2.178047187118464e-17,2.4058486482830554e-23,2.4058486482830554e-19,1.0006224831964259,2.4073462486397557e-23,1.8031381996118868e-06
-14.774999999999999,2465212455646886.0,2.2418436574481276e-06,2.1854756606549972e-17,2.414054064181468e-23,2.414054064181468e-19,1.00062143170454,2.415554233913424e-23,1.8092880041146301e-06
-14.75,2465213902499924.0,2.2495028695750925e-06,2.1929422926958456e-17,2.422301629573505e-23,2.4223016295735052e-19,1.0006203802126543,2.4238043775735726e-23,1.8154693988681164e-06
-14.725,2465215349352961.5,2.257201493586947e-06,2.2004473456653258e-17,2.4305916343303828e-23,2.430591634330383e-19,1.0006193287207683,2.4320969695379826e-23,1.8216826011253566e-06
-14.7,2465216796205999.5,2.264939801000192e-06,2.2079910842530398e-17,2.4389243708255292e-23,2.438924370825529e-19,1.0006182772288825,2.4404323022269774e-23,1.8279278300147221e-06
-14.674999999999999,2465218243059037.0,2.2727180656792116e-06,2.2155737754374377e-17,2.447300133960609e-23,2.447300133960609e-19,1.0006172257369967,2.448810670589445e-23,1.8342053065594506e-06
-14.649999999999999,2465219689912075.0,2.2805365638607458e-06,2.223195688509676e-17,2.45571922119188e-23,2.45571922119188e-19,1.000616174245111,2.4572323721292025e-23,1.8405152536973986e-06
-14.625,2465221136765113.0,2.2883955741786437e-06,2.230857095097749e-17,2.4641819325568474e-23,2.4641819325568475e-19,1.000615122753225,2.465697706931649e-23,1.8468578963010188e-06
-14.6,2465222583618150.5,2.29629537768894e-06,2.2385582691909335e-17,2.4726885707012637e-23,2.472688570701264e-19,1.0006140712613392,2.4742069776907732e-23,1.8532334611975965e-06
-14.575,2465224030471188.5,2.304236257895224e-06,2.246299487164521e-17,2.4812394409064493e-23,2.4812394409064495e-19,1.0006130197694534,2.4827604897364725e-23,1.8596421771897254e-06
-14.549999999999999,2465225477324226.5,2.3122185007743273e-06,2.254081027804859e-17,2.4898348511169533e-23,2.4898348511169534e-19,1.0006119682775674,2.4913585510622187e-23,1.8660842750760386e-06
-14.524999999999999,2465226924177264.0,2.320242394802324e-06,2.261903172334698e-17,2.498475111968549e-23,2.498475111968549e-19,1.0006109167856816,2.5000014723530584e-23,1.8725599876721913e-06
-14.5,2465228371030302.0,2.328308230980852e-06,2.2697662044388497e-17,2.5071605368165785e-23,2.5071605368165785e-19,1.0006098652937958,2.5086895670139574e-23,1.879069549832104e-06
-14.475,2465229817883339.5,2.3364163028637642e-06,2.2776704102901695e-17,2.5158914417646514e-23,2.5158914417646514e-19,1.0006088138019098,2.5174231511985046e-23,1.8856131984694718e-06
-14.45,2465231264736377.5,2.344566906584098e-06,2.285616078575847e-17,2.524668145693685e-23,2.5246681456936847e-19,1.000607762310024,2.5262025438379558e-23,1.8921911725795298e-06
-14.424999999999999,2465232711589415.5,2.3527603408813885e-06,2.293603500524034e-17,2.533490970291317e-23,2.533490970291317e-19,1.0006067108181382,2.5350280666706483e-23,1.8988037132610972e-06
-14.399999999999999,2465234158442453.0,2.3609969071293185e-06,2.301632969930796e-17,2.542360240081677e-23,2.542360240081677e-19,1.0006056593262522,2.5439000442717752e-23,1.9054510637388902e-06
-14.375,2465235605295491.0,2.3692769093637095e-06,2.3097047831874033e-17,2.551276282455531e-23,2.551276282455531e-19,1.0006046078343664,2.5528188040835368e-23,1.9121334693861145e-06
-14.35,2465237052148529.0,2.3776006543108636e-06,2.3178192393079574e-17,2.5602394277007976e-23,2.5602394277007973e-19,1.0006035563424807,2.5617846764456553e-23,1.9188511777473386e-06
-14.325,2465238499001566.5,2.3859684514162563e-06,2.3259766399573636e-17,2.5692500090334462e-23,2.569250009033446e-19,1.0006025048505947,2.570797994626279e-23,1.9256044385616477e-06
-14.299999999999999,2465239945854604.5,2.394380612873591e-06,2.3341772894796557e-17,2.578308362628784e-23,2.578308362628784e-19,1.0006014533587089,2.579859094853274e-23,1.9323935037860963e-06
-14.274999999999999,2465241392707642.0,2.4028374536542206e-06,2.3424214949266755e-17,2.587414827653135e-23,2.587414827653135e-19,1.000600401866823,2.5889683163459034e-23,1.939218627619449e-06
-14.25,2465242839560680.0,2.411339291536922e-06,2.3507095660871007e-17,2.5965697462959043e-23,2.596569746295904e-19,1.000599350374937,2.598126001346897e-23,1.946080066526214e-06
-14.225,2465244286413718.0,2.4198864471380697e-06,2.35904181551586e-17,2.6057734638020705e-23,2.6057734638020706e-19,1.0005982988830513,2.607332495154948e-23,1.952978079260992e-06
-14.2,2465245733266755.5,2.4284792439421674e-06,2.3674185585638946e-17,2.6150263285050574e-23,2.615026328505057e-19,1.0005972473911655,2.6165881461575862e-23,1.9599129268931164e-06
-14.174999999999999,2465247180119793.5,2.4371180083327756e-06,2.3758401134083116e-17,2.624328691860044e-23,2.624328691860044e-19,1.0005961958992795,2.6258933058644924e-23,1.9668848728316177e-06
-14.149999999999999,2465248626972831.5,2.4458030696238266e-06,2.384306801082908e-17,2.633680908477679e-23,2.633680908477679e-19,1.0005951444073937,2.635248328941219e-23,1.973894182850491e-06
-14.125,2465250073825869.0,2.4545347600913384e-06,2.392818945509091e-17,2.6430833361582363e-23,2.6430833361582364e-19,1.000594092915508,2.644653573243345e-23,1.9809411251142948e-06
-14.1,2465251520678907.0,2.46331341500553e-06,2.4013768735271822e-17,2.652536335926192e-23,2.652536335926192e-19,1.0005930414236222,2.6541093998510595e-23,1.988025970204067e-06
-14.075,2465252967531945.0,2.4721393726633417e-06,2.4099809149281223e-17,2.662040272065248e-23,2.662040272065248e-19,1.0005919899317361,2.6636161731041867e-23,1.9951489911435735e-06
-14.049999999999999,2465254414384982.5,2.48101297442137e-06,2.4186314024855782e-17,2.6715955121537915e-23,2.6715955121537914e-19,1.0005909384398504,2.6731742606376547e-23,2.002310463425885e-06
-14.024999999999999,2465255861238020.5,2.4899345647292307e-06,2.4273286719884654e-17,2.681202427100826e-23,2.6812024271008257e-19,1.0005898869479646,2.6827840334174237e-23,2.009510665040306e-06
-14.0,2465257308091058.0,2.4989044911633353e-06,2.4360730622738774e-17,2.690861391182339e-23,2.690861391182339e-19,1.0005888354560786,2.69244586577686e-23,2.0167498764996323e-06
-13.974999999999998,2465258754944096.0,2.507923104461112e-06,2.444864915260444e-17,2.700572782078153e-23,2.700572782078153e-19,1.0005877839641928,2.702160135453594e-23,2.0240283808677696e-06
-13.95,2465260201797134.0,2.5169907585556514e-06,2.4537045759821073e-17,2.7103369809092306e-23,2.7103369809092307e-19,1.000586732472307,2.7119272236268244e-23,2.0313464637876932e-06
-13.925,2465261648650171.5,2.5261078106108154e-06,2.462592392622348e-17,2.720154372275485e-23,2.720154372275485e-19,1.000585680980421,2.721747514955136e-23,2.0387044135097867e-06
-13.899999999999999,2465263095503209.5,2.535274621056784e-06,2.4715287165488376e-17,2.7300253442940515e-23,2.7300253442940515e-19,1.0005846294885352,2.7316213976147744e-23,2.046102520920525e-06
-13.875,2465264542356247.5,2.5444915536260625e-06,2.48051390234854e-17,2.7399502886380653e-23,2.739950288638065e-19,1.0005835779966494,2.7415492633384277e-23,2.0535410795715375e-06
-13.849999999999998,2465265989209285.0,2.5537589753899625e-06,2.4895483078632773e-17,2.7499296005759424e-23,2.7499296005759426e-19,1.0005825265047634,2.7515315074545115e-23,2.06102038570905e-06
-13.825,2465267436062323.0,2.563077256795541e-06,2.4986322942257373e-17,2.759963679011158e-23,2.759963679011158e-19,1.0005814750128776,2.761568528926953e-23,2.068540738303695e-06
-13.8,2465268882915360.5,2.572446771703036e-06,2.5077662258959693e-17,2.770052926522553e-23,2.770052926522553e-19,1.0005804235209919,2.7716607303954993e-23,2.076102439080724e-06
-13.774999999999999,2465270329768398.5,2.5818678974237754e-06,2.5169504706983404e-17,2.780197749405164e-23,2.7801977494051643e-19,1.0005793720291059,2.7818085182165524e-23,2.0837057925506056e-06
-13.75,2465271776621436.5,2.5913410147585773e-06,2.5261853998589693e-17,2.7903985577115637e-23,2.7903985577115635e-19,1.00057832053722,2.7920123025045173e-23,2.091351106040011e-06
-13.724999999999998,2465273223474474.0,2.6008665080366693e-06,2.535471388043667e-17,2.800655765293776e-23,2.800655765293776e-19,1.0005772690453343,2.802272497173717e-23,2.0990386897232304e-06
-13.7,2465274670327512.0,2.6104447651550923e-06,2.5448088133963504e-17,2.8109697898457036e-23,2.810969789845704e-19,1.0005762175534483,2.8125895199808254e-23,2.1067688566539674e-06
-13.675,2465276117180550.0,2.6200761776186432e-06,2.554198057577981e-17,2.821341052946142e-23,2.8213410529461423e-19,1.0005751660615625,2.8229637925678895e-23,2.1145419227975803e-06
-13.649999999999999,2465277564033587.5,2.6297611405803263e-06,2.5636395058059973e-17,2.8317699801023345e-23,2.8317699801023344e-19,1.0005741145696767,2.833395740505884e-23,2.1223582070637247e-06
-13.625,2465279010886625.5,2.639500052882334e-06,2.5731335468942677e-17,2.842257000794103e-23,2.842257000794103e-19,1.0005730630777907,2.84388579333885e-23,2.13021803133943e-06
-13.599999999999998,2465280457739663.0,2.64929331709759e-06,2.582680573293588e-17,2.8528025485185824e-23,2.8528025485185823e-19,1.000572011585905,2.854434384628634e-23,2.138121720522625e-06
-13.575,2465281904592701.0,2.6591413395718085e-06,2.592280981132682e-17,2.863407060835512e-23,2.863407060835512e-19,1.0005709600940191,2.865041952000182e-23,2.146069602556084e-06
-13.55,2465283351445739.0,2.6690445304661376e-06,2.601935170259774e-17,2.874070979413149e-23,2.874070979413149e-19,1.0005699086021334,2.8757089371874587e-23,2.1540620084618385e-06
-13.524999999999999,2465284798298776.5,2.679003303800352e-06,2.611643544284696e-17,2.8847947500747875e-23,2.8847947500747875e-19,1.0005688571102473,2.886435786079972e-23,2.1620992723760406e-06
-13.5,2465286245151814.5,2.6890180774966186e-06,2.6214065106215514e-17,2.895578822845879e-23,2.8955788228458787e-19,1.0005678056183616,2.8972229487698994e-23,2.1701817315842815e-06
-13.474999999999998,2465287692004852.5,2.6990892734238575e-06,2.631224480531961e-17,2.906423652001804e-23,2.906423652001804e-19,1.0005667541264758,2.908070879599863e-23,2.1783097265573937e-06
-13.45,2465289138857890.0,2.709217317442675e-06,2.6410978691688668e-17,2.917329696116256e-23,2.917329696116256e-19,1.0005657026345898,2.918980037211316e-23,2.1864836009877136e-06
-13.425,2465290585710928.0,2.719402639450914e-06,2.651027095620937e-17,2.9282974181102934e-23,2.9282974181102933e-19,1.000564651142704,2.9299508845936064e-23,2.1947037018258462e-06
-13.399999999999999,2465292032563965.5,2.729645673429805e-06,2.6610125829575565e-17,2.939327285302031e-23,2.939327285302031e-19,1.0005635996508182,2.9409838891336673e-23,2.2029703793179077e-06
-13.375,2465293479417003.5,2.7399468574907284e-06,2.6710547582744123e-17,2.950419769456996e-23,2.950419769456996e-19,1.0005625481589322,2.952079522666381e-23,2.2112839870432655e-06
-13.349999999999998,2465294926270041.5,2.750306633922628e-06,2.681154052739717e-17,2.961575346839188e-23,2.9615753468391883e-19,1.0005614966670464,2.963238261525645e-23,2.219644881952807e-06
-13.325,2465296373123079.0,2.760725449240032e-06,2.69131090164102e-17,2.972794498262782e-23,2.972794498262782e-19,1.0005604451751606,2.974460586596078e-23,2.2280534244076904e-06
-13.3,2465297819976117.0,2.7712037542317487e-06,2.701525744432682e-17,2.9840777091445704e-23,2.9840777091445703e-19,1.0005593936832746,2.9857469833654664e-23,2.2365099782186498e-06
-13.274999999999999,2465299266829155.0,2.7817420040102032e-06,2.711799024783967e-17,2.9954254695570856e-23,2.995425469557086e-19,1.0005583421913888,2.9970979419779e-23,2.245014910685807e-06
-13.25,2465300713682192.5,2.7923406580614457e-06,2.7221311906277974e-17,3.0068382742824516e-23,3.0068382742824514e-19,1.000557290699503,3.008513957287619e-23,2.253568592639036e-06
-13.224999999999998,2465302160535230.5,2.8030001802958427e-06,2.7325226942101672e-17,3.0183166228669684e-23,3.0183166228669684e-19,1.000556239207617,3.019995528913609e-23,2.2621713984788687e-06
-13.2,2465303607388268.0,2.813721039099451e-06,2.7429739921402266e-17,3.029861019676435e-23,3.029861019676435e-19,1.0005551877157313,3.031543161294932e-23,2.270823706217962e-06
-13.175,2465305054241306.0,2.824503707386094e-06,2.7534855454410483e-17,3.041471973952221e-23,3.041471973952221e-19,1.0005541362238455,3.043157363746799e-23,2.2795258975231205e-06
-13.149999999999999,2465306501094344.0,2.8353486626501536e-06,2.764057819601091e-17,3.053149999868118e-23,3.0531499998681183e-19,1.0005530847319595,3.054838650517427e-23,2.288278357757907e-06
-13.125,2465307947947381.5,2.846256387020067e-06,2.7746912846263526e-17,3.064895616587945e-23,3.064895616587945e-19,1.0005520332400737,3.0665875408456575e-23,2.297081476025814e-06
-13.099999999999998,2465309394800419.5,2.8572273673125804e-06,2.785386415093259e-17,3.076709348323968e-23,3.0767093483239683e-19,1.000550981748188,3.078404559019374e-23,2.3059356452140514e-06
-13.075,2465310841653457.5,2.868262095087725e-06,2.796143690202257e-17,3.088591724396101e-23,3.0885917243961007e-19,1.000549930256302,3.0902902344347096e-23,2.314841262037914e-06
-13.05,2465312288506495.0,2.8793610667045657e-06,2.806963593832163e-17,3.100543279291935e-23,3.100543279291935e-19,1.0005488787644161,3.1022451016560916e-23,2.323798727085774e-06
-13.024999999999999,2465313735359533.0,2.8905247833777097e-06,2.8178466145952514e-17,3.1125645527275903e-23,3.11256455272759e-19,1.0005478272725303,3.1142697004770857e-23,2.3328084448646873e-06
-13.0,2465315182212571.0,2.9017537512345895e-06,2.8287932458930924e-17,3.1246560897093975e-23,3.1246560897093974e-19,1.0005467757806445,3.126364575982094e-23,2.341870823846622e-06
-12.974999999999998,2465316629065608.5,2.913048481373562e-06,2.839803985973196e-17,3.13681844059646e-23,3.13681844059646e-19,1.0005457242887585,3.138530278608919e-23,2.3509862765153495e-06
-12.95,2465318075918646.5,2.924409489922776e-06,2.8508793379863975e-17,3.149052161164044e-23,3.149052161164044e-19,1.0005446727968728,3.150767364212163e-23,2.360155219413952e-06
-12.925,2465319522771684.0,2.9358372980998985e-06,2.86201981004508e-17,3.161357812667892e-23,3.1613578126678916e-19,1.000543621304987,3.163076394127545e-23,2.369378073193027e-06
-12.899999999999999,2465320969624722.0,2.9473324322726405e-06,2.873225915282181e-17,3.173735961909399e-23,3.1737359619093987e-19,1.000542569813101,3.175457935237084e-23,2.3786552626595324e-06
-12.875,2465322416477760.0,2.9588954240201425e-06,2.884498171911033e-17,3.1861871813017125e-23,3.1861871813017127e-19,1.0005415183212152,3.187912560035208e-23,2.3879872168263302e-06
-12.849999999999998,2465323863330797.5,2.970526810195219e-06,2.8958371032860443e-17,3.1987120489367593e-23,3.1987120489367594e-19,1.0005404668293294,3.200440846695786e-23,2.397374368962418e-06
-12.825,2465325310183835.5,2.9822271329874585e-06,2.907243237964211e-17,3.2113111486531925e-23,3.2113111486531924e-19,1.0005394153374434,3.213043379140079e-23,2.4068171566438598e-06
-12.8,2465326757036873.5,2.993996939987237e-06,2.91871710976752e-17,3.223985070105319e-23,3.2239850701053187e-19,1.0005383638455576,3.225720747105681e-23,2.4163160218054394e-06
-12.774999999999999,2465328203889911.0,3.005836784250609e-06,2.930259257846214e-17,3.2367344088329825e-23,3.2367344088329825e-19,1.0005373123536718,3.238473546216403e-23,2.425871410793042e-06
-12.75,2465329650742949.0,3.0177472243651145e-06,2.9418702267429345e-17,3.249559766332417e-23,3.249559766332417e-19,1.0005362608617858,3.251302378053135e-23,2.4354837744167525e-06
-12.724999999999998,2465331097595986.5,3.0297288245165346e-06,2.953550566457808e-17,3.2624617501281365e-23,3.2624617501281367e-19,1.0005352093699,3.264207850225745e-23,2.4451535680047396e-06
-12.7,2465332544449024.5,3.041782154556561e-06,2.965300832514409e-17,3.275440973845801e-23,3.2754409738458007e-19,1.0005341578780143,3.277190576445951e-23,2.454881251457866e-06
-12.675,2465333991302062.5,3.0539077900714614e-06,2.977121586026701e-17,3.288498057286155e-23,3.2884980572861552e-19,1.0005331063861282,3.290251176601265e-23,2.464667289305103e-06
-12.649999999999999,2465335438155100.0,3.0661063124516924e-06,2.9890133937668966e-17,3.30163362649999e-23,3.30163362649999e-19,1.0005320548942425,3.3033902768299643e-23,2.4745121507597144e-06
-12.625,2465336885008138.0,3.0783783089625065e-06,3.000976828234292e-17,3.3148483138641715e-23,3.3148483138641714e-19,1.0005310034023567,3.31660850959713e-23,2.484416309776239e-06
-12.599999999999998,2465338331861176.0,3.09072437281559e-06,3.013012467725103e-17,3.3281427581587866e-23,3.3281427581587867e-19,1.0005299519104707,3.329906513771792e-23,2.4943802451083055e-06
-12.575,2465339778714213.5,3.103145103241694e-06,3.025120896403268e-17,3.341517604645347e-23,3.341517604645347e-19,1.0005289004185849,3.343284934705153e-23,2.504404440367252e-06
-12.55,2465341225567251.5,3.1156411055643313e-06,3.0373027043722937e-17,3.354973505146152e-23,3.354973505146152e-19,1.000527848926699,3.356744424309948e-23,2.5144893840816017e-06
-12.524999999999999,2465342672420289.0,3.1282129912745176e-06,3.049558487748118e-17,3.36851111812477e-23,3.36851111812477e-19,1.000526797434813,3.3702856411409374e-23,2.5246355697573827e-06
-12.5,2465344119273327.0,3.1408613781065904e-06,3.0618888487330176e-17,3.3821311087676767e-23,3.3821311087676765e-19,1.0005257459429273,3.38390925047656e-23,2.534843495939318e-06
-12.474999999999998,2465345566126365.0,3.15358689011513e-06,3.074294395690602e-17,3.395834149067094e-23,3.395834149067094e-19,1.0005246944510415,3.397615924401767e-23,2.5451136662729066e-06
-12.45,2465347012979402.5,3.1663901577529755e-06,3.086775743221863e-17,3.409620917904992e-23,3.409620917904992e-19,1.0005236429591557,3.411406341892043e-23,2.5554465895673842e-06
-12.425,2465348459832440.5,3.179271817950392e-06,3.0993335122423524e-17,3.423492101138338e-23,3.423492101138338e-19,1.0005225914672697,3.4252811888986584e-23,2.5658427798596177e-06
-12.399999999999999,2465349906685478.5,3.1922325141953725e-06,3.111968330060465e-17,3.437448391685571e-23,3.437448391685571e-19,1.000521539975384,3.439241158435154e-23,2.57630275647891e-06
-12.375,2465351353538516.0,3.205272896615101e-06,3.124680830456853e-17,3.451490489614317e-23,3.451490489614317e-19,1.0005204884834982,3.453286950665065e-23,2.586827044112749e-06
-12.349999999999998,2465352800391554.0,3.218393622058631e-06,3.137471653765028e-17,3.465619102230425e-23,3.465619102230425e-19,1.0005194369916122,3.4674192729909613e-23,2.597416172873531e-06
-12.325,2465354247244591.5,3.2315953541807335e-06,3.150341446953097e-17,3.47983494416825e-23,3.4798349441682497e-19,1.0005183854997264,3.4816388401447475e-23,2.608070678366231e-06
-12.3,2465355694097629.5,3.244878763527016e-06,3.163290863706745e-17,3.494138737482312e-23,3.494138737482312e-19,1.0005173340078406,3.495946374279325e-23,2.6187911017570976e-06
-12.274999999999999,2465357140950667.5,3.258244527620247e-06,3.176320564513385e-17,3.508531211740255e-23,3.508531211740255e-19,1.0005162825159546,3.510342605061557e-23,2.6295779898433237e-06
-12.25,2465358587803705.0,3.271693331047976e-06,3.189431216747579e-17,3.523013104117194e-23,3.523013104117194e-19,1.0005152310240688,3.5248282697666363e-23,2.6404318951237586e-06
-12.224999999999998,2465360034656743.0,3.2852258655514477e-06,3.2026234947577123e-17,3.5375851594914594e-23,3.5375851594914595e-19,1.000514179532183,3.5394041133738244e-23,2.6513533758706665e-06
-12.2,2465361481509781.0,3.2988428301158028e-06,3.215898079953932e-17,3.552248130541731e-23,3.552248130541731e-19,1.000513128040297,3.554070888663605e-23,2.662342996202526e-06
-12.175,2465362928362818.5,3.3125449310616467e-06,3.2292556608974075e-17,3.5670027778456347e-23,3.5670027778456347e-19,1.0005120765484112,3.568829356316287e-23,2.673401326157927e-06
-12.149999999999999,2465364375215856.5,3.3263328821379536e-06,3.2426969333909007e-17,3.5818498699797846e-23,3.581849869979785e-19,1.0005110250565254,3.5836802850120567e-23,2.6845289417705503e-06
-12.125,2465365822068894.0,3.34020740461635e-06,3.256222600570682e-17,3.596790183621315e-23,3.596790183621315e-19,1.0005099735646394,3.598624451532517e-23,2.6957264251452635e-06
-12.099999999999998,2465367268921932.0,3.3541692273868292e-06,3.2698333729998325e-17,3.611824503650939e-23,3.611824503650939e-19,1.0005089220727537,3.613662640863759e-23,2.7069943645353625e-06
-12.075,2465368715774970.0,3.3682190870548527e-06,3.2835299687629086e-17,3.626953623257512e-23,3.6269536232575124e-19,1.0005078705808679,3.628795646300937e-23,2.718333354420939e-06
-12.05,2465370162628007.5,3.382357728039951e-06,3.297313113562062e-17,3.6421783440442114e-23,3.6421783440442115e-19,1.0005068190889819,3.6440242695544496e-23,2.7297439955884595e-06
-12.024999999999999,2465371609481045.5,3.3965859026757672e-06,3.3111835408145674e-17,3.657499476136256e-23,3.6574994761362556e-19,1.000505767597096,3.6593493208576816e-23,2.741226895211501e-06
-12.0,2465373056334083.5,3.410904371311611e-06,3.325141991751824e-17,3.6729178382902695e-23,3.672917838290269e-19,1.0005047161052103,3.6747716190763687e-23,2.752782666932716e-06
-11.974999999999998,2465374503187121.0,3.4253139024155614e-06,3.339189215519864e-17,3.6884342580052985e-23,3.6884342580052986e-19,1.0005036646133243,3.690291991819629e-23,2.7644119309470367e-06
-11.95,2465375950040159.0,3.4398152726791036e-06,3.3533259692813605e-17,3.7040495716354884e-23,3.7040495716354883e-19,1.0005026131214385,3.7059112755526514e-23,2.7761153140861253e-06
-11.925,2465377396893197.0,3.4544092671233574e-06,3.367553018319185e-17,3.719764624504472e-23,3.719764624504472e-19,1.0005015616295527,3.721630315711091e-23,2.7878934499041067e-06
-11.899999999999999,2465378843746234.5,3.4690966792069207e-06,3.3818711361415384e-17,3.7355802710214964e-23,3.7355802710214963e-19,1.000500510137667,3.7374499668172114e-23,2.7997469787646014e-06
-11.875,2465380290599272.5,3.4838783109353367e-06,3.3962811045886654e-17,3.7514973747993023e-23,3.7514973747993023e-19,1.000499458645781,3.7533710925977704e-23,2.811676547929075e-06
-11.849999999999998,2465381737452310.0,3.498754972972255e-06,3.410783713941221e-17,3.767516808773818e-23,3.7675168087738177e-19,1.0004984071538952,3.769394566103731e-23,2.8236828116465468e-06
-11.825,2465383184305348.0,3.513727484752251e-06,3.425379763030255e-17,3.7836394553256506e-23,3.7836394553256507e-19,1.0004973556620094,3.7855212698317587e-23,2.835766431244645e-06
-11.8,2465384631158386.0,3.5287966745954163e-06,3.440070059348917e-17,3.799866206403477e-23,3.7998662064034767e-19,1.0004963041701234,3.801752095847626e-23,2.847928075222084e-06
-11.774999999999999,2465386078011423.5,3.5439633798236706e-06,3.45485541916585e-17,3.8161979636492903e-23,3.8161979636492905e-19,1.0004952526782376,3.8180879459114727e-23,2.8601684193425385e-06
-11.75,2465387524864461.5,3.559228446878865e-06,3.469736667640317e-17,3.832635638525576e-23,3.832635638525576e-19,1.0004942011863518,3.83452973160499e-23,2.872488146729955e-06
-11.724999999999998,2465388971717499.5,3.574592731442738e-06,3.484714638939147e-17,3.84918015244448e-23,3.84918015244448e-19,1.0004931496944658,3.851078374460602e-23,2.8848879479653636e-06
-11.7,2465390418570537.0,3.5900570985586696e-06,3.4997901763554234e-17,3.8658324368989206e-23,3.8658324368989206e-19,1.00049209820258,3.867734806092594e-23,2.8973685211851432e-06
-11.675,2465391865423575.0,3.60562242275537e-06,3.5149641324290666e-17,3.8825934335957725e-23,3.8825934335957726e-19,1.0004910467106942,3.884499968330303e-23,2.909930572180841e-06
-11.649999999999999,2465393312276612.5,3.6212895881724524e-06,3.5302373690692457e-17,3.8994640945910906e-23,3.8994640945910905e-19,1.0004899952188082,3.9013748133533545e-23,2.922574814500519e-06
-11.625,2465394759129650.5,3.637059488687974e-06,3.545610757678714e-17,3.916445382427445e-23,3.916445382427445e-19,1.0004889437269224,3.9183603038290173e-23,2.9353019695516843e-06
-11.599999999999998,2465396205982688.5,3.6529330280479575e-06,3.561085179280077e-17,3.933538270273394e-23,3.933538270273394e-19,1.0004878922350366,3.93545741305168e-23,2.9481127667058225e-06
-11.575,2465397652835726.0,3.668911119997936e-06,3.576661524644024e-17,3.950743742065132e-23,3.950743742065132e-19,1.0004868407431506,3.952667125084517e-23,2.96100794340456e-06
-11.55,2465399099688764.0,3.6849946884165637e-06,3.592340694419583e-17,3.9680627926503654e-23,3.9680627926503654e-19,1.0004857892512649,3.969990434903379e-23,2.9739882452674933e-06
-11.524999999999999,2465400546541802.0,3.7011846674513167e-06,3.6081235992664105e-17,3.985496427934436e-23,3.985496427934436e-19,1.000484737759379,3.9874283485429264e-23,2.9870544262017114e-06
-11.5,2465401993394839.5,3.717482001656317e-06,3.624011159989147e-17,4.003045665028734e-23,4.003045665028734e-19,1.000483686267493,4.0049818832450564e-23,3.000207248513022e-06
-11.474999999999998,2465403440247877.5,3.733887646132352e-06,3.6400043076739174e-17,4.0207115324014707e-23,4.020711532401471e-19,1.0004826347756073,4.0226520676096927e-23,3.013447483018959e-06
-11.45,2465404887100915.0,3.7504025666690873e-06,3.656103983826968e-17,4.038495070030816e-23,4.038495070030816e-19,1.0004815832837215,4.040439941747934e-23,3.026775909163551e-06
-11.425,2465406333953953.0,3.767027739889538e-06,3.672311140515507e-17,4.056397329560473e-23,4.056397329560473e-19,1.0004805317918355,4.058346557437643e-23,3.0401933151339258e-06
-11.399999999999999,2465407780806991.0,3.783764153396839e-06,3.68862674051078e-17,4.074419374457712e-23,4.0744193744577124e-19,1.0004794802999497,4.076372978281498e-23,3.05370049797875e-06
-11.375,2465409227660028.5,3.8006128059233293e-06,3.705051757433411e-17,4.092562280173918e-23,4.0925622801739184e-19,1.000478428808064,4.094520279867549e-23,3.067298263728559e-06
-11.349999999999998,2465410674513066.5,3.817574707482046e-06,3.721587175901083e-17,4.110827134307714e-23,4.110827134307714e-19,1.0004773773161781,4.112789549932362e-23,3.0809874275180145e-06
-11.325,2465412121366104.5,3.834650879520602e-06,3.738233991678549e-17,4.129215036770663e-23,4.1292150367706632e-19,1.0004763258242921,4.131181888526732e-23,3.094768813710094e-06
-11.3,2465413568219142.0,3.851842355077569e-06,3.754993211830085e-17,4.147727099955664e-23,4.147727099955664e-19,1.0004752743324064,4.149698408184099e-23,3.1086432560223002e-06
-11.274999999999999,2465415015072180.0,3.869150178941342e-06,3.771865854874354e-17,4.1663644489080164e-23,4.1663644489080165e-19,1.0004742228405206,4.168340234091621e-23,3.122611597654874e-06
-11.25,2465416461925217.5,3.886575407811564e-06,3.788852950941776e-17,4.1851282214992476e-23,4.1851282214992474e-19,1.0004731713486346,4.1871085042640227e-23,3.1366746914210696e-06
-11.224999999999998,2465417908778255.5,3.9041191104631785e-06,3.8059555419344574e-17,4.2040195686037685e-23,4.2040195686037683e-19,1.0004721198567488,4.206004369720267e-23,3.1508333998795587e-06
-11.2,2465419355631293.5,3.921782367913105e-06,3.823174681688671e-17,4.2230396542783494e-23,4.2230396542783493e-19,1.000471068364863,4.225028994663042e-23,3.1650885954689414e-06
-11.175,2465420802484331.0,3.93956627358964e-06,3.840511436140002e-17,4.242189655944535e-23,4.242189655944535e-19,1.000470016872977,4.2441835566611974e-23,3.179441160644466e-06
-11.149999999999999,2465422249337369.0,3.957471933504608e-06,3.857966883491167e-17,4.2614707645740205e-23,4.2614707645740207e-19,1.0004689653810912,4.263469246835138e-23,3.1938919880169624e-06
-11.125,2465423696190407.0,3.97550046642829e-06,3.875542114382545e-17,4.2808841848770145e-23,4.2808841848770143e-19,1.0004679138892054,4.282887270045198e-23,3.2084419804940166e-06
-11.099999999999998,2465425143043444.5,3.993653004067259e-06,3.8932382320655463e-17,4.3004311354937416e-23,4.3004311354937414e-19,1.0004668623973194,4.3024388450831654e-23,3.2230920514234997e-06
-11.075,2465426589896482.5,4.0119306912450756e-06,3.9110563525787555e-17,4.3201128491890094e-23,4.3201128491890095e-19,1.0004658109054336,4.3221252048668653e-23,3.237843124739391e-06
-11.05,2465428036749520.0,4.030334686085988e-06,3.9289976049270205e-17,4.3399305730500264e-23,4.339930573050026e-19,1.0004647594135478,4.341947596637995e-23,3.25269613511004e-06
-11.024999999999999,2465429483602558.0,4.048866160201634e-06,3.947063131263457e-17,4.359885568687444e-23,4.359885568687444e-19,1.0004637079216618,4.3619072821631833e-23,3.2676520280888416e-06
-11.0,2465430930455596.0,4.06752629888081e-06,3.9652540870744463e-17,4.3799791124397006e-23,4.379979112439701e-19,1.000462656429776,4.3820055379383554e-23,3.2827117602673907e-06
-10.974999999999998,2465432377308633.5,4.086316301282422e-06,3.983571641367735e-17,4.4002124955807997e-23,4.4002124955808e-19,1.0004616049378903,4.4022436553965265e-23,3.2978762994312053e-06
-10.95,2465433824161671.5,4.105237380631577e-06,4.002016976863597e-17,4.4205870245314586e-23,4.420587024531459e-19,1.0004605534460043,4.4226229411189683e-23,3.3131466247179805e-06
-10.925,2465435271014709.5,4.124290764418982e-06,4.020591290189216e-17,4.4411040210738275e-23,4.441104021073827e-19,1.0004595019541185,4.443144717049954e-23,3.3285237267785163e-06
-10.899999999999999,2465436717867747.0,4.14347769460363e-06,4.0392957920762777e-17,4.461764822569745e-23,4.461764822569745e-19,1.0004584504622327,4.463810320715025e-23,3.3440086079402943e-06
-10.875,2465438164720785.0,4.162799427818877e-06,4.058131707561863e-17,4.4825707821826417e-23,4.482570782182642e-19,1.0004573989703467,4.4846211054429183e-23,3.359602282373792e-06
-10.849999999999998,2465439611573823.0,4.182257235581991e-06,4.077100276192735e-17,4.503523269103195e-23,4.503523269103195e-19,1.000456347478461,4.50557844059124e-23,3.3753057762616056e-06
-10.825,2465441058426860.5,4.201852404507173e-06,4.096202752232994e-17,4.524623668778703e-23,4.524623668778703e-19,1.0004552959865751,4.526683711775861e-23,3.3911201279703634e-06
-10.799999999999997,2465442505279898.5,4.221586236522215e-06,4.1154404048752937e-17,4.545873383146392e-23,4.545873383146392e-19,1.0004542444946893,4.547938321104241e-23,3.4070463882255817e-06
-10.774999999999999,2465443952132936.0,4.241460049088754e-06,4.1348145184555553e-17,4.5672738308705854e-23,4.567273830870586e-19,1.0004531930028033,4.5693436874126226e-23,3.423085620289423e-06
-10.75,2465445398985974.0,4.261475175426299e-06,4.154326392671365e-17,4.588826447583945e-23,4.588826447583945e-19,1.0004521415109175,4.590901246507294e-23,3.439238900141498e-06
-10.724999999999998,2465446845839012.0,4.281632964740027e-06,4.173977342804039e-17,4.610532686132761e-23,4.610532686132761e-19,1.0004510900190318,4.612612451409895e-23,3.455507316662707e-06
-10.7,2465448292692049.5,4.3019347824524465e-06,4.193768699944462e-17,4.632394016826412e-23,4.632394016826412e-19,1.0004500385271458,4.634478772606904e-23,3.471891971822209e-06
-10.674999999999997,2465449739545087.5,4.322382010439027e-06,4.213701811222794e-17,4.6544119276910965e-23,4.654411927691096e-19,1.00044898703526,4.656501698303389e-23,3.4883939808675804e-06
-10.649999999999999,2465451186398125.5,4.342976047267837e-06,4.2337780400420804e-17,4.676587924727874e-23,4.676587924727874e-19,1.0004479355433742,4.678682734681074e-23,3.505014472518221e-06
-10.625,2465452633251163.0,4.363718308443285e-06,4.253998766315871e-17,4.6989235321751406e-23,4.698923532175141e-19,1.0004468840514882,4.701023406160832e-23,3.5217545891620685e-06
-10.599999999999998,2465454080104201.0,4.384610226654054e-06,4.2743653867099105e-17,4.7214202927755935e-23,4.721420292775593e-19,1.0004458325596024,4.72352525566968e-23,3.538615487055687e-06
-10.575,2465455526957238.5,4.405653252025278e-06,4.2948793148879814e-17,4.7440797680477897e-23,4.744079768047789e-19,1.0004447810677166,4.746189844912355e-23,3.555598336527792e-06
-10.549999999999997,2465456973810276.5,4.426848852375112e-06,4.315541981762023e-17,4.766903538562424e-23,4.7669035385624235e-19,1.0004437295758306,4.769018754647615e-23,3.572704322186317e-06
-10.524999999999999,2465458420663314.5,4.448198513475679e-06,4.3363548357465124e-17,4.7898932042233147e-23,4.789893204223314e-19,1.0004426780839448,4.7920135849692604e-23,3.5899346431290087e-06
-10.5,2465459867516352.0,4.469703739318611e-06,4.357319343017334e-17,4.813050384553349e-23,4.813050384553348e-19,1.000441626592059,4.8151759555920875e-23,3.607290513157734e-06
-10.474999999999998,2465461314369390.0,4.491366052385149e-06,4.3784369877750856e-17,4.836376718985329e-23,4.836376718985329e-19,1.000440575100173,4.8385075061427707e-23,3.6247731609964674e-06
-10.45,2465462761222428.0,4.513186993920965e-06,4.39970927251299e-17,4.8598738671579027e-23,4.859873867157902e-19,1.0004395236082873,4.862009896455817e-23,3.6423838305130826e-06
-10.424999999999997,2465464208075465.5,4.53516812421582e-06,4.421137718289523e-17,4.883543509216706e-23,4.883543509216706e-19,1.0004384721164015,4.885684806874731e-23,3.6601237809450548e-06
-10.399999999999999,2465465654928503.5,4.557311022888068e-06,4.442723865005763e-17,4.9073873461207227e-23,4.907387346120723e-19,1.0004374206245155,4.909533938558402e-23,3.6779942871290704e-06
-10.375,2465467101781541.0,4.579617289174206e-06,4.464469271687661e-17,4.931407099954075e-23,4.931407099954075e-19,1.0004363691326297,4.9335590137929256e-23,3.6959966397347096e-06
-10.349999999999998,2465468548634579.0,4.6020885422234936e-06,4.486375516773252e-17,4.955604514243272e-23,4.955604514243273e-19,1.000435317640744,4.9577617763088725e-23,3.7141321455022166e-06
-10.325,2465469995487617.0,4.624726421397775e-06,4.50844419840494e-17,4.9799813542800705e-23,4.97998135428007e-19,1.0004342661488579,4.982143991604178e-23,3.732402127484478e-06
-10.299999999999997,2465471442340654.5,4.64753258657664e-06,4.530676934726982e-17,5.004539407450068e-23,5.004539407450068e-19,1.000433214656972,5.00670744727277e-23,3.7508079252932987e-06
-10.274999999999999,2465472889193692.5,4.6705087184679544e-06,4.553075364188216e-17,5.029280483567094e-23,5.029280483567094e-19,1.0004321631650863,5.0314539533389794e-23,3.7693508953500196e-06
-10.25,2465474336046730.5,4.693656518923965e-06,4.5756411458502145e-17,5.054206415213596e-23,5.054206415213597e-19,1.0004311116732005,5.0563853425979595e-23,3.7880324111406315e-06
-10.224999999999998,2465475782899768.0,4.716977711263019e-06,4.598375959700915e-17,5.079319058087067e-23,5.0793190580870665e-19,1.0004300601813145,5.081503470962142e-23,3.8068538634754163e-06
-10.2,2465477229752806.0,4.7404740405970325e-06,4.6212815069738553e-17,5.104620291352676e-23,5.104620291352676e-19,1.0004290086894287,5.1068102178139e-23,3.825816660753237e-06
-10.174999999999997,2465478676605843.5,4.764147274164867e-06,4.6443595104731697e-17,5.1301120180022497e-23,5.130112018002249e-19,1.000427957197543,5.1323074863645553e-23,3.844922229230586e-06
-10.149999999999999,2465480123458881.5,4.787999201671668e-06,4.667611714904391e-17,5.1557961652196776e-23,5.155796165219678e-19,1.000426905705657,5.157997204019814e-23,3.864172013295453e-06
-10.125,2465481570311919.5,4.812031635634349e-06,4.691039887211252e-17,5.181674684752936e-23,5.181674684752936e-19,1.0004258542137712,5.18388132275183e-23,3.883567475746145e-06
-10.099999999999998,2465483017164957.0,4.836246411733315e-06,4.7146458169185624e-17,5.207749553292829e-23,5.207749553292829e-19,1.0004248027218854,5.2099618194779654e-23,3.903110098075148e-06
-10.075,2465484464017995.0,4.860645389170557e-06,4.738431316481302e-17,5.2340227728585915e-23,5.234022772858591e-19,1.0004237512299994,5.236240696446435e-23,3.922801380758132e-06
-10.049999999999997,2465485910871033.0,4.88523045103428e-06,4.7623982216400784e-17,5.260496371190524e-23,5.260496371190524e-19,1.0004226997381136,5.262719981628974e-23,3.942642843548219e-06
-10.024999999999999,2465487357724070.5,4.910003504670152e-06,4.786548391783043e-17,5.287172402149764e-23,5.287172402149764e-19,1.0004216482462278,5.289401729120635e-23,3.962636025775606e-06
-10.0,2465488804577108.5,4.9349664820593655e-06,4.810883710314447e-17,5.314052946125385e-23,5.314052946125386e-19,1.0004205967543418,5.316288019546926e-23,3.9827824866526774e-06
-9.974999999999998,2465490251430146.0,4.960121340203628e-06,4.835406085029949e-17,5.341140110448961e-23,5.3411401104489615e-19,1.000419545262456,5.343380960478414e-23,4.003083805584714e-06
-9.95,2465491698283184.0,4.985470061517195e-06,4.8601174484987944e-17,5.368436029816717e-23,5.368436029816718e-19,1.0004184937705702,5.370682686852901e-23,4.0235415824862875e-06
-9.924999999999997,2465493145136222.0,5.0110146542261925e-06,4.885019758453097e-17,5.395942866719524e-23,5.395942866719524e-19,1.0004174422786842,5.398195361405458e-23,4.044157438103531e-06
-9.899999999999999,2465494591989259.5,5.03675715277526e-06,4.910114998184253e-17,5.423662811880775e-23,5.423662811880775e-19,1.0004163907867984,5.425921175106344e-23,4.064933014342323e-06
-9.875,2465496038842297.5,5.06269961824178e-06,4.935405176946764e-17,5.451598084702444e-23,5.451598084702444e-19,1.0004153392949127,5.453862347607092e-23,4.085869974602594e-06
-9.849999999999998,2465497485695335.5,5.088844138757774e-06,4.960892330369514e-17,5.47975093371938e-23,5.47975093371938e-19,1.0004142878030267,5.482021127694844e-23,4.10697000411882e-06
-9.825,2465498932548373.0,5.115192829939677e-06,4.9865785208747483e-17,5.5081236370621e-23,5.5081236370621e-19,1.0004132363111409,5.510399793755188e-23,4.128234810306867e-06
-9.799999999999997,2465500379401411.0,5.1417478353261545e-06,5.012465838104876e-17,5.53671850292824e-23,5.53671850292824e-19,1.000412184819255,5.539000654243636e-23,4.149666123117343e-06
-9.774999999999999,2465501826254449.0,5.168511326824102e-06,5.038556399357256e-17,5.56553787006281e-23,5.56553787006281e-19,1.000411133327369,5.567826048165928e-23,4.171265695395536e-06
-9.75,2465503273107486.5,5.195485505163052e-06,5.064852350027182e-17,5.594584108247511e-23,5.594584108247511e-19,1.0004100818354833,5.596878345567386e-23,4.193035303248149e-06
-9.724999999999998,2465504719960524.5,5.222672600358155e-06,5.091355864059218e-17,5.623859618799274e-23,5.623859618799274e-19,1.0004090303435975,5.626159948031496e-23,4.214976746416943e-06
-9.7,2465506166813562.0,5.250074872181857e-06,5.1180691444070203e-17,5.653366835078179e-23,5.653366835078179e-19,1.0004079788517115,5.655673289187858e-23,4.23709184865942e-06
-9.674999999999997,2465507613666600.0,5.277694610644598e-06,5.144994423501945e-17,5.683108223005073e-23,5.683108223005073e-19,1.0004069273598257,5.685420835229865e-23,4.259382458136758e-06
-9.649999999999999,2465509060519638.0,5.30553413648459e-06,5.172133963730514e-17,5.713086281588968e-23,5.713086281588968e-19,1.00040587586794,5.715405085442124e-23,4.281850447809093e-06
-9.625,2465510507372675.5,5.333595801666967e-06,5.199490057921019e-17,5.743303543464549e-23,5.743303543464549e-19,1.0004048243760542,5.745628572738021e-23,4.304497715838367e-06
-9.599999999999998,2465511954225713.5,5.361881989892458e-06,5.227065029839392e-17,5.773762575439898e-23,5.773762575439898e-19,1.0004037728841682,5.776093864207485e-23,4.327326185998844e-06
-9.575,2465513401078751.5,5.390395117115826e-06,5.2548612346946244e-17,5.804465979054782e-23,5.804465979054782e-19,1.0004027213922824,5.806803561675322e-23,4.350337808095524e-06
-9.549999999999997,2465514847931789.0,5.419137632074287e-06,5.2828810596538865e-17,5.835416391149642e-23,5.835416391149643e-19,1.0004016699003966,5.837760302270248e-23,4.3735345583906015e-06
-9.524999999999999,2465516294784827.0,5.448112016826089e-06,5.311126924367573e-17,5.866616484445561e-23,5.866616484445561e-19,1.0004006184085106,5.868966759004901e-23,4.396918440038134e-06
-9.5,2465517741637864.5,5.477320787299547e-06,5.33960128150453e-17,5.898068968135461e-23,5.898068968135462e-19,1.0003995669166248,5.9004256413671e-23,4.420491483527134e-06
-9.474999999999998,2465519188490902.5,5.5067664938527155e-06,5.368306617297657e-17,5.929776588486778e-23,5.929776588486778e-19,1.000398515424739,5.932139695922546e-23,4.444255747133264e-06
-9.45,2465520635343940.5,5.536451721843926e-06,5.3972454521000953e-17,5.961742129455815e-23,5.961742129455816e-19,1.000397463932853,5.964111706929244e-23,4.4682133173792825e-06
-9.424999999999997,2465522082196978.0,5.566379092213505e-06,5.426420340952324e-17,5.993968413314158e-23,5.993968413314157e-19,1.0003964124409672,5.99634449696396e-23,4.4923663095045284e-06
-9.399999999999999,2465523529050016.0,5.596551262076828e-06,5.455833874160299e-17,6.026458301287273e-23,6.026458301287273e-19,1.0003953609490814,6.02884092756087e-23,4.51671686794354e-06
-9.375,2465524975903054.0,5.62697092532906e-06,5.4854886778849937e-17,6.059214694205712e-23,6.059214694205712e-19,1.0003943094571954,6.061603899862815e-23,4.541267166814122e-06
-9.349999999999998,2465526422756091.5,5.657640813261777e-06,5.515387414743507e-17,6.092240533169096e-23,6.092240533169096e-19,1.0003932579653096,6.094636355285347e-23,4.566019410414984e-06
-9.325,2465527869609129.5,5.688563695191735e-06,5.545532784422033e-17,6.125538800223183e-23,6.125538800223183e-19,1.0003922064734239,6.12794127619384e-23,4.590975833733197e-06
-9.299999999999997,2465529316462167.0,5.719742379102173e-06,5.57592752430103e-17,6.159112519050435e-23,6.159112519050435e-19,1.0003911549815379,6.161521686594113e-23,4.616138702961754e-06
-9.274999999999999,2465530763315205.0,5.751179712296758e-06,5.606574410092734e-17,6.192964755674198e-23,6.192964755674198e-19,1.000390103489652,6.195380652836679e-23,4.641510316027343e-06
-9.25,2465532210168243.0,5.782878582066648e-06,5.637476256491436e-17,6.227098619177001e-23,6.227098619177001e-19,1.0003890519977663,6.22952128433508e-23,4.667093003128698e-06
-9.224999999999998,2465533657021280.5,5.814841916370811e-06,5.668635917836707e-17,6.261517262433145e-23,6.261517262433145e-19,1.0003880005058803,6.263946734298547e-23,4.692889127285659e-06
-9.2,2465535103874318.5,5.847072684530018e-06,5.700056288789935e-17,6.296223882855995e-23,6.2962238828559955e-19,1.0003869490139945,6.298660200479355e-23,4.718901084899257e-06
-9.174999999999997,2465536550727356.5,5.8795738979348026e-06,5.731740305024485e-17,6.331221723160326e-23,6.331221723160326e-19,1.0003858975221087,6.333664925935215e-23,4.745131306323074e-06
-9.149999999999999,2465537997580394.0,5.912348610767647e-06,5.76369094392973e-17,6.366514072139992e-23,6.366514072139992e-19,1.0003848460302227,6.368964199807012e-23,4.7715822564460935e-06
-9.125,2465539444433432.0,5.9453999207398405e-06,5.795911225329377e-17,6.402104265461375e-23,6.4021042654613745e-19,1.000383794538337,6.404561358112322e-23,4.798256435287375e-06
-9.099999999999998,2465540891286469.5,5.978730969843232e-06,5.828404212214323e-17,6.437995686472895e-23,6.437995686472895e-19,1.0003827430464511,6.440459784554975e-23,4.825156378602766e-06
-9.075,2465542338139507.5,6.0123449451172996e-06,5.86117301149043e-17,6.474191767030994e-23,6.474191767030994e-19,1.0003816915545654,6.476662911351107e-23,4.852284658503963e-06
-9.049999999999997,2465543784992545.5,6.046245079431914e-06,5.894220774741619e-17,6.51069598834304e-23,6.51069598834304e-19,1.0003806400626793,6.51317422007213e-23,4.879643884090248e-06
-9.024999999999999,2465545231845583.0,6.0804346522860635e-06,5.9275506990085e-17,6.547511881827395e-23,6.547511881827395e-19,1.0003795885707936,6.549997242504872e-23,4.9072367020931005e-06
-9.0,2465546678698621.0,6.114916990623061e-06,5.96116602758309e-17,6.584643029991253e-23,6.584643029991253e-19,1.0003785370789078,6.587135561529476e-23,4.9350657975341135e-06
-8.974999999999998,2465548125551659.0,6.149695469662495e-06,5.995070050819841e-17,6.622093067326489e-23,6.622093067326489e-19,1.0003774855870218,6.624592812015322e-23,4.963133894396419e-06
-8.95,2465549572404696.5,6.184773513749381e-06,6.029266106963441e-17,6.659865681224049e-23,6.659865681224049e-19,1.000376434095136,6.662372681735488e-23,4.991443756310005e-06
-8.924999999999997,2465551019257734.5,6.220154597220962e-06,6.063757582993826e-17,6.697964612907331e-23,6.697964612907331e-19,1.0003753826032502,6.700478912300202e-23,5.019998187251269e-06
-8.899999999999999,2465552466110772.0,6.2558422452914786e-06,6.098547915488697e-17,6.736393658384915e-23,6.736393658384915e-19,1.0003743311113642,6.738915300109645e-23,5.048800032257065e-06
-8.875,2465553912963810.0,6.291840034955458e-06,6.133640591504097e-17,6.77515666942325e-23,6.77515666942325e-19,1.0003732796194784,6.777685697326719e-23,5.077852178153724e-06
-8.849999999999998,2465555359816848.0,6.328151595909875e-06,6.169039149473389e-17,6.814257554539638e-23,6.814257554539638e-19,1.0003722281275926,6.816794012870098e-23,5.1071575543012676e-06
-8.825,2465556806669885.5,6.3647806114956605e-06,6.204747180125093e-17,6.85370028001608e-23,6.85370028001608e-19,1.0003711766357066,6.856244213428158e-23,5.136719133353272e-06
-8.799999999999997,2465558253522923.5,6.40173081965912e-06,6.240768327420127e-17,6.893488870934542e-23,6.893488870934542e-19,1.0003701251438208,6.896040324494324e-23,5.166539932032778e-06
-8.774999999999999,2465559700375961.5,6.439006013933563e-06,6.277106289508755e-17,6.933627412233983e-23,6.933627412233983e-19,1.000369073651935,6.936186431424173e-23,5.196623011924513e-06
-8.75,2465561147228999.0,6.476610044441839e-06,6.313764819707919e-17,6.974120049789914e-23,6.974120049789914e-19,1.000368022160049,6.976686680515079e-23,5.226971480284002e-06
-8.724999999999998,2465562594082037.0,6.514546818920155e-06,6.350747727499309e-17,7.014970991516849e-23,7.014970991516849e-19,1.0003669706681633,7.017545280108752e-23,5.257588490863834e-06
-8.7,2465564040935075.0,6.552820303763707e-06,6.388058879548708e-17,7.05618450849427e-23,7.056184508494271e-19,1.0003659191762775,7.05876650171728e-23,5.2884772447575485e-06
-8.674999999999997,2465565487788112.5,6.591434525094784e-06,6.425702200747242e-17,7.097764936116773e-23,7.097764936116774e-19,1.0003648676843915,7.10035468117337e-23,5.319640991261651e-06
-8.649999999999999,2465566934641150.5,6.630393569853705e-06,6.463681675274877e-17,7.139716675268806e-23,7.139716675268806e-19,1.0003638161925057,7.142314219805172e-23,5.351083028756058e-06
-8.625,2465568381494188.0,6.66970158691338e-06,6.502001347686965e-17,7.182044193524846e-23,7.182044193524846e-19,1.00036276470062,7.18464958563655e-23,5.382806705603603e-06
-8.599999999999998,2465569828347226.0,6.709362788217859e-06,6.540665324024166e-17,7.224752026375412e-23,7.224752026375412e-19,1.000361713208734,7.227365314613179e-23,5.414815421068914e-06
-8.575,2465571275200264.0,6.7493814499456344e-06,6.579677772946494e-17,7.267844778479727e-23,7.267844778479727e-19,1.0003606617168481,7.27046601185532e-23,5.447112626257257e-06
-8.549999999999997,2465572722053301.5,6.789761913698266e-06,6.61904292689206e-17,7.31132712494564e-23,7.31132712494564e-19,1.0003596102249623,7.313956352937815e-23,5.479701825073817e-06
-8.524999999999999,2465574168906339.5,6.830508587714922e-06,6.658765083261078e-17,7.355203812637482e-23,7.355203812637482e-19,1.0003585587330766,7.357841085198061e-23,5.512586575203906e-06
-8.5,2465575615759377.5,6.871625948113569e-06,6.698848605625839e-17,7.399479661512577e-23,7.399479661512577e-19,1.0003575072411905,7.402125029072611e-23,5.545770489114659e-06
-8.474999999999998,2465577062612415.0,6.91311854015941e-06,6.739297924967267e-17,7.444159565987141e-23,7.444159565987141e-19,1.0003564557493048,7.446813079463179e-23,5.579257235078745e-06
-8.45,2465578509465453.0,6.95499097956131e-06,6.780117540938735e-17,7.489248496332271e-23,7.489248496332271e-19,1.000355404257419,7.491910207132736e-23,5.613050538220638e-06
-8.424999999999997,2465579956318490.5,6.997247953796932e-06,6.821312023157893e-17,7.53475150010089e-23,7.53475150010089e-19,1.000354352765533,7.537421460132554e-23,5.647154181586082e-06
-8.399999999999999,2465581403171528.5,7.039894223467248e-06,6.862886012527114e-17,7.580673703586298e-23,7.580673703586298e-19,1.0003533012736472,7.583351965260878e-23,5.681572007235249e-06
-8.375,2465582850024566.5,7.082934623681304e-06,6.904844222583448e-17,7.627020313313315e-23,7.627020313313315e-19,1.0003522497817614,7.629706929554169e-23,5.7163079173603215e-06
-8.349999999999998,2465584296877604.0,7.126374065471859e-06,6.947191440878663e-17,7.673796617562662e-23,7.673796617562663e-19,1.0003511982898754,7.676491641811602e-23,5.751365875427991e-06
-8.325,2465585743730642.0,7.170217537242823e-06,6.989932530390287e-17,7.721007987929587e-23,7.721007987929587e-19,1.0003501467979896,7.723711474153812e-23,5.786749907347613e-06
-8.299999999999997,2465587190583680.0,7.214470106249316e-06,7.033072430964457e-17,7.768659880917609e-23,7.768659880917609e-19,1.0003490953061038,7.771371883616755e-23,5.8224641026656935e-06
-8.274999999999999,2465588637436717.5,7.259136920111064e-06,7.076616160791262e-17,7.816757839568182e-23,7.816757839568182e-19,1.0003480438142178,7.819478413781483e-23,5.858512615787287e-06
-8.25,2465590084289755.5,7.304223208360195e-06,7.120568817913619e-17,7.865307495127375e-23,7.865307495127375e-19,1.000346992322332,7.868036696440964e-23,5.894899667225147e-06
-8.224999999999998,2465591531142793.0,7.349734284024192e-06,7.164935581770432e-17,7.914314568750433e-23,7.914314568750433e-19,1.0003459408304463,7.917052453304759e-23,5.931629544877256e-06
-8.2,2465592977995831.0,7.395675545244942e-06,7.209721714774921e-17,7.963784873245178e-23,7.963784873245178e-19,1.0003448893385603,7.966531497742548e-23,5.968706605333476e-06
-8.174999999999997,2465594424848869.0,7.442052476934981e-06,7.254932563929234e-17,8.013724314855502e-23,8.013724314855502e-19,1.0003438378466745,8.016479736567764e-23,6.006135275212242e-06
-8.149999999999999,2465595871701906.5,7.488870652471678e-06,7.300573562476025e-17,8.064138895085676e-23,8.064138895085676e-19,1.0003427863547887,8.066903171862032e-23,6.043920052527847e-06
-8.125,2465597318554944.5,7.536135735430607e-06,7.346650231588252e-17,8.115034712566882e-23,8.115034712566881e-19,1.0003417348629027,8.117807902841831e-23,6.0820655080893726e-06
-8.099999999999998,2465598765407982.5,7.583853481358983e-06,7.393168182098008e-17,8.166417964966871e-23,8.166417964966871e-19,1.000340683371017,8.169200127768309e-23,6.1205762869319404e-06
-8.075,2465600212261020.0,7.632029739590301e-06,7.440133116265551e-17,8.218294950944008e-23,8.218294950944007e-19,1.000339631879131,8.22108614590145e-23,6.159457109781234e-06
-8.049999999999997,2465601659114058.0,7.680670455101352e-06,7.487550829589614e-17,8.270672072146923e-23,8.270672072146923e-19,1.000338580387245,8.273472359499887e-23,6.198712774552198e-06
-8.024999999999999,2465603105967095.5,7.729781670412571e-06,7.53542721265998e-17,8.323555835260846e-23,8.323555835260846e-19,1.0003375288953593,8.326365275867383e-23,6.2383481578827305e-06
-8.0,2465604552820133.5,7.779369527533221e-06,7.583768253053751e-17,8.376952854102213e-23,8.376952854102213e-19,1.0003364774034735,8.379771509447582e-23,6.2783682167035445e-06
-7.974999999999998,2465605999673171.5,7.829440269952076e-06,7.632580037275982e-17,8.430869851762259e-23,8.430869851762259e-19,1.0003354259115878,8.433697783967764e-23,6.318777989844759e-06
-7.949999999999999,2465607446526209.0,7.880000244675288e-06,7.681868752746306e-17,8.485313662801436e-23,8.485313662801435e-19,1.0003343744197017,8.488150934633422e-23,6.359582599680564e-06
-7.924999999999997,2465608893379247.0,7.931055904313704e-06,7.731640689833772e-17,8.540291235497063e-23,8.540291235497063e-19,1.000333322927816,8.54313791037608e-23,6.400787253813803e-06
-7.899999999999999,2465610340232285.0,7.982613809217654e-06,7.781902243937954e-17,8.595809634142104e-23,8.5958096341421035e-19,1.0003322714359302,8.598665776152223e-23,6.442397246798855e-06
-7.875,2465611787085322.5,8.034680629664587e-06,7.832659917621584e-17,8.65187604140085e-23,8.65187604140085e-19,1.0003312199440442,8.65474171529916e-23,6.484417961907177e-06
-7.849999999999998,2465613233938360.5,8.087263148099716e-06,7.883920322794854e-17,8.708497760721684e-23,8.708497760721684e-19,1.0003301684521584,8.711373031947966e-23,6.526854872935624e-06
-7.824999999999999,2465614680791398.0,8.140368261428081e-06,7.935690182949855e-17,8.765682218805209e-23,8.765682218805208e-19,1.0003291169602726,8.768567153491778e-23,6.569713546056268e-06
-7.799999999999997,2465616127644436.0,8.194002983364559e-06,7.987976335451497e-17,8.823436968134776e-23,8.823436968134776e-19,1.0003280654683866,8.826331633116507e-23,6.6129996417129806e-06
-7.774999999999999,2465617574497474.0,8.248174446840396e-06,8.04078573388353e-17,8.881769689567884e-23,8.881769689567885e-19,1.0003270139765008,8.884674152392434e-23,6.656718916563632e-06
-7.75,2465619021350511.5,8.30288990646714e-06,8.094125450450525e-17,8.940688194989376e-23,8.940688194989377e-19,1.000325962484615,8.943602523927583e-23,6.700877225468621e-06
-7.724999999999998,2465620468203549.5,8.358156741061911e-06,8.148002678439655e-17,9.000200430030701e-23,9.0002004300307e-19,1.000324910992729,9.003124694087182e-23,6.745480523528902e-06
-7.699999999999999,2465621915056587.5,8.413982456235376e-06,8.202424734743593e-17,9.060314476856671e-23,9.06031447685667e-19,1.0003238595008432,9.063248745780629e-23,6.790534868174614e-06
-7.674999999999997,2465623361909625.0,8.47037468704137e-06,8.257399062443511e-17,9.121038557018633e-23,9.121038557018634e-19,1.0003228080089575,9.123982901314849e-23,6.836046421303473e-06
-7.649999999999999,2465624808762663.0,8.527341200693843e-06,8.312933233457723e-17,9.182381034380119e-23,9.182381034380118e-19,1.0003217565170714,9.185335525320164e-23,6.882021451473496e-06
-7.625,2465626255615701.0,8.58488989935112e-06,8.369034951255927e-17,9.244350418114974e-23,9.244350418114974e-19,1.0003207050251857,9.247315127748641e-23,6.928466336150039e-06
-7.599999999999998,2465627702468738.5,8.643028822968902e-06,8.425712053640478e-17,9.306955365779524e-23,9.306955365779524e-19,1.0003196535332999,9.309930366946461e-23,6.975387564008332e-06
-7.574999999999999,2465629149321776.5,8.701766152224796e-06,8.482972515597381e-17,9.370204686461752e-23,9.370204686461753e-19,1.0003186020414139,9.373190052803325e-23,7.0227917372937204e-06
-7.549999999999997,2465630596174814.0,8.76111021151708e-06,8.540824452219664e-17,9.434107344010422e-23,9.434107344010422e-19,1.000317550549528,9.43710314998182e-23,7.07068557424184e-06
-7.524999999999999,2465632043027852.0,8.821069472038263e-06,8.599276121703644e-17,9.498672460344733e-23,9.498672460344733e-19,1.0003164990576423,9.501678781227285e-23,7.119075911559137e-06
-7.5,2465633489880890.0,8.881652554926805e-06,8.658335928421418e-17,9.563909318848151e-23,9.563909318848151e-19,1.0003154475657563,9.566926230761896e-23,7.167969706966482e-06
-7.474999999999998,2465634936733927.5,8.942868234499434e-06,8.718012426071894e-17,9.629827367849013e-23,9.629827367849013e-19,1.0003143960738705,9.632854947765515e-23,7.217374041807814e-06
-7.449999999999999,2465636383586965.5,9.004725441564849e-06,8.778314320911181e-17,9.696436224188779e-23,9.696436224188778e-19,1.0003133445819847,9.699474549944188e-23,7.267296123724483e-06
-7.424999999999997,2465637830440003.5,9.06723326682384e-06,8.839250475067223e-17,9.763745676883344e-23,9.763745676883344e-19,1.000312293090099,9.766794827191718e-23,7.317743289399329e-06
-7.399999999999999,2465639277293041.0,9.130400964355872e-06,8.900829909938704e-17,9.831765690877434e-23,9.831765690877434e-19,1.000311241598213,9.834825745344319e-23,7.368723007370536e-06
-7.375,2465640724146079.0,9.194237955195462e-06,8.96306180968152e-17,9.900506410895727e-23,9.900506410895726e-19,1.0003101901063272,9.903577450032015e-23,7.42024288091797e-06
-7.349999999999998,2465642170999116.5,9.25875383100312e-06,9.025955524787404e-17,9.969978165395764e-23,9.969978165395764e-19,1.0003091386144414,9.973060270631826e-23,7.472310651025817e-06
-7.324999999999999,2465643617852154.5,9.32395835782974e-06,9.089520575753676e-17,1.0040191470621521e-22,1.0040191470621522e-18,1.0003080871225554,1.004328472432161e-22,7.524934199420652e-06
-7.299999999999997,2465645064705192.5,9.389861479980686e-06,9.153766656850167e-17,1.011115703476431e-22,1.011115703476431e-18,1.0003070356306696,1.0114261520241278e-22,7.57812155168996e-06
-7.274999999999999,2465646511558230.0,9.456473323981465e-06,9.218703639985182e-17,1.0182885762233087e-22,1.0182885762233087e-18,1.0003059841387838,1.0186001563763378e-22,7.631880880482652e-06
-7.25,2465647958411268.0,9.523804202647679e-06,9.284341578673121e-17,1.025538875803704e-22,1.025538875803704e-18,1.0003049326468978,1.0258515960875995e-22,7.686220508793729e-06
-7.224999999999998,2465649405264306.0,9.591864619261966e-06,9.350690712106395e-17,1.0328677332283395e-22,1.0328677332283394e-18,1.000303881155012,1.0331816022680876e-22,7.741148913335304e-06
-7.199999999999999,2465650852117343.5,9.660665271863949e-06,9.417761469337507e-17,1.0402763004796887e-22,1.0402763004796887e-18,1.0003028296631262,1.0405913270013212e-22,7.796674727998813e-06
-7.174999999999997,2465652298970381.5,9.73021705765281e-06,9.485564473570938e-17,1.0477657509860546e-22,1.0477657509860546e-18,1.0003017781712402,1.0480819438182753e-22,7.85280674740813e-06
-7.149999999999999,2465653745823419.0,9.800531077509322e-06,9.554110546571472e-17,1.0553372801085076e-22,1.0553372801085077e-18,1.0003007266793544,1.0556546481843536e-22,7.9095539305691e-06
-7.125,2465655192676457.0,9.871618640639036e-06,9.623410713190632e-17,1.0629921056408724e-22,1.0629921056408723e-18,1.0002996751874687,1.063310657999408e-22,7.96692540461682e-06
-7.099999999999998,2465656639529495.0,9.943491269340752e-06,9.693476206015271e-17,1.070731468323205e-22,1.070731468323205e-18,1.0002986236955826,1.0710512141112525e-22,8.02493046866407e-06
-7.074999999999999,2465658086382532.5,1.0016160703905528e-05,9.764318470143386e-17,1.0785566323693258e-22,1.0785566323693257e-18,1.0002975722036969,1.0788775808432318e-22,8.083578597755064e-06
-7.049999999999997,2465659533235570.5,1.0089638907648891e-05,9.835949168089808e-17,1.0864688860086957e-22,1.0864688860086956e-18,1.000296520711811,1.0867910465361356e-22,8.142879446926716e-06
-7.024999999999999,2465660980088608.5,1.0163938072079883e-05,9.90838018482528e-17,1.0944695420430282e-22,1.0944695420430282e-18,1.000295469219925,1.0947929241048473e-22,8.202842855380344e-06
-7.0,2465662426941646.0,1.0239070622214648e-05,9.981623632956439e-17,1.102559938418465e-22,1.102559938418465e-18,1.0002944177280393,1.1028845516105614e-22,8.263478850770007e-06
-6.974999999999998,2465663873794684.0,1.031504922203496e-05,1.00556918580471e-16,1.1107414388133597e-22,1.1107414388133597e-18,1.0002933662361535,1.111067292848604e-22,8.324797653607843e-06
-6.949999999999999,2465665320647721.5,1.0391886780098589e-05,1.0130597444087553e-16,1.1190154332424104e-22,1.1190154332424103e-18,1.0002923147442675,1.11934253795261e-22,8.386809681791927e-06
-6.924999999999997,2465666767500759.5,1.0469596455307371e-05,1.020635321911761e-16,1.1273833386777753e-22,1.1273833386777752e-18,1.0002912632523817,1.1277117040156796e-22,8.449525555261418e-06
-6.899999999999999,2465668214353797.5,1.0548191662835643e-05,1.0282972261005967e-16,1.135846599687456e-22,1.135846599687456e-18,1.000290211760496,1.1361762357288046e-22,8.512956100781111e-06
-6.875,2465669661206835.0,1.0627686080225294e-05,1.0360467903392015e-16,1.144406689091624e-22,1.144406689091624e-18,1.0002891602686101,1.144737606037241e-22,8.577112356860494e-06
-6.849999999999998,2465671108059873.0,1.0708093653654986e-05,1.0438853741797425e-16,1.1530651086376983e-22,1.1530651086376984e-18,1.0002881087767241,1.1533973168156313e-22,8.642005578813315e-06
-6.824999999999999,2465672554912911.0,1.0789428604384632e-05,1.0518143639908586e-16,1.1618233896942997e-22,1.1618233896942997e-18,1.0002870572848384,1.162156899562007e-22,8.70764724395865e-06
-6.799999999999997,2465674001765948.5,1.087170543538641e-05,1.0598351736040897e-16,1.1706830939652882e-22,1.1706830939652881e-18,1.0002860057929526,1.171017916111874e-22,8.774049056972468e-06
-6.774999999999999,2465675448618986.5,1.0954938938163738e-05,1.0679492449786284e-16,1.179645814224041e-22,1.179645814224041e-18,1.0002849543010666,1.1799819593725393e-22,8.841222955390916e-06
-6.75,2465676895472024.0,1.103914419976779e-05,1.07615804888533e-16,1.1887131750690035e-22,1.1887131750690034e-18,1.0002839028091808,1.1890506540787158e-22,8.909181115273021e-06
-6.724999999999998,2465678342325062.0,1.1124336610016394e-05,1.0844630856104508e-16,1.197886833701031e-22,1.197886833701031e-18,1.000282851317295,1.1982256575699138e-22,8.977935957026733e-06
-6.699999999999999,2465679789178100.0,1.1210531868923001e-05,1.0928658856798666e-16,1.207168480723354e-22,1.2071684807233539e-18,1.000281799825409,1.2075086605904611e-22,9.047500151404498e-06
-6.674999999999997,2465681236031137.5,1.1297745994342016e-05,1.1013680106043823e-16,1.2165598409648377e-22,1.2165598409648376e-18,1.0002807483335232,1.21690138811282e-22,9.117886625673444e-06
-6.649999999999999,2465682682884175.5,1.1385995329839321e-05,1.1099710536469945e-16,1.2260626743274941e-22,1.226062674327494e-18,1.0002796968416374,1.226405600185153e-22,9.189108569967323e-06
-6.625,2465684129737213.5,1.1475296552793514e-05,1.1186766406126473e-16,1.2356787766588379e-22,1.235678776658838e-18,1.0002786453497514,1.2360230928037403e-22,9.26117944382465e-06
-6.599999999999998,2465685576590251.0,1.1565666682738465e-05,1.1274864306615096e-16,1.2454099806502233e-22,1.2454099806502233e-18,1.0002775938578656,1.2457556988113764e-22,9.334112982921573e-06
-6.574999999999999,2465687023443289.0,1.1657123089953161e-05,1.136402117146364e-16,1.2552581567618163e-22,1.2552581567618163e-18,1.0002765423659798,1.2556052888224027e-22,9.407923206004355e-06
-6.549999999999997,2465688470296326.5,1.174968350430803e-05,1.1454254284749948e-16,1.2652252141751794e-22,1.2652252141751795e-18,1.0002754908740938,1.265573772175358e-22,9.482624422028837e-06
-6.524999999999999,2465689917149364.5,1.1843366024378583e-05,1.1545581289986378e-16,1.2753131017746437e-22,1.2753131017746436e-18,1.000274439382208,1.2756630979144166e-22,9.558231237515615e-06
-6.5,2465691364002402.5,1.193818912683307e-05,1.1638020199271411e-16,1.2855238091581867e-22,1.2855238091581867e-18,1.0002733878903223,1.2858752558003315e-22,9.634758564126392e-06
-6.474999999999998,2465692810855440.0,1.2034171676104648e-05,1.1731589402718642e-16,1.2958593676789488e-22,1.2958593676789488e-18,1.0002723363984363,1.2962122773520225e-22,9.712221626469946e-06
-6.449999999999999,2465694257708478.0,1.213133293436003e-05,1.1826307678174773e-16,1.3063218515186728e-22,1.3063218515186727e-18,1.0002712849065505,1.306676236920087e-22,9.79063597014735e-06
-6.424999999999997,2465695704561516.0,1.222969257177228e-05,1.192219420123411e-16,1.3169133787938954e-22,1.3169133787938953e-18,1.0002702334146647,1.3172692527930644e-22,9.870017470042674e-06
-6.399999999999999,2465697151414553.5,1.2329270677110098e-05,1.2019268555561593e-16,1.3276361126962176e-22,1.3276361126962176e-18,1.0002691819227787,1.3279934883377837e-22,9.950382338869101e-06
-6.375,2465698598267591.5,1.2430087768656183e-05,1.2117550743536646e-16,1.3384922626680143e-22,1.3384922626680143e-18,1.000268130430893,1.3388511531751503e-22,1.0031747135980641e-05
-6.349999999999998,2465700045120629.5,1.2532164805463743e-05,1.2217061197226644e-16,1.3494840856145524e-22,1.3494840856145524e-18,1.0002670789390071,1.3498445043923454e-22,1.0114128776456727e-05
-6.324999999999999,2465701491973667.0,1.2635523198966177e-05,1.231782078970469e-16,1.3606138871541403e-22,1.3606138871541403e-18,1.0002660274471213,1.3609758477930577e-22,1.0197544540471858e-05
-6.299999999999997,2465702938826705.0,1.2740184824951525e-05,1.2419850846722995e-16,1.3718840229075573e-22,1.3718840229075572e-18,1.0002649759552353,1.3722475391869992e-22,1.0282012082959624e-05
-6.274999999999999,2465704385679742.5,1.2846172035914391e-05,1.2523173158754207e-16,1.3832968998281274e-22,1.3832968998281274e-18,1.0002639244633496,1.3836619857200677e-22,1.0367549443581352e-05
-6.25,2465705832532780.5,1.2953507673802427e-05,1.2627809993417424e-16,1.3948549775742836e-22,1.3948549775742836e-18,1.0002628729714638,1.3952216472469996e-22,1.0454175057013234e-05
-6.224999999999998,2465707279385818.5,1.3062215083167462e-05,1.2733784108298645e-16,1.406560769925701e-22,1.406560769925701e-18,1.0002618214795778,1.406929037747599e-22,1.054190776355996e-05
-6.199999999999999,2465708726238856.0,1.317231812474001e-05,1.2841118764183966e-16,1.418416846245024e-22,1.418416846245024e-18,1.000260769987692,1.4187867267885613e-22,1.0630766820110095e-05
-6.174999999999997,2465710173091894.0,1.3283841189442858e-05,1.2949837738720828e-16,1.430425832986871e-22,1.430425832986871e-18,1.0002597184958062,1.4307973410325765e-22,1.0720771911445788e-05
-6.149999999999999,2465711619944932.0,1.3396809212857802e-05,1.305996534052099e-16,1.4425904152556373e-22,1.4425904152556373e-18,1.0002586670039202,1.4429635657962354e-22,1.0811943161918205e-05
-6.125,2465713066797969.5,1.3511247690164972e-05,1.3171526423724234e-16,1.454913338414185e-22,1.454913338414185e-18,1.0002576155120344,1.4552881466588262e-22,1.0904301147504358e-05
-6.099999999999998,2465714513651007.5,1.3627182691573422e-05,1.3284546403040984e-16,1.4673974097454362e-22,1.4673974097454363e-18,1.0002565640201486,1.4677738911240362e-22,1.0997866908260436e-05
-6.074999999999999,2465715960504045.0,1.3744640878259159e-05,1.3399051269289574e-16,1.4800455001686038e-22,1.4800455001686038e-18,1.0002555125282626,1.4804236703362955e-22,1.1092661961184628e-05
-6.049999999999997,2465717407357083.0,1.3863649518832998e-05,1.3515067605450063e-16,1.492860546012479e-22,1.492860546012479e-18,1.0002544610363768,1.4932404208541833e-22,1.1188708313507579e-05
-6.024999999999999,2465718854210121.0,1.3984236506357677e-05,1.363262260325347e-16,1.5058455508478613e-22,1.5058455508478612e-18,1.000253409544491,1.5062271464829755e-22,1.1286028476426109e-05
-6.0,2465720301063158.5,1.4106430375935483e-05,1.3751744080327177e-16,1.519003587381423e-22,1.519003587381423e-18,1.000252358052605,1.5193869201686347e-22,1.1384645479297365e-05
-5.974999999999998,2465721747916196.5,1.4230260322890444e-05,1.3872460497919973e-16,1.5323377994135982e-22,1.5323377994135982e-18,1.0002513065607193,1.532722885955829e-22,1.148458288431284e-05
-5.949999999999999,2465723194769234.5,1.4355756221566282e-05,1.399480097922734e-16,1.5458514038627757e-22,1.5458514038627758e-18,1.0002502550688335,1.5462382610122558e-22,1.1585864801669305e-05
-5.924999999999997,2465724641622272.0,1.4482948644766627e-05,1.411879532834288e-16,1.5595476928586546e-22,1.5595476928586547e-18,1.0002492035769475,1.559936337722135e-22,1.1688515905258129e-05
-5.899999999999999,2465726088475310.0,1.4611868883863877e-05,1.424447404986157e-16,1.5734300359075996e-22,1.5734300359075997e-18,1.0002481520850617,1.5738204858517088e-22,1.1792561448894188e-05
-5.875,2465727535328347.5,1.4742548969600866e-05,1.4371868369158388e-16,1.587501882132597e-22,1.587501882132597e-18,1.000247100593176,1.5878941547893399e-22,1.189802728310394e-05
-5.849999999999998,2465728982181385.5,1.487502169361659e-05,1.4501010253372824e-16,1.6017667625911822e-22,1.6017667625911823e-18,1.00024604910129,1.602160875863594e-22,1.2004939872497825e-05
-5.824999999999999,2465730429034423.5,1.500932063072478e-05,1.4631932433127268e-16,1.6162282926744314e-22,1.6162282926744314e-18,1.000244997609404,1.616624264742388e-22,1.211332631375028e-05
-5.799999999999997,2465731875887461.0,1.5145480161975152e-05,1.4764668425008437e-16,1.6308901745902365e-22,1.6308901745902364e-18,1.0002439461175183,1.6312880239164265e-22,1.2223214354211403e-05
-5.774999999999999,2465733322740499.0,1.5283535498532157e-05,1.489925255484571e-16,1.6457561999346058e-22,1.6457561999346057e-18,1.0002428946256325,1.6461559452706713e-22,1.2334632411178373e-05
-5.75,2465734769593537.0,1.5423522706404457e-05,1.5035719981818835e-16,1.6608302523545776e-22,1.6608302523545775e-18,1.0002418431337465,1.661231912747428e-22,1.2447609591853478e-05
-5.724999999999998,2465736216446574.5,1.556547873205924e-05,1.517410672342819e-16,1.676116310306409e-22,1.676116310306409e-18,1.0002407916418607,1.6765199051047172e-22,1.2562175714016228e-05
-5.699999999999999,2465737663299612.5,1.5709441428963832e-05,1.5314449681369053e-16,1.6916184499136219e-22,1.6916184499136218e-18,1.000239740149975,1.6920239987745046e-22,1.2678361327443864e-05
-5.674999999999997,2465739110152650.0,1.585544958508972e-05,1.545678666834408e-16,1.7073408479286805e-22,1.7073408479286804e-18,1.000238688658089,1.707748370824573e-22,1.2796197736108584e-05
-5.649999999999999,2465740557005688.0,1.600354295142246e-05,1.560115643585636e-16,1.7232877848029852e-22,1.7232877848029852e-18,1.0002376371662032,1.7236973020287183e-22,1.291571702118655e-05
-5.625,2465742003858726.0,1.6153762271523652e-05,1.5747598703028106e-16,1.7394636478701563e-22,1.7394636478701563e-18,1.0002365856743174,1.7398751800502382e-22,1.3036952064916017e-05
-5.599999999999998,2465743450711763.5,1.6306149312188118e-05,1.5896154186486988e-16,1.7558729346472452e-22,1.7558729346472452e-18,1.0002355341824314,1.7562865027433607e-22,1.3159936575339275e-05
-5.574999999999999,2465744897564801.5,1.6460746895246658e-05,1.604686463136927e-16,1.7725202562593114e-22,1.7725202562593114e-18,1.0002344826905456,1.7729358815780458e-22,1.3284705111969221e-05
-5.549999999999997,2465746344417839.5,1.6617598930568623e-05,1.6199772843492568e-16,1.7894103409931924e-22,1.7894103409931925e-18,1.0002334311986598,1.7898280451939847e-22,1.3411293112424183e-05
-5.524999999999999,2465747791270877.0,1.6776750450315286e-05,1.635492272274798e-16,1.8065480379859621e-22,1.8065480379859622e-18,1.0002323797067738,1.806967843089302e-22,1.3539736920072224e-05
-5.5,2465749238123915.0,1.693824764450416e-05,1.651235929777017e-16,1.8239383210545562e-22,1.8239383210545562e-18,1.000231328214888,1.8243602494504317e-22,1.3670073812733464e-05
-5.474999999999998,2465750684976952.5,1.7102137897948506e-05,1.6672128761948108e-16,1.8415862926734784e-22,1.8415862926734785e-18,1.0002302767230022,1.842010367130081e-22,1.3802342032492238e-05
-5.449999999999999,2465752131829990.5,1.7268469828632472e-05,1.6834278510835303e-16,1.8594971881070988e-22,1.8594971881070987e-18,1.0002292252311162,1.8599234317798026e-22,1.3936580816667888e-05
-5.424999999999997,2465753578683028.5,1.7437293327598975e-05,1.6998857181034764e-16,1.8776763797048452e-22,1.8776763797048452e-18,1.0002281737392305,1.8781048161454671e-22,1.4072830430006422e-05
-5.399999999999999,2465755025536066.0,1.7608659600419505e-05,1.7165914690626107e-16,1.896129381366742e-22,1.896129381366742e-18,1.0002271222473447,1.8965600345330942e-22,1.4211132198148875e-05
-5.375,2465756472389104.0,1.7782621210330474e-05,1.7335502281217302e-16,1.9148618531884013e-22,1.9148618531884012e-18,1.0002260707554587,1.9152947474541506e-22,1.435152854244465e-05
-5.349999999999998,2465757919242142.0,1.7959232123123303e-05,1.750767256170606e-16,1.9338796062948617e-22,1.9338796062948618e-18,1.0002250192635729,1.9343147664597087e-22,1.4494063016180221e-05
-5.324999999999999,2465759366095179.5,1.8138547753880117e-05,1.7682479553840428e-16,1.9531886078731649e-22,1.953188607873165e-18,1.000223967771687,1.9536260591733548e-22,1.4638780342297356e-05
-5.299999999999997,2465760812948217.5,1.8320625015659393e-05,1.7859978739680296e-16,1.972794986414906e-22,1.972794986414906e-18,1.000222916279801,1.973234754534088e-22,1.4785726452685033e-05
-5.274999999999999,2465762259801255.5,1.8505522370243855e-05,1.8040227111069322e-16,1.9927050371808505e-22,1.9927050371808503e-18,1.0002218647879153,1.9931471482613024e-22,1.4934948529135713e-05
-5.25,2465763706654293.0,1.8693299881071112e-05,1.8223283221234686e-16,2.012925227900591e-22,2.012925227900591e-18,1.0002208132960295,2.0133697085548246e-22,1.5086495046063208e-05
-5.224999999999998,2465765153507331.0,1.8884019268483433e-05,1.840920723864771e-16,2.0334622047219358e-22,2.033462204721936e-18,1.0002197618041437,2.0339090820447036e-22,1.5240415815092209e-05
-5.199999999999999,2465766600360368.5,1.9077743967448062e-05,1.8598061003292851e-16,2.054322798426326e-22,2.054322798426326e-18,1.0002187103122577,2.054772100007048e-22,1.539676203164167e-05
-5.174999999999997,2465768047213406.5,1.9274539187911176e-05,1.8789908085504168e-16,2.0755140309278485e-22,2.0755140309278483e-18,1.000217658820372,2.0759657848634857e-22,1.5555586323633694e-05
-5.149999999999999,2465769494066444.5,1.9474471977978405e-05,1.898481384755724e-16,2.097043122076619e-22,2.097043122076619e-18,1.0002166073284862,2.0974973569850122e-22,1.5716942802483592e-05
-5.125,2465770940919482.0,1.967761129012922e-05,1.9182845508218697e-16,2.118917496788855e-22,2.118917496788855e-18,1.0002155558366002,2.119374241822562e-22,1.588088711653845e-05
-5.099999999999998,2465772387772520.0,1.9884028050707615e-05,1.9384072210489646e-16,2.141144792529748e-22,2.141144792529748e-18,1.0002145043447144,2.1416040773904083e-22,1.6047476507159828e-05
-5.074999999999999,2465773834625558.0,2.0093795232965753e-05,1.9588565092812753e-16,2.163732867178922e-22,2.163732867178922e-18,1.0002134528528286,2.1641947221321805e-22,1.6216769867673913e-05
-5.049999999999997,2465775281478595.5,2.030698793397452e-05,1.9796397364048973e-16,2.1866898073122883e-22,2.1866898073122883e-18,1.0002124013609426,2.1871542632033207e-22,1.6388827805442432e-05
-5.024999999999999,2465776728331633.5,2.0523683455767085e-05,2.000764438258088e-16,2.2100239369397184e-22,2.2100239369397184e-18,1.0002113498690568,2.210491025209403e-22,1.656371270734988e-05
-5.0,2465778175184671.0,2.074396139114338e-05,2.0222383739959712e-16,2.2337438267446095e-22,2.2337438267446095e-18,1.000210298377171,2.2342135794463897e-22,1.6741488809052315e-05
-4.974999999999998,2465779622037709.0,2.0967903714628756e-05,2.0440695349577006e-16,2.257858303878465e-22,2.2578583038784654e-18,1.000209246885285,2.2583307536959666e-22,1.69222222683859e-05
-4.949999999999999,2465781068890747.0,2.119559487917322e-05,2.066266154093245e-16,2.282376462373623e-22,2.282376462373623e-18,1.0002081953933992,2.282851642639092e-22,1.7105981243408324e-05
-4.924999999999997,2465782515743784.5,2.1427121919277388e-05,2.0888367160166897e-16,2.307307674248031e-22,2.307307674248031e-18,1.0002071439015134,2.3077856189616665e-22,1.7292835975627013e-05
-4.899999999999999,2465783962596822.5,2.166257456135755e-05,2.111789967765246e-16,2.332661601389537e-22,2.332661601389537e-18,1.0002060924096274,2.333142345239813e-22,1.748285887906964e-05
-4.875,2465785409449860.5,2.1902045342316407e-05,2.1351349303581933e-16,2.358448208323782e-22,2.358448208323782e-18,1.0002050409177417,2.3589317867088624e-22,1.7676124635977064e-05
-4.849999999999998,2465786856302898.0,2.2145629737467283e-05,2.158880911267655e-16,2.3846777759892857e-22,2.3846777759892858e-18,1.0002039894258559,2.385164225039661e-22,1.7872710300045033e-05
-4.824999999999999,2465788303155936.0,2.2393426299178596e-05,2.1830375179344424e-16,2.4113609166669143e-22,2.4113609166669144e-18,1.0002029379339699,2.411850273269398e-22,1.8072695408317684e-05
-4.799999999999997,2465789750008973.5,2.2645536807878873e-05,2.2076146724888765e-16,2.4385085902403487e-22,2.4385085902403487e-18,1.000201886442084,2.4390008920636237e-22,1.8276162103056722e-05
-4.774999999999999,2465791196862011.5,2.290206643737455e-05,2.2326226278668984e-16,2.466132121997774e-22,2.466132121997774e-18,1.0002008349501983,2.4666274075196774e-22,1.8483195265161712e-05
-4.75,2465792643715049.5,2.3163123936828046e-05,2.25807198555032e-16,2.4942432222275787e-22,2.4942432222275785e-18,1.0001997834583123,2.494741530764387e-22,1.8693882661036152e-05
-4.724999999999998,2465794090568087.0,2.3428821832208355e-05,2.283973715205362e-16,2.5228540079108856e-22,2.5228540079108855e-18,1.0001987319664265,2.5233553796488847e-22,1.8908315105168896e-05
-4.699999999999999,2465795537421125.0,2.3699276650582008e-05,2.310339176547805e-16,2.5519770268735713e-22,2.5519770268735714e-18,1.0001976804745407,2.552481502903261e-22,1.9126586641149e-05
-4.674999999999997,2465796984274163.0,2.3974609171292492e-05,2.337180143829372e-16,2.581625284833676e-22,2.581625284833676e-18,1.000196628982655,2.5821329071870293e-22,1.9348794744380947e-05
-4.649999999999999,2465798431127200.5,2.4254944708883765e-05,2.364508833418715e-16,2.611812275867076e-22,2.6118122758670757e-18,1.000195577490769,2.6123230875583494e-22,1.957504055041912e-05
-4.625,2465799877980238.5,2.454041343358667e-05,2.3923379350442307e-16,2.6425520169179834e-22,2.6425520169179834e-18,1.0001945259988831,2.643066061988675e-22,1.9805429113617494e-05
-4.599999999999998,2465801324833276.0,2.483115073635783e-05,2.4206806473801176e-16,2.6738590871069366e-22,2.6738590871069364e-18,1.0001934745069974,2.674376410675595e-22,2.0040069701735616e-05
-4.574999999999999,2465802771686314.0,2.5127297646836738e-05,2.4495507187911883e-16,2.705748672737104e-22,2.705748672737104e-18,1.0001924230151114,2.7062693210548456e-22,2.0279076133252348e-05
-4.549999999999997,2465804218539352.0,2.542900131425172e-05,2.478962494214294e-16,2.7382366190790285e-22,2.7382366190790287e-18,1.0001913715232256,2.7387606395917736e-22,2.0522567165482793e-05
-4.524999999999999,2465805665392389.5,2.5736415563276172e-05,2.5089309693463306e-16,2.771339490226141e-22,2.771339490226141e-18,1.0001903200313398,2.771866931644774e-22,2.0770666943184043e-05
-4.5,2465807112245427.5,2.6049701539185614e-05,2.539471853537782e-16,2.8050746385663304e-22,2.8050746385663303e-18,1.0001892685394538,2.805605550946231e-22,2.1023505519231546e-05
-4.474999999999998,2465808559098465.5,2.6369028459463787e-05,2.5706016430635273e-16,2.839460285716121e-22,2.839460285716121e-18,1.000188217047568,2.8399947205477854e-22,2.1281219461205456e-05
-4.449999999999999,2465810005951503.0,2.669457449232115e-05,2.6023377067657755e-16,2.874515617120989e-22,2.8745156171209893e-18,1.0001871655556822,2.8750536274337847e-22,2.1543952560402207e-05
-4.424999999999997,2465811452804541.0,2.7026527786516475e-05,2.6346983864468884e-16,2.9102608929482443e-22,2.9102608929482445e-18,1.0001861140637962,2.910802533429738e-22,2.1811856662955727e-05
-4.399999999999999,2465812899657578.5,2.7365087681521372e-05,2.6677031148430405e-16,2.946717578399528e-22,2.9467175783995284e-18,1.0001850625719104,2.9472629055332803e-22,2.2085092646505057e-05
-4.375,2465814346510616.5,2.7710466132564802e-05,2.7013725545455993e-16,2.9839084971619525e-22,2.9839084971619524e-18,1.0001840110800246,2.98445756938721e-22,2.2363831570281695e-05
-4.349999999999998,2465815793363654.5,2.806288939155581e-05,2.735728761866956e-16,3.0218580124126167e-22,3.0218580124126167e-18,1.0001829595881386,3.022410890309981e-22,2.2648256031704322e-05
-4.324999999999999,2465817240216692.0,2.8422599992520517e-05,2.770795380392121e-16,3.0605922406137237e-22,3.060592240613724e-18,1.0001819080962528,3.06114898712162e-22,2.293856176873289e-05
-4.299999999999997,2465818687069730.0,2.8789859099131273e-05,2.806597869829112e-16,3.1001393042983765e-22,3.1001393042983764e-18,1.000180856604367,3.100699984966017e-22,2.3234959554450506e-05
-4.274999999999999,2465820133922768.0,2.9164949282422e-05,2.8431637767963094e-16,3.140529631179523e-22,3.140529631179523e-18,1.000179805112481,3.141094314463107e-22,2.3537677438828563e-05
-4.25,2465821580775805.5,2.954817780908634e-05,2.8805230553843153e-16,3.181796308239305e-22,3.1817963082393047e-18,1.0001787536205953,3.182365065849399e-22,2.384696340255967e-05
-4.224999999999998,2465823027628843.5,2.993988053513511e-05,2.9187084467316427e-16,3.2239755010044842e-22,3.223975501004484e-18,1.0001777021287095,3.22454840831392e-22,2.4163088499447895e-05
-4.199999999999999,2465824474481881.5,3.0340426516474707e-05,2.957755928489907e-16,3.2671069500210973e-22,3.2671069500210974e-18,1.0001766506368235,3.267684086544389e-22,2.4486350577392697e-05
-4.174999999999997,2465825921334919.0,3.075022346752002e-05,2.997705246960206e-16,3.311234558646856e-22,3.311234558646856e-18,1.0001755991449377,3.311816008604042e-22,2.4817078683782153e-05
-4.149999999999999,2465827368187957.0,3.116972422167169e-05,3.038600546896888e-16,3.356407088725951e-22,3.356407088725951e-18,1.000174547653052,3.356992941705975e-22,2.5155638279444424e-05
-4.125,2465828815040994.5,3.1599434373866717e-05,3.080491116546494e-16,3.4026789835514463e-22,3.4026789835514465e-18,1.0001734961611661,3.403269335292773e-22,2.5502437406595743e-05
-4.099999999999998,2465830261894032.5,3.20399213159513e-05,3.123432268466874e-16,3.4501113408090694e-22,3.450111340809069e-18,1.0001724446692801,3.450706294118215e-22,2.5857933980870667e-05
-4.074999999999999,2465831708747070.5,3.2491824910926925e-05,3.1674863801129075e-16,3.498773061997553e-22,3.498773061997553e-18,1.0001713931773943,3.4993727278296306e-22,2.622264440601082e-05
-4.049999999999997,2465833155600108.0,3.295587009286031e-05,3.212724122146803e-16,3.548742209207634e-22,3.548742209207634e-18,1.0001703416855086,3.549346707936986e-22,2.659715374266767e-05
-4.024999999999999,2465834602453146.0,3.3432881726147696e-05,3.2592259070030023e-16,3.6001076051920284e-22,3.600107605192029e-18,1.0001692901936226,3.6007170681055736e-22,2.6982127700625295e-05
-4.0,2465836049306184.0,3.3923802111718076e-05,3.307083595491623e-16,3.652970718462144e-22,3.652970718462144e-18,1.0001682387017368,3.6535852895133007e-22,2.7378326767244805e-05
-3.974999999999998,2465837496159221.5,3.442971158958477e-05,3.3564025052514093e-16,3.707447881804667e-22,3.7074478818046675e-18,1.000167187209851,3.708067719671694e-22,2.7786622834827866e-05
-3.9499999999999993,2465838943012259.5,3.495185275788104e-05,3.407303771757942e-16,3.763672900227088e-22,3.763672900227088e-18,1.000166135717965,3.7642981807265527e-22,2.8208018746676688e-05
-3.924999999999997,2465840389865297.0,3.5491658909327134e-05,3.4599271204708565e-16,3.821800113043165e-22,3.821800113043165e-18,1.0001650842260792,3.8224310319570563e-22,2.864367124684721e-05
-3.8999999999999986,2465841836718335.0,3.6050787378148916e-05,3.5144341176795845e-16,3.8820079847238874e-22,3.882007984723887e-18,1.0001640327341934,3.882644761107782e-22,2.9094917892900017e-05
-3.875,2465843283571373.0,3.66311585951911e-05,3.571011977816103e-16,3.9445033104161985e-22,3.9445033104161986e-18,1.0001629812423074,3.945146190466016e-22,2.9563308575470228e-05
-3.849999999999998,2465844730424410.5,3.7235001767799386e-05,3.6298780165875263e-16,4.0095261348277176e-22,4.009526134827718e-18,1.0001619297504216,4.0101753963940393e-22,3.0050642384381022e-05
-3.8249999999999993,2465846177277448.5,3.7864908235599266e-05,3.691284852398406e-16,4.077355497664616e-22,4.0773554976646155e-18,1.0001608782585358,4.078011455516512e-22,3.055901066961721e-05
-3.799999999999997,2465847624130486.5,3.8523893705292093e-05,3.7555264733497234e-16,4.1483161351766596e-22,4.14831613517666e-18,1.0001598267666498,4.1489791471315864e-22,3.109084726814178e-05
-3.7749999999999986,2465849070983524.0,3.9215470738913395e-05,3.8229453038032164e-16,4.222786285811894e-22,4.222786285811894e-18,1.000158775274764,4.2234567598646935e-22,3.1648987005805956e-05
-3.75,2465850517836562.0,3.9943733062643296e-05,3.8939404232798105e-16,4.301206768727799e-22,4.301206768727799e-18,1.0001577237828783,4.301885171330304e-22,3.223673373907861e-05
-3.724999999999998,2465851964689599.5,4.071345347935594e-05,3.968977111527266e-16,4.384091527175394e-22,4.384091527175394e-18,1.0001566722909923,4.384778392838876e-22,3.285793937572213e-05
-3.6999999999999993,2465853411542637.5,4.153019740993377e-05,4.048597917167984e-16,4.472039854814409e-22,4.4720398548144085e-18,1.0001556207991065,4.4727357972302505e-22,3.3517095508719366e-05
-3.674999999999997,2465854858395675.5,4.240045435831264e-05,4.1334354736532057e-16,4.565750552085224e-22,4.565750552085223e-18,1.0001545693072207,4.566456276985002e-22,3.421943951561216e-05
-3.6499999999999986,2465856305248713.0,4.333178989577847e-05,4.2242273155495984e-16,4.666038292127508e-22,4.666038292127508e-18,1.0001535178153347,4.666754612132383e-22,3.497107721797569e-05
-3.625,2465857752101751.0,4.43330210938066e-05,4.321832980722062e-16,4.773852511676447e-22,4.773852511676447e-18,1.000152466323449,4.774580363417589e-22,3.5779124465123894e-05
-3.599999999999998,2465859198954789.0,4.541441870437829e-05,4.427253720011486e-16,4.890299182171225e-22,4.890299182171224e-18,1.0001514148315631,4.891039645998186e-22,3.665187030446253e-05
-3.5749999999999993,2465860645807826.5,4.658793979496255e-05,4.541655175805089e-16,5.016665860271888e-22,5.016665860271888e-18,1.0001503633396773,5.017420182904684e-22,3.759896473038985e-05
-3.549999999999997,2465862092660864.5,4.786749499496475e-05,4.666393434727771e-16,5.154450465395778e-22,5.1544504653957775e-18,1.0001493118477913,5.155220085919114e-22,3.8631634366506106e-05
-3.5249999999999986,2465863539513902.0,4.9269255004137935e-05,4.803044907811076e-16,5.305394285046585e-22,5.305394285046585e-18,1.0001482603559055,5.306180864691505e-22,3.9762929834331706e-05
-3.5,2465864986366940.0,5.0812001553929065e-05,4.953440544185019e-16,5.471519766908443e-22,5.471519766908443e-18,1.0001472088640198,5.472325223117792e-22,4.100800899792673e-05
-3.474999999999998,2465866433219978.0,5.251752860252529e-05,5.119704941834347e-16,5.655173720187315e-22,5.655173720187315e-18,1.0001461573721337,5.656000265517217e-22,4.2384460749798984e-05
-3.4499999999999993,2465867880073015.5,5.441110018590145e-05,5.304300981501413e-16,5.859076617763639e-22,5.859076617763639e-18,1.000145105880248,5.8599268042336995e-22,4.3912674521242195e-05
-3.424999999999997,2465869326926053.5,5.652197204259867e-05,5.510080677612097e-16,6.086378765605057e-22,6.086378765605057e-18,1.0001440543883622,6.087255535175476e-22,4.5616261261493645e-05
-3.3999999999999986,2465870773779091.5,5.8883984881096706e-05,5.740343013325912e-16,6.340724186771293e-22,6.340724186771293e-18,1.0001430028964762,6.341630928695757e-22,4.7522532236305426e-05
-3.375,2465872220632129.0,6.15362379669748e-05,5.998899605612178e-16,6.626323154385742e-22,6.626323154385742e-18,1.0001419514045904,6.627263770264776e-22,4.9663042648890376e-05
-3.349999999999998,2465873667485167.0,6.452385257344121e-05,6.2901491307143e-16,6.948034401242171e-22,6.94803440124217e-18,1.0001408999127046,6.949013378682775e-22,5.207420778542372e-05
-3.3249999999999993,2465875114338204.5,6.789883576362108e-05,6.619161530519817e-16,7.311458133299917e-22,7.311458133299917e-18,1.0001398484208186,7.31248062917374e-22,5.4798000133651844e-05
-3.299999999999997,2465876561191242.5,7.172105595578066e-05,6.991773116161672e-16,7.723041080149225e-22,7.723041080149224e-18,1.0001387969289328,7.724113014533172e-22,5.788273671632278e-05
-3.2749999999999986,2465878008044280.5,7.605934276211585e-05,7.414693786507554e-16,8.190194927458072e-22,8.190194927458071e-18,1.000137745437047,8.191323089437855e-22,6.138396672004468e-05
-3.25,2465879454897318.0,8.09927246856188e-05,7.895627685832356e-16,8.721429594203216e-22,8.721429594203215e-18,1.000136693945161,8.722621760821892e-22,6.536547038300312e-05
-3.224999999999998,2465880901750356.0,8.661181940430437e-05,8.443408736567223e-16,9.32650294075871e-22,9.326502940758711e-18,1.0001356424532752,9.327768010498074e-22,6.990038102885706e-05
-3.1999999999999993,2465882348603394.0,9.302039256304356e-05,9.068152599120693e-16,1.0016588622160272e-21,1.0016588622160272e-17,1.0001345909613895,1.0017936764452772e-21,7.507244309530653e-05
-3.174999999999997,2465883795456431.5,0.00010033710222411444,9.781426730758916e-16,1.0804463933405196e-21,1.0804463933405196e-17,1.0001335394695035,1.0805906755787132e-21,8.097741999919731e-05
-3.1499999999999986,2465885242309469.5,0.00010869744739038699,1.0596440338637416e-15,1.1704719629628612e-21,1.1704719629628613e-17,1.0001324879776177,1.1706270364260924e-21,8.772466669918028e-05
-3.125,2465886689162507.5,0.00011825594030018312,1.1528256147358062e-15,1.27339938423812e-21,1.27339938423812e-17,1.0001314364857319,1.2735667553781174e-21,9.543888285410811e-05
-3.099999999999998,2465888136015545.0,0.00012918852348835563,1.259402602771779e-15,1.3911232352735285e-21,1.3911232352735284e-17,1.0001303849938459,1.3913046168679986e-21,0.00010426206352089086
-3.0749999999999993,2465889582868583.0,0.000141695253900234,1.3813252659277233e-15,1.5257977621082148e-21,1.5257977621082147e-17,1.00012933350196,1.525995098876071e-21,0.00011435566537833025
-3.049999999999997,2465891029721620.5,0.00015600327761740204,1.5208079523410096e-15,1.6798689110488656e-21,1.6798689110488657e-17,1.0001282820100743,1.6800844080094362e-21,0.00012590300749028068
-3.0249999999999986,2465892476574658.5,0.0001723701199878902,1.6803611643754061e-15,1.8561097573319147e-21,1.8561097573319148e-17,1.0001272305181885,1.8563459111381548e-21,0.00013911192661707957
-3.0,2465893923427696.5,0.00019108731712703326,1.8628269605399852e-15,2.057659609721117e-21,2.057659609721117e-17,1.0001261790263025,2.0579192432071336e-21,0.00015421770803140358
-2.974999999999998,2465895370280734.0,0.0002124844158442916,2.071417949032154e-15,2.2880670823763987e-21,2.2880670823763986e-17,1.0001251275344167,2.2883533825689965e-21,0.00017148631367362727
-2.9499999999999993,2465896817133772.0,0.0002369333700288829,2.3097601461848106e-15,2.5513374358562767e-21,2.5513374358562767e-17,1.000124076042531,2.5516539957084787e-21,0.00019121793027069263
-2.924999999999997,2465898263986810.0,0.0002648533623627411,2.581939981244219e-15,2.8519844981147893e-21,2.851984498114789e-17,1.000123024550645,2.8523353622261162e-21,0.00021375086071693226
-2.8999999999999986,2465899710839847.5,0.00029671608088969336,2.8925557353428806e-15,3.195087483464868e-21,3.195087483464868e-17,1.0001219730587592,3.1954771980582295e-21,0.0002394657825482418
-2.875,2465901157692885.5,0.0003330514804190354,3.2467737069116204e-15,3.586353032318134e-21,3.586353032318134e-17,1.0001209215668734,3.586786699746163e-21,0.0002687903977036017
-2.849999999999998,2465902604545923.0,0.00037445405893985384,3.650389397706953e-15,4.032182796644984e-21,4.032182796644984e-17,1.0001198700749874,4.03266613469918e-21,0.0003022044979278785
-2.8249999999999993,2465904051398961.0,0.0004215896791280148,4.109894012709248e-15,4.539746895082017e-21,4.539746895082017e-17,1.0001188185831016,4.540286301375731e-21,0.0003402454700936265
-2.799999999999997,2465905498251999.0,0.00047520296459541047,4.632546562932648e-15,5.117063556958482e-21,5.1170635569584824e-17,1.0001177670912158,5.1176661786491516e-21,0.0003835142653707016
-2.7749999999999986,2465906945105036.5,0.0005361252997131692,5.226451852214443e-15,5.773085265706268e-21,5.773085265706268e-17,1.0001167155993298,5.773759074813037e-21,0.0004326818555124163
-2.75,2465908391958074.5,0.0006052834605883709,5.9006446168448786e-15,6.517791698634495e-21,6.517791698634495e-17,1.000115664107444,6.518545573193824e-21,0.0004884961985164076
-2.724999999999998,2465909838811112.5,0.0006837089030345941,6.665180069943423e-15,7.362289741321557e-21,7.362289741321557e-17,1.0001146126155582,7.363133552605307e-21,0.0005517897345147434
-2.6999999999999993,2465911285664150.0,0.0007725477310990246,7.531231080284313e-15,8.31892083035199e-21,8.31892083035199e-17,1.0001135611236722,8.319865536349225e-21,0.000623487430909656
-2.674999999999997,2465912732517188.0,0.0008730713668385995,8.51119218729328e-15,9.401375847218095e-21,9.401375847218095e-17,1.0001125096317864,9.402433592552951e-21,0.0007046153934548363
-2.6499999999999986,2465914179370225.5,0.000986687938520902,9.618790619653995e-15,1.0624817748337258e-20,1.0624817748337258e-16,1.0001114581399007,1.0626001970760272e-20,0.000796310057144013
-2.625,2465915626223263.5,0.0011149544002111008,1.0869204443878275e-14,1.2006012070754299e-20,1.2006012070754298e-16,1.0001104066480146,1.2007337614303054e-20,0.0008998279673672753
-2.599999999999998,2465917073076301.5,0.0012595893907403552,1.2279187920783893e-14,1.3563465399624865e-20,1.3563465399624865e-16,1.0001093551561289,1.356494863450129e-20,0.0010165561577878727
-2.5749999999999993,2465918519929339.0,0.0014224868342878542,1.3867204091640436e-14,1.5317571821516196e-20,1.5317571821516196e-16,1.000108303664243,1.5319230770671772e-20,0.0011480231267409695
-2.549999999999997,2465919966782377.0,0.001605730278201473,1.5653564551333104e-14,1.729076731641442e-20,1.729076731641442e-16,1.000107252172357,1.7292621788770826e-20,0.0012959104086234857
-2.5249999999999986,2465921413635415.0,0.001811607956190333,1.7660576292860986e-14,1.9507691960655586e-20,1.9507691960655586e-16,1.0001062006804713,1.9509763690816233e-20,0.0014620647306979443
-2.5,2465922860488452.5,0.002042628556615315,1.9912695425527953e-14,2.1995359722467272e-20,2.1995359722467273e-16,1.0001051491885855,2.1997672516694737e-20,0.0016485107389481654
-2.474999999999998,2465924307341490.5,0.002301537666249651,2.2436687477996896e-14,2.4783335531082893e-20,2.478333553108289e-16,1.0001040976966997,2.4785915419228216e-20,0.001857464269075519
-2.4499999999999993,2465925754194528.0,0.002591334849568453,2.526179389683855e-14,2.790391918933598e-20,2.790391918933598e-16,1.0001030462048137,2.790679458230787e-20,0.0020913461304011
-2.424999999999997,2465927201047566.0,0.002915291312343314,2.8419904241215797e-14,3.139233557814743e-20,3.139233557814743e-16,1.000101994712928,3.139553743040286e-20,0.002352796361333417
-2.3999999999999986,2465928647900604.0,0.0032769680860698395,3.194573345494113e-14,3.5286930469427274e-20,3.5286930469427275e-16,1.0001009432210421,3.529049244584955e-20,0.002644688905176174
-2.375,2465930094753641.5,0.0036802346565655013,3.587700346855703e-14,3.96293711218754e-20,3.96293711218754e-16,1.0000998917291561,3.963332976828214e-20,0.002970146644405311
-2.349999999999998,2465931541606679.5,0.004129287945967492,4.0254628246558853e-14,4.446485068225155e-20,4.446485068225155e-16,1.0000988402372704,4.446924559864317e-20,0.0033325567201587924
-2.3249999999999993,2465932988459717.5,0.004628671542393366,4.512290124897432e-14,4.984229525351882e-20,4.984229525351882e-16,1.0000977887453846,4.9847169269038753e-20,0.003735586051603535
-2.299999999999997,2465934435312755.0,0.0051832950557636655,5.052968412284114e-14,5.581457232152018e-20,5.581457232152018e-16,1.0000967372534986,5.581997166995176e-20,0.0041831969571218255
-2.2749999999999986,2465935882165793.0,0.00579845346181037,5.6526595278513484e-14,6.2438699054438e-20,6.2438699054438e-16,1.0000956857616128,6.244467354891113e-20,0.004679662765963061
-2.25,2465937329018830.5,0.006479846279224091,6.316919683931067e-14,6.977604880546414e-20,6.977604880546413e-16,1.000094634269727,6.978265201088727e-20,0.005229583295229515
-2.224999999999998,2465938775871868.5,0.007233596407340413,7.051717828191011e-14,7.789255396009985e-20,7.789255396009985e-16,1.000093582777841,7.789984336167257e-20,0.005837900052898992
-2.1999999999999993,2465940222724906.5,0.008066268433896955,7.863453491069054e-14,8.685890307709017e-20,8.685890307709018e-16,1.0000925312859552,8.686694024308856e-20,0.006509911013166157
-2.174999999999997,2465941669577944.0,0.008984886204371934,8.758973913355539e-14,9.675073007794673e-20,9.675073007794673e-16,1.0000914797940694,9.675958081481033e-20,0.007251284795840546
-2.1499999999999986,2465943116430982.0,0.009996949426436103,9.745590233149683e-14,1.0764879304641282e-19,1.0764879304641281e-15,1.0000904283021834,1.076585275440001e-19,0.008068074067029352
-2.125,2465944563284020.0,0.01111044906534665,1.0831092494158014e-13,1.1963914000859298e-19,1.1963914000859299e-15,1.0000893768102976,1.1964983297331371e-19,0.008966727964045558
-2.099999999999998,2465946010137057.5,0.012333881268901923,1.202376322052575e-13,1.3281325887915222e-19,1.3281325887915222e-15,1.0000883253184119,1.3282498965253205e-19,0.009954103333592841
-2.0749999999999993,2465947456990095.5,0.013676259544147019,1.3332389287376298e-13,1.4726820858208133e-19,1.4726820858208132e-15,1.0000872738265258,1.4728106124216988e-19,0.011037474559019714
-2.049999999999997,2465948903843133.5,0.015147124892640348,1.476627180124084e-13,1.6310672818891153e-19,1.6310672818891154e-15,1.00008622233464,1.631207916318115e-19,0.01222454174002292
-2.0249999999999986,2465950350696171.0,0.016756553597058715,1.6335233690880208e-13,1.8043732076615673e-19,1.8043732076615674e-15,1.0000851708427543,1.8045268876483071e-19,0.013523436976855143
-2.0,2465951797549209.0,0.018515162339574596,1.8049624696967784e-13,1.9937430849084045e-19,1.9937430849084047e-15,1.0000841193508683,1.9939107972825051e-19,0.014942728501129833
-1.9749999999999979,2465953244402246.5,0.020434110322077075,1.9920323439000476e-13,2.2003785548138312e-19,2.200378554813831e-15,1.0000830678589825,2.200561335549331e-19,0.016491422386953156
-1.9499999999999993,2465954691255284.5,0.02252509805030817,2.1958736230006212e-13,2.4255395470498226e-19,2.4255395470498228e-15,1.0000820163670967,2.425738480991721e-19,0.018178961569656826
-1.9249999999999972,2465956138108322.5,0.02480036243867162,2.4176792304435414e-13,2.6705437526538986e-19,2.6705437526538988e-15,1.000080964875211,2.6707599728955773e-19,0.020015221895116408
-1.8999999999999986,2465957584961360.0,0.027272667890186814,2.65869351223969e-13,2.936765663503913e-19,2.936765663503913e-15,1.000079913383325,2.937000350384116e-19,0.02201050492079597
-1.875,2465959031814398.0,0.02995529300718827,2.9202109414498094e-13,3.2256351413043517e-19,3.2256351413043517e-15,1.0000788618914391,3.2258895209926873e-19,0.02417552719057022
-1.8499999999999979,2465960478667436.0,0.03286201259319225,3.203574363624928e-13,3.538635479517773e-19,3.5386354795177728e-15,1.0000778103995533,3.5389108221583077e-19,0.026521405709266043
-1.8249999999999993,2465961925520473.5,0.03600707461524796,3.510172750966405e-13,3.877300922632957e-19,3.877300922632957e-15,1.0000767589076673,3.877598540016476e-19,0.02905963935004505
-1.7999999999999972,2465963372373511.5,0.03940517180933264,3.841438434259663e-13,4.243213608587222e-19,4.243213608587222e-15,1.0000757074157816,4.2435348513241373e-19,0.03180208593843533
-1.7749999999999986,2465964819226549.0,0.043071407629202904,4.1988437833761357e-13,4.637999902082814e-19,4.6379999020828145e-15,1.0000746559238958,4.638346156250533e-19,0.03476093477122916
-1.75,2465966266079587.0,0.04702125626188332,4.583897309357538e-13,5.063326088989066e-19,5.063326088989065e-15,1.0000736044320098,5.063698772229925e-19,0.03794867434683897
-1.7249999999999979,2465967712932625.0,0.05127051646077101,4.998139163806479e-13,5.520893405015284e-19,5.520893405015284e-15,1.000072552940124,5.521293962063929e-19,0.04137805510613803
-1.6999999999999993,2465969159785662.5,0.055835258980409995,5.443136014531731e-13,6.01243237540093e-19,6.01243237540093e-15,1.0000715014482382,6.012862273023205e-19,0.045062047009505585
-1.6749999999999972,2465970606638700.5,0.06073176743539289,5.920475280140359e-13,6.539696446505044e-19,6.539696446505044e-15,1.0000704499563522,6.540157167834256e-19,0.049013791806790316
-1.6499999999999986,2465972053491738.5,0.06597647244961143,6.431758710535195e-13,7.104454894889402e-19,7.104454894889402e-15,1.0000693984644664,7.104947933149978e-19,0.05324654989222564
-1.625,2465973500344776.0,0.07158587901126182,6.978595305070959e-13,7.7084850047862e-19,7.7084850047862e-15,1.0000683469725806,7.70901185639946e-19,0.05777364167602491
-1.5999999999999979,2465974947197814.0,0.07757648700339628,7.56259356542414e-13,8.353563510697347e-19,8.353563510697346e-15,1.0000672954806946,8.354125667769312e-19,0.06260838344827667
-1.5749999999999993,2465976394050851.5,0.08396470493935518,8.18535308603629e-13,9.041457308284136e-19,9.041457308284136e-15,1.0000662439888088,9.042056250480883e-19,0.06776401775881412
-1.5499999999999972,2465977840903889.5,0.09076675699678541,8.848455491265723e-13,9.773913443637693e-19,9.773913443637693e-15,1.000065192496923,9.774550629459794e-19,0.0732536383886847
-1.5249999999999986,2465979287756927.5,0.09799858351280198,9.553454735094542e-13,1.055264839843456e-18,1.055264839843456e-14,1.000064141005037,1.0553325255908639e-18,0.07909011004441151
-1.5,2465980734609965.0,0.10567573517586415,1.0301866786355866e-12,1.1379336696344182e-18,1.1379336696344183e-14,1.0000630895131513,1.1380054613156339e-18,0.08528598296516555
-1.4749999999999979,2465982181463003.0,0.11381326122643363,1.109515872990332e-12,1.2255598864292186e-18,1.2255598864292186e-14,1.0000620380212655,1.225635917739515e-18,0.09185340269470407
-1.4499999999999993,2465983628316041.0,0.12242559205802957,1.1934737321899628e-12,1.3182988790749206e-18,1.3182988790749207e-14,1.0000609865293795,1.3183792775482402e-18,0.0988040153341288
-1.4249999999999972,2465985075169078.5,0.1315264166921037,1.2821937045376268e-12,1.4162980532024222e-18,1.4162980532024221e-14,1.0000599350374937,1.416382939079343e-18,0.10614886865754224
-1.3999999999999986,2465986522022116.5,0.14112855568343288,1.37580077203342e-12,1.5196954626508548e-18,1.5196954626508547e-14,1.000058883545608,1.51978494770794e-18,0.11389830953988674
-1.375,2465987968875154.0,0.1512438300967678,1.4744101730848457e-12,1.6286183985866183e-18,1.6286183985866183e-14,1.0000578320537221,1.6287125849333383e-18,0.1220618782140765
-1.3499999999999979,2465989415728192.0,0.1618829272791135,1.5781260939792878e-12,1.7431819441172572e-18,1.743181944117257e-14,1.0000567805618361,1.7432809229674266e-18,0.1306481999420328
-1.3249999999999993,2465990862581230.0,0.17305526423450887,1.6870403369842905e-12,1.8634875030886505e-18,1.8634875030886506e-14,1.0000557290699503,1.8635913535140617e-18,0.13966487475080727
-1.2999999999999972,2465992309434267.5,0.18476884948830188,1.8012309737225897e-12,1.989621312616844e-18,1.989621312616844e-14,1.0000546775780645,1.9897301002914836e-18,0.14911836594964753
-1.2749999999999986,2465993756287305.5,0.19703014440457964,1.92076099321619e-12,2.121652949731364e-18,2.1216529497313642e-14,1.0000536260861785,2.1217667256752874e-18,0.159013888205729
-1.25,2465995203140343.5,0.2098439249926645,2.045676954698133e-12,2.2596338432848724e-18,2.2596338432848723e-14,1.0000525745942928,2.2597526426174333e-18,0.16935529601458968
-1.2249999999999979,2465996649993381.0,0.22321314530496547,2.1760076559376967e-12,2.4035958029988024e-18,2.4035958029988023e-14,1.000051523102407,2.4037196437115053e-18,0.18014497345487368
-1.1999999999999993,2465998096846419.0,0.23713880358812556,2.311762828406271e-12,2.553549578156929e-18,2.5535495781569288e-14,1.000050471610521,2.5536784599166834e-18,0.1913837261651322
-1.1749999999999972,2465999543699456.5,0.25161981240099945,2.4529318711141418e-12,2.709483459014429e-18,2.709483459014429e-14,1.0000494201186352,2.7096173620084135e-18,0.20307067652206948
-1.1499999999999986,2466000990552494.5,0.266652873955365,2.599482635361423e-12,2.8713619344461892e-18,2.871361934446189e-14,1.0000483686267494,2.871500818279859e-18,0.21520316303381448
-1.125,2466002437405532.5,0.2822323619676052,2.7513602729616047e-12,3.0391244197063153e-18,3.0391244197063153e-14,1.0000473171348634,3.039268222366349e-18,0.227776644987895
-1.0999999999999979,2466003884258570.0,0.29835021133046885,2.9084861606996403e-12,3.212684068395537e-18,3.212684068395537e-14,1.0000462656429776,3.212832705289645e-18,0.24078461341043453
-1.0749999999999993,2466005331111608.0,0.31499581692289413,3.070756913873024e-12,3.3919266828287682e-18,3.391926682828768e-14,1.0000452141510918,3.392080045914298e-18,0.2542185094002557
-1.0499999999999972,2466006777964646.0,0.3321559428716804,3.238043501723383e-12,3.576709736949891e-18,3.576709736949891e-14,1.0000441626592058,3.576867693963082e-18,0.2680676508981853
-1.0249999999999986,2466008224817683.5,0.3498146435607676,3.410190477390372e-12,3.7668615257467034e-18,3.7668615257467036e-14,1.00004311116732,3.767023919544211e-18,0.28231916893730863
-1.0,2466009671670721.5,0.3679531976517534,3.5870153347064575e-12,3.962180454773015e-18,3.962180454773015e-14,1.0000420596754342,3.962347102796955e-18,0.29695795439399
-0.9749999999999979,2466011118523759.5,0.38655005633212697,3.7683080036915045e-12,4.1624344828771266e-18,4.162434482877126e-14,1.0000410081835482,4.162605176754408e-18,0.3119666162214232
-0.9499999999999993,2466012565376797.0,0.40558080694573545,3.95383049600205e-12,4.367360730568726e-18,4.3673607305687254e-14,1.0000399566916625,4.367535235854816e-18,0.3273254520974685
-0.9249999999999972,2466014012229835.0,0.42501815308282864,4.143316710837825e-12,4.5766652656252146e-18,4.5766652656252144e-14,1.0000389051997767,4.576843321701685e-18,0.3430124323562515
-0.8999999999999986,2466015459082872.5,0.4448319121147422,4.336472410908459e-12,4.790023076544774e-18,4.790023076544774e-14,1.0000378537078907,4.790204396679103e-18,0.35900319799852
-0.875,2466016905935910.5,0.46498903105147593,4.532975377022093e-12,5.007078243303374e-18,5.007078243303374e-14,1.0000368022160049,5.0072625148784376e-18,0.3752710734895601
-0.8499999999999979,2466018352788948.5,0.4854536214791097,4.7324757486750235e-12,5.2274443135666005e-18,5.2274443135666004e-14,1.000035750724119,5.227631198486103e-18,0.39178709495556346
-0.8249999999999993,2466019799641986.0,0.5061870141993572,4.9345965567088944e-12,5.450704891057349e-18,5.4507048910573485e-14,1.0000346992322333,5.450894026332199e-18,0.4085200542806762
-0.7999999999999972,2466021246495024.0,0.5271478340462128,5.138934452665572e-12,5.676414441193756e-18,5.676414441193756e-14,1.0000336477403473,5.676605439712977e-18,0.42543655948804315
-0.7749999999999986,2466022693348062.0,0.5482920951956571,5.345060637919919e-12,5.904099317399765e-18,5.904099317399765e-14,1.0000325962484615,5.9042917688880564e-18,0.44250111165984946
-0.75,2466024140201099.5,0.5695733171154469,5.552521994023759e-12,6.1332590096715036e-18,6.133259009671503e-14,1.0000315447565757,6.13345248183398e-18,0.45967619851501645
-0.7249999999999979,2466025587054137.5,0.5909426611240384,5.760842413959291e-12,6.3633676150661945e-18,6.363367615066194e-14,1.0000304932646897,6.363561654919199e-18,0.4769224046195731
-0.6999999999999993,2466027033907175.0,0.6123490873429202,5.96952433219897e-12,6.593875527790648e-18,6.593875527790648e-14,1.000029441772804,6.594069663175835e-18,0.49419853805560143
-0.6749999999999972,2466028480760213.0,0.6337395316365463,6.178050449615782e-12,6.824211344519519e-18,6.824211344519519e-14,1.0000283902809182,6.824405085796635e-18,0.5114617732212479
-0.6499999999999986,2466029927613251.0,0.6550591019406086,6.385885647402001e-12,7.053783978490383e-18,7.053783978490383e-14,1.0000273387890322,7.053976820402449e-18,0.5286678092781627
-0.625,2466031374466288.5,0.6762512931850464,6.59247908225992e-12,7.281984973829995e-18,7.281984973829995e-14,1.0000262872971464,7.282176397532818e-18,0.54577104360589
-0.5999999999999979,2466032821319326.5,0.697258219824535,6.7972664532402245e-12,7.508191009480778e-18,7.508191009480778e-14,1.0000252358052606,7.508380484726952e-18,0.562724759466436
-0.5749999999999993,2466034268172364.5,0.7180208647990678,6.999672428750193e-12,7.731766580049253e-18,7.731766580049253e-14,1.0000241843133746,7.731953567515163e-18,0.5794813269288048
-0.5499999999999972,2466035715025402.0,0.7384793435625635,7.19911322045349e-12,7.952066838909431e-18,7.952066838909431e-14,1.0000231328214888,7.952250792652083e-18,0.5959924159542371
-0.5249999999999986,2466037161878440.0,0.7585731816404704,7.394999289058273e-12,8.168440586988686e-18,8.168440586988686e-14,1.000022081329603,8.168620957017629e-18,0.6122092204000752
-0.5,2466038608731477.5,0.7782416040107552,7.586738165366305e-12,8.38023338886975e-18,8.38023338886975e-14,1.000021029837717,8.380409623817948e-18,0.628082691565733
-0.47499999999999787,2466040055584515.5,0.7974238344480566,7.773737368448637e-12,8.586790796177733e-18,8.586790796177733e-14,1.0000199783458312,8.58696234605384e-18,0.6435637797794749
-0.4499999999999993,2466041502437553.5,0.816059402830857,7.955407401449252e-12,8.787461656714188e-18,8.787461656714188e-14,1.0000189268539454,8.787627975717516e-18,0.6586036824117746
-0.42499999999999716,2466042949290591.0,0.8340884582879292,8.131164804313292e-12,8.981601486469489e-18,8.981601486469489e-14,1.0000178753620594,8.981762035847933e-18,0.6731540966012854
-0.3999999999999986,2466044396143629.0,0.8514520859548681,8.300435241708407e-12,9.168575880509176e-18,9.168575880509175e-14,1.0000168238701737,9.168730131439467e-18,0.68716747489434
-0.375,2466045842996667.0,0.868092625026243,8.462656603576544e-12,9.347763937811751e-18,9.347763937811751e-14,1.0000157723782879,9.347911374280724e-18,0.700597281930086
-0.34999999999999787,2466047289849704.5,0.8839539857247016,8.617282095127591e-12,9.518561674444054e-18,9.518561674444054e-14,1.0000147208864019,9.518701796109173e-18,0.7133982502515447
-0.3249999999999993,2466048736702742.5,0.8989819627669735,8.763783292682786e-12,9.680385399014647e-18,9.680385399014647e-14,1.000013669394516,9.680517724021734e-18,0.725526633289478
-0.29999999999999716,2466050183555780.0,0.9131245428887658,8.9016531416009e-12,9.832675024152411e-18,9.83267502415241e-14,1.0000126179026303,9.83279909188846e-18,0.7369404535514652
-0.2749999999999986,2466051630408818.0,0.9263322039967476,9.03040887258051e-12,9.974897287824216e-18,9.974897287824215e-14,1.0000115664107445,9.975012661583381e-18,0.7475997440535888
-0.25,2466053077261856.0,0.9385582035467966,9.149594812933844e-12,1.0106548858639249e-17,1.0106548858639249e-13,1.0000105149188585,1.0106655128180438e-17,0.7574667810571387
-0.22499999999999787,2466054524114893.5,0.9497588538031302,9.258785069968048e-12,1.022715929988454e-17,1.022715929988454e-13,1.0000094634269727,1.0227256083859713e-17,0.7665063062174864
-0.1999999999999993,2466055970967931.5,0.9598937817130271,9.357586064390582e-12,1.0336293867898628e-17,1.0336293867898628e-13,1.000008411935087,1.0336380816131684e-17,0.7746857363169143
-0.17499999999999716,2466057417820969.5,0.9689261712357699,9.445638892668444e-12,1.0433556121509424e-17,1.0433556121509423e-13,1.000007360443201,1.043363291710664e-17,0.7819753588370641
-0.14999999999999858,2466058864674007.0,0.9768229860914163,9.52262149850885e-12,1.0518590320629542e-17,1.0518590320629542e-13,1.0000063089513151,1.051865668190378e-17,0.7883485117291347
-0.125,2466060311527045.0,0.9835551710440299,9.588250635081703e-12,1.0591083593707191e-17,1.0591083593707191e-13,1.0000052574594294,1.0591139275899498e-17,0.793781745860238
-0.09999999999999787,2466061758380082.5,0.9890978300033904,9.642283601255546e-12,1.0650767855554632e-17,1.0650767855554633e-13,1.0000042059675434,1.0650812652338545e-17,0.7982549687510281
-0.07499999999999929,2466063205233120.5,0.9934303794174977,9.684519736954209e-12,1.0697421459103858e-17,1.0697421459103858e-13,1.0000031544756576,1.069745520385945e-17,0.801751568371673
-0.04999999999999716,2466064652086158.5,0.9965366756332724,9.71480166474077e-12,1.0730870566847519e-17,1.0730870566847519e-13,1.0000021029837718,1.0730893133694178e-17,0.8042585159287677
-0.02499999999999858,2466066098939196.0,0.9984051151225799,9.733016266877371e-12,1.0750990230089218e-17,1.0750990230089218e-13,1.0000010514918858,1.075100153466821e-17,0.805766446753108
0.0,2466067545792234.0,0.9990287067027624,9.73909538937171e-12,1.0757705166626062e-17,1.0757705166626061e-13,1.0,1.0757705166626062e-17,0.8062697185855316
0.02500000000000213,2466068992645272.0,0.9984051151225798,9.73301626687737e-12,1.0750990230089217e-17,1.0750990230089217e-13,0.9999989485081141,1.0750978925510224e-17,0.8057664467531079
0.05000000000000071,2466070439498309.5,0.9965366756332721,9.714801664740766e-12,1.0730870566847514e-17,1.0730870566847514e-13,0.9999978970162283,1.0730848000000856e-17,0.8042585159287674
0.07500000000000284,2466071886351347.5,0.9934303794174971,9.684519736954202e-12,1.069742145910385e-17,1.069742145910385e-13,0.9999968455243424,1.069738771434826e-17,0.8017515683716725
0.10000000000000142,2466073333204385.5,0.9890978300033897,9.642283601255539e-12,1.0650767855554626e-17,1.0650767855554626e-13,0.9999957940324565,1.0650723058770713e-17,0.7982549687510275
0.125,2466074780057423.0,0.9835551710440299,9.588250635081703e-12,1.0591083593707191e-17,1.0591083593707191e-13,0.9999947425405707,1.0591027911514885e-17,0.793781745860238
0.15000000000000213,2466076226910461.0,0.9768229860914154,9.522621498508841e-12,1.0518590320629533e-17,1.0518590320629532e-13,0.9999936910486849,1.0518523959355295e-17,0.7883485117291339
0.1750000000000007,2466077673763498.5,0.9689261712357686,9.445638892668433e-12,1.0433556121509411e-17,1.0433556121509411e-13,0.9999926395567991,1.0433479325912195e-17,0.7819753588370633
0.20000000000000284,2466079120616536.5,0.9598937817130256,9.357586064390569e-12,1.0336293867898614e-17,1.0336293867898614e-13,0.9999915880649132,1.033620691966556e-17,0.7746857363169132
0.22500000000000142,2466080567469574.5,0.9497588538031287,9.258785069968034e-12,1.0227159299884523e-17,1.0227159299884523e-13,0.9999905365730273,1.022706251590935e-17,0.7665063062174851
0.25,2466082014322612.0,0.9385582035467966,9.149594812933844e-12,1.0106548858639249e-17,1.0106548858639249e-13,0.9999894850811415,1.010644258909806e-17,0.7574667810571387
0.27500000000000213,2466083461175650.0,0.9263322039967458,9.030408872580493e-12,9.974897287824197e-18,9.974897287824198e-14,0.9999884335892556,9.974781914065033e-18,0.7475997440535874
0.3000000000000007,2466084908028688.0,0.9131245428887638,8.90165314160088e-12,9.83267502415239e-18,9.832675024152389e-14,0.9999873820973697,9.83255095641634e-18,0.7369404535514635
0.32500000000000284,2466086354881725.5,0.8989819627669714,8.763783292682767e-12,9.680385399014627e-18,9.680385399014627e-14,0.9999863306054839,9.680253074007541e-18,0.7255266332894765
0.3500000000000014,2466087801734763.5,0.8839539857246994,8.617282095127568e-12,9.518561674444028e-18,9.518561674444028e-14,0.999985279113598,9.518421552778908e-18,0.7133982502515428
0.375,2466089248587801.0,0.868092625026243,8.462656603576544e-12,9.347763937811751e-18,9.347763937811751e-14,0.9999842276217121,9.347616501342778e-18,0.700597281930086
0.40000000000000213,2466090695440839.0,0.8514520859548657,8.300435241708383e-12,9.16857588050915e-18,9.168575880509149e-14,0.9999831761298263,9.168421629578858e-18,0.687167474894338
0.4250000000000007,2466092142293877.0,0.8340884582879268,8.13116480431327e-12,8.981601486469464e-18,8.981601486469463e-14,0.9999821246379405,8.981440937091018e-18,0.6731540966012836
0.45000000000000284,2466093589146914.5,0.8160594028308544,7.955407401449226e-12,8.78746165671416e-18,8.78746165671416e-14,0.9999810731460547,8.787295337710833e-18,0.6586036824117726
0.4750000000000014,2466095035999952.5,0.797423834448054,7.773737368448611e-12,8.586790796177704e-18,8.586790796177704e-14,0.9999800216541688,8.586619246301597e-18,0.6435637797794728
0.5,2466096482852990.5,0.7782416040107552,7.586738165366305e-12,8.38023338886975e-18,8.38023338886975e-14,0.9999789701622829,8.380057153921549e-18,0.628082691565733
0.5250000000000021,2466097929706028.0,0.7585731816404675,7.394999289058244e-12,8.168440586988653e-18,8.168440586988653e-14,0.9999779186703971,8.16826021695971e-18,0.6122092204000728
0.5500000000000007,2466099376559066.0,0.7384793435625606,7.199113220453462e-12,7.952066838909399e-18,7.952066838909398e-14,0.9999768671785112,7.951882885166747e-18,0.5959924159542347
0.5750000000000028,2466100823412103.5,0.7180208647990649,6.999672428750165e-12,7.731766580049222e-18,7.731766580049223e-14,0.9999758156866253,7.73157959258331e-18,0.5794813269288025
0.6000000000000014,2466102270265141.5,0.6972582198245321,6.797266453240196e-12,7.508191009480747e-18,7.508191009480748e-14,0.9999747641947395,7.508001534234573e-18,0.5627247594664336
0.625,2466103717118179.5,0.6762512931850464,6.59247908225992e-12,7.281984973829995e-18,7.281984973829995e-14,0.9999737127028536,7.281793550127173e-18,0.54577104360589
0.6500000000000021,2466105163971217.0,0.6550591019406056,6.385885647401972e-12,7.05378397849035e-18,7.05378397849035e-14,0.9999726612109677,7.053591136578282e-18,0.5286678092781603
0.6750000000000007,2466106610824255.0,0.6337395316365433,6.1780504496157526e-12,6.824211344519487e-18,6.824211344519486e-14,0.9999716097190819,6.824017603242372e-18,0.5114617732212454
0.7000000000000028,2466108057677293.0,0.6123490873429172,5.969524332198941e-12,6.5938755277906164e-18,6.593875527790617e-14,0.999970558227196,6.5936813924054296e-18,0.49419853805559905
0.7250000000000014,2466109504530330.5,0.5909426611240354,5.760842413959262e-12,6.363367615066162e-18,6.363367615066163e-14,0.9999695067353103,6.363173575213158e-18,0.47692240461957064
0.75,2466110951383368.5,0.5695733171154469,5.552521994023759e-12,6.1332590096715036e-18,6.133259009671503e-14,0.9999684552434244,6.133065537509028e-18,0.45967619851501645
0.7750000000000021,2466112398236406.0,0.548292095195654,5.345060637919889e-12,5.904099317399732e-18,5.904099317399732e-14,0.9999674037515385,5.9039068659114404e-18,0.44250111165984696
0.8000000000000007,2466113845089444.0,0.5271478340462098,5.138934452665543e-12,5.6764144411937236e-18,5.6764144411937234e-14,0.9999663522596527,5.6762234426745026e-18,0.4254365594880407
0.8250000000000028,2466115291942482.0,0.5061870141993542,4.934596556708865e-12,5.4507048910573164e-18,5.4507048910573163e-14,0.9999653007677668,5.450515755782467e-18,0.4085200542806738
0.8500000000000014,2466116738795519.5,0.48545362147910676,4.732475748674995e-12,5.22744431356657e-18,5.2274443135665695e-14,0.9999642492758809,5.227257428647067e-18,0.3917870949555612
0.875,2466118185648557.5,0.46498903105147593,4.532975377022093e-12,5.007078243303374e-18,5.007078243303374e-14,0.9999631977839951,5.00689397172831e-18,0.3752710734895601
0.9000000000000021,2466119632501595.5,0.4448319121147394,4.336472410908431e-12,4.790023076544744e-18,4.790023076544744e-14,0.9999621462921092,4.7898417564104144e-18,0.3590031979985177
0.9250000000000007,2466121079354633.0,0.42501815308282587,4.143316710837798e-12,4.576665265625184e-18,4.5766652656251835e-14,0.9999610948002233,4.5764872095487134e-18,0.3430124323562492
0.9500000000000028,2466122526207671.0,0.4055808069457328,3.953830496002024e-12,4.367360730568697e-18,4.367360730568697e-14,0.9999600433083375,4.367186225282607e-18,0.3273254520974664
0.9750000000000014,2466123973060708.5,0.3865500563321243,3.768308003691479e-12,4.162434482877098e-18,4.162434482877098e-14,0.9999589918164516,4.1622637889998165e-18,0.311966616221421
1.0,2466125419913746.5,0.3679531976517534,3.5870153347064575e-12,3.962180454773015e-18,3.962180454773015e-14,0.9999579403245659,3.962013806749076e-18,0.29695795439399
1.0250000000000021,2466126866766784.5,0.349814643560765,3.4101904773903475e-12,3.7668615257466765e-18,3.7668615257466764e-14,0.99995688883268,3.766699131949169e-18,0.28231916893730663
1.0500000000000007,2466128313619822.0,0.3321559428716779,3.2380435017233587e-12,3.576709736949864e-18,3.576709736949864e-14,0.9999558373407941,3.576551779936673e-18,0.2680676508981833
1.0750000000000028,2466129760472860.0,0.31499581692289175,3.070756913873001e-12,3.391926682828743e-18,3.391926682828743e-14,0.9999547858489083,3.3917733197432133e-18,0.2542185094002538
1.1000000000000014,2466131207325898.0,0.2983502113304665,2.9084861606996176e-12,3.212684068395512e-18,3.212684068395512e-14,0.9999537343570224,3.212535431501404e-18,0.24078461341043267
1.125,2466132654178935.5,0.2822323619676052,2.7513602729616047e-12,3.0391244197063153e-18,3.0391244197063153e-14,0.9999526828651365,3.0389806170462812e-18,0.227776644987895
1.1500000000000021,2466134101031973.5,0.26665287395536286,2.599482635361402e-12,2.871361934446166e-18,2.871361934446166e-14,0.9999516313732507,2.871223050612497e-18,0.21520316303381276
1.1750000000000007,2466135547885011.5,0.25161981240099734,2.452931871114121e-12,2.7094834590144063e-18,2.7094834590144062e-14,0.9999505798813648,2.7093495560204218e-18,0.20307067652206778
1.2000000000000028,2466136994738049.0,0.23713880358812356,2.3117628284062517e-12,2.5535495781569077e-18,2.5535495781569077e-14,0.9999495283894789,2.5534206963971527e-18,0.1913837261651306
1.2250000000000014,2466138441591087.0,0.22321314530496356,2.176007655937678e-12,2.4035958029987816e-18,2.4035958029987815e-14,0.9999484768975931,2.403471962286079e-18,0.18014497345487213
1.25,2466139888444124.5,0.2098439249926645,2.045676954698133e-12,2.2596338432848724e-18,2.2596338432848723e-14,0.9999474254057072,2.2595150439523115e-18,0.16935529601458968
1.2750000000000021,2466141335297162.5,0.19703014440457783,1.9207609932161724e-12,2.1216529497313444e-18,2.1216529497313443e-14,0.9999463739138215,2.121539173787421e-18,0.15901388820572754
1.3000000000000007,2466142782150200.5,0.1847688494883002,1.8012309737225732e-12,1.989621312616826e-18,1.989621312616826e-14,0.9999453224219356,1.989512524942187e-18,0.14911836594964617
1.3250000000000028,2466144229003238.0,0.17305526423450726,1.687040336984275e-12,1.863487503088633e-18,1.8634875030886332e-14,0.9999442709300497,1.863383652663222e-18,0.139664874750806
1.3500000000000014,2466145675856276.0,0.16188292727911197,1.5781260939792728e-12,1.7431819441172406e-18,1.7431819441172407e-14,0.9999432194381639,1.7430829652670712e-18,0.13064819994203156
1.375,2466147122709314.0,0.1512438300967678,1.4744101730848457e-12,1.6286183985866183e-18,1.6286183985866183e-14,0.999942167946278,1.6285242122398985e-18,0.1220618782140765
1.4000000000000021,2466148569562351.5,0.1411285556834315,1.3758007720334065e-12,1.51969546265084e-18,1.51969546265084e-14,0.9999411164543921,1.5196059775937549e-18,0.11389830953988563
1.4250000000000007,2466150016415389.5,0.13152641669210233,1.2821937045376137e-12,1.4162980532024078e-18,1.4162980532024078e-14,0.9999400649625063,1.416213167325487e-18,0.10614886865754115
1.4500000000000028,2466151463268427.0,0.12242559205802833,1.1934737321899507e-12,1.3182988790749073e-18,1.3182988790749074e-14,0.9999390134706204,1.3182184806015876e-18,0.0988040153341278
1.4750000000000014,2466152910121465.0,0.11381326122643247,1.1095158729903206e-12,1.2255598864292061e-18,1.2255598864292061e-14,0.9999379619787345,1.2254838551189098e-18,0.09185340269470313
1.5,2466154356974503.0,0.10567573517586415,1.0301866786355866e-12,1.1379336696344182e-18,1.1379336696344183e-14,0.9999369104868487,1.1378618779532025e-18,0.08528598296516555
1.5250000000000021,2466155803827540.5,0.0979985835128009,9.553454735094437e-13,1.0552648398434443e-18,1.0552648398434444e-14,0.9999358589949628,1.0551971540960364e-18,0.07909011004441063
1.5500000000000007,2466157250680578.5,0.09076675699678441,8.848455491265626e-13,9.773913443637585e-19,9.773913443637584e-15,0.9999348075030771,9.773276257815485e-19,0.0732536383886839
1.5750000000000028,2466158697533616.5,0.08396470493935425,8.185353086036199e-13,9.041457308284036e-19,9.041457308284036e-15,0.9999337560111912,9.04085836608729e-19,0.06776401775881337
1.6000000000000014,2466160144386654.0,0.07757648700339541,7.562593565424054e-13,8.353563510697252e-19,8.353563510697253e-15,0.9999327045193053,8.353001353625286e-19,0.06260838344827596
1.625,2466161591239692.0,0.07158587901126182,6.978595305070959e-13,7.7084850047862e-19,7.7084850047862e-15,0.9999316530274195,7.70795815317294e-19,0.05777364167602491
1.6500000000000021,2466163038092729.5,0.06597647244961065,6.431758710535119e-13,7.104454894889318e-19,7.104454894889318e-15,0.9999306015355336,7.103961856628742e-19,0.053246549892225006
1.6750000000000007,2466164484945767.5,0.060731767435392166,5.920475280140289e-13,6.539696446504967e-19,6.539696446504967e-15,0.9999295500436477,6.539235725175753e-19,0.04901379180678974
1.7000000000000028,2466165931798805.5,0.05583525898040933,5.443136014531666e-13,6.012432375400859e-19,6.012432375400859e-15,0.9999284985517619,6.012002477778584e-19,0.04506204700950506
1.7250000000000014,2466167378651843.0,0.051270516460770396,4.998139163806419e-13,5.520893405015217e-19,5.520893405015217e-15,0.999927447059876,5.520492847966572e-19,0.04137805510613754
1.75,2466168825504881.0,0.04702125626188332,4.583897309357538e-13,5.063326088989066e-19,5.063326088989065e-15,0.9999263955679901,5.062953405748205e-19,0.03794867434683897
1.7750000000000021,2466170272357919.0,0.04307140762920235,4.1988437833760816e-13,4.637999902082755e-19,4.6379999020827546e-15,0.9999253440761043,4.637653647915037e-19,0.034760934771228706
1.8000000000000007,2466171719210956.5,0.039405171809332125,3.841438434259613e-13,4.2432136085871666e-19,4.2432136085871666e-15,0.9999242925842184,4.2428923658502513e-19,0.031802085938434914
1.8250000000000028,2466173166063994.5,0.0360070746152475,3.51017275096636e-13,3.8773009226329076e-19,3.877300922632908e-15,0.9999232410923327,3.877003305249389e-19,0.02905963935004468
1.8500000000000014,2466174612917032.0,0.03286201259319182,3.2035743636248857e-13,3.538635479517726e-19,3.5386354795177262e-15,0.9999221896004468,3.5383601368771917e-19,0.026521405709265693
1.875,2466176059770070.0,0.02995529300718827,2.9202109414498094e-13,3.2256351413043517e-19,3.2256351413043517e-15,0.9999211381085609,3.225380761616016e-19,0.02417552719057022
1.9000000000000021,2466177506623108.0,0.027272667890186442,2.658693512239654e-13,2.9367656635038733e-19,2.9367656635038734e-15,0.9999200866166751,2.9365309766236703e-19,0.022010504920795676
1.9250000000000007,2466178953476145.5,0.024800362438671283,2.4176792304435086e-13,2.6705437526538625e-19,2.6705437526538625e-15,0.9999190351247892,2.670327532412184e-19,0.020015221895116137
1.9500000000000028,2466180400329183.5,0.02252509805030786,2.1958736230005907e-13,2.425539547049789e-19,2.425539547049789e-15,0.9999179836329033,2.4253406131078905e-19,0.018178961569656572
1.9750000000000014,2466181847182221.5,0.020434110322076798,1.9920323439000206e-13,2.2003785548138014e-19,2.2003785548138015e-15,0.9999169321410175,2.200195774078302e-19,0.01649142238695293
2.0,2466183294035259.0,0.018515162339574596,1.8049624696967784e-13,1.9937430849084045e-19,1.9937430849084047e-15,0.9999158806491316,1.9935753725343037e-19,0.014942728501129833
2.0249999999999986,2466184740888297.0,0.016756553597058715,1.6335233690880208e-13,1.8043732076615673e-19,1.8043732076615674e-15,0.9999148291572457,1.8042195276748275e-19,0.013523436976855143
2.0500000000000043,2466186187741334.5,0.015147124892639906,1.476627180124041e-13,1.6310672818890682e-19,1.6310672818890682e-15,0.9999137776653599,1.6309266474600686e-19,0.012224541740022566
2.075000000000003,2466187634594372.5,0.013676259544146824,1.3332389287376108e-13,1.4726820858207926e-19,1.4726820858207925e-15,0.999912726173474,1.4725535592199068e-19,0.011037474559019558
2.1000000000000014,2466189081447410.5,0.012333881268901739,1.202376322052557e-13,1.3281325887915025e-19,1.3281325887915024e-15,0.9999116746815883,1.3280152810577045e-19,0.009954103333592694
2.125,2466190528300448.0,0.01111044906534665,1.0831092494158014e-13,1.1963914000859298e-19,1.1963914000859299e-15,0.9999106231897024,1.1962844704387225e-19,0.008966727964045558
2.1499999999999986,2466191975153486.0,0.009996949426436103,9.745590233149683e-14,1.0764879304641282e-19,1.0764879304641281e-15,0.9999095716978165,1.0763905854882552e-19,0.008068074067029352
2.1750000000000043,2466193422006524.0,0.008984886204371658,8.75897391335527e-14,9.675073007794376e-20,9.675073007794377e-16,0.9999085202059307,9.674187934108018e-20,0.007251284795840323
2.200000000000003,2466194868859561.5,0.008066268433896835,7.863453491068937e-14,8.685890307708888e-20,8.685890307708888e-16,0.9999074687140448,8.68508659110905e-20,0.00650991101316606
2.2250000000000014,2466196315712599.5,0.007233596407340299,7.051717828190899e-14,7.789255396009861e-20,7.789255396009861e-16,0.9999064172221589,7.788526455852589e-20,0.005837900052898899
2.25,2466197762565637.5,0.006479846279224091,6.316919683931067e-14,6.977604880546414e-20,6.977604880546413e-16,0.9999053657302731,6.9769445600041e-20,0.005229583295229515
2.2749999999999986,2466199209418675.0,0.00579845346181037,5.6526595278513484e-14,6.2438699054438e-20,6.2438699054438e-16,0.9999043142383872,6.243272455996487e-20,0.004679662765963061
2.3000000000000043,2466200656271713.0,0.005183295055763499,5.0529684122839515e-14,5.581457232151839e-20,5.581457232151838e-16,0.9999032627465013,5.580917297308681e-20,0.004183196957121691
2.325000000000003,2466202103124750.5,0.0046286715423932935,4.5122901248973605e-14,4.984229525351804e-20,4.984229525351804e-16,0.9999022112546155,4.983742123799811e-20,0.0037355860516034766
2.3500000000000014,2466203549977788.5,0.004129287945967423,4.025462824655818e-14,4.446485068225081e-20,4.446485068225081e-16,0.9999011597627296,4.4460455765859185e-20,0.003332556720158737
2.375,2466204996830826.5,0.0036802346565655013,3.587700346855703e-14,3.96293711218754e-20,3.96293711218754e-16,0.9999001082708439,3.9625412475468665e-20,0.002970146644405311
2.3999999999999986,2466206443683864.0,0.0032769680860698395,3.194573345494113e-14,3.5286930469427274e-20,3.5286930469427275e-16,0.999899056778958,3.5283368493005003e-20,0.002644688905176174
2.4250000000000043,2466207890536902.0,0.0029152913123432164,2.8419904241214844e-14,3.1392335578146376e-20,3.1392335578146377e-16,0.9998980052870721,3.1389133725890944e-20,0.002352796361333338
2.450000000000003,2466209337389940.0,0.002591334849568411,2.526179389683814e-14,2.790391918933553e-20,2.790391918933553e-16,0.9998969537951863,2.790104379636364e-20,0.0020913461304010663
2.4750000000000014,2466210784242977.5,0.002301537666249612,2.2436687477996514e-14,2.4783335531082472e-20,2.478333553108247e-16,0.9998959023033004,2.4780755642937153e-20,0.0018574642690754874
2.5,2466212231096015.5,0.002042628556615315,1.9912695425527953e-14,2.1995359722467272e-20,2.1995359722467273e-16,0.9998948508114145,2.1993046928239808e-20,0.0016485107389481654
2.5249999999999986,2466213677949053.0,0.001811607956190333,1.7660576292860986e-14,1.9507691960655586e-20,1.9507691960655586e-16,0.9998937993195287,1.950562023049494e-20,0.0014620647306979443
2.5500000000000043,2466215124802091.0,0.001605730278201417,1.5653564551332558e-14,1.7290767316413815e-20,1.7290767316413816e-16,0.9998927478276428,1.7288912844057406e-20,0.0012959104086234404
2.575000000000003,2466216571655129.0,0.0014224868342878306,1.3867204091640206e-14,1.531757182151594e-20,1.531757182151594e-16,0.9998916963357569,1.5315912872360363e-20,0.0011480231267409502
2.6000000000000014,2466218018508166.5,0.001259589390740333,1.2279187920783677e-14,1.3563465399624624e-20,1.3563465399624623e-16,0.9998906448438711,1.35619821647482e-20,0.0010165561577878547
2.625,2466219465361204.5,0.0011149544002111008,1.0869204443878275e-14,1.2006012070754299e-20,1.2006012070754298e-16,0.9998895933519852,1.2004686527205542e-20,0.0008998279673672753
2.6499999999999986,2466220912214242.5,0.000986687938520902,9.618790619653995e-15,1.0624817748337258e-20,1.0624817748337258e-16,0.9998885418600995,1.0623633525914246e-20,0.000796310057144013
2.6750000000000043,2466222359067280.0,0.000873071366838569,8.511192187292983e-15,9.401375847217766e-21,9.401375847217766e-17,0.9998874903682136,9.400318101882909e-21,0.0007046153934548116
2.700000000000003,2466223805920318.0,0.0007725477310990117,7.531231080284187e-15,8.31892083035185e-21,8.31892083035185e-17,0.9998864388763277,8.317976124354614e-21,0.0006234874309096456
2.7250000000000014,2466225252773355.5,0.000683708903034582,6.6651800699433045e-15,7.362289741321428e-21,7.362289741321428e-17,0.9998853873844419,7.361445930037677e-21,0.0005517897345147338
2.75,2466226699626393.5,0.0006052834605883709,5.9006446168448786e-15,6.517791698634495e-21,6.517791698634495e-17,0.999884335892556,6.517037824075166e-21,0.0004884961985164076
2.7749999999999986,2466228146479431.5,0.0005361252997131692,5.226451852214443e-15,5.773085265706268e-21,5.773085265706268e-17,0.9998832844006701,5.772411456599498e-21,0.0004326818555124163
2.8000000000000043,2466229593332469.0,0.0004752029645953941,4.6325465629324876e-15,5.1170635569583054e-21,5.1170635569583055e-17,0.9998822329087843,5.116460935267637e-21,0.00038351426537068837
2.825000000000003,2466231040185507.0,0.00042158967912800784,4.1098940127091805e-15,4.5397468950819416e-21,4.5397468950819416e-17,0.9998811814168984,4.539207488788228e-21,0.00034024547009362086
2.8500000000000014,2466232487038545.0,0.0003744540589398479,3.650389397706895e-15,4.032182796644919e-21,4.0321827966449193e-17,0.9998801299250125,4.031699458590722e-21,0.0003022044979278736
2.875,2466233933891582.5,0.0003330514804190354,3.2467737069116204e-15,3.586353032318134e-21,3.586353032318134e-17,0.9998790784331267,3.585919364890105e-21,0.0002687903977036017
2.8999999999999986,2466235380744620.5,0.00029671608088969336,2.8925557353428806e-15,3.195087483464868e-21,3.195087483464868e-17,0.9998780269412408,3.1946977688715065e-21,0.0002394657825482418
2.9250000000000043,2466236827597658.0,0.0002648533623627324,2.5819399812441337e-15,2.8519844981146952e-21,2.8519844981146954e-17,0.999876975449355,2.8516336340033682e-21,0.00021375086071692521
2.950000000000003,2466238274450696.0,0.00023693337002887922,2.3097601461847747e-15,2.551337435856237e-21,2.5513374358562373e-17,0.9998759239574692,2.5510208760040355e-21,0.00019121793027068967
2.9750000000000014,2466239721303734.0,0.0002124844158442883,2.0714179490321217e-15,2.288067082376363e-21,2.288067082376363e-17,0.9998748724655833,2.2877807821837653e-21,0.00017148631367362458
3.0,2466241168156771.5,0.00019108731712703326,1.8628269605399852e-15,2.057659609721117e-21,2.057659609721117e-17,0.9998738209736975,2.0573999762351004e-21,0.00015421770803140358
3.0249999999999986,2466242615009809.5,0.0001723701199878902,1.6803611643754061e-15,1.8561097573319147e-21,1.8561097573319148e-17,0.9998727694818116,1.8558736035256746e-21,0.00013911192661707957
3.0500000000000043,2466244061862847.5,0.0001560032776173976,1.5208079523409662e-15,1.6798689110488176e-21,1.6798689110488176e-17,0.9998717179899257,1.679653414088247e-21,0.0001259030074902771
3.075000000000003,2466245508715885.0,0.00014169525390023217,1.3813252659277053e-15,1.525797762108195e-21,1.525797762108195e-17,0.9998706664980399,1.5256004253403388e-21,0.00011435566537832877
3.1000000000000014,2466246955568923.0,0.00012918852348835403,1.2594026027717634e-15,1.3911232352735114e-21,1.3911232352735114e-17,0.999869615006154,1.3909418536790413e-21,0.00010426206352088957
3.125,2466248402421960.5,0.00011825594030018312,1.1528256147358062e-15,1.27339938423812e-21,1.27339938423812e-17,0.9998685635142681,1.2732320130981226e-21,9.543888285410811e-05
3.1499999999999986,2466249849274998.5,0.00010869744739038699,1.0596440338637416e-15,1.1704719629628612e-21,1.1704719629628613e-17,0.9998675120223823,1.17031688949963e-21,8.772466669918028e-05
3.1750000000000043,2466251296128036.5,0.00010033710222411205,9.781426730758683e-16,1.0804463933404938e-21,1.0804463933404939e-17,0.9998664605304964,1.0803021111023002e-21,8.097741999919537e-05
3.200000000000003,2466252742981074.0,9.302039256304246e-05,9.068152599120587e-16,1.0016588622160155e-21,1.0016588622160155e-17,0.9998654090386107,1.0015240479867657e-21,7.507244309530566e-05
3.2250000000000014,2466254189834112.0,8.661181940430358e-05,8.443408736567146e-16,9.326502940758626e-22,9.326502940758627e-18,0.9998643575467248,9.325237871019262e-22,6.990038102885642e-05
3.25,2466255636687150.0,8.09927246856188e-05,7.895627685832356e-16,8.721429594203216e-22,8.721429594203215e-18,0.9998633060548389,8.72023742758454e-22,6.536547038300312e-05
3.2749999999999986,2466257083540187.5,7.605934276211585e-05,7.414693786507554e-16,8.190194927458072e-22,8.190194927458071e-18,0.9998622545629531,8.18906676547829e-22,6.138396672004468e-05
3.3000000000000043,2466258530393225.5,7.172105595577947e-05,6.991773116161556e-16,7.723041080149096e-22,7.723041080149097e-18,0.9998612030710672,7.72196914576515e-22,5.788273671632182e-05
3.325000000000003,2466259977246263.5,6.789883576362056e-05,6.619161530519766e-16,7.311458133299862e-22,7.311458133299861e-18,0.9998601515791813,7.310435637426038e-22,5.479800013365143e-05
3.3500000000000014,2466261424099301.0,6.452385257344075e-05,6.290149130714255e-16,6.948034401242122e-22,6.948034401242122e-18,0.9998591000872955,6.947055423801519e-22,5.207420778542335e-05
3.375,2466262870952339.0,6.15362379669748e-05,5.998899605612178e-16,6.626323154385742e-22,6.626323154385742e-18,0.9998580485954096,6.625382538506707e-22,4.9663042648890376e-05
3.3999999999999986,2466264317805376.5,5.8883984881096706e-05,5.740343013325912e-16,6.340724186771293e-22,6.340724186771293e-18,0.9998569971035237,6.339817444846828e-22,4.7522532236305426e-05
3.4250000000000043,2466265764658414.5,5.652197204259802e-05,5.510080677612034e-16,6.086378765604987e-22,6.086378765604987e-18,0.9998559456116379,6.085501996034568e-22,4.5616261261493124e-05
3.450000000000003,2466267211511452.5,5.4411100185901124e-05,5.304300981501381e-16,5.859076617763604e-22,5.859076617763604e-18,0.999854894119752,5.858226431293543e-22,4.391267452124193e-05
3.4750000000000014,2466268658364490.0,5.251752860252495e-05,5.119704941834314e-16,5.655173720187278e-22,5.6551737201872784e-18,0.9998538426278663,5.654347174857376e-22,4.2384460749798706e-05
3.5,2466270105217528.0,5.0812001553929065e-05,4.953440544185019e-16,5.471519766908443e-22,5.471519766908443e-18,0.9998527911359804,5.4707143106990955e-22,4.100800899792673e-05
3.5249999999999986,2466271552070566.0,4.9269255004137935e-05,4.803044907811076e-16,5.305394285046585e-22,5.305394285046585e-18,0.9998517396440945,5.304607705401665e-22,3.9762929834331706e-05
3.5500000000000043,2466272998923603.5,4.786749499496427e-05,4.666393434727723e-16,5.154450465395725e-22,5.154450465395725e-18,0.9998506881522087,5.153680844872388e-22,3.8631634366505706e-05
3.575000000000003,2466274445776641.5,4.65879397949625e-05,4.541655175805084e-16,5.016665860271882e-22,5.016665860271882e-18,0.9998496366603228,5.015911537639088e-22,3.759896473038981e-05
3.6000000000000014,2466275892629679.0,4.54144187043782e-05,4.427253720011478e-16,4.890299182171216e-22,4.890299182171216e-18,0.9998485851684369,4.889558718344254e-22,3.665187030446247e-05
3.625,2466277339482717.0,4.43330210938066e-05,4.321832980722062e-16,4.773852511676447e-22,4.773852511676447e-18,0.9998475336765511,4.773124659935304e-22,3.5779124465123894e-05
3.6499999999999986,2466278786335755.0,4.333178989577847e-05,4.2242273155495984e-16,4.666038292127508e-22,4.666038292127508e-18,0.9998464821846652,4.665321972122632e-22,3.497107721797569e-05
3.6750000000000043,2466280233188792.5,4.240045435831239e-05,4.1334354736531815e-16,4.565750552085196e-22,4.565750552085196e-18,0.9998454306927793,4.565044827185418e-22,3.421943951561195e-05
3.700000000000003,2466281680041830.5,4.153019740993361e-05,4.048597917167969e-16,4.472039854814392e-22,4.4720398548143916e-18,0.9998443792008935,4.47134391239855e-22,3.351709550871924e-05
3.7250000000000014,2466283126894868.5,4.071345347935576e-05,3.9689771115272484e-16,4.384091527175374e-22,4.3840915271753745e-18,0.9998433277090076,4.383404661511891e-22,3.285793937572198e-05
3.75,2466284573747906.0,3.9943733062643296e-05,3.8939404232798105e-16,4.301206768727799e-22,4.301206768727799e-18,0.9998422762171219,4.300528366125294e-22,3.223673373907861e-05
3.7749999999999986,2466286020600944.0,3.9215470738913395e-05,3.8229453038032164e-16,4.222786285811894e-22,4.222786285811894e-18,0.999841224725236,4.222115811759094e-22,3.1648987005805956e-05
3.8000000000000043,2466287467453981.5,3.8523893705291755e-05,3.7555264733496904e-16,4.148316135176623e-22,4.148316135176623e-18,0.9998401732333501,4.1476531232216957e-22,3.10908472681415e-05
3.825000000000003,2466288914307019.5,3.7864908235599144e-05,3.691284852398394e-16,4.077355497664603e-22,4.077355497664603e-18,0.9998391217414643,4.0766995398127077e-22,3.0559010669617116e-05
3.8500000000000014,2466290361160057.5,3.72350017677993e-05,3.6298780165875174e-16,4.009526134827708e-22,4.009526134827708e-18,0.9998380702495784,4.008876873261386e-22,3.0050642384380947e-05
3.875,2466291808013095.0,3.66311585951911e-05,3.571011977816103e-16,3.9445033104161985e-22,3.9445033104161986e-18,0.9998370187576925,3.9438604303663807e-22,2.9563308575470228e-05
3.8999999999999986,2466293254866133.0,3.6050787378148916e-05,3.5144341176795845e-16,3.8820079847238874e-22,3.882007984723887e-18,0.9998359672658067,3.8813712083399927e-22,2.9094917892900017e-05
3.9250000000000043,2466294701719171.0,3.549165890932685e-05,3.459927120470829e-16,3.8218001130431345e-22,3.8218001130431344e-18,0.9998349157739208,3.8211691941292433e-22,2.864367124684698e-05
3.950000000000003,2466296148572208.5,3.4951852757880915e-05,3.4073037717579296e-16,3.7636729002270743e-22,3.763672900227074e-18,0.9998338642820349,3.763047619727609e-22,2.8208018746676583e-05
3.9750000000000014,2466297595425246.5,3.442971158958467e-05,3.3564025052514e-16,3.707447881804657e-22,3.707447881804657e-18,0.9998328127901491,3.70682804393763e-22,2.7786622834827788e-05
4.0,2466299042278284.0,3.3923802111718076e-05,3.307083595491623e-16,3.652970718462144e-22,3.652970718462144e-18,0.9998317612982632,3.6523561474109876e-22,2.7378326767244805e-05
4.024999999999999,2466300489131322.0,3.3432881726147696e-05,3.2592259070030023e-16,3.6001076051920284e-22,3.600107605192029e-18,0.9998307098063774,3.5994981422784833e-22,2.6982127700625295e-05
4.050000000000004,2466301935984360.0,3.295587009286013e-05,3.212724122146786e-16,3.548742209207615e-22,3.548742209207615e-18,0.9998296583144916,3.5481377104782637e-22,2.6597153742667526e-05
4.075000000000003,2466303382837397.5,3.249182491092674e-05,3.1674863801128897e-16,3.4987730619975338e-22,3.498773061997534e-18,0.9998286068226057,3.498173396165456e-22,2.6222644406010677e-05
4.100000000000001,2466304829690435.5,3.203992131595132e-05,3.123432268466876e-16,3.4501113408090713e-22,3.450111340809071e-18,0.9998275553307199,3.4495163874999256e-22,2.585793398087068e-05
4.125,2466306276543473.5,3.1599434373866717e-05,3.080491116546494e-16,3.4026789835514463e-22,3.4026789835514465e-18,0.999826503838834,3.40208863181012e-22,2.5502437406595743e-05
4.149999999999999,2466307723396511.0,3.116972422167169e-05,3.038600546896888e-16,3.356407088725951e-22,3.356407088725951e-18,0.9998254523469481,3.355821235745927e-22,2.5155638279444424e-05
4.175000000000004,2466309170249549.0,3.075022346752009e-05,2.997705246960213e-16,3.3112345586468643e-22,3.3112345586468643e-18,0.9998244008550623,3.310653108689678e-22,2.4817078683782214e-05
4.200000000000003,2466310617102586.5,3.0340426516474578e-05,2.957755928489894e-16,3.267106950021083e-22,3.267106950021083e-18,0.9998233493631764,3.266529813497791e-22,2.4486350577392592e-05
4.225000000000001,2466312063955624.5,2.9939880535135077e-05,2.9187084467316393e-16,3.2239755010044805e-22,3.2239755010044807e-18,0.9998222978712905,3.2234025936950447e-22,2.4163088499447868e-05
4.25,2466313510808662.5,2.954817780908634e-05,2.8805230553843153e-16,3.181796308239305e-22,3.1817963082393047e-18,0.9998212463794047,3.1812275506292105e-22,2.384696340255967e-05
4.274999999999999,2466314957661700.0,2.9164949282422e-05,2.8431637767963094e-16,3.140529631179523e-22,3.140529631179523e-18,0.9998201948875188,3.139964947895938e-22,2.3537677438828563e-05
4.300000000000004,2466316404514738.0,2.8789859099131164e-05,2.806597869829101e-16,3.1001393042983647e-22,3.100139304298365e-18,0.999819143395633,3.0995786236307247e-22,2.3234959554450418e-05
4.325000000000003,2466317851367776.0,2.8422599992520392e-05,2.7707953803921093e-16,3.0605922406137106e-22,3.0605922406137104e-18,0.9998180919037472,3.0600354941058143e-22,2.2938561768732792e-05
4.350000000000001,2466319298220813.5,2.8062889391555713e-05,2.7357287618669465e-16,3.0218580124126063e-22,3.0218580124126063e-18,0.9998170404118613,3.0213051345152414e-22,2.2648256031704244e-05
4.375,2466320745073851.5,2.7710466132564802e-05,2.7013725545455993e-16,2.9839084971619525e-22,2.9839084971619524e-18,0.9998159889199755,2.983359424936695e-22,2.2363831570281695e-05
4.399999999999999,2466322191926889.5,2.7365087681521372e-05,2.6677031148430405e-16,2.946717578399528e-22,2.9467175783995284e-18,0.9998149374280896,2.946172251265776e-22,2.2085092646505057e-05
4.425000000000004,2466323638779927.0,2.7026527786516387e-05,2.63469838644688e-16,2.9102608929482354e-22,2.9102608929482352e-18,0.9998138859362037,2.909719252466741e-22,2.181185666295566e-05
4.450000000000003,2466325085632965.0,2.6694574492321277e-05,2.6023377067657883e-16,2.8745156171210033e-22,2.8745156171210035e-18,0.9998128344443179,2.873977606808208e-22,2.154395256040231e-05
4.475000000000001,2466326532486002.5,2.6369028459463716e-05,2.5706016430635204e-16,2.8394602857161137e-22,2.839460285716114e-18,0.999811782952432,2.8389258508844495e-22,2.1281219461205402e-05
4.5,2466327979339040.5,2.6049701539185614e-05,2.539471853537782e-16,2.8050746385663304e-22,2.8050746385663303e-18,0.9998107314605461,2.80454372618643e-22,2.1023505519231546e-05
4.524999999999999,2466329426192078.5,2.5736415563276172e-05,2.5089309693463306e-16,2.771339490226141e-22,2.771339490226141e-18,0.9998096799686603,2.770812048807508e-22,2.0770666943184043e-05
4.550000000000004,2466330873045116.0,2.5429001314251598e-05,2.4789624942142824e-16,2.7382366190790154e-22,2.7382366190790156e-18,0.9998086284767744,2.7377125985662704e-22,2.0522567165482694e-05
4.575000000000003,2466332319898154.0,2.5127297646836582e-05,2.449550718791173e-16,2.705748672737087e-22,2.705748672737087e-18,0.9998075769848886,2.7052280244193453e-22,2.0279076133252223e-05
4.600000000000001,2466333766751192.0,2.4831150736357674e-05,2.420680647380103e-16,2.67385908710692e-22,2.6738590871069202e-18,0.9998065254930028,2.673341763538262e-22,2.0040069701735494e-05
4.625,2466335213604229.5,2.454041343358667e-05,2.3923379350442307e-16,2.6425520169179834e-22,2.6425520169179834e-18,0.9998054740011169,2.6420379718472916e-22,1.9805429113617494e-05
4.649999999999999,2466336660457267.5,2.4254944708883765e-05,2.364508833418715e-16,2.611812275867076e-22,2.6118122758670757e-18,0.9998044225092311,2.6113014641758024e-22,1.957504055041912e-05
4.675000000000004,2466338107310305.0,2.397460917129243e-05,2.337180143829366e-16,2.5816252848336696e-22,2.5816252848336696e-18,0.9998033710173452,2.581117662480317e-22,1.93487947443809e-05
4.700000000000003,2466339554163343.0,2.3699276650581913e-05,2.3103391765477955e-16,2.551977026873561e-22,2.551977026873561e-18,0.9998023195254593,2.5514725508438716e-22,1.9126586641148924e-05
4.725000000000001,2466341001016381.0,2.3428821832208525e-05,2.283973715205379e-16,2.5228540079109044e-22,2.5228540079109044e-18,0.9998012680335735,2.5223526361729053e-22,1.8908315105169038e-05
4.75,2466342447869418.5,2.3163123936828046e-05,2.25807198555032e-16,2.4942432222275787e-22,2.4942432222275785e-18,0.9998002165416876,2.49374491369077e-22,1.8693882661036152e-05
4.774999999999999,2466343894722456.5,2.290206643737455e-05,2.2326226278668984e-16,2.466132121997774e-22,2.466132121997774e-18,0.9997991650498017,2.46563683647587e-22,1.8483195265161712e-05
4.800000000000004,2466345341575494.5,2.2645536807878958e-05,2.2076146724888848e-16,2.438508590240358e-22,2.438508590240358e-18,0.9997981135579159,2.438016288417083e-22,1.8276162103056793e-05
4.825000000000003,2466346788428532.0,2.239342629917852e-05,2.183037517934435e-16,2.4113609166669063e-22,2.4113609166669063e-18,0.99979706206603,2.410871560064422e-22,1.8072695408317626e-05
4.850000000000001,2466348235281570.0,2.2145629737467192e-05,2.1588809112676459e-16,2.3846777759892753e-22,2.3846777759892754e-18,0.9997960105741442,2.3841913269389005e-22,1.7872710300044955e-05
4.875,2466349682134607.5,2.1902045342316407e-05,2.1351349303581933e-16,2.358448208323782e-22,2.358448208323782e-18,0.9997949590822583,2.357964629938701e-22,1.7676124635977064e-05
4.899999999999999,2466351128987645.5,2.166257456135755e-05,2.111789967765246e-16,2.332661601389537e-22,2.332661601389537e-18,0.9997939075903725,2.3321808575392613e-22,1.748285887906964e-05
4.925000000000004,2466352575840683.5,2.1427121919277476e-05,2.0888367160166984e-16,2.3073076742480403e-22,2.30730767424804e-18,0.9997928560984867,2.306829729534405e-22,1.729283597562708e-05
4.950000000000003,2466354022693721.0,2.1195594879173153e-05,2.0662661540932384e-16,2.2823764623736156e-22,2.2823764623736157e-18,0.9997918046066008,2.281901282108147e-22,1.710598124340827e-05
4.975000000000001,2466355469546759.0,2.09679037146287e-05,2.044069534957695e-16,2.2578583038784586e-22,2.257858303878459e-18,0.9997907531147149,2.257385854060957e-22,1.692222226838585e-05
5.0,2466356916399797.0,2.074396139114338e-05,2.0222383739959712e-16,2.2337438267446095e-22,2.2337438267446095e-18,0.9997897016228291,2.2332740740428297e-22,1.6741488809052315e-05
5.024999999999999,2466358363252834.5,2.0523683455767085e-05,2.000764438258088e-16,2.2100239369397184e-22,2.2100239369397184e-18,0.9997886501309432,2.209556848670034e-22,1.656371270734988e-05
5.050000000000004,2466359810105872.5,2.0306987933974427e-05,1.979639736404888e-16,2.186689807312278e-22,2.186689807312278e-18,0.9997875986390573,2.186225351421245e-22,1.6388827805442354e-05
5.075000000000003,2466361256958910.0,2.0093795232965804e-05,1.9588565092812802e-16,2.163732867178927e-22,2.1637328671789274e-18,0.9997865471471715,2.163271012225669e-22,1.6216769867673953e-05
5.100000000000001,2466362703811948.0,1.9884028050707493e-05,1.9384072210489527e-16,2.1411447925297347e-22,2.1411447925297346e-18,0.9997854956552856,2.1406855076690743e-22,1.604747650715973e-05
5.125,2466364150664986.0,1.967761129012922e-05,1.9182845508218697e-16,2.118917496788855e-22,2.118917496788855e-18,0.9997844441633997,2.1184607517551478e-22,1.588088711653845e-05
5.149999999999999,2466365597518023.5,1.9474471977978405e-05,1.898481384755724e-16,2.097043122076619e-22,2.097043122076619e-18,0.999783392671514,2.096588887168226e-22,1.5716942802483592e-05
5.175000000000004,2466367044371061.5,1.9274539187911115e-05,1.8789908085504108e-16,2.075514030927842e-22,2.0755140309278418e-18,0.999782341179628,2.0750622769922047e-22,1.5555586323633643e-05
5.200000000000003,2466368491224099.5,1.9077743967447964e-05,1.8598061003292755e-16,2.0543227984263154e-22,2.0543227984263155e-18,0.9997812896877423,2.0538734968455935e-22,1.539676203164159e-05
5.225000000000001,2466369938077137.0,1.8884019268483413e-05,1.840920723864769e-16,2.0334622047219337e-22,2.0334622047219335e-18,0.9997802381958564,2.033015327399166e-22,1.5240415815092192e-05
5.25,2466371384930175.0,1.8693299881071112e-05,1.8223283221234686e-16,2.012925227900591e-22,2.012925227900591e-18,0.9997791867039705,2.0124807472463573e-22,1.5086495046063208e-05
5.274999999999999,2466372831783212.5,1.8505522370243855e-05,1.8040227111069322e-16,1.9927050371808505e-22,1.9927050371808503e-18,0.9997781352120847,1.9922629261003985e-22,1.4934948529135713e-05
5.300000000000004,2466374278636250.5,1.832062501565931e-05,1.7859978739680215e-16,1.972794986414897e-22,1.972794986414897e-18,0.9997770837201988,1.9723552182957147e-22,1.4785726452684964e-05
5.325000000000003,2466375725489288.5,1.813854775388004e-05,1.7682479553840352e-16,1.9531886078731564e-22,1.9531886078731565e-18,0.9997760322283129,1.9527511565729664e-22,1.4638780342297293e-05
5.350000000000001,2466377172342326.0,1.795923212312323e-05,1.750767256170599e-16,1.9338796062948537e-22,1.9338796062948537e-18,0.9997749807364271,1.9334444461300068e-22,1.4494063016180162e-05
5.375,2466378619195364.0,1.7782621210330474e-05,1.7335502281217302e-16,1.9148618531884013e-22,1.9148618531884012e-18,0.9997739292445412,1.9144289589226517e-22,1.435152854244465e-05
5.399999999999999,2466380066048402.0,1.7608659600419505e-05,1.7165914690626107e-16,1.896129381366742e-22,1.896129381366742e-18,0.9997728777526553,1.8956987282003898e-22,1.4211132198148875e-05
5.425000000000004,2466381512901439.5,1.7437293327599094e-05,1.699885718103488e-16,1.877676379704858e-22,1.877676379704858e-18,0.9997718262607695,1.877247943264236e-22,1.4072830430006517e-05
5.450000000000003,2466382959754477.5,1.726846982863243e-05,1.6834278510835264e-16,1.8594971881070943e-22,1.8594971881070945e-18,0.9997707747688837,1.8590709444343903e-22,1.3936580816667855e-05
5.475000000000001,2466384406607515.5,1.7102137897948448e-05,1.6672128761948054e-16,1.8415862926734726e-22,1.8415862926734727e-18,0.9997697232769979,1.84116221821687e-22,1.3802342032492194e-05
5.5,2466385853460553.0,1.693824764450416e-05,1.651235929777017e-16,1.8239383210545562e-22,1.8239383210545562e-18,0.999768671785112,1.8235163926586807e-22,1.3670073812733464e-05
5.524999999999999,2466387300313591.0,1.6776750450315286e-05,1.635492272274798e-16,1.8065480379859621e-22,1.8065480379859622e-18,0.9997676202932261,1.806128232882622e-22,1.3539736920072224e-05
5.550000000000004,2466388747166628.5,1.661759893056872e-05,1.6199772843492662e-16,1.7894103409932028e-22,1.789410340993203e-18,0.9997665688013403,1.7889926367924105e-22,1.3411293112424261e-05
5.575000000000003,2466390194019666.5,1.6460746895246563e-05,1.6046864631369176e-16,1.772520256259301e-22,1.772520256259301e-18,0.9997655173094544,1.7721046309405667e-22,1.3284705111969143e-05
5.600000000000001,2466391640872704.5,1.6306149312188006e-05,1.5896154186486877e-16,1.755872934647233e-22,1.755872934647233e-18,0.9997644658175685,1.755459366551117e-22,1.3159936575339184e-05
5.625,2466393087725742.0,1.6153762271523652e-05,1.5747598703028106e-16,1.7394636478701563e-22,1.7394636478701563e-18,0.9997634143256827,1.7390521156900747e-22,1.3036952064916017e-05
5.649999999999999,2466394534578780.0,1.600354295142246e-05,1.560115643585636e-16,1.7232877848029852e-22,1.7232877848029852e-18,0.9997623628337968,1.722878267577252e-22,1.291571702118655e-05
5.675000000000004,2466395981431818.0,1.5855449585089677e-05,1.545678666834404e-16,1.7073408479286757e-22,1.7073408479286758e-18,0.9997613113419109,1.706933325032783e-22,1.2796197736108548e-05
5.700000000000003,2466397428284855.5,1.5709441428963872e-05,1.5314449681369093e-16,1.691618449913626e-22,1.691618449913626e-18,0.9997602598500251,1.6912129010527436e-22,1.2678361327443897e-05
5.725000000000001,2466398875137893.5,1.556547873205918e-05,1.517410672342813e-16,1.6761163103064025e-22,1.6761163103064025e-18,0.9997592083581393,1.6757127155080943e-22,1.2562175714016179e-05
5.75,2466400321990931.0,1.5423522706404457e-05,1.5035719981818835e-16,1.6608302523545776e-22,1.6608302523545775e-18,0.9997581568662535,1.6604285919617272e-22,1.2447609591853478e-05
5.774999999999999,2466401768843969.0,1.5283535498532157e-05,1.489925255484571e-16,1.6457561999346058e-22,1.6457561999346057e-18,0.9997571053743676,1.6453564545985404e-22,1.2334632411178373e-05
5.800000000000004,2466403215697007.0,1.5145480161975023e-05,1.476466842500831e-16,1.6308901745902226e-22,1.6308901745902225e-18,0.9997560538824817,1.6304923252640326e-22,1.22232143542113e-05
5.825000000000003,2466404662550044.5,1.5009320630724717e-05,1.4631932433127206e-16,1.6162282926744246e-22,1.6162282926744246e-18,0.9997550023905959,1.6158323206064682e-22,1.2113326313750229e-05
5.850000000000001,2466406109403082.5,1.4875021693616534e-05,1.450101025337277e-16,1.6017667625911763e-22,1.6017667625911763e-18,0.99975395089871,1.6013726493187647e-22,1.200493987249778e-05
5.875,2466407556256120.5,1.4742548969600866e-05,1.4371868369158388e-16,1.587501882132597e-22,1.587501882132597e-18,0.9997528994068241,1.5871096094758543e-22,1.189802728310394e-05
5.899999999999999,2466409003109158.0,1.4611868883863877e-05,1.424447404986157e-16,1.5734300359075996e-22,1.5734300359075997e-18,0.9997518479149383,1.5730395859634905e-22,1.1792561448894188e-05
5.925000000000004,2466410449962196.0,1.4482948644766551e-05,1.4118795328342805e-16,1.5595476928586464e-22,1.5595476928586464e-18,0.9997507964230524,1.5591590479951657e-22,1.1688515905258066e-05
5.950000000000003,2466411896815233.5,1.4355756221566245e-05,1.3994800979227303e-16,1.5458514038627715e-22,1.5458514038627716e-18,0.9997497449311665,1.5454645467132914e-22,1.1585864801669275e-05
5.975000000000001,2466413343668271.5,1.4230260322890415e-05,1.3872460497919944e-16,1.532337799413595e-22,1.532337799413595e-18,0.9997486934392807,1.5319527128713642e-22,1.1484582884312815e-05
6.0,2466414790521309.5,1.4106430375935483e-05,1.3751744080327177e-16,1.519003587381423e-22,1.519003587381423e-18,0.9997476419473948,1.5186202545942113e-22,1.1384645479297365e-05
6.024999999999999,2466416237374347.0,1.3984236506357677e-05,1.363262260325347e-16,1.5058455508478613e-22,1.5058455508478612e-18,0.9997465904555091,1.5054639552127473e-22,1.1286028476426109e-05
6.050000000000004,2466417684227385.0,1.386364951883293e-05,1.3515067605449997e-16,1.4928605460124716e-22,1.4928605460124716e-18,0.9997455389636232,1.4924806711707672e-22,1.1188708313507524e-05
6.075000000000003,2466419131080423.0,1.374464087825913e-05,1.3399051269289546e-16,1.4800455001686007e-22,1.4800455001686007e-18,0.9997444874717373,1.4796673300009087e-22,1.1092661961184606e-05
6.100000000000001,2466420577933460.5,1.362718269157354e-05,1.3284546403041097e-16,1.4673974097454486e-22,1.4673974097454486e-18,0.9997434359798515,1.4670209283668488e-22,1.099786690826053e-05
6.125,2466422024786498.5,1.3511247690164972e-05,1.3171526423724234e-16,1.454913338414185e-22,1.454913338414185e-18,0.9997423844879656,1.4545385301695437e-22,1.0904301147504358e-05
6.149999999999999,2466423471639536.0,1.3396809212857802e-05,1.305996534052099e-16,1.4425904152556373e-22,1.4425904152556373e-18,0.9997413329960797,1.442217264715039e-22,1.0811943161918205e-05
6.175000000000004,2466424918492574.0,1.3283841189442944e-05,1.2949837738720912e-16,1.43042583298688e-22,1.43042583298688e-18,0.9997402815041939,1.4300543249411744e-22,1.0720771911445857e-05
6.200000000000003,2466426365345612.0,1.317231812473999e-05,1.2841118764183947e-16,1.4184168462450216e-22,1.4184168462450215e-18,0.999739230012308,1.4180469657014843e-22,1.0630766820110078e-05
6.225000000000001,2466427812198649.5,1.3062215083167366e-05,1.273378410829855e-16,1.4065607699256907e-22,1.4065607699256906e-18,0.9997381785204221,1.4061925021037926e-22,1.0541907763559882e-05
6.25,2466429259051687.5,1.2953507673802427e-05,1.2627809993417424e-16,1.3948549775742836e-22,1.3948549775742836e-18,0.9997371270285363,1.3944883079015678e-22,1.0454175057013234e-05
6.274999999999999,2466430705904725.5,1.2846172035914391e-05,1.2523173158754207e-16,1.3832968998281274e-22,1.3832968998281274e-18,0.9997360755366504,1.3829318139361872e-22,1.0367549443581352e-05
6.300000000000004,2466432152757763.0,1.274018482495142e-05,1.2419850846722891e-16,1.3718840229075458e-22,1.3718840229075457e-18,0.9997350240447647,1.3715205066281038e-22,1.0282012082959537e-05
6.325000000000003,2466433599610801.0,1.2635523198966078e-05,1.2317820789704593e-16,1.3606138871541297e-22,1.3606138871541297e-18,0.9997339725528788,1.3602519265152125e-22,1.0197544540471778e-05
6.350000000000001,2466435046463838.5,1.2532164805463667e-05,1.2217061197226567e-16,1.349484085614544e-22,1.349484085614544e-18,0.9997329210609929,1.3491236668367509e-22,1.0114128776456663e-05
6.375,2466436493316876.5,1.2430087768656183e-05,1.2117550743536646e-16,1.3384922626680143e-22,1.3384922626680143e-18,0.9997318695691071,1.3381333721608784e-22,1.0031747135980641e-05
6.399999999999999,2466437940169914.5,1.2329270677110098e-05,1.2019268555561593e-16,1.3276361126962176e-22,1.3276361126962176e-18,0.9997308180772212,1.3272787370546515e-22,9.950382338869101e-06
6.425000000000004,2466439387022952.0,1.2229692571772205e-05,1.1922194201234038e-16,1.3169133787938874e-22,1.3169133787938874e-18,0.9997297665853353,1.3165575047947183e-22,9.870017470042615e-06
6.450000000000003,2466440833875990.0,1.2131332934360165e-05,1.1826307678174906e-16,1.3063218515186876e-22,1.3063218515186876e-18,0.9997287150934495,1.3059674661172735e-22,9.79063597014746e-06
6.475000000000001,2466442280729028.0,1.2034171676104646e-05,1.1731589402718642e-16,1.2958593676789488e-22,1.2958593676789488e-18,0.9997276636015636,1.2955064580058751e-22,9.712221626469946e-06
6.5,2466443727582065.5,1.193818912683307e-05,1.1638020199271411e-16,1.2855238091581867e-22,1.2855238091581867e-18,0.9997266121096777,1.285172362516042e-22,9.634758564126392e-06
6.524999999999999,2466445174435103.5,1.1843366024378583e-05,1.1545581289986378e-16,1.2753131017746437e-22,1.2753131017746436e-18,0.9997255606177919,1.2749631056348708e-22,9.558231237515615e-06
6.550000000000004,2466446621288141.5,1.174968350430798e-05,1.14542542847499e-16,1.265225214175174e-22,1.2652252141751741e-18,0.999724509125906,1.2648766561749952e-22,9.482624422028796e-06
6.575000000000003,2466448068141179.0,1.1657123089953105e-05,1.1364021171463586e-16,1.2552581567618105e-22,1.2552581567618105e-18,0.9997234576340203,1.254911024701224e-22,9.407923206004311e-06
6.600000000000001,2466449514994217.0,1.1565666682738499e-05,1.127486430661513e-16,1.245409980650227e-22,1.245409980650227e-18,0.9997224061421344,1.245064262489074e-22,9.3341129829216e-06
6.625,2466450961847254.5,1.1475296552793514e-05,1.1186766406126473e-16,1.2356787766588379e-22,1.235678776658838e-18,0.9997213546502485,1.2353344605139352e-22,9.26117944382465e-06
6.649999999999999,2466452408700292.5,1.1385995329839321e-05,1.1099710536469945e-16,1.2260626743274941e-22,1.226062674327494e-18,0.9997203031583627,1.2257197484698352e-22,9.189108569967323e-06
6.675000000000004,2466453855553330.5,1.1297745994341992e-05,1.1013680106043799e-16,1.216559840964835e-22,1.2165598409648351e-18,0.9997192516664768,1.216218293816853e-22,9.117886625673426e-06
6.700000000000003,2466455302406368.0,1.1210531868923022e-05,1.0928658856798686e-16,1.2071684807233563e-22,1.2071684807233564e-18,0.9997182001745909,1.2068283008562491e-22,9.047500151404515e-06
6.725000000000001,2466456749259406.0,1.1124336610016472e-05,1.0844630856104584e-16,1.1978868337010395e-22,1.1978868337010395e-18,0.9997171486827051,1.197548009832157e-22,8.977935957026798e-06
6.75,2466458196112444.0,1.103914419976779e-05,1.07615804888533e-16,1.1887131750690035e-22,1.1887131750690034e-18,0.9997160971908192,1.1883756960592912e-22,8.909181115273021e-06
6.774999999999999,2466459642965481.5,1.0954938938163738e-05,1.0679492449786284e-16,1.179645814224041e-22,1.179645814224041e-18,0.9997150456989333,1.1793096690755426e-22,8.841222955390916e-06
6.800000000000004,2466461089818519.5,1.0871705435386432e-05,1.0598351736040918e-16,1.1706830939652906e-22,1.1706830939652906e-18,0.9997139942070475,1.170348271818705e-22,8.774049056972485e-06
6.825000000000003,2466462536671557.0,1.0789428604384578e-05,1.0518143639908533e-16,1.1618233896942938e-22,1.1618233896942939e-18,0.9997129427151616,1.1614898798265864e-22,8.707647243958606e-06
6.850000000000001,2466463983524595.0,1.0708093653654945e-05,1.0438853741797385e-16,1.1530651086376939e-22,1.153065108637694e-18,0.9997118912232759,1.152732900459761e-22,8.642005578813281e-06
6.875,2466465430377633.0,1.0627686080225294e-05,1.0360467903392015e-16,1.144406689091624e-22,1.144406689091624e-18,0.99971083973139,1.1440757721460072e-22,8.577112356860494e-06
6.899999999999999,2466466877230670.5,1.0548191662835643e-05,1.0282972261005967e-16,1.135846599687456e-22,1.135846599687456e-18,0.9997097882395041,1.1355169636461073e-22,8.512956100781111e-06
6.925000000000004,2466468324083708.5,1.0469596455307422e-05,1.0206353219117659e-16,1.1273833386777807e-22,1.1273833386777806e-18,0.9997087367476183,1.1270549733398763e-22,8.449525555261459e-06
6.950000000000003,2466469770936746.5,1.0391886780098562e-05,1.0130597444087527e-16,1.1190154332424075e-22,1.1190154332424076e-18,0.9997076852557324,1.1186883285322078e-22,8.386809681791907e-06
6.975000000000001,2466471217789784.0,1.0315049222034938e-05,1.0055691858047079e-16,1.1107414388133574e-22,1.1107414388133574e-18,0.9997066337638465,1.110415584778113e-22,8.324797653607826e-06
7.0,2466472664642822.0,1.0239070622214648e-05,9.981623632956439e-17,1.102559938418465e-22,1.102559938418465e-18,0.9997055822719607,1.1022353252263687e-22,8.263478850770007e-06
7.024999999999999,2466474111495859.5,1.0163938072079883e-05,9.90838018482528e-17,1.0944695420430282e-22,1.0944695420430282e-18,0.9997045307800748,1.0941461599812088e-22,8.202842855380344e-06
7.050000000000004,2466475558348897.5,1.0089638907648849e-05,9.835949168089767e-17,1.0864688860086912e-22,1.0864688860086912e-18,0.9997034792881889,1.0861467254812512e-22,8.142879446926684e-06
7.075000000000003,2466477005201935.5,1.001616070390563e-05,9.764318470143485e-17,1.0785566323693368e-22,1.0785566323693367e-18,0.9997024277963031,1.0782356838954308e-22,8.083578597755145e-06
7.100000000000001,2466478452054973.0,9.94349126934074e-06,9.69347620601526e-17,1.070731468323204e-22,1.070731468323204e-18,0.9997013763044172,1.0704117225351566e-22,8.02493046866406e-06
7.125,2466479898908011.0,9.871618640639036e-06,9.623410713190632e-17,1.0629921056408724e-22,1.0629921056408723e-18,0.9997003248125315,1.0626735532823369e-22,7.96692540461682e-06
7.149999999999999,2466481345761049.0,9.800531077509322e-06,9.554110546571472e-17,1.0553372801085076e-22,1.0553372801085077e-18,0.9996992733206456,1.0550199120326617e-22,7.9095539305691e-06
7.175000000000004,2466482792614086.5,9.73021705765278e-06,9.485564473570909e-17,1.0477657509860513e-22,1.0477657509860514e-18,0.9996982218287597,1.0474495581538306e-22,7.852806747408107e-06
7.200000000000003,2466484239467124.5,9.66066527186395e-06,9.417761469337509e-17,1.0402763004796889e-22,1.0402763004796889e-18,0.9996971703368739,1.0399612739580565e-22,7.796674727998813e-06
7.225000000000001,2466485686320162.0,9.591864619261885e-06,9.350690712106316e-17,1.0328677332283308e-22,1.0328677332283307e-18,0.999696118844988,1.0325538641885827e-22,7.74114891333524e-06
7.25,2466487133173200.0,9.523804202647679e-06,9.284341578673121e-17,1.025538875803704e-22,1.025538875803704e-18,0.9996950673531021,1.0252261555198085e-22,7.686220508793729e-06
7.274999999999999,2466488580026238.0,9.456473323981465e-06,9.218703639985182e-17,1.0182885762233087e-22,1.0182885762233087e-18,0.9996940158612163,1.0179769960702798e-22,7.631880880482652e-06
7.300000000000004,2466490026879275.5,9.389861479980616e-06,9.153766656850099e-17,1.0111157034764235e-22,1.0111157034764235e-18,0.9996929643693304,1.0108052549287267e-22,7.5781215516899035e-06
7.325000000000003,2466491473732313.5,9.32395835782967e-06,9.089520575753607e-17,1.0040191470621445e-22,1.0040191470621445e-18,0.9996919128774445,1.0037098216921355e-22,7.524934199420594e-06
7.350000000000001,2466492920585351.5,9.258753831003043e-06,9.02595552478733e-17,9.969978165395683e-23,9.969978165395683e-19,0.9996908613855587,9.966896060159623e-23,7.472310651025756e-06
7.375,2466494367438389.0,9.194237955195462e-06,8.96306180968152e-17,9.900506410895727e-23,9.900506410895726e-19,0.9996898098936728,9.897435371759438e-23,7.42024288091797e-06
7.399999999999999,2466495814291427.0,9.130400964355872e-06,8.900829909938704e-17,9.831765690877434e-23,9.831765690877434e-19,0.9996887584017871,9.82870563641055e-23,7.368723007370536e-06
7.425000000000004,2466497261144464.5,9.067233266823903e-06,8.839250475067283e-17,9.763745676883411e-23,9.763745676883411e-19,0.9996877069099012,9.760696526575038e-23,7.317743289399379e-06
7.450000000000003,2466498707997502.5,9.00472544156486e-06,8.778314320911192e-17,9.696436224188791e-23,9.69643622418879e-19,0.9996866554180153,9.693397898433381e-23,7.267296123724491e-06
7.475000000000001,2466500154850540.5,8.942868234499436e-06,8.718012426071895e-17,9.629827367849014e-23,9.629827367849013e-19,0.9996856039261295,9.626799787932512e-23,7.217374041807815e-06
7.5,2466501601703578.0,8.881652554926805e-06,8.658335928421418e-17,9.563909318848151e-23,9.563909318848151e-19,0.9996845524342436,9.560892406934406e-23,7.167969706966482e-06
7.524999999999999,2466503048556616.0,8.821069472038263e-06,8.599276121703644e-17,9.498672460344733e-23,9.498672460344733e-19,0.9996835009423577,9.49566613946218e-23,7.119075911559137e-06
7.550000000000004,2466504495409654.0,8.761110211517141e-06,8.540824452219723e-17,9.434107344010487e-23,9.434107344010487e-19,0.9996824494504719,9.431111538039089e-23,7.070685574241888e-06
7.575000000000003,2466505942262691.5,8.701766152224764e-06,8.482972515597351e-17,9.370204686461718e-23,9.370204686461718e-19,0.999681397958586,9.367219320120145e-23,7.022791737293695e-06
7.600000000000001,2466507389115729.5,8.64302882296892e-06,8.425712053640496e-17,9.306955365779544e-23,9.306955365779545e-19,0.9996803464667001,9.303980364612608e-23,6.975387564008347e-06
7.625,2466508835968767.0,8.58488989935112e-06,8.369034951255927e-17,9.244350418114974e-23,9.244350418114974e-19,0.9996792949748143,9.241385708481307e-23,6.928466336150039e-06
7.649999999999999,2466510282821805.0,8.527341200693843e-06,8.312933233457723e-17,9.182381034380119e-23,9.182381034380118e-19,0.9996782434829284,9.179426543440073e-23,6.882021451473496e-06
7.675000000000004,2466511729674843.0,8.470374687041354e-06,8.257399062443497e-17,9.121038557018618e-23,9.121038557018618e-19,0.9996771919910427,9.118094212722403e-23,6.836046421303461e-06
7.700000000000003,2466513176527880.5,8.413982456235397e-06,8.202424734743612e-17,9.060314476856692e-23,9.060314476856692e-19,0.9996761404991568,9.057380207932735e-23,6.79053486817463e-06
7.725000000000001,2466514623380918.5,8.358156741062082e-06,8.148002678439822e-17,9.000200430030885e-23,9.000200430030885e-19,0.9996750890072709,8.997276165974402e-23,6.74548052352904e-06
7.75,2466516070233956.5,8.30288990646714e-06,8.094125450450525e-17,8.940688194989376e-23,8.940688194989377e-19,0.9996740375153851,8.937773866051171e-23,6.700877225468621e-06
7.774999999999999,2466517517086994.0,8.248174446840396e-06,8.04078573388353e-17,8.881769689567884e-23,8.881769689567885e-19,0.9996729860234992,8.878865226743334e-23,6.656718916563632e-06
7.800000000000004,2466518963940032.0,8.194002983364696e-06,7.987976335451632e-17,8.823436968134925e-23,8.823436968134924e-19,0.9996719345316133,8.820542303153193e-23,6.6129996417130915e-06
7.825000000000003,2466520410793070.0,8.140368261428046e-06,7.935690182949821e-17,8.76568221880517e-23,8.76568221880517e-19,0.9996708830397275,8.762797284118602e-23,6.569713546056239e-06
7.850000000000001,2466521857646107.5,8.08726314809969e-06,7.883920322794828e-17,8.708497760721656e-23,8.708497760721657e-19,0.9996698315478416,8.705622489495375e-23,6.526854872935603e-06
7.875,2466523304499145.5,8.034680629664587e-06,7.832659917621584e-17,8.65187604140085e-23,8.65187604140085e-19,0.9996687800559557,8.64901036750254e-23,6.484417961907177e-06
7.899999999999999,2466524751352183.0,7.982613809217654e-06,7.781902243937954e-17,8.595809634142104e-23,8.5958096341421035e-19,0.9996677285640699,8.592953492131986e-23,6.442397246798855e-06
7.925000000000004,2466526198205221.0,7.931055904313653e-06,7.731640689833723e-17,8.540291235497008e-23,8.540291235497008e-19,0.999666677072184,8.53744456061799e-23,6.4007872538137615e-06
7.950000000000003,2466527645058259.0,7.880000244675271e-06,7.681868752746288e-17,8.485313662801417e-23,8.485313662801417e-19,0.9996656255802983,8.48247639096943e-23,6.35958259968055e-06
7.975000000000001,2466529091911296.5,7.82944026995204e-06,7.632580037275947e-17,8.430869851762222e-23,8.430869851762221e-19,0.9996645740884124,8.428041919556718e-23,6.31877798984473e-06
8.0,2466530538764334.5,7.779369527533221e-06,7.583768253053751e-17,8.376952854102213e-23,8.376952854102213e-19,0.9996635225965265,8.374134198756845e-23,6.2783682167035445e-06
8.024999999999999,2466531985617372.5,7.729781670412571e-06,7.53542721265998e-17,8.323555835260846e-23,8.323555835260846e-19,0.9996624711046407,8.320746394654308e-23,6.2383481578827305e-06
8.050000000000004,2466533432470410.0,7.680670455101338e-06,7.487550829589602e-17,8.270672072146909e-23,8.270672072146908e-19,0.9996614196127548,8.267871784793943e-23,6.198712774552188e-06
8.075000000000003,2466534879323448.0,7.632029739590294e-06,7.440133116265544e-17,8.218294950944e-23,8.218294950944e-19,0.9996603681208689,8.215503755986557e-23,6.159457109781227e-06
8.100000000000001,2466536326176485.5,7.583853481358977e-06,7.393168182098002e-17,8.166417964966864e-23,8.166417964966864e-19,0.9996593166289831,8.163635802165426e-23,6.120576286931935e-06
8.125,2466537773029523.5,7.536135735430607e-06,7.346650231588252e-17,8.115034712566882e-23,8.115034712566881e-19,0.9996582651370972,8.112261522291931e-23,6.0820655080893726e-06
8.149999999999999,2466539219882561.5,7.488870652471678e-06,7.300573562476025e-17,8.064138895085676e-23,8.064138895085676e-19,0.9996572136452113,8.061374618309319e-23,6.043920052527847e-06
8.175000000000004,2466540666735599.0,7.442052476934968e-06,7.254932563929221e-17,8.013724314855489e-23,8.013724314855489e-19,0.9996561621533255,8.010968893143226e-23,6.006135275212232e-06
8.200000000000003,2466542113588637.0,7.395675545244935e-06,7.209721714774914e-17,7.96378487324517e-23,7.96378487324517e-19,0.9996551106614396,7.961038248747799e-23,5.96870660533347e-06
8.225000000000001,2466543560441675.0,7.349734284024184e-06,7.164935581770424e-17,7.914314568750424e-23,7.914314568750425e-19,0.9996540591695539,7.9115766841961e-23,5.93162954487725e-06
8.25,2466545007294712.5,7.304223208360195e-06,7.120568817913619e-17,7.865307495127375e-23,7.865307495127375e-19,0.999653007677668,7.862578293813785e-23,5.894899667225147e-06
8.274999999999999,2466546454147750.5,7.259136920111064e-06,7.076616160791262e-17,7.816757839568182e-23,7.816757839568182e-19,0.9996519561857821,7.81403726535488e-23,5.858512615787287e-06
8.300000000000004,2466547901000788.0,7.214470106249304e-06,7.033072430964445e-17,7.768659880917595e-23,7.768659880917595e-19,0.9996509046938963,7.765947878218451e-23,5.8224641026656825e-06
8.325000000000003,2466549347853826.0,7.170217537242816e-06,6.98993253039028e-17,7.721007987929578e-23,7.721007987929578e-19,0.9996498532020104,7.718304501705353e-23,5.786749907347607e-06
8.350000000000001,2466550794706864.0,7.126374065471853e-06,6.947191440878657e-17,7.673796617562655e-23,7.673796617562655e-19,0.9996488017101245,7.671101593313715e-23,5.751365875427986e-06
8.375,2466552241559901.5,7.082934623681304e-06,6.904844222583448e-17,7.627020313313315e-23,7.627020313313315e-19,0.9996477502182387,7.624333697072461e-23,5.7163079173603215e-06
8.400000000000006,2466553688412939.5,7.039894223467238e-06,6.862886012527104e-17,7.580673703586286e-23,7.580673703586286e-19,0.9996466987263528,7.577995441911705e-23,5.68157200723524e-06
8.425000000000004,2466555135265977.5,6.997247953796922e-06,6.821312023157883e-17,7.534751500100878e-23,7.534751500100878e-19,0.9996456472344669,7.532081540069213e-23,5.6471541815860736e-06
8.450000000000003,2466556582119015.0,6.954990979561304e-06,6.780117540938729e-17,7.489248496332264e-23,7.489248496332264e-19,0.9996445957425811,7.486586785531799e-23,5.613050538220633e-06
8.475000000000001,2466558028972053.0,6.913118540159404e-06,6.739297924967261e-17,7.444159565987134e-23,7.444159565987134e-19,0.9996435442506952,7.441506052511096e-23,5.57925723507874e-06
8.5,2466559475825090.5,6.871625948113569e-06,6.698848605625839e-17,7.399479661512577e-23,7.399479661512577e-19,0.9996424927588095,7.396834293952544e-23,5.545770489114659e-06
8.525000000000006,2466560922678128.5,6.83050858771491e-06,6.658765083261066e-17,7.355203812637468e-23,7.355203812637468e-19,0.9996414412669236,7.35256654007689e-23,5.512586575203895e-06
8.550000000000004,2466562369531166.5,6.789761913698256e-06,6.61904292689205e-17,7.31132712494563e-23,7.311327124945629e-19,0.9996403897750377,7.308697896953455e-23,5.479701825073808e-06
8.575000000000003,2466563816384204.0,6.749381449945628e-06,6.579677772946486e-17,7.267844778479719e-23,7.267844778479719e-19,0.9996393382831519,7.265223545104126e-23,5.447112626257251e-06
8.600000000000001,2466565263237242.0,6.709362788217853e-06,6.54066532402416e-17,7.224752026375407e-23,7.224752026375407e-19,0.999638286791266,7.222138738137639e-23,5.4148154210689105e-06
8.625,2466566710090280.0,6.66970158691338e-06,6.502001347686965e-17,7.182044193524846e-23,7.182044193524846e-19,0.9996372352993801,7.179438801413142e-23,5.382806705603603e-06
8.650000000000006,2466568156943317.5,6.630393569853696e-06,6.463681675274868e-17,7.139716675268797e-23,7.139716675268797e-19,0.9996361838074943,7.137119130732431e-23,5.351083028756051e-06
8.675000000000004,2466569603796355.5,6.591434525094771e-06,6.425702200747229e-17,7.09776493611676e-23,7.09776493611676e-19,0.9996351323156084,7.095175191060164e-23,5.319640991261642e-06
8.700000000000003,2466571050649393.0,6.552820303763702e-06,6.388058879548703e-17,7.056184508494265e-23,7.056184508494264e-19,0.9996340808237225,7.053602515271255e-23,5.288477244757543e-06
8.725000000000001,2466572497502431.0,6.514546818920149e-06,6.350747727499303e-17,7.014970991516842e-23,7.014970991516842e-19,0.9996330293318367,7.012396702924939e-23,5.257588490863829e-06
8.75,2466573944355469.0,6.476610044441839e-06,6.313764819707919e-17,6.974120049789914e-23,6.974120049789914e-19,0.9996319778399508,6.971553419064748e-23,5.226971480284002e-06
8.775000000000006,2466575391208506.5,6.439006013933552e-06,6.277106289508744e-17,6.933627412233971e-23,6.933627412233971e-19,0.999630926348065,6.931068393043782e-23,5.1966230119245035e-06
8.800000000000004,2466576838061544.5,6.401730819659109e-06,6.240768327420116e-17,6.893488870934529e-23,6.893488870934529e-19,0.9996298748561792,6.890937417374747e-23,5.166539932032768e-06
8.825000000000003,2466578284914582.5,6.3647806114956546e-06,6.204747180125088e-17,6.853700280016074e-23,6.853700280016074e-19,0.9996288233642933,6.851156346603996e-23,5.136719133353268e-06
8.850000000000001,2466579731767620.0,6.32815159590987e-06,6.169039149473384e-17,6.814257554539632e-23,6.814257554539632e-19,0.9996277718724075,6.811721096209172e-23,5.107157554301263e-06
8.875,2466581178620658.0,6.291840034955458e-06,6.133640591504097e-17,6.77515666942325e-23,6.77515666942325e-19,0.9996267203805216,6.77262764151978e-23,5.077852178153724e-06
8.900000000000006,2466582625473696.0,6.255842245291468e-06,6.098547915488687e-17,6.736393658384905e-23,6.736393658384905e-19,0.9996256688886357,6.733872016660174e-23,5.0488000322570575e-06
8.925000000000004,2466584072326733.5,6.2201545972209525e-06,6.063757582993818e-17,6.69796461290732e-23,6.697964612907321e-19,0.9996246173967499,6.695450313514451e-23,5.01999818725126e-06
8.950000000000003,2466585519179771.5,6.184773513749376e-06,6.029266106963438e-17,6.659865681224045e-23,6.659865681224045e-19,0.999623565904864,6.657358680712607e-23,4.991443756310002e-06
8.975000000000001,2466586966032809.0,6.14969546966249e-06,5.995070050819836e-17,6.622093067326484e-23,6.622093067326484e-19,0.9996225144129781,6.61959332263765e-23,4.963133894396416e-06
9.0,2466588412885847.0,6.114916990623061e-06,5.96116602758309e-17,6.584643029991253e-23,6.584643029991253e-19,0.9996214629210923,6.58215049845303e-23,4.9350657975341135e-06
9.025000000000006,2466589859738885.0,6.080434652286053e-06,5.92755069900849e-17,6.547511881827385e-23,6.547511881827384e-19,0.9996204114292064,6.545026521149908e-23,4.907236702093093e-06
9.050000000000004,2466591306591922.5,6.046245079431904e-06,5.894220774741609e-17,6.510695988343029e-23,6.510695988343029e-19,0.9996193599373207,6.50821775661394e-23,4.8796438840902406e-06
9.075000000000003,2466592753444960.5,6.0123449451172945e-06,5.861173011490425e-17,6.474191767030988e-23,6.474191767030988e-19,0.9996183084454348,6.471720622710876e-23,4.8522846585039585e-06
9.100000000000001,2466594200297998.5,5.978730969843228e-06,5.828404212214319e-17,6.43799568647289e-23,6.43799568647289e-19,0.9996172569535489,6.43553158839081e-23,4.825156378602763e-06
9.125,2466595647151036.0,5.9453999207398405e-06,5.795911225329377e-17,6.402104265461375e-23,6.4021042654613745e-19,0.9996162054616631,6.399647172810428e-23,4.798256435287375e-06
9.150000000000006,2466597094004074.0,5.912348610767638e-06,5.763690943929722e-17,6.366514072139982e-23,6.366514072139983e-19,0.9996151539697772,6.364063944472961e-23,4.771582256446087e-06
9.175000000000004,2466598540857111.5,5.8795738979347916e-06,5.731740305024474e-17,6.331221723160314e-23,6.331221723160315e-19,0.9996141024778913,6.328778520385426e-23,4.7451313063230655e-06
9.200000000000003,2466599987710149.5,5.847072684530013e-06,5.70005628878993e-17,6.296223882855989e-23,6.296223882855989e-19,0.9996130509860055,6.29378756523263e-23,4.7189010848992525e-06
9.225000000000001,2466601434563187.5,5.814841916370807e-06,5.668635917836703e-17,6.261517262433142e-23,6.261517262433142e-19,0.9996119994941196,6.259087790567738e-23,4.692889127285656e-06
9.25,2466602881416225.0,5.782878582066648e-06,5.637476256491436e-17,6.227098619177001e-23,6.227098619177001e-19,0.9996109480022337,6.224675954018922e-23,4.667093003128698e-06
9.275000000000006,2466604328269263.0,5.75117971229675e-06,5.606574410092726e-17,6.192964755674188e-23,6.1929647556741875e-19,0.9996098965103479,6.190548858511707e-23,4.6415103160273355e-06
9.300000000000004,2466605775122301.0,5.719742379102164e-06,5.575927524301022e-17,6.159112519050425e-23,6.159112519050425e-19,0.999608845018462,6.156703351506746e-23,4.616138702961747e-06
9.325000000000003,2466607221975338.5,5.6885636951917295e-06,5.545532784422027e-17,6.125538800223177e-23,6.125538800223177e-19,0.9996077935265762,6.123136324252521e-23,4.590975833733193e-06
9.350000000000001,2466608668828376.5,5.657640813261772e-06,5.515387414743502e-17,6.09224053316909e-23,6.09224053316909e-19,0.9996067420346904,6.089844711052838e-23,4.56601941041498e-06
9.375,2466610115681414.0,5.62697092532906e-06,5.4854886778849937e-17,6.059214694205712e-23,6.059214694205712e-19,0.9996056905428045,6.056825488548609e-23,4.541267166814122e-06
9.400000000000006,2466611562534452.0,5.59655126207682e-06,5.455833874160292e-17,6.026458301287264e-23,6.026458301287264e-19,0.9996046390509187,6.024075675013669e-23,4.5167168679435335e-06
9.425000000000004,2466613009387490.0,5.566379092213498e-06,5.4264203409523166e-17,5.99396841331415e-23,5.99396841331415e-19,0.9996035875590328,5.991592329664348e-23,4.4923663095045225e-06
9.450000000000003,2466614456240527.5,5.536451721843923e-06,5.3972454521000916e-17,5.961742129455812e-23,5.961742129455812e-19,0.9996025360671469,5.959372551982382e-23,4.46821331737928e-06
9.475000000000001,2466615903093565.5,5.5067664938527105e-06,5.368306617297652e-17,5.929776588486773e-23,5.929776588486773e-19,0.9996014845752611,5.927413481051005e-23,4.444255747133261e-06
9.5,2466617349946603.5,5.477320787299547e-06,5.33960128150453e-17,5.898068968135461e-23,5.898068968135462e-19,0.9996004330833752,5.895712294903823e-23,4.420491483527134e-06
9.525000000000006,2466618796799641.0,5.44811201682608e-06,5.3111269243675645e-17,5.866616484445551e-23,5.866616484445551e-19,0.9995993815914893,5.86426620988621e-23,4.396918440038127e-06
9.550000000000004,2466620243652679.0,5.4191376320742785e-06,5.2828810596538785e-17,5.835416391149633e-23,5.835416391149633e-19,0.9995983300996035,5.833072480029029e-23,4.373534558390595e-06
9.575000000000003,2466621690505716.5,5.3903951171158225e-06,5.254861234694621e-17,5.804465979054777e-23,5.804465979054777e-19,0.9995972786077176,5.802128396434237e-23,4.35033780809552e-06
9.600000000000001,2466623137358754.5,5.361881989892454e-06,5.227065029839389e-17,5.773762575439894e-23,5.7737625754398945e-19,0.9995962271158318,5.771431286672307e-23,4.327326185998841e-06
9.625,2466624584211792.5,5.333595801666967e-06,5.199490057921019e-17,5.743303543464549e-23,5.743303543464549e-19,0.999595175623946,5.740978514191076e-23,4.304497715838367e-06
9.650000000000006,2466626031064830.0,5.305534136484581e-06,5.172133963730506e-17,5.71308628158896e-23,5.71308628158896e-19,0.9995941241320601,5.710767477735804e-23,4.281850447809086e-06
9.675000000000004,2466627477917868.0,5.27769461064459e-06,5.144994423501937e-17,5.683108223005064e-23,5.683108223005064e-19,0.9995930726401743,5.680795610780272e-23,4.25938245813675e-06
9.700000000000003,2466628924770906.0,5.250074872181852e-06,5.1180691444070154e-17,5.653366835078175e-23,5.653366835078174e-19,0.9995920211482884,5.651060380968495e-23,4.2370918486594166e-06
9.725000000000001,2466630371623943.5,5.2226726003581515e-06,5.091355864059215e-17,5.623859618799271e-23,5.623859618799271e-19,0.9995909696564025,5.621559289567049e-23,4.214976746416941e-06
9.75,2466631818476981.5,5.195485505163052e-06,5.064852350027182e-17,5.594584108247511e-23,5.594584108247511e-19,0.9995899181645167,5.592289870927635e-23,4.193035303248149e-06
9.775000000000006,2466633265330019.0,5.168511326824094e-06,5.0385563993572485e-17,5.565537870062802e-23,5.565537870062802e-19,0.9995888666726308,5.563249691959684e-23,4.1712656953955305e-06
9.800000000000004,2466634712183057.0,5.141747835326148e-06,5.012465838104869e-17,5.536718502928233e-23,5.536718502928232e-19,0.9995878151807449,5.534436351612836e-23,4.149666123117338e-06
9.825000000000003,2466636159036095.0,5.115192829939674e-06,4.9865785208747446e-17,5.508123637062095e-23,5.508123637062095e-19,0.9995867636888591,5.505847480369008e-23,4.1282348103068635e-06
9.850000000000001,2466637605889132.5,5.08884413875777e-06,4.96089233036951e-17,5.479750933719375e-23,5.479750933719375e-19,0.9995857121969732,5.47748073974391e-23,4.1069700041188165e-06
9.875,2466639052742170.5,5.06269961824178e-06,4.935405176946764e-17,5.451598084702444e-23,5.451598084702444e-19,0.9995846607050874,5.449333821797797e-23,4.085869974602594e-06
9.900000000000006,2466640499595208.5,5.036757152775252e-06,4.910114998184246e-17,5.423662811880767e-23,5.423662811880767e-19,0.9995836092132016,5.421404448655199e-23,4.064933014342317e-06
9.925000000000004,2466641946448246.0,5.011014654226186e-06,4.8850197584530904e-17,5.395942866719517e-23,5.395942866719517e-19,0.9995825577213157,5.393690372033583e-23,4.044157438103526e-06
9.950000000000003,2466643393301284.0,4.985470061517192e-06,4.860117448498792e-17,5.368436029816714e-23,5.368436029816714e-19,0.9995815062294299,5.366189372780532e-23,4.023541582486285e-06
9.975000000000001,2466644840154322.0,4.960121340203623e-06,4.8354060850299446e-17,5.341140110448956e-23,5.341140110448957e-19,0.999580454737544,5.338899260419503e-23,4.0030838055847105e-06
10.0,2466646287007359.5,4.9349664820593655e-06,4.810883710314447e-17,5.314052946125385e-23,5.314052946125386e-19,0.9995794032456581,5.311817872703843e-23,3.9827824866526774e-06
10.025000000000006,2466647733860397.5,4.910003504670145e-06,4.786548391783037e-17,5.287172402149757e-23,5.287172402149757e-19,0.9995783517537723,5.284943075178887e-23,3.962636025775601e-06
10.050000000000004,2466649180713435.0,4.885230451034273e-06,4.762398221640072e-17,5.2604963711905176e-23,5.260496371190518e-19,0.9995773002618864,5.258272760752068e-23,3.942642843548214e-06
10.075000000000003,2466650627566473.0,4.860645389170553e-06,4.738431316481298e-17,5.2340227728585874e-23,5.234022772858587e-19,0.9995762487700005,5.231804849270743e-23,3.922801380758129e-06
10.100000000000001,2466652074419511.0,4.836246411733312e-06,4.71464581691856e-17,5.207749553292826e-23,5.207749553292826e-19,0.9995751972781147,5.20553728710769e-23,3.903110098075146e-06
10.125,2466653521272548.5,4.812031635634349e-06,4.691039887211252e-17,5.181674684752936e-23,5.181674684752936e-19,0.9995741457862288,5.1794680467540427e-23,3.883567475746145e-06
10.150000000000006,2466654968125586.5,4.787999201671661e-06,4.667611714904384e-17,5.15579616521967e-23,5.15579616521967e-19,0.999573094294343,5.1535951264195337e-23,3.864172013295447e-06
10.175000000000004,2466656414978624.5,4.764147274164861e-06,4.644359510473164e-17,5.130112018002244e-23,5.130112018002244e-19,0.9995720428024572,5.127916549639939e-23,3.844922229230582e-06
10.200000000000003,2466657861831662.0,4.740474040597028e-06,4.621281506973851e-17,5.104620291352671e-23,5.104620291352671e-19,0.9995709913105713,5.102430364891447e-23,3.825816660753233e-06
10.225000000000001,2466659308684700.0,4.716977711263016e-06,4.5983759597009117e-17,5.079319058087064e-23,5.079319058087064e-19,0.9995699398186855,5.0771346452119885e-23,3.806853863475414e-06
10.25,2466660755537737.5,4.693656518923965e-06,4.5756411458502145e-17,5.054206415213596e-23,5.054206415213597e-19,0.9995688883267996,5.052027487829233e-23,3.7880324111406315e-06
10.275000000000006,2466662202390775.5,4.670508718467948e-06,4.55307536418821e-17,5.029280483567088e-23,5.029280483567088e-19,0.9995678368349137,5.0271070137952026e-23,3.7693508953500145e-06
10.300000000000004,2466663649243813.5,4.647532586576633e-06,4.530676934726976e-17,5.004539407450061e-23,5.004539407450061e-19,0.9995667853430279,5.002371367627359e-23,3.750807925293293e-06
10.325000000000003,2466665096096851.0,4.624726421397772e-06,4.508444198404937e-17,4.9799813542800676e-23,4.979981354280067e-19,0.999565733851142,4.9778187169559597e-23,3.7324021274844756e-06
10.350000000000001,2466666542949889.0,4.60208854222349e-06,4.486375516773249e-17,4.9556045142432693e-23,4.95560451424327e-19,0.9995646823592561,4.953447252177669e-23,3.7141321455022145e-06
10.375,2466667989802927.0,4.579617289174206e-06,4.464469271687661e-17,4.931407099954075e-23,4.931407099954075e-19,0.9995636308673703,4.9292551861152244e-23,3.6959966397347096e-06
10.400000000000006,2466669436655964.5,4.5573110228880615e-06,4.4427238650057566e-17,4.907387346120716e-23,4.907387346120716e-19,0.9995625793754844,4.905240753683036e-23,3.6779942871290657e-06
10.425000000000004,2466670883509002.5,4.535168124215813e-06,4.421137718289516e-17,4.8835435092166984e-23,4.883543509216698e-19,0.9995615278835986,4.881402211558674e-23,3.6601237809450493e-06
10.450000000000003,2466672330362040.0,4.513186993920962e-06,4.3997092725129864e-17,4.8598738671578986e-23,4.859873867157898e-19,0.9995604763917127,4.857737837859985e-23,3.6423838305130797e-06
10.475000000000001,2466673777215078.0,4.491366052385146e-06,4.378436987775082e-17,4.836376718985325e-23,4.836376718985325e-19,0.9995594248998269,4.8342459318278826e-23,3.6247731609964644e-06
10.5,2466675224068116.0,4.469703739318611e-06,4.357319343017334e-17,4.813050384553349e-23,4.813050384553348e-19,0.9995583734079411,4.8109248135146107e-23,3.607290513157734e-06
10.525000000000006,2466676670921153.5,4.448198513475673e-06,4.336354835746507e-17,4.789893204223308e-23,4.789893204223309e-19,0.9995573219160552,4.7877728234773625e-23,3.5899346431290037e-06
10.550000000000004,2466678117774191.5,4.4268488523751055e-06,4.315541981762016e-17,4.766903538562416e-23,4.766903538562416e-19,0.9995562704241693,4.764788322477224e-23,3.572704322186311e-06
10.575000000000003,2466679564627229.5,4.405653252025275e-06,4.294879314887978e-17,4.744079768047787e-23,4.744079768047786e-19,0.9995552189322835,4.741969691183222e-23,3.5555983365277894e-06
10.600000000000001,2466681011480267.0,4.384610226654052e-06,4.274365386709908e-17,4.721420292775591e-23,4.721420292775592e-19,0.9995541674403976,4.7193153298815043e-23,3.538615487055685e-06
10.625,2466682458333305.0,4.363718308443285e-06,4.253998766315871e-17,4.6989235321751406e-23,4.698923532175141e-19,0.9995531159485117,4.6968236581894486e-23,3.5217545891620685e-06
10.650000000000006,2466683905186342.5,4.342976047267831e-06,4.233778040042075e-17,4.676587924727868e-23,4.676587924727868e-19,0.9995520644566259,4.6744931147746683e-23,3.5050144725182163e-06
10.675000000000004,2466685352039380.5,4.3223820104390215e-06,4.213701811222788e-17,4.6544119276910894e-23,4.654411927691089e-19,0.99955101296474,4.6523221570787967e-23,3.488393980867575e-06
10.700000000000003,2466686798892418.5,4.301934782452443e-06,4.1937686999444583e-17,4.632394016826408e-23,4.632394016826408e-19,0.9995499614728542,4.6303092610459165e-23,3.4718919718222055e-06
10.725000000000001,2466688245745456.0,4.281632964740023e-06,4.1739773428040355e-17,4.610532686132757e-23,4.610532686132757e-19,0.9995489099809683,4.6084529208556233e-23,3.4555073166627042e-06
10.75,2466689692598494.0,4.261475175426299e-06,4.154326392671365e-17,4.588826447583945e-23,4.588826447583945e-19,0.9995478584890825,4.586751648660596e-23,3.439238900141498e-06
10.775000000000006,2466691139451532.0,4.241460049088747e-06,4.1348145184555486e-17,4.567273830870578e-23,4.567273830870578e-19,0.9995468069971967,4.5652039743285406e-23,3.423085620289417e-06
10.800000000000004,2466692586304569.5,4.221586236522209e-06,4.1154404048752875e-17,4.545873383146385e-23,4.545873383146385e-19,0.9995457555053108,4.543808445188536e-23,3.407046388225576e-06
10.825000000000003,2466694033157607.5,4.20185240450717e-06,4.096202752232991e-17,4.5246236687787e-23,4.5246236687787e-19,0.9995447040134249,4.522563625781542e-23,3.391120127970361e-06
10.850000000000001,2466695480010645.0,4.1822572355819884e-06,4.077100276192733e-17,4.5035232691031924e-23,4.503523269103193e-19,0.9995436525215391,4.5014680976151473e-23,3.375305776261604e-06
10.875,2466696926863683.0,4.162799427818877e-06,4.058131707561863e-17,4.4825707821826417e-23,4.482570782182642e-19,0.9995426010296532,4.4805204589223644e-23,3.359602282373792e-06
10.900000000000006,2466698373716721.0,4.143477694603625e-06,4.039295792076273e-17,4.4617648225697395e-23,4.461764822569739e-19,0.9995415495377673,4.459719324424459e-23,3.34400860794029e-06
10.925000000000004,2466699820569758.5,4.1242907644189785e-06,4.020591290189212e-17,4.4411040210738234e-23,4.441104021073824e-19,0.9995404980458815,4.439063325097697e-23,3.3285237267785133e-06
10.950000000000003,2466701267422796.5,4.1052373806315755e-06,4.0020169768635954e-17,4.420587024531457e-23,4.420587024531457e-19,0.9995394465539956,4.4185511079439466e-23,3.3131466247179792e-06
10.975000000000001,2466702714275834.5,4.086316301282419e-06,3.983571641367733e-17,4.400212495580797e-23,4.400212495580797e-19,0.9995383950621098,4.3981813357650706e-23,3.297876299431203e-06
11.0,2466704161128872.0,4.06752629888081e-06,3.9652540870744463e-17,4.3799791124397006e-23,4.379979112439701e-19,0.999537343570224,4.377952686941046e-23,3.2827117602673907e-06
11.025000000000006,2466705607981910.0,4.048866160201629e-06,3.947063131263452e-17,4.359885568687438e-23,4.359885568687438e-19,0.999536292078338,4.357863855211698e-23,3.267652028088837e-06
11.050000000000004,2466707054834948.0,4.030334686085986e-06,3.928997604927018e-17,4.3399305730500234e-23,4.339930573050023e-19,0.9995352405864523,4.3379135494620546e-23,3.252696135110038e-06
11.075000000000003,2466708501687985.5,4.011930691245073e-06,3.911056352578753e-17,4.3201128491890065e-23,4.3201128491890066e-19,0.9995341890945664,4.3181004935111506e-23,3.237843124739389e-06
11.100000000000001,2466709948541023.5,3.993653004067256e-06,3.893238232065543e-17,4.300431135493738e-23,4.300431135493738e-19,0.9995331376026805,4.2984234259043136e-23,3.2230920514234967e-06
11.125,2466711395394061.0,3.97550046642829e-06,3.875542114382545e-17,4.2808841848770145e-23,4.2808841848770143e-19,0.9995320861107947,4.278881099708831e-23,3.2084419804940166e-06
11.150000000000006,2466712842247099.0,3.957471933504604e-06,3.857966883491163e-17,4.2614707645740163e-23,4.2614707645740163e-19,0.9995310346189088,4.259472282312899e-23,3.193891988016959e-06
11.175000000000004,2466714289100137.0,3.939566273589639e-06,3.8405114361400004e-17,4.242189655944533e-23,4.242189655944533e-19,0.9995299831270229,4.24019575522787e-23,3.1794411606444644e-06
11.200000000000003,2466715735953174.5,3.921782367913102e-06,3.823174681688668e-17,4.223039654278346e-23,4.223039654278346e-19,0.9995289316351371,4.221050313893654e-23,3.165088595468939e-06
11.225000000000001,2466717182806212.5,3.904119110463176e-06,3.805955541934455e-17,4.204019568603766e-23,4.2040195686037664e-19,0.9995278801432512,4.202034767487268e-23,3.1508333998795566e-06
11.25,2466718629659250.5,3.886575407811564e-06,3.788852950941776e-17,4.1851282214992476e-23,4.1851282214992474e-19,0.9995268286513654,4.1831479387344725e-23,3.1366746914210696e-06
11.275000000000006,2466720076512288.0,3.869150178941337e-06,3.771865854874349e-17,4.166364448908011e-23,4.166364448908011e-19,0.9995257771594795,4.164388663724407e-23,3.12261159765487e-06
11.300000000000004,2466721523365326.0,3.851842355077567e-06,3.7549932118300827e-17,4.1477270999556615e-23,4.1477270999556616e-19,0.9995247256675936,4.1457557917272264e-23,3.1086432560222985e-06
11.325000000000003,2466722970218363.5,3.8346508795206e-06,3.738233991678548e-17,4.1292150367706614e-23,4.1292150367706613e-19,0.9995236741757079,4.127248185014592e-23,3.0947688137100925e-06
11.350000000000001,2466724417071401.5,3.817574707482044e-06,3.721587175901081e-17,4.1108271343077125e-23,4.1108271343077123e-19,0.999522622683822,4.1088647186830646e-23,3.080987427518013e-06
11.375,2466725863924439.5,3.8006128059233293e-06,3.705051757433411e-17,4.092562280173918e-23,4.0925622801739184e-19,0.9995215711919361,4.0906042804802873e-23,3.067298263728559e-06
11.400000000000006,2466727310777477.0,3.783764153396835e-06,3.688626740510776e-17,4.074419374457708e-23,4.074419374457708e-19,0.9995205197000503,4.0724657706339224e-23,3.0537004979787467e-06
11.425000000000004,2466728757630515.0,3.7670277398895367e-06,3.672311140515506e-17,4.056397329560472e-23,4.056397329560472e-19,0.9995194682081644,4.054448101683301e-23,3.040193315133925e-06
11.450000000000003,2466730204483553.0,3.7504025666690844e-06,3.6561039838269654e-17,4.0384950700308136e-23,4.0384950700308137e-19,0.9995184167162785,4.0365501983136953e-23,3.0267759091635495e-06
11.475000000000001,2466731651336590.5,3.73388764613235e-06,3.640004307673915e-17,4.020711532401468e-23,4.0207115324014675e-19,0.9995173652243927,4.018770997193246e-23,3.013447483018957e-06
11.5,2466733098189628.5,3.717482001656317e-06,3.624011159989147e-17,4.003045665028734e-23,4.003045665028734e-19,0.9995163137325068,4.001109446812412e-23,3.000207248513022e-06
11.525000000000006,2466734545042666.0,3.701184667451312e-06,3.608123599266406e-17,3.9854964279344315e-23,3.9854964279344314e-19,0.999515262240621,3.983564507325942e-23,2.9870544262017076e-06
11.550000000000004,2466735991895704.0,3.684994688416561e-06,3.5923406944195806e-17,3.968062792650363e-23,3.968062792650363e-19,0.9995142107487351,3.9661351503973497e-23,2.9739882452674916e-06
11.575000000000003,2466737438748742.0,3.668911119997933e-06,3.576661524644021e-17,3.950743742065129e-23,3.950743742065129e-19,0.9995131592568492,3.9488203590457433e-23,2.961007943404557e-06
11.600000000000001,2466738885601779.5,3.652933028047955e-06,3.5610851792800744e-17,3.9335382702733914e-23,3.9335382702733914e-19,0.9995121077649635,3.931619127495106e-23,2.948112766705821e-06
11.625,2466740332454817.5,3.637059488687974e-06,3.545610757678714e-17,3.916445382427445e-23,3.916445382427445e-19,0.9995110562730776,3.9145304610258726e-23,2.9353019695516843e-06
11.650000000000006,2466741779307855.5,3.6212895881724486e-06,3.530237369069242e-17,3.899464094591087e-23,3.899464094591087e-19,0.9995100047811917,3.8975533758288227e-23,2.922574814500516e-06
11.675000000000004,2466743226160893.0,3.605622422755369e-06,3.5149641324290654e-17,3.8825934335957714e-23,3.882593433595771e-19,0.9995089532893059,3.8806868988612415e-23,2.90993057218084e-06
11.700000000000003,2466744673013931.0,3.590057098558667e-06,3.499790176355421e-17,3.8658324368989177e-23,3.8658324368989177e-19,0.99950790179742,3.8639300677052445e-23,2.897368521185141e-06
11.725000000000001,2466746119866968.5,3.5745927314427357e-06,3.484714638939145e-17,3.849180152444478e-23,3.849180152444478e-19,0.9995068503055341,3.8472819304283563e-23,2.8848879479653623e-06
11.75,2466747566720006.5,3.559228446878865e-06,3.469736667640317e-17,3.832635638525576e-23,3.832635638525576e-19,0.9995057988136483,3.830741545446163e-23,2.872488146729955e-06
11.775000000000006,2466749013573044.5,3.543963379823666e-06,3.4548554191658455e-17,3.8161979636492856e-23,3.8161979636492857e-19,0.9995047473217624,3.814307981387103e-23,2.860168419342535e-06
11.800000000000004,2466750460426082.0,3.528796674595414e-06,3.4400700593489153e-17,3.799866206403475e-23,3.7998662064034753e-19,0.9995036958298766,3.797980316959326e-23,2.847928075222083e-06
11.825000000000003,2466751907279120.0,3.5137274847522488e-06,3.4253797630302524e-17,3.7836394553256477e-23,3.783639455325648e-19,0.9995026443379907,3.7817576408195396e-23,2.835766431244643e-06
11.850000000000001,2466753354132158.0,3.498754972972253e-06,3.410783713941219e-17,3.767516808773815e-23,3.767516808773815e-19,0.9995015928461048,3.7656390514439016e-23,2.8236828116465447e-06
11.875,2466754800985195.5,3.4838783109353367e-06,3.3962811045886654e-17,3.7514973747993023e-23,3.7514973747993023e-19,0.9995005413542191,3.749623657000834e-23,2.811676547929075e-06
11.900000000000006,2466756247838233.5,3.469096679206917e-06,3.381871136141535e-17,3.7355802710214923e-23,3.7355802710214924e-19,0.9994994898623332,3.733710575225778e-23,2.7997469787645984e-06
11.925000000000004,2466757694691271.0,3.4544092671233553e-06,3.3675530183191834e-17,3.7197646245044696e-23,3.7197646245044696e-19,0.9994984383704473,3.71789893329785e-23,2.787893449904105e-06
11.950000000000003,2466759141544309.0,3.439815272679101e-06,3.353325969281358e-17,3.7040495716354855e-23,3.7040495716354854e-19,0.9994973868785615,3.7021878677183225e-23,2.776115314086123e-06
11.975000000000001,2466760588397347.0,3.4253139024155593e-06,3.3391892155198614e-17,3.688434258005296e-23,3.688434258005296e-19,0.9994963353866756,3.686576524190965e-23,2.764411930947035e-06
12.0,2466762035250384.5,3.410904371311611e-06,3.325141991751824e-17,3.6729178382902695e-23,3.672917838290269e-19,0.9994952838947897,3.67106405750417e-23,2.752782666932716e-06
12.025000000000006,2466763482103422.5,3.396585902675763e-06,3.311183540814564e-17,3.6574994761362517e-23,3.6574994761362517e-19,0.9994942324029039,3.655649631414826e-23,2.741226895211498e-06
12.050000000000004,2466764928956460.5,3.3823577280399494e-06,3.2973131135620604e-17,3.642178344044209e-23,3.642178344044209e-19,0.999493180911018,3.640332418533971e-23,2.729743995588458e-06
12.075000000000003,2466766375809498.0,3.36821908705485e-06,3.283529968762906e-17,3.62695362325751e-23,3.62695362325751e-19,0.9994921294191322,3.6251116002140854e-23,2.7183333544209372e-06
12.100000000000001,2466767822662536.0,3.3541692273868275e-06,3.2698333729998307e-17,3.611824503650937e-23,3.611824503650937e-19,0.9994910779272463,3.6099863664381166e-23,2.706994364535361e-06
12.125,2466769269515574.0,3.34020740461635e-06,3.256222600570682e-17,3.596790183621315e-23,3.596790183621315e-19,0.9994900264353604,3.594955915710113e-23,2.6957264251452635e-06
12.150000000000006,2466770716368611.5,3.3263328821379498e-06,3.242696933390897e-17,3.581849869979781e-23,3.581849869979781e-19,0.9994889749434747,3.5800194549475096e-23,2.6845289417705473e-06
12.175000000000004,2466772163221649.5,3.312544931061645e-06,3.2292556608974057e-17,3.5670027778456323e-23,3.5670027778456323e-19,0.9994879234515888,3.56517619937498e-23,2.673401326157925e-06
12.200000000000003,2466773610074687.0,3.298842830115801e-06,3.21589807995393e-17,3.552248130541729e-23,3.552248130541729e-19,0.9994868719597029,3.5504253724198553e-23,2.6623429962025247e-06
12.225000000000001,2466775056927725.0,3.285225865551446e-06,3.202623494757711e-17,3.537585159491458e-23,3.537585159491458e-19,0.9994858204678171,3.535766205609094e-23,2.6513533758706657e-06
12.25,2466776503780763.0,3.271693331047976e-06,3.189431216747579e-17,3.523013104117194e-23,3.523013104117194e-19,0.9994847689759312,3.521197938467752e-23,2.6404318951237586e-06
12.275000000000006,2466777950633800.5,3.258244527620243e-06,3.176320564513381e-17,3.5085312117402506e-23,3.5085312117402505e-19,0.9994837174840453,3.5067198184189475e-23,2.6295779898433203e-06
12.300000000000004,2466779397486838.5,3.244878763527014e-06,3.1632908637067427e-17,3.494138737482309e-23,3.494138737482309e-19,0.9994826659921595,3.4923311006852966e-23,2.6187911017570954e-06
12.325000000000003,2466780844339876.5,3.231595354180732e-06,3.1503414469530954e-17,3.4798349441682475e-23,3.4798349441682473e-19,0.9994816145002736,3.47803104819175e-23,2.6080706783662293e-06
12.350000000000001,2466782291192914.0,3.2183936220586294e-06,3.1374716537650265e-17,3.465619102230424e-23,3.465619102230424e-19,0.9994805630083878,3.4638189314698873e-23,2.59741617287353e-06
12.375,2466783738045952.0,3.205272896615101e-06,3.124680830456853e-17,3.451490489614317e-23,3.451490489614317e-19,0.9994795115165019,3.44969402856357e-23,2.586827044112749e-06
12.400000000000006,2466785184898989.5,3.1922325141953687e-06,3.111968330060461e-17,3.4374483916855667e-23,3.4374483916855665e-19,0.999478460024616,3.435655624935983e-23,2.576302756478907e-06
12.425000000000004,2466786631752027.5,3.17927181795039e-06,3.0993335122423505e-17,3.423492101138336e-23,3.423492101138336e-19,0.9994774085327303,3.421703013378016e-23,2.565842779859616e-06
12.450000000000003,2466788078605065.5,3.1663901577529734e-06,3.086775743221861e-17,3.4096209179049894e-23,3.4096209179049895e-19,0.9994763570408444,3.407835493917939e-23,2.5554465895673825e-06
12.475000000000001,2466789525458103.0,3.153586890115127e-06,3.0742943956905996e-17,3.395834149067091e-23,3.3958341490670913e-19,0.9994753055489585,3.3940523737324185e-23,2.545113666272904e-06
12.5,2466790972311141.0,3.1408613781065904e-06,3.0618888487330176e-17,3.3821311087676767e-23,3.3821311087676765e-19,0.9994742540570727,3.3803529670587936e-23,2.534843495939318e-06
12.525000000000006,2466792419164179.0,3.1282129912745142e-06,3.049558487748114e-17,3.3685111181247657e-23,3.3685111181247656e-19,0.9994732025651868,3.366736595108598e-23,2.5246355697573797e-06
12.550000000000004,2466793866017216.5,3.115641105564329e-06,3.037302704372292e-17,3.3549735051461505e-23,3.3549735051461507e-19,0.9994721510733009,3.353202585982355e-23,2.5144893840816e-06
12.575000000000003,2466795312870254.5,3.1031451032416926e-06,3.0251208964032665e-17,3.341517604645346e-23,3.341517604645346e-19,0.9994710995814151,3.33975027458554e-23,2.504404440367251e-06
12.600000000000001,2466796759723292.0,3.0907243728155883e-06,3.013012467725101e-17,3.328142758158785e-23,3.328142758158785e-19,0.9994700480895292,3.3263790025457794e-23,2.494380245108304e-06
12.625,2466798206576330.0,3.0783783089625065e-06,3.000976828234292e-17,3.3148483138641715e-23,3.3148483138641714e-19,0.9994689965976434,3.313088118131214e-23,2.484416309776239e-06
12.650000000000006,2466799653429368.0,3.066106312451689e-06,2.989013393766893e-17,3.3016336264999856e-23,3.3016336264999855e-19,0.9994679451057575,3.299876976170011e-23,2.4745121507597115e-06
12.675000000000004,2466801100282405.5,3.0539077900714597e-06,2.977121586026699e-17,3.288498057286153e-23,3.288498057286153e-19,0.9994668936138716,3.286744937971043e-23,2.4646672893051014e-06
12.700000000000003,2466802547135443.5,3.041782154556559e-06,2.9653008325144075e-17,3.275440973845799e-23,3.2754409738457993e-19,0.9994658421219859,3.273691371245649e-23,2.4548812514578644e-06
12.725000000000001,2466803993988481.5,3.029728824516533e-06,2.953550566457806e-17,3.262461750128135e-23,3.262461750128135e-19,0.9994647906301,3.260715650030526e-23,2.4451535680047383e-06
12.75,2466805440841519.0,3.0177472243651145e-06,2.9418702267429345e-17,3.249559766332417e-23,3.249559766332417e-19,0.9994637391382141,3.247817154611699e-23,2.4354837744167525e-06
12.775000000000006,2466806887694557.0,3.0058367842506054e-06,2.93025925784621e-17,3.2367344088329784e-23,3.236734408832978e-19,0.9994626876463283,3.234995271449558e-23,2.4258714107930386e-06
12.800000000000004,2466808334547594.5,2.993996939987235e-06,2.918717109767519e-17,3.2239850701053176e-23,3.223985070105318e-19,0.9994616361544424,3.2222493931049557e-23,2.4163160218054386e-06
12.825000000000003,2466809781400632.5,2.982227132987456e-06,2.9072432379642083e-17,3.2113111486531895e-23,3.2113111486531896e-19,0.9994605846625565,3.209578918166303e-23,2.4068171566438577e-06
12.850000000000001,2466811228253670.5,2.9705268101952168e-06,2.8958371032860425e-17,3.1987120489367575e-23,3.1987120489367574e-19,0.9994595331706707,3.1969832511777315e-23,2.397374368962417e-06
12.875,2466812675106708.0,2.9588954240201425e-06,2.884498171911033e-17,3.1861871813017125e-23,3.1861871813017127e-19,0.9994584816787848,3.1844618025682167e-23,2.3879872168263302e-06
12.900000000000006,2466814121959746.0,2.9473324322726375e-06,2.873225915282178e-17,3.173735961909396e-23,3.173735961909396e-19,0.999457430186899,3.172013988581711e-23,2.3786552626595303e-06
12.925000000000004,2466815568812784.0,2.9358372980998964e-06,2.8620198100450777e-17,3.1613578126678894e-23,3.1613578126678896e-19,0.9994563786950131,3.1596392312082363e-23,2.3693780731930254e-06
12.950000000000003,2466817015665821.5,2.924409489922774e-06,2.8508793379863956e-17,3.1490521611640415e-23,3.1490521611640415e-19,0.9994553272031272,3.147336958115922e-23,2.3601552194139502e-06
12.975000000000001,2466818462518859.5,2.9130484813735605e-06,2.8398039859731944e-17,3.136818440596458e-23,3.1368184405964583e-19,0.9994542757112415,3.135106602583999e-23,2.3509862765153478e-06
13.0,2466819909371897.0,2.9017537512345895e-06,2.8287932458930924e-17,3.1246560897093975e-23,3.1246560897093974e-19,0.9994532242193556,3.122947603436701e-23,2.341870823846622e-06
13.025000000000006,2466821356224935.0,2.8905247833777063e-06,2.817846614595248e-17,3.112564552727587e-23,3.112564552727587e-19,0.9994521727274697,3.1108594049780914e-23,2.3328084448646848e-06
13.050000000000004,2466822803077973.0,2.879361066704564e-06,2.806963593832162e-17,3.100543279291933e-23,3.100543279291933e-19,0.9994511212355839,3.0988414569277766e-23,2.323798727085773e-06
13.075000000000003,2466824249931010.5,2.8682620950877233e-06,2.796143690202255e-17,3.0885917243960984e-23,3.0885917243960983e-19,0.999450069743698,3.086893214357489e-23,2.314841262037912e-06
13.100000000000001,2466825696784048.5,2.8572273673125787e-06,2.785386415093257e-17,3.0767093483239664e-23,3.0767093483239664e-19,0.9994490182518121,3.0750141376285605e-23,2.30593564521405e-06
13.125,2466827143637086.5,2.846256387020067e-06,2.7746912846263526e-17,3.064895616587945e-23,3.064895616587945e-19,0.9994479667599263,3.0632036923302323e-23,2.297081476025814e-06
13.150000000000006,2466828590490124.0,2.8353486626501506e-06,2.764057819601088e-17,3.053149999868115e-23,3.0531499998681154e-19,0.9994469152680404,3.051461349218806e-23,2.2882783577579047e-06
13.175000000000004,2466830037343162.0,2.824503707386093e-06,2.7534855454410473e-17,3.0414719739522197e-23,3.0414719739522194e-19,0.9994458637761546,3.039786584157642e-23,2.2795258975231197e-06
13.200000000000003,2466831484196200.0,2.81372103909945e-06,2.742973992140226e-17,3.029861019676434e-23,3.029861019676434e-19,0.9994448122842687,3.028178878057937e-23,2.2708237062179612e-06
13.225000000000001,2466832931049237.5,2.803000180295841e-06,2.7325226942101656e-17,3.0183166228669667e-23,3.0183166228669665e-19,0.9994437607923828,3.0166377168203253e-23,2.2621713984788675e-06
13.25,2466834377902275.5,2.7923406580614457e-06,2.7221311906277974e-17,3.0068382742824516e-23,3.0068382742824514e-19,0.9994427093004971,3.0051625912772846e-23,2.253568592639036e-06
13.275000000000006,2466835824755313.0,2.7817420040102003e-06,2.7117990247839643e-17,2.9954254695570827e-23,2.995425469557083e-19,0.9994416578086112,2.993752997136268e-23,2.245014910685805e-06
13.300000000000004,2466837271608351.0,2.771203754231747e-06,2.70152574443268e-17,2.9840777091445687e-23,2.984077709144569e-19,0.9994406063167253,2.982408434923672e-23,2.236509978218648e-06
13.325000000000003,2466838718461389.0,2.7607254492400305e-06,2.6913109016410186e-17,2.9727944982627804e-23,2.97279449826278e-19,0.9994395548248395,2.9711284099294853e-23,2.228053424407689e-06
13.350000000000001,2466840165314426.5,2.750306633922627e-06,2.6811540527397157e-17,2.961575346839187e-23,2.961575346839187e-19,0.9994385033329536,2.95991243215273e-23,2.219644881952806e-06
13.375,2466841612167464.5,2.7399468574907284e-06,2.6710547582744123e-17,2.950419769456996e-23,2.950419769456996e-19,0.9994374518410677,2.9487600162476103e-23,2.2112839870432655e-06
13.400000000000006,2466843059020502.5,2.729645673429802e-06,2.6610125829575534e-17,2.939327285302027e-23,2.9393272853020274e-19,0.9994364003491819,2.9376706814703906e-23,2.202970379317905e-06
13.425000000000004,2466844505873540.0,2.719402639450912e-06,2.6510270956209354e-17,2.9282974181102916e-23,2.9282974181102914e-19,0.999435348857296,2.9266439516269786e-23,2.194703701825845e-06
13.450000000000003,2466845952726578.0,2.7092173174426733e-06,2.6410978691688653e-17,2.9173296961162544e-23,2.9173296961162547e-19,0.9994342973654102,2.915679355021195e-23,2.1864836009877124e-06
13.475000000000001,2466847399579615.5,2.699089273423856e-06,2.6312244805319598e-17,2.906423652001803e-23,2.906423652001803e-19,0.9994332458735243,2.9047764244037443e-23,2.1783097265573925e-06
13.5,2466848846432653.5,2.6890180774966186e-06,2.6214065106215514e-17,2.895578822845879e-23,2.8955788228458787e-19,0.9994321943816384,2.893934696921858e-23,2.1701817315842815e-06
13.525000000000006,2466850293285691.5,2.679003303800349e-06,2.6116435442846933e-17,2.8847947500747845e-23,2.8847947500747846e-19,0.9994311428897527,2.8831537140696e-23,2.1620992723760385e-06
13.550000000000004,2466851740138729.0,2.669044530466136e-06,2.6019351702597723e-17,2.8740709794131474e-23,2.8740709794131473e-19,0.9994300913978668,2.8724330216388385e-23,2.154062008461837e-06
13.575000000000003,2466853186991767.0,2.659141339571807e-06,2.5922809811326806e-17,2.86340706083551e-23,2.86340706083551e-19,0.9994290399059809,2.86177216967084e-23,2.1460696025560828e-06
13.600000000000001,2466854633844805.0,2.6492933170975884e-06,2.5826805732935863e-17,2.852802548518581e-23,2.8528025485185813e-19,0.9994279884140951,2.8511707124085296e-23,2.1381217205226243e-06
13.625,2466856080697842.5,2.639500052882334e-06,2.5731335468942677e-17,2.842257000794103e-23,2.842257000794103e-19,0.9994269369222092,2.8406282082493555e-23,2.13021803133943e-06
13.650000000000006,2466857527550880.5,2.6297611405803233e-06,2.5636395058059942e-17,2.831769980102331e-23,2.831769980102331e-19,0.9994258854303233,2.8301442196987814e-23,2.122358207063722e-06
13.675000000000004,2466858974403918.0,2.6200761776186424e-06,2.55419805757798e-17,2.821341052946141e-23,2.821341052946141e-19,0.9994248339384375,2.8197183133243935e-23,2.1145419227975794e-06
13.700000000000003,2466860421256956.0,2.6104447651550914e-06,2.5448088133963495e-17,2.810969789845703e-23,2.810969789845703e-19,0.9994237824465516,2.8093500597105807e-23,2.106768856653967e-06
13.725000000000001,2466861868109994.0,2.6008665080366676e-06,2.5354713880436653e-17,2.800655765293774e-23,2.800655765293774e-19,0.9994227309546658,2.7990390334138334e-23,2.099038689723229e-06
13.75,2466863314963031.5,2.5913410147585773e-06,2.5261853998589693e-17,2.7903985577115637e-23,2.7903985577115635e-19,0.9994216794627799,2.78878481291861e-23,2.091351106040011e-06
13.775000000000006,2466864761816069.5,2.5818678974237732e-06,2.5169504706983383e-17,2.780197749405162e-23,2.780197749405162e-19,0.999420627970894,2.778586980593773e-23,2.083705792550604e-06
13.800000000000004,2466866208669107.5,2.5724467717030353e-06,2.5077662258959684e-17,2.7700529265225525e-23,2.7700529265225525e-19,0.9994195764790083,2.768445122649607e-23,2.0761024390807235e-06
13.825000000000003,2466867655522145.0,2.5630772567955394e-06,2.4986322942257354e-17,2.7599636790111554e-23,2.7599636790111554e-19,0.9994185249871224,2.7583588290953603e-23,2.068540738303693e-06
13.850000000000001,2466869102375183.0,2.5537589753899612e-06,2.489548307863276e-17,2.749929600575941e-23,2.749929600575941e-19,0.9994174734952365,2.748327693697372e-23,2.061020385709049e-06
13.875,2466870549228220.5,2.5444915536260625e-06,2.48051390234854e-17,2.7399502886380653e-23,2.739950288638065e-19,0.9994164220033507,2.738351313937703e-23,2.0535410795715375e-06
13.900000000000006,2466871996081258.5,2.5352746210567815e-06,2.471528716548835e-17,2.7300253442940486e-23,2.7300253442940486e-19,0.9994153705114648,2.728429290973326e-23,2.046102520920523e-06
13.925000000000004,2466873442934296.5,2.526107810610814e-06,2.4625923926223468e-17,2.720154372275483e-23,2.720154372275483e-19,0.9994143190195789,2.718561229595832e-23,2.0387044135097854e-06
13.950000000000003,2466874889787334.0,2.51699075855565e-06,2.453704575982106e-17,2.7103369809092294e-23,2.710336980909229e-19,0.9994132675276931,2.7087467381916357e-23,2.0313464637876924e-06
13.975000000000001,2466876336640372.0,2.507923104461111e-06,2.4448649152604427e-17,2.7005727820781517e-23,2.700572782078152e-19,0.9994122160358072,2.6989854287027107e-23,2.024028380867769e-06
14.0,2466877783493410.0,2.4989044911633353e-06,2.4360730622738774e-17,2.690861391182339e-23,2.690861391182339e-19,0.9994111645439214,2.6892769165878177e-23,2.0167498764996323e-06
14.025000000000006,2466879230346447.5,2.4899345647292286e-06,2.4273286719884636e-17,2.681202427100824e-23,2.6812024271008243e-19,0.9994101130520355,2.679620820784227e-23,2.009510665040305e-06
14.050000000000004,2466880677199485.5,2.4810129744213683e-06,2.4186314024855764e-17,2.67159551215379e-23,2.67159551215379e-19,0.9994090615601496,2.6700167636699266e-23,2.0023104634258837e-06
14.075000000000003,2466882124052523.0,2.4721393726633404e-06,2.409980914928121e-17,2.6620402720652463e-23,2.6620402720652465e-19,0.9994080100682639,2.6604643710263077e-23,1.995148991143572e-06
14.100000000000001,2466883570905561.0,2.4633134150055297e-06,2.401376873527182e-17,2.652536335926192e-23,2.652536335926192e-19,0.999406958576378,2.6509632720013254e-23,1.988025970204067e-06
14.125,2466885017758599.0,2.4545347600913384e-06,2.392818945509091e-17,2.6430833361582363e-23,2.6430833361582364e-19,0.9994059070844921,2.6415130990731277e-23,1.9809411251142948e-06
14.150000000000006,2466886464611636.5,2.445803069623824e-06,2.3843068010829057e-17,2.6336809084776763e-23,2.6336809084776764e-19,0.9994048555926063,2.6321134880141363e-23,1.973894182850489e-06
14.175000000000004,2466887911464674.5,2.4371180083327734e-06,2.3758401134083094e-17,2.6243286918600415e-23,2.6243286918600416e-19,0.9994038041007204,2.6227640778555927e-23,1.966884872831616e-06
14.200000000000003,2466889358317712.5,2.4284792439421665e-06,2.3674185585638937e-17,2.6150263285050565e-23,2.6150263285050567e-19,0.9994027526088345,2.6134645108525277e-23,1.959912926893116e-06
14.225000000000001,2466890805170750.0,2.419886447138069e-06,2.359041815515859e-17,2.6057734638020693e-23,2.605773463802069e-19,0.9994017011169487,2.6042144324491918e-23,1.9529780792609907e-06
14.25,2466892252023788.0,2.411339291536922e-06,2.3507095660871007e-17,2.5965697462959043e-23,2.596569746295904e-19,0.9994006496250628,2.5950134912449112e-23,1.946080066526214e-06
14.275000000000006,2466893698876826.0,2.402837453654218e-06,2.342421494926673e-17,2.5874148276531322e-23,2.587414827653132e-19,0.999399598133177,2.585861338960364e-23,1.9392186276194474e-06
14.300000000000004,2466895145729863.5,2.39438061287359e-06,2.3341772894796545e-17,2.5783083626287824e-23,2.5783083626287825e-19,0.9993985466412911,2.5767576304042922e-23,1.932393503786095e-06
14.325000000000003,2466896592582901.5,2.3859684514162546e-06,2.325976639957362e-17,2.5692500090334444e-23,2.569250009033444e-19,0.9993974951494052,2.5677020234406112e-23,1.9256044385616464e-06
14.350000000000001,2466898039435939.0,2.3776006543108627e-06,2.3178192393079565e-17,2.5602394277007967e-23,2.560239427700797e-19,0.9993964436575195,2.5586941789559392e-23,1.918851177747338e-06
14.375,2466899486288977.0,2.3692769093637095e-06,2.3097047831874033e-17,2.551276282455531e-23,2.551276282455531e-19,0.9993953921656336,2.549733760827525e-23,1.9121334693861145e-06
14.400000000000006,2466900933142015.0,2.3609969071293163e-06,2.301632969930794e-17,2.5423602400816746e-23,2.5423602400816748e-19,0.9993943406737477,2.540820435891576e-23,1.9054510637388883e-06
14.425000000000004,2466902379995052.5,2.3527603408813863e-06,2.2936035005240318e-17,2.5334909702913145e-23,2.5334909702913146e-19,0.9993932891818619,2.5319538739119834e-23,1.8988037132610953e-06
14.450000000000003,2466903826848090.5,2.344566906584097e-06,2.285616078575846e-17,2.524668145693684e-23,2.524668145693684e-19,0.999392237689976,2.523133747549413e-23,1.8921911725795292e-06
14.475000000000001,2466905273701128.5,2.336416302863764e-06,2.277670410290169e-17,2.5158914417646508e-23,2.515891441764651e-19,0.9993911861980901,2.5143597323307976e-23,1.8856131984694714e-06
14.5,2466906720554166.0,2.328308230980852e-06,2.2697662044388497e-17,2.5071605368165785e-23,2.5071605368165785e-19,0.9993901347062043,2.5056315066191998e-23,1.879069549832104e-06
14.525000000000006,2466908167407204.0,2.320242394802322e-06,2.2619031723346958e-17,2.4984751119685466e-23,2.498475111968547e-19,0.9993890832143184,2.4969487515840373e-23,1.8725599876721896e-06
14.550000000000004,2466909614260241.5,2.3122185007743256e-06,2.2540810278048575e-17,2.4898348511169516e-23,2.4898348511169515e-19,0.9993880317224326,2.4883111511716862e-23,1.8660842750760373e-06
14.575000000000003,2466911061113279.5,2.3042362578952232e-06,2.2462994871645202e-17,2.4812394409064487e-23,2.4812394409064486e-19,0.9993869802305467,2.479718392076426e-23,1.859642177189725e-06
14.600000000000001,2466912507966317.5,2.2962953776889398e-06,2.238558269190933e-17,2.4726885707012634e-23,2.4726885707012633e-19,0.9993859287386608,2.471170163711754e-23,1.8532334611975963e-06
14.625,2466913954819355.0,2.2883955741786437e-06,2.230857095097749e-17,2.4641819325568474e-23,2.4641819325568475e-19,0.999384877246775,2.4626661581820458e-23,1.8468578963010188e-06
14.650000000000006,2466915401672393.0,2.2805365638607432e-06,2.2231956885096734e-17,2.4557192211918775e-23,2.4557192211918777e-19,0.9993838257548892,2.4542060702545554e-23,1.8405152536973967e-06
14.675000000000004,2466916848525431.0,2.27271806567921e-06,2.215573775437436e-17,2.4473001339606072e-23,2.447300133960607e-19,0.9993827742630033,2.4457895973317712e-23,1.8342053065594493e-06
14.700000000000003,2466918295378468.5,2.2649398010001906e-06,2.2079910842530386e-17,2.4389243708255277e-23,2.4389243708255275e-19,0.9993817227711175,2.4374164394240795e-23,1.827927830014721e-06
14.725000000000001,2466919742231506.5,2.2572014935869464e-06,2.2004473456653255e-17,2.4305916343303825e-23,2.4305916343303825e-19,0.9993806712792316,2.4290862991227823e-23,1.8216826011253564e-06
14.75,2466921189084544.0,2.2495028695750925e-06,2.1929422926958456e-17,2.422301629573505e-23,2.4223016295735052e-19,0.9993796197873457,2.4207988815734374e-23,1.8154693988681164e-06
14.775000000000006,2466922635937582.0,2.2418436574481255e-06,2.185475660654995e-17,2.4140540641814653e-23,2.414054064181465e-19,0.9993785682954599,2.412553894449509e-23,1.809288004114628e-06
14.800000000000004,2466924082790620.0,2.234223588013261e-06,2.178047187118462e-17,2.4058486482830528e-23,2.405848648283053e-19,0.999377516803574,2.4043510479263523e-23,1.8031381996118847e-06
14.825000000000003,2466925529643657.5,2.226642394377544e-06,2.170656611903939e-17,2.3976850944835516e-23,2.3976850944835513e-19,0.9993764653116881,2.3961900546554928e-23,1.7970197699629654e-06
14.850000000000001,2466926976496695.5,2.21909981192426e-06,2.163303677048125e-17,2.389563117839337e-23,2.389563117839337e-19,0.9993754138198023,2.3880706297392246e-23,1.7909325016079961e-06
14.875,2466928423349733.5,2.211595578289623e-06,2.1559881267840018e-17,2.3814824358327764e-23,2.3814824358327766e-19,0.9993743623279164,2.3799924907055142e-23,1.7848761828053382e-06
14.900000000000006,2466929870202771.0,2.20412943333974e-06,2.148709707518376e-17,2.3734427683474226e-23,2.3734427683474227e-19,0.9993733108360306,2.371955357483198e-23,1.778850603612996e-06
14.925000000000004,2466931317055809.0,2.1967011191478623e-06,2.1414681678097034e-17,2.3654438376435163e-23,2.3654438376435165e-19,0.9993722593441448,2.3639589523774852e-23,1.7728555558702567e-06
14.950000000000003,2466932763908846.5,2.189310379971887e-06,2.134263258346155e-17,2.3574853683337618e-23,2.357485368333762e-19,0.9993712078522589,2.3560030000457388e-23,1.7668908331795346e-06
14.975000000000001,2466934210761884.5,2.181956962232142e-06,2.1270947319239627e-17,2.3495670873594043e-23,2.3495670873594043e-19,0.9993701563603731,2.3480872274735543e-23,1.7609562308884414e-06
15.0,2466935657614922.5,2.1746406144894373e-06,2.11996234342602e-17,2.341688723966595e-23,2.341688723966595e-19,0.9993691048684872,2.3402113639511262e-23,1.7550515460720727e-06
15.025000000000006,2466937104467960.0,2.1673610874233574e-06,2.112865849800721e-17,2.3338500096830162e-23,2.3338500096830163e-19,0.9993680533766013,2.332375141049878e-23,1.7491765775154881e-06
15.050000000000004,2466938551320998.0,2.160118133810839e-06,2.1058050100410786e-17,2.3260506782948137e-23,2.326050678294814e-19,0.9993670018847155,2.3245782925993968e-23,1.7433311256964235e-06
15.075000000000003,2466939998174036.0,2.1529115085049684e-06,2.098779585164052e-17,2.3182904658237654e-23,2.3182904658237655e-19,0.9993659503928296,2.316820554664603e-23,1.737514992768179e-06
15.100000000000001,2466941445027073.5,2.1457409684140585e-06,2.0917893381901515e-17,2.31056911050475e-23,2.31056911050475e-19,0.9993648989009437,2.309101665523223e-23,1.7317279825427316e-06
15.125,2466942891880111.5,2.1386062724809555e-06,2.0848340341232658e-17,2.302886352763467e-23,2.302886352763467e-19,0.9993638474090579,2.3014213656435113e-23,1.725969900474037e-06
15.150000000000006,2466944338733149.0,2.1315071816625915e-06,2.0779134399307276e-17,2.2952419351944144e-23,2.2952419351944146e-19,0.999362795917172,2.2937793976622307e-23,1.7202405536415255e-06
15.175000000000004,2466945785586187.0,2.124443458909785e-06,2.0710273245236233e-17,2.2876356025391424e-23,2.2876356025391426e-19,0.9993617444252862,2.2861755063629082e-23,1.7145397507338014e-06
15.200000000000003,2466947232439225.0,2.117414869147264e-06,2.064175458737316e-17,2.280067101664736e-23,2.280067101664736e-19,0.9993606929334004,2.2786094386543205e-23,1.7088673020325178e-06
15.225000000000001,2466948679292262.5,2.1104211792539333e-06,2.0573576153122122e-17,2.272536181542573e-23,2.272536181542573e-19,0.9993596414415145,2.271080943549254e-23,1.7032230193964553e-06
15.25,2466950126145300.5,2.1034621580433694e-06,2.0505735688747452e-17,2.2650425932273157e-23,2.2650425932273156e-19,0.9993585899496287,2.2635897721435004e-23,1.697606716245778e-06
15.275000000000006,2466951572998338.5,2.0965375762445406e-06,2.0438230959185796e-17,2.2575860898361522e-23,2.257586089836152e-19,0.9993575384577428,2.2561356775950975e-23,1.6920182075464723e-06
15.300000000000004,2466953019851376.0,2.08964720648276e-06,2.0371059747860443e-17,2.2501664265282865e-23,2.2501664265282863e-19,0.9993564869658569,2.2487184151038242e-23,1.6864573097949784e-06
15.325000000000003,2466954466704414.0,2.082790823260842e-06,2.0304219856497628e-17,2.2427833604846457e-23,2.2427833604846458e-19,0.9993554354739711,2.2413377418909094e-23,1.68092384100298e-06
15.350000000000001,2466955913557452.0,2.0759682029404947e-06,2.0237709104945123e-17,2.2354366508878447e-23,2.2354366508878448e-19,0.9993543839820852,2.233993417178998e-23,1.6754176206823872e-06
15.375,2466957360410489.5,2.0691791237239203e-06,2.0171525330992877e-17,2.228126058902373e-23,2.228126058902373e-19,0.9993533324901993,2.2266852021723405e-23,1.6699384698304878e-06
15.400000000000006,2466958807263527.5,2.0624233656356236e-06,2.0105666390195678e-17,2.2208513476550045e-23,2.2208513476550044e-19,0.9993522809983135,2.2194128600372072e-23,1.6644862109152658e-06
15.425000000000004,2466960254116565.0,2.05570071050445e-06,2.0040130155698034e-17,2.2136122822154575e-23,2.2136122822154574e-19,0.9993512295064276,2.2121761558825466e-23,1.6590606678609042e-06
15.450000000000003,2466961700969603.0,2.0490109419457953e-06,1.9974914518060764e-17,2.206408629577237e-23,2.206408629577237e-19,0.9993501780145418,2.204974856740833e-23,1.6536616660334286e-06
15.475000000000001,2466963147822641.0,2.0423538453440558e-06,1.9910017385089898e-17,2.1992401586387372e-23,2.1992401586387375e-19,0.999349126522656,2.1978087315491694e-23,1.6482890322265423e-06
15.5,2466964594675678.5,2.0357292078352596e-06,1.9845436681667356e-17,2.1921066401845366e-23,2.1921066401845366e-19,0.9993480750307701,2.1906775511305854e-23,1.6429425946476095e-06
15.525000000000006,2466966041528716.5,2.029136818289898e-06,1.978117034958359e-17,2.1850078468669138e-23,2.185007846866914e-19,0.9993470235388843,2.1835810881755565e-23,1.6376221829037992e-06
15.550000000000004,2466967488381754.5,2.022576467295969e-06,1.971721634737228e-17,2.1779435531875866e-23,2.1779435531875864e-19,0.9993459720469984,2.176519117223742e-23,1.6323276279884008e-06
15.575000000000003,2466968935234792.0,2.0160479471421887e-06,1.9653572650146648e-17,2.1709135354796326e-23,2.1709135354796326e-19,0.9993449205551125,2.1694914146459118e-23,1.6270587622672732e-06
15.600000000000001,2466970382087830.0,2.0095510518014137e-06,1.959023724943789e-17,2.1639175718896417e-23,2.1639175718896417e-19,0.9993438690632267,2.1624977586260977e-23,1.6218154194654685e-06
15.625,2466971828940867.5,2.0030855769142506e-06,1.9527208153035356e-17,2.1569554423600624e-23,2.1569554423600624e-19,0.9993428175713408,2.1555379291439425e-23,1.616597434654001e-06
15.650000000000006,2466973275793905.5,1.996651319772838e-06,1.946448338482846e-17,2.1500269286117412e-23,2.1500269286117414e-19,0.9993417660794549,2.1486117079572435e-23,1.611404644236761e-06
15.675000000000004,2466974722646943.5,1.990248079304835e-06,1.9402060984650605e-17,2.14313181412668e-23,2.14313181412668e-19,0.9993407145875691,2.1417188785847096e-23,1.6062368859375912e-06
15.700000000000003,2466976169499981.0,1.983875656057567e-06,1.93399390081246e-17,2.1362698841309626e-23,2.1362698841309626e-19,0.9993396630956832,2.1348592262888904e-23,1.6010939987874912e-06
15.725000000000001,2466977616353019.0,1.977533852182365e-06,1.927811552651002e-17,2.1294409255778942e-23,2.129440925577894e-19,0.9993386116037974,2.128032538059318e-23,1.59597582311198e-06
15.75,2466979063206057.0,1.9712224714190816e-06,1.9216588626552225e-17,2.1226447271313243e-23,2.1226447271313242e-19,0.9993375601119115,2.1212386025958318e-23,1.5908822005185975e-06
15.775000000000006,2466980510059094.5,1.9649413190807736e-06,1.915535641033308e-17,2.1158810791491562e-23,2.1158810791491563e-19,0.9993365086200257,2.11447721029209e-23,1.5858129738845451e-06
15.800000000000004,2466981956912132.5,1.9586902020385707e-06,1.9094416995123408e-17,2.1091497736670508e-23,2.109149773667051e-19,0.9993354571281399,2.1077481532192748e-23,1.5807679873444722e-06
15.825000000000003,2466983403765170.0,1.9524689287066934e-06,1.9033768513236958e-17,2.1024506043822946e-23,2.1024506043822945e-19,0.999334405636254,2.1010512251099633e-23,1.575747086278384e-06
15.850000000000001,2466984850618208.0,1.9462773090276582e-06,1.8973409111886165e-17,2.095783366637868e-23,2.0957833666378679e-19,0.9993333541443681,2.0943862213421966e-23,1.570750117299704e-06
15.875,2466986297471246.0,1.940115154457641e-06,1.8913336953039475e-17,2.0891478574066858e-23,2.089147857406686e-19,0.9993323026524823,2.0877529389237232e-23,1.5657769282434596e-06
15.900000000000006,2466987744324283.5,1.9339822779519994e-06,1.8853550213280205e-17,2.0825438752760055e-23,2.0825438752760054e-19,0.9993312511605964,2.0811511764764076e-23,1.5608273681545978e-06
15.925000000000004,2466989191177321.5,1.9278784939509707e-06,1.8794047083667106e-17,2.0759712204320266e-23,2.0759712204320266e-19,0.9993301996687105,2.0745807342208338e-23,1.5559012872764427e-06
15.950000000000003,2466990638030359.5,1.9218036183655093e-06,1.8734825769596323e-17,2.0694296946446428e-23,2.0694296946446428e-19,0.9993291481768247,2.0680414139610573e-23,1.5509985370392673e-06
15.975000000000001,2466992084883397.0,1.915757468563298e-06,1.8675884490665e-17,2.0629191012523754e-23,2.0629191012523754e-19,0.9993280966849388,2.0615330190695408e-23,1.5461189700490012e-06
16.0,2466993531736435.0,1.9097398633549085e-06,1.861722148053638e-17,2.056439245147473e-23,2.056439245147473e-19,0.999327045193053,2.0550553544722567e-23,1.5412624400760636e-06
16.025000000000006,2466994978589472.5,1.903750622980114e-06,1.8558834986806372e-17,2.0499899327611714e-23,2.0499899327611713e-19,0.9993259937011671,2.0486082266339464e-23,1.5364288020443158e-06
16.050000000000004,2466996425442510.5,1.8977895690943601e-06,1.850072327087165e-17,2.0435709720491252e-23,2.043570972049125e-19,0.9993249422092813,2.0421914435435569e-23,1.5316179120201414e-06
16.075000000000003,2466997872295548.5,1.8918565247553729e-06,1.844288460779912e-17,2.037182172476989e-23,2.037182172476989e-19,0.9993238907173955,2.035804814699821e-23,1.5268296272016412e-06
16.1,2466999319148586.0,1.8859513144099271e-06,1.8385317286196906e-17,2.0308233450061666e-23,2.0308233450061667e-19,0.9993228392255096,2.029448151097009e-23,1.5220638059079519e-06
16.125,2467000766001624.0,1.8800737638807538e-06,1.832801960808674e-17,2.024494302079715e-23,2.024494302079715e-19,0.9993217877336237,2.0231212652108356e-23,1.5173203075686807e-06
16.150000000000006,2467002212854662.0,1.8742237003535933e-06,1.827098988877773e-17,2.018194857608401e-23,2.0181948576084011e-19,0.9993207362417379,2.0168239709845168e-23,1.5125989927134564e-06
16.175000000000004,2467003659707699.5,1.868400952364395e-06,1.8214226456741592e-17,2.01192482695692e-23,2.01192482695692e-19,0.999319684749852,2.01055608381499e-23,1.5078997229615993e-06
16.200000000000003,2467005106560737.5,1.8626053497866429e-06,1.8157727653489074e-17,2.005684026930245e-23,2.0056840269302452e-19,0.9993186332579661,2.0043174205392662e-23,1.503222361011891e-06
16.225,2467006553413775.0,1.8568367238188361e-06,1.8101491833447926e-17,1.9994722757601485e-23,1.9994722757601484e-19,0.9993175817660803,1.998107799420953e-23,1.4985667706324718e-06
16.25,2467008000266813.0,1.8510949069721053e-06,1.804551736384217e-17,1.9932893930918657e-23,1.9932893930918657e-19,0.9993165302741944,1.9919270401369182e-23,1.4939328166508466e-06
16.275000000000006,2467009447119851.0,1.8453797330579466e-06,1.798980262457252e-17,1.987135199970886e-23,1.9871351999708862e-19,0.9993154787823086,1.9857749637640845e-23,1.4893203649439838e-06
16.300000000000004,2467010893972888.5,1.8396910371761144e-06,1.793434600809836e-17,1.981009518829918e-23,1.981009518829918e-19,0.9993144272904227,1.9796513927663953e-23,1.484729282428546e-06
16.325000000000003,2467012340825926.5,1.8340286557026238e-06,1.7879145919320787e-17,1.9749121734759668e-23,1.9749121734759669e-19,0.9993133757985369,1.973556150981894e-23,1.4801594370512063e-06
16.35,2467013787678964.5,1.8283924262778969e-06,1.7824200775467046e-17,1.9688429890775735e-23,1.9688429890775735e-19,0.9993123243066511,1.9674890636099643e-23,1.4756106977790823e-06
16.375,2467015234532002.0,1.8227821877950304e-06,1.7769509005976165e-17,1.9628017921521788e-23,1.9628017921521788e-19,0.9993112728147652,1.961449957198696e-23,1.4710829345902669e-06
16.400000000000006,2467016681385040.0,1.8171977803881964e-06,1.771506905238587e-17,1.956788410553634e-23,1.956788410553634e-19,0.9993102213228793,1.9554386596323972e-23,1.4665760184644679e-06
16.425000000000004,2467018128238078.0,1.8116390454211677e-06,1.7660879368220735e-17,1.950802673459845e-23,1.950802673459845e-19,0.9993091698309935,1.9494550001192404e-23,1.4620898213737458e-06
16.450000000000003,2467019575091115.5,1.8061058254759544e-06,1.760693841888139e-17,1.944844411360535e-23,1.944844411360535e-19,0.9993081183391076,1.9434988091790257e-23,1.457624216273345e-06
16.475,2467021021944153.5,1.8005979643415844e-06,1.755324468153516e-17,1.938913456045164e-23,1.938913456045164e-19,0.9993070668472217,1.9375699186311025e-23,1.4531790770926367e-06
16.5,2467022468797191.0,1.795115307002987e-06,1.7499796645007687e-17,1.9330096405909578e-23,1.9330096405909578e-19,0.9993060153553359,1.9316681615824e-23,1.4487542787261497e-06
16.525000000000006,2467023915650229.0,1.7896576996300015e-06,1.74465928096758e-17,1.9271327993510745e-23,1.9271327993510745e-19,0.99930496386345,1.9257933724155947e-23,1.4443496970246985e-06
16.550000000000004,2467025362503267.0,1.7842249895665138e-06,1.7393631687361573e-17,1.9212827679429025e-23,1.9212827679429026e-19,0.9993039123715642,1.9199453867774105e-23,1.4399652087866158e-06
16.575000000000003,2467026809356304.5,1.7788170253196864e-06,1.7340911801227378e-17,1.9154593832364677e-23,1.9154593832364678e-19,0.9993028608796783,1.9141240415670263e-23,1.4356006917490617e-06
16.6,2467028256209342.5,1.7734336565493277e-06,1.7288431685672213e-17,1.9096624833429825e-23,1.9096624833429824e-19,0.9993018093877925,1.9083291749246273e-23,1.431256024579442e-06
16.625,2467029703062380.5,1.7680747340573576e-06,1.723618988622903e-17,1.903891907603504e-23,1.903891907603504e-19,0.9993007578959067,1.902560626220065e-23,1.4269310868669083e-06
16.650000000000006,2467031149915418.0,1.7627401097773967e-06,1.7184184959463243e-17,1.8981474965777235e-23,1.8981474965777235e-19,0.9992997064040208,1.8968182360416462e-23,1.4226257591139559e-06
16.675000000000004,2467032596768456.0,1.7574296367644612e-06,1.7132415472872254e-17,1.89242909203287e-23,1.89242909203287e-19,0.9992986549121349,1.8911018461850397e-23,1.4183399227281057e-06
16.700000000000003,2467034043621493.5,1.7521431691847666e-06,1.7080880004786063e-17,1.8867365369327285e-23,1.8867365369327286e-19,0.9992976034202491,1.885411299642296e-23,1.4140734600136762e-06
16.725,2467035490474531.5,1.7468805623056365e-06,1.7029577144268902e-17,1.8810696754267774e-23,1.8810696754267773e-19,0.9992965519283632,1.879746440590984e-23,1.4098262541636395e-06
16.75,2467036937327569.5,1.7416416724855326e-06,1.6978505491022025e-17,1.8754283528394495e-23,1.8754283528394495e-19,0.9992955004364773,1.874107114383456e-23,1.4055981892515745e-06
16.775000000000006,2467038384180607.0,1.7364263571641673e-06,1.692766365528733e-17,1.8698124156594854e-23,1.8698124156594855e-19,0.9992944489445915,1.868493167536201e-23,1.401389150223687e-06
16.800000000000004,2467039831033645.0,1.7312344748527493e-06,1.6877050257752262e-17,1.8642217115294315e-23,1.8642217115294314e-19,0.9992933974527056,1.8629044477193433e-23,1.397199022890938e-06
16.825000000000003,2467041277886683.0,1.7260658851243003e-06,1.6826663929455422e-17,1.8586560892352113e-23,1.8586560892352114e-19,0.9992923459608198,1.857340803746217e-23,1.3930276939212284e-06
16.85,2467042724739720.5,1.7209204486041024e-06,1.677650331169344e-17,1.8531153986958403e-23,1.8531153986958403e-19,0.9992912944689339,1.851802085563081e-23,1.3888750508316899e-06
16.875,2467044171592758.5,1.7157980269602234e-06,1.6726567055928606e-17,1.8475994909532223e-23,1.8475994909532222e-19,0.999290242977048,1.8462881442389158e-23,1.3847409819810382e-06
16.900000000000006,2467045618445796.0,1.7106984828941561e-06,1.6676853823697623e-17,1.84210821816207e-23,1.84210821816207e-19,0.9992891914851623,1.840798831955348e-23,1.3806253765620181e-06
16.925000000000004,2467047065298834.0,1.705621680131557e-06,1.6627362286521314e-17,1.8366414335799324e-23,1.8366414335799323e-19,0.9992881399932764,1.8353340019966754e-23,1.3765281245939292e-06
16.950000000000003,2467048512151872.0,1.7005674834130624e-06,1.6578091125815105e-17,1.831198991557306e-23,1.831198991557306e-19,0.9992870885013905,1.8298935087399827e-23,1.3724491169152151e-06
16.975,2467049959004909.5,1.6955357584852243e-06,1.652903903280065e-17,1.825780747527873e-23,1.825780747527873e-19,0.9992860370095047,1.8244772076453793e-23,1.3683882451761461e-06
17.0,2467051405857947.5,1.6905263720915265e-06,1.6480204708418257e-17,1.8203865579988282e-23,1.8203865579988283e-19,0.9992849855176188,1.819084955246327e-23,1.3643454018315706e-06
17.025000000000006,2467052852710985.5,1.6855391919634987e-06,1.643158686324027e-17,1.8150162805413117e-23,1.8150162805413117e-19,0.9992839340257329,1.8137166091400752e-23,1.3603204801337434e-06
17.050000000000004,2467054299564023.0,1.6805740868119286e-06,1.638318421738538e-17,1.8096697737809429e-23,1.8096697737809428e-19,0.9992828825338471,1.8083720279781957e-23,1.356313374125232e-06
17.075000000000003,2467055746417061.0,1.6756309263181475e-06,1.6334995500433694e-17,1.80434689738844e-23,1.8043468973884398e-19,0.9992818310419612,1.803051071457202e-23,1.3523239786318854e-06
17.1,2467057193270098.5,1.6707095811254277e-06,1.628701945134286e-17,1.7990475120703538e-23,1.7990475120703537e-19,0.9992807795500754,1.7977536003092869e-23,1.3483521892558901e-06
17.125,2467058640123136.5,1.6658099228304554e-06,1.6239254818364944e-17,1.7937714795598878e-23,1.7937714795598878e-19,0.9992797280581895,1.792479476293141e-23,1.3443979023688888e-06
17.150000000000006,2467060086976174.5,1.6609318239748968e-06,1.6191700358964203e-17,1.7885186626078152e-23,1.7885186626078152e-19,0.9992786765663036,1.787228562184873e-23,1.340461015105174e-06
17.175000000000004,2467061533829212.0,1.6560751580370552e-06,1.614435483973577e-17,1.783288924973495e-23,1.783288924973495e-19,0.9992776250744179,1.7820007217690258e-23,1.336541425354954e-06
17.200000000000003,2467062980682250.0,1.6512397994235965e-06,1.6097217036324977e-17,1.7780821314159632e-23,1.7780821314159632e-19,0.999276573582532,1.776795819829669e-23,1.3326390317576765e-06
17.225,2467064427535288.0,1.6464256234613864e-06,1.6050285733347778e-17,1.7728981476851407e-23,1.7728981476851408e-19,0.9992755220906461,1.7716137221416084e-23,1.3287537336954383e-06
17.25,2467065874388325.5,1.6416325063893877e-06,1.6003559724311773e-17,1.767736840513111e-23,1.767736840513111e-19,0.9992744705987603,1.766454295461664e-23,1.3248854312864488e-06
17.275000000000006,2467067321241363.5,1.636860325350656e-06,1.5957037811538164e-17,1.762598077605499e-23,1.762598077605499e-19,0.9992734191068744,1.761317407520051e-23,1.3210340253785683e-06
17.300000000000004,2467068768094401.0,1.6321089583844146e-06,1.5910718806084497e-17,1.757481727632937e-23,1.757481727632937e-19,0.9992723676149885,1.7562029270118454e-23,1.3171994175429117e-06
17.325000000000003,2467070214947439.0,1.627378284418198e-06,1.5864601527668085e-17,1.7523876602226067e-23,1.7523876602226067e-19,0.9992713161231027,1.7511107235885288e-23,1.3133815100675103e-06
17.35,2467071661800477.0,1.6226681832600961e-06,1.5818684804590384e-17,1.747315745949885e-23,1.7473157459498851e-19,0.9992702646312168,1.7460406678496337e-23,1.309580205951049e-06
17.375,2467073108653514.5,1.6179785355910613e-06,1.577296747366201e-17,1.7422658563300622e-23,1.7422658563300623e-19,0.999269213139331,1.7409926313344642e-23,1.3057954088966605e-06
17.400000000000006,2467074555506552.5,1.6133092229573006e-06,1.572744838012857e-17,1.7372378638101492e-23,1.7372378638101492e-19,0.9992681616474451,1.7359664865139024e-23,1.3020270233057847e-06
17.425000000000004,2467076002359590.5,1.6086601277627502e-06,1.5682126377597298e-17,1.732231641760773e-23,1.732231641760773e-19,0.9992671101555592,1.7309621067823077e-23,1.298274954272094e-06
17.450000000000003,2467077449212628.0,1.6040311332616097e-06,1.5637000327964275e-17,1.727247064468139e-23,1.7272470644681388e-19,0.9992660586636735,1.7259793664494772e-23,1.2945391075754697e-06
17.475,2467078896065666.0,1.599422123550973e-06,1.559206910134259e-17,1.7222840071260943e-23,1.7222840071260942e-19,0.9992650071717876,1.7210181407327117e-23,1.2908193896760533e-06
17.5,2467080342918704.0,1.5948329835635173e-06,1.554733157599107e-17,1.717342345828256e-23,1.717342345828256e-19,0.9992639556799017,1.7160783057489446e-23,1.2871157077083472e-06
17.525000000000006,2467081789771741.5,1.5902635990602747e-06,1.5502786638243814e-17,1.7124219575602282e-23,1.7124219575602281e-19,0.9992629041880159,1.711159738506961e-23,1.2834279694753813e-06
17.550000000000004,2467083236624779.5,1.5857138566234793e-06,1.5458433182440458e-17,1.7075227201918975e-23,1.7075227201918974e-19,0.99926185269613,1.7062623168996912e-23,1.279756083442938e-06
17.575000000000003,2467084683477817.0,1.5811836436494723e-06,1.541427011085702e-17,1.702644512469795e-23,1.702644512469795e-19,0.9992608012042441,1.701385919696577e-23,1.276099958733829e-06
17.6,2467086130330855.0,1.5766728483416948e-06,1.5370296333637578e-17,1.6977872140095513e-23,1.6977872140095512e-19,0.9992597497123583,1.6965304265360262e-23,1.2724595051222386e-06
17.625,2467087577183893.0,1.5721813597037436e-06,1.5326510768726578e-17,1.6929507052884153e-23,1.6929507052884154e-19,0.9992586982204724,1.6916957179179324e-23,1.2688346330281191e-06
17.650000000000006,2467089024036930.5,1.5677090675324932e-06,1.528291234180179e-17,1.6881348676378528e-23,1.6881348676378528e-19,0.9992576467285866,1.6868816751962747e-23,1.2652252535116414e-06
17.675000000000004,2467090470889968.5,1.5632558624112994e-06,1.5239499986208036e-17,1.6833395832362237e-23,1.6833395832362236e-19,0.9992565952367007,1.6820881805717958e-23,1.2616312782677078e-06
17.700000000000003,2467091917743006.5,1.558821635703252e-06,1.5196272642891443e-17,1.6785647351015197e-23,1.6785647351015198e-19,0.9992555437448148,1.67731511708474e-23,1.2580526196205086e-06
17.725,2467093364596044.0,1.5544062795445119e-06,1.5153229260334456e-17,1.6738102070841878e-23,1.6738102070841878e-19,0.9992544922529291,1.6725623686076803e-23,1.2544891905181442e-06
17.75,2467094811449082.0,1.5500096868377064e-06,1.511036879449147e-17,1.669075883860018e-23,1.669075883860018e-19,0.9992534407610432,1.6678298198384023e-23,1.2509409045272934e-06
17.775000000000006,2467096258302119.5,1.5456317512453922e-06,1.5067690208725108e-17,1.6643616509231055e-23,1.6643616509231055e-19,0.9992523892691573,1.6631173562928722e-23,1.2474076758279395e-06
17.800000000000004,2467097705155157.5,1.5412723671835857e-06,1.5025192473743132e-17,1.6596673945788824e-23,1.6596673945788822e-19,0.9992513377772715,1.6584248642982668e-23,1.2438894192081475e-06
17.825000000000003,2467099152008195.5,1.5369314298153508e-06,1.4982874567535952e-17,1.654993001937215e-23,1.654993001937215e-19,0.9992502862853856,1.6537522309860716e-23,1.240386050058891e-06
17.85,2467100598861233.0,1.5326088350444569e-06,1.494073547531479e-17,1.650338360905572e-23,1.650338360905572e-19,0.9992492347934997,1.6490993442852513e-23,1.2368974843689313e-06
17.875,2467102045714271.0,1.5283044795090993e-06,1.4898774189450468e-17,1.6457033601822657e-23,1.6457033601822658e-19,0.9992481833016139,1.6444660929154907e-23,1.233423638719752e-06
17.900000000000006,2467103492567309.0,1.5240182605756765e-06,1.4856989709412743e-17,1.6410878892497478e-23,1.6410878892497477e-19,0.999247131809728,1.639852366380491e-23,1.2299644302805341e-06
17.925000000000004,2467104939420346.5,1.5197500763326379e-06,1.481538104171033e-17,1.636491838367988e-23,1.636491838367988e-19,0.9992460803178422,1.635258054961352e-23,1.2265197768031945e-06
17.950000000000003,2467106386273384.5,1.5154998255843812e-06,1.4773947199831414e-17,1.631915098567899e-23,1.6319150985678991e-19,0.9992450288259563,1.6306830497099937e-23,1.2230895966174569e-06
17.975,2467107833126422.0,1.5112674078452189e-06,1.4732687204184828e-17,1.6273575616448433e-23,1.6273575616448434e-19,0.9992439773340704,1.626127242442668e-23,1.2196738086259853e-06
18.0,2467109279979460.0,1.5070527233333994e-06,1.469160008204177e-17,1.6228191201521916e-23,1.6228191201521916e-19,0.9992429258421847,1.6215905257335157e-23,1.2162723322995571e-06
18.025000000000006,2467110726832498.0,1.5028556729651887e-06,1.465068486747811e-17,1.6182996673949522e-23,1.618299667394952e-19,0.9992418743502988,1.6170727929081972e-23,1.212885087672288e-06
18.050000000000004,2467112173685535.5,1.4986761583490128e-06,1.4609940601317274e-17,1.6137990974234625e-23,1.6137990974234626e-19,0.9992408228584129,1.6125739380375847e-23,1.2095119953369034e-06
18.075000000000003,2467113620538573.5,1.494514081779648e-06,1.4569366331073635e-17,1.6093173050271338e-23,1.609317305027134e-19,0.9992397713665271,1.6080938559315087e-23,1.2061529764400504e-06
18.1,2467115067391611.5,1.4903693462324819e-06,1.4528961110896534e-17,1.6048541857282694e-23,1.6048541857282695e-19,0.9992387198746412,1.6036324421325756e-23,1.202807952677666e-06
18.125,2467116514244649.0,1.486241855357816e-06,1.4488724001514757e-17,1.6004096357759318e-23,1.6004096357759319e-19,0.9992376683827553,1.5991895929100366e-23,1.1994768462903783e-06
18.150000000000006,2467117961097687.0,1.482131513475235e-06,1.4448654070181648e-17,1.5959835521398792e-23,1.5959835521398792e-19,0.9992366168908695,1.5947652052537256e-23,1.1961595800589639e-06
18.175000000000004,2467119407950724.5,1.4780382255680306e-06,1.440875039062073e-17,1.591575832504559e-23,1.5915758325045588e-19,0.9992355653989836,1.590359176868051e-23,1.192856077299845e-06
18.200000000000003,2467120854803762.5,1.4739618972776658e-06,1.4369012042971757e-17,1.58718637526315e-23,1.58718637526315e-19,0.9992345139070978,1.5859714061660422e-23,1.1895662618606252e-06
18.225,2467122301656800.5,1.4699024348983113e-06,1.4329438113737448e-17,1.5828150795116756e-23,1.5828150795116755e-19,0.9992334624152119,1.5816017922634606e-23,1.1862900581156767e-06
18.25,2467123748509838.0,1.465859745371425e-06,1.4290027695730635e-17,1.5784618450431697e-23,1.5784618450431699e-19,0.999232410923326,1.577250234972968e-23,1.1830273909617674e-06
18.275000000000006,2467125195362876.0,1.4618337362803824e-06,1.4250779888021936e-17,1.5741265723418944e-23,1.5741265723418945e-19,0.9992313594314403,1.5729166347983444e-23,1.1797781858137283e-06
18.300000000000004,2467126642215914.0,1.4578243158451674e-06,1.4211693795887975e-17,1.56980916257762e-23,1.5698091625776198e-19,0.9992303079395544,1.568600892928769e-23,1.1765423686001657e-06
18.325000000000003,2467128089068951.5,1.453831392917106e-06,1.4172768530760065e-17,1.565509517599958e-23,1.5655095175999582e-19,0.9992292564476685,1.5643029112331542e-23,1.1733198657592143e-06
18.35,2467129535921989.5,1.449854876973652e-06,1.4134003210173356e-17,1.5612275399327443e-23,1.5612275399327442e-19,0.9992282049557827,1.5600225922545287e-23,1.1701106042343263e-06
18.375,2467130982775027.0,1.4458946781132296e-06,1.409539695771658e-17,1.5569631327684858e-23,1.5569631327684858e-19,0.9992271534638968,1.5557598392044853e-23,1.1669145114701118e-06
18.400000000000006,2467132429628065.0,1.4419507070501155e-06,1.4056948902982133e-17,1.5527161999628492e-23,1.5527161999628493e-19,0.9992261019720109,1.5515145559576712e-23,1.1637315154082051e-06
18.425000000000004,2467133876481103.0,1.4380228751093853e-06,1.4018658181516835e-17,1.54848664602922e-23,1.5484866460292201e-19,0.9992250504801251,1.5472866470463468e-23,1.1605615444831895e-06
18.450000000000003,2467135323334140.5,1.4341110942218847e-06,1.398052393477289e-17,1.5442743761332864e-23,1.5442743761332864e-19,0.9992239989882392,1.5430760176549708e-23,1.1574045276185362e-06
18.475,2467136770187178.5,1.4302152769192756e-06,1.394254531005959e-17,1.5400792960877057e-23,1.5400792960877056e-19,0.9992229474963534,1.5388825736148665e-23,1.1542603942226077e-06
18.5,2467138217040216.5,1.4263353363291082e-06,1.3904721460495298e-17,1.5359013123467976e-23,1.5359013123467976e-19,0.9992218960044675,1.534706221398917e-23,1.1511290741846806e-06
18.525000000000006,2467139663893254.0,1.4224711861699523e-06,1.3867051544959957e-17,1.5317403320013013e-23,1.5317403320013012e-19,0.9992208445125816,1.5305468681163223e-23,1.1480104978710153e-06
18.550000000000004,2467141110746292.0,1.4186227407465759e-06,1.3829534728048102e-17,1.527596262773183e-23,1.527596262773183e-19,0.9992197930206959,1.5264044215074085e-23,1.144904596120966e-06
18.575000000000003,2467142557599330.0,1.4147899149451558e-06,1.3792170180022176e-17,1.5234690130104814e-23,1.5234690130104815e-19,0.99921874152881,1.5222787899384713e-23,1.1418113002431155e-06
18.6,2467144004452367.5,1.4109726242285512e-06,1.3754957076766439e-17,1.5193584916822138e-23,1.5193584916822138e-19,0.9992176900369241,1.518169882396687e-23,1.1387305420114585e-06
18.625,2467145451305405.5,1.4071707846316106e-06,1.371789459974123e-17,1.515264608373327e-23,1.5152646083733272e-19,0.9992166385450383,1.5140776084850597e-23,1.1356622536616178e-06
18.650000000000006,2467146898158443.0,1.4033843127565277e-06,1.3680981935937688e-17,1.5111872732796936e-23,1.5111872732796936e-19,0.9992155870531524,1.5100018784174217e-23,1.1326063678870926e-06
18.675000000000004,2467148345011481.0,1.3996131257682436e-06,1.3644218277832933e-17,1.507126397203162e-23,1.5071263972031618e-19,0.9992145355612665,1.5059426030134824e-23,1.1295628178355506e-06
18.700000000000003,2467149791864519.0,1.3958571413898845e-06,1.3607602823345586e-17,1.5030818915466433e-23,1.5030818915466433e-19,0.9992134840693807,1.5018996936939166e-23,1.126531537105144e-06
18.725,2467151238717556.5,1.3921162778982516e-06,1.3571134775791802e-17,1.4990536683092547e-23,1.4990536683092547e-19,0.9992124325774948,1.4978730624755074e-23,1.1235124597408704e-06
18.75,2467152685570594.5,1.3883904541193463e-06,1.3534813343841654e-17,1.4950416400815018e-23,1.4950416400815017e-19,0.999211381085609,1.4938626219663315e-23,1.1205055202309618e-06
18.775000000000006,2467154132423632.5,1.3846795894239438e-06,1.3498637741475977e-17,1.4910457200405117e-23,1.4910457200405117e-19,0.9992103295937231,1.4898682853609899e-23,1.1175106535033122e-06
18.800000000000004,2467155579276670.0,1.3809836037232038e-06,1.3462607187943575e-17,1.4870658219453055e-23,1.4870658219453055e-19,0.9992092781018372,1.485889966435884e-23,1.1145277949219336e-06
18.825000000000003,2467157026129708.0,1.3773024174643243e-06,1.3426720907718857e-17,1.4831018601321197e-23,1.4831018601321196e-19,0.9992082266099515,1.4819275795445356e-23,1.1115568802834508e-06
18.85,2467158472982745.5,1.3736359516262338e-06,1.3390978130459845e-17,1.479153749509767e-23,1.4791537495097669e-19,0.9992071751180656,1.477981039612949e-23,1.1085978458136232e-06
18.875,2467159919835783.5,1.3699841277153298e-06,1.3355378090966622e-17,1.4752214055550474e-23,1.4752214055550473e-19,0.9992061236261797,1.4740502621350232e-23,1.1056506281639063e-06
18.900000000000006,2467161366688821.5,1.3663468677612497e-06,1.3319920029140108e-17,1.4713047443081937e-23,1.4713047443081936e-19,0.9992050721342939,1.4701351631679973e-23,1.1027151644080372e-06
18.925000000000004,2467162813541859.0,1.3627240943126886e-06,1.3284603189941295e-17,1.4674036823683694e-23,1.4674036823683694e-19,0.999204020642408,1.4662356593279497e-23,1.0997913920386617e-06
18.950000000000003,2467164260394897.0,1.359115730433248e-06,1.324942682335077e-17,1.4635181368891968e-23,1.4635181368891967e-19,0.9992029691505221,1.4623516677853257e-23,1.0968792489639819e-06
18.975,2467165707247935.0,1.3555216996973315e-06,1.3214390184328706e-17,1.459648025574339e-23,1.459648025574339e-19,0.9992019176586363,1.4584831062605216e-23,1.0939786735044448e-06
19.0,2467167154100972.5,1.3519419261860713e-06,1.3179492532775152e-17,1.4557932666731123e-23,1.4557932666731122e-19,0.9992008661667504,1.454629893019497e-23,1.0910896043894545e-06
19.025000000000006,2467168600954010.5,1.3483763344832982e-06,1.3144733133490751e-17,1.4519537789761472e-23,1.451953778976147e-19,0.9991998146748646,1.4507919468694355e-23,1.0882119807541196e-06
19.050000000000004,2467170047807048.0,1.3448248496715487e-06,1.3110111256137808e-17,1.448129481811089e-23,1.4481294818110892e-19,0.9991987631829787,1.446969187154448e-23,1.0853457421360317e-06
19.075000000000003,2467171494660086.0,1.3412873973281025e-06,1.3075626175201662e-17,1.4443202950383303e-23,1.4443202950383302e-19,0.9991977116910928,1.4431615337513036e-23,1.0824908284720656e-06
19.1,2467172941513124.0,1.3377639035210652e-06,1.3041277169952499e-17,1.440526139046793e-23,1.440526139046793e-19,0.999196660199207,1.439368907065214e-23,1.0796471800952195e-06
19.125,2467174388366161.5,1.3342542948054827e-06,1.3007063524407479e-17,1.4367469347497445e-23,1.4367469347497445e-19,0.9991956087073212,1.435591228025649e-23,1.0768147377314788e-06
19.150000000000006,2467175835219199.5,1.3307584982194896e-06,1.2972984527293178e-17,1.43298260358065e-23,1.43298260358065e-19,0.9991945572154353,1.4318284180821892e-23,1.0739934424967068e-06
19.175000000000004,2467177282072237.5,1.3272764412805034e-06,1.2939039472008496e-17,1.429233067489075e-23,1.4292330674890749e-19,0.9991935057235495,1.4280803992004312e-23,1.071183235893574e-06
19.200000000000003,2467178728925275.0,1.3238080519814353e-06,1.2905227656587709e-17,1.425498248936603e-23,1.425498248936603e-19,0.9991924542316636,1.4243470938579032e-23,1.0683840598085002e-06
19.225,2467180175778313.0,1.3203532587869552e-06,1.2871548383664069e-17,1.421778070892816e-23,1.421778070892816e-19,0.9991914027397777,1.420628425040048e-23,1.065595856508639e-06
19.25,2467181622631350.5,1.3169119906297801e-06,1.283800096043361e-17,1.4180724568312974e-23,1.4180724568312973e-19,0.9991903512478919,1.416924316236225e-23,1.0628185686388837e-06
19.275000000000006,2467183069484388.5,1.3134841769069963e-06,1.2804584698619303e-17,1.4143813307256693e-23,1.4143813307256692e-19,0.999189299756006,1.4132346914357493e-23,1.0600521392188982e-06
19.300000000000004,2467184516337426.5,1.3100697474764243e-06,1.2771298914435613e-17,1.4107046170456816e-23,1.4107046170456817e-19,0.9991882482641202,1.4095594751239812e-23,1.0572965116401839e-06
19.325000000000003,2467185963190464.0,1.3066686326530019e-06,1.2738142928553244e-17,1.4070422407533148e-23,1.4070422407533148e-19,0.9991871967722343,1.405898592278428e-23,1.05455162966316e-06
19.35,2467187410043502.0,1.3032807632052175e-06,1.2705116066064371e-17,1.4033941272989408e-23,1.4033941272989408e-19,0.9991861452803484,1.4022519683649074e-23,1.051817437414286e-06
19.375,2467188856896540.0,1.299906070351561e-06,1.267221765644803e-17,1.3997602026174994e-23,1.3997602026174995e-19,0.9991850937884627,1.3986195293337236e-23,1.0490938793831953e-06
19.400000000000006,2467190303749577.5,1.2965444857570178e-06,1.263944703353595e-17,1.396140393124725e-23,1.396140393124725e-19,0.9991840422965768,1.3950012016158943e-23,1.046380900419869e-06
19.425000000000004,2467191750602615.5,1.2931959415295895e-06,1.2606803535478633e-17,1.3925346257133986e-23,1.3925346257133985e-19,0.9991829908046909,1.3913969121194043e-23,1.0436784457318243e-06
19.450000000000003,2467193197455653.0,1.289860370216846e-06,1.2574286504711744e-17,1.3889428277496364e-23,1.3889428277496364e-19,0.9991819393128051,1.387806588225493e-23,1.0409864608813353e-06
19.475,2467194644308691.0,1.286537704802512e-06,1.254189528792282e-17,1.385364927069212e-23,1.3853649270692122e-19,0.9991808878209192,1.3842301577849782e-23,1.0383048917826747e-06
19.5,2467196091161729.0,1.2832278787030784e-06,1.2509629236018262e-17,1.3818008519739102e-23,1.3818008519739102e-19,0.9991798363290333,1.3806675491146104e-23,1.0356336846993819e-06
19.525000000000006,2467197538014766.5,1.279930825764453e-06,1.2477487704090658e-17,1.378250531227918e-23,1.3782505312279178e-19,0.9991787848371475,1.377118690993464e-23,1.0329727862415582e-06
19.550000000000004,2467198984867804.5,1.2766464802586388e-06,1.2445470051386413e-17,1.374713894054248e-23,1.374713894054248e-19,0.9991777333452616,1.3735835126593616e-23,1.0303221433631864e-06
19.575000000000003,2467200431720842.5,1.273374776880433e-06,1.2413575641273576e-17,1.3711908701311862e-23,1.3711908701311862e-19,0.9991766818533758,1.3700619438053218e-23,1.0276817033594678e-06
19.6,2467201878573880.0,1.270115650744169e-06,1.2381803841210063e-17,1.367681389588781e-23,1.3676813895887812e-19,0.9991756303614899,1.366553914576049e-23,1.0250514138641908e-06
19.625,2467203325426918.0,1.26686903738048e-06,1.235015402271212e-17,1.36418538300536e-23,1.36418538300536e-19,0.999174578869604,1.36305935556445e-23,1.0224312228471207e-06
19.650000000000006,2467204772279956.0,1.2636348727330938e-06,1.2318625561323074e-17,1.3607027814040774e-23,1.3607027814040775e-19,0.9991735273777183,1.3595781978081842e-23,1.0198210786114127e-06
19.675000000000004,2467206219132993.5,1.2604130931556603e-06,1.2287217836582397e-17,1.3572335162494978e-23,1.3572335162494977e-19,0.9991724758858324,1.3561103727862448e-23,1.0172209297910498e-06
19.700000000000003,2467207665986031.5,1.2572036354085947e-06,1.2255930231994944e-17,1.3537775194441977e-23,1.3537775194441978e-19,0.9991714243939465,1.3526558124155627e-23,1.0146307253482972e-06
19.725,2467209112839069.0,1.254006436655966e-06,1.2224762135000615e-17,1.3503347233254156e-23,1.3503347233254156e-19,0.9991703729020607,1.3492144490476566e-23,1.0120504145711907e-06
19.75,2467210559692107.0,1.250821434462402e-06,1.2193712936944181e-17,1.3469050606617168e-23,1.3469050606617168e-19,0.9991693214101748,1.3457862154652978e-23,1.009479947071038e-06
19.775000000000006,2467212006545145.0,1.2476485667900237e-06,1.21627820330454e-17,1.3434884646496942e-23,1.3434884646496942e-19,0.9991682699182889,1.3423710448792133e-23,1.0069192727799448e-06
19.800000000000004,2467213453398182.5,1.2444877719954125e-06,1.2131968822369456e-17,1.340084868910703e-23,1.340084868910703e-19,0.9991672184264031,1.3389688709248183e-23,1.0043683419483687e-06
19.825000000000003,2467214900251220.5,1.2413389888265956e-06,1.2101272707797565e-17,1.336694207487613e-23,1.3366942074876132e-19,0.9991661669345172,1.3355796276589706e-23,1.0018271051426838e-06
19.85,2467216347104258.5,1.2382021564200644e-06,1.2070693095997912e-17,1.3333164148415984e-23,1.3333164148415983e-19,0.9991651154426314,1.332203249556761e-23,9.992955132427762e-07
19.875,2467217793957296.0,1.2350772142978212e-06,1.204022939739686e-17,1.3299514258489583e-23,1.3299514258489584e-19,0.9991640639507455,1.328839671508334e-23,9.967735174396598e-07
19.900000000000006,2467219240810334.0,1.2319641023644442e-06,1.2009881026150336e-17,1.3265991757979557e-23,1.3265991757979556e-19,0.9991630124588596,1.3254888288157258e-23,9.942610692331082e-07
19.925000000000004,2467220687663371.5,1.228862760904188e-06,1.1979647400115569e-17,1.323259600385695e-23,1.323259600385695e-19,0.9991619609669738,1.3221506571897452e-23,9.91758120429313e-07
19.950000000000003,2467222134516409.5,1.2257731305781001e-06,1.1949527940822976e-17,1.3199326357150183e-23,1.3199326357150181e-19,0.999160909475088,1.3188250927468676e-23,9.892646231385599e-07
19.975,2467223581369447.5,1.2226951524211718e-06,1.191952207344839e-17,1.3166182182914353e-23,1.3166182182914353e-19,0.9991598579832021,1.315512072006167e-23,9.86780529772925e-07
20.0,2467225028222485.0,1.2196287678395081e-06,1.188962922678547e-17,1.3133162850200785e-23,1.3133162850200785e-19,0.9991588064913163,1.312211531886271e-23,9.843057930439949e-07
20.025000000000006,2467226475075523.0,1.2165739186075252e-06,1.1859848833218379e-17,1.3100267732026824e-23,1.3100267732026824e-19,0.9991577549994304,1.3089234097023401e-23,9.818403659606017e-07
20.050000000000004,2467227921928561.0,1.2135305468651742e-06,1.183018032869472e-17,1.3067496205345966e-23,1.3067496205345966e-19,0.9991567035075445,1.3056476431630821e-23,9.79384201826585e-07
20.075000000000003,2467229368781598.5,1.2104985951151844e-06,1.1800623152698667e-17,1.3034847651018156e-23,1.3034847651018156e-19,0.9991556520156587,1.3023841703677824e-23,9.769372542385649e-07
20.1,2467230815634636.5,1.2074780062203348e-06,1.1771176748224357e-17,1.3002321453780419e-23,1.300232145378042e-19,0.9991546005237728,1.2991329298033655e-23,9.744994770837413e-07
20.125,2467232262487674.0,1.2044687234007497e-06,1.174184056174953e-17,1.2969917002217725e-23,1.2969917002217724e-19,0.999153549031887,1.2958938603414852e-23,9.720708245377107e-07
20.150000000000006,2467233709340712.0,1.201470690231214e-06,1.1712614043209361e-17,1.2937633688734094e-23,1.2937633688734093e-19,0.9991524975400011,1.2926669012356327e-23,9.696512510623002e-07
20.175000000000004,2467235156193750.0,1.19848385063852e-06,1.1683496645970593e-17,1.2905470909524021e-23,1.290547090952402e-19,0.9991514460481152,1.2894519921182812e-23,9.672407114034255e-07
20.200000000000003,2467236603046787.5,1.1955081488988256e-06,1.1654487826805773e-17,1.2873428064544019e-23,1.287342806454402e-19,0.9991503945562294,1.2862490729980394e-23,9.648391605889586e-07
20.225,2467238049899825.5,1.1925435296350463e-06,1.1625587045867847e-17,1.2841504557484548e-23,1.2841504557484547e-19,0.9991493430643436,1.283058084256846e-23,9.624465539266236e-07
20.25,2467239496752863.5,1.189589937814266e-06,1.1596793766664905e-17,1.2809699795742136e-23,1.2809699795742135e-19,0.9991482915724577,1.2798789666471816e-23,9.600628470019083e-07
20.275000000000006,2467240943605901.0,1.1866473187451666e-06,1.1568107456035123e-17,1.2778013190391682e-23,1.2778013190391683e-19,0.9991472400805719,1.2767116612892993e-23,9.576879956759862e-07
20.300000000000004,2467242390458939.0,1.1837156180754904e-06,1.1539527584122038e-17,1.2746444156159157e-23,1.2746444156159156e-19,0.999146188588686,1.2735561096684951e-23,9.553219560836723e-07
20.325000000000003,2467243837311976.5,1.1807947817895097e-06,1.1511053624349862e-17,1.2714992111394329e-23,1.2714992111394329e-19,0.9991451370968001,1.2704122536323819e-23,9.529646846313789e-07
20.35,2467245284165014.5,1.1778847562055312e-06,1.1482685053399167e-17,1.2683656478043912e-23,1.2683656478043913e-19,0.9991440856049143,1.2672800353882032e-23,9.506161379951019e-07
20.375,2467246731018052.5,1.1749854879734166e-06,1.1454421351182708e-17,1.2652436681624854e-23,1.2652436681624854e-19,0.9991430341130284,1.2641593975001633e-23,9.482762731184195e-07
20.400000000000006,2467248177871090.0,1.1720969240721228e-06,1.1426262000821451e-17,1.2621332151197858e-23,1.2621332151197857e-19,0.9991419826211426,1.2610502828867798e-23,9.459450472105084e-07
20.425000000000004,2467249624724128.0,1.1692190118072709e-06,1.1398206488620865e-17,1.25903423193412e-23,1.25903423193412e-19,0.9991409311292567,1.2579526348182653e-23,9.436224177441798e-07
20.450000000000003,2467251071577166.0,1.1663516988087262e-06,1.1370254304047333e-17,1.2559466622124667e-23,1.2559466622124666e-19,0.9991398796373708,1.2548663969139217e-23,9.413083424539278e-07
20.475,2467252518430203.5,1.1634949330282059e-06,1.1342404939704835e-17,1.2528704499083805e-23,1.2528704499083805e-19,0.999138828145485,1.251791513139566e-23,9.390027793339982e-07
20.5,2467253965283241.5,1.1606486627369054e-06,1.1314657891311804e-17,1.2498055393194351e-23,1.249805539319435e-19,0.9991377766535992,1.2487279278049728e-23,9.367056866364728e-07
20.525000000000006,2467255412136279.0,1.1578128365231442e-06,1.1287012657678173e-17,1.2467518750846886e-23,1.2467518750846887e-19,0.9991367251617133,1.2456755855613413e-23,9.344170228693694e-07
20.550000000000004,2467256858989317.0,1.1549874032900367e-06,1.1259468740682681e-17,1.2437094021821756e-23,1.2437094021821756e-19,0.9991356736698275,1.2426344313987863e-23,9.321367467947625e-07
20.575000000000003,2467258305842355.0,1.1521723122531749e-06,1.1232025645250269e-17,1.2406780659264115e-23,1.2406780659264116e-19,0.9991346221779416,1.2396044106438444e-23,9.298648174269124e-07
20.6,2467259752695392.5,1.1493675129383353e-06,1.1204682879329735e-17,1.237657811965924e-23,1.237657811965924e-19,0.9991335706860557,1.2365854689570045e-23,9.276011940304154e-07
20.625,2467261199548430.5,1.1465729551792104e-06,1.1177439953871615e-17,1.2346485862808089e-23,1.2346485862808089e-19,0.9991325191941699,1.233577552330265e-23,9.253458361183719e-07
20.650000000000006,2467262646401468.5,1.143788589115147e-06,1.1150296382806135e-17,1.2316503351802964e-23,1.2316503351802963e-19,0.999131467702284,1.2305806070846996e-23,9.230987034505623e-07
20.675000000000004,2467264093254506.0,1.1410143651889208e-06,1.1123251683021512e-17,1.228663005300353e-23,1.228663005300353e-19,0.9991304162103982,1.2275945798680605e-23,9.208597560316497e-07
20.700000000000003,2467265540107544.0,1.1382502341445126e-06,1.109630537434229e-17,1.225686543601289e-23,1.225686543601289e-19,0.9991293647185123,1.224619417652385e-23,9.186289541093864e-07
20.725,2467266986960582.0,1.135496147024914e-06,1.1069456979507938e-17,1.2227208973653939e-23,1.2227208973653939e-19,0.9991283132266264,1.221655067731633e-23,9.164062581728429e-07
20.75,2467268433813619.5,1.1327520551699519e-06,1.104270602415163e-17,1.2197660141945936e-23,1.2197660141945936e-19,0.9991272617347406,1.2187014777193432e-23,9.141916289506503e-07
20.775000000000006,2467269880666657.5,1.130017910214124e-06,1.1016052036779173e-17,1.2168218420081215e-23,1.2168218420081214e-19,0.9991262102428548,1.2157585955463042e-23,9.11985027409256e-07
20.800000000000004,2467271327519695.0,1.1272936640844635e-06,1.0989494548748167e-17,1.2138883290402174e-23,1.2138883290402175e-19,0.9991251587509689,1.2128263694582556e-23,9.097864147511989e-07
20.825000000000003,2467272774372733.0,1.1245792689984104e-06,1.0963033094247263e-17,1.2109654238378362e-23,1.2109654238378364e-19,0.9991241072590831,1.2099047480135952e-23,9.075957524133918e-07
20.85,2467274221225771.0,1.1218746774617093e-06,1.0936667210275666e-17,1.2080530752583835e-23,1.2080530752583835e-19,0.9991230557671972,1.2069936800811159e-23,9.054130020654245e-07
20.875,2467275668078808.5,1.119179842266321e-06,1.0910396436622782e-17,1.2051512324674677e-23,1.2051512324674678e-19,0.9991220042753113,1.204093114837758e-23,9.032381256078788e-07
20.900000000000006,2467277114931846.5,1.116494716488353e-06,1.0884220315848032e-17,1.2022598449366704e-23,1.2022598449366704e-19,0.9991209527834255,1.2012030017663795e-23,9.010710851706582e-07
20.925000000000004,2467278561784884.5,1.1138192534860088e-06,1.0858138393260879e-17,1.1993788624413397e-23,1.1993788624413398e-19,0.9991199012915396,1.1983232906535505e-23,8.989118431113328e-07
20.950000000000003,2467280008637922.0,1.1111534068975498e-06,1.083215021690094e-17,1.196508235058394e-23,1.196508235058394e-19,0.9991188497996538,1.1954539315873565e-23,8.967603620134942e-07
20.975,2467281455490960.0,1.10849713063928e-06,1.080625533751835e-17,1.1936479131641527e-23,1.1936479131641526e-19,0.9991177983077679,1.19259487495523e-23,8.946166046851298e-07
21.0,2467282902343997.5,1.105850378903543e-06,1.0780453308554235e-17,1.1907978474321792e-23,1.1907978474321791e-19,0.999116746815882,1.189746071441794e-23,8.92480534157005e-07
21.025000000000006,2467284349197035.5,1.1032131061567398e-06,1.0754743686121386e-17,1.1879579888311463e-23,1.1879579888311462e-19,0.9991156953239962,1.186907472026727e-23,8.903521136810648e-07
21.050000000000004,2467285796050073.5,1.100585267137362e-06,1.0729126028985084e-17,1.1851282886227183e-23,1.1851282886227184e-19,0.9991146438321103,1.1840790279826457e-23,8.882313067288454e-07
21.075000000000003,2467287242903111.0,1.0979668168540375e-06,1.0703599898544057e-17,1.1823086983594473e-23,1.1823086983594472e-19,0.9991135923402245,1.1812606908730022e-23,8.861180769898982e-07
21.1,2467288689756149.0,1.0953577105835992e-06,1.0678164858811644e-17,1.1794991698826924e-23,1.1794991698826923e-19,0.9991125408483387,1.178452412550003e-23,8.840123883702298e-07
21.125,2467290136609187.0,1.0927579038691634e-06,1.0652820476397062e-17,1.1766996553205511e-23,1.1766996553205512e-19,0.9991114893564528,1.1756541451525404e-23,8.81914204990752e-07
21.150000000000006,2467291583462224.5,1.0901673525182303e-06,1.0627566320486898e-17,1.1739101070858142e-23,1.1739101070858142e-19,0.9991104378645669,1.1728658411041484e-23,8.798234911857486e-07
21.175000000000004,2467293030315262.5,1.0875860126007965e-06,1.0602401962826691e-17,1.1711304778739322e-23,1.1711304778739323e-19,0.9991093863726811,1.1700874531109692e-23,8.777402115013519e-07
21.200000000000003,2467294477168300.0,1.0850138404474829e-06,1.0577326977702705e-17,1.168360720661001e-23,1.168360720661001e-19,0.9991083348807952,1.1673189341597387e-23,8.756643306940323e-07
21.225,2467295924021338.0,1.0824507926476802e-06,1.0552340941923831e-17,1.1656007887017635e-23,1.1656007887017634e-19,0.9991072833889094,1.1645602375157891e-23,8.735958137291008e-07
21.25,2467297370874376.0,1.0798968260477076e-06,1.0527443434803646e-17,1.1628506355276276e-23,1.1628506355276276e-19,0.9991062318970235,1.1618113167210671e-23,8.71534625779224e-07
21.275000000000006,2467298817727413.5,1.0773518977489914e-06,1.050263403814265e-17,1.1601102149447043e-23,1.1601102149447042e-19,0.9991051804051376,1.1590721255921717e-23,8.69480732222953e-07
21.300000000000004,2467300264580451.5,1.074815965106253e-06,1.0477912336210617e-17,1.157379481031858e-23,1.157379481031858e-19,0.9991041289132518,1.156342618218406e-23,8.674340986432627e-07
21.325000000000003,2467301711433489.5,1.0722889857257142e-06,1.0453277915729078e-17,1.1546583881387717e-23,1.1546583881387718e-19,0.999103077421366,1.1536227489598409e-23,8.653946908261011e-07
21.35,2467303158286527.0,1.0697709174633166e-06,1.0428730365853983e-17,1.1519468908840317e-23,1.1519468908840318e-19,0.99910202592948,1.1509124724454018e-23,8.633624747589541e-07
21.375,2467304605139565.0,1.0672617184229604e-06,1.0404269278158511e-17,1.1492449441532293e-23,1.1492449441532294e-19,0.9991009744375943,1.14821174357097e-23,8.613374166294233e-07
21.400000000000006,2467306051992602.5,1.0647613469547481e-06,1.0379894246615971e-17,1.146552503097071e-23,1.146552503097071e-19,0.9990999229457084,1.1455205174974926e-23,8.593194828238088e-07
21.425000000000004,2467307498845640.5,1.0622697616532556e-06,1.0355604867582931e-17,1.1438695231295165e-23,1.1438695231295165e-19,0.9990988714538225,1.1428387496491221e-23,8.573086399257141e-07
21.450000000000003,2467308945698678.5,1.0597869213558033e-06,1.0331400739782368e-17,1.1411959599259159e-23,1.1411959599259159e-19,0.9990978199619367,1.1401663957113523e-23,8.553048547146496e-07
21.475,2467310392551716.0,1.0573127851407516e-06,1.0307281464287059e-17,1.1385317694211764e-23,1.1385317694211763e-19,0.9990967684700508,1.1375034116291864e-23,8.533080941646593e-07
21.5,2467311839404754.0,1.0548473123258093e-06,1.0283246644503076e-17,1.1358769078079383e-23,1.1358769078079384e-19,0.999095716978165,1.1348497536053132e-23,8.51318325442953e-07
21.525000000000006,2467313286257792.0,1.0523904624663478e-06,1.0259295886153367e-17,1.1332313315347614e-23,1.1332313315347614e-19,0.9990946654862791,1.1322053780982931e-23,8.493355159085476e-07
21.550000000000004,2467314733110829.5,1.0499421953537436e-06,1.0235428797261587e-17,1.1305949973043398e-23,1.1305949973043397e-19,0.9990936139943932,1.1295702418207741e-23,8.473596331109285e-07
21.575000000000003,2467316179963867.5,1.047502471013718e-06,1.021164498813592e-17,1.1279678620717139e-23,1.127967862071714e-19,0.9990925625025074,1.1269443017377035e-23,8.453906447887102e-07
21.6,2467317626816905.0,1.0450712497047024e-06,1.0187944071353134e-17,1.1253498830425095e-23,1.1253498830425094e-19,0.9990915110106215,1.124327515064567e-23,8.434285188683161e-07
21.625,2467319073669943.0,1.0426484919162112e-06,1.0164325661742729e-17,1.1227410176711874e-23,1.1227410176711873e-19,0.9990904595187357,1.1217198392656395e-23,8.414732234626667e-07
21.650000000000006,2467320520522981.0,1.04023415836723e-06,1.0140789376371217e-17,1.1201412236593061e-23,1.120141223659306e-19,0.9990894080268499,1.1191212320522473e-23,8.395247268698778e-07
21.675000000000004,2467321967376018.5,1.0378282100046181e-06,1.0117334834526554e-17,1.1175504589538023e-23,1.1175504589538023e-19,0.999088356534964,1.1165316513810491e-23,8.375829975719713e-07
21.700000000000003,2467323414229056.5,1.0354306080015197e-06,1.0093961657702647e-17,1.1149686817452805e-23,1.1149686817452804e-19,0.9990873050430781,1.1139510554523257e-23,8.356480042335934e-07
21.725,2467324861082094.5,1.033041313755791e-06,1.007066946958402e-17,1.1123958504663177e-23,1.1123958504663176e-19,0.9990862535511923,1.1113794027082857e-23,8.337197157007445e-07
21.75,2467326307935132.0,1.0306602888884407e-06,1.0047457896030618e-17,1.1098319237897861e-23,1.109831923789786e-19,0.9990852020593064,1.1088166518313871e-23,8.317981009995217e-07
21.775000000000006,2467327754788170.0,1.028287495242082e-06,1.0024326565062711e-17,1.1072768606271854e-23,1.1072768606271855e-19,0.9990841505674206,1.1062627617426717e-23,8.298831293348683e-07
21.800000000000004,2467329201641208.0,1.0259228948793975e-06,1.0001275106845926e-17,1.1047306201269885e-23,1.1047306201269886e-19,0.9990830990755347,1.103717691600109e-23,8.279747700893354e-07
21.825000000000003,2467330648494245.5,1.023566450081615e-06,9.978303153676396e-18,1.1021931616730028e-23,1.102193161673003e-19,0.9990820475836488,1.1011814007969593e-23,8.260729928218522e-07
21.85,2467332095347283.5,1.021218123346998e-06,9.955410339966037e-18,1.0996644448827422e-23,1.0996644448827422e-19,0.999080996091763,1.0986538489601457e-23,8.241777672665071e-07
21.875,2467333542200321.0,1.0188778773893461e-06,9.932596302227935e-18,1.097144429605814e-23,1.097144429605814e-19,0.9990799445998771,1.0961349959486406e-23,8.222890633313373e-07
21.900000000000006,2467334989053359.0,1.0165456751365103e-06,9.90986067906187e-18,1.0946330759223195e-23,1.0946330759223195e-19,0.9990788931079913,1.0936248018518666e-23,8.204068510971319e-07
21.925000000000004,2467336435906397.0,1.0142214797289168e-06,9.887203111139924e-18,1.092130344141264e-23,1.092130344141264e-19,0.9990778416161055,1.0911232269881085e-23,8.185311008162386e-07
21.950000000000003,2467337882759434.5,1.0119052545181066e-06,9.864623241192242e-18,1.0896361947989853e-23,1.0896361947989853e-19,0.9990767901242196,1.0886302319029391e-23,8.166617829113866e-07
21.975,2467339329612472.5,1.0095969630652808e-06,9.842120713992861e-18,1.0871505886575864e-23,1.0871505886575863e-19,0.9990757386323337,1.0861457773676545e-23,8.147988679745119e-07
22.0,2467340776465510.5,1.0072965691398657e-06,9.819695176345709e-18,1.0846734867033904e-23,1.0846734867033905e-19,0.9990746871404479,1.0836698243777285e-23,8.129423267655993e-07
22.025000000000006,2467342223318548.0,1.0050040367180823e-06,9.797346277070665e-18,1.0822048501454004e-23,1.0822048501454004e-19,0.999073635648562,1.0812023341512723e-23,8.11092130211528e-07
22.050000000000004,2467343670171586.0,1.0027193299815321e-06,9.77507366698978e-18,1.0797446404137772e-23,1.0797446404137772e-19,0.9990725841566762,1.0787432681275135e-23,8.09248249404931e-07
22.075000000000003,2467345117024623.5,1.0004424133157902e-06,9.752876998913546e-18,1.077292819158323e-23,1.0772928191583229e-19,0.9990715326647903,1.0762925879652785e-23,8.074106556030578e-07
22.1,2467346563877661.5,9.981732513090115e-07,9.730755927627322e-18,1.0748493482469813e-23,1.0748493482469813e-19,0.9990704811729044,1.0738502555414943e-23,8.055793202266513e-07
22.125,2467348010730699.5,9.959118087505505e-07,9.708710109877873e-18,1.072414189764351e-23,1.0724141897643509e-19,0.9990694296810186,1.0714162329497018e-23,8.03754214858833e-07
22.150000000000006,2467349457583737.0,9.936580506295858e-07,9.686739204359963e-18,1.0699873060102047e-23,1.0699873060102047e-19,0.9990683781891327,1.0689904824985746e-23,8.019353112439936e-07
22.175000000000004,2467350904436775.0,9.914119421337648e-07,9.66484287170314e-18,1.0675686594980294e-23,1.0675686594980294e-19,0.9990673266972468,1.0665729667104596e-23,8.001225812866981e-07
22.200000000000003,2467352351289813.0,9.891734486478477e-07,9.64302077445852e-18,1.0651582129535664e-23,1.0651582129535664e-19,0.9990662752053611,1.0641636483199184e-23,7.983159970505928e-07
22.225,2467353798142850.5,9.86942535752373e-07,9.621272577085779e-18,1.0627559293133747e-23,1.0627559293133747e-19,0.9990652237134752,1.0617624902722888e-23,7.965155307573271e-07
22.25,2467355244995888.5,9.847191692223257e-07,9.599597945940159e-18,1.0603617717233955e-23,1.0603617717233955e-19,0.9990641722215893,1.0593694557222519e-23,7.94721154785479e-07
22.275000000000006,2467356691848926.0,9.82503315025821e-07,9.577996549259654e-18,1.057975703537537e-23,1.057975703537537e-19,0.9990631207297035,1.0569845080324154e-23,7.929328416694939e-07
22.300000000000004,2467358138701964.0,9.80294939322798e-07,9.55646805715226e-18,1.0555976883162658e-23,1.0555976883162658e-19,0.9990620692378176,1.0546076107719053e-23,7.911505640986281e-07
22.325000000000003,2467359585555002.0,9.780940084637184e-07,9.535012141583292e-18,1.0532276898252061e-23,1.053227689825206e-19,0.9990610177459318,1.052238727714967e-23,7.893742949159004e-07
22.35,2467361032408039.5,9.759004889882826e-07,9.513628476362879e-18,1.0508656720337582e-23,1.0508656720337582e-19,0.9990599662540459,1.0498778228395818e-23,7.876040071170556e-07
22.375,2467362479261077.5,9.737143476241518e-07,9.492316737133493e-18,1.0485115991137215e-23,1.0485115991137214e-19,0.99905891476216,1.0475248603260916e-23,7.858396738495329e-07
22.400000000000006,2467363926114115.5,9.715355512856801e-07,9.471076601357592e-18,1.0461654354379287e-23,1.0461654354379286e-19,0.9990578632702742,1.0451798045558331e-23,7.840812684114424e-07
22.425000000000004,2467365372967153.0,9.693640670726614e-07,9.449907748305408e-18,1.0438271455788977e-23,1.0438271455788976e-19,0.9990568117783883,1.0428426201097891e-23,7.823287642505539e-07
22.450000000000003,2467366819820191.0,9.671998622690765e-07,9.428809859042731e-18,1.041496694307482e-23,1.041496694307482e-19,0.9990557602865024,1.0405132717672404e-23,7.805821349632865e-07
22.475,2467368266673228.5,9.650429043418604e-07,9.407782616418892e-18,1.0391740465915429e-23,1.0391740465915428e-19,0.9990547087946167,1.0381917245044373e-23,7.78841354293713e-07
22.5,2467369713526266.5,9.628931609396724e-07,9.386825705054773e-18,1.0368591675946256e-23,1.0368591675946256e-19,0.9990536573027308,1.0358779434932757e-23,7.771063961325669e-07
22.525000000000006,2467371160379304.5,9.607505998916797e-07,9.365938811330944e-18,1.0345520226746485e-23,1.0345520226746485e-19,0.9990526058108449,1.033571894099988e-23,7.753772345162615e-07
22.550000000000004,2467372607232342.0,9.586151892063478e-07,9.345121623375885e-18,1.0322525773826026e-23,1.0322525773826025e-19,0.9990515543189591,1.0312735418838408e-23,7.736538436259141e-07
22.575000000000003,2467374054085380.0,9.564868970702418e-07,9.324373831054285e-18,1.0299607974612586e-23,1.0299607974612587e-19,0.9990505028270732,1.0289828525958438e-23,7.719361977863772e-07
22.6,2467375500938418.0,9.543656918468367e-07,9.303695125955452e-18,1.0276766488438869e-23,1.0276766488438869e-19,0.9990494513351874,1.0266997921774692e-23,7.702242714652792e-07
22.625,2467376947791455.5,9.52251542075338e-07,9.283085201381813e-18,1.0254000976529871e-23,1.0254000976529871e-19,0.9990483998433015,1.0244243267593819e-23,7.685180392720726e-07
22.650000000000006,2467378394644493.5,9.501444164695073e-07,9.262543752337467e-18,1.023131110199024e-23,1.0231311101990239e-19,0.9990473483514156,1.0221564226601749e-23,7.668174759570857e-07
22.675000000000004,2467379841497531.0,9.480442839165051e-07,9.242070475516906e-18,1.0208696529791812e-23,1.0208696529791811e-19,0.9990462968595298,1.0198960463851242e-23,7.651225564105893e-07
22.700000000000003,2467381288350569.0,9.459511134757345e-07,9.221665069293735e-18,1.0186156926761159e-23,1.0186156926761158e-19,0.9990452453676439,1.0176431646249427e-23,7.634332556618634e-07
22.725,2467382735203607.0,9.43864874377696e-07,9.201327233709518e-18,1.0163691961567257e-23,1.0163691961567256e-19,0.999044193875758,1.0153977442545482e-23,7.617495488782724e-07
22.75,2467384182056644.5,9.417855360228562e-07,9.181056670462742e-18,1.0141301304709307e-23,1.0141301304709308e-19,0.9990431423838723,1.013159752331845e-23,7.600714113643526e-07
22.775000000000006,2467385628909682.5,9.397130679805169e-07,9.160853082897793e-18,1.0118984628504552e-23,1.0118984628504552e-19,0.9990420908919864,1.0109291560965058e-23,7.583988185608991e-07
22.800000000000004,2467387075762720.5,9.376474399877026e-07,9.140716175994115e-18,1.0096741607076302e-23,1.0096741607076302e-19,0.9990410394001005,1.0087059229687749e-23,7.567317460440686e-07
22.825000000000003,2467388522615758.0,9.355886219480448e-07,9.120645656355332e-18,1.007457191634192e-23,1.007457191634192e-19,0.9990399879082147,1.0064900205482672e-23,7.550701695244786e-07
22.85,2467389969468796.0,9.335365839306871e-07,9.100641232198569e-18,1.005247523400103e-23,1.0052475234001029e-19,0.9990389364163288,1.0042814166127874e-23,7.534140648463234e-07
22.875,2467391416321833.5,9.314912961691901e-07,9.080702613343785e-18,1.0030451239523721e-23,1.0030451239523722e-19,0.999037884924443,1.0020800791171536e-23,7.517634079864908e-07
22.900000000000006,2467392863174871.5,9.294527290604474e-07,9.060829511203201e-18,1.0008499614138888e-23,1.0008499614138888e-19,0.9990368334325571,9.998859761920284e-24,7.501181750536872e-07
22.925000000000004,2467394310027909.5,9.274208531636151e-07,9.041021638770859e-18,9.986620040822682e-24,9.986620040822683e-20,0.9990357819406712,9.976990761427667e-24,7.484783422875731e-07
22.950000000000003,2467395756880947.0,9.25395639199037e-07,9.021278710612157e-18,9.964812204286963e-24,9.964812204286964e-20,0.9990347304487854,9.955193474482593e-24,7.468438860578967e-07
22.975,2467397203733985.0,9.233770580471911e-07,9.001600442853567e-18,9.943075790967934e-24,9.943075790967934e-20,0.9990336789568995,9.933467587597979e-24,7.452147828636428e-07
23.0,2467398650587023.0,9.21365080747638e-07,8.981986553172388e-18,9.921410489014827e-24,9.921410489014827e-20,0.9990326274650136,9.911812788999429e-24,7.435910093321843e-07
23.025000000000006,2467400097440060.5,9.19359678497976e-07,8.962436760786563e-18,9.899815988278653e-24,9.899815988278652e-20,0.9990315759731279,9.890228768613991e-24,7.419725422184391e-07
23.050000000000004,2467401544293098.5,9.173608226528096e-07,8.942950786444616e-18,9.878291980301088e-24,9.878291980301088e-20,0.999030524481242,9.868715218059042e-24,7.403593584040377e-07
23.075000000000003,2467402991146136.5,9.153684847227194e-07,8.923528352415615e-18,9.856838158303384e-24,9.856838158303384e-20,0.9990294729893561,9.847271830631205e-24,7.387514348964911e-07
23.1,2467404437999174.0,9.133826363732453e-07,8.904169182479262e-18,9.835454217175425e-24,9.835454217175425e-20,0.9990284214974703,9.825898301295402e-24,7.371487488283716e-07
23.125,2467405884852212.0,9.114032494238736e-07,8.88487300191601e-18,9.81413985346481e-24,9.814139853464809e-20,0.9990273700055844,9.80459432667394e-24,7.355512774564938e-07
23.150000000000006,2467407331705249.5,9.094302958470351e-07,8.865639537497304e-18,9.79289476536607e-24,9.792894765366069e-20,0.9990263185136986,9.783359605035735e-24,7.339589981611068e-07
23.175000000000004,2467408778558287.5,9.074637477671082e-07,8.846468517475863e-18,9.771718652709938e-24,9.771718652709938e-20,0.9990252670218127,9.762193836285574e-24,7.323718884450901e-07
23.200000000000003,2467410225411325.5,9.055035774594301e-07,8.827359671576031e-18,9.75061121695269e-24,9.75061121695269e-20,0.9990242155299268,9.741096721953465e-24,7.307899259331545e-07
23.225,2467411672264363.0,9.035497573493166e-07,8.808312730984233e-18,9.729572161165597e-24,9.729572161165597e-20,0.999023164038041,9.720067965184095e-24,7.292130883710517e-07
23.25,2467413119117401.0,9.016022600110896e-07,8.789327428339488e-18,9.708601190024457e-24,9.708601190024457e-20,0.9990221125461551,9.699107270726349e-24,7.276413536247892e-07
23.275000000000006,2467414565970439.0,8.996610581671066e-07,8.77040349772395e-18,9.687698009799133e-24,9.687698009799134e-20,0.9990210610542692,9.678214344922862e-24,7.260746996798475e-07
23.300000000000004,2467416012823476.5,8.9772612468681e-07,8.751540674653638e-18,9.666862328343327e-24,9.666862328343327e-20,0.9990200095623835,9.657388895699795e-24,7.245131046404123e-07
23.325000000000003,2467417459676514.5,8.957974325857673e-07,8.732738696069081e-18,9.64609385508424e-24,9.646093855084239e-20,0.9990189580704976,9.636630632556486e-24,7.229565467286e-07
23.35,2467418906529552.0,8.938749550247315e-07,8.71399730032616e-18,9.625392301012448e-24,9.625392301012448e-20,0.9990179065786117,9.615939266555341e-24,7.214050042836994e-07
23.375,2467420353382590.0,8.919586653087026e-07,8.695316227186958e-18,9.604757378671815e-24,9.604757378671815e-20,0.9990168550867259,9.595314510311742e-24,7.19858455761415e-07
23.400000000000006,2467421800235628.0,8.900485368859964e-07,8.676695217810676e-18,9.584188802149437e-24,9.584188802149437e-20,0.99901580359484,9.574756077983986e-24,7.183168797331139e-07
23.425000000000004,2467423247088665.5,8.881445433473246e-07,8.658134014744678e-18,9.563686287065769e-24,9.563686287065769e-20,0.9990147521029542,9.554263685263431e-24,7.167802548850851e-07
23.450000000000003,2467424693941703.5,8.862466584248746e-07,8.639632361915507e-18,9.543249550564687e-24,9.543249550564687e-20,0.9990137006110683,9.533837049364542e-24,7.152485600177958e-07
23.475,2467426140794741.5,8.843548559914025e-07,8.621190004620049e-18,9.522878311303735e-24,9.522878311303736e-20,0.9990126491191824,9.513475889015151e-24,7.13721774045159e-07
23.5,2467427587647779.0,8.824691100593297e-07,8.602806689516732e-18,9.502572289444407e-24,9.502572289444407e-20,0.9990115976272966,9.493179924446736e-24,7.121998759938066e-07
23.525000000000006,2467429034500817.0,8.805893947798474e-07,8.584482164616784e-18,9.48233120664248e-24,9.48233120664248e-20,0.9990105461354107,9.472948877384753e-24,7.106828450023637e-07
23.550000000000004,2467430481353854.5,8.787156844420283e-07,8.566216179275582e-18,9.462154786038467e-24,9.462154786038466e-20,0.9990094946435248,9.452782471039099e-24,7.09170660320734e-07
23.575000000000003,2467431928206892.5,8.768479534719424e-07,8.548008484184031e-18,9.442042752248094e-24,9.442042752248093e-20,0.9990084431516391,9.432680430094586e-24,7.076633013093852e-07
23.6,2467433375059930.5,8.749861764317824e-07,8.529858831360036e-18,9.42199483135287e-24,9.42199483135287e-20,0.9990073916597532,9.412642480701507e-24,7.061607474386431e-07
23.625,2467434821912968.0,8.731303280189946e-07,8.511766974140029e-18,9.402010750890743e-24,9.402010750890743e-20,0.9990063401678673,9.392668350466303e-24,7.046629782879904e-07
23.650000000000006,2467436268766006.0,8.712803830654143e-07,8.493732667170544e-18,9.382090239846783e-24,9.382090239846783e-20,0.9990052886759815,9.372757768442244e-24,7.031699735453692e-07
23.675000000000004,2467437715619044.0,8.694363165364122e-07,8.475755666399893e-18,9.362233028643994e-24,9.362233028643994e-20,0.9990042371840956,9.352910465120238e-24,7.016817130064918e-07
23.700000000000003,2467439162472081.5,8.675981035300423e-07,8.457835729069857e-18,9.342438849134125e-24,9.342438849134125e-20,0.9990031856922098,9.333126172419653e-24,7.001981765741526e-07
23.725,2467440609325119.5,8.657657192761983e-07,8.439972613707468e-18,9.32270743458861e-24,9.322707434588611e-20,0.9990021342003239,9.313404623679249e-24,6.987193442575485e-07
23.75,2467442056178157.0,8.639391391357763e-07,8.422166080116842e-18,9.30303851968953e-24,9.303038519689531e-20,0.999001082708438,9.293745553648145e-24,6.972451961716015e-07
23.775000000000006,2467443503031195.0,8.621183385998442e-07,8.404415889371085e-18,9.283431840520681e-24,9.283431840520681e-20,0.9990000312165522,9.274148698476896e-24,6.957757125362898e-07
23.800000000000004,2467444949884233.0,8.603032932888159e-07,8.386721803804236e-18,9.263887134558674e-24,9.263887134558675e-20,0.9989989797246663,9.254613795708578e-24,6.943108736759804e-07
23.825000000000003,2467446396737270.5,8.584939789516336e-07,8.369083587003305e-18,9.244404140664136e-24,9.244404140664137e-20,0.9989979282327804,9.23514058427001e-24,6.928506600187699e-07
23.85,2467447843590308.5,8.566903714649513e-07,8.351501003800308e-18,9.22498259907292e-24,9.224982599072921e-20,0.9989968767408947,9.215728804462948e-24,6.913950520958248e-07
23.875,2467449290443346.5,8.548924468323319e-07,8.33397382026444e-18,9.205622251387447e-24,9.205622251387447e-20,0.9989958252490088,9.19637819795544e-24,6.899440305407342e-07
23.900000000000006,2467450737296384.0,8.531001811834441e-07,8.316501803694243e-18,9.186322840568071e-24,9.186322840568071e-20,0.9989947737571229,9.17708850777319e-24,6.88497576088861e-07
23.925000000000004,2467452184149422.0,8.513135507732682e-07,8.299084722609873e-18,9.16708411092452e-24,9.16708411092452e-20,0.9989937222652371,9.157859478290998e-24,6.870556695767016e-07
23.950000000000003,2467453631002459.5,8.495325319813055e-07,8.281722346745384e-18,9.147905808107387e-24,9.147905808107387e-20,0.9989926707733512,9.13869085522425e-24,6.856182919412475e-07
23.975,2467455077855497.5,8.477571013107957e-07,8.2644144470411e-18,9.128787679099696e-24,9.128787679099696e-20,0.9989916192814654,9.119582385620496e-24,6.841854242193533e-07
24.0,2467456524708535.5,8.459872353879397e-07,8.247160795636045e-18,9.109729472208541e-24,9.109729472208542e-20,0.9989905677895795,9.100533817851078e-24,6.827570475471103e-07
24.025000000000006,2467457971561573.0,8.442229109611258e-07,8.22996116586039e-18,9.090730937056751e-24,9.090730937056751e-20,0.9989895162976936,9.081544901602803e-24,6.813331431592216e-07
24.050000000000004,2467459418414611.0,8.424641049001659e-07,8.212815332228014e-18,9.07179182457466e-24,9.071791824574661e-20,0.9989884648058078,9.062615387869718e-24,6.799136923883856e-07
24.075000000000003,2467460865267649.0,8.407107941955326e-07,8.195723070429064e-18,9.0529118869919e-24,9.052911886991899e-20,0.9989874133139219,9.043745028944894e-24,6.7849867666468e-07
24.1,2467462312120686.5,8.389629559576042e-07,8.178684157322595e-18,9.034090877829264e-24,9.034090877829264e-20,0.998986361822036,9.0249335784123e-24,6.770880775149531e-07
24.125,2467463758973724.5,8.372205674159166e-07,8.161698370929278e-18,9.015328551890656e-24,9.015328551890656e-20,0.9989853103301503,9.006180791138752e-24,6.756818765622201e-07
24.150000000000006,2467465205826762.5,8.354836059184163e-07,8.14476549042412e-18,8.996624665255045e-24,8.996624665255046e-20,0.9989842588382644,8.98748642326586e-24,6.742800555250593e-07
24.175000000000004,2467466652679800.0,8.33752048930726e-07,8.127885296129296e-18,8.977978975268555e-24,8.977978975268555e-20,0.9989832073463785,8.968850232202133e-24,6.728825962170203e-07
24.200000000000003,2467468099532838.0,8.320258740354054e-07,8.111057569506955e-18,8.95939124053651e-24,8.959391240536509e-20,0.9989821558544927,8.95027197661502e-24,6.714894805460273e-07
24.225,2467469546385875.5,8.303050589312284e-07,8.09428209315216e-18,8.94086122091564e-24,8.940861220915639e-20,0.9989811043626068,8.93175141642311e-24,6.701006905137952e-07
24.25,2467470993238913.5,8.285895814324567e-07,8.077558650785826e-18,8.922388677506276e-24,8.922388677506276e-20,0.998980052870721,8.913288312788342e-24,6.68716208215244e-07
24.275000000000006,2467472440091951.5,8.268794194681242e-07,8.06088702724772e-18,8.90397337264463e-24,8.90397337264463e-20,0.9989790013788351,8.894882428108272e-24,6.673360158379209e-07
24.300000000000004,2467473886944989.0,8.251745510813241e-07,8.044267008489529e-18,8.885615069895124e-24,8.885615069895124e-20,0.9989779498869492,8.876533526008412e-24,6.659600956614253e-07
24.325000000000003,2467475333798027.0,8.234749544285015e-07,8.02769838156796e-18,8.867313534042772e-24,8.867313534042772e-20,0.9989768983950634,8.858241371334616e-24,6.645884300568373e-07
24.35,2467476780651065.0,8.217806077787509e-07,8.011180934637886e-18,8.849068531085614e-24,8.849068531085614e-20,0.9989758469031775,8.840005730145509e-24,6.632210014861514e-07
24.375,2467478227504102.5,8.200914895131207e-07,7.994714456945572e-18,8.83087982822723e-24,8.83087982822723e-20,0.9989747954112916,8.821826369705e-24,6.618577925017148e-07
24.400000000000006,2467479674357140.5,8.184075781239188e-07,7.978298738821901e-18,8.812747193869259e-24,8.812747193869259e-20,0.9989737439194059,8.803703058474812e-24,6.604987857456669e-07
24.425000000000004,2467481121210178.0,8.167288522140292e-07,7.96193357167572e-18,8.794670397604044e-24,8.794670397604044e-20,0.99897269242752,8.785635566107119e-24,6.591439639493884e-07
24.450000000000003,2467482568063216.0,8.150552904962256e-07,7.945618747987135e-18,8.776649210207232e-24,8.776649210207232e-20,0.9989716409356341,8.767623663437155e-24,6.577933099329462e-07
24.475,2467484014916254.0,8.133868717924976e-07,7.929354061300957e-18,8.758683403630535e-24,8.758683403630536e-20,0.9989705894437483,8.749667122475972e-24,6.564468066045511e-07
24.5,2467485461769291.5,8.117235750333772e-07,7.913139306220124e-18,8.740772750994458e-24,8.740772750994458e-20,0.9989695379518624,8.731765716403164e-24,6.551044369600126e-07
24.525000000000006,2467486908622329.5,8.1006537925727e-07,7.896974278399191e-18,8.722917026581112e-24,8.722917026581112e-20,0.9989684864599766,8.713919219559692e-24,6.537661840822008e-07
24.550000000000004,2467488355475367.5,8.084122636097969e-07,7.880858774537904e-18,8.705116005827118e-24,8.705116005827117e-20,0.9989674349680907,8.696127407440786e-24,6.524320311405135e-07
24.575000000000003,2467489802328405.0,8.067642073431305e-07,7.864792592374741e-18,8.687369465316463e-24,8.687369465316463e-20,0.9989663834762048,8.678390056688798e-24,6.51101961390342e-07
24.6,2467491249181443.0,8.051211898153457e-07,7.84877553068057e-18,8.669677182773508e-24,8.669677182773508e-20,0.998965331984319,8.660706945086214e-24,6.497759581725464e-07
24.625,2467492696034480.5,8.034831904897701e-07,7.832807389252325e-18,8.652038937055994e-24,8.652038937055993e-20,0.9989642804924331,8.643077851548657e-24,6.484540049129309e-07
24.650000000000006,2467494142887518.5,8.018501889343396e-07,7.816887968906718e-18,8.634454508148097e-24,8.634454508148097e-20,0.9989632290005472,8.625502556117955e-24,6.471360851217247e-07
24.675000000000004,2467495589740556.5,8.00222164820961e-07,7.801017071474029e-18,8.616923677153572e-24,8.616923677153572e-20,0.9989621775086615,8.607980839955274e-24,6.458221823930669e-07
24.700000000000003,2467497036593594.0,7.985990979248742e-07,7.785194499791887e-18,8.59944622628888e-24,8.59944622628888e-20,0.9989611260167756,8.590512485334252e-24,6.445122804044919e-07
24.725,2467498483446632.0,7.969809681240239e-07,7.769420057699149e-18,8.582021938876428e-24,8.582021938876428e-20,0.9989600745248897,8.573097275634235e-24,6.432063629164226e-07
24.75,2467499930299670.0,7.95367755398435e-07,7.753693550029802e-18,8.564650599337837e-24,8.564650599337837e-20,0.9989590230330039,8.555734995333556e-24,6.419044137716658e-07
24.775000000000006,2467501377152707.5,7.937594398295882e-07,7.738014782606885e-18,8.547331993187217e-24,8.547331993187217e-20,0.998957971541118,8.538425430002804e-24,6.406064168949088e-07
24.800000000000004,2467502824005745.5,7.921560015998055e-07,7.722383562236492e-18,8.530065907024558e-24,8.530065907024558e-20,0.9989569200492321,8.521168366298212e-24,6.39312356292223e-07
24.825000000000003,2467504270858783.0,7.905574209916372e-07,7.706799696701802e-18,8.512852128529124e-24,8.512852128529124e-20,0.9989558685573463,8.503963591955066e-24,6.380222160505695e-07
24.85,2467505717711821.0,7.889636783872535e-07,7.691262994757144e-18,8.495690446452905e-24,8.495690446452906e-20,0.9989548170654604,8.486810895781142e-24,6.367359803373085e-07
24.875,2467507164564859.0,7.873747542678396e-07,7.6757732661221e-18,8.478580650614095e-24,8.478580650614094e-20,0.9989537655735746,8.469710067650197e-24,6.354536333997097e-07
24.900000000000006,2467508611417896.5,7.857906292129983e-07,7.660330321475682e-18,8.461522531890668e-24,8.461522531890668e-20,0.9989527140816887,8.452660898495545e-24,6.341751595644716e-07
24.925000000000004,2467510058270934.5,7.842112839001537e-07,7.64493397245052e-18,8.444515882213951e-24,8.444515882213951e-20,0.9989516625898028,8.435663180303621e-24,6.329005432372397e-07
24.950000000000003,2467511505123972.5,7.826366991039589e-07,7.62958403162709e-18,8.427560494562258e-24,8.427560494562258e-20,0.998950611097917,8.418716706107631e-24,6.316297689021287e-07
24.975,2467512951977010.0,7.810668556957107e-07,7.614280312528002e-18,8.410656162954569e-24,8.410656162954569e-20,0.9989495596060312,8.401821269981218e-24,6.303628211212496e-07
25.0,2467514398830048.0,7.795017346427653e-07,7.599022629612304e-18,8.393802682444246e-24,8.393802682444246e-20,0.9989485081141453,8.38497666703219e-24,6.290996845342385e-07
25.025000000000006,2467515845683085.5,7.779413170079599e-07,7.583810798269855e-18,8.376999849112816e-24,8.376999849112816e-20,0.9989474566222595,8.368182693396299e-24,6.278403438577901e-07
25.050000000000004,2467517292536123.5,7.763855839490406e-07,7.568644634815733e-18,8.360247460063793e-24,8.360247460063793e-20,0.9989464051303736,8.351439146231063e-24,6.265847838851953e-07
25.075000000000003,2467518739389161.5,7.748345167180867e-07,7.553523956484633e-18,8.34354531341649e-24,8.34354531341649e-20,0.9989453536384877,8.334745823709582e-24,6.253329894858775e-07
25.1,2467520186242199.0,7.732880966609481e-07,7.538448581425372e-18,8.32689320829995e-24,8.326893208299949e-20,0.9989443021466019,8.318102525014473e-24,6.24084945604937e-07
25.125,2467521633095237.0,7.717463052166814e-07,7.52341832869541e-18,8.31029094484689e-24,8.31029094484689e-20,0.998943250654716,8.301509050331804e-24,6.22840637262698e-07
25.150000000000006,2467523079948275.0,7.702091239169906e-07,7.508433018255375e-18,8.293738324187669e-24,8.293738324187669e-20,0.9989421991628302,8.284965200845075e-24,6.216000495542555e-07
25.175000000000004,2467524526801312.5,7.68676534385674e-07,7.493492470963689e-18,8.277235148444324e-24,8.277235148444324e-20,0.9989411476709443,8.268470778729252e-24,6.203631676490297e-07
25.200000000000003,2467525973654350.5,7.671485183380699e-07,7.478596508571155e-18,8.26078122072462e-24,8.26078122072462e-20,0.9989400961790584,8.252025587144812e-24,6.191299767903186e-07
25.225,2467527420507388.5,7.656250575805138e-07,7.463744953715666e-18,8.244376345116184e-24,8.244376345116184e-20,0.9989390446871727,8.235629430231885e-24,6.179004622948593e-07
25.25,2467528867360426.0,7.64106134009791e-07,7.448937629916877e-18,8.228020326680636e-24,8.228020326680635e-20,0.9989379931952868,8.219282113104381e-24,6.166746095523876e-07
25.275000000000006,2467530314213464.0,7.625917296125992e-07,7.434174361570951e-18,8.211712971447769e-24,8.211712971447769e-20,0.9989369417034009,8.20298344184418e-24,6.154524040252026e-07
25.300000000000004,2467531761066501.5,7.610818264650146e-07,7.419454973945373e-18,8.195454086409836e-24,8.195454086409837e-20,0.9989358902115151,8.186733223495409e-24,6.142338312477373e-07
25.325000000000003,2467533207919539.5,7.59576406731955e-07,7.404779293173697e-18,8.17924347951574e-24,8.17924347951574e-20,0.9989348387196292,8.170531266058634e-24,6.130188768261241e-07
25.35,2467534654772577.5,7.58075452666656e-07,7.390147146250454e-18,8.163080959665407e-24,8.163080959665407e-20,0.9989337872277433,8.154377378485247e-24,6.118075264377728e-07
25.375,2467536101625615.0,7.565789466101432e-07,7.375558361025999e-18,8.146966336704102e-24,8.146966336704102e-20,0.9989327357358575,8.138271370671765e-24,6.105997658309445e-07
25.400000000000006,2467537548478653.0,7.550868709907129e-07,7.361012766201455e-18,8.130899421416834e-24,8.130899421416834e-20,0.9989316842439716,8.122213053454253e-24,6.093955808243327e-07
25.425000000000004,2467538995331691.0,7.535992083234153e-07,7.346510191323665e-18,8.114880025522793e-24,8.114880025522793e-20,0.9989306327520858,8.106202238602746e-24,6.081949573066452e-07
25.450000000000003,2467540442184728.5,7.521159412095386e-07,7.332050466780172e-18,8.09890796166979e-24,8.09890796166979e-20,0.9989295812601999,8.090238738815703e-24,6.069978812361891e-07
25.475,2467541889037766.5,7.50637052336099e-07,7.317633423794245e-18,8.082983043428777e-24,8.082983043428777e-20,0.998928529768314,8.07432236771452e-24,6.058043386404585e-07
25.5,2467543335890804.0,7.491625244753357e-07,7.303258894419954e-18,8.067105085288394e-24,8.067105085288394e-20,0.9989274782764282,8.058452939838087e-24,6.046143156157268e-07
25.525000000000006,2467544782743842.0,7.476923404842057e-07,7.288926711537243e-18,8.05127390264954e-24,8.05127390264954e-20,0.9989264267845424,8.042630270637343e-24,6.034277983266396e-07
25.550000000000004,2467546229596880.0,7.462264833038854e-07,7.274636708847077e-18,8.03548931182e-24,8.03548931182e-20,0.9989253752926565,8.026854176469922e-24,6.022447730058115e-07
25.575000000000003,2467547676449917.5,7.447649359592735e-07,7.260388720866594e-18,8.019751130009096e-24,8.019751130009096e-20,0.9989243238007707,8.011124474594803e-24,6.010652259534261e-07
25.6,2467549123302955.5,7.433076815584973e-07,7.24618258292429e-18,8.00405917532237e-24,8.00405917532237e-20,0.9989232723088848,7.995440983166976e-24,5.998891435368366e-07
25.625,2467550570155993.5,7.418547032924245e-07,7.232018131155261e-18,7.988413266756324e-24,7.988413266756324e-20,0.9989222208169989,7.979803521232204e-24,5.98716512190172e-07
25.650000000000006,2467552017009031.0,7.404059844341756e-07,7.21789520249645e-18,7.972813224193174e-24,7.972813224193174e-20,0.9989211693251131,7.96421190872177e-24,5.975473184139442e-07
25.675000000000004,2467553463862069.0,7.389615083386433e-07,7.203813634681961e-18,7.957258868395669e-24,7.957258868395668e-20,0.9989201178332272,7.948665966447294e-24,5.96381548774659e-07
25.700000000000003,2467554910715106.5,7.375212584420101e-07,7.189773266238358e-18,7.941750021001904e-24,7.941750021001904e-20,0.9989190663413414,7.93316551609555e-24,5.952191899044281e-07
25.725,2467556357568144.5,7.360852182612737e-07,7.175773936480034e-18,7.926286504520202e-24,7.926286504520202e-20,0.9989180148494555,7.91771038022335e-24,5.940602285005848e-07
25.75,2467557804421182.5,7.346533713937731e-07,7.1618154855046e-18,7.910868142324017e-24,7.910868142324018e-20,0.9989169633575696,7.902300382252446e-24,5.929046513253027e-07
25.775000000000006,2467559251274220.0,7.33225701516719e-07,7.147897754188298e-18,7.895494758646875e-24,7.895494758646876e-20,0.9989159118656838,7.886935346464471e-24,5.917524452052158e-07
25.800000000000004,2467560698127258.0,7.31802192386729e-07,7.134020584181473e-18,7.880166178577365e-24,7.880166178577365e-20,0.998914860373798,7.871615097995934e-24,5.906035970310438e-07
25.825000000000003,2467562144980296.0,7.303828278393602e-07,7.120183817904014e-18,7.864882228054111e-24,7.864882228054111e-20,0.9989138088819121,7.856339462833191e-24,5.894580937572146e-07
25.85,2467563591833333.5,7.289675917886533e-07,7.10638729854092e-18,7.849642733860864e-24,7.849642733860864e-20,0.9989127573900263,7.84110826780754e-24,5.883159224014971e-07
25.875,2467565038686371.5,7.275564682266716e-07,7.09263087003779e-18,7.83444752362153e-24,7.834447523621529e-20,0.9989117058981404,7.825921340590244e-24,5.871770700446278e-07
25.900000000000006,2467566485539409.0,7.261494412230497e-07,7.07891437709644e-18,7.819296425795319e-24,7.81929642579532e-20,0.9989106544062545,7.810778509687689e-24,5.860415238299483e-07
25.925000000000004,2467567932392447.0,7.247464949245417e-07,7.065237665170482e-18,7.804189269671877e-24,7.804189269671877e-20,0.9989096029143687,7.795679604436512e-24,5.849092709630393e-07
25.950000000000003,2467569379245485.0,7.23347613554573e-07,7.051600580460969e-18,7.789125885366457e-24,7.789125885366457e-20,0.9989085514224828,7.780624454998772e-24,5.837802987113592e-07
25.975,2467570826098522.5,7.219527814127951e-07,7.038002969912048e-18,7.77410610381513e-24,7.774106103815131e-20,0.998907499930597,7.765612892357166e-24,5.826545944038853e-07
26.0,2467572272951560.5,7.205619828746446e-07,7.024444681206661e-18,7.759129756770033e-24,7.759129756770033e-20,0.9989064484387111,7.750644748310274e-24,5.815321454307576e-07
26.025000000000006,2467573719804598.5,7.191752023909037e-07,7.010925562762258e-18,7.744196676794628e-24,7.744196676794628e-20,0.9989053969468252,7.735719855467824e-24,5.804129392429233e-07
26.050000000000004,2467575166657636.0,7.177924244872652e-07,6.997445463726568e-18,7.729306697259041e-24,7.729306697259041e-20,0.9989043454549394,7.720838047246022e-24,5.792969633517874e-07
26.075000000000003,2467576613510674.0,7.164136337638984e-07,6.984004233973353e-18,7.714459652335365e-24,7.714459652335365e-20,0.9989032939630536,7.705999157862869e-24,5.781842053288611e-07
26.1,2467578060363711.5,7.15038814895019e-07,6.97060172409822e-18,7.699655376993034e-24,7.699655376993034e-20,0.9989022424711677,7.691203022333525e-24,5.770746528054146e-07
26.125,2467579507216749.5,7.136679526284633e-07,6.957237785414476e-18,7.68489370699425e-24,7.68489370699425e-20,0.9989011909792819,7.676449476465745e-24,5.759682934721345e-07
26.150000000000006,2467580954069787.5,7.123010317852624e-07,6.943912269948968e-18,7.670174478889382e-24,7.670174478889381e-20,0.998900139487396,7.661738356855268e-24,5.748651150787792e-07
26.175000000000004,2467582400922825.0,7.109380372592222e-07,6.9306250304379955e-18,7.655497530012447e-24,7.655497530012446e-20,0.9988990879955101,7.647069500881312e-24,5.737651054338401e-07
26.200000000000003,2467583847775863.0,7.095789540165034e-07,6.917375920323211e-18,7.640862698476599e-24,7.640862698476598e-20,0.9988980365036243,7.632442746702059e-24,5.726682524042031e-07
26.225,2467585294628901.0,7.082237670952068e-07,6.904164793747583e-18,7.626269823169649e-24,7.626269823169649e-20,0.9988969850117384,7.617857933250166e-24,5.715745439148136e-07
26.25,2467586741481938.5,7.068724616049593e-07,6.890991505551353e-18,7.611718743749616e-24,7.611718743749616e-20,0.9988959335198526,7.603314900228332e-24,5.704839679483424e-07
26.275000000000006,2467588188334976.5,7.055250227265044e-07,6.87785591126805e-18,7.597209300640309e-24,7.597209300640309e-20,0.9988948820279667,7.588813488104874e-24,5.693965125448548e-07
26.300000000000004,2467589635188014.5,7.041814357112953e-07,6.864757867120521e-18,7.582741335026959e-24,7.582741335026959e-20,0.9988938305360808,7.574353538109355e-24,5.683121658014834e-07
26.325000000000003,2467591082041052.0,7.028416858810885e-07,6.851697230016965e-18,7.568314688851824e-24,7.568314688851824e-20,0.998892779044195,7.559934892228201e-24,5.672309158720983e-07
26.35,2467592528894090.0,7.015057586275429e-07,6.8386738575470356e-18,7.553929204809893e-24,7.553929204809894e-20,0.9988917275523091,7.545557393200396e-24,5.661527509669858e-07
26.375,2467593975747127.5,7.0017363941182e-07,6.825687607977932e-18,7.539584726344563e-24,7.539584726344563e-20,0.9988906760604233,7.531220884513162e-24,5.650776593525235e-07
26.400000000000006,2467595422600165.5,6.988453137641869e-07,6.812738340250537e-18,7.525281097643375e-24,7.525281097643376e-20,0.9988896245685375,7.516925210397702e-24,5.640056293508614e-07
26.425000000000004,2467596869453203.5,6.975207672836237e-07,6.799825913975584e-18,7.51101816363378e-24,7.51101816363378e-20,0.9988885730766516,7.502670215824958e-24,5.629366493396043e-07
26.450000000000003,2467598316306241.0,6.961999856374305e-07,6.786950189429828e-18,7.496795769978915e-24,7.496795769978915e-20,0.9988875215847657,7.488455746501394e-24,5.618707077514954e-07
26.475,2467599763159279.0,6.948829545608381e-07,6.7741110275522545e-18,7.482613763073402e-24,7.482613763073401e-20,0.9988864700928799,7.474281648864792e-24,5.608077930741012e-07
26.5,2467601210012317.0,6.935696598566238e-07,6.7613082899403256e-18,7.468471990039215e-24,7.468471990039215e-20,0.998885418600994,7.460147770080119e-24,5.597478938495019e-07
26.525000000000006,2467602656865354.5,6.922600873947253e-07,6.7485418388462244e-18,7.45437029872152e-24,7.45437029872152e-20,0.9988843671091082,7.446053958035379e-24,5.586909986739797e-07
26.550000000000004,2467604103718392.5,6.909542231118623e-07,6.735811537173162e-18,7.440308537684611e-24,7.440308537684611e-20,0.9988833156172223,7.432000061337531e-24,5.576370961977139e-07
26.575000000000003,2467605550571430.0,6.896520530111554e-07,6.72311724847166e-18,7.426286556207788e-24,7.426286556207788e-20,0.9988822641253364,7.417985929308383e-24,5.565861751244719e-07
26.6,2467606997424468.0,6.883535631617504e-07,6.710458836935896e-18,7.412304204281326e-24,7.412304204281326e-20,0.9988812126334506,7.404011411980555e-24,5.555382242113082e-07
26.625,2467608444277506.0,6.870587396984457e-07,6.697836167400061e-18,7.398361332602458e-24,7.398361332602459e-20,0.9988801611415647,7.390076360093466e-24,5.544932322682616e-07
26.650000000000006,2467609891130543.5,6.857675688213196e-07,6.685249105334736e-18,7.384457792571362e-24,7.384457792571362e-20,0.9988791096496789,7.376180625089315e-24,5.534511881580557e-07
26.675000000000004,2467611337983581.5,6.844800367953643e-07,6.672697516843315e-18,7.370593436287217e-24,7.370593436287217e-20,0.9988780581577931,7.36232405910915e-24,5.524120807958028e-07
26.700000000000003,2467612784836619.5,6.831961299501162e-07,6.6601812686584075e-18,7.356768116544227e-24,7.356768116544227e-20,0.9988770066659072,7.34850651498888e-24,5.513758991487061e-07
26.725,2467614231689657.0,6.819158346792937e-07,6.6477002281383054e-18,7.342981686827716e-24,7.342981686827716e-20,0.9988759551740213,7.33472784625538e-24,5.503426322357668e-07
26.75,2467615678542695.0,6.806391374404354e-07,6.635254263263457e-18,7.329234001310237e-24,7.329234001310237e-20,0.9988749036821355,7.320987907122596e-24,5.493122691274928e-07
26.775000000000006,2467617125395732.5,6.793660247545415e-07,6.622843242632967e-18,7.315524914847707e-24,7.315524914847707e-20,0.9988738521902496,7.307286552487677e-24,5.482847989456087e-07
26.800000000000004,2467618572248770.5,6.780964832057165e-07,6.6104670354611184e-18,7.30185428297556e-24,7.30185428297556e-20,0.9988728006983638,7.293623637927141e-24,5.472602108627677e-07
26.825000000000003,2467620019101808.5,6.768304994408149e-07,6.598125511573916e-18,7.288221961904932e-24,7.288221961904931e-20,0.9988717492064779,7.279999019693048e-24,5.462384941022655e-07
26.85,2467621465954846.0,6.75568060169089e-07,6.5858185414056544e-18,7.274627808518867e-24,7.274627808518867e-20,0.998870697714592,7.266412554709214e-24,5.452196379377561e-07
26.875,2467622912807884.0,6.743091521618386e-07,6.573545995995502e-18,7.261071680368554e-24,7.261071680368554e-20,0.9988696462227062,7.252864100567449e-24,5.442036316929698e-07
26.900000000000006,2467624359660922.0,6.730537622520642e-07,6.5613077469841204e-18,7.247553435669578e-24,7.247553435669577e-20,0.9988685947308203,7.2393535155238e-24,5.431904647414319e-07
26.925000000000004,2467625806513959.5,6.718018773341225e-07,6.549103666610304e-18,7.234072933298219e-24,7.234072933298219e-20,0.9988675432389345,7.225880658494863e-24,5.421801265061857e-07
26.950000000000003,2467627253366997.5,6.705534843633813e-07,6.5369336277076204e-18,7.220630032787734e-24,7.220630032787734e-20,0.9988664917470487,7.21244538905406e-24,5.411726064595138e-07
26.975,2467628700220035.0,6.693085703558801e-07,6.5247975037010994e-18,7.207224594324708e-24,7.207224594324707e-20,0.9988654402551628,7.199047567427986e-24,5.401678941226643e-07
27.0,2467630147073073.0,6.680671223879919e-07,6.512695168603934e-18,7.193856478745401e-24,7.193856478745401e-20,0.9988643887632769,7.185687054492765e-24,5.391659790655772e-07
27.025000000000006,2467631593926111.0,6.668291275960851e-07,6.500626497014187e-18,7.180525547532116e-24,7.180525547532115e-20,0.9988633372713911,7.172363711770412e-24,5.381668509066122e-07
27.050000000000004,2467633040779148.5,6.65594573176192e-07,6.4885913641115575e-18,7.167231662809626e-24,7.167231662809626e-20,0.9988622857795052,7.159077401425267e-24,5.371704993122812e-07
27.075000000000003,2467634487632186.5,6.643634463836746e-07,6.476589645654126e-18,7.153974687341575e-24,7.153974687341575e-20,0.9988612342876194,7.145827986260392e-24,5.361769139969781e-07
27.1,2467635934485224.5,6.631357345328953e-07,6.464621217975142e-18,7.140754484526937e-24,7.140754484526938e-20,0.9988601827957335,7.13261532971403e-24,5.351860847227134e-07
27.125,2467637381338262.0,6.619114249968897e-07,6.452685957979832e-18,7.127570918396485e-24,7.127570918396484e-20,0.9988591313038476,7.11943929585608e-24,5.341980012988499e-07
27.150000000000006,2467638828191300.0,6.606905052070403e-07,6.440783743142223e-18,7.114423853609279e-24,7.114423853609279e-20,0.9988580798119618,7.106299749384582e-24,5.332126535818394e-07
27.175000000000004,2467640275044337.5,6.594729626527549e-07,6.4289144515020044e-18,7.10131315544921e-24,7.101313155449211e-20,0.998857028320076,7.093196555622259e-24,5.322300314749637e-07
27.200000000000003,2467641721897375.5,6.58258784881142e-07,6.417077961661367e-18,7.088238689821499e-24,7.088238689821499e-20,0.99885597682819,7.080129580513024e-24,5.312501249280717e-07
27.225,2467643168750413.5,6.570479594966949e-07,6.405274152781917e-18,7.07520032324929e-24,7.07520032324929e-20,0.9988549253363043,7.067098690618566e-24,5.302729239373248e-07
27.25,2467644615603451.0,6.558404741609715e-07,6.393502904581563e-18,7.06219792287022e-24,7.062197922870219e-20,0.9988538738444184,7.054103753114923e-24,5.292984185449394e-07
27.275000000000006,2467646062456489.0,6.546363165922816e-07,6.381764097331458e-18,7.049231356433022e-24,7.049231356433022e-20,0.9988528223525325,7.041144635789095e-24,5.283265988389325e-07
27.300000000000004,2467647509309527.0,6.534354745653722e-07,6.370057611852941e-18,7.036300492294172e-24,7.036300492294173e-20,0.9988517708606467,7.028221207035675e-24,5.2735745495287e-07
27.325000000000003,2467648956162564.5,6.522379359111171e-07,6.358383329514505e-18,7.023405199414518e-24,7.023405199414518e-20,0.9988507193687608,7.015333335853486e-24,5.263909770656146e-07
27.35,2467650403015602.5,6.510436885162069e-07,6.346741132228778e-18,7.010545347355955e-24,7.010545347355955e-20,0.998849667876875,7.002480891842266e-24,5.254271554010764e-07
27.375,2467651849868640.5,6.49852720322843e-07,6.335130902449536e-18,6.997720806278129e-24,6.997720806278129e-20,0.9988486163849891,6.98966374519936e-24,5.244659802279655e-07
27.400000000000006,2467653296721678.0,6.486650193284314e-07,6.323552523168721e-18,6.984931446935133e-24,6.984931446935133e-20,0.9988475648931032,6.976881766716418e-24,5.23507441859545e-07
27.425000000000004,2467654743574716.0,6.474805735852804e-07,6.312005877913496e-18,6.972177140672266e-24,6.972177140672266e-20,0.9988465134012174,6.964134827776162e-24,5.225515306533876e-07
27.450000000000003,2467656190427753.5,6.462993712002987e-07,6.3004908507432984e-18,6.959457759422765e-24,6.959457759422764e-20,0.9988454619093315,6.951422800349113e-24,5.215982370111308e-07
27.475,2467657637280791.5,6.451214003346962e-07,6.289007326246922e-18,6.946773175704592e-24,6.946773175704592e-20,0.9988444104174456,6.93874555699038e-24,5.206475513782364e-07
27.5,2467659084133829.5,6.439466492036855e-07,6.2775551895396136e-18,6.934123262617226e-24,6.934123262617226e-20,0.9988433589255599,6.926102970836452e-24,5.196994642437494e-07
27.525000000000006,2467660530986867.0,6.427751060761889e-07,6.26613432626021e-18,6.921507893838496e-24,6.921507893838495e-20,0.998842307433674,6.913494915602032e-24,5.187539661400614e-07
27.550000000000004,2467661977839905.0,6.416067592745434e-07,6.254744622568263e-18,6.908926943621404e-24,6.908926943621404e-20,0.9988412559417881,6.900921265576863e-24,5.17811047642672e-07
27.575000000000003,2467663424692943.0,6.404415971742068e-07,6.24338596514118e-18,6.896380286790972e-24,6.896380286790973e-20,0.9988402044499023,6.88838189562257e-24,5.168706993699526e-07
27.6,2467664871545980.5,6.392796082034716e-07,6.232058241171427e-18,6.883867798741157e-24,6.883867798741157e-20,0.9988391529580164,6.875876681169583e-24,5.159329119829152e-07
27.625,2467666318399018.5,6.381207808431746e-07,6.220761338363704e-18,6.871389355431717e-24,6.871389355431718e-20,0.9988381014661306,6.863405498213996e-24,5.149976761849776e-07
27.650000000000006,2467667765252056.0,6.369651036264102e-07,6.209495144932147e-18,6.858944833385129e-24,6.858944833385128e-20,0.9988370499742447,6.85096822331449e-24,5.14064982721732e-07
27.675000000000004,2467669212105094.0,6.358125651382485e-07,6.1982595495975796e-18,6.846534109683551e-24,6.846534109683552e-20,0.9988359984823588,6.838564733589297e-24,5.131348223807183e-07
27.700000000000003,2467670658958132.0,6.346631540154501e-07,6.187054441584733e-18,6.834157061965757e-24,6.834157061965757e-20,0.998834946990473,6.826194906713134e-24,5.122071859911931e-07
27.725,2467672105811169.5,6.335168589461859e-07,6.175879710619517e-18,6.821813568424113e-24,6.821813568424112e-20,0.9988338954985871,6.813858620914173e-24,5.11282064423904e-07
27.75,2467673552664207.5,6.323736686697595e-07,6.1647352469263115e-18,6.809503507801592e-24,6.809503507801593e-20,0.9988328440067012,6.801555754971072e-24,5.103594485908654e-07
27.775000000000006,2467674999517245.5,6.312335719763276e-07,6.1536209412252395e-18,6.797226759388761e-24,6.797226759388761e-20,0.9988317925148155,6.789286188209947e-24,5.094393294451328e-07
27.800000000000004,2467676446370283.0,6.30096557706627e-07,6.14253668472951e-18,6.784983203020842e-24,6.784983203020843e-20,0.9988307410229296,6.777049800501438e-24,5.085216979805829e-07
27.825000000000003,2467677893223321.0,6.289626147516984e-07,6.131482369142719e-18,6.772772719074735e-24,6.772772719074735e-20,0.9988296895310437,6.76484647225774e-24,5.076065452316896e-07
27.85,2467679340076358.5,6.278317320526163e-07,6.120457886656224e-18,6.760595188466113e-24,6.760595188466113e-20,0.9988286380391579,6.752676084429692e-24,5.066938622733073e-07
27.875,2467680786929396.5,6.26703898600217e-07,6.109463129946486e-18,6.748450492646498e-24,6.748450492646497e-20,0.998827586547272,6.74053851850385e-24,5.057836402204512e-07
27.900000000000006,2467682233782434.5,6.25579103434831e-07,6.098497992172465e-18,6.736338513600366e-24,6.736338513600366e-20,0.9988265350553862,6.728433656499604e-24,5.048758702280801e-07
27.925000000000004,2467683680635472.0,6.244573356460169e-07,6.0875623669730225e-18,6.724259133842292e-24,6.724259133842291e-20,0.9988254835635003,6.71636138096631e-24,5.039705434908828e-07
27.950000000000003,2467685127488510.0,6.233385843722939e-07,6.0766561484643166e-18,6.712212236414067e-24,6.712212236414067e-20,0.9988244320716144,6.704321574980422e-24,5.030676512430625e-07
27.975,2467686574341548.0,6.222228388008791e-07,6.065779231237242e-18,6.70019770488187e-24,6.700197704881871e-20,0.9988233805797286,6.692314122142649e-24,5.021671847581236e-07
28.0,2467688021194585.5,6.211100881674269e-07,6.054931510354883e-18,6.688215423333462e-24,6.688215423333462e-20,0.9988223290878427,6.680338906575162e-24,5.012691353486623e-07
28.025000000000006,2467689468047623.5,6.200003217557665e-07,6.044112881349965e-18,6.676265276375354e-24,6.676265276375355e-20,0.9988212775959568,6.668395812918755e-24,5.003734943661542e-07
28.050000000000004,2467690914900661.0,6.188935288976458e-07,6.033323240222344e-18,6.664347149130053e-24,6.664347149130054e-20,0.9988202261040711,6.656484726330101e-24,4.994802532007479e-07
28.075000000000003,2467692361753699.0,6.177896989724716e-07,6.0225624834364906e-18,6.652460927233274e-24,6.652460927233275e-20,0.9988191746121852,6.64460553247895e-24,4.985894032810556e-07
28.1,2467693808606737.0,6.166888214070559e-07,6.011830507919002e-18,6.640606496831188e-24,6.640606496831188e-20,0.9988181231202993,6.632758117545393e-24,4.977009360739477e-07
28.125,2467695255459774.5,6.155908856753618e-07,6.001127211056132e-18,6.628783744577699e-24,6.628783744577699e-20,0.9988170716284135,6.620942368217127e-24,4.968148430843482e-07
28.150000000000006,2467696702312812.5,6.144958812982502e-07,5.9904524906913226e-18,6.616992557631721e-24,6.616992557631721e-20,0.9988160201365276,6.609158171686738e-24,4.959311158550301e-07
28.175000000000004,2467698149165850.5,6.134037978432319e-07,5.9798062451227835e-18,6.605232823654494e-24,6.605232823654494e-20,0.9988149686446418,6.5974054156490226e-24,4.950497459664153e-07
28.200000000000003,2467699596018888.0,6.123146249242145e-07,5.969188373101027e-18,6.593504430806871e-24,6.593504430806871e-20,0.9988139171527559,6.585683988298263e-24,4.941707250363707e-07
28.225,2467701042871926.0,6.112283522012581e-07,5.958598773826486e-18,6.581807267746681e-24,6.581807267746681e-20,0.99881286566087,6.573993778325603e-24,4.932940447200104e-07
28.25,2467702489724963.5,6.101449693803272e-07,5.948037346947096e-18,6.570141223626058e-24,6.570141223626058e-20,0.9988118141689842,6.562334674916373e-24,4.924196967094959e-07
28.275000000000006,2467703936578001.5,6.090644662130477e-07,5.9375039925559254e-18,6.55850618808883e-24,6.558506188088831e-20,0.9988107626770983,6.5507065677474736e-24,4.915476727338401e-07
28.300000000000004,2467705383431039.5,6.079868324964631e-07,5.9269986111887976e-18,6.5469020512678824e-24,6.546902051267882e-20,0.9988097111852124,6.5391093469847485e-24,4.906779645587102e-07
28.325000000000003,2467706830284077.0,6.069120580727936e-07,5.916521103821946e-18,6.535328703782576e-24,6.535328703782576e-20,0.9988086596933267,6.527542903280401e-24,4.898105639862331e-07
28.35,2467708277137115.0,6.058401328291947e-07,5.9060713718696586e-18,6.5237860367361426e-24,6.523786036736142e-20,0.9988076082014408,6.516007127770383e-24,4.889454628548017e-07
28.375,2467709723990153.0,6.04771046697521e-07,5.8956493171819715e-18,6.5122739417131336e-24,6.512273941713134e-20,0.9988065567095549,6.504501912071856e-24,4.880826530388823e-07
28.400000000000006,2467711170843190.5,6.037047896540863e-07,5.8852548420423405e-18,6.500792310776856e-24,6.500792310776856e-20,0.9988055052176691,6.493027148280616e-24,4.872221264488234e-07
28.425000000000004,2467712617696228.5,6.026413517194317e-07,5.874887849165369e-18,6.489341036466854e-24,6.489341036466854e-20,0.9988044537257832,6.481582728968584e-24,4.863638750306665e-07
28.450000000000003,2467714064549266.5,6.015807229580881e-07,5.8645482416945e-18,6.477920011796365e-24,6.477920011796366e-20,0.9988034022338974,6.470168547181258e-24,4.855078907659554e-07
28.475,2467715511402304.0,6.005228934783453e-07,5.854235923199762e-18,6.46652913024983e-24,6.46652913024983e-20,0.9988023507420115,6.458784496435226e-24,4.846541656715497e-07
28.5,2467716958255342.0,5.994678534320206e-07,5.843950797675516e-18,6.455168285780402e-24,6.455168285780401e-20,0.9988012992501256,6.447430470715671e-24,4.838026917994382e-07
28.525000000000006,2467718405108379.5,5.98415593014228e-07,5.833692769538201e-18,6.443837372807456e-24,6.443837372807457e-20,0.9988002477582398,6.436106364473893e-24,4.829534612365524e-07
28.550000000000004,2467719851961417.5,5.973661024631524e-07,5.823461743624137e-18,6.4325362862141655e-24,6.432536286214166e-20,0.9987991962663539,6.424812072624866e-24,4.821064661045841e-07
28.575000000000003,2467721298814455.5,5.963193720598195e-07,5.81325762518728e-18,6.421264921345018e-24,6.421264921345018e-20,0.998798144774468,6.413547490544774e-24,4.812616985597999e-07
28.6,2467722745667493.0,5.952753921278718e-07,5.80308031989704e-18,6.410023174003409e-24,6.410023174003409e-20,0.9987970932825823,6.402312514068597e-24,4.80419150792861e-07
28.625,2467724192520531.0,5.942341530333448e-07,5.792929733836094e-18,6.398810940449224e-24,6.398810940449224e-20,0.9987960417906964,6.391107039487688e-24,4.795788150286411e-07
28.650000000000006,2467725639373569.0,5.931956451844431e-07,5.7828057734982116e-18,6.387628117396437e-24,6.387628117396437e-20,0.9987949902988105,6.3799309635473836e-24,4.787406835260476e-07
28.675000000000004,2467727086226606.5,5.921598590313201e-07,5.772708345786101e-18,6.376474602010732e-24,6.376474602010732e-20,0.9987939388069247,6.368784183444617e-24,4.779047485778423e-07
28.700000000000003,2467728533079644.5,5.91126785065857e-07,5.762637358009255e-18,6.3653502919071226e-24,6.365350291907122e-20,0.9987928873150388,6.35766659682554e-24,4.770710025104635e-07
28.725,2467729979932682.0,5.900964138214442e-07,5.752592717881824e-18,6.354255085147603e-24,6.354255085147602e-20,0.998791835823153,6.34657810178318e-24,4.7623943768384983e-07
28.75,2467731426785720.0,5.890687358727642e-07,5.742574333520496e-18,6.343188880238807e-24,6.343188880238807e-20,0.9987907843312671,6.33551859685509e-24,4.7541004649126487e-07
28.775000000000006,2467732873638758.0,5.880437418355753e-07,5.73258211344239e-18,6.3321515761296776e-24,6.332151576129677e-20,0.9987897328393812,6.324487981021027e-24,4.7458282135912256e-07
28.800000000000004,2467734320491795.5,5.870214223664977e-07,5.722615966562968e-18,6.3211430722091685e-24,6.321143072209169e-20,0.9987886813474954,6.313486153700651e-24,4.7375775474681453e-07
28.825000000000003,2467735767344833.5,5.860017681627981e-07,5.712675802193938e-18,6.310163268303919e-24,6.310163268303919e-20,0.9987876298556095,6.302513014751198e-24,4.7293483914653635e-07
28.85,2467737214197871.5,5.849847699621797e-07,5.702761530041208e-18,6.299212064675997e-24,6.299212064675997e-20,0.9987865783637236,6.291568464465226e-24,4.72114067083118e-07
28.875,2467738661050909.0,5.839704185425697e-07,5.6928730602028075e-18,6.288289362020607e-24,6.288289362020607e-20,0.9987855268718379,6.2806524035683254e-24,4.712954311138524e-07
28.900000000000006,2467740107903947.0,5.829587047219108e-07,5.6830103031668636e-18,6.277395061463849e-24,6.277395061463848e-20,0.998784475379952,6.269764733216872e-24,4.704789238283271e-07
28.925000000000004,2467741554756984.5,5.81949619357953e-07,5.673173169809566e-18,6.266529064560474e-24,6.266529064560474e-20,0.9987834238880661,6.25890535499579e-24,4.696645378482563e-07
28.950000000000003,2467743001610022.5,5.809431533480454e-07,5.663361571393138e-18,6.2556912732916405e-24,6.25569127329164e-20,0.9987823723961803,6.2480741709163065e-24,4.688522658273127e-07
28.975,2467744448463060.5,5.799392976289307e-07,5.6535754195638364e-18,6.244881590062708e-24,6.244881590062707e-20,0.9987813209042944,6.237271083413742e-24,4.6804210045096187e-07
29.0,2467745895316098.0,5.789380431765424e-07,5.643814626349969e-18,6.234099917701045e-24,6.234099917701045e-20,0.9987802694124086,6.226495995345324e-24,4.6723403443629847e-07
29.025000000000006,2467747342169136.0,5.77939381005799e-07,5.634079104159894e-18,6.223346159453819e-24,6.223346159453819e-20,0.9987792179205227,6.215748809987974e-24,4.6642806053188013e-07
29.050000000000004,2467748789022174.0,5.769433021704039e-07,5.624368765780064e-18,6.212620218985839e-24,6.212620218985839e-20,0.9987781664286368,6.205029431036152e-24,4.656241715175657e-07
29.075000000000003,2467750235875211.5,5.759497977626436e-07,5.614683524373064e-18,6.201922000377383e-24,6.201922000377383e-20,0.998777114936751,6.1943377625996864e-24,4.6482236020435314e-07
29.1,2467751682728249.5,5.749588589131878e-07,5.6050232934756595e-18,6.191251408122047e-24,6.191251408122047e-20,0.9987760634448651,6.183673709201616e-24,4.640226194342174e-07
29.125,2467753129581287.0,5.739704767908919e-07,5.5953879869968706e-18,6.180608347124614e-24,6.180608347124614e-20,0.9987750119529792,6.17303717577607e-24,4.6322494207995136e-07
29.150000000000006,2467754576434325.0,5.72984642602599e-07,5.585777519216043e-18,6.169992722698929e-24,6.169992722698928e-20,0.9987739604610935,6.162428067666134e-24,4.6242932104500605e-07
29.175000000000004,2467756023287363.0,5.720013475929448e-07,5.576191804780948e-18,6.15940444056579e-24,6.15940444056579e-20,0.9987729089692076,6.151846290621748e-24,4.6163574926333326e-07
29.200000000000003,2467757470140400.5,5.710205830441617e-07,5.566630758705868e-18,6.148843406850843e-24,6.148843406850843e-20,0.9987718574773217,6.1412917507975985e-24,4.60844219699227e-07
29.225,2467758916993438.5,5.700423402758849e-07,5.5570942963697105e-18,6.1383095280824945e-24,6.138309528082495e-20,0.9987708059854359,6.1307643547510336e-24,4.6005472534716776e-07
29.25,2467760363846476.5,5.690666106449616e-07,5.5475823335141474e-18,6.127802711189859e-24,6.127802711189858e-20,0.99876975449355,6.120264009440005e-24,4.59267259231668e-07
29.275000000000006,2467761810699514.0,5.680933855452576e-07,5.5380947862417265e-18,6.117322863500666e-24,6.117322863500665e-20,0.9987687030016642,6.109790622220987e-24,4.584818144071158e-07
29.300000000000004,2467763257552552.0,5.67122656407469e-07,5.528631571014039e-18,6.106869892739245e-24,6.106869892739246e-20,0.9987676515097783,6.0993441008469475e-24,4.5769838395762367e-07
29.325000000000003,2467764704405589.5,5.661544146989312e-07,5.51919260464986e-18,6.0964437070244664e-24,6.096443707024466e-20,0.9987666000178924,6.088924353465302e-24,4.5691696099687416e-07
29.35,2467766151258627.5,5.651886519234326e-07,5.509777804323322e-18,6.086044214867723e-24,6.086044214867723e-20,0.9987655485260066,6.07853128861589e-24,4.5613753866796867e-07
29.375,2467767598111665.5,5.642253596210263e-07,5.500387087562093e-18,6.0756713251709195e-24,6.07567132517092e-20,0.9987644970341207,6.068164815228963e-24,4.553601101432768e-07
29.400000000000006,2467769044964703.0,5.632645293678456e-07,5.491020372245568e-18,6.065324947224477e-24,6.065324947224477e-20,0.9987634455422348,6.0578248426231925e-24,4.5458466862428655e-07
29.425000000000004,2467770491817741.0,5.623061527759193e-07,5.4816775766030724e-18,6.055004990705344e-24,6.055004990705344e-20,0.9987623940503491,6.047511280503681e-24,4.5381120734145555e-07
29.450000000000003,2467771938670779.0,5.613502214929877e-07,5.472358619212065e-18,6.0447113656750136e-24,6.044711365675013e-20,0.9987613425584632,6.037224038959978e-24,4.530397195540623e-07
29.475,2467773385523816.5,5.603967272023197e-07,5.4630634189963625e-18,6.034443982577564e-24,6.034443982577564e-20,0.9987602910665773,6.026963028464123e-24,4.5227019855005927e-07
29.5,2467774832376854.5,5.594456616225327e-07,5.453791895224374e-18,6.024202752237705e-24,6.024202752237705e-20,0.9987592395746915,6.016728159868694e-24,4.5150263764592665e-07
29.525000000000006,2467776279229892.5,5.584970165074117e-07,5.444543967507344e-18,6.013987585858839e-24,6.013987585858839e-20,0.9987581880828056,6.00651934440486e-24,4.507370301865268e-07
29.550000000000004,2467777726082930.0,5.575507836457311e-07,5.435319555797614e-18,6.003798395021141e-24,6.00379839502114e-20,0.9987571365909198,5.996336493680474e-24,4.4997336954496066e-07
29.575000000000003,2467779172935968.0,5.566069548610739e-07,5.4261185803868585e-18,5.993635091679611e-24,5.993635091679611e-20,0.9987560850990339,5.986179519678117e-24,4.492116491224215e-07
29.6,2467780619789005.5,5.556655220116583e-07,5.416940961904395e-18,5.9834975881622034e-24,5.983497588162203e-20,0.998755033607148,5.97604833475323e-24,4.484518623480547e-07
29.625,2467782066642043.5,5.547264769901588e-07,5.407786621315442e-18,5.9733857971679085e-24,5.973385797167908e-20,0.9987539821152622,5.9659428516321986e-24,4.476940026788142e-07
29.650000000000006,2467783513495081.5,5.537898117235327e-07,5.3986554799194245e-18,5.963299631764874e-24,5.963299631764874e-20,0.9987529306233763,5.9558629834104684e-24,4.469380635993216e-07
29.675000000000004,2467784960348119.0,5.528555181728463e-07,5.389547459348284e-18,5.9532390053885454e-24,5.953239005388545e-20,0.9987518791314904,5.945808643550695e-24,4.461840386217268e-07
29.700000000000003,2467786407201157.0,5.519235883331012e-07,5.380462481564777e-18,5.943203831839781e-24,5.943203831839781e-20,0.9987508276396047,5.935779745880851e-24,4.4543192128556664e-07
29.725,2467787854054195.0,5.509940142330626e-07,5.371400468860813e-18,5.933194025283019e-24,5.933194025283018e-20,0.9987497761477188,5.925776204592397e-24,4.4468170515762756e-07
29.75,2467789300907232.5,5.50066787935089e-07,5.362361343855784e-18,5.923209500244431e-24,5.923209500244431e-20,0.9987487246558329,5.915797934238439e-24,4.439333838318074e-07
29.775000000000006,2467790747760270.5,5.491419015349617e-07,5.353345029494907e-18,5.9132501716100915e-24,5.913250171610091e-20,0.9987476731639471,5.9058448497318895e-24,4.431869509289778e-07
29.800000000000004,2467792194613308.0,5.48219347161717e-07,5.3443514490475886e-18,5.9033159546241724e-24,5.903315954624173e-20,0.9987466216720612,5.895916866343671e-24,4.424424000968493e-07
29.825000000000003,2467793641466346.0,5.472991169774768e-07,5.3353805261057705e-18,5.893406764887113e-24,5.893406764887113e-20,0.9987455701801754,5.886013899700882e-24,4.4169972500983395e-07
29.85,2467795088319384.0,5.463812031772831e-07,5.326432184582321e-18,5.8835225183538465e-24,5.883522518353846e-20,0.9987445186882895,5.8761358657850256e-24,4.4095891936891244e-07
29.875,2467796535172421.5,5.454655979889318e-07,5.317506348709408e-18,5.873663131332001e-24,5.873663131332001e-20,0.9987434671964036,5.866282680930208e-24,4.402199769014993e-07
29.900000000000006,2467797982025459.5,5.445522936728065e-07,5.308602943036887e-18,5.8638285204801166e-24,5.863828520480117e-20,0.9987424157045178,5.8564542618213605e-24,4.394828913613094e-07
29.925000000000004,2467799428878497.5,5.436412825217172e-07,5.299721892430721e-18,5.8540186028059065e-24,5.854018602805907e-20,0.9987413642126319,5.846650525492497e-24,4.387476565282271e-07
29.950000000000003,2467800875731535.0,5.427325568607356e-07,5.290863122071378e-18,5.84423329566448e-24,5.844233295664479e-20,0.998740312720746,5.836871389324939e-24,4.380142662081738e-07
29.975,2467802322584573.0,5.41826109047032e-07,5.282026557452247e-18,5.834472516756595e-24,5.834472516756595e-20,0.9987392612288603,5.8271167710455705e-24,4.3728271423297647e-07
30.0,2467803769437610.5,5.40921931469717e-07,5.2732121243780805e-18,5.8247361841269426e-24,5.824736184126942e-20,0.9987382097369744,5.817386588725118e-24,4.365529944602392e-07
