event_id,beta_norm,nu_in_Hframe_Hz,nu_in_initial_rest_Hz,nu_out_initial_rest_Hz,mu_initial_rest,four_momentum_relative,initial_mass_shell_relative,final_mass_shell_relative,incoming_null_absolute,outgoing_null_absolute,reverse_photon_relative,reverse_atom_relative,reverse_four_momentum_relative,same_event_transfer_absolute
0,0.04341208325953502,2605737679236859.5,2713782342101453.5,2713782313634105.0,0.122561636228797,1.5930495595743094e-17,1.659093532133914e-16,1.659093532133914e-16,4.636507688359277e-69,4.636507688359277e-69,5.002469497743659e-16,0.0,4.3092615635057205e-17,0.0
1,0.24468127671943304,1487034348184717.0,1685814381931010.0,1685814377019419.5,0.6076964374844482,2.269472087492506e-17,3.318187064267828e-16,1.659093532133914e-16,2.3182538441796384e-69,0.0,2.782729314084523e-16,0.0,3.572083636397716e-17,0.0
2,0.4995292091737055,4795897357553351.0,5619728854756496.0,5619728616913529.0,-0.7095398287187571,1.8735244344743086e-17,1.659093532133914e-16,1.659093532133914e-16,1.8546030753437107e-68,0.0,5.176942411280307e-16,0.0,2.764812034583185e-17,0.0
3,0.2554555771700617,3283988925161972.0,3851825206498379.5,3851825091278384.5,-0.7628458568378039,3.909660433994021e-17,1.659093532133914e-16,3.318187064267828e-16,9.273015376718553e-69,5.563809226031132e-68,4.3789343016306965e-16,0.0,2.948554756466664e-17,0.0
4,0.4208873182467855,4210839635239549.0,5389259776951827.0,5389259525448223.0,-0.9656473851637709,1.9218849926463063e-17,1.659093532133914e-16,3.318187064267828e-16,1.8546030753437107e-68,0.0,1.9320555897964044e-16,0.0,3.894862952422494e-17,0.0
5,0.5670472911990869,3609934021763837.0,6032340005949974.0,6032339974577678.0,0.8042984343529789,2.7230764931722266e-17,0.0,0.0,9.273015376718553e-69,2.781904613015566e-68,1.430650451896596e-16,0.0,1.956033115772401e-17,0.0
6,0.22478238251479765,1439177961771839.8,1288476571457019.0,1288476567552604.8,0.4661460547918314,1.3356889921803325e-17,0.0,0.0,1.1591269220898192e-69,0.0,0.0,0.0,2.4679093177263913e-17,0.0
7,0.22147415806881393,1419723178013069.5,1213366170507969.5,1213366170007090.2,0.9227730450192008,3.4420686548013765e-17,1.659093532133914e-16,3.318187064267828e-16,1.1591269220898192e-69,0.0,1.906565045331439e-16,0.0,1.2662022084758902e-17,0.0
8,0.44080577168000035,3340596706015009.5,3980848500480928.0,3980848378944468.0,-0.7409043568499771,1.8247066021009274e-17,0.0,0.0,0.0,3.7092061506874214e-68,2.833026877971368e-16,0.0,7.294516519839724e-18,0.0
9,0.257749184972724,1541752552185358.0,1784654889764391.5,1784654888516142.8,0.911036421313137,5.483627645475507e-18,0.0,1.659093532133914e-16,4.636507688359277e-69,2.3182538441796384e-69,1.8609967714385343e-16,0.0,5.150969533748646e-18,0.0
10,0.11072005615109795,4489919436873220.5,4491546752479322.0,4491546602299823.5,-0.689812161963766,3.944463781680448e-17,0.0,3.318187064267828e-16,0.0,5.563809226031132e-68,6.390307359216628e-18,0.0,4.142804011897008e-17,0.0
11,0.5254816859650484,2506119546758371.0,3966734437600071.5,3966734396930965.0,0.4132974283693434,2.6337221639758992e-17,3.318187064267828e-16,1.659093532133914e-16,0.0,1.8546030753437107e-68,5.019251010996849e-16,0.0,3.678837492772482e-17,0.0
12,0.589170120943664,1582951234183849.2,807510721371431.9,807510717648526.2,-0.29600013827023897,3.1993531617717e-17,0.0,0.0,2.3182538441796384e-69,0.0,5.437684610897181e-16,0.0,3.094922437359813e-17,0.0
13,0.20208332299850323,3902300929524914.5,4288143533062346.5,4288143425019256.0,-0.3337609492783797,6.909400720988529e-18,1.659093532133914e-16,1.659093532133914e-16,9.273015376718553e-69,0.0,6.891054773242829e-16,0.0,2.3935485272288128e-18,0.0
14,0.022695408708383668,3018015135637658.5,2980923920981562.0,2980923911655010.0,0.7617466758256272,3.102279302423952e-18,0.0,1.659093532133914e-16,1.8546030753437107e-68,1.8546030753437107e-68,1.6049492798790233e-16,0.0,4.3025512124044676e-17,0.0
15,0.3725394992316984,3721169320798999.0,3774284230979465.5,3774284138879261.5,-0.4676111834665639,3.165253714393797e-17,3.318187064267828e-16,4.977280596401743e-16,0.0,0.0,1.8505128520352344e-16,0.0,1.3950511802439228e-17,0.0
16,0.048183965308773426,3980504951594482.5,4073103819803497.0,4073103695942450.0,-0.6947413130753106,4.0009685298370284e-17,0.0,1.659093532133914e-16,9.273015376718553e-69,2.781904613015566e-68,4.0425397347419913e-16,0.0,4.765319636201641e-17,0.0
17,0.2696479437745743,3354759603458967.0,3631696104662405.5,3631696000051867.0,-0.8004292731229934,2.0590719762507023e-17,1.659093532133914e-16,3.318187064267828e-16,9.273015376718553e-69,1.8546030753437107e-68,1.4105332982496215e-16,0.0,9.24277140225051e-18,0.0
18,0.4137566842517239,3573823599045532.5,5422221479603300.0,5422221249954887.0,-0.7730809966824571,2.4287802784280492e-17,3.318187064267828e-16,3.318187064267828e-16,0.0,0.0,2.0310338913190043e-16,0.0,2.9904768563027856e-17,0.0
19,0.2989441571084835,3610788914277603.0,3594731573043215.5,3594731496011950.0,-0.35317425661424784,4.155216895672064e-17,1.659093532133914e-16,0.0,1.8546030753437107e-68,0.0,6.674788074506995e-16,0.0,7.511111103812655e-18,0.0
20,0.5394152704477294,3444462093815566.5,2284130246122149.5,2284130203240362.0,-0.8657385084335638,1.6645274072628044e-17,1.659093532133914e-16,0.0,9.273015376718553e-69,4.636507688359277e-69,1.7631038468025792e-16,0.0,1.657884885288168e-17,0.0
21,0.26638742204962307,2822914242728292.5,3007513123179424.5,3007513063305526.0,-0.5025955494633652,2.871348898124634e-18,4.977280596401743e-16,4.977280596401743e-16,4.636507688359277e-69,4.636507688359277e-69,2.6968012472057586e-16,0.0,3.614295267675019e-17,0.0
22,0.5525074311092165,1588246767378466.2,2769631237462315.0,2769631214839234.0,0.330535622200105,3.074189443539149e-17,1.659093532133914e-16,0.0,0.0,1.8546030753437107e-68,1.0839108560100846e-16,0.0,1.77951328075565e-17,0.0
23,0.21477339367232942,1976454715832967.0,2298913946118827.5,2298913920274445.5,-0.11004438259167519,1.3891982491354808e-17,0.0,0.0,4.636507688359277e-69,0.0,2.0986816751591513e-16,0.0,6.834493598388201e-18,0.0
24,0.2933775247102714,2614159811292890.0,2755790872040526.5,2755790831151770.5,-0.22216826801902734,1.7022695498140553e-17,1.659093532133914e-16,1.659093532133914e-16,9.273015376718553e-69,4.636507688359277e-69,8.780477795058896e-17,0.0,2.2270196369879698e-17,0.0
25,0.14176794841731,1674487161737164.0,1923042047992395.5,1923042033727181.8,0.12437058826851222,4.3948580113272335e-17,0.0,0.0,2.3182538441796384e-69,4.636507688359277e-69,4.774013590644115e-16,0.0,2.7734917587132157e-18,0.0
26,0.36686485579988026,2497842729826907.0,3238555977655784.5,3238555889658158.0,-0.9045297820095404,6.48942466498742e-18,1.659093532133914e-16,1.659093532133914e-16,4.636507688359277e-69,0.0,2.1118037424244954e-16,0.0,1.364046337282776e-17,0.0
27,0.0865241178242124,2659440186907832.5,2643496257612072.5,2643496218888369.0,-0.25787969695619817,1.5353158115803608e-17,1.659093532133914e-16,0.0,0.0,9.273015376718553e-69,3.584714770297988e-16,0.0,2.7300860707219777e-17,0.0
28,0.30869375737027327,2859287043622047.5,2406953373301223.0,2406953336845804.0,-0.4283885609244027,1.6104298289155987e-17,1.659093532133914e-16,1.659093532133914e-16,1.390952306507783e-68,4.636507688359277e-69,1.390442883737533e-16,0.0,2.0248871693851346e-17,0.0
29,0.41167491754450625,2983889414183903.5,2646414507354499.5,2646414463765370.5,-0.4128045064488373,3.11643358470163e-17,0.0,1.659093532133914e-16,9.273015376718553e-69,9.273015376718553e-69,6.450358146762653e-17,0.0,1.3751941473807624e-17,0.0
30,0.34137629195609137,2418102329721323.5,2663187630525852.0,2663187588713440.5,-0.33820088607523735,1.1099090107966343e-17,1.659093532133914e-16,1.659093532133914e-16,4.636507688359277e-69,0.0,4.997962890439533e-16,0.0,3.140375308393542e-17,0.0
31,0.2873795115390786,2942180821318720.0,3329090558300708.0,3329090540182361.0,0.6289034095651672,1.8639822160929665e-17,3.318187064267828e-16,3.318187064267828e-16,9.273015376718553e-69,9.273015376718553e-69,1.744479718568594e-16,0.0,6.545231488637002e-18,0.0
32,0.11580368080001441,2562474320156223.0,2761511687916407.0,2761511643996489.5,-0.3073364370560118,4.3216158309335794e-17,1.659093532133914e-16,1.659093532133914e-16,4.636507688359277e-69,9.273015376718553e-69,3.381412806016066e-16,0.0,9.481377682634911e-18,0.0
33,0.06915168592034311,4329364151939852.5,4170245279298958.5,4170245172673379.0,-0.3917391122023902,2.4123778725907415e-18,3.318187064267828e-16,3.318187064267828e-16,1.8546030753437107e-68,3.7092061506874214e-68,2.448513509946469e-16,0.0,1.5930838685212395e-17,0.0
34,0.5643057772243225,3817117766506480.0,4592950918432215.0,4592950799862186.0,-0.2758832692629363,1.774571234420367e-17,0.0,0.0,0.0,0.0,2.7059965426636844e-16,0.0,2.283997322249631e-17,0.0
35,0.3698199040344464,2934867629209403.5,2290813776629708.5,2290813749723688.0,-0.16382993453601685,3.3541269642813475e-17,0.0,1.659093532133914e-16,9.273015376718553e-69,1.8546030753437107e-68,1.8026492662073435e-16,0.0,4.804670351123805e-18,0.0
36,0.31511659544175447,2874496573150608.5,2320305270291885.5,2320305223775573.5,-0.9612576215805497,2.1896696649384982e-17,0.0,3.318187064267828e-16,9.273015376718553e-69,0.0,6.237927121672275e-16,0.0,2.220581909068725e-17,0.0
37,0.15152504455596158,4629950457251874.0,5209091571137052.0,5209091418626182.0,-0.2758406688500351,3.745283991967052e-18,0.0,1.659093532133914e-16,1.8546030753437107e-68,1.8546030753437107e-68,2.0440824030373176e-16,0.0,3.531371912332747e-17,0.0
38,0.07874167987617536,4130336890054234.0,4416796685692145.0,4416796603084514.5,0.038775185878367015,8.221204528736667e-18,3.318187064267828e-16,4.977280596401743e-16,1.8546030753437107e-68,0.0,2.5205514100033315e-16,0.0,2.0016496144368522e-17,0.0
39,0.5014300426443158,4030444428416771.0,4309356110597729.5,4309356060487937.5,0.3874839814374229,3.955798247545894e-17,0.0,3.318187064267828e-16,9.273015376718553e-69,0.0,4.187560522109391e-16,0.0,2.5447971414872226e-17,0.0
40,0.3007610383000806,2057049773337575.2,2421627401268676.0,2421627370342162.0,-0.1971151964605487,1.2571361326870708e-17,0.0,0.0,2.3182538441796384e-69,9.273015376718553e-69,2.952259321328188e-16,0.0,5.4741223600471975e-18,0.0
41,0.17146978586334186,4856402452549512.0,4213333365802450.0,4213333324601807.0,0.4731682154635507,8.217762346318155e-18,1.659093532133914e-16,1.659093532133914e-16,1.8546030753437107e-68,0.0,1.437495451948269e-16,0.0,5.834300600234566e-18,0.0
42,0.09294329691983783,2656453864540670.0,2511031088971469.0,2511031045713190.0,-0.5573444492381393,4.540909107988803e-17,3.318187064267828e-16,3.318187064267828e-16,4.636507688359277e-69,4.636507688359277e-69,8.640681655414896e-17,0.0,3.8743534983106015e-18,0.0
43,0.14151782905495439,1756200841291177.0,1728626989607283.2,1728626964735588.2,-0.8893935414921696,8.190626552533158e-18,3.318187064267828e-16,4.977280596401743e-16,2.3182538441796384e-69,2.3182538441796384e-69,3.825878075959607e-16,0.0,8.892244517072207e-18,0.0
44,0.07199520554609744,1617982539246068.5,1561677100573495.2,1561677099382624.5,0.8891586440832082,3.263374934855295e-17,3.318187064267828e-16,1.659093532133914e-16,2.3182538441796384e-69,4.636507688359277e-69,3.191971244609264e-16,0.0,3.918369130207837e-18,0.0
45,0.23845888945033258,1457969714909409.5,1234710942576676.2,1234710939714041.0,0.5737592030660421,2.4549926265308823e-17,0.0,0.0,0.0,1.1591269220898192e-69,1.1304953043371826e-16,0.0,2.9529669735143754e-17,0.0
46,0.08678973768462248,3498459483823721.5,3368807406302131.0,3368807356412264.5,0.0021170552474609654,4.163325120822666e-17,4.977280596401743e-16,3.318187064267828e-16,0.0,9.273015376718553e-69,9.648315403674816e-16,0.0,3.2678008106070034e-17,0.0
47,0.01346222592836801,1561607476226000.5,1569495028528761.2,1569495013425039.8,-0.39182201345854784,2.2776145104583008e-17,1.659093532133914e-16,1.659093532133914e-16,2.3182538441796384e-69,0.0,4.1084066012831325e-17,0.0,2.1202207252675e-17,0.0
48,0.11374466351654301,3632037140149313.0,3891809958775531.5,3891809867401662.0,-0.3694254366825609,4.940340967007307e-18,0.0,0.0,9.273015376718553e-69,9.273015376718553e-69,1.3028501487479382e-16,0.0,7.313102599853856e-18,0.0
49,0.351105391177058,4865138896342464.0,3585663494879475.0,3585663430560851.0,-0.13557888852375197,3.2425096979237096e-17,3.318187064267828e-16,0.0,0.0,0.0,4.71796852358084e-17,0.0,1.0521393062419057e-17,0.0
50,0.02137896697685422,1882131936142220.0,1845591086926550.0,1845591066473759.5,-0.3630168349535083,3.190282544183442e-17,0.0,1.659093532133914e-16,2.3182538441796384e-69,0.0,1.3635002606863374e-16,0.0,4.3535378917514966e-18,0.0
51,0.4610732380718228,3103439919999199.5,3009190022753693.0,3009190005297529.5,0.5624081824081487,1.536357545938148e-17,0.0,3.318187064267828e-16,0.0,1.8546030753437107e-68,2.2188512844610014e-16,0.0,3.7546693296767484e-17,0.0
52,0.43138974598045066,3064657193301984.0,2781072783944188.0,2781072744340335.5,-0.16233776611466427,3.6391807217075726e-17,3.318187064267828e-16,3.318187064267828e-16,0.0,0.0,2.7519165794980177e-16,0.0,3.5104488237048705e-17,0.0
53,0.015418315496496878,3610608943664206.5,3571690971426795.5,3571690910804599.5,-0.07870709945147243,4.58016210780037e-17,3.318187064267828e-16,4.977280596401743e-16,1.8546030753437107e-68,1.8546030753437107e-68,3.4421135644377666e-16,0.0,2.2914464340750026e-17,0.0
54,0.5657766154590176,4347873486195655.5,6818109866480981.0,6818109629817495.0,-0.15564087863940232,1.3747661929733509e-17,0.0,3.318187064267828e-16,1.8546030753437107e-68,7.418412301374843e-68,6.444163019764585e-16,0.0,2.9859055705947874e-17,0.0
55,0.18644076223559325,1691091936640547.2,1993454044174466.2,1993454011684703.0,-0.8558963436989508,4.187693582354046e-17,3.318187064267828e-16,1.659093532133914e-16,0.0,4.636507688359277e-69,1.481538701947774e-16,0.0,4.202390883723706e-17,0.0
56,0.5430175295932027,1518447281021699.2,1619448872790601.8,1619448855091277.0,-0.5319402810348921,7.893048125735279e-18,3.318187064267828e-16,3.318187064267828e-16,2.3182538441796384e-69,4.636507688359277e-69,1.5145971785605765e-16,0.0,2.042715169239619e-17,0.0
57,0.2811134017145799,2851566738218590.5,2956323496617074.0,2956323478394323.0,0.5267074681480969,2.353375326004804e-17,1.659093532133914e-16,1.659093532133914e-16,9.273015376718553e-69,4.636507688359277e-69,1.451137024528927e-16,0.0,8.924707329960126e-18,0.0
58,0.06798462256245798,2374055430786289.0,2467145960759332.5,2467145950414474.0,0.6142068875435885,3.0549718447321053e-17,3.318187064267828e-16,1.659093532133914e-16,4.636507688359277e-69,4.636507688359277e-69,4.834253631599144e-17,0.0,7.899193336103865e-18,0.0
59,0.14731503942568472,3236968157330484.0,3266102089718452.0,3266102028481549.0,-0.30308676407587104,3.401922746361279e-17,3.318187064267828e-16,3.318187064267828e-16,9.273015376718553e-69,0.0,1.418214270894917e-16,0.0,4.063119845043468e-18,0.0
60,0.18306299657274036,2056042528813819.0,1774127409898619.0,1774127385522311.2,-0.7579962223122085,3.382752548283312e-17,3.318187064267828e-16,1.659093532133914e-16,0.0,4.636507688359277e-69,5.992508522622856e-16,0.0,4.6735992539827877e-17,0.0
61,0.2478085786074135,2563907928292447.5,2431447372322764.5,2431447325037708.5,-0.8155732746424915,1.6935334112513568e-17,3.318187064267828e-16,3.318187064267828e-16,4.636507688359277e-69,0.0,3.483531635645555e-16,0.0,3.6499231805480786e-17,0.0
62,0.24792029350892061,2584519109045496.0,2624222763224272.5,2624222718191402.5,-0.4843894248246859,4.510964778313913e-17,1.659093532133914e-16,0.0,9.273015376718553e-69,4.636507688359277e-69,3.3525708712842944e-16,0.0,1.1795380124353385e-17,0.0
63,0.59222841910195,2243081413707422.5,4064476050868669.5,4064476050581424.5,0.996053029900998,2.9571756635511964e-17,3.318187064267828e-16,1.659093532133914e-16,0.0,4.636507688359277e-69,3.338172253716077e-16,0.0,3.549297952857026e-17,0.0
64,0.5310254371047638,3363615975707959.0,5450854421750671.0,5450854393417492.0,0.7835359580031628,1.0295143151199479e-17,3.318187064267828e-16,3.318187064267828e-16,0.0,0.0,1.4476051952876372e-16,0.0,3.690962150677871e-17,0.0
65,0.008178451243171578,3733109821976156.0,3715612515949896.5,3715612413540860.5,-0.6838254605836953,7.809020265749037e-18,1.659093532133914e-16,3.318187064267828e-16,0.0,3.7092061506874214e-68,4.499973290046322e-16,0.0,2.3486761688624913e-17,0.0
66,0.48815428136083544,1663179817960673.2,2479483637579534.5,2479483629358840.5,0.696467216127424,3.637617146692181e-17,1.659093532133914e-16,0.0,2.3182538441796384e-69,1.390952306507783e-68,5.41855381709223e-16,0.0,1.9574858308082984e-17,0.0
67,0.4928266349592546,1434096101223585.0,2089923000171706.5,2089922962723512.2,-0.9462110329416697,3.390201362717833e-17,3.318187064267828e-16,3.318187064267828e-16,0.0,9.273015376718553e-69,1.8006302838236857e-16,0.0,2.4409015833166918e-17,0.0
68,0.3910707044279246,4312820192324466.0,5765434283033293.0,5765434211610092.0,0.5122526893508654,3.550143459725445e-17,3.318187064267828e-16,6.636374128535656e-16,0.0,0.0,6.097314360125787e-16,0.0,3.665556916047076e-17,0.0
69,0.2926314569541432,2533382194051925.5,3130116576348494.0,3130116538839485.5,0.13097117496574223,1.9093010178552607e-17,0.0,1.659093532133914e-16,4.636507688359277e-69,9.273015376718553e-69,2.265111461437282e-16,0.0,1.0670538883138044e-17,0.0
70,0.05244635629913499,3053790211590691.0,3092358031383735.5,3092357992161506.0,0.06895137895380225,1.873872778050048e-17,1.659093532133914e-16,1.659093532133914e-16,0.0,0.0,2.1589274997542959e-16,0.0,1.1889233757410125e-17,0.0
71,0.1097575768561855,3614211632354869.5,3384027842691563.5,3384027841310336.0,0.9726210323394077,3.8386546593518663e-17,0.0,1.659093532133914e-16,9.273015376718553e-69,1.8546030753437107e-68,1.885325181949075e-16,0.0,3.211650461690366e-18,0.0
72,0.5554466807420272,2674214375625393.0,1535199021321872.5,1535199016559646.8,0.5413301041221864,1.825532091124592e-17,3.318187064267828e-16,4.977280596401743e-16,4.636507688359277e-69,9.273015376718553e-69,2.1458238712093384e-16,0.0,2.5041802728919128e-17,0.0
73,0.4089877257121571,1594243258774731.2,2416304274941281.0,2416304253830401.0,0.17922765195871881,4.250362864360303e-18,1.659093532133914e-16,3.318187064267828e-16,2.3182538441796384e-69,0.0,1.439778531253363e-16,0.0,2.6876269282124495e-17,0.0
74,0.3124505764505207,1390588705934185.0,1038142650363781.1,1038142642561674.2,-0.6433022455361145,2.042530707466625e-17,3.318187064267828e-16,4.977280596401743e-16,0.0,5.795634610449096e-70,2.9757282322844e-16,0.0,9.754925516144061e-18,0.0
75,0.33709238373001976,2683875481279460.5,2303966347798426.5,2303966321645722.0,-0.11836603520441842,3.6895844107654807e-17,1.659093532133914e-16,0.0,9.273015376718553e-69,9.273015376718553e-69,5.492877280742433e-16,0.0,1.8078887014907433e-17,0.0
76,0.48436289596812543,3754715599133785.5,5372304822905147.0,5372304724302825.0,0.22449344168413105,3.3797329679535126e-17,0.0,3.318187064267828e-16,0.0,3.7092061506874214e-68,3.1321163717767115e-16,0.0,1.3597879431645941e-17,0.0
77,0.5546412658396213,4427501624173528.0,3850098086607005.5,3850098069974565.0,0.7452982023495383,1.72060746651868e-17,0.0,3.318187064267828e-16,1.8546030753437107e-68,0.0,2.499787155040388e-16,0.0,2.9426792108702006e-17,0.0
78,0.009996129251329979,1481643580149464.5,1491550395686242.5,1491550391708522.8,0.5941384282860585,1.3736745221307243e-17,4.977280596401743e-16,4.977280596401743e-16,0.0,0.0,7.21718229393486e-16,0.0,2.4844574154644562e-17,0.0
79,0.58373595790134,2033721383119168.5,1181459221029426.5,1181459217041120.0,0.35140939873182636,2.7204901032000232e-17,3.318187064267828e-16,3.318187064267828e-16,4.636507688359277e-69,1.1591269220898192e-69,3.397682845966144e-16,0.0,3.3278467018823216e-17,0.0
80,0.3378630763575573,1244015104063374.2,1471321233952024.5,1471321217278674.2,-0.7483464187076434,2.5856068392948e-17,0.0,3.318187064267828e-16,1.1591269220898192e-69,2.3182538441796384e-69,2.917390965571171e-16,0.0,4.0296411886298216e-17,0.0
81,0.1943494358726123,2780924396311593.5,2721582796497522.0,2721582783134490.0,0.5904739619580502,2.068439648830604e-17,1.659093532133914e-16,1.659093532133914e-16,0.0,4.636507688359277e-69,2.0217931735004816e-16,0.0,9.052099641469838e-18,0.0
82,0.006311709294398659,1530613865018343.8,1536720995564106.5,1536720983607401.2,-0.14932036259854098,3.527381207074025e-17,0.0,3.318187064267828e-16,2.3182538441796384e-69,0.0,1.5457850723980142e-16,0.0,3.542376018528266e-17,0.0
83,0.04743286707424719,2321786379283681.5,2316404154899373.5,2316404130991941.5,-0.011402155681037768,2.984758621867996e-17,3.318187064267828e-16,0.0,0.0,0.0,9.886168848520088e-17,0.0,2.245431496224324e-17,0.0
84,0.5657527262266068,1279517604811342.8,788015948723542.2,788015945360716.1,-0.22928905510596548,1.635442664894554e-17,0.0,0.0,1.1591269220898192e-69,1.1591269220898192e-69,1.2684957578485914e-16,0.0,8.444249973746742e-18,0.0
85,0.008740922656294602,2921730776916539.5,2928408610402160.0,2928408566757508.5,-0.15528012344909572,4.515590336749994e-17,1.659093532133914e-16,0.0,4.636507688359277e-69,9.273015376718553e-69,1.964038948860367e-16,0.0,3.869503301704233e-18,0.0
86,0.3184220879832871,2913758571180825.5,3826341520105962.5,3826341483651267.5,0.43479547333970486,3.391435375651394e-17,0.0,0.0,0.0,1.8546030753437107e-68,1.181647601288245e-16,0.0,1.1924596837033016e-17,0.0
87,0.11842676539066302,1468815383007717.8,1496451598488205.5,1496451597010312.2,0.8501912028449956,1.2318839104243547e-17,1.659093532133914e-16,3.318187064267828e-16,0.0,4.636507688359277e-69,0.0,0.0,4.1571114238073394e-17,0.0
88,0.4125262692222917,3316120704015415.5,4994633629738682.0,4994633611390968.0,0.8330469728064565,1.3092947650001996e-18,0.0,0.0,9.273015376718553e-69,2.781904613015566e-68,3.095529523359676e-16,0.0,2.0159176247522192e-17,0.0
89,0.16411673142241043,2141892963149973.5,1849987098023887.2,1849987068029321.8,-0.9894122860995482,4.121423273229602e-17,3.318187064267828e-16,0.0,4.636507688359277e-69,0.0,3.2260903676234313e-16,0.0,1.7515742862155113e-17,0.0
90,0.2712257021438426,4412245421914407.5,4822262274739756.0,4822262173033568.0,0.007191813041780363,1.9945284754461396e-17,0.0,0.0,0.0,1.8546030753437107e-68,6.762915698280303e-16,0.0,9.161823631318191e-18,0.0
91,0.17375885400806038,3000897007332904.0,3189766335106793.0,3189766262922854.0,-0.6104322655623834,7.123912159967226e-18,1.659093532133914e-16,1.659093532133914e-16,9.273015376718553e-69,9.273015376718553e-69,1.710346859159174e-16,0.0,2.58052523250717e-17,0.0
92,0.01576815102441675,4088814469363842.0,4096277957444566.0,4096277866337989.5,-0.2325101748601935,2.883987213636933e-17,0.0,0.0,9.273015376718553e-69,0.0,1.263093196878864e-16,0.0,1.6347675277292154e-17,0.0
93,0.44642389858514714,3846662198885336.5,3185555031493212.5,3185554996289907.5,0.21253215671704875,2.8994660214375074e-17,3.318187064267828e-16,4.977280596401743e-16,0.0,0.0,6.597671178322213e-16,0.0,2.1816242876895348e-17,0.0
94,0.4610056899386888,4914946279276021.0,3991841915803815.0,3991841823152080.0,-0.31985588436208995,1.2934377779246547e-17,1.659093532133914e-16,0.0,1.8546030753437107e-68,1.8546030753437107e-68,1.1439502368908744e-16,0.0,2.585223145372464e-17,0.0
95,0.1090413764302487,2147312519429739.5,2289721904983199.0,2289721886434519.5,0.19690460465812631,3.260549752832692e-18,3.318187064267828e-16,3.318187064267828e-16,4.636507688359277e-69,0.0,2.449258806378496e-16,0.0,7.037288633823089e-18,0.0
96,0.25222017446520206,3882296200554368.5,3771994202591638.0,3771994186850713.0,0.7488646519020287,2.0903331980116573e-18,0.0,1.659093532133914e-16,9.273015376718553e-69,0.0,9.243988841263876e-16,0.0,1.2083132683461947e-17,0.0
97,0.2756837134217299,1971635979783452.2,2013243751862498.5,2013243749906566.0,0.8904579832233459,3.583841275154199e-17,1.659093532133914e-16,3.318187064267828e-16,2.3182538441796384e-69,0.0,3.638091097182656e-18,0.0,1.8572813264527866e-17,0.0
98,0.041217974422845916,3541230550503064.0,3597234179286240.0,3597234142221168.0,0.34979988654968347,1.1781809954315143e-17,0.0,1.659093532133914e-16,1.8546030753437107e-68,9.273015376718553e-69,1.4696165781616675e-16,0.0,3.9492015063963637e-17,0.0
99,0.29384796590691636,3527312218890197.5,4601894327078273.0,4601894261333464.0,0.2952942672654356,1.1654165025020176e-17,1.659093532133914e-16,1.659093532133914e-16,9.273015376718553e-69,2.781904613015566e-68,4.365285338506437e-16,0.0,1.1962300459000053e-17,0.0
100,0.4843456734635872,2350377666037577.0,3617423278538095.0,3617423170695711.5,-0.8707271404548397,1.565005240843139e-17,1.659093532133914e-16,0.0,0.0,0.0,2.267421140882983e-16,0.0,3.709340024578805e-17,0.0
101,0.5863136359897932,4667453728911957.0,5387220345624947.0,5387220254849631.0,0.2900007118115757,3.504638950645055e-17,0.0,0.0,0.0,0.0,3.2989559635217617e-16,0.0,1.7922331739530408e-17,0.0
102,0.4617770100213244,3133365943282111.5,3151292064203545.5,3151291981616221.5,-0.8877988208460823,1.590548809849028e-17,3.318187064267828e-16,3.318187064267828e-16,0.0,0.0,3.630575292827145e-16,0.0,3.26543602535106e-17,0.0
103,0.17124903815606005,2165787552122210.0,2223126093148268.8,2223126051262671.0,-0.9237833049012087,1.887092523868547e-17,1.659093532133914e-16,3.318187064267828e-16,4.636507688359277e-69,0.0,2.599410130760175e-16,0.0,2.0822242553916075e-17,0.0
104,0.13148234256086927,3254990037842649.0,3147311327162073.5,3147311302780053.5,0.44125983554673154,1.4453369525116477e-17,3.318187064267828e-16,4.977280596401743e-16,0.0,1.8546030753437107e-68,1.7509289979635967e-16,0.0,2.5922482649802443e-17,0.0
105,0.15477702389844125,3053923110482759.0,3415063923395617.5,3415063837873038.0,-0.664572615326266,5.642538423322794e-18,3.318187064267828e-16,4.977280596401743e-16,0.0,9.273015376718553e-69,0.0,0.0,4.2189134261812626e-17,0.0
106,0.024053197333050533,3653556627781749.0,3650660893916044.0,3650660854916069.5,0.335735629991248,9.297243258983238e-18,1.659093532133914e-16,1.659093532133914e-16,0.0,9.273015376718553e-69,1.2565056198255123e-16,0.0,2.37443356337672e-17,0.0
107,0.5675602845082095,1454784866183373.2,2561543604412139.0,2561543569399610.0,-0.21126618911105777,2.1899995430185847e-17,3.318187064267828e-16,3.318187064267828e-16,0.0,4.636507688359277e-69,2.2313438798052416e-16,0.0,1.2139761106022446e-17,0.0
108,0.0998882562368946,3348074590414088.5,3235347373379518.5,3235347343008354.5,0.3413734637733178,1.9336032094152043e-17,0.0,1.659093532133914e-16,9.273015376718553e-69,0.0,1.6793096475751882e-16,0.0,8.236589729084407e-18,0.0
109,0.3344414150225978,3927128886588485.5,3704179906685743.0,3704179825926849.5,-0.33605963244386927,3.986477203663666e-17,0.0,3.318187064267828e-16,1.8546030753437107e-68,3.7092061506874214e-68,5.133537093642304e-16,0.0,1.0563548084473178e-17,0.0
110,0.4408154132800898,3544107604614743.0,3682276428820654.5,3682276354398285.5,-0.2459205159082904,8.391882356618376e-18,1.659093532133914e-16,3.318187064267828e-16,0.0,1.390952306507783e-68,1.9496982111663828e-16,0.0,3.1787040537724797e-17,0.0
111,0.330408372584034,3918887753378532.0,3110388220942213.5,3110388141472770.0,-0.8646211318035141,1.2139214989218732e-17,0.0,0.0,1.8546030753437107e-68,9.273015376718553e-69,3.3262303183514163e-16,0.0,3.93526144733805e-17,0.0
112,0.37246213822932933,3063212178556431.5,3918361308047761.5,3918361215507714.5,-0.3681710044399773,1.156374227310785e-17,1.659093532133914e-16,1.659093532133914e-16,1.8546030753437107e-68,1.8546030753437107e-68,3.454241279951579e-16,0.0,2.3550063865449035e-17,0.0
113,0.4887656432773364,3238014831750891.0,3993524642145910.0,3993524529720563.0,-0.6001884417948122,1.4110017664604138e-17,3.318187064267828e-16,1.659093532133914e-16,0.0,0.0,2.303853238713793e-16,0.0,3.6591971823019603e-17,0.0
114,0.47699780360796906,3902660523530488.0,6172018888006378.0,6172018862153167.0,0.845943641666029,1.9637826056827135e-17,3.318187064267828e-16,1.659093532133914e-16,9.273015376718553e-69,3.7092061506874214e-68,4.520072702393402e-16,0.0,3.8276936030940956e-17,0.0
115,0.5448017058674691,3230451777779200.0,4580804811123172.0,4580804758124902.0,0.4266791452969797,7.66566700361121e-18,0.0,3.318187064267828e-16,9.273015376718553e-69,1.8546030753437107e-68,5.136360906550179e-16,0.0,3.4271375948604215e-17,0.0
116,0.2609332909133413,1636359413839432.2,1610957213330670.0,1610957206551441.0,0.4070311092589325,4.350647659631661e-17,1.659093532133914e-16,1.659093532133914e-16,2.3182538441796384e-69,2.3182538441796384e-69,0.0,0.0,2.270954128815418e-17,0.0
117,0.3582945205224935,2781759493212046.5,3618574118294419.5,3618574099648917.0,0.6767647151852202,4.264252189287213e-17,1.659093532133914e-16,4.977280596401743e-16,0.0,9.273015376718553e-69,2.311536149269617e-16,0.0,2.147443054780338e-17,0.0
118,0.20972290157954943,4548740797854282.0,5439447532210945.0,5439447281163961.0,-0.9260389262087536,5.11533657373889e-18,1.659093532133914e-16,0.0,1.8546030753437107e-68,7.418412301374843e-68,1.5302606108377802e-16,0.0,1.811215774721878e-17,0.0
119,0.18817284038026363,4907746011222330.0,5010190697379522.0,5010190510277842.0,-0.6919549905978418,2.0094689335741795e-17,1.659093532133914e-16,1.659093532133914e-16,1.8546030753437107e-68,3.7092061506874214e-68,6.313962125681039e-16,0.0,8.074888375325184e-18,0.0
120,0.48835299121102305,2544974216759109.5,2602667053827335.0,2602666995645600.5,-0.9497056955912498,1.907410652037324e-17,0.0,0.0,4.636507688359277e-69,1.8546030753437107e-68,3.779723792886813e-16,0.0,2.6936743543622925e-17,0.0
121,0.3559841504225079,3971529519219014.5,5413607299538705.0,5413607062441264.0,-0.8364241837815314,1.3225938970749411e-17,1.659093532133914e-16,0.0,0.0,0.0,3.3854676538222726e-16,0.0,3.015609485056056e-17,0.0
122,0.5404540006131271,3690720671928045.5,3706182587975414.0,3706182542188272.0,0.24332473268493615,1.8549059260188322e-17,0.0,3.318187064267828e-16,0.0,7.418412301374843e-68,2.7856825918862764e-16,0.0,1.3577557992315459e-17,0.0
123,0.14397080709669408,3512262645773554.5,3885306342390417.5,3885306299931553.0,0.3615344611681643,1.8298363778567256e-17,3.318187064267828e-16,4.977280596401743e-16,9.273015376718553e-69,1.8546030753437107e-68,4.0286087917964155e-16,0.0,3.2632594758428124e-17,0.0
124,0.04553812042008734,3785969597871083.5,3953275986613074.0,3953275877968351.0,-0.5780254196572743,3.552570394425172e-17,3.318187064267828e-16,3.318187064267828e-16,9.273015376718553e-69,1.8546030753437107e-68,3.0313994318258353e-16,0.0,1.5685224663686636e-17,0.0
125,0.2632075114580215,3260236456915441.0,2544496009796586.0,2544495977760299.5,-0.12320296375245102,4.1027837489689094e-17,0.0,1.659093532133914e-16,9.273015376718553e-69,4.636507688359277e-69,1.760115598908836e-17,0.0,2.7041099323225934e-17,0.0
126,0.15202721116988543,3138510540578559.5,2826014094908971.0,2826014037835153.5,-0.6222130716360301,4.116042285907491e-17,0.0,3.318187064267828e-16,9.273015376718553e-69,4.636507688359277e-69,3.8699531444953467e-16,0.0,3.5210025491794875e-17,0.0
127,0.05433900787756953,4866259722192958.0,5039221960349827.0,5039221941638526.0,0.8327382590522531,2.9997379079063316e-17,3.318187064267828e-16,0.0,0.0,1.8546030753437107e-68,4.7535896584353047e-17,0.0,3.276251503253528e-17,0.0
128,0.519858160044791,3042699597247726.0,2899881707905686.0,2899881668935306.5,-0.05194659310144113,1.701454186434335e-17,0.0,0.0,9.273015376718553e-69,4.636507688359277e-69,1.885954515239956e-17,0.0,1.9906650938688602e-17,0.0
129,0.20691209110612083,2301516510689846.0,2195705149409540.5,2195705132508469.5,0.20423322720148157,4.243913856335424e-17,1.659093532133914e-16,3.318187064267828e-16,4.636507688359277e-69,0.0,1.1150419185160615e-16,0.0,1.3285374873571324e-17,0.0
130,0.5532567744678291,3472621891181113.0,3871422907487090.5,3871422819016064.5,-0.33992181206758726,3.526000909061751e-17,0.0,1.659093532133914e-16,9.273015376718553e-69,9.273015376718553e-69,1.9829603880069049e-16,0.0,9.201899792920298e-18,0.0
131,0.24806718459748717,4547730002303961.0,4792917677378509.0,4792917493352479.0,-0.8184398958494228,2.1192560463651922e-17,1.659093532133914e-16,1.659093532133914e-16,1.8546030753437107e-68,3.7092061506874214e-68,5.842624951542568e-16,0.0,1.864547092491854e-17,0.0
132,0.09361600563246553,4132730123633801.0,4245562130766852.5,4245561996364165.5,-0.6926110839303932,3.699488833221101e-18,3.318187064267828e-16,4.977280596401743e-16,9.273015376718553e-69,1.8546030753437107e-68,1.75635878320428e-16,0.0,2.3810697020825705e-17,0.0
133,0.4243178914125243,2109070933883867.2,2434478446148036.5,2434478430314080.0,0.39354694501751375,2.1614679130990605e-17,0.0,0.0,0.0,0.0,2.788006323181326e-16,0.0,3.993304654396441e-17,0.0
134,0.18245620671200763,2083629360486640.2,1908120562833170.2,1908120538130668.0,-0.5401000888986374,7.49290888334895e-18,0.0,3.318187064267828e-16,0.0,4.636507688359277e-69,1.7418061457825375e-16,0.0,2.5376458079346042e-17,0.0
135,0.38811963238179226,1831205620485677.0,2752150837147089.5,2752150799225799.5,-0.13647073931900253,1.6260935826969903e-17,1.659093532133914e-16,0.0,2.3182538441796384e-69,1.8546030753437107e-68,1.7864664282032456e-16,0.0,2.7500060715612756e-17,0.0
136,0.004214649738867471,4315362897345647.0,4297542887868184.5,4297542736182514.5,-0.8643341089858946,6.712658509196334e-18,0.0,0.0,5.563809226031132e-68,1.8546030753437107e-68,2.1364428933409399e-16,0.0,1.808341455892604e-17,0.0
137,0.5543520938116203,2255190894329340.5,1801802383387863.2,1801802358626646.2,-0.7313197751921944,2.0151257889554827e-17,0.0,0.0,4.636507688359277e-69,6.954761532538915e-69,4.2042477996523176e-16,0.0,1.5756607092306038e-17,0.0
138,0.48662636198582504,3134360227249077.5,2384285354801027.0,2384285349706010.5,0.7965541952123256,2.4343240274738742e-17,1.659093532133914e-16,0.0,0.0,0.0,1.7938123102775478e-16,0.0,3.5036341533456296e-17,0.0
139,0.2595098735566789,3060582122274295.5,3632986954197835.0,3632986914784717.0,0.3221513451719058,2.5866481021159578e-17,1.659093532133914e-16,0.0,0.0,0.0,1.5116210555060908e-16,0.0,3.592805911264119e-17,0.0
140,0.5938085830469135,3670807610815750.0,3689229999940990.0,3689229906106617.0,-0.5649847798701245,2.7507778754522775e-17,1.659093532133914e-16,3.318187064267828e-16,0.0,0.0,4.3798929534255607e-16,0.0,1.9195408545113903e-17,0.0
141,0.2431578069472494,3583689456088778.5,3035887750229920.0,3035887732755618.0,0.5696240135776951,6.5163181085627144e-18,0.0,3.318187064267828e-16,9.273015376718553e-69,0.0,1.7021551542171309e-16,0.0,6.254665923919283e-18,0.0
142,0.18183889990465932,4687428682211588.0,4637604300090732.0,4637604199110773.0,-0.06577967377380232,2.9207713841001776e-17,1.659093532133914e-16,0.0,1.8546030753437107e-68,9.273015376718553e-69,1.7138927984152235e-16,0.0,3.1662828792633804e-17,0.0
143,0.3216943302557636,2721376665543093.5,2670536386871332.5,2670536346303722.5,-0.29122536443533176,4.198782456128505e-17,1.659093532133914e-16,4.977280596401743e-16,4.636507688359277e-69,1.8546030753437107e-68,7.034758889400838e-16,0.0,1.6562274682697626e-17,0.0
144,0.47710954369967196,2069500507959366.8,1871163600873963.8,1871163576339098.8,-0.5906688259377381,2.9325819260608526e-17,0.0,1.659093532133914e-16,9.273015376718553e-69,2.3182538441796384e-69,2.4801031705051263e-16,0.0,2.060264845919922e-17,0.0
145,0.5146202558503953,4292972736459615.0,5788604606683155.0,5788604464599930.0,0.03746914314448406,8.987016373235694e-18,3.318187064267828e-16,3.318187064267828e-16,1.8546030753437107e-68,0.0,4.609173839654726e-16,0.0,1.582985214587724e-17,0.0
146,0.10430509293372552,4703530886862823.0,4922680231659617.0,4922680166980052.0,0.3941244045749549,2.5921663497607596e-17,1.659093532133914e-16,1.659093532133914e-16,0.0,1.8546030753437107e-68,1.4300925930422992e-16,0.0,1.1856086177056316e-17,0.0
147,0.5521437321972783,3777949593830679.5,3750067766871771.0,3750067680466409.0,-0.39470413644281277,1.2151286879104115e-17,1.659093532133914e-16,0.0,9.273015376718553e-69,1.8546030753437107e-68,2.9764579017491855e-16,0.0,1.1644797024597914e-17,0.0
148,0.23747093106993133,2130631796304251.8,1933446072126296.2,1933446059317923.5,0.22223310462165113,2.895167951350905e-17,1.659093532133914e-16,1.659093532133914e-16,9.273015376718553e-69,4.636507688359277e-69,1.6215707164617494e-16,0.0,2.987875473313818e-17,0.0
149,0.3695403676196478,3991652084961562.0,3080096651117413.5,3080096592490579.0,-0.40277295146934255,3.3699712635945516e-17,0.0,1.659093532133914e-16,9.273015376718553e-69,9.273015376718553e-69,3.0428224897914026e-16,0.0,1.000034284086002e-17,0.0
150,0.3074979366137546,1907097305656190.5,2406140466098191.5,2406140422768685.5,-0.6988749155216283,2.3275696550595492e-17,1.659093532133914e-16,1.659093532133914e-16,0.0,0.0,3.240756743572894e-16,0.0,1.4103572365688007e-17,0.0
151,0.30617739717801434,3842682933354355.0,4940011571408240.0,4940011414512262.0,-0.4594039137196501,1.797409478025284e-17,1.659093532133914e-16,3.318187064267828e-16,0.0,3.7092061506874214e-68,1.194663862404903e-16,0.0,1.867038592518229e-17,0.0
152,0.17973631919889546,3509518736605328.0,4023182216661464.5,4023182179023521.0,0.47215537869299823,5.4598810694143946e-18,3.318187064267828e-16,3.318187064267828e-16,0.0,9.273015376718553e-69,1.8517033527034537e-16,0.0,1.6839327933935933e-17,0.0
153,0.42415243618897935,3149559782651617.5,4049300865820622.5,4049300840368797.5,0.6476466092688373,3.859690718933985e-17,1.659093532133914e-16,4.977280596401743e-16,1.8546030753437107e-68,0.0,3.2959473285519644e-16,0.0,9.83847333755438e-18,0.0
154,0.24531891698264624,3007520583261456.5,2835528980514608.5,2835528916927936.0,-0.795219453197118,2.2251910458493396e-17,0.0,1.659093532133914e-16,9.273015376718553e-69,0.0,0.0,0.0,8.900171391871282e-18,0.0
155,0.08000431037617324,3763304042227956.5,3650060732571126.5,3650060670548689.0,-0.05674030025706185,3.090080978969658e-18,1.659093532133914e-16,1.659093532133914e-16,1.8546030753437107e-68,9.273015376718553e-69,1.8297941318238721e-16,0.0,1.4307878287581452e-17,0.0
156,0.3064406693509219,4563740933537943.0,4319322850632899.5,4319322699830200.0,-0.8348366799261047,2.404581497692548e-17,1.659093532133914e-16,3.318187064267828e-16,3.7092061506874214e-68,0.0,3.0177311784433355e-16,0.0,3.0067036073266227e-17,0.0
157,0.2829272359529462,3625812805187498.5,4079116566204875.0,4079116456316129.5,-0.4991345415066329,9.111490455425429e-18,1.659093532133914e-16,1.659093532133914e-16,9.273015376718553e-69,1.8546030753437107e-68,1.5826501124763388e-16,0.0,2.6662835365797892e-17,0.0
158,0.503852608022992,4759003651401599.0,7619321509249074.0,7619321018245407.0,-0.9198698121019151,1.167218984161662e-17,3.318187064267828e-16,3.318187064267828e-16,0.0,0.0,1.3853554544640706e-16,0.0,3.0087699577504336e-17,0.0
159,0.4993770171317731,2821526817415615.5,4468390547162024.5,4468390534697492.0,0.8582923260046798,1.7592519717066832e-17,0.0,0.0,9.273015376718553e-69,9.273015376718553e-69,2.7816307332019047e-16,0.0,1.2158569197891529e-17,0.0
160,0.2460540663360811,2367327088086654.0,2684849321955318.5,2684849308106558.5,0.5638954001577711,2.790263048774711e-17,0.0,3.318187064267828e-16,9.273015376718553e-69,4.636507688359277e-69,3.3935953768097696e-16,0.0,4.2587466887342985e-17,0.0
161,0.4668206134874489,4210579354289086.5,2913258467753350.5,2913258454801152.0,0.6535783124405463,2.9573943068762665e-17,0.0,1.659093532133914e-16,0.0,1.8546030753437107e-68,1.5418900984658596e-16,0.0,3.7649277758456477e-17,0.0
162,0.5092076994091227,4063964277291161.0,6934685658949222.0,6934685631777537.0,0.8717425390860313,3.427285994402771e-17,1.659093532133914e-16,3.318187064267828e-16,9.273015376718553e-69,3.7092061506874214e-68,5.207267207315542e-16,0.0,1.3559434689712216e-17,0.0
163,0.5167491661743308,3683520127891545.5,4208080464621977.5,4208080315605238.5,-0.9102341941407596,1.1394837880600642e-17,0.0,1.659093532133914e-16,1.8546030753437107e-68,3.7092061506874214e-68,2.872544085289596e-16,0.0,2.4278386442584916e-17,0.0
164,0.5818421882988821,3528997635104920.0,2269955570394381.0,2269955545772678.5,-0.0846833839976719,1.8701104229616607e-17,3.318187064267828e-16,3.318187064267828e-16,0.0,1.8546030753437107e-68,1.7208694920509174e-16,0.0,9.380740680861362e-18,0.0
165,0.2541596811217793,1890207964909781.5,2161349468578123.0,2161349431599409.5,-0.7968897718694398,1.0354902358684254e-17,0.0,1.659093532133914e-16,4.636507688359277e-69,9.273015376718553e-69,5.799988530618902e-16,0.0,1.141281106617192e-17,0.0
166,0.05259493176398433,3058540727372946.0,3179541563446014.0,3179541500370133.0,-0.4162956927100445,2.313169555607302e-17,0.0,0.0,1.8546030753437107e-68,0.0,2.7958485096171647e-16,0.0,4.0654011555231265e-18,0.0
167,0.15137504523324913,1634031558489106.2,1644110945998679.5,1644110930527792.2,-0.29918980453958066,4.394157601205223e-17,0.0,3.318187064267828e-16,0.0,2.3182538441796384e-69,3.445325198777846e-16,0.0,2.1637027229997466e-17,0.0
168,0.04127434639611753,1692883536232460.2,1759772483625880.0,1759772481568196.8,0.8491709131267544,4.7847906586977945e-17,1.659093532133914e-16,3.318187064267828e-16,0.0,0.0,2.6256620987247683e-16,0.0,2.396476977130874e-17,0.0
169,0.4522638427740966,1766769100626507.2,1417438396734110.2,1417438391842728.8,0.4473594070759798,2.3929947556047752e-17,3.318187064267828e-16,4.977280596401743e-16,4.636507688359277e-69,2.3182538441796384e-69,2.977910540979325e-16,0.0,1.3043144871063183e-17,0.0
170,0.4333808139287316,2115875624233438.8,2190394009976965.5,2190393976960596.0,-0.5620842412172551,1.8552368024343342e-17,0.0,0.0,0.0,0.0,1.6272392322758884e-16,0.0,2.6282209284669536e-17,0.0
171,0.4725845061759879,2294517939432396.0,2285574361211859.5,2285574324769355.5,-0.5835694793485531,2.005684705419619e-17,0.0,1.659093532133914e-16,4.636507688359277e-69,9.273015376718553e-69,1.7371906879102171e-16,0.0,2.59832435202267e-17,0.0
172,0.08669608732176377,4012026403455864.0,3778765861997484.0,3778765816438007.5,0.27573353632608366,5.797400825638971e-18,0.0,0.0,0.0,2.781904613015566e-68,5.607424600941109e-16,0.0,3.320590085455185e-18,0.0
173,0.3102194993925578,4126488667221333.0,3724701933334345.5,3724701855102594.5,-0.2800284620625048,2.029224675903305e-17,1.659093532133914e-16,1.659093532133914e-16,0.0,9.273015376718553e-69,1.2438116726025408e-16,0.0,8.302258564564614e-18,0.0
174,0.5468279424304497,3513651522342462.0,6422208925732399.0,6422208715407291.0,-0.15755568141622667,3.558266093600096e-17,3.318187064267828e-16,3.318187064267828e-16,0.0,1.4836824602749686e-67,3.973676042703432e-16,0.0,3.354147315513802e-17,0.0
175,0.5151955938429509,3684623676111776.0,3771956735343479.5,3771956682846815.0,0.1624361500931772,3.249188913452786e-17,1.659093532133914e-16,6.636374128535656e-16,0.0,9.273015376718553e-69,1.3214885397809686e-16,0.0,1.898197497077307e-17,0.0
176,0.24237378260709364,4832042195912893.0,5107993724470588.0,5107993534532913.0,-0.652456513230934,2.12871352229119e-17,1.659093532133914e-16,4.977280596401743e-16,0.0,3.7092061506874214e-68,2.1897726732125534e-16,0.0,1.0973748661847272e-17,0.0
177,0.5441443814761165,3366784440711698.5,5671550704883112.0,5671550627267764.0,0.4522737031340782,1.7056646629289528e-17,0.0,1.659093532133914e-16,9.273015376718553e-69,3.7092061506874214e-68,1.495616826328785e-16,0.0,1.4076668320068435e-17,0.0
178,0.36097425315114695,1718964204005101.0,2105481536033777.2,2105481523373190.8,0.35170813367695164,2.973729141576708e-17,0.0,0.0,2.3182538441796384e-69,0.0,2.336799754994654e-16,0.0,1.5182363954480272e-17,0.0
179,0.055637808203082305,1741291389659538.5,1769088485447858.2,1769088460607242.2,-0.8017016327120442,3.71916436458947e-17,3.318187064267828e-16,6.636374128535656e-16,0.0,2.3182538441796384e-69,4.119351504022345e-17,0.0,1.872514560410673e-17,0.0
180,0.24888944365544985,3461618470594057.0,2953466250622375.0,2953466249137956.5,0.9613711358959471,1.9906362816604377e-17,1.659093532133914e-16,1.659093532133914e-16,9.273015376718553e-69,9.273015376718553e-69,0.0,0.0,8.048749947230818e-18,0.0
181,0.46653973187579684,3323941455319518.5,3930552019497931.5,3930551885315289.5,-0.9715548952029757,1.365490155942867e-17,0.0,0.0,9.273015376718553e-69,5.563809226031132e-68,4.5936040101481755e-16,0.0,1.1377729483822062e-17,0.0
182,0.04257664791397501,4214446277225166.5,4044937035019701.5,4044936910267364.0,-0.7307916501531277,3.507556448393927e-17,0.0,1.659093532133914e-16,0.0,3.7092061506874214e-68,5.106002663053009e-18,0.0,1.6563483411409011e-18,0.0
183,0.3671158254032934,2369102471484411.5,3299942390576051.5,3299942301285601.5,-0.8612809129937068,1.8885252301972396e-17,3.318187064267828e-16,3.318187064267828e-16,0.0,0.0,7.659606262945997e-17,0.0,4.091146585457744e-17,0.0
184,0.24724853869704636,1886674176152700.2,1853332216718441.2,1853332192274215.5,-0.6154344947671063,2.181663369343103e-17,0.0,3.318187064267828e-16,2.3182538441796384e-69,0.0,1.923638151993674e-16,0.0,3.913562507708153e-17,0.0
185,0.05035047949413564,3886599211817838.5,3710412338850295.0,3710412294942656.5,0.2760387013556469,4.7615069410446994e-17,0.0,0.0,1.8546030753437107e-68,1.8546030753437107e-68,1.022918779553733e-16,0.0,3.71949288569886e-17,0.0
186,0.03849164341992157,3105715987233760.0,3042831282070237.5,3042831251181352.5,0.2427032261443394,2.4270299533545305e-18,1.659093532133914e-16,0.0,9.273015376718553e-69,0.0,3.9854653453409635e-16,0.0,3.1698871982517996e-17,0.0
187,0.5864888787504006,4428929259074158.5,8306443448175887.0,8306443340981728.0,0.6473364965354973,1.7206010854025004e-17,1.659093532133914e-16,3.318187064267828e-16,0.0,0.0,1.1588748591177387e-16,0.0,1.2987447455723282e-17,0.0
188,0.4413996197241676,1446452793435151.0,1968450130573162.5,1968450111722116.8,-0.10434872847444991,3.05335666211778e-17,1.659093532133914e-16,3.318187064267828e-16,1.1591269220898192e-69,0.0,3.366295798581577e-16,0.0,2.8814456453431936e-17,0.0
189,0.07136821572081999,3934229344325862.5,3919151291970264.5,3919151168848730.5,-0.8195734353759543,3.052323562945379e-17,3.318187064267828e-16,1.659093532133914e-16,9.273015376718553e-69,9.273015376718553e-69,1.6501962765710536e-16,0.0,2.296075484278827e-17,0.0
190,0.49646351893641083,1394533860971019.0,910485764257438.6,910485762656179.4,0.5615349708587276,1.6767238085032677e-17,1.659093532133914e-16,0.0,0.0,1.1591269220898192e-69,3.4181079375492726e-16,0.0,1.577683101752775e-17,0.0
191,0.5279623964216036,2072173544125787.2,2611721705991506.5,2611721689538445.0,0.45246416589409866,1.8101618814049668e-17,0.0,0.0,1.390952306507783e-68,1.8546030753437107e-68,6.19225979612308e-17,0.0,1.9635396823774454e-17,0.0
192,0.21297033330612283,3867687476409187.5,4398136278509307.5,4398136198272249.5,0.05841993464498509,4.138235578287274e-17,3.318187064267828e-16,1.659093532133914e-16,9.273015376718553e-69,1.8546030753437107e-68,1.3996966413427007e-16,0.0,1.5547557962101172e-17,0.0
193,0.5701352502025611,1724585859854391.2,2437212641431811.5,2437212627642540.5,0.4730443334032133,2.908367214960119e-17,3.318187064267828e-16,3.318187064267828e-16,2.3182538441796384e-69,1.390952306507783e-68,4.562305836599402e-16,0.0,2.3697897555889887e-17,0.0
194,0.29275807164213385,4307105886579030.0,3998087788409188.5,3998087709118701.0,-0.12599395893835996,4.133976960874713e-17,3.318187064267828e-16,1.659093532133914e-16,0.0,1.8546030753437107e-68,2.4457929744761347e-16,0.0,3.713181171393333e-17,0.0
195,0.20953755902231744,2599798027767660.5,2384563117222258.0,2384563116977272.5,0.9902199280091251,4.109653926098531e-17,0.0,1.659093532133914e-16,0.0,4.636507688359277e-69,2.0276723688902414e-16,0.0,2.9539407975811726e-17,0.0
196,0.5364818636472429,1598440497997097.2,1486206808325569.2,1486206789817824.0,-0.9020180853997148,1.30237727437358e-17,1.659093532133914e-16,0.0,2.3182538441796384e-69,0.0,4.165641358528322e-16,0.0,2.473021035122015e-17,0.0
197,0.3796422742610602,3281256355603017.0,3221329475990429.0,3221329394158497.0,-0.7900787487511971,3.457732057990388e-17,1.659093532133914e-16,3.318187064267828e-16,9.273015376718553e-69,0.0,0.0,0.0,2.1323753367858025e-17,0.0
198,0.12247768625377128,2366991516914422.5,2143588811813072.2,2143588805837954.0,0.7048225714588473,3.025916654492728e-17,0.0,1.659093532133914e-16,4.636507688359277e-69,4.636507688359277e-69,2.202850415507464e-16,0.0,3.437008163931518e-17,0.0
199,0.47074248047433553,2459062087601056.5,3806487900813670.0,3806487891425642.5,0.852922899144526,2.2170394838564926e-17,0.0,3.318187064267828e-16,0.0,1.390952306507783e-68,1.0436041442449081e-16,0.0,3.8332980032535255e-18,0.0
200,0.2586212352764622,4084967333683248.0,4961731374729218.0,4961731311093984.0,0.41325314062102003,1.456138218963118e-17,1.659093532133914e-16,1.659093532133914e-16,1.8546030753437107e-68,3.7092061506874214e-68,2.0561846785388375e-16,0.0,1.5559916895479954e-17,0.0
201,0.21968618922658678,1870892332780251.8,1736980394950608.2,1736980371603757.0,-0.7565402366949783,5.2453942315590166e-18,0.0,1.659093532133914e-16,2.3182538441796384e-69,2.3182538441796384e-69,5.607602286582229e-16,0.0,1.1756674153439967e-17,0.0
202,0.08660319401177519,1787440540856684.5,1654070081414270.8,1654070077927120.8,0.7106773556304035,2.0683712412150343e-17,4.977280596401743e-16,6.636374128535656e-16,2.3182538441796384e-69,0.0,2.724111851605218e-16,0.0,3.6700258645020523e-17,0.0
203,0.05997660135316942,1532530919439298.2,1552317767115986.5,1552317754930367.8,-0.1479049988911826,2.6091175893865974e-18,1.659093532133914e-16,3.318187064267828e-16,0.0,4.636507688359277e-69,1.1233169206232322e-16,0.0,4.300946074568945e-18,0.0
204,0.353013334252267,1431173959728441.8,1978414755030385.2,1978414738956312.8,0.0677962413021047,3.329781872246264e-17,0.0,1.659093532133914e-16,1.1591269220898192e-69,0.0,8.326498723241733e-17,0.0,6.206431092178658e-18,0.0
205,0.27131948537194805,2340954357197496.5,2670295590468571.0,2670295561622009.5,0.08167798808156516,3.0699205450812714e-17,0.0,0.0,0.0,9.273015376718553e-69,2.1053502609762582e-16,0.0,4.089827841731274e-17,0.0
206,0.46342528236553643,2021399965650113.8,3296860394603817.0,3296860357586327.5,0.2269181721666188,2.800596333736148e-17,1.659093532133914e-16,1.659093532133914e-16,2.3182538441796384e-69,9.273015376718553e-69,3.211759535721129e-16,0.0,3.800025021390979e-17,0.0
207,0.16375267508342978,4649536429470858.0,5032728287394596.0,5032728244100772.0,0.6119938597781732,4.34552829030225e-17,0.0,3.318187064267828e-16,0.0,5.563809226031132e-68,1.7101383687059987e-16,0.0,8.351480427651724e-18,0.0
208,0.4730287801384129,4164568725755375.0,4707713650850336.0,4707713473351198.0,-0.8180080506955341,2.1626358138936475e-17,3.318187064267828e-16,3.318187064267828e-16,0.0,3.7092061506874214e-68,1.7043782105348517e-16,0.0,8.771501079433863e-18,0.0
209,0.5071192792571074,3060446574802299.0,2036789015506215.8,2036788999024673.0,0.09816852406764484,3.4371920601034483e-17,4.977280596401743e-16,3.318187064267828e-16,0.0,6.954761532538915e-69,2.515600899592678e-16,0.0,3.841221548456034e-17,0.0
210,0.3741217953896909,1530275615275281.8,1473019753846703.5,1473019741709425.8,-0.26976620395595324,3.341513189892456e-17,3.318187064267828e-16,6.636374128535656e-16,4.636507688359277e-69,2.3182538441796384e-69,1.5145405161645985e-16,0.0,1.8936391493330687e-17,0.0
211,0.32874104453291164,4252898108661466.5,4850339546558284.0,4850339434041291.0,-0.08565904436016514,3.710527458235812e-17,0.0,1.659093532133914e-16,0.0,1.8546030753437107e-68,4.0747665520680307e-16,0.0,1.5017376105566418e-17,0.0
212,0.2428018963126709,3992041160487442.0,4664081198383018.0,4664081108424376.0,0.06129245898070134,4.2385299561866116e-17,1.659093532133914e-16,3.318187064267828e-16,9.273015376718553e-69,1.8546030753437107e-68,2.0731319670255688e-16,0.0,1.7348588213086858e-17,0.0
213,0.2761267029282606,3676205931244194.0,3770271169443619.0,3770271162070827.0,0.8822647681597346,2.1779592482634946e-17,3.318187064267828e-16,4.977280596401743e-16,0.0,2.781904613015566e-68,6.243821103902101e-17,0.0,1.886483440061089e-17,0.0
214,0.5144183958200301,3699051294330118.5,4360758088381068.5,4360758064620013.0,0.7163639930280117,1.7091888080915987e-17,0.0,3.318187064267828e-16,0.0,3.7092061506874214e-68,1.7823250184146415e-16,0.0,2.1646736157660984e-17,0.0
215,0.32813499615887703,4797096751823646.0,6102404172923515.0,6102403881620713.0,-0.7756704283425863,1.0415583825010388e-17,0.0,0.0,1.8546030753437107e-68,3.7092061506874214e-68,3.2320140770125695e-16,0.0,1.3300684699163732e-17,0.0
216,0.2868885389136732,1612103333853109.0,1499094474868842.0,1499094470999799.5,0.6091904993712411,3.6316599822957297e-17,0.0,1.659093532133914e-16,2.3182538441796384e-69,0.0,1.4676478948131552e-16,0.0,1.7412752405817776e-17,0.0
217,0.23422988116783625,4432734335112250.0,3735282940920162.5,3735282818469478.5,-0.9922041351186497,2.9875827738268057e-17,0.0,3.318187064267828e-16,1.8546030753437107e-68,9.273015376718553e-69,4.745896054812319e-16,0.0,1.198821328529455e-17,0.0
218,0.02509988271569557,1661334588068062.5,1640400719269316.2,1640400717125116.5,0.8191223138980496,3.077559510110521e-17,3.318187064267828e-16,3.318187064267828e-16,0.0,2.3182538441796384e-69,9.921107574649393e-17,0.0,1.1511924987618743e-17,0.0
219,0.42560315964826634,2723330206664893.0,3375481316818918.5,3375481219340270.0,-0.9420379434542013,4.32946486525347e-17,0.0,3.318187064267828e-16,4.636507688359277e-69,1.8546030753437107e-68,3.988256555480681e-16,0.0,1.505392281162069e-17,0.0
220,0.5814399840449351,1877423441373934.5,2327175392539380.0,2327175360372676.0,-0.3482423103908134,3.170354006318111e-17,0.0,3.318187064267828e-16,0.0,1.8546030753437107e-68,1.8339154345751678e-16,0.0,2.791921271417963e-17,0.0
221,0.14651966885708495,3335170231921292.5,3416260686351396.0,3416260623916382.0,-0.2143554698660826,2.0144109816019658e-17,1.659093532133914e-16,1.659093532133914e-16,0.0,0.0,0.0,0.0,2.998748295846694e-17,0.0
222,0.268288192493391,4703259315220950.0,5445557245833188.0,5445557183081696.0,0.519648647366178,3.3925914423838317e-17,3.318187064267828e-16,4.977280596401743e-16,0.0,5.563809226031132e-68,3.0866071227527644e-16,0.0,9.065130519608148e-18,0.0
223,0.17176362657536307,2200150677627202.8,2214383725823535.0,2214383708666304.0,0.20574300182662164,3.806515947774499e-17,1.659093532133914e-16,1.659093532133914e-16,4.636507688359277e-69,4.636507688359277e-69,1.498286397682974e-16,0.0,4.613405363547478e-17,0.0
224,0.11587541350499184,2338090549158202.0,2348439507344137.0,2348439473633264.0,-0.38749322219084925,2.757830951985568e-17,1.659093532133914e-16,1.659093532133914e-16,0.0,4.636507688359277e-69,4.605608630756803e-16,0.0,2.0954408966515946e-17,0.0
225,0.029996759586636057,2394561171563883.5,2420673489835355.5,2420673489349812.0,0.9811905783687536,1.7113346266196467e-17,0.0,3.318187064267828e-16,9.273015376718553e-69,1.390952306507783e-68,1.198213917458707e-17,0.0,3.2754562740868386e-17,0.0
226,0.5768857197428159,3093516690606567.0,4711645104401944.0,4711644995332049.0,-0.11526835615548031,1.753490232167206e-17,3.318187064267828e-16,3.318187064267828e-16,0.0,3.7092061506874214e-68,1.5019849485696522e-16,0.0,2.200233443579928e-17,0.0
227,0.19627981599038805,4510105527531728.0,4681390329631311.0,4681390305657039.0,0.7516779179735108,2.3914254693239966e-17,4.977280596401743e-16,3.318187064267828e-16,3.7092061506874214e-68,1.8546030753437107e-68,3.0642033605276564e-16,0.0,2.829491937484397e-17,0.0
228,0.10970417903009623,2979533934559472.0,3013402479546258.5,3013402471836963.0,0.8072830118606679,2.45954558800579e-18,0.0,0.0,9.273015376718553e-69,9.273015376718553e-69,5.661892892199144e-16,0.0,1.6577368469463068e-17,0.0
229,0.10560129517688836,2527569153639154.5,2672150260686794.0,2672150236673205.0,0.23659510343812115,4.387124654824417e-17,0.0,1.659093532133914e-16,4.636507688359277e-69,1.390952306507783e-68,3.960067040518853e-16,0.0,2.082544237835477e-17,0.0
230,0.3481065692315465,3238227676999006.0,2907727363192260.5,2907727355452986.0,0.7922158115381964,7.726953841163533e-18,1.659093532133914e-16,3.318187064267828e-16,0.0,9.273015376718553e-69,4.546512033601577e-16,0.0,2.225028583671913e-17,0.0
231,0.27885569149608963,1238982702725055.8,1053911956873573.6,1053911955618529.5,0.7435102805673448,2.2160546111407424e-17,0.0,3.318187064267828e-16,1.1591269220898192e-69,1.1591269220898192e-69,1.6171561241433315e-16,0.0,3.3408105315903577e-17,0.0
232,0.05105580956186589,1775893141101497.8,1778834136988592.5,1778834118043233.8,-0.3591004123559002,3.6995893481037304e-17,3.318187064267828e-16,1.659093532133914e-16,0.0,2.3182538441796384e-69,4.932322009257302e-16,0.0,6.853756735423226e-18,0.0
233,0.2690743154422139,2176655668958459.5,1873562062504665.5,1873562061709063.0,0.948550692526088,4.24916377656231e-17,0.0,1.659093532133914e-16,4.636507688359277e-69,6.954761532538915e-69,4.573869896039384e-16,0.0,2.7492921117665704e-17,0.0
234,0.0377918672478663,4374341518346372.0,4490637936953003.0,4490637782190180.0,-0.7420884182844449,4.7095636943876925e-17,0.0,1.659093532133914e-16,1.8546030753437107e-68,1.8546030753437107e-68,2.6756189917990563e-16,0.0,9.205432963607817e-18,0.0
235,0.5283280272020368,3568345461878042.0,4676037932032972.0,4676037772549816.0,-0.655687617107232,1.9723387137126914e-17,0.0,0.0,9.273015376718553e-69,3.7092061506874214e-68,1.819400807613006e-16,0.0,1.8567523179454928e-17,0.0
236,0.5049940416205158,3591015277103237.0,5222937405051229.0,5222937319439613.0,0.2876020340787245,2.9229732471827424e-17,0.0,1.659093532133914e-16,9.273015376718553e-69,1.8546030753437107e-68,4.4399869006854186e-16,0.0,5.293685054324765e-18,0.0
237,0.09224771699246107,1312403699990236.2,1206730510078408.2,1206730509369664.2,0.8895187858413968,1.5748651395140607e-17,1.659093532133914e-16,3.318187064267828e-16,0.0,0.0,4.372429797318337e-17,0.0,6.33143701468906e-18,0.0
238,0.17927179847176236,2650229457834093.5,2892806605513938.5,2892806597049714.0,0.770402059896606,2.0722515640708314e-17,0.0,0.0,0.0,9.273015376718553e-69,1.936652977718618e-16,0.0,7.611462796341234e-18,0.0
239,0.4729791282475853,3788669626197229.5,3190588552990481.0,3190588552182015.5,0.9819723333013729,3.627205549244793e-17,1.659093532133914e-16,1.659093532133914e-16,0.0,9.273015376718553e-69,3.7865488483538574e-17,0.0,3.841015941021336e-17,0.0
240,0.1544249378865383,2556698506178550.5,2938917126456936.5,2938917116089760.5,0.7275383450344098,2.645723722846699e-17,1.659093532133914e-16,1.659093532133914e-16,0.0,9.273015376718553e-69,3.50594974756801e-16,0.0,2.8696235549446535e-17,0.0
241,0.5849672992045853,2658676132836782.5,3860751505390691.5,3860751418492743.0,-0.32338269407783804,1.3781029643224774e-17,3.318187064267828e-16,3.318187064267828e-16,4.636507688359277e-69,9.273015376718553e-69,1.2236353454364304e-16,0.0,7.698548518305442e-18,0.0
242,0.27424021959685346,4294263953474494.0,3280150698622417.0,3280150666843093.0,0.32953412934914045,2.965956175675443e-17,1.659093532133914e-16,6.636374128535656e-16,1.8546030753437107e-68,1.8546030753437107e-68,2.6725851536467402e-17,0.0,3.9144959855755995e-17,0.0
243,0.03573958111311535,3400977656168499.5,3353113750039464.0,3353113687308073.5,-0.2665080773317739,2.860699436559263e-17,1.659093532133914e-16,4.977280596401743e-16,9.273015376718553e-69,1.8546030753437107e-68,1.5091468660027284e-16,0.0,2.6341236728018813e-17,0.0
244,0.3269308975015343,1340217080453593.2,1656290657879534.0,1656290656675749.8,0.9003917928455972,3.2153578338252515e-17,3.318187064267828e-16,3.318187064267828e-16,2.3182538441796384e-69,2.3182538441796384e-69,5.886349504454994e-16,0.0,9.323965340778694e-18,0.0
245,0.043333860379090205,2677480804312860.0,2780347123976498.5,2780347058706285.0,-0.9166226603057491,1.5766818899986187e-17,1.659093532133914e-16,3.318187064267828e-16,0.0,0.0,3.761311343139686e-16,0.0,6.378652699540473e-18,0.0
246,0.07113190579153035,4887165680112505.0,4593426188000939.0,4593426111812620.0,0.18033850460354772,1.0909945510044892e-17,3.318187064267828e-16,4.977280596401743e-16,1.8546030753437107e-68,0.0,2.406344897875778e-16,0.0,3.4457442019278433e-17,0.0
247,0.5191035211541232,4693068105627750.0,7295413443680656.0,7295412984190197.0,-0.9597303696313916,1.516966494796523e-17,3.318187064267828e-16,1.659093532133914e-16,3.7092061506874214e-68,1.4836824602749686e-67,2.97505012978564e-16,0.0,5.61757976504847e-18,0.0
248,0.3960939825793662,3744976409561985.5,2531730340452140.5,2531730323772071.5,0.40927877743186414,9.73185373500981e-18,0.0,3.318187064267828e-16,0.0,9.273015376718553e-69,2.451665342103155e-16,0.0,1.305010468501349e-17,0.0
249,0.5201577554720433,1457234658239626.2,1447382795985195.8,1447382779903058.5,-0.7425954577778284,2.2417671239468956e-17,1.659093532133914e-16,0.0,1.1591269220898192e-69,2.3182538441796384e-69,3.556362843397118e-16,0.0,2.2511768087612788e-17,0.0
250,0.21786344103334854,4102215951374306.5,3955964248880872.5,3955964185301055.5,0.07778076254435023,2.0635827464017568e-17,0.0,0.0,9.273015376718553e-69,1.8546030753437107e-68,1.2820690477053334e-16,0.0,4.948919775926651e-18,0.0
251,0.44051220588890655,4317775458239553.5,4554372345782513.0,4554372333384120.0,0.8643162123434106,3.941395044403997e-17,0.0,3.318187064267828e-16,0.0,0.0,1.0632128695803567e-16,0.0,2.0535936022682983e-17,0.0
252,0.032478654966285145,3412818938740234.0,3465074160595097.0,3465074103189693.5,-0.08529381343814213,1.6066308571154183e-17,3.318187064267828e-16,0.0,1.8546030753437107e-68,1.8546030753437107e-68,1.5039106566393385e-16,0.0,8.092751673894791e-18,0.0
253,0.056330698819032354,4772559801119433.0,4703438813952480.0,4703438771127169.0,0.5605705680759434,2.780561930977594e-17,1.659093532133914e-16,3.318187064267828e-16,0.0,0.0,1.442846593797023e-16,0.0,4.345746048719946e-17,0.0
254,0.1141450786714009,2722728899459992.0,2439214927050605.5,2439214890959715.0,-0.3769465419499496,4.241079174990049e-17,3.318187064267828e-16,3.318187064267828e-16,9.273015376718553e-69,9.273015376718553e-69,1.2107176126846905e-16,0.0,3.502659810206913e-17,0.0
255,0.5576676268550532,2145825719958752.0,1189341495371117.2,1189341490964290.5,0.2928159472956277,1.0006050245650962e-17,0.0,1.659093532133914e-16,0.0,2.3182538441796384e-69,4.428627607368949e-16,0.0,2.2414698878073255e-17,0.0
256,0.4769678387750231,1350412113948931.5,2095535346706761.0,2095535313045553.8,-0.7400403895981993,1.9674363263124893e-17,1.659093532133914e-16,3.318187064267828e-16,1.1591269220898192e-69,4.636507688359277e-69,2.850560239057194e-16,0.0,1.770518973997326e-17,0.0
257,0.4692127803988716,2299969172562114.0,1802782939733403.2,1802782927099662.2,0.11760160814045613,1.78489792940186e-17,3.318187064267828e-16,1.659093532133914e-16,4.636507688359277e-69,4.636507688359277e-69,7.665743324728099e-16,0.0,2.605438841484678e-17,0.0
258,0.0963460089863435,2901735200534724.5,2872454737542934.5,2872454736249995.5,0.9644294018511307,3.136304528026951e-17,1.659093532133914e-16,3.318187064267828e-16,0.0,9.273015376718553e-69,2.373087541367946e-16,0.0,6.0651160668475655e-18,0.0
259,0.3375540765285146,3517918232969497.5,4111939833291763.5,4111939702589555.5,-0.7547249414116511,2.6602387644403163e-17,0.0,1.659093532133914e-16,9.273015376718553e-69,3.7092061506874214e-68,1.458980690071229e-16,0.0,8.719582154366222e-18,0.0
260,0.15108238873766794,2808500268894689.5,2626833317747371.0,2626833308343133.5,0.6906300338320427,2.205103889247644e-17,3.318187064267828e-16,1.659093532133914e-16,0.0,1.390952306507783e-68,6.519931470165011e-16,0.0,3.7587055552584866e-17,0.0
261,0.5243127452481781,3460182951791479.5,3535391272135397.0,3535391225015492.0,0.14424576716171786,3.74861425337348e-17,0.0,0.0,9.273015376718553e-69,2.0864284597616745e-68,1.327373584559912e-16,0.0,2.798036581592545e-17,0.0
262,0.4754762218334586,3821001619728821.0,5768157306499631.0,5768157073697425.0,-0.588299990627369,3.849904018494571e-17,0.0,1.659093532133914e-16,0.0,1.4836824602749686e-67,0.0,0.0,1.935012793086277e-17,0.0
263,0.33039613639830434,1271077463510628.2,1595660112511440.5,1595660104905230.0,0.32187903787132316,1.7813176683849784e-17,1.659093532133914e-16,1.659093532133914e-16,0.0,4.636507688359277e-69,1.048184741296895e-16,0.0,1.1139850468464933e-17,0.0
264,0.035793074117867585,1828202675514639.8,1893539729879242.2,1893539712488677.0,-0.10099278875364812,3.60666066614739e-17,4.977280596401743e-16,4.977280596401743e-16,2.3182538441796384e-69,2.3182538441796384e-69,2.0341856973219109e-16,0.0,3.7911728203619455e-17,0.0
265,0.4109368404131885,3273139753453627.5,4844044850423376.0,4844044805238557.0,0.5628848510691019,2.9883621337206607e-17,3.318187064267828e-16,4.977280596401743e-16,9.273015376718553e-69,0.0,2.912596233837411e-16,0.0,2.747202336211715e-17,0.0
266,0.04687896988051319,4761056082247430.0,4707012717185967.0,4707012706627721.0,0.8918265630074914,1.4379956078834213e-17,1.659093532133914e-16,0.0,1.8546030753437107e-68,1.8546030753437107e-68,9.642218776367562e-17,0.0,4.628107770793821e-17,0.0
267,0.11340362398665367,2315610857364887.5,2332766682355674.5,2332766678751259.5,0.8496471112445392,2.149466419001077e-17,3.318187064267828e-16,3.318187064267828e-16,4.636507688359277e-69,1.390952306507783e-68,6.049895094688164e-16,0.0,2.061962935031602e-17,0.0
268,0.14255242819501526,2809576701161843.5,2891752660294755.0,2891752598228961.5,-0.6848050290154934,3.3165267151324798e-18,3.318187064267828e-16,3.318187064267828e-16,9.273015376718553e-69,1.8546030753437107e-68,2.945649478110344e-16,0.0,1.151398746018184e-17,0.0
269,0.46723356054842025,2416885427398908.5,3260342840058930.5,3260342771911312.0,-0.45527063830181685,4.2776072765817916e-18,0.0,1.659093532133914e-16,4.636507688359277e-69,1.8546030753437107e-68,5.136380100811292e-16,0.0,2.5619966283158515e-17,0.0
270,0.598949280001536,2883957588101373.5,5634339611430446.0,5634339464217176.0,-0.052641640160534735,9.221900658582869e-18,1.659093532133914e-16,0.0,4.636507688359277e-69,0.0,5.753134943473701e-16,0.0,1.2840931915740411e-17,0.0
271,0.5122774247038179,4524300776553324.0,7417688164153287.0,7417688012927316.0,0.3761087941307528,3.602620987372807e-17,3.318187064267828e-16,1.659093532133914e-16,0.0,3.7092061506874214e-68,1.1591047616919393e-16,0.0,9.084751826392763e-18,0.0
272,0.4208422816929572,4135383508537359.5,4184976302399587.5,4184976153320007.5,-0.9321987040362713,3.208547022277389e-18,0.0,1.659093532133914e-16,0.0,3.7092061506874214e-68,4.995477424419073e-16,0.0,2.934017676672599e-17,0.0
273,0.23168025224780003,3246703273316627.0,3032533102418255.5,3032533065547222.5,0.08989012609982086,4.199664576962012e-17,0.0,3.318187064267828e-16,0.0,1.390952306507783e-68,2.0611858230453934e-16,0.0,3.9451027671835166e-17,0.0
274,0.0025792094704494947,1492819888501039.0,1495474892625024.5,1495474892000781.2,0.9366399821033972,1.0529031087914188e-17,1.659093532133914e-16,1.659093532133914e-16,0.0,0.0,4.548276900151636e-16,0.0,4.1149000761600105e-17,0.0
275,0.4097715263882038,4203843160780121.5,5688173752646386.0,5688173624148319.0,0.09849007765660713,8.856658256164476e-18,0.0,1.659093532133914e-16,3.7092061506874214e-68,3.7092061506874214e-68,2.6327841609998474e-16,0.0,1.4677910139469794e-17,0.0
276,0.183511577721797,3897676937932663.5,3635669161750295.5,3635669078833382.5,-0.4239476887497519,1.2822859576453553e-17,0.0,0.0,0.0,3.7092061506874214e-68,3.0208245344108756e-16,0.0,9.648312034569179e-18,0.0
277,0.37004974545300995,3734281471302394.0,3155603960074327.0,3155603949727586.5,0.7641378871159116,2.0006936834853606e-17,3.318187064267828e-16,3.318187064267828e-16,9.273015376718553e-69,0.0,1.2293434414191134e-16,0.0,1.7556650210466756e-17,0.0
278,0.11384835079328372,2343794738153842.0,2623392230924507.5,2623392178048340.0,-0.7440267322616484,4.703914650990609e-17,1.659093532133914e-16,3.318187064267828e-16,4.636507688359277e-69,0.0,3.826379161045402e-16,0.0,3.5848085871276636e-17,0.0
279,0.3588196541865059,1910408551328567.2,2700758963969649.0,2700758905209687.5,-0.8286453190635314,9.014674764474775e-18,3.318187064267828e-16,1.659093532133914e-16,0.0,9.273015376718553e-69,2.8177689165678765e-16,0.0,3.037400329283637e-17,0.0
280,0.2618570370233633,1282261335417493.0,1396569699714834.2,1396569684962497.0,-0.7169404110504635,3.271131391148977e-17,0.0,1.659093532133914e-16,0.0,0.0,1.2854071717246777e-16,0.0,3.279917528884331e-17,0.0
281,0.3850013760834708,2402740702624922.5,2961956048239934.0,2961956012675221.0,0.07980109522620622,1.0586412295136774e-17,0.0,1.659093532133914e-16,4.636507688359277e-69,2.781904613015566e-68,1.3719565450989098e-16,0.0,1.823501249751252e-17,0.0
282,0.24087325013214864,2700876723210845.0,2917044822290774.0,2917044779925751.0,-0.13016241419125948,4.134585583750147e-17,0.0,0.0,0.0,4.636507688359277e-69,5.186909364202348e-16,0.0,4.535492844359681e-17,0.0
283,0.097789162175404,2930428992871439.0,2754751939208512.0,2754751897778798.5,-0.2392717640488854,2.0328136603656006e-17,1.659093532133914e-16,0.0,0.0,0.0,2.3579961410795685e-16,0.0,3.7139407685054473e-17,0.0
284,0.043787672556974,4829632812088043.0,4700996964005964.0,4700996940502616.0,0.7585821361912453,2.684068400338821e-18,4.977280596401743e-16,4.977280596401743e-16,0.0,1.8546030753437107e-68,1.3650958411956898e-16,0.0,1.6817434011078017e-17,0.0
285,0.5441469033539917,3899252238108907.0,4392728637555430.5,4392728484681053.5,-0.7983970461364512,2.3137991193084622e-17,0.0,3.318187064267828e-16,1.8546030753437107e-68,7.418412301374843e-68,7.482370946201416e-16,0.0,1.949258287376674e-17,0.0
286,0.0745849711642493,1877789236909744.5,1919111276004969.0,1919111268096014.5,0.5125406769762386,1.2283415377133395e-17,0.0,1.659093532133914e-16,0.0,2.3182538441796384e-69,1.2223721238048523e-16,0.0,4.0577810414569034e-17,0.0
287,0.40437595349561134,3551242674896865.5,4224410418912313.5,4224410344400905.5,0.0522142312474554,1.2218488722415684e-17,0.0,0.0,0.0,1.8546030753437107e-68,1.4809813295603136e-16,0.0,1.2405130239150827e-17,0.0
288,0.4280655173815796,2176752422969344.5,1795758797515521.8,1795758797054679.8,0.967560383677848,3.485128327134968e-17,0.0,3.318187064267828e-16,0.0,9.273015376718553e-69,3.028783428337767e-16,0.0,3.53077278668478e-17,0.0
289,0.31768030616243403,2749515619055732.0,2841960980216036.0,2841960948780055.0,0.1164921387315622,1.8126649192902175e-17,0.0,0.0,9.273015376718553e-69,9.273015376718553e-69,1.9241705490027183e-16,0.0,4.3664418710192553e-17,0.0
290,0.24701290922174804,4788188538982778.0,5525488997704064.0,5525488910333314.0,0.3504026423619187,1.6671309913513623e-17,3.318187064267828e-16,4.977280596401743e-16,1.8546030753437107e-68,1.8546030753437107e-68,1.361174811035425e-16,0.0,1.8642046185859936e-17,0.0
291,0.018854404998220907,3523684240202335.5,3472409827994246.0,3472409804368279.0,0.5552179398603097,2.9584015627391644e-17,0.0,3.318187064267828e-16,0.0,9.273015376718553e-69,9.292919554794039e-17,0.0,3.020003731800644e-17,0.0
292,0.46825939074826434,3969377149000605.5,2470458854304023.5,2470458854141969.0,0.9939726629690043,1.2877100233591448e-17,3.318187064267828e-16,0.0,9.273015376718553e-69,1.8546030753437107e-68,1.7347990362849548e-16,0.0,2.8937307998972746e-17,0.0
293,0.05480376645402603,2454099523429697.0,2328682480271041.5,2328682442797301.5,-0.5686502071909495,1.1112640843948014e-18,3.318187064267828e-16,3.318187064267828e-16,0.0,4.636507688359277e-69,9.641011057466038e-17,0.0,1.2231297103855124e-17,0.0
294,0.21699534203656834,3431536288475918.5,3668545946589524.0,3668545933494717.5,0.7791330278508007,4.054992786639809e-17,1.659093532133914e-16,3.318187064267828e-16,0.0,9.273015376718553e-69,3.01121446407648e-16,0.0,1.2052506127514214e-17,0.0
295,0.5583260404734648,3701058712873781.0,6063105156681738.0,6063104895500931.0,-0.6127635277502688,2.839254474231557e-17,3.318187064267828e-16,1.659093532133914e-16,9.273015376718553e-69,0.0,5.285272462992588e-16,0.0,1.8479732077801325e-17,0.0
296,0.27471605237166263,1278522883491045.5,1385063310632088.0,1385063301714721.5,-0.055156745610239276,1.7822769039812715e-17,0.0,0.0,0.0,0.0,2.629105215309677e-16,0.0,1.3545109797004916e-17,0.0
297,0.36568425110232583,1623083525162520.2,2078721271883546.0,2078721252853651.8,0.00031431501102260434,1.3414704722439545e-17,3.318187064267828e-16,3.318187064267828e-16,2.3182538441796384e-69,4.636507688359277e-69,4.3011073245114256e-16,0.0,8.861424930045033e-18,0.0
298,0.07357185855098014,2397994115230509.0,2368223979585404.0,2368223939455922.5,-0.6241929570711909,4.255365299031537e-17,1.659093532133914e-16,0.0,4.636507688359277e-69,4.636507688359277e-69,2.3929971335215463e-16,0.0,4.591834008365842e-18,0.0
299,0.1930043024775594,1476765287063559.5,1505271928907872.5,1505271909944007.2,-0.8998379586181533,1.4936762935956522e-17,0.0,0.0,2.3182538441796384e-69,9.273015376718553e-69,2.05616438203511e-16,0.0,4.0134600108639165e-17,0.0
300,0.21702648761177928,3503844868572904.5,2828527753113216.0,2828527743800822.0,0.7357834127362626,4.1542131667666835e-17,1.659093532133914e-16,4.977280596401743e-16,0.0,0.0,1.3101934039186747e-16,0.0,8.358256386506693e-18,0.0
301,0.3851389367691029,2802841201472664.0,2047280371095649.0,2047280349754268.0,-0.1558128000715064,1.1749947063208242e-17,1.659093532133914e-16,1.659093532133914e-16,4.636507688359277e-69,4.636507688359277e-69,9.156021340872338e-17,0.0,3.3476771002998664e-17,0.0
302,0.08753307486328174,2515979933466565.5,2722304197472873.0,2722304190982635.5,0.8012043302806777,7.828964500785199e-18,0.0,3.318187064267828e-16,9.273015376718553e-69,9.273015376718553e-69,5.697382971429914e-16,0.0,3.484660978402005e-17,0.0
303,0.02645868404691418,1874143711933771.5,1897162517916029.0,1897162490084305.8,-0.7552971403280856,2.6798166384046998e-17,1.659093532133914e-16,1.659093532133914e-16,2.3182538441796384e-69,2.3182538441796384e-69,3.68141880419955e-16,0.0,4.730320051152537e-17,0.0
304,0.09383015122159093,2861026328217333.5,3061387723487461.5,3061387663552801.5,-0.45164691821669,9.833081810731791e-18,3.318187064267828e-16,3.318187064267828e-16,0.0,9.273015376718553e-69,1.1346016901613674e-16,0.0,3.2940927035100786e-17,0.0
305,0.5089775339034994,4139458800191268.5,4564159690770815.0,4564159647396764.0,0.5273627503979363,1.0607564662049824e-17,0.0,0.0,0.0,1.8546030753437107e-68,5.735860852033266e-16,0.0,3.195624766485628e-17,0.0
306,0.5601510119431988,2913473267716666.0,2220256385471151.8,2220256359293317.5,-0.2054441190282889,2.91811007587322e-17,1.659093532133914e-16,1.659093532133914e-16,0.0,0.0,1.4203027422960392e-16,0.0,1.9433293122209612e-17,0.0
307,0.4603683025997905,4463124461556735.0,2721996670325102.5,2721996652821213.0,0.4637355631304249,1.140885230143167e-17,0.0,0.0,1.8546030753437107e-68,0.0,2.3602947684872404e-16,0.0,2.2317564295127182e-17,0.0
308,0.5857248208212866,2811581161997687.0,2277031575768461.5,2277031534757245.0,-0.7954948814639503,1.2562567237088383e-17,0.0,3.318187064267828e-16,1.8546030753437107e-68,0.0,2.501767272552319e-16,0.0,1.5478094815595673e-17,0.0
309,0.5335286579731147,2296235491244415.0,2137098487134887.8,2137098486969444.8,0.9917772254681145,1.759558440841991e-17,0.0,0.0,4.636507688359277e-69,1.390952306507783e-68,4.2502115773699723e-16,0.0,7.266193210156372e-18,0.0
310,0.15582514583837775,4775812939565718.0,4993075693315733.0,4993075484710957.0,-0.8993612898631196,1.3147237482732953e-17,3.318187064267828e-16,1.659093532133914e-16,0.0,1.8546030753437107e-68,3.474130453926634e-16,0.0,2.1470363249409013e-17,0.0
311,0.32570887407350424,3461458307950296.5,2905251723528628.0,2905251694767913.5,0.22651525951543325,1.1784536202679084e-17,4.977280596401743e-16,4.977280596401743e-16,9.273015376718553e-69,9.273015376718553e-69,3.810734905829142e-16,0.0,1.2506945802922302e-17,0.0
312,0.09069857962223571,4562857708972296.0,4452799600148093.0,4452799519333719.0,0.07478654689616976,2.8489913184534006e-17,1.659093532133914e-16,3.318187064267828e-16,3.7092061506874214e-68,0.0,3.6709051489721416e-16,0.0,3.4882569276309605e-17,0.0
313,0.0694730234460639,1358220000834835.8,1279384158923639.2,1279384144921767.0,-0.941796860934874,3.334763970823593e-17,1.659093532133914e-16,0.0,1.1591269220898192e-69,1.1591269220898192e-69,2.543748528460527e-16,0.0,2.021136872560805e-17,0.0
314,0.5686051195175332,4453758762023373.5,5827731038585667.0,5827730808695149.0,-0.5365322947111602,2.601671597673558e-17,1.659093532133914e-16,1.659093532133914e-16,3.7092061506874214e-68,7.418412301374843e-68,5.698335648246353e-16,0.0,3.3486325523344104e-17,0.0
315,0.07828294976869446,4546879428206834.0,4712146036985684.0,4712145966710955.0,0.2815751914933482,4.707273225173421e-18,3.318187064267828e-16,3.318187064267828e-16,0.0,3.7092061506874214e-68,2.257625192043478e-16,0.0,2.2242682180680537e-17,0.0
316,0.13439901445268868,1739902460456715.5,1708726140357616.0,1708726118849368.0,-0.6721673185576501,1.426196209370806e-17,1.659093532133914e-16,1.659093532133914e-16,0.0,2.3182538441796384e-69,6.063504989183856e-16,0.0,2.0915531531787223e-17,0.0
317,0.10376006154935165,3811438097518977.0,3785537402699885.5,3785537389945619.0,0.7979680712270344,2.2564652072739376e-17,0.0,1.659093532133914e-16,9.273015376718553e-69,2.781904613015566e-68,2.0983693517425435e-16,0.0,3.5077972425318985e-17,0.0
318,0.5438887566099834,1601591551169033.0,1553854777218677.0,1553854760359060.2,-0.5850627591163992,1.487371136922857e-17,3.318187064267828e-16,3.318187064267828e-16,0.0,0.0,1.0291187633749905e-16,0.0,2.976868080203941e-17,0.0
319,0.4925809525984939,1888675454305311.2,2093104066265478.8,2093104060829829.8,0.7183632109807893,3.25098726365933e-17,1.659093532133914e-16,1.659093532133914e-16,2.3182538441796384e-69,4.636507688359277e-69,1.2247843766882198e-16,0.0,2.958749832524977e-17,0.0
320,0.05624090947566911,2662917229118372.0,2721066985438727.5,2721066929158328.5,-0.7254338838965957,1.4211022070223687e-17,0.0,1.659093532133914e-16,4.636507688359277e-69,9.273015376718553e-69,7.529921623308069e-16,0.0,4.044951343609066e-17,0.0
321,0.15341199841938852,1548270465665796.5,1751090359705106.2,1751090355270137.0,0.6716832114068358,2.7569444458736918e-17,0.0,0.0,0.0,2.3182538441796384e-69,2.6726687381230445e-16,0.0,2.9921079793306016e-17,0.0
322,0.09817913698895721,4568270200753733.0,4263420989629602.5,4263420939719981.5,0.3767138876307207,4.251675960456043e-17,3.318187064267828e-16,3.318187064267828e-16,0.0,0.0,1.8116328018694862e-16,0.0,1.0206012175153677e-17,0.0
323,0.5108188203763377,3022959458159661.0,5109901551458471.0,5109901398166675.0,-0.332641935678515,2.326204008530218e-17,3.318187064267828e-16,3.318187064267828e-16,0.0,3.7092061506874214e-68,4.0889985720930365e-16,0.0,2.859033955697827e-17,0.0
324,0.5284176898420101,2089160521731161.0,2134065544691371.2,2134065521003709.2,-0.18066397986795021,2.127304875873598e-17,1.659093532133914e-16,0.0,0.0,9.273015376718553e-69,6.970459602154193e-16,0.0,1.679510842573332e-17,0.0
325,0.11948233912271726,2746567818842704.5,3038164244093656.5,3038164212435437.0,0.22145520082235431,2.4038045373212706e-17,3.318187064267828e-16,3.318187064267828e-16,0.0,4.636507688359277e-69,1.8803663627463125e-16,0.0,7.462013720629975e-18,0.0
326,0.5332564215945061,2745965638041785.0,1982252547977655.5,1982252526897158.8,-0.21781828221832766,3.3204084966483346e-17,3.318187064267828e-16,3.318187064267828e-16,4.636507688359277e-69,0.0,1.7009366318755963e-16,0.0,3.578458356136254e-17,0.0
327,0.41358064374187303,1817030032381570.0,1388444681172268.5,1388444676529552.2,0.4533182245869242,1.728784347687099e-17,0.0,1.659093532133914e-16,2.3182538441796384e-69,1.1591269220898192e-69,0.0,0.0,3.012421556001098e-17,0.0
328,0.31114206102127967,3468888097991325.0,4293109297093113.0,4293109184564132.5,-0.3859262523891325,1.971451587611235e-17,0.0,0.0,0.0,1.8546030753437107e-68,1.3666311923942298e-16,0.0,1.570850230408155e-17,0.0
329,0.022456351871227187,1617683493843287.2,1641464756346524.0,1641464740502567.0,-0.334812133248514,3.8097476472678846e-17,1.659093532133914e-16,1.659093532133914e-16,2.3182538441796384e-69,0.0,2.1283742088441128e-16,0.0,2.710750355094431e-17,0.0
330,0.30909682612988376,3956810802479999.5,4192883763322272.5,4192883718079824.5,0.4158288985019225,3.701613528229646e-17,1.659093532133914e-16,0.0,1.8546030753437107e-68,0.0,1.1692346713256144e-16,0.0,9.136022372790546e-18,0.0
331,0.04912866754067312,1841068706287169.8,1777852056108533.8,1777852041438370.8,-0.05356982113229783,5.8482893615727796e-18,1.659093532133914e-16,0.0,2.3182538441796384e-69,2.3182538441796384e-69,3.7532223720393443e-16,0.0,4.390018882397408e-17,0.0
332,0.1392230652183104,3023715848834094.0,2870420229879310.5,2870420209207231.0,0.43047495565862964,2.396388246526569e-17,1.659093532133914e-16,0.0,9.273015376718553e-69,0.0,7.591180297131154e-17,0.0,4.590228551822243e-17,0.0
333,0.24695467498306697,1451676233223081.0,1597168052900308.8,1597168034502480.5,-0.6371367079181198,1.4898848755294708e-17,3.318187064267828e-16,4.977280596401743e-16,1.1591269220898192e-69,6.954761532538915e-69,3.2656666611635075e-16,0.0,1.1386438686389798e-17,0.0
334,0.05718712535234744,4422538606132137.0,4592578068228991.0,4592577910099726.0,-0.7018402438306056,4.7893448275517575e-18,1.659093532133914e-16,0.0,0.0,0.0,3.9184659549378637e-16,0.0,4.016263507665805e-17,0.0
335,0.2956165361162265,1560630188060432.0,1862635109204669.8,1862635099555135.0,0.3686496720372846,8.802131817048205e-18,0.0,1.659093532133914e-16,0.0,2.3182538441796384e-69,5.00122222112052e-16,0.0,1.5431654028851674e-17,0.0
336,0.5831229406715807,2949552207107548.0,1911920143903003.2,1911920111988211.2,-0.9818562025622458,3.17480352876897e-17,0.0,6.636374128535656e-16,9.273015376718553e-69,6.954761532538915e-69,9.53102973891304e-17,0.0,1.7625129818114314e-17,0.0
337,0.4114709350072961,4820158278839999.0,6087509253611571.0,6087509005214856.0,-0.5215499474539579,8.078567611524795e-18,1.659093532133914e-16,0.0,1.8546030753437107e-68,3.7092061506874214e-68,6.231667508657209e-16,0.0,3.868609959235903e-17,0.0
338,0.1836169666754448,2196431806597658.5,2620094062781298.0,2620094038918767.5,0.2109539427270277,3.9331163547574726e-17,0.0,1.659093532133914e-16,4.636507688359277e-69,0.0,3.1783624774511973e-16,0.0,1.3252836088537978e-17,0.0
339,0.26781644452481884,4013413500436864.5,3488620258847794.5,3488620215031195.0,0.1827575952221712,2.1229583472998855e-17,0.0,0.0,3.7092061506874214e-68,1.8546030753437107e-68,1.3379363726276116e-16,0.0,4.327081344263133e-18,0.0
340,0.4550128451231707,3166620004623409.0,2615220137128773.0,2615220090120865.0,-0.5601776151685983,2.79683941266709e-17,0.0,1.659093532133914e-16,0.0,2.3182538441796384e-69,5.5322563573495135e-16,0.0,2.3226695933840358e-17,0.0
341,0.41819141122871806,3915079086417798.5,5020133343591145.0,5020133308269776.0,0.6818538742661496,2.892795670252024e-17,3.318187064267828e-16,3.318187064267828e-16,1.8546030753437107e-68,5.563809226031132e-68,2.638542785941786e-16,0.0,1.5132403763360845e-17,0.0
342,0.3929433363592189,1406814422482596.0,1433415577106612.2,1433415560667686.2,-0.8161379220783969,1.6050705559306332e-17,0.0,1.659093532133914e-16,1.1591269220898192e-69,2.3182538441796384e-69,3.848118901809266e-16,0.0,3.503658737579904e-17,0.0
343,0.5490329192164048,4749906015849508.0,7420598814909621.0,7420598515081648.0,-0.2359869229569737,1.4818016601270038e-17,3.318187064267828e-16,3.318187064267828e-16,3.7092061506874214e-68,2.967364920549937e-67,1.4101766859155583e-16,0.0,3.152505929031877e-17,0.0
344,0.23173040549910065,1811105793718791.8,2021998582675942.2,2021998570387545.2,0.31773489944368105,2.2680582760414888e-17,0.0,1.659093532133914e-16,2.3182538441796384e-69,4.636507688359277e-69,1.584223589767594e-16,0.0,1.4034675224145162e-17,0.0
345,0.03567522403847281,3144089146789451.0,3137002014961597.5,3137001957130591.0,-0.3339844887872128,2.97891444136527e-17,3.318187064267828e-16,0.0,1.8546030753437107e-68,1.8546030753437107e-68,1.633089601477617e-16,0.0,1.806807257837407e-17,0.0
346,0.1574783573558901,3061861469777506.5,3426856342342527.0,3426856263936889.0,-0.5155669347661411,1.7500614985473482e-17,1.659093532133914e-16,1.659093532133914e-16,0.0,0.0,1.8741517539541493e-16,0.0,4.4690741593518036e-17,0.0
347,0.4076036391197667,2517611913051831.0,2315782694820787.0,2315782687802928.0,0.7029506242439756,1.9005023746441105e-17,0.0,0.0,4.636507688359277e-69,9.273015376718553e-69,2.5642125940753588e-17,0.0,1.1322988286628757e-17,0.0
348,0.10082129312682538,3325531359617147.0,3129682659294712.5,3129682583859809.5,-0.7482009578706119,3.900066891773931e-17,3.318187064267828e-16,6.636374128535656e-16,9.273015376718553e-69,9.273015376718553e-69,1.4018489206277576e-16,0.0,2.623037426112335e-17,0.0
349,0.027898085805554505,2346726357328626.5,2319253627705367.5,2319253613025385.5,0.38048952948124537,9.906552333047056e-18,1.659093532133914e-16,1.659093532133914e-16,0.0,0.0,2.3966509222631615e-16,0.0,1.8091019019616113e-17,0.0
350,0.4227252704849589,3762478444863544.0,4312826653418117.0,4312826617750896.0,0.5647238416614002,3.800855800337845e-17,1.659093532133914e-16,1.659093532133914e-16,9.273015376718553e-69,4.636507688359277e-68,5.257389849564656e-16,0.0,3.638711202785904e-17,0.0
351,0.006050515893217812,2391891446751022.0,2396518857960699.0,2396518844760415.5,0.4782755579655042,3.534670972389667e-17,1.659093532133914e-16,3.318187064267828e-16,4.636507688359277e-69,0.0,2.1052040078951435e-16,0.0,2.022305912097549e-17,0.0
352,0.11611382364333676,4886448385677674.0,4638324425111060.0,4638324419520931.0,0.9410180417671553,3.759612065216973e-17,1.659093532133914e-16,1.659093532133914e-16,1.8546030753437107e-68,1.8546030753437107e-68,1.0503691773754789e-16,0.0,1.3295637091879968e-17,0.0
353,0.35434699969214023,3436508272824304.5,4593853936196674.0,4593853918496341.0,0.8096088769484475,3.175952862029014e-17,0.0,3.318187064267828e-16,0.0,1.8546030753437107e-68,5.010203948346326e-16,0.0,9.98256245027032e-18,0.0
354,0.23378980720521814,3025303196627524.5,3068482913534062.5,3068482838342225.0,-0.812770833217627,2.2349352769042964e-17,0.0,3.318187064267828e-16,0.0,1.8546030753437107e-68,3.4102848199433826e-16,0.0,2.925562987727254e-17,0.0
355,0.052440243371326044,2655544803948818.5,2780498431699028.0,2780498419722898.5,0.648366071330425,1.556140419618519e-17,1.659093532133914e-16,1.659093532133914e-16,4.636507688359277e-69,2.3182538441796384e-68,1.4374518155322179e-16,0.0,1.543534562799587e-18,0.0
356,0.1181397822852909,1469398608991274.5,1647706005037261.0,1647705985583043.8,-0.6265744031465985,2.923852542850131e-17,1.659093532133914e-16,3.318187064267828e-16,2.3182538441796384e-69,6.954761532538915e-69,1.6101825942077195e-16,0.0,1.0205973908905097e-17,0.0
357,0.23465084583677337,2793258324419224.5,2908358205031422.0,2908358165797624.5,-0.05289285241046851,2.2799875649949045e-17,1.659093532133914e-16,1.659093532133914e-16,4.636507688359277e-69,9.273015376718553e-69,3.8337585028574764e-16,0.0,1.1165722816722228e-17,0.0
358,0.23973288801101147,1426016416861570.5,1326678064447914.5,1326678051875636.0,-0.6214460764434832,5.215108121214935e-18,0.0,0.0,2.3182538441796384e-69,2.3182538441796384e-69,8.998099023375823e-17,0.0,5.535306536788628e-18,0.0
359,0.2630499709016946,1981396011531382.2,1613312777390579.5,1613312770047725.0,0.3596057797599241,3.209362037682786e-17,1.659093532133914e-16,0.0,2.3182538441796384e-69,0.0,8.211963895812019e-16,0.0,3.09746679683139e-17,0.0
360,0.5930075155352693,2353203572183105.0,1524468795082412.5,1524468787182674.2,0.22839462414825767,1.6326532193359028e-17,1.659093532133914e-16,3.318187064267828e-16,0.0,0.0,2.3334022559833425e-16,0.0,2.164227251277507e-17,0.0
361,0.15554662163473218,2321932910650019.5,2520795638660834.0,2520795596207333.5,-0.5165538938715323,1.3018417190138465e-17,0.0,0.0,0.0,4.636507688359277e-69,1.4436999924897424e-16,0.0,1.7498962752349618e-18,0.0
362,0.18885944095849402,1553334344308127.5,1846762187412903.5,1846762159229229.2,-0.8758378126460113,2.8331662038035996e-17,1.659093532133914e-16,1.659093532133914e-16,2.3182538441796384e-69,0.0,3.3858336812488197e-16,0.0,2.9019482207068354e-18,0.0
363,0.18923827467109156,4753070161659867.0,4413947878811471.0,4413947771185020.0,-0.2539616249572086,2.5811259273106783e-17,1.659093532133914e-16,3.318187064267828e-16,1.8546030753437107e-68,4.636507688359277e-68,2.0057213957479895e-16,0.0,1.7113633199162257e-17,0.0
364,0.22583011601459782,1309893062343735.5,1070687054404482.5,1070687046116168.0,-0.6411971083017706,4.343557481127405e-17,1.659093532133914e-16,4.977280596401743e-16,0.0,1.7386903831347288e-69,1.2582919659272068e-16,0.0,3.0431426759929634e-17,0.0
365,0.1896047426530966,3170665517032227.0,3800060242607665.0,3800060175977916.0,-0.047386179312178894,1.02184920187682e-17,3.318187064267828e-16,4.977280596401743e-16,9.273015376718553e-69,2.781904613015566e-68,2.289284950514495e-16,0.0,2.775698593293104e-17,0.0
366,0.49200913967505616,2660574892859490.5,1945028273123002.0,1945028249055678.0,-0.44409440597448585,6.297452520297292e-18,0.0,1.659093532133914e-16,4.636507688359277e-69,9.273015376718553e-69,3.272763495389977e-16,0.0,2.0454081737750553e-17,0.0
367,0.13064781164850744,2401469671540975.0,2582650887275177.5,2582650845632664.0,-0.41718044552138744,4.240140016729093e-17,3.318187064267828e-16,3.318187064267828e-16,4.636507688359277e-69,1.390952306507783e-68,2.1179750152864627e-16,0.0,1.8680431520250257e-17,0.0
368,0.15202636228952066,2848712943080597.5,3029506579337427.0,3029506537486216.0,-0.035103666082648456,3.2005544642872415e-17,0.0,1.659093532133914e-16,4.636507688359277e-69,0.0,1.900363174058145e-16,0.0,4.151938496255938e-18,0.0
369,0.1741143269319362,2084100932979636.0,2384403574367223.5,2384403554334899.5,0.2001815401545423,2.3415617701735258e-17,1.659093532133914e-16,1.659093532133914e-16,0.0,9.273015376718553e-69,1.2617728861002995e-16,0.0,3.4871426770109716e-17,0.0
370,0.490981361687709,1951945745321610.0,2112752058538857.0,2112752021506741.5,-0.883220094851129,2.4846022040201523e-17,1.659093532133914e-16,1.659093532133914e-16,2.3182538441796384e-69,9.273015376718553e-69,8.316481588099372e-16,0.0,3.5950948948618843e-17,0.0
371,0.23515825915399632,1726677868680772.0,1475424789101687.5,1475424782306485.2,0.29142171378538667,6.627236933085239e-18,1.659093532133914e-16,3.318187064267828e-16,2.3182538441796384e-69,2.3182538441796384e-69,1.6281131710975804e-16,0.0,7.282295489862658e-18,0.0
372,0.43996213246536436,4274655485113023.0,2920865069228930.0,2920865041694202.5,0.2673822877695407,2.0360874808745887e-17,0.0,1.659093532133914e-16,0.0,0.0,4.840172601225163e-16,0.0,3.252073141182894e-17,0.0
373,0.4984488508632099,4736667822994562.0,5786038559555129.0,5786038323288320.0,-0.6019896328624341,1.3639143015659594e-17,0.0,1.659093532133914e-16,1.8546030753437107e-68,0.0,1.4385564827436137e-16,0.0,3.187745495912332e-17,0.0
374,0.47640380128521714,4627281691292516.0,6207007290137394.0,6207007149886506.0,0.1736562689881307,1.423742962851145e-17,1.659093532133914e-16,3.318187064267828e-16,1.8546030753437107e-68,7.418412301374843e-68,2.3398571911799963e-16,0.0,1.976900642322043e-17,0.0
375,0.2882386777628285,3738539255312334.0,4358992473347081.5,4358992324305847.0,-0.7805485931329929,2.4151380076613176e-17,1.659093532133914e-16,3.318187064267828e-16,9.273015376718553e-69,1.8546030753437107e-68,1.3728824069076675e-16,0.0,1.506176132713676e-17,0.0
376,0.1600636662864631,2260410865880970.5,2241395233693980.2,2241395221633930.2,0.4550811487085225,7.370044230199056e-18,0.0,1.659093532133914e-16,0.0,4.636507688359277e-69,2.326711562771718e-16,0.0,5.0191650736882895e-18,0.0
377,0.17106888001204143,2231603609499843.0,1880659552235858.5,1880659541669564.8,0.32185598483263345,3.0756231787664045e-17,1.659093532133914e-16,1.659093532133914e-16,9.273015376718553e-69,2.3182538441796384e-69,1.1783732728947383e-16,0.0,3.1390001610730324e-17,0.0
378,0.24797524361089004,4545759257567691.0,3568491119316946.5,3568491068837975.5,0.10016915301940403,7.447792320974114e-18,3.318187064267828e-16,4.977280596401743e-16,1.8546030753437107e-68,1.8546030753437107e-68,6.510654927622628e-16,0.0,1.6620488428758417e-17,0.0
379,0.23726090427307053,3107120067012895.0,3866667663681043.5,3866667607578097.5,0.14821184486627811,1.556654413662184e-18,3.318187064267828e-16,3.318187064267828e-16,9.273015376718553e-69,1.8546030753437107e-68,1.7325013896403002e-16,0.0,9.879512063864995e-18,0.0
380,0.2153158776479364,4001548152409709.0,3578988438324735.0,3578988421991615.0,0.7105535894335719,1.858925866022961e-17,0.0,0.0,1.8546030753437107e-68,9.273015376718553e-69,4.3779439818407356e-16,0.0,1.625774911451036e-17,0.0
381,0.05229660764606734,2378597579526757.0,2296663325936057.0,2296663291736781.0,-0.4717765020871038,4.1396004522339153e-17,1.659093532133914e-16,1.659093532133914e-16,4.636507688359277e-69,9.273015376718553e-69,1.5258059862108514e-16,0.0,3.336036866582644e-17,0.0
382,0.4398823904195125,3309971752061227.5,3463278820222459.0,3463278796782204.5,0.5563841872568687,1.0630888134264646e-17,1.659093532133914e-16,3.318187064267828e-16,1.8546030753437107e-68,9.273015376718553e-69,7.942803887094587e-16,0.0,6.2883139334907634e-18,0.0
383,0.5380810165314136,3618678800434701.5,5836286489617786.0,5836286428134782.0,0.590266477878164,2.32555838481589e-17,0.0,0.0,9.273015376718553e-69,3.7092061506874214e-68,5.302854470069299e-16,0.0,3.2832905158962926e-17,0.0
384,0.17009248050299966,4657965447199180.0,5349323923930609.0,5349323853393008.0,0.4404453531961679,3.3424284677235855e-17,1.659093532133914e-16,0.0,1.8546030753437107e-68,1.8546030753437107e-68,2.463905371989662e-16,0.0,1.9610010854722755e-17,0.0
385,0.21263912048922373,2174119866828331.0,2197129141616406.0,2197129138167171.0,0.8378073292722346,2.996440391228947e-17,3.318187064267828e-16,0.0,4.636507688359277e-69,4.636507688359277e-69,1.5021609601249468e-16,0.0,3.75177022224284e-17,0.0
386,0.12228298896694334,2230030576723798.8,2272892756241491.5,2272892741029266.5,0.3315722514609593,1.1843535018285931e-17,0.0,1.659093532133914e-16,0.0,4.636507688359277e-69,1.6274567997002286e-16,0.0,2.5853379578731364e-17,0.0
387,0.2593651508835356,2635184797446053.0,2152824756173045.5,2152824744337656.8,0.4203247152541581,2.997089415664061e-17,1.659093532133914e-16,1.659093532133914e-16,0.0,4.636507688359277e-69,6.159198608647126e-17,0.0,4.5280031191471574e-17,0.0
388,0.26962488101177895,4891227799209656.0,4621120301798546.0,4621120295606134.0,0.9341759103219123,3.572048658458008e-17,0.0,1.659093532133914e-16,1.8546030753437107e-68,1.8546030753437107e-68,5.494038741209706e-16,0.0,2.9655191263736596e-17,0.0
389,0.37552947453392854,4300443340954633.0,4491946325002301.5,4491946307535586.0,0.8035003635927938,2.266719022465379e-17,3.318187064267828e-16,1.659093532133914e-16,0.0,2.781904613015566e-68,2.5035045957304203e-16,0.0,1.2265660801581456e-17,0.0
390,0.060268068939910054,2063098978860487.8,2121381522107017.0,2121381511961278.8,0.48824074648262106,3.4193684248172715e-17,4.977280596401743e-16,3.318187064267828e-16,2.3182538441796384e-69,0.0,1.2458413814182807e-16,0.0,2.426804486535085e-17,0.0
391,0.5711432365387039,4034152477523861.0,5124736728474073.0,5124736528892238.0,-0.7250334610824494,1.900960166801347e-17,0.0,1.659093532133914e-16,0.0,7.418412301374843e-68,2.0711231011013919e-16,0.0,2.5378149208383443e-17,0.0
392,0.0986678528987494,3902791920946690.0,4259189571659831.0,4259189533783728.0,0.5260517040304642,4.402007996141589e-17,0.0,1.659093532133914e-16,9.273015376718553e-69,9.273015376718553e-69,7.351651279625736e-17,0.0,3.353269380054203e-17,0.0
393,0.5231497410825565,1809485026491227.2,2712317233281003.5,2712317174243160.0,-0.8216676481222749,1.9190830486209173e-17,3.318187064267828e-16,3.318187064267828e-16,2.3182538441796384e-69,9.273015376718553e-69,1.3171336566982595e-16,0.0,2.7898848400936616e-17,0.0
394,0.36782018278748774,1698160080427647.5,1866402161180347.0,1866402138354508.5,-0.487427822649994,2.499000780048085e-17,0.0,0.0,2.3182538441796384e-69,2.3182538441796384e-69,3.115452447143677e-16,0.0,1.6744301435399724e-17,0.0
395,0.301422328094182,3409212442134965.5,3028869774078069.5,3028869732674764.0,-0.024456288648290695,2.7151900280014946e-17,4.977280596401743e-16,6.636374128535656e-16,9.273015376718553e-69,9.273015376718553e-69,1.5078521068734501e-16,0.0,5.566230985038709e-18,0.0
396,0.5920265536009769,1509656933020743.2,2170899918648118.0,2170899912664410.0,0.7117891018673689,8.524679412139651e-18,0.0,3.318187064267828e-16,0.0,3.4773807662694575e-69,4.3836699268976336e-16,0.0,1.3613139000450788e-17,0.0
397,0.213077416418297,1241837363539765.2,1002790395798841.5,1002790389806735.8,-0.35262918697181966,3.444506378833946e-17,1.659093532133914e-16,4.977280596401743e-16,2.3182538441796384e-69,2.3182538441796384e-69,2.958812857658381e-16,0.0,4.2820947128539076e-17,0.0
398,0.4370837859704106,4140777839301224.5,3388207967118879.0,3388207920088825.5,0.07005990144000847,8.068189530664142e-18,3.318187064267828e-16,3.318187064267828e-16,0.0,1.8546030753437107e-68,5.543299608574533e-17,0.0,2.2065979596452374e-17,0.0
399,0.20207538417720197,4325847046400126.5,4926027752692566.0,4926027731828927.0,0.8048286919466483,2.7552534166559867e-17,1.659093532133914e-16,3.318187064267828e-16,0.0,1.8546030753437107e-68,4.2199702382632525e-16,0.0,2.2140700610319263e-17,0.0
400,0.5817985498798854,1790175055533611.2,937779530505285.4,937779523606485.0,-0.7807038293390848,2.330814052933649e-17,3.318187064267828e-16,4.977280596401743e-16,0.0,2.897817305224548e-70,3.177320827340862e-16,0.0,1.5905218086592264e-17,0.0
401,0.04231507536205803,4181802593068585.5,4047434082568966.5,4047434064637348.5,0.7515268097721002,1.776108909157995e-17,1.659093532133914e-16,3.318187064267828e-16,0.0,0.0,2.1955672621982248e-16,0.0,2.6489143128008044e-17,0.0
402,0.38863988831334595,4083649973815860.5,3240476322188202.0,3240476249846518.5,-0.563833568923877,1.039429483020742e-17,3.318187064267828e-16,6.636374128535656e-16,9.273015376718553e-69,2.781904613015566e-68,1.686254134632225e-16,0.0,4.121289208043511e-17,0.0
403,0.3850920604190929,2072256922935880.5,2643261008220300.5,2643260959828883.5,-0.5722002717447556,1.397113669604796e-17,1.659093532133914e-16,1.659093532133914e-16,4.636507688359277e-69,9.273015376718553e-69,4.764228115521578e-16,0.0,9.827331296819025e-18,0.0
404,0.3154400073576607,1586583737794657.0,1677545975696787.0,1677545956123859.8,-0.5787979072811125,2.234660901748763e-17,0.0,0.0,0.0,6.954761532538915e-69,5.1942670194702e-16,0.0,3.483644703970688e-17,0.0
405,0.3608055752727755,1800160023728827.8,1873351407855454.8,1873351381869883.0,-0.6807897569029092,3.276106789252851e-17,0.0,1.659093532133914e-16,4.636507688359277e-69,9.273015376718553e-69,1.5938563706302378e-17,0.0,1.0040844259969934e-17,0.0
406,0.4847525619447375,4072659898508147.5,6304443424571532.0,6304443376732273.0,0.7267812139274663,3.5372691477673064e-17,1.659093532133914e-16,3.318187064267828e-16,0.0,9.273015376718553e-68,5.324468361432784e-16,0.0,1.976718915331148e-17,0.0
407,0.15191441812854992,2338386204950902.0,2538924769712861.0,2538924764677414.0,0.8226798917148147,3.717336245516116e-17,1.659093532133914e-16,1.659093532133914e-16,4.636507688359277e-69,1.8546030753437107e-68,1.47439399556073e-16,0.0,2.496686200257716e-17,0.0
408,0.2767628869481613,4155168211355487.5,3592680296034018.5,3592680264241277.5,0.44087301272671026,2.264526785051894e-17,0.0,1.659093532133914e-16,0.0,1.8546030753437107e-68,1.780666173103891e-16,0.0,3.0850995848681384e-17,0.0
409,0.35960342342550855,3646430844710064.0,4703300200578435.0,4703300157940641.0,0.5624688731923598,7.483612163826944e-18,1.659093532133914e-16,1.659093532133914e-16,0.0,3.7092061506874214e-68,6.513090699450007e-17,0.0,2.9432268591468124e-17,0.0
410,0.30299844031844686,2405263686593021.5,2654719845018978.0,2654719839400997.5,0.8190483922419636,1.7024122946467318e-17,0.0,0.0,4.636507688359277e-69,4.636507688359277e-69,2.1865894070474028e-16,0.0,9.141264698318028e-18,0.0
411,0.07180142271518854,4758480923827233.0,4751772066794922.0,4751771910983457.0,-0.5664186355469147,2.1473586166697816e-17,1.659093532133914e-16,0.0,3.7092061506874214e-68,0.0,1.1815648839381293e-16,0.0,1.3459610255669695e-17,0.0
412,0.31388169688331236,3212989947232639.5,3784136784786896.5,3784136679552255.0,-0.6681868732341053,2.3955875672490525e-17,3.318187064267828e-16,3.318187064267828e-16,0.0,1.8546030753437107e-68,5.167061773051386e-16,0.0,3.111960011896164e-17,0.0
413,0.43813939752890046,4724421866186597.0,3936742010868124.5,3936741914244394.5,-0.4152381137629345,9.755401744902409e-18,3.318187064267828e-16,1.659093532133914e-16,0.0,0.0,1.190082960356373e-16,0.0,3.071353956860033e-17,0.0
414,0.20390320216403282,2256360344401286.5,1969742571887320.0,1969742562448596.8,0.4477777142792798,3.855719983362682e-17,1.659093532133914e-16,1.659093532133914e-16,4.636507688359277e-69,9.273015376718553e-69,1.4442643538572894e-16,0.0,4.2373390841569545e-17,0.0
415,0.5502038075790261,3174912987387417.5,3919848199364534.0,3919848128513175.0,-0.0467170822753771,1.2366576897888982e-17,1.659093532133914e-16,0.0,0.0,3.7092061506874214e-68,2.5532769930538694e-16,0.0,2.8874746818554355e-17,0.0
416,0.02121926556085656,3354728575469932.0,3397244816727217.5,3397244732987298.0,-0.6470184993007929,9.164801795495988e-18,1.659093532133914e-16,1.659093532133914e-16,0.0,9.273015376718553e-69,1.026323217784194e-16,0.0,1.330898229865624e-17,0.0
417,0.19983946226119984,4616442792349115.0,4755533113638748.0,4755533090641439.0,0.7691668276368572,3.746219480751796e-17,3.318187064267828e-16,0.0,1.8546030753437107e-68,2.781904613015566e-68,3.444795485351741e-16,0.0,3.514365643200193e-17,0.0
418,0.07768250559596528,2786411793508269.0,2694182580047107.5,2694182561430168.0,0.41779778914068066,1.51625935714061e-17,3.318187064267828e-16,3.318187064267828e-16,4.636507688359277e-69,1.8546030753437107e-68,3.7805931421415846e-16,0.0,1.0554370062992804e-17,0.0
419,0.536709048977671,3568672740014777.5,2658644440202529.5,2658644397708956.5,-0.36465336668297227,3.4310160384597165e-17,1.659093532133914e-16,3.318187064267828e-16,0.0,4.636507688359277e-69,6.431963323063781e-17,0.0,7.641383590008095e-18,0.0
420,0.19186342424599823,2657428968178460.5,2731100570927203.0,2731100523063543.5,-0.45663298372851124,3.563930319377833e-18,1.659093532133914e-16,3.318187064267828e-16,9.273015376718553e-69,9.273015376718553e-69,1.9791024186302514e-16,0.0,2.2338220303217304e-17,0.0
421,0.54110219999172,3802991849304263.5,6803802752463875.0,6803802734614216.0,0.9124721774188422,1.65980617888766e-17,0.0,3.318187064267828e-16,1.8546030753437107e-68,3.7092061506874214e-68,5.05430359784983e-16,0.0,3.041000288382797e-17,0.0
422,0.32742985427709326,1547628260141126.2,1105683966744940.9,1105683963001463.4,0.3049231627070825,1.914790206238867e-17,1.659093532133914e-16,4.977280596401743e-16,2.3182538441796384e-69,0.0,3.102220475073778e-16,0.0,3.211398537770708e-17,0.0
423,0.055830268297125236,1925772288570490.5,1897993210397612.5,1897993200267723.2,0.36168506316806054,2.1154227350072232e-17,1.659093532133914e-16,1.659093532133914e-16,0.0,0.0,2.979787941703003e-17,0.0,3.1978032656399015e-17,0.0
424,0.014707364551720371,4162311057095143.5,4209467971756055.5,4209467953872548.0,0.7709037939690102,1.1288212689422931e-17,3.318187064267828e-16,1.659093532133914e-16,1.8546030753437107e-68,1.8546030753437107e-68,1.3508010053452394e-16,0.0,4.2292636878670285e-17,0.0
425,0.37144049056052225,3417532970012873.0,4516444069154383.0,4516443993572362.0,0.15890539333945952,3.174922971133989e-17,0.0,0.0,9.273015376718553e-69,3.7092061506874214e-68,4.533580613445152e-16,0.0,3.423373702104304e-17,0.0
426,0.44082269659580986,2509744939173705.5,2357707497514376.5,2357707449283819.5,-0.9695275323690415,1.9999883892271768e-17,1.659093532133914e-16,1.659093532133914e-16,0.0,0.0,2.7815800440138546e-16,0.0,3.3548193137146834e-17,0.0
427,0.49954994636061284,4730150414091319.0,7333766932637632.0,7333766511416712.0,-0.7777691472796047,2.1955321701627698e-17,0.0,3.318187064267828e-16,1.8546030753437107e-68,1.4836824602749686e-67,2.3896329779406495e-16,0.0,3.623121490795583e-17,0.0
428,0.05574437064989232,3554652711856598.0,3399368325416576.0,3399368277648607.0,0.06166059505615665,2.5877034292692227e-17,0.0,1.659093532133914e-16,9.273015376718553e-69,9.273015376718553e-69,3.980566688460311e-16,0.0,8.291832105997324e-18,0.0
429,0.3883398091201829,3503789792311757.5,2609121290245116.0,2609121289094864.0,0.9616448194981936,3.743585290524051e-17,0.0,3.318187064267828e-16,0.0,9.273015376718553e-69,7.324318916640239e-17,0.0,1.9860831636894667e-17,0.0
430,0.09647852119865431,2530461507299255.5,2585712223087482.0,2585712207153259.0,0.4590088737895486,2.4718987427769345e-17,1.659093532133914e-16,1.659093532133914e-16,4.636507688359277e-69,4.636507688359277e-69,0.0,0.0,2.4734905030724205e-17,0.0
431,0.35799857785568057,2953030566164439.0,3176742666931852.5,3176742591041151.0,-0.7070416676789267,3.470455010393354e-17,3.318187064267828e-16,0.0,1.8546030753437107e-68,9.273015376718553e-69,1.7380703166301698e-16,0.0,1.7800894427469807e-17,0.0
432,0.17137517213782993,2240431047722319.2,2197813083032274.2,2197813043605165.8,-0.8528191940538935,3.217372971983878e-17,3.318187064267828e-16,1.659093532133914e-16,0.0,9.273015376718553e-69,3.16814043425633e-16,0.0,2.780236694811226e-17,0.0
433,0.588087299335702,1981077318005658.8,1017381771743143.1,1017381769853101.0,0.5855012803910546,2.3994459839655317e-17,0.0,0.0,0.0,2.3182538441796384e-69,5.285803114487833e-16,0.0,1.92026778851729e-17,0.0
434,0.2808576971553414,1268703023869784.5,1443198099094455.8,1443198090180537.2,0.02851439580457413,1.4436709652932233e-17,0.0,1.659093532133914e-16,2.3182538441796384e-69,2.3182538441796384e-69,6.801557242352056e-16,0.0,1.9238613654823968e-17,0.0
435,0.21331715654647684,1948309266684097.0,2145030561644534.2,2145030535378005.5,-0.2958517883353084,6.137469376896094e-18,0.0,1.659093532133914e-16,4.636507688359277e-69,9.273015376718553e-69,1.845237303500793e-16,0.0,1.7048415351707524e-17,0.0
436,0.5674572219533025,2551914618582115.5,3429478209611203.5,3429478188956207.5,0.6013528728982842,2.4652299628071465e-17,0.0,0.0,0.0,1.8546030753437107e-68,2.0144044499845301e-16,0.0,3.070356247961263e-17,0.0
437,0.07723019070793406,2059033943607771.8,1958022035089079.5,1958022003913645.8,-0.8458524226796161,1.4563208794502776e-17,0.0,1.659093532133914e-16,0.0,0.0,2.6439183556654724e-16,0.0,1.2817376987603029e-17,0.0
438,0.08345442945771843,2246213272888337.5,2419010709091995.0,2419010681411505.5,-0.07378618170060663,1.881954740244111e-17,1.659093532133914e-16,3.318187064267828e-16,4.636507688359277e-69,4.636507688359277e-69,5.249574837102264e-16,0.0,3.3567397769820045e-17,0.0
439,0.10155529365047478,3642393258083973.0,3350742525169894.0,3350742468144465.0,-0.15293830406702963,1.2616735977677732e-17,3.318187064267828e-16,3.318187064267828e-16,0.0,1.8546030753437107e-68,1.2701649850321251e-16,0.0,4.714037163888637e-18,0.0
440,0.39962435682320796,1395744545402530.5,1739901828211843.8,1739901828094383.0,0.9911922799479682,3.937339903393328e-17,1.659093532133914e-16,3.318187064267828e-16,0.0,6.954761532538915e-69,2.50083600948518e-16,0.0,8.870984734666708e-18,0.0
441,0.5587009288926653,3489427293713876.5,3929377132351620.0,3929377009130709.5,-0.811576240728743,1.3110299506815099e-17,0.0,3.318187064267828e-16,1.8546030753437107e-68,0.0,1.5072169887977423e-16,0.0,3.4035576394657414e-17,0.0
442,0.15881846609486586,2459092913458231.5,2501323223939170.5,2501323187518251.0,-0.32138962537060056,2.320644782524581e-17,1.659093532133914e-16,1.659093532133914e-16,4.636507688359277e-69,9.273015376718553e-69,4.378110159578188e-16,0.0,4.208334604911114e-17,0.0
443,0.058394421177102585,3404406902827289.0,3375361187390122.0,3375361172289035.5,0.6991241673928035,2.1639075340570163e-17,1.659093532133914e-16,1.659093532133914e-16,9.273015376718553e-69,9.273015376718553e-69,1.8154229592303648e-16,0.0,1.1934925543445646e-17,0.0
444,0.3366962191048529,2824308471473041.0,2983115494848163.5,2983115461342700.0,0.1453365878404538,6.580697664205712e-18,3.318187064267828e-16,3.318187064267828e-16,0.0,9.273015376718553e-69,2.9861047495024284e-16,0.0,1.1495156210943667e-17,0.0
445,0.5269236534144343,1688931115282809.8,1313136206446461.0,1313136198495457.0,-0.04669953595527708,9.396864586927165e-18,3.318187064267828e-16,0.0,2.3182538441796384e-69,1.1591269220898192e-69,6.79529554760705e-17,0.0,8.412814447916539e-18,0.0
446,0.03405727589915175,4528324279153440.0,4452549135560306.0,4452549063221623.0,0.17172838045370378,6.663055521670057e-18,1.659093532133914e-16,3.318187064267828e-16,1.8546030753437107e-68,3.7092061506874214e-68,2.3775195865104693e-16,0.0,2.2456630300842055e-17,0.0
447,0.22131030369197507,3624938511247529.5,3755283036899059.0,3755282923314213.0,-0.8283303658307883,3.940153816264356e-17,1.659093532133914e-16,0.0,1.8546030753437107e-68,0.0,1.5830318296828885e-17,0.0,2.4924782774209337e-17,0.0
448,0.39580862795998045,1417731534688307.2,1734585639070812.2,1734585618973516.2,-0.5162323392482883,1.1270392833087442e-17,1.659093532133914e-16,3.318187064267828e-16,0.0,9.273015376718553e-69,3.1713729624029657e-16,0.0,3.9374163015714823e-17,0.0
449,0.26181921709104866,3197945402764922.5,3480717409827362.5,3480717331067811.0,-0.47565668377226755,8.406701493776814e-18,3.318187064267828e-16,3.318187064267828e-16,0.0,0.0,3.588799883191731e-16,0.0,1.5214974674346674e-17,0.0
450,0.292259718797568,2040287108491818.8,2560197134363576.5,2560197078131585.0,-0.9474049752955211,1.3423189452643354e-17,1.659093532133914e-16,1.659093532133914e-16,6.954761532538915e-69,0.0,1.2339977641363791e-16,0.0,4.335307608416481e-17,0.0
451,0.5923814760417956,3292706995229659.5,1847687116638061.2,1847687115695098.2,0.9373014616352198,2.0608708306692464e-17,0.0,0.0,9.273015376718553e-69,1.8546030753437107e-68,3.6887244304276857e-16,0.0,3.1083697138142734e-17,0.0
452,0.5672172958147257,3247988232344066.0,5278844866455318.0,5278844632052605.0,-0.9094331971598717,3.5407814015492997e-17,0.0,0.0,0.0,1.4836824602749686e-67,1.7310573679098628e-16,0.0,2.0939953557501577e-17,0.0
453,0.4692067303185159,3590247457997013.5,2302772806895400.0,2302772767004179.5,-0.7076338622416583,3.083960411482342e-17,3.318187064267828e-16,3.318187064267828e-16,9.273015376718553e-69,4.636507688359277e-69,6.464836677223119e-16,0.0,1.9934310260000655e-17,0.0
454,0.0895897159586309,4462303841615607.0,4482039750138917.0,4482039709218106.0,0.5376057309110249,2.1794385470210435e-17,3.318187064267828e-16,3.318187064267828e-16,1.8546030753437107e-68,1.8546030753437107e-68,4.434269456666264e-16,0.0,1.3897300003366184e-17,0.0
455,0.3928037218600749,1533523713228916.2,2112995232661941.2,2112995229374460.8,0.8328579428044861,2.6362295219824896e-17,3.318187064267828e-16,3.318187064267828e-16,2.3182538441796384e-69,2.3182538441796384e-69,3.8343737687142084e-16,0.0,1.332353552476267e-17,0.0
456,0.4566737882106793,2014899274428025.2,1869472183337937.0,1869472159455345.5,-0.5511830646877579,3.8834994874213905e-17,1.659093532133914e-16,4.977280596401743e-16,4.636507688359277e-69,9.273015376718553e-69,4.037708662786774e-16,0.0,1.6181279445902115e-17,0.0
457,0.2114752724498589,1771343836695888.0,1637256924075243.2,1637256914693574.2,0.20555093515431505,1.533506477192298e-17,3.318187064267828e-16,1.659093532133914e-16,2.3182538441796384e-69,0.0,1.4578066755201076e-16,0.0,3.739577470303325e-17,0.0
458,0.07487388808180759,3412879460102225.0,3270194310884897.5,3270194239022153.0,-0.5253738890835019,3.1756632909736875e-17,0.0,1.659093532133914e-16,9.273015376718553e-69,1.8546030753437107e-68,6.015535949808506e-16,0.0,1.760523463839039e-17,0.0
459,0.5520738587314187,2293896136655020.0,2528684424918936.5,2528684382375858.0,-0.5102862416138619,1.4536409791030103e-17,3.318187064267828e-16,1.659093532133914e-16,9.273015376718553e-69,1.8546030753437107e-68,3.642373451898633e-16,0.0,3.394770753371699e-17,0.0
460,0.33863621793982024,2637531251547072.5,3089096209318380.0,3089096204819647.0,0.8929844261397994,1.1862896833416522e-17,1.659093532133914e-16,0.0,4.636507688359277e-69,0.0,8.970510066043698e-17,0.0,1.4357120889434497e-17,0.0
461,0.36648187622844114,3923465594784167.0,4941080583751819.0,4941080414860905.0,-0.5702978713519907,1.1094850146773583e-17,1.659093532133914e-16,0.0,9.273015376718553e-69,3.7092061506874214e-68,1.661174661099687e-16,0.0,1.8824094698368718e-17,0.0
462,0.39386160363145567,2754849939080968.0,3415075742548191.0,3415075701900778.5,0.20886272611498327,1.2388077548616093e-17,1.659093532133914e-16,0.0,0.0,3.7092061506874214e-68,1.1966008697524666e-16,0.0,1.0785618341343762e-17,0.0
463,0.17365246388267583,4482701665860241.5,5275934154222605.0,5275934008580554.0,-0.18770252634492324,3.0808846018294986e-17,1.659093532133914e-16,1.659093532133914e-16,0.0,9.273015376718553e-68,0.0,0.0,3.34311958241351e-17,0.0
464,0.5672303217332068,4501743430529858.0,4396801099997758.0,4396801003156712.0,-0.13711779636726845,3.17194580689072e-17,3.318187064267828e-16,3.318187064267828e-16,0.0,7.418412301374843e-68,2.757607670628934e-16,0.0,3.49769129081963e-17,0.0
465,0.3441792790531031,2987107784236535.0,4147386425371050.5,4147386300967677.5,-0.6417339511380672,3.142854790362429e-17,3.318187064267828e-16,3.318187064267828e-16,0.0,1.8546030753437107e-68,1.7182422402825392e-16,0.0,1.070102307732341e-17,0.0
466,0.252760457112263,1633084808887250.5,1890832914263303.8,1890832885619897.0,-0.8186033351654716,3.637204636468527e-18,0.0,1.659093532133914e-16,0.0,4.636507688359277e-69,3.6006109834018634e-16,0.0,2.172725634605543e-17,0.0
467,0.208179785185617,3205949424345054.0,3834500009252799.5,3834499895802781.0,-0.7514861701139441,2.328975126562189e-17,0.0,1.659093532133914e-16,0.0,0.0,7.159680062788821e-17,0.0,5.938245242508416e-18,0.0
468,0.2890437023529013,2923274103506520.5,3511526286459149.5,3511526204652714.0,-0.5059662885111093,3.669494438021816e-17,1.659093532133914e-16,3.318187064267828e-16,0.0,1.8546030753437107e-68,3.715470792301496e-16,0.0,2.4663113007803743e-17,0.0
469,0.23202175038806092,2265812612346436.0,2302612063803434.0,2302612054689186.0,0.6097895453746905,6.7539774256040155e-18,1.659093532133914e-16,0.0,4.636507688359277e-69,4.636507688359277e-69,1.1326123667916187e-16,0.0,1.4825889148596063e-17,0.0
470,0.13590763848590998,3274300685681478.5,3219464690140704.0,3219464680784090.0,0.7950863058937627,4.403060291156944e-17,1.659093532133914e-16,4.977280596401743e-16,0.0,1.8546030753437107e-68,4.111040525338677e-16,0.0,3.2893905226182516e-17,0.0
471,0.27984536405936455,4555131213648754.0,5911734438425461.0,5911734272055680.0,-0.08059820008209762,1.7368659150897248e-17,1.659093532133914e-16,3.318187064267828e-16,1.8546030753437107e-68,1.1127618452062264e-67,1.511717518060668e-16,0.0,8.361768314436223e-18,0.0
472,0.07829077643417086,2972269137512239.5,3142239703843571.5,3142239695333422.5,0.8043507648019911,3.773961575329344e-17,3.318187064267828e-16,3.318187064267828e-16,0.0,1.8546030753437107e-68,6.863975051771028e-16,0.0,9.597274080714341e-18,0.0
473,0.5140663474141092,3659035900653531.5,3277589371327600.5,3277589292138347.0,-0.6733114825144235,3.774053996274593e-17,1.659093532133914e-16,3.318187064267828e-16,1.8546030753437107e-68,9.273015376718553e-69,4.2661829986884184e-16,0.0,1.8204138274627475e-17,0.0
474,0.3398134569675876,2535019072122440.0,1789125035950766.0,1789125034637918.5,0.9068993947709358,1.185709156445528e-17,3.318187064267828e-16,1.659093532133914e-16,4.636507688359277e-69,9.273015376718553e-69,3.3954732966626273e-16,0.0,2.779161115202028e-18,0.0
475,0.014472971826761015,4711368522666698.0,4726039511510654.0,4726039326486826.0,-0.8804102041404503,2.3928309006048295e-17,1.659093532133914e-16,3.318187064267828e-16,1.8546030753437107e-68,1.8546030753437107e-68,4.2604580597161193e-16,0.0,3.079126586389726e-17,0.0
476,0.35204024597564915,2415464648279893.0,2264291697408319.0,2264291656763040.0,-0.7995544200437398,4.817317354195043e-18,3.318187064267828e-16,3.318187064267828e-16,4.636507688359277e-69,4.636507688359277e-69,1.7131337751893643e-16,0.0,2.798085140272651e-17,0.0
477,0.5020198498853358,1657501142836899.0,1053725382569219.1,1053725379897651.6,0.45382619460020013,1.5022037803964027e-17,0.0,1.659093532133914e-16,2.3182538441796384e-69,1.1591269220898192e-69,1.586522012666151e-16,0.0,7.851565122617243e-18,0.0
478,0.3530619570635462,1598134442556810.2,1411088618299006.5,1411088615967011.0,0.734148707807119,2.192253748666019e-17,1.659093532133914e-16,3.318187064267828e-16,0.0,0.0,1.436272917006269e-16,0.0,5.003212573543752e-18,0.0
479,0.4577816851254348,1580987583741530.5,1982213849898572.0,1982213829769117.5,-0.1629220735074725,1.8565708203977242e-17,0.0,3.318187064267828e-16,4.636507688359277e-69,9.273015376718553e-69,3.62962562322456e-17,0.0,3.593891281869571e-17,0.0
480,0.2202863434861282,3518347202361432.5,3584857182292034.5,3584857130571575.5,0.08643748268398761,3.7125951100319696e-17,0.0,1.659093532133914e-16,0.0,0.0,6.685074282332997e-16,0.0,2.1000156493791838e-17,0.0
481,0.5662377503189701,3265188566933679.0,1725417639042415.2,1725417636918203.2,0.8380320842227936,1.0672229057056868e-17,3.318187064267828e-16,3.318187064267828e-16,9.273015376718553e-69,9.273015376718553e-69,1.7574461401893972e-16,0.0,1.7838214440291905e-17,0.0
482,0.24845886826874533,2207031197959566.0,2494902205746477.0,2494902184795402.5,0.23595511577161513,4.2494344905765544e-17,0.0,4.977280596401743e-16,0.0,4.636507688359277e-69,5.888985726124505e-16,0.0,2.2886033208076027e-17,0.0
483,0.2709104914837935,3417640549352875.5,3522208665087125.0,3522208639134712.0,0.5251382422568235,4.081179129569754e-18,1.659093532133914e-16,3.318187064267828e-16,9.273015376718553e-69,9.273015376718553e-69,2.535311527394017e-16,0.0,1.931874052606662e-17,0.0
484,0.46074372239501693,2717292433094108.0,2389965550823556.5,2389965501932422.0,-0.9429716277180864,2.501140557244756e-17,0.0,0.0,0.0,0.0,8.512960036596685e-17,0.0,3.524531983235423e-17,0.0
485,0.21575249012483647,2536865614510481.5,2266263475162390.0,2266263439423100.5,-0.5795913159567222,1.4986767254133347e-17,3.318187064267828e-16,3.318187064267828e-16,4.636507688359277e-69,2.3182538441796384e-69,2.2620011919927565e-16,0.0,2.4568353854045076e-17,0.0
486,0.24708773751854884,3360422199787039.0,3992810194104105.0,3992810100033350.5,-0.3394204441729215,5.796125318826073e-18,3.318187064267828e-16,3.318187064267828e-16,0.0,0.0,5.4000334033303436e-17,0.0,2.0078820205093362e-17,0.0
487,0.2727372899857095,3374575089355203.0,3352349132117719.0,3352349107662285.0,0.5060346245817415,3.895250583046078e-17,0.0,0.0,9.273015376718553e-69,2.781904613015566e-68,3.3667760460892094e-16,0.0,3.9519728624454444e-17,0.0
488,0.3448806403547904,4770691727057969.0,5179993147777560.0,5179992936477459.0,-0.7875613999244221,2.028040441739439e-17,0.0,3.318187064267828e-16,1.8546030753437107e-68,0.0,1.178540614685877e-16,0.0,9.763667892036433e-18,0.0
489,0.49616844414502875,1449698047486308.8,1589773500430810.2,1589773496518910.2,0.648652523218303,2.251315304683189e-17,1.659093532133914e-16,1.659093532133914e-16,0.0,0.0,1.4029777216551118e-16,0.0,1.1696230289378854e-17,0.0
490,0.4522472093731015,2130616598597071.8,2953626692872342.5,2953626645703341.0,-0.22734059107383137,1.5996819221156482e-17,1.659093532133914e-16,0.0,4.636507688359277e-69,1.8546030753437107e-68,4.713277758899298e-17,0.0,3.91629344303912e-17,0.0
491,0.43121152100965987,3775767974660796.0,4840009050300787.0,4840009049135899.0,0.9887121439493868,1.2259422456286312e-17,1.659093532133914e-16,0.0,9.273015376718553e-69,1.8546030753437107e-68,3.4656656723496335e-16,0.0,1.4375513945701938e-17,0.0
492,0.16186179512998464,2570635462947365.5,2430319312137278.0,2430319276797780.0,-0.3581674707447744,3.5142784673694904e-17,0.0,0.0,0.0,4.636507688359277e-69,2.867423029821374e-16,0.0,4.6611802905350725e-17,0.0
493,0.43063482369713496,3087127106230867.0,4364120941258975.0,4364120869875066.5,0.14920213168282084,1.1367061855103451e-17,0.0,0.0,0.0,0.0,9.29406669451045e-17,0.0,1.1896583945236951e-17,0.0
494,0.06813225390729102,4187820915182403.5,4078165197628834.0,4078165141081339.0,0.22820250694956334,1.8375499623499017e-17,1.659093532133914e-16,3.318187064267828e-16,1.8546030753437107e-68,9.273015376718553e-69,6.416204253126959e-16,0.0,3.621358635851428e-17,0.0
495,0.3839089669557278,3267732877740049.0,2979085713705769.5,2979085677490171.0,0.07370506243507173,3.990233246606448e-17,0.0,3.318187064267828e-16,1.8546030753437107e-68,1.390952306507783e-68,3.8633710798959026e-16,0.0,1.7949958234140104e-17,0.0
496,0.25015941322326807,4139486167193275.0,4188507666497007.0,4188507537687568.0,-0.6666664330264879,3.6890345469269625e-17,3.318187064267828e-16,1.659093532133914e-16,3.7092061506874214e-68,1.8546030753437107e-68,2.7863427501624745e-16,0.0,4.5700121535263787e-17,0.0
497,0.47169791464947775,3778473451453879.0,4101754714193460.0,4101754705892167.5,0.8879979523016898,2.6773261852997748e-17,0.0,0.0,9.273015376718553e-69,1.8546030753437107e-68,0.0,0.0,3.722595856193584e-17,0.0
498,0.24908359253634424,4788626621012948.0,3899312782484679.5,3899312688154722.0,-0.4082933207961322,3.402822448970063e-17,0.0,1.659093532133914e-16,1.8546030753437107e-68,1.8546030753437107e-68,3.745644859628939e-16,0.0,2.2604847017030467e-17,0.0
499,0.26902906211444166,2029449692681082.5,1651617317616683.0,1651617311080224.8,0.45606970195061874,1.645752793177478e-17,0.0,0.0,0.0,0.0,1.4962047075305906e-16,0.0,2.8916013458660935e-17,0.0
500,0.029552920158525064,1881312462183444.8,1849488770009899.5,1849488755498743.8,0.03701787362734477,3.66030769891404e-17,0.0,0.0,0.0,2.3182538441796384e-69,1.614018003347422e-16,0.0,2.801453925211356e-17,0.0
501,0.40386247298755606,4877476567039600.0,3433261825774597.0,3433261805943294.0,0.6180935258188472,1.5661717092791945e-17,0.0,0.0,1.8546030753437107e-68,1.8546030753437107e-68,1.0523012669781473e-16,0.0,8.260082421894885e-18,0.0
502,0.018003961065776664,1866899237845767.2,1897281968122011.5,1897281966034260.5,0.868345865023359,3.720249250654861e-17,4.977280596401743e-16,3.318187064267828e-16,0.0,6.954761532538915e-69,9.612017531857138e-16,0.0,2.967766486561974e-17,0.0
503,0.46934820824737744,3765178951664398.0,3348860166381665.5,3348860121909896.0,0.09986012524886846,2.8079925742088374e-17,0.0,3.318187064267828e-16,0.0,0.0,1.7460405487285005e-16,0.0,1.8257432539826256e-17,0.0
504,0.36679230704791566,3712977594928150.0,3388588877760704.5,3388588796578693.0,-0.6048767008609591,3.476544005260469e-17,1.659093532133914e-16,0.0,9.273015376718553e-69,3.7092061506874214e-68,3.503882405427264e-16,0.0,2.1818288609218446e-17,0.0
505,0.5954593536402214,3104299312873175.0,5883600068734249.0,5883599851895185.0,-0.42190593048351266,1.7169063949677134e-17,0.0,3.318187064267828e-16,9.273015376718553e-69,0.0,3.1803327256152057e-16,0.0,3.40277239411456e-17,0.0
506,0.28897642750470653,2619173703418142.0,3352873980685065.5,3352873937684032.5,0.13171150022089134,4.16727973060748e-17,0.0,0.0,4.636507688359277e-69,2.781904613015566e-68,2.9112213285216274e-16,0.0,2.2290012290613326e-17,0.0
507,0.11754216735554389,3588180935001240.5,3257340512838302.5,3257340485364439.0,0.4122224077583456,3.9605760369294993e-17,1.659093532133914e-16,1.659093532133914e-16,0.0,0.0,3.0185153836384547e-16,0.0,4.5979687797926767e-17,0.0
508,0.3421154458621128,2602171580102166.5,2571046952275266.5,2571046937887444.0,0.5059229565034772,1.2817112972096964e-17,0.0,1.659093532133914e-16,0.0,2.3182538441796384e-69,1.590215688844667e-16,0.0,3.2611530773539535e-17,0.0
509,0.3662636686520074,2527575222651718.5,2637821472757245.5,2637821462616541.5,0.6691760647222724,2.6445983946475286e-17,4.977280596401743e-16,6.636374128535656e-16,4.636507688359277e-69,2.781904613015566e-68,7.5195095590800005e-16,0.0,1.2860639291137861e-17,0.0
510,0.14828288965412062,2186033397561337.2,2314730301986872.0,2314730281421678.5,0.1287322862499465,3.1221299986712574e-17,1.659093532133914e-16,1.659093532133914e-16,4.636507688359277e-69,0.0,1.0500101325715693e-16,0.0,4.4202236021068516e-17,0.0
511,0.27489248395777416,1975289226604826.0,1595209432855963.5,1595209432572586.5,0.9747216525675014,2.655779890209996e-17,0.0,1.659093532133914e-16,2.3182538441796384e-69,0.0,1.7670972798169786e-16,0.0,3.3319328129085236e-17,0.0
512,0.21751945293074942,2745685225814226.0,3083134495596392.0,3083134440904904.0,-0.30603380671935004,3.8363549614256784e-17,3.318187064267828e-16,0.0,4.636507688359277e-69,0.0,1.833939088431786e-16,0.0,4.1469142213031236e-17,0.0
513,0.0971809593738417,2717934243300638.0,2526634135082314.0,2526634080784346.5,-0.9307163618732568,1.3314943754384429e-17,1.659093532133914e-16,0.0,4.636507688359277e-69,0.0,5.014075833635389e-16,0.0,3.873221792666823e-17,0.0
514,0.08247877557564165,2798518063481746.0,3037463580354985.0,3037463508639089.5,-0.7644643559171134,5.87877038560983e-18,1.659093532133914e-16,3.318187064267828e-16,0.0,1.8546030753437107e-68,1.2303068081987901e-16,0.0,2.3694782441463154e-17,0.0
515,0.26785555717787063,1315242425030753.2,1332226824543197.2,1332226821002562.0,0.5471603237648798,8.806235410094964e-18,0.0,1.659093532133914e-16,0.0,1.1591269220898192e-69,9.755948168703547e-17,0.0,1.3722146732547245e-17,0.0
516,0.03766935195180547,1774092136793691.5,1799352404299672.8,1799352387689190.0,-0.16458023066669533,2.6288236013377487e-17,3.318187064267828e-16,1.659093532133914e-16,2.3182538441796384e-69,2.3182538441796384e-69,5.493979431001086e-16,0.0,1.0310858236012312e-18,0.0
517,0.0708042646485818,1291129587716630.8,1284491221049436.2,1284491218173688.8,0.6043528196306771,8.535655943371045e-18,0.0,1.659093532133914e-16,1.1591269220898192e-69,2.3182538441796384e-69,2.703468538241919e-16,0.0,1.9491944404188253e-17,0.0
518,0.09537673529126175,2472245211985356.0,2603455079144024.5,2603455061930576.0,0.42351590772382314,1.013834013489145e-17,3.318187064267828e-16,3.318187064267828e-16,1.390952306507783e-68,1.390952306507783e-68,1.333385465632906e-16,0.0,9.361032704590541e-18,0.0
519,0.5727416942545474,2246179961133284.0,1887118118832825.8,1887118101183743.0,-0.1249768643264203,2.193782252478296e-17,3.318187064267828e-16,3.318187064267828e-16,4.636507688359277e-69,0.0,4.512560524810228e-16,0.0,2.0291671651250704e-17,0.0
520,0.5921744971236562,2113967227811917.8,3136367124180377.0,3136367079747689.0,-0.025341239592351773,1.005408137799281e-17,1.659093532133914e-16,0.0,0.0,4.636507688359277e-69,4.765885274770433e-16,0.0,2.696251607996035e-17,0.0
521,0.2777610107989182,3753524816950511.0,3992720661085252.0,3992720526830285.5,-0.9116665330543172,4.254676811890077e-17,0.0,1.659093532133914e-16,0.0,1.8546030753437107e-68,1.9220532836085504e-16,0.0,1.3436800333514007e-17,0.0
522,0.5097280744154027,2646151245863813.5,2625518477421082.5,2625518470277790.0,0.7647726082914724,1.2383517363080843e-17,1.659093532133914e-16,0.0,4.636507688359277e-69,4.636507688359277e-69,5.4040757498087405e-16,0.0,1.120244833787615e-17,0.0
523,0.4825362748871471,4409116655548986.0,5681382194391439.0,5681382118394859.0,0.46555175265193127,1.4550430226687264e-17,3.318187064267828e-16,3.318187064267828e-16,1.8546030753437107e-68,9.273015376718553e-69,1.1640823258083948e-16,0.0,2.1236330653819008e-17,0.0
524,0.2580972879617919,3583885543385401.5,3955644160965683.0,3955644089052841.5,-0.04325780431523886,1.3097231430754159e-17,1.659093532133914e-16,0.0,1.8546030753437107e-68,1.8546030753437107e-68,6.00973791727106e-16,0.0,2.9052131601443126e-17,0.0
525,0.32743675237162534,3450405174419723.5,2659592646403823.5,2659592590971334.5,-0.7789090970000092,1.86028683326833e-17,3.318187064267828e-16,4.977280596401743e-16,9.273015376718553e-69,6.954761532538915e-69,4.1142995292696704e-16,0.0,1.1244793574175192e-17,0.0
526,0.21816553026236782,2541336676965376.0,2190655134887208.0,2190655098049920.5,-0.7424456422546798,3.562139286719773e-17,1.659093532133914e-16,0.0,9.273015376718553e-69,0.0,1.3548129445328882e-16,0.0,1.0417141697102554e-17,0.0
527,0.2557245001054923,3664519244754018.5,3887607796357549.0,3887607752744021.5,0.3449477428836496,2.7016693964588128e-17,1.659093532133914e-16,1.659093532133914e-16,0.0,9.273015376718553e-69,2.934819871790155e-16,0.0,2.49014168248179e-17,0.0
528,0.5488196453063535,1776549518582525.8,1344123568114792.0,1344123563709214.5,0.4464662949590585,1.610964175767556e-17,0.0,1.659093532133914e-16,0.0,4.636507688359277e-69,5.668763417490358e-16,0.0,2.901137249452672e-17,0.0
529,0.0049207142402994284,1546701922988085.0,1542242937985132.0,1542242922790267.0,-0.4501431749382352,4.7091221659389893e-17,1.659093532133914e-16,1.659093532133914e-16,0.0,2.3182538441796384e-69,1.7001737762436984e-16,0.0,1.2744877631462997e-17,0.0
530,0.4131282224843224,2268779216481805.5,2295273345140146.5,2295273334802851.0,0.5545922928825247,2.894871101809754e-17,0.0,1.659093532133914e-16,0.0,9.273015376718553e-69,1.51790130431734e-16,0.0,2.621520309732745e-17,0.0
531,0.34200904528070036,1377331854726569.5,1811686952222796.5,1811686930147838.2,-0.5266981967488383,2.2434611924319393e-17,4.977280596401743e-16,1.659093532133914e-16,2.3182538441796384e-69,0.0,4.699813181443287e-16,0.0,1.5265221220312413e-17,0.0
532,0.34679977213516366,3618660501718575.0,4844687044033889.0,4844686974450298.0,0.32703108932680763,9.800578706664083e-18,1.659093532133914e-16,0.0,0.0,1.8546030753437107e-68,2.2030335234443013e-16,0.0,3.736480161862816e-17,0.0
533,0.31387871533168027,1486515913705816.0,1891693675884342.8,1891693653263531.5,-0.4349149982796157,5.62286713645972e-18,0.0,1.659093532133914e-16,2.3182538441796384e-69,9.273015376718553e-69,1.6377853464241338e-16,0.0,1.5594603870220092e-17,0.0
534,0.43233989884577345,4064820866059167.0,6053907250330147.0,6053906970667910.0,-0.7321357943587923,2.3176713649902178e-17,0.0,3.318187064267828e-16,1.8546030753437107e-68,3.7092061506874214e-68,2.6030849341408637e-16,0.0,3.789215355021615e-17,0.0
535,0.3864534871678839,2322800414612101.0,2906359555033284.0,2906359499798655.5,-0.4843365388449607,2.240251785873065e-18,1.659093532133914e-16,0.0,4.636507688359277e-69,9.273015376718553e-69,1.976370593994899e-16,0.0,1.1585043329241237e-17,0.0
536,0.3084825434036574,3739465937937356.0,4484335356581692.0,4484335293189333.5,0.28441642595779,4.1222093220991023e-17,0.0,1.659093532133914e-16,9.273015376718553e-69,0.0,1.3465611249631653e-16,0.0,2.5596976387869108e-17,0.0
537,0.02250333698152076,3469405849786514.5,3481795916003420.5,3481795847212620.5,-0.2880815515920016,2.1113613415565937e-17,0.0,0.0,9.273015376718553e-69,0.0,3.8719118752455524e-16,0.0,2.5918910868561547e-17,0.0
538,0.4073404863331802,1773974759520553.8,1951131349039981.8,1951131331975475.8,-0.017513855800799307,2.6524680165459534e-17,0.0,1.659093532133914e-16,2.3182538441796384e-69,0.0,4.5746497944379955e-16,0.0,1.1081370323968852e-17,0.0
539,0.5877202648270069,2099405671348527.5,4023213486198794.0,4023213431430780.5,0.23193060966021675,2.9336064842311123e-17,1.659093532133914e-16,6.636374128535656e-16,4.636507688359277e-69,3.7092061506874214e-68,2.635939266068612e-16,0.0,1.8301862614960977e-17,0.0
540,0.03383524542069946,3513977216806105.0,3507644814252785.5,3507644762334883.0,0.04213227368116239,3.170445545212229e-17,1.659093532133914e-16,0.0,9.273015376718553e-69,9.273015376718553e-69,2.9933740452878323e-16,0.0,1.1735848356812228e-17,0.0
541,0.1888340530361315,4240692512780969.0,3685545232836973.5,3685545210275809.0,0.6229684995964789,1.7920161371142736e-17,0.0,3.318187064267828e-16,1.8546030753437107e-68,1.8546030753437107e-68,1.9933491479529523e-16,0.0,4.208612999731778e-17,0.0
542,0.0992634527839293,2441629814895483.5,2518790217902687.0,2518790175700236.0,-0.5099873164756562,2.5458465017981102e-17,1.659093532133914e-16,6.636374128535656e-16,4.636507688359277e-69,0.0,9.400922300244406e-17,0.0,4.3452459778455296e-17,0.0
543,0.34557576730242745,2919094934754790.0,2341174727634927.0,2341174686669546.5,-0.6965589780831651,2.0093834044404628e-17,0.0,1.659093532133914e-16,4.636507688359277e-69,2.3182538441796384e-69,8.791380352251444e-17,0.0,4.1616509465303945e-17,0.0
544,0.46964258830293176,1398149568242343.2,1544841158177824.5,1544841155428429.0,0.7384894683938216,3.91372027974749e-17,0.0,0.0,1.1591269220898192e-69,2.3182538441796384e-69,1.160864824953013e-16,0.0,2.1663070738975153e-17,0.0
545,0.4463521061972644,2086911384097563.5,2504114526938068.0,2504114473387142.5,-0.9385554711216564,1.6723992979717853e-17,3.318187064267828e-16,6.636374128535656e-16,4.636507688359277e-69,0.0,4.1519652186910904e-16,0.0,3.9886026553326984e-17,0.0
546,0.16009461531317437,1697225950598227.5,1509983235692779.8,1509983234294342.0,0.8607745894688961,2.6763386965591467e-17,1.659093532133914e-16,1.659093532133914e-16,4.636507688359277e-69,0.0,2.0566078535122866e-16,0.0,1.634354089257302e-17,0.0
547,0.23530294749601757,1768428786091209.8,1964029061168700.5,1964029036233748.0,-0.46734538087840444,3.6854341125585996e-17,1.659093532133914e-16,1.659093532133914e-16,0.0,4.636507688359277e-69,1.4511680683779805e-16,0.0,4.567816483832159e-17,0.0
548,0.3801950865476717,2645107350649525.0,2804612870598370.0,2804612868538521.5,0.9405558589245697,1.0421862203902755e-17,0.0,1.659093532133914e-16,0.0,0.0,8.677746924016586e-17,0.0,1.731441943954843e-17,0.0
549,0.10921704191188684,3726786548248902.5,4126676332710962.0,4126676258201079.0,0.0068091941902227995,5.049618325077295e-18,1.659093532133914e-16,1.659093532133914e-16,0.0,9.273015376718553e-69,1.8732106998858083e-16,0.0,4.366882854980868e-18,0.0
550,0.21958711586121246,3957164604562993.0,4000260778356876.5,4000260704571902.5,-0.04667281291145618,3.569849228892431e-17,3.318187064267828e-16,1.659093532133914e-16,9.273015376718553e-69,1.8546030753437107e-68,2.658127535152607e-16,0.0,4.199959992433926e-17,0.0
551,0.04506767072102559,1765407966743420.2,1798637319874167.8,1798637317994618.8,0.868117831006463,2.0581446374780513e-17,1.659093532133914e-16,0.0,0.0,4.636507688359277e-69,1.9570378028952252e-16,0.0,3.43259553691621e-18,0.0
552,0.33654872890820003,4572757895498387.0,3463077396125976.0,3463077291257523.0,-0.984906690385837,2.0544445558796498e-17,4.977280596401743e-16,4.977280596401743e-16,1.8546030753437107e-68,4.636507688359277e-69,7.208900861309505e-16,0.0,2.73596230727636e-17,0.0
553,0.44979516600328223,3952614367578510.5,2747419128215090.0,2747419083738214.0,-0.3375316416855773,6.833613597719893e-18,1.659093532133914e-16,3.318187064267828e-16,9.273015376718553e-69,1.8546030753437107e-68,7.118247398892722e-16,0.0,3.702468781773515e-17,0.0
554,0.12182687625407326,3623755650034763.0,3283251629303333.0,3283251570006615.0,-0.24865351334872976,3.0535658113918616e-17,1.659093532133914e-16,1.659093532133914e-16,9.273015376718553e-69,1.8546030753437107e-68,6.467395334723928e-16,0.0,4.0881942494758007e-17,0.0
555,0.2417690874815193,3402922488349595.5,4143576356148617.0,4143576319838093.0,0.5199334529281778,7.56714860309259e-18,3.318187064267828e-16,1.659093532133914e-16,0.0,1.8546030753437107e-68,3.163803966918965e-16,0.0,4.5472426587039894e-17,0.0
556,0.1957350499649747,4918765212730778.0,4620645235791491.0,4620645138117621.0,-0.03846716162504698,3.6394656313360683e-17,0.0,0.0,1.8546030753437107e-68,1.8546030753437107e-68,3.711286268317904e-16,0.0,2.766209578979274e-17,0.0
557,0.05143077588990173,2547813523003797.5,2605579687686931.0,2605579684707055.5,0.9003656767247399,1.0977129386053663e-17,3.318187064267828e-16,3.318187064267828e-16,4.636507688359277e-69,4.636507688359277e-69,4.128500026218164e-16,0.0,1.4338515994125956e-17,0.0
558,0.4892641978042767,2025637275216973.5,2442726625685015.0,2442726617012099.0,0.6700599712350365,2.2120304932480803e-17,4.977280596401743e-16,3.318187064267828e-16,0.0,4.636507688359277e-69,7.537810932620204e-16,0.0,1.8516757515835694e-17,0.0
559,0.007534882005039334,1819067320896391.0,1809507783727373.5,1809507763316015.0,-0.41504619150516175,4.425459128231871e-17,3.318187064267828e-16,3.318187064267828e-16,4.636507688359277e-69,2.3182538441796384e-69,1.2618319240918269e-16,0.0,3.2656219280725526e-17,0.0
560,0.0845237624442491,3825749994915256.5,3878789988862638.0,3878789939915107.5,0.26148745635057813,4.36828524503626e-17,0.0,1.659093532133914e-16,9.273015376718553e-69,3.7092061506874214e-68,2.765751544267966e-16,0.0,4.260583705796765e-17,0.0
561,0.07067193696404778,3741866900637373.0,4001416066033944.0,4001415928088456.5,-0.9556886013353942,9.656370515004048e-18,3.318187064267828e-16,3.318187064267828e-16,0.0,0.0,1.3716615014493795e-16,0.0,2.819711774282329e-17,0.0
562,0.49259343537148226,2838995955763656.5,4697698890117428.0,4697698835752109.0,0.44079479781655356,1.2284474676412254e-17,1.659093532133914e-16,3.318187064267828e-16,4.636507688359277e-69,1.8546030753437107e-68,1.6170204208422928e-16,0.0,3.5969299370236006e-17,0.0
563,0.3358462223673452,3876994124302577.5,4346774697176284.5,4346774662798358.5,0.5869857523520151,7.599409074491705e-18,0.0,3.318187064267828e-16,2.781904613015566e-68,9.273015376718553e-69,1.7761367265359193e-16,0.0,4.070000645957507e-17,0.0
564,0.4076369968000233,3035680836894457.0,2948805274801473.5,2948805220223537.5,-0.4247692800545806,8.537107759506271e-18,1.659093532133914e-16,0.0,0.0,1.8546030753437107e-68,3.4662934681991137e-16,0.0,3.200170348843715e-17,0.0
565,0.22830703628925225,2452462132099830.5,2458188028770836.0,2458187996021077.5,-0.2302617606182002,2.757331236848681e-17,4.977280596401743e-16,4.977280596401743e-16,9.273015376718553e-69,2.3182538441796384e-69,0.0,0.0,3.187576092099872e-17,0.0
566,0.022886130574420523,3228619799943256.0,3216725273909563.5,3216725270353877.0,0.9219963011234087,1.7635640235624556e-17,3.318187064267828e-16,3.318187064267828e-16,0.0,9.273015376718553e-69,8.216287863127519e-16,0.0,4.044725157587717e-17,0.0
567,0.4479891399242379,1984958031080016.8,2245827242833660.5,2245827222157772.2,0.06946844689745073,9.229880075329435e-18,3.318187064267828e-16,3.318187064267828e-16,4.636507688359277e-69,1.8546030753437107e-68,1.292867327869738e-16,0.0,1.0418577334046284e-17,0.0
568,0.17519125277078154,4540340234911553.0,4933509383165256.0,4933509211744861.0,-0.5987118947851485,1.9142756213811423e-17,1.659093532133914e-16,1.659093532133914e-16,1.8546030753437107e-68,1.8546030753437107e-68,2.320154167460757e-16,0.0,1.7560110774332877e-17,0.0
569,0.38013340786588584,3451936001567221.5,2374412813813085.0,2374412782919861.0,-0.24385684538429755,2.3641624278291654e-17,1.659093532133914e-16,1.659093532133914e-16,1.8546030753437107e-68,0.0,3.7798348733161137e-16,0.0,1.6711722296140003e-17,0.0
570,0.24877132242195568,2850854658405992.5,3380105981252605.5,3380105973995159.0,0.8558074463239614,2.7878615915376266e-17,0.0,0.0,9.273015376718553e-69,9.273015376718553e-69,1.3945555977905013e-16,0.0,1.7373541888811472e-17,0.0
571,0.2732152736922316,3056293773156588.5,3232534113087139.0,3232534088563822.5,0.4672633280066844,4.377679522980688e-17,3.318187064267828e-16,6.636374128535656e-16,0.0,0.0,4.881671403876777e-16,0.0,3.925585223214513e-17,0.0
572,0.34089692292751533,2408673293006733.5,2657618928188908.5,2657618878682671.0,-0.5910877354309854,3.926045586996657e-17,1.659093532133914e-16,4.977280596401743e-16,4.636507688359277e-69,0.0,4.0046969433224786e-16,0.0,6.07318323846536e-18,0.0
573,0.1790253967770898,2154442261423615.0,2412182545567784.5,2412182508792150.5,-0.4346945497709418,6.878180338052608e-18,1.659093532133914e-16,0.0,4.636507688359277e-69,9.273015376718553e-69,3.5734827034263285e-16,0.0,4.356671455266067e-17,0.0
574,0.07669921380567131,1741571834083551.8,1822325123387915.8,1822325123071764.5,0.9783896038068978,1.9105727518192858e-17,1.659093532133914e-16,3.318187064267828e-16,0.0,0.0,3.953940640273018e-16,0.0,3.532728565022899e-17,0.0
575,0.23425487679637028,2491052758564376.0,2171353718989936.2,2171353718354865.8,0.9694240228300461,2.377616567874113e-17,1.659093532133914e-16,1.659093532133914e-16,4.636507688359277e-69,0.0,2.802452262148639e-16,0.0,1.7002641481050642e-17,0.0
576,0.10531132767673054,4896321442519769.0,5107653896117394.0,5107653786450659.0,0.04577318122454874,3.8549194892520366e-17,1.659093532133914e-16,1.659093532133914e-16,0.0,3.7092061506874214e-68,1.988916789287237e-16,0.0,2.085115060904786e-17,0.0
577,0.5178938968530632,4671528662946821.0,5765382526107441.0,5765382269282806.0,-0.753880740570842,2.0593272196383136e-17,3.318187064267828e-16,3.318187064267828e-16,0.0,7.418412301374843e-68,2.5560845875942926e-16,0.0,1.7106925011095894e-17,0.0
578,0.5170056820617109,1607217138594824.8,2253160044831665.5,2253160035640727.5,0.5890439494423583,2.5832522135433807e-17,4.977280596401743e-16,6.636374128535656e-16,0.0,9.273015376718553e-69,2.581021387256794e-16,0.0,1.8839875371096125e-17,0.0
579,0.3569659398235526,4604560895012504.0,4443373869580511.0,4443373800117618.5,0.20136788211121096,2.0915417731985148e-17,0.0,1.659093532133914e-16,1.8546030753437107e-68,3.7092061506874214e-68,4.274284507294678e-16,0.0,3.213707751026632e-17,0.0
580,0.4047417433038846,2630207581704340.5,2114745254430052.0,2114745226655538.2,-0.409775531810965,5.7080170079977555e-18,1.659093532133914e-16,0.0,4.636507688359277e-69,0.0,4.449865981877593e-16,0.0,3.0500189041671045e-17,0.0
581,0.04231127703195232,1767443095412824.8,1799171887825063.5,1799171873584419.5,0.001371554385974706,8.93261029930121e-18,4.977280596401743e-16,1.659093532133914e-16,4.636507688359277e-69,4.636507688359277e-69,5.871650908719081e-16,0.0,2.865031967857869e-17,0.0
582,0.16808902282641328,2936441541346210.0,3238974043536907.5,3238974030619975.0,0.7205114176435619,1.545735385283684e-17,3.318187064267828e-16,0.0,0.0,1.8546030753437107e-68,1.2512983169000978e-16,0.0,2.1952947122506847e-17,0.0
583,0.506718703471211,3507188787896089.0,3392383676950032.5,3392383670129965.5,0.8654764384558189,1.2552648063237891e-17,1.659093532133914e-16,1.659093532133914e-16,0.0,0.0,2.4705780057142127e-16,0.0,2.6985412751655407e-17,0.0
584,0.31256408454835277,2832644744060270.0,2923944118565745.5,2923944069262895.0,-0.30904180357753736,3.235665257628587e-17,3.318187064267828e-16,4.977280596401743e-16,4.636507688359277e-69,4.636507688359277e-69,1.8677022557465646e-16,0.0,1.1261756763934794e-17,0.0
585,0.23178413363322292,2859195688357434.0,2981668693983402.0,2981668644341144.5,-0.26751286342449554,4.1009008337053244e-17,1.659093532133914e-16,4.977280596401743e-16,4.636507688359277e-69,4.636507688359277e-69,1.8827287183591167e-16,0.0,3.6256159286833045e-17,0.0
586,0.4062346202852505,4716528214869765.0,7045875752422539.0,7045875695964270.0,0.7418469791329266,3.618661323878098e-17,0.0,0.0,1.8546030753437107e-68,5.563809226031132e-68,2.8377053857103194e-16,0.0,2.1829679199484847e-17,0.0
587,0.37002761850376215,4131703349704715.5,3081372417078318.0,3081372364899036.0,-0.24746780047717465,9.92161651442641e-18,1.659093532133914e-16,3.318187064267828e-16,2.781904613015566e-68,0.0,1.3339647285996374e-16,0.0,4.3011368281642984e-17,0.0
588,0.555737738757351,1908281831246464.2,1245464531663076.0,1245464528551714.2,0.5446897782608504,2.2867082610283877e-17,3.318187064267828e-16,4.977280596401743e-16,2.3182538441796384e-69,1.1591269220898192e-69,8.505361352917227e-17,0.0,2.891933783008792e-17,0.0
589,0.5707847204834458,4089382535199326.5,4761669523974292.0,4761669328416711.0,-0.9578336496572875,3.3717132204826345e-17,3.318187064267828e-16,3.318187064267828e-16,1.8546030753437107e-68,7.418412301374843e-68,6.965509762402261e-16,0.0,3.546069350115661e-17,0.0
590,0.5414735755533554,1542454582418535.0,1309601080581142.2,1309601073552989.2,0.0697862265856698,2.2446122678921473e-17,0.0,1.659093532133914e-16,0.0,4.636507688359277e-69,8.774308871391168e-17,0.0,1.918762310013211e-17,0.0
591,0.5781124034934261,3033640913130070.5,2004644373486999.8,2004644343224738.2,-0.7094103186995203,3.223775228650049e-17,3.318187064267828e-16,0.0,0.0,6.954761532538915e-69,2.8373791798057666e-16,0.0,1.3803445399087728e-17,0.0
592,0.11284631249385559,2790797577885418.0,2539318300222614.5,2539318280411705.5,0.3025874811266549,3.2943414683833843e-17,0.0,1.659093532133914e-16,4.636507688359277e-69,9.273015376718553e-69,1.9829119418642146e-16,0.0,3.9134805747424216e-17,0.0
593,0.4933467076145969,2371601324856520.5,2050863657644646.8,2050863654587966.2,0.8350333629073836,2.1451702160330322e-17,0.0,1.659093532133914e-16,4.636507688359277e-69,2.3182538441796384e-69,4.982319057160837e-16,0.0,2.1142053411310653e-17,0.0
594,0.12239045473671205,3201669408926847.0,3483177603799585.5,3483177575312143.5,0.4670065915606659,8.204335799238631e-18,4.977280596401743e-16,4.977280596401743e-16,0.0,9.273015376718553e-69,2.972552254875919e-16,0.0,7.595100746666024e-18,0.0
595,0.16672048258365127,3438854104968901.5,3381918495292043.5,3381918398720718.0,-0.9166444091539312,4.3191461459859725e-17,1.659093532133914e-16,3.318187064267828e-16,9.273015376718553e-69,0.0,1.6686933695897627e-16,0.0,1.395522998209147e-17,0.0
596,0.3306228302009634,3751162944847325.0,3649077913604151.0,3649077856462346.0,0.025891563953514194,3.5016879656882325e-17,3.318187064267828e-16,0.0,0.0,0.0,1.261475493833597e-16,0.0,3.367956856631831e-17,0.0
597,0.5141524547256543,3654672496596318.0,4903588676904614.0,4903588593462849.0,0.21227425442323514,3.153842103480705e-17,0.0,3.318187064267828e-16,9.273015376718553e-69,5.563809226031132e-68,1.810788163201735e-16,0.0,1.6025134112429062e-17,0.0
598,0.04450920822815928,1444645276261689.0,1479951852465245.2,1479951848518440.2,0.5909559079711575,2.1130673403547047e-17,1.659093532133914e-16,3.318187064267828e-16,0.0,2.3182538441796384e-69,1.123502551433097e-16,0.0,2.134774896033457e-17,0.0
599,0.3223164196076305,2065005837637565.0,2024187285454688.2,2024187256739448.0,-0.5908553514054411,1.6483728301629906e-17,3.318187064267828e-16,1.659093532133914e-16,6.954761532538915e-69,0.0,4.1960091944226004e-16,0.0,3.5245288752495707e-17,0.0
600,0.03658855639429006,2374836945862119.5,2390794304359600.5,2390794287296106.5,0.32235356755077677,1.7334504320956978e-17,1.659093532133914e-16,3.318187064267828e-16,0.0,1.390952306507783e-68,2.1746982455161695e-16,0.0,4.1181707117836105e-17,0.0
601,0.33014081745022844,3309149768284042.0,4519491920354844.0,4519491776989283.0,-0.5932548041006142,7.308345221438203e-18,3.318187064267828e-16,3.318187064267828e-16,0.0,1.8546030753437107e-68,2.5009530311406537e-16,0.0,2.516047350348487e-17,0.0
602,0.578112021111187,4166081980000351.5,2847113274551000.5,2847113232640724.5,-0.17362850538269572,3.114577414178251e-17,3.318187064267828e-16,1.659093532133914e-16,0.0,3.7092061506874214e-68,4.13340638516253e-16,0.0,2.68343785547218e-17,0.0
603,0.09272650736394987,2728369542531025.5,2564976505654794.5,2564976461452266.5,-0.5251057102122328,4.3340233766047076e-17,1.659093532133914e-16,0.0,0.0,0.0,1.346725324808254e-16,0.0,4.472944905148327e-18,0.0
604,0.28833916390457404,4403018619175825.5,4222888804240906.0,4222888792754016.5,0.8537813510132067,3.42293371964207e-17,3.318187064267828e-16,4.977280596401743e-16,1.8546030753437107e-68,1.8546030753437107e-68,2.3386633258832827e-16,0.0,2.2363190680168926e-17,0.0
605,0.09076433614238646,2069743482478728.5,2139668057322923.2,2139668028027638.8,-0.45252807403387085,1.1874599680614985e-17,3.318187064267828e-16,1.659093532133914e-16,4.636507688359277e-69,9.273015376718553e-69,2.2862737186322804e-16,0.0,9.175230619948513e-18,0.0
606,0.38283221288639147,1950762322413528.2,2098353133280086.8,2098353129713535.2,0.8161299553140262,2.065511373134893e-17,1.659093532133914e-16,3.318187064267828e-16,0.0,2.3182538441796384e-69,3.9465915802611884e-16,0.0,2.3955977888473085e-17,0.0
607,0.10120704488249149,4216476977867852.5,4422408043709407.5,4422407914251838.5,-0.5025518014641787,2.3733898398714668e-17,3.318187064267828e-16,4.977280596401743e-16,0.0,1.8546030753437107e-68,1.5397334431708566e-16,0.0,8.300835164245103e-18,0.0
608,0.45545670941565103,1880000502979219.5,1484280001010733.8,1484279998695631.2,0.7614616750363723,1.4023938695926115e-17,1.659093532133914e-16,1.659093532133914e-16,4.636507688359277e-69,2.3182538441796384e-69,7.331962456841758e-16,0.0,1.908073284236277e-17,0.0
609,0.4272714540319233,1776078204435992.0,1792187730420316.8,1792187709754253.0,-0.4605296750209141,2.9476419133867535e-17,0.0,3.318187064267828e-16,2.3182538441796384e-69,2.3182538441796384e-69,7.224590052302745e-17,0.0,2.636705246403531e-17,0.0
610,0.20904314441893446,4712335253953870.0,4128104538707255.5,4128104528640001.5,0.8658998487656352,3.012823367159303e-17,0.0,1.659093532133914e-16,3.7092061506874214e-68,3.7092061506874214e-68,2.0083461270422979e-16,0.0,6.38842738590189e-18,0.0
611,0.4272198222387489,2925878396388791.0,3700177397467698.0,3700177306659727.0,-0.5055615244034027,2.7625402807760546e-17,0.0,1.659093532133914e-16,0.0,9.273015376718553e-69,3.9225095964553036e-17,0.0,6.057696788950796e-18,0.0
612,0.3556219394792473,2159990391989895.2,2935002744015123.0,2935002701489581.0,-0.12060474900864793,2.226763786148174e-17,0.0,3.318187064267828e-16,0.0,2.781904613015566e-68,2.656675263569871e-16,0.0,4.2475919521769356e-17,0.0
613,0.28076233654261656,3923593011559478.5,3873191428848351.0,3873191414195185.0,0.7782757655892778,4.267170772816661e-17,3.318187064267828e-16,3.318187064267828e-16,1.8546030753437107e-68,3.7092061506874214e-68,3.924393857388379e-16,0.0,2.7617518472253642e-17,0.0
614,0.3432904820743506,3605295281305459.0,4416851604111303.5,4416851444707891.5,-0.8547766785396498,1.100323474547805e-17,0.0,0.0,0.0,3.7092061506874214e-68,4.634974801031941e-16,0.0,1.3108326898753977e-17,0.0
615,0.25945803824255276,1868471820705905.5,2267283743412883.0,2267283714304064.0,-0.285382726018114,8.979451873948224e-18,1.659093532133914e-16,0.0,2.3182538441796384e-69,4.636507688359277e-69,2.1498184164458698e-16,0.0,5.0551247720201994e-18,0.0
616,0.4768786210045665,2197811957375612.5,2361398196687320.5,2361398179444914.5,0.2980938791708372,3.123633158050801e-17,3.318187064267828e-16,6.636374128535656e-16,9.273015376718553e-69,0.0,1.9538614892913065e-16,0.0,2.8380126864089154e-17,0.0
617,0.4693291942730307,1850496008632386.8,2072012426326547.8,2072012410882998.8,0.183451432251336,7.045979403716213e-18,1.659093532133914e-16,0.0,2.3182538441796384e-69,4.636507688359277e-69,4.55752452390239e-16,0.0,7.125337936306834e-18,0.0
618,0.5483996339422917,4647738047220966.0,6055761389934772.0,6055761116074888.0,-0.6951594165264271,1.3941595223736512e-17,1.659093532133914e-16,3.318187064267828e-16,0.0,7.418412301374843e-68,4.1467055552733876e-16,0.0,2.1421611641431547e-17,0.0
619,0.41315996872545235,3242050345088111.5,3558616290204309.5,3558616204155875.5,-0.5424115622419002,2.5215733680869978e-17,6.636374128535656e-16,3.318187064267828e-16,0.0,1.8546030753437107e-68,6.212635738713075e-16,0.0,4.075821190111859e-17,0.0
620,0.271830900857719,4254135961634425.0,3680699066128134.0,3680698959133467.5,-0.7927557985486209,3.729953375881991e-17,0.0,0.0,1.8546030753437107e-68,9.273015376718553e-69,1.0791179399435035e-16,0.0,3.262567794410406e-17,0.0
621,0.013420117129319698,2857662966377856.0,2865180045110247.5,2865180006765004.0,-0.060296402948984494,4.4670374402272746e-17,1.659093532133914e-16,1.659093532133914e-16,9.273015376718553e-69,4.636507688359277e-69,3.2379188396729976e-16,0.0,8.695974210112234e-19,0.0
622,0.14508592152632852,3830891078952798.0,4345652893707990.0,4345652823382640.5,0.15467939796585603,4.393739526464631e-17,3.318187064267828e-16,4.977280596401743e-16,0.0,3.7092061506874214e-68,5.684231189293941e-16,0.0,1.1885319954690072e-17,0.0
623,0.35292984081633577,2629271545218422.5,2876245565852545.5,2876245536623006.5,0.19797175070510695,9.725716811116638e-18,0.0,0.0,4.636507688359277e-69,6.954761532538915e-69,6.173050694392791e-17,0.0,1.6676621825451035e-17,0.0
624,0.17170780469319338,1779413502760132.8,2065111966088525.8,2065111928953279.2,-0.9765997195960235,1.0738674910782161e-17,1.659093532133914e-16,1.659093532133914e-16,2.3182538441796384e-69,0.0,3.2248788913015727e-16,0.0,1.9754553501197178e-17,0.0
625,0.011796819381844646,2447270202310320.0,2468630869093654.5,2468630845593656.5,0.12466331760748711,1.9259382950934764e-17,3.318187064267828e-16,3.318187064267828e-16,0.0,1.8546030753437107e-68,5.331551892742199e-16,0.0,3.742936621239356e-19,0.0
626,0.3413236170763597,3018148650571040.0,2609700397239038.0,2609700367734063.5,0.01659241282320969,3.212743048625865e-17,3.318187064267828e-16,3.318187064267828e-16,9.273015376718553e-69,4.636507688359277e-69,5.377676323161525e-16,0.0,1.1780810583499816e-17,0.0
627,0.48200602300260864,2529613644052785.5,3355140911872440.0,3355140859132715.5,-0.06349621509190209,2.821350228223043e-17,0.0,3.318187064267828e-16,4.636507688359277e-69,1.8546030753437107e-68,1.9905883540709153e-16,0.0,3.0446091445360443e-17,0.0
628,0.14737429184133474,3089837610004726.5,3224386455984493.5,3224386410705786.5,0.011402602093547449,3.5063628138428905e-17,3.318187064267828e-16,4.977280596401743e-16,9.273015376718553e-69,9.273015376718553e-69,4.46110600183489e-16,0.0,1.9996354507813252e-17,0.0
629,0.49033411437115304,4642159338477256.0,6383529774928755.0,6383529613705142.0,0.10189626875279721,2.8580585487984154e-17,1.659093532133914e-16,0.0,0.0,7.418412301374843e-68,2.26589555195461e-16,0.0,3.5041713585535016e-17,0.0
630,0.4563011337869748,4006408869799402.0,5532256511601062.0,5532256444236264.0,0.5003705596450244,2.8285025654346724e-17,0.0,3.318187064267828e-16,1.8546030753437107e-68,9.273015376718553e-69,6.251475200851543e-16,0.0,2.0831444308210154e-17,0.0
631,0.37447982534461594,2053840734734726.5,3037671878447759.0,3037671819643766.5,-0.44658753389259165,8.581612690008245e-18,1.659093532133914e-16,3.318187064267828e-16,4.636507688359277e-69,1.8546030753437107e-68,7.63979320021245e-19,0.0,3.688743513805035e-17,0.0
632,0.23537290062275376,1313150381388335.8,1257245670323952.8,1257245664524143.8,0.16709969250788595,6.0098978923416964e-18,1.659093532133914e-16,1.659093532133914e-16,1.1591269220898192e-69,2.3182538441796384e-69,3.7907843531853535e-16,0.0,7.098114550791175e-18,0.0
633,0.18119830168411963,3644138128981374.5,4049255839110308.0,4049255759235290.5,-0.10580908387419911,4.2766127900346364e-17,1.659093532133914e-16,0.0,0.0,3.7092061506874214e-68,5.382243673307691e-16,0.0,2.64745629642182e-17,0.0
634,0.14604889177864333,4310905807119925.0,4003579669443827.5,4003579656634668.5,0.8185975017509066,2.1848102215017798e-17,4.977280596401743e-16,4.977280596401743e-16,0.0,9.273015376718553e-69,1.60047753571652e-16,0.0,4.927170074333058e-18,0.0
635,0.03536987962283554,3871090782629524.0,3878192299963710.0,3878192244395776.0,0.16134142191011483,3.7220754436779343e-17,4.977280596401743e-16,4.977280596401743e-16,3.7092061506874214e-68,1.8546030753437107e-68,1.2578335758067218e-16,0.0,3.6482416511578325e-17,0.0
636,0.18351476181259743,1650293109083691.0,1650234389144902.2,1650234384767953.8,0.6351622524018372,2.587836790529178e-17,1.659093532133914e-16,0.0,2.3182538441796384e-69,2.3182538441796384e-69,3.9722306759714414e-16,0.0,3.8678018451997156e-17,0.0
637,0.3122522849796326,1656107860693877.2,1390321464825176.5,1390321453410295.0,-0.3404807165688131,1.3610747860406129e-17,0.0,0.0,0.0,0.0,1.5878567522940596e-16,0.0,8.499377847084296e-18,0.0
638,0.47047400106706716,3661984544926537.5,6003988355609964.0,6003988331912836.0,0.8507770384866473,3.2584492406824744e-17,0.0,4.977280596401743e-16,0.0,1.8546030753437107e-68,3.964274978338418e-16,0.0,2.2625172175249145e-17,0.0
639,0.09891672527599528,3999190048241656.5,4121374145303532.5,4121374028869004.5,-0.5560277276880865,9.679771427022885e-18,1.659093532133914e-16,1.659093532133914e-16,0.0,9.273015376718553e-69,1.9934112405472947e-16,0.0,7.94348131834855e-18,0.0
640,0.5396506779312906,2622070614582044.0,4440257547118634.5,4440257470089795.5,0.11313675807880899,2.259590648207718e-17,0.0,0.0,0.0,3.7092061506874214e-68,1.4013216646141827e-16,0.0,1.5652644024971348e-17,0.0
641,0.22445919113809565,3024837014879677.5,3660368741029490.0,3660368733281793.5,0.8687369336056143,2.686439700355706e-17,0.0,1.659093532133914e-16,0.0,0.0,1.138254990081125e-16,0.0,2.146056967786025e-17,0.0
642,0.5761964357260391,3579143375684165.5,6405543642979230.0,6405543588040400.0,0.6960605745232114,1.9885916988652734e-17,0.0,0.0,9.273015376718553e-69,5.563809226031132e-68,3.468439487384202e-16,0.0,2.6566949320883625e-17,0.0
643,0.03403994811941694,2567257738665299.0,2583400886269544.5,2583400846978721.5,-0.33637130693967227,9.281256166407257e-18,4.977280596401743e-16,4.977280596401743e-16,4.636507688359277e-69,4.636507688359277e-69,1.611842087150747e-16,0.0,1.9857303141040333e-17,0.0
644,0.5844441297517463,1244414390943068.8,1845673161333306.8,1845673139323299.5,-0.4666625705804773,6.22707294895139e-18,3.318187064267828e-16,3.318187064267828e-16,0.0,2.3182538441796384e-69,1.3833960180095682e-16,0.0,1.335987383276981e-17,0.0
645,0.42369751190740024,4532565360785091.0,6784488129071602.0,6784487948826888.0,0.11111006435884306,3.909217650424534e-17,1.659093532133914e-16,1.659093532133914e-16,1.8546030753437107e-68,0.0,5.751851138925917e-16,0.0,4.032647996668907e-17,0.0
646,0.35319112402188696,1840166221350717.0,2111295796794526.5,2111295778382278.0,0.06237694642140078,2.7350433460563475e-17,3.318187064267828e-16,1.659093532133914e-16,0.0,1.390952306507783e-68,1.4161366179557145e-16,0.0,3.660747986424829e-17,0.0
647,0.33508704722537397,4512681529783465.0,5033640070336650.0,5033639905809099.0,-0.4739879942807861,7.85318346117874e-18,3.318187064267828e-16,1.659093532133914e-16,1.8546030753437107e-68,1.8546030753437107e-68,1.6084797483161698e-16,0.0,2.5667802119561208e-17,0.0
648,0.16450752167862662,3886984967151177.0,3790690864810505.5,3790690834845676.0,0.5266365770758216,3.8768729900385295e-17,1.659093532133914e-16,1.659093532133914e-16,2.781904613015566e-68,1.8546030753437107e-68,2.0668333758479757e-16,0.0,4.171891201099219e-17,0.0
649,0.5655522255093689,3328209904635231.0,4141749605834140.0,4141749514468363.0,-0.2090256050752038,1.32668488702866e-17,0.0,3.318187064267828e-16,0.0,0.0,1.6265768462961443e-16,0.0,2.1502950484896935e-17,0.0
650,0.5945100063850968,4613878427921408.0,7349445217050709.0,7349444973572541.0,-0.02322358372431794,1.393787561649261e-17,0.0,6.636374128535656e-16,0.0,0.0,8.045848959435829e-16,0.0,3.6185005498079813e-17,0.0
651,0.47414084050310823,2152965984941514.5,2795466015024405.0,2795465947281107.5,-0.9677844560341603,2.496945463201289e-17,1.659093532133914e-16,3.318187064267828e-16,0.0,0.0,1.5598520603426653e-16,0.0,2.3892854878770712e-17,0.0
652,0.03128047134442058,2058752680447104.0,2063206359447331.0,2063206355290236.5,0.7783211833131565,3.535245481435356e-17,0.0,0.0,6.954761532538915e-69,0.0,4.4334965448892725e-16,0.0,4.626891499781427e-17,0.0
653,0.09563273512122517,1561403057687031.8,1473573550150250.0,1473573549603025.0,0.9427939679086021,2.6078477022804236e-17,0.0,1.659093532133914e-16,2.3182538441796384e-69,2.3182538441796384e-69,1.1063671585116701e-16,0.0,8.270939729265917e-18,0.0
654,0.33165805664692716,4799013070757170.0,4702766685919538.0,4702766491658738.0,-0.9938750619155078,8.242184089243874e-18,0.0,0.0,1.8546030753437107e-68,1.8546030753437107e-68,1.030354299271073e-16,0.0,8.903932617922006e-18,0.0
655,0.44479349119772416,3451613536877002.0,5007283113038820.0,5007283071567835.0,0.624543457995308,2.492001019663542e-17,3.318187064267828e-16,8.295467660669571e-16,0.0,3.7092061506874214e-68,4.714071357109023e-16,0.0,3.808038471967764e-17,0.0
656,0.426095057449115,2302016956539412.0,1723650104676709.5,1723650089014330.8,-0.19668298148326085,3.9142974541119415e-17,0.0,0.0,0.0,3.4773807662694575e-69,6.461991904574157e-16,0.0,3.9235424689324156e-17,0.0
657,0.2024435584876359,3759047918336170.0,4421783336584831.5,4421783261716069.0,0.1307887051812553,3.669218696819956e-17,1.659093532133914e-16,4.977280596401743e-16,0.0,0.0,6.826961085167247e-17,0.0,3.038580465005043e-17,0.0
658,0.0865597028018547,4329475575568282.0,4476490136143647.5,4476490066588864.5,0.21209952716752725,1.1461056601799052e-17,1.659093532133914e-16,0.0,0.0,5.563809226031132e-68,2.4867168043429953e-16,0.0,3.935151823098097e-17,0.0
659,0.31671174482967845,4916742999563457.0,6321189517053245.0,6321189226935194.0,-0.6481501093796264,9.953808461459059e-18,4.977280596401743e-16,3.318187064267828e-16,1.8546030753437107e-68,7.418412301374843e-68,1.4762937277587224e-16,0.0,5.7606435112320916e-18,0.0
660,0.16349889247492072,2960688833191406.0,3038873070991198.5,3038873004530974.5,-0.6336398060241976,1.5931729854200035e-17,0.0,0.0,9.273015376718553e-69,1.8546030753437107e-68,9.495178786524373e-17,0.0,1.2765838570105949e-17,0.0
661,0.024294056919580864,2000431376794631.8,2005227882322769.5,2005227848408463.0,-0.9145869466116157,5.527631642513595e-18,1.659093532133914e-16,1.659093532133914e-16,2.3182538441796384e-69,2.3182538441796384e-69,6.414334966311264e-17,0.0,2.893212319192076e-17,0.0
662,0.17313200433545423,4213804520413577.5,4882825886990899.0,4882825813686968.0,0.30208198727582986,1.1596382237010354e-17,3.318187064267828e-16,4.977280596401743e-16,3.7092061506874214e-68,0.0,1.248117721831076e-16,0.0,2.250210154982462e-17,0.0
663,0.5601431258843568,4720178895158226.0,3005321641039960.5,3005321574440425.5,-0.6738205816637388,2.4538312231140197e-17,3.318187064267828e-16,1.659093532133914e-16,0.0,6.954761532538915e-69,6.270073776319694e-16,0.0,1.372109965598419e-17,0.0
664,0.10100703444859288,3345278598843633.0,3573537110049465.0,3573537077114758.5,0.4145675109590346,6.306682033250346e-18,4.977280596401743e-16,4.977280596401743e-16,0.0,9.273015376718553e-69,9.703602291042817e-17,0.0,1.4386162691308583e-17,0.0
665,0.3308658921610849,4528843779685292.0,5613509974016058.0,5613509869678084.0,0.24838917879109187,4.452635517718297e-17,0.0,1.659093532133914e-16,1.8546030753437107e-68,1.8546030753437107e-68,2.3225902036415814e-16,0.0,1.309090893109998e-17,0.0
666,0.25115048213607055,4523450103364304.0,5669984898389340.0,5669984682635919.0,-0.5233984865954753,4.1171378881246416e-17,3.318187064267828e-16,4.977280596401743e-16,1.8546030753437107e-68,7.418412301374843e-68,3.2491697924371877e-16,0.0,9.389399683877432e-18,0.0
667,0.546688102512512,1956383074679177.2,2317015075273048.0,2317015056935210.5,0.2246281573992333,1.3346773359640653e-17,0.0,0.0,6.954761532538915e-69,2.3182538441796384e-69,4.186989337254872e-16,0.0,4.181711922476837e-18,0.0
668,0.04048657429791294,4314898750628661.0,4469385344211178.5,4469385296739611.0,0.46054205694084255,1.334803222648019e-17,0.0,1.659093532133914e-16,1.8546030753437107e-68,3.7092061506874214e-68,1.5566105355169263e-16,0.0,1.3140127752449497e-18,0.0
669,0.2489966993854964,1553291285333601.0,1448249823605849.8,1448249822768242.2,0.9093488692227131,2.3924799027712387e-17,0.0,3.318187064267828e-16,0.0,4.636507688359277e-69,2.122239314845467e-16,0.0,2.9735341446362096e-17,0.0
670,0.4393740662724195,3656515915161018.5,5825292593150773.0,5825292395938370.0,-0.3192234626934028,3.836567305212167e-17,3.318187064267828e-16,3.318187064267828e-16,9.273015376718553e-69,3.7092061506874214e-68,1.8098752612496484e-16,0.0,3.9155253172045886e-17,0.0
671,0.4664599374814001,4563551615067533.0,3469309524644126.5,3469309446123201.5,-0.4808768244370653,8.802458738467592e-18,3.318187064267828e-16,3.318187064267828e-16,1.8546030753437107e-68,0.0,2.476869853473754e-16,0.0,1.580211765394697e-17,0.0
672,0.5059978054732018,1423675115355957.0,1808924811377010.5,1808924785565993.2,-0.7905386996207606,1.1018231568712974e-17,0.0,0.0,1.1591269220898192e-69,9.273015376718553e-69,1.710076937100185e-16,0.0,1.0163195592404518e-17,0.0
673,0.5906813749385936,1380085702671498.5,2345360974963784.5,2345360957161568.5,0.2653604578531197,1.8343076132314233e-17,3.318187064267828e-16,0.0,0.0,9.273015376718553e-69,1.9502737487457466e-16,0.0,1.8231165308564794e-17,0.0
674,0.42458797131895143,3499471376165906.0,5065128157743499.0,5065128093759380.0,0.43387681828524166,2.5544603576299538e-17,0.0,3.318187064267828e-16,9.273015376718553e-69,1.8546030753437107e-68,1.6397885357860098e-16,0.0,4.1986570014663014e-17,0.0
675,0.557481589933819,1417558488298505.5,1109250063873435.1,1109250054344576.6,-0.7579299932255267,3.252254742320785e-17,3.318187064267828e-16,0.0,1.1591269220898192e-69,1.1591269220898192e-69,1.8103573198283414e-16,0.0,2.3644762991966678e-17,0.0
676,0.04678117651634426,1609753730390536.8,1590044043126911.5,1590044042606261.8,0.9532537251153668,1.0919692651289928e-17,0.0,0.0,2.3182538441796384e-69,6.954761532538915e-69,2.5705882792023557e-16,0.0,4.3174816661961194e-17,0.0
677,0.05240191951685516,2655029872477414.5,2674469321491354.0,2674469312610179.0,0.7181521102680373,4.359747914673105e-18,1.659093532133914e-16,0.0,9.273015376718553e-69,4.636507688359277e-69,2.7338889578986773e-16,0.0,1.6720413524892778e-17,0.0
678,0.33776525853882805,1762345265370655.5,1986843912528934.2,1986843890137477.5,-0.28758072408537055,3.6640963933869384e-17,1.659093532133914e-16,0.0,4.636507688359277e-69,0.0,3.7409875328243443e-16,0.0,1.3721397656076385e-17,0.0
679,0.29374409867865514,3357289568593154.0,4215736329987796.5,4215736323644363.5,0.9189790898699817,4.159788588408993e-17,1.659093532133914e-16,0.0,9.273015376718553e-69,1.8546030753437107e-68,2.741442757293032e-16,0.0,3.250975750275267e-17,0.0
680,0.3585055734605516,1413970210456937.5,1810764681147182.5,1810764671119157.2,0.30575779584617224,8.234854113158769e-18,0.0,1.659093532133914e-16,1.1591269220898192e-69,4.636507688359277e-69,2.0291774895645534e-16,0.0,2.737446879814774e-17,0.0
681,0.2579782574749312,1417149433136727.5,1102665014230735.5,1102665003605667.8,-0.9836458161366368,5.04060754321443e-18,1.659093532133914e-16,3.318187064267828e-16,2.3182538441796384e-69,5.795634610449096e-70,1.8666122479758215e-16,0.0,1.1806175543397597e-17,0.0
682,0.28327984312785903,2183634043857663.5,1924924823720383.2,1924924816906793.5,0.5825849966665866,4.016838206171253e-17,1.659093532133914e-16,3.318187064267828e-16,0.0,2.3182538441796384e-69,5.417574594987877e-17,0.0,1.0531173453881658e-17,0.0
683,0.1953873504742175,1364172984790221.5,1235046555333894.8,1235046542307007.5,-0.9386241526346542,9.73783221164123e-18,3.318187064267828e-16,4.977280596401743e-16,1.1591269220898192e-69,1.1591269220898192e-69,2.660423909645644e-16,0.0,4.172292849771618e-17,0.0
684,0.12050727695445466,3754874945371804.5,3979126086243319.5,3979126074947499.0,0.8380570648127649,1.32143049192157e-17,1.659093532133914e-16,1.659093532133914e-16,9.273015376718553e-69,9.273015376718553e-69,2.5389219767447046e-16,0.0,2.888740597301328e-17,0.0
685,0.20611411794212667,3475846097245243.0,2912518565293154.0,2912518521175448.0,-0.18057922073092603,7.802628847119413e-18,1.659093532133914e-16,1.659093532133914e-16,9.273015376718553e-69,0.0,9.339093897639055e-17,0.0,2.2941426546508497e-17,0.0
686,0.5364022294750631,4647700360081780.0,6666438542777877.0,6666438452121350.0,0.5369467439440011,1.5875948488378026e-17,1.659093532133914e-16,0.0,0.0,1.8546030753437107e-68,7.139787804784469e-16,0.0,1.6070326633187386e-17,0.0
687,0.2255270006516435,2158005911850545.2,2410075699942380.0,2410075654605669.5,-0.7717737349949203,1.815664143401998e-17,3.318187064267828e-16,0.0,4.636507688359277e-69,0.0,1.4133407710556728e-16,0.0,2.2902473737359812e-17,0.0
688,0.0736498193213,1497305437141255.0,1410514356646130.5,1410514353097962.5,0.59517363800887,3.7090193497750744e-18,1.659093532133914e-16,3.318187064267828e-16,0.0,2.3182538441796384e-69,4.3762595676787837e-16,0.0,2.2863253523646594e-17,0.0
689,0.2560147567442498,3621303804778346.0,4458689096261142.0,4458689012908753.5,0.048249108317781474,2.4000434236415792e-17,1.659093532133914e-16,1.659093532133914e-16,9.273015376718553e-69,0.0,2.0432797947970403e-16,0.0,1.1319861105243482e-17,0.0
690,0.3363279875163335,2047749392212706.0,2304843360674207.5,2304843334063052.5,-0.13710485554065144,9.541186173853524e-18,0.0,0.0,2.3182538441796384e-69,9.273015376718553e-69,3.591419817731112e-16,0.0,3.9655545785906745e-17,0.0
691,0.05496033541051371,1777295571814057.2,1804199450104592.5,1804199430810484.8,-0.3454737576658824,1.7407259812496232e-18,0.0,0.0,2.3182538441796384e-69,0.0,5.768940842477873e-16,0.0,2.1309690682685653e-18,0.0
692,0.5355961502416795,1322962045610639.0,1843893369187745.0,1843893361441744.2,0.4828392772245609,1.1654110122580962e-17,1.659093532133914e-16,0.0,1.1591269220898192e-69,0.0,1.788411143011069e-16,0.0,2.928349638145163e-17,0.0
693,0.11755712680374858,2706828042642426.5,2588887808154885.0,2588887792855910.5,0.4818500410918333,2.1416754993639535e-17,0.0,1.659093532133914e-16,4.636507688359277e-69,4.636507688359277e-69,8.479878224323818e-17,0.0,4.250015580618338e-17,0.0
694,0.2772910811695948,1813595610660557.8,2380338096282570.5,2380338080551952.0,0.3697858811070029,3.457322244127275e-17,0.0,3.318187064267828e-16,0.0,4.636507688359277e-69,1.9050388676177268e-16,0.0,2.5813596361472594e-17,0.0
695,0.5560991559069396,2167207070938308.0,2852197458622930.5,2852197388858043.0,-0.9466924642405976,2.209168000007014e-17,0.0,4.977280596401743e-16,0.0,0.0,1.9093764168795367e-16,0.0,2.78891912870807e-17,0.0
696,0.16227556161934556,1426099747006404.2,1265234491039742.0,1265234489678687.8,0.8070018875689433,1.067651533712625e-17,3.318187064267828e-16,3.318187064267828e-16,1.1591269220898192e-69,1.1591269220898192e-69,2.0344267201056742e-16,0.0,3.9920037812439254e-17,0.0
697,0.5682765949670242,2966603015974440.0,2351189844811950.0,2351189830136860.0,0.3974057319139649,1.534385982275203e-17,3.318187064267828e-16,6.636374128535656e-16,9.273015376718553e-69,9.273015376718553e-69,4.515741868913911e-16,0.0,1.529282405345081e-17,0.0
698,0.09429684502721938,3191076104895458.0,2946416837115957.5,2946416834165375.0,0.9228494477404348,6.53738817805698e-18,1.659093532133914e-16,3.318187064267828e-16,1.8546030753437107e-68,1.8546030753437107e-68,5.086254919792806e-17,0.0,1.4958112540894988e-17,0.0
699,0.5927268213588818,4018895230768848.0,5738358129425798.0,5738357941003671.0,-0.29890154571245714,1.8966465385910303e-17,0.0,0.0,2.781904613015566e-68,1.1127618452062264e-67,2.059279396020755e-16,0.0,9.77783271048899e-18,0.0
700,0.22146494235787217,2159409859374535.0,1912491691667025.5,1912491669857521.8,-0.3535250308864112,2.786342174687024e-17,1.659093532133914e-16,1.659093532133914e-16,4.636507688359277e-69,2.3182538441796384e-69,5.942103520633441e-17,0.0,7.266824108620818e-18,0.0
701,0.07247369873609837,3543551451620515.5,3808177604625838.5,3808177480645313.0,-0.9406120055026242,3.746706391277205e-17,1.659093532133914e-16,3.318187064267828e-16,9.273015376718553e-69,1.8546030753437107e-68,1.9477177105064786e-16,0.0,4.181471736098244e-17,0.0
702,0.09499881627268582,2804389194294119.5,2846176706898928.0,2846176653316568.0,-0.5014737429664473,4.686532097139254e-17,1.659093532133914e-16,0.0,9.273015376718553e-69,0.0,4.649240781912416e-16,0.0,2.6778694447799315e-17,0.0
703,0.27609948635341097,3936049827579025.0,4784213477576888.0,4784213336675136.0,-0.39738128010897006,1.928910248133648e-17,3.318187064267828e-16,3.318187064267828e-16,9.273015376718553e-69,5.563809226031132e-68,3.9552014737441047e-16,0.0,3.439808252763096e-17,0.0
704,0.010964806032448938,3201477282627682.5,3183142615458490.5,3183142610390127.0,0.8864531343714124,4.546753643742549e-17,0.0,3.318187064267828e-16,0.0,9.273015376718553e-69,1.4949527202036123e-16,0.0,3.3669113158710454e-17,0.0
705,0.5255122237653898,2929912499489408.0,2350056099491714.0,2350056094156519.5,0.780712726677277,3.472419495956573e-17,1.659093532133914e-16,4.977280596401743e-16,0.0,4.636507688359277e-69,1.6385555968041347e-16,0.0,2.3277720834145623e-17,0.0
706,0.05232388489304116,4603023572471195.0,4762828170519989.0,4762827972707028.0,-0.9794500638245034,4.5779279637674635e-17,1.659093532133914e-16,0.0,3.7092061506874214e-68,5.563809226031132e-68,1.3426910283313939e-16,0.0,3.781341051701653e-17,0.0
707,0.3858333722143075,1760320543831334.5,1724622484802278.5,1724622479116768.5,0.5660886807608275,9.77740730383626e-18,0.0,1.659093532133914e-16,2.3182538441796384e-69,4.636507688359277e-69,9.779570653862634e-17,0.0,2.5028732480360516e-17,0.0
708,0.03882007284982875,1351954610014120.0,1370943510192261.8,1370943505970225.5,0.49007950749062557,4.350225466570256e-17,1.659093532133914e-16,1.659093532133914e-16,0.0,2.3182538441796384e-69,6.925848520276671e-16,0.0,4.4530333319793215e-17,0.0
709,0.16378054098001688,2297154295684172.5,1989362837236683.0,1989362817646061.8,-0.12367269770897653,6.0759564138421746e-18,0.0,1.659093532133914e-16,0.0,9.273015376718553e-69,1.1171593438009213e-16,0.0,3.914269826457827e-17,0.0
710,0.17206069271268482,4008763621549275.0,3579494419449590.0,3579494400551927.0,0.6652008520820362,4.5524478626645616e-17,1.659093532133914e-16,3.318187064267828e-16,3.7092061506874214e-68,9.273015376718553e-69,4.697726128721241e-16,0.0,8.678091765601364e-18,0.0
711,0.5757425726090383,2820373277022126.0,1807039473133163.0,1807039451251755.5,-0.5211064006961441,2.2585958492654934e-17,0.0,3.318187064267828e-16,0.0,4.636507688359277e-69,1.4671866683240167e-16,0.0,3.27782165146434e-17,0.0
712,0.5745978543817003,3202757780657613.5,5707396701767930.0,5707396483320410.0,-0.5222662961954578,2.0085101817204458e-17,3.318187064267828e-16,1.659093532133914e-16,0.0,0.0,2.5840318595023664e-16,0.0,2.696259060538622e-17,0.0
713,0.2642753878821886,3422980103107593.5,3055128700315664.0,3055128626100782.5,-0.8048935920160637,2.3657518841584784e-17,3.318187064267828e-16,6.636374128535656e-16,0.0,9.273015376718553e-69,7.00588374523999e-16,0.0,3.991437472052829e-17,0.0
714,0.02446974200186018,3577301686374262.5,3552162814028698.0,3552162775010786.5,0.298063354628643,2.8108581645377047e-18,0.0,1.659093532133914e-16,9.273015376718553e-69,0.0,5.50329705368579e-16,0.0,4.777327383606253e-17,0.0
715,0.033760079238546736,1479211107921655.2,1445538108268099.8,1445538094494208.8,-0.4962947913354297,4.4547818864501265e-17,3.318187064267828e-16,3.318187064267828e-16,0.0,2.3182538441796384e-69,3.899915081156703e-16,0.0,3.802301616772266e-17,0.0
716,0.26617000420704623,3601764601020486.0,2872858500736568.0,2872858462249835.5,-0.05852761375489274,8.397127621254487e-18,3.318187064267828e-16,4.977280596401743e-16,1.8546030753437107e-68,9.273015376718553e-69,9.012597066093199e-17,0.0,1.4420321704082388e-17,0.0
717,0.38555077048423325,3152759568447278.5,3586729765733326.0,3586729710806001.0,0.03080590753616882,3.5119914140648464e-17,0.0,0.0,0.0,0.0,3.0595439850547094e-16,0.0,2.602681268676964e-17,0.0
718,0.34820765329830333,1453988458681416.5,1237270655310760.8,1237270649663767.5,0.16264915415000628,3.0843047667182206e-17,1.659093532133914e-16,1.659093532133914e-16,2.3182538441796384e-69,1.1591269220898192e-69,2.0883743373311517e-16,0.0,3.2548918723494573e-17,0.0
719,0.5128543166695358,2064997603882445.2,2357596053876051.0,2357596019106435.0,-0.41997509182193565,2.4483453187439222e-17,1.659093532133914e-16,0.0,0.0,0.0,1.1115544217890173e-16,0.0,3.46342900632084e-17,0.0
720,0.5356438864156227,2099191760763735.0,3299330639834458.5,3299330634447177.0,0.8876591733635927,2.0444923103741505e-17,3.318187064267828e-16,4.977280596401743e-16,0.0,0.0,1.1271004909479915e-16,0.0,3.6995290747466225e-17,0.0
721,0.33201249536925975,4375934691089628.0,3116837551531459.5,3116837472219704.5,-0.8532279914339829,9.259069857575651e-18,1.659093532133914e-16,1.659093532133914e-16,1.8546030753437107e-68,9.273015376718553e-69,1.658744328620161e-16,0.0,2.0522778138369498e-17,0.0
722,0.3229266276682342,3297692037507365.5,3667118263555447.0,3667118153517069.5,-0.8574364954669188,3.176394133708343e-17,0.0,1.659093532133914e-16,1.8546030753437107e-68,9.273015376718553e-69,6.525464982797829e-18,0.0,2.6038688035699413e-17,0.0
723,0.5428427478294308,1941758410027890.8,1518325943320332.5,1518325939808557.8,0.6542069825612878,1.768080651774035e-17,3.318187064267828e-16,0.0,2.3182538441796384e-69,2.3182538441796384e-69,1.514118097632369e-16,0.0,3.216984096491269e-17,0.0
724,0.33208961892505245,3246425192437808.0,4500715122167792.5,4500715084174696.5,0.5742435350354319,5.2228020372041835e-18,4.977280596401743e-16,4.977280596401743e-16,0.0,3.7092061506874214e-68,3.004926217747347e-16,0.0,1.2320309115647271e-17,0.0
725,0.5230705957228353,4726602455775794.0,6938100322607465.0,6938100197257264.0,0.4088965347052117,2.741574740527299e-17,3.318187064267828e-16,1.659093532133914e-16,1.8546030753437107e-68,0.0,4.999817347609411e-16,0.0,1.0929089289811785e-17,0.0
726,0.04560552758387106,2616852483799103.5,2637815462835344.0,2637815418797854.0,-0.4366578751099595,1.6504002537440268e-18,3.318187064267828e-16,3.318187064267828e-16,0.0,0.0,2.0097900553510313e-16,0.0,6.8225368512179515e-18,0.0
727,0.5137045565669166,3432081761139366.0,5834972540525748.0,5834972421283491.0,0.20499075667642871,7.044752769788704e-18,0.0,3.318187064267828e-16,0.0,1.8546030753437107e-68,7.477349213044546e-17,0.0,2.017902688101003e-17,0.0
728,0.27755427698778745,1816144240483741.2,2253350776623015.0,2253350749647450.0,-0.20595907462640464,4.283639479328556e-17,1.659093532133914e-16,1.659093532133914e-16,2.3182538441796384e-69,0.0,1.895794259960218e-16,0.0,4.088734349703144e-17,0.0
729,0.2687085952043999,4890999950666622.0,6327379206202077.0,6327379203430528.0,0.9842857256008275,1.7256855353946424e-17,0.0,3.318187064267828e-16,1.8546030753437107e-68,1.8546030753437107e-68,2.2998503149951397e-16,0.0,2.795617008292759e-17,0.0
730,0.10623024414839399,3657144036224035.0,3734347673856079.0,3734347618467705.0,0.09841071456333733,2.3064198807738823e-17,0.0,0.0,1.8546030753437107e-68,0.0,3.09075150121864e-16,0.0,2.4956274973505452e-17,0.0
731,0.18775385964764982,3218406473079733.5,3176419952508163.0,3176419938204132.0,0.6781879940201482,5.1600347353182954e-18,0.0,0.0,0.0,9.273015376718553e-69,1.5947565399471032e-16,0.0,3.641672164033208e-18,0.0
732,0.24955706020922475,2919090419971287.0,3528348077363009.0,3528348002776566.0,-0.3599930064190647,4.135410912717409e-17,1.659093532133914e-16,0.0,4.636507688359277e-69,1.8546030753437107e-68,2.0804235203620813e-16,0.0,1.2033576997190873e-17,0.0
733,0.5641130798755468,4877936381680008.0,3427701840277947.0,3427701823751407.0,0.6807025358730245,1.435316198967657e-17,1.659093532133914e-16,0.0,1.8546030753437107e-68,9.273015376718553e-69,1.4880384415258037e-16,0.0,2.2654005760486015e-17,0.0
734,0.1515638866244208,4319283434388344.5,4056564404714241.5,4056564311412650.0,-0.2870396513075286,8.196161487180529e-18,1.659093532133914e-16,0.0,1.8546030753437107e-68,4.636507688359277e-68,4.540461620948476e-16,0.0,2.3157459580687045e-17,0.0
735,0.20739110228452506,3304989735858352.5,3543599181163353.5,3543599092681639.0,-0.5994989824394439,2.887386892627016e-17,4.977280596401743e-16,4.977280596401743e-16,9.273015376718553e-69,9.273015376718553e-69,2.225219542786122e-16,0.0,2.6925947802490964e-17,0.0
736,0.5706582228870151,1752771867130519.2,1776599191044955.0,1776599172769686.5,-0.3143301351734381,1.7198837243209037e-17,3.318187064267828e-16,3.318187064267828e-16,4.636507688359277e-69,2.3182538441796384e-69,1.8807101454329466e-16,0.0,2.851444804645732e-17,0.0
737,0.5627682265052449,1741196226100057.5,2548510981074953.0,2548510975865655.5,0.8179353028109497,2.6532051809199063e-17,3.318187064267828e-16,3.318187064267828e-16,0.0,0.0,1.5567421732423235e-16,0.0,2.911494042859106e-17,0.0
738,0.31342634505669154,3728334261012168.0,3639899341127074.0,3639899331484609.0,0.8347928100268632,8.229008186719889e-18,3.318187064267828e-16,6.636374128535656e-16,0.0,9.273015376718553e-69,6.156522073630045e-17,0.0,4.353641014478273e-17,0.0
739,0.39118802875381364,4502759728731950.0,4046159132552912.5,4046159060806467.5,0.005203862105590608,3.3500966912572595e-17,1.659093532133914e-16,0.0,0.0,4.636507688359277e-69,1.1398731179017213e-16,0.0,1.3787276489929928e-17,0.0
740,0.4872262509631047,3372504208946240.5,3226523041637334.0,3226522968074240.0,-0.6040210732365059,2.7743956498777438e-17,0.0,1.659093532133914e-16,0.0,1.8546030753437107e-68,1.1788496251008171e-16,0.0,2.4400675529767677e-17,0.0
741,0.452583135299162,3745890370021900.0,4700481271260036.0,4700481146665533.0,-0.28007040075120027,1.8523123219984783e-17,1.659093532133914e-16,1.659093532133914e-16,0.0,3.7092061506874214e-68,1.6499250761358674e-16,0.0,2.4423637959127905e-17,0.0
742,0.08442484037937034,2568208957299638.0,2550159113324091.5,2550159076666944.0,-0.27951012631247074,8.983112057990066e-18,0.0,1.659093532133914e-16,9.273015376718553e-69,0.0,2.7182587376809965e-16,0.0,1.9786586516609627e-17,0.0
743,0.14569709205957201,2319398663696118.0,2161459945428436.5,2161459931880442.2,0.34173579908385443,2.294883068606504e-17,0.0,3.318187064267828e-16,4.636507688359277e-69,1.390952306507783e-68,1.0200920183253033e-16,0.0,3.5654397078850386e-17,0.0
744,0.4495408509166105,3823145986193256.0,2675270547836896.5,2675270488018354.5,-0.8972302193863483,3.719294400904864e-17,0.0,0.0,9.273015376718553e-69,1.1591269220898192e-68,4.692538379277199e-16,0.0,2.215978052738545e-17,0.0
745,0.5293746792126819,2464007207890797.5,4272151800622375.0,4272151713760253.5,-0.08033066077182413,1.7990523021789068e-17,0.0,3.318187064267828e-16,4.636507688359277e-69,1.8546030753437107e-68,3.516541450656171e-16,0.0,3.647230648386729e-17,0.0
746,0.5234645912769452,3186968023359429.5,5289583585502950.0,5289583489103312.0,0.217918417196731,2.81480698030272e-17,0.0,0.0,9.273015376718553e-69,5.563809226031132e-68,2.1606968134807527e-16,0.0,3.571689968489445e-17,0.0
747,0.2320534820451382,3601277483675268.5,4364968128882189.5,4364967996284265.0,-0.5797712261733619,3.9655599126708006e-17,0.0,0.0,9.273015376718553e-69,0.0,1.5612387509628265e-16,0.0,4.112984951765729e-17,0.0
748,0.07577104383244705,4459886334757437.5,4800428884504193.0,4800428729311457.0,-0.5287305344918591,1.1488393307105835e-17,4.977280596401743e-16,4.977280596401743e-16,0.0,5.563809226031132e-68,2.0746898153344813e-16,0.0,3.804634566971172e-18,0.0
749,0.5086457475570824,3806065630801628.5,2220825115972216.0,2220825102031193.8,0.35836875009060143,2.8013509723652966e-17,1.659093532133914e-16,3.318187064267828e-16,9.273015376718553e-69,0.0,1.348525030576254e-16,0.0,3.4955996930822e-17,0.0
750,0.14529500934290254,4747896299574101.0,4693279891954876.0,4693279826550426.0,0.3259780939055338,4.4577050616538144e-17,1.659093532133914e-16,3.318187064267828e-16,1.8546030753437107e-68,1.8546030753437107e-68,3.987638231605866e-16,0.0,1.570591212405512e-17,0.0
751,0.4977468741442715,4888049006254570.0,7648507669485790.0,7648507235709966.0,-0.6831839081451729,3.585781616481328e-17,1.659093532133914e-16,0.0,0.0,1.4836824602749686e-67,2.988424188356274e-16,0.0,7.465275546632114e-18,0.0
752,0.13063868474551174,1700825226456512.5,1542211055899966.0,1542211055684891.0,0.9794731646224699,1.440055121994594e-17,4.977280596401743e-16,6.636374128535656e-16,2.3182538441796384e-69,6.954761532538915e-69,7.544241894043937e-17,0.0,2.1738796218328246e-17,0.0
753,0.2916333805516322,3353058930502876.5,3690165304824956.0,3690165228360405.5,-0.2746416967687743,8.289156689273036e-18,1.659093532133914e-16,1.659093532133914e-16,9.273015376718553e-69,9.273015376718553e-69,1.9362172719730388e-16,0.0,1.951939770164813e-17,0.0
754,0.5518402981384519,1939872870339733.8,1240658532495503.2,1240658524427393.0,-0.18983545230692067,1.8840647592438116e-17,1.659093532133914e-16,0.0,2.3182538441796384e-69,0.0,1.322915240897492e-16,0.0,1.5400019825303062e-17,0.0
755,0.20008625684486214,2553143745532504.0,2484816422232510.5,2484816381650599.0,-0.4919817261877551,1.881570912907538e-17,1.659093532133914e-16,1.659093532133914e-16,4.636507688359277e-69,0.0,2.2475793045296394e-17,0.0,3.4459845782213865e-17,0.0
756,0.30584180694756147,4554222450582840.0,6246081094421416.0,6246080846181859.0,-0.4443597694449754,3.4793145320309866e-17,0.0,1.659093532133914e-16,0.0,0.0,4.508850575472459e-16,0.0,6.547606699287298e-18,0.0
757,0.16097690713959031,2983235528393189.0,2720587947901100.5,2720587927104875.5,0.36220870435217867,1.55563305226013e-17,0.0,0.0,9.273015376718553e-69,1.390952306507783e-68,7.655619455542894e-16,0.0,3.500903333849875e-18,0.0
758,0.12979836496501002,4706315956052077.0,4321538048757903.0,4321538029462815.5,0.7654747065142782,1.9290565236875484e-17,0.0,3.318187064267828e-16,0.0,0.0,3.8190693895001666e-16,0.0,3.188294969080999e-17,0.0
759,0.416677063547371,4755943449125499.0,3995429126870952.5,3995429026932418.0,-0.421103595791008,2.95341038906645e-17,3.318187064267828e-16,3.318187064267828e-16,0.0,4.636507688359277e-69,5.586836990087752e-16,0.0,1.5827221357118798e-17,0.0
760,0.033806699290439536,3845439502353996.5,3841050982502802.5,3841050981173777.0,0.9795519080051776,8.898294080410707e-18,3.318187064267828e-16,3.318187064267828e-16,1.8546030753437107e-68,9.273015376718553e-69,4.2207468165920086e-16,0.0,3.800903676497191e-17,0.0
761,0.4536312834592544,2319588039588662.5,1683007259376315.5,1683007236713176.8,-0.8162168574266214,2.678173494566128e-17,3.318187064267828e-16,1.659093532133914e-16,4.636507688359277e-69,0.0,2.52287713235023e-16,0.0,5.750149936096671e-18,0.0
762,0.28039298876743757,4335847804681297.5,4680573350296093.0,4680573286864720.0,0.3427575179946463,3.9761310515353557e-17,0.0,0.0,1.8546030753437107e-68,5.563809226031132e-68,3.705734436920769e-16,0.0,4.0304631398069285e-17,0.0
763,0.23587373937414666,1382071301529842.2,1123729058070193.5,1123729047115210.8,-0.9692828304256235,4.365525038750942e-17,0.0,3.318187064267828e-16,3.4773807662694575e-69,5.795634610449096e-70,1.5113595044475126e-16,0.0,2.9762632139304946e-17,0.0
764,0.04602057005293518,4327071930015071.5,4161764333268198.5,4161764310601836.0,0.7029384258608423,4.3827033488436767e-17,1.659093532133914e-16,0.0,0.0,1.8546030753437107e-68,1.8375822665621167e-16,0.0,4.1389375050542837e-17,0.0
765,0.37019325021495214,3648468333818838.0,4468886926962925.5,4468886864875693.5,0.29429501591690554,2.728446998341386e-17,0.0,1.659093532133914e-16,9.273015376718553e-69,0.0,3.0335501575930635e-16,0.0,3.75952227711118e-17,0.0
766,0.22247498297029247,1421222225998556.0,1601379921596428.8,1601379907301285.8,-0.2653753295648223,4.127895044995432e-17,0.0,1.659093532133914e-16,2.3182538441796384e-69,0.0,5.233388088516016e-16,0.0,3.647646459226313e-17,0.0
767,0.3944122058396233,2134862706077369.2,1647246062708560.2,1647246057773355.8,0.5871352256973325,2.915614947888081e-17,0.0,1.659093532133914e-16,4.636507688359277e-69,9.273015376718553e-69,1.7000055391370165e-16,0.0,1.3042345555190503e-17,0.0
768,0.05563485288055806,3628478761124297.5,3762751029427783.0,3762750911372517.0,-0.8927533669937382,3.2515852414094167e-17,1.659093532133914e-16,1.659093532133914e-16,9.273015376718553e-69,1.8546030753437107e-68,1.8978104885737191e-16,0.0,3.363503306352571e-17,0.0
769,0.11151835301536896,2331193907771406.5,2440142934988767.0,2440142903631980.5,-0.1954203217262201,2.041074411609517e-17,0.0,1.659093532133914e-16,0.0,4.636507688359277e-69,3.2801032722352054e-16,0.0,4.7257355140112086e-17,0.0
770,0.5508447135273076,1440920916063637.2,2006016936927428.0,2006016912296447.2,-0.3894154798624836,2.6525337124092915e-17,3.318187064267828e-16,3.318187064267828e-16,1.1591269220898192e-69,9.273015376718553e-69,5.806219774031784e-16,0.0,3.074735089530599e-17,0.0
771,0.3296519158077046,4816787105449849.0,4038548205631632.5,4038548139900933.5,0.08517645878883658,9.208722980796924e-18,1.659093532133914e-16,0.0,0.0,0.0,2.0217575968338721e-16,0.0,3.6739938643375334e-17,0.0
772,0.23375657158813473,3487051237056038.0,2787590893475326.0,2787590890472734.5,0.9122882551847872,5.840546127031924e-18,3.318187064267828e-16,4.977280596401743e-16,9.273015376718553e-69,9.273015376718553e-69,2.7140410659962575e-16,0.0,3.046362651842108e-17,0.0
773,0.30568677673572464,1749052753625570.2,1347640491179664.0,1347640480394303.0,-0.3480506246243201,2.809213611753457e-17,1.659093532133914e-16,1.659093532133914e-16,0.0,0.0,1.6072854145848585e-16,0.0,3.494291206136871e-17,0.0
774,0.45435899451080747,1302024863454056.8,1655084221411237.8,1655084213736215.2,0.36399712384760563,2.700216179693872e-17,1.659093532133914e-16,3.318187064267828e-16,1.1591269220898192e-69,0.0,9.854986097454627e-17,0.0,3.2935102354438387e-17,0.0
775,0.15673811847656374,2147216615040826.2,2314019443466737.0,2314019442513152.0,0.9595754583156955,1.5162589226421258e-17,1.659093532133914e-16,3.318187064267828e-16,0.0,0.0,4.140187913510734e-16,0.0,1.3907449522185277e-17,0.0
776,0.31836077209158764,2271920577805268.5,2068997809910769.8,2068997799273498.8,0.43593419603052264,4.0434236309831334e-17,3.318187064267828e-16,4.977280596401743e-16,0.0,4.636507688359277e-69,2.3286628194198613e-16,0.0,3.863926130698915e-17,0.0
777,0.2830546023892186,4438724689800216.5,4138822580756675.5,4138822453835045.5,-0.6819057333733813,1.883615934797272e-17,3.318187064267828e-16,0.0,1.8546030753437107e-68,0.0,5.1192355329800015e-16,0.0,1.3032278168667852e-17,0.0
778,0.5409524796177744,3203179068543418.0,1938294680500402.2,1938294648657818.8,-0.9239257603872545,9.537333296515956e-18,1.659093532133914e-16,3.318187064267828e-16,9.273015376718553e-69,9.273015376718553e-69,3.9249099057460704e-16,0.0,1.4407755706128653e-17,0.0
779,0.12167389411999205,4456150867897555.5,4093933573889139.0,4093933557745932.0,0.7813608890203106,3.77672419926272e-17,3.318187064267828e-16,4.977280596401743e-16,1.8546030753437107e-68,0.0,1.2418578294512852e-16,0.0,2.9153311059999743e-17,0.0
780,0.24561967860077752,2057085087766659.5,2498412785697082.5,2498412772532304.5,0.521254434223527,3.35575571155402e-17,3.318187064267828e-16,6.636374128535656e-16,2.3182538441796384e-69,9.273015376718553e-69,3.3735408459633914e-16,0.0,4.127589764907855e-17,0.0
781,0.10726944369963494,1516168577814581.2,1374730083075468.8,1374730070636246.0,-0.494094241825331,1.8494825514940302e-17,0.0,0.0,2.3182538441796384e-69,1.1591269220898192e-69,2.2713720507713624e-16,0.0,1.4302406974226173e-17,0.0
782,0.1508414875685232,4107193360722686.0,4619344037116766.0,4619344006915052.0,0.6787148983377798,4.530511185485265e-17,1.659093532133914e-16,1.659093532133914e-16,9.273015376718553e-69,3.7092061506874214e-68,1.1178618554489084e-16,0.0,3.20350037422334e-17,0.0
783,0.24780904496118514,2116662026303046.2,2701984193869791.0,2701984185895187.0,0.7520505600216335,2.567449723926945e-17,3.318187064267828e-16,4.977280596401743e-16,0.0,4.636507688359277e-69,1.897740442662714e-16,0.0,7.630644320050445e-18,0.0
784,0.40117086423219317,1981492318171533.5,1698449191493562.8,1698449176488196.8,-0.18075853178147416,4.041947999780486e-17,1.659093532133914e-16,0.0,6.954761532538915e-69,1.1591269220898192e-69,1.8543419647231562e-16,0.0,1.118041101483636e-17,0.0
785,0.5270501756958321,1447679748330037.2,1927360021187364.5,1927360014292354.5,0.5786637563456815,9.299567121759967e-18,3.318187064267828e-16,0.0,0.0,0.0,3.6329333917442366e-16,0.0,2.813484879453388e-17,0.0
786,0.0019965380203436304,3975429570030094.5,3969830623185946.5,3969830595292024.0,0.5982228405743212,9.294223066835164e-18,1.659093532133914e-16,0.0,0.0,0.0,2.8869297985851147e-17,0.0,1.7870652666646568e-17,0.0
787,0.10217169593360707,3975729287130517.5,4295041388385194.5,4295041369714014.0,0.7702493859644631,2.2183997504551356e-18,1.659093532133914e-16,1.659093532133914e-16,1.8546030753437107e-68,0.0,4.041397027475058e-16,0.0,3.434070473517532e-17,0.0
788,0.1873889608297509,2633046252475667.5,2472399771238297.5,2472399747668885.0,0.12475228334577591,4.5021536238526736e-17,3.318187064267828e-16,6.636374128535656e-16,0.0,4.636507688359277e-69,1.3256615662954172e-16,0.0,1.2460367618309727e-17,0.0
789,0.19564264780380136,1384548933035990.0,1530473825925517.8,1530473819769854.5,0.40345576541658884,3.274214621880461e-17,4.977280596401743e-16,1.659093532133914e-16,1.1591269220898192e-69,0.0,9.267593670195293e-17,0.0,1.4447378430210925e-17,0.0
790,0.012807620534048847,1859995360876191.2,1862585903246208.5,1862585892831145.2,0.3185266005424129,6.179982674027536e-18,0.0,0.0,0.0,0.0,1.379727842099075e-16,0.0,3.23445038297054e-17,0.0
791,0.16029587099352885,3494831178285236.0,3724928610840734.5,3724928490824794.0,-0.9634626905502123,2.3958262723863987e-17,1.659093532133914e-16,3.318187064267828e-16,0.0,2.781904613015566e-68,1.8576721689797285e-16,0.0,3.3053625376456506e-17,0.0
792,0.06886999740286537,1823593752625820.5,1771249138586470.2,1771249114187084.2,-0.7653841153805133,3.8686751608523445e-17,0.0,3.318187064267828e-16,2.3182538441796384e-69,6.954761532538915e-69,3.6631683810015717e-16,0.0,3.3458241638958816e-17,0.0
793,0.22972644991880198,4363187163030468.0,5500586536319426.0,5500586349501033.0,-0.4015908675014652,3.156870912555751e-17,1.659093532133914e-16,4.977280596401743e-16,0.0,3.7092061506874214e-68,1.176336145889086e-16,0.0,3.5997742761058145e-17,0.0
794,0.29429567207823604,1978381951120229.2,1966803008005932.5,1966802993704800.5,0.16079452060705315,3.60845228045885e-17,0.0,0.0,0.0,4.636507688359277e-69,1.3052468803177714e-16,0.0,2.4058861088181657e-17,0.0
795,0.23867408316598224,4353331884325095.0,4030090581507706.0,4030090463589621.5,-0.6480501756241179,2.5021437613724614e-17,3.318187064267828e-16,1.659093532133914e-16,0.0,9.273015376718553e-69,1.4946023756751486e-16,0.0,3.4287963966843374e-18,0.0
796,0.3612132295014566,3364594158234499.0,3078144114530328.0,3078144043158473.5,-0.7098921118399744,3.572519672136704e-17,3.318187064267828e-16,3.318187064267828e-16,9.273015376718553e-69,4.636507688359277e-68,3.2360025503339966e-16,0.0,5.896926669414589e-18,0.0
797,0.5460386130892714,1650953755173572.5,2793906750248547.5,2793906697472629.5,-0.5347286622110516,3.168692334660585e-17,3.318187064267828e-16,6.636374128535656e-16,0.0,2.781904613015566e-68,5.604566891879951e-16,0.0,1.835257627835679e-17,0.0
798,0.17739734578501218,2110077384393253.0,2291447120514772.0,2291447110652899.5,0.5736568226556878,3.9036739852224175e-17,3.318187064267828e-16,3.318187064267828e-16,4.636507688359277e-69,4.636507688359277e-69,4.925256246173273e-16,0.0,1.995490900259149e-17,0.0
799,0.5752298447123146,1786557258692654.0,1782549192099596.0,1782549167027830.0,-0.7911068637012509,1.8861667277715922e-17,0.0,0.0,2.3182538441796384e-69,0.0,1.44539272794777e-16,0.0,2.3873180300585847e-17,0.0
800,0.032265758111880684,3513438880225265.5,3598602209268237.0,3598602120521976.5,-0.5556145731768988,4.2565268003301284e-17,1.659093532133914e-16,3.318187064267828e-16,9.273015376718553e-69,0.0,1.728490113191473e-16,0.0,1.4007785123941225e-17,0.0
801,0.173655051475973,2601056810925312.0,2450959864736387.5,2450959840895566.0,0.09911690889928908,3.665724250584405e-17,1.659093532133914e-16,3.318187064267828e-16,0.0,4.636507688359277e-69,3.850159025458054e-16,0.0,1.9034483431683138e-17,0.0
802,0.43505993569334006,3751191816215701.0,5728812663727059.0,5728812486877006.0,-0.2231946740165241,1.343952343796803e-17,3.318187064267828e-16,1.659093532133914e-16,1.8546030753437107e-68,7.418412301374843e-68,1.5675293047632437e-16,0.0,2.44756213453408e-17,0.0
803,0.4356934087160973,1270441986182678.2,1129112510770373.5,1129112502835048.0,-0.4128951175750815,1.6090816996039817e-17,1.659093532133914e-16,1.659093532133914e-16,2.3182538441796384e-69,1.7386903831347288e-69,1.0099978643208146e-16,0.0,2.1761678210472094e-17,0.0
804,0.5365144237272947,4636786374682311.0,8339140714900403.0,8339140657497673.0,0.8126258982534984,2.1910214645295593e-17,3.318187064267828e-16,3.318187064267828e-16,3.7092061506874214e-68,9.273015376718553e-68,6.435414836331511e-16,0.0,1.5025688150965493e-17,0.0
805,0.3531229753126393,2081533566672753.8,2240910734883648.5,2240910707678722.5,-0.22975345858911206,2.48914417367911e-17,0.0,3.318187064267828e-16,4.636507688359277e-69,4.636507688359277e-69,1.1219404813833633e-16,0.0,3.457494446078223e-17,0.0
806,0.5537862170740334,1262551464649654.5,1955678344413308.5,1955678327344246.0,-0.013058289281298676,1.836212865205919e-17,3.318187064267828e-16,4.977280596401743e-16,1.1591269220898192e-69,2.3182538441796384e-69,3.754849453963075e-16,0.0,2.3418826441530965e-17,0.0
807,0.36924397526227587,1968847524055510.0,2173308842631307.5,2173308825076110.2,0.15631088712081123,1.3870335053627323e-17,1.659093532133914e-16,1.659093532133914e-16,2.3182538441796384e-69,4.636507688359277e-69,4.4009418583189736e-16,0.0,1.0670869561533452e-17,0.0
808,0.3030025243006842,4093255293104070.5,4052228176593380.5,4052228165745486.0,0.8500393509718241,1.245168284226167e-17,1.659093532133914e-16,1.659093532133914e-16,1.8546030753437107e-68,3.7092061506874214e-68,4.1308921384063797e-16,0.0,8.82860934406314e-18,0.0
809,0.22483420917116345,2286230796894216.5,2359577711001240.0,2359577709868036.5,0.953798193261227,7.418584319023536e-18,1.659093532133914e-16,1.659093532133914e-16,4.636507688359277e-69,4.636507688359277e-69,1.0348911699400306e-16,0.0,7.083313102841337e-18,0.0
810,0.07595374430829079,2000159933287628.8,1878078395930425.2,1878078371021856.2,-0.6030274740844045,8.389644730313743e-18,0.0,1.659093532133914e-16,2.3182538441796384e-69,0.0,3.442760520364616e-16,0.0,4.4417524043095203e-17,0.0
811,0.5361367200992214,4681227021942780.0,4717740336076295.0,4717740283036974.0,0.4590594854196123,1.711313267779137e-17,1.659093532133914e-16,0.0,0.0,9.273015376718553e-69,5.316489810629701e-16,0.0,2.3318370179160832e-17,0.0
812,0.4654820611932372,4374227294186155.5,4137210470869100.0,4137210360241356.5,-0.46712951008509745,1.5297645832070766e-17,3.318187064267828e-16,3.318187064267828e-16,1.8546030753437107e-68,7.418412301374843e-68,1.0817910936157646e-16,0.0,2.0758441621809118e-17,0.0
813,0.26117031811049424,1872424227168076.8,1672233983848963.8,1672233975723819.2,0.3404364967254521,1.0374849143476803e-17,1.659093532133914e-16,3.318187064267828e-16,0.0,2.3182538441796384e-69,2.45174911141888e-16,0.0,4.481175088926024e-17,0.0
814,0.4260790803820443,3776637460978081.0,4454268181458700.5,4454268167840346.0,0.844191360155352,1.652675604061529e-17,0.0,1.659093532133914e-16,9.273015376718553e-69,0.0,2.1913747954364205e-16,0.0,3.9179867310733776e-17,0.0
815,0.0347257942554145,4831051827560587.0,4917465863703822.0,4917465744288573.0,-0.12097701242811164,1.268471114728599e-17,0.0,1.659093532133914e-16,3.7092061506874214e-68,1.8546030753437107e-68,1.3762766508493967e-16,0.0,2.481547682535072e-17,0.0
816,0.2727042725725077,1368377316372738.2,1108052256818655.4,1108052249043724.5,-0.4374596584208872,1.1639317177974767e-17,1.659093532133914e-16,1.659093532133914e-16,1.1591269220898192e-69,0.0,2.1485678801271725e-16,0.0,2.1310381721830804e-17,0.0
817,0.2732053529684192,3246704687621701.0,3885053512067351.5,3885053474539527.0,0.4356104007257062,1.8858948893239022e-17,1.659093532133914e-16,0.0,0.0,9.273015376718553e-69,2.6687932272678468e-16,0.0,7.66665473706326e-18,0.0
818,0.3794365039019307,2801274271870243.5,1908914556793018.8,1908914540313232.5,-0.02659278773873474,2.9068934135614616e-17,1.659093532133914e-16,1.659093532133914e-16,0.0,6.954761532538915e-69,3.9296925016844186e-16,0.0,1.1752513394097738e-17,0.0
819,0.17904120186737602,1674401349104954.5,1641442700327502.5,1641442690746397.2,0.19279512531456217,3.7021174846421206e-17,1.659093532133914e-16,1.659093532133914e-16,0.0,9.273015376718553e-69,3.6911332263669815e-16,0.0,3.673232271978236e-17,0.0
820,0.1435363190056639,4733681106370280.0,4838588308765685.0,4838588245526974.0,0.3868520422222001,1.3737396391930552e-17,1.659093532133914e-16,1.659093532133914e-16,1.8546030753437107e-68,1.8546030753437107e-68,1.1110431776197236e-16,0.0,1.808141103383865e-17,0.0
821,0.2318777195347805,3532077519590945.5,4422798035946357.5,4422797955680640.5,0.06855868332600204,6.978053374440999e-18,1.659093532133914e-16,3.318187064267828e-16,2.781904613015566e-68,3.7092061506874214e-68,4.4195283553024873e-16,0.0,1.3806994091087381e-17,0.0
822,0.13260625505603538,1298798225759259.0,1420123727568230.8,1420123720492745.8,0.20361428203948428,3.510064320929664e-17,3.318187064267828e-16,4.977280596401743e-16,1.1591269220898192e-69,3.4773807662694575e-69,1.5930165246896446e-16,0.0,1.1468392035624167e-17,0.0
823,0.07344396301873807,2588344768293694.0,2675402343910206.5,2675402334495274.5,0.7014214533535253,6.594166882019159e-18,0.0,3.318187064267828e-16,4.636507688359277e-69,0.0,2.97443456955052e-16,0.0,4.733333822080515e-17,0.0
824,0.45859211444069653,1833591460134343.2,1776518199957555.8,1776518197732768.8,0.8399820297075591,2.8379788488273534e-17,0.0,1.659093532133914e-16,2.3182538441796384e-69,4.636507688359277e-69,3.129591934032952e-17,0.0,4.220315611182619e-18,0.0
825,0.5601025708126819,1304219715914386.8,2080984383120100.5,2080984356767940.8,-0.3813323747886465,3.393237297996756e-17,3.318187064267828e-16,3.318187064267828e-16,1.1591269220898192e-69,4.636507688359277e-69,4.0325445429819925e-16,0.0,2.8799045632500514e-17,0.0
826,0.09767878766332957,4282855019690612.5,4278612477309461.5,4278612450180386.0,0.6636056413933595,1.3334180202496322e-17,1.659093532133914e-16,1.659093532133914e-16,3.7092061506874214e-68,3.7092061506874214e-68,1.6078227306501759e-16,0.0,1.3951893735820994e-18,0.0
827,0.32753920370534206,3160675887707827.0,3107723440372901.0,3107723404661452.0,0.16065140145826196,1.4960553026903704e-17,3.318187064267828e-16,4.977280596401743e-16,0.0,1.390952306507783e-68,0.0,0.0,3.9687592871135833e-17,0.0
828,0.4710696175615203,1740561301458227.0,2458097817582202.0,2458097795940938.0,0.18697497606215316,1.0991666882868084e-17,1.659093532133914e-16,0.0,0.0,9.273015376718553e-69,1.9010642405042498e-16,0.0,2.7510560081735305e-17,0.0
829,0.4937498688738191,4621582665773654.0,6945571797481666.0,6945571679946887.0,0.44694285066306133,1.3231631350321935e-17,0.0,1.659093532133914e-16,1.8546030753437107e-68,7.418412301374843e-68,2.8960030546051275e-16,0.0,1.0514939571466962e-17,0.0
830,0.19605560065379346,1772369179870794.2,1582501305678992.8,1582501287088315.0,-0.6851039217323764,4.4724880654190003e-17,3.318187064267828e-16,0.0,0.0,2.3182538441796384e-69,3.8987025589117243e-16,0.0,2.8909597194410196e-17,0.0
831,0.45870843636038755,3482814798273949.5,3236532395165410.5,3236532345453679.0,-0.07725520298569498,1.3350789283421819e-17,0.0,0.0,1.8546030753437107e-68,1.8546030753437107e-68,5.829913012310017e-16,0.0,5.879374850487203e-18,0.0
832,0.2478710566807959,4037563166562515.0,4431590693399371.5,4431590687781334.0,0.9350640806524682,1.4248767730186972e-17,1.659093532133914e-16,0.0,0.0,3.7092061506874214e-68,1.711413536294343e-16,0.0,3.479666960097003e-17,0.0
833,0.5005029459513892,2774362476221855.0,2499433595338620.0,2499433553307379.5,-0.5272446868174123,1.644667159105414e-17,1.659093532133914e-16,1.659093532133914e-16,4.636507688359277e-69,0.0,2.674916025823678e-16,0.0,2.1261466776584355e-17,0.0
834,0.41777486695521093,2088162745912517.2,1364122927046944.5,1364122922811551.8,0.483338287397007,2.5178158097676387e-17,3.318187064267828e-16,4.977280596401743e-16,4.636507688359277e-69,6.954761532538915e-69,7.560906851750251e-16,0.0,1.0301267365796757e-17,0.0
835,0.32447902026661407,3343511411737302.5,2579541660702764.0,2579541617819086.5,-0.4629401102830589,2.765577127799655e-18,4.977280596401743e-16,3.318187064267828e-16,0.0,9.273015376718553e-69,2.0879415616359318e-16,0.0,5.789500989236422e-18,0.0
836,0.006871332694173593,3528164666669884.0,3530668594898050.0,3530668579425719.0,0.7182516105578404,4.604156916678449e-17,0.0,0.0,0.0,2.781904613015566e-68,1.4638074544372042e-16,0.0,4.3376339133730406e-17,0.0
837,0.5849345114133685,3399391798785964.0,3665884134798937.0,3665884113153739.0,0.6343852386791734,2.0015048329645067e-17,3.318187064267828e-16,3.318187064267828e-16,0.0,9.273015376718553e-69,9.54913555051482e-17,0.0,2.6507683149368865e-17,0.0
838,0.006999780594915994,2764711249272159.5,2762957288190953.5,2762957243519300.5,-0.32832180106487646,3.889927473102365e-17,1.659093532133914e-16,3.318187064267828e-16,4.636507688359277e-69,9.273015376718553e-69,1.3127151801418739e-16,0.0,6.490194462752137e-18,0.0
839,0.4546520508486439,1886746070644522.2,2663381656026153.5,2663381621241903.5,-0.11310327049179172,1.1432034813451802e-17,0.0,3.318187064267828e-16,4.636507688359277e-69,0.0,3.5065227583509937e-16,0.0,2.33656535969283e-17,0.0
840,0.551884846292279,1457151240091934.5,1783441632204233.8,1783441619346596.0,0.08237970151534864,7.164150975544213e-18,0.0,3.318187064267828e-16,3.4773807662694575e-69,0.0,5.020099716263942e-16,0.0,3.709409905986096e-17,0.0
841,0.34668808246726723,4737982723231527.0,3723380194066074.5,3723380140026342.5,0.11517366153736035,1.7210508210710546e-17,3.318187064267828e-16,6.636374128535656e-16,1.8546030753437107e-68,1.8546030753437107e-68,5.109834330178026e-16,0.0,4.253545233663317e-17,0.0
842,0.4876629753053563,1769290329573396.0,2128008804265039.2,2128008781576221.0,-0.1373251902951829,3.3487296253286274e-17,3.318187064267828e-16,4.977280596401743e-16,4.636507688359277e-69,0.0,1.4862806884634337e-16,0.0,2.0118301201053993e-17,0.0
843,0.2770436394160497,3552909703312274.5,3038245721693834.0,3038245711363173.0,0.7459600962099311,3.1185256416343486e-18,0.0,0.0,9.273015376718553e-69,9.273015376718553e-69,6.867605414354609e-16,0.0,1.451110663985498e-17,0.0
844,0.3675547560902047,3905568517426787.0,4905121936667590.0,4905121892909912.0,0.5871671295721027,7.58311098550162e-18,1.659093532133914e-16,0.0,1.8546030753437107e-68,1.8546030753437107e-68,3.1785493353504485e-16,0.0,3.6211287653971995e-17,0.0
845,0.37153180841057126,1359632301614477.8,957696803496190.9,957696795848466.8,-0.8927609073175657,2.30542517906731e-17,0.0,3.318187064267828e-16,2.3182538441796384e-69,0.0,4.4177362543865105e-16,0.0,2.972878625860567e-17,0.0
846,0.21973298561255944,1443080496082047.0,1423800140754207.0,1423800133543407.8,0.19256984045513845,2.2524374149299963e-17,3.318187064267828e-16,1.659093532133914e-16,0.0,4.636507688359277e-69,7.95297706472763e-17,0.0,3.84492097021669e-17,0.0
847,0.2849932664561009,2234633873790102.0,2533484874896044.0,2533484831070851.5,-0.5499112187989518,2.6482989165413387e-17,0.0,0.0,4.636507688359277e-69,1.8546030753437107e-68,0.0,0.0,3.1611164687945383e-17,0.0
848,0.26854514566286014,4012170388947410.5,5028378982905618.0,5028378862387392.0,-0.08197281975617085,2.7556595223102983e-17,0.0,1.659093532133914e-16,0.0,3.7092061506874214e-68,1.6181393076096032e-16,0.0,1.89181055571592e-17,0.0
849,0.5178606122370385,3851867270999095.5,4686364488209778.0,4686364329804250.0,-0.6372607006800263,1.6346607641711707e-17,1.659093532133914e-16,1.659093532133914e-16,1.8546030753437107e-68,0.0,3.525437268348601e-16,0.0,1.9225660018426563e-17,0.0
850,0.17536063608344,4292838908496519.5,5114522553463675.0,5114522489464549.0,0.4446286578191262,3.9488153461896985e-17,1.659093532133914e-16,3.318187064267828e-16,0.0,1.8546030753437107e-68,3.780860843819141e-17,0.0,4.457236898921783e-17,0.0
851,0.0184626691957793,4654135511754515.0,4610552527310745.0,4610552378501368.0,-0.5890734773608718,4.068382450058771e-17,1.659093532133914e-16,3.318187064267828e-16,0.0,0.0,6.97471162881511e-17,0.0,2.3425531518105416e-17,0.0
852,0.017432044141970172,2181432384111675.5,2156995055700263.0,2156995029559435.8,-0.27538308586913074,2.1863314731161997e-17,0.0,0.0,0.0,9.273015376718553e-69,5.287364098637293e-16,0.0,3.514944711921825e-18,0.0
853,0.08411003203783304,1413396659118048.5,1326671397100063.8,1326671393151378.5,0.4907331566940666,1.419936475876213e-17,0.0,3.318187064267828e-16,2.3182538441796384e-69,2.3182538441796384e-69,1.866228162977147e-16,0.0,3.942004641585181e-17,0.0
854,0.06330462374409855,2973518674670077.0,2985771844576504.5,2985771816496253.5,0.2849978153186858,3.019056659663803e-17,3.318187064267828e-16,4.977280596401743e-16,0.0,9.273015376718553e-69,2.2255914360281667e-16,0.0,4.1919620031945156e-17,0.0
855,0.5526143087273434,2054550030534649.8,3639750097749678.5,3639750058937179.0,0.3349594987202375,3.0855993493065e-17,0.0,0.0,2.3182538441796384e-69,9.273015376718553e-69,2.7401474874747803e-16,0.0,2.9747158749313065e-17,0.0
856,0.07345608897039346,3070187275437350.0,3190298071435872.0,3190297991483592.0,-0.7831503229666775,2.9523070629151525e-18,3.318187064267828e-16,1.659093532133914e-16,0.0,9.273015376718553e-69,2.2428832624735726e-16,0.0,2.4945870764786003e-17,0.0
857,0.15913150255902225,4685659261089642.0,5134302881493285.0,5134302863119916.0,0.8417858027335883,3.373170659031776e-17,3.318187064267828e-16,0.0,1.8546030753437107e-68,3.7092061506874214e-68,1.4792217368666495e-16,0.0,4.660698460410147e-17,0.0
858,0.53978653697205,4059442561366684.0,3967704818760458.0,3967704794440973.5,0.6493326901572933,2.949286362242174e-17,0.0,0.0,9.273015376718553e-69,0.0,2.5417634975399194e-16,0.0,3.381817681210719e-17,0.0
859,0.05428440100010257,3071297034995940.5,3229818203116094.5,3229818126651030.5,-0.66389733875322,4.157466219411803e-18,0.0,0.0,9.273015376718553e-69,1.8546030753437107e-68,1.712411413918171e-16,0.0,2.7364372148539597e-17,0.0
860,0.0701999189931453,4108782027994494.0,4256689106259233.0,4256688946877479.5,-0.9967071317076387,1.868327813008933e-17,0.0,1.659093532133914e-16,9.273015376718553e-69,1.8546030753437107e-68,2.0142290554965052e-16,0.0,1.0999805186238928e-17,0.0
861,0.35300632149684585,1901625830177744.2,2152071285998214.8,2152071253361920.5,-0.5995843802022003,4.05572652549121e-17,1.659093532133914e-16,3.318187064267828e-16,0.0,0.0,2.17604010530158e-16,0.0,3.0135084281132386e-17,0.0
862,0.16456730051278848,1917485024928762.8,1957512568852622.5,1957512541338932.2,-0.6298939473521662,3.613218944461339e-17,1.659093532133914e-16,3.318187064267828e-16,2.3182538441796384e-69,9.273015376718553e-69,1.371412039699104e-16,0.0,1.741591825738597e-17,0.0
863,0.5712439329491981,1694743242253489.2,1989796137295490.5,1989796129668656.0,0.5627329387096708,3.4271935639643905e-17,1.659093532133914e-16,3.318187064267828e-16,2.3182538441796384e-69,6.954761532538915e-69,1.551658082219816e-16,0.0,1.8313875660017025e-17,0.0
864,0.3712556910111458,1569168301033061.5,1674300622699166.8,1674300604333069.8,-0.4872008043554907,7.408488946083916e-18,1.659093532133914e-16,1.659093532133914e-16,0.0,4.636507688359277e-69,1.0343458077296335e-16,0.0,4.0143435213836854e-17,0.0
865,0.3657669830679684,1507457256346480.2,1566031915878640.2,1566031899532747.8,-0.5129585857413792,1.623122722783635e-17,0.0,3.318187064267828e-16,0.0,3.4773807662694575e-69,1.5695304488334846e-16,0.0,3.2071557330508834e-17,0.0
866,0.25390758190267687,2581435974661409.0,3301909144355353.0,3301909055872418.0,-0.8422514608491793,2.194666932059028e-17,1.659093532133914e-16,1.659093532133914e-16,4.636507688359277e-69,7.418412301374843e-68,4.445892209045249e-16,0.0,2.774471334843693e-17,0.0
867,0.4075801218739422,4122100219086750.5,3710804405728947.0,3710804334997156.0,-0.16599893113725145,5.294193745376128e-18,1.659093532133914e-16,0.0,0.0,3.7092061506874214e-68,9.188151398153045e-17,0.0,2.1618324934533876e-17,0.0
868,0.036967539875923806,1611862193056256.5,1672497287093454.5,1672497262934177.2,-0.9605265031901385,4.2755314540077677e-17,0.0,0.0,2.3182538441796384e-69,2.3182538441796384e-69,3.262886939663164e-16,0.0,4.443467866777087e-17,0.0
869,0.14443852248530245,2230101941879469.0,2171867932961998.5,2171867929431866.5,0.8301194239771776,1.260616699051333e-17,4.977280596401743e-16,3.318187064267828e-16,1.390952306507783e-68,2.3182538441796384e-69,2.430914521132538e-16,0.0,2.674473121632909e-17,0.0
870,0.5682981347542634,3113490091637047.0,3282580264960238.0,3282580184856540.0,-0.6874910786953541,2.746882648682261e-17,1.659093532133914e-16,3.318187064267828e-16,0.0,1.8546030753437107e-68,3.8660649121297814e-16,0.0,2.575444737592352e-17,0.0
871,0.1587521703921052,2755068715895113.0,3213701265270039.0,3213701205515002.0,-0.3133580393678607,1.7427096728239574e-17,1.659093532133914e-16,1.659093532133914e-16,1.390952306507783e-68,9.273015376718553e-69,9.314785401794303e-17,0.0,4.244451321689771e-17,0.0
872,0.14967454681210862,3340655481630906.5,3049203919243996.5,3049203918546153.0,0.9829625403391758,1.8737438248656772e-17,3.318187064267828e-16,4.977280596401743e-16,1.8546030753437107e-68,0.0,4.809684988890461e-16,0.0,5.2720545693034455e-18,0.0
873,0.3490082294437944,3102974441789055.5,3234128184356531.0,3234128128570523.5,-0.21068299716385433,2.908447403954807e-17,1.659093532133914e-16,0.0,9.273015376718553e-69,1.8546030753437107e-68,5.178921838688153e-16,0.0,2.243602060683892e-17,0.0
874,0.25541134308339924,3974460945383853.0,4179044368541588.0,4179044273740643.0,-0.2321918449383346,9.405466700620733e-18,3.318187064267828e-16,1.659093532133914e-16,0.0,3.7092061506874214e-68,5.775266757232087e-17,0.0,9.094515822998986e-18,0.0
875,0.5964333295431016,2063601044212107.2,3916931436822676.0,3916931333464783.0,-0.5292248119915178,1.2548096476515094e-17,3.318187064267828e-16,3.318187064267828e-16,2.3182538441796384e-69,0.0,3.523600096617902e-16,0.0,1.9569988530854815e-17,0.0
876,0.1078574882033816,3710452901752091.0,3417383002588321.0,3417382980056120.0,0.5620385102615919,2.291223668295578e-17,3.318187064267828e-16,3.318187064267828e-16,2.781904613015566e-68,2.781904613015566e-68,2.400887936024968e-16,0.0,4.3808617466865253e-17,0.0
877,0.4801875413540164,1891972091577322.2,2391030548267524.5,2391030548215670.0,0.9979411010923418,1.693184659993739e-17,3.318187064267828e-16,3.318187064267828e-16,0.0,2.3182538441796384e-69,1.222650270247463e-16,0.0,3.929820961627106e-17,0.0
878,0.5029335534563502,2244374611067945.2,2485176210456280.0,2485176205058940.0,0.8016258773778852,9.523169306241814e-18,0.0,0.0,4.636507688359277e-69,0.0,1.6383913168221341e-16,0.0,1.9646905044824305e-17,0.0
879,0.13771334855182818,1520236353415631.8,1680075474730315.0,1680075466185065.8,0.31279427502727913,1.801284444806992e-18,1.659093532133914e-16,3.318187064267828e-16,2.3182538441796384e-69,2.3182538441796384e-69,1.067638364356384e-16,0.0,3.440822654185159e-17,0.0
880,0.4550276780633545,2127271449506787.5,2506089808324342.5,2506089770524702.0,-0.3661992255870479,1.805970778577476e-17,3.318187064267828e-16,3.318187064267828e-16,4.636507688359277e-69,2.781904613015566e-68,1.525957257755788e-16,0.0,1.3232119525632662e-17,0.0
881,0.3069116310309948,4837468157121616.0,5585289286106593.0,5585289077147791.0,-0.5205088664328651,1.2495634411595373e-17,1.659093532133914e-16,1.659093532133914e-16,0.0,1.8546030753437107e-68,2.1352300715200308e-16,0.0,1.978086269079852e-17,0.0
882,0.26954261403497776,1410672516848064.5,1325310844848067.2,1325310840487067.0,0.4364010116642407,2.0675331229036573e-17,0.0,3.318187064267828e-16,0.0,3.4773807662694575e-69,5.031642785748578e-16,0.0,2.5406639724058086e-17,0.0
883,0.3076129351683502,4522610870508195.0,4975227849601237.0,4975227733950320.0,-0.06057834469705371,1.4225536257969228e-17,3.318187064267828e-16,1.659093532133914e-16,1.8546030753437107e-68,0.0,1.0150584621583123e-16,0.0,2.254887187414931e-17,0.0
884,0.09189779776325036,1867790152546325.5,1867005488404639.5,1867005462302353.5,-0.6998358334699851,5.331551586835792e-19,0.0,0.0,0.0,0.0,3.589455187026399e-16,0.0,1.5954861662397483e-17,0.0
885,0.3919662177024865,3679533842930519.5,3717065485784362.0,3717065480342094.5,0.9105873303695977,2.3156879214620823e-17,0.0,1.659093532133914e-16,0.0,1.8546030753437107e-68,2.9032756626075865e-16,0.0,1.8162886203990033e-17,0.0
886,0.04872612637289209,3672560812189825.5,3683885794419627.5,3683885686532491.5,-0.8045834823484466,2.3335349737414677e-17,3.318187064267828e-16,6.636374128535656e-16,9.273015376718553e-69,9.273015376718553e-69,1.2207066934614905e-18,0.0,3.7550711189698236e-17,0.0
887,0.2700704872488081,3158841438613830.0,4100099978600750.0,4100099944166795.0,0.5350378160554948,1.0761887205379408e-17,0.0,1.659093532133914e-16,0.0,1.8546030753437107e-68,1.5089922530134954e-16,0.0,2.12438697861365e-17,0.0
888,0.23193756526898113,2585336851825709.0,2222348489889604.2,2222348488363250.0,0.9298462892815598,7.917320530008032e-18,1.659093532133914e-16,1.659093532133914e-16,4.636507688359277e-69,4.636507688359277e-69,1.1097960097338604e-16,0.0,1.1149992967006343e-17,0.0
889,0.5865051497507179,4605185713818388.0,7336867040594720.0,7336866901981581.0,0.4154754910356603,2.2575626821065762e-17,0.0,3.318187064267828e-16,0.0,1.1127618452062264e-67,4.725328693338141e-16,0.0,2.6344922574326707e-17,0.0
890,0.4374741461364418,2550431774887986.0,2043703728092846.0,2043703709701357.0,0.00045895656523741536,3.763875950288802e-17,1.659093532133914e-16,3.318187064267828e-16,0.0,9.273015376718553e-69,1.0066098106007941e-16,0.0,1.2462836404148474e-17,0.0
891,0.1937784548486883,3800103137359691.5,3659098135476813.5,3659098120000430.0,0.7376138055671806,4.232170226912072e-17,1.659093532133914e-16,1.659093532133914e-16,0.0,1.8546030753437107e-68,1.5100624473932503e-16,0.0,5.74341081652468e-18,0.0
892,0.47434175829846814,3252045975566680.0,2350319636441181.5,2350319617452452.5,0.21969992219421358,3.614289905416233e-17,0.0,3.318187064267828e-16,1.8546030753437107e-68,4.636507688359277e-69,9.981794021303493e-17,0.0,3.774633568685922e-17,0.0
893,0.2116668912787293,2825998949279595.5,2626261591368821.5,2626261534838350.5,-0.8604853786634443,1.5212603979859555e-17,4.977280596401743e-16,3.318187064267828e-16,4.636507688359277e-69,9.273015376718553e-69,2.030571541935986e-16,0.0,2.6631686309185118e-17,0.0
894,0.18022152577475814,1322463723048376.5,1108568898744103.4,1108568890333068.6,-0.5536159413543156,3.645576541367191e-17,0.0,1.659093532133914e-16,0.0,1.1591269220898192e-69,1.0628748945043944e-16,0.0,3.8325353631444626e-18,0.0
895,0.2333949979687906,3804371419663235.5,3416127436023099.5,3416127366146933.5,-0.3591912374998097,1.8856657348134037e-17,0.0,1.659093532133914e-16,9.273015376718553e-69,0.0,1.252944766309968e-16,0.0,3.335687184574919e-17,0.0
896,0.3526230487886923,4341839511132277.5,3161421061357497.5,3161421008836335.5,-0.19285941416339242,1.1777648651933775e-17,1.659093532133914e-16,3.318187064267828e-16,0.0,0.0,3.8487034668797253e-16,0.0,3.8072018319335824e-17,0.0
897,0.2591077002203316,1596971783634235.0,1449080200549008.0,1449080195660137.0,0.47150199671790477,6.4124335019541715e-18,1.659093532133914e-16,0.0,2.3182538441796384e-69,1.1591269220898192e-69,1.7694932897325865e-16,0.0,3.630913830242285e-17,0.0
898,0.0884868900576464,1739325400594558.2,1594672986657328.0,1594672974534802.0,-0.08210517292314554,1.4971116865312633e-17,4.977280596401743e-16,3.318187064267828e-16,0.0,6.954761532538915e-69,1.986385139473182e-16,0.0,3.1083576643020927e-18,0.0
899,0.4022560722232173,4650543625561221.0,6706590986778822.0,6706590701029540.0,-0.4421191350538056,2.588480591151641e-17,1.659093532133914e-16,3.318187064267828e-16,3.7092061506874214e-68,3.7092061506874214e-68,2.419692545386308e-16,0.0,3.810481656654582e-17,0.0
900,0.24304366457673957,1486836700899539.2,1729340705046149.5,1729340692629408.2,0.057533056880470654,2.3261262202379783e-17,3.318187064267828e-16,1.659093532133914e-16,0.0,0.0,2.4428457345031363e-16,0.0,9.653573901253099e-18,0.0
901,0.2352090529935222,3175692628854359.5,3587137131758972.0,3587137104059549.5,0.5113539661217601,4.524135416951291e-17,3.318187064267828e-16,0.0,9.273015376718553e-69,2.781904613015566e-68,4.664127795164364e-16,0.0,1.098480013519524e-17,0.0
902,0.47910995569432163,3708637829376282.5,5631881655920046.0,5631881525557412.0,0.06703422668761697,2.530917723891e-17,0.0,0.0,0.0,3.7092061506874214e-68,3.347332035741096e-16,0.0,3.761307189432416e-17,0.0
903,0.11077648600319824,1328830659646024.0,1317579634030736.8,1317579628509754.2,0.2780913589154348,3.138949471944454e-18,3.318187064267828e-16,0.0,1.1591269220898192e-69,2.3182538441796384e-69,1.943270085643972e-16,0.0,3.521879801611899e-17,0.0
904,0.006783069825322397,2196551866828436.0,2188411319823307.0,2188411284514668.5,-0.6735653932076565,2.7428130934594268e-17,0.0,0.0,4.636507688359277e-69,0.0,0.0,0.0,2.228784950510815e-17,0.0
905,0.4104882162172101,4731491478731246.0,6423607345291723.0,6423607269596130.0,0.5835793672278609,4.028970637391596e-18,1.659093532133914e-16,1.659093532133914e-16,0.0,3.7092061506874214e-68,9.072788413146935e-16,0.0,5.7283465897745606e-18,0.0
906,0.36179103545393343,4802939851617600.0,5850110615169803.0,5850110466945867.0,0.016872570457158963,4.172417885618448e-17,3.318187064267828e-16,1.659093532133914e-16,5.563809226031132e-68,7.418412301374843e-68,3.976976490238998e-16,0.0,2.47372271438113e-17,0.0
907,0.4936146985576385,3085522843755980.0,3224790792563299.5,3224790790096840.5,0.9461618174441953,5.558787330018208e-18,3.318187064267828e-16,4.977280596401743e-16,9.273015376718553e-69,4.636507688359277e-69,2.6366929259539876e-16,0.0,2.2078057038611275e-17,0.0
908,0.260313836451699,3118964654821222.5,3217025428402033.5,3217025417749259.0,0.7663459253788073,3.6522135211272115e-17,3.318187064267828e-16,6.636374128535656e-16,9.273015376718553e-69,1.390952306507783e-68,8.228010476518516e-17,0.0,2.256839691532804e-17,0.0
909,0.02442159361143359,2976206550882447.0,2984373925381715.0,2984373848336517.5,-0.963625780931895,1.2375926990332403e-18,0.0,1.659093532133914e-16,9.273015376718553e-69,1.8546030753437107e-68,3.555221647261928e-16,0.0,2.9474397258329076e-17,0.0
910,0.3320727378071314,2798511146811603.5,3214640468292413.5,3214640433197681.0,0.2291023111391985,1.5012363924163006e-17,0.0,1.659093532133914e-16,4.636507688359277e-69,4.636507688359277e-69,4.19550202781382e-16,0.0,7.052280393218585e-18,0.0
911,0.22209880045486832,4210460534239042.0,3455892730406519.5,3455892664337113.0,-0.25573939929868766,1.2470183136002332e-17,0.0,0.0,1.8546030753437107e-68,9.273015376718553e-69,4.561101131214199e-16,0.0,2.834650747933969e-17,0.0
912,0.18705376948600722,3944422860574930.5,3538103045720814.0,3538103040245546.5,0.9007149146688505,3.6885634851461415e-17,3.318187064267828e-16,3.318187064267828e-16,9.273015376718553e-69,1.8546030753437107e-68,5.043813945016821e-16,0.0,1.4184135689750265e-17,0.0
913,0.34322864774511497,2754993844636406.0,2869682627956385.5,2869682611607409.5,0.5493468245583283,4.0435541595671964e-17,0.0,3.318187064267828e-16,9.273015376718553e-69,4.636507688359277e-69,1.5020048338040125e-16,0.0,6.698792832109979e-18,0.0
914,0.28292658664451154,4084964155634795.5,5248449167201463.0,5248448926742622.0,-0.9815197006770543,1.604532111984377e-17,0.0,1.659093532133914e-16,1.8546030753437107e-68,0.0,1.685711646512034e-16,0.0,1.0526912866093154e-17,0.0
915,0.3794335462635884,4259679250824776.0,5808833117994936.0,5808833028557213.0,0.3983241828203772,1.9489038976074024e-17,3.318187064267828e-16,3.318187064267828e-16,1.8546030753437107e-68,3.7092061506874214e-68,2.173245364895629e-16,0.0,4.0402489857285136e-17,0.0
916,0.5925758429392731,3616549875650988.0,3758539943487561.5,3758539919232052.0,0.6102450181741909,1.618657214265707e-17,0.0,1.659093532133914e-16,9.273015376718553e-69,3.7092061506874214e-68,5.995976696596609e-16,0.0,1.888053343812061e-17,0.0
917,0.14671615920076791,2868247537205651.5,2616526161706835.5,2616526145001053.5,0.44609376046063076,7.652596117474481e-18,1.659093532133914e-16,0.0,4.636507688359277e-69,1.390952306507783e-68,1.216955013089898e-16,0.0,4.583852203495315e-17,0.0
918,0.1809950231563659,2334627394186396.5,2476492634591445.5,2476492613762960.5,0.2290908015342475,4.277666854968231e-17,1.659093532133914e-16,0.0,0.0,9.273015376718553e-69,1.8393599573591332e-16,0.0,3.179225916958369e-17,0.0
919,0.5522550174560871,3413893031066187.0,4349369337387463.0,4349369257757601.5,0.0444729030530395,2.5893260170404585e-17,0.0,3.318187064267828e-16,0.0,3.7092061506874214e-68,2.152594896750182e-16,0.0,1.1158052696648305e-17,0.0
920,0.07542185678948325,1894284439076994.8,1923015647764642.8,1923015633400882.5,0.11829737983477008,1.0099737393177862e-17,0.0,0.0,2.3182538441796384e-69,6.954761532538915e-69,1.214092202937093e-16,0.0,5.474651208311146e-18,0.0
921,0.4084345739218176,2725667700805524.5,4005510206417264.5,4005510139975579.5,0.05996380834734704,2.3055567790137318e-17,1.659093532133914e-16,4.977280596401743e-16,0.0,0.0,4.554495843922497e-16,0.0,2.863371448071287e-17,0.0
922,0.18535701019352385,1701902100666179.0,1850280254524265.8,1850280247033760.8,0.5033439969977338,4.526997765621954e-17,1.659093532133914e-16,0.0,2.3182538441796384e-69,4.636507688359277e-69,1.6518147425409832e-16,0.0,1.0558049285500201e-17,0.0
923,0.2966063306175683,3627591094040838.5,4338707956173515.0,4338707876403794.5,0.03808464260779254,2.7818137534853265e-17,3.318187064267828e-16,6.636374128535656e-16,9.273015376718553e-69,0.0,1.6740983783282838e-16,0.0,3.682264995353213e-17,0.0
924,0.006764173402617945,4513487573998421.0,4494051791035139.0,4494051767385363.0,0.7341904974066623,3.694091888335239e-17,0.0,3.318187064267828e-16,0.0,1.8546030753437107e-68,1.2717850481599529e-16,0.0,1.874475799037304e-17,0.0
925,0.36401215452352137,4061279930093366.5,4980781698929628.0,4980781625229370.0,0.32563718428440896,3.77716387467088e-17,0.0,3.318187064267828e-16,2.781904613015566e-68,0.0,1.7189301300415045e-16,0.0,1.485622545876838e-17,0.0
926,0.4909570689566636,3520255096896959.5,3946826955672241.5,3946826923931488.0,0.5374691788161466,3.0163016072745443e-17,3.318187064267828e-16,0.0,0.0,1.8546030753437107e-68,1.4670964453984569e-16,0.0,2.154560272544524e-17,0.0
927,0.010044362543759665,2007791488715885.5,1990695602309523.0,1990695599093218.0,0.8157671321153068,3.885610721595728e-17,1.659093532133914e-16,1.659093532133914e-16,2.3182538441796384e-69,4.636507688359277e-69,2.0609779924860196e-16,0.0,3.26002129058525e-17,0.0
928,0.20286075160872902,4833277699128257.0,4334077607503617.0,4334077526505594.0,0.021184866351263622,2.0685983438546066e-17,1.659093532133914e-16,1.659093532133914e-16,1.8546030753437107e-68,0.0,2.2275110883241873e-16,0.0,4.1588500666806017e-17,0.0
929,0.09700156004788353,2768964835990909.5,2575180284367001.0,2575180253166664.5,-0.06798123008170072,3.18293493755186e-17,3.318187064267828e-16,3.318187064267828e-16,0.0,9.273015376718553e-69,5.59163147067389e-16,0.0,3.394867427901491e-17,0.0
930,0.19494050030883903,1319843586884278.5,1599776833620459.2,1599776817982710.0,-0.3869955237394222,1.5708443892557452e-17,0.0,1.659093532133914e-16,1.1591269220898192e-69,0.0,9.721937550320517e-17,0.0,5.978517285195513e-18,0.0
931,0.2669171172748461,4439627511765808.0,5719344181527321.0,5719344030832251.0,-0.045745983536588215,6.575861830329199e-18,1.659093532133914e-16,1.659093532133914e-16,1.8546030753437107e-68,3.7092061506874214e-68,6.878446787793915e-16,0.0,1.5023744718591115e-17,0.0
932,0.032793149130716445,4802642344877901.0,4817222012378735.0,4817221838189034.0,-0.7039183568058754,5.306079423895408e-19,3.318187064267828e-16,1.659093532133914e-16,1.8546030753437107e-68,3.7092061506874214e-68,2.389681609361662e-16,0.0,1.5712745043647485e-17,0.0
933,0.49047613518580696,4078246114860944.0,3037330783250965.0,3037330736559555.5,-0.1488740676012359,1.3519513532705102e-17,1.659093532133914e-16,1.659093532133914e-16,0.0,1.390952306507783e-68,3.481619107536812e-16,0.0,1.0019333049512612e-17,0.0
934,0.4261796190644218,2535489681810167.0,2223772551256164.8,2223772540233907.0,0.49404784419825265,2.495827620575918e-17,0.0,3.318187064267828e-16,0.0,9.273015376718553e-69,2.799459308935094e-16,0.0,3.7567390415627596e-17,0.0
935,0.5042750214424646,4177459557246693.5,5601944758385720.0,5601944507262581.0,-0.8164720622004683,3.776977390365022e-17,1.659093532133914e-16,1.659093532133914e-16,1.8546030753437107e-68,7.418412301374843e-68,2.5328968028104326e-16,0.0,3.018901475074377e-17,0.0
936,0.2219455578174975,1490604486662958.2,1249771446022788.8,1249771433964595.8,-0.752429892776778,6.00837876398925e-18,0.0,0.0,0.0,1.1591269220898192e-69,2.776064414651016e-16,0.0,3.221687593030158e-18,0.0
937,0.11324038825222142,2946248799550320.0,3114155391356092.0,3114155316583666.5,-0.7501712204418046,1.5644432240643273e-17,0.0,0.0,9.273015376718553e-69,1.8546030753437107e-68,5.355274916764809e-16,0.0,1.7893102064188208e-17,0.0
938,0.1779892243258099,3454784807182716.5,3965523438449411.5,3965523346655101.0,-0.3250563409301131,2.207656910305218e-17,3.318187064267828e-16,4.977280596401743e-16,9.273015376718553e-69,9.273015376718553e-69,1.937040693441192e-16,0.0,2.2106380229501262e-17,0.0
939,0.0249003386617471,2776496029200816.0,2757598432429809.5,2757598376186484.0,-0.6789144627792127,1.88325999268854e-17,1.659093532133914e-16,3.318187064267828e-16,9.273015376718553e-69,9.273015376718553e-69,2.614286775460087e-16,0.0,1.723644441941811e-18,0.0
940,0.24811980041599083,1692370354592835.0,1483526335216962.2,1483526334926104.2,0.9700007898399906,4.418757867286275e-17,3.318187064267828e-16,0.0,2.3182538441796384e-69,4.636507688359277e-69,2.0625084868169724e-16,0.0,1.0611422866864523e-17,0.0
941,0.1821073732509109,2383859754923153.0,2609862846285216.5,2609862844652276.0,0.9455804816718784,3.6373593940758295e-17,0.0,1.659093532133914e-16,9.273015376718553e-69,0.0,2.299460883619523e-16,0.0,2.7729459936538147e-18,0.0
942,0.3857548908979689,1993984273153232.5,2950406109774063.5,2950406085857256.5,0.3763237349164045,3.126106756687725e-17,3.318187064267828e-16,3.318187064267828e-16,0.0,4.636507688359277e-69,4.0392587628068264e-16,0.0,2.753500512883991e-17,0.0
943,0.38624558204887,3256865117876075.0,4118106710756786.5,4118106607623208.0,-0.3804621995762279,2.0487629218184103e-17,0.0,0.0,0.0,0.0,1.3447404956789023e-16,0.0,3.850345773672677e-17,0.0
944,0.2787438439883699,1745392732029233.2,1900833692044031.8,1900833680329106.5,0.2640117178090163,2.683678520444254e-17,0.0,1.659093532133914e-16,2.3182538441796384e-69,0.0,1.039673867957811e-16,0.0,2.3098983643906858e-17,0.0
945,0.17852908284221666,4671018846419141.0,3938461363770301.5,3938461250438681.5,-0.6585079131298497,1.8112564192264298e-17,1.659093532133914e-16,3.318187064267828e-16,1.8546030753437107e-68,2.781904613015566e-68,4.9140397267694735e-17,0.0,3.5469783628462637e-17,0.0
946,0.07689669720056569,2461819286948473.0,2568957649830675.0,2568957613088117.0,-0.263790601495434,3.86338491358972e-17,3.318187064267828e-16,4.977280596401743e-16,4.636507688359277e-69,9.273015376718553e-69,1.0424353238198151e-16,0.0,1.0501233967639734e-17,0.0
947,0.016932301304031606,1246951999953231.2,1263295983923619.5,1263295975316662.8,-0.22421870370631403,4.090490280745734e-17,4.977280596401743e-16,3.318187064267828e-16,0.0,3.4773807662694575e-69,1.8407743182298502e-16,0.0,2.302472835893803e-17,0.0
948,0.23465828662643162,3668674355852849.0,3761290494609274.5,3761290484665990.5,0.8404577476981976,1.2688188297589544e-17,3.318187064267828e-16,3.318187064267828e-16,1.8546030753437107e-68,1.8546030753437107e-68,3.757240836788006e-16,0.0,2.2046374400550624e-17,0.0
949,0.5799330733387285,2361498111433591.0,4078484556851496.0,4078484456993622.0,-0.36271267778201827,1.129236956082688e-17,3.318187064267828e-16,6.636374128535656e-16,0.0,3.7092061506874214e-68,2.279523243239521e-16,0.0,3.320892002903732e-17,0.0
950,0.010743353585187366,2753162803267132.5,2731571519984111.0,2731571517884137.5,0.9361136050937381,1.5051018729415612e-17,0.0,0.0,0.0,9.273015376718553e-69,2.501149457840337e-16,0.0,4.704714931913307e-17,0.0
951,0.5408855321976289,4542952426681834.0,7170641181731870.0,7170640768251748.0,-0.825401043262387,3.1823733739846e-17,0.0,0.0,1.8546030753437107e-68,7.418412301374843e-68,1.5210241287834812e-16,0.0,2.1608309488920214e-17,0.0
952,0.15381502250400966,1552707103867802.0,1492035707479330.8,1492035704620758.0,0.7085188581641404,2.5595435884354562e-17,0.0,1.659093532133914e-16,2.3182538441796384e-69,2.3182538441796384e-69,4.310920110187912e-16,0.0,3.873457999165863e-17,0.0
953,0.5112313085593168,4907252575942572.0,3172551145824824.5,3172551133927086.0,0.7316715230773493,2.7232338125265552e-17,3.318187064267828e-16,1.659093532133914e-16,0.0,0.0,4.67747926575467e-17,0.0,2.7339195855003695e-17,0.0
954,0.3209414317785551,4291523411915702.0,3219572703860475.0,3219572623909254.0,-0.7508472327531731,2.180396236793997e-17,0.0,3.318187064267828e-16,0.0,4.636507688359277e-69,1.626708226497605e-16,0.0,9.54111039262501e-18,0.0
955,0.06895756567154991,3887177557340348.0,3797231126901122.0,3797231025128319.0,-0.6022021062541512,3.940610693908099e-18,0.0,0.0,9.273015376718553e-69,9.273015376718553e-69,3.5552480713674427e-16,0.0,6.803025594840177e-18,0.0
956,0.022880617309912532,2985120387166189.5,2928031821299523.5,2928031766263388.0,-0.45718929136412784,2.782312282772681e-17,3.318187064267828e-16,3.318187064267828e-16,9.273015376718553e-69,4.636507688359277e-69,2.338618056539269e-16,0.0,2.839408532184879e-17,0.0
957,0.24431502380881082,1512070152562345.8,1180916811358953.8,1180916809782103.5,0.7433321596930009,1.9137776217205805e-17,4.977280596401743e-16,4.977280596401743e-16,0.0,2.3182538441796384e-69,7.649182761618901e-17,0.0,1.358320754603336e-17,0.0
958,0.016054275089997103,2416828307984809.5,2442010243593079.5,2442010230496165.0,0.5014672869304757,9.035197678877372e-18,0.0,1.659093532133914e-16,0.0,4.636507688359277e-69,1.4246091933769783e-16,0.0,2.7025293413917757e-17,0.0
959,0.5008715940381524,4709221959959070.0,4889139439664954.0,4889139282660855.0,-0.4909592538993221,2.331287166731434e-17,4.977280596401743e-16,1.659093532133914e-16,1.8546030753437107e-68,1.8546030753437107e-68,4.207065353859579e-16,0.0,1.624914024320664e-17,0.0
960,0.17502838528089662,1869882457084197.5,1783215329779368.5,1783215309218114.2,-0.46778230009078803,6.1284149977191675e-18,1.659093532133914e-16,0.0,0.0,6.954761532538915e-69,1.7959997510728445e-16,0.0,2.0279753937344926e-17,0.0
961,0.37750736948985986,3144031379173497.0,3870461350253245.5,3870461325151913.0,0.6196434239911779,3.99546527750881e-17,1.659093532133914e-16,1.659093532133914e-16,0.0,1.390952306507783e-68,2.3086782464509837e-16,0.0,1.1554461589148728e-17,0.0
962,0.036818811983844554,4257987012352803.5,4225001560647236.5,4225001427579543.5,-0.6921486393765517,4.099837489185616e-17,0.0,1.659093532133914e-16,0.0,5.563809226031132e-68,7.237416846334861e-16,0.0,1.60006105407072e-17,0.0
963,0.42572591973008583,1857004779774241.2,2682560253641272.0,2682560235286327.0,0.4210064269158668,9.400376598201798e-18,0.0,0.0,0.0,9.273015376718553e-69,6.180267392360476e-17,0.0,1.3675642697100086e-17,0.0
964,0.1335525589616047,4772507483556697.0,4715941173582733.0,4715941149710497.0,0.7563446391574051,3.3962065768248296e-17,1.659093532133914e-16,4.977280596401743e-16,0.0,1.8546030753437107e-68,2.4047706844753332e-16,0.0,3.3421393788244887e-17,0.0
965,0.5762422344755592,3859835233821087.0,6563314181377266.0,6563313954025757.0,-0.19803935158042116,1.6214953385351627e-17,0.0,1.659093532133914e-16,3.7092061506874214e-68,3.7092061506874214e-68,1.2259590997144899e-16,0.0,2.161187278324464e-17,0.0
966,0.3005682628391199,3726024915662579.0,4702183597057390.0,4702183541291805.0,0.42748519874183066,1.5860024395603588e-17,1.659093532133914e-16,1.659093532133914e-16,9.273015376718553e-69,1.8546030753437107e-68,3.552224070964771e-16,0.0,1.3238879015771268e-17,0.0
967,0.09106530494835109,4930248080762527.0,4520938909672634.0,4520938798262868.0,-0.23733019906431924,2.1936587750206175e-17,4.977280596401743e-16,3.318187064267828e-16,0.0,0.0,1.0410378315807132e-16,0.0,2.930027049712713e-17,0.0
968,0.14257786799948388,4490627466052167.5,4406252650412523.5,4406252628733636.5,0.746535115189369,4.6346174462922975e-17,3.318187064267828e-16,1.659093532133914e-16,3.7092061506874214e-68,4.636507688359277e-68,1.5334319546198084e-16,0.0,3.867468600947225e-17,0.0
969,0.1693677479844341,1426974444504253.8,1546919633665526.0,1546919631651215.0,0.8089220332965473,3.036126177499704e-17,3.318187064267828e-16,3.318187064267828e-16,0.0,2.3182538441796384e-69,3.9414047744526064e-16,0.0,1.6858554493056914e-17,0.0
970,0.382549429243664,2133674743590519.8,2730703939111788.0,2730703926847570.5,0.6266550961433436,3.7896370539244475e-17,1.659093532133914e-16,1.659093532133914e-16,4.636507688359277e-69,4.636507688359277e-69,2.4795423923456914e-16,0.0,2.296324764180698e-17,0.0
971,0.15331274863655306,2256390731243105.0,2569743044906932.0,2569743011229580.5,-0.15765233282840108,2.2716206572623065e-17,1.659093532133914e-16,1.659093532133914e-16,0.0,0.0,1.5259040815470942e-16,0.0,3.703612255018811e-18,0.0
972,0.119439960750063,3861666868987183.5,3562148367037668.0,3562148308659688.0,-0.04434664957420959,2.536502700931547e-17,1.659093532133914e-16,0.0,9.273015376718553e-69,1.8546030753437107e-68,2.607899454294992e-16,0.0,1.839179486946213e-17,0.0
973,0.243553021008612,1456605705147230.8,1414331859462947.0,1414331852667864.5,0.228898221951285,3.1301146748770886e-17,1.659093532133914e-16,3.318187064267828e-16,1.1591269220898192e-69,2.3182538441796384e-69,1.365593583970533e-16,0.0,2.4165541826427598e-17,0.0
974,0.4723873995787089,2197332011256680.5,3292063960757182.0,3292063950234997.5,0.7796114551471929,1.589718266707848e-17,1.659093532133914e-16,1.659093532133914e-16,4.636507688359277e-69,9.273015376718553e-69,2.518465946959837e-16,0.0,2.1247360705815417e-17,0.0
975,0.5780567938753425,1241936387572388.0,1548855910507442.2,1548855898881655.2,-0.10006905295414661,3.392254000705645e-17,3.318187064267828e-16,4.977280596401743e-16,0.0,3.4773807662694575e-69,0.0,0.0,2.335030981702775e-17,0.0
976,0.5594281958546546,1894988762175435.0,1258925359899476.0,1258925350447875.8,-0.3537080316985726,1.76260333725397e-17,1.659093532133914e-16,0.0,2.3182538441796384e-69,2.3182538441796384e-69,1.915197861892426e-16,0.0,2.0684458276570082e-17,0.0
977,0.5207565580115731,4383099598436278.0,4229820605101958.0,4229820578033379.0,0.6565676598353668,2.938214772484551e-17,0.0,3.318187064267828e-16,3.7092061506874214e-68,3.7092061506874214e-68,7.172027559436425e-16,0.0,2.5934772928057344e-17,0.0
978,0.49428126160658303,4520046725400168.0,4369053367154733.0,4369053288011393.5,0.05884903151255724,3.373334312996092e-17,1.659093532133914e-16,3.318187064267828e-16,3.7092061506874214e-68,3.7092061506874214e-68,2.3203913109837263e-16,0.0,1.3588695375692016e-17,0.0
979,0.14581851513071534,1679007109862601.2,1882148267063251.5,1882148265060750.8,0.8716828652013734,2.6039820292783363e-17,1.659093532133914e-16,0.0,0.0,4.636507688359277e-69,3.6810079109556378e-16,0.0,1.3660446729274485e-17,0.0
980,0.3280921631046521,1365014069519191.8,1121565606813460.4,1121565596240968.5,-0.9078648791202873,2.6965523376034943e-17,0.0,3.318187064267828e-16,0.0,4.636507688359277e-69,2.0594857174124813e-16,0.0,1.913480636179945e-17,0.0
981,0.20829644010806875,3107106222849175.5,2774125949185248.5,2774125917109144.5,0.05387420170207854,4.02246611125868e-17,0.0,0.0,9.273015376718553e-69,0.0,3.200189520023377e-16,0.0,3.086582898890556e-17,0.0
982,0.20463665566394282,1457900067815054.8,1244690443411380.0,1244690433031167.8,-0.520908683293792,2.6232160859381e-17,0.0,1.659093532133914e-16,0.0,2.3182538441796384e-69,3.876576889482024e-16,0.0,2.187645385409633e-17,0.0
983,0.3866649705682129,3848836638587685.0,3410222054521135.0,3410221966545644.0,-0.7171807378999933,4.1689482612216456e-17,1.659093532133914e-16,4.977280596401743e-16,9.273015376718553e-69,3.7092061506874214e-68,5.441428483905734e-16,0.0,3.734070494895405e-17,0.0
984,0.333996509006065,2261366697381102.0,2905941812676528.0,2905941746721551.5,-0.7729372691990143,1.402848383949856e-17,1.659093532133914e-16,1.659093532133914e-16,0.0,0.0,3.8864097780485906e-16,0.0,4.241030999882179e-17,0.0
985,0.5635265651010596,2184003452771371.8,3489647532928460.5,3489647475560767.5,-0.06935986469880799,3.126149274546473e-17,0.0,3.318187064267828e-16,0.0,0.0,3.4956150777321816e-16,0.0,2.139019087173269e-17,0.0
986,0.02417007156801445,3217674398802224.0,3283226266601826.5,3283226250819422.5,0.6676534732695174,1.5093601819663337e-17,3.318187064267828e-16,3.318187064267828e-16,2.781904613015566e-68,9.273015376718553e-69,5.044210360128303e-17,0.0,2.3342820186315145e-17,0.0
987,0.027778615519922292,3138574872060716.0,3145061610883822.0,3145061584356812.5,0.39123512186282106,2.4583534502642198e-17,1.659093532133914e-16,0.0,9.273015376718553e-69,9.273015376718553e-69,7.1375683725131e-16,0.0,7.234340377795181e-18,0.0
988,0.0723576855795893,4040233631606051.5,3880679687597911.5,3880679607336922.5,-0.20978594778026668,3.671394724760933e-17,1.659093532133914e-16,3.318187064267828e-16,0.0,1.8546030753437107e-68,2.8406243634317e-17,0.0,2.5022102284492493e-17,0.0
989,0.3918156983896186,2701215971480507.5,2976177666210428.5,2976177602217211.0,-0.6399698500084513,4.008058096580197e-17,1.659093532133914e-16,3.318187064267828e-16,0.0,9.273015376718553e-69,3.529275192870798e-16,0.0,9.95622171997995e-18,0.0
990,0.279795594988959,2514976681730406.5,3220252564233261.5,3220252549960000.0,0.6875626303898823,4.095728560647688e-18,3.318187064267828e-16,4.977280596401743e-16,9.273015376718553e-69,1.8546030753437107e-68,2.813054346914666e-16,0.0,4.5327252474685173e-17,0.0
991,0.060045321662561935,2498819990735558.5,2559082715957612.5,2559082696673668.5,0.33158402064553194,4.745204050795255e-18,4.977280596401743e-16,4.977280596401743e-16,4.636507688359277e-69,4.636507688359277e-69,1.672819850910226e-16,0.0,4.396244037003188e-17,0.0
992,0.5956494272035358,2631921209738754.5,3824185452070389.0,3824185405375769.5,0.27521604700740415,2.7458750590474646e-17,3.318187064267828e-16,1.659093532133914e-16,4.636507688359277e-69,1.8546030753437107e-68,3.8812543385951134e-16,0.0,1.4806036851808906e-17,0.0
993,0.05467183479349125,2986032698707057.0,3013282908027166.0,3013282862183735.5,-0.14608522839137741,2.798746476452338e-17,3.318187064267828e-16,0.0,9.273015376718553e-69,9.273015376718553e-69,2.882617316832892e-16,0.0,2.7372730038287466e-17,0.0
994,0.5657782014358602,3528163620178320.0,3982659838281637.0,3982659739773704.5,-0.40975746099981963,2.38339404845202e-17,4.977280596401743e-16,9.954561192803485e-16,9.273015376718553e-69,7.418412301374843e-68,4.892894632894345e-16,0.0,3.163997210556151e-17,0.0
995,0.03174472331199822,3721415514802525.0,3831101808087144.5,3831101799001077.0,0.8594767468274923,4.6913809410625296e-17,1.659093532133914e-16,1.659093532133914e-16,9.273015376718553e-69,1.8546030753437107e-68,3.490250839872021e-16,0.0,1.4583813244310194e-17,0.0
996,0.5065520346618525,1837726371139392.0,2236293761450170.8,2236293736864067.0,-0.11596769878989176,2.7912623673225736e-17,3.318187064267828e-16,3.318187064267828e-16,0.0,9.273015376718553e-69,5.121363287752416e-16,0.0,3.2640170446553025e-17,0.0
997,0.5076977739120782,4647728533770628.0,4688967162733206.0,4688967023028350.0,-0.4423702259327869,2.8085077237863434e-17,0.0,3.318187064267828e-16,0.0,3.7092061506874214e-68,2.243426617814481e-16,0.0,1.48010942730697e-17,0.0
998,0.119430817435321,2747824369913093.0,2646193517939124.5,2646193473200991.5,-0.4502880799005723,7.61490835062891e-18,0.0,1.659093532133914e-16,9.273015376718553e-69,9.273015376718553e-69,2.641565061702509e-16,0.0,4.050638523647295e-17,0.0
999,0.5109064189042044,1492035506063370.5,2359404548791683.0,2359404529929194.0,0.2308451294213168,1.2432282968334862e-17,0.0,1.659093532133914e-16,2.3182538441796384e-69,4.636507688359277e-69,1.0878177142567567e-16,0.0,1.1671674217931595e-17,0.0
1000,0.06034369431890493,2479663381965436.5,2432699466339182.0,2432699446399620.5,0.23518164710682024,4.3058795141124454e-17,1.659093532133914e-16,1.659093532133914e-16,0.0,0.0,1.3885093643798778e-16,0.0,3.642624671267048e-17,0.0
1001,0.0232493934753921,3237348737583671.0,3167869837989478.5,3167869815928855.5,0.5009974957346545,3.0627737249221227e-18,1.659093532133914e-16,1.659093532133914e-16,1.8546030753437107e-68,1.8546030753437107e-68,1.772559433381042e-16,0.0,1.3364877815880748e-17,0.0
1002,0.05193126440486895,2716030324996344.5,2790336325957098.5,2790336279239576.0,-0.36202889187429155,1.3739920801710425e-17,0.0,1.659093532133914e-16,4.636507688359277e-69,0.0,2.570316087461114e-16,0.0,4.092529576213334e-17,0.0
1003,0.42077414809250774,1253375060935261.2,1644752033722060.5,1644752029743258.0,0.666134813042238,4.126753272464258e-17,4.977280596401743e-16,3.318187064267828e-16,1.1591269220898192e-69,6.954761532538915e-69,1.2949536849605565e-16,0.0,2.712859074447224e-17,0.0
1004,0.17020608725288572,1401715853956517.8,1519907195878107.2,1519907187691241.8,0.19554244340722526,1.527355767223111e-17,3.318187064267828e-16,4.977280596401743e-16,1.1591269220898192e-69,2.3182538441796384e-69,2.1662537206204272e-16,0.0,9.179763199346754e-18,0.0
1005,0.43243306999080844,1244405014356998.8,876287947139859.2,876287941101886.8,-0.7849130602446678,3.7607252799347277e-17,1.659093532133914e-16,1.659093532133914e-16,0.0,8.693451915673644e-70,5.29804331404939e-16,0.0,1.881652816998967e-17,0.0
1006,0.5738596903228896,1766186121112247.5,2530740205863629.0,2530740173734455.0,-0.13873864006870723,9.391501775777187e-18,0.0,0.0,6.954761532538915e-69,0.0,4.0710238798363747e-16,0.0,2.444599716025933e-17,0.0
1007,0.2121494697739583,3481694851773862.0,3130002531946981.0,3130002530785070.5,0.9730782830455541,3.553065393692473e-17,0.0,1.659093532133914e-16,1.8546030753437107e-68,2.781904613015566e-68,6.600878942393716e-16,0.0,2.8274163257803504e-17,0.0
1008,0.16324182613419363,1873568210727279.8,2013677064937314.0,2013677038208332.5,-0.4963127764362074,4.50813343303897e-17,3.318187064267828e-16,3.318187064267828e-16,2.3182538441796384e-69,9.273015376718553e-69,4.606966733931314e-16,0.0,4.440705515567965e-17,0.0
1009,0.42082128915673445,3466883272799601.5,5173119789751657.0,5173119603097104.0,-0.5832633104374058,1.784154892986307e-17,0.0,1.659093532133914e-16,1.8546030753437107e-68,7.418412301374843e-68,3.0531640408424826e-16,0.0,1.1606863688033312e-17,0.0
1010,0.48043119842887755,3179790538725038.5,2587467284551085.0,2587467274555069.0,0.6610802944674604,2.1857572010569252e-17,3.318187064267828e-16,3.318187064267828e-16,0.0,6.954761532538915e-69,6.303353940261361e-16,0.0,2.4138386242477922e-17,0.0
1011,0.11718140861005827,2497037412203682.5,2362571527665538.5,2362571505017527.5,0.07895731766042347,2.5142426337967628e-17,3.318187064267828e-16,3.318187064267828e-16,4.636507688359277e-69,9.273015376718553e-69,1.1258249341810632e-16,0.0,2.972582798749002e-17,0.0
1012,0.40862381008281906,3858454681439099.0,4239293444683174.5,4239293428192607.0,0.7917100756381962,2.12363958036714e-17,3.318187064267828e-16,3.318187064267828e-16,0.0,0.0,2.7261297760265507e-16,0.0,1.0517503977409198e-17,0.0
1013,0.5468952044321692,3458393382183854.5,2535523026352208.0,2535522975106890.5,-0.8094171144445222,1.809743436142648e-17,0.0,1.659093532133914e-16,9.273015376718553e-69,4.636507688359277e-69,3.2002755227459127e-16,0.0,1.0313366839294765e-17,0.0
1014,0.23510054569541947,1430206738108512.5,1366528472677406.8,1366528460757675.8,-0.44893431434262077,1.2919933073460057e-17,3.318187064267828e-16,1.659093532133914e-16,2.3182538441796384e-69,2.3182538441796384e-69,8.332129775990152e-17,0.0,1.5972043697468596e-17,0.0
1015,0.5177595136661537,3828408661796709.5,3023814379833520.5,3023814344674540.5,0.12713792102527643,1.9894561577022987e-17,1.659093532133914e-16,3.318187064267828e-16,0.0,4.636507688359277e-69,1.1991181821754756e-16,0.0,9.323303343849607e-18,0.0
1016,0.00040564312321993417,3813965517990248.5,3814889507681580.0,3814889400520634.0,-0.6714455643524774,3.26426161205807e-17,4.977280596401743e-16,0.0,9.273015376718553e-69,0.0,3.417734952772341e-16,0.0,4.224701448893592e-17,0.0
1017,0.353174878664008,4625285871474980.0,6027801025618389.0,6027800721985712.0,-0.8969257448895255,8.247883583349336e-18,1.659093532133914e-16,0.0,1.8546030753437107e-68,0.0,1.3362284247274184e-16,0.0,2.2490137290745107e-17,0.0
1018,0.28788039107205127,3028793359144868.0,3932523177354101.0,3932523104389004.0,-0.07100673990305656,8.830428768018096e-18,0.0,1.659093532133914e-16,9.273015376718553e-69,1.8546030753437107e-68,3.8084207283952466e-16,0.0,2.8186132967405684e-17,0.0
1019,0.5308367274524477,3763541605386603.5,5119804105228152.0,5119803929689676.0,-0.5201458784830186,2.0486977822352786e-17,0.0,1.659093532133914e-16,9.273015376718553e-69,0.0,4.604590244923566e-16,0.0,3.273738015838663e-17,0.0
1020,0.5455515201103045,4504756977056901.0,6206883877162564.0,6206883565023171.0,-0.839166204953312,1.2618429276468843e-17,3.318187064267828e-16,3.318187064267828e-16,1.8546030753437107e-68,7.418412301374843e-68,5.487921755097983e-16,0.0,1.533521758725669e-17,0.0
1021,0.3759812648059748,4600421758339074.0,5325883008020003.0,5325882889215039.0,0.04923985758251617,4.113698961053287e-18,4.977280596401743e-16,4.977280596401743e-16,0.0,3.7092061506874214e-68,7.113247354157146e-16,0.0,4.785821915451076e-18,0.0
1022,0.09595931861527686,4453664476206251.5,4487169711872199.0,4487169666354319.5,0.48683544723343714,3.291752692001387e-17,0.0,1.659093532133914e-16,0.0,0.0,1.0307724031939214e-16,0.0,4.432441125496457e-17,0.0
1023,0.20285529410505385,1859373793818291.5,1719436796865948.2,1719436777843672.0,-0.46052728329967774,3.039268831818259e-17,1.659093532133914e-16,1.659093532133914e-16,2.3182538441796384e-69,2.3182538441796384e-69,1.5430982901410442e-17,0.0,3.8471439880793205e-18,0.0
1024,0.5835627161956554,2300595060220890.5,1943950805946919.5,1943950788234142.2,-0.06398557025174546,2.7081174600914718e-17,0.0,6.636374128535656e-16,0.0,9.273015376718553e-69,2.339868465753486e-16,0.0,1.4694923125670898e-17,0.0
1025,0.14398721107940912,4314976650926904.5,4046941700557735.5,4046941625009704.0,-0.047101730983200675,3.703720575282697e-17,1.659093532133914e-16,0.0,1.8546030753437107e-68,3.7092061506874214e-68,4.016143855333389e-16,0.0,3.734149313853639e-18,0.0
1026,0.46213075885702337,4311105345462335.0,5612877476923612.0,5612877229901321.0,-0.7798551368221831,3.1244071793045275e-17,4.977280596401743e-16,3.318187064267828e-16,1.8546030753437107e-68,0.0,6.755765796570077e-16,0.0,1.2716216323716725e-17,0.0
1027,0.37496652990556384,1646882882143104.0,1898795890274271.0,1898795869907396.0,-0.28229352859903667,4.090587987702118e-17,3.318187064267828e-16,3.318187064267828e-16,0.0,4.636507688359277e-69,1.5607024091970928e-16,0.0,2.3694640988986297e-17,0.0
1028,0.31470713968059383,4903097003226374.0,5372293571310166.0,5372293549489963.0,0.8283835470787393,3.343154365327217e-17,4.977280596401743e-16,3.318187064267828e-16,0.0,1.8546030753437107e-68,0.0,0.0,1.0116554511096113e-17,0.0
1029,0.4819112483374119,3367313622583715.5,5344707397938629.0,5344707296581549.0,0.19457363371402858,2.1001963543849087e-17,0.0,3.318187064267828e-16,9.273015376718553e-69,0.0,1.436570569965705e-16,0.0,2.1065244540753588e-17,0.0
1030,0.21741240867843115,2699819796493221.0,2696290963209885.5,2696290943191498.0,0.37494936918869703,8.135885408379393e-18,1.659093532133914e-16,0.0,9.273015376718553e-69,0.0,1.9018229655215354e-16,0.0,2.8502472350610187e-17,0.0
1031,0.2852335574808709,2369285041022642.5,2035778876546993.8,2035778849413588.0,-0.48615027482416195,1.7414125807922326e-17,3.318187064267828e-16,3.318187064267828e-16,4.636507688359277e-69,2.3182538441796384e-69,2.9464823005665647e-16,0.0,1.4003438201905085e-17,0.0
1032,0.5221750601476941,4720338837403720.0,4944166767951911.0,4944166627711751.0,-0.30228428936608515,1.0758887595502413e-17,1.659093532133914e-16,0.0,0.0,4.636507688359277e-68,4.689414073976502e-16,0.0,5.627421407428578e-18,0.0
1033,0.48003626469281024,2324432494789287.0,2769854747567440.5,2769854732515755.5,0.5546609857414174,1.6209836779968975e-17,1.659093532133914e-16,1.659093532133914e-16,0.0,6.954761532538915e-69,3.840440458429408e-16,0.0,1.2067329101004863e-17,0.0
1034,0.5055406639333649,3382028887726573.5,4498110592988232.0,4498110566130838.0,0.6986832781717813,1.3020642547944504e-17,3.318187064267828e-16,1.659093532133914e-16,1.8546030753437107e-68,0.0,2.756861459055614e-16,0.0,1.7083922765589013e-17,0.0
1035,0.36567562761360173,2284661148475555.5,1585756397618012.2,1585756382778940.8,-0.3395329413208527,1.0380259914453706e-17,4.977280596401743e-16,3.318187064267828e-16,4.636507688359277e-69,5.795634610449096e-69,7.882910762455671e-16,0.0,7.780496728947926e-18,0.0
1036,0.37798930677339726,1394169555668745.5,1334074682020015.2,1334074677138315.2,0.3773694367153707,1.2392228339025105e-17,1.659093532133914e-16,4.977280596401743e-16,1.1591269220898192e-69,2.3182538441796384e-69,4.800032199372841e-16,0.0,3.62542113008792e-17,0.0
1037,0.35869344079861337,2285385764676280.5,2964628031696314.0,2964628012631946.5,0.5076186503858919,5.742969501849584e-18,3.318187064267828e-16,0.0,0.0,9.273015376718553e-69,3.0546512305589653e-16,0.0,3.634627164746334e-17,0.0
1038,0.21702726489313753,4153635530531526.5,3760501931653135.5,3760501906603027.0,0.5978967442545817,5.870228450011958e-18,1.659093532133914e-16,1.659093532133914e-16,1.8546030753437107e-68,0.0,1.2661977825452264e-16,0.0,9.063323343180803e-18,0.0
1039,0.5921989589690794,3822422154734646.5,2797045121832150.0,2797045119436323.0,0.9304853950449717,3.025365974463869e-17,0.0,3.318187064267828e-16,2.781904613015566e-68,9.273015376718553e-69,1.4709139212997364e-16,0.0,1.4518840984010936e-17,0.0
1040,0.16008200210471543,3942690137634224.5,4047198493530138.5,4047198439361355.5,0.24931162725944325,1.0855957691822436e-17,3.318187064267828e-16,4.977280596401743e-16,9.273015376718553e-69,1.8546030753437107e-68,2.8541783733355183e-16,0.0,2.761495753985363e-17,0.0
1041,0.06946937065700869,3881724971167268.5,3875664947145716.5,3875664908142927.5,0.4105827534958422,2.298540658851861e-17,1.659093532133914e-16,1.659093532133914e-16,9.273015376718553e-69,0.0,2.2321992273084695e-16,0.0,6.6620523590916316e-18,0.0
1042,0.5431346044176322,1854497515772692.2,2585531126543798.0,2585531100594852.5,0.11887040722034155,1.401143633879843e-17,3.318187064267828e-16,0.0,2.3182538441796384e-69,9.273015376718553e-69,3.514515523875659e-16,0.0,3.3479311191043006e-17,0.0
1043,0.400245708596408,2457177114986077.5,2314104910530202.0,2314104886411491.5,-0.022368865821270355,2.7193051314548913e-17,3.318187064267828e-16,6.636374128535656e-16,0.0,4.636507688359277e-69,1.0444047235848272e-16,0.0,2.4903160872116875e-17,0.0
1044,0.26791044018514276,3707758328076547.5,3047131707587407.0,3047131674392356.0,0.18845891530361442,1.5006467923303687e-17,3.318187064267828e-16,4.977280596401743e-16,1.8546030753437107e-68,1.8546030753437107e-68,1.7578172720693335e-16,0.0,3.980794017163794e-18,0.0
1045,0.42784912549191195,2148649678185808.2,3064286636329128.0,3064286599006834.5,0.09774526517665555,2.0219922228640243e-17,0.0,0.0,4.636507688359277e-69,9.273015376718553e-69,2.523067044925629e-16,0.0,1.421452462512961e-17,0.0
1046,0.3591974525755949,3445812016432597.0,2386466665502870.5,2386466630073964.0,-0.4121038081348483,1.3906809939426467e-17,1.659093532133914e-16,0.0,0.0,4.636507688359277e-69,3.2676014113440686e-16,0.0,2.8542981157061576e-17,0.0
1047,0.15414405812683352,1924918819840789.8,2247385873609655.5,2247385848926563.2,-0.1093380113445758,3.746592070173328e-17,1.659093532133914e-16,1.659093532133914e-16,0.0,4.636507688359277e-69,2.7965282371359116e-16,0.0,3.086723972807363e-17,0.0
1048,0.3559750434902566,1545795194844586.0,1242276200188072.0,1242276189392008.8,-0.5879934462489044,1.3448252651884939e-17,3.318187064267828e-16,1.659093532133914e-16,2.3182538441796384e-69,0.0,3.730774720294192e-16,0.0,2.6276864533239753e-17,0.0
1049,0.4743791014221301,1293173432151221.2,1467691767690986.2,1467691749404290.8,-0.9270151826916408,7.92039772845284e-18,0.0,0.0,0.0,0.0,8.943967342491641e-17,0.0,3.374991949998487e-17,0.0
1050,0.13441813341164252,4829654798868708.0,5190865132161088.0,5190865091996461.0,0.6616362149942299,4.048442209967148e-17,4.977280596401743e-16,4.977280596401743e-16,0.0,1.8546030753437107e-68,3.588158509089798e-16,0.0,1.6964359812846466e-17,0.0
1051,0.3028064307834469,2262718463491666.5,2907438044943504.5,2907437982311396.0,-0.6818827500971099,3.230745756321757e-17,1.659093532133914e-16,1.659093532133914e-16,4.636507688359277e-69,9.273015376718553e-69,6.80969096065157e-16,0.0,4.193816808341323e-17,0.0
1052,0.5384629420658714,2648476057480492.0,4448522011000044.0,4448521872901165.0,-0.5840843176949908,4.755730024044489e-18,3.318187064267828e-16,3.318187064267828e-16,4.636507688359277e-69,0.0,3.7276926355253917e-16,0.0,3.732531108934232e-17,0.0
1053,0.22630040659535464,2734436599328650.5,2863186027765698.5,2863185999622711.5,0.22072511873790415,1.7664147132577907e-17,0.0,1.659093532133914e-16,4.636507688359277e-69,4.636507688359277e-69,4.197130074514812e-17,0.0,3.838827875383408e-17,0.0
1054,0.3634853773162046,2986214080581294.5,2588777519369964.0,2588777482117729.5,-0.26177666838958885,8.361474234190955e-18,3.318187064267828e-16,3.318187064267828e-16,9.273015376718553e-69,9.273015376718553e-69,1.3313430367300732e-16,0.0,3.517261724851706e-17,0.0
1055,0.10645072188615572,1866564590396537.0,2072264906075991.2,2072264905956037.8,0.9936592352218176,4.567574493166129e-17,0.0,0.0,4.636507688359277e-69,0.0,1.9443626244177047e-16,0.0,2.0443928067542657e-17,0.0
1056,0.2568774267534742,2747178133813296.5,3109063128059668.0,3109063106737800.5,0.49929056272239375,3.000180474314634e-17,3.318187064267828e-16,3.318187064267828e-16,0.0,0.0,5.779546953304384e-16,0.0,6.197471754261165e-18,0.0
1057,0.19996872479079836,3212533424249679.0,2716498012768434.0,2716497964760841.0,-0.4767628872136316,3.4086561711916584e-17,3.318187064267828e-16,0.0,9.273015376718553e-69,0.0,2.1730688887698791e-16,0.0,3.9832033350939417e-17,0.0
1058,0.312928367745581,4666088416097911.0,6053246930375119.0,6053246801950459.0,0.20440641821089522,3.5226783648574244e-17,1.659093532133914e-16,0.0,3.7092061506874214e-68,0.0,2.3257377927708916e-16,0.0,8.07592993229134e-18,0.0
1059,0.584556504392682,4121441288939424.5,3746709917816341.0,3746709797820767.5,-0.9403707293879886,2.5481678374034636e-17,1.659093532133914e-16,1.659093532133914e-16,9.273015376718553e-69,1.8546030753437107e-68,7.876189614305744e-17,0.0,2.5738448115224407e-17,0.0
1060,0.1704685486885955,4218781923957976.0,4214899549435169.5,4214899499499115.5,0.36194314309475195,2.8792898845974596e-17,4.977280596401743e-16,4.977280596401743e-16,0.0,1.8546030753437107e-68,4.0806041748878786e-16,0.0,2.5377626491258004e-17,0.0
1061,0.12151997575213162,2842399095732854.0,3019945311856641.5,3019945269078897.5,-0.06472964393557597,7.759332488014377e-18,0.0,0.0,4.636507688359277e-69,2.781904613015566e-68,8.323954464039681e-17,0.0,1.7210021432734482e-17,0.0
1062,0.5875397515795383,1417573309236668.0,2368776904767063.5,2368776878476997.0,-0.06356243328708058,1.1853756462202039e-17,0.0,1.659093532133914e-16,0.0,4.636507688359277e-69,3.2636339496449596e-16,0.0,1.8832823211743027e-17,0.0
1063,0.020095338377497378,3315452390880603.5,3374033001303107.0,3374032911267463.5,-0.7952934528526135,4.641737490168459e-17,0.0,1.659093532133914e-16,0.0,1.8546030753437107e-68,1.1991350964057248e-16,0.0,5.3448436025343985e-18,0.0
1064,0.3211445971806407,3086714581323303.5,3686118042111720.5,3686117966958345.5,-0.25553735412918777,3.583836192162379e-17,0.0,1.659093532133914e-16,0.0,9.273015376718553e-69,2.880046095311567e-16,0.0,2.4031544552797984e-17,0.0
1065,0.275842773943978,2039684655468395.5,2190972221384162.0,2190972179419180.0,-0.9844169133855626,8.52103124343227e-18,1.659093532133914e-16,1.659093532133914e-16,6.954761532538915e-69,4.636507688359277e-69,2.8032990153201445e-16,0.0,1.2982655296483951e-17,0.0
1066,0.30011882739289225,2434079530327121.5,1789849168481998.2,1789849160091232.8,0.40545005944500134,8.656617059648455e-18,3.318187064267828e-16,1.659093532133914e-16,9.273015376718553e-69,9.273015376718553e-69,1.4194154650258896e-16,0.0,2.7428404550382426e-17,0.0
1067,0.3404741192319045,1295700211344779.2,1646232363565310.0,1646232358904308.5,0.6095938949970559,3.288223971780492e-17,1.659093532133914e-16,3.318187064267828e-16,0.0,2.3182538441796384e-69,4.602540719941231e-16,0.0,1.823158135242026e-17,0.0
1068,0.09210706071347094,2251940003591574.5,2163821474499298.8,2163821457032537.5,0.1531838259810783,3.0842217194830414e-18,0.0,0.0,4.636507688359277e-69,0.0,2.971686078635431e-16,0.0,1.2387870382514198e-17,0.0
1069,0.34392988841658445,4508568636386756.0,3800033834103091.5,3800033737824821.5,-0.5134670756074389,1.1829409894332154e-17,3.318187064267828e-16,4.977280596401743e-16,1.8546030753437107e-68,4.636507688359277e-69,1.5273298929427828e-16,0.0,1.968382594508285e-17,0.0
1070,0.5829650019854989,1907521918863580.8,3004805538969522.5,3004805495171463.5,-0.1011379794580173,1.4073915774527205e-17,0.0,1.659093532133914e-16,4.636507688359277e-69,0.0,3.082587435330378e-16,0.0,2.5874846252392173e-17,0.0
1071,0.24040227485917748,1996732273640958.0,1884620722090550.2,1884620704859530.8,-0.10124176430871451,9.179398765432331e-18,3.318187064267828e-16,4.977280596401743e-16,2.3182538441796384e-69,4.636507688359277e-69,2.8158276573711185e-16,0.0,4.074800733001504e-18,0.0
1072,0.5110075392891688,4465751447523353.0,2698755993212220.5,2698755929432408.5,-0.9878134298790526,3.972166192578406e-17,0.0,6.636374128535656e-16,0.0,0.0,0.0,0.0,2.841369715629365e-17,0.0
1073,0.20587282810964708,1506525294035200.8,1601911934195370.2,1601911919815914.2,-0.2719932496923775,2.0231010214139058e-17,3.318187064267828e-16,3.318187064267828e-16,2.3182538441796384e-69,1.1591269220898192e-69,3.944686684237467e-16,0.0,2.1453988693796196e-18,0.0
1074,0.18832565649305635,4518786169103096.0,4388161269100032.0,4388161147024177.0,-0.43907769556828957,4.572114587601131e-17,1.659093532133914e-16,3.318187064267828e-16,1.8546030753437107e-68,1.8546030753437107e-68,1.570775851485176e-16,0.0,3.3912908067804083e-17,0.0
1075,0.4444194171837316,4642283823171186.0,5878572054300489.0,5878571831966989.0,-0.46043033833752156,2.5654105857383935e-17,1.659093532133914e-16,4.977280596401743e-16,1.8546030753437107e-68,0.0,5.08011363599253e-16,0.0,3.2996738172536255e-17,0.0
1076,0.391803484691267,4565785977537252.0,5117309826081761.0,5117309659917769.0,-0.44036686487251003,3.7730167452916275e-17,1.659093532133914e-16,3.318187064267828e-16,3.7092061506874214e-68,3.7092061506874214e-68,1.00545983927935e-16,0.0,3.040452442669765e-17,0.0
1077,0.49967936467348584,4220830907785753.5,2479436687234521.5,2479436648336184.5,-0.4362981722122129,1.8203625256366595e-17,0.0,3.318187064267828e-16,3.7092061506874214e-68,1.6227776909257469e-68,5.480722466027612e-16,0.0,3.538941514003736e-17,0.0
1078,0.5639713295035717,4203385429299886.0,7885023951157802.0,7885023818960233.0,0.5173447233005358,2.4175294468805706e-18,1.659093532133914e-16,1.659093532133914e-16,1.8546030753437107e-68,3.7092061506874214e-68,1.197943787179436e-16,0.0,8.749473471052476e-18,0.0
1079,0.36578224720390895,4265454371617778.0,4871348834607913.0,4871348750475145.0,0.1952030181512929,3.409778054300103e-17,4.977280596401743e-16,8.295467660669571e-16,0.0,9.273015376718553e-69,1.1093777394005605e-16,0.0,3.130359762655206e-17,0.0
1080,0.13496565692052373,1932770077896276.5,2018666733644421.5,2018666721291352.8,0.31187833997375036,3.869908322340899e-18,0.0,0.0,6.954761532538915e-69,2.3182538441796384e-69,5.362722914579417e-16,0.0,1.7535610747159378e-17,0.0
1081,0.37806425770849517,3591117985266417.5,2824618169710074.0,2824618136256461.5,0.048205604136848046,1.5684856653491907e-17,0.0,0.0,0.0,0.0,1.8679468048871138e-16,0.0,2.841809938132582e-17,0.0
1082,0.16827419738142907,3734405987849053.5,3708780612617759.5,3708780576348198.0,0.4014511023376788,1.2520064909920279e-17,0.0,1.659093532133914e-16,9.273015376718553e-69,9.273015376718553e-69,3.738777444704826e-16,0.0,1.3059012926849786e-17,0.0
1083,0.4614030013275069,2323253236352549.5,2106783662517181.2,2106783649240853.8,0.32101889871644557,2.602943174125865e-17,0.0,3.318187064267828e-16,0.0,0.0,2.469981728275683e-16,0.0,3.267967360644542e-17,0.0
1084,0.3833227639346814,3696122294602336.0,5491975727234136.0,5491975504144861.0,-0.6789629365261508,1.6113984968929005e-17,3.318187064267828e-16,4.977280596401743e-16,1.8546030753437107e-68,1.1127618452062264e-67,1.2444588053739614e-16,0.0,1.2455973129862157e-17,0.0
1085,0.11460536721687162,2245312744905545.5,2281018535493742.0,2281018502937256.5,-0.4203635307775118,4.3180042473173803e-17,0.0,3.318187064267828e-16,4.636507688359277e-69,4.636507688359277e-69,5.1114420981826685e-17,0.0,4.494361359674216e-17,0.0
1086,0.37231962380709227,4357518072647580.0,5342807293168810.0,5342807280844580.0,0.9019967722303394,3.725040194896301e-17,0.0,3.318187064267828e-16,0.0,0.0,1.0859393006318521e-16,0.0,3.0651628020931866e-17,0.0
1087,0.4115595897396556,2105387291154644.5,2721553273057892.5,2721553223281387.5,-0.5254934430108262,2.5430014194595367e-17,0.0,3.318187064267828e-16,4.636507688359277e-69,9.273015376718553e-69,5.921466731610503e-16,0.0,2.5915143642824587e-17,0.0
1088,0.44004431551269235,1246760374247695.0,1568819001126185.8,1568818995150535.0,0.44886352657877,7.585263954399347e-18,3.318187064267828e-16,4.977280596401743e-16,0.0,0.0,5.387255637612205e-16,0.0,3.942905706442344e-17,0.0
1089,0.5664065742797553,1692674982603901.8,3102657898171971.5,3102657849241611.0,-0.15379924206532825,2.032194142836325e-17,0.0,0.0,4.636507688359277e-69,1.8546030753437107e-68,2.1441082682308695e-16,0.0,1.3276839624743803e-17,0.0
1090,0.21096933675022755,4184468514340330.0,3855732913847569.5,3855732827337712.0,-0.32090424231856995,3.7238280634058795e-17,1.659093532133914e-16,1.659093532133914e-16,0.0,1.8546030753437107e-68,4.731175759543769e-16,0.0,4.113762593557526e-17,0.0
1091,0.5864314275389757,4515200628623434.0,8254740528089604.0,8254739976278297.0,-0.838244974032438,2.4085495520503443e-17,3.318187064267828e-16,6.636374128535656e-16,0.0,1.4836824602749686e-67,1.9190251317592572e-16,0.0,2.4305173186884333e-17,0.0
1092,0.02087898733544555,2401612988074467.5,2372649885486012.5,2372649861641380.0,0.03851405332965649,3.7974300176313204e-17,1.659093532133914e-16,3.318187064267828e-16,4.636507688359277e-69,4.636507688359277e-69,2.389391243486318e-16,0.0,2.275085366494781e-17,0.0
1093,0.10021462064157532,3080439966521562.0,3007773973419363.5,3007773922380906.0,-0.28063913153008124,8.706303116697127e-18,1.659093532133914e-16,1.659093532133914e-16,0.0,1.8546030753437107e-68,4.900389370825789e-16,0.0,3.4068568982544606e-17,0.0
1094,0.2712173737692425,2603457080228528.5,2091271490052710.5,2091271456541861.5,-0.7393389324636318,1.4658251907383086e-17,3.318187064267828e-16,3.318187064267828e-16,9.273015376718553e-69,0.0,5.510358791323376e-18,0.0,2.601512179953348e-17,0.0
1095,0.3588940930851529,2773641423691134.0,3680855723702905.5,3680855620332341.5,-0.7318844938747169,2.2012714511299668e-17,4.977280596401743e-16,6.636374128535656e-16,0.0,0.0,1.655121817819276e-16,0.0,3.997218065013671e-17,0.0
1096,0.08506772939606502,2569854158283135.5,2519587800623363.5,2519587771770543.0,-0.03168924381708519,4.442833450545873e-17,1.659093532133914e-16,1.659093532133914e-16,0.0,0.0,3.8222195029411394e-16,0.0,1.7326912114071355e-17,0.0
1097,0.20599839879463722,3611622487471830.0,2973251272245697.0,2973251252524638.0,0.49360824385620045,3.3949752164225877e-17,1.659093532133914e-16,4.977280596401743e-16,1.8546030753437107e-68,0.0,1.9329419014823852e-16,0.0,3.0590712955821996e-17,0.0
1098,0.0002659557869647777,2368724587464181.5,2368483105532161.0,2368483067297789.5,-0.5471520409965904,4.646390510743565e-17,0.0,1.659093532133914e-16,4.636507688359277e-69,4.636507688359277e-69,1.9976995862433177e-16,0.0,1.8242632994583357e-17,0.0
1099,0.372076610087008,1680956142403668.0,2015395659367550.5,2015395654486906.2,0.7272428644613632,2.2996388130317087e-17,1.659093532133914e-16,0.0,0.0,2.3182538441796384e-69,1.3820751744289905e-16,0.0,4.3190472960837115e-17,0.0
1100,0.5756306670204702,2253607598329222.0,4074765418759617.5,4074765327748440.0,-0.24425426211115153,1.1926450013831884e-17,3.318187064267828e-16,6.636374128535656e-16,0.0,1.8546030753437107e-68,6.401334655206289e-16,0.0,8.016381040970499e-18,0.0
1101,0.13537680417772027,3842644313323863.0,3750199986602438.5,3750199929718801.5,0.08188280792603923,2.5772029983868487e-17,0.0,0.0,9.273015376718553e-69,9.273015376718553e-69,2.8017632624565063e-16,0.0,1.9861388589426876e-17,0.0
1102,0.48453575524633197,1785569819336794.5,2369859345757789.5,2369859344369056.5,0.9438702329453575,1.2235942606547353e-17,0.0,0.0,0.0,2.3182538441796384e-69,2.5710080812542084e-16,0.0,3.374285929589264e-17,0.0
1103,0.2500275654914151,2695323061747253.5,2901528129114478.0,2901528097850754.5,0.15704041155050158,3.336782217573921e-17,0.0,1.659093532133914e-16,9.273015376718553e-69,0.0,0.0,0.0,3.5228532042333176e-17,0.0
1104,0.21287675941963183,4887251627558385.0,4521931985207430.0,4521931843672762.0,-0.5712106243883446,1.5372036571831205e-17,3.318187064267828e-16,4.977280596401743e-16,1.8546030753437107e-68,0.0,3.5146298750044087e-16,0.0,3.012762465643414e-17,0.0
1105,0.4575533586996273,4165855904242185.5,3789398518670089.5,3789398416564380.5,-0.6140949948890595,2.6437050912029674e-17,1.659093532133914e-16,4.977280596401743e-16,0.0,4.636507688359277e-69,2.6567917718322507e-16,0.0,2.4290484612558126e-17,0.0
1106,0.0117943745879713,1683941812207637.2,1669131752883483.8,1669131728505080.8,-0.9862944745358803,8.120494908087354e-18,0.0,0.0,0.0,2.3182538441796384e-69,9.787914906692007e-17,0.0,2.56722454072255e-17,0.0
1107,0.46620351484519057,1276496198236005.0,1142549650329569.5,1142549640047809.8,-0.7878740116634686,1.1653938549937636e-17,1.659093532133914e-16,1.659093532133914e-16,1.1591269220898192e-69,2.3182538441796384e-69,2.3032199813175723e-16,0.0,2.1131775649485175e-17,0.0
1108,0.4013501914407209,2315839922087534.0,3444152101635824.5,3444152069632518.0,0.3875793398362521,3.553008869725542e-18,3.318187064267828e-16,3.318187064267828e-16,0.0,9.273015376718553e-69,4.348676618037881e-16,0.0,2.7605503289370342e-17,0.0
1109,0.13017754351100602,4475344229936171.5,3979241826112646.0,3979241773955298.5,0.2522878242222155,4.6972169694366695e-17,0.0,3.318187064267828e-16,1.8546030753437107e-68,1.8546030753437107e-68,2.921810856389843e-16,0.0,9.699734341022275e-18,0.0
1110,0.0699042160154142,2279978206573253.5,2244575310045100.5,2244575282977080.8,-0.21957282513974632,1.5361660823190414e-17,1.659093532133914e-16,1.659093532133914e-16,9.273015376718553e-69,4.636507688359277e-69,3.3767262048961327e-16,0.0,7.970485085871793e-18,0.0
1111,0.3606528212376943,3934801153705829.5,3810863428860742.5,3810863413101485.5,0.7536749512795858,8.512998003473737e-18,1.659093532133914e-16,3.318187064267828e-16,1.8546030753437107e-68,1.8546030753437107e-68,6.013010497169508e-17,0.0,3.9142752177408476e-17,0.0
1112,0.3467250586054049,4017965593246216.0,3488507107934490.0,3488507014854087.0,-0.7361956179455951,1.3588779695196736e-17,0.0,1.659093532133914e-16,9.273015376718553e-69,1.8546030753437107e-68,1.7161434063431916e-16,0.0,2.943799802456524e-17,0.0
1113,0.47264220899210435,1392447171512045.8,1727582146149618.5,1727582127863555.2,-0.39079277365980625,1.215280201220903e-17,0.0,0.0,0.0,0.0,3.32252488481235e-16,0.0,8.994474921677282e-18,0.0
1114,0.385386098375152,2281500437521544.5,1719444831499159.5,1719444825995929.5,0.5774668649330789,2.642653990260787e-17,0.0,3.318187064267828e-16,4.636507688359277e-69,9.273015376718553e-69,0.0,0.0,2.9047905726718166e-17,0.0
1115,0.24304960447045665,1672236893730289.5,1728484499706380.5,1728484473892093.0,-0.9613214872243129,1.1107381515942074e-17,3.318187064267828e-16,1.659093532133914e-16,4.636507688359277e-69,4.636507688359277e-69,1.5537080685692666e-16,0.0,3.0644538170230425e-17,0.0
1116,0.36235286779530457,4743668792138500.0,6336295803247833.0,6336295531704750.0,-0.5352796410814261,2.7218254944734912e-17,0.0,0.0,0.0,1.1127618452062264e-67,1.5538815315155743e-16,0.0,3.8410632382921925e-17,0.0
1117,0.2310245949660372,1699583536583297.5,1780720835925927.2,1780720835322966.5,0.9568364509695119,3.8992096941957316e-17,0.0,0.0,2.3182538441796384e-69,4.636507688359277e-69,3.3124409497272364e-16,0.0,2.912930445847822e-17,0.0
1118,0.08387029736100263,2490148987047739.5,2416378847805786.5,2416378820417527.5,-0.06476556268620895,3.952117340884208e-17,3.318187064267828e-16,4.977280596401743e-16,0.0,9.273015376718553e-69,1.7075747063823238e-17,0.0,3.7074907729792546e-17,0.0
1119,0.4012030319515859,2867413787448117.5,2048340719356346.0,2048340694757263.2,-0.3308654246923696,1.3078047445239223e-17,0.0,1.659093532133914e-16,0.0,6.954761532538915e-69,1.6981113722413658e-16,0.0,1.1293051152587047e-17,0.0
1120,0.23980399691804707,2925026662666059.5,2875880423819230.0,2875880360261268.0,-0.7444074716112042,1.191809379227372e-17,3.318187064267828e-16,1.659093532133914e-16,0.0,0.0,7.847303571199313e-17,0.0,1.218847486603495e-17,0.0
1121,0.039468440120593605,1524827800560880.2,1565252719589750.2,1565252703610706.0,-0.48047639917668067,4.056174437335781e-17,0.0,0.0,2.3182538441796384e-69,2.3182538441796384e-69,1.369863926026887e-16,0.0,2.899252763940503e-17,0.0
1122,0.4723936992609684,3625891660676354.0,4694570608611464.0,4694570577042780.0,0.6748495609232077,8.503923415370968e-18,1.659093532133914e-16,3.318187064267828e-16,0.0,9.273015376718553e-69,1.8251614544878845e-16,0.0,3.0125484533399654e-17,0.0
1123,0.2524587316516221,4903353874696691.0,5967640219596332.0,5967640023553203.0,-0.24958553609731052,2.1560310022594162e-17,0.0,1.659093532133914e-16,0.0,3.7092061506874214e-68,2.1451945883002023e-16,0.0,2.1651198126066446e-17,0.0
1124,0.35468016538740943,4517716948644771.0,5650551259894279.0,5650551195269738.0,0.5405529611239434,2.96893230370237e-17,1.659093532133914e-16,0.0,0.0,3.7092061506874214e-68,1.1431778038025596e-16,0.0,3.233368736732776e-17,0.0
1125,0.31154005715471733,2033718823503393.2,2542804505763671.5,2542804458491005.5,-0.6596013177788229,1.6228390651740253e-17,3.318187064267828e-16,4.977280596401743e-16,4.636507688359277e-69,4.636507688359277e-69,3.269313216987023e-16,0.0,2.31760370126158e-17,0.0
1126,0.030402471781445305,3570896161860281.0,3658748740951055.0,3658748734696334.5,0.8939373738298496,3.9240500959917744e-17,3.318187064267828e-16,3.318187064267828e-16,9.273015376718553e-69,0.0,0.0,0.0,4.2509185020639804e-17,0.0
1127,0.3845372016501818,1801038326582891.0,2033767549833150.5,2033767529865339.2,-0.09584077317255676,3.6809219950858957e-17,0.0,1.659093532133914e-16,2.3182538441796384e-69,4.636507688359277e-69,1.7157987042066838e-16,0.0,1.2749636562605878e-17,0.0
1128,0.39336905966073665,2373520462424769.0,3123147243644853.0,3123147200997025.0,0.00749747070474537,2.416122691319701e-17,3.318187064267828e-16,0.0,9.273015376718553e-69,0.0,8.434174852432565e-16,0.0,1.9125263198474503e-17,0.0
1129,0.2835803840594277,1881292549004196.8,1432615089144083.0,1432615083559619.5,0.38235056921732974,3.74709059187254e-17,1.659093532133914e-16,1.659093532133914e-16,2.3182538441796384e-69,2.3182538441796384e-69,0.0,0.0,2.1381523135651775e-17,0.0
1130,0.42445846371974705,4537707677740438.0,4243246317573278.5,4243246284112776.5,0.5781523955276668,3.1282832250873395e-17,0.0,0.0,1.8546030753437107e-68,3.7092061506874214e-68,3.819013518111072e-16,0.0,1.0599154335786936e-17,0.0
1131,0.06384389490457476,3768674557966415.0,3697977052543308.5,3697977051574060.0,0.9839110977949701,4.4663018085344086e-17,1.659093532133914e-16,1.659093532133914e-16,1.8546030753437107e-68,0.0,3.498795963873931e-16,0.0,1.440308941893872e-17,0.0
1132,0.107484069392927,3205293031226863.5,3355142993752546.5,3355142912570952.5,-0.6370243271800357,2.9009563547365135e-18,0.0,0.0,0.0,2.781904613015566e-68,1.4323275903183947e-16,0.0,2.6601505578974986e-17,0.0
1133,0.3935285587819206,3888216797354230.0,3530352820219573.5,3530352728892170.0,-0.6633533528612927,2.9670360474557754e-17,3.318187064267828e-16,4.977280596401743e-16,9.273015376718553e-69,4.636507688359277e-69,4.2261678849752713e-16,0.0,1.9761525164388172e-17,0.0
1134,0.4967992946994057,1492662304900646.8,1669157792351488.8,1669157772834116.8,-0.590179583837576,1.5476242632587038e-17,3.318187064267828e-16,0.0,0.0,4.636507688359277e-69,3.7862962650767143e-16,0.0,3.7608466535823486e-17,0.0
1135,0.1712116384589644,2826762807505211.5,2458349315753140.5,2458349307212482.5,0.6792078234054965,3.645845637551451e-18,0.0,1.659093532133914e-16,4.636507688359277e-69,4.636507688359277e-69,8.120091333750951e-17,0.0,4.312844175332059e-17,0.0
1136,0.4320085433345361,1269691715875119.2,1332156382054679.5,1332156374699938.0,0.059244850387608815,3.8659182478249184e-17,0.0,1.659093532133914e-16,2.3182538441796384e-69,1.1591269220898192e-69,9.360965646297237e-16,0.0,1.1812806168827906e-17,0.0
1137,0.3839514372699033,3894228518610081.0,4159044425092791.5,4159044412195083.5,0.8307436235852306,4.2069098915787033e-17,3.318187064267828e-16,6.636374128535656e-16,0.0,0.0,2.947127019652293e-17,0.0,1.7170948161362062e-17,0.0
1138,0.3194465516108316,2994051815522912.5,3132236779162020.5,3132236704994972.5,-0.7160164583125421,2.1252791204673368e-17,1.659093532133914e-16,0.0,0.0,1.8546030753437107e-68,3.4974627370390547e-16,0.0,1.1924935125248437e-17,0.0
1139,0.17250371266484135,2475461147304572.0,2523168287090296.5,2523168254439972.0,-0.1641654031520215,1.6602922401314695e-17,1.659093532133914e-16,1.659093532133914e-16,0.0,9.273015376718553e-69,5.099843603052377e-16,0.0,6.180846958468936e-18,0.0
1140,0.22512783823945826,1970946004119863.5,1621129365548661.2,1621129353120788.8,-0.0734481272846758,1.8780288865419873e-17,3.318187064267828e-16,1.659093532133914e-16,2.3182538441796384e-69,4.636507688359277e-69,3.4202283935859743e-16,0.0,2.601193501882903e-17,0.0
1141,0.558568073640951,2327765488533817.5,2399138082563816.0,2399138045064361.0,-0.47888392403698726,3.112551801100277e-17,3.318187064267828e-16,0.0,4.636507688359277e-69,9.273015376718553e-69,1.102468181703483e-16,0.0,3.1398120547226717e-17,0.0
1142,0.025508665183551483,3190259522569012.5,3243045914303288.0,3243045886550657.5,0.40101274749441324,8.076338703559224e-18,0.0,0.0,0.0,9.273015376718553e-69,5.228686847649129e-16,0.0,2.1869019767734515e-17,0.0
1143,0.09776839900051337,1373197386301580.5,1343289086636763.5,1343289083977416.8,0.6654541883696363,3.4469017397815415e-17,1.659093532133914e-16,0.0,0.0,2.3182538441796384e-69,1.023606295892142e-16,0.0,4.13796419331985e-17,0.0
1144,0.2271049220137897,2465264528541732.5,2910014382442512.5,2910014371324875.0,0.7019824376310234,4.2196019526175574e-17,3.318187064267828e-16,4.977280596401743e-16,9.273015376718553e-69,0.0,9.310794809257328e-17,0.0,1.2974429466436948e-17,0.0
1145,0.06307723778805747,2273737787089133.5,2336285035409580.0,2336285032593370.5,0.8828795022449262,1.3584062104577757e-17,0.0,1.659093532133914e-16,4.636507688359277e-69,0.0,1.4497959491459123e-16,0.0,4.2496143005841104e-17,0.0
1146,0.2046742580272094,4029094311443453.0,4664403295579236.0,4664403199958554.0,0.0023475484722649998,2.2361296296078024e-17,1.659093532133914e-16,3.318187064267828e-16,9.273015376718553e-69,0.0,4.147446420320581e-16,0.0,4.331856385567093e-17,0.0
1147,0.27600498578458504,3949966911455141.5,4196051615317026.0,4196051467978137.5,-0.899570323874314,3.0504859839978174e-18,0.0,1.659093532133914e-16,2.781904613015566e-68,3.7092061506874214e-68,2.250621454954539e-16,0.0,4.1098867938690423e-17,0.0
1148,0.045611070093826596,2652396199096846.0,2711229719921362.5,2711229710118843.0,0.6972914534344811,4.1791466053455254e-17,3.318187064267828e-16,1.659093532133914e-16,9.273015376718553e-69,4.636507688359277e-69,2.631981014279626e-16,0.0,4.747118703510484e-17,0.0
1149,0.34901887524107506,2120112570238864.5,1523732255159007.2,1523732235244697.5,-0.9470072121673826,3.4964480961190244e-17,0.0,1.659093532133914e-16,4.636507688359277e-69,3.4773807662694575e-69,2.2966648232450905e-16,0.0,2.9683061524912534e-17,0.0
1150,0.05061472486023535,2078993579326922.8,2020337946383501.2,2020337935725193.2,0.4072660007465218,4.047641811075513e-17,0.0,3.318187064267828e-16,4.636507688359277e-69,2.3182538441796384e-69,1.156725505915481e-16,0.0,2.2063418850562782e-17,0.0
1151,0.03240754990552632,2930647538637417.5,2962834567321447.5,2962834502671749.0,-0.6717499671144208,3.2381691871059146e-17,1.659093532133914e-16,1.659093532133914e-16,0.0,9.273015376718553e-69,3.8370045434380994e-16,0.0,4.7776375946685104e-17,0.0
1152,0.37320831040621166,4453391968062394.5,6293609661454314.0,6293609355082897.0,-0.7557726243063541,3.465568951192669e-17,3.318187064267828e-16,1.659093532133914e-16,0.0,7.418412301374843e-68,4.0255412263853137e-16,0.0,1.754886013056544e-17,0.0
1153,0.34269813822206446,4329417202652278.5,5559386487628959.0,5559386322413961.0,-0.21343177908577618,1.5795264838375575e-17,1.659093532133914e-16,1.659093532133914e-16,1.8546030753437107e-68,7.418412301374843e-68,1.185511705364798e-16,0.0,1.9831925565571236e-17,0.0
1154,0.5794648869498579,2315493784710001.0,1548397425783409.2,1548397405292586.8,-0.9400553856224456,3.4304213830364154e-17,0.0,3.318187064267828e-16,4.636507688359277e-69,2.3182538441796384e-69,3.9027659940690605e-16,0.0,2.522081732643471e-17,0.0
1155,0.3593516645721832,4220654112304129.5,5861831649574275.0,5861831382512479.0,-0.7642686476944999,3.838967150987592e-17,1.659093532133914e-16,1.659093532133914e-16,0.0,0.0,2.678097545871048e-16,0.0,3.3137515030250466e-17,0.0
1156,0.06994385047825073,2773119111773829.5,2774442128689852.5,2774442107295426.5,0.3690878060249681,4.811421066431856e-18,3.318187064267828e-16,1.659093532133914e-16,4.636507688359277e-69,0.0,4.757402992680686e-16,0.0,2.290480848156525e-17,0.0
1157,0.17164452267748853,1578708328447563.0,1750914115255925.5,1750914099127243.5,-0.19423229915338971,3.737447073032606e-17,1.659093532133914e-16,4.977280596401743e-16,2.3182538441796384e-69,2.3182538441796384e-69,4.770761472822686e-16,0.0,4.011621427292603e-17,0.0
1158,0.4091982698528591,2499448708607685.5,3244990720677525.5,3244990633130121.5,-0.8872784523830696,9.967213280464058e-18,0.0,0.0,4.636507688359277e-69,9.273015376718553e-69,2.7261868506866124e-16,0.0,8.325417394556242e-18,0.0
1159,0.45657514690997786,1264374953041412.8,1464153087808563.5,1464153085842509.0,0.7918184861541597,1.7206937243611134e-17,0.0,3.318187064267828e-16,1.1591269220898192e-69,0.0,2.2537841451350895e-16,0.0,2.824292717909655e-17,0.0
1160,0.45056591565091253,4501809072961269.0,4515267614478806.0,4515267490722519.0,-0.37790699985557724,3.5007014382392295e-17,0.0,0.0,1.8546030753437107e-68,3.7092061506874214e-68,1.4421425942243579e-16,0.0,1.618755876663662e-17,0.0
1161,0.5015288792642165,4464303198472929.5,6601392741022041.0,6601392568356934.0,0.10059962530861609,3.290852728427965e-17,3.318187064267828e-16,4.977280596401743e-16,0.0,0.0,2.479180108737982e-16,0.0,1.4972217001454352e-17,0.0
1162,0.4166039684513506,1969491168007217.5,2561664559849828.5,2561664506971942.5,-0.829149436532692,2.860189121659762e-17,1.659093532133914e-16,0.0,0.0,9.273015376718553e-69,1.8427492768605645e-16,0.0,1.0838681774247916e-17,0.0
1163,0.251892816128673,2475445773560913.5,2335962070566282.5,2335962069945380.0,0.9741707621808385,1.3932171270749818e-17,3.318187064267828e-16,3.318187064267828e-16,0.0,0.0,5.058879891760699e-16,0.0,1.1103408744915207e-17,0.0
1164,0.11601621957164006,4073319581710428.0,4571998478483929.0,4571998464586973.0,0.8490868367998734,3.267658537221899e-17,0.0,1.659093532133914e-16,1.8546030753437107e-68,3.7092061506874214e-68,9.67886220160563e-16,0.0,2.4049437394241143e-18,0.0
1165,0.2874927715639404,3480616369456281.5,4270490649272797.5,4270490540666230.0,-0.3518240403816814,1.438304855110718e-17,1.659093532133914e-16,1.659093532133914e-16,9.273015376718553e-69,1.8546030753437107e-68,1.9297205270475186e-16,0.0,1.6107272263217476e-17,0.0
1166,0.4571119942636531,4718807302174634.0,2930309278815202.5,2930309238382747.5,-0.06886490308199775,6.0313735194178235e-18,0.0,0.0,1.8546030753437107e-68,4.636507688359277e-69,0.0,0.0,1.1983048626145675e-17,0.0
1167,0.5699779462495602,3371677162030767.0,4020461338127393.0,4020461221462194.5,-0.6383593822914534,2.5945171974166097e-17,3.318187064267828e-16,1.659093532133914e-16,1.8546030753437107e-68,2.781904613015566e-68,1.8330457386473233e-16,0.0,2.793587382630832e-17,0.0
1168,0.5443663386571115,1632502119487163.8,1179940076615762.8,1179940069585789.0,-0.14618158516852528,1.9438788195653647e-17,4.977280596401743e-16,6.636374128535656e-16,0.0,0.0,5.59109405530884e-16,0.0,2.0069520440878412e-17,0.0
1169,0.532878632311623,2567045282230227.0,3519405024001949.0,3519404923037314.5,-0.850335183308441,2.564042067482533e-17,0.0,3.318187064267828e-16,4.636507688359277e-69,1.8546030753437107e-68,1.564785459208524e-16,0.0,2.019853433437044e-17,0.0
1170,0.22362676631258543,4382963094154912.5,4034925648483306.5,4034925545351448.5,-0.43794209010211754,2.681592600803336e-17,0.0,3.318187064267828e-16,1.8546030753437107e-68,1.8546030753437107e-68,1.235143681157774e-16,0.0,2.540038116400546e-17,0.0
1171,0.464945891287343,3346507657708506.0,2212331499587390.0,2212331464519491.0,-0.6264059753842919,1.1568573355497883e-17,0.0,0.0,9.273015376718553e-69,4.636507688359277e-69,9.700038486731915e-17,0.0,4.27870779610286e-17,0.0
1172,0.15604700075823602,3454730507919238.0,3165402568745873.5,3165402517311294.0,-0.1652441165037477,2.819644443442801e-17,3.318187064267828e-16,1.659093532133914e-16,9.273015376718553e-69,9.273015376718553e-69,5.637705112136248e-16,0.0,5.783219436810764e-18,0.0
1173,0.2871495295549552,3700571513204928.5,3371870665689571.0,3371870620071044.5,0.08920831089392595,3.218807591925221e-17,3.318187064267828e-16,3.318187064267828e-16,9.273015376718553e-69,3.7092061506874214e-68,1.8633351997544423e-16,0.0,3.717207965922943e-17,0.0
1174,0.5472048087812866,3910855686004299.5,6421228826852603.0,6421228775793168.0,0.7189009810934237,3.246128651927115e-17,0.0,3.318187064267828e-16,9.273015376718553e-69,5.563809226031132e-68,3.484641086479823e-16,0.0,2.464844052671179e-17,0.0
1175,0.24441518729851983,3070393959059582.5,2508469015160762.0,2508468963549007.0,-0.8618760704075242,1.7432331296978066e-17,1.659093532133914e-16,1.659093532133914e-16,0.0,4.636507688359277e-69,3.4461616644337285e-16,0.0,1.3547023589337803e-17,0.0
1176,0.02951381643668562,4517608590418583.0,4592383017810179.0,4592382913918272.0,-0.11821454453942934,5.276001088764447e-18,0.0,1.659093532133914e-16,1.8546030753437107e-68,0.0,2.502059041614518e-16,0.0,2.975811464852026e-17,0.0
1177,0.32498505267361455,4844618205147440.0,4860312384968682.0,4860312203366810.0,-0.7450649145108766,3.323507495866913e-17,3.318187064267828e-16,4.977280596401743e-16,0.0,7.418412301374843e-68,3.5534645668369043e-16,0.0,2.879061727198035e-17,0.0
1178,0.051199834322804734,2065507342817412.0,2015920210042950.8,2015920181293894.8,-0.6058187870105383,3.616203144642876e-17,0.0,1.659093532133914e-16,4.636507688359277e-69,4.636507688359277e-69,2.3255113825667217e-16,0.0,6.163712491982579e-18,0.0
1179,0.07180898935730022,4380357014862464.0,4095166512996470.0,4095166475274998.0,0.48941844730714634,4.203454748562422e-18,1.659093532133914e-16,1.659093532133914e-16,1.8546030753437107e-68,0.0,1.0500678185933916e-16,0.0,5.032930583332099e-18,0.0
1180,0.19593815856069302,4673716775507478.0,5004326132491202.0,5004325919222866.0,-0.933102153651671,2.905900324830898e-17,0.0,0.0,1.8546030753437107e-68,0.0,9.822406139833003e-17,0.0,1.3511836801500494e-17,0.0
1181,0.21476825479622336,1967245431934615.5,2384021846948106.5,2384021819390647.5,-0.10062235771485087,3.594644372943762e-17,1.659093532133914e-16,1.659093532133914e-16,2.3182538441796384e-69,1.390952306507783e-68,1.2735666389225886e-16,0.0,3.2605692755587914e-17,0.0
1182,0.21475402462233278,1340551227488911.2,1271231669996326.8,1271231660165658.0,-0.3808715183902212,7.007226979568524e-18,1.659093532133914e-16,0.0,0.0,3.4773807662694575e-69,1.152592740810817e-16,0.0,4.5524045595441145e-17,0.0
1183,0.25189151283025984,1264969329260415.2,1498697129095155.5,1498697125689892.5,0.6558541387348873,3.317190772873926e-17,1.659093532133914e-16,4.977280596401743e-16,1.1591269220898192e-69,1.1591269220898192e-69,4.303596547772211e-16,0.0,3.7387727767520573e-17,0.0
1184,0.19430221541583936,3104820468467173.0,3417413093188332.5,3417413060889720.5,0.3722184825370422,3.9693526315728486e-17,1.659093532133914e-16,1.659093532133914e-16,1.8546030753437107e-68,4.636507688359277e-69,1.5898994475048402e-16,0.0,1.6768352226794647e-17,0.0
1185,0.23164327469657217,1392926317005532.2,1215533257865014.2,1215533254026300.5,0.4102449801741803,2.3709351588597886e-17,3.318187064267828e-16,4.977280596401743e-16,1.1591269220898192e-69,4.636507688359277e-69,6.179500997889488e-17,0.0,4.301069393914021e-17,0.0
1186,0.4952508100101859,4582782476854562.0,4357974205803694.0,4357974203914127.5,0.97741539194965,1.3542905012091586e-17,1.659093532133914e-16,1.659093532133914e-16,0.0,3.7092061506874214e-68,1.5233226699343276e-16,0.0,1.269379175686285e-17,0.0
1187,0.579782853570608,4134998987289263.5,4074125585738604.0,4074125512295337.0,-0.0043909448579282076,2.0597464204816225e-17,0.0,6.636374128535656e-16,0.0,3.7092061506874214e-68,3.40213952014609e-16,0.0,2.3800579862047693e-17,0.0
1188,0.26659769611104167,4602722848851781.0,3909061414395417.5,3909061322130267.5,-0.37060506446027486,2.6327304328905076e-17,1.659093532133914e-16,0.0,1.8546030753437107e-68,2.781904613015566e-68,1.028087130964672e-16,0.0,1.0872251086149547e-17,0.0
1189,0.11720925010016019,3937588071523823.0,3948693419406205.0,3948693360228920.5,0.13847512197607317,2.3498735317581398e-17,1.659093532133914e-16,3.318187064267828e-16,1.8546030753437107e-68,2.781904613015566e-68,6.678357414142558e-16,0.0,4.651092830595905e-17,0.0
1190,0.2778590430337252,3285436647752537.0,3000009874213657.5,3000009850241577.0,0.3953835218711267,1.872685366133477e-17,1.659093532133914e-16,1.659093532133914e-16,9.273015376718553e-69,1.390952306507783e-68,4.0143658274298133e-16,0.0,1.9468701453681536e-17,0.0
1191,0.1130788506954568,1253838468569064.8,1301642527550342.0,1301642519833213.8,-0.033931760633217616,4.382203813419886e-17,0.0,0.0,1.1591269220898192e-69,1.1591269220898192e-69,9.70856311129189e-17,0.0,4.2460307304458075e-17,0.0
1192,0.5311320661342247,2209085617136750.2,1694026585686509.8,1694026576571811.2,0.27902290122466544,2.41496128189801e-17,1.659093532133914e-16,3.318187064267828e-16,4.636507688359277e-69,0.0,7.347214798761263e-17,0.0,1.927917391161192e-17,0.0
1193,0.5688876941856341,2077303465513982.2,2496859814896875.0,2496859814718648.5,0.9935106108581447,3.217613293377761e-17,0.0,1.659093532133914e-16,0.0,9.273015376718553e-69,1.5626630203442018e-16,0.0,2.4316908937967788e-17,0.0
1194,0.1534833672958663,1974210363668892.0,2270911995906617.0,2270911995759638.5,0.9935304691679222,2.9750847988468953e-18,0.0,0.0,4.636507688359277e-69,2.3182538441796384e-69,1.304467717018608e-16,0.0,7.10093732835105e-18,0.0
1195,0.37751783997971866,4065126269782499.0,5613145506855494.0,5613145255786768.0,-0.8088379148151167,8.123644573771182e-18,1.659093532133914e-16,0.0,9.273015376718553e-69,0.0,2.766189086069669e-16,0.0,1.9576355412911062e-17,0.0
1196,0.14514317172909502,4113211282658291.5,4198413234907047.5,4198413093894615.5,-0.8159616302176288,2.5170104512617014e-17,0.0,0.0,1.8546030753437107e-68,0.0,1.6799380780733377e-16,0.0,3.548351292590722e-17,0.0
1197,0.0873434953564158,3473512900037473.0,3196421168929210.5,3196421088868111.5,-0.7787428926205201,2.889318877065909e-17,0.0,1.659093532133914e-16,0.0,9.273015376718553e-69,6.811548228668619e-17,0.0,3.040850681845813e-17,0.0
1198,0.5725954579093888,1448004054347310.5,1138961586596479.2,1138961586256081.0,0.9404353191528684,1.0251334296046434e-17,1.659093532133914e-16,1.659093532133914e-16,2.3182538441796384e-69,0.0,3.3859609379130375e-16,0.0,1.5719322569379655e-17,0.0
1199,0.02673441015507465,1656845496827596.5,1687201693277722.8,1687201676035670.2,-0.3749109693044359,4.5623927364333505e-17,0.0,4.977280596401743e-16,2.3182538441796384e-69,0.0,1.7055488037018224e-16,0.0,4.578739871001118e-17,0.0
1200,0.5630620204480398,2718210781625888.5,2799975077395153.0,2799975061784558.5,0.5480080224088828,1.5498823528590044e-17,0.0,0.0,4.636507688359277e-69,1.1591269220898192e-68,9.441090451568961e-17,0.0,2.3113327734132388e-17,0.0
1201,0.5294539231829828,1626402619123558.8,2775622450288686.0,2775622441101684.5,0.7293097412225353,2.4701245865269233e-17,0.0,3.318187064267828e-16,0.0,1.390952306507783e-68,2.9938392278360075e-16,0.0,2.865991364687365e-17,0.0
1202,0.4518639009211067,1267794658396965.2,1411066837253430.2,1411066833969028.0,0.6255612611877023,1.9829858324150734e-17,0.0,3.318187064267828e-16,1.1591269220898192e-69,2.3182538441796384e-69,2.5704326747964284e-16,0.0,1.8236405445363798e-17,0.0
1203,0.01235283155966005,4814984711760707.0,4843431751941968.0,4843431638111537.0,-0.10146737255421706,2.7092375106617445e-17,1.659093532133914e-16,1.659093532133914e-16,0.0,3.7092061506874214e-68,0.0,0.0,3.3878594559761765e-17,0.0
1204,0.17896224590911708,2467439560065132.0,2836312312362703.5,2836312285289770.0,0.2360818255022302,9.892466276856335e-18,1.659093532133914e-16,4.977280596401743e-16,0.0,4.636507688359277e-69,5.384261729117792e-16,0.0,2.981854165831175e-17,0.0
1205,0.18711797079385697,2244832938029278.0,1880349698672497.5,1880349674009460.2,-0.5833937646214793,1.867501726483128e-17,0.0,0.0,0.0,2.3182538441796384e-69,1.5549166978320802e-16,0.0,1.0578101855291061e-17,0.0
1206,0.28946494592333966,4091401649277206.0,4088086918073042.5,4088086815173883.5,-0.3976267656361359,4.1379980431338627e-17,0.0,1.659093532133914e-16,0.0,9.273015376718553e-69,1.1307714995306455e-16,0.0,2.749758903817158e-17,0.0
1207,0.382577637925222,1353780680584739.2,1749100888626983.0,1749100883905882.5,0.6497056460841087,2.56534889214253e-17,3.318187064267828e-16,1.659093532133914e-16,1.1591269220898192e-69,0.0,1.907455843335939e-16,0.0,7.530796931484914e-18,0.0
1208,0.20765067284605637,4461760251466377.0,3868303782733565.5,3868303692791336.5,-0.36440130157445555,3.787488347859338e-17,1.659093532133914e-16,3.318187064267828e-16,0.0,1.8546030753437107e-68,1.6916367552972012e-16,0.0,4.247733235437731e-17,0.0
1209,0.29254846692857717,2298484181835558.5,1758278118804289.0,1758278102386709.5,-0.20546223923691367,2.1048954553851874e-17,1.659093532133914e-16,0.0,4.636507688359277e-69,2.3182538441796384e-69,1.1680941602871885e-16,0.0,3.955394557660884e-17,0.0
1210,0.13955640745807504,3097705721468318.0,3304415537267475.0,3304415481266536.0,-0.1641947126897369,3.2178423963732716e-17,3.318187064267828e-16,4.977280596401743e-16,9.273015376718553e-69,9.273015376718553e-69,1.4935054502021582e-16,0.0,1.0677663185143167e-17,0.0
1211,0.1747648526028976,3066338393803129.0,3339025795889158.0,3339025775082286.5,0.5763698645115194,1.888163603919806e-17,0.0,1.659093532133914e-16,9.273015376718553e-69,9.273015376718553e-69,1.0586324438789165e-16,0.0,1.3536306318524629e-17,0.0
1212,0.5087121331785295,4487051098463874.0,5360096767395204.0,5360096609440586.0,-0.2479773267620346,1.1085492582317943e-17,0.0,1.659093532133914e-16,1.8546030753437107e-68,2.781904613015566e-68,4.826389751803671e-16,0.0,1.5581198159195896e-17,0.0
1213,0.2541903726340749,4637450571752046.0,4837105491368267.0,4837105334845274.0,-0.5185414646462281,3.4633089060105875e-17,3.318187064267828e-16,4.977280596401743e-16,1.8546030753437107e-68,1.1127618452062264e-67,5.708168826662277e-16,0.0,2.652239100782447e-17,0.0
1214,0.23027795126729858,1664433826681193.2,1895637824008533.0,1895637814773828.5,0.4166463791196784,3.4546030070849935e-17,3.318187064267828e-16,1.659093532133914e-16,0.0,9.273015376718553e-69,2.0685927978489516e-16,0.0,4.166237325759598e-17,0.0
1215,0.07835182734634587,2569413023974477.0,2447083627172954.5,2447083623395222.5,0.8567966622243809,1.711649823242184e-17,1.659093532133914e-16,1.659093532133914e-16,4.636507688359277e-69,4.636507688359277e-69,8.933391386133405e-17,0.0,1.8811928970237295e-17,0.0
1216,0.04381392803743642,3915879344874619.0,3892795666904774.5,3892795624283807.0,0.3615605627467283,4.693722219477295e-17,1.659093532133914e-16,3.318187064267828e-16,0.0,2.781904613015566e-68,3.3672700743003755e-16,0.0,1.1402328178610267e-17,0.0
1217,0.2192283690646881,3592957699193623.0,4355057434787010.0,4355057315228964.5,-0.4309045429847632,2.9904475271391476e-17,0.0,0.0,9.273015376718553e-69,0.0,1.4637868125863124e-16,0.0,1.29608271538277e-17,0.0
1218,0.08885058648421248,3714243599234972.0,3713422339152293.0,3713422253881331.5,-0.40369286725695647,1.4264116420752303e-17,1.659093532133914e-16,3.318187064267828e-16,9.273015376718553e-69,1.8546030753437107e-68,2.8487829819776583e-16,0.0,3.926517411113313e-17,0.0
1219,0.19964212066036094,4367313344449292.5,4087128377539928.0,4087128348748862.5,0.6087622065488346,1.8669479990822024e-17,1.659093532133914e-16,3.318187064267828e-16,1.8546030753437107e-68,9.273015376718553e-69,2.5881640561693093e-16,0.0,3.152579840924231e-17,0.0
1220,0.06864849690684423,4434082001293920.0,4742020721443234.0,4742020701576857.0,0.7994552071620145,4.019739562680247e-17,3.318187064267828e-16,0.0,1.8546030753437107e-68,0.0,5.435454458791958e-16,0.0,4.8833357481329734e-18,0.0
1221,0.3956370998237832,1494607066543007.2,1432290318272915.5,1432290304398331.0,-0.5352443145528535,2.8586828513541795e-17,1.659093532133914e-16,0.0,4.636507688359277e-69,0.0,1.9196995559578472e-17,0.0,1.3758538877889357e-17,0.0
1222,0.548160993259071,3506182920307179.0,2026327176021031.0,2026327172359376.2,0.7975686015129518,3.4873700823199194e-17,1.659093532133914e-16,1.659093532133914e-16,9.273015376718553e-69,9.273015376718553e-69,9.258288518806549e-17,0.0,3.228238296306388e-17,0.0
1223,0.5112486803747088,4434563052589710.5,4284326484045262.5,4284326443300783.0,0.4961244591484579,2.391251848254695e-17,3.318187064267828e-16,1.659093532133914e-16,0.0,1.8546030753437107e-68,1.5528185237362724e-16,0.0,2.0174749982538728e-17,0.0
1224,0.5787154335212424,2226815751190496.2,1606249145863580.8,1606249125534783.2,-0.7885681426331393,2.491473486381685e-17,1.659093532133914e-16,0.0,0.0,5.795634610449096e-69,2.538001497000655e-16,0.0,2.828343687850546e-17,0.0
1225,0.15988643613416842,4117396389854413.0,4014460845185185.5,4014460738317741.5,-0.5052568028362139,3.236154085607079e-17,3.318187064267828e-16,1.659093532133914e-16,0.0,3.7092061506874214e-68,1.1492699949807085e-16,0.0,8.864639916135119e-18,0.0
1226,0.3657176770625563,4447889262759555.0,4820987788381318.0,4820987725838481.0,0.38916328622187285,2.991890002397713e-17,0.0,1.659093532133914e-16,1.8546030753437107e-68,0.0,1.29657311479478e-16,0.0,3.8355049348008576e-17,0.0
1227,0.4193899816608481,2585069671924739.0,2986110904214349.5,2986110827735699.0,-0.9469194105317329,2.630857637079017e-17,3.318187064267828e-16,0.0,0.0,0.0,1.8480929936842264e-16,0.0,2.264197327018297e-17,0.0
1228,0.30767585760628635,2769357976217039.5,3308644401130845.5,3308644391617873.0,0.8027415227709671,3.267166287499721e-17,0.0,3.318187064267828e-16,9.273015376718553e-69,9.273015376718553e-69,2.520821251106912e-16,0.0,1.8816843684032784e-17,0.0
1229,0.46095243891161375,1451714224717946.8,2281076742934640.0,2281076708366859.5,-0.508034664324197,2.776556712802735e-17,1.659093532133914e-16,1.659093532133914e-16,1.1591269220898192e-69,4.636507688359277e-69,1.9764196514169498e-16,0.0,2.1438892310776565e-17,0.0
1230,0.5722540840012564,3194091368210973.5,4418006022039381.5,4418005894708476.0,-0.48081515102535066,1.8725308287147603e-17,1.659093532133914e-16,1.659093532133914e-16,0.0,1.8546030753437107e-68,1.7602671033273825e-16,0.0,1.1607594005981946e-17,0.0
1231,0.21882256659966196,3449409603558125.0,3684246785479981.0,3684246693277136.5,-0.5419366076148616,2.003246912876014e-17,3.318187064267828e-16,1.659093532133914e-16,9.273015376718553e-69,9.273015376718553e-69,1.6489663862087584e-16,0.0,3.14924266400115e-17,0.0
1232,0.19220845132208267,3178059015117204.0,3030919452594820.0,3030919388015436.0,-0.5957495510534484,3.306250503115132e-17,3.318187064267828e-16,3.318187064267828e-16,1.8546030753437107e-68,9.273015376718553e-69,5.407848984228724e-16,0.0,7.304325440444001e-18,0.0
1233,0.17511728023414344,4208018628280804.0,4787657571287091.0,4787657478645181.0,0.08255304290876776,4.634163648103451e-17,1.659093532133914e-16,3.318187064267828e-16,1.8546030753437107e-68,0.0,5.4547220921334916e-17,0.0,1.1691441944801508e-17,0.0
1234,0.20204391971209879,4305694449418906.0,4313121787590624.5,4313121727844846.5,0.2709733598985351,3.3904189922316075e-17,1.659093532133914e-16,4.977280596401743e-16,0.0,2.781904613015566e-68,4.068694111411527e-16,0.0,2.1557256331969415e-17,0.0
1235,0.23589265643228152,2571442621177876.0,2731092028533372.5,2731092018454285.0,0.6932615918520016,1.0515155937500476e-17,1.659093532133914e-16,3.318187064267828e-16,0.0,0.0,9.979951971086499e-17,0.0,3.840456454067291e-17,0.0
1236,0.48909535333163495,2979352567777259.0,2326273711398462.5,2326273672602339.0,-0.6273700956877654,3.614477423387088e-17,0.0,4.977280596401743e-16,9.273015376718553e-69,9.273015376718553e-69,2.811395214712377e-16,0.0,3.123866433923684e-17,0.0
1237,0.12733040124174533,2803166380940214.0,2827821882120186.0,2827821880262839.0,0.9472759711721788,1.7772714839293097e-17,1.659093532133914e-16,1.659093532133914e-16,4.636507688359277e-69,0.0,1.2325241027221627e-16,0.0,2.366181084807045e-18,0.0
1238,0.33533142437694274,1422553135660479.8,1607459873163910.8,1607459857002144.5,-0.41980322227859984,3.6122764563122905e-17,1.659093532133914e-16,0.0,2.3182538441796384e-69,2.3182538441796384e-69,1.8485510194380978e-16,0.0,5.5053015713729796e-18,0.0
1239,0.4142846674461745,3759316628518768.0,3026110925398131.5,3026110924355099.5,0.9741448240699253,1.2357106458972589e-17,0.0,1.659093532133914e-16,0.0,9.273015376718553e-69,1.8672657975961952e-16,0.0,1.6651455756790042e-17,0.0
1240,0.14835883638067401,2261434610658915.5,2228532517174748.0,2228532485499896.0,-0.4477589817437092,1.13460281576018e-17,1.659093532133914e-16,0.0,9.273015376718553e-69,6.954761532538915e-69,2.030000962009207e-16,0.0,2.4580286400913998e-17,0.0
1241,0.4456558992925392,3744816397376976.5,3621090046781706.5,3621090020113510.0,0.538326849605027,1.1379646531892969e-17,0.0,1.659093532133914e-16,0.0,9.273015376718553e-69,1.6216934886382232e-16,0.0,2.1541766689930875e-17,0.0
1242,0.461231159049397,4587387761823199.0,3059821215471915.5,3059821175881983.0,0.040130299792234474,2.2963471876938097e-17,1.659093532133914e-16,0.0,3.7092061506874214e-68,0.0,7.115887873598102e-16,0.0,2.3822579657969148e-17,0.0
1243,0.2153622238611677,3968842210198460.5,3933559324816865.0,3933559301314445.5,0.6552051428109713,3.3047563149970656e-17,3.318187064267828e-16,3.318187064267828e-16,9.273015376718553e-69,0.0,2.7126751575290894e-16,0.0,3.617621589842836e-17,0.0
1244,0.3199875583039078,2532348191524799.0,1943388991823700.0,1943388977962454.5,0.16688991454022917,3.3172465558228975e-17,0.0,0.0,4.636507688359277e-69,6.954761532538915e-69,2.2267482623128136e-16,0.0,2.9975225523642663e-17,0.0
1245,0.008150148679643232,1572455351471364.5,1567253641068878.8,1567253631646516.8,0.1292352704197957,3.1302745092109196e-17,0.0,1.659093532133914e-16,0.0,2.3182538441796384e-69,7.966579624472119e-17,0.0,3.0938689272603924e-17,0.0
1246,0.3582860649443209,4368790493302509.5,5142477062477634.0,5142476953339153.0,0.06318722034547054,3.68565242973888e-17,0.0,4.977280596401743e-16,1.8546030753437107e-68,5.563809226031132e-68,6.478882852675208e-16,0.0,4.109038077103633e-17,0.0
1247,0.11655478916611484,2887623473189866.0,2898476826808158.0,2898476805225078.0,0.416832421442834,3.031950975080748e-17,6.636374128535656e-16,3.318187064267828e-16,4.636507688359277e-69,9.273015376718553e-69,1.8213330605912676e-16,0.0,3.526453017970297e-17,0.0
1248,0.16045199316880204,4766048045689271.0,5158060785311812.0,5158060664386276.0,-0.03172685742698177,1.63948051333131e-17,1.659093532133914e-16,1.659093532133914e-16,0.0,3.7092061506874214e-68,3.524701036720835e-16,0.0,1.568136604771487e-17,0.0
1249,0.43956232318548116,1459974302893965.8,1804863147941725.0,1804863120063003.2,-0.9426918812552842,1.4196662523663206e-17,3.318187064267828e-16,3.318187064267828e-16,0.0,4.636507688359277e-69,1.9280373952135338e-16,0.0,1.395440897758634e-17,0.0
1250,0.5394687954550085,4399836121001309.5,3530202085482744.5,3530201987069166.0,-0.7925674997977561,1.088516394483976e-17,3.318187064267828e-16,3.318187064267828e-16,1.8546030753437107e-68,3.7092061506874214e-68,3.0419581886937793e-16,0.0,1.2981168388900103e-17,0.0
1251,0.4495655547032842,3871277790611001.0,6269454847574116.0,6269454725677917.0,0.29603635824543717,3.654284048700266e-17,1.659093532133914e-16,0.0,0.0,7.418412301374843e-68,1.803295143350725e-16,0.0,1.0411261194001804e-17,0.0
1252,0.3168519731892768,3545702242098504.0,4542577070082076.0,4542576945903829.0,-0.36603097085376884,7.584471047321835e-18,1.659093532133914e-16,1.659093532133914e-16,9.273015376718553e-69,1.8546030753437107e-68,5.035304143640375e-16,0.0,1.4663902448598896e-17,0.0
1253,0.30384911541365495,2903003468177559.5,2831037410270147.0,2831037405616982.0,0.8682117021458603,4.0489863980345066e-17,0.0,3.318187064267828e-16,4.636507688359277e-69,1.8546030753437107e-68,2.404770271512247e-16,0.0,4.350732939464473e-17,0.0
1254,0.5018903826247605,3864145754990033.0,3486471759967816.0,3486471692678534.5,-0.25658887640130573,1.8892035067847795e-17,0.0,3.318187064267828e-16,2.781904613015566e-68,7.418412301374843e-68,1.328255996690589e-16,0.0,2.2224504155572866e-17,0.0
1255,0.08471036602117969,1480083611344552.5,1486262113418462.8,1486262102073909.0,-0.16577899730511847,2.9050882415045394e-17,1.659093532133914e-16,1.659093532133914e-16,2.3182538441796384e-69,2.3182538441796384e-69,3.9545229787735307e-16,0.0,4.767966918151413e-17,0.0
1256,0.26163361907435434,1430676891353760.2,1633317230354078.2,1633317216734035.8,-0.15892944307396892,8.118286668954658e-18,3.318187064267828e-16,1.659093532133914e-16,0.0,4.636507688359277e-69,3.456184816848393e-16,0.0,2.3675058265342256e-17,0.0
1257,0.3379295764131821,4457959694777838.0,3307459658958856.0,3307459636216464.5,0.5280818953594948,2.0969056839809225e-17,1.659093532133914e-16,1.659093532133914e-16,0.0,0.0,1.5066571514285795e-16,0.0,2.6537918694554872e-17,0.0
1258,0.3872258091120112,3908350840439427.5,3310413265059387.0,3310413245270301.5,0.5900971778070406,1.7839796272846987e-17,3.318187064267828e-16,1.659093532133914e-16,9.273015376718553e-69,9.273015376718553e-69,1.6868781579348625e-16,0.0,8.253761518198487e-18,0.0
1259,0.5236685721606573,2172286997433299.0,1426372840097464.0,1426372825632609.2,-0.6138663880871994,3.686523561800478e-17,1.659093532133914e-16,4.977280596401743e-16,4.636507688359277e-69,2.3182538441796384e-69,1.5001612672388135e-16,0.0,1.5758456441425228e-17,0.0
1260,0.5241499873375639,3253237866399923.0,4006247333674526.0,4006247317521980.5,0.7715531996916883,2.5848087219705382e-17,3.318187064267828e-16,0.0,9.273015376718553e-69,1.8546030753437107e-68,1.465870552126543e-16,0.0,1.3447454654682805e-17,0.0
1261,0.2447947190478342,2234475625991185.0,1807640573705697.8,1807640566490782.5,0.4987819572044048,2.8034708918212015e-17,1.659093532133914e-16,1.659093532133914e-16,4.636507688359277e-69,4.636507688359277e-69,1.475270436964176e-16,0.0,4.522145944126209e-17,0.0
1262,0.35249560967434995,3868727547126781.0,4853951261011551.0,4853951184749535.0,0.26525425215403603,4.309155325266514e-17,0.0,3.318187064267828e-16,0.0,1.8546030753437107e-68,1.3452100363017176e-16,0.0,9.531243350769432e-18,0.0
1263,0.07381848990498804,2489858512813782.0,2465965738814316.5,2465965696644094.0,-0.5741692896579339,4.430925593619388e-17,1.659093532133914e-16,1.659093532133914e-16,9.273015376718553e-69,9.273015376718553e-69,4.238718010318507e-16,0.0,4.002624033150947e-17,0.0
1264,0.5432173017828882,2689325365400778.5,1627962416047003.0,1627962401827144.0,-0.21794074210240513,2.6758090129735274e-17,0.0,0.0,0.0,4.636507688359277e-69,3.8467027130496654e-16,0.0,1.817202463709015e-17,0.0
1265,0.04065254099839422,1758476750048653.8,1718455296471923.0,1718455289205098.0,0.4414168420600143,1.6552787444359064e-17,3.318187064267828e-16,1.659093532133914e-16,2.3182538441796384e-69,2.3182538441796384e-69,1.4593809019681343e-16,0.0,1.0022187138435683e-17,0.0
1266,0.3202287900473512,4276881808183224.0,3560978601414997.0,3560978531197049.0,-0.2569819230409027,2.3186905868936755e-17,1.659093532133914e-16,3.318187064267828e-16,1.8546030753437107e-68,1.8546030753437107e-68,1.8591466870841731e-16,0.0,4.316732640395012e-17,0.0
1267,0.49686864298326944,3402220713043345.5,3055162865167345.0,3055162824271340.0,0.005438206134573171,2.7227302189781364e-17,1.659093532133914e-16,1.659093532133914e-16,0.0,9.273015376718553e-69,3.253113957774094e-16,0.0,2.2880839317874633e-17,0.0
1268,0.1748343693171309,2426463962906955.0,2889140110860868.0,2889140098755134.5,0.6707896286203233,2.595708852847831e-17,1.659093532133914e-16,0.0,9.273015376718553e-69,4.636507688359277e-69,2.1415261005857247e-16,0.0,4.305762497481185e-17,0.0
1269,0.40039840144884126,2834957961738086.5,4286310433204702.0,4286310344312447.5,-0.09828816152419222,2.165070163564608e-17,3.318187064267828e-16,3.318187064267828e-16,4.636507688359277e-69,0.0,1.1450347241132945e-16,0.0,3.4309817000167684e-17,0.0
1270,0.37439444103206915,4409337268349130.5,5710924084337868.0,5710923975433135.0,0.2420272266248939,2.8690329692797004e-17,1.659093532133914e-16,1.659093532133914e-16,0.0,0.0,1.3271916538474173e-16,0.0,2.753560754387857e-17,0.0
1271,0.26697320466137275,4572902067601172.0,4435274718323224.0,4435274668385602.0,0.4237559809574832,2.165131339540931e-17,1.659093532133914e-16,0.0,1.8546030753437107e-68,0.0,2.5097379996848954e-17,0.0,2.1425590751807606e-17,0.0
1272,0.0850039021675302,2807526931189230.5,3028703572122496.0,3028703496845078.5,-0.8628195927839918,1.4754397994742895e-17,1.659093532133914e-16,1.659093532133914e-16,4.636507688359277e-69,9.273015376718553e-69,8.175726444793088e-17,0.0,3.1715779777274943e-17,0.0
1273,0.36177444078060333,1411040384630859.5,1147666679367729.5,1147666671069672.8,-0.43009365861611043,1.510166858844648e-17,3.318187064267828e-16,1.659093532133914e-16,3.4773807662694575e-69,0.0,4.454936014922608e-16,0.0,3.0034269269334584e-17,0.0
1274,0.35071158421779314,1414879653666046.8,1073534244728964.5,1073534244354112.5,0.9261674834543071,3.2852371854233204e-17,0.0,3.318187064267828e-16,0.0,0.0,2.5650792392306073e-16,0.0,3.828553549427939e-17,0.0
1275,0.5074798877905765,4629763939590732.0,5858530806183667.0,5858530744331913.0,0.5909332236929316,3.523414766580536e-17,0.0,0.0,1.8546030753437107e-68,3.7092061506874214e-68,2.815504943575166e-16,0.0,2.804991374465546e-17,0.0
1276,0.36863434712552123,4875713292939391.0,3528550765329566.5,3528550729207953.5,0.34144202053606876,2.3292091523764527e-17,1.659093532133914e-16,3.318187064267828e-16,1.8546030753437107e-68,0.0,3.91053942098603e-16,0.0,1.5958814667105245e-17,0.0
1277,0.5452927061123628,2208251246439726.2,3749472181082070.0,3749472146704012.5,0.4449134709048322,1.705759976110705e-17,3.318187064267828e-16,3.318187064267828e-16,4.636507688359277e-69,0.0,4.553603349642804e-16,0.0,3.0735258512177836e-17,0.0
1278,0.1111907752224545,3809909279770001.5,4136701053189904.0,4136700998222013.5,0.27084405406968165,8.125291191446991e-18,1.659093532133914e-16,0.0,0.0,3.7092061506874214e-68,3.460928427503994e-16,0.0,1.3613144079195862e-17,0.0
1279,0.23617333574213273,4450723605819305.0,4211661668747101.5,4211661649074708.5,0.7482497766425906,4.538362544715278e-17,3.318187064267828e-16,1.659093532133914e-16,0.0,1.8546030753437107e-68,1.4601193393476052e-16,0.0,6.399227609092197e-18,0.0
1280,0.2236522711094627,2125463337860212.5,2091306539010054.2,2091306513710692.8,-0.3130878736299691,3.771964572041974e-17,4.977280596401743e-16,6.636374128535656e-16,4.636507688359277e-69,0.0,3.1201749289678436e-16,0.0,2.8584190745913245e-17,0.0
1281,0.4952669569346374,1245251315400736.0,1269789590894138.5,1269789581015625.2,-0.3907455283236542,2.205837778102031e-17,3.318187064267828e-16,3.318187064267828e-16,0.0,2.3182538441796384e-69,2.1188108759419969e-16,0.0,2.2521109569645414e-17,0.0
1282,0.4111565506480798,2866821788940875.5,2848888886918825.0,2848888821115909.5,-0.8404064060634218,1.7698091622073554e-17,1.659093532133914e-16,4.977280596401743e-16,0.0,9.273015376718553e-69,1.1714395503807718e-16,0.0,3.381631410661436e-17,0.0
1283,0.010372628682192776,2144185824016899.0,2132578309828839.5,2132578285649175.8,-0.20686837621496604,1.639164615550475e-17,3.318187064267828e-16,1.659093532133914e-16,4.636507688359277e-69,0.0,4.478235069587671e-16,0.0,4.311307111129811e-17,0.0
1284,0.3012130526502998,1960650702066486.0,1649717891767650.8,1649717873701204.0,-0.5068603018165331,1.2015617031953438e-17,1.659093532133914e-16,1.659093532133914e-16,4.636507688359277e-69,4.636507688359277e-69,6.014158801305895e-16,0.0,3.4420120395552555e-17,0.0
1285,0.3447651156976603,3669965816499379.5,3012211161030360.5,3012211130633502.5,0.23953804530906958,1.2545353788333463e-17,3.318187064267828e-16,1.659093532133914e-16,2.781904613015566e-68,2.781904613015566e-68,1.8301578790518776e-16,0.0,2.855201809609473e-17,0.0
1286,0.29978105351305373,2358345679810243.0,1796485708471979.5,1796485707063008.2,0.9008998755626615,2.8754144046362074e-17,3.318187064267828e-16,3.318187064267828e-16,4.636507688359277e-69,4.636507688359277e-69,1.4599368768729102e-16,0.0,1.5747354284759088e-17,0.0
1287,0.5476013896938738,3134596517865537.0,2638109172893434.5,2638109160173016.0,0.5851075867769518,2.814517933031719e-17,3.318187064267828e-16,3.318187064267828e-16,9.273015376718553e-69,9.273015376718553e-69,4.2915797740118095e-16,0.0,2.106668201371718e-17,0.0
1288,0.0931599628928888,4915142938848883.0,4975990247952846.0,4975990088106146.0,-0.46542724330622254,3.6938339441225686e-17,0.0,0.0,3.7092061506874214e-68,1.8546030753437107e-68,6.871365987316528e-16,0.0,4.117420262171143e-18,0.0
1289,0.3779321872738517,4715564858888321.0,5650030389186593.0,5650030155246676.0,-0.6634984395112428,3.590001121074804e-17,1.659093532133914e-16,1.659093532133914e-16,1.8546030753437107e-68,0.0,9.810999353375473e-17,0.0,3.526108515965051e-17,0.0
1290,0.07129015483543306,1632556311624668.2,1584335615339373.2,1584335595174499.2,-0.8235629444300334,4.593582057312467e-17,0.0,1.659093532133914e-16,2.3182538441796384e-69,2.3182538441796384e-69,5.365375003344935e-16,0.0,4.0388698654053765e-17,0.0
1291,0.16802689206183832,2979206552815112.5,2858732653296767.0,2858732609837504.0,-0.20713235682940806,3.48172707604883e-17,3.318187064267828e-16,4.977280596401743e-16,9.273015376718553e-69,4.636507688359277e-69,1.7227992353541655e-16,0.0,4.04972153712334e-18,0.0
1292,0.2095244822378603,1933106916996930.2,1914723685719672.0,1914723654225721.5,-0.9499997030280393,1.0804224341649548e-17,3.318187064267828e-16,3.318187064267828e-16,2.3182538441796384e-69,4.636507688359277e-69,1.696459693516505e-16,0.0,3.642226695370733e-17,0.0
1293,0.5349872134290368,3085900619347776.5,4772867266460693.0,4772867228554818.0,0.622282220773409,2.25225887057472e-17,4.977280596401743e-16,6.636374128535656e-16,9.273015376718553e-69,9.273015376718553e-69,1.663233980696629e-16,0.0,3.615643097240444e-17,0.0
1294,0.041235607169084566,3901976633087521.0,3955922081579060.0,3955921955661879.0,-0.8264557884515632,4.8841767516442496e-18,0.0,0.0,0.0,1.8546030753437107e-68,0.0,0.0,3.068484482446606e-17,0.0
1295,0.3387910690781526,4851510981480404.0,3600140152154157.5,3600140130356658.0,0.6182425938777252,2.420417026062065e-17,1.659093532133914e-16,3.318187064267828e-16,0.0,3.7092061506874214e-68,4.659712598108191e-16,0.0,1.051158842977173e-17,0.0
1296,0.22099705221701169,1354881391371286.8,1134997868664599.0,1134997867713092.5,0.8323354343484739,4.266020968601211e-17,4.977280596401743e-16,8.295467660669571e-16,1.1591269220898192e-69,1.1591269220898192e-69,2.0748878818068322e-16,0.0,2.947191578318535e-17,0.0
1297,0.3678273453133381,2562222930976725.5,1828525746846374.8,1828525734677740.5,0.1738492586832056,3.3324995039330157e-17,1.659093532133914e-16,3.318187064267828e-16,9.273015376718553e-69,4.636507688359277e-69,2.4161972064513407e-16,0.0,1.5843426863515308e-17,0.0
1298,0.5692497903903957,1960453167130208.0,3449068077387083.0,3449068031254167.0,0.11970750931599067,1.0369625816119554e-17,0.0,3.318187064267828e-16,2.3182538441796384e-69,1.8546030753437107e-68,4.271925016809431e-16,0.0,1.8715030398324736e-17,0.0
1299,0.09160649361611199,2851309153190149.5,2763130848239672.5,2763130824896309.5,0.3059669613787399,2.1554849018630936e-17,0.0,1.659093532133914e-16,4.636507688359277e-69,0.0,1.2161449824484914e-16,0.0,1.4873316093871882e-17,0.0
1300,0.1038787787947153,1546938564995345.0,1513423695772613.8,1513423685506818.2,-0.0173986682141813,4.309731218214835e-17,1.659093532133914e-16,0.0,2.3182538441796384e-69,2.3182538441796384e-69,1.5125092936406175e-16,0.0,3.856554596441797e-17,0.0
1301,0.5804997799926449,4815321787640657.0,7862011575750142.0,7862011347880377.0,0.16316665959856624,1.1122799430584801e-17,0.0,0.0,1.8546030753437107e-68,7.418412301374843e-68,4.088398387268449e-16,0.0,2.2475025589657077e-17,0.0
1302,0.12000453513068376,1345147909612790.8,1322963627892577.8,1322963618849765.0,-0.17280915916765918,4.305586045883055e-17,1.659093532133914e-16,1.659093532133914e-16,1.1591269220898192e-69,0.0,1.2066053422058156e-16,0.0,3.780462845606917e-17,0.0
1303,0.1195383926949421,3048683418931475.0,2828195781816176.0,2828195719779889.5,-0.7605423614947966,1.252054509942451e-18,1.659093532133914e-16,0.0,9.273015376718553e-69,9.273015376718553e-69,1.508740430932975e-16,0.0,1.3586682519051851e-17,0.0
1304,0.3292464533331418,3910319931593906.5,4545424861737061.0,4545424701800965.0,-0.7571836612030293,5.946454538342884e-18,3.318187064267828e-16,3.318187064267828e-16,9.273015376718553e-69,1.8546030753437107e-68,1.4674996277373873e-16,0.0,5.441322386694026e-18,0.0
1305,0.5805619170663677,2789893865716509.0,4314567847059171.0,4314567695621063.0,-0.8466313412588067,2.9548598570269925e-17,0.0,3.318187064267828e-16,9.273015376718553e-69,1.1127618452062264e-67,3.1027941041490104e-16,0.0,1.7160042815735266e-17,0.0
1306,0.5576916705134045,1505041478655133.8,1329157003060206.0,1329157000330913.0,0.6493149832916753,1.9420865949155698e-17,0.0,1.659093532133914e-16,0.0,0.0,2.0175338865738497e-16,0.0,1.2651854681757772e-17,0.0
1307,0.26864777226507564,3510968040905875.0,4595525282728504.0,4595525236338742.0,0.5013779910674873,3.216129009225905e-17,0.0,3.318187064267828e-16,1.8546030753437107e-68,3.7092061506874214e-68,1.3177107635937527e-16,0.0,3.695393305603665e-17,0.0
1308,0.4287938212487115,1637454018250700.8,2457590191996016.0,2457590153770669.0,-0.4366538054401326,7.89814851034523e-18,0.0,1.659093532133914e-16,0.0,4.636507688359277e-69,2.5286206917047894e-16,0.0,1.3254354701434357e-17,0.0
1309,0.36715317350053533,3707753220542384.0,3984659840408030.0,3984659726236705.0,-0.6322781418339787,2.1263672381309462e-17,1.659093532133914e-16,1.659093532133914e-16,9.273015376718553e-69,1.8546030753437107e-68,1.384281656803789e-16,0.0,2.1663305020723416e-17,0.0
1310,0.2850647483717695,1631655100928094.5,2025344365371057.2,2025344340935247.5,-0.35222388041071667,1.2324795471264437e-17,1.659093532133914e-16,0.0,2.3182538441796384e-69,0.0,1.8692662056231702e-16,0.0,2.0558939016267548e-17,0.0
1311,0.46008197610436596,4271984185818563.0,4546245291748762.0,4546245133805704.0,-0.7346603207982001,3.899601927695798e-17,0.0,3.318187064267828e-16,1.8546030753437107e-68,5.563809226031132e-68,1.2474990021555168e-16,0.0,1.2008277813216748e-17,0.0
1312,0.14503158702997712,2838583930100558.0,2895112708863621.5,2895112649863648.0,-0.5978664824646721,1.0457818453814979e-17,0.0,0.0,9.273015376718553e-69,0.0,4.618743058983142e-16,0.0,3.5038691556394297e-17,0.0
1313,0.179191454933583,3047309296985441.5,3015613634834888.5,3015613631897790.0,0.9266860326056667,2.9158080338393684e-17,0.0,1.659093532133914e-16,0.0,2.781904613015566e-68,1.8450552315269583e-16,0.0,2.8130237948959274e-17,0.0
1314,0.46659896493443337,3698598318763896.5,2594050699385504.5,2594050671986312.0,0.07572657238267791,1.5967041383282552e-17,3.318187064267828e-16,0.0,0.0,9.273015376718553e-69,5.823829071534251e-16,0.0,3.222664205957027e-17,0.0
1315,0.39969158803810884,3826507745507437.0,4054991441880631.5,4054991384085050.5,0.20212588668882925,1.2273652687913033e-17,1.659093532133914e-16,3.318187064267828e-16,0.0,3.7092061506874214e-68,6.298497843857393e-16,0.0,3.2388107136811924e-17,0.0
1316,0.31835273357885596,2613485712692027.5,2584431534782552.0,2584431502551507.5,-0.09537779406572024,1.6515473247266994e-17,0.0,0.0,4.636507688359277e-69,1.8546030753437107e-68,2.024322135191811e-16,0.0,1.8131803962689417e-17,0.0
1317,0.5677161196934676,4265902640450286.5,5179672243025839.0,5179672237045203.0,0.9493986108534338,2.986186684839161e-17,0.0,1.659093532133914e-16,1.8546030753437107e-68,2.781904613015566e-68,1.692198131926074e-16,0.0,1.7550796495504266e-17,0.0
1318,0.4346779989641311,2419534270374180.5,2216382271486557.8,2216382244618726.0,-0.2415462603117831,1.0724714006570959e-17,1.659093532133914e-16,1.659093532133914e-16,4.636507688359277e-69,2.3182538441796384e-69,1.424944718533979e-16,0.0,3.4390699267071367e-17,0.0
1319,0.12646416272766217,4345519243694897.0,3852041667666531.0,3852041546967796.0,-0.8464620947197938,4.247692299600088e-17,1.659093532133914e-16,4.977280596401743e-16,0.0,9.273015376718553e-69,3.8454444318423145e-16,0.0,4.67753312339439e-17,0.0
1320,0.21570804684681721,4591250256103252.0,4948799381391655.0,4948799307517874.0,0.315284349127861,1.0193199517826663e-17,4.977280596401743e-16,6.636374128535656e-16,1.8546030753437107e-68,0.0,4.7164400705857925e-16,0.0,4.0564298900921426e-17,0.0
1321,0.3003646139920737,4130932057662854.5,3896821444777343.5,3896821341772738.5,-0.5397678735368994,3.758680709418596e-17,1.659093532133914e-16,1.659093532133914e-16,2.781904613015566e-68,9.273015376718553e-69,1.5777460240871867e-16,0.0,3.267246166976373e-17,0.0
1322,0.3868089227098597,4801611826560050.0,5361350266333044.0,5361350065743015.0,-0.58409276547123,2.3266971823313322e-17,3.318187064267828e-16,3.318187064267828e-16,1.8546030753437107e-68,7.418412301374843e-68,3.4801756957312806e-16,0.0,1.8250104213379802e-17,0.0
1323,0.27313912693242764,3048229450911340.5,3288907940666684.0,3288907895630569.0,0.054901425665237265,3.065006389849319e-17,3.318187064267828e-16,1.659093532133914e-16,0.0,1.8546030753437107e-68,6.389529449538748e-16,0.0,2.5920722991912334e-17,0.0
1324,0.07752289398159169,3246955761228618.5,3196748690346823.0,3196748614217593.5,-0.6910407359874766,3.811241348112365e-18,0.0,0.0,9.273015376718553e-69,1.8546030753437107e-68,2.1207777866773728e-16,0.0,2.5930196475859405e-17,0.0
1325,0.009344802118171415,2313832075885691.0,2318218283954057.5,2318218239452239.5,-0.8797007892392418,4.4628684557559386e-17,1.659093532133914e-16,4.977280596401743e-16,4.636507688359277e-69,0.0,6.728176275632147e-16,0.0,2.052170852453967e-17,0.0
1326,0.28876578000797326,4844682300328230.0,4818748985248987.0,4818748935025673.0,0.5090283838194615,3.8811702909423085e-17,1.659093532133914e-16,1.659093532133914e-16,0.0,9.273015376718553e-69,2.6964641098222704e-16,0.0,4.013979595590401e-17,0.0
1327,0.2791262859515297,2852809448603906.0,2587004263322434.5,2587004235988034.5,0.07288227736336782,3.776052286961163e-17,0.0,0.0,9.273015376718553e-69,0.0,4.3515146871473216e-16,0.0,4.620312991692704e-18,0.0
1328,0.44040968222842347,3004596874550704.0,3027727044755195.5,3027726971582376.0,-0.8119072991295824,2.5300462936712845e-17,3.318187064267828e-16,3.318187064267828e-16,0.0,1.8546030753437107e-68,1.9435930754733007e-16,0.0,3.8503606462391333e-17,0.0
1329,0.05984389068615212,3959542056596328.0,4047827095846649.0,4047827061780795.0,0.5280510809427212,3.486384302672812e-17,1.659093532133914e-16,4.977280596401743e-16,9.273015376718553e-69,1.8546030753437107e-68,5.797026991430356e-17,0.0,3.504707160003813e-17,0.0
1330,0.5462659244464845,3089582898412924.5,5307762831783809.0,5307762704093269.0,-0.028857743574153286,2.1461239607484406e-17,3.318187064267828e-16,0.0,9.273015376718553e-69,1.8546030753437107e-68,2.414536590348373e-16,0.0,5.6114102973733785e-18,0.0
1331,0.129051705580609,1543730718705038.0,1441273234284036.0,1441273233410749.2,0.9045702402192045,2.804620227758503e-17,0.0,0.0,0.0,2.3182538441796384e-69,3.7953932154815617e-16,0.0,3.573805806945093e-17,0.0
1332,0.5798428062397063,4354011950298495.5,6601688253717708.0,6601688186131118.0,0.647977736650939,2.9990543844987e-17,3.318187064267828e-16,6.636374128535656e-16,1.8546030753437107e-68,3.7092061506874214e-68,2.2366442797905147e-16,0.0,1.1385028562336747e-17,0.0
1333,0.008249518609908035,2669226002911174.0,2657911244024128.0,2657911208442053.5,-0.14332562055068362,4.1561369941584354e-17,0.0,0.0,4.636507688359277e-69,0.0,3.9322722162649303e-16,0.0,1.2257085189272493e-18,0.0
1334,0.03652071364537343,3138633845648638.5,3051379089430231.0,3051379083867911.0,0.8643926425828605,6.20023194072275e-18,1.659093532133914e-16,3.318187064267828e-16,1.8546030753437107e-68,9.273015376718553e-69,5.387747087650395e-16,0.0,4.79029016590862e-17,0.0
1335,0.5590159342999339,2210361561195231.0,1669610598992704.2,1669610589999646.5,0.2676872202680757,9.496352492358923e-18,3.318187064267828e-16,3.318187064267828e-16,0.0,4.636507688359277e-69,1.0384532819771196e-16,0.0,5.640160850428848e-18,0.0
1336,0.5100420777838787,3628103962831611.0,3667058737312202.0,3667058724448375.5,0.7828528899440444,2.1371010570606684e-17,1.659093532133914e-16,3.318187064267828e-16,0.0,1.8546030753437107e-68,2.2865658406674784e-16,0.0,8.527240639305576e-18,0.0
1337,0.04717933329155821,3099312009071269.5,3098705729211397.0,3098705646887230.5,-0.9461947661746695,7.702121673397249e-18,1.659093532133914e-16,1.659093532133914e-16,0.0,9.273015376718553e-69,1.4812043517148682e-16,0.0,2.2231622735794093e-17,0.0
1338,0.21314506667765162,2000159000700384.0,2389944555993550.5,2389944532151500.5,0.05248178198486639,2.1795052673571636e-17,1.659093532133914e-16,1.659093532133914e-16,2.3182538441796384e-69,0.0,3.6289899196591126e-16,0.0,5.72653588279791e-18,0.0
1339,0.5543197061905304,4748871401353340.0,4241500936201448.0,4241500809174396.0,-0.6027903319559832,1.7793891349274697e-17,1.659093532133914e-16,3.318187064267828e-16,0.0,0.0,2.902603996132439e-16,0.0,1.1150589956879393e-17,0.0
1340,0.3505790780529768,2712996907724997.5,2556823599662924.0,2556823598727767.0,0.9675284891211352,2.836784671813231e-17,3.318187064267828e-16,0.0,4.636507688359277e-69,9.273015376718553e-69,3.193805144632281e-16,0.0,2.396460277712732e-17,0.0
1341,0.0606786834427112,1692869461577043.5,1744784662990231.0,1744784643889390.2,-0.4242572463740517,2.2761261619384388e-18,1.659093532133914e-16,3.318187064267828e-16,2.3182538441796384e-69,6.954761532538915e-69,4.1791563067952266e-16,0.0,2.827250872796165e-17,0.0
1342,0.5207757311207083,2889827938831898.5,2609516988720367.5,2609516939642340.0,-0.6360119245650656,2.6035652942273412e-17,0.0,1.659093532133914e-16,9.273015376718553e-69,4.636507688359277e-69,2.69290580522573e-16,0.0,2.5571832441030877e-17,0.0
1343,0.3319103539597997,3019115232186151.0,2643071788146548.0,2643071788142401.0,0.9998652582593389,3.277281565776826e-17,1.659093532133914e-16,3.318187064267828e-16,0.0,9.273015376718553e-69,1.871959589291241e-16,0.0,1.1587623827892762e-17,0.0
1344,0.40396565303908166,3581609610283763.0,3007263335633700.0,3007263329718953.0,0.8515388361510962,2.4831643805689717e-17,1.659093532133914e-16,1.659093532133914e-16,9.273015376718553e-69,1.8546030753437107e-68,1.2817461797001386e-16,0.0,1.2325702062163821e-17,0.0
1345,0.4242634161697096,3484001130397113.5,4490028067949704.5,4490028021222108.0,0.4738677110307336,3.0549120128695067e-17,0.0,0.0,0.0,9.273015376718553e-69,1.7430948327733995e-16,0.0,9.23329328160267e-18,0.0
1346,0.40394800247116,2303144035805983.5,3112346459073177.5,3112346409975924.0,-0.15053795868316722,2.3348910540508863e-17,1.659093532133914e-16,0.0,4.636507688359277e-69,1.8546030753437107e-68,2.491547621310622e-16,0.0,3.759187631761164e-17,0.0
1347,0.08354434685494483,3016746588805596.5,3197474345573339.0,3197474299383709.5,-0.02553376686486048,4.587294146378401e-17,4.977280596401743e-16,8.295467660669571e-16,9.273015376718553e-69,9.273015376718553e-69,4.456948678887772e-16,0.0,4.512720123464177e-17,0.0
1348,0.1520042488108424,2248209939846143.8,2088730073685588.5,2088730049074813.5,-0.28050204298484505,8.460116687542375e-18,0.0,3.318187064267828e-16,4.636507688359277e-69,1.390952306507783e-68,1.4452804197174766e-16,0.0,3.7360558427079545e-17,0.0
1349,0.5243232616115416,1842212180195113.2,1982955250434424.8,1982955243135426.8,0.5786363740838415,2.6023524795697483e-17,3.318187064267828e-16,3.318187064267828e-16,2.3182538441796384e-69,3.4773807662694575e-69,3.003945964535209e-16,0.0,2.1512996347643644e-17,0.0
1350,0.09363070501888934,1342050307570303.0,1295364647919040.8,1295364643291074.8,0.373925958647451,1.4527186975138712e-17,0.0,0.0,2.3182538441796384e-69,0.0,2.9700937253546963e-16,0.0,2.5307168001337573e-17,0.0
1351,0.4937944903709758,3087386349528687.0,3122162393677311.5,3122162371412032.5,0.4815143085492363,1.6868409643063518e-17,0.0,0.0,9.273015376718553e-69,3.7092061506874214e-68,2.351036128784209e-16,0.0,2.4549556432934668e-17,0.0
1352,0.11055685935003806,1996306925145652.2,2169035917100932.0,2169035886458025.8,-0.47848215290991003,6.9142470342921694e-18,3.318187064267828e-16,3.318187064267828e-16,0.0,0.0,1.521044758017058e-16,0.0,3.287083666118529e-17,0.0
1353,0.5628892846804666,2498588159948743.5,1798042011215192.8,1798041995201571.0,-0.12437069867935183,1.7923426775640784e-17,3.318187064267828e-16,4.977280596401743e-16,4.636507688359277e-69,0.0,1.236786148478704e-16,0.0,3.583268232058275e-17,0.0
1354,0.5409381146340061,4115262778701871.5,3737167085789165.0,3737166998379899.5,-0.4206662652837393,1.466189311858279e-17,0.0,0.0,9.273015376718553e-69,1.8546030753437107e-68,2.0110570305060752e-16,0.0,1.6168818947935188e-17,0.0
1355,0.010045378651110725,3522505920269020.0,3550873266902502.0,3550873231309367.5,0.35921031836661355,3.645121970068618e-17,0.0,0.0,1.8546030753437107e-68,9.273015376718553e-69,6.51626219950812e-17,0.0,3.663064935518295e-17,0.0
1356,0.48744105488030137,3412851658204166.0,4930304798590405.0,4930304595058065.0,-0.9006647564503343,1.881668044946241e-17,1.659093532133914e-16,3.318187064267828e-16,9.273015376718553e-69,7.418412301374843e-68,3.0820701424963356e-16,0.0,1.1688210912263451e-17,0.0
1357,0.36442131691738905,1830921532691102.5,2140462323454987.0,2140462299083189.5,-0.20751353613699144,1.5928920925102734e-17,3.318187064267828e-16,3.318187064267828e-16,0.0,6.954761532538915e-69,1.4021844191743273e-16,0.0,2.137599805879677e-17,0.0
1358,0.4852330276526403,3934985863791524.5,2767599768589044.0,2767599717499101.0,-0.5140787788422534,2.0088005054401613e-17,0.0,0.0,0.0,0.0,1.166640642194117e-16,0.0,1.3742435533295724e-17,0.0
1359,0.5592909872621534,4742876504084820.0,8289166271846192.0,8289166089582161.0,0.3978580391303866,1.5650569421752225e-17,0.0,3.318187064267828e-16,1.8546030753437107e-68,3.7092061506874214e-68,1.368842433403366e-16,0.0,2.475687604809409e-17,0.0
1360,0.14870720311717767,3123826164037701.0,3123983265589728.0,3123983225521006.5,0.06801761044116454,2.224365125512732e-17,0.0,1.659093532133914e-16,9.273015376718553e-69,9.273015376718553e-69,1.6073538186147372e-17,0.0,2.1742585123478456e-17,0.0
1361,0.08041115961982664,1816293544730791.2,1916887727917105.8,1916887704191462.2,-0.46569722831984545,1.3352331034106461e-17,1.659093532133914e-16,1.659093532133914e-16,0.0,4.636507688359277e-69,1.4129254563619395e-16,0.0,3.042925203646903e-17,0.0
1362,0.2668624799029283,4628187164065909.0,3872202897350327.5,3872202872860516.0,0.629243433840606,1.2151719723013388e-17,3.318187064267828e-16,3.318187064267828e-16,1.8546030753437107e-68,1.8546030753437107e-68,1.3353907771796808e-16,0.0,1.4809537998824466e-17,0.0
1363,0.581972910407896,2455972284450737.0,4564905919163060.0,4564905853578678.0,0.28557541604756337,3.563337245470509e-17,3.318187064267828e-16,0.0,0.0,1.8546030753437107e-68,3.099724984171441e-16,0.0,2.0361014634327082e-17,0.0
1364,0.555063851044151,2869016610249512.0,2232399164583169.5,2232399126912223.2,-0.7158623649495969,3.7056330500779016e-17,1.659093532133914e-16,1.659093532133914e-16,9.273015376718553e-69,4.636507688359277e-69,2.2628835929320388e-16,0.0,3.122152328763998e-17,0.0
1365,0.04209612265239158,2371194193927647.5,2397432774810900.0,2397432737855014.5,-0.4595210428142536,3.7044252524779334e-17,1.659093532133914e-16,0.0,0.0,9.273015376718553e-69,3.353310608256756e-16,0.0,1.5265277699254964e-17,0.0
1366,0.5241645735635379,2527719225356270.5,2615343837838568.5,2615343818129204.5,0.34591432160345015,3.556391421450461e-17,0.0,1.659093532133914e-16,9.273015376718553e-69,2.3182538441796384e-69,2.618106327170412e-16,0.0,2.4303610671937565e-17,0.0
1367,0.21194321885980635,1841753225518358.0,2031910703806785.8,2031910699158607.2,0.7444398426315332,2.1157017612642942e-17,1.659093532133914e-16,3.318187064267828e-16,0.0,4.636507688359277e-69,7.906818794925076e-16,0.0,2.813781044812367e-17,0.0
1368,0.23825646535029962,1305584187176741.8,1424681134100693.8,1424681117348282.2,-0.8735341013905387,1.6387004564237907e-17,3.318187064267828e-16,4.977280596401743e-16,1.1591269220898192e-69,6.954761532538915e-69,5.655506697908333e-16,0.0,5.266368717496827e-18,0.0
1369,0.1764707858486016,1900129134429169.5,1597743869083010.2,1597743860064393.2,0.19805378014232844,1.4127642936323432e-17,4.977280596401743e-16,1.659093532133914e-16,2.3182538441796384e-69,4.636507688359277e-69,0.0,0.0,1.624479631253882e-17,0.0
1370,0.26939258303737823,1965158190451143.0,1872410117401692.8,1872410091237008.0,-0.6940771022810162,2.07612144414795e-17,1.659093532133914e-16,3.318187064267828e-16,2.3182538441796384e-69,0.0,2.2046020323876281e-16,0.0,4.41422534634199e-17,0.0
1371,0.08683982145434077,1271162336465123.5,1251121177664420.5,1251121170772330.5,0.0005253013616260174,4.2305921120562475e-17,0.0,1.659093532133914e-16,1.1591269220898192e-69,4.636507688359277e-69,3.9419326404083143e-16,0.0,9.0830833308598e-18,0.0
1372,0.5342894829603922,2496686820034776.0,2346311227651682.5,2346311210484729.0,0.2921493929398171,9.702662935471478e-18,3.318187064267828e-16,3.318187064267828e-16,0.0,2.781904613015566e-68,2.7961282057287045e-16,0.0,3.206418786016872e-17,0.0
1373,0.46663109441102146,4727653491700036.0,4247452910024154.0,4247452895205774.5,0.8135496553207547,9.520276695255714e-18,0.0,3.318187064267828e-16,1.8546030753437107e-68,9.273015376718553e-69,2.8310275997782063e-16,0.0,3.4244814725118495e-17,0.0
1374,0.4182010537306244,4300710113712911.5,5545370119749771.0,5545370111097119.0,0.9361283976103416,2.3715641831444982e-17,0.0,3.318187064267828e-16,0.0,0.0,3.7360110535753656e-16,0.0,1.4623503837816324e-17,0.0
1375,0.06975079019708642,4871134250227701.0,5115424760342600.0,5115424744368153.0,0.8614259006815357,2.1010367898693056e-17,1.659093532133914e-16,1.659093532133914e-16,1.8546030753437107e-68,3.7092061506874214e-68,1.4136485054617175e-16,0.0,3.657409457599436e-17,0.0
1376,0.2947907492233436,1703307789477347.5,1462397121439661.2,1462397117836171.8,0.617516930097926,7.432552953265518e-18,0.0,1.659093532133914e-16,2.3182538441796384e-69,1.1591269220898192e-69,3.087712115655788e-16,0.0,3.745783418904958e-17,0.0
1377,0.12403361934645264,4550337915381444.0,4646312165865450.0,4646312065848306.0,-0.05166471719795464,4.246689924643514e-17,1.659093532133914e-16,3.318187064267828e-16,0.0,1.8546030753437107e-68,1.0700717291628139e-16,0.0,2.1019439618933054e-17,0.0
1378,0.07326750540437159,1851192276195957.2,1932628110719665.5,1932628087942253.2,-0.38429106732793344,1.3443170818430255e-17,3.318187064267828e-16,3.318187064267828e-16,2.3182538441796384e-69,2.3182538441796384e-69,3.7711136374854695e-16,0.0,6.170650723219545e-18,0.0
1379,0.25403646972140087,2522597528683974.0,2317873477856872.5,2317873472493847.0,0.773405137702696,4.038724945015584e-17,0.0,3.318187064267828e-16,0.0,4.636507688359277e-69,5.38314823331996e-16,0.0,9.313166198678465e-18,0.0
1380,0.12358483212386774,1960522530232258.5,1817285829313338.0,1817285825048862.2,0.7068845086198126,2.5428185493125236e-17,0.0,1.659093532133914e-16,0.0,4.636507688359277e-69,2.9849366846388954e-16,0.0,2.079768745333722e-17,0.0
1381,0.46623276135381064,4476722241668353.0,5020747749222683.0,5020747608973716.0,-0.26293935380611294,2.899831942135852e-17,0.0,3.318187064267828e-16,0.0,1.4836824602749686e-67,1.281829145113457e-16,0.0,3.7270358390826745e-17,0.0
1382,0.35503742949884703,3379987348573758.0,2856927723018429.0,2856927675763648.5,-0.31421634365666046,1.2798554744431761e-17,0.0,0.0,0.0,0.0,4.92440640463013e-16,0.0,4.823840994954218e-18,0.0
1383,0.5387997210934891,3085593944499588.5,2994993470126092.5,2994993427441296.0,-0.08019230261383607,1.0508860931870356e-17,1.659093532133914e-16,3.318187064267828e-16,0.0,2.0864284597616745e-68,6.22664812765729e-16,0.0,2.827043383077062e-17,0.0
1384,0.2780966478403873,4358848463396463.5,5076631373613817.0,5076631288046572.0,0.24633922179848655,3.3748944190238624e-17,3.318187064267828e-16,0.0,0.0,3.7092061506874214e-68,1.5125351848424578e-16,0.0,1.9923644310375062e-17,0.0
1385,0.31399907299778324,3564721671835228.5,4857068299136054.0,4857068293913654.0,0.9497493902913058,1.2433080704093697e-17,0.0,1.659093532133914e-16,9.273015376718553e-69,0.0,3.0375804103516634e-16,0.0,1.5748299667361362e-17,0.0
1386,0.33895647188304606,4377938189708748.0,5963954787983717.0,5963954623265036.0,-0.05122044258132898,5.909376702707476e-18,1.659093532133914e-16,1.659093532133914e-16,1.8546030753437107e-68,3.7092061506874214e-68,6.074881408736629e-16,0.0,4.140570935702197e-17,0.0
1387,0.04302996705034738,2308188856256023.0,2308657041197718.5,2308657002563506.5,-0.6454050915393723,4.418431868107746e-17,0.0,1.659093532133914e-16,4.636507688359277e-69,9.273015376718553e-69,3.307543652086649e-16,0.0,3.1299109240977406e-17,0.0
1388,0.17591497320375285,4140153667181224.0,3728862935415166.5,3728862915928214.0,0.6818655483063991,3.9061398399952243e-17,1.659093532133914e-16,3.318187064267828e-16,1.8546030753437107e-68,0.0,4.343950315368575e-16,0.0,1.0424392827951443e-17,0.0
1389,0.21454538094531134,2181838387002596.8,2112775453056415.8,2112775417449943.8,-0.8106807540018472,2.4814523366423055e-17,3.318187064267828e-16,4.977280596401743e-16,9.273015376718553e-69,4.636507688359277e-69,4.936205298490619e-16,0.0,3.3645655138354045e-17,0.0
1390,0.5306553691728808,1529908592862076.2,2214870451856408.8,2214870411256930.2,-0.8786393604743071,1.4552576940874094e-17,1.659093532133914e-16,1.659093532133914e-16,2.3182538441796384e-69,1.8546030753437107e-68,2.2504846645300735e-16,0.0,1.5068340745920215e-17,0.0
1391,0.21712174373244894,2916172857413095.5,3037343498277724.0,3037343420116888.5,-0.9231847167781191,2.769834546244671e-17,1.659093532133914e-16,1.659093532133914e-16,4.636507688359277e-69,1.8546030753437107e-68,3.396918756207325e-16,0.0,3.050394282457663e-17,0.0
1392,0.22234986134339887,2880587993949811.5,3036234673732885.5,3036234601289363.0,-0.7838096722681647,1.453506132025498e-17,1.659093532133914e-16,0.0,0.0,2.781904613015566e-68,9.960454351682137e-18,0.0,4.1669292593705766e-17,0.0
1393,0.32439094050541023,3303445680118672.0,4019528005508465.0,4019527965832728.0,0.4425646512019854,1.598510108111569e-17,1.659093532133914e-16,3.318187064267828e-16,0.0,9.273015376718553e-69,8.685466024890108e-17,0.0,1.722454955262097e-17,0.0
1394,0.12431244728957935,4766262020963000.0,4281953522308456.5,4281953427605517.5,-0.17246310579820318,1.892527823334084e-17,1.659093532133914e-16,3.318187064267828e-16,1.8546030753437107e-68,3.7092061506874214e-68,1.7363770827303854e-16,0.0,3.518650739353022e-17,0.0
1395,0.4983431233787835,2536328894386385.0,1865001360124545.2,1865001348802003.0,0.26106664687668424,1.5647930908120828e-17,1.659093532133914e-16,3.318187064267828e-16,4.636507688359277e-69,1.1591269220898192e-69,2.0362318747320004e-16,0.0,2.5841557453187276e-17,0.0
1396,0.2132447496705833,3628137841573719.0,4377552710583133.5,4377552608631127.0,-0.2076821079026696,1.407542991030575e-17,3.318187064267828e-16,4.977280596401743e-16,9.273015376718553e-69,1.8546030753437107e-68,6.879661637210956e-16,0.0,4.510283831070444e-17,0.0
1397,0.20350522819468608,2082475706433760.5,2188882862341139.0,2188882825160621.0,-0.7615298961417946,3.64608339041588e-18,3.318187064267828e-16,4.977280596401743e-16,0.0,4.636507688359277e-69,3.6243772791136206e-16,0.0,1.907122106524221e-17,0.0
1398,0.003792584684563227,3746987046534862.5,3759441662516817.5,3759441573370129.5,-0.43178608776777233,1.855741344279429e-17,0.0,0.0,0.0,2.781904613015566e-68,1.8378138390637175e-16,0.0,4.389362825142958e-17,0.0
1399,0.03409738822570887,4625254004535765.0,4485334053633450.5,4485334003353587.0,0.4326851899405868,1.3886351974848827e-17,1.659093532133914e-16,1.659093532133914e-16,1.8546030753437107e-68,1.8546030753437107e-68,2.4343614852459593e-16,0.0,3.117613489953367e-17,0.0
1400,0.15487020100602375,3394449446291608.5,3855140996001737.0,3855140908413814.5,-0.3377757476648259,4.294451788101707e-17,0.0,1.659093532133914e-16,9.273015376718553e-69,0.0,5.451771135598639e-16,0.0,3.0173095607445844e-17,0.0
1401,0.47221639271663657,3614171007259289.0,2711454393575362.5,2711454370474191.0,0.28673811063025145,3.9309342025307504e-17,1.659093532133914e-16,3.318187064267828e-16,9.273015376718553e-69,9.273015376718553e-69,1.796331884170124e-16,0.0,3.692852954365543e-17,0.0
1402,0.287729104037908,3432442983816310.5,3787312359015358.0,3787312273510228.5,-0.35316122458290977,2.7460626529732685e-17,3.318187064267828e-16,4.977280596401743e-16,9.273015376718553e-69,1.8546030753437107e-68,4.0435693177849996e-16,0.0,3.475702754795006e-17,0.0
1403,0.0553158595608613,3593298894478012.5,3586788720452634.0,3586788662021042.5,-0.030993070885963456,2.8042356755444016e-17,3.318187064267828e-16,1.659093532133914e-16,2.781904613015566e-68,9.273015376718553e-69,2.2357589773211564e-16,0.0,5.375668372029778e-18,0.0
1404,0.13980160141995823,4637771448920401.0,4962374843726978.0,4962374833563804.0,0.9063150524782475,1.7999537183256684e-18,1.659093532133914e-16,3.318187064267828e-16,1.8546030753437107e-68,0.0,2.972137212560566e-16,0.0,4.1996368668103745e-17,0.0
1405,0.016121565253557124,3358723935030699.0,3344493479703332.0,3344493422944820.5,-0.15183405165630717,3.599610200565605e-18,0.0,0.0,0.0,9.273015376718553e-69,9.70243722887618e-17,0.0,2.515304519261039e-17,0.0
1406,0.5952551539502307,3628793093809297.0,1829110367577661.8,1829110349295626.2,-0.24040738078335402,1.524042551947065e-17,1.659093532133914e-16,3.318187064267828e-16,9.273015376718553e-69,0.0,7.268004720791847e-16,0.0,3.2340201205544047e-18,0.0
1407,0.28887704687034466,4363663867032444.5,4488778618484719.5,4488778617777126.0,0.9920283701338404,2.330433293082978e-17,3.318187064267828e-16,4.977280596401743e-16,0.0,3.7092061506874214e-68,2.576941823114041e-16,0.0,9.022595455817457e-18,0.0
1408,0.40452458204793207,2105194726281566.2,1747586457924205.5,1747586453486577.0,0.6701676721182542,1.146673113792367e-17,1.659093532133914e-16,0.0,4.636507688359277e-69,4.636507688359277e-69,4.2578752314171075e-16,0.0,1.0348830298680481e-17,0.0
1409,0.27359758671192563,2597290595134465.5,3100844574471327.0,3100844513720497.0,-0.43420701961514513,1.0560880609359328e-17,3.318187064267828e-16,4.977280596401743e-16,0.0,9.273015376718553e-69,1.0421608542060147e-16,0.0,1.589125870589061e-17,0.0
1410,0.04870095774524994,2385918184207804.0,2426780113043910.0,2426780071616325.5,-0.5967921121251105,4.299009660722713e-17,3.318187064267828e-16,0.0,0.0,0.0,9.620435573910448e-17,0.0,4.490299953657313e-17,0.0
1411,0.20813780843931962,2717179585145920.0,2595843543708431.0,2595843485322741.0,-0.9668399248241706,2.772231637137875e-17,3.318187064267828e-16,0.0,4.636507688359277e-69,4.636507688359277e-69,1.2715280754119638e-16,0.0,4.541291518521482e-17,0.0
1412,0.23135677239079755,1524378321296497.8,1596137735404744.2,1596137724173670.2,-0.0006914284713163147,4.374463300399619e-17,3.318187064267828e-16,1.659093532133914e-16,4.636507688359277e-69,6.954761532538915e-69,1.532006024477058e-16,0.0,2.3155776974995826e-17,0.0
1413,0.19285565965700002,2963645258123658.0,3080416566283008.5,3080416566016762.0,0.9936308056056486,3.757377335170376e-17,0.0,0.0,0.0,0.0,1.774613234780287e-16,0.0,3.1500898757945356e-17,0.0
1414,0.28365560476111173,4099036686282336.5,3919422227127368.5,3919422148276724.0,-0.1651471324848822,2.6470517726418072e-17,1.659093532133914e-16,1.659093532133914e-16,1.8546030753437107e-68,0.0,1.2462584660388561e-16,0.0,1.6813979085807318e-17,0.0
1415,0.4813282991393195,4317015730316404.0,3521568343413177.0,3521568261321972.0,-0.5026021777566942,6.028985204269051e-18,1.659093532133914e-16,1.659093532133914e-16,1.8546030753437107e-68,0.0,1.354045983796171e-16,0.0,3.0789111178837496e-17,0.0
1416,0.12509769984129723,2314778343724459.0,2069374173628451.0,2069374172262522.5,0.9275948281659132,1.306494412040642e-17,1.659093532133914e-16,1.659093532133914e-16,9.273015376718553e-69,9.273015376718553e-69,1.1155611839800624e-16,0.0,2.460402133650044e-17,0.0
1417,0.07807064063848258,4372636263324820.0,4642385429470725.0,4642385279095564.0,-0.583847438849621,6.086682426307019e-18,0.0,3.318187064267828e-16,1.8546030753437107e-68,0.0,1.580268707657021e-16,0.0,4.7371922243178695e-17,0.0
1418,0.4108229472787142,4760221172045578.0,4169182040386853.0,4169181948540348.5,-0.19944555837985728,2.760983656116279e-17,1.659093532133914e-16,3.318187064267828e-16,1.8546030753437107e-68,1.8546030753437107e-68,1.6876842422166515e-16,0.0,3.53977909308539e-17,0.0
1419,0.5040412941675886,4707610038669705.0,6393418661543962.0,6393418542214199.0,0.3373226765290393,1.9032736059795062e-17,0.0,0.0,1.8546030753437107e-68,1.8546030753437107e-68,3.2343049103489895e-16,0.0,2.15761567287106e-17,0.0
1420,0.045292313954355935,2743774558646502.0,2862142630050767.5,2862142596769572.0,0.07777690983240386,2.9430297059585957e-18,1.659093532133914e-16,0.0,9.273015376718553e-69,0.0,5.307436419384996e-16,0.0,3.690489264164647e-17,0.0
1421,0.13327488703806767,4786357057459384.0,5319463782203294.0,5319463610091724.0,-0.3806830160463914,3.773972374236207e-17,1.659093532133914e-16,1.659093532133914e-16,0.0,3.7092061506874214e-68,1.072334284621128e-16,0.0,2.107704099369682e-17,0.0
1422,0.2142367621327534,3593825099179952.0,3617408938953446.0,3617408862444236.5,-0.3272053578136753,1.978278307229947e-17,0.0,1.659093532133914e-16,9.273015376718553e-69,0.0,1.8065015508585914e-16,0.0,3.469390411670214e-17,0.0
1423,0.08719966263309105,1436601819801942.8,1336222726281443.5,1336222720026730.5,0.20481295765886942,2.605579867464335e-17,1.659093532133914e-16,1.659093532133914e-16,0.0,1.1591269220898192e-69,1.3873068872258668e-16,0.0,4.421855200865109e-17,0.0
1424,0.11020649132137894,4359989468105481.5,4725593711448139.0,4725593554842729.0,-0.5918921107189833,1.6500355260105265e-17,1.659093532133914e-16,0.0,1.8546030753437107e-68,1.8546030753437107e-68,1.664810638731004e-16,0.0,3.65085394362354e-17,0.0
1425,0.41542200492458053,2117511574479395.5,2138278017186227.2,2138277995416325.8,-0.08080598170011646,2.0659783481765286e-17,4.977280596401743e-16,4.977280596401743e-16,4.636507688359277e-69,1.8546030753437107e-68,1.535981789121146e-16,0.0,1.2139237490548786e-17,0.0
1426,0.3036889817276597,4059271632494225.5,3160621196795393.0,3160621116523659.0,-0.8240526637746854,9.218059000343187e-18,0.0,0.0,9.273015376718553e-69,9.273015376718553e-69,5.654603646637149e-16,0.0,2.35026627800327e-17,0.0
1427,0.4666892055475873,3015490661200076.5,2655283631624345.0,2655283615586454.0,0.4836489951261555,2.539734419831488e-17,3.318187064267828e-16,1.659093532133914e-16,9.273015376718553e-69,4.636507688359277e-69,1.569230569733674e-16,0.0,1.1986864120318717e-17,0.0
1428,0.0036709103658331133,3942717564236298.0,3949765778462670.0,3949765680065715.5,-0.43172166636369586,1.9368045067465383e-17,1.659093532133914e-16,3.318187064267828e-16,0.0,9.273015376718553e-69,2.866886414249579e-16,0.0,1.985164525110963e-17,0.0
1429,0.07637825625721202,3089888391040189.0,3321620075893894.0,3321619996737101.0,-0.6285755257220875,4.408933666814276e-17,3.318187064267828e-16,1.659093532133914e-16,9.273015376718553e-69,1.8546030753437107e-68,4.35144672620035e-16,0.0,2.4408559222731522e-17,0.0
1430,0.15835752552146853,4786256843011339.0,5458697344490052.0,5458697325226639.0,0.8532511112435878,1.4190505120666645e-17,4.977280596401743e-16,3.318187064267828e-16,1.8546030753437107e-68,1.8546030753437107e-68,8.645616412722001e-17,0.0,8.289423885239673e-18,0.0
1431,0.3459364202010779,4676483633652014.0,5998782473914416.0,5998782448977342.0,0.842696319665926,7.639101853369466e-18,0.0,0.0,1.8546030753437107e-68,3.7092061506874214e-68,1.2022823986861628e-16,0.0,3.622437889604831e-17,0.0
1432,0.18584117229421857,2709618423172783.0,2676072204831243.0,2676072176862817.0,0.11347294967854782,2.4868999754028393e-17,1.659093532133914e-16,0.0,9.273015376718553e-69,4.636507688359277e-69,8.47528088950345e-17,0.0,4.418376469451288e-18,0.0
1433,0.4390937776601608,4112905182761568.5,4993284440472423.0,4993284249564872.0,-0.7380814579777067,3.147674878007652e-17,0.0,0.0,9.273015376718553e-69,0.0,2.531654787233117e-16,0.0,2.5497351210172457e-17,0.0
1434,0.30027929095697325,1586045033876021.5,1628819942014814.5,1628819923718374.2,-0.5654531348512596,1.0856444733323839e-17,1.659093532133914e-16,1.659093532133914e-16,2.3182538441796384e-69,2.3182538441796384e-69,3.272537327132652e-16,0.0,1.6399687440273088e-17,0.0
1435,0.5812822863710092,1815831025395719.0,2416553049413172.5,2416552998618168.0,-0.9744582781927486,2.94465354949514e-17,0.0,3.318187064267828e-16,2.3182538441796384e-69,1.8546030753437107e-68,4.568651197042506e-16,0.0,3.4951361224708276e-17,0.0
1436,0.5556098663843639,3242627321276243.0,2651586322617607.0,2651586321943721.0,0.9782432175965242,3.546919919251142e-17,0.0,1.659093532133914e-16,0.0,1.390952306507783e-68,2.1309696034322266e-16,0.0,2.8445490560299284e-17,0.0
1437,0.5123105965486805,3408076540749868.0,3145927584156956.0,3145927515699499.0,-0.5701565060209247,1.3530997722715964e-17,1.659093532133914e-16,3.318187064267828e-16,0.0,1.8546030753437107e-68,2.333090395612095e-16,0.0,3.600656748831841e-17,0.0
1438,0.4894426787445509,2618292399376347.0,2540953853216810.5,2540953826313330.5,0.05412332097762876,3.3427104106832484e-17,0.0,0.0,4.636507688359277e-69,1.8546030753437107e-68,4.761492950404356e-16,0.0,2.7319097202893205e-17,0.0
1439,0.06798630013750219,4265654543930937.5,4440801816650135.0,4440801809028936.0,0.9122756544474369,5.090532653502151e-18,1.659093532133914e-16,3.318187064267828e-16,0.0,1.8546030753437107e-68,2.465893121018397e-16,0.0,2.283897575274949e-17,0.0
1440,0.056574784605455064,3386374331534354.5,3252447888664879.5,3252447795868056.5,-0.9912786731872617,3.908019400850521e-17,0.0,1.659093532133914e-16,9.273015376718553e-69,9.273015376718553e-69,6.830964218948466e-17,0.0,4.287626056762491e-17,0.0
1441,0.1139229568712736,1348424963261238.5,1263744682686117.5,1263744671009057.5,-0.6597185851936302,3.648688821581632e-17,0.0,0.0,1.1591269220898192e-69,0.0,6.7152653917555e-16,0.0,2.6685784483368352e-17,0.0
1442,0.17633687143651613,4417664533067375.0,4612280016108921.0,4612279969175616.0,0.49919411777062167,4.467907682067447e-17,0.0,0.0,1.8546030753437107e-68,0.0,1.492397536511422e-16,0.0,3.898951929630719e-17,0.0
1443,0.23079787421813375,3883125338018908.5,4051737944417838.5,4051737830964853.0,-0.5687468159268834,2.2963830759352286e-17,0.0,0.0,1.8546030753437107e-68,0.0,2.7248860223034375e-16,0.0,4.300753985666639e-17,0.0
1444,0.43241187133331555,4348952510900981.0,6377359536348502.0,6377359317158946.0,-0.22336960304630987,3.6201886002980836e-17,1.659093532133914e-16,1.659093532133914e-16,0.0,1.4836824602749686e-67,1.5159769277217899e-16,0.0,3.055278465033535e-17,0.0
1445,0.4097903099722253,2981598867921478.0,2726229237674090.5,2726229193327130.5,-0.35443676577710254,1.0480105412613474e-17,1.659093532133914e-16,1.659093532133914e-16,9.273015376718553e-69,0.0,1.9246026370906404e-16,0.0,6.207667980197547e-18,0.0
1446,0.009141177681790482,1889888111048332.8,1884047702983840.8,1884047699265788.0,0.7622331184138994,4.1889261892829186e-17,4.977280596401743e-16,8.295467660669571e-16,0.0,4.636507688359277e-69,1.5556749273491212e-16,0.0,4.4692818789777186e-17,0.0
1447,0.29380192286194867,4162531342828980.5,4209817162713477.5,4209817084992282.5,0.004519807953886276,1.1055175364904784e-17,1.659093532133914e-16,0.0,1.8546030753437107e-68,1.8546030753437107e-68,3.3314952491123854e-16,0.0,3.475309964215131e-17,0.0
1448,0.1540112721422705,4803335955468216.0,5569754045047515.0,5569753949352091.0,0.2997731527598004,2.6071044930675095e-17,0.0,1.659093532133914e-16,3.7092061506874214e-68,3.7092061506874214e-68,9.557346139681012e-17,0.0,2.3944589199308976e-17,0.0
1449,0.3293918138680926,4779319523013916.0,4707606423257788.0,4707606325817646.0,0.0019386520062574062,3.0637900832444336e-17,0.0,1.659093532133914e-16,1.8546030753437107e-68,3.7092061506874214e-68,6.602601989176237e-16,0.0,1.5002510901866797e-17,0.0
1450,0.42540587362173843,2149425966814265.0,3022779013993448.5,3022778993116814.0,0.48135844869544975,2.7866329890386765e-17,3.318187064267828e-16,6.636374128535656e-16,4.636507688359277e-69,9.273015376718553e-69,3.247870150520791e-16,0.0,3.3368921172774114e-17,0.0
1451,0.4868327869404412,2919742570471706.5,3464760899497677.5,3464760818095809.0,-0.5392439752088174,3.143241072424383e-17,0.0,1.659093532133914e-16,9.273015376718553e-69,9.273015376718553e-69,4.909508589682252e-16,0.0,1.6829770151015608e-17,0.0
1452,0.18213921893748686,4643250338311717.0,4382342304116877.5,4382342263690724.5,0.5221743727335081,3.624060207524509e-17,0.0,3.318187064267828e-16,0.0,3.7092061506874214e-68,5.162569460492928e-16,0.0,2.533379322304979e-17,0.0
1453,0.18362536395723209,2591675569231982.0,3087535880069658.0,3087535860517360.0,0.5344209696046728,2.5845645357056597e-18,1.659093532133914e-16,3.318187064267828e-16,0.0,4.636507688359277e-69,5.941223699546217e-16,0.0,1.876500010351236e-17,0.0
1454,0.4437690756654831,3299843918001476.0,3748419403545135.5,3748419360581422.0,0.30589515317764815,2.522528408435082e-17,1.659093532133914e-16,3.318187064267828e-16,9.273015376718553e-69,1.8546030753437107e-68,1.9979465181118558e-16,0.0,2.2193845158763124e-17,0.0
1455,0.49591998962505246,4781903719938818.0,4361385954290795.0,4361385834400025.5,-0.4307255556379276,2.3226920980794656e-17,0.0,0.0,1.8546030753437107e-68,1.8546030753437107e-68,1.667124823531954e-16,0.0,1.5364561665019423e-17,0.0
1456,0.16618398063261589,2718420172905548.0,2800118225997388.5,2800118222281732.0,0.8924272111097841,3.876973319132194e-17,3.318187064267828e-16,1.659093532133914e-16,9.273015376718553e-69,0.0,2.6110754559571074e-16,0.0,2.2786202041520244e-17,0.0
1457,0.46053624107635005,4351099200119908.5,2936397789265115.0,2936397776039340.5,0.6518142848321237,1.0527579837405384e-17,1.659093532133914e-16,1.659093532133914e-16,1.8546030753437107e-68,0.0,5.2753502322263806e-17,0.0,6.95205741882495e-18,0.0
1458,0.518897425337474,1913799153310501.0,2896393655872743.0,2896393594198357.0,-0.6688191840653585,1.597211072293942e-17,3.318187064267828e-16,3.318187064267828e-16,4.636507688359277e-69,9.273015376718553e-69,2.472568827358987e-16,0.0,2.392610887675289e-17,0.0
1459,0.2040829792762052,3363513641748463.0,4093787346525164.0,4093787200664209.5,-0.9756414213657636,3.232549909870547e-17,1.659093532133914e-16,0.0,0.0,1.8546030753437107e-68,3.131930011214026e-16,0.0,2.8180716958356605e-17,0.0
1460,0.5753419175128023,4598485833629521.0,3251858309013074.0,3251858221636960.5,-0.8756384256137159,3.203108865661957e-17,3.318187064267828e-16,3.318187064267828e-16,1.8546030753437107e-68,9.273015376718553e-69,4.380067389422381e-16,0.0,1.95312778404103e-17,0.0
1461,0.06164920062368054,3485642230267891.5,3279868279924008.5,3279868202719030.5,-0.6291164337775389,7.393280062830489e-18,1.659093532133914e-16,0.0,9.273015376718553e-69,9.273015376718553e-69,4.971699852625224e-16,0.0,1.670592464060763e-17,0.0
1462,0.2806391728388056,4731440216904648.0,5821488740839409.0,5821488703086485.0,0.7471272236670493,3.2524526527380974e-17,3.318187064267828e-16,0.0,1.8546030753437107e-68,0.0,5.423903225929138e-16,0.0,3.766598378718516e-17,0.0
1463,0.09724936666200398,4930261751052602.0,4819149061441437.0,4819148998607613.0,0.3858529135518106,2.559352668543854e-17,1.659093532133914e-16,1.659093532133914e-16,1.8546030753437107e-68,1.8546030753437107e-68,3.6658623248613976e-16,0.0,4.3600406185021056e-17,0.0
1464,0.31856088613270545,4266379307030369.5,5715651491366612.0,5715651217667260.0,-0.9017872236343372,1.0444578319149949e-17,4.977280596401743e-16,3.318187064267828e-16,0.0,7.418412301374843e-68,2.282585588845148e-16,0.0,2.741454414340727e-17,0.0
1465,0.04513407005108359,2418158041273230.0,2487508353983188.0,2487508301385218.5,-0.9295654324062111,1.0976525011965721e-17,3.318187064267828e-16,3.318187064267828e-16,4.636507688359277e-69,4.636507688359277e-69,5.478916428027562e-16,0.0,5.8067444889704965e-18,0.0
1466,0.528676166773789,2619747689433866.0,3760212223977383.0,3760212173551921.0,0.19044791585715784,9.206839462359908e-18,3.318187064267828e-16,4.977280596401743e-16,4.636507688359277e-69,9.273015376718553e-69,4.478359630684676e-16,0.0,3.636801880718088e-17,0.0
1467,0.5471113357778974,4007169206012620.5,6479960521138152.0,6479960219595318.0,-0.6301363374070096,1.7860381146512082e-17,1.659093532133914e-16,4.977280596401743e-16,0.0,7.418412301374843e-68,2.675255857334225e-16,0.0,3.518383821975268e-17,0.0
1468,0.16345680243127422,4558831297515162.0,4608280274289753.0,4608280183838775.0,0.03315885994780198,2.995569505684329e-18,0.0,1.659093532133914e-16,1.8546030753437107e-68,3.7092061506874214e-68,3.630767450420593e-16,0.0,2.4134950171463882e-17,0.0
1469,0.4842681012416531,1846992938214313.8,2738507317977192.0,2738507262386050.0,-0.6826640239888453,1.540661832507195e-17,1.659093532133914e-16,1.659093532133914e-16,2.3182538441796384e-69,2.781904613015566e-68,2.4265540752446856e-16,0.0,1.9557903983204813e-17,0.0
1470,0.5324818846812138,2502979298453115.5,3413254264707650.0,3413254173760988.5,-0.7720219780768447,1.7370075192635206e-17,3.318187064267828e-16,6.636374128535656e-16,0.0,1.8546030753437107e-68,8.050346471984463e-16,0.0,2.02720195512647e-17,0.0
1471,0.5293840556541833,2465797880369465.0,1562119217938083.0,1562119204775863.8,-0.2243917435472812,2.993063584431716e-17,1.659093532133914e-16,6.636374128535656e-16,0.0,2.3182538441796384e-69,5.203766711794472e-16,0.0,3.618292690644213e-17,0.0
1472,0.5340760331515536,4644193814696376.0,6391820241184109.0,6391820185075943.0,0.6882570916849763,9.604702404474735e-18,0.0,1.659093532133914e-16,0.0,0.0,5.343281028595995e-16,0.0,1.697359468817319e-17,0.0
1473,0.02835513061156507,3976798468178690.0,3889278381825348.5,3889278375983668.5,0.9123363897187087,9.099916013325975e-18,3.318187064267828e-16,1.659093532133914e-16,9.273015376718553e-69,9.273015376718553e-69,5.800659683234705e-16,0.0,4.2938353374024716e-17,0.0
1474,0.348117670480456,1666524574075205.5,1903015218216613.2,1903015188250646.8,-0.8782932302861787,3.5881090019503376e-17,3.318187064267828e-16,4.977280596401743e-16,2.3182538441796384e-69,0.0,2.0944954988870476e-16,0.0,1.4270183697918087e-17,0.0
1475,0.1287062558638501,3610433559182475.5,3635721872246275.0,3635721808696863.5,-0.09131430917016843,3.30331932971791e-17,1.659093532133914e-16,1.659093532133914e-16,9.273015376718553e-69,9.273015376718553e-69,1.2715133404083493e-16,0.0,2.1428930228447446e-17,0.0
1476,0.27463242731556725,1785180161011931.0,1714751902044429.8,1714751890087520.8,0.0769272105302943,2.0879084425478453e-17,1.659093532133914e-16,1.659093532133914e-16,4.636507688359277e-69,1.1591269220898192e-69,1.2882934831209304e-16,0.0,1.4006618545995723e-17,0.0
1477,0.037035099463075385,2743126338185297.5,2808079624323169.0,2808079607383775.5,0.5123607666629233,4.151335027131751e-18,3.318187064267828e-16,3.318187064267828e-16,4.636507688359277e-69,0.0,1.725039077650358e-16,0.0,2.6996305355464213e-17,0.0
1478,0.13562675951094796,4621616579477801.0,5180351569774199.0,5180351410458814.0,-0.34759340347834505,3.9917130212610207e-17,1.659093532133914e-16,3.318187064267828e-16,0.0,1.8546030753437107e-68,2.275967297509712e-16,0.0,3.007157315675593e-17,0.0
1479,0.10873800256086152,4791070536396373.0,4856176555826234.0,4856176364831871.0,-0.8384475576108715,3.597948939391726e-18,3.318187064267828e-16,3.318187064267828e-16,1.8546030753437107e-68,5.563809226031132e-68,0.0,0.0,5.623005702914479e-18,0.0
1480,0.10743436694590904,2800179843676158.0,2611975530633583.5,2611975499835921.0,-0.024705742487005657,4.0289446946966004e-17,3.318187064267828e-16,0.0,4.636507688359277e-69,4.636507688359277e-69,1.4777672516604066e-16,0.0,2.937790788560101e-17,0.0
1481,0.09917049798960816,3313765001301144.0,3182015599468202.5,3182015583446903.0,0.6408195122995779,3.530906328937516e-17,1.659093532133914e-16,3.318187064267828e-16,9.273015376718553e-69,9.273015376718553e-69,1.0390102572201059e-16,0.0,3.8633951710767494e-17,0.0
1482,0.2133725611168189,3885317451259485.5,4193820336075809.0,4193820266387840.0,0.10058984638847784,2.801985945957756e-17,0.0,1.659093532133914e-16,9.273015376718553e-69,2.781904613015566e-68,2.7082885217148535e-16,0.0,3.259583684208745e-17,0.0
1483,0.2532097085997494,3300450066378019.0,3579914863741779.5,3579914759717440.5,-0.842507204580405,4.3500032696203295e-17,0.0,1.659093532133914e-16,9.273015376718553e-69,0.0,3.2059488080763235e-16,0.0,1.6608602991004332e-17,0.0
1484,0.546357294020404,2812173552249997.0,4591260985985163.0,4591260864525490.0,-0.30793986361362974,3.110662365532532e-17,1.659093532133914e-16,6.636374128535656e-16,9.273015376718553e-69,5.563809226031132e-68,2.7376909759243687e-16,0.0,2.6305636301875976e-17,0.0
1485,0.018932220118560838,4685558650679536.0,4639068683319689.0,4639068590378469.0,0.01968332608252786,4.4828492656693974e-17,3.318187064267828e-16,4.977280596401743e-16,0.0,1.8546030753437107e-68,1.1040337575288758e-16,0.0,2.6083174398825225e-17,0.0
1486,0.19779185938054583,2642023699080680.5,2544253663020972.5,2544253612281747.0,-0.7792732045710994,4.589819197475326e-17,1.659093532133914e-16,1.659093532133914e-16,4.636507688359277e-69,4.636507688359277e-69,4.3002788281285217e-16,0.0,4.372775154052692e-17,0.0
1487,0.059317244578471914,3252896509500165.0,3135396967712970.0,3135396894069490.5,-0.700469540892078,2.4263203381082728e-17,3.318187064267828e-16,4.977280596401743e-16,0.0,1.8546030753437107e-68,1.9324606883875861e-16,0.0,1.2924556891526503e-17,0.0
1488,0.45763029680082573,3590519446309459.5,4107685471880778.0,4107685428655185.5,0.41847791898876624,1.4572146607857102e-17,1.659093532133914e-16,0.0,1.8546030753437107e-68,1.390952306507783e-68,2.214540476283246e-16,0.0,3.6850883465731346e-17,0.0
1489,0.5695896953960145,1348089952402640.2,754969784194148.2,754969784118120.5,0.9697216274647522,1.3104779510414753e-17,3.318187064267828e-16,3.318187064267828e-16,3.4773807662694575e-69,0.0,6.997683098708304e-16,0.0,9.688834684332357e-18,0.0
1490,0.12769478488893865,4811933686107012.0,5010464762634672.0,5010464559095864.0,-0.8403941164158736,2.5389154745121275e-17,1.659093532133914e-16,3.318187064267828e-16,0.0,1.8546030753437107e-68,3.9981014813818715e-16,0.0,1.7992880125466068e-17,0.0
1491,0.24349175991429317,1336652453812778.5,1159548388979611.0,1159548384677795.5,0.27373747523940384,1.9112693773694583e-17,1.659093532133914e-16,1.659093532133914e-16,1.1591269220898192e-69,0.0,1.5025877217767535e-16,0.0,6.162381030226178e-18,0.0
1492,0.44692638552411396,4351204946835759.0,3154093863543829.5,3154093854634756.5,0.7967161442378259,3.542480063662643e-17,1.659093532133914e-16,1.659093532133914e-16,1.8546030753437107e-68,3.7092061506874214e-68,2.1790243096168175e-16,0.0,4.809275450003275e-18,0.0
1493,0.5821572077655836,1849072260825081.5,3326985757366786.0,3326985671406874.0,-0.762843291664334,2.261038208456756e-17,0.0,0.0,0.0,3.7092061506874214e-68,2.577869648663337e-16,0.0,1.8668949815099183e-17,0.0
1494,0.00419667325592552,1801352468899378.0,1796198565468487.8,1796198538640826.2,-0.887529505577961,1.5287509082789456e-17,1.659093532133914e-16,0.0,2.3182538441796384e-69,6.954761532538915e-69,3.561611941420872e-17,0.0,3.3562308181379415e-17,0.0
1495,0.5512687703694877,2730535566279251.0,4525514917203237.0,4525514772211319.0,-0.6070427227846308,2.8124096225591846e-17,3.318187064267828e-16,4.977280596401743e-16,4.636507688359277e-69,3.7092061506874214e-68,1.4560056904091663e-16,0.0,2.6529591419223042e-18,0.0
1496,0.0815611010123964,4670854989961300.0,4766545798133577.0,4766545605555965.0,-0.9240568093201522,5.196205451031489e-18,0.0,1.659093532133914e-16,0.0,1.8546030753437107e-68,4.9524555869092325e-17,0.0,4.685005074588899e-17,0.0
1497,0.019359597762174014,1417054733748814.5,1431354394431936.5,1431354393427049.8,0.8886622738467007,4.739004355584095e-17,3.318187064267828e-16,8.295467660669571e-16,0.0,2.3182538441796384e-69,6.542201553786843e-16,0.0,3.5876036835405286e-17,0.0
1498,0.24231028352017256,2094479539085061.0,1768744131842525.8,1768744121888125.5,0.2777214886237434,3.116098519716212e-17,1.659093532133914e-16,3.318187064267828e-16,9.273015376718553e-69,4.636507688359277e-69,5.490232596478573e-16,0.0,4.539873480840379e-17,0.0
1499,0.312625548764816,3503903043856131.5,4626683933107687.0,4626683825558701.0,-0.14047634095023995,2.8788483848675286e-17,0.0,3.318187064267828e-16,1.8546030753437107e-68,1.8546030753437107e-68,5.76364434859327e-16,0.0,1.523783303897092e-17,0.0
1500,0.21881466841182823,2150322837961245.5,2205139603244327.0,2205139601567310.2,0.9217138583057961,6.5600793183441216e-18,0.0,1.659093532133914e-16,4.636507688359277e-69,4.636507688359277e-69,4.029526789325635e-16,0.0,3.776945014101917e-17,0.0
1501,0.3454428805945264,2725229673064448.5,2463018313655561.5,2463018291673647.5,0.17747361463653416,2.774079804592493e-17,4.977280596401743e-16,4.977280596401743e-16,4.636507688359277e-69,0.0,1.3075845277179575e-16,0.0,1.0932880956127197e-17,0.0
1502,0.1293031415906421,2407539017710142.0,2443651589386887.0,2443651538520906.5,-0.9336081793769033,4.910834900972709e-18,1.659093532133914e-16,0.0,0.0,4.636507688359277e-69,0.0,0.0,1.7342312621675846e-17,0.0
1503,0.0386286604050565,4850145657855738.0,5029477196290209.0,5029477036062783.0,-0.43784077829086954,3.844715919414927e-18,1.659093532133914e-16,0.0,0.0,1.8546030753437107e-68,1.3848278647134135e-16,0.0,3.11973031608724e-17,0.0
1504,0.05331787801476733,4445733655939433.0,4443171636294774.0,4443171547993947.0,-0.01530894630269416,2.863476114271845e-17,0.0,3.318187064267828e-16,0.0,0.0,1.1544944363221023e-16,0.0,4.552904086219002e-17,0.0
1505,0.19279301139920565,4704020848789060.0,5634178984674350.0,5634178939227840.0,0.6750183239965962,3.3255070760252135e-17,0.0,0.0,1.8546030753437107e-68,1.8546030753437107e-68,3.8110615452104896e-16,0.0,1.5377421501515954e-17,0.0
1506,0.2677059504180556,3901077639931591.5,4817646520771879.0,4817646319736304.0,-0.9661773416011596,1.8433304661091224e-17,1.659093532133914e-16,3.318187064267828e-16,9.273015376718553e-69,0.0,1.1767810997063408e-16,0.0,1.9289491923561504e-17,0.0
1507,0.04225680805754945,2584434150375408.0,2655505591422774.5,2655505587961031.0,0.888565403794279,1.6737244953531448e-17,1.659093532133914e-16,1.659093532133914e-16,0.0,4.636507688359277e-69,1.0317996722794587e-16,0.0,1.0852982505000005e-17,0.0
1508,0.45700425322126864,2122193520822855.8,2525568308837207.0,2525568269815417.0,-0.38870043326779563,2.615310776088304e-17,0.0,1.659093532133914e-16,0.0,9.273015376718553e-69,1.7575944144434325e-16,0.0,9.560813621789495e-18,0.0
1509,0.4253830290831234,1753202590494036.0,1929255495397708.5,1929255477185192.5,-0.11073400570370535,1.9475935808866984e-17,0.0,0.0,0.0,4.636507688359277e-69,1.8802480962641664e-16,0.0,3.181333781215548e-17,0.0
1510,0.28433790789528857,1926088515344933.2,1443099789300945.5,1443099782393445.8,0.2470818526997113,1.3200226899992109e-17,1.659093532133914e-16,0.0,2.3182538441796384e-69,2.3182538441796384e-69,2.1484028583198978e-16,0.0,3.978818653621081e-17,0.0
1511,0.14072994881713966,3916576250643075.0,4040489184655529.5,4040489115284704.0,0.03544145983684354,1.7872694805815987e-17,3.318187064267828e-16,3.318187064267828e-16,9.273015376718553e-69,0.0,2.4864512522067447e-16,0.0,3.973292210889323e-17,0.0
1512,0.19917220067702615,3099413443056782.0,2844110865061833.0,2844110856187030.5,0.7509507290404085,3.1275437103647563e-17,3.318187064267828e-16,1.659093532133914e-16,0.0,0.0,1.8140380635823167e-16,0.0,9.363801898944018e-18,0.0
1513,0.018711389690988817,2475745668415279.0,2482132888334794.0,2482132873277160.0,0.4452129632432491,6.486745841446177e-18,1.659093532133914e-16,3.318187064267828e-16,4.636507688359277e-69,4.636507688359277e-69,2.819779320401237e-16,0.0,3.53238804996632e-17,0.0
1514,0.20238744109898477,1797285406203540.2,1656806639680286.5,1656806617349177.2,-0.8466571276687739,1.8717826812482356e-17,1.659093532133914e-16,3.318187064267828e-16,4.636507688359277e-69,2.3182538441796384e-69,2.5542489909021285e-16,0.0,1.940913796622459e-17,0.0
1515,0.34391807669073743,1768817058516234.5,2447175388639839.5,2447175340877658.0,-0.810396019991101,7.270537596873844e-18,1.659093532133914e-16,0.0,2.3182538441796384e-69,1.8546030753437107e-68,3.3084459432228075e-16,0.0,2.0211886056244307e-17,0.0
1516,0.5799956812422058,3817080969835328.0,2428345768094971.0,2428345762776282.5,0.7952598033652959,3.0979894321274475e-17,0.0,3.318187064267828e-16,0.0,0.0,6.013383618839715e-17,0.0,1.3533098419012869e-17,0.0
1517,0.037894599090687105,1497222083460867.2,1550071792193703.0,1550071774911202.2,-0.6327608500558385,1.6156583956682995e-17,1.659093532133914e-16,3.318187064267828e-16,0.0,0.0,4.662672635868054e-16,0.0,3.7555998067959175e-17,0.0
1518,0.1660122686339492,3850599030526077.5,3382123657291315.0,3382123631646049.0,0.49108192909874043,2.7831536273633645e-17,3.318187064267828e-16,3.318187064267828e-16,9.273015376718553e-69,0.0,3.625958653719691e-16,0.0,2.5035543092979754e-17,0.0
1519,0.07314874249842847,1886336664074504.2,1840096901663337.5,1840096879821458.8,-0.46429379395296044,2.7661037282515514e-17,3.318187064267828e-16,1.659093532133914e-16,0.0,4.636507688359277e-69,1.4349477677011702e-16,0.0,8.102498406162286e-18,0.0
1520,0.43792561728257606,1267037604612686.0,1938052467859088.5,1938052438872889.0,-0.7517811133154231,2.6533100101978277e-17,3.318187064267828e-16,1.659093532133914e-16,2.3182538441796384e-69,4.636507688359277e-69,1.3598741127044968e-16,0.0,1.1106151236395032e-17,0.0
1521,0.38365243621631334,1555055463424660.5,1761517940721735.0,1761517919469451.2,-0.5547160489745795,3.915042215282193e-17,1.659093532133914e-16,4.977280596401743e-16,0.0,0.0,6.130543085413506e-16,0.0,4.1707451189453934e-17,0.0
1522,0.27751258357503267,2334783246200974.5,2544712374889351.0,2544712370419505.5,0.8433123595162436,1.1021970622519986e-17,0.0,1.659093532133914e-16,0.0,4.636507688359277e-69,2.990023356441981e-16,0.0,1.7355659585759344e-17,0.0
1523,0.3805327321725606,1263816850951984.5,1883364457993371.0,1883364445225628.0,0.18291918534915944,2.821446297840461e-17,3.318187064267828e-16,6.636374128535656e-16,2.3182538441796384e-69,0.0,6.954012076856904e-16,0.0,2.9147060226245834e-17,0.0
1524,0.08634339341313124,2039596988788403.5,1982178776971301.5,1982178766517667.2,0.39604958523791006,1.5826235056293656e-17,1.659093532133914e-16,1.659093532133914e-16,4.636507688359277e-69,9.273015376718553e-69,1.2019249863847359e-16,0.0,2.6085845588964884e-17,0.0
1525,0.05442553102299801,2277376047157647.5,2344564488191608.5,2344564481425692.0,0.7206029030136704,3.8641661780384886e-17,0.0,3.318187064267828e-16,4.636507688359277e-69,4.636507688359277e-69,3.5634489434046135e-16,0.0,2.611275222659552e-17,0.0
1526,0.12534177133979768,3232832666796330.5,2858748677062154.0,2858748676088665.0,0.9729604870033969,3.167740199744896e-17,1.659093532133914e-16,1.659093532133914e-16,0.0,0.0,1.0650213547182641e-16,0.0,2.4258910719684242e-17,0.0
1527,0.25740721797178057,2853890548564416.0,3480437828278407.0,3480437745627781.5,-0.5488095248749366,3.9132169216036e-18,1.659093532133914e-16,3.318187064267828e-16,0.0,4.636507688359277e-68,3.647127341116674e-16,0.0,3.4737449244873463e-17,0.0
1528,0.4196466304180624,2080585716299104.5,3150208061225719.0,3150208039661878.5,0.5067498293539079,2.901610319247509e-17,0.0,0.0,0.0,4.636507688359277e-69,3.695351941643182e-16,0.0,2.7134568266266878e-17,0.0
1529,0.5808745052533161,3566400600658373.0,4727659401779679.0,4727659400400544.0,0.9859933595316472,1.4999597494204728e-17,3.318187064267828e-16,0.0,9.273015376718553e-69,3.7092061506874214e-68,1.3268279865778456e-16,0.0,2.289431763190592e-17,0.0
1530,0.5905929100239513,1710251444577254.2,2503564027584900.5,2503563984511121.5,-0.5599662287483419,1.8483431040499706e-17,0.0,0.0,4.636507688359277e-69,0.0,1.4721284043104658e-16,0.0,1.089650941151551e-17,0.0
1531,0.003181237540428184,2090676879099368.8,2095083287542042.8,2095083280616309.2,0.6418352766749417,2.3793710148298833e-18,1.659093532133914e-16,1.659093532133914e-16,0.0,0.0,2.4588152358899545e-16,0.0,1.7394803649979656e-18,0.0
1532,0.010240355591707884,1496811230683492.8,1501969168007976.5,1501969158983524.8,0.09193190480323256,2.9642883751819395e-17,4.977280596401743e-16,1.659093532133914e-16,0.0,0.0,1.560957085042421e-16,0.0,3.628545772974351e-17,0.0
1533,0.4794441934276685,1290568836278214.2,1536350332000876.2,1536350322658467.5,0.10154163064890631,3.4462440533050596e-17,0.0,0.0,1.1591269220898192e-69,0.0,0.0,0.0,2.9159726314791564e-17,0.0
1534,0.5882814234007724,2957210176526925.5,3196002328913001.5,3196002293849386.0,0.22077631911765788,2.269218236616993e-17,1.659093532133914e-16,3.318187064267828e-16,9.273015376718553e-69,9.273015376718553e-69,1.7356137929904976e-16,0.0,1.5236742614428675e-17,0.0
1535,0.2545572044796239,1356528462250920.2,1438914537711661.8,1438914529414903.8,0.09038411576518701,3.645810815506685e-17,0.0,3.318187064267828e-16,1.1591269220898192e-69,1.1591269220898192e-69,3.0796354894393645e-16,0.0,3.3333838353302814e-17,0.0
1536,0.35403548243508987,4570127174571606.0,6444144276426919.0,6444144143650146.0,0.2742095937654181,1.3145740307688822e-17,3.318187064267828e-16,3.318187064267828e-16,0.0,7.418412301374843e-68,2.3016095164805044e-16,0.0,2.0092642302998354e-17,0.0
1537,0.3475956076818679,1844830191742156.2,1423297733161818.2,1423297724990259.8,0.08434261732115823,3.6510659094237013e-17,0.0,1.659093532133914e-16,0.0,2.3182538441796384e-69,5.598947548311975e-16,0.0,1.1398292917426337e-17,0.0
1538,0.1486883201233824,2792014592293042.0,3064196002391356.5,3064195943064049.5,-0.43430389756783105,2.8841214770777045e-17,1.659093532133914e-16,1.659093532133914e-16,4.636507688359277e-69,0.0,4.848837202587394e-16,0.0,3.730827186061531e-17,0.0
1539,0.1675604022136198,4853527275877024.0,4558909556606269.0,4558909399533913.0,-0.7155265210154687,3.912253864508703e-17,1.659093532133914e-16,1.659093532133914e-16,0.0,0.0,3.663265815550639e-16,0.0,3.190809517157322e-17,0.0
1540,0.35666835076728387,2072054014813130.0,2101502163159137.8,2101502127963149.5,-0.8090605574196577,3.4370230988067746e-17,3.318187064267828e-16,3.318187064267828e-16,4.636507688359277e-69,4.636507688359277e-69,2.7694225164616018e-17,0.0,2.0733294224940424e-17,0.0
1541,0.4775284735733433,4684208874364818.0,7639279328199203.0,7639279322131441.0,0.9763982933918555,3.14085350717968e-17,1.659093532133914e-16,3.318187064267828e-16,3.7092061506874214e-68,3.7092061506874214e-68,5.367902923718075e-16,0.0,2.1127580040604475e-17,0.0
1542,0.2654498688548369,4006027837650046.5,4100644941775256.0,4100644845743629.0,-0.29637181276128344,1.9541851052377665e-17,1.659093532133914e-16,1.659093532133914e-16,9.273015376718553e-69,1.8546030753437107e-68,2.829748148213783e-16,0.0,3.754748434312198e-17,0.0
1543,0.2757427192761124,1496252009776890.2,1172507590568678.0,1172507583184926.8,-0.21917305088882072,3.360400721143555e-17,0.0,1.659093532133914e-16,2.3182538441796384e-69,0.0,5.437303476848087e-16,0.0,2.338757712098294e-17,0.0
1544,0.37948375156973324,4275130607527945.0,3616631030278049.0,3616630924876529.5,-0.8291869441444938,1.4237713915972895e-17,1.659093532133914e-16,1.659093532133914e-16,3.7092061506874214e-68,0.0,2.763909588168832e-16,0.0,3.99981799180622e-17,0.0
1545,0.14258173513076441,4866963087857676.0,5408860169658605.0,5408860093499077.0,0.40907500344947245,3.0523483954875604e-17,3.318187064267828e-16,4.977280596401743e-16,1.8546030753437107e-68,5.563809226031132e-68,3.019841566112565e-16,0.0,1.4419346615707293e-17,0.0
1546,0.5866152392124053,3304031745697902.0,5836170061604301.0,5836169888555262.0,-0.15327517439908533,1.1335735698427873e-17,0.0,3.318187064267828e-16,0.0,0.0,2.1968786651969445e-16,0.0,2.5903414860183634e-17,0.0
1547,0.05887971082725888,2414574835283956.0,2369320440895916.0,2369320434890006.0,0.7571428779764368,2.7016035358538704e-18,0.0,0.0,4.636507688359277e-69,9.273015376718553e-69,2.340644666497353e-16,0.0,4.7758282171851705e-17,0.0
1548,0.007960746404113239,2810664954885475.0,2811442466863886.5,2811442415606979.0,-0.4720196942368355,1.1831929599442856e-17,0.0,0.0,9.273015376718553e-69,1.390952306507783e-68,3.1097480572356252e-16,0.0,3.356251220010493e-18,0.0
1549,0.5335875258059928,4405827108109967.0,3986468401347838.0,3986468263922940.5,-0.9629462184007994,3.788771705468394e-17,0.0,0.0,0.0,1.8546030753437107e-68,1.7192903834838168e-16,0.0,2.60086922068927e-17,0.0
1550,0.11855592672097473,2823671609383907.5,3108908459433102.0,3108908388879584.0,-0.6569997026381059,3.2076848096553586e-17,1.659093532133914e-16,1.659093532133914e-16,4.636507688359277e-69,0.0,2.4471472652608527e-16,0.0,3.2624684494995544e-17,0.0
1551,0.03984707144916464,2787014614891276.5,2678780657950698.0,2678780644155021.0,0.5635964037169123,4.586859032433378e-17,3.318187064267828e-16,3.318187064267828e-16,9.273015376718553e-69,1.390952306507783e-68,1.4285877027847694e-16,0.0,1.6505626932761955e-18,0.0
1552,0.16642140496893237,4748616988042758.0,4254755831148768.0,4254755702817748.5,-0.6091702289810671,1.1413206129820892e-17,1.659093532133914e-16,1.659093532133914e-16,1.8546030753437107e-68,1.8546030753437107e-68,5.052355062096255e-16,0.0,4.078922788935194e-17,0.0
1553,0.4492069120787726,1409364750699946.0,1987347895597433.8,1987347876296703.8,-0.10929116738306337,2.2981438084519935e-17,3.318187064267828e-16,3.318187064267828e-16,2.3182538441796384e-69,1.1591269220898192e-68,3.2826423222502686e-16,0.0,1.3749911305986131e-17,0.0
1554,0.007895040899652893,1988600603455755.0,1985493794665370.5,1985493764462426.8,-0.7391291368642721,1.2582404960030392e-17,3.318187064267828e-16,4.977280596401743e-16,2.3182538441796384e-69,0.0,4.021825637586193e-16,0.0,9.531918589935097e-18,0.0
1555,0.46883042789265333,2657010662728187.0,2604713256764752.0,2604713200791768.5,-0.8727432640238119,2.4868164138839597e-17,1.659093532133914e-16,4.977280596401743e-16,0.0,2.781904613015566e-68,5.360278445755376e-16,0.0,2.439057027458811e-17,0.0
1556,0.45865340093022133,4111985772659926.0,4664527213349531.0,4664527054175816.0,-0.6606408629912228,1.1660676749521611e-17,0.0,0.0,0.0,1.8546030753437107e-68,1.8088115766664618e-16,0.0,1.705282810903339e-17,0.0
1557,0.3819758462595186,3969140975834128.5,5263251799109853.0,5263251569994657.0,-0.8774364063581268,9.817827505935268e-18,1.659093532133914e-16,1.659093532133914e-16,9.273015376718553e-69,7.418412301374843e-68,3.8421383341726516e-16,0.0,1.4711044818145707e-17,0.0
1558,0.43966230458055927,4789677950327004.0,7430454887272780.0,7430454690989593.0,0.19300299607007662,1.216581974446756e-17,3.318187064267828e-16,3.318187064267828e-16,0.0,7.418412301374843e-68,1.4518357554282692e-16,0.0,1.4338177163751698e-17,0.0
1559,0.5817816217150477,2270419891012933.0,1474864306936714.5,1474864306640941.5,0.9691344440259176,1.6680557472471006e-17,0.0,3.318187064267828e-16,0.0,4.636507688359277e-69,1.5373932517953302e-16,0.0,3.2837894081540056e-17,0.0
1560,0.586577295631909,4011156317098954.0,4456404726398168.5,4456404643413296.0,0.05147386977456234,2.850772558137362e-17,0.0,6.636374128535656e-16,9.273015376718553e-69,7.418412301374843e-68,2.0632524611940221e-16,0.0,2.818778171423716e-17,0.0
1561,0.014805829941235735,1698363866651416.2,1705833464284011.5,1705833442607122.5,-0.6909988541275078,1.273957678241635e-17,0.0,0.0,0.0,0.0,1.5163380101151235e-16,0.0,4.417844684112094e-17,0.0
1562,0.23513678516535458,1531085657590260.8,1655249920149147.0,1655249903769480.0,-0.35705527629171274,1.1323739870300263e-17,1.659093532133914e-16,1.659093532133914e-16,0.0,0.0,4.499033859377158e-16,0.0,6.770852814768842e-18,0.0
1563,0.1509201937882315,2823621518370767.5,2558459505582261.0,2558459471870046.5,-0.1690950228853248,4.591753875257907e-17,3.318187064267828e-16,1.659093532133914e-16,9.273015376718553e-69,4.636507688359277e-69,3.3331890654800977e-16,0.0,4.2355741214179495e-18,0.0
1564,0.15484920664672205,2171478042701171.5,2189065796951835.2,2189065789226282.2,0.6340417486442865,3.94932585142922e-17,0.0,0.0,4.636507688359277e-69,9.273015376718553e-69,3.081798953062789e-16,0.0,3.218002431354226e-17,0.0
1565,0.09197563085736164,1822009043951717.5,1760685883169028.0,1760685864451352.2,-0.3705906693777984,2.2936644305969386e-17,0.0,1.659093532133914e-16,0.0,4.636507688359277e-69,1.259794634499127e-16,0.0,2.3258750894681007e-17,0.0
1566,0.31259756064993316,4203001986925299.5,4715678263176404.0,4715678209829195.0,0.4554434416691239,1.954245067709249e-17,0.0,1.659093532133914e-16,0.0,0.0,2.550606191256395e-16,0.0,3.129356708969192e-18,0.0
1567,0.266184043309705,4118928654938641.5,3774167344925336.0,3774167337343307.5,0.8791733601762054,4.4743751359036986e-17,0.0,3.318187064267828e-16,9.273015376718553e-69,0.0,1.2460946039931963e-16,0.0,2.1336498920452104e-17,0.0
1568,0.485292144200216,3573130182799340.5,3590516570926383.0,3590516496551169.0,-0.30958587465076365,9.673055707442135e-18,0.0,1.659093532133914e-16,0.0,2.3182538441796384e-68,3.01309471442866e-16,0.0,1.537449149137237e-17,0.0
1569,0.062371333410952974,2373076707917219.5,2305180210752512.0,2305180209350877.0,0.9401251081488099,1.438505558502639e-17,1.659093532133914e-16,3.318187064267828e-16,4.636507688359277e-69,4.636507688359277e-69,4.836247412317796e-17,0.0,4.732050207388137e-18,0.0
1570,0.5104120778756343,1717558383324546.5,1486051470081635.5,1486051467006153.5,0.6838704528152069,3.075549757690703e-17,1.659093532133914e-16,1.659093532133914e-16,4.636507688359277e-69,2.3182538441796384e-69,3.7946667158622715e-16,0.0,3.664872927290396e-17,0.0
1571,0.5152694806128042,1766776082861598.8,1170083693689524.8,1170083687391708.2,-0.04418094720909675,2.9283814055308684e-17,3.318187064267828e-16,3.318187064267828e-16,2.3182538441796384e-69,4.636507688359277e-69,3.911044712415791e-16,0.0,2.0488050983236458e-17,0.0
1572,0.413967328120849,1483024340012245.8,2141876219197884.8,2141876181016808.0,-0.8892048827497425,2.8708836820943025e-17,1.659093532133914e-16,0.0,2.3182538441796384e-69,9.273015376718553e-69,6.26986748341605e-16,0.0,1.990580625874477e-17,0.0
1573,0.48346625673385146,4770515319185137.0,7288652212899051.0,7288652059279706.0,0.34359621242507543,3.196223903477175e-17,3.318187064267828e-16,1.659093532133914e-16,1.8546030753437107e-68,0.0,3.2276857494896605e-16,0.0,1.2077852383930501e-17,0.0
1574,0.1826745017304935,3781018574500417.0,3349257513806904.0,3349257501240699.5,0.7457115399096568,8.223603920440835e-18,1.659093532133914e-16,3.318187064267828e-16,9.273015376718553e-69,9.273015376718553e-69,3.460852994690195e-16,0.0,1.656376490169885e-17,0.0
1575,0.05211977018873438,4583559455385083.0,4812041148149771.0,4812041065837191.0,0.19308615356203548,1.839684462495676e-17,3.318187064267828e-16,1.659093532133914e-16,1.8546030753437107e-68,1.8546030753437107e-68,6.866356342240976e-16,0.0,4.261847010803448e-17,0.0
1576,0.33803710474568893,4059516847749661.5,3556435339291425.0,3556435321998623.0,0.6896475751900856,2.802262722111101e-17,0.0,1.659093532133914e-16,0.0,1.8546030753437107e-68,3.998167059450687e-16,0.0,4.2756374046134745e-17,0.0
1577,0.05236796914175433,4588809238678814.0,4683441298155322.0,4683441275669149.0,0.7672953817659461,4.233167833613649e-17,1.659093532133914e-16,3.318187064267828e-16,0.0,1.8546030753437107e-68,3.938638514878119e-16,0.0,2.1600527201504687e-17,0.0
1578,0.0591798856495092,2041531787866737.0,1996680943653347.5,1996680917521035.5,-0.4879218177749201,2.041826783249505e-17,4.977280596401743e-16,4.977280596401743e-16,4.636507688359277e-69,2.3182538441796384e-69,1.1243308731321548e-16,0.0,3.098320754463722e-17,0.0
1579,0.40336514152631564,2648092527218862.5,3516859349532391.5,3516859268538172.5,-0.48649566618918405,3.9949295083615994e-17,0.0,3.318187064267828e-16,4.636507688359277e-69,0.0,2.7410510685139755e-16,0.0,2.979851531031394e-17,0.0
1580,0.4039581753815044,3033381117852196.0,4204266492490833.0,4204266434916464.0,0.26061891336385923,2.0297807454391294e-17,3.318187064267828e-16,3.318187064267828e-16,9.273015376718553e-69,0.0,1.6052015134962647e-16,0.0,6.834128230980489e-18,0.0
1581,0.1353442096701913,4256335900983375.0,4437137378377430.0,4437137261675506.5,-0.34552536999643363,1.0179771759982976e-17,1.659093532133914e-16,1.659093532133914e-16,1.8546030753437107e-68,5.563809226031132e-68,3.89872373964765e-16,0.0,1.434925375134728e-17,0.0
1582,0.15136501682778947,3017243434844760.5,2958444423472480.5,2958444382385700.0,-0.0656016984219945,6.143898556678577e-18,3.318187064267828e-16,3.318187064267828e-16,0.0,1.8546030753437107e-68,5.551364422392197e-16,0.0,1.9107718106538466e-17,0.0
1583,0.3984080802404863,1620378522793995.5,2251078651320429.8,2251078633544363.2,0.20370507814486233,7.973990282325404e-18,0.0,0.0,0.0,2.3182538441796384e-69,2.1870953431776545e-16,0.0,1.7553098368636646e-17,0.0
1584,0.4394278651704969,3849422766626613.5,5951086583703477.0,5951086579921607.0,0.9757599392733544,2.9460714696838236e-17,1.659093532133914e-16,0.0,0.0,0.0,1.8027795303150047e-16,0.0,3.197424527102809e-17,0.0
1585,0.08329383483796053,2019642441089396.5,2085209237174958.5,2085209205301934.5,-0.663962806449569,9.014669168629982e-18,1.659093532133914e-16,3.318187064267828e-16,2.3182538441796384e-69,9.273015376718553e-69,2.7838858235970575e-16,0.0,3.9409515461434495e-17,0.0
1586,0.3106473874107375,4524517385972019.0,3386683703718985.5,3386683640198056.5,-0.2571502556978183,3.6500292150538296e-17,3.318187064267828e-16,1.659093532133914e-16,1.8546030753437107e-68,0.0,3.170721070571897e-18,0.0,4.0018054315771226e-17,0.0
1587,0.5670120190772812,1647887495769492.5,1058349867100731.8,1058349862550510.6,0.0778668984559356,1.1756959642847631e-17,3.318187064267828e-16,0.0,2.3182538441796384e-69,5.795634610449096e-70,2.335979299707276e-16,0.0,2.983852525042246e-17,0.0
1588,0.5190416580225776,2651502008832288.5,1838121267033243.2,1838121242887385.8,-0.6222356390604148,2.3924341374822774e-17,0.0,3.318187064267828e-16,4.636507688359277e-69,4.636507688359277e-69,4.6731288232385e-16,0.0,1.8810605424157628e-17,0.0
1589,0.008098713834703307,2757940098444990.5,2736394505128552.5,2736394439343121.0,-0.9943066425248959,1.1510434263782698e-17,3.318187064267828e-16,3.318187064267828e-16,9.273015376718553e-69,9.273015376718553e-69,1.0403404060848933e-17,0.0,7.160680735934179e-18,0.0
1590,0.21418103213433606,3684905178621813.0,4124373371257125.5,4124373279242901.5,-0.22788768864156647,3.9594226050910474e-17,1.659093532133914e-16,0.0,9.273015376718553e-69,1.8546030753437107e-68,7.940551164657172e-17,0.0,2.9057607237350176e-17,0.0
1591,0.09652562295076782,2349832414405597.0,2357972877476911.5,2357972839440526.0,-0.552891999268056,1.6423137792015682e-17,0.0,0.0,0.0,4.636507688359277e-69,2.7897074157540428e-16,0.0,2.477506224301737e-17,0.0
1592,0.3691493675406477,2799346070818016.0,3692261841837529.0,3692261840198573.0,0.9727101101263488,6.811882554783001e-18,3.318187064267828e-16,3.318187064267828e-16,4.636507688359277e-69,9.273015376718553e-69,9.669381765490724e-17,0.0,3.155203842693114e-17,0.0
1593,0.45000591499256454,1683461969090221.0,1369959990269036.8,1369959987136260.5,0.6210924832387505,3.7683302712716546e-17,3.318187064267828e-16,0.0,4.636507688359277e-69,3.4773807662694575e-69,5.864524934989042e-16,0.0,1.9496888563644786e-17,0.0
1594,0.11125757074386289,3383937697995788.0,3477923509402362.0,3477923443786832.5,-0.2313633144265158,3.515962029499772e-17,1.659093532133914e-16,1.659093532133914e-16,1.8546030753437107e-68,9.273015376718553e-69,3.3230245130185163e-16,0.0,2.667028466817326e-17,0.0
1595,0.41999941308732497,4654167395527172.0,4327188094390508.0,4327188007420588.0,-0.054331417670252985,2.0662510627501377e-17,0.0,0.0,1.8546030753437107e-68,5.563809226031132e-68,2.273462266653503e-16,0.0,1.0192505476507486e-17,0.0
1596,0.35106463882318256,4320174969231903.0,2998096275999233.0,2998096207326901.0,-0.7342442768058238,8.95988452378061e-18,3.318187064267828e-16,3.318187064267828e-16,1.8546030753437107e-68,4.636507688359277e-69,3.2752220163844827e-16,0.0,1.1712876425537265e-17,0.0
1597,0.16617941730704047,3510393791716841.0,3635359957513508.5,3635359915859777.0,0.2845509722004165,3.565454388155393e-17,1.659093532133914e-16,4.977280596401743e-16,1.8546030753437107e-68,0.0,1.350472613308004e-16,0.0,2.724604371487632e-17,0.0
1598,0.5787237481003089,3747165111381631.5,6312758002882161.0,6312757775049368.0,-0.29776955676429734,1.3440669924232806e-17,3.318187064267828e-16,0.0,9.273015376718553e-69,7.418412301374843e-68,1.438615776209745e-16,0.0,3.5050025126998254e-17,0.0
1599,0.198708287247987,2294922198367687.5,2602360756464508.0,2602360698103973.0,-0.9561578209780068,3.81981606127722e-17,1.659093532133914e-16,3.318187064267828e-16,4.636507688359277e-69,1.8546030753437107e-68,4.95068572897657e-16,0.0,4.2680742659603504e-18,0.0
1600,0.5748191843898914,3377563840137542.5,3965650150995168.0,3965650115434549.5,0.48671316045313856,3.078729129187166e-17,3.318187064267828e-16,0.0,1.8546030753437107e-68,0.0,1.6646477243949787e-16,0.0,1.4580908047212482e-17,0.0
1601,0.20408854476746063,1754537963042652.0,1967482282903196.2,1967482281220436.5,0.9013220591071694,2.6070510344374003e-17,0.0,1.659093532133914e-16,0.0,9.273015376718553e-69,1.310792935845148e-16,0.0,1.6230938281639695e-17,0.0
1602,0.3791819521742856,2849819811333840.5,3479999222272072.5,3479999147858702.5,-0.3948011754329102,3.1545291666477925e-17,1.659093532133914e-16,1.659093532133914e-16,0.0,1.8546030753437107e-68,1.1784283392594085e-16,0.0,1.1553466391043274e-17,0.0
1603,0.5036995029684318,3120969693748310.5,3162646047293800.5,3162646041138167.5,0.8603016867819621,3.4011045931918266e-17,3.318187064267828e-16,1.659093532133914e-16,9.273015376718553e-69,9.273015376718553e-69,1.6445448930289774e-16,0.0,1.877551284276391e-17,0.0
1604,0.457520192629114,4140707108329538.5,5732974910360938.0,5732974687519795.0,-0.539057791948708,3.751077778441229e-17,1.659093532133914e-16,3.318187064267828e-16,0.0,7.418412301374843e-68,1.5740214072714771e-16,0.0,1.5935420809659835e-17,0.0
1605,0.3295075507189153,1639408651570898.0,1968890746316142.0,1968890721665314.2,-0.4434704355133931,2.1943759870752986e-17,1.659093532133914e-16,3.318187064267828e-16,0.0,4.636507688359277e-69,2.711306991323696e-16,0.0,8.2740893213675e-18,0.0
1606,0.49420901704758463,4659247191563640.0,7995595231246632.0,7995595046938042.0,0.345569395460351,9.098164594028469e-18,3.318187064267828e-16,0.0,3.7092061506874214e-68,0.0,2.797688708833918e-16,0.0,2.5284073760167417e-17,0.0
1607,0.24377745637483875,2372499093025299.0,2995253350353022.0,2995253348131099.5,0.9437812233223037,4.5476762978938914e-17,3.318187064267828e-16,3.318187064267828e-16,9.273015376718553e-69,0.0,2.418712428939569e-16,0.0,4.5839907812302964e-17,0.0
1608,0.41636050255324547,3128412943924725.5,2931314502395378.0,2931314490348540.0,0.6817504203294442,5.328505840192171e-18,3.318187064267828e-16,3.318187064267828e-16,9.273015376718553e-69,4.636507688359277e-69,2.0833444134696988e-16,0.0,9.891640234969437e-18,0.0
1609,0.3328561650668413,3141123356887259.5,4102405436261984.5,4102405291722189.0,-0.949529935990943,3.129825647513136e-17,1.659093532133914e-16,3.318187064267828e-16,0.0,5.563809226031132e-68,3.9521027367528863e-16,0.0,2.826583863066187e-17,0.0
1610,0.2902571709153138,3783610402336706.0,4077588294564616.5,4077588227286517.5,0.08148430000003798,9.841491779837132e-18,1.659093532133914e-16,1.659093532133914e-16,9.273015376718553e-69,9.273015376718553e-69,3.210131975544482e-16,0.0,6.367058045939281e-18,0.0
1611,0.519480652533552,4233602671438420.0,3616469273136804.5,3616469247508198.0,0.5551894732223843,3.628102757180865e-17,0.0,1.659093532133914e-16,1.8546030753437107e-68,0.0,1.469359286758011e-16,0.0,1.9227796659125905e-17,0.0
1612,0.4402309845793612,1537556544554505.2,2185674546830951.8,2185674534033486.0,0.3919033742374405,4.0035456079738534e-17,0.0,3.318187064267828e-16,4.636507688359277e-69,4.636507688359277e-69,2.1846834768543308e-16,0.0,2.72015443012167e-17,0.0
1613,0.40074750740908177,3340887686392889.0,3875243768720945.0,3875243759732398.5,0.8641339231290095,3.960830194397019e-17,0.0,3.318187064267828e-16,9.273015376718553e-69,9.273015376718553e-69,2.6609335936341345e-16,0.0,3.217937772922002e-17,0.0
1614,0.5071080789477508,4513579912301781.0,7130132693739515.0,7130132540007943.0,0.31358388433658757,2.2671431704858407e-17,1.659093532133914e-16,3.318187064267828e-16,1.8546030753437107e-68,0.0,3.710982896800372e-16,0.0,1.7469529428555143e-17,0.0
1615,0.3976371200334579,1478605707428953.2,1069270292265598.9,1069270291398365.6,0.8278208883854166,2.1925621319483844e-17,4.977280596401743e-16,4.977280596401743e-16,0.0,0.0,3.9767891265147873e-16,0.0,2.596873920762063e-17,0.0
1616,0.20771025692380526,4843511388462707.0,4002698635719172.0,4002698519443980.5,-0.6474069911737651,4.096912937766611e-17,1.659093532133914e-16,3.318187064267828e-16,1.8546030753437107e-68,1.8546030753437107e-68,3.609141873317455e-16,0.0,3.861633185149327e-17,0.0
1617,0.23757311904291506,1276742813898172.0,1220523416150662.2,1220523415798728.5,0.946372377360791,1.7824752859064657e-17,0.0,1.659093532133914e-16,0.0,1.1591269220898192e-69,7.11206801627794e-16,0.0,2.8605302384884036e-17,0.0
1618,0.34652231828274505,4785995671398868.0,4065164428892409.5,4065164394463342.0,0.5270789493360972,1.5422262369451577e-17,0.0,0.0,1.8546030753437107e-68,0.0,3.866648192586526e-16,0.0,3.4817913400710237e-17,0.0
1619,0.10660246489414744,1991996697532384.0,1803715500478354.2,1803715497194949.8,0.7709090440710765,9.654926002037704e-18,1.659093532133914e-16,0.0,2.3182538441796384e-69,0.0,4.805286251993414e-16,0.0,4.809602079974113e-18,0.0
1620,0.5634736977025637,2571847355369451.5,4215540569291132.5,4215540460444157.0,-0.39036698360217825,3.941362730535306e-17,3.318187064267828e-16,0.0,4.636507688359277e-69,1.8546030753437107e-68,1.8399226215436902e-16,0.0,1.615045446610085e-17,0.0
1621,0.14285138745398948,3370543330663046.5,3411216299122188.0,3411216283396134.0,0.6932243664340227,3.0990304421378636e-17,3.318187064267828e-16,0.0,9.273015376718553e-69,1.8546030753437107e-68,1.5227737096447077e-16,0.0,2.6720328575839963e-17,0.0
1622,0.4762784976338459,3240792312831133.5,3108628091762847.5,3108628054619190.0,0.12749734687160397,3.2011182868517294e-17,1.659093532133914e-16,1.659093532133914e-16,1.8546030753437107e-68,4.636507688359277e-69,2.5056785415063636e-16,0.0,1.4156411287290245e-17,0.0
1623,0.020641113362446697,3367958102817466.0,3388898603125266.5,3388898585995881.0,0.6614332834647743,1.6582445063454572e-17,0.0,1.659093532133914e-16,9.273015376718553e-69,1.8546030753437107e-68,2.0727860101734457e-16,0.0,1.9025841794250508e-18,0.0
1624,0.5453704056566404,2523674540481179.0,4001577135095999.0,4001577006968628.5,-0.8163484138203867,2.797160668911745e-17,3.318187064267828e-16,3.318187064267828e-16,4.636507688359277e-69,0.0,3.312689982248464e-16,0.0,2.4459084632363623e-17,0.0
1625,0.16663033455542453,1315090793313571.8,1455148515955179.8,1455148509971007.8,0.35848169443986905,2.675571895391699e-17,0.0,1.659093532133914e-16,1.1591269220898192e-69,1.1591269220898192e-69,2.479189509830451e-16,0.0,1.5503404239898245e-17,0.0
1626,0.22180879684437907,2478403747466663.0,2250112568199809.8,2250112548380622.2,0.11141909470485568,2.5049987143030827e-17,1.659093532133914e-16,0.0,4.636507688359277e-69,6.954761532538915e-69,3.7334033107917356e-16,0.0,1.972660340690309e-17,0.0
1627,0.42908739515014144,1234002621917945.0,1254048379115123.0,1254048373877506.0,0.24399481354207134,1.3108209151820757e-17,1.659093532133914e-16,0.0,1.1591269220898192e-69,0.0,4.2109601846870685e-16,0.0,2.4585416439157698e-17,0.0
1628,0.34677063766600397,3863414415542135.5,5273212170791046.0,5273211968198726.0,-0.6538347714049089,2.6783988237061566e-17,1.659093532133914e-16,3.318187064267828e-16,9.273015376718553e-69,0.0,2.673569637663948e-16,0.0,1.219068665892217e-17,0.0
1629,0.5796736273957376,2676377647845492.5,1424692217266967.5,1424692215008411.8,0.7474145516684132,2.6162151439425284e-17,3.318187064267828e-16,1.659093532133914e-16,0.0,9.273015376718553e-69,8.566301432606502e-16,0.0,1.9972571751236213e-17,0.0
1630,0.024883713058260315,3645086973736605.5,3559753426045760.5,3559753329019168.0,-0.7380832475044652,1.4342667548651363e-17,1.659093532133914e-16,0.0,9.273015376718553e-69,9.273015376718553e-69,1.5424745694668863e-16,0.0,1.703199250406555e-17,0.0
1631,0.16713628708634434,1557010478481867.2,1673999750365478.2,1673999733480458.2,-0.36776163727240985,4.069582402797477e-17,1.659093532133914e-16,3.318187064267828e-16,2.3182538441796384e-69,4.636507688359277e-69,7.196207577135285e-16,0.0,4.1623810789506153e-17,0.0
1632,0.06429584277239835,4151798744548065.5,4240803396545471.0,4240803382973874.5,0.8287012122141927,3.685413646855126e-17,1.659093532133914e-16,3.318187064267828e-16,0.0,1.8546030753437107e-68,1.563719971664911e-16,0.0,4.093663511578555e-17,0.0
1633,0.15341710949610432,4496898328214929.0,4210338223408625.0,4210338159144960.5,0.17709226906948694,3.9245541023551744e-17,1.659093532133914e-16,4.977280596401743e-16,0.0,9.273015376718553e-69,1.541313261869026e-16,0.0,3.19677512256587e-17,0.0
1634,0.21079655704789624,3655806497674854.5,3971596514622896.5,3971596479383986.0,0.49287869881833046,4.952517740211646e-18,1.659093532133914e-16,1.659093532133914e-16,2.781904613015566e-68,0.0,2.8772442423334446e-16,0.0,2.155040549444662e-17,0.0
1635,0.452505040462446,1894426342883592.8,1190220225856748.8,1190220213813686.5,-0.9297537567274673,3.584458292516345e-17,1.659093532133914e-16,1.659093532133914e-16,2.3182538441796384e-69,1.7386903831347288e-69,2.0986169968031837e-16,0.0,8.630081653750881e-18,0.0
1636,0.2321687706029812,4006565606540797.5,4574404376008277.0,4574404257310036.0,-0.2876410260548233,5.173435379948876e-18,3.318187064267828e-16,1.659093532133914e-16,0.0,0.0,1.6267203060675763e-16,0.0,3.920905360164401e-17,0.0
1637,0.3402103348450259,4269765833553072.0,5146801204847309.0,5146801018217860.0,-0.5992818773649669,4.03525807018511e-17,3.318187064267828e-16,0.0,0.0,1.8546030753437107e-68,1.5205167843550354e-16,0.0,1.2292230610477922e-17,0.0
1638,0.4833206983591905,4236990382099438.5,7119592952642962.0,7119592940389219.0,0.9451245555722515,3.200650577961164e-17,3.318187064267828e-16,3.318187064267828e-16,1.8546030753437107e-68,3.7092061506874214e-68,4.845491075775152e-16,0.0,3.091854997670604e-17,0.0
1639,0.02888689104647859,3071111116223912.5,3114998884780787.5,3114998884636093.0,0.9966150183184411,7.544960147245588e-18,1.659093532133914e-16,0.0,0.0,9.273015376718553e-69,6.624641794850822e-16,0.0,4.456838541049519e-17,0.0
1640,0.02495468219049897,1929329186262950.5,1915917179638851.8,1915917169502981.2,0.3732025533570822,2.0965595669939116e-17,0.0,1.659093532133914e-16,2.3182538441796384e-69,6.954761532538915e-69,1.3629929344632027e-16,0.0,5.6107061038510074e-18,0.0
1641,0.35766988472500594,1971287036961844.5,2825220036027480.0,2825220022895991.0,0.6265529402992734,3.865663603736567e-17,4.977280596401743e-16,8.295467660669571e-16,2.3182538441796384e-69,4.636507688359277e-69,3.319037058323714e-16,0.0,1.8895849969190006e-17,0.0
1642,0.18889519163261426,2478966640558390.0,2554363042772244.0,2554363002998757.5,-0.38371944691853005,3.181778993037914e-17,0.0,1.659093532133914e-16,4.636507688359277e-69,4.636507688359277e-69,3.215868364188268e-16,0.0,1.5713715425601087e-17,0.0
1643,0.27537604627589324,1384821883933795.2,1415047621683556.0,1415047615236563.8,0.26913925033205804,3.677140667493247e-17,3.318187064267828e-16,8.295467660669571e-16,1.1591269220898192e-69,2.3182538441796384e-69,4.614314759273924e-16,0.0,2.88488596122923e-17,0.0
1644,0.4470757462024568,2489831690715174.5,2848557264438058.0,2848557195495168.5,-0.9286756552517497,4.1862257818572265e-18,1.659093532133914e-16,0.0,0.0,1.8546030753437107e-68,6.518764540785378e-17,0.0,4.391511782949795e-18,0.0
1645,0.22484450935665146,1475842200683386.8,1222205588599649.0,1222205577256654.0,-0.7236886759611767,4.3853831496930763e-17,1.659093532133914e-16,3.318187064267828e-16,0.0,2.3182538441796384e-69,2.1995070381429968e-16,0.0,3.024708553295433e-17,0.0
1646,0.5304489492581523,2649198458941021.0,2845546021641006.0,2845545996060697.0,0.28287613136932827,7.365639410070484e-18,0.0,0.0,9.273015376718553e-69,1.1591269220898192e-68,1.369953396046939e-16,0.0,1.948512129974102e-17,0.0
1647,0.5333010720319811,1491137422157110.2,890611475210292.1,890611474270085.5,0.7309293190036584,3.5219040000409526e-17,3.318187064267828e-16,3.318187064267828e-16,0.0,2.3182538441796384e-69,4.504935958292963e-16,0.0,7.701091632327325e-18,0.0
1648,0.12384570538419741,2750571596497130.5,2473389305003392.5,2473389282981623.0,0.1828780548625593,5.16010082849844e-18,3.318187064267828e-16,0.0,9.273015376718553e-69,4.636507688359277e-69,2.638926709088741e-16,0.0,4.338147041630274e-17,0.0
1649,0.31100062508011983,2186269166228562.5,1766349333481984.5,1766349333242601.8,0.9825835543450901,3.628193056616931e-17,0.0,1.659093532133914e-16,4.636507688359277e-69,9.273015376718553e-69,1.5748453482094878e-16,0.0,1.3174430590299166e-17,0.0
1650,0.5105107002160408,3111254807524615.0,3961070990029039.5,3961070944422389.5,0.34018445541696796,3.739096251054101e-17,1.659093532133914e-16,3.318187064267828e-16,9.273015376718553e-69,4.636507688359277e-69,3.104898804979041e-16,0.0,3.305076321638481e-17,0.0
1651,0.19179897875352198,2887088199344493.0,3381520372589684.0,3381520274387426.5,-0.9494723629148392,3.3081702443387016e-17,1.659093532133914e-16,1.659093532133914e-16,4.636507688359277e-69,1.8546030753437107e-68,1.1243595912063175e-16,0.0,3.2965628641161965e-17,0.0
1652,0.003490131774797223,3928389388585702.0,3938419063047600.0,3938418927843157.0,-0.9786398188000927,3.825857041494038e-17,0.0,3.318187064267828e-16,0.0,1.8546030753437107e-68,1.306534119572048e-16,0.0,2.3850398243893533e-17,0.0
1653,0.3269458764705047,3630924655414544.0,4161547361590743.5,4161547233846992.5,-0.674362968666107,3.8894893410966475e-17,1.659093532133914e-16,0.0,1.8546030753437107e-68,1.8546030753437107e-68,3.5339309254862573e-16,0.0,8.11412941203715e-18,0.0
1654,0.16409504301861683,2493816045390166.0,2203524343600824.5,2203524316486557.2,-0.2675987073163576,1.7926480237867e-17,1.659093532133914e-16,1.659093532133914e-16,0.0,1.390952306507783e-68,2.79934698923558e-16,0.0,2.1673784953115413e-17,0.0
1655,0.4355924808695045,1353548876372638.2,2090892803409662.0,2090892792478424.2,0.4324221615330449,4.2957813151457876e-17,0.0,3.318187064267828e-16,1.1591269220898192e-69,6.954761532538915e-69,5.446337910624837e-16,0.0,4.397069097545984e-17,0.0
1656,0.5313470216831487,4497434745619039.0,4779617355093208.0,4779617295456859.0,0.4074235200803204,1.2947897952936874e-17,3.318187064267828e-16,0.0,1.8546030753437107e-68,3.7092061506874214e-68,3.994279564929934e-16,0.0,2.881366092772728e-17,0.0
1657,0.5409716223750373,4368755585658393.5,6793126806490672.0,6793126537362078.0,-0.32385381745226405,3.1118282416023466e-17,3.318187064267828e-16,3.318187064267828e-16,1.8546030753437107e-68,7.418412301374843e-68,1.5816724285474478e-16,0.0,2.6867222851977706e-17,0.0
1658,0.09276926029597866,3967521430069833.5,4041702928751310.5,4041702848783881.5,-0.11123005616295902,9.956742979651616e-18,0.0,1.659093532133914e-16,2.781904613015566e-68,0.0,1.2941528816518857e-16,0.0,2.2884814517036388e-17,0.0
1659,0.2984047961136034,1588067507930812.5,1761109402603021.5,1761109382602124.5,-0.4638494647806862,3.625799612906905e-17,1.659093532133914e-16,0.0,0.0,4.636507688359277e-69,5.310656441623402e-16,0.0,3.9152071676214973e-17,0.0
1660,0.24516261631029826,4564667170365678.0,4203582011535173.5,4203581883992001.5,-0.6384673512846049,3.358820974089154e-17,0.0,0.0,0.0,1.8546030753437107e-68,1.5293681177221705e-16,0.0,4.226777940332323e-17,0.0
1661,0.04908122112678187,1981822767527324.0,1915993919593521.2,1915993892494655.0,-0.6756468302611535,4.434130076758673e-17,1.659093532133914e-16,1.659093532133914e-16,4.636507688359277e-69,2.3182538441796384e-69,3.7530134331613553e-16,0.0,3.175653587459838e-17,0.0
1662,0.4451523142484832,3378414445517734.5,2310756294775309.0,2310756263508808.0,-0.32920086406425936,1.802319278648278e-17,0.0,0.0,0.0,9.273015376718553e-69,1.5286915867901675e-16,0.0,2.708626215576262e-17,0.0
1663,0.18719198139338755,1740377426084595.0,1877146559964653.2,1877146540860248.2,-0.23071294816288213,3.980913925338343e-17,1.659093532133914e-16,3.318187064267828e-16,2.3182538441796384e-69,0.0,1.9225883587937382e-16,0.0,2.900096684652105e-17,0.0
1664,0.4871469326828724,2469792031343274.0,3848741341361232.5,3848741265993067.5,-0.15496843479431238,2.430873498149218e-17,0.0,0.0,4.636507688359277e-69,1.8546030753437107e-68,9.579754222722796e-17,0.0,1.4200209817534532e-17,0.0
1665,0.3219104528333644,1520250150568552.2,1748725695982094.0,1748725694654673.8,0.9014663393202144,3.4037932781244194e-17,0.0,1.659093532133914e-16,4.636507688359277e-69,4.636507688359277e-69,3.1183622483885854e-16,0.0,9.95097964705897e-18,0.0
1666,0.11129511150279048,4885184662380300.0,5069971565791559.0,5069971467743351.0,0.13413887830868704,3.1155107701172674e-17,0.0,1.659093532133914e-16,1.8546030753437107e-68,1.8546030753437107e-68,2.8237882775242423e-16,0.0,1.2337561663097514e-17,0.0
1667,0.32701830883573524,2528329032417449.5,3157011028913930.0,3157010952174056.5,-0.7477870209429488,2.8867256015996784e-17,1.659093532133914e-16,1.659093532133914e-16,4.636507688359277e-69,3.7092061506874214e-68,1.435445457887438e-16,0.0,2.836831976938605e-17,0.0
1668,0.23269862659433693,1337913041278590.2,1564194033612645.5,1564194012178187.8,-0.9886157412823423,1.1185933140109107e-17,1.659093532133914e-16,1.659093532133914e-16,0.0,2.3182538441796384e-69,2.358984535463758e-16,0.0,2.3846461879862336e-17,0.0
1669,0.4198924210082859,3313311793844605.5,3862344132836917.5,3862344040953862.5,-0.398147908071842,9.453492335833594e-18,1.659093532133914e-16,0.0,9.273015376718553e-69,0.0,4.0690921379865367e-16,0.0,3.8545317916311517e-17,0.0
1670,0.26196645337158736,1939119288147680.5,2532342918699976.5,2532342875083490.0,-0.5439217024376124,3.392870006042336e-17,1.659093532133914e-16,0.0,2.3182538441796384e-69,9.273015376718553e-69,1.7817212945932724e-16,0.0,2.7151097178517168e-17,0.0
1671,0.44107281657824554,3973835371483923.0,4664953373678398.0,4664953205167634.0,-0.7577320216978263,3.824226181960375e-17,3.318187064267828e-16,6.636374128535656e-16,9.273015376718553e-69,1.8546030753437107e-68,4.0843731611098153e-16,0.0,1.7626448187671068e-17,0.0
1672,0.27788641291025346,4673413919838677.0,4189917916248081.5,4189917852335918.0,0.17359656678763705,7.59557050411334e-18,3.318187064267828e-16,1.659093532133914e-16,0.0,1.8546030753437107e-68,2.4557606676304114e-17,0.0,3.1393524008269656e-17,0.0
1673,0.46584151918191247,2641685872208886.5,1691135684242400.8,1691135669531077.5,-0.16765474814163492,2.3156400612898924e-17,1.659093532133914e-16,0.0,4.636507688359277e-69,2.3182538441796384e-69,1.9436751908156013e-16,0.0,2.7456376050180404e-17,0.0
1674,0.12115666999165337,1589051321867253.8,1545370873934946.8,1545370860917346.0,-0.23732881977016596,4.858789454539805e-18,3.318187064267828e-16,3.318187064267828e-16,2.3182538441796384e-69,2.3182538441796384e-69,1.4889387344460077e-16,0.0,1.6120387479523477e-17,0.0
1675,0.30054527223240474,2544256111069276.0,2814933230689357.0,2814933205292945.0,0.2724618253258419,1.2288639752949526e-17,1.659093532133914e-16,1.659093532133914e-16,4.636507688359277e-69,9.273015376718553e-69,2.017318440868331e-16,0.0,3.430205176592951e-17,0.0
1676,0.32308911398747725,2849167246739350.5,2665067995757812.5,2665067978178317.5,0.4381641794229121,2.821235569843713e-17,0.0,3.318187064267828e-16,0.0,9.273015376718553e-69,1.1668082730004787e-16,0.0,2.8186016212070697e-17,0.0
1677,0.5524611271160401,4280193671227267.5,6831000927373101.0,6831000599426725.0,-0.5953419440388328,3.260779078421757e-17,1.659093532133914e-16,0.0,0.0,1.4836824602749686e-67,7.017818827861482e-16,0.0,8.798407644086752e-18,0.0
1678,0.5996742016502138,4304522651015540.5,5049312968930482.0,5049312763173281.0,-0.8319351517741599,2.0002111741163406e-17,0.0,0.0,1.8546030753437107e-68,0.0,3.1659557892043287e-16,0.0,2.915297079981332e-17,0.0
1679,0.1635718706905431,2630444450496043.0,2312633891633763.0,2312633856979676.0,-0.47082265100517356,1.7880602218498098e-17,0.0,1.659093532133914e-16,9.273015376718553e-69,6.954761532538915e-69,2.1815298334340463e-16,0.0,3.899691210418982e-18,0.0
1680,0.29929995690510947,1688462950889687.8,1715338895872368.8,1715338881271404.2,-0.1264224556693954,3.188959948486424e-17,0.0,3.318187064267828e-16,4.636507688359277e-69,1.1591269220898192e-69,8.496474620489097e-18,0.0,4.223983906351942e-17,0.0
1681,0.5454845303531373,4721187194388553.0,6973279251173195.0,6973279168417147.0,0.6136817265278154,1.0304948858906669e-17,0.0,3.318187064267828e-16,1.8546030753437107e-68,1.1127618452062264e-67,4.861822086418101e-16,0.0,2.521395660362401e-17,0.0
1682,0.06335035555579917,4358758473510297.5,4136227959719578.0,4136227890030703.5,0.07535689009024976,4.158841323521415e-17,1.659093532133914e-16,1.659093532133914e-16,1.8546030753437107e-68,9.273015376718553e-69,3.2568908030070425e-16,0.0,3.0340034702245693e-17,0.0
1683,0.4356767777385822,2980415484684766.5,2454752131875743.0,2454752085071546.0,-0.76314947573118,2.908790119254716e-17,1.659093532133914e-16,0.0,9.273015376718553e-69,6.954761532538915e-69,0.0,0.0,2.3201294225353217e-17,0.0
1684,0.42760337169575824,1478533242563759.8,2001458856044254.2,2001458854850186.0,0.9323363361929545,2.4593343903215722e-17,1.659093532133914e-16,0.0,0.0,6.954761532538915e-69,1.1147723088815371e-16,0.0,1.1404044031100694e-17,0.0
1685,0.11680368894646222,4554183866899590.0,4488721335399497.5,4488721266643850.5,0.225390699764675,1.8768689641056433e-17,1.659093532133914e-16,1.659093532133914e-16,1.8546030753437107e-68,5.563809226031132e-68,2.4723508178836014e-16,0.0,3.507151348688128e-17,0.0
1686,0.09428707434837624,3883722795744458.5,3824208922033886.0,3824208867305161.0,0.1505227936119223,1.4587307707080247e-17,0.0,1.659093532133914e-16,9.273015376718553e-69,0.0,1.2273448724479749e-16,0.0,4.3379070523827156e-17,0.0
1687,0.5672850350938962,2924238987878633.5,3043458109929461.5,3043458046598812.5,-0.5520256925468257,1.8082868668204015e-17,0.0,0.0,0.0,0.0,4.0975161398063774e-16,0.0,6.359114697448775e-18,0.0
1688,0.3753961109934856,4890976166558938.0,5698938001262354.0,5698937782189359.0,-0.5311601344289189,3.036596785691922e-17,0.0,3.318187064267828e-16,3.7092061506874214e-68,0.0,1.934992102662722e-16,0.0,1.8589182846352613e-17,0.0
1689,0.4093044800847293,4471162295279562.0,4125806338422572.5,4125806229763342.5,-0.44900062434324006,3.4214860987228737e-17,0.0,3.318187064267828e-16,1.8546030753437107e-68,1.8546030753437107e-68,1.2574927030538887e-16,0.0,3.192122484078255e-17,0.0
1690,0.4436095107956648,4057210868652416.5,5576939908496584.0,5576939718576203.0,-0.3861150323293811,3.068421460403896e-17,1.659093532133914e-16,3.318187064267828e-16,1.8546030753437107e-68,1.8546030753437107e-68,1.414368942044692e-17,0.0,1.1666166398760162e-17,0.0
1691,0.4868396644363246,4825854249391832.0,7370080558915370.0,7370080318928205.0,-0.0029128032486755166,2.9360322016895636e-17,3.318187064267828e-16,1.659093532133914e-16,0.0,0.0,1.0949038997619481e-16,0.0,2.373999978028719e-17,0.0
1692,0.4572384485166751,2426830250820773.0,2879653116720971.5,2879653064066589.5,-0.4413644064107845,1.1500635016147738e-17,3.318187064267828e-16,4.977280596401743e-16,4.636507688359277e-69,4.636507688359277e-69,4.2298589029175966e-16,0.0,3.254373502028718e-17,0.0
1693,0.2764067675063607,3862083789901398.5,4297012653949630.5,4297012559989099.0,-0.15513255998056322,3.1809475650692794e-17,1.659093532133914e-16,1.659093532133914e-16,0.0,1.8546030753437107e-68,3.5783481834167836e-16,0.0,9.288769946265378e-18,0.0
1694,0.2528113817391919,4674851904417860.0,3622087259710134.5,3622087178331485.0,-0.40803123143132125,1.3250574944004501e-17,1.659093532133914e-16,4.977280596401743e-16,1.8546030753437107e-68,9.273015376718553e-69,1.0122246062660728e-16,0.0,3.6277745742755696e-17,0.0
1695,0.3301836578959119,3779127921428407.0,4580790686469318.0,4580790538792314.0,-0.5975395009309894,1.5049229713835658e-17,1.659093532133914e-16,3.318187064267828e-16,0.0,0.0,6.306570402576641e-16,0.0,1.3495363586196786e-17,0.0
1696,0.031249017378333924,4351763849536600.0,4488822592215476.0,4488822591846343.0,0.9958414949566815,1.7224155686590614e-17,1.659093532133914e-16,1.659093532133914e-16,0.0,0.0,6.05999028829258e-16,0.0,1.1313476682789645e-17,0.0
1697,0.13718298282695854,2727091192764758.5,3116833951525115.5,3116833929452604.0,0.48424430124788237,3.26025539475284e-17,0.0,1.659093532133914e-16,0.0,9.273015376718553e-69,1.2087809318176227e-16,0.0,3.361137165915155e-18,0.0
1698,0.55034711742196,2075005246055463.5,3478024947038627.0,3478024870385769.0,-0.4384096668153346,9.259067913793259e-18,3.318187064267828e-16,3.318187064267828e-16,0.0,1.8546030753437107e-68,5.655735192742504e-16,0.0,8.720312089987635e-18,0.0
1699,0.2846890251293901,1388622932217682.2,1261798124381761.5,1261798122426234.5,0.7211929819787972,9.090272714869042e-18,1.659093532133914e-16,3.318187064267828e-16,2.3182538441796384e-69,1.1591269220898192e-69,4.339056021869741e-16,0.0,1.9991017703197113e-17,0.0
1700,0.48734324144595703,3397568958845952.0,4723362028845348.0,4723361999540308.0,0.7018330673045277,2.3613169935460783e-17,1.659093532133914e-16,1.659093532133914e-16,9.273015376718553e-69,3.7092061506874214e-68,1.3616913840968216e-16,0.0,8.75443256824962e-18,0.0
1701,0.07098708296425889,2782329844697053.0,2913350966160691.5,2913350952512926.5,0.6349977510740121,3.527104165293494e-18,1.659093532133914e-16,3.318187064267828e-16,0.0,1.390952306507783e-68,2.5090685964770857e-16,0.0,7.372838920789165e-18,0.0
1702,0.19777029520548672,4865994536400629.0,4313434467964717.0,4313434344898008.5,-0.5014601235313685,4.3458119988293003e-17,1.659093532133914e-16,1.659093532133914e-16,0.0,0.0,1.5102213251065282e-16,0.0,2.469916288270682e-17,0.0
1703,0.27637211331886924,3190797387189749.0,3059768059052024.5,3059768037970500.0,0.4888544084921712,7.431240104134613e-18,4.977280596401743e-16,3.318187064267828e-16,0.0,4.636507688359277e-69,3.2371555525823837e-16,0.0,1.1266624230788816e-17,0.0
1704,0.26220300370030114,4272369436551834.0,4083514591952729.5,4083514480192112.0,-0.5213887390857863,2.2047987330698507e-17,3.318187064267828e-16,3.318187064267828e-16,0.0,5.563809226031132e-68,4.19664289395213e-16,0.0,4.514237678764987e-17,0.0
1705,0.23909284198497233,1958109120577646.8,1907403675092065.0,1907403671087193.0,0.7501248730830886,3.257152382844036e-17,1.659093532133914e-16,3.318187064267828e-16,4.636507688359277e-69,2.3182538441796384e-69,1.7826014814513798e-16,0.0,3.251759958917755e-17,0.0
1706,0.030403557031258452,1894010096980406.0,1935798887448886.2,1935798861593249.2,-0.5662258593256082,2.55993043784978e-17,4.977280596401743e-16,4.977280596401743e-16,0.0,0.0,3.7353370492638567e-16,0.0,2.803635726967441e-17,0.0
1707,0.5896395380456694,4863126459878304.0,9015239291177358.0,9015238585717298.0,-0.9703236186299751,1.7484006724486075e-17,1.659093532133914e-16,0.0,1.8546030753437107e-68,2.967364920549937e-67,5.857267789791554e-16,0.0,1.800073798997717e-17,0.0
1708,0.4823897400541846,2124106673912296.5,1494472298219784.5,1494472287685478.2,-0.07065566749359309,1.3508676499775925e-17,0.0,1.659093532133914e-16,4.636507688359277e-69,2.3182538441796384e-69,3.37694494962608e-16,0.0,1.7961859342023782e-17,0.0
1709,0.061991710349153,3252075098781584.0,3154736312783987.0,3154736240978389.5,-0.6377657968442352,3.4209259046405613e-17,0.0,1.659093532133914e-16,1.8546030753437107e-68,2.781904613015566e-68,2.0577811259963026e-16,0.0,6.875765779324363e-18,0.0
1710,0.3363059040836111,2019035526151330.8,2291698476309955.5,2291698445533752.5,-0.330208453642815,6.76113892282052e-18,0.0,3.318187064267828e-16,2.3182538441796384e-69,9.273015376718553e-69,2.6203288202138745e-16,0.0,3.263651269069341e-17,0.0
1711,0.18233708162417006,3468972185315168.0,3233860566729359.5,3233860524458245.5,0.0824690360877346,8.842831872501452e-18,1.659093532133914e-16,3.318187064267828e-16,9.273015376718553e-69,0.0,1.3336631517888674e-16,0.0,1.5335621656215467e-17,0.0
1712,0.531462368294858,4115847439734274.0,5232265766736977.0,5232265542562204.0,-0.8587748307125634,1.4802938615612148e-17,1.659093532133914e-16,1.659093532133914e-16,9.273015376718553e-69,0.0,3.2355571702303917e-16,0.0,5.374801242025849e-18,0.0
1713,0.5719461623197662,4545947640725432.0,5104751822469737.0,5104751820902582.0,0.9863484348452016,1.0140869533978604e-17,1.659093532133914e-16,0.0,0.0,5.563809226031132e-68,5.049238132476532e-17,0.0,2.6856991488454092e-17,0.0
1714,0.5598192536798697,1607631097482803.5,1327572216938739.2,1327572210022204.8,0.10917611834331747,2.0310070348817745e-17,0.0,0.0,4.636507688359277e-69,2.3182538441796384e-69,2.6830459892303965e-16,0.0,3.243461632803602e-17,0.0
1715,0.20170852633665598,1457143442872575.0,1243646710910665.8,1243646698170516.2,-0.8698212320737448,1.3661848018068733e-17,1.659093532133914e-16,3.318187064267828e-16,1.1591269220898192e-69,1.1591269220898192e-69,2.72840353625698e-16,0.0,4.277535433655728e-17,0.0
1716,0.48219431670084983,3025683148791666.5,3938612583318778.0,3938612577963535.0,0.9216367857593204,3.0300214079235825e-17,3.318187064267828e-16,6.636374128535656e-16,9.273015376718553e-69,4.636507688359277e-69,2.9381398646555936e-16,0.0,3.2555176674233894e-17,0.0
1717,0.00907397938354928,4018796157647926.5,4009566959926822.0,4009566938525227.0,0.6978164549057552,1.7767551011495357e-17,4.977280596401743e-16,3.318187064267828e-16,0.0,3.7092061506874214e-68,1.2771423505480627e-16,0.0,3.525326988968249e-18,0.0
1718,0.0021140861343558414,3363568235050955.0,3361831268899681.5,3361831265961777.0,0.9409927291608434,5.910571868488901e-18,1.659093532133914e-16,4.977280596401743e-16,0.0,1.8546030753437107e-68,4.094559449497445e-16,0.0,2.5199249872975023e-17,0.0
1719,0.22681175152932234,4232077771076699.0,4593780513848161.0,4593780422959766.0,0.02234061177393461,3.080636852005656e-17,1.659093532133914e-16,3.318187064267828e-16,1.8546030753437107e-68,0.0,4.09481297365626e-16,0.0,4.0247388024266e-18,0.0
1720,0.45550679172847763,1935565581976812.8,1363404927655465.2,1363404913601791.2,-0.716167893688661,3.7180852752309113e-17,0.0,1.659093532133914e-16,2.3182538441796384e-69,1.1591269220898192e-69,1.7788267462642516e-16,0.0,1.9045887010965906e-17,0.0
1721,0.03515977197184309,3265232810990703.0,3335156044164741.5,3335156037173229.5,0.8573215352566542,4.169820181427401e-17,3.318187064267828e-16,1.659093532133914e-16,9.273015376718553e-69,2.781904613015566e-68,2.1281551725133962e-16,0.0,2.5818009733847406e-17,0.0
1722,0.08305247928917348,2808390193017638.5,3010873818531064.0,3010873740328714.5,-0.9581877053329497,2.2598431578708018e-17,3.318187064267828e-16,4.977280596401743e-16,4.636507688359277e-69,9.273015376718553e-69,3.622273873178564e-16,0.0,1.1120727309038717e-17,0.0
1723,0.5188235181112533,1271607606205507.8,950084858282561.0,950084852842170.6,-0.3681221936317585,2.394348548397987e-17,0.0,0.0,1.1591269220898192e-69,5.795634610449096e-70,3.8556588856761947e-16,0.0,1.6176054038514586e-17,0.0
1724,0.5106623895567604,3924236879849414.0,5187799709335017.0,5187799625271974.0,0.2909802561298501,2.6836094754845533e-17,0.0,3.318187064267828e-16,2.781904613015566e-68,0.0,3.36009872397745e-16,0.0,1.9495450076645305e-17,0.0
1725,0.45254488055744924,4916813005012854.0,5834778823689676.0,5834778716073891.0,0.28245885930610287,2.1572634109851415e-17,0.0,1.659093532133914e-16,1.8546030753437107e-68,1.8546030753437107e-68,1.143515922763678e-16,0.0,1.960258012660472e-17,0.0
1726,0.3040746936252794,2309178110602412.0,2934276840146716.0,2934276780452138.5,-0.5738101359740041,2.565401559993311e-17,1.659093532133914e-16,0.0,4.636507688359277e-69,3.7092061506874214e-68,2.226154899030861e-16,0.0,1.5495052910603546e-17,0.0
1727,0.5441650741657177,3980942214382747.5,3079012936484978.0,3079012880993016.5,-0.32869919791370145,3.452874025408825e-17,6.636374128535656e-16,9.954561192803485e-16,9.273015376718553e-69,4.636507688359277e-69,2.93383493931018e-16,0.0,2.96317486115737e-17,0.0
1728,0.038170953902329115,4248490816409051.0,4170273273305890.5,4170273262377276.5,0.8573552866451727,5.786966532673117e-18,1.659093532133914e-16,0.0,1.8546030753437107e-68,3.7092061506874214e-68,1.3234002857598243e-16,0.0,1.6641461469122653e-18,0.0
1729,0.23502365275616993,4375646917759658.5,4135725995207121.0,4135725939651489.0,0.26270006555786934,3.9075473831410784e-17,3.318187064267828e-16,0.0,3.7092061506874214e-68,1.8546030753437107e-68,3.5189595053843287e-16,0.0,2.483302078690073e-17,0.0
1730,0.44311808522863066,3726840622370527.0,3415287257302823.0,3415287157308590.5,-0.9459877684507779,1.6789352552355053e-17,1.659093532133914e-16,3.318187064267828e-16,1.8546030753437107e-68,9.273015376718553e-69,6.43063465431404e-16,0.0,1.851444344463947e-17,0.0
1731,0.23839142300528532,3635614624384328.5,3717737712901611.0,3717737621760508.0,-0.4968435613835767,3.735152513261942e-17,1.659093532133914e-16,1.659093532133914e-16,1.8546030753437107e-68,0.0,1.9965143727207702e-16,0.0,2.840778528934666e-17,0.0
1732,0.1911572859158689,4365057647223264.0,3967670696616905.0,3967670595442928.0,-0.4588720597620896,1.076623266156573e-17,0.0,0.0,0.0,1.8546030753437107e-68,3.7020041514567574e-16,0.0,3.589913098505939e-17,0.0
1733,0.5769809647449841,1413667190825764.0,1240844117109111.8,1240844103978514.8,-0.9358408310807654,1.8256038477249796e-17,0.0,3.318187064267828e-16,2.3182538441796384e-69,6.954761532538915e-69,7.07913720359082e-16,0.0,1.9958162868653362e-17,0.0
1734,0.4363417367601905,1634573413389180.2,2098599399103713.8,2098599368658027.8,-0.5692288865254275,2.4050411418002524e-17,0.0,3.318187064267828e-16,0.0,1.8546030753437107e-68,3.457575942305197e-16,0.0,3.6997521426920276e-17,0.0
1735,0.4385382161936833,4632069692653816.0,5607403023231355.0,5607402920153013.0,0.2558448281850719,2.6389566764988768e-17,0.0,3.318187064267828e-16,1.8546030753437107e-68,3.7092061506874214e-68,1.5071138608820757e-16,0.0,3.600525437633756e-17,0.0
1736,0.5856897156535452,1290339369600765.2,2340771792343026.5,2340771763012038.0,-0.2151451768702066,1.3655820665270554e-17,0.0,0.0,0.0,9.273015376718553e-69,1.9919519952502504e-16,0.0,3.3169706434970955e-17,0.0
1737,0.08383662411085545,1766220426452564.8,1752881327746535.5,1752881319628824.5,0.40028050620215583,1.6943400793537083e-17,3.318187064267828e-16,3.318187064267828e-16,0.0,4.636507688359277e-69,1.9493805953111912e-16,0.0,2.624047274101991e-17,0.0
1738,0.17785290785723443,2605006324096521.0,2221040783242504.5,2221040744698432.8,-0.7736345923181868,3.4253717292292484e-17,3.318187064267828e-16,1.659093532133914e-16,4.636507688359277e-69,9.273015376718553e-69,4.1387468394465395e-16,0.0,3.019855257804364e-17,0.0
1739,0.021495533149131038,2737089441644813.0,2717458029447102.5,2717458023672789.0,0.8225016629619747,1.6720806355230276e-17,4.977280596401743e-16,4.977280596401743e-16,4.636507688359277e-69,1.390952306507783e-68,3.3016204238521014e-16,0.0,5.770975274339922e-18,0.0
1740,0.23321611675147716,2207954562459739.2,1965951795820936.2,1965951773587480.5,-0.3058126112744873,3.4888205484437024e-17,1.659093532133914e-16,0.0,0.0,4.636507688359277e-69,3.2147401550441915e-16,0.0,7.066018362828398e-18,0.0
1741,0.21319239634252712,3059157738368560.5,3112008235145824.0,3112008171967744.0,-0.4808278556524228,1.0957339495654237e-17,1.659093532133914e-16,1.659093532133914e-16,0.0,9.273015376718553e-69,8.846180811465867e-16,0.0,1.694777873627436e-17,0.0
1742,0.12347419278701338,1754542651150374.5,1898895208928509.8,1898895181908399.2,-0.7010016958494553,3.392963675952996e-17,0.0,0.0,2.3182538441796384e-69,4.636507688359277e-69,1.3484996005081467e-16,0.0,2.17811605344115e-17,0.0
1743,0.20872824347694932,1548660465737318.0,1561284581622867.0,1561284579952173.5,0.84442054968883,3.6529673754472523e-17,1.659093532133914e-16,0.0,2.3182538441796384e-69,2.3182538441796384e-69,2.0295264091375422e-16,0.0,5.936579753637244e-18,0.0
1744,0.4224181345121449,1807319971315919.2,1936250478562616.8,1936250462405583.0,0.02173127027995,2.497515047203331e-17,3.318187064267828e-16,3.318187064267828e-16,2.3182538441796384e-69,9.273015376718553e-69,2.302021562507794e-16,0.0,1.7203794444677892e-17,0.0
1745,0.4539559845436865,4083169285095935.5,4130782849581119.0,4130782736893976.5,-0.4990953640511028,3.114565611455697e-17,0.0,1.659093532133914e-16,1.8546030753437107e-68,1.8546030753437107e-68,1.1589037333264493e-16,0.0,3.1217738567651824e-17,0.0
1746,0.5924739481118019,4868461052724430.0,4795791488301645.0,4795791406609450.0,0.19373165983965912,1.9856943191042642e-17,3.318187064267828e-16,1.659093532133914e-16,0.0,1.4836824602749686e-67,1.1779798405456059e-15,0.0,1.7498601100563345e-17,0.0
1747,0.5888482915717956,2080962448269469.0,3192391136970594.5,3192391116851342.5,0.5518749098594119,1.6949124260579162e-17,1.659093532133914e-16,3.318187064267828e-16,0.0,2.3182538441796384e-69,1.190573695252859e-16,0.0,1.628453511304478e-17,0.0
1748,0.11613975341264612,3769441684125214.0,3605647574641176.5,3605647567598285.0,0.8770286220151772,3.399464139253022e-18,0.0,0.0,0.0,0.0,3.6153705372700277e-16,0.0,3.8311145177511056e-17,0.0
1749,0.5079469386467361,4680434813648924.0,6788427750124223.0,6788427736348831.0,0.9321444786940045,3.5749763211820744e-17,0.0,1.659093532133914e-16,1.8546030753437107e-68,1.8546030753437107e-68,2.6065934989657383e-16,0.0,2.3331146297658392e-17,0.0
1750,0.34472064729027485,4102137084887626.5,3098865877026421.0,3098865855916507.5,0.5010000422202054,2.220242585799878e-17,4.977280596401743e-16,3.318187064267828e-16,9.273015376718553e-69,9.273015376718553e-69,2.541189731878907e-16,0.0,1.2718964717908338e-17,0.0
1751,0.002674774129029677,3094917206685289.5,3093379856361430.0,3093379779845051.0,-0.8151291452728776,4.558119838462354e-17,1.659093532133914e-16,0.0,9.273015376718553e-69,0.0,1.9111981889531805e-17,0.0,2.5393282878763846e-17,0.0
1752,0.1619345149624897,4838019551571204.0,4800737460871572.0,4800737379217088.0,0.19576355426565228,1.7803722801138954e-17,1.659093532133914e-16,1.659093532133914e-16,0.0,1.8546030753437107e-68,2.1870672169945457e-16,0.0,4.462386841825139e-17,0.0
1753,0.532807049821757,4880965816576725.0,5018043953528936.0,5018043866428236.0,0.2148143565003694,1.1627552877071304e-17,0.0,0.0,0.0,1.1127618452062264e-67,3.527002601284008e-16,0.0,1.6723281108272142e-17,0.0
1754,0.029078213664095465,1588413200231460.8,1587959589932622.0,1587959585405022.5,0.5924238871912003,3.196601933243284e-17,3.318187064267828e-16,1.659093532133914e-16,2.3182538441796384e-69,2.3182538441796384e-69,4.1594618634949344e-16,0.0,1.4397490099737942e-17,0.0
1755,0.09465514970612703,4314316794290741.5,4410591005437396.0,4410590850873873.0,-0.8035702585318927,4.7239530258843434e-17,0.0,3.318187064267828e-16,3.7092061506874214e-68,1.8546030753437107e-68,5.948305393271162e-17,0.0,1.9775668339978286e-17,0.0
1756,0.17178629194775297,2399720283477056.5,2455829905732613.0,2455829879287801.5,0.004678166674578004,4.099762304388771e-17,1.659093532133914e-16,1.659093532133914e-16,4.636507688359277e-69,0.0,3.4899521359264653e-16,0.0,4.221604568694753e-17,0.0
1757,0.40339779679769855,4318001534020171.5,3327457502804052.0,3327457477062145.5,0.4722414288481665,3.0342151516998187e-17,1.659093532133914e-16,0.0,1.8546030753437107e-68,3.7092061506874214e-68,1.1886458887784217e-16,0.0,2.080124468557203e-17,0.0
1758,0.03296111921948433,1296207524158077.0,1317405146777040.8,1317405142512252.2,0.4422001479107274,8.228039359784537e-18,0.0,1.659093532133914e-16,2.3182538441796384e-69,3.4773807662694575e-69,2.268195096122998e-16,0.0,2.412409743895526e-17,0.0
1759,0.10364656446566775,2838965399361755.0,2901376156969433.5,2901376115946847.5,-0.1062023496342292,1.5113195100726356e-17,1.659093532133914e-16,3.318187064267828e-16,4.636507688359277e-69,1.390952306507783e-68,1.1611468860743824e-16,0.0,1.9029676743791444e-17,0.0
1760,0.004741586852900958,2635532013870848.0,2643247391531352.5,2643247388350666.5,0.8966608580376632,4.415208447439009e-17,3.318187064267828e-16,4.977280596401743e-16,9.273015376718553e-69,9.273015376718553e-69,2.0073886222462238e-16,0.0,1.0398968206586167e-17,0.0
1761,0.009985952375890148,1863233183062232.8,1873222508928449.0,1873222508065909.8,0.9442018498561044,2.14112481430705e-17,1.659093532133914e-16,1.659093532133914e-16,2.3182538441796384e-69,0.0,4.526369011346607e-16,0.0,4.146206991627934e-17,0.0
1762,0.12199930403557206,4568836724743989.0,4684218417490970.0,4684218332067619.0,0.11626520682390704,3.053127020317607e-17,1.659093532133914e-16,1.659093532133914e-16,0.0,1.8546030753437107e-68,5.161779851863923e-16,0.0,1.0243730625631966e-17,0.0
1763,0.09972405734107785,1401030726660269.8,1525821205241699.8,1525821185221646.2,-0.9519899039562624,3.451782673951957e-17,1.659093532133914e-16,1.659093532133914e-16,2.3182538441796384e-69,4.636507688359277e-69,2.59043456832665e-16,0.0,2.6653071785766736e-17,0.0
1764,0.44884072769272126,1311380348414247.0,1353476632722287.5,1353476617119627.0,-0.9333779076258383,1.440228949304919e-17,1.659093532133914e-16,0.0,0.0,0.0,2.801905917535803e-16,0.0,1.5199614923878523e-17,0.0
1765,0.4738354630723979,1821132753139903.0,2619248369211792.5,2619248362549517.0,0.7795607937811372,3.926426053241297e-17,1.659093532133914e-16,0.0,0.0,4.636507688359277e-69,7.045854787772439e-17,0.0,5.499144760452019e-18,0.0
1766,0.478434213150486,1694645972802657.2,2494419666502414.5,2494419615860757.5,-0.8475171892964817,1.6781306872323922e-17,3.318187064267828e-16,1.659093532133914e-16,2.3182538441796384e-69,1.8546030753437107e-68,1.5517471444380958e-16,0.0,3.51635371602694e-17,0.0
1767,0.1685068527507132,3474467551603109.0,3918391603137333.0,3918391530621780.5,-0.0720995339481972,3.111385369507402e-17,1.659093532133914e-16,1.659093532133914e-16,1.8546030753437107e-68,1.8546030753437107e-68,1.3619353348452593e-16,0.0,7.280855060708372e-18,0.0
1768,0.4459855515990495,2624920596114645.5,3407824476170394.0,3407824466009726.5,0.8013962606172462,2.1796117238070006e-17,3.318187064267828e-16,3.318187064267828e-16,9.273015376718553e-69,9.273015376718553e-69,4.1073477447474895e-16,0.0,2.0457206391320223e-17,0.0
1769,0.5529535480492332,4491114966200997.5,4733856651270900.0,4733856556566169.0,0.04068531063388913,1.4698455821266983e-17,0.0,0.0,0.0,3.7092061506874214e-68,1.5345958865919576e-16,0.0,3.1699379870863793e-17,0.0
1770,0.4313022051086382,1498505879717774.5,1706485188238213.2,1706485173857250.5,-0.12099205533817808,1.8594129394357284e-17,0.0,1.659093532133914e-16,0.0,4.636507688359277e-69,0.0,0.0,3.290000502095438e-17,0.0
1771,0.07327142321073511,2761008890197195.0,2748044715839765.5,2748044679843031.0,-0.08201962477498147,6.3247985087529645e-18,1.659093532133914e-16,0.0,4.636507688359277e-69,4.636507688359277e-69,0.0,0.0,3.050840881354137e-17,0.0
1772,0.3602848019799732,3521402975365419.0,2858118687686455.0,2858118645245248.5,-0.17936116667026789,3.475763060234616e-17,4.977280596401743e-16,3.318187064267828e-16,0.0,9.273015376718553e-69,4.274337231746943e-16,0.0,3.602140870250992e-17,0.0
1773,0.1863747745428938,1676177245591104.0,1417606881645990.5,1417606864839478.2,-0.8983906815322547,4.3281199819422624e-17,3.318187064267828e-16,1.659093532133914e-16,0.0,0.0,6.349646853488325e-16,0.0,1.6297287222457754e-17,0.0
1774,0.39081900205767806,3035992023268522.0,3079907089281805.0,3079907085285956.0,0.9043789708317821,1.0848758685631922e-17,0.0,1.659093532133914e-16,9.273015376718553e-69,9.273015376718553e-69,6.325555587255863e-16,0.0,8.587081687890451e-18,0.0
1775,0.4732415186578952,4283579109575477.0,4536222125777863.0,4536222014050961.0,-0.2325051836511634,8.27451064949696e-18,1.659093532133914e-16,4.977280596401743e-16,0.0,0.0,7.397112293493958e-16,0.0,3.6702140364729174e-17,0.0
1776,0.25938943338408554,3350468704636667.5,3957699047976928.5,3957698978071938.5,-0.013076556606493086,4.531800536728287e-17,3.318187064267828e-16,3.318187064267828e-16,0.0,1.8546030753437107e-68,2.470110564541398e-16,0.0,3.0549440147828726e-17,0.0
1777,0.05189168443295439,2697963626112464.5,2595023286131694.5,2595023244471880.0,-0.40428233779028083,4.509292589674162e-17,1.659093532133914e-16,4.977280596401743e-16,4.636507688359277e-69,1.390952306507783e-68,9.571207131126172e-17,0.0,4.286632081779265e-17,0.0
1778,0.06563513325252827,4667060597521362.0,4560466276821403.0,4560466170829532.0,-0.1568410366753157,3.7527380177793126e-17,1.659093532133914e-16,3.318187064267828e-16,1.8546030753437107e-68,3.7092061506874214e-68,1.4754622334226621e-16,0.0,2.389099297756256e-17,0.0
1779,0.12471306780423862,3167341687389623.0,3016767627679113.5,3016767617573132.0,0.7479339188141496,2.96579298777538e-17,4.977280596401743e-16,8.295467660669571e-16,9.273015376718553e-69,9.273015376718553e-69,1.542639252563162e-16,0.0,3.8748711919182644e-17,0.0
1780,0.5905567294873133,2789635679174649.0,2044588595640297.5,2044588565016169.5,-0.6629204992252966,3.0195388122153674e-17,1.659093532133914e-16,6.636374128535656e-16,4.636507688359277e-69,9.273015376718553e-69,1.2342241863595443e-16,0.0,1.788593654964213e-17,0.0
1781,0.2923574109295175,1550966287948423.2,1366268116579175.5,1366268112112758.0,0.4568658973497247,3.8339830766731684e-17,0.0,3.318187064267828e-16,0.0,3.4773807662694575e-69,4.053018222799248e-16,0.0,1.9000918130607595e-17,0.0
1782,0.21061676675150404,4065860038027079.5,3816555039590947.5,3816555033362052.0,0.902929433049906,2.8851982206811177e-17,1.659093532133914e-16,3.318187064267828e-16,0.0,1.8546030753437107e-68,4.55149988918977e-16,0.0,1.5159597678667678e-17,0.0
1783,0.0238038422351732,2563890050744285.5,2623046957540608.0,2623046950912330.0,0.7813204333135635,8.127814567611477e-18,1.659093532133914e-16,1.659093532133914e-16,0.0,4.636507688359277e-69,3.9279527284632237e-16,0.0,2.574611556810403e-17,0.0
1784,0.21877202367834284,2902609321866653.5,3591774727164882.0,3591774659565631.0,-0.18944215885897484,1.6117877582409061e-18,1.659093532133914e-16,1.659093532133914e-16,0.0,2.781904613015566e-68,2.9055515246888044e-16,0.0,1.1597732838901324e-17,0.0
1785,0.17544800955630638,4134604517519185.0,4198952233587990.0,4198952121517891.5,-0.4428710238135675,4.294770924479718e-17,4.977280596401743e-16,1.659093532133914e-16,9.273015376718553e-69,2.781904613015566e-68,1.1310701283100492e-16,0.0,2.2058226280549036e-17,0.0
1786,0.024358348547779934,2180447685326246.2,2184668310756123.5,2184668274571759.5,-0.7209551254564358,1.0913176817389766e-17,1.659093532133914e-16,1.659093532133914e-16,4.636507688359277e-69,4.636507688359277e-69,1.0608923133698385e-16,0.0,6.434163489405662e-18,0.0
1787,0.16761897403665882,2015386593079240.5,1740982060602788.2,1740982039548704.5,-0.5767664659038753,6.028790540257691e-18,1.659093532133914e-16,0.0,0.0,4.636507688359277e-69,1.3047928661231546e-16,0.0,2.098620643408327e-17,0.0
1788,0.3528902013539272,2349672826337491.0,3334866422937785.5,3334866393512273.5,0.39939802599401325,9.989760269406256e-18,0.0,0.0,0.0,4.636507688359277e-69,1.9632842161226407e-16,0.0,1.4187556400843244e-17,0.0
1789,0.25203132384766025,3743541757085396.5,2919725699000007.5,2919725631249689.5,-0.8040428853355119,3.3471313116982895e-17,4.977280596401743e-16,8.295467660669571e-16,9.273015376718553e-69,9.273015376718553e-69,3.5064062203540397e-16,0.0,3.6310041780936013e-17,0.0
1790,0.10142455696656878,2433339631238819.5,2662600530572132.0,2662600494532143.0,-0.15396395832597826,2.79823847298761e-17,1.659093532133914e-16,1.659093532133914e-16,0.0,4.636507688359277e-69,1.3340206463242233e-16,0.0,3.45403640009612e-17,0.0
1791,0.4626649641405595,3460963756331897.0,3932930462053339.0,3932930357671633.0,-0.5318332092767774,1.869246952805356e-17,1.659093532133914e-16,3.318187064267828e-16,0.0,3.7092061506874214e-68,5.346996621586902e-16,0.0,1.2524995772330752e-17,0.0
1792,0.10707267520549513,1504195889864444.8,1429420993550665.0,1429420990141099.5,0.62121014268202,7.067147156541048e-18,0.0,0.0,0.0,0.0,2.8802044798980335e-16,0.0,2.3976551153688697e-18,0.0
1793,0.47087164737886406,4285057584330033.5,3416935562803719.0,3416935535099245.5,0.4613633032759419,3.59539036584681e-17,1.659093532133914e-16,0.0,0.0,0.0,1.2436929735837e-16,0.0,1.9012200038371376e-17,0.0
1794,0.13802125348427374,4767581966462572.0,5192390161354173.0,5192390115376433.0,0.6128915917074172,3.077383119658616e-17,0.0,0.0,1.8546030753437107e-68,0.0,4.522821743363671e-16,0.0,6.266088381826916e-18,0.0
1795,0.12103689964079534,4392252000011371.0,4326825900721690.0,4326825895821865.5,0.9405897656971891,4.393004626088802e-17,1.659093532133914e-16,1.659093532133914e-16,0.0,0.0,1.2800845580966594e-16,0.0,3.3415887010089444e-17,0.0
1796,0.5442394663382425,1864061423555979.2,1474853262873913.0,1474853260532026.2,0.7556074899565556,1.1601931363065047e-17,3.318187064267828e-16,3.318187064267828e-16,2.3182538441796384e-69,0.0,1.7684266148554955e-16,0.0,3.470076984229092e-17,0.0
1797,0.10816928503999453,1463216185256498.8,1579491675608087.2,1579491662070174.5,-0.2317899102346885,4.4610820214417866e-17,0.0,0.0,2.3182538441796384e-69,0.0,2.3612164513090183e-16,0.0,4.7204971594687146e-17,0.0
1798,0.10285418485382539,1620155638022737.0,1518598889846435.8,1518598878808906.0,-0.08643898198708619,3.9880993541488803e-17,3.318187064267828e-16,1.659093532133914e-16,0.0,4.636507688359277e-69,2.2400801135734073e-16,0.0,4.739117080488828e-17,0.0
1799,0.07375194696995087,2332899262165559.0,2487640322040206.5,2487640280900968.0,-0.5090398020641693,1.7882037850489178e-17,1.659093532133914e-16,3.318187064267828e-16,0.0,0.0,1.3968802115574029e-16,0.0,1.724931512414958e-17,0.0
1800,0.2557146191781026,4124800958087633.5,3486623153892568.5,3486623118112718.5,0.3318897795058196,9.92568207992021e-18,1.659093532133914e-16,0.0,9.273015376718553e-69,9.273015376718553e-69,1.147206901953264e-16,0.0,2.1715404078030594e-17,0.0
1801,0.03223576121326843,3881098892920875.5,3939809429656888.0,3939809398734010.5,0.5477807005471337,3.6422238024733424e-17,0.0,1.659093532133914e-16,0.0,0.0,3.498884415102504e-16,0.0,4.026108991762049e-18,0.0
1802,0.3728480723466394,1603275656071470.0,1458486752543595.0,1458486738010624.8,-0.5508472608869016,2.6827211442947267e-17,0.0,3.318187064267828e-16,2.3182538441796384e-69,0.0,3.892088149137875e-16,0.0,2.6466279249108862e-17,0.0
1803,0.059609103967113726,1531673906592025.0,1509434794439682.5,1509434779624904.2,-0.47599899567866355,2.1546333084066175e-17,3.318187064267828e-16,4.977280596401743e-16,2.3182538441796384e-69,2.3182538441796384e-69,5.2858971004807765e-16,0.0,3.0204157190554907e-17,0.0
1804,0.2708326938952912,3926392591139198.5,3448806623870601.0,3448806603037115.0,0.6024022801355517,1.3566197816286523e-17,3.318187064267828e-16,3.318187064267828e-16,1.8546030753437107e-68,3.7092061506874214e-68,1.4904356825544629e-16,0.0,2.7338709293222305e-17,0.0
1805,0.3654197474669455,4728793547121509.0,4610277338504324.0,4610277194708374.0,-0.5357204963746033,4.238952817478329e-17,1.659093532133914e-16,0.0,1.8546030753437107e-68,1.8546030753437107e-68,3.4064580608032355e-16,0.0,3.861514345493497e-17,0.0
1806,0.5090729956267682,1523701305398324.8,2597802482429245.0,2597802444056005.5,-0.2907312575233121,2.802101234479944e-17,3.318187064267828e-16,0.0,2.3182538441796384e-69,9.273015376718553e-69,7.532175792745703e-17,0.0,2.0993797501083304e-17,0.0
1807,0.3454672086865586,3364648386724555.5,4555811987962301.0,4555811987613033.0,0.9961801470296866,9.6330212538881e-18,1.659093532133914e-16,3.318187064267828e-16,9.273015376718553e-69,9.273015376718553e-69,9.797326360008976e-17,0.0,3.2186222505728074e-17,0.0
1808,0.04041205944237345,4621579966375857.0,4696547702563062.0,4696547617246197.0,0.12199491170058137,1.3564087762511098e-17,3.318187064267828e-16,3.318187064267828e-16,1.8546030753437107e-68,0.0,6.533731708712188e-16,0.0,3.631236048354056e-18,0.0
1809,0.5783127950232442,3709880890609540.0,2624846086148172.5,2624846080926829.0,0.8279739463942881,1.5207110192990215e-17,0.0,3.318187064267828e-16,2.781904613015566e-68,1.8546030753437107e-68,2.9020283899166655e-16,0.0,3.3759261615051956e-17,0.0
1810,0.11306439007056195,3379867407378882.0,3751633948579996.5,3751633937466200.0,0.8207574342549782,2.0247725669042738e-17,4.977280596401743e-16,4.977280596401743e-16,9.273015376718553e-69,0.0,7.000274800678169e-17,0.0,4.506397839182852e-18,0.0
1811,0.2351457763698268,1362720255923914.5,1696066483879282.0,1696066462873870.0,-0.6575440649201176,1.002918085178171e-17,1.659093532133914e-16,1.659093532133914e-16,0.0,2.3182538441796384e-69,2.573077042783336e-16,0.0,8.854698209130316e-18,0.0
1812,0.5263112098969139,4363992957125589.0,5178916188094648.0,5178916038600775.0,-0.26521769269676565,3.5437036452562816e-17,3.318187064267828e-16,6.636374128535656e-16,3.7092061506874214e-68,0.0,2.1686561709844617e-16,0.0,2.7323938769140103e-17,0.0
1813,0.4647141159697128,2419656783745801.5,2595789494445996.0,2595789482870945.0,0.6100547915439701,3.7977678526905195e-17,1.659093532133914e-16,1.659093532133914e-16,4.636507688359277e-69,9.273015376718553e-69,1.1618288176763164e-16,0.0,3.630120117525051e-17,0.0
1814,0.09811869191650979,3213459478591497.0,3364433622325761.5,3364433560531925.5,-0.23919842477725317,3.675787086390982e-17,0.0,1.659093532133914e-16,0.0,0.0,2.059412213318537e-16,0.0,4.151548743225196e-17,0.0
1815,0.08461355331518343,3976105143396897.5,3723781989487461.0,3723781876274860.0,-0.8533007663207731,2.4229997979895722e-17,1.659093532133914e-16,1.659093532133914e-16,9.273015376718553e-69,9.273015376718553e-69,1.8255444937897062e-16,0.0,9.771632245233112e-18,0.0
1816,0.5553775840056638,4868462266589311.0,6388218335846508.0,6388218075460908.0,-0.44836191143614035,2.3224291189867893e-17,3.318187064267828e-16,3.318187064267828e-16,0.0,3.7092061506874214e-68,9.719701764509425e-17,0.0,2.5647744536943512e-17,0.0
1817,0.2292188893716019,3078880463473819.0,2695222819412191.5,2695222819007923.5,0.9873671942575841,1.3549476159195218e-17,0.0,1.659093532133914e-16,9.273015376718553e-69,0.0,4.019054911750885e-16,0.0,2.690069006073522e-17,0.0
1818,0.1329107140967778,2911532954763549.5,2646167929075109.0,2646167913515698.5,0.4955966529368417,3.9494953080641455e-17,3.318187064267828e-16,3.318187064267828e-16,4.636507688359277e-69,0.0,2.9760210912561174e-16,0.0,2.223529525108209e-17,0.0
1819,0.3541461784668102,3347156765467940.5,2418773425413078.5,2418773419963965.5,0.788575619474433,8.950430444172879e-18,1.659093532133914e-16,3.318187064267828e-16,9.273015376718553e-69,9.273015376718553e-69,1.5429673903640163e-16,0.0,1.1097930337518982e-17,0.0
1820,0.3074817797589654,1498258184781194.2,1200455772338295.2,1200455765529098.0,-0.07256396939996158,3.7017218891079265e-17,0.0,0.0,2.3182538441796384e-69,1.7386903831347288e-69,1.9150214236227183e-16,0.0,3.858004823671428e-17,0.0
1821,0.16822875038612067,3328446186260290.0,3137914843317308.5,3137914767724234.5,-0.7426867312259005,3.452211869335242e-17,0.0,0.0,9.273015376718553e-69,2.781904613015566e-68,3.448091225050314e-16,0.0,4.5863462014976804e-17,0.0
1822,0.5692808244391672,1234472301318783.5,1725699259184168.5,1725699241676730.2,-0.334479794565004,1.5947270720429074e-17,0.0,0.0,1.1591269220898192e-69,9.273015376718553e-69,5.460702097822763e-16,0.0,1.6386832571236645e-17,0.0
1823,0.43163145044112705,4510311144895819.0,7069940452405659.0,7069940206458857.0,-0.11693859949654724,9.763482936607345e-18,0.0,0.0,0.0,7.418412301374843e-68,3.2637535714746806e-16,0.0,2.6889380837598102e-17,0.0
1824,0.10804736164433316,1502823649588496.2,1494435085851953.8,1494435076201306.0,0.01910625129271167,2.1123593668585985e-17,0.0,1.659093532133914e-16,2.3182538441796384e-69,4.636507688359277e-69,4.485613123909397e-16,0.0,3.1066768058104234e-18,0.0
1825,0.572187812165872,2251417931408009.0,2878427286829141.5,2878427266504671.5,0.4431626844499024,1.0633014768834737e-17,1.659093532133914e-16,1.659093532133914e-16,4.636507688359277e-69,2.3182538441796384e-69,3.948569545114104e-16,0.0,1.3320290879887086e-17,0.0
1826,0.38247275799276054,4621089911803735.0,5831110125991665.0,5831109937921131.0,-0.25556124062817337,2.8587131446182593e-17,1.659093532133914e-16,3.318187064267828e-16,0.0,3.7092061506874214e-68,1.2724494030480799e-16,0.0,1.1865475910299902e-17,0.0
1827,0.03557999466049017,4402132017375925.5,4553971281894437.0,4553971256046144.0,0.7170752744218498,9.12428766278482e-18,3.318187064267828e-16,4.977280596401743e-16,1.8546030753437107e-68,0.0,1.1947220295758249e-16,0.0,2.342632014762684e-17,0.0
1828,0.35361846233832744,4732391223148550.0,6265408198721021.0,6265408072354309.0,0.26927566716997314,3.26627385587975e-17,1.659093532133914e-16,4.977280596401743e-16,1.8546030753437107e-68,7.418412301374843e-68,3.549898190189314e-16,0.0,1.432554670487418e-17,0.0
1829,0.21162038870483976,4212035976230179.5,3517978447339360.5,3517978382519660.5,-0.1888862158743867,3.971844216930368e-17,1.659093532133914e-16,0.0,0.0,1.8546030753437107e-68,1.74469751877601e-16,0.0,2.030809236821047e-17,0.0
1830,0.4434355523523286,3247534590918350.0,4523486131182599.0,4523486098182668.0,0.6339114740363854,5.9251818657997264e-18,1.659093532133914e-16,1.659093532133914e-16,9.273015376718553e-69,9.273015376718553e-69,3.603986629067115e-16,0.0,1.3422871973610504e-17,0.0
1831,0.5604566223278034,4283533290125378.0,5368398736453282.0,5368398559951139.0,-0.3902089572178607,3.342608460598266e-17,1.659093532133914e-16,1.659093532133914e-16,0.0,1.4836824602749686e-67,4.823750906539597e-16,0.0,1.79268342421576e-17,0.0
1832,0.4464900364766332,1673985534509039.8,1585440338407856.0,1585440334255419.0,0.6250072430134359,2.2619716736282332e-17,3.318187064267828e-16,3.318187064267828e-16,2.3182538441796384e-69,2.3182538441796384e-69,5.986713985362109e-16,0.0,3.9873644731317777e-17,0.0
1833,0.1768305828853589,2346290048105435.0,2514544701234132.5,2514544650920303.0,-0.8062933161048385,1.7203822910942347e-17,1.659093532133914e-16,3.318187064267828e-16,0.0,4.636507688359277e-69,3.132063200224534e-16,0.0,4.2878311649937154e-17,0.0
1834,0.18418370309080992,1865380341268647.2,1657900511521451.0,1657900497801986.5,-0.133025939631886,3.40159416133629e-17,1.659093532133914e-16,1.659093532133914e-16,0.0,2.3182538441796384e-69,6.80263744633093e-16,0.0,3.467835574513304e-17,0.0
1835,0.22762186613993296,3054446237719035.0,2514212747915657.5,2514212743170512.5,0.8296017745608573,4.053435160292343e-18,1.659093532133914e-16,0.0,9.273015376718553e-69,4.636507688359277e-69,3.40765606534181e-16,0.0,3.5142904679453813e-17,0.0
1836,0.2774761014296739,4778213504647451.0,5942506845618537.0,5942506707043061.0,0.10922786304463028,2.314047769505526e-17,1.659093532133914e-16,1.659093532133914e-16,3.7092061506874214e-68,0.0,2.586924359049128e-16,0.0,4.145039178855157e-17,0.0
1837,0.5517496934919075,1393093061074138.5,1137436323076305.0,1137436319664801.2,0.40143504221838017,1.774986513159702e-17,1.659093532133914e-16,0.0,1.1591269220898192e-69,2.3182538441796384e-69,1.7108215497430428e-16,0.0,2.7528522307532436e-17,0.0
1838,0.040244771909259174,2433613041710556.5,2501860590669742.5,2501860538666565.5,-0.8859201094910862,5.588316128451465e-18,0.0,1.659093532133914e-16,4.636507688359277e-69,4.636507688359277e-69,4.0016123171043193e-16,0.0,2.4718141152939522e-17,0.0
1839,0.5466679689115371,1891151046587905.2,1075537389731127.0,1075537385722944.0,0.2134684564344338,3.212869680045485e-17,0.0,1.659093532133914e-16,2.3182538441796384e-69,4.636507688359277e-69,2.846462128760948e-16,0.0,2.2460917051986584e-17,0.0
1840,0.37131309315555067,3699142144707638.0,3942440325493638.0,3942440275477913.0,0.2695408468141462,9.264278566866155e-18,0.0,1.659093532133914e-16,9.273015376718553e-69,1.8546030753437107e-68,5.310715998063119e-16,0.0,3.4676400725661984e-17,0.0
1841,0.23717046182116894,3937308069384487.5,4816242841858154.0,4816242653109905.0,-0.8470804394200652,4.0397770712836767e-17,1.659093532133914e-16,3.318187064267828e-16,9.273015376718553e-69,3.7092061506874214e-68,1.7489288446291837e-16,0.0,1.5243030978088572e-17,0.0
1842,0.3299131841571133,4531420968636688.0,3689936751356235.0,3689936708793078.5,0.2903967372682883,4.266379629686326e-17,4.977280596401743e-16,3.318187064267828e-16,0.0,9.273015376718553e-69,1.519627441457839e-16,0.0,1.3856237499834986e-17,0.0
1843,0.3334883698480398,1564785592780213.2,1109636582154195.1,1109636576984132.1,0.046866083841807425,5.6063985230380515e-18,0.0,1.659093532133914e-16,0.0,1.1591269220898192e-69,1.8058901283800155e-16,0.0,3.30313299013242e-17,0.0
1844,0.49654775078095964,2997110343380244.0,2103179533455753.5,2103179506890239.0,-0.36328029342758195,9.475063787460348e-18,0.0,1.659093532133914e-16,9.273015376718553e-69,0.0,7.476915641546484e-17,0.0,1.0501045754589764e-17,0.0
1845,0.5438023178501687,2392128318172873.0,2460607406124420.5,2460607398438133.5,0.7118281440544334,2.4189955467386762e-17,0.0,1.659093532133914e-16,0.0,4.636507688359277e-69,2.1456101381184674e-16,0.0,1.9320697154450108e-17,0.0
1846,0.5434443444560836,2109900443573000.5,3404212164504470.5,3404212129462405.5,0.31360189379707504,1.2654399695125e-17,0.0,0.0,4.636507688359277e-69,9.273015376718553e-69,2.4926882755442753e-16,0.0,2.852007723541826e-17,0.0
1847,0.1686963671697789,2811086704026762.0,2964312732260356.5,2964312677561187.5,-0.4130330351666227,2.444038059773887e-17,3.318187064267828e-16,4.977280596401743e-16,0.0,9.273015376718553e-69,7.326119221507816e-16,0.0,5.770388657442097e-18,0.0
1848,0.37352487403972345,4151775990482369.5,3171705677113977.5,3171705610742192.0,-0.49767426782739943,4.057100768445141e-17,1.659093532133914e-16,0.0,3.7092061506874214e-68,9.273015376718553e-69,3.2620001441619895e-16,0.0,2.8010948921246424e-17,0.0
1849,0.30444824671835047,2537723519705129.0,2743894075141459.0,2743894041329588.5,-0.01942231714268589,9.901269031509748e-18,0.0,0.0,9.273015376718553e-69,4.636507688359277e-69,6.459383443467558e-16,0.0,1.1498361449236321e-17,0.0
1850,0.14617899536676807,3825007621007360.5,3482595420456979.5,3482595319807343.5,-0.8837609469654987,7.511889229961459e-18,0.0,1.659093532133914e-16,1.8546030753437107e-68,0.0,8.572343780000588e-16,0.0,3.9385460005415784e-17,0.0
1851,0.5358617542914347,4010180374023585.5,6513689554776837.0,6513689195642955.0,-0.9214182324253523,3.523818662937678e-17,3.318187064267828e-16,1.659093532133914e-16,9.273015376718553e-69,7.418412301374843e-68,1.9198293938592583e-16,0.0,3.718822364175776e-17,0.0
1852,0.376368772260886,3133501253589082.0,3221537271540954.5,3221537232928623.0,0.15546174368367974,2.727795937481674e-17,0.0,0.0,1.8546030753437107e-68,9.273015376718553e-69,3.6072503265111247e-16,0.0,8.55264635267604e-18,0.0
1853,0.49456254791697507,4580249707708458.0,6045591258476560.0,6045591237969547.0,0.8726366488871885,1.7804457542003582e-17,3.318187064267828e-16,0.0,1.8546030753437107e-68,3.7092061506874214e-68,3.783541961339327e-16,0.0,3.669110384841194e-17,0.0
1854,0.21305765927644318,2543641139449797.0,2477932912341302.0,2477932906844091.0,0.7967722689579131,4.3603276835004707e-17,1.659093532133914e-16,1.659093532133914e-16,0.0,9.273015376718553e-69,3.947957780350034e-16,0.0,3.206339019346303e-17,0.0
1855,0.5132872926994027,2051583295189748.5,2549227383103492.0,2549227379972466.5,0.8906322935431502,1.6624234854076012e-17,1.659093532133914e-16,0.0,2.3182538441796384e-69,0.0,3.588116830434609e-16,0.0,1.6547715431818886e-17,0.0
1856,0.0763472932937412,2292714834731922.5,2255532766277375.0,2255532724175963.5,-0.8785294036095793,3.544866502269955e-17,0.0,1.659093532133914e-16,4.636507688359277e-69,4.636507688359277e-69,2.297339633812663e-16,0.0,6.6331752269450906e-18,0.0
1857,0.08410788761458254,4148641407646904.5,4224815880073778.0,4224815834081195.0,0.41508623113350607,1.8173972479235102e-17,0.0,0.0,0.0,3.7092061506874214e-68,1.3552518542866214e-16,0.0,3.264341714772187e-17,0.0
1858,0.2162220462761241,2761873128885226.0,2220967699806046.2,2220967666130964.0,-0.5496863391118555,4.5896527321814885e-17,0.0,3.318187064267828e-16,0.0,4.636507688359277e-69,4.007357026387646e-16,0.0,1.1235756313348278e-17,0.0
1859,0.005713566211478293,3645487993533241.0,3641235457459019.5,3641235428216536.5,0.4993475508895164,3.7932968216446495e-18,3.318187064267828e-16,3.318187064267828e-16,9.273015376718553e-69,9.273015376718553e-69,3.148216674490507e-16,0.0,1.152855828561499e-17,0.0
1860,0.4037826237471902,3011024759290437.5,4418951586719499.5,4418951537440190.0,0.42714363082183265,2.702007372373707e-17,3.318187064267828e-16,3.318187064267828e-16,9.273015376718553e-69,1.8546030753437107e-68,2.952443433037861e-16,0.0,2.1275935973942905e-17,0.0
1861,0.4323495855855253,1609390605508139.8,1611581825015856.8,1611581816650355.2,0.26884931734906625,2.5563999012914543e-17,1.659093532133914e-16,3.318187064267828e-16,2.3182538441796384e-69,1.7386903831347288e-69,1.7467648752393848e-16,0.0,1.5304259135783838e-17,0.0
1862,0.21804921977301553,1253121776983761.8,1561508710952514.5,1561508696109862.8,-0.3817907844567585,2.621791010297497e-17,1.659093532133914e-16,1.659093532133914e-16,0.0,4.636507688359277e-69,6.278789722311597e-16,0.0,1.2154018099230446e-17,0.0
1863,0.5185533138409065,3244042360665827.5,2520339644194066.0,2520339620809692.0,0.1643445992427534,1.8981382446003183e-17,0.0,0.0,1.8546030753437107e-68,2.3182538441796384e-69,2.5885306263921265e-16,0.0,2.6265314654891783e-17,0.0
1864,0.4857099470538743,4290336880162618.0,5882249726692144.0,5882249423340785.0,-0.9901172642598702,1.7870444971387884e-17,0.0,0.0,0.0,1.4836824602749686e-67,1.6050188703309394e-16,0.0,2.79992323051571e-17,0.0
1865,0.16235275494685672,4008281484799930.0,3442590228636947.0,3442590176503051.5,0.0014515625861458504,1.715033994158942e-17,1.659093532133914e-16,1.659093532133914e-16,1.8546030753437107e-68,9.273015376718553e-69,9.70559329885699e-16,0.0,1.8534310780624954e-17,0.0
1866,0.33679393756598186,4532188695120277.0,3544088938812612.0,3544088883459780.0,-0.0003460085606512648,2.5535756792429e-17,1.659093532133914e-16,0.0,0.0,0.0,6.623990591346959e-16,0.0,1.917380968804e-17,0.0
1867,0.20158010839301374,4550254373285388.0,5054948764787549.0,5054948745201914.0,0.8260102119077543,3.0518322953812876e-17,0.0,0.0,1.8546030753437107e-68,1.8546030753437107e-68,2.728208402614935e-16,0.0,2.3989746549678895e-17,0.0
1868,0.5711571984137976,3946072323213147.0,5355943981228626.0,5355943917970814.0,0.49943355959429453,2.1774756627922128e-17,0.0,0.0,0.0,6.02745999486706e-68,4.3915989224486083e-16,0.0,1.3288162841142434e-17,0.0
1869,0.2178029628690014,1974634642122178.5,1599799553756955.2,1599799534355677.8,-0.7207540733746607,2.5200571306867248e-17,0.0,1.659093532133914e-16,0.0,2.3182538441796384e-69,3.535366132778703e-16,0.0,1.6578492151125633e-17,0.0
1870,0.06568067410337654,3659506484273006.5,3471097575610994.5,3471097575474376.5,0.9974260866069381,2.2141285531729916e-17,3.318187064267828e-16,0.0,1.8546030753437107e-68,9.273015376718553e-69,2.0324618908695954e-16,0.0,2.8094804039750036e-17,0.0
1871,0.4993853902350654,4463548758105544.0,5005943736331176.0,5005943521472628.0,-0.9462577009344881,1.3979213833292382e-17,0.0,1.659093532133914e-16,0.0,3.7092061506874214e-68,4.741103785280903e-16,0.0,2.1023355301155355e-17,0.0
1872,0.0239804611113388,4257548534896078.0,4283918387870095.5,4283918311477691.5,0.055096575329533805,3.41692663635175e-17,1.659093532133914e-16,1.659093532133914e-16,1.8546030753437107e-68,3.7092061506874214e-68,3.6165704717754505e-16,0.0,1.9278460799530473e-17,0.0
1873,0.05970355270049754,1373248380457362.2,1380156745429561.2,1380156730426584.2,-0.7878877203408721,2.3153629780102395e-17,4.977280596401743e-16,4.977280596401743e-16,1.1591269220898192e-69,1.1591269220898192e-69,6.945321262028896e-16,0.0,1.736846182085291e-18,0.0
1874,0.45441201802080333,4817074367436569.0,4080517107329786.5,4080517015841461.5,-0.24725397683664874,6.990312537242519e-18,1.659093532133914e-16,1.659093532133914e-16,1.8546030753437107e-68,1.390952306507783e-68,5.327481350348471e-17,0.0,9.192406773872233e-18,0.0
1875,0.2602268409758719,4011475736928095.0,4478493196021984.0,4478493140798433.0,0.37499985703061767,1.3509319672746353e-17,1.659093532133914e-16,1.659093532133914e-16,2.781904613015566e-68,0.0,3.4450864021378974e-16,0.0,5.4032258308190925e-18,0.0
1876,0.5837143832683143,3508106468202658.0,3522693576689238.5,3522693562020525.5,0.7316745383440062,6.1831095142748285e-18,0.0,3.318187064267828e-16,0.0,3.7092061506874214e-68,1.8506424118049509e-16,0.0,1.4235627225294548e-17,0.0
1877,0.25847183823324726,4201661372180351.0,4114038829981868.0,4114038797295860.0,0.5616260627557608,1.2565820289797054e-17,3.318187064267828e-16,3.318187064267828e-16,0.0,0.0,5.762079480097531e-16,0.0,1.2026918337903141e-17,0.0
1878,0.09442972025259967,4818791235001328.0,4937510841821748.0,4937510770964209.0,0.340234562369457,3.6928395589887477e-17,1.659093532133914e-16,4.977280596401743e-16,1.8546030753437107e-68,0.0,1.01045837512527e-16,0.0,1.5931926151074814e-17,0.0
1879,0.24399661691728747,4533303353091384.0,5444176733655880.0,5444176588302001.0,-0.1132221074968465,2.3214154248601544e-17,0.0,1.659093532133914e-16,0.0,3.7092061506874214e-68,1.4321235773370146e-16,0.0,7.502040076192885e-18,0.0
1880,0.5900392858058984,3989816329920019.0,7360749063055855.0,7360748985520836.0,0.6751570160441992,2.5838524919989412e-17,1.659093532133914e-16,1.659093532133914e-16,2.781904613015566e-68,5.563809226031132e-68,2.8765199043952873e-16,0.0,2.823855917541727e-17,0.0
1881,0.08660016779802333,3729844127469756.5,3570627254973936.0,3570627250865917.5,0.9268586523656638,4.6830243019167315e-17,1.659093532133914e-16,3.318187064267828e-16,1.8546030753437107e-68,3.7092061506874214e-68,4.108131847891411e-16,0.0,2.6934969617268052e-17,0.0
1882,0.5437048911273704,4903897394527932.0,3561788229038314.0,3561788183002203.5,0.1762753570117767,2.9998450265781995e-17,0.0,3.318187064267828e-16,1.8546030753437107e-68,0.0,1.423573104559698e-16,0.0,2.075440128569034e-17,0.0
1883,0.21916953033868541,4278547231743814.5,4111397602436652.5,4111397577178455.0,0.6608100162557572,6.867487970793113e-18,1.659093532133914e-16,0.0,1.8546030753437107e-68,9.273015376718553e-69,0.0,0.0,3.121218293504581e-17,0.0
1884,0.0033931734900660253,3646928149139472.0,3650309029110424.0,3650308933054742.5,-0.6363771972655616,3.5815856112932055e-17,1.659093532133914e-16,4.977280596401743e-16,0.0,2.781904613015566e-68,6.293946915627799e-17,0.0,9.69551395333229e-18,0.0
1885,0.17531746214725843,2906440805859145.0,2654420053032250.0,2654420042606428.0,0.6641149849912346,9.056312285715005e-18,1.659093532133914e-16,0.0,1.390952306507783e-68,9.273015376718553e-69,1.8095411018375882e-16,0.0,8.004949385734708e-18,0.0
1886,0.01793172108895158,2237257806258716.8,2254189358957755.5,2254189318778144.0,-0.7949177966130281,4.762432192845046e-17,3.318187064267828e-16,3.318187064267828e-16,9.273015376718553e-69,4.636507688359277e-69,4.024967508326494e-16,0.0,2.467397981396863e-17,0.0
1887,0.3922456777076382,3787099489128586.0,3300637549020184.0,3300637507627559.5,0.13752421759825895,2.955093138031725e-17,1.659093532133914e-16,1.659093532133914e-16,0.0,0.0,4.575947109991208e-16,0.0,3.032530205749533e-17,0.0
1888,0.44172820333628965,2259004471302827.0,3157125858552402.0,3157125853625657.0,0.8877992071279512,3.470718833972494e-17,0.0,1.659093532133914e-16,0.0,1.390952306507783e-68,4.551197865215094e-16,0.0,2.1291073755486568e-17,0.0
1889,0.3402337917254506,1632448318043218.8,2211650621471829.5,2211650618466667.2,0.8605384383854656,7.981962904194042e-18,1.659093532133914e-16,1.659093532133914e-16,0.0,4.636507688359277e-69,3.462076959863969e-16,0.0,1.4893467867366248e-17,0.0
1890,0.4849256593625814,1536608710184212.8,1149173563004147.5,1149173553005058.2,-0.7187345478413277,2.87294631475476e-17,1.659093532133914e-16,0.0,0.0,1.1591269220898192e-69,2.8194502035019733e-16,0.0,3.4069389804130906e-17,0.0
1891,0.5073193220358247,4642876019651710.0,4799853635005793.0,4799853536942124.0,0.033789452276867415,3.658348380890277e-17,4.977280596401743e-16,3.318187064267828e-16,1.8546030753437107e-68,0.0,2.3188600389475493e-16,0.0,1.7051155237559113e-17,0.0
1892,0.30427765616984226,2095747144726062.5,2424876880052475.0,2424876861624072.0,0.2885769542319983,3.0628295736387976e-17,0.0,3.318187064267828e-16,4.636507688359277e-69,0.0,1.4488733488327606e-16,0.0,1.3723645063799717e-17,0.0
1893,0.23754331801208953,2899108372894274.5,2573367547787946.5,2573367545118860.5,0.9085089593452821,3.384391205170211e-17,1.659093532133914e-16,1.659093532133914e-16,1.390952306507783e-68,1.390952306507783e-68,4.4259942290704867e-16,0.0,3.651617149896522e-17,0.0
1894,0.5800598462605715,3990964469174222.0,3528869108316696.5,3528869044090242.0,-0.1707454364568313,3.1113059090292364e-17,1.659093532133914e-16,1.659093532133914e-16,9.273015376718553e-69,3.7092061506874214e-68,4.3445802017425225e-16,0.0,2.0076172232312396e-17,0.0
1895,0.2129836767993476,2221144239724967.8,1982321470537600.2,1982321462984244.0,0.5636736860877192,6.81855111609973e-18,1.659093532133914e-16,3.318187064267828e-16,0.0,4.636507688359277e-69,3.7638939512287997e-16,0.0,4.586293819071607e-17,0.0
1896,0.5916649934187038,4571707163317337.0,5766400210885005.0,5766399932491899.0,-0.9005029632752346,1.145307619552433e-17,0.0,0.0,1.8546030753437107e-68,1.4836824602749686e-67,2.6567512532299737e-16,0.0,1.4983139548504074e-17,0.0
1897,0.5645673509688173,4047259123988138.5,5292510862295365.0,5292510817400644.0,0.6361759717289129,3.6372222594770095e-17,0.0,0.0,9.273015376718553e-69,9.273015376718553e-69,1.3892003917316278e-16,0.0,3.2343456200992015e-17,0.0
1898,0.49495005969145706,1793510726300394.2,2917723906155959.0,2917723865925718.5,-0.07271377867713326,1.5071936909793237e-17,1.659093532133914e-16,1.659093532133914e-16,2.3182538441796384e-69,1.8546030753437107e-68,5.079097893352718e-16,0.0,1.4186477726909974e-17,0.0
1899,0.5827168429334583,2130864929861744.0,3109635895282777.5,3109635890000294.0,0.8759951428639465,1.4794638378943027e-17,0.0,0.0,0.0,9.273015376718553e-69,1.547003654218336e-16,0.0,2.075204633536826e-17,0.0
1900,0.5872482642253242,2176218079356874.2,3898240117765977.5,3898239996196607.5,-0.8159614311723183,3.268153426012276e-17,3.318187064267828e-16,3.318187064267828e-16,4.636507688359277e-69,7.418412301374843e-68,3.7661963758994687e-16,0.0,1.5031256852149938e-17,0.0
1901,0.01758785489115098,3925349565999381.5,3985040441352811.0,3985040381058453.0,0.13815169294082336,4.16675373887091e-17,3.318187064267828e-16,3.318187064267828e-16,1.8546030753437107e-68,9.273015376718553e-69,4.1348232214894527e-17,0.0,4.322145825653163e-17,0.0
1902,0.14648619083316108,2842861320614018.0,3200602259816004.0,3200602240805079.0,0.5787310415044032,2.787773972115685e-17,4.977280596401743e-16,4.977280596401743e-16,1.8546030753437107e-68,9.273015376718553e-69,2.1362084473611329e-16,0.0,2.5731028746969835e-17,0.0
1903,0.29795233968743595,4613703641999015.0,3516133629720772.0,3516133536264109.0,-0.7159283640727198,3.411974151738726e-17,0.0,1.659093532133914e-16,1.8546030753437107e-68,9.273015376718553e-69,1.7234203281616212e-16,0.0,1.986762989592574e-17,0.0
1904,0.3255501169929592,2664036793173842.5,3141780293338841.5,3141780265828366.0,0.3673462454375889,2.107544028296937e-17,0.0,1.659093532133914e-16,9.273015376718553e-69,9.273015376718553e-69,3.604367693955729e-16,0.0,1.0349640889469071e-17,0.0
1905,0.25410559545414557,2051316402559064.0,2482048355855940.0,2482048309424748.5,-0.7108383554265086,4.234021508158509e-17,3.318187064267828e-16,3.318187064267828e-16,0.0,1.390952306507783e-68,1.121151259142347e-16,0.0,3.4397997633952586e-17,0.0
1906,0.03659326728161143,2197467983160267.2,2198779320322334.5,2198779316218006.2,0.8072925920844688,4.1967850016685345e-17,0.0,1.659093532133914e-16,0.0,1.390952306507783e-68,1.0445463757238512e-16,0.0,3.088304744820566e-17,0.0
1907,0.4327804284883034,4451634099448891.5,4718215465639747.0,4718215444509232.0,0.7845362707804667,1.850118790055048e-17,0.0,1.659093532133914e-16,0.0,1.8546030753437107e-68,1.3208864359346423e-16,0.0,1.7472143380140305e-17,0.0
1908,0.3506337599945629,2289218092534683.0,2781123035903707.5,2781123016896224.5,0.4421674909373243,8.74112368818776e-18,1.659093532133914e-16,1.659093532133914e-16,4.636507688359277e-69,6.954761532538915e-69,1.8076102426582098e-16,0.0,5.901021797272902e-18,0.0
1909,0.45862874073412585,3028266494723194.5,3000725535015978.5,3000725481100773.0,-0.3591842702893407,9.424855044001655e-18,1.659093532133914e-16,0.0,9.273015376718553e-69,0.0,2.273931856637079e-16,0.0,9.069462539299372e-18,0.0
1910,0.445774057412283,3767624798384938.0,5580645234168840.0,5580645044413666.0,-0.3830708431402705,3.4580483987661744e-17,0.0,0.0,9.273015376718553e-69,3.7092061506874214e-68,3.7058129787036656e-16,0.0,1.8535681160115795e-17,0.0
1911,0.5514856773329548,2094807685704584.2,1509693915145486.8,1509693912539092.0,0.7404135524957689,3.245511820500702e-17,0.0,0.0,0.0,0.0,4.791890065324381e-16,0.0,1.7952440988316163e-17,0.0
1912,0.1893031428812504,2749675135046806.5,2317056060301212.0,2317056057558997.5,0.8840560795596227,2.8829335957982663e-17,1.659093532133914e-16,3.318187064267828e-16,4.636507688359277e-69,9.273015376718553e-69,5.116183832451681e-16,0.0,2.263186469792355e-17,0.0
1913,0.19858093035085225,1820576222784468.0,1524049318770564.2,1524049298558481.0,-0.9752981559794647,1.9938828059733468e-17,3.318187064267828e-16,1.659093532133914e-16,2.3182538441796384e-69,1.1591269220898192e-69,3.6791685181939294e-16,0.0,2.9741830424310865e-17,0.0
1914,0.4322279410964778,2899308575308322.5,2175609348110647.0,2175609335416330.8,0.3912105814480739,2.914997988670794e-17,0.0,3.318187064267828e-16,4.636507688359277e-69,9.273015376718553e-69,5.817718757189358e-16,0.0,4.0723425072793655e-17,0.0
1915,0.3846481562094084,1507990053165869.5,1512890440691255.0,1512890430508398.0,-0.009890547012167758,4.825966521780571e-18,1.659093532133914e-16,0.0,2.3182538441796384e-69,1.1591269220898192e-69,7.902351957426955e-16,0.0,4.1367225713240774e-17,0.0
1916,0.4245874670372845,1491325972051978.8,1613632893825126.2,1613632879896803.0,-0.2142524319945915,2.5893427438995302e-17,0.0,1.659093532133914e-16,0.0,0.0,1.818209143521275e-16,0.0,2.325742504586913e-17,0.0
1917,0.5291675962336834,3164103077640130.5,4910383228822041.0,4910383064589927.0,-0.5461333086592112,3.2314479563573535e-17,0.0,0.0,0.0,0.0,3.2353694055687213e-16,0.0,1.3438764385435929e-17,0.0
1918,0.3208984151481843,1425604644881661.5,1150804535131769.0,1150804524502902.5,-0.8218115169238159,9.067301154250499e-18,0.0,0.0,1.1591269220898192e-69,1.7386903831347288e-69,9.665278794740061e-17,0.0,1.4625903616236697e-17,0.0
1919,0.5465400072136924,1896479792285155.5,3074792191492707.0,3074792184127286.0,0.8231579047978387,2.030813708543323e-17,3.318187064267828e-16,3.318187064267828e-16,2.3182538441796384e-69,4.636507688359277e-69,6.051625825164939e-17,0.0,2.543501076759914e-17,0.0
1920,0.1723188093607087,2844588620953625.0,2784119628144811.5,2784119587015127.5,-0.20447893871277575,3.261877114358222e-17,3.318187064267828e-16,3.318187064267828e-16,4.636507688359277e-69,0.0,3.7968702160447263e-16,0.0,3.2275896543582126e-17,0.0
1921,0.2981020483426078,3826346434427466.0,5183915884705343.0,5183915678007423.0,-0.7459823449899107,3.237350547882143e-17,1.659093532133914e-16,1.659093532133914e-16,1.8546030753437107e-68,0.0,3.244359189104646e-16,0.0,1.7230573284514738e-17,0.0
1922,0.4844503940661639,1383201352816719.0,1100548568860383.1,1100548563627261.1,0.01924156611585597,1.6513924358045794e-17,1.659093532133914e-16,3.318187064267828e-16,1.1591269220898192e-69,0.0,9.056592330475995e-17,0.0,1.967215098905602e-17,0.0
1923,0.134472371902165,1272399394818271.5,1389085980933763.5,1389085965773483.2,-0.7834814281070045,2.9695328651217824e-17,1.659093532133914e-16,1.659093532133914e-16,0.0,0.0,2.551184259290834e-16,0.0,1.4662013982145194e-17,0.0
1924,0.1982543385548176,4511155969535103.0,3901308258908965.0,3901308184030214.0,-0.11675442117299824,2.783076557350539e-17,3.318187064267828e-16,3.318187064267828e-16,0.0,9.273015376718553e-69,2.440205254633308e-16,0.0,2.6910835966547852e-17,0.0
1925,0.2403501475974206,2513113094869878.0,3084104785169381.5,3084104747869825.5,0.10984623648950478,1.760900297013708e-17,3.318187064267828e-16,3.318187064267828e-16,9.273015376718553e-69,9.273015376718553e-69,2.7778520802032595e-16,0.0,7.969373590084365e-18,0.0
1926,0.5157537834343409,2694414802309883.0,4589095956589548.0,4589095903137508.0,0.423857881411877,2.0085924309229733e-17,1.659093532133914e-16,0.0,4.636507688359277e-69,1.8546030753437107e-68,3.719424567497068e-16,0.0,8.915646209886945e-18,0.0
1927,0.31640225366837793,4629319029743930.0,5235708539013509.0,5235708495705801.0,0.6413805094681058,4.346470402541992e-17,1.659093532133914e-16,3.318187064267828e-16,1.8546030753437107e-68,1.8546030753437107e-68,1.735406484173934e-16,0.0,2.5819790545683956e-17,0.0
1928,0.496337522723655,1346893897403507.0,2315671386334711.0,2315671379480712.0,0.7098585360955447,2.6450860563310996e-17,0.0,1.659093532133914e-16,0.0,6.954761532538915e-69,1.347277032223904e-16,0.0,1.6341700358558812e-17,0.0
1929,0.20659256708240856,2205447036389235.2,2254982312499451.0,2254982275239637.0,-0.6633131731829112,4.047519374645945e-17,0.0,1.659093532133914e-16,0.0,0.0,1.4946882780457898e-16,0.0,2.5815064928679456e-17,0.0
1930,0.01843662142141473,1518863478565015.8,1537499232146909.2,1537499221956181.8,0.021423032729101205,2.3955515041428724e-17,0.0,0.0,0.0,2.3182538441796384e-69,8.311783695407039e-16,0.0,1.64912609864147e-17,0.0
1931,0.00038095988818682703,4715218983350615.0,4714469482158000.0,4714469286828790.0,-0.9949001880638944,4.786346070506553e-17,3.318187064267828e-16,1.659093532133914e-16,3.7092061506874214e-68,0.0,5.942121804584187e-16,0.0,2.905772242445024e-18,0.0
1932,0.11733987680121429,4727723737587447.0,5256647189872031.0,5256646969140909.0,-0.8132828132288465,2.9923785404392173e-17,6.636374128535656e-16,6.636374128535656e-16,1.8546030753437107e-68,1.8546030753437107e-68,9.785767178723116e-17,0.0,6.8350860863646404e-18,0.0
1933,0.2622953891940157,1677260012730347.8,1405775663603956.0,1405775656020466.0,0.12892269602792356,2.204895676657496e-17,1.659093532133914e-16,0.0,4.636507688359277e-69,2.3182538441796384e-69,1.1851696493662166e-16,0.0,1.2108108398727233e-17,0.0
1934,0.41312084204406974,1616605063418066.2,1952205977437320.0,1952205968968833.5,0.4956010965844272,1.922157527882587e-17,3.318187064267828e-16,0.0,0.0,4.636507688359277e-69,3.1946910574643785e-16,0.0,9.802593332045917e-18,0.0
1935,0.5536184377363188,4907638693615563.0,6950522686573008.0,6950522586139941.0,0.5280875721968412,1.597478967230202e-17,3.318187064267828e-16,4.977280596401743e-16,0.0,0.0,2.2913072096354933e-16,0.0,8.989907617175977e-18,0.0
1936,0.399507704822412,3342435306771572.5,3450082126123746.5,3450082022565481.0,-0.9749019031544984,2.859347031666551e-17,0.0,3.318187064267828e-16,9.273015376718553e-69,9.273015376718553e-69,5.184712753428159e-16,0.0,1.178844886099224e-17,0.0
1937,0.23212801875000436,2564693706308609.5,2759847030247356.0,2759846998188848.0,0.04458312753149553,1.583849585505809e-17,3.318187064267828e-16,3.318187064267828e-16,4.636507688359277e-69,1.390952306507783e-68,6.328485346236022e-17,0.0,6.3549863923615066e-18,0.0
1938,0.12581266169532468,2209167154855908.5,2453707777494626.5,2453707772820268.0,0.8237634638183101,1.0379374582471312e-17,0.0,0.0,4.636507688359277e-69,4.636507688359277e-69,2.3948106265209653e-16,0.0,2.6111080962131368e-17,0.0
1939,0.4914960419986016,3246082190268701.5,2928083487120504.5,2928083421339570.5,-0.7416173794750999,3.855072519654027e-17,3.318187064267828e-16,4.977280596401743e-16,9.273015376718553e-69,0.0,2.061580196169141e-16,0.0,3.008819349456489e-17,0.0
1940,0.08682204828554053,4808389353086507.0,4581987889085221.0,4581987877955741.0,0.8796664809714385,3.2365715400650175e-17,3.318187064267828e-16,6.636374128535656e-16,0.0,0.0,3.4423286201546803e-16,0.0,4.5367933967683924e-17,0.0
1941,0.03816518002200126,4664017991059547.0,4832164009412459.0,4832163897550688.0,-0.08747175279921895,3.7288753612251764e-18,3.318187064267828e-16,3.318187064267828e-16,0.0,1.8546030753437107e-68,6.959933074473667e-17,0.0,1.4954320857171163e-17,0.0
1942,0.31301401066691353,3895925967395749.0,4697851297405361.0,4697851177063625.0,-0.23776263393427136,7.693500363441127e-18,0.0,0.0,0.0,1.8546030753437107e-68,1.4431624233974045e-16,0.0,3.871512160784801e-17,0.0
1943,0.3506349851067314,3871939174085421.5,3525640852987594.5,3525640824801892.0,0.4852784554743108,1.7331080036987357e-17,1.659093532133914e-16,3.318187064267828e-16,9.273015376718553e-69,3.7092061506874214e-68,5.030231873451339e-16,0.0,1.0158145169487702e-17,0.0
1944,0.21622179590544915,2337436840286167.0,1985156997338011.0,1985156989438392.0,0.5449741663959629,1.1752862635790888e-17,0.0,1.659093532133914e-16,0.0,4.636507688359277e-69,4.83577704659964e-16,0.0,2.747482687737397e-17,0.0
1945,0.04330161025697086,3122277368805302.0,3236621653101758.0,3236621574929042.5,-0.6939124231311079,2.7586397395860734e-18,0.0,0.0,9.273015376718553e-69,0.0,1.162381812035253e-16,0.0,7.241380620082322e-18,0.0
1946,0.20749974122611667,3459763891216547.5,4136992271320462.0,4136992230532425.0,0.45901776854730275,2.948329988812268e-17,3.318187064267828e-16,4.977280596401743e-16,1.8546030753437107e-68,3.7092061506874214e-68,4.0355681242257333e-16,0.0,2.883782263372883e-17,0.0
1947,0.4771995493823604,4329820218623275.5,7194419821915634.0,7194419426176567.0,-0.7355495244469272,2.868622701193647e-17,1.659093532133914e-16,3.318187064267828e-16,1.8546030753437107e-68,0.0,9.182079443546328e-17,0.0,9.499314924201895e-18,0.0
1948,0.2686509365288623,1355372908423292.8,1033267062426477.6,1033267055467866.8,-0.47950693621598994,1.9338439289901708e-17,1.659093532133914e-16,1.659093532133914e-16,3.4773807662694575e-69,1.7386903831347288e-69,5.71172362303138e-16,0.0,1.0502110587025515e-17,0.0
1949,0.1733418234543607,4681392855599372.0,5543693407144092.0,5543693229092899.0,-0.31512220201984215,2.7549687728287665e-17,0.0,1.659093532133914e-16,1.8546030753437107e-68,3.7092061506874214e-68,1.098089462306881e-16,0.0,3.4237580918728525e-18,0.0
1950,0.05670970887454999,1310921109847940.8,1276449081008595.2,1276449069795709.8,-0.5621762068829986,2.6579032969173918e-17,4.977280596401743e-16,1.659093532133914e-16,0.0,1.1591269220898192e-69,4.734854798650892e-16,0.0,2.988851186094642e-17,0.0
1951,0.3687693864882394,2312846812240910.0,2223011730600339.8,2223011724834885.5,0.7351684969542542,1.5321739600416923e-17,1.659093532133914e-16,0.0,0.0,9.273015376718553e-69,3.612529089840468e-16,0.0,2.0489827108965404e-17,0.0
1952,0.5901927217326647,1755911541968829.8,1618283791086373.5,1618283771872172.8,-0.6654537479331201,7.74371487424728e-18,0.0,0.0,4.636507688359277e-69,0.0,9.257850820786113e-16,0.0,1.1558166383654222e-17,0.0
1953,0.06777630794517786,4469667503436938.5,4214797992924067.0,4214797851769125.5,-0.8036912040358294,9.781230638835305e-18,0.0,1.659093532133914e-16,0.0,9.273015376718553e-69,1.0969239126153434e-16,0.0,3.975792721443808e-17,0.0
1954,0.5787042151330075,2494729277200828.0,2335784241271795.5,2335784197160412.0,-0.8352906774241738,2.55270298306842e-17,0.0,1.659093532133914e-16,0.0,0.0,6.68644415996933e-16,0.0,3.224219992954449e-17,0.0
1955,0.09298026160686006,3386036195039204.5,3572093860128080.0,3572093803930457.0,0.0002490040343876679,3.051157863940679e-17,3.318187064267828e-16,1.659093532133914e-16,9.273015376718553e-69,0.0,1.3663292745994335e-16,0.0,4.4030656544374783e-17,0.0
1956,0.10193410812345796,2560597544738183.0,2822396859711561.5,2822396828258116.5,0.10370354991131771,4.057618138025662e-17,4.977280596401743e-16,4.977280596401743e-16,4.636507688359277e-69,9.273015376718553e-69,5.228006351639983e-16,0.0,7.667029026840255e-18,0.0
1957,0.5611647797419712,4051357121840833.5,4787192233848949.0,4787192058985198.0,-0.7320390855963513,2.1474145662777455e-17,0.0,0.0,0.0,3.7092061506874214e-68,4.206530639568045e-16,0.0,2.710682486755885e-17,0.0
1958,0.16457164213590258,2090762587663035.5,2163763986050448.2,2163763982134764.0,0.8101513431256305,7.569409449117334e-18,1.659093532133914e-16,1.659093532133914e-16,4.636507688359277e-69,4.636507688359277e-69,4.11696173286868e-16,0.0,1.7590112838972416e-17,0.0
1959,0.44337921647928824,3162303089429387.0,2696432236374454.0,2696432221955517.5,0.5498328228739929,2.6953621515059465e-17,0.0,0.0,0.0,2.781904613015566e-68,2.084844962622881e-16,0.0,3.0352426988936225e-17,0.0
1960,0.36269563379213415,4900028021292849.0,6877621564340129.0,6877621529081736.0,0.8307979669232349,1.8535675781848157e-17,0.0,0.0,3.7092061506874214e-68,0.0,5.50289545792187e-16,0.0,7.728507124981444e-18,0.0
1961,0.14357692664356622,4301593300722845.5,4901197331871969.0,4901197143754047.0,-0.7776466052047565,7.943402492105676e-18,0.0,0.0,0.0,0.0,2.614126239939476e-16,0.0,2.619695002689132e-17,0.0
1962,0.5729150290455107,2404387432469890.5,3049056906055315.5,3049056850396548.5,-0.3590084084603519,1.6826338303558056e-17,3.318187064267828e-16,0.0,4.636507688359277e-69,0.0,1.1692071511761517e-16,0.0,1.0444049501417169e-17,0.0
1963,0.03710421569836583,1935877642010257.8,1929924949022770.5,1929924944925724.0,0.7503050986773789,1.254586756289954e-17,4.977280596401743e-16,4.977280596401743e-16,2.3182538441796384e-69,0.0,5.04413237523935e-16,0.0,2.846465711807922e-17,0.0
1964,0.25534497093709657,3711681968233771.5,4017954397292967.0,4017954321298318.0,-0.06854453903279856,3.529159583281062e-17,1.659093532133914e-16,1.659093532133914e-16,9.273015376718553e-69,3.7092061506874214e-68,9.276214545954965e-17,0.0,2.5371976091631294e-17,0.0
1965,0.23757070101103422,2331591093613502.5,2892644270135354.5,2892644236696838.0,0.0928552960189634,3.950232808952786e-17,1.659093532133914e-16,3.318187064267828e-16,0.0,1.8546030753437107e-68,1.0147577208677508e-16,0.0,2.079872846222505e-17,0.0
1966,0.34035185671500384,3273204641312907.5,2623098368890776.5,2623098343800415.5,0.17225344743467969,1.1864716413849696e-17,0.0,0.0,9.273015376718553e-69,9.273015376718553e-69,4.2221254178149454e-16,0.0,8.750422269664764e-18,0.0
1967,0.5748790889172645,2251102139638663.2,3501622470460585.0,3501622395297759.5,-0.391502782302378,1.478766764756779e-17,0.0,0.0,0.0,3.7092061506874214e-68,2.4976449808653363e-16,0.0,8.422030931566733e-18,0.0
1968,0.2094772655573467,4589939450071368.0,4528881460618082.0,4528881359020313.0,-0.12440271705138121,1.4123628342629768e-17,3.318187064267828e-16,3.318187064267828e-16,0.0,1.8546030753437107e-68,3.162811592708167e-16,0.0,3.334226709939553e-17,0.0
1969,0.47531563702438817,4322845388268015.0,4781566772073507.0,4781566641944358.0,-0.2919739814659909,3.766185742294914e-17,0.0,1.659093532133914e-16,0.0,0.0,1.8405760342225836e-16,0.0,1.751495689148699e-17,0.0
1970,0.20496626912558746,2239094778100494.8,1879132470056327.0,1879132452323203.5,-0.13996119878330265,2.5518897657162692e-17,0.0,1.659093532133914e-16,4.636507688359277e-69,6.954761532538915e-69,3.852760687443937e-16,0.0,3.126982194507648e-17,0.0
1971,0.5638992748503844,4176784128719849.0,2484949333723705.5,2484949327278479.5,0.7630685508117111,2.32399408847519e-17,3.318187064267828e-16,3.318187064267828e-16,0.0,1.8546030753437107e-68,1.578465983183169e-16,0.0,1.5334438451361546e-17,0.0
1972,0.12670396068984113,3176039821371896.0,3250089942141342.0,3250089865819451.5,-0.6401289240685512,2.3709768655323354e-17,0.0,0.0,9.273015376718553e-69,1.8546030753437107e-68,3.234918597135478e-16,0.0,5.306706227717706e-18,0.0
1973,0.024371746767977574,4447969059022790.5,4516897770551147.0,4516897694202989.0,0.15055030245541504,2.215724639387925e-17,1.659093532133914e-16,1.659093532133914e-16,1.8546030753437107e-68,3.7092061506874214e-68,3.138986061159367e-16,0.0,4.311063179682911e-18,0.0
1974,0.276199815721863,4744012709696209.0,4986919029759300.0,4986918966131833.0,0.4192360848985136,3.608327708579494e-17,0.0,1.659093532133914e-16,1.8546030753437107e-68,0.0,1.0819057800291324e-16,0.0,1.2335703319716331e-17,0.0
1975,0.5233389665533654,2622204597472157.0,2882835612705056.5,2882835558869334.0,-0.47045050466568716,6.363500679204473e-18,1.659093532133914e-16,3.318187064267828e-16,4.636507688359277e-69,0.0,5.124046202734392e-16,0.0,1.470194533987483e-17,0.0
1976,0.2772592054814849,4566694506086704.0,5977078956339435.0,5977078788538447.0,-0.06619380838686581,8.53702216773599e-18,1.659093532133914e-16,3.318187064267828e-16,0.0,7.418412301374843e-68,6.475933295948558e-16,0.0,3.635761844177818e-17,0.0
1977,0.3411244767668301,3381089961133477.5,3369772270762924.5,3369772193180289.0,-0.5508973314495123,3.6610426494812994e-17,3.318187064267828e-16,3.318187064267828e-16,1.8546030753437107e-68,0.0,1.5327764869458058e-16,0.0,3.3042854084574856e-17,0.0
1978,0.40112945364482355,3219312351482696.5,4659120504453104.0,4659120432188655.0,0.2443226046883305,1.7506413608806173e-17,1.659093532133914e-16,3.318187064267828e-16,0.0,0.0,5.145348990186633e-16,0.0,1.2725350644092517e-17,0.0
1979,0.5833252147264231,3971867479635384.0,3077310500512895.0,3077310444547605.5,-0.3415156458190567,2.7413289631861666e-17,3.318187064267828e-16,0.0,0.0,1.8546030753437107e-68,2.0226632189311858e-16,0.0,2.2237104300701693e-17,0.0
1980,0.5016243458977272,1938674554505446.0,2482424308256566.0,2482424305850578.0,0.9113740297243592,3.0760880074216066e-17,1.659093532133914e-16,0.0,0.0,0.0,2.07196980092845e-16,0.0,1.0408609150896136e-17,0.0
1981,0.46919714812461505,4769704828638041.0,5819818909391639.0,5819818850672071.0,0.6064648472117548,3.4103087481414795e-17,3.318187064267828e-16,6.636374128535656e-16,1.8546030753437107e-68,1.8546030753437107e-68,2.764494618911752e-16,0.0,3.6817448291951974e-17,0.0
1982,0.14964206867546523,2373605060106687.5,2411603734060371.5,2411603692947082.5,-0.6046855775462137,1.217143920991977e-17,0.0,1.659093532133914e-16,0.0,4.636507688359277e-69,1.081177078995884e-16,0.0,9.637010407275441e-18,0.0
1983,0.10483497436434508,1338947405565667.8,1476163030518431.2,1476163018736058.2,-0.2273932646461274,3.655362343102777e-17,1.659093532133914e-16,1.659093532133914e-16,1.1591269220898192e-69,2.3182538441796384e-69,3.636578958327523e-16,0.0,2.126721371034261e-17,0.0
1984,0.03148756031785549,4838977021860583.0,4810246993471895.0,4810246891260140.0,-0.0027339513983125163,4.632326550999622e-17,1.659093532133914e-16,4.977280596401743e-16,1.8546030753437107e-68,3.7092061506874214e-68,5.449839200723183e-16,0.0,3.81319648575163e-17,0.0
1985,0.042954118915144224,4119899932733136.0,4083492197454141.5,4083492059931516.5,-0.8721055215688291,1.1033367439090826e-18,3.318187064267828e-16,1.659093532133914e-16,9.273015376718553e-69,0.0,1.7618284351003205e-16,0.0,1.9959633818086172e-17,0.0
1986,0.09596538453991564,4346745102317487.0,4237128244071142.0,4237128189700869.5,0.31255506704300284,2.166141654540186e-17,0.0,1.659093532133914e-16,1.8546030753437107e-68,1.8546030753437107e-68,3.013318095255924e-16,0.0,2.9522583020435255e-17,0.0
1987,0.07716995464593258,4828418399333151.0,4757360445797593.0,4757360360520591.0,0.14469809884632026,1.8523159088016866e-17,3.318187064267828e-16,4.977280596401743e-16,1.8546030753437107e-68,0.0,4.900155430767042e-16,0.0,2.887804324027003e-17,0.0
1988,0.5060484508658182,4298797420170139.0,4545831111487847.0,4545831097935627.0,0.8511312763956611,6.967175731486077e-18,3.318187064267828e-16,4.977280596401743e-16,0.0,9.273015376718553e-69,2.615826432807899e-16,0.0,3.1490653646399545e-17,0.0
1989,0.31391565437478497,3736141902735317.0,4277170486486749.5,4277170478031239.0,0.8950828846672776,1.8471507060640536e-17,0.0,1.659093532133914e-16,9.273015376718553e-69,1.8546030753437107e-68,3.634636152328837e-16,0.0,2.3606273467937174e-17,0.0
1990,0.46603514765686305,4463174249793638.5,6666515048265052.0,6666514884808411.0,0.16511920917236278,2.911458518954886e-17,0.0,0.0,1.8546030753437107e-68,0.0,2.8749576444328317e-16,0.0,8.947826693666349e-18,0.0
1991,0.5206285350683167,3680630193788831.5,5254083782409719.0,5254083572930661.0,-0.7225278644932279,1.6140187657519575e-17,0.0,1.659093532133914e-16,9.273015376718553e-69,3.7092061506874214e-68,3.486206506030789e-16,0.0,1.4454055517690206e-17,0.0
1992,0.2723199571682042,3078116800077579.5,2741326079307706.0,2741326065236881.5,0.5749717891584158,3.144032858502856e-17,1.659093532133914e-16,4.977280596401743e-16,0.0,2.781904613015566e-68,1.398190862300169e-17,0.0,4.358158106977926e-17,0.0
1993,0.16898419450693575,1543757583981981.0,1829115978057551.0,1829115954773727.0,-0.5797611835098967,1.9450672621240793e-17,0.0,1.659093532133914e-16,0.0,4.636507688359277e-69,3.5846987259751737e-16,0.0,6.009892103699497e-18,0.0
1994,0.0052219560157340085,4814173829754380.0,4831196817414566.0,4831196703942401.0,-0.10356903429211714,1.943154852448753e-17,1.659093532133914e-16,1.659093532133914e-16,0.0,0.0,1.4303745349155997e-16,0.0,9.481577677145748e-18,0.0
1995,0.25204872013321067,2165667131447101.0,1979632865719791.5,1979632842727796.0,-0.3317630997482293,2.0145281838508278e-17,6.636374128535656e-16,8.295467660669571e-16,4.636507688359277e-69,4.636507688359277e-69,2.4429132720294257e-16,0.0,2.79218906185513e-17,0.0
1996,0.2574353242570379,4692228464620818.0,5747654495132513.0,5747654284163832.0,-0.44962714601663556,1.7699212685119816e-17,1.659093532133914e-16,0.0,0.0,0.0,5.57754148384012e-16,0.0,3.2477242173094516e-17,0.0
1997,0.503785655344127,1242257393934189.0,883710790120631.1,883710785299614.6,-0.4013219280934729,2.0478411659774853e-17,4.977280596401743e-16,3.318187064267828e-16,1.1591269220898192e-69,1.1591269220898192e-69,6.569358553477722e-16,0.0,8.014628094885273e-18,0.0
1998,0.442888537290087,1398152032823870.2,1562119513985231.0,1562119499999025.5,-0.30104107142152453,1.2799043835379281e-17,1.659093532133914e-16,3.318187064267828e-16,1.1591269220898192e-69,4.636507688359277e-69,4.1042697140440576e-16,0.0,2.4270324467881982e-17,0.0
1999,0.2726329528718232,4924261179975368.0,5487355913098118.0,5487355789700186.0,0.06974663729161815,3.626671839429394e-17,0.0,1.659093532133914e-16,3.7092061506874214e-68,1.8546030753437107e-68,1.680663929269845e-16,0.0,5.712854870302323e-18,0.0
