physics_orbit_id,frequency_i,frequency_j,mu,branch,log_low,log_high,relative_low_high
0,0,0,-1.0,back_uv64_96,146.3282384600833,146.32823846008333,-2.8421709430403604e-14
1,0,0,-0.816496580927726,GL16_20,146.36472112989387,146.3647211298937,1.7053025658243858e-13
2,0,0,-0.7071067811865475,GL16_20,146.38765430459375,146.38765430459358,1.7053025658243858e-13
3,0,0,-0.5773502691896258,GL16_20,146.4161321624213,146.4161321624211,1.9895196601284784e-13
4,0,0,-0.5,GL16_20,146.4338227713941,146.43382277139392,1.7053025658243858e-13
5,0,0,-0.3333333333333333,GL16_20,146.4739483250795,146.47394832507933,1.7053025658243858e-13
6,0,0,0.0,GL16_20,146.5639570482748,146.56395704827463,1.7053025658243858e-13
7,0,0,0.3333333333333333,GL16_20,146.67105888993717,146.67105888993703,1.4210854715203013e-13
8,0,0,0.5,GL16_20,146.73343140020356,146.7334314002034,1.7053025658243858e-13
9,0,0,0.5773502691896258,GL16_20,146.76507461938633,146.76507461938616,1.7053025658243858e-13
10,0,0,0.7071067811865475,GL16_20,146.8234583170709,146.82345831707065,2.557953848736688e-13
11,0,0,0.816496580927726,GL16_20,146.88080688866282,146.8808068886624,4.26325641456151e-13
12,0,1,-1.0,back_uv64_96,145.5682678927437,145.56826789274373,-2.8421709430403604e-14
13,0,1,-0.816496580927726,GL16_20,145.56811875973688,145.56811875973625,6.252776074690836e-13
14,0,1,-0.7071067811865475,GL16_20,145.56634834791734,145.5663483479167,6.536993168995058e-13
15,0,1,-0.5773502691896258,GL16_20,145.5621940524467,145.562194052446,7.105427357603526e-13
16,0,1,-0.5,GL16_20,145.55844706037246,145.55844706037166,7.958078640516289e-13
17,0,1,-0.3333333333333333,GL16_20,145.54633501627882,145.54633501627794,8.810729923429124e-13
18,0,1,0.0,GL16_20,145.49769807379744,145.49769807379622,1.2221335055081191e-12
19,0,1,0.3333333333333333,GL16_20,145.3875522685009,145.38755226849904,1.875832822408424e-12
20,0,1,0.5,GL16_20,145.28489091045086,145.2848909104484,2.444267011017732e-12
21,0,1,0.5773502691896258,GL16_20,145.21740111760744,145.21740111760462,2.8137492336139553e-12
22,0,1,0.7071067811865475,GL16_20,145.05560909686187,145.055609096858,3.8653524825424155e-12
23,0,1,0.816496580927726,GL16_20,144.83129686683316,144.83129686682776,5.400124791791342e-12
25,0,2,-1.0,back_uv64_96,144.48475444967153,144.48475444967164,-1.1368683772160957e-13
26,0,2,-0.816496580927726,GL16_20,144.40106024907948,144.40106024907809,1.3926637620907661e-12
27,0,2,-0.7071067811865475,GL16_20,144.34222447452052,144.34222447451907,1.449507180951655e-12
28,0,2,-0.5773502691896258,GL16_20,144.2616992100713,144.26169921006976,1.5347723092429942e-12
29,0,2,-0.5,GL16_20,144.20711468664726,144.20711468664567,1.591615728103891e-12
30,0,2,-0.3333333333333333,GL16_20,144.06866854516608,144.06866854516437,1.7053025658256945e-12
31,0,2,0.0,GL16_20,143.664130703429,143.66413070342708,1.93267624126934e-12
32,0,2,0.3333333333333333,GL16_20,142.91245384979732,142.9124538497954,1.9042545318388816e-12
33,0,2,0.5,GL16_20,142.225362578392,142.22536257839056,1.449507180951655e-12
34,0,2,0.5773502691896258,GL16_20,141.75344676281483,141.75344676281392,9.094947017733418e-13
35,0,2,0.7071067811865475,GL16_20,140.50328280110793,140.50328280110884,-9.094947017725146e-13
36,0,2,0.816496580927726,GL16_20,138.32634924756275,138.3263492475676,-4.860112312587275e-12
38,0,3,-1.0,back_uv64_96,143.13226006070872,143.1322600607086,1.136868377216225e-13
39,0,3,-0.816496580927726,GL16_20,142.94356581968245,142.943565819682,4.547473508865675e-13
40,0,3,-0.7071067811865475,GL16_20,142.81221893700047,142.81221893700007,3.9790393202573527e-13
41,0,3,-0.5773502691896258,GL16_20,142.63360307203183,142.63360307203155,2.8421709430408046e-13
42,0,3,-0.5,GL16_20,142.51303812594284,142.51303812594264,1.9895196601284784e-13
43,0,3,-0.3333333333333333,GL16_20,142.20818738081397,142.208187380814,-2.8421709430403604e-14
44,0,3,0.0,GL16_20,141.31574728635007,141.31574728635113,-1.0516032489243953e-12
45,0,3,0.3333333333333333,GL16_20,139.61727430344345,139.61727430344757,-4.1211478674000896e-12
46,0,3,0.5,GL16_20,138.00437057956125,138.0043705795691,-7.844391802760739e-12
47,0,3,0.5773502691896258,GL16_20,136.8630405929437,136.86304059295438,-1.0686562745774805e-11
48,0,3,0.7071067811865475,GL16_20,133.7197772270958,133.71977722711418,-1.838884600130232e-11
49,0,3,0.816496580927726,GL16_20,127.91708484477637,127.91708484480573,-2.9359625841176346e-11
51,0,4,-1.0,back_uv64_96,141.74006393115823,141.74006393115843,-1.9895196601280826e-13
52,0,4,-0.816496580927726,GL16_20,141.45145828708564,141.45145828708385,1.7905676941170555e-12
53,0,4,-0.7071067811865475,GL16_20,141.25062127582135,141.2506212758195,1.847411112977967e-12
54,0,4,-0.5773502691896258,GL16_20,140.97737040946063,140.97737040945873,1.9042545318388816e-12
55,0,4,-0.5,GL16_20,140.79274993107194,140.79274993107,1.93267624126934e-12
56,0,4,-0.3333333333333333,GL16_20,140.32497898415153,140.32497898414957,1.9610979506997995e-12
57,0,4,0.0,GL16_20,138.94477392120314,138.94477392120123,1.9042545318388816e-12
58,0,4,0.3333333333333333,GL16_20,136.26752056369614,136.2675205636947,1.449507180951655e-12
59,0,4,0.5,GL16_20,133.6700392785345,133.6700392785335,9.94759830064635e-13
60,0,4,0.5773502691896258,GL16_20,131.8056322722183,131.80563227221754,7.673861546212026e-13
61,0,4,0.7071067811865475,GL16_20,126.5880898841953,126.58808988419538,-8.526512829120839e-14
62,0,4,0.816496580927726,GL16_20,116.76088779155762,116.76088779156346,-5.840661287930967e-12
64,0,5,-1.0,back_uv64_96,140.84151377245976,140.84151377245988,-1.1368683772160957e-13
65,0,5,-0.816496580927726,GL16_20,140.46379377521953,140.4637937752202,-6.821210263294635e-13
66,0,5,-0.7071067811865475,GL16_20,140.20107914311853,140.2010791431194,-8.526512829117567e-13
67,0,5,-0.5773502691896258,GL16_20,139.84370646173474,139.84370646173585,-1.108446667785142e-12
68,0,5,-0.5,GL16_20,139.6022479838185,139.6022479838198,-1.3073986337977297e-12
69,0,5,-0.3333333333333333,GL16_20,138.99031028489867,138.99031028490052,-1.847411112974554e-12
70,0,5,0.0,GL16_20,137.1821941236181,137.1821941236217,-3.6095570976547945e-12
71,0,5,0.3333333333333333,GL16_20,133.6625253611746,133.66252536118193,-7.332801033017349e-12
72,0,5,0.5,GL16_20,130.23408578653604,130.23408578654642,-1.0373923942043654e-11
73,0,5,0.5773502691896258,GL16_20,127.76601450314118,127.76601450315312,-1.1937117960698436e-11
74,0,5,0.7071067811865475,GL16_20,120.83134195309918,120.83134195311276,-1.3571366252925822e-11
75,0,5,0.816496580927726,GL16_20,107.68704872230552,107.68704872232438,-1.885780420689525e-11
77,0,6,-1.0,back_uv64_96,139.8307323666853,139.8307323666855,-1.9895196601280826e-13
78,0,6,-0.816496580927726,GL16_20,139.35219268795052,139.35219268794975,7.673861546212026e-13
79,0,6,-0.7071067811865475,GL16_20,139.01937837244265,139.01937837244193,7.105427357603526e-13
80,0,6,-0.5773502691896258,GL16_20,138.56659880290007,138.5665988028995,5.684341886082417e-13
81,0,6,-0.5,GL16_20,138.26061610355313,138.26061610355265,4.831690603169849e-13
82,0,6,-0.3333333333333333,GL16_20,137.4848323287555,137.48483232875523,2.557953848736688e-13
83,0,6,0.0,GL16_20,135.18932729163834,135.18932729163896,-6.252776074686927e-13
84,0,6,0.3333333333333333,GL16_20,130.70747302277383,130.7074730227765,-2.671640686454408e-12
85,0,6,0.5,GL16_20,126.3274122407724,126.32741224077718,-4.774847184296474e-12
86,0,6,0.5773502691896258,GL16_20,123.16668252622259,123.16668252622905,-6.465938895396008e-12
87,0,6,0.7071067811865475,GL16_20,114.25733369202028,114.25733369203294,-1.2661871551164823e-11
88,0,6,0.816496580927726,GL16_20,97.29026131955,97.29026132038477,-8.347740273319722e-10
90,0,7,-1.0,back_uv64_96,138.70693106161127,138.70693106161144,-1.705302565824095e-13
91,0,7,-0.816496580927726,GL16_20,138.1156995860618,138.1156995860599,1.9042545318388816e-12
92,0,7,-0.7071067811865475,GL16_20,137.70445369300876,137.70445369300694,1.818989403547511e-12
93,0,7,-0.5773502691896258,GL16_20,137.14484199440713,137.14484199440545,1.6768808563952424e-12
94,0,7,-0.5,GL16_20,136.7665602832202,136.76656028321864,1.5631940186734422e-12
95,0,7,-0.3333333333333333,GL16_20,135.80704727398467,135.80704727398344,1.2221335055081191e-12
96,0,7,0.0,GL16_20,132.96418859981915,132.96418859981932,-1.705302565824095e-13
97,0,7,0.3333333333333333,GL16_20,127.39950550066676,127.3995055006702,-3.4390268410729714e-12
98,0,7,0.5,GL16_20,121.94619498141476,121.94619498142137,-6.608047442547099e-12
99,0,7,0.5773502691896258,GL16_20,118.00310646586003,118.00310646586888,-8.853362487531657e-12
100,0,7,0.7071067811865475,GL16_20,106.85994509634186,106.85994509635734,-1.5475620784735235e-11
101,0,7,0.816496580927726,GL16_20,85.5630980061914,85.56309801813994,-1.194854341657686e-08
103,0,8,-1.0,back_uv64_96,137.46947491203372,137.46947491203412,-3.9790393202557694e-13
104,0,8,-0.816496580927726,GL16_20,136.75355513911268,136.75355513911617,-3.4958702599335824e-12
105,0,8,-0.7071067811865475,GL16_20,136.25546587723514,136.25546587723912,-3.979039320248645e-12
106,0,8,-0.5773502691896258,GL16_20,135.5774967141979,135.57749671420262,-4.7180037654359355e-12
107,0,8,-0.5,GL16_20,135.11907876243487,135.11907876244015,-5.286437954041172e-12
108,0,8,-0.3333333333333333,GL16_20,133.95581069035785,133.95581069036456,-6.70752342555285e-12
109,0,8,0.0,GL16_20,130.50528119945855,130.50528119947,-1.1453948900387219e-11
110,0,8,0.3333333333333333,GL16_20,123.73642649473273,123.73642649475498,-2.2254198483758714e-11
111,0,8,0.5,GL16_20,117.08747637280509,117.08747637283878,-3.369393652917631e-11
112,0,8,0.5773502691896258,GL16_20,112.27181274246928,112.27181274251134,-4.2064129956113235e-11
113,0,8,0.7071067811865475,GL16_20,98.63468683075288,98.63468683082134,-6.84536871607851e-11
114,0,8,0.816496580927726,GL16_20,72.5003716468883,72.50037173719912,-9.031081607751494e-08
116,0,9,-1.0,back_uv64_96,136.1178800927253,136.11788009272541,-1.1368683772160957e-13
117,0,9,-0.816496580927726,GL16_20,135.26518465916715,135.2651846591656,1.5347723092429942e-12
118,0,9,-0.7071067811865475,GL16_20,134.67178297200158,134.67178297200022,1.364242052660323e-12
119,0,9,-0.5773502691896258,GL16_20,133.86386005490908,133.863860054908,1.0800249583559355e-12
120,0,9,-0.5,GL16_20,133.31742455945772,133.3174245594568,9.094947017733418e-13
121,0,9,-0.3333333333333333,GL16_20,131.93027423549822,131.93027423549785,3.6948222259532036e-13
122,0,9,0.0,GL16_20,127.811490574076,127.81149057407754,-1.5347723092406386e-12
123,0,9,0.3333333333333333,GL16_20,119.7165482042383,119.71654820424381,-5.513811629483176e-12
124,0,9,0.5,GL16_20,111.74897413516446,111.74897413517374,-9.279688128983851e-12
125,0,9,0.5773502691896258,GL16_20,105.97014987464163,105.97014987465364,-1.2008172234273594e-11
126,0,9,0.7071067811865475,GL16_20,89.57826901457462,89.57826901465488,-8.026290742823985e-11
127,0,9,0.816496580927726,GL16_20,58.09841102110944,58.09841147584761,-4.5473806728093185e-07
129,0,10,-1.0,back_uv64_96,134.65180957595695,134.6518095759572,-2.5579538487360335e-13
130,0,10,-0.816496580927726,GL16_20,133.65018632147238,133.65018632147724,-4.860112312587275e-12
131,0,10,-0.7071067811865475,GL16_20,132.95296279758566,132.95296279759117,-5.513811629483176e-12
132,0,10,-0.5773502691896258,GL16_20,132.00343994385477,132.00343994386117,-6.394884621820455e-12
133,0,10,-0.5,GL16_20,131.36107443665216,131.3610744366592,-7.0485839387153526e-12
134,0,10,-0.3333333333333333,GL16_20,129.72984153489466,129.72984153490344,-8.782308213956274e-12
135,0,10,0.0,GL16_20,124.88201249050029,124.88201249051443,-1.4139800441526026e-11
136,0,10,0.3333333333333333,GL16_20,115.33859341870837,115.3385934187336,-2.5224267119165425e-11
137,0,10,0.5,GL16_20,105.92895394987568,105.92895394991199,-3.630873379668196e-11
138,0,10,0.5773502691896258,GL16_20,99.09612497837237,99.09612497841682,-4.44515535481639e-11
139,0,10,0.7071067811865475,GL16_20,79.688303170929,79.68830317148496,-5.559570580135887e-10
140,0,10,0.816496580927726,GL16_20,42.35461476350076,42.354616492904924,-1.729402665791854e-06
142,0,11,-1.0,back_uv64_96,133.07106939771458,133.07106939771487,-2.842170943039997e-13
143,0,11,-0.816496580927726,GL16_20,131.9083216778375,131.9083216778386,-1.080024958354769e-12
144,0,11,-0.7071067811865475,GL16_20,131.09873929990007,131.09873929990158,-1.5063505998102778e-12
145,0,11,-0.5773502691896258,GL16_20,129.99593591572742,129.9959359157295,-2.07478478841734e-12
146,0,11,-0.5,GL16_20,129.24970607591638,129.24970607591885,-2.4726887204420916e-12
147,0,11,-0.3333333333333333,GL16_20,127.35413721516217,127.35413721516571,-3.5385028240790385e-12
148,0,11,0.0,GL16_20,121.71630659604286,121.71630659604949,-6.6364691519773145e-12
149,0,11,0.3333333333333333,GL16_20,110.60163418518245,110.6016341851941,-1.1652900866397748e-11
150,0,11,0.5,GL16_20,99.62614351992056,99.6261435199361,-1.553246420359516e-11
151,0,11,0.5773502691896258,GL16_20,91.64828906057006,91.64828906058905,-1.898570189932965e-11
152,0,11,0.7071067811865475,GL16_20,68.96309968735919,68.96309969014133,-2.782144288853224e-09
153,0,11,0.816496580927726,GL16_20,25.267173916137494,25.267179256633902,-5.340482147343014e-06
155,0,12,-1.0,back_uv64_96,131.37560726115944,131.37560726115956,-1.1368683772160957e-13
156,0,12,-0.816496580927726,GL16_20,130.03951019973363,130.039510199738,-4.376943252272638e-12
157,0,12,-0.7071067811865475,GL16_20,129.10901431337726,129.1090143133822,-4.945377440878069e-12
158,0,12,-0.5773502691896258,GL16_20,127.8412273301689,127.84122733017466,-5.755396159640249e-12
159,0,12,-0.5,GL16_20,126.9831841150716,126.9831841150779,-6.309619493529784e-12
160,0,12,-0.3333333333333333,GL16_20,124.80298829719605,124.80298829720378,-7.730704965040008e-12
161,0,12,0.0,GL16_20,118.31407010614002,118.31407010615186,-1.1837641977693204e-11
162,0,12,0.3333333333333333,GL16_20,105.50505656544742,105.5050565654661,-1.868727395031603e-11
163,0,12,0.5,GL16_20,92.83967699997656,92.83967700000056,-2.400213361368813e-11
164,0,12,0.5773502691896258,GL16_20,83.62565968824092,83.6256596882736,-3.2684965844430457e-11
165,0,12,0.7071067811865475,GL16_20,57.401535491977434,57.40153550393197,-1.195453329176773e-08
166,0,12,0.816496580927726,GL16_20,6.834901754629988,6.834915801448089,-1.4046719444600644e-05
168,0,13,-1.0,back_uv64_96,129.56551488913007,129.5655148891305,-4.2632564145596923e-13
169,0,13,-0.816496580927726,GL16_20,128.0438291488389,128.0438291488375,1.4210854715212101e-12
170,0,13,-0.7071067811865475,GL16_20,126.98385583532674,126.98385583532541,1.3216094885146598e-12
171,0,13,-0.5773502691896258,GL16_20,125.53936973802831,125.5393697380271,1.2079226507929e-12
172,0,13,-0.5,GL16_20,124.56155541690984,124.56155541690872,1.1226575225015886e-12
173,0,13,-0.3333333333333333,GL16_20,122.07641735751794,122.07641735751699,9.521272659189876e-13
174,0,13,0.0,GL16_20,114.67522842037712,114.67522842037664,4.831690603169849e-13
175,0,13,0.3333333333333333,GL16_20,100.04854648010885,100.04854648010965,-7.958078640509956e-13
176,0,13,0.5,GL16_20,85.5690650961296,85.56906509613427,-4.661160346575394e-12
177,0,13,0.5773502691896258,GL16_20,75.02767582480703,75.02767582484745,-4.041567080921779e-11
178,0,13,0.7071067811865475,GL16_20,45.00297729197792,45.00297733431583,-4.233790828226439e-08
179,0,13,0.816496580927726,GL16_20,-12.942858282091262,-12.94282575114304,-3.253041909586246e-05
181,0,14,-1.0,back_uv64_96,127.64103545825655,127.6410354582566,-4.26325641456051e-14
182,0,14,-0.816496580927726,GL16_20,125.92152001678306,125.92152001678602,-2.9558577807576482e-12
183,0,14,-0.7071067811865475,GL16_20,124.72350392062665,124.72350392063012,-3.4674485505032773e-12
184,0,14,-0.5773502691896258,GL16_20,123.09060026010212,123.09060026010629,-4.163780431545519e-12
185,0,14,-0.5,GL16_20,121.98505424389545,121.9850542439001,-4.646949491860258e-12
186,0,14,-0.3333333333333333,GL16_20,119.17464762862221,119.17464762862802,-5.8122395785007286e-12
187,0,14,0.0,GL16_20,110.79994181844124,110.79994181845007,-8.824940778101504e-12
188,0,14,0.3333333333333333,GL16_20,94.23209590441117,94.23209590442296,-1.1795009413548102e-11
189,0,14,0.5,GL16_20,77.81419170891532,77.8141917089301,-1.477928890370087e-11
190,0,14,0.5773502691896258,GL16_20,65.85418687101262,65.85418687116828,-1.5566570253820685e-10
191,0,14,0.7071067811865475,GL16_20,31.767265392166014,31.767265520680304,-1.285142825068085e-07
192,0,14,0.816496580927726,GL16_20,-34.06622515239839,-34.066157189903016,-6.796018597381634e-05
194,0,15,-1.0,back_uv64_96,125.60257764138765,125.60257764138812,-4.689582056015562e-13
195,0,15,-0.816496580927726,GL16_20,123.67300308746348,123.67300308746483,-1.3500311979432792e-12
196,0,15,-0.7071067811865475,GL16_20,122.3283857348698,122.32838573487146,-1.6626700016772523e-12
197,0,15,-0.5773502691896258,GL16_20,120.49535347388354,120.49535347388561,-2.07478478841734e-12
198,0,15,-0.5,GL16_20,119.25411880216964,119.25411880217202,-2.3732127374359187e-12
199,0,15,-0.3333333333333333,GL16_20,116.0981214499048,116.0981214499079,-3.097966327909238e-12
200,0,15,0.0,GL16_20,106.68862994593313,106.68862994593849,-5.357492227616804e-12
201,0,15,0.3333333333333333,GL16_20,88.05603409466795,88.05603409467898,-1.102762325893595e-11
202,0,15,0.5,GL16_20,69.57535399439665,69.57535399443148,-3.4830804906353516e-11
203,0,15,0.5773502691896258,GL16_20,56.10550989710586,56.1055098976839,-5.780407262284911e-10
204,0,15,0.7071067811865475,GL16_20,17.694866230786936,17.69486657532854,-3.445415447814323e-07
205,0,15,0.816496580927726,GL16_20,-56.53440688963014,-56.534276382014866,-0.00013049909952630483
207,0,16,-1.0,back_uv64_96,123.4507382986645,123.45073829866479,-2.842170943039997e-13
208,0,16,-0.816496580927726,GL16_20,121.29890239731668,121.2989023973175,-8.242295734813765e-13
209,0,16,-0.7071067811865475,GL16_20,119.79914220118131,119.79914220118258,-1.2647660696521786e-12
210,0,16,-0.5773502691896258,GL16_20,117.7542904704269,117.75429047042877,-1.875832822404905e-12
211,0,16,-0.5,GL16_20,116.36942198241269,116.36942198241499,-2.3021584638600746e-12
212,0,16,-0.3333333333333333,GL16_20,112.84753537590453,112.84753537590791,-3.3821834222123573e-12
213,0,16,0.0,GL16_20,102.34201933021548,102.34201933022206,-6.579625733116882e-12
214,0,16,0.3333333333333333,GL16_20,81.52110982354462,81.52110982355742,-1.2803980098315034e-11
215,0,16,0.5,GL16_20,60.85347710705213,60.8534771071346,-8.247269533627395e-11
216,0,16,0.5773502691896258,GL16_20,45.78282221268911,45.78282221454134,-1.8522285910093387e-09
217,0,16,0.7071067811865475,GL16_20,2.7879621999588213,2.7879630374376916,-8.374785195672081e-07
218,0,16,0.816496580927726,GL16_20,-80.34333154276311,-80.34309727739227,-0.00023423793284601944
220,0,17,-1.0,back_uv64_96,121.18633679890253,121.18633679890297,-4.405364961711651e-13
221,0,17,-0.816496580927726,GL16_20,118.80008465568649,118.80008465569712,-1.0629719326914603e-11
222,0,17,-0.7071067811865475,GL16_20,117.13667023680267,117.13667023681467,-1.1993961379558564e-11
223,0,17,-0.5773502691896258,GL16_20,114.86834571529313,114.86834571530704,-1.3912426766085983e-11
224,0,17,-0.5,GL16_20,113.33192139575945,113.33192139577473,-1.5276668818725467e-11
225,0,17,-0.3333333333333333,GL16_20,109.42389833825773,109.4238983382765,-1.877253907860564e-11
226,0,17,0.0,GL16_20,97.76122598489542,97.76122598492515,-2.9729108063760683e-11
227,0,17,0.3333333333333333,GL16_20,74.62882684629487,74.62882684634687,-5.199751740157226e-11
228,0,17,0.5,GL16_20,51.651488288275445,51.651488288574505,-2.9906033200935005e-10
229,0,17,0.5773502691896258,GL16_20,34.89071217567425,34.89071218137455,-5.700300659679259e-09
230,0,17,0.7071067811865475,GL16_20,-12.94316827565353,-12.943166356748527,-1.9189031617985715e-06
231,0,17,0.816496580927726,GL16_20,-105.47352505811084,-105.4731230377374,-0.0004019395740804186
233,0,18,-1.0,back_uv64_96,118.81046554341529,118.81046554341542,-1.2789769243680985e-13
234,0,18,-0.816496580927726,GL16_20,116.17771787295852,116.17771787295985,-1.3216094885129131e-12
235,0,18,-0.7071067811865475,GL16_20,114.34218723776094,114.3421872377628,-1.8616219676897298e-12
236,0,18,-0.5773502691896258,GL16_20,111.83879973889425,111.83879973889682,-2.5721647034482548e-12
237,0,18,-0.5,GL16_20,110.14293773941021,110.14293773941328,-3.0695446184789218e-12
238,0,18,-0.3333333333333333,GL16_20,105.82862477291756,105.82862477292187,-4.305888978696937e-12
239,0,18,0.0,GL16_20,92.94791555708505,92.94791555709294,-7.887024366906009e-12
240,0,18,0.3333333333333333,GL16_20,67.3836793978808,67.3836793978982,-1.740829702597093e-11
241,0,18,0.5,GL16_20,41.98300402276587,41.98300402367545,-9.095799664875516e-10
242,0,18,0.5773502691896258,GL16_20,23.451773643281307,23.451773661481532,-1.8200225161212416e-08
243,0,18,0.7071067811865475,GL16_20,-29.45061511078424,-29.450610638666763,-4.472107478213471e-06
244,0,18,0.816496580927726,GL16_20,-131.84532749900316,-131.84464250891017,-0.0006847555408367751
246,0,19,-1.0,back_uv64_96,116.32456393198444,116.32456393198474,-2.9842794901919755e-13
247,0,19,-0.816496580927726,GL16_20,113.43335921665128,113.43335921666025,-8.96704932525226e-12
248,0,19,-0.7071067811865475,GL16_20,111.41732916043124,111.4173291604411,-9.862333172301558e-12
249,0,19,-0.5773502691896258,GL16_20,108.66739183802042,108.66739183803146,-1.1041834113650996e-11
250,0,19,-0.5,GL16_20,106.80427782993675,106.80427782994857,-1.182343112297817e-11
251,0,19,-0.3333333333333333,GL16_20,102.06368562519665,102.06368562521038,-1.3727685654790911e-11
252,0,19,0.0,GL16_20,87.90490071597773,87.90490071599648,-1.874411736917577e-11
253,0,19,0.3333333333333333,GL16_20,59.80815033254293,59.80815033258743,-4.4501291539664894e-11
254,0,19,0.5,GL16_20,31.914885245691334,31.914885249920435,-4.229100616309967e-09
255,0,19,0.5773502691896258,GL16_20,11.56535631774786,11.565356386408535,-6.866067301033821e-08
256,0,19,0.7071067811865475,GL16_20,-46.57396501036877,-46.573953894518056,-1.1115788930168025e-05
257,0,19,0.816496580927726,GL16_20,-159.26239502734063,-159.26122596261868,-0.001168381632005549
259,0,20,-1.0,back_uv64_96,113.73052758397195,113.7305275839724,-4.547473508863607e-13
260,0,20,-0.816496580927726,GL16_20,110.56908838911153,110.5690883891124,-8.668621376269465e-13
261,0,20,-0.7071067811865475,GL16_20,108.36430225467987,108.36430225468108,-1.2079226507914409e-12
262,0,20,-0.5773502691896258,GL16_20,105.3564989522294,105.35649895223109,-1.6910917111076086e-12
263,0,20,-0.5,GL16_20,103.31843335787705,103.31843335787903,-1.9753088054111277e-12
264,0,20,-0.3333333333333333,GL16_20,98.13187023831631,98.13187023831898,-2.671640686454408e-12
265,0,20,0.0,GL16_20,82.64095602363697,82.64095602364165,-4.67537120129053e-12
266,0,20,0.3333333333333333,GL16_20,52.01389351615142,52.01389351628953,-1.3810819154015375e-10
267,0,20,0.5,GL16_20,21.6622674488835,21.662267467334235,-1.84507341035413e-08
268,0,20,0.5773502691896258,GL16_20,-0.527645150964771,-0.5276449179462563,-2.330184875571063e-07
269,0,20,0.7071067811865475,GL16_20,-64.1040141826196,-64.1039897644408,-2.4417880674980275e-05
270,0,20,0.816496580927726,GL16_20,-187.6115097718618,-187.60968058707113,-0.0018275128517498804
272,0,21,-1.0,back_uv64_96,111.03087275878613,111.03087275878623,-9.947598300640908e-14
273,0,21,-0.816496580927726,GL16_20,107.58771565701892,107.58771565702926,-1.0345502232613544e-11
274,0,21,-0.7071067811865475,GL16_20,105.1861257872737,105.18612578728498,-1.1283418643806734e-11
275,0,21,-0.5773502691896258,GL16_20,101.90943236583344,101.90943236584596,-1.2519763004014593e-11
276,0,21,-0.5,GL16_20,99.68892025695779,99.68892025697113,-1.334399257748565e-11
277,0,21,-0.3333333333333333,GL16_20,94.03747097232288,94.03747097233823,-1.5347723092300388e-11
278,0,21,0.0,GL16_20,77.20977432450778,77.20977432452902,-2.1245227799001314e-11
279,0,21,0.3333333333333333,GL16_20,44.29220550254027,44.292205503115,-5.747295970817576e-10
280,0,21,0.5,GL16_20,11.418116963386673,11.418117012936065,-4.95493909172831e-08
281,0,21,0.5773502691896258,GL16_20,-12.747285772309096,-12.747285249828417,-5.224805426729313e-07
282,0,21,0.7071067811865475,GL16_20,-82.1516094957056,-82.15156734934348,-4.214547397396816e-05
283,0,21,0.816496580927726,GL16_20,-217.10171586646433,-217.09914615477265,-0.0025664128089191093
285,0,22,-1.0,back_uv64_96,108.22899106157021,108.22899106157105,-8.384404281965667e-13
286,0,22,-0.816496580927726,GL16_20,104.49311969750603,104.4931196975061,-7.10542735760075e-14
287,0,22,-0.7071067811865475,GL16_20,101.88704048903777,101.88704048903799,-2.1316282072800734e-13
288,0,22,-0.5773502691896258,GL16_20,98.33096763073281,98.33096763073318,-3.6948222259518384e-13
289,0,22,-0.5,GL16_20,95.92097212537007,95.92097212537054,-4.689582056015562e-13
290,0,22,-0.3333333333333333,GL16_20,89.79213871486748,89.79213871486834,-8.668621376269465e-13
291,0,22,0.0,GL16_20,71.87601976814224,71.87601976814987,-7.631228982034358e-12
292,0,22,0.3333333333333333,GL16_20,36.70881969164106,36.70881969285212,-1.2110561435235439e-09
293,0,22,0.5,GL16_20,0.9500870715298131,0.9500871616009752,-9.007115802796383e-08
294,0,22,0.5773502691896258,GL16_20,-25.38104943438031,-25.381048544920553,-8.89459360057165e-07
295,0,22,0.7071067811865475,GL16_20,-100.99445481989063,-100.9943910804115,-6.373744781374491e-05
296,0,22,0.816496580927726,GL16_20,-247.95602852845204,-247.95261937136206,-0.003403352512056931
298,0,23,-1.0,back_uv64_96,105.32955933973625,105.32955933973612,1.278976924368262e-13
299,0,23,-0.816496580927726,GL16_20,101.29082797257836,101.29082797258278,-4.419575816418057e-12
300,0,23,-0.7071067811865475,GL16_20,98.47324854326932,98.47324854327437,-5.044853423883986e-12
301,0,23,-0.5773502691896258,GL16_20,94.6286227149799,94.62862271498578,-5.883293852076323e-12
302,0,23,-0.5,GL16_20,92.02560188873474,92.02560188874119,-6.451728040680898e-12
303,0,23,-0.3333333333333333,GL16_20,85.48482566820223,85.48482566821093,-8.697043085665807e-12
304,0,23,0.0,GL16_20,66.98779930319198,66.98779930321177,-1.9795720618080456e-11
305,0,23,0.3333333333333333,GL16_20,28.897414287717634,28.897414289644864,-1.9272299293407636e-09
306,0,23,0.5,GL16_20,-10.028682973021706,-10.028682831794727,-1.4122696858359004e-07
307,0,23,0.5773502691896258,GL16_20,-38.653764059041904,-38.65376269267204,-1.3663689317693024e-06
308,0,23,0.7071067811865475,GL16_20,-120.77139652794158,-120.77130526217468,-9.126160230425571e-05
309,0,23,0.816496580927726,GL16_20,-280.265246365554,-280.26085520439466,-0.0043815341076361616
311,0,24,-1.0,back_uv64_96,102.33923252981278,102.33923252981366,-8.810729923421361e-13
312,0,24,-0.816496580927726,GL16_20,97.98909515245347,97.9890951524582,-4.7322146201510704e-12
313,0,24,-0.7071067811865475,GL16_20,94.95446925495153,94.95446925495679,-5.2580162446109184e-12
314,0,24,-0.5773502691896258,GL16_20,90.82576066004688,90.82576066005306,-6.181721801093765e-12
315,0,24,-0.5,GL16_20,88.08544207785829,88.0854420778659,-7.617018127319265e-12
316,0,24,-0.3333333333333333,GL16_20,81.60606906830337,81.60606906831686,-1.3486101124635763e-11
317,0,24,0.0,GL16_20,62.18394224262096,62.18394224264182,-2.086153472169894e-11
318,0,24,0.3333333333333333,GL16_20,20.621715429611296,20.621715432396442,-2.785146331903454e-09
319,0,24,0.5,GL16_20,-21.627576675788347,-21.627576465549936,-2.1023838946865948e-07
320,0,24,0.5773502691896258,GL16_20,-52.641841467685005,-52.641839454018296,-2.0136646815077687e-06
321,0,24,0.7071067811865475,GL16_20,-141.52556493759718,-141.5254380323044,-0.00012689724063788286
322,0,24,0.816496580927726,GL16_20,-314.0571485637292,-314.0516050361144,-0.005528190619037013
324,0,25,-1.0,back_uv64_96,99.30328893801813,99.3032889380184,-2.700062395888016e-13
325,0,25,-0.816496580927726,GL16_20,94.62780135629203,94.62780135630028,-8.256506589498279e-12
326,0,25,-0.7071067811865475,GL16_20,91.37985721345436,91.37985721346347,-9.109157872402996e-12
327,0,25,-0.5773502691896258,GL16_20,87.23806050335145,87.23806050336428,-1.2832401807745074e-11
328,0,25,-0.5,GL16_20,84.76359927222713,84.76359927224327,-1.614353095633917e-11
329,0,25,-0.3333333333333333,GL16_20,78.43725090578423,78.43725090580298,-1.8758328223890707e-11
330,0,25,0.0,GL16_20,57.047234643747814,57.04723464377131,-2.3497648271310445e-11
331,0,25,0.3333333333333333,GL16_20,11.812819950069704,11.812819953950598,-3.880893820992189e-09
332,0,25,0.5,GL16_20,-33.87667064529822,-33.87667034036941,-3.049287645993364e-07
333,0,25,0.5773502691896258,GL16_20,-67.36656310866267,-67.36656021254569,-2.896112788044862e-06
334,0,25,0.7071067811865475,GL16_20,-163.26952529279532,-163.26935255319484,-0.00017272468186092994
335,0,25,0.816496580927726,GL16_20,-349.34022096233724,-349.3333363463322,-0.006860971328891792
337,0,26,-1.0,back_uv64_96,94.58654680849162,94.58654680849176,-1.4210854715200994e-13
338,0,26,-0.816496580927726,GL16_20,89.54355411049617,89.54355411050382,-7.645439836749452e-12
339,0,26,-0.7071067811865475,GL16_20,86.99159439030923,86.99159439032596,-1.6726175999652874e-11
340,0,26,-0.5773502691896258,GL16_20,83.63159212113848,83.63159212115549,-1.7010393093952123e-11
341,0,26,-0.5,GL16_20,80.93272984489735,80.93272984491308,-1.573141616960488e-11
342,0,26,-0.3333333333333333,GL16_20,73.28677194400541,73.28677194401924,-1.3827161637795954e-11
343,0,26,0.0,GL16_20,48.46651111758013,48.466511117598436,-1.830358087301267e-11
344,0,26,0.3333333333333333,GL16_20,-2.435297484883277,-2.4352974786585513,-6.2247256044643075e-09
345,0,26,0.5,GL16_20,-53.48623743535416,-53.48623692004746,-5.153065694274283e-07
346,0,26,0.5773502691896258,GL16_20,-90.84734588067997,-90.84734105478171,-4.825886614158495e-06
347,0,26,0.7071067811865475,GL16_20,-197.74931635346272,-197.749050977926,-0.00026534032774032287
348,0,26,0.816496580927726,GL16_20,-405.06651776553986,-405.0572239596039,-0.009250752003100573
350,0,27,-1.0,back_uv64_96,88.32551496974492,88.32551497100647,-1.261554415691583e-09
351,0,27,-0.816496580927726,GL16_20,86.35485407744093,86.35485407745487,-1.3940848475515991e-11
352,0,27,-0.7071067811865475,GL16_20,83.16632459143389,83.16632459144168,-7.787548383900375e-12
353,0,27,-0.5773502691896258,GL16_20,77.97871147133142,77.97871147133708,-5.655920176634403e-12
354,0,27,-0.5,GL16_20,74.28053280832637,74.2805328083318,-5.428546501192431e-12
355,0,27,-0.3333333333333333,GL16_20,64.63915143664289,64.63915143664931,-6.423306331250676e-12
356,0,27,0.0,GL16_20,35.31607302861174,35.316073028629475,-1.7735146684414833e-11
357,0,27,0.3333333333333333,GL16_20,-23.38225652546734,-23.38225651417882,-1.1288520276997803e-08
358,0,27,0.5,GL16_20,-81.94957801145641,-81.9495770251458,-9.863101236696653e-07
359,0,27,0.5773502691896258,GL16_20,-124.7646690517073,-124.76466001696694,-9.03469954537183e-06
360,0,27,0.7071067811865475,GL16_20,-247.2071524001446,-247.20670493393857,-0.00044736610795404976
361,0,27,0.816496580927726,GL16_20,-484.602581571422,-484.58898386907975,-0.01350567119734863
363,0,28,-1.0,back_uv64_96,87.49651472201225,87.49655461809176,-3.9895283675827034e-05
364,0,28,-0.816496580927726,GL16_20,78.96754500146001,78.96754500148148,-2.147260147443969e-11
365,0,28,-0.7071067811865475,GL16_20,73.86343916633328,73.86343916635667,-2.3391066860948928e-11
366,0,28,-0.5773502691896258,GL16_20,67.0162606222848,67.01626062231087,-2.6062707547340843e-11
367,0,28,-0.5,GL16_20,62.412060587560696,62.41206058758856,-2.786748609612283e-11
368,0,28,-0.3333333333333333,GL16_20,50.75589802059156,50.755898020623995,-3.243627588692252e-11
369,0,28,0.0,GL16_20,16.09997019656161,16.099970196615722,-5.411138204034641e-11
370,0,28,0.3333333333333333,GL16_20,-52.70844434266027,-52.70844429771895,-4.494132254162268e-08
371,0,28,0.5,GL16_20,-121.25889355149526,-121.2588894336414,-4.117845383991293e-06
372,0,28,0.5773502691896258,GL16_20,-171.3603118299235,-171.36027531514372,-3.6514113108728e-05
373,0,28,0.7071067811865475,GL16_20,-314.63443589427266,-314.6328539733048,-0.0015806703904020355
374,0,28,0.816496580927726,GL16_20,-592.4568667076022,-592.4179232812802,-0.03819487953960836
376,1,1,-1.0,back_uv64_96,145.8570448017973,145.85704480179726,2.842170943040441e-14
377,1,1,-0.816496580927726,GL16_20,145.90157025672076,145.90157025672144,-6.821210263294635e-13
378,1,1,-0.7071067811865475,GL16_20,145.92991006163052,145.9299100616312,-6.821210263294635e-13
379,1,1,-0.5773502691896258,GL16_20,145.96551946237452,145.96551946237525,-7.389644451902312e-13
380,1,1,-0.5,GL16_20,145.98789304738918,145.98789304738997,-7.958078640509956e-13
381,1,1,-0.3333333333333333,GL16_20,146.0394368799696,146.0394368799705,-9.094947017725146e-13
382,1,1,0.0,GL16_20,146.1598903556361,146.15989035563726,-1.1652900866458854e-12
383,1,1,0.3333333333333333,GL16_20,146.31490382662832,146.31490382662994,-1.6200374375317162e-12
384,1,1,0.5,GL16_20,146.41294757420098,146.41294757420303,-2.0463630789869947e-12
385,1,1,0.5773502691896258,GL16_20,146.4652035187223,146.4652035187246,-2.3021584638600746e-12
386,1,1,0.7071067811865475,GL16_20,146.56577596821268,146.56577596821555,-2.8705926524666846e-12
387,1,1,0.816496580927726,GL16_20,146.66770428769615,146.66770428769973,-3.5811353882244927e-12
388,1,2,-1.0,back_uv64_96,145.5155322313944,145.51553223139442,-2.8421709430403604e-14
389,1,2,-0.816496580927726,GL16_20,145.53615165083943,145.53615165083932,1.136868377216225e-13
390,1,2,-0.7071067811865475,GL16_20,145.54805804917962,145.54805804917947,1.4210854715203013e-13
391,1,2,-0.5773502691896258,GL16_20,145.56156862170312,145.56156862170295,1.7053025658243858e-13
392,1,2,-0.5,GL16_20,145.569178800732,145.5691788007318,1.9895196601284784e-13
393,1,2,-0.3333333333333333,GL16_20,145.58391790181415,145.5839179018139,2.557953848736688e-13
394,1,2,0.0,GL16_20,145.6007988519829,145.60079885198238,5.11590769747403e-13
395,1,2,0.3333333333333333,GL16_20,145.57583250608528,145.5758325060841,1.1652900866472433e-12
396,1,2,0.5,GL16_20,145.52322927888062,145.52322927887872,1.9042545318388816e-12
397,1,2,0.5773502691896258,GL16_20,145.47986657115837,145.4798665711559,2.4726887204482057e-12
398,1,2,0.7071067811865475,GL16_20,145.3570386009195,145.35703860091544,4.064304448556033e-12
399,1,2,0.816496580927726,GL16_20,145.15836513921545,145.15836513920874,6.707523425597841e-12
401,1,3,-1.0,back_uv64_96,144.73953609064438,144.73953609064438,0.0
402,1,3,-0.816496580927726,GL16_20,144.7034945720709,144.70349457207047,4.26325641456151e-13
403,1,3,-0.7071067811865475,GL16_20,144.67629128770625,144.67629128770574,5.11590769747403e-13
404,1,3,-0.5773502691896258,GL16_20,144.63698242417595,144.6369824241754,5.684341886082417e-13
405,1,3,-0.5,GL16_20,144.6091503105998,144.60915031059915,6.536993168995058e-13
406,1,3,-0.3333333333333333,GL16_20,144.53494103046117,144.53494103046035,8.242295734820559e-13
407,1,3,0.0,GL16_20,144.29619948647792,144.29619948647652,1.3926637620907661e-12
408,1,3,0.3333333333333333,GL16_20,143.80219312042905,143.80219312042647,2.5863755581701093e-12
409,1,3,0.5,GL16_20,143.32269608637753,143.32269608637387,3.666400516528839e-12
410,1,3,0.5773502691896258,GL16_20,142.9862550142191,142.98625501421483,4.263256414569689e-12
411,1,3,0.7071067811865475,GL16_20,142.0856095510659,142.08560955106074,5.144329406916358e-12
412,1,3,0.816496580927726,GL16_20,140.5253562266204,140.52535622661608,4.320099833430741e-12
414,1,4,-1.0,back_uv64_96,143.7623697190059,143.76236971900587,2.842170943040441e-14
415,1,4,-0.816496580927726,GL16_20,143.66305196776062,143.66305196775897,1.6484591469647911e-12
416,1,4,-0.7071067811865475,GL16_20,143.59198097054818,143.59198097054636,1.818989403547511e-12
417,1,4,-0.5773502691896258,GL16_20,143.49316566741817,143.4931656674161,2.074784788421645e-12
418,1,4,-0.5,GL16_20,143.42522927344706,143.4252292734448,2.2453150450044373e-12
419,1,4,-0.3333333333333333,GL16_20,143.24971955584525,143.2497195558425,2.756905814752989e-12
420,1,4,0.0,GL16_20,142.71410716872066,142.71410716871625,4.405364961722325e-12
421,1,4,0.3333333333333333,GL16_20,141.64903990034242,141.64903990033457,7.844391802822273e-12
422,1,4,0.5,GL16_20,140.61583011286172,140.61583011285057,1.1141310096780435e-11
423,1,4,0.5773502691896258,GL16_20,139.87991221864252,139.8799122186292,1.332978172294832e-11
424,1,4,0.7071067811865475,GL16_20,137.84937334828922,137.8493733482707,1.853095454879511e-11
425,1,4,0.816496580927726,GL16_20,134.12604419485265,134.12604419482793,2.4726887204757198e-11
427,1,5,-1.0,back_uv64_96,143.17871313120745,143.17871313120742,2.842170943040441e-14
428,1,5,-0.816496580927726,GL16_20,143.0172542367266,143.01725423672582,7.673861546212026e-13
429,1,5,-0.7071067811865475,GL16_20,142.90316198215402,142.9031619821531,9.094947017733418e-13
430,1,5,-0.5773502691896258,GL16_20,142.7460573439483,142.74605734394723,1.0800249583559355e-12
431,1,5,-0.5,GL16_20,142.63887689990756,142.63887689990634,1.2221335055081191e-12
432,1,5,-0.3333333333333333,GL16_20,142.36436072616837,142.3643607261668,1.5631940186734422e-12
433,1,5,0.0,GL16_20,141.5392740936477,141.53927409364505,2.643218977031066e-12
434,1,5,0.3333333333333333,GL16_20,139.91859953967625,139.91859953967153,4.718003765458195e-12
435,1,5,0.5,GL16_20,138.34793572078118,138.3479357207749,6.281197784139013e-12
436,1,5,0.5773502691896258,GL16_20,137.2255370575745,137.2255370575673,7.219114195348676e-12
437,1,5,0.7071067811865475,GL16_20,134.10807354666676,134.10807354665747,9.293898983785298e-12
438,1,5,0.816496580927726,GL16_20,128.31561850337653,128.31561850336266,1.3869794202133341e-11
440,1,6,-1.0,back_uv64_96,142.48144320768063,142.4814432076806,2.842170943040441e-14
441,1,6,-0.816496580927726,GL16_20,142.24658839404947,142.2465883940472,2.2737367544349055e-12
442,1,6,-0.7071067811865475,GL16_20,142.0816314949447,142.08163149494214,2.5579538487396322e-12
443,1,6,-0.5773502691896258,GL16_20,141.85553757238185,141.8555375723789,2.9558577807663853e-12
444,1,6,-0.5,GL16_20,141.70185914499584,141.70185914499262,3.21165316564081e-12
445,1,6,-0.3333333333333333,GL16_20,141.30984589493514,141.30984589493124,3.89377419197293e-12
446,1,6,0.0,GL16_20,140.13955839596233,140.1395583959563,6.025402399263802e-12
447,1,6,0.3333333333333333,GL16_20,137.84978789054168,137.84978789053173,9.94759830069088e-12
448,1,6,0.5,GL16_20,135.6259083126474,135.62590831263438,1.3017142919209758e-11
449,1,6,0.5773502691896258,GL16_20,134.0313382028824,134.03133820286772,1.469402377562683e-11
450,1,6,0.7071067811865475,GL16_20,129.57815051420843,129.57815051419124,1.719513420554226e-11
451,1,6,0.816496580927726,GL16_20,121.2220241786784,121.22202417866383,1.456612608318814e-11
453,1,7,-1.0,back_uv64_96,141.6705165409319,141.67051654093189,2.842170943040441e-14
454,1,7,-0.816496580927726,GL16_20,141.35088516568314,141.350885165679,4.1495695768475945e-12
455,1,7,-0.7071067811865475,GL16_20,141.12711800180898,141.12711800180446,4.5190517994444485e-12
456,1,7,-0.5773502691896258,GL16_20,140.82117699345784,140.8211769934528,5.030642569194163e-12
457,1,7,-0.5,GL16_20,140.6136282584951,140.61362825848977,5.343281372930229e-12
458,1,7,-0.3333333333333333,GL16_20,140.08528851093342,140.08528851092723,6.1959326558472684e-12
459,1,7,0.0,GL16_20,138.51283604553174,138.51283604552313,8.611777957449495e-12
460,1,7,0.3333333333333333,GL16_20,135.43781816165782,135.4378181616455,1.2306600183440661e-11
461,1,7,0.5,GL16_20,132.4425906925375,132.44259069252297,1.4523493519041913e-11
462,1,7,0.5773502691896258,GL16_20,130.2885287022784,130.28852870226288,1.5518253349120998e-11
463,1,7,0.7071067811865475,GL16_20,124.246286366911,124.24628636689475,1.624300693960781e-11
464,1,7,0.816496580927726,GL16_20,112.82538274726005,112.82538274724729,1.2761347534332825e-11
466,1,8,-1.0,back_uv64_96,140.74592321453116,140.74592321453125,-8.526512829120839e-14
467,1,8,-0.816496580927726,GL16_20,140.33001439772877,140.3300143977277,1.0800249583559355e-12
468,1,8,-0.7071067811865475,GL16_20,140.03939542579153,140.0393954257903,1.2221335055081191e-12
469,1,8,-0.5773502691896258,GL16_20,139.64260419539838,139.64260419539696,1.4210854715212101e-12
470,1,8,-0.5,GL16_20,139.3737058500404,139.3737058500389,1.506350599812547e-12
471,1,8,-0.3333333333333333,GL16_20,138.68991251580624,138.68991251580448,1.762145984686601e-12
472,1,8,0.0,GL16_20,136.6573259818377,136.65732598183553,2.1600499167130375e-12
473,1,8,0.3333333333333333,GL16_20,132.67899248082713,132.67899248082625,8.810729923429124e-13
474,1,8,0.5,GL16_20,128.79263204333355,128.79263204333625,-2.7000623958847355e-12
475,1,8,0.5773502691896258,GL16_20,125.99060135598471,125.99060135599109,-6.380673767105343e-12
476,1,8,0.7071067811865475,GL16_20,118.10294978160749,118.1029497816267,-1.9213075574768538e-11
477,1,8,0.816496580927726,GL16_20,103.1127072994319,103.11270729947528,-4.337152858985597e-11
479,1,9,-1.0,back_uv64_96,139.70770545051715,139.70770545051704,1.136868377216225e-13
480,1,9,-0.816496580927726,GL16_20,139.18390811745957,139.18390811745388,5.684341886096957e-12
481,1,9,-0.7071067811865475,GL16_20,138.81830942540583,138.8183094253997,6.13908923698611e-12
482,1,9,-0.5773502691896258,GL16_20,138.31953640703577,138.319536407029,6.764366844459032e-12
483,1,9,-0.5,GL16_20,137.98171635267838,137.98171635267119,7.190692485918067e-12
484,1,9,-0.3333333333333333,GL16_20,137.12309109794452,137.12309109793634,8.185452315989855e-12
485,1,9,0.0,GL16_20,134.5716119506031,134.5716119505923,1.0800249583611846e-11
486,1,9,0.3333333333333333,GL16_20,129.57051090462275,129.57051090460854,1.4210854715302978e-11
487,1,9,0.5,GL16_20,124.6720300619175,124.6720300619017,1.5802470443429487e-11
488,1,9,0.5773502691896258,GL16_20,121.1327156156221,121.13271561560592,1.6186163520746077e-11
489,1,9,0.7071067811865475,GL16_20,111.1413197192963,111.14131971928124,1.506350599822758e-11
490,1,9,0.816496580927726,GL16_20,92.07537544661747,92.07537544661065,6.821210263320226e-12
492,1,10,-1.0,back_uv64_96,138.5559773876858,138.55597738768574,5.684341886080963e-14
493,1,10,-0.816496580927726,GL16_20,137.9125837912878,137.91258379128612,1.6768808563952424e-12
494,1,10,-0.7071067811865475,GL16_20,137.46380292391044,137.46380292390862,1.818989403547511e-12
495,1,10,-0.5773502691896258,GL16_20,136.85180764018773,136.8518076401857,2.0179413695607206e-12
496,1,10,-0.5,GL16_20,136.43741645019867,136.43741645019654,2.1316282072825725e-12
497,1,10,-0.3333333333333333,GL16_20,135.38437680209196,135.38437680208958,2.3874235921567865e-12
498,1,10,0.0,GL16_20,132.25464311688674,132.25464311688424,2.5011104298786804e-12
499,1,10,0.3333333333333333,GL16_20,126.11031181449266,126.11031181449226,3.9790393202573527e-13
500,1,10,0.5,GL16_20,120.07782592989156,120.07782592989545,-3.893774191957769e-12
501,1,10,0.5773502691896258,GL16_20,115.71130749313531,115.7113074931432,-7.887024366906009e-12
502,1,10,0.7071067811865475,GL16_20,103.35656660233894,103.3565666023603,-2.135891463672051e-11
503,1,10,0.816496580927726,GL16_20,79.707617201548,79.70761720159955,-5.154277005070934e-11
505,1,11,-1.0,back_uv64_96,137.29094671077954,137.29094671077948,5.684341886080963e-14
506,1,11,-0.816496580927726,GL16_20,136.51616874256908,136.51616874256348,5.599076757805265e-12
507,1,11,-0.7071067811865475,GL16_20,135.9759420974439,135.97594209743792,5.9685589804026534e-12
508,1,11,-0.5773502691896258,GL16_20,135.23939608126256,135.23939608125605,6.508571459583699e-12
509,1,11,-0.5,GL16_20,134.74072280921152,134.74072280920467,6.849631972750825e-12
510,1,11,-0.3333333333333333,GL16_20,133.47352740265436,133.47352740264674,7.617018127377283e-12
511,1,11,0.0,GL16_20,129.70572910561788,129.70572910560847,9.407585821507977e-12
512,1,11,0.3333333333333333,GL16_20,122.29695975023158,122.29695975022022,1.1354472917510863e-11
513,1,11,0.5,GL16_20,115.00791287544801,115.0079128754359,1.2107648217425405e-11
514,1,11,0.5773502691896258,GL16_20,109.72384326104589,109.7238432610337,1.2192913345717652e-11
515,1,11,0.7071067811865475,GL16_20,94.74537498848774,94.74537498847732,1.0416556506297322e-11
516,1,11,0.816496580927726,GL16_20,66.00563847130965,66.0056384713507,-4.104094841666121e-11
518,1,12,-1.0,back_uv64_96,135.91293933483317,135.91293933483297,1.9895196601284784e-13
519,1,12,-0.816496580927726,GL16_20,134.9949273300421,134.99492733003837,3.723243935389857e-12
520,1,12,-0.7071067811865475,GL16_20,134.35494480084844,134.35494480084444,4.007461029694995e-12
521,1,12,-0.5773502691896258,GL16_20,133.48245339171558,133.4824533917112,4.376943252291796e-12
522,1,12,-0.5,GL16_20,132.89174135569485,132.89174135569021,4.632738637166585e-12
523,1,12,-0.3333333333333333,GL16_20,131.39053268284746,131.39053268284232,5.144329406916358e-12
524,1,12,0.0,GL16_20,126.92454147724975,126.92454147724355,6.1959326558472684e-12
525,1,12,0.3333333333333333,GL16_20,118.1295828164334,118.12958281642692,6.48014975015311e-12
526,1,12,0.5,GL16_20,109.46093248721301,109.46093248720737,5.64170932195111e-12
527,1,12,0.5773502691896258,GL16_20,103.16868302972654,103.16868302972169,4.8459014578956245e-12
528,1,12,0.7071067811865475,GL16_20,85.30568415226053,85.30568415225737,3.1548097467798212e-12
529,1,12,0.816496580927726,GL16_20,50.967244750169094,50.96724475046916,-3.000693026938271e-10
531,1,13,-1.0,back_uv64_96,134.42242897351323,134.42242897351323,0.0
532,1,13,-0.816496580927726,GL16_20,133.3492932732109,133.34929327320177,9.123368727201304e-12
533,1,13,-0.7071067811865475,GL16_20,132.60121429399672,132.60121429398686,9.862333172398823e-12
534,1,13,-0.5773502691896258,GL16_20,131.58133955242204,131.58133955241124,1.0800249583611846e-11
535,1,13,-0.5,GL16_20,130.8908023296285,130.89080232961703,1.1482370609949141e-11
536,1,13,-0.3333333333333333,GL16_20,129.1356480741037,129.13564807409065,1.3045564628640532e-11
537,1,13,0.0,GL16_20,123.91113181896753,123.91113181895027,1.7266188479119495e-11
538,1,13,0.3333333333333333,GL16_20,113.60786551182738,113.60786551180438,2.3007373784176713e-11
539,1,13,0.5,GL16_20,103.4362869198562,103.43628691983066,2.5536905923544068e-11
540,1,13,0.5773502691896258,GL16_20,96.04513010093666,96.0451301009111,2.55653276329752e-11
541,1,13,0.7071067811865475,GL16_20,75.03691351936531,75.0369135193458,1.95115035241627e-11
542,1,13,0.816496580927726,GL16_20,34.59252552356497,34.592525525291364,-1.7263914727313864e-09
544,1,14,-1.0,back_uv64_96,132.82007429305125,132.82007429305094,3.1263880373449295e-13
545,1,14,-0.816496580927726,GL16_20,131.579910605438,131.5799106054312,6.792788553889629e-12
546,1,14,-0.7071067811865475,GL16_20,130.71538237004526,130.71538237003804,7.219114195348676e-12
547,1,14,-0.5773502691896258,GL16_20,129.53666828991993,129.53666828991217,7.759126674530396e-12
548,1,14,-0.5,GL16_20,128.73850683564604,128.73850683563796,8.071765478267315e-12
549,1,14,-0.3333333333333333,GL16_20,126.7094426692906,126.70944266928171,8.881784197040695e-12
550,1,14,0.0,GL16_20,120.66597806571713,120.66597806570647,1.06581410364583e-11
551,1,14,0.3333333333333333,GL16_20,108.7321658045806,108.7321658045674,1.3201884030509806e-11
552,1,14,0.5,GL16_20,96.93463464140058,96.93463464138446,1.611510924716892e-11
553,1,14,0.5773502691896258,GL16_20,88.35438828436065,88.35438828434168,1.8971491044974635e-11
554,1,14,0.7071067811865475,GL16_20,63.94256745529168,63.94256745526146,3.0219382552333665e-11
555,1,14,0.816496580927726,GL16_20,16.889283276481805,16.88928328428106,-7.79925454508816e-09
557,1,15,-1.0,back_uv64_96,131.10676766443916,131.10676766443913,2.842170943040441e-14
558,1,15,-0.816496580927726,GL16_20,129.68768843154086,129.6876884315321,8.75388650460275e-12
559,1,15,-0.7071067811865475,GL16_20,128.69836796254663,128.69836796253722,9.407585821507977e-12
560,1,15,-0.5773502691896258,GL16_20,127.34937048577464,127.34937048576441,1.0231815394997788e-11
561,1,15,-0.5,GL16_20,126.43579323582658,126.43579323581581,1.0771827874181135e-11
562,1,15,-0.3333333333333333,GL16_20,124.11287244444668,124.11287244443464,1.2036593943848537e-11
563,1,15,0.0,GL16_20,117.19008173954091,117.19008173952602,1.48929757416426e-11
564,1,15,0.3333333333333333,GL16_20,103.5043705118836,103.5043705118667,1.6896706256517932e-11
565,1,15,0.5,GL16_20,89.96147937193616,89.96147937192109,1.5077716852942995e-11
566,1,15,0.5773502691896258,GL16_20,80.1059245507727,80.10592455076048,1.2221335055148404e-11
567,1,15,0.7071067811865475,GL16_20,52.04468233923479,52.04468233923702,-2.2311041902842258e-12
568,1,15,0.816496580927726,GL16_20,-2.1019060855373386,-2.1019060530218887,-3.251544935951025e-08
570,1,16,-1.0,back_uv64_96,129.2837016146535,129.2837016146533,1.9895196601284784e-13
571,1,16,-0.816496580927726,GL16_20,127.67387749220633,127.6738774921958,1.0530243344020128e-11
572,1,16,-0.7071067811865475,GL16_20,126.55146072007396,126.55146072006288,1.1084466677918996e-11
573,1,16,-0.5773502691896258,GL16_20,125.02078728332759,125.02078728331578,1.1809220268402594e-11
574,1,16,-0.5,GL16_20,123.9840367283088,123.98403672829656,1.223554590986378e-11
575,1,16,-0.3333333333333333,GL16_20,121.34739661133872,121.3473966113255,1.3230305739940587e-11
576,1,16,0.0,GL16_20,113.48523933070092,113.48523933068577,1.5148771126520078e-11
577,1,16,0.3333333333333333,GL16_20,97.93405411597409,97.93405411595819,1.5901946426437478e-11
578,1,16,0.5,GL16_20,82.54780870844202,82.54780870842788,1.4139800441725961e-11
579,1,16,0.5773502691896258,GL16_20,71.34928273618307,71.3492827361712,1.1866063687264076e-11
580,1,16,0.7071067811865475,GL16_20,39.43762588612927,39.437625886160745,-3.1477043193677035e-11
581,1,16,0.816496580927726,GL16_20,-22.242218950859332,-22.24221882072071,-1.3013861496511003e-07
583,1,17,-1.0,back_uv64_96,127.35246256338515,127.35246256338506,8.526512829121566e-14
584,1,17,-0.816496580927726,GL16_20,125.54018151655669,125.54018151655312,3.5669245335220643e-12
585,1,17,-0.7071067811865475,GL16_20,124.276445286659,124.2764452866556,3.3963942769390465e-12
586,1,17,-0.5773502691896258,GL16_20,122.55281294785898,122.5528129478559,3.0837554732035895e-12
587,1,17,-0.5,GL16_20,121.38520549170448,121.38520549170168,2.7995383788987133e-12
588,1,17,-0.3333333333333333,GL16_20,118.41517170777924,118.41517170777742,1.818989403547511e-12
589,1,17,0.0,GL16_20,109.55576080853463,109.55576080853734,-2.714273250599899e-12
590,1,17,0.3333333333333333,GL16_20,92.07450006766767,92.074500067683,-1.5333512237585402e-11
591,1,17,0.5,GL16_20,74.8262152443347,74.8262152443637,-2.8990143618591873e-11
592,1,17,0.5773502691896258,GL16_20,62.25935784030497,62.25935784034353,-3.856115426895716e-11
593,1,17,0.7071067811865475,GL16_20,26.34109933499363,26.341099335253162,-2.5953283963005554e-10
594,1,17,0.816496580927726,GL16_20,-43.328356960326104,-43.32835652675323,-4.3357277783473276e-07
596,1,18,-1.0,back_uv64_96,125.31516750705055,125.31516750705016,3.836930773105277e-13
597,1,18,-0.816496580927726,GL16_20,123.2889255853113,123.28892558529934,1.1965539670271674e-11
598,1,18,-0.7071067811865475,GL16_20,121.87579415483022,121.87579415481773,1.2491341294740578e-11
599,1,18,-0.5773502691896258,GL16_20,119.94812477406714,119.948124774054,1.314504061164825e-11
600,1,18,-0.5,GL16_20,118.64211857133945,118.64211857132592,1.3528733688963821e-11
601,1,18,-0.3333333333333333,GL16_20,115.31943704109648,115.31943704108211,1.4367174117172434e-11
602,1,18,0.0,GL16_20,105.4235026387989,105.4235026387832,1.568878360570608e-11
603,1,18,0.3333333333333333,GL16_20,86.13373152009596,86.13373152008172,1.4239276424733786e-11
604,1,18,0.5,GL16_20,67.05926595772199,67.0592659577112,1.078603872889649e-11
605,1,18,0.5773502691896258,GL16_20,53.059804735706614,53.0598047356994,7.212008767991024e-12
606,1,18,0.7071067811865475,GL16_20,12.833608751486853,12.833608752219162,-7.323084358451336e-10
607,1,18,0.816496580927726,GL16_20,-65.42311406109687,-65.42311298676778,-1.0743285143748056e-06
609,1,19,-1.0,back_uv64_96,123.1746703881833,123.17467038818302,2.8421709430408046e-13
610,1,19,-0.816496580927726,GL16_20,120.92332193274487,120.92332193273887,5.996980689833228e-12
611,1,19,-0.7071067811865475,GL16_20,119.35298224316301,119.35298224315683,6.181721801131978e-12
612,1,19,-0.5773502691896258,GL16_20,117.2105767367884,117.210576736782,6.394884621861349e-12
613,1,19,-0.5,GL16_20,115.758912715654,115.75891271564751,6.494360604868404e-12
614,1,19,-0.3333333333333333,GL16_20,112.0663811216149,112.06638112160825,6.6506800067366535e-12
615,1,19,0.0,GL16_20,101.22325121075706,101.22325121075073,6.323830348284887e-12
616,1,19,0.3333333333333333,GL16_20,80.37165748131729,80.3716574813149,2.3874235921567865e-12
617,1,19,0.5,GL16_20,59.22763206808592,59.22763206808663,-7.105427357598478e-13
618,1,19,0.5773502691896258,GL16_20,43.60802399971371,43.608023999717396,-3.68771679858812e-12
619,1,19,0.7071067811865475,GL16_20,-1.3403155315067146,-1.3403155296261877,-1.880526843586589e-09
620,1,19,0.816496580927726,GL16_20,-88.78857525572596,-88.78857304359636,-2.21212715451871e-06
622,1,20,-1.0,back_uv64_96,120.93488614754514,120.93488614754496,1.8474111129764311e-13
623,1,20,-0.816496580927726,GL16_20,118.44791225410673,118.44791225409288,1.3841372492702543e-11
624,1,20,-0.7071067811865475,GL16_20,116.71303441011757,116.71303441010306,1.4509282664326506e-11
625,1,20,-0.5773502691896258,GL16_20,114.34596709508297,114.34596709506762,1.534772309253594e-11
626,1,20,-0.5,GL16_20,112.74246169021643,112.74246169020057,1.5859313862291197e-11
627,1,20,-0.3333333333333333,GL16_20,108.68779083789718,108.68779083788029,1.6896706256517932e-11
628,1,20,0.0,GL16_20,97.35071817740815,97.35071817739163,1.6527224033916506e-11
629,1,20,0.3333333333333333,GL16_20,74.57316563594726,74.57316563592957,1.7692514120583006e-11
630,1,20,0.5,GL16_20,51.004081489980045,51.00408148996363,1.6413537196193015e-11
631,1,20,0.5773502691896258,GL16_20,33.60544590242352,33.60544590241498,8.540723683872876e-12
632,1,20,0.7071067811865475,GL16_20,-16.39630008080917,-16.39630007662465,-4.184517612542252e-09
633,1,20,0.816496580927726,GL16_20,-113.57521015511793,-113.57520600675689,-4.148352438683666e-06
635,1,21,-1.0,back_uv64_96,118.60132384674846,118.60132384674795,5.11590769747403e-13
636,1,21,-0.816496580927726,GL16_20,115.86935608240778,115.86935608240134,6.437517186007228e-12
637,1,21,-0.7071067811865475,GL16_20,113.96357515603928,113.9635751560327,6.579625733160173e-12
638,1,21,-0.5773502691896258,GL16_20,111.36556574858757,111.36556574858086,6.707523425597841e-12
639,1,21,-0.5,GL16_20,109.62017397683844,109.62017397683165,6.792788553889629e-12
640,1,21,-0.3333333333333333,GL16_20,105.43571826848243,105.4357182684753,7.133849067056852e-12
641,1,21,0.0,GL16_20,93.81390697565013,93.81390697564487,5.258016244638565e-12
642,1,21,0.3333333333333333,GL16_20,68.39699521496857,68.39699521496738,1.1937117960776808e-12
643,1,21,0.5,GL16_20,42.19972245404682,42.19972245404804,-1.2221335055066255e-12
644,1,21,0.5773502691896258,GL16_20,22.915418574998917,22.915418575010932,-1.2015277661631111e-11
645,1,21,0.7071067811865475,GL16_20,-32.41302464327689,-32.413024634673185,-8.603706154922299e-09
646,1,21,0.816496580927726,GL16_20,-139.83329185212017,-139.8332845193142,-7.332779093465631e-06
648,1,22,-1.0,back_uv64_96,116.18201577329968,116.18201577329975,-7.10542735760075e-14
649,1,22,-0.816496580927726,GL16_20,113.19797863927542,113.19797863925965,1.5774048733998634e-11
650,1,22,-0.7071067811865475,GL16_20,111.11791936470246,111.11791936468585,1.661248916220913e-11
651,1,22,-0.5773502691896258,GL16_20,108.3504246833267,108.35042468330963,1.7067236513103252e-11
652,1,22,-0.5,GL16_20,106.66767200844784,106.66767200843175,1.608668753773806e-11
653,1,22,-0.3333333333333333,GL16_20,102.90494432170685,102.90494432169241,1.4438228390749467e-11
654,1,22,0.0,GL16_20,90.09754495620477,90.09754495618589,1.8886225916681808e-11
655,1,22,0.3333333333333333,GL16_20,61.71215572106658,61.71215572104446,2.2119195364456548e-11
656,1,22,0.5,GL16_20,32.75716203134009,32.75716203132258,1.750777300928213e-11
657,1,22,0.5773502691896258,GL16_20,11.497755136762342,11.497755136772401,-1.0059508781473021e-11
658,1,22,0.7071067811865475,GL16_20,-49.41362490887476,-49.41362489207587,-1.6798885696841807e-08
659,1,22,0.816496580927726,GL16_20,-167.57802974700704,-167.57801736718983,-1.2379740577299234e-05
661,1,23,-1.0,back_uv64_96,113.68926093941587,113.6892609394151,7.673861546212026e-13
662,1,23,-0.816496580927726,GL16_20,110.45147292097147,110.45147292095817,1.3301360013517539e-11
663,1,23,-0.7071067811865475,GL16_20,108.25393457057046,108.25393457055715,1.331557086823293e-11
664,1,23,-0.5773502691896258,GL16_20,105.98017421623092,105.98017421621876,1.2164491636286903e-11
665,1,23,-0.5,GL16_20,104.66312622779303,104.66312622778077,1.2263967619294532e-11
666,1,23,-0.3333333333333333,GL16_20,100.652212149348,100.65221214933507,1.293187779091744e-11
667,1,23,0.0,GL16_20,85.96225110292522,85.96225110291144,1.378452907384095e-11
668,1,23,0.3333333333333333,GL16_20,54.48434943576852,54.48434943575147,1.7053025658387807e-11
669,1,23,0.5,GL16_20,22.660569633120843,22.660569633097488,2.3355539724707233e-11
670,1,23,0.5773502691896258,GL16_20,-0.6590706120773566,-0.6590706120653183,-1.2038370300543037e-11
671,1,23,0.7071067811865475,GL16_20,-67.40522738918158,-67.40522735790336,-3.1278218636688555e-08
672,1,23,0.816496580927726,GL16_20,-196.81439513027237,-196.8143750327988,-2.0097271613369522e-05
674,1,24,-1.0,back_uv64_96,111.14323836163828,111.14323836163834,-5.68434188608064e-14
675,1,24,-0.816496580927726,GL16_20,107.70313851940695,107.70313851939375,1.3201884030509806e-11
676,1,24,-0.7071067811865475,GL16_20,106.25822174900351,106.2582217489929,1.0615508472312242e-11
677,1,24,-0.5773502691896258,GL16_20,104.56067935099486,104.56067935098409,1.0771827874181135e-11
678,1,24,-0.5,GL16_20,102.94920182890755,102.94920182889594,1.1610268302387436e-11
679,1,24,-0.3333333333333333,GL16_20,98.03477956461775,98.03477956460443,1.331557086823293e-11
680,1,24,0.0,GL16_20,81.35302627693954,81.35302627692445,1.509192770765841e-11
681,1,24,0.3333333333333333,GL16_20,46.70419868967792,46.70419868966699,1.0935252703407732e-11
682,1,24,0.5,GL16_20,11.905028230713826,11.905028230713535,2.9132252166168354e-13
683,1,24,0.5773502691896258,GL16_20,-13.55883732953174,-13.558837329443591,-8.814815543767358e-11
684,1,24,0.7071067811865475,GL16_20,-86.39037094406952,-86.39037088776792,-5.6301600018146366e-08
685,1,24,0.816496580927726,GL16_20,-227.54426735844353,-227.54423583910776,-3.151883904878477e-05
687,1,25,-1.0,back_uv64_96,108.64172104237295,108.6417210423745,-1.5489831639558188e-12
688,1,25,-0.816496580927726,GL16_20,106.50898561391958,106.50898561390947,1.0103917702559669e-11
689,1,25,-0.7071067811865475,GL16_20,105.55271836901952,105.55271836900911,1.0402345651581971e-11
690,1,25,-0.5773502691896258,GL16_20,102.93037653035753,102.930376530347,1.0530243344020128e-11
691,1,25,-0.5,GL16_20,100.805356041922,100.80535604191125,1.0743406164750425e-11
692,1,25,-0.3333333333333333,GL16_20,94.92609162384984,94.92609162383849,1.1354472917510863e-11
693,1,25,0.0,GL16_20,76.26064997817704,76.2606499781642,1.2846612662625129e-11
694,1,25,0.3333333333333333,GL16_20,38.36870280853536,38.36870280852175,1.3606893389898492e-11
695,1,25,0.5,GL16_20,0.488673758563559,0.4886737585558123,7.746692176654499e-12
696,1,25,0.5773502691896258,GL16_20,-27.203054998303834,-27.20305499815759,-1.4624390586345018e-10
697,1,25,0.7071067811865475,GL16_20,-106.37014781305233,-106.3701477153943,-9.765802622671703e-08
698,1,25,0.816496580927726,GL16_20,-259.7684919719967,-259.76844401534674,-4.7955500048964656e-05
700,1,26,-1.0,back_uv64_96,105.2087550132739,105.2087549540547,5.921920551640728e-08
701,1,26,-0.816496580927726,GL16_20,105.53030592654541,105.5303059265348,1.0615508472312242e-11
702,1,26,-0.7071067811865475,GL16_20,103.00456653913295,103.00456653911992,1.3031353773925146e-11
703,1,26,-0.5773502691896258,GL16_20,99.08488396417245,99.0848839641577,1.4750867194488473e-11
704,1,26,-0.5,GL16_20,96.33052216432424,96.33052216430872,1.5518253349120998e-11
705,1,26,-0.3333333333333333,GL16_20,89.20555062223845,89.2055506222216,1.6854073692371606e-11
706,1,26,0.0,GL16_20,67.69440153116874,67.69440153115059,1.814726147147762e-11
707,1,26,0.3333333333333333,GL16_20,24.820852748777433,24.820852748764047,1.3386625141809888e-11
708,1,26,0.5,GL16_20,-17.876753264615598,-17.87675326460424,-1.1358025631060699e-11
709,1,26,0.5773502691896258,GL16_20,-49.06678178110616,-49.066781780716695,-3.8946268424898554e-10
710,1,26,0.7071067811865475,GL16_20,-138.20593562541825,-138.20593541149657,-2.139216574885808e-07
711,1,26,0.816496580927726,GL16_20,-310.90768111431174,-310.9075906089814,-9.05012348361037e-05
713,1,27,-1.0,back_uv64_96,106.73025810325328,106.73025977471322,-1.6714585442332222e-06
714,1,27,-0.816496580927726,GL16_20,100.25947300571374,100.25947300569074,2.3007373784176713e-11
715,1,27,-0.7071067811865475,GL16_20,96.50734774233626,96.50734774231344,2.2822632672874854e-11
716,1,27,-0.5773502691896258,GL16_20,91.50181344612568,91.50181344610289,2.2794210963443804e-11
717,1,27,-0.5,GL16_20,88.14577732413775,88.14577732411503,2.2723156689866175e-11
718,1,27,-0.3333333333333333,GL16_20,79.66942380376837,79.6694238037461,2.226840933896948e-11
719,1,27,0.0,GL16_20,54.54810407258821,54.54810407256944,1.8772539078958053e-11
720,1,27,0.3333333333333333,GL16_20,4.804414877364687,4.804414877358369,6.318501277766652e-12
721,1,27,0.5,GL16_20,-44.68261443196006,-44.68261443188041,-7.965184067553502e-11
722,1,27,0.5773502691896258,GL16_20,-80.82888488466354,-80.82888488249327,-2.1702675188959045e-09
723,1,27,0.7071067811865475,GL16_20,-184.13864209416334,-184.13864103277183,-1.061390951846748e-06
724,1,27,0.816496580927726,GL16_20,-384.3266199048129,-384.3262816287341,-0.00033821886991954053
726,1,28,-1.0,back_uv64_96,88.3509388866437,88.35093858288532,3.03758429914078e-07
727,1,28,-0.816496580927726,GL16_20,86.38313212456387,86.38313212457774,-1.386979420194097e-11
728,1,28,-0.7071067811865475,GL16_20,83.1887250982596,83.18872509826734,-7.7449158197551e-12
729,1,28,-0.5773502691896258,GL16_20,77.99779927695151,77.99779927695712,-5.613287612489037e-12
730,1,28,-0.5,GL16_20,74.29859202075096,74.29859202075637,-5.414335646477306e-12
731,1,28,-0.3333333333333333,GL16_20,64.65626648670678,64.6562664867132,-6.423306331250676e-12
732,1,28,0.0,GL16_20,35.33444304509487,35.33444304511251,-1.7635670701410177e-11
733,1,28,0.3333333333333333,GL16_20,-23.358172650092765,-23.35817263898407,-1.1108696123445417e-08
734,1,28,0.5,GL16_20,-81.91904800609058,-81.91904703230905,-9.737810506239539e-07
735,1,28,0.5773502691896258,GL16_20,-124.72929414378058,-124.72928520866043,-8.93508023147752e-06
736,1,28,0.7071067811865475,GL16_20,-247.15769672905571,-247.15725277296357,-0.00044385755821745005
737,1,28,0.816496580927726,GL16_20,-484.5254669367232,-484.5119317252666,-0.013444022366852505
739,2,2,-1.0,back_uv64_96,145.75030167577313,145.75030167577313,0.0
740,2,2,-0.816496580927726,GL16_20,145.79774429723543,145.79774429723568,-2.5579538487360335e-13
741,2,2,-0.7071067811865475,GL16_20,145.8280173561029,145.82801735610312,-2.273736754432062e-13
742,2,2,-0.5773502691896258,GL16_20,145.86615242936307,145.86615242936332,-2.5579538487360335e-13
743,2,2,-0.5,GL16_20,145.89017386332546,145.8901738633257,-2.5579538487360335e-13
744,2,2,-0.3333333333333333,GL16_20,145.94571736433932,145.9457173643396,-2.842170943039997e-13
745,2,2,0.0,GL16_20,146.07689917236573,146.07689917236607,-3.4106051316478993e-13
746,2,2,0.3333333333333333,GL16_20,146.24980130512216,146.2498013051226,-4.2632564145596923e-13
747,2,2,0.5,GL16_20,146.36265784500017,146.3626578450007,-5.400124791775303e-13
748,2,2,0.5773502691896258,GL16_20,146.42431090712458,146.42431090712518,-5.96855898038306e-13
749,2,2,0.7071067811865475,GL16_20,146.5466909932715,146.54669099327225,-7.389644451902312e-13
750,2,2,0.816496580927726,GL16_20,146.67655069838574,146.67655069838668,-9.379164112028924e-13
751,2,3,-1.0,back_uv64_96,145.4328667605701,145.4328667605701,0.0
752,2,3,-0.816496580927726,GL16_20,145.46499355658375,145.46499355658395,-1.9895196601280826e-13
753,2,3,-0.7071067811865475,GL16_20,145.4846464808563,145.48464648085653,-2.273736754432062e-13
754,2,3,-0.5773502691896258,GL16_20,145.50838551641647,145.50838551641672,-2.5579538487360335e-13
755,2,3,-0.5,GL16_20,145.5227175067162,145.52271750671645,-2.5579538487360335e-13
756,2,3,-0.3333333333333333,GL16_20,145.5538584361107,145.55385843611097,-2.842170943039997e-13
757,2,3,0.0,GL16_20,145.6145000979273,145.61450009792762,-3.126388037343952e-13
758,2,3,0.3333333333333333,GL16_20,145.658202213241,145.65820221324148,-4.831690603167514e-13
759,2,3,0.5,GL16_20,145.65625725438042,145.656257254381,-5.684341886079186e-13
760,2,3,0.5773502691896258,GL16_20,145.64182691173116,145.64182691173175,-5.96855898038306e-13
761,2,3,0.7071067811865475,GL16_20,145.57671709741712,145.57671709741786,-7.389644451902312e-13
762,2,3,0.816496580927726,GL16_20,145.4335983591381,145.43359835913898,-8.810729923421361e-13
764,2,4,-1.0,back_uv64_96,144.78935771495333,144.78935771495335,-2.8421709430403604e-14
765,2,4,-0.816496580927726,GL16_20,144.78894621166606,144.7889462116662,-1.4210854715200994e-13
766,2,4,-0.7071067811865475,GL16_20,144.78601068450342,144.78601068450357,-1.4210854715200994e-13
767,2,4,-0.5773502691896258,GL16_20,144.77908128895174,144.77908128895186,-1.1368683772160957e-13
768,2,4,-0.5,GL16_20,144.77273322924833,144.77273322924844,-1.1368683772160957e-13
769,2,4,-0.3333333333333333,GL16_20,144.75162909356195,144.751629093562,-5.68434188608064e-14
770,2,4,0.0,GL16_20,144.6595939860816,144.65959398608152,8.526512829121566e-14
771,2,4,0.3333333333333333,GL16_20,144.41518531228039,144.41518531227985,5.400124791778219e-13
772,2,4,0.5,GL16_20,144.1450208538428,144.14502085384157,1.2221335055081191e-12
773,2,4,0.5773502691896258,GL16_20,143.9446544428759,143.94465444287405,1.847411112977967e-12
774,2,4,0.7071067811865475,GL16_20,143.38395766219998,143.38395766219605,3.922195901403445e-12
775,2,4,0.816496580927726,GL16_20,142.3775875294116,142.37758752940275,8.867573342325367e-12
777,2,5,-1.0,back_uv64_96,144.46550580724883,144.46550580724886,-2.8421709430403604e-14
778,2,5,-0.816496580927726,GL16_20,144.4260710078865,144.4260710078873,-7.958078640509956e-13
779,2,5,-0.7071067811865475,GL16_20,144.3960718519954,144.39607185199625,-8.526512829117567e-13
780,2,5,-0.5773502691896258,GL16_20,144.3524284015045,144.35242840150542,-9.094947017725146e-13
781,2,5,-0.5,GL16_20,144.32134099796778,144.32134099796875,-9.663381206332693e-13
782,2,5,-0.3333333333333333,GL16_20,144.2377878543852,144.23778785438623,-1.0231815394940208e-12
783,2,5,0.0,GL16_20,143.9635014674324,143.96350146743362,-1.2221335055066255e-12
784,2,5,0.3333333333333333,GL16_20,143.37471099074108,143.3747109907425,-1.4210854715191906e-12
785,2,5,0.5,GL16_20,142.7811168719932,142.78111687199453,-1.3358203432280961e-12
786,2,5,0.5773502691896258,GL16_20,142.35382637171855,142.3538263717197,-1.136868377215514e-12
787,2,5,0.7071067811865475,GL16_20,141.1742816646369,141.174281664637,-8.526512829120839e-14
788,2,5,0.816496580927726,GL16_20,139.03991266502348,139.03991266502018,3.2969182939322997e-12
790,2,6,-1.0,back_uv64_96,144.0270656740624,144.0270656740624,0.0
791,2,6,-0.816496580927726,GL16_20,143.9372476299536,143.93724762995393,-3.4106051316478993e-13
792,2,6,-0.7071067811865475,GL16_20,143.87229625751095,143.87229625751127,-3.126388037343952e-13
793,2,6,-0.5773502691896258,GL16_20,143.78121984331668,143.78121984331696,-2.842170943039997e-13
794,2,6,-0.5,GL16_20,143.71815685344464,143.7181568534449,-2.5579538487360335e-13
795,2,6,-0.3333333333333333,GL16_20,143.55383007596075,143.55383007596095,-1.9895196601280826e-13
796,2,6,0.0,GL16_20,143.04316512143396,143.0431651214338,1.7053025658243858e-13
797,2,6,0.3333333333333333,GL16_20,142.00375775842468,142.00375775842338,1.307398633799439e-12
798,2,6,0.5,GL16_20,140.9807217160864,140.98072171608348,2.9274360713358977e-12
799,2,6,0.5773502691896258,GL16_20,140.24820037541835,140.2482003754141,4.263256414569689e-12
800,2,6,0.7071067811865475,GL16_20,138.22126114282085,138.2212611428126,8.24229573485113e-12
801,2,6,0.816496580927726,GL16_20,134.4996132693131,134.49961326929883,1.4267698134164595e-11
803,2,7,-1.0,back_uv64_96,143.47433426138065,143.47433426138068,-2.8421709430403604e-14
804,2,7,-0.816496580927726,GL16_20,143.3227274038084,143.32272740380762,7.673861546212026e-13
805,2,7,-0.7071067811865475,GL16_20,143.2148934019764,143.21489340197553,8.810729923429124e-13
806,2,7,-0.5773502691896258,GL16_20,143.06559386644784,143.06559386644687,9.663381206342032e-13
807,2,7,-0.5,GL16_20,142.96326096607984,142.96326096607876,1.0800249583559355e-12
808,2,7,-0.3333333333333333,GL16_20,142.6996501104171,142.69965011041583,1.2789769243689982e-12
809,2,7,0.0,GL16_20,141.89756918478946,141.89756918478747,1.9895196601302596e-12
810,2,7,0.3333333333333333,GL16_20,140.29792332152616,140.29792332152243,3.723243935389857e-12
811,2,7,0.5,GL16_20,138.73456455866483,138.73456455865923,5.599076757805265e-12
812,2,7,0.5773502691896258,GL16_20,137.6144983817438,137.61449838173684,6.963318810473226e-12
813,2,7,0.7071067811865475,GL16_20,134.4997130348906,134.49971303488005,1.0544454198735479e-11
814,2,7,0.816496580927726,GL16_20,128.7089530022206,128.70895300220513,1.5461409930259308e-11
816,2,8,-1.0,back_uv64_96,142.80765555737486,142.80765555737497,-1.1368683772160957e-13
817,2,8,-0.816496580927726,GL16_20,142.58280540611287,142.58280540611463,-1.7621459846834959e-12
818,2,8,-0.7071067811865475,GL16_20,142.42411358105434,142.4241135810562,-1.847411112974554e-12
819,2,8,-0.5773502691896258,GL16_20,142.20572489338295,142.20572489338488,-1.932676241265605e-12
820,2,8,-0.5,GL16_20,142.05676634925823,142.05676634926027,-2.0463630789869947e-12
821,2,8,-0.3333333333333333,GL16_20,141.6751671595945,141.67516715959675,-2.245315044999396e-12
822,2,8,0.0,GL16_20,140.52573034488086,140.52573034488367,-2.813749233606038e-12
823,2,8,0.3333333333333333,GL16_20,138.25326382457718,138.2532638245811,-3.922195901388061e-12
824,2,8,0.5,GL16_20,136.03502230018884,136.03502230019419,-5.343281372901678e-12
825,2,8,0.5773502691896258,GL16_20,134.44233586760816,134.44233586761484,-6.679101716122637e-12
826,2,8,0.7071067811865475,GL16_20,129.9916518493652,129.99165184937718,-1.19655396701285e-11
827,2,8,0.816496580927726,GL16_20,121.63749065006948,121.63749065009476,-2.5281110538024798e-11
829,2,9,-1.0,back_uv64_96,142.02743962460482,142.02743962460482,0.0
830,2,9,-0.816496580927726,GL16_20,141.71784319053583,141.71784319053455,1.2789769243689982e-12
831,2,9,-0.7071067811865475,GL16_20,141.5002736698861,141.50027366988468,1.4210854715212101e-12
832,2,9,-0.5773502691896258,GL16_20,141.201854231384,141.20185423138238,1.6200374375343407e-12
833,2,9,-0.5,GL16_20,140.99885346993184,140.99885346993005,1.7905676941170555e-12
834,2,9,-0.3333333333333333,GL16_20,140.4803720552843,140.48037205528217,2.1316282072825725e-12
835,2,9,0.0,GL16_20,138.9268000863127,138.9268000863094,3.2969182939322997e-12
836,2,9,0.3333333333333333,GL16_20,135.86649646769317,135.86649646768723,5.9401372709720806e-12
837,2,9,0.5,GL16_20,132.87614396642857,132.87614396642007,8.498091119726907e-12
838,2,9,0.5773502691896258,GL16_20,130.7238814536349,130.72388145362467,1.0231815394997788e-11
839,2,9,0.7071067811865475,GL16_20,124.68435587386979,124.68435587385561,1.418243300587217e-11
840,2,9,0.816496580927726,GL16_20,113.26586777564822,113.2658677756314,1.6811441128225283e-11
842,2,10,-1.0,back_uv64_96,141.13418628562098,141.13418628562104,-5.68434188608064e-14
843,2,10,-0.816496580927726,GL16_20,140.72829669321814,140.72829669322024,-2.103206497847685e-12
844,2,10,-0.7071067811865475,GL16_20,140.44378835746406,140.44378835746627,-2.2168933355690553e-12
845,2,10,-0.5773502691896258,GL16_20,140.05432641132842,140.05432641133072,-2.3021584638600746e-12
846,2,10,-0.5,GL16_20,139.789810429862,139.7898104298644,-2.3874235921510867e-12
847,2,10,-0.3333333333333333,GL16_20,139.11537857748255,139.11537857748516,-2.61479726759375e-12
848,2,10,0.0,GL16_20,137.1001553770228,137.10015537702594,-3.1548097467698684e-12
849,2,10,0.3333333333333333,GL16_20,133.13508607283927,133.13508607284345,-4.177991286260662e-12
850,2,10,0.5,GL16_20,129.25349607792953,129.25349607793513,-5.599076757773915e-12
851,2,10,0.5773502691896258,GL16_20,126.45342105399742,126.45342105400438,-6.963318810424738e-12
852,2,10,0.7071067811865475,GL16_20,118.56901102152801,118.56901102154039,-1.2377654456864342e-11
853,2,10,0.816496580927726,GL16_20,103.5819281430386,103.58192814306702,-2.842170943000011e-11
855,2,11,-1.0,back_uv64_96,140.12851502621328,140.12851502621334,-5.68434188608064e-14
856,2,11,-0.816496580927726,GL16_20,139.6147511074132,139.61475110741253,6.821210263299288e-13
857,2,11,-0.7071067811865475,GL16_20,139.25520875915691,139.25520875915612,7.958078640516289e-13
858,2,11,-0.5773502691896258,GL16_20,138.7636332445,138.76363324449906,9.37916411203772e-13
859,2,11,-0.5,GL16_20,138.4300809120079,138.43008091200687,1.0231815394950677e-12
860,2,11,-0.3333333333333333,GL16_20,137.58048178450898,137.5804817845077,1.2789769243689982e-12
861,2,11,0.0,GL16_20,135.04548396798043,135.0454839679782,2.21689333557397e-12
862,2,11,0.3333333333333333,GL16_20,130.0572863984145,130.05728639841,4.490630090013916e-12
863,2,11,0.5,GL16_20,125.16404686175514,125.16404686174815,6.991740519903828e-12
864,2,11,0.5773502691896258,GL16_20,121.62712564143895,121.62712564143008,8.867573342325367e-12
865,2,11,0.7071067811865475,GL16_20,111.64017703976114,111.64017703974793,1.3216094885225196e-11
866,2,11,0.816496580927726,GL16_20,92.57924959677034,92.57924959675924,1.1098677532634356e-11
868,2,12,-1.0,back_uv64_96,139.0112035179728,139.0112035179728,0.0
869,2,12,-0.816496580927726,GL16_20,138.37796561820298,138.3779656182042,-1.2221335055066255e-12
870,2,12,-0.7071067811865475,GL16_20,137.93527165282603,137.93527165282725,-1.2221335055066255e-12
871,2,12,-0.5773502691896258,GL16_20,137.33046935380295,137.33046935380415,-1.1937117960762558e-12
872,2,12,-0.5,GL16_20,136.92032402316818,136.92032402316934,-1.1652900866458854e-12
873,2,12,-0.3333333333333333,GL16_20,135.87622862785759,135.87622862785864,-1.0516032489243953e-12
874,2,12,0.0,GL16_20,132.76287732776245,132.76287732776302,-5.684341886079186e-13
875,2,12,0.3333333333333333,GL16_20,126.63225977649189,126.63225977649097,9.23705556488557e-13
876,2,12,0.5,GL16_20,120.60655895230353,120.60655895230097,2.5579538487396322e-12
877,2,12,0.5773502691896258,GL16_20,116.24382832176153,116.24382832175782,3.709033080674601e-12
878,2,12,0.7071067811865475,GL16_20,103.8979163065688,103.89791630656215,6.6506800067366535e-12
879,2,12,0.816496580927726,GL16_20,80.26136424192993,80.26136424192256,7.361222742501731e-12
881,2,13,-1.0,back_uv64_96,137.78323847624034,137.78323847624046,-1.1368683772160957e-13
882,2,13,-0.816496580927726,GL16_20,137.0189326524749,137.01893265247216,2.728484105322507e-12
883,2,13,-0.7071067811865475,GL16_20,136.4849647124746,136.4849647124715,3.0979663279188355e-12
884,2,13,-0.5773502691896258,GL16_20,135.7558056335979,135.75580563359424,3.666400516528839e-12
885,2,13,-0.5,GL16_20,135.26149329678412,135.2614932967801,4.035882739125513e-12
886,2,13,-0.3333333333333333,GL16_20,134.00351054277968,134.00351054277462,5.05906427862471e-12
887,2,13,0.0,GL16_20,130.25295832045472,130.25295832044623,8.498091119726907e-12
888,2,13,0.3333333333333333,GL16_20,122.86095979067197,122.8609597906564,1.5575096767982688e-11
889,2,13,0.5,GL16_20,115.58523004081992,115.58523004079841,2.1515234039047286e-11
890,2,13,0.5773502691896258,GL16_20,110.31143011466574,110.31143011464107,2.4670043785894984e-11
891,2,13,0.7071067811865475,GL16_20,95.36210648635452,95.36210648632702,2.7498003874293947e-11
892,2,13,0.816496580927726,GL16_20,66.66635601626821,66.66635601626098,7.23332505006398e-12
894,2,14,-1.0,back_uv64_96,136.4458846903357,136.4458846903356,1.136868377216225e-13
895,2,14,-0.816496580927726,GL16_20,135.53895923150765,135.5389592315068,8.526512829124837e-13
896,2,14,-0.7071067811865475,GL16_20,134.90561671425127,134.90561671425024,1.0231815394950677e-12
897,2,14,-0.5773502691896258,GL16_20,134.0409917508128,134.04099175081151,1.2789769243689982e-12
898,2,14,-0.5,GL16_20,133.45494759460252,133.45494759460107,1.449507180951655e-12
899,2,14,-0.3333333333333333,GL16_20,131.9636956587666,131.96369565876466,1.93267624126934e-12
900,2,14,0.0,GL16_20,127.51717894284654,127.51717894284297,3.5669245335220643e-12
901,2,14,0.3333333333333333,GL16_20,118.75257420692779,118.75257420692019,7.602807272661973e-12
902,2,14,0.5,GL16_20,110.13085005158972,110.13085005157735,1.236344360230217e-11
903,2,14,0.5773502691896258,GL16_20,103.8791922799717,103.87919227995556,1.6143530956599783e-11
904,2,14,0.7071067811865475,GL16_20,86.1263470173617,86.12634701733442,2.727063019884449e-11
905,2,14,0.816496580927726,GL16_20,51.93204027751369,51.93204027748055,3.313971319640019e-11
907,2,15,-1.0,back_uv64_96,135.00078160372306,135.0007816037232,-1.4210854715200994e-13
908,2,15,-0.816496580927726,GL16_20,133.93978312215532,133.9397831221532,2.1316282072825725e-12
909,2,15,-0.7071067811865475,GL16_20,133.1990281433151,133.1990281433126,2.5011104298786804e-12
910,2,15,-0.5773502691896258,GL16_20,132.1879074736008,132.18790747359776,3.041122909057853e-12
911,2,15,-0.5,GL16_20,131.50261711278776,131.50261711278435,3.410605131654297e-12
912,2,15,-0.3333333333333333,GL16_20,129.75883574759357,129.7588357475892,4.376943252291796e-12
913,2,15,0.0,GL16_20,124.55964698856336,124.5596469885559,7.460698725508884e-12
914,2,15,0.3333333333333333,GL16_20,114.36169756247264,114.36169756245991,1.2732925824902059e-11
915,2,15,0.5,GL16_20,104.37736478169008,104.3773647816744,1.5674572750990656e-11
916,2,15,0.5773502691896258,GL16_20,97.12244104743318,97.12244104741694,1.624300693960781e-11
917,2,15,0.7071067811865475,GL16_20,76.40890840464604,76.40890840463528,1.075761701946578e-11
918,2,15,0.816496580927726,GL16_20,36.25922436623137,36.25922436632881,-9.743672535003558e-11
920,2,16,-1.0,back_uv64_96,133.4500829739481,133.4500829739481,0.0
921,2,16,-0.816496580927726,GL16_20,132.22374587799544,132.22374587799163,3.808509063681389e-12
922,2,16,-0.7071067811865475,GL16_20,131.36766998636864,131.36766998636446,4.177991286278117e-12
923,2,16,-0.5773502691896258,GL16_20,130.1992002053653,130.19920020536057,4.718003765458195e-12
924,2,16,-0.5,GL16_20,129.4072699629355,129.40726996293046,5.030642569194163e-12
925,2,16,-0.3333333333333333,GL16_20,127.39206652112482,127.39206652111886,5.9543481256873666e-12
926,2,16,0.0,GL16_20,121.40294002927988,121.40294002927126,8.611777957449495e-12
927,2,16,0.3333333333333333,GL16_20,109.89899911323025,109.89899911321719,1.305977548335592e-11
928,2,16,0.5,GL16_20,98.58433686609023,98.58433686607492,1.530509052838968e-11
929,2,16,0.5773502691896258,GL16_20,90.25988871151377,90.25988871149815,1.561772933212896e-11
930,2,16,0.7071067811865475,GL16_20,66.28323612936515,66.28323612935544,9.706013770530073e-12
931,2,16,0.816496580927726,GL16_20,19.580576817621075,19.58057681803436,-4.132836294557818e-10
933,2,17,-1.0,back_uv64_96,131.79666633112225,131.7966663311224,-1.4210854715200994e-13
934,2,17,-0.816496580927726,GL16_20,130.39406328399568,130.39406328399755,-1.875832822404905e-12
935,2,17,-0.7071067811865475,GL16_20,129.41500410540527,129.4150041054073,-2.0179413695566485e-12
936,2,17,-0.5773502691896258,GL16_20,128.0786860975712,128.07868609757347,-2.2737367544297357e-12
937,2,17,-0.5,GL16_20,127.17298866182449,127.17298866182695,-2.4584778657269247e-12
938,2,17,-0.3333333333333333,GL16_20,124.86957880960863,124.86957880961165,-3.0269120543334458e-12
939,2,17,0.0,GL16_20,118.18629717575314,118.18629717575635,-3.2116531656304955e-12
940,2,17,0.3333333333333333,GL16_20,105.61637091027457,105.61637091028011,-5.542233338913424e-12
941,2,17,0.5,GL16_20,92.72416914587085,92.72416914588649,-1.5646151041315006e-11
942,2,17,0.5773502691896258,GL16_20,83.14380460294839,83.14380460297264,-2.424371814384074e-11
943,2,17,0.7071067811865475,GL16_20,55.49232951492252,55.492329514971345,-4.8828496800241975e-11
944,2,17,0.816496580927726,GL16_20,1.6332879174903674,1.633287918926131,-1.4357635070534562e-09
946,2,18,-1.0,back_uv64_96,130.04446041184502,130.04446041184488,1.4210854715203013e-13
947,2,18,-0.816496580927726,GL16_20,128.4552727731177,128.45527277311265,5.05906427862471e-12
948,2,18,-0.7071067811865475,GL16_20,127.34603735798218,127.3460373579767,5.4853899200830186e-12
949,2,18,-0.5773502691896258,GL16_20,125.83213070397997,125.83213070397389,6.0822458181249544e-12
950,2,18,-0.5,GL16_20,124.80664953891393,124.80664953890745,6.48014975015311e-12
951,2,18,-0.3333333333333333,GL16_20,122.2245585696904,122.22455856968288,7.517542144370117e-12
952,2,18,0.0,GL16_20,115.30548457200041,115.30548457198934,1.1070255823203637e-11
953,2,18,0.3333333333333333,GL16_20,101.29108905429418,101.29108905427964,1.4537704373757322e-11
954,2,18,0.5,GL16_20,86.47131957128376,86.47131957126813,1.5631940186844384e-11
955,2,18,0.5773502691896258,GL16_20,75.47802338287929,75.47802338286442,1.4864554032211773e-11
956,2,18,0.7071067811865475,GL16_20,43.8218518145671,43.82185181456442,2.6787461138191655e-12
957,2,18,0.816496580927726,GL16_20,-17.732531128416475,-17.73253112432186,-4.094616193272358e-09
959,2,19,-1.0,back_uv64_96,128.19898257473886,128.19898257473884,2.842170943040441e-14
960,2,19,-0.816496580927726,GL16_20,126.41402899759282,126.41402899759308,-2.5579538487360335e-13
961,2,19,-0.7071067811865475,GL16_20,125.16838265938942,125.16838265938951,-8.526512829120839e-14
962,2,19,-0.5773502691896258,GL16_20,123.47098124484813,123.47098124484795,1.8474111129764311e-13
963,2,19,-0.5,GL16_20,122.33690405936285,122.33690405936233,5.258016244626124e-13
964,2,19,-0.3333333333333333,GL16_20,119.71762690507029,119.71762690506749,2.7995383788987133e-12
965,2,19,0.0,GL16_20,112.7505611904186,112.75056119041346,5.130118552201082e-12
966,2,19,0.3333333333333333,GL16_20,96.5875032439452,96.58750324394026,4.945377440902526e-12
967,2,19,0.5,GL16_20,79.63996907934674,79.63996907934164,5.101696842770533e-12
968,2,19,0.5773502691896258,GL16_20,67.12750994923428,67.12750994922948,4.803268893749813e-12
969,2,19,0.7071067811865475,GL16_20,31.193399478669903,31.193399478671466,-1.5631940186709986e-12
970,2,19,0.816496580927726,GL16_20,-38.56720848344885,-38.567208472645945,-1.0802906955033866e-08
972,2,20,-1.0,back_uv64_96,126.26827489776767,126.26827489776772,-5.68434188608064e-14
973,2,20,-0.816496580927726,GL16_20,124.28066658514328,124.28066658513664,6.636469152021357e-12
974,2,20,-0.7071067811865475,GL16_20,122.89547371768154,122.8954737176743,7.23332505006398e-12
975,2,20,-0.5773502691896258,GL16_20,121.08093274152867,121.08093274152057,8.100187187697948e-12
976,2,20,-0.5,GL16_20,120.05085622739757,120.05085622738882,8.75388650460275e-12
977,2,20,-0.3333333333333333,GL16_20,117.93506255885013,117.93506255883995,1.0189182830851747e-11
978,2,20,0.0,GL16_20,110.01002360229522,110.01002360228148,1.3741896509694757e-11
979,2,20,0.3333333333333333,GL16_20,91.3776086553966,91.37760865537625,2.034994395237633e-11
980,2,20,0.5,GL16_20,72.17322007617511,72.17322007615199,2.3121060621900952e-11
981,2,20,0.5773502691896258,GL16_20,58.05208601243639,58.05208601241467,2.172129143242217e-11
982,2,20,0.7071067811865475,GL16_20,17.583547117986058,17.583547117989127,-3.0695446184789218e-12
983,2,20,0.816496580927726,GL16_20,-60.886278134444694,-60.886278108099894,-2.634479977218035e-08
985,2,21,-1.0,back_uv64_96,124.26466281187572,124.26466281187551,2.1316282072805277e-13
986,2,21,-0.816496580927726,GL16_20,122.07297605374859,122.07297605374818,4.1211478674094303e-13
987,2,21,-0.7071067811865475,GL16_20,120.61037000175976,120.61037000175841,1.3500311979451017e-12
988,2,21,-0.5773502691896258,GL16_20,119.35753593010811,119.35753593010244,5.6701310313816746e-12
989,2,21,-0.5,GL16_20,118.71603808192754,118.71603808192108,6.4517280407225225e-12
990,2,21,-0.3333333333333333,GL16_20,116.41264229410194,116.41264229409623,5.712763595527524e-12
991,2,21,0.0,GL16_20,106.85147902007736,106.8514790200728,4.5616843635902476e-12
992,2,21,0.3333333333333333,GL16_20,85.62741738473156,85.62741738472646,5.101696842770533e-12
993,2,21,0.5,GL16_20,64.05495105859576,64.05495105859008,5.684341886096957e-12
994,2,21,0.5773502691896258,GL16_20,48.23985948744338,48.23985948743806,5.321965090857312e-12
995,2,21,0.7071067811865475,GL16_20,2.9847992093060833,2.9847992093200215,-1.3938183940256928e-11
996,2,21,0.816496580927726,GL16_20,-84.6950548821307,-84.69505482271532,-5.9415382847199636e-08
998,2,22,-1.0,back_uv64_96,122.2084106218144,122.20841062181468,-2.842170943039997e-13
999,2,22,-0.816496580927726,GL16_20,119.86943823996684,119.8694382399585,8.34177171785837e-12
1000,2,22,-0.7071067811865475,GL16_20,119.22579938851639,119.22579938850765,8.739675649887423e-12
1001,2,22,-0.5773502691896258,GL16_20,118.56007708455378,118.56007708454513,8.65441052159547e-12
1002,2,22,-0.5,GL16_20,117.64722322889149,117.64722322888217,9.322320693215967e-12
1003,2,22,-0.3333333333333333,GL16_20,114.52236152733589,114.52236152732429,1.159605744767207e-11
1004,2,22,0.0,GL16_20,103.22136358468161,103.22136358466346,1.814726147147762e-11
1005,2,22,0.3333333333333333,GL16_20,79.32726669938702,79.32726669936102,2.600586412915782e-11
1006,2,22,0.5,GL16_20,55.279860178161286,55.279860178135195,2.6091129257451254e-11
1007,2,22,0.5773502691896258,GL16_20,37.686678562101136,37.68667856207966,2.1472601474900765e-11
1008,2,22,0.7071067811865475,GL16_20,-12.605712083595904,-12.605712083556158,-3.974598428079073e-11
1009,2,22,0.816496580927726,GL16_20,-109.99571895280853,-109.99571882702259,-1.2578593730423263e-07
1011,2,23,-1.0,back_uv64_96,120.13650656387428,120.1365065638739,3.836930773105277e-13
1012,2,23,-0.816496580927726,GL16_20,118.90113553783941,118.90113553783166,7.744915819815084e-12
1013,2,23,-0.7071067811865475,GL16_20,118.92594313362224,118.9259431336131,9.137579581916637e-12
1014,2,23,-0.5773502691896258,GL16_20,117.46435313328591,117.46435313327638,9.535483513946007e-12
1015,2,23,-0.5,GL16_20,116.09685956922665,116.09685956921689,9.762857189391433e-12
1016,2,23,-0.3333333333333333,GL16_20,112.12085639981511,112.12085639980471,1.0402345651581971e-11
1017,2,23,0.0,GL16_20,99.10692044663055,99.1069204466174,1.3159251466363638e-11
1018,2,23,0.3333333333333333,GL16_20,72.47366842741515,72.47366842739459,2.056310677310872e-11
1019,2,23,0.5,GL16_20,45.84573583857133,45.84573583854211,2.921751729488215e-11
1020,2,23,0.5773502691896258,GL16_20,26.390715970375574,26.39071597034036,3.5214497984890595e-11
1021,2,23,0.7071067811865475,GL16_20,-29.189353351433663,-29.189353351409494,-2.4169111156587736e-11
1022,2,23,0.816496580927726,GL16_20,-136.7893681023026,-136.78936785122625,-2.510763264069834e-07
1024,2,24,-1.0,back_uv64_96,118.12936550005712,118.12936550005745,-3.2684965844959267e-13
1025,2,24,-0.816496580927726,GL16_20,119.15221284176764,119.15221284175978,7.858602657537587e-12
1026,2,24,-0.7071067811865475,GL16_20,118.06745530498205,118.06745530497433,7.71649411038446e-12
1027,2,24,-0.5773502691896258,GL16_20,115.71392323659727,115.71392323658868,8.583356248018847e-12
1028,2,24,-0.5,GL16_20,113.93567385273585,113.93567385272664,9.208633855493298e-12
1029,2,24,-0.3333333333333333,GL16_20,109.18325796386524,109.18325796385446,1.078603872889649e-11
1030,2,24,0.0,GL16_20,94.50396537369043,94.50396537367595,1.448086095489569e-11
1031,2,24,0.3333333333333333,GL16_20,65.06494459524727,65.06494459523105,1.6214585230176943e-11
1032,2,24,0.5,GL16_20,35.75140055659119,35.75140055657971,1.1482370609949141e-11
1033,2,24,0.5773502691896258,GL16_20,14.350962399105336,14.350962399100382,4.9542592250995705e-12
1034,2,24,0.7071067811865475,GL16_20,-46.7669217300465,-46.766921729868805,-1.7769252734309854e-10
1035,2,24,0.816496580927726,GL16_20,-165.07666332452035,-165.07666284770625,-4.768139945209481e-07
1037,2,25,-1.0,back_uv64_96,117.17999559628241,117.17999535073506,2.455473850402148e-07
1038,2,25,-0.816496580927726,GL16_20,118.48854843796772,118.48854843796084,6.878053682181424e-12
1039,2,25,-0.7071067811865475,GL16_20,116.3863229049015,116.38632290489521,6.295408638854304e-12
1040,2,25,-0.5773502691896258,GL16_20,113.300960136156,113.30096013614946,6.536993169014288e-12
1041,2,25,-0.5,GL16_20,111.17166973891382,111.17166973890691,6.906475391612024e-12
1042,2,25,-0.3333333333333333,GL16_20,105.71896652830614,105.718966528298,8.142819751843902e-12
1043,2,25,0.0,GL16_20,89.41402739349999,89.41402739348774,1.2249756764579155e-11
1044,2,25,0.3333333333333333,GL16_20,57.10027051971319,57.100270519694824,1.8367529719567273e-11
1045,2,25,0.5,GL16_20,24.996110222157686,24.996110222138068,1.9618084934528802e-11
1046,2,25,0.5773502691896258,GL16_20,1.5667584644878936,1.5667584644708672,1.7026380305796348e-11
1047,2,25,0.7071067811865475,GL16_20,-65.33895530497475,-65.33895530463775,-3.369962086595171e-10
1048,2,25,0.816496580927726,GL16_20,-194.8580554994899,-194.85805462742687,-8.720626459891416e-07
1050,2,26,-1.0,back_uv64_96,119.88698413152149,119.8869830918786,1.039643422434713e-06
1051,2,26,-0.816496580927726,GL16_20,114.85120791163597,114.8512079116274,8.569145393303524e-12
1052,2,26,-0.7071067811865475,GL16_20,112.02413998206687,112.02413998205745,9.421796676223313e-12
1053,2,26,-0.5773502691896258,GL16_20,108.27673751361333,108.27673751360274,1.0587086762881536e-11
1054,2,26,-0.5,GL16_20,105.77285454910478,105.77285454909341,1.1368683772226226e-11
1055,2,26,-0.3333333333333333,GL16_20,99.4665497237968,99.46654972378356,1.3244516594655976e-11
1056,2,26,0.0,GL16_20,80.84944508887885,80.84944508886127,1.7578827282859387e-11
1057,2,26,0.3333333333333333,GL16_20,44.10855937487749,44.10855937485802,1.9468870960016263e-11
1058,2,26,0.5,GL16_20,7.62269171677632,7.622691716765887,1.043254371785209e-11
1059,2,26,0.5773502691896258,GL16_20,-19.00641358094214,-19.006413580937796,-4.3449688291635736e-12
1060,2,26,0.7071067811865475,GL16_20,-95.06246869325369,-95.06246869130797,-1.945721804003111e-09
1061,2,26,0.816496580927726,GL16_20,-242.33227761996366,-242.33227371743982,-3.902516228798939e-06
1063,2,27,-1.0,back_uv64_96,105.30148608004511,105.30148421553179,1.8645150606087172e-06
1064,2,27,-0.816496580927726,GL16_20,105.54442192788531,105.54442192787467,1.0643930181742948e-11
1065,2,27,-0.7071067811865475,GL16_20,103.01594695901132,103.01594695899826,1.305977548335592e-11
1066,2,27,-0.5773502691896258,GL16_20,99.09482852076182,99.09482852074706,1.4765078049203886e-11
1067,2,27,-0.5,GL16_20,96.34005074080322,96.34005074078769,1.553246420383642e-11
1068,2,27,-0.3333333333333333,GL16_20,89.21478401857468,89.21478401855781,1.6868284547087047e-11
1069,2,27,0.0,GL16_20,67.70462140282406,67.70462140280586,1.820410489033946e-11
1070,2,27,0.3333333333333333,GL16_20,24.834523074403037,24.834523074389633,1.340438871020413e-11
1071,2,27,0.5,GL16_20,-17.859292611127444,-17.859292611116288,-1.115552095137135e-11
1072,2,27,0.5773502691896258,GL16_20,-49.04648775667764,-49.04648775629336,-3.8428282770729836e-10
1073,2,27,0.7071067811865475,GL16_20,-138.17743284657752,-138.177432634931,-2.1164650013279433e-07
1074,2,27,0.816496580927726,GL16_20,-310.8631164240657,-310.86302652969346,-8.989033187380845e-05
1076,2,28,-1.0,back_uv64_96,94.59276651157717,94.59276651157731,-1.4210854715200994e-13
1077,2,28,-0.816496580927726,GL16_20,89.55456034469931,89.55456034470699,-7.673861546179638e-12
1078,2,28,-0.7071067811865475,GL16_20,87.0173170543231,87.01731705433988,-1.6783019418512732e-11
1079,2,28,-0.5773502691896258,GL16_20,83.65948443875065,83.65948443876763,-1.69819713845222e-11
1080,2,28,-0.5,GL16_20,80.95987530118586,80.95987530120156,-1.5702994460174922e-11
1081,2,28,-0.3333333333333333,GL16_20,73.31303373704925,73.31303373706305,-1.3798739928365942e-11
1082,2,28,0.0,GL16_20,48.4950506149851,48.49505061500328,-1.8182788607935657e-11
1083,2,28,0.3333333333333333,GL16_20,-2.3976710281764557,-2.397671022055686,-6.1207696501506205e-09
1084,2,28,0.5,GL16_20,-53.43844917882137,-53.43844867052411,-5.082971328754455e-07
1085,2,28,0.5773502691896258,GL16_20,-90.79193229736983,-90.79192752903165,-4.768326803805421e-06
1086,2,28,0.7071067811865475,GL16_20,-197.67176253741616,-197.6714994671514,-0.0002630356648170568
1087,2,28,0.816496580927726,GL16_20,-404.94553868825705,-404.936295417162,-0.00920068338237788
1089,3,3,-1.0,back_uv64_96,145.4799478748599,145.47994787485993,-2.8421709430403604e-14
1090,3,3,-0.816496580927726,GL16_20,145.53016025562187,145.5301602556217,1.7053025658243858e-13
1091,3,3,-0.7071067811865475,GL16_20,145.56225568496,145.56225568495984,1.7053025658243858e-13
1092,3,3,-0.5773502691896258,GL16_20,145.6027580867501,145.60275808674993,1.7053025658243858e-13
1093,3,3,-0.5,GL16_20,145.62831706042306,145.6283170604229,1.7053025658243858e-13
1094,3,3,-0.3333333333333333,GL16_20,145.68757491175768,145.68757491175745,2.273736754432579e-13
1095,3,3,0.0,GL16_20,145.82866755818796,145.82866755818768,2.8421709430408046e-13
1096,3,3,0.3333333333333333,GL16_20,146.0182958314833,146.01829583148293,3.6948222259532036e-13
1097,3,3,0.5,GL16_20,146.14553657944109,146.14553657944063,4.547473508865675e-13
1098,3,3,0.5773502691896258,GL16_20,146.216689952227,146.21668995222646,5.400124791778219e-13
1099,3,3,0.7071067811865475,GL16_20,146.36263235605017,146.36263235604946,7.105427357603526e-13
1100,3,3,0.816496580927726,GL16_20,146.5270249806167,146.52702498061572,9.663381206342032e-13
1101,3,4,-1.0,back_uv64_96,145.10144752588826,145.1014475258882,5.684341886080963e-14
1102,3,4,-0.816496580927726,GL16_20,145.14377124962203,145.14377124962198,5.684341886080963e-14
1103,3,4,-0.7071067811865475,GL16_20,145.1703433265686,145.1703433265685,8.526512829121566e-14
1104,3,4,-0.5773502691896258,GL16_20,145.20329421029004,145.20329421028998,5.684341886080963e-14
1105,3,4,-0.5,GL16_20,145.22373103986703,145.22373103986698,5.684341886080963e-14
1106,3,4,-0.3333333333333333,GL16_20,145.26995627756878,145.2699562775687,8.526512829121566e-14
1107,3,4,0.0,GL16_20,145.37238850930476,145.37238850930464,1.136868377216225e-13
1108,3,4,0.3333333333333333,GL16_20,145.48762739081872,145.48762739081857,1.4210854715203013e-13
1109,3,4,0.5,GL16_20,145.54485515768124,145.54485515768104,1.9895196601284784e-13
1110,3,4,0.5773502691896258,GL16_20,145.56749151283205,145.56749151283182,2.273736754432579e-13
1111,3,4,0.7071067811865475,GL16_20,145.58628554448114,145.58628554448086,2.8421709430408046e-13
1112,3,4,0.816496580927726,GL16_20,145.54539448248923,145.54539448248875,4.831690603169849e-13
1114,3,5,-1.0,back_uv64_96,144.98756388119455,144.98756388119452,2.842170943040441e-14
1115,3,5,-0.816496580927726,GL16_20,145.0099381583611,145.00993815836125,-1.4210854715200994e-13
1116,3,5,-0.7071067811865475,GL16_20,145.0226140005672,145.02261400056736,-1.705302565824095e-13
1117,3,5,-0.5773502691896258,GL16_20,145.03664119280813,145.0366411928083,-1.705302565824095e-13
1118,3,5,-0.5,GL16_20,145.044282979899,145.04428297989924,-2.273736754432062e-13
1119,3,5,-0.3333333333333333,GL16_20,145.0580684814185,145.0580684814188,-2.842170943039997e-13
1120,3,5,0.0,GL16_20,145.06487377198414,145.0648737719846,-4.547473508863607e-13
1121,3,5,0.3333333333333333,GL16_20,144.99701449904654,144.9970144990474,-8.526512829117567e-13
1122,3,5,0.5,GL16_20,144.88172635186183,144.88172635186305,-1.2221335055066255e-12
1123,3,5,0.5773502691896258,GL16_20,144.78424838579838,144.78424838579988,-1.5063505998102778e-12
1124,3,5,0.7071067811865475,GL16_20,144.48403931779472,144.484039317797,-2.2737367544297357e-12
1125,3,5,0.816496580927726,GL16_20,143.90390650862875,143.903906508632,-3.240074875060808e-12
1127,3,6,-1.0,back_uv64_96,144.75779776066588,144.7577977606658,8.526512829121566e-14
1128,3,6,-0.816496580927726,GL16_20,144.7485385175208,144.74853851752087,-5.68434188608064e-14
1129,3,6,-0.7071067811865475,GL16_20,144.7391959958964,144.73919599589647,-5.68434188608064e-14
1130,3,6,-0.5773502691896258,GL16_20,144.7232555423803,144.72325554238034,-5.68434188608064e-14
1131,3,6,-0.5,GL16_20,144.71064351933063,144.71064351933072,-8.526512829120839e-14
1132,3,6,-0.3333333333333333,GL16_20,144.67309987151015,144.67309987151023,-8.526512829120839e-14
1133,3,6,0.0,GL16_20,144.52865003904753,144.52865003904762,-8.526512829120839e-14
1134,3,6,0.3333333333333333,GL16_20,144.17068494386461,144.17068494386464,-2.8421709430403604e-14
1135,3,6,0.5,GL16_20,143.78047651481782,143.7804765148177,1.136868377216225e-13
1136,3,6,0.5773502691896258,GL16_20,143.49010353700803,143.49010353700768,3.4106051316490625e-13
1137,3,6,0.7071067811865475,GL16_20,142.6687021459042,142.66870214590287,1.3358203432298806e-12
1138,3,6,0.816496580927726,GL16_20,141.16431619517957,141.16431619517525,4.320099833430741e-12
1140,3,7,-1.0,back_uv64_96,144.4126622907857,144.41266229078562,8.526512829121566e-14
1141,3,7,-0.816496580927726,GL16_20,144.36009057449596,144.36009057449525,7.105427357603526e-13
1142,3,7,-0.7071067811865475,GL16_20,144.3206071423832,144.32060714238247,7.389644451907772e-13
1143,3,7,-0.5773502691896258,GL16_20,144.26364897555953,144.26364897555874,7.958078640516289e-13
1144,3,7,-0.5,GL16_20,144.22331641750358,144.22331641750273,8.526512829124837e-13
1145,3,7,-0.3333333333333333,GL16_20,144.11551898541964,144.1155189854187,9.37916411203772e-13
1146,3,7,0.0,GL16_20,143.76392843073347,143.7639284307323,1.1652900866472433e-12
1147,3,7,0.3333333333333333,GL16_20,143.00739659933186,143.00739659933024,1.6200374375343407e-12
1148,3,7,0.5,GL16_20,142.23672251571347,142.2367225157114,2.074784788421645e-12
1149,3,7,0.5773502691896258,GL16_20,141.6771227753753,141.67712277537285,2.444267011017732e-12
1150,3,7,0.7071067811865475,GL16_20,140.11626812536494,140.11626812536122,3.723243935389857e-12
1151,3,7,0.816496580927726,GL16_20,137.25231497557127,137.2523149755642,7.07700564819564e-12
1153,3,8,-1.0,back_uv64_96,143.95275324482006,143.95275324481997,8.526512829121566e-14
1154,3,8,-0.816496580927726,GL16_20,143.8451967165122,143.84519671651327,-1.080024958354769e-12
1155,3,8,-0.7071067811865475,GL16_20,143.76744942331584,143.76744942331703,-1.1937117960762558e-12
1156,3,8,-0.5773502691896258,GL16_20,143.65841595947813,143.65841595947947,-1.3358203432280961e-12
1157,3,8,-0.5,GL16_20,143.58288626949582,143.58288626949724,-1.4210854715191906e-12
1158,3,8,-0.3333333333333333,GL16_20,143.3858666678552,143.38586666785687,-1.6768808563924305e-12
1159,3,8,0.0,GL16_20,142.77093431782328,142.77093431782575,-2.4726887204420916e-12
1160,3,8,0.3333333333333333,GL16_20,141.5056904329466,141.50569043295081,-4.206412995690946e-12
1161,3,8,0.5,GL16_20,140.24566913081304,140.24566913081907,-6.025402399227497e-12
1162,3,8,0.5773502691896258,GL16_20,139.3370347891236,139.337034789131,-7.389644451877739e-12
1163,3,8,0.7071067811865475,GL16_20,136.80479299777397,136.80479299778548,-1.1510792319247374e-11
1164,3,8,0.816496580927726,GL16_20,132.11286645506797,132.11286645508798,-2.0008883438804244e-11
1166,3,9,-1.0,back_uv64_96,143.37877245934584,143.37877245934567,1.7053025658243858e-13
1167,3,9,-0.816496580927726,GL16_20,143.20456977128472,143.20456977128373,9.94759830064635e-13
1168,3,9,-0.7071067811865475,GL16_20,143.0804373609463,143.08043736094527,1.0231815394950677e-12
1169,3,9,-0.5773502691896258,GL16_20,142.9082650937149,142.9082650937138,1.1084466677863706e-12
1170,3,9,-0.5,GL16_20,142.79005205445992,142.79005205445876,1.1652900866472433e-12
1171,3,9,-0.3333333333333333,GL16_20,142.48479584518196,142.48479584518068,1.2789769243689982e-12
1172,3,9,0.0,GL16_20,141.54997690064778,141.54997690064616,1.6200374375343407e-12
1173,3,9,0.3333333333333333,GL16_20,139.66413054045302,139.6641305404506,2.4158453015872588e-12
1174,3,9,0.5,GL16_20,137.8027586084273,137.80275860842391,3.3821834222237965e-12
1175,3,9,0.5773502691896258,GL16_20,136.4623206924436,136.4623206924394,4.20641299570864e-12
1176,3,9,0.7071067811865475,GL16_20,132.71671367369657,132.7167136736895,7.07700564819564e-12
1177,3,9,0.816496580927726,GL16_20,125.70977712019436,125.7097771201812,1.3159251466363638e-11
1179,3,10,-1.0,back_uv64_96,142.69155878820422,142.69155878820408,1.4210854715203013e-13
1180,3,10,-0.816496580927726,GL16_20,142.4390681270356,142.43906812703733,-1.7337242752531416e-12
1181,3,10,-0.7071067811865475,GL16_20,142.2604361375552,142.2604361375571,-1.9042545318352554e-12
1182,3,10,-0.5773502691896258,GL16_20,142.0140615026124,142.0140615026145,-2.103206497847685e-12
1183,3,10,-0.5,GL16_20,141.8456725717153,141.84567257171756,-2.245315044999396e-12
1184,3,10,-0.3333333333333333,GL16_20,141.41312544773945,141.41312544774206,-2.61479726759375e-12
1185,3,10,0.0,GL16_20,140.1015390589979,140.10153905900165,-3.7516656448062915e-12
1186,3,10,0.3333333333333333,GL16_20,137.48156943907838,137.48156943908435,-5.96855898036703e-12
1187,3,10,0.5,GL16_20,134.90432970407215,134.9043297040801,-7.958078640481457e-12
1188,3,10,0.5773502691896258,GL16_20,133.04722769748255,133.0472276974919,-9.3507424025592e-12
1189,3,10,0.7071067811865475,GL16_20,127.84032324649695,127.84032324650997,-1.3017142919040312e-11
1190,3,10,0.816496580927726,GL16_20,118.02321447641678,118.02321447643672,-1.9937829165229652e-11
1192,3,11,-1.0,back_uv64_96,141.8921296777077,141.89212967770752,1.7053025658243858e-13
1193,3,11,-0.816496580927726,GL16_20,141.5497434790472,141.54974347904687,3.4106051316490625e-13
1194,3,11,-0.7071067811865475,GL16_20,141.30851378919394,141.30851378919363,3.1263880373449295e-13
1195,3,11,-0.5773502691896258,GL16_20,140.97688532273537,140.9768853227351,2.8421709430408046e-13
1196,3,11,-0.5,GL16_20,140.75082936636045,140.7508293663602,2.557953848736688e-13
1197,3,11,-0.3333333333333333,GL16_20,140.1719154046834,140.1719154046832,1.9895196601284784e-13
1198,3,11,0.0,GL16_20,138.4263990009291,138.426399000929,1.136868377216225e-13
1199,3,11,0.3333333333333333,GL16_20,134.9576713051359,134.95767130513562,2.8421709430408046e-13
1200,3,11,0.5,GL16_20,131.5494261365318,131.5494261365305,1.2789769243689982e-12
1201,3,11,0.5773502691896258,GL16_20,129.09083857371732,129.09083857371485,2.4726887204482057e-12
1202,3,11,0.7071067811865475,GL16_20,122.17604979581814,122.17604979581095,7.190692485918067e-12
1203,3,11,0.816496580927726,GL16_20,109.0578863626412,109.05788636262454,1.6655121726355447e-11
1205,3,12,-1.0,back_uv64_96,140.98173808143505,140.9817380814348,2.557953848736688e-13
1206,3,12,-0.816496580927726,GL16_20,140.53790721039428,140.53790721039582,-1.5347723092406386e-12
1207,3,12,-0.7071067811865475,GL16_20,140.2260144629079,140.22601446290957,-1.6768808563924305e-12
1208,3,12,-0.5773502691896258,GL16_20,139.79811472349388,139.7981147234957,-1.8189894035442021e-12
1209,3,12,-0.5,GL16_20,139.5069166298443,139.50691662984624,-1.932676241265605e-12
1210,3,12,-0.3333333333333333,GL16_20,138.76257509836287,138.76257509836506,-2.188471626138714e-12
1211,3,12,0.0,GL16_20,136.52583153258865,136.5258315325914,-2.7569058147453885e-12
1212,3,12,0.3333333333333333,GL16_20,132.09560988586344,132.09560988586662,-3.1832314562001824e-12
1213,3,12,0.5,GL16_20,127.74954555136453,127.74954555136713,-2.6005864128785853e-12
1214,3,12,0.5773502691896258,GL16_20,124.6128544537158,124.61285445371747,-1.6768808563924305e-12
1215,3,12,0.7071067811865475,GL16_20,115.76645400965508,115.76645400965263,2.444267011017732e-12
1216,3,12,0.816496580927726,GL16_20,98.88600159196702,98.88600159195236,1.46513912114806e-11
1218,3,13,-1.0,back_uv64_96,139.96195213682327,139.96195213682313,1.4210854715203013e-13
1219,3,13,-0.816496580927726,GL16_20,139.40522521391705,139.40522521391566,1.3926637620907661e-12
1220,3,13,-0.7071067811865475,GL16_20,139.01466444410693,139.0146644441054,1.5347723092429942e-12
1221,3,13,-0.5773502691896258,GL16_20,138.47954809272895,138.47954809272716,1.7905676941170555e-12
1222,3,13,-0.5,GL16_20,138.11577492329903,138.1157749232971,1.93267624126934e-12
1223,3,13,-0.3333333333333333,GL16_20,137.1870289033172,137.1870289033148,2.4158453015872588e-12
1224,3,13,0.0,GL16_20,134.4023227409735,134.40232274096928,4.20641299570864e-12
1225,3,13,0.3333333333333333,GL16_20,128.91898839881625,128.91898839880753,8.725464795172097e-12
1226,3,13,0.5,GL16_20,123.57375070747861,123.57375070746488,1.372768565497936e-11
1227,3,13,0.5773502691896258,GL16_20,119.71398971996999,119.71398971995266,1.7323031897981285e-11
1228,3,13,0.7071067811865475,GL16_20,108.76963972491647,108.76963972489057,2.5906388146148823e-11
1229,3,13,0.816496580927726,GL16_20,87.69891118431747,87.69891118428454,3.2926550375665124e-11
1231,3,14,-1.0,back_uv64_96,138.83476965653253,138.8347696565322,3.4106051316490625e-13
1232,3,14,-0.816496580927726,GL16_20,138.1538578203702,138.15385782037043,-2.273736754432062e-13
1233,3,14,-0.7071067811865475,GL16_20,137.67673148913383,137.67673148913406,-2.273736754432062e-13
1234,3,14,-0.5773502691896258,GL16_20,137.0235922153717,137.02359221537196,-2.5579538487360335e-13
1235,3,14,-0.5,GL16_20,136.57990060520004,136.5799006052003,-2.5579538487360335e-13
1236,3,14,-0.3333333333333333,GL16_20,135.4479953429984,135.44799534299867,-2.5579538487360335e-13
1237,3,14,0.0,GL16_20,132.06524511390012,132.0652451139001,2.842170943040441e-14
1238,3,14,0.3333333333333333,GL16_20,125.5470570154739,125.54705701547161,2.28794760915014e-12
1239,3,14,0.5,GL16_20,119.23896417206223,119.23896417205643,5.798028723819226e-12
1240,3,14,0.5773502691896258,GL16_20,114.6308468547021,114.6308468546932,8.895995051756023e-12
1241,3,14,0.7071067811865475,GL16_20,101.38325217344001,101.38325217341882,2.118838438059066e-11
1242,3,14,0.816496580927726,GL16_20,75.59562565414345,75.59562565408717,5.627498467378337e-11
1244,3,15,-1.0,back_uv64_96,137.60278774573172,137.60278774573152,1.9895196601284784e-13
1245,3,15,-0.816496580927726,GL16_20,136.78667457300116,136.7866745730007,4.547473508865675e-13
1246,3,15,-0.7071067811865475,GL16_20,136.21527565750154,136.21527565750094,5.968558980386623e-13
1247,3,15,-0.5773502691896258,GL16_20,135.4335694670425,135.4335694670417,7.958078640516289e-13
1248,3,15,-0.5,GL16_20,134.9027981321209,134.90279813211998,9.094947017733418e-13
1249,3,15,-0.3333333333333333,GL16_20,133.54975381940375,133.5497538194024,1.3358203432298806e-12
1250,3,15,0.0,GL16_20,129.5748223724746,129.5748223724717,2.9274360713358977e-12
1251,3,15,0.3333333333333333,GL16_20,122.2688095192244,122.26880951921754,6.863842827466124e-12
1252,3,15,0.5,GL16_20,114.91630082343447,114.91630082342307,1.1397105481656954e-11
1253,3,15,0.5773502691896258,GL16_20,109.42175620811706,109.42175620810286,1.4196643860587574e-11
1254,3,15,0.7071067811865475,GL16_20,93.48297877242872,93.48297877240977,1.8957280190259162e-11
1255,3,15,0.816496580927726,GL16_20,62.357522159895844,62.35752215987225,2.3597124254871338e-11
1257,3,16,-1.0,back_uv64_96,136.26946330320382,136.2694633032035,3.1263880373449295e-13
1258,3,16,-0.816496580927726,GL16_20,135.3076002696379,135.307600269636,1.9042545318388816e-12
1259,3,16,-0.7071067811865475,GL16_20,134.63456833353396,134.63456833353194,2.0179413695607206e-12
1260,3,16,-0.5773502691896258,GL16_20,133.71426430962882,133.7142643096266,2.21689333557397e-12
1261,3,16,-0.5,GL16_20,133.08971716201938,133.08971716201702,2.359001882726315e-12
1262,3,16,-0.3333333333333333,GL16_20,131.50515320661367,131.5051532066109,2.756905814752989e-12
1263,3,16,0.0,GL16_20,127.21153951277083,127.2115395127665,4.320099833430741e-12
1264,3,16,0.3333333333333333,GL16_20,119.1161450585426,119.11614505853422,8.384404282004331e-12
1265,3,16,0.5,GL16_20,110.36195660826209,110.36195660824998,1.2107648217425405e-11
1266,3,16,0.5773502691896258,GL16_20,103.79708713073579,103.79708713072108,1.470823463034224e-11
1267,3,16,0.7071067811865475,GL16_20,84.79332735911399,84.79332735909284,2.1145751816444153e-11
1268,3,16,0.816496580927726,GL16_20,47.76298381832703,47.762983818301635,2.539479737638843e-11
1270,3,17,-1.0,back_uv64_96,134.83953075055254,134.83953075055234,1.9895196601284784e-13
1271,3,17,-0.816496580927726,GL16_20,133.72220811630234,133.72220811630532,-2.984279490187968e-12
1272,3,17,-0.7071067811865475,GL16_20,132.94085095897415,132.94085095897745,-3.29691829392143e-12
1273,3,17,-0.5773502691896258,GL16_20,131.87332105033883,131.87332105034255,-3.723243935375994e-12
1274,3,17,-0.5,GL16_20,131.15254477560362,131.15254477560762,-4.0074610296789356e-12
1275,3,17,-0.3333333333333333,GL16_20,129.4160145041445,129.4160145041484,-3.893774191957769e-12
1276,3,17,0.0,GL16_20,125.29026547945871,125.29026547945931,-5.96855898038306e-13
1277,3,17,0.3333333333333333,GL16_20,115.72468552926125,115.72468552926723,-5.982769835082147e-12
1278,3,17,0.5,GL16_20,105.30022445451895,105.3002244545326,-1.3642420526500866e-11
1279,3,17,0.5773502691896258,GL16_20,97.54006165925234,97.54006165927142,-1.907096702761924e-11
1280,3,17,0.7071067811865475,GL16_20,75.1780722265124,75.17807222654245,-3.005595772220056e-11
1281,3,17,0.816496580927726,GL16_20,31.72197314122343,31.72197314124932,-2.589217729076285e-11
1283,3,18,-1.0,back_uv64_96,133.31970824836324,133.31970824836282,4.26325641456151e-13
1284,3,18,-0.816496580927726,GL16_20,132.0388248593953,132.03882485939272,2.5863755581701093e-12
1285,3,18,-0.7071067811865475,GL16_20,131.1439650577169,131.14396505771415,2.756905814752989e-12
1286,3,18,-0.5773502691896258,GL16_20,129.93749155730774,129.93749155730475,2.9842794901968737e-12
1287,3,18,-0.5,GL16_20,129.18817697739934,129.1881769773962,3.126388037349328e-12
1288,3,18,-0.3333333333333333,GL16_20,127.79549611865673,127.79549611865292,3.808509063681389e-12
1289,3,18,0.0,GL16_20,123.42229343025443,123.42229343024822,6.2101435105625585e-12
1290,3,18,0.3333333333333333,GL16_20,111.87280580697389,111.87280580696363,1.0260237104428483e-11
1291,3,18,0.5,GL16_20,99.62637851167815,99.62637851166387,1.4281908988880001e-11
1292,3,18,0.5773502691896258,GL16_20,90.57610530616081,90.57610530614373,1.7081447367818696e-11
1293,3,18,0.7071067811865475,GL16_20,64.5936901163162,64.59369011629303,2.3163693186047544e-11
1294,3,18,0.816496580927726,GL16_20,14.205914217271072,14.20591421724993,2.1142199102765278e-11
1296,3,19,-1.0,back_uv64_96,131.71997389864828,131.7199738986479,3.6948222259532036e-13
1297,3,19,-0.816496580927726,GL16_20,130.27086721181843,130.27086721182079,-2.35900188272075e-12
1298,3,19,-0.7071067811865475,GL16_20,129.26983067017665,129.26983067017895,-2.3021584638600746e-12
1299,3,19,-0.5773502691896258,GL16_20,128.20761808026123,128.20761808026154,-3.126388037343952e-13
1300,3,19,-0.5,GL16_20,127.83589774400458,127.8358977440033,1.2789769243689982e-12
1301,3,19,-0.3333333333333333,GL16_20,126.81390516056027,126.8139051605588,1.4637180356668777e-12
1302,3,19,0.0,GL16_20,121.2131732956712,121.21317329567107,1.278976924368262e-13
1303,3,19,0.3333333333333333,GL16_20,107.49514744535995,107.49514744535877,1.179500941362462e-12
1304,3,19,0.5,GL16_20,93.3102259239498,93.3102259239453,4.504840944729182e-12
1305,3,19,0.5773502691896258,GL16_20,82.88313574275594,82.88313574274801,7.929656931114157e-12
1306,3,19,0.7071067811865475,GL16_20,53.02645725357181,53.02645725355082,2.0996537841931388e-11
1307,3,19,0.816496580927726,GL16_20,-4.794791162254297,-4.794791162298484,4.418687638105747e-11
1309,3,20,-1.0,back_uv64_96,130.0560824365169,130.05608243651656,3.4106051316490625e-13
1310,3,20,-0.816496580927726,GL16_20,128.4466250545014,128.44662505449807,3.325340003362798e-12
1311,3,20,-0.7071067811865475,GL16_20,127.66902925667924,127.669029256676,3.240074875071306e-12
1312,3,20,-0.5773502691896258,GL16_20,127.56936117796128,127.56936117795766,3.6237679523830767e-12
1313,3,20,-0.5,GL16_20,127.28342646137573,127.28342646137175,3.9790393202644774e-12
1314,3,20,-0.3333333333333333,GL16_20,125.68791887059481,125.68791887058988,4.931166586187253e-12
1315,3,20,0.0,GL16_20,118.55119775243678,118.5511977524284,8.384404282004331e-12
1316,3,20,0.3333333333333333,GL16_20,102.5738879553146,102.57388795529837,1.6228796084892375e-11
1317,3,20,0.5,GL16_20,86.34223222327918,86.34223222325598,2.320632575019414e-11
1318,3,20,0.5773502691896258,GL16_20,74.45370357637998,74.45370357635299,2.698641310453274e-11
1319,3,20,0.7071067811865475,GL16_20,40.471258688771,40.471258688739844,3.115729896356578e-11
1320,3,20,0.816496580927726,GL16_20,-25.284016590186887,-25.284016590188013,1.126210236180393e-12
1322,3,21,-1.0,back_uv64_96,128.35516670545152,128.35516670545098,5.400124791778219e-13
1323,3,21,-0.816496580927726,GL16_20,126.97285962951699,126.97285962951548,1.506350599812547e-12
1324,3,21,-0.7071067811865475,GL16_20,127.51264105014276,127.51264105013881,3.950617610833961e-12
1325,3,21,-0.5773502691896258,GL16_20,127.17803123169084,127.1780312316889,1.93267624126934e-12
1326,3,21,-0.5,GL16_20,126.48970518891065,126.48970518890961,1.0373923942102845e-12
1327,3,21,-0.3333333333333333,GL16_20,124.09220335897909,124.09220335897925,-1.5631940186720982e-13
1328,3,21,0.0,GL16_20,115.41141981911318,115.41141981911396,-7.815970093358048e-13
1329,3,21,0.3333333333333333,GL16_20,97.10306387822199,97.10306387822021,1.7763568394018283e-12
1330,3,21,0.5,GL16_20,78.7185742644976,78.7185742644909,6.707523425597841e-12
1331,3,21,0.5773502691896258,GL16_20,65.28461925048134,65.28461925046999,1.1354472917510863e-11
1332,3,21,0.7071067811865475,GL16_20,26.92569318088756,26.925693180859707,2.785327524218383e-11
1333,3,21,0.816496580927726,GL16_20,-47.26371087818093,-47.263710878179346,-1.5845103007437681e-12
1335,3,22,-1.0,back_uv64_96,126.67071461365829,126.67071461365812,1.7053025658243858e-13
1336,3,22,-0.816496580927726,GL16_20,127.4429739314015,127.44297393139749,4.007461029694995e-12
1337,3,22,-0.7071067811865475,GL16_20,127.44726358037931,127.44726358037671,2.600586412885348e-12
1338,3,22,-0.5773502691896258,GL16_20,126.22199328683583,126.22199328683227,3.552713678806812e-12
1339,3,22,-0.5,GL16_20,125.1205446111656,125.12054461116118,4.419575816437589e-12
1340,3,22,-0.3333333333333333,GL16_20,121.97025786938866,121.970257869382,6.66489086145195e-12
1341,3,22,0.0,GL16_20,111.78683417488854,111.78683417487575,1.2789769243763592e-11
1342,3,22,0.3333333333333333,GL16_20,91.07996579018754,91.0799657901649,2.263789156157303e-11
1343,3,22,0.5,GL16_20,70.43725773135748,70.43725773132878,2.8691715670404452e-11
1344,3,22,0.5773502691896258,GL16_20,55.374143119956514,55.37414311992556,3.0951241570188953e-11
1345,3,22,0.7071067811865475,GL16_20,12.388364985835882,12.388364985805588,3.029398953959074e-11
1346,3,22,0.816496580927726,GL16_20,-70.73505962164563,-70.73505962149218,-1.5344880920297797e-10
1348,3,23,-1.0,back_uv64_96,125.13838834320833,125.1383883432077,6.394884621842946e-13
1349,3,23,-0.816496580927726,GL16_20,127.65395047777939,127.65395047777582,3.5669245335220643e-12
1350,3,23,-0.7071067811865475,GL16_20,126.57344073454897,126.57344073454534,3.6237679523830767e-12
1351,3,23,-0.5773502691896258,GL16_20,124.58292404392634,124.58292404392245,3.89377419197293e-12
1352,3,23,-0.5,GL16_20,123.12995062995684,123.1299506299527,4.1353587221323336e-12
1353,3,23,-0.3333333333333333,GL16_20,119.31054195483529,119.31054195483044,4.8459014578956245e-12
1354,3,23,0.0,GL16_20,107.67447592772535,107.67447592771755,7.801759238676334e-12
1355,3,23,0.3333333333333333,GL16_20,84.50298172604587,84.50298172602878,1.709565822253414e-11
1356,3,23,0.5,GL16_20,61.49701182696035,61.49701182692984,3.051070507400415e-11
1357,3,23,0.5773502691896258,GL16_20,44.72114126562111,44.721141265578765,4.234124162484076e-11
1358,3,23,0.7071067811865475,GL16_20,-3.141669414728379,-3.1416694148097815,8.140244034724936e-11
1359,3,23,0.816496580927726,GL16_20,-95.69888319415045,-95.69888319387809,-2.723652414344702e-10
1361,3,24,-1.0,back_uv64_96,125.23831502503427,125.23831520453282,-1.7949854035306653e-07
1362,3,24,-0.816496580927726,GL16_20,126.64130507058717,126.64130507058549,1.6768808563952424e-12
1363,3,24,-0.7071067811865475,GL16_20,124.80304706816243,124.80304706815981,2.6147972676005873e-12
1364,3,24,-0.5773502691896258,GL16_20,122.2436037160099,122.24360371600633,3.5669245335220643e-12
1365,3,24,-0.5,GL16_20,120.50838458165607,120.50838458165192,4.1495695768475945e-12
1366,3,24,-0.3333333333333333,GL16_20,116.1088325494491,116.10883254944359,5.5138116295135785e-12
1367,3,24,0.0,GL16_20,103.07253640978549,103.07253640977635,9.137579581916637e-12
1368,3,24,0.3333333333333333,GL16_20,77.37098117064038,77.37098117062628,1.4097167877579753e-11
1369,3,24,0.5,GL16_20,51.89692501579282,51.896925015776084,1.673328142729036e-11
1370,3,24,0.5773502691896258,GL16_20,33.32479194291337,33.32479194289513,1.8239632027128113e-11
1371,3,24,0.7071067811865475,GL16_20,-19.665107461462874,-19.665107461488468,2.559374934240633e-11
1372,3,24,0.816496580927726,GL16_20,-122.15579313099175,-122.15579313001257,-9.791847328168774e-10
1374,3,25,-1.0,back_uv64_96,128.45776028287003,128.45775976795323,5.149169244413298e-07
1375,3,25,-0.816496580927726,GL16_20,124.37118432551756,124.37118432551759,-2.8421709430403604e-14
1376,3,25,-0.7071067811865475,GL16_20,122.14667600570954,122.14667600570897,5.684341886082417e-13
1377,3,25,-0.5773502691896258,GL16_20,119.21871322352249,119.21871322352126,1.2221335055081191e-12
1378,3,25,-0.5,GL16_20,117.26958679012692,117.26958679012527,1.6484591469647911e-12
1379,3,25,-0.3333333333333333,GL16_20,112.37490587246133,112.37490587245853,2.7995383788987133e-12
1380,3,25,0.0,GL16_20,97.98324169879949,97.9832416987926,6.892264536896723e-12
1381,3,25,0.3333333333333333,GL16_20,69.68336553063315,69.68336553061711,1.604405497359177e-11
1382,3,25,0.5,GL16_20,41.636320664466524,41.63632066444162,2.490452288870163e-11
1383,3,25,0.5773502691896258,GL16_20,21.18446808009196,21.18446808006089,3.107203383527192e-11
1384,3,25,0.7071067811865475,GL16_20,-37.18248959888528,-37.18248959893205,4.676792286882341e-11
1385,3,25,0.816496580927726,GL16_20,-150.10626296880503,-150.10626296414705,-4.657977104281677e-09
1387,3,26,-1.0,back_uv64_96,117.31730126678279,117.31730095819537,3.0858746456593426e-07
1388,3,26,-0.816496580927726,GL16_20,118.49498892009832,118.49498892009146,6.863842827466124e-12
1389,3,26,-0.7071067811865475,GL16_20,116.39167225467118,116.3916722546649,6.281197784139013e-12
1390,3,26,-0.5773502691896258,GL16_20,113.30579744438573,113.30579744437921,6.522782314298993e-12
1391,3,26,-0.5,GL16_20,111.17638419685119,111.17638419684428,6.906475391612024e-12
1392,3,26,-0.3333333333333333,GL16_20,105.72367242667312,105.72367242666499,8.128608897128583e-12
1393,3,26,0.0,GL16_20,89.41945235780854,89.4194523577963,1.223554590986378e-11
1394,3,26,0.3333333333333333,GL16_20,57.107720073352375,57.10772007333401,1.8367529719567273e-11
1395,3,26,0.5,GL16_20,25.00571804639494,25.00571804637528,1.9660717498675245e-11
1396,3,26,0.5773502691896258,GL16_20,1.5779692642497736,1.577969264232685,1.708855279517642e-11
1397,3,26,0.7071067811865475,GL16_20,-65.32311680427173,-65.32311680393865,-3.330882236141459e-10
1398,3,26,0.816496580927726,GL16_20,-194.83318322291282,-194.83318235817094,-8.64741504214664e-07
1400,3,27,-1.0,back_uv64_96,108.64548444816934,108.64548444817089,-1.5489831639558188e-12
1401,3,27,-0.816496580927726,GL16_20,106.52670439308359,106.52670439307347,1.0118128557275015e-11
1402,3,27,-0.7071067811865475,GL16_20,105.56922246559994,105.56922246558953,1.0402345651581971e-11
1403,3,27,-0.5773502691896258,GL16_20,102.94516956046998,102.94516956045943,1.0544454198735479e-11
1404,3,27,-0.5,GL16_20,100.81962645356026,100.8196264535495,1.075761701946578e-11
1405,3,27,-0.3333333333333333,GL16_20,94.94005221623277,94.94005221622142,1.1354472917510863e-11
1406,3,27,0.0,GL16_20,76.27628437921636,76.27628437920352,1.2846612662625129e-11
1407,3,27,0.3333333333333333,GL16_20,38.38976957545442,38.389769575440795,1.3628209671971586e-11
1408,3,27,0.5,GL16_20,0.5156534214710735,0.5156534214632487,7.824851877588717e-12
1409,3,27,0.5773502691896258,GL16_20,-27.171663755569483,-27.17166375542563,-1.4385292955796424e-10
1410,3,27,0.7071067811865475,GL16_20,-106.325988742738,-106.32598864623137,-9.650663446776173e-08
1411,3,27,0.816496580927726,GL16_20,-259.69936767305774,-259.69932011253627,-4.755939048236813e-05
1413,3,28,-1.0,back_uv64_96,99.308876028439,99.30887602843927,-2.700062395888016e-13
1414,3,28,-0.816496580927726,GL16_20,94.63462144517314,94.63462144518137,-8.228084880068109e-12
1415,3,28,-0.7071067811865475,GL16_20,91.38793647361736,91.38793647362645,-9.094947017687923e-12
1416,3,28,-0.5773502691896258,GL16_20,87.25396589810963,87.25396589812252,-1.288924522660515e-11
1417,3,28,-0.5,GL16_20,84.78665334955511,84.7866533495713,-1.6186163520484087e-11
1418,3,28,-0.3333333333333333,GL16_20,78.46646867939904,78.4664686794178,-1.8758328223890707e-11
1419,3,28,0.0,GL16_20,57.08092466990206,57.080924669925444,-2.338396143359149e-11
1420,3,28,0.3333333333333333,GL16_20,11.857608229306603,11.857608233120732,-3.814129449440207e-09
1421,3,28,0.5,GL16_20,-33.81968067121239,-33.81968037063085,-3.0058149492785813e-07
1422,3,28,0.5773502691896258,GL16_20,-67.30043646322923,-67.30043360359267,-2.859632477897695e-06
1423,3,28,0.7071067811865475,GL16_20,-163.1768965024228,-163.17672536974715,-0.00017111803329953598
1424,3,28,0.816496580927726,GL16_20,-349.19565778043096,-349.1888139443023,-0.006820470416277139
1426,4,4,-1.0,back_uv64_96,144.9157403913572,144.91574039135716,2.842170943040441e-14
1427,4,4,-0.816496580927726,GL16_20,144.96836258141042,144.96836258141067,-2.5579538487360335e-13
1428,4,4,-0.7071067811865475,GL16_20,145.00203191561837,145.00203191561866,-2.842170943039997e-13
1429,4,4,-0.5773502691896258,GL16_20,145.04456608243578,145.04456608243606,-2.842170943039997e-13
1430,4,4,-0.5,GL16_20,145.0714375155892,145.0714375155895,-3.126388037343952e-13
1431,4,4,-0.3333333333333333,GL16_20,145.13384580031,145.13384580031033,-3.126388037343952e-13
1432,4,4,0.0,GL16_20,145.28325050109018,145.28325050109058,-3.9790393202557694e-13
1433,4,4,0.3333333333333333,GL16_20,145.48687395389865,145.48687395389922,-5.684341886079186e-13
1434,4,4,0.5,GL16_20,145.6264017785123,145.62640177851304,-7.389644451902312e-13
1435,4,4,0.5773502691896258,GL16_20,145.7058980464534,145.70589804645425,-8.526512829117567e-13
1436,4,4,0.7071067811865475,GL16_20,145.8736195106498,145.87361951065094,-1.136868377215514e-12
1437,4,4,0.816496580927726,GL16_20,146.07384996497322,146.07384996497495,-1.7337242752531416e-12
1438,4,5,-1.0,back_uv64_96,144.95700476128152,144.95700476128152,0.0
1439,4,5,-0.816496580927726,GL16_20,145.00418758502818,145.00418758502835,-1.705302565824095e-13
1440,4,5,-0.7071067811865475,GL16_20,145.03401927552864,145.03401927552886,-2.273736754432062e-13
1441,4,5,-0.5773502691896258,GL16_20,145.07127283543826,145.0712728354385,-2.273736754432062e-13
1442,4,5,-0.5,GL16_20,145.0945424681129,145.09454246811316,-2.5579538487360335e-13
1443,4,5,-0.3333333333333333,GL16_20,145.14772202431578,145.14772202431607,-2.842170943039997e-13
1444,4,5,0.0,GL16_20,145.26930094338795,145.26930094338834,-3.9790393202557694e-13
1445,4,5,0.3333333333333333,GL16_20,145.41787734810947,145.4178773481101,-6.252776074686927e-13
1446,4,5,0.5,GL16_20,145.50399784242626,145.50399784242708,-8.242295734813765e-13
1447,4,5,0.5773502691896258,GL16_20,145.54559425871474,145.54559425871565,-9.094947017725146e-13
1448,4,5,0.7071067811865475,GL16_20,145.61043528075314,145.6104352807544,-1.2505552149369944e-12
1449,4,5,0.816496580927726,GL16_20,145.63302744408224,145.6330274440839,-1.6484591469620737e-12
1451,4,6,-1.0,back_uv64_96,144.88137787946405,144.88137787946405,0.0
1452,4,6,-0.816496580927726,GL16_20,144.91113532624559,144.91113532624587,-2.842170943039997e-13
1453,4,6,-0.7071067811865475,GL16_20,144.92877998028953,144.92877998028985,-3.126388037343952e-13
1454,4,6,-0.5773502691896258,GL16_20,144.94937778712355,144.9493777871239,-3.4106051316478993e-13
1455,4,6,-0.5,GL16_20,144.9613490955126,144.96134909551296,-3.6948222259518384e-13
1456,4,6,-0.3333333333333333,GL16_20,144.98575952560657,144.98575952560694,-3.6948222259518384e-13
1457,4,6,0.0,GL16_20,145.02159666363218,145.02159666363264,-4.547473508863607e-13
1458,4,6,0.3333333333333333,GL16_20,145.00255018053602,145.00255018053642,-3.9790393202557694e-13
1459,4,6,0.5,GL16_20,144.92693471643628,144.9269347164365,-2.273736754432062e-13
1460,4,6,0.5773502691896258,GL16_20,144.85388278563448,144.85388278563454,-5.68434188608064e-14
1461,4,6,0.7071067811865475,GL16_20,144.6069149892577,144.60691498925692,7.673861546212026e-13
1462,4,6,0.816496580927726,GL16_20,144.08403749816097,144.0840374981578,3.1548097467798212e-12
1464,4,7,-1.0,back_uv64_96,144.68949745872138,144.68949745872138,0.0
1465,4,7,-0.816496580927726,GL16_20,144.6898671036371,144.68986710363686,2.557953848736688e-13
1466,4,7,-0.7071067811865475,GL16_20,144.6869896609716,144.6869896609713,2.8421709430408046e-13
1467,4,7,-0.5773502691896258,GL16_20,144.6795735060989,144.67957350609856,3.4106051316490625e-13
1468,4,7,-0.5,GL16_20,144.6725598043392,144.6725598043388,3.9790393202573527e-13
1469,4,7,-0.3333333333333333,GL16_20,144.64868001835788,144.64868001835742,4.547473508865675e-13
1470,4,7,0.0,GL16_20,144.5408685400087,144.54086854000795,7.389644451907772e-13
1471,4,7,0.3333333333333333,GL16_20,144.24138161485675,144.24138161485533,1.4210854715212101e-12
1472,4,7,0.5,GL16_20,143.89495845952212,143.89495845951993,2.1884716261435033e-12
1473,4,7,0.5773502691896258,GL16_20,143.62951489966693,143.62951489966417,2.756905814752989e-12
1474,4,7,0.7071067811865475,GL16_20,142.85595044847122,142.85595044846667,4.547473508874981e-12
1475,4,7,0.816496580927726,GL16_20,141.3901974404512,141.3901974404434,7.815970093391646e-12
1477,4,8,-1.0,back_uv64_96,144.38211441082512,144.3821144108252,-8.526512829120839e-14
1478,4,8,-0.816496580927726,GL16_20,144.3411642246966,144.34116422469748,-8.810729923421361e-13
1479,4,8,-0.7071067811865475,GL16_20,144.30944803313656,144.3094480331375,-9.379164112028924e-13
1480,4,8,-0.5773502691896258,GL16_20,144.26268129137063,144.26268129137165,-1.0231815394940208e-12
1481,4,8,-0.5,GL16_20,144.22900826412797,144.22900826412905,-1.080024958354769e-12
1482,4,8,-0.3333333333333333,GL16_20,144.13734057899026,144.13734057899148,-1.2221335055066255e-12
1483,4,8,0.0,GL16_20,143.82797234831662,143.82797234831818,-1.5631940186709986e-12
1484,4,8,0.3333333333333333,GL16_20,143.13483109790258,143.13483109790482,-2.245315044999396e-12
1485,4,8,0.5,GL16_20,142.40739755709092,142.40739755709382,-2.8990143618970066e-12
1486,4,8,0.5773502691896258,GL16_20,141.87036292139368,141.87036292139712,-3.4390268410729714e-12
1487,4,8,0.7071067811865475,GL16_20,140.34737060281674,140.3473706028221,-5.37170308233193e-12
1488,4,8,0.816496580927726,GL16_20,137.5065226773123,137.50652267732357,-1.1283418643806734e-11
1490,4,9,-1.0,back_uv64_96,143.9601233795574,143.9601233795574,0.0
1491,4,9,-0.816496580927726,GL16_20,143.86596224153539,143.86596224153467,7.105427357603526e-13
1492,4,9,-0.7071067811865475,GL16_20,143.79711567393386,143.7971156739331,7.673861546212026e-13
1493,4,9,-0.5773502691896258,GL16_20,143.69969136546027,143.6996913654594,8.810729923429124e-13
1494,4,9,-0.5,GL16_20,143.63170188557726,143.6317018855763,9.663381206342032e-13
1495,4,9,-0.3333333333333333,GL16_20,143.4527818625718,143.45278186257065,1.1652900866472433e-12
1496,4,9,0.0,GL16_20,142.8839545047431,142.88395450474127,1.818989403547511e-12
1497,4,9,0.3333333333333333,GL16_20,141.68347479425304,141.68347479424983,3.21165316564081e-12
1498,4,9,0.5,GL16_20,140.463615820462,140.46361582045728,4.718003765458195e-12
1499,4,9,0.5773502691896258,GL16_20,139.57430880971097,139.57430880970512,5.854872142680365e-12
1500,4,9,0.7071067811865475,GL16_20,137.07131380769093,137.07131380768226,8.668621376310794e-12
1501,4,9,0.816496580927726,GL16_20,132.39537073259962,132.39537073258748,1.2136069926856153e-11
1503,4,10,-1.0,back_uv64_96,143.42460392898818,143.4246039289883,-1.1368683772160957e-13
1504,4,10,-0.816496580927726,GL16_20,143.26539783285645,143.26539783285776,-1.3073986337977297e-12
1505,4,10,-0.7071067811865475,GL16_20,143.15116488129044,143.1511648812918,-1.3642420526584618e-12
1506,4,10,-0.5773502691896258,GL16_20,142.99181916419136,142.99181916419283,-1.4779288903799162e-12
1507,4,10,-0.5,GL16_20,142.8818817943741,142.88188179437566,-1.5631940186709986e-12
1508,4,10,-0.3333333333333333,GL16_20,142.59629749118065,142.59629749118236,-1.7053025658227864e-12
1509,4,10,0.0,GL16_20,141.71015244165255,141.71015244165474,-2.188471626138714e-12
1510,4,10,0.3333333333333333,GL16_20,139.8884774690978,139.88847746910085,-3.0411229090486046e-12
1511,4,10,0.5,GL16_20,138.06489470277944,138.0648947027834,-3.950617610818354e-12
1512,4,10,0.5773502691896258,GL16_20,136.7426839895326,136.7426839895373,-4.7180037654359355e-12
1513,4,10,0.7071067811865475,GL16_20,133.0270881005877,133.02708810059545,-7.759126674470192e-12
1514,4,10,0.816496580927726,GL16_20,126.04519090943546,126.04519090945264,-1.718092335053163e-11
1516,4,11,-1.0,back_uv64_96,142.7768771825996,142.77687718259963,-2.8421709430403604e-14
1517,4,11,-0.816496580927726,GL16_20,142.54087445629992,142.54087445629938,5.400124791778219e-13
1518,4,11,-0.7071067811865475,GL16_20,142.37305175902833,142.37305175902773,5.968558980386623e-13
1519,4,11,-0.5773502691896258,GL16_20,142.14058638050673,142.14058638050605,6.821210263299288e-13
1520,4,11,-0.5,GL16_20,141.98111006364272,141.981110063642,7.105427357603526e-13
1521,4,11,-0.3333333333333333,GL16_20,141.56953748892812,141.56953748892724,8.810729923429124e-13
1522,4,11,0.0,GL16_20,140.3083818804971,140.30838188049577,1.3358203432298806e-12
1523,4,11,0.3333333333333333,GL16_20,137.75441581926188,137.7544158192594,2.4726887204482057e-12
1524,4,11,0.5,GL16_20,135.22471411886622,135.2247141188624,3.808509063681389e-12
1525,4,11,0.5773502691896258,GL16_20,133.39696980286402,133.39696980285925,4.774847184319273e-12
1526,4,11,0.7071067811865475,GL16_20,128.25546372765018,128.2554637276429,7.275957614209896e-12
1527,4,11,0.816496580927726,GL16_20,118.5165972036089,118.51659720359932,9.57811607809202e-12
1529,4,12,-1.0,back_uv64_96,142.01858544774083,142.0185854477409,-5.68434188608064e-14
1530,4,12,-0.816496580927726,GL16_20,141.69415674599503,141.69415674599597,-9.379164112028924e-13
1531,4,12,-0.7071067811865475,GL16_20,141.46462145220832,141.46462145220926,-9.379164112028924e-13
1532,4,12,-0.5773502691896258,GL16_20,141.14794169752142,141.1479416975224,-9.947598300636455e-13
1533,4,12,-0.5,GL16_20,140.93140142786646,140.93140142786743,-9.663381206332693e-13
1534,4,12,-0.3333333333333333,GL16_20,140.37467002892606,140.37467002892706,-9.947598300636455e-13
1535,4,12,0.0,GL16_20,138.68168034554884,138.68168034554975,-9.094947017725146e-13
1536,4,12,0.3333333333333333,GL16_20,135.30696017919175,135.306960179192,-2.5579538487360335e-13
1537,4,12,0.5,GL16_20,132.01502406087502,132.01502406087434,6.821210263299288e-13
1538,4,12,0.5773502691896258,GL16_20,129.64012328902714,129.640123289026,1.1368683772168065e-12
1539,4,12,0.7071067811865475,GL16_20,122.91219173589865,122.91219173589712,1.5205614545277706e-12
1540,4,12,0.816496580927726,GL16_20,109.9923039295959,109.99230392959406,1.847411112977967e-12
1542,4,13,-1.0,back_uv64_96,141.15180705210557,141.15180705210574,-1.705302565824095e-13
1543,4,13,-0.816496580927726,GL16_20,140.7275105882116,140.72751058820998,1.6200374375343407e-12
1544,4,13,-0.7071067811865475,GL16_20,140.42826742008606,140.42826742008418,1.875832822408424e-12
1545,4,13,-0.5773502691896258,GL16_20,140.0164485374192,140.01644853741703,2.1600499167130375e-12
1546,4,13,-0.5,GL16_20,139.7354319842905,139.73543198428808,2.4158453015872588e-12
1547,4,13,-0.3333333333333333,GL16_20,139.01466011409545,139.0146601140924,3.041122909057853e-12
1548,4,13,0.0,GL16_20,136.84035658295346,136.84035658294823,5.229594535208012e-12
1549,4,13,0.3333333333333333,GL16_20,132.6695597095629,132.66955970955328,9.606537787522697e-12
1550,4,13,0.5,GL16_20,128.65424573993977,128.6542457399264,1.3358203432379104e-11
1551,4,13,0.5773502691896258,GL16_20,125.70698978375275,125.70698978373689,1.5859313862291197e-11
1552,4,13,0.7071067811865475,GL16_20,117.18809984268671,117.18809984266584,2.087574557684964e-11
1553,4,13,0.816496580927726,GL16_20,100.56333773480165,100.56333773478096,2.0691004465548176e-11
1555,4,14,-1.0,back_uv64_96,140.17922699205104,140.1792269920511,-5.68434188608064e-14
1556,4,14,-0.816496580927726,GL16_20,139.6439190915298,139.6439190915292,5.968558980386623e-13
1557,4,14,-0.7071067811865475,GL16_20,139.26718359814797,139.26718359814728,6.821210263299288e-13
1558,4,14,-0.5773502691896258,GL16_20,138.7495938525609,138.74959385256008,8.242295734820559e-13
1559,4,14,-0.5,GL16_20,138.3968935592547,138.39689355925375,9.37916411203772e-13
1560,4,14,-0.3333333333333333,GL16_20,137.4940696730457,137.4940696730445,1.1937117960776808e-12
1561,4,14,0.0,GL16_20,134.84815778373763,134.84815778373522,2.4158453015872588e-12
1562,4,14,0.3333333333333333,GL16_20,130.1305819308064,130.13058193080118,5.20117282577746e-12
1563,4,14,0.5,GL16_20,125.3050024394777,125.30500243947131,6.394884621861349e-12
1564,4,14,0.5773502691896258,GL16_20,121.6473209337239,121.6473209337167,7.204903340633371e-12
1565,4,14,0.7071067811865475,GL16_20,110.95395805201586,110.95395805200441,1.1453948900518411e-11
1566,4,14,0.816496580927726,GL16_20,90.0074320848993,90.0074320848689,3.041122909099471e-11
1568,4,15,-1.0,back_uv64_96,139.10439966692564,139.10439966692584,-1.9895196601280826e-13
1569,4,15,-0.816496580927726,GL16_20,138.44743182432978,138.4474318243285,1.2789769243689982e-12
1570,4,15,-0.7071067811865475,GL16_20,137.98578756692424,137.98578756692277,1.4779288903821005e-12
1571,4,15,-0.5773502691896258,GL16_20,137.3523412738976,137.35234127389577,1.818989403547511e-12
1572,4,15,-0.5,GL16_20,136.92124969967898,136.9212496996769,2.074784788421645e-12
1573,4,15,-0.3333333333333333,GL16_20,135.82661488450177,135.826614884499,2.756905814752989e-12
1574,4,15,0.0,GL16_20,132.9926238061545,132.9926238061495,5.0022208597636164e-12
1575,4,15,0.3333333333333333,GL16_20,127.70979969181535,127.7097996918072,8.142819751843902e-12
1576,4,15,0.5,GL16_20,121.72044386215424,121.72044386214333,1.0913936421334696e-11
1577,4,15,0.5773502691896258,GL16_20,117.17208967170866,117.17208967169661,1.205080479856391e-11
1578,4,15,0.7071067811865475,GL16_20,103.93561687196444,103.93561687195324,1.1198153515641878e-11
1579,4,15,0.816496580927726,GL16_20,78.10197433344933,78.10197433344449,4.8459014578956245e-12
1581,4,16,-1.0,back_uv64_96,137.93217103983912,137.93217103983926,-1.4210854715200994e-13
1582,4,16,-0.816496580927726,GL16_20,137.14376531246023,137.14376531245733,2.899014361905411e-12
1583,4,16,-0.7071067811865475,GL16_20,136.59048997173304,136.59048997172985,3.1832314562103153e-12
1584,4,16,-0.5773502691896258,GL16_20,135.83258474707833,135.83258474707478,3.552713678806812e-12
1585,4,16,-0.5,GL16_20,135.32100813680867,135.32100813680486,3.808509063681389e-12
1586,4,16,-0.3333333333333333,GL16_20,134.12053329522286,134.12053329521834,4.5190517994444485e-12
1587,4,16,0.0,GL16_20,131.57431652616518,131.5743165261583,6.878053682181424e-12
1588,4,16,0.3333333333333333,GL16_20,125.04491965766299,125.04491965765335,9.634959496953374e-12
1589,4,16,0.5,GL16_20,117.62999137972,117.62999137970894,1.1056044968488277e-11
1590,4,16,0.5773502691896258,GL16_20,112.06811832349557,112.06811832348409,1.1482370609949141e-11
1591,4,16,0.7071067811865475,GL16_20,95.99715119520451,95.99715119519355,1.0956568985480769e-11
1592,4,16,0.816496580927726,GL16_20,64.75569035624852,64.75569035624189,6.636469152021357e-12
1594,4,17,-1.0,back_uv64_96,136.66939357072712,136.6693935707274,-2.842170943039997e-13
1595,4,17,-0.816496580927726,GL16_20,135.74142529834577,135.74142529834677,-9.947598300636455e-13
1596,4,17,-0.7071067811865475,GL16_20,135.09136410877875,135.09136410877983,-1.080024958354769e-12
1597,4,17,-0.5773502691896258,GL16_20,134.21876939423493,134.218769394236,-1.080024958354769e-12
1598,4,17,-0.5,GL16_20,133.69978539847276,133.6997853984733,-5.400124791775303e-13
1599,4,17,-0.3333333333333333,GL16_20,132.89945535374255,132.89945535373977,2.7853275241834718e-12
1600,4,17,0.0,GL16_20,130.19436497957483,130.19436497957165,3.1832314562103153e-12
1601,4,17,0.3333333333333333,GL16_20,121.92025854838234,121.92025854838607,-3.737454790091143e-12
1602,4,17,0.5,GL16_20,112.93084768005959,112.93084768007272,-1.3130829756760442e-11
1603,4,17,0.5773502691896258,GL16_20,106.26138706063044,106.26138706065097,-2.0534685063256058e-11
1604,4,17,0.7071067811865475,GL16_20,87.09415774775745,87.09415774779667,-3.922195901318835e-11
1605,4,17,0.816496580927726,GL16_20,49.93879119129596,49.9387911913447,-4.8736126244597667e-11
1607,4,18,-1.0,back_uv64_96,135.32622023760146,135.32622023760155,-8.526512829120839e-14
1608,4,18,-0.816496580927726,GL16_20,134.25408955783274,134.25408955782868,4.064304448556033e-12
1609,4,18,-0.7071067811865475,GL16_20,133.51563992566983,133.51563992566548,4.348521542861268e-12
1610,4,18,-0.5773502691896258,GL16_20,132.8293356335682,132.8293356335636,4.604316927736049e-12
1611,4,18,-0.5,GL16_20,132.7133537852918,132.7133537852867,5.087485988055259e-12
1612,4,18,-0.3333333333333333,GL16_20,132.29791416383762,132.29791416383122,6.394884621861349e-12
1613,4,18,0.0,GL16_20,128.46935752324103,128.46935752323253,8.498091119726907e-12
1614,4,18,0.3333333333333333,GL16_20,118.27208765213348,118.27208765212264,1.0842882147757914e-11
1615,4,18,0.5,GL16_20,107.59275866636743,107.59275866635562,1.1809220268402594e-11
1616,4,18,0.5773502691896258,GL16_20,99.72927439093111,99.72927439091924,1.1866063687264076e-11
1617,4,18,0.7071067811865475,GL16_20,77.21196831382439,77.2119683138144,9.990230864836911e-12
1618,4,18,0.816496580927726,GL16_20,33.64072086179721,33.64072086179339,3.8227199183966455e-12
1620,4,19,-1.0,back_uv64_96,133.91866072546188,133.9186607254621,-2.273736754432062e-13
1621,4,19,-0.816496580927726,GL16_20,132.71098529041,132.71098529041,0.0
1622,4,19,-0.7071067811865475,GL16_20,132.23616172619504,132.23616172619222,2.8137492336139553e-12
1623,4,19,-0.5773502691896258,GL16_20,132.53687380231298,132.5368738023074,5.5706550483747016e-12
1624,4,19,-0.5,GL16_20,132.5003662978868,132.50036629788164,5.172751116346908e-12
1625,4,19,-0.3333333333333333,GL16_20,131.5353026947555,131.53530269475155,3.950617610833961e-12
1626,4,19,0.0,GL16_20,126.29198700832876,126.29198700832636,2.4016344468720225e-12
1627,4,19,0.3333333333333333,GL16_20,114.08268992687286,114.08268992687121,1.6484591469647911e-12
1628,4,19,0.5,GL16_20,101.60571475212795,101.60571475212657,1.3784529073755445e-12
1629,4,19,0.5773502691896258,GL16_20,92.46367872358886,92.46367872358739,1.4637180356668777e-12
1630,4,19,0.7071067811865475,GL16_20,66.3447096627549,66.34470966275028,4.6185277824513165e-12
1631,4,19,0.816496580927726,GL16_20,15.856884592176561,15.8568845921502,2.636113549704717e-11
1633,4,20,-1.0,back_uv64_96,132.4742830432263,132.4742830432265,-1.9895196601280826e-13
1634,4,20,-0.816496580927726,GL16_20,131.54645999634255,131.546459996339,3.552713678806812e-12
1635,4,20,-0.7071067811865475,GL16_20,132.40492334349437,132.4049233434893,5.087485988055259e-12
1636,4,20,-0.5773502691896258,GL16_20,132.45403932563778,132.45403932563153,6.25277607470843e-12
1637,4,20,-0.5,GL16_20,132.0272069961248,132.0272069961181,6.679101716167247e-12
1638,4,20,-0.3333333333333333,GL16_20,130.3008274309216,130.30082743091398,7.617018127377283e-12
1639,4,20,0.0,GL16_20,123.63816887809317,123.63816887808255,1.0615508472312242e-11
1640,4,20,0.3333333333333333,GL16_20,109.34587529400821,109.34587529399226,1.5944578990583763e-11
1641,4,20,0.5,GL16_20,94.965405336308,94.96540533628898,1.901412360912105e-11
1642,4,20,0.5773502691896258,GL16_20,84.46084901168456,84.4608490116649,1.9653612071317505e-11
1643,4,20,0.7071067811865475,GL16_20,54.48940216461189,54.489402164596015,1.5873524717006622e-11
1644,4,20,0.816496580927726,GL16_20,-3.415210358941609,-3.4152103589462595,4.65050220556067e-12
1646,4,21,-1.0,back_uv64_96,131.04750820915044,131.04750820915055,-1.1368683772160957e-13
1647,4,21,-0.816496580927726,GL16_20,132.3259093127277,132.32590931271994,7.759126674530396e-12
1648,4,21,-0.7071067811865475,GL16_20,132.61898771827987,132.61898771827438,5.4853899200830186e-12
1649,4,21,-0.5773502691896258,GL16_20,131.79956772190008,131.79956772189638,3.694822225959347e-12
1650,4,21,-0.5,GL16_20,130.97681575147797,130.97681575147496,3.012701199627363e-12
1651,4,21,-0.3333333333333333,GL16_20,128.54085525366742,128.54085525366528,2.1316282072825725e-12
1652,4,21,0.0,GL16_20,120.50101987803558,120.50101987803411,1.4637180356668777e-12
1653,4,21,0.3333333333333333,GL16_20,104.05864985370104,104.05864985369949,1.5489831639582182e-12
1654,4,21,0.5,GL16_20,87.6694154753711,87.66941547536919,1.9042545318388816e-12
1655,4,21,0.5773502691896258,GL16_20,75.71859467579912,75.71859467579652,2.600586412885348e-12
1656,4,21,0.7071067811865475,GL16_20,41.64420954044504,41.644209540436336,8.704148513099108e-12
1657,4,21,0.816496580927726,GL16_20,-24.17716541648821,-24.17716541652664,3.842970386432344e-11
1659,4,22,-1.0,back_uv64_96,129.77698411038241,129.77698411038276,-3.4106051316478993e-13
1660,4,22,-0.816496580927726,GL16_20,132.79034208945762,132.7903420894527,4.916955731471982e-12
1661,4,22,-0.7071067811865475,GL16_20,132.01919046416853,132.01919046416293,5.599076757805265e-12
1662,4,22,-0.5773502691896258,GL16_20,130.4622703935104,130.46227039350353,6.878053682181424e-12
1663,4,22,-0.5,GL16_20,129.30581040032675,129.30581040031902,7.730704965099772e-12
1664,4,22,-0.3333333333333333,GL16_20,126.24436062002108,126.24436062001134,9.748646334676092e-12
1665,4,22,0.0,GL16_20,116.87751695379036,116.87751695377533,1.5035084288796746e-11
1666,4,22,0.3333333333333333,GL16_20,98.21912714654053,98.21912714651879,2.1742607714495436e-11
1667,4,22,0.5,GL16_20,79.71612833436228,79.71612833433898,2.3305801733202866e-11
1668,4,22,0.5773502691896258,GL16_20,66.23542577427166,66.2354257742496,2.2055246518236727e-11
1669,4,22,0.7071067811865475,GL16_20,27.807849015522997,27.807849015509554,1.3443468560671459e-11
1670,4,22,0.816496580927726,GL16_20,-46.43012379675896,-46.430123796761336,2.3732127374415506e-12
1672,4,23,-1.0,back_uv64_96,130.23453258063464,130.23453341309695,-8.324619730255042e-07
1673,4,23,-0.816496580927726,GL16_20,132.02777869391085,132.02777869390454,6.309619493569595e-12
1674,4,23,-0.7071067811865475,GL16_20,130.5233226819566,130.52332268195042,6.1959326558472684e-12
1675,4,23,-0.5773502691896258,GL16_20,128.42575750345006,128.42575750344358,6.48014975015311e-12
1676,4,23,-0.5,GL16_20,127.00502014584643,127.00502014583968,6.750155989743734e-12
1677,4,23,-0.3333333333333333,GL16_20,123.40719732720264,123.40719732719512,7.517542144370117e-12
1678,4,23,0.0,GL16_20,112.7657317604195,112.76573176040944,1.0061285138413633e-11
1679,4,23,0.3333333333333333,GL16_20,91.82593161556038,91.82593161554473,1.5646151041559806e-11
1680,4,23,0.5,GL16_20,71.10435240738002,71.10435240735706,2.2964741220030128e-11
1681,4,23,0.5773502691896258,GL16_20,56.010239800587044,56.0102398005572,2.98427949023695e-11
1682,4,23,0.7071067811865475,GL16_20,12.979358235748055,12.979358235690743,5.7312377068052035e-11
1683,4,23,0.816496580927726,GL16_20,-70.17495140663394,-70.17495140677418,1.4024692519416318e-10
1685,4,24,-1.0,back_uv64_96,133.55018296635467,133.5501829870733,-2.071863015226965e-08
1686,4,24,-0.816496580927726,GL16_20,129.98259127494705,129.98259127494205,5.0022208597636164e-12
1687,4,24,-0.7071067811865475,GL16_20,128.11723583930646,128.1172358393008,5.655920176666393e-12
1688,4,24,-0.5773502691896258,GL16_20,125.68376523078014,125.68376523077369,6.4517280407225225e-12
1689,4,24,-0.5,GL16_20,124.06994641059325,124.06994641058624,7.0059513746191294e-12
1690,4,24,-0.3333333333333333,GL16_20,120.02667700853489,120.02667700852658,8.313350008427728e-12
1691,4,24,0.0,GL16_20,108.16418298382965,108.16418298381828,1.1368683772226226e-11
1692,4,24,0.3333333333333333,GL16_20,84.87799444998961,84.87799444997673,1.2889245226771284e-11
1693,4,24,0.5,GL16_20,61.83316765696425,61.83316765695411,1.0139444839348034e-11
1694,4,24,0.5773502691896258,GL16_20,45.04218460421112,45.04218460420377,7.354117315144079e-12
1695,4,24,0.7071067811865475,GL16_20,-2.8420130027514157,-2.8420130027565627,5.146993942175471e-12
1696,4,24,0.816496580927726,GL16_20,-95.41232491137163,-95.41232491142478,5.314859663626788e-11
1698,4,25,-1.0,back_uv64_96,125.33619104072822,125.33619157459358,-5.338652183017084e-07
1699,4,25,-0.816496580927726,GL16_20,126.64399822994554,126.64399822994386,1.6768808563952424e-12
1700,4,25,-0.7071067811865475,GL16_20,124.80538927718166,124.80538927717905,2.6147972676005873e-12
1701,4,25,-0.5773502691896258,GL16_20,122.24581052338046,122.24581052337687,3.5811353882373172e-12
1702,4,25,-0.5,GL16_20,120.51057565625463,120.51057565625048,4.1495695768475945e-12
1703,4,25,-0.3333333333333333,GL16_20,116.11108621885776,116.11108621885226,5.499600774798298e-12
1704,4,25,0.0,GL16_20,103.0752333623062,103.07523336229706,9.137579581916637e-12
1705,4,25,0.3333333333333333,GL16_20,77.374779345175,77.3747793451609,1.4097167877579753e-11
1706,4,25,0.5,GL16_20,51.90187478001439,51.90187477999768,1.67119651452172e-11
1707,4,25,0.5773502691896258,GL16_20,33.33059234285948,33.33059234284126,1.8225421172412652e-11
1708,4,25,0.7071067811865475,GL16_20,-19.65685995622699,-19.65685995625256,2.556888034665409e-11
1709,4,25,0.816496580927726,GL16_20,-122.14278007809806,-122.14278007712858,-9.694787190558514e-10
1711,4,26,-1.0,back_uv64_96,118.1316934798882,118.13169347988851,-3.126388037343952e-13
1712,4,26,-0.816496580927726,GL16_20,119.16167958980611,119.16167958979828,7.83018094810696e-12
1713,4,26,-0.7071067811865475,GL16_20,118.07530427274617,118.07530427273845,7.71649411038446e-12
1714,4,26,-0.5773502691896258,GL16_20,115.72104393554244,115.72104393553388,8.5549345385882e-12
1715,4,26,-0.5,GL16_20,113.94263191712204,113.94263191711283,9.208633855493298e-12
1716,4,26,-0.3333333333333333,GL16_20,109.19024103324327,109.19024103323248,1.078603872889649e-11
1717,4,26,0.0,GL16_20,94.51208527363507,94.51208527362058,1.448086095489569e-11
1718,4,26,0.3333333333333333,GL16_20,65.07617395518737,65.07617395517116,1.6214585230176943e-11
1719,4,26,0.5,GL16_20,35.76592727756803,35.76592727755657,1.1461054327876094e-11
1720,4,26,0.5773502691896258,GL16_20,14.367933944355427,14.367933944350467,4.959588295617798e-12
1721,4,26,0.7071067811865475,GL16_20,-46.74289976425844,-46.74289976408265,-1.7578827281159803e-10
1722,4,26,0.816496580927726,GL16_20,-165.03888823471584,-165.03888776223812,-4.7247761110627026e-07
1724,4,27,-1.0,back_uv64_96,111.14633699680377,111.14633699680384,-7.10542735760075e-14
1725,4,27,-0.816496580927726,GL16_20,107.70821162675763,107.70821162674444,1.3187673175794417e-11
1726,4,27,-0.7071067811865475,GL16_20,106.27283041832355,106.27283041831295,1.0601297617596888e-11
1727,4,27,-0.5773502691896258,GL16_20,104.57730913920076,104.57730913918999,1.0771827874181135e-11
1728,4,27,-0.5,GL16_20,102.9655803514666,102.96558035145497,1.1624479157102803e-11
1729,4,27,-0.3333333333333333,GL16_20,98.0510047122732,98.05100471225987,1.332978172294832e-11
1730,4,27,0.0,GL16_20,81.37133261913918,81.37133261912409,1.509192770765841e-11
1731,4,27,0.3333333333333333,GL16_20,46.72897943847509,46.72897943846415,1.094235813076541e-11
1732,4,27,0.5,GL16_20,11.936821451239316,11.93682145123897,3.463895836831088e-13
1733,4,27,0.5773502691896258,GL16_20,-13.521818755511465,-13.521818755424587,-8.687806029761355e-11
1734,4,27,0.7071067811865475,GL16_20,-86.33824031037332,-86.3382402547679,-5.5605424495456805e-08
1735,4,27,0.816496580927726,GL16_20,-227.46260186492424,-227.46257062193706,-3.1242499119897116e-05
1737,4,28,-1.0,back_uv64_96,102.34447640940121,102.3444764094021,-8.952838470573255e-13
1738,4,28,-0.816496580927726,GL16_20,97.99546799664655,97.99546799665129,-4.7322146201510704e-12
1739,4,28,-0.7071067811865475,GL16_20,94.96164615051116,94.96164615051642,-5.2580162446109184e-12
1740,4,28,-0.5773502691896258,GL16_20,90.83440921046872,90.83440921047492,-6.195932655808879e-12
1741,4,28,-0.5,GL16_20,88.09651637754521,88.09651637755285,-7.631228982034358e-12
1742,4,28,-0.3333333333333333,GL16_20,81.62914388370342,81.62914388371695,-1.3528733688780794e-11
1743,4,28,0.0,GL16_20,62.219379912390934,62.21937991241168,-2.074784788397969e-11
1744,4,28,0.3333333333333333,GL16_20,20.669848399605662,20.6698484023426,-2.736936007415242e-09
1745,4,28,0.5,GL16_20,-21.56615848303189,-21.56615827586393,-2.071679395490005e-07
1746,4,28,0.5773502691896258,GL16_20,-52.570518513426364,-52.570516525902725,-1.9875216638783206e-06
1747,4,28,0.7071067811865475,GL16_20,-141.42555974738616,-141.42543407182583,-0.0001256676634840843
1748,4,28,0.816496580927726,GL16_20,-313.90099234228944,-313.89548338061854,-0.00549381516815105
1750,5,5,-1.0,back_uv64_96,145.1263052215145,145.1263052215145,0.0
1751,5,5,-0.816496580927726,GL16_20,145.18024485514087,145.18024485514056,3.1263880373449295e-13
1752,5,5,-0.7071067811865475,GL16_20,145.21471841646363,145.2147184164633,3.1263880373449295e-13
1753,5,5,-0.5773502691896258,GL16_20,145.25822576084397,145.25822576084366,3.1263880373449295e-13
1754,5,5,-0.5,GL16_20,145.28568763385152,145.2856876338512,3.1263880373449295e-13
1755,5,5,-0.3333333333333333,GL16_20,145.34939558157856,145.34939558157822,3.4106051316490625e-13
1756,5,5,0.0,GL16_20,145.50152115134696,145.50152115134665,3.1263880373449295e-13
1757,5,5,0.3333333333333333,GL16_20,145.70804857898207,145.7080485789817,3.6948222259532036e-13
1758,5,5,0.5,GL16_20,145.84910734532585,145.84910734532545,3.9790393202573527e-13
1759,5,5,0.5773502691896258,GL16_20,145.9293345045167,145.9293345045163,3.9790393202573527e-13
1760,5,5,0.7071067811865475,GL16_20,146.0983161370285,146.09831613702804,4.547473508865675e-13
1761,5,5,0.816496580927726,GL16_20,146.2996529034264,146.29965290342582,5.684341886082417e-13
1762,5,6,-1.0,back_uv64_96,145.17935561400677,145.17935561400674,2.842170943040441e-14
1763,5,6,-0.816496580927726,GL16_20,145.228092942872,145.22809294287174,2.557953848736688e-13
1764,5,6,-0.7071067811865475,GL16_20,145.25887627950175,145.2588762795015,2.557953848736688e-13
1765,5,6,-0.5773502691896258,GL16_20,145.2972842503987,145.29728425039843,2.557953848736688e-13
1766,5,6,-0.5,GL16_20,145.32125584254894,145.32125584254868,2.557953848736688e-13
1767,5,6,-0.3333333333333333,GL16_20,145.37598484772965,145.37598484772937,2.8421709430408046e-13
1768,5,6,0.0,GL16_20,145.50082798273226,145.50082798273198,2.8421709430408046e-13
1769,5,6,0.3333333333333333,GL16_20,145.65292191993944,145.6529219199391,3.4106051316490625e-13
1770,5,6,0.5,GL16_20,145.7409139555687,145.74091395556826,4.26325641456151e-13
1771,5,6,0.5773502691896258,GL16_20,145.7834109043522,145.7834109043517,4.831690603169849e-13
1772,5,6,0.7071067811865475,GL16_20,145.84982689300827,145.8498268930076,6.821210263299288e-13
1773,5,6,0.816496580927726,GL16_20,145.87384433189726,145.87384433189607,1.1937117960776808e-12
1775,5,7,-1.0,back_uv64_96,145.11691482398908,145.11691482398905,2.842170943040441e-14
1776,5,7,-0.816496580927726,GL16_20,145.1485247087453,145.1485247087446,7.105427357603526e-13
1777,5,7,-0.7071067811865475,GL16_20,145.16730725587567,145.1673072558749,7.673861546212026e-13
1778,5,7,-0.5773502691896258,GL16_20,145.18928949872233,145.1892894987215,8.242295734820559e-13
1779,5,7,-0.5,GL16_20,145.202104903994,145.20210490399313,8.810729923429124e-13
1780,5,7,-0.3333333333333333,GL16_20,145.22838484408243,145.22838484408146,9.663381206342032e-13
1781,5,7,0.0,GL16_20,145.26819093775066,145.26819093774935,1.307398633799439e-12
1782,5,7,0.3333333333333333,GL16_20,145.2534750436378,145.2534750436359,1.9042545318388816e-12
1783,5,7,0.5,GL16_20,145.18021137928156,145.18021137927911,2.444267011017732e-12
1784,5,7,0.5773502691896258,GL16_20,145.10832852093665,145.10832852093384,2.8137492336139553e-12
1785,5,7,0.7071067811865475,GL16_20,144.8635469483114,144.86354694830763,3.780087354250878e-12
1786,5,7,0.816496580927726,GL16_20,144.34291059704708,144.34291059704188,5.20117282577746e-12
1788,5,8,-1.0,back_uv64_96,144.93988546977826,144.93988546977826,0.0
1789,5,8,-0.816496580927726,GL16_20,144.9424872066476,144.9424872066474,1.9895196601284784e-13
1790,5,8,-0.7071067811865475,GL16_20,144.94098648642992,144.94098648642972,1.9895196601284784e-13
1791,5,8,-0.5773502691896258,GL16_20,144.93525138476483,144.93525138476465,1.7053025658243858e-13
1792,5,8,-0.5,GL16_20,144.9292660062337,144.92926600623352,1.7053025658243858e-13
1793,5,8,-0.3333333333333333,GL16_20,144.9076733027597,144.90767330275958,1.136868377216225e-13
1794,5,8,0.0,GL16_20,144.8047646681238,144.8047646681238,0.0
1795,5,8,0.3333333333333333,GL16_20,144.51074727797462,144.51074727797499,-3.6948222259518384e-13
1796,5,8,0.5,GL16_20,144.16757669224845,144.1675766922493,-8.526512829117567e-13
1797,5,8,0.5773502691896258,GL16_20,143.90400413818753,143.90400413818878,-1.2505552149369944e-12
1798,5,8,0.7071067811865475,GL16_20,143.13475222543715,143.13475222543997,-2.813749233606038e-12
1799,5,8,0.816496580927726,GL16_20,141.67461136791755,141.67461136792446,-6.9064753915643245e-12
1801,5,9,-1.0,back_uv64_96,144.64935508772626,144.6493550877262,5.684341886080963e-14
1802,5,9,-0.816496580927726,GL16_20,144.61112854073556,144.61112854073414,1.4210854715212101e-12
1803,5,9,-0.7071067811865475,GL16_20,144.58110067047778,144.58110067047627,1.506350599812547e-12
1804,5,9,-0.5773502691896258,GL16_20,144.5364046583251,144.53640465832348,1.6200374375343407e-12
1805,5,9,-0.5,GL16_20,144.5040035347128,144.5040035347111,1.7053025658256945e-12
1806,5,9,-0.3333333333333333,GL16_20,144.41517969163257,144.41517969163067,1.9042545318388816e-12
1807,5,9,0.0,GL16_20,144.11198720671794,144.11198720671547,2.4726887204482057e-12
1808,5,9,0.3333333333333333,GL16_20,143.4263063591153,143.4263063591118,3.4958702599458035e-12
1809,5,9,0.5,GL16_20,142.70527075189474,142.70527075189034,4.405364961722325e-12
1810,5,9,0.5773502691896258,GL16_20,142.1732506105645,142.17325061055953,4.973799150333071e-12
1811,5,9,0.7071067811865475,GL16_20,140.66453938094986,140.66453938094338,6.48014975015311e-12
1812,5,9,0.816496580927726,GL16_20,137.84436813013673,137.84436813012726,9.464429240369322e-12
1814,5,10,-1.0,back_uv64_96,144.2466527972562,144.24665279725616,2.842170943040441e-14
1815,5,10,-0.816496580927726,GL16_20,144.1558635364619,144.15586353646188,2.842170943040441e-14
1816,5,10,-0.7071067811865475,GL16_20,144.08912015763522,144.08912015763522,0.0
1817,5,10,-0.5773502691896258,GL16_20,143.99428996119738,143.99428996119744,-5.68434188608064e-14
1818,5,10,-0.5,GL16_20,143.9279022510299,143.92790225103002,-1.1368683772160957e-13
1819,5,10,-0.3333333333333333,GL16_20,143.75258846138843,143.75258846138865,-2.273736754432062e-13
1820,5,10,0.0,GL16_20,143.19176704386425,143.19176704386484,-5.96855898038306e-13
1821,5,10,0.3333333333333333,GL16_20,142.0051771377783,142.0051771377798,-1.5063505998102778e-12
1822,5,10,0.5,GL16_20,140.80796325780187,140.80796325780443,-2.557953848733089e-12
1823,5,10,0.5773502691896258,GL16_20,139.93919207931899,139.93919207932237,-3.3821834222123573e-12
1824,5,10,0.7071067811865475,GL16_20,137.4937465403756,137.49374654038144,-5.826450433215848e-12
1825,5,10,0.816496580927726,GL16_20,132.89425896783158,132.89425896784113,-9.549694368570148e-12
1827,5,11,-1.0,back_uv64_96,143.7334289997006,143.7334289997005,1.136868377216225e-13
1828,5,11,-0.816496580927726,GL16_20,143.5784682314492,143.57846823144763,1.5631940186734422e-12
1829,5,11,-0.7071067811865475,GL16_20,143.4669042887481,143.4669042887465,1.6200374375343407e-12
1830,5,11,-0.5773502691896258,GL16_20,143.31087467977142,143.3108746797697,1.7053025658256945e-12
1831,5,11,-0.5,GL16_20,143.20299913320093,143.2029991331992,1.7337242752561474e-12
1832,5,11,-0.3333333333333333,GL16_20,142.92210093146718,142.92210093146528,1.9042545318388816e-12
1833,5,11,0.0,GL16_20,142.0472449092457,142.0472449092435,2.21689333557397e-12
1834,5,11,0.3333333333333333,GL16_20,140.27416689293273,140.27416689293005,2.6716406864615455e-12
1835,5,11,0.5,GL16_20,138.5502730552595,138.55027305525624,3.2684965845018024e-12
1836,5,11,0.5773502691896258,GL16_20,137.30757667112962,137.30757667112582,3.808509063681389e-12
1837,5,11,0.7071067811865475,GL16_20,133.77594444051203,133.77594444050584,6.1959326558472684e-12
1838,5,11,0.816496580927726,GL16_20,126.98837069987907,126.98837069986311,1.595878984529919e-11
1840,5,12,-1.0,back_uv64_96,143.11177037257872,143.11177037257858,1.4210854715203013e-13
1841,5,12,-0.816496580927726,GL16_20,142.88122017768046,142.88122017768015,3.1263880373449295e-13
1842,5,12,-0.7071067811865475,GL16_20,142.71686095557,142.7168609555697,3.1263880373449295e-13
1843,5,12,-0.5773502691896258,GL16_20,142.4887410834093,142.48874108340902,2.8421709430408046e-13
1844,5,12,-0.5,GL16_20,142.33199255421331,142.33199255421306,2.557953848736688e-13
1845,5,12,-0.3333333333333333,GL16_20,141.92671515626196,141.9267151562617,2.557953848736688e-13
1846,5,12,0.0,GL16_20,140.6890398487954,140.6890398487953,1.136868377216225e-13
1847,5,12,0.3333333333333333,GL16_20,138.36002294486295,138.3600229448624,5.400124791778219e-13
1848,5,12,0.5,GL16_20,136.1523682556766,136.1523682556755,1.1084466677863706e-12
1849,5,12,0.5773502691896258,GL16_20,134.51127528543395,134.51127528543236,1.591615728103891e-12
1850,5,12,0.7071067811865475,GL16_20,129.69134096806317,129.691340968059,4.177991286278117e-12
1851,5,12,0.816496580927726,GL16_20,120.20093581516548,120.20093581514865,1.6825651982940724e-11
1853,5,13,-1.0,back_uv64_96,142.38437082644757,142.38437082644748,8.526512829121566e-14
1854,5,13,-0.816496580927726,GL16_20,142.06711489307213,142.06711489306974,2.3874235921567865e-12
1855,5,13,-0.7071067811865475,GL16_20,141.84219941063242,141.84219941062986,2.5579538487396322e-12
1856,5,13,-0.5773502691896258,GL16_20,141.53139607958175,141.53139607957894,2.8137492336139553e-12
1857,5,13,-0.5,GL16_20,141.31859797549095,141.31859797548796,2.9842794901968737e-12
1858,5,13,-0.3333333333333333,GL16_20,140.77104048794152,140.77104048793808,3.4390268410847984e-12
1859,5,13,0.0,GL16_20,139.18266617393996,139.18266617393513,4.831690603180354e-12
1860,5,13,0.3333333333333333,GL16_20,136.5508650463822,136.55086504637543,6.764366844459032e-12
1861,5,13,0.5,GL16_20,133.76718728015058,133.76718728014038,1.0203393685567093e-11
1862,5,13,0.5773502691896258,GL16_20,131.58874775916263,131.58874775914913,1.3500311979533032e-11
1863,5,13,0.7071067811865475,GL16_20,125.10311292031916,125.10311292029456,2.4598989512317223e-11
1864,5,13,0.816496580927726,GL16_20,112.30268812185145,112.30268812180498,4.646949491979026e-11
1866,5,14,-1.0,back_uv64_96,141.55479483629586,141.55479483629563,2.273736754432579e-13
1867,5,14,-0.816496580927726,GL16_20,141.14021610886687,141.14021610886525,1.6200374375343407e-12
1868,5,14,-0.7071067811865475,GL16_20,140.84735488305884,140.84735488305716,1.6768808563952424e-12
1869,5,14,-0.5773502691896258,GL16_20,140.44382695718733,140.44382695718556,1.762145984686601e-12
1870,5,14,-0.5,GL16_20,140.16831164690024,140.16831164689842,1.818989403547511e-12
1871,5,14,-0.3333333333333333,GL16_20,139.46909076908008,139.46909076907812,1.9610979506997995e-12
1872,5,14,0.0,GL16_20,137.81974946029123,137.81974946028808,3.1548097467798212e-12
1873,5,14,0.3333333333333333,GL16_20,134.85542965590557,134.85542965590093,4.632738637166585e-12
1874,5,14,0.5,GL16_20,131.1434034092456,131.1434034092394,6.1959326558472684e-12
1875,5,14,0.5773502691896258,GL16_20,128.25111252106268,128.2511125210545,8.185452315989855e-12
1876,5,14,0.7071067811865475,GL16_20,119.73947908045429,119.73947908043567,1.8616219677087906e-11
1877,5,14,0.816496580927726,GL16_20,103.06829464363148,103.06829464357475,5.672973202469553e-11
1879,5,15,-1.0,back_uv64_96,140.62790079058516,140.627900790585,1.7053025658243858e-13
1880,5,15,-0.816496580927726,GL16_20,140.10625849365618,140.10625849365414,2.0463630789911823e-12
1881,5,15,-0.7071067811865475,GL16_20,139.7387615080406,139.7387615080384,2.1884716261435033e-12
1882,5,15,-0.5773502691896258,GL16_20,139.23397777747425,139.23397777747184,2.4158453015872588e-12
1883,5,15,-0.5,GL16_20,138.89384497801197,138.89384497800935,2.6147972676005873e-12
1884,5,15,-0.3333333333333333,GL16_20,138.13187720980142,138.13187720979815,3.2684965845018024e-12
1885,5,15,0.0,GL16_20,136.8930666239549,136.89306662395086,4.035882739125513e-12
1886,5,15,0.3333333333333333,GL16_20,132.91199618790515,132.91199618789832,6.821210263320226e-12
1887,5,15,0.5,GL16_20,128.01582604380994,128.01582604379882,1.1112888387349715e-11
1888,5,15,0.5773502691896258,GL16_20,124.28979021528383,124.28979021526929,1.4537704373757322e-11
1889,5,15,0.7071067811865475,GL16_20,113.46487877881034,113.46487877878567,2.4670043785894984e-11
1890,5,15,0.816496580927726,GL16_20,92.40338024451079,92.40338024446378,4.7009507398993174e-11
1892,5,16,-1.0,back_uv64_96,139.61055842626723,139.610558426267,2.273736754432579e-13
1893,5,16,-0.816496580927726,GL16_20,138.97377535359777,138.97377535359422,3.552713678806812e-12
1894,5,16,-0.7071067811865475,GL16_20,138.52653679878463,138.52653679878088,3.7516656448203665e-12
1895,5,16,-0.5773502691896258,GL16_20,137.930980268093,137.93098026808903,3.9790393202644774e-12
1896,5,16,-0.5,GL16_20,137.60169365828145,137.60169365827736,4.092726157986552e-12
1897,5,16,-0.3333333333333333,GL16_20,137.2876535303381,137.28765353033393,4.177991286278117e-12
1898,5,16,0.0,GL16_20,135.99719254352024,135.99719254351456,5.684341886096957e-12
1899,5,16,0.3333333333333333,GL16_20,130.50982708614276,130.50982708613395,8.810729923464057e-12
1900,5,16,0.5,GL16_20,124.28397867135064,124.28397867133816,1.2477130440025198e-11
1901,5,16,0.5773502691896258,GL16_20,119.63160049279855,119.6316004927828,1.575983787928321e-11
1902,5,16,0.7071067811865475,GL16_20,106.23329233106531,106.23329233103739,2.792432951576182e-11
1903,5,16,0.816496580927726,GL16_20,80.27551908430105,80.27551908424417,5.688605142657163e-11
1905,5,17,-1.0,back_uv64_96,138.51294857775542,138.51294857775528,1.4210854715203013e-13
1906,5,17,-0.816496580927726,GL16_20,137.75649795516506,137.75649795516478,2.8421709430408046e-13
1907,5,17,-0.7071067811865475,GL16_20,137.2384592204747,137.23845922047445,2.557953848736688e-13
1908,5,17,-0.5773502691896258,GL16_20,136.86101263150374,136.86101263150198,1.762145984686601e-12
1909,5,17,-0.5,GL16_20,136.954524140765,136.95452414076175,3.240074875071306e-12
1910,5,17,-0.3333333333333333,GL16_20,137.05503679303624,137.05503679303214,4.092726157986552e-12
1911,5,17,0.0,GL16_20,134.75443299303294,134.75443299303078,2.1600499167130375e-12
1912,5,17,0.3333333333333333,GL16_20,127.58676010127972,127.58676010128282,-3.097966327909238e-12
1913,5,17,0.5,GL16_20,119.91763250448989,119.91763250449839,-8.49809111965469e-12
1914,5,17,0.5773502691896258,GL16_20,114.25323623155558,114.25323623156729,-1.1709744285257892e-11
1915,5,17,0.7071067811865475,GL16_20,98.02836562746147,98.02836562747642,-1.494981916028076e-11
1916,5,17,0.816496580927726,GL16_20,66.6722440116613,66.67224401165451,6.792788553889629e-12
1918,5,18,-1.0,back_uv64_96,137.3511341016606,137.3511341016602,3.9790393202573527e-13
1919,5,18,-0.816496580927726,GL16_20,136.48403534068152,136.4840353406771,4.405364961722325e-12
1920,5,18,-0.7071067811865475,GL16_20,136.25793380934297,136.25793380933922,3.7516656448203665e-12
1921,5,18,-0.5773502691896258,GL16_20,136.89011547612998,136.8901154761262,3.780087354250878e-12
1922,5,18,-0.5,GL16_20,137.06956474015755,137.06956474015325,4.291678124000215e-12
1923,5,18,-0.3333333333333333,GL16_20,136.65440992081065,136.65440992080536,5.2864379540691186e-12
1924,5,18,0.0,GL16_20,133.0600629843607,133.06006298435355,7.162270776487459e-12
1925,5,18,0.3333333333333333,GL16_20,124.12525862260635,124.12525862259568,1.0672351891173654e-11
1926,5,18,0.5,GL16_20,114.90622899972256,114.90622899970717,1.5390355656682202e-11
1927,5,18,0.5773502691896258,GL16_20,108.14568629952049,108.1456862995007,1.9795720618472326e-11
1928,5,18,0.7071067811865475,GL16_20,88.84289579462252,88.84289579458681,3.571187789994031e-11
1929,5,18,0.816496580927726,GL16_20,51.587606922182516,51.58760692211322,6.929923302108376e-11
1931,5,19,-1.0,back_uv64_96,136.1528062116746,136.1528062116743,3.1263880373449295e-13
1932,5,19,-0.816496580927726,GL16_20,135.60547258576952,135.60547258576497,4.547473508874981e-12
1933,5,19,-0.7071067811865475,GL16_20,136.726478132328,136.72647813232186,6.13908923698611e-12
1934,5,19,-0.5773502691896258,GL16_20,137.11283806441324,137.11283806440898,4.263256414569689e-12
1935,5,19,-0.5,GL16_20,136.9167473975498,136.91674739754635,3.4674485505153005e-12
1936,5,19,-0.3333333333333333,GL16_20,135.78140900718617,135.7814090071839,2.2737367544349055e-12
1937,5,19,0.0,GL16_20,130.8906234233661,130.89062342336499,1.1084466677863706e-12
1938,5,19,0.3333333333333333,GL16_20,120.1189434257946,120.11894342579258,2.0179413695607206e-12
1939,5,19,0.5,GL16_20,109.24483811476071,109.24483811475447,6.238565219993139e-12
1940,5,19,0.5773502691896258,GL16_20,101.30438343166124,101.30438343164995,1.1283418643934048e-11
1941,5,19,0.7071067811865475,GL16_20,78.6729111665303,78.67291116649702,3.3281821743556935e-11
1942,5,19,0.816496580927726,GL16_20,35.018143151839,35.01814315174611,9.288925185023211e-11
1944,5,20,-1.0,back_uv64_96,134.97275351844664,134.97275351844627,3.6948222259532036e-13
1945,5,20,-0.816496580927726,GL16_20,136.6692108348166,136.66921083481324,3.3537617127932967e-12
1946,5,20,-0.7071067811865475,GL16_20,137.21907992047855,137.21907992047417,4.376943252291796e-12
1947,5,20,-0.5773502691896258,GL16_20,136.7615446721238,136.76154467211867,5.1159076974858076e-12
1948,5,20,-0.5,GL16_20,136.18660083601944,136.18660083601392,5.5138116295135785e-12
1949,5,20,-0.3333333333333333,GL16_20,134.38390506345306,134.3839050634466,6.4517280407225225e-12
1950,5,20,0.0,GL16_20,128.2393782909589,128.23937829094962,9.293898983785298e-12
1951,5,20,0.3333333333333333,GL16_20,115.56453034528847,115.5645303452722,1.6271428649038675e-11
1952,5,20,0.5,GL16_20,102.93048203476741,102.93048203474257,2.484057404248163e-11
1953,5,20,0.5773502691896258,GL16_20,93.72646768936787,93.72646768933622,3.164757345125565e-11
1954,5,20,0.7071067811865475,GL16_20,67.51583891809052,67.51583891803931,5.1215920394899555e-11
1955,5,20,0.816496580927726,GL16_20,16.961538069548574,16.961538069464844,8.373035598547559e-11
1957,5,21,-1.0,back_uv64_96,133.95130025139105,133.9513002513906,4.547473508865675e-13
1958,5,21,-0.816496580927726,GL16_20,137.3884095888702,137.3884095888657,4.490630090013916e-12
1959,5,21,-0.7071067811865475,GL16_20,136.8964655774452,136.89646557744265,2.5579538487396322e-12
1960,5,21,-0.5773502691896258,GL16_20,135.72875254859045,135.72875254858897,1.4779288903821005e-12
1961,5,21,-0.5,GL16_20,134.83730371541742,134.8373037154163,1.1084466677863706e-12
1962,5,21,-0.3333333333333333,GL16_20,132.45130244268498,132.45130244268447,5.11590769747403e-13
1963,5,21,0.0,GL16_20,125.10329464085272,125.10329464085258,1.4210854715203013e-13
1964,5,21,0.3333333333333333,GL16_20,110.45982525308165,110.45982525307898,2.6716406864615455e-12
1965,5,21,0.5,GL16_20,95.96106652279218,95.96106652278284,9.336531547931302e-12
1966,5,21,0.5773502691896258,GL16_20,85.40991673285713,85.40991673284049,1.6640910871640005e-11
1967,5,21,0.7071067811865475,GL16_20,55.3698439817765,55.3698439817304,4.6100012697177904e-11
1968,5,21,0.816496580927726,GL16_20,-2.5838861581085943,-2.583886158225244,1.1664980093653923e-10
1970,5,22,-1.0,back_uv64_96,134.73894701112147,134.73894820349946,-1.1923772827927515e-06
1971,5,22,-0.816496580927726,GL16_20,136.88170840505387,136.88170840505003,3.8369307731119024e-12
1972,5,22,-0.7071067811865475,GL16_20,135.68082921428402,135.68082921427873,5.2864379540691186e-12
1973,5,22,-0.5773502691896258,GL16_20,133.99908407994005,133.99908407993345,6.593836587875469e-12
1974,5,22,-0.5,GL16_20,132.86022567355326,132.86022567354593,7.332801033071119e-12
1975,5,22,-0.3333333333333333,GL16_20,129.97961521616872,129.9796152161597,9.038103598909318e-12
1976,5,22,0.0,GL16_20,121.48035785880275,121.48035785878903,1.3713474800263964e-11
1977,5,22,0.3333333333333333,GL16_20,104.80316119918847,104.80316119916543,2.3035795493607773e-11
1978,5,22,0.5,GL16_20,88.33500740101744,88.33500740098502,3.2414959605901134e-11
1979,5,22,0.5773502691896258,GL16_20,76.35320891123754,76.35320891119825,3.929301328830551e-11
1980,5,22,0.7071067811865475,GL16_20,42.23354384383124,42.233543843772686,5.855582685570425e-11
1981,5,22,0.816496580927726,GL16_20,-23.619403986252472,-23.61940398634408,9.160672221206682e-11
1983,5,23,-1.0,back_uv64_96,138.15471212409858,138.1547121493337,-2.5235123894080228e-08
1984,5,23,-0.816496580927726,GL16_20,135.10104686118245,135.10104686117728,5.172751116346908e-12
1985,5,23,-0.7071067811865475,GL16_20,133.55961038471006,133.5596103847047,5.343281372930229e-12
1986,5,23,-0.5773502691896258,GL16_20,131.56670356453384,131.56670356452818,5.655920176666393e-12
1987,5,23,-0.5,GL16_20,130.25108088673986,130.251080886734,5.854872142680365e-12
1988,5,23,-0.3333333333333333,GL16_20,126.9661754786305,126.96617547862405,6.4517280407225225e-12
1989,5,23,0.0,GL16_20,117.36895980617741,117.36895980616869,8.725464795172097e-12
1990,5,23,0.3333333333333333,GL16_20,98.59320852947965,98.59320852946237,1.7280399333834943e-11
1991,5,23,0.5,GL16_20,80.05106635037409,80.05106635034169,3.240074875118547e-11
1992,5,23,0.5773502691896258,GL16_20,66.55516233572268,66.55516233567553,4.715161594615189e-11
1993,5,23,0.7071067811865475,GL16_20,28.105863700067623,28.105863699966903,1.0071943279906641e-10
1994,5,23,0.816496580927726,GL16_20,-46.14600967130515,-46.146009671526,2.208508931533419e-10
1996,5,24,-1.0,back_uv64_96,130.27117459827542,130.2711757516487,-1.1533726250733198e-06
1997,5,24,-0.816496580927726,GL16_20,132.0291504525169,132.02915045251058,6.309619493569595e-12
1998,5,24,-0.7071067811865475,GL16_20,130.5246717904633,130.52467179045706,6.224354365277849e-12
1999,5,24,-0.5773502691896258,GL16_20,128.42714790515254,128.42714790514606,6.48014975015311e-12
2000,5,24,-0.5,GL16_20,127.00645458089978,127.00645458089305,6.735945135028437e-12
2001,5,24,-0.3333333333333333,GL16_20,123.40876546445972,123.4087654644522,7.517542144370117e-12
2002,5,24,0.0,GL16_20,112.76775224565871,112.76775224564867,1.0047074283698289e-11
2003,5,24,0.3333333333333333,GL16_20,91.82889371882413,91.82889371880849,1.5646151041559806e-11
2004,5,24,0.5,GL16_20,71.10826255962775,71.10826255960478,2.2964741220030128e-11
2005,5,24,0.5773502691896258,GL16_20,56.014844721898186,56.01484472186834,2.98427949023695e-11
2006,5,24,0.7071067811865475,GL16_20,12.985953737084703,12.985953737027387,5.731592978173104e-11
2007,5,24,0.816496580927726,GL16_20,-70.16448961702015,-70.16448961716036,1.4020429263001158e-10
2009,5,25,-1.0,back_uv64_96,125.13950633495728,125.13950633495664,6.394884621842946e-13
2010,5,25,-0.816496580927726,GL16_20,127.65807175484757,127.658071754844,3.5669245335220643e-12
2011,5,25,-0.7071067811865475,GL16_20,126.57714944300886,126.57714944300524,3.6237679523830767e-12
2012,5,25,-0.5773502691896258,GL16_20,124.58652864777673,124.58652864777284,3.89377419197293e-12
2013,5,25,-0.5,GL16_20,123.13358155861916,123.13358155861503,4.1211478674170734e-12
2014,5,25,-0.3333333333333333,GL16_20,119.31436713563589,119.31436713563104,4.8459014578956245e-12
2015,5,25,0.0,GL16_20,107.67919264106612,107.67919264105832,7.801759238676334e-12
2016,5,25,0.3333333333333333,GL16_20,84.5097329240683,84.5097329240512,1.709565822253414e-11
2017,5,25,0.5,GL16_20,61.50585558959825,61.505855589567716,3.053202135607761e-11
2018,5,25,0.5773502691896258,GL16_20,44.73152568298388,44.73152568294154,4.234124162484076e-11
2019,5,25,0.7071067811865475,GL16_20,-3.126860305462346,-3.1268603055437483,8.140244034724936e-11
2020,5,25,0.816496580927726,GL16_20,-95.67546680207397,-95.67546680180601,-2.6795987647394774e-10
2022,5,26,-1.0,back_uv64_96,120.1380479766064,120.13804797660602,3.836930773105277e-13
2023,5,26,-0.816496580927726,GL16_20,118.91012245033454,118.91012245032678,7.759126674530396e-12
2024,5,26,-0.7071067811865475,GL16_20,118.93507564469307,118.93507564468395,9.123368727201304e-12
2025,5,26,-0.5773502691896258,GL16_20,117.47289802769741,117.47289802768788,9.535483513946007e-12
2026,5,26,-0.5,GL16_20,116.10528606658113,116.10528606657138,9.748646334676092e-12
2027,5,26,-0.3333333333333333,GL16_20,112.12942941083574,112.12942941082534,1.0402345651581971e-11
2028,5,26,0.0,GL16_20,99.11705496769225,99.1170549676791,1.3159251466363638e-11
2029,5,26,0.3333333333333333,GL16_20,72.48781758234747,72.48781758232691,2.056310677310872e-11
2030,5,26,0.5,GL16_20,45.86410046027757,45.86410046024832,2.924593900431339e-11
2031,5,26,0.5773502691896258,GL16_20,26.412199575899095,26.412199575863852,3.5242919694322e-11
2032,5,26,0.7071067811865475,GL16_20,-29.1588856651624,-29.158885665139223,-2.317790404022586e-11
2033,5,26,0.816496580927726,GL16_20,-136.74138883917703,-136.7413885905334,-2.486435992178387e-07
2035,5,27,-1.0,back_uv64_96,113.69191256558126,113.6919125655805,7.673861546212026e-13
2036,5,27,-0.816496580927726,GL16_20,110.45502869811932,110.45502869810603,1.3287149158802148e-11
2037,5,27,-0.7071067811865475,GL16_20,108.25914959734477,108.25914959733146,1.331557086823293e-11
2038,5,27,-0.5773502691896258,GL16_20,105.9933881232314,105.99338812321922,1.2178702491002277e-11
2039,5,27,-0.5,GL16_20,104.67904952646164,104.67904952644938,1.2263967619294532e-11
2040,5,27,-0.3333333333333333,GL16_20,100.6696783358982,100.66967833588527,1.293187779091744e-11
2041,5,27,0.0,GL16_20,85.98250019918727,85.98250019917347,1.3798739928556349e-11
2042,5,27,0.3333333333333333,GL16_20,54.51194809569071,54.51194809567364,1.7074341940460975e-11
2043,5,27,0.5,GL16_20,22.696049425543087,22.696049425519703,2.3383961434138303e-11
2044,5,27,0.5773502691896258,GL16_20,-0.6177279842801733,-0.6177279842688765,-1.1296741320102085e-11
2045,5,27,0.7071067811865475,GL16_20,-67.3469435296736,-67.34694349880156,-3.087202978898631e-08
2046,5,27,0.816496580927726,GL16_20,-196.7230192847555,-196.72299937395024,-1.991060704532194e-05
2048,5,28,-1.0,back_uv64_96,105.33445237212086,105.33445237212072,1.4210854715203013e-13
2049,5,28,-0.816496580927726,GL16_20,101.29679641538324,101.29679641538766,-4.419575816418057e-12
2050,5,28,-0.7071067811865475,GL16_20,98.47997009713987,98.47997009714491,-5.044853423883986e-12
2051,5,28,-0.5773502691896258,GL16_20,94.63638696748188,94.63638696748775,-5.8690829973612046e-12
2052,5,28,-0.5,GL16_20,92.03415630512487,92.03415630513132,-6.451728040680898e-12
2053,5,28,-0.3333333333333333,GL16_20,85.49746084343376,85.49746084344247,-8.711253940380885e-12
2054,5,28,0.0,GL16_20,67.02118031100176,67.02118031102151,-1.9753088053935693e-11
2055,5,28,0.3333333333333333,GL16_20,28.947347490432172,28.947347492326813,-1.894640886827402e-09
2056,5,28,0.5,GL16_20,-9.96437750065025,-9.964377361492236,-1.3915800520658644e-07
2057,5,28,0.5773502691896258,GL16_20,-38.57891656497998,-38.578915216574735,-1.3484043325877292e-06
2058,5,28,0.7071067811865475,GL16_20,-120.66619027962997,-120.66609992300837,-9.035253956158944e-05
2059,5,28,0.816496580927726,GL16_20,-280.100765757186,-280.09640312759325,-0.004353127147866101
2281,6,23,-1.0,back_uv64_96,134.71672245791893,134.71672345514486,-9.972254277183902e-07
2282,6,23,-0.816496580927726,GL16_20,136.8819446130031,136.88194461299926,3.8369307731119024e-12
2283,6,23,-0.7071067811865475,GL16_20,135.68133363180496,135.68133363179967,5.2864379540691186e-12
2284,6,23,-0.5773502691896258,GL16_20,133.999783211057,133.99978321105039,6.622258297306061e-12
2285,6,23,-0.5,GL16_20,132.86101886130476,132.86101886129742,7.332801033071119e-12
2286,6,23,-0.3333333333333333,GL16_20,129.9805974754701,129.98059747546105,9.038103598909318e-12
2287,6,23,0.0,GL16_20,121.48178430470222,121.4817843046885,1.3713474800263964e-11
2288,6,23,0.3333333333333333,GL16_20,104.80537682060661,104.80537682058359,2.3021584638892244e-11
2289,6,23,0.5,GL16_20,88.33798763198688,88.33798763195446,3.2414959605901134e-11
2290,6,23,0.5773502691896258,GL16_20,76.3567442845512,76.35674428451192,3.927880243358975e-11
2291,6,23,0.7071067811865475,GL16_20,42.238661244955196,42.238661244896676,5.852029971891417e-11
2292,6,23,0.816496580927726,GL16_20,-23.611224916212247,-23.61122491630372,9.147171909226004e-11
2294,6,24,-1.0,back_uv64_96,129.77692851099175,129.7769285109921,-3.4106051316478993e-13
2295,6,24,-0.816496580927726,GL16_20,132.79203295118157,132.79203295117668,4.888534022041438e-12
2296,6,24,-0.7071067811865475,GL16_20,132.02108092786958,132.02108092786398,5.599076757805265e-12
2297,6,24,-0.5773502691896258,GL16_20,130.46437998213102,130.46437998212414,6.878053682181424e-12
2298,6,24,-0.5,GL16_20,129.30805292844326,129.30805292843553,7.730704965099772e-12
2299,6,24,-0.3333333333333333,GL16_20,126.24691899005171,126.24691899004196,9.748646334676092e-12
2300,6,24,0.0,GL16_20,116.88096333333453,116.8809633333195,1.5035084288796746e-11
2301,6,24,0.3333333333333333,GL16_20,98.22429563167665,98.2242956316549,2.1756818569210948e-11
2302,6,24,0.5,GL16_20,79.72300262529083,79.72300262526753,2.3305801733202866e-11
2303,6,24,0.5773502691896258,GL16_20,66.24354527487638,66.24354527485431,2.2069457372952242e-11
2304,6,24,0.7071067811865475,GL16_20,27.819528167504835,27.81952816749141,1.3425704992277219e-11
2305,6,24,0.816496580927726,GL16_20,-46.411541188585936,-46.41154118858831,2.3732127374415506e-12
2307,6,25,-1.0,back_uv64_96,126.67110650894666,126.6711065089465,1.7053025658243858e-13
2308,6,25,-0.816496580927726,GL16_20,127.44735388391219,127.44735388390818,4.007461029694995e-12
2309,6,25,-0.7071067811865475,GL16_20,127.45154637432373,127.45154637432114,2.5863755581701093e-12
2310,6,25,-0.5773502691896258,GL16_20,126.22634054017631,126.22634054017276,3.552713678806812e-12
2311,6,25,-0.5,GL16_20,125.12500185725115,125.12500185724672,4.433786671152854e-12
2312,6,25,-0.3333333333333333,GL16_20,121.97508353799509,121.97508353798843,6.66489086145195e-12
2313,6,25,0.0,GL16_20,111.79297490258723,111.79297490257444,1.2789769243763592e-11
2314,6,25,0.3333333333333333,GL16_20,91.08890475545442,91.08890475543178,2.263789156157303e-11
2315,6,25,0.5,GL16_20,70.44903310124461,70.44903310121595,2.8663293960973234e-11
2316,6,25,0.5773502691896258,GL16_20,55.38800012286651,55.38800012283558,3.092992528811549e-11
2317,6,25,0.7071067811865475,GL16_20,12.408189770079389,12.408189770049123,3.026556783015947e-11
2318,6,25,0.816496580927726,GL16_20,-70.70363952695502,-70.7036395268033,-1.5171508492798785e-10
2320,6,26,-1.0,back_uv64_96,122.20945205015111,122.20945205015138,-2.700062395888016e-13
2321,6,26,-0.816496580927726,GL16_20,119.87170990793454,119.8717099079262,8.34177171785837e-12
2322,6,26,-0.7071067811865475,GL16_20,119.2332933554995,119.23329335549076,8.739675649887423e-12
2323,6,26,-0.5773502691896258,GL16_20,118.5691169305456,118.56911693053696,8.640199666880145e-12
2324,6,26,-0.5,GL16_20,117.65639869020737,117.65639869019805,9.322320693215967e-12
2325,6,26,-0.3333333333333333,GL16_20,114.53193093130686,114.53193093129526,1.159605744767207e-11
2326,6,26,0.0,GL16_20,103.23290844479448,103.23290844477634,1.8133050616762162e-11
2327,6,26,0.3333333333333333,GL16_20,79.34355290892684,79.34355290890082,2.6020074983873392e-11
2328,6,26,0.5,GL16_20,55.30107316372484,55.30107316369874,2.609823468480904e-11
2329,6,26,0.5773502691896258,GL16_20,37.71152870886715,37.71152870884565,2.150102318433178e-11
2330,6,26,0.7071067811865475,GL16_20,-12.5703982481371,-12.570398248097822,-3.92770260752076e-11
2331,6,26,0.816496580927726,GL16_20,-109.94002623932158,-109.9400261148312,-1.2449037647453593e-07
2333,6,27,-1.0,back_uv64_96,116.18425294043287,116.18425294043293,-5.68434188608064e-14
2334,6,27,-0.816496580927726,GL16_20,113.20101178507966,113.20101178506388,1.5774048733998634e-11
2335,6,27,-0.7071067811865475,GL16_20,111.12153842770987,111.12153842769327,1.6598278307493692e-11
2336,6,27,-0.5773502691896258,GL16_20,108.35591979130211,108.35591979128505,1.7067236513103252e-11
2337,6,27,-0.5,GL16_20,106.6765281517744,106.67652815175835,1.6058265828307198e-11
2338,6,27,-0.3333333333333333,GL16_20,102.92110839095308,102.92110839093866,1.442401753603406e-11
2339,6,27,0.0,GL16_20,90.11893462925808,90.11893462923919,1.8886225916681808e-11
2340,6,27,0.3333333333333333,GL16_20,61.74171498656405,61.74171498654192,2.2126300791814307e-11
2341,6,27,0.5,GL16_20,32.79526713949728,32.79526713947973,1.7543300146070758e-11
2342,6,27,0.5773502691896258,GL16_20,11.542198921207618,11.54219892121727,-9.652723065254374e-12
2343,6,27,0.7071067811865475,GL16_20,-49.35088891701272,-49.350888900441305,-1.6571412549210994e-08
2344,6,27,0.816496580927726,GL16_20,-167.47958991199104,-167.47957765376157,-1.225815434324936e-05
2346,6,28,-1.0,back_uv64_96,108.23348413853485,108.23348413853569,-8.384404281965667e-13
2347,6,28,-0.816496580927726,GL16_20,104.49865289678714,104.4986528967872,-7.10542735760075e-14
2348,6,28,-0.7071067811865475,GL16_20,101.893297800702,101.8932978007022,-1.9895196601280826e-13
2349,6,28,-0.5773502691896258,GL16_20,98.33821286801393,98.33821286801428,-3.55271367879987e-13
2350,6,28,-0.5,GL16_20,95.92888968087395,95.9288896808744,-4.547473508863607e-13
2351,6,28,-0.3333333333333333,GL16_20,89.80193393124726,89.80193393124813,-8.668621376269465e-13
2352,6,28,0.0,GL16_20,71.89981827930912,71.8998182793168,-7.68807240089473e-12
2353,6,28,0.3333333333333333,GL16_20,36.7573138561107,36.75731385730456,-1.1938610093388259e-09
2354,6,28,0.5,GL16_20,1.0148482381551558,1.0148483270068853,-8.885172558212296e-08
2355,6,28,0.5773502691896258,GL16_20,-25.30503684544868,-25.305035967085402,-8.783628914626601e-07
2356,6,28,0.7071067811865475,GL16_20,-100.88670740000659,-100.88664428387484,-6.31141399603425e-05
2357,6,28,0.816496580927726,GL16_20,-247.7869035804202,-247.78351672684803,-0.0033811246530878114
2566,7,23,-1.0,back_uv64_96,133.9501919236285,133.95019192362804,4.547473508865675e-13
2567,7,23,-0.816496580927726,GL16_20,137.38797086745916,137.38797086745467,4.490630090013916e-12
2568,7,23,-0.7071067811865475,GL16_20,136.8967703813664,136.89677038136384,2.5579538487396322e-12
2569,7,23,-0.5773502691896258,GL16_20,135.72956324531793,135.72956324531646,1.4779288903821005e-12
2570,7,23,-0.5,GL16_20,134.83834089514212,134.83834089514102,1.1084466677863706e-12
2571,7,23,-0.3333333333333333,GL16_20,132.45275899526726,132.45275899526675,5.11590769747403e-13
2572,7,23,0.0,GL16_20,125.10562340947693,125.10562340947678,1.5631940186723426e-13
2573,7,23,0.3333333333333333,GL16_20,110.46358899336768,110.46358899336501,2.6716406864615455e-12
2574,7,23,0.5,GL16_20,95.96619063680181,95.96619063679248,9.336531547931302e-12
2575,7,23,0.5773502691896258,GL16_20,85.4160231701388,85.41602317012216,1.6640910871640005e-11
2576,7,23,0.7071067811865475,GL16_20,55.37874097163941,55.37874097159331,4.6100012697177904e-11
2577,7,23,0.816496580927726,GL16_20,-2.569600272114646,-2.569600272231291,1.1664536004444022e-10
2579,7,24,-1.0,back_uv64_96,131.04701848225534,131.04701848225545,-1.1368683772160957e-13
2580,7,24,-0.816496580927726,GL16_20,132.32700353876,132.32700353875225,7.759126674530396e-12
2581,7,24,-0.7071067811865475,GL16_20,132.62073632035583,132.62073632035035,5.4853899200830186e-12
2582,7,24,-0.5773502691896258,GL16_20,131.8018243920535,131.8018243920498,3.694822225959347e-12
2583,7,24,-0.5,GL16_20,130.97932942972528,130.97932942972227,3.012701199627363e-12
2584,7,24,-0.3333333333333333,GL16_20,128.5439028037738,128.54390280377166,2.1316282072825725e-12
2585,7,24,0.0,GL16_20,120.50536718232664,120.50536718232516,1.4779288903821005e-12
2586,7,24,0.3333333333333333,GL16_20,104.06534783031032,104.06534783030877,1.5489831639582182e-12
2587,7,24,0.5,GL16_20,87.67840133303366,87.67840133303177,1.8900436771236525e-12
2588,7,24,0.5773502691896258,GL16_20,75.7292435248079,75.7292435248053,2.600586412885348e-12
2589,7,24,0.7071067811865475,GL16_20,41.65960065247944,41.65960065247074,8.697043085741446e-12
2590,7,24,0.816496580927726,GL16_20,-24.152592644114815,-24.15259264415317,3.8355096877065765e-11
2592,7,25,-1.0,back_uv64_96,128.35510662799302,128.3551066279925,5.11590769747403e-13
2593,7,25,-0.816496580927726,GL16_20,126.97457005636275,126.97457005636123,1.5205614545277706e-12
2594,7,25,-0.7071067811865475,GL16_20,127.51655828908531,127.51655828908136,3.950617610833961e-12
2595,7,25,-0.5773502691896258,GL16_20,127.18251924001927,127.18251924001734,1.93267624126934e-12
2596,7,25,-0.5,GL16_20,126.4944427408115,126.49444274081044,1.0516032489255012e-12
2597,7,25,-0.3333333333333333,GL16_20,124.09752851090059,124.09752851090074,-1.5631940186720982e-13
2598,7,25,0.0,GL16_20,115.41845678115799,115.41845678115877,-7.815970093358048e-13
2599,7,25,0.3333333333333333,GL16_20,97.11350340715985,97.11350340715808,1.7763568394018283e-12
2600,7,25,0.5,GL16_20,78.73241164235415,78.73241164234744,6.707523425597841e-12
2601,7,25,0.5773502691896258,GL16_20,65.30094189043722,65.30094189042586,1.1354472917510863e-11
2602,7,25,0.7071067811865475,GL16_20,26.94912722399911,26.94912722397124,2.7871038810578327e-11
2603,7,25,0.816496580927726,GL16_20,-47.2264771813483,-47.22647718134745,-8.526512829117567e-13
2605,7,26,-1.0,back_uv64_96,124.2652665687981,124.26526656879788,2.1316282072805277e-13
2606,7,26,-0.816496580927726,GL16_20,122.0742082156836,122.07420821568319,4.1211478674094303e-13
2607,7,26,-0.7071067811865475,GL16_20,120.61259508046167,120.61259508046032,1.3500311979451017e-12
2608,7,26,-0.5773502691896258,GL16_20,119.36429247288187,119.3642924728762,5.6701310313816746e-12
2609,7,26,-0.5,GL16_20,118.72451207231455,118.7245120723081,6.4517280407225225e-12
2610,7,26,-0.3333333333333333,GL16_20,116.42253269179297,116.42253269178725,5.712763595527524e-12
2611,7,26,0.0,GL16_20,106.8638777043818,106.86387770437726,4.547473508874981e-12
2612,7,26,0.3333333333333333,GL16_20,85.64512900931855,85.64512900931346,5.087485988055259e-12
2613,7,26,0.5,GL16_20,64.07811048664323,64.07811048663757,5.655920176666393e-12
2614,7,26,0.5773502691896258,GL16_20,48.26703037171642,48.26703037171111,5.314859663499674e-12
2615,7,26,0.7071067811865475,GL16_20,3.023494514705364,3.023494514719154,-1.3789858144169064e-11
2616,7,26,0.816496580927726,GL16_20,-84.63393527087172,-84.63393521210678,-5.8764937854465026e-08
2618,7,27,-1.0,back_uv64_96,118.60312611503834,118.60312611503782,5.11590769747403e-13
2619,7,27,-0.816496580927726,GL16_20,115.87189764275675,115.8718976427503,6.4517280407225225e-12
2620,7,27,-0.7071067811865475,GL16_20,113.96663452505881,113.96663452505223,6.579625733160173e-12
2621,7,27,-0.5773502691896258,GL16_20,111.36937450725058,111.36937450724386,6.7217342803131385e-12
2622,7,27,-0.5,GL16_20,109.624728066769,109.6247280667622,6.792788553889629e-12
2623,7,27,-0.3333333333333333,GL16_20,105.44516067466563,105.4451606746585,7.133849067056852e-12
2624,7,27,0.0,GL16_20,93.8349891656824,93.83498916567713,5.2722270993538415e-12
2625,7,27,0.3333333333333333,GL16_20,68.42758879592779,68.42758879592657,1.2221335055081191e-12
2626,7,27,0.5,GL16_20,42.239394590105306,42.23939459010652,-1.2150280781490332e-12
2627,7,27,0.5773502691896258,GL16_20,22.961768539352803,22.96176853936462,-1.1816325695620653e-11
2628,7,27,0.7071067811865475,GL16_20,-32.3474643709746,-32.34746436249214,-8.48245914352802e-09
2629,7,27,0.816496580927726,GL16_20,-139.73029578646373,-139.73028852945188,-7.256985512738905e-06
2631,7,28,-1.0,back_uv64_96,111.03490257442773,111.03490257442783,-9.947598300640908e-14
2632,7,28,-0.816496580927726,GL16_20,107.5927566564651,107.59275665647543,-1.0331291377898489e-11
2633,7,28,-0.7071067811865475,GL16_20,105.19186877260354,105.19186877261481,-1.1269207789091692e-11
2634,7,28,-0.5773502691896258,GL16_20,101.91613016307512,101.91613016308764,-1.2519763004014593e-11
2635,7,28,-0.5,GL16_20,99.69626381818195,99.69626381819529,-1.334399257748565e-11
2636,7,28,-0.3333333333333333,GL16_20,94.04646310420395,94.0464631042193,-1.5347723092300388e-11
2637,7,28,0.0,GL16_20,77.22542296707486,77.22542296709612,-2.1259438653716216e-11
2638,7,28,0.3333333333333333,GL16_20,44.332156778166365,44.33215677873807,-5.717026850291547e-10
2639,7,28,0.5,GL16_20,11.477925776748858,11.477925825871116,-4.9122257054538116e-08
2640,7,28,0.5773502691896258,GL16_20,-12.674951876198897,-12.674951358385677,-5.178130857927566e-07
2641,7,28,0.7071067811865475,GL16_20,-82.04590578663294,-82.0458639768099,-4.1808949026998226e-05
2642,7,28,0.816496580927726,GL16_20,-216.93342780476127,-216.930872959296,-0.0025515846251513968
2838,8,23,-1.0,back_uv64_96,134.97149221320169,134.9714922132013,3.9790393202573527e-13
2839,8,23,-0.816496580927726,GL16_20,136.66740534235265,136.6674053423493,3.3537617127932967e-12
2840,8,23,-0.7071067811865475,GL16_20,137.2186101257978,137.21861012579342,4.376943252291796e-12
2841,8,23,-0.5773502691896258,GL16_20,136.7619781132195,136.76197811321438,5.1159076974858076e-12
2842,8,23,-0.5,GL16_20,136.18742155592122,136.1874215559157,5.5138116295135785e-12
2843,8,23,-0.3333333333333333,GL16_20,134.38540418323987,134.38540418323342,6.4517280407225225e-12
2844,8,23,0.0,GL16_20,128.24215458910012,128.24215458909083,9.293898983785298e-12
2845,8,23,0.3333333333333333,GL16_20,115.56925356654223,115.56925356652597,1.625721779432324e-11
2846,8,23,0.5,GL16_20,102.9370072637044,102.93700726367958,2.4826363187766074e-11
2847,8,23,0.5773502691896258,GL16_20,93.73428614908485,93.73428614905322,3.1633362596539995e-11
2848,8,23,0.7071067811865475,GL16_20,67.52731801082372,67.52731801077252,5.120170954018363e-11
2849,8,23,0.816496580927726,GL16_20,16.98006904013355,16.980069040049855,8.369482884868461e-11
2851,8,24,-1.0,back_uv64_96,132.47343094258278,132.47343094258298,-1.9895196601280826e-13
2852,8,24,-0.816496580927726,GL16_20,131.54615984619244,131.5461598461889,3.5242919693763072e-12
2853,8,24,-0.7071067811865475,GL16_20,132.4058883559778,132.4058883559727,5.087485988055259e-12
2854,8,24,-0.5773502691896258,GL16_20,132.4559477103881,132.45594771038185,6.25277607470843e-12
2855,8,24,-0.5,GL16_20,132.02953182650216,132.02953182649551,6.6506800067366535e-12
2856,8,24,-0.3333333333333333,GL16_20,130.30393506409234,130.30393506408473,7.617018127377283e-12
2857,8,24,0.0,GL16_20,123.64296031419887,123.64296031418826,1.0615508472312242e-11
2858,8,24,0.3333333333333333,GL16_20,109.353504181257,109.35350418124105,1.5944578990583763e-11
2859,8,24,0.5,GL16_20,94.97574328794406,94.97574328792503,1.9028334463836522e-11
2860,8,24,0.5773502691896258,GL16_20,84.4731467771703,84.47314677715065,1.9653612071317505e-11
2861,8,24,0.7071067811865475,GL16_20,54.50727338899664,54.507273388980735,1.5901946426437478e-11
2862,8,24,0.816496580927726,GL16_20,-3.3865681336622977,-3.386568133667012,4.7144510517793775e-12
2864,8,25,-1.0,back_uv64_96,130.05560671662647,130.05560671662616,3.1263880373449295e-13
2865,8,25,-0.816496580927726,GL16_20,128.44665638502025,128.44665638501692,3.325340003362798e-12
2866,8,25,-0.7071067811865475,GL16_20,127.67040164666308,127.67040164665984,3.240074875071306e-12
2867,8,25,-0.5773502691896258,GL16_20,127.5731182352346,127.57311823523098,3.6237679523830767e-12
2868,8,25,-0.5,GL16_20,127.28783349353797,127.28783349353401,3.964828465549219e-12
2869,8,25,-0.3333333333333333,GL16_20,125.69328140784357,125.69328140783864,4.931166586187253e-12
2870,8,25,0.0,GL16_20,118.5586655446621,118.55866554465373,8.370193427289011e-12
2871,8,25,0.3333333333333333,GL16_20,102.58521688793415,102.58521688791794,1.6214585230176943e-11
2872,8,25,0.5,GL16_20,86.35735334009988,86.35735334007668,2.3192114895478607e-11
2873,8,25,0.5773502691896258,GL16_20,74.47158804022821,74.47158804020125,2.695799139510157e-11
2874,8,25,0.7071067811865475,GL16_20,40.49703376606599,40.497033766034875,3.111466639941885e-11
2875,8,25,0.816496580927726,GL16_20,-25.242951386139175,-25.24295138614047,1.2931877790842186e-12
2877,8,26,-1.0,back_uv64_96,126.26843211827615,126.2684321182762,-4.26325641456051e-14
2878,8,26,-0.816496580927726,GL16_20,124.28137855473034,124.28137855472372,6.622258297306061e-12
2879,8,26,-0.7071067811865475,GL16_20,122.89658729855611,122.89658729854888,7.23332505006398e-12
2880,8,26,-0.5773502691896258,GL16_20,121.08318399867721,121.08318399866913,8.085976332982632e-12
2881,8,26,-0.5,GL16_20,120.05506442933098,120.05506442932224,8.739675649887423e-12
2882,8,26,-0.3333333333333333,GL16_20,117.94376011475589,117.9437601147457,1.0189182830851747e-11
2883,8,26,0.0,GL16_20,110.0226957332413,110.02269573322756,1.3741896509694757e-11
2884,8,26,0.3333333333333333,GL16_20,91.39608738096189,91.39608738094155,2.033573309766084e-11
2885,8,26,0.5,GL16_20,72.19749999824786,72.19749999822473,2.3135271476616484e-11
2886,8,26,0.5773502691896258,GL16_20,58.080621352693235,58.0806213526715,2.173550228713768e-11
2887,8,26,0.7071067811865475,GL16_20,17.624284959425875,17.624284959428785,-2.909672502933377e-12
2888,8,26,0.816496580927726,GL16_20,-60.82182399202987,-60.82182396599057,-2.603930193094191e-08
2890,8,27,-1.0,back_uv64_96,120.93620985034988,120.93620985034971,1.7053025658243858e-13
2891,8,27,-0.816496580927726,GL16_20,118.44993624224745,118.44993624223359,1.3855583347417942e-11
2892,8,27,-0.7071067811865475,GL16_20,116.71554433655261,116.71554433653809,1.4523493519041913e-11
2893,8,27,-0.5773502691896258,GL16_20,114.34913936202742,114.34913936201207,1.534772309253594e-11
2894,8,27,-0.5,GL16_20,112.74609158256077,112.7460915825449,1.5859313862291197e-11
2895,8,27,-0.3333333333333333,GL16_20,108.69298411286842,108.69298411285152,1.6896706256517932e-11
2896,8,27,0.0,GL16_20,97.36775216473002,97.36775216471351,1.6513013179201068e-11
2897,8,27,0.3333333333333333,GL16_20,74.60337630961834,74.60337630960065,1.7692514120583006e-11
2898,8,27,0.5,GL16_20,51.04403598477085,51.044035984754395,1.6456169760339323e-11
2899,8,27,0.5773502691896258,GL16_20,33.65235061057731,33.65235061056866,8.647305094237807e-12
2900,8,27,0.7071067811865475,GL16_20,-16.329614918085746,-16.329614913961546,-4.12419963995416e-09
2901,8,27,0.816496580927726,GL16_20,-113.47017008748601,-113.47016598361046,-4.103867133165466e-06
2903,8,28,-1.0,back_uv64_96,113.73402502502373,113.73402502502418,-4.547473508863607e-13
2904,8,28,-0.816496580927726,GL16_20,110.57356883341251,110.57356883341338,-8.668621376269465e-13
2905,8,28,-0.7071067811865475,GL16_20,108.36946408365056,108.36946408365176,-1.2079226507914409e-12
2906,8,28,-0.5773502691896258,GL16_20,105.36258621950671,105.36258621950839,-1.6768808563924305e-12
2907,8,28,-0.5,GL16_20,103.32514559908779,103.32514559908977,-1.9753088054111277e-12
2908,8,28,-0.3333333333333333,GL16_20,98.14016783766178,98.14016783766446,-2.685851541169572e-12
2909,8,28,0.0,GL16_20,82.65415582208367,82.65415582208834,-4.67537120129053e-12
2910,8,28,0.3333333333333333,GL16_20,52.04176374218045,52.04176374231922,-1.3876899628431916e-10
2911,8,28,0.5,GL16_20,21.7087597098392,21.70875972832713,-1.848793101507134e-08
2912,8,28,0.5773502691896258,GL16_20,-0.46801832419388845,-0.46801809112615356,-2.3306770772912038e-07
2913,8,28,0.7071067811865475,GL16_20,-64.00979400615054,-64.00976964076723,-2.43650864774236e-05
2914,8,28,0.816496580927726,GL16_20,-187.45487469053668,-187.45305056213587,-0.001822465689754523
3097,9,23,-1.0,back_uv64_96,136.15127190121876,136.15127190121845,3.1263880373449295e-13
3098,9,23,-0.816496580927726,GL16_20,135.6033260475585,135.60332604755396,4.547473508874981e-12
3099,9,23,-0.7071067811865475,GL16_20,136.72484692107057,136.72484692106443,6.13908923698611e-12
3100,9,23,-0.5773502691896258,GL16_20,137.11249905289017,137.1124990528859,4.263256414569689e-12
3101,9,23,-0.5,GL16_20,136.91697443358723,136.91697443358376,3.4674485505153005e-12
3102,9,23,-0.3333333333333333,GL16_20,135.78259181899188,135.78259181898957,2.3021584638653746e-12
3103,9,23,0.0,GL16_20,130.89346042748616,130.89346042748505,1.1084466677863706e-12
3104,9,23,0.3333333333333333,GL16_20,120.1241158312706,120.12411583126858,2.0179413695607206e-12
3105,9,23,0.5,GL16_20,109.25211499538449,109.25211499537826,6.224354365277849e-12
3106,9,23,0.5773502691896258,GL16_20,101.31315992486716,101.3131599248559,1.1269207789218686e-11
3107,9,23,0.7071067811865475,GL16_20,78.68591500427493,78.68591500424168,3.325340003412558e-11
3108,9,23,0.816496580927726,GL16_20,35.03926776261538,35.03926776252254,9.283951385872428e-11
3110,9,24,-1.0,back_uv64_96,133.91742249510418,133.91742249510438,-1.9895196601280826e-13
3111,9,24,-0.816496580927726,GL16_20,132.710126264923,132.710126264923,0.0
3112,9,24,-0.7071067811865475,GL16_20,132.23575599477107,132.23575599476825,2.8137492336139553e-12
3113,9,24,-0.5773502691896258,GL16_20,132.53790119738966,132.53790119738412,5.54223333894414e-12
3114,9,24,-0.5,GL16_20,132.50205997696176,132.5020599769566,5.172751116346908e-12
3115,9,24,-0.3333333333333333,GL16_20,131.53809507584415,131.5380950758402,3.950617610833961e-12
3116,9,24,0.0,GL16_20,126.29682979257322,126.29682979257082,2.4016344468720225e-12
3117,9,24,0.3333333333333333,GL16_20,114.09072787072571,114.09072787072405,1.6626700016800168e-12
3118,9,24,0.5,GL16_20,101.61673733646184,101.61673733646046,1.3784529073755445e-12
3119,9,24,0.5773502691896258,GL16_20,92.47684879593297,92.47684879593149,1.4779288903821005e-12
3120,9,24,0.7071067811865475,GL16_20,66.3639680496901,66.36396804968545,4.646949491881852e-12
3121,9,24,0.816496580927726,GL16_20,15.887884409455653,15.887884409429304,2.6348700999171043e-11
3123,9,25,-1.0,back_uv64_96,131.71906055262696,131.7190605526266,3.6948222259532036e-13
3124,9,25,-0.816496580927726,GL16_20,130.27038339683213,130.2703833968345,-2.35900188272075e-12
3125,9,25,-0.7071067811865475,GL16_20,129.26967990366185,129.26967990366416,-2.3021584638600746e-12
3126,9,25,-0.5773502691896258,GL16_20,128.20883448978893,128.20883448978924,-3.126388037343952e-13
3127,9,25,-0.5,GL16_20,127.8386047975043,127.83860479750302,1.2789769243689982e-12
3128,9,25,-0.3333333333333333,GL16_20,126.81870682375349,126.81870682375202,1.4637180356668777e-12
3129,9,25,0.0,GL16_20,121.22064757701466,121.22064757701453,1.278976924368262e-13
3130,9,25,0.3333333333333333,GL16_20,107.50682430371019,107.50682430370901,1.179500941362462e-12
3131,9,25,0.5,GL16_20,93.32593950175998,93.32593950175547,4.504840944729182e-12
3132,9,25,0.5773502691896258,GL16_20,82.90177748967253,82.9017774896646,7.929656931114157e-12
3133,9,25,0.7071067811865475,GL16_20,53.05343975964922,53.05343975962823,2.0989432414573638e-11
3134,9,25,0.816496580927726,GL16_20,-4.751672511990649,-4.751672512034906,4.4257042476216883e-11
3136,9,26,-1.0,back_uv64_96,128.19865751894335,128.19865751894332,2.842170943040441e-14
3137,9,26,-0.816496580927726,GL16_20,126.41421451639168,126.41421451639194,-2.5579538487360335e-13
3138,9,26,-0.7071067811865475,GL16_20,125.16892284661557,125.16892284661566,-8.526512829120839e-14
3139,9,26,-0.5773502691896258,GL16_20,123.47202575418086,123.47202575418069,1.7053025658243858e-13
3140,9,26,-0.5,GL16_20,122.3384213982148,122.33842139821428,5.258016244626124e-13
3141,9,26,-0.3333333333333333,GL16_20,119.72210208698172,119.72210208697892,2.7995383788987133e-12
3142,9,26,0.0,GL16_20,112.76257268341404,112.76257268340892,5.1159076974858076e-12
3143,9,26,0.3333333333333333,GL16_20,96.60607794598498,96.60607794598003,4.945377440902526e-12
3144,9,26,0.5,GL16_20,79.66458037888955,79.66458037888447,5.087485988055259e-12
3145,9,26,0.5773502691896258,GL16_20,67.15651018272455,67.15651018271974,4.803268893749813e-12
3146,9,26,0.7071067811865475,GL16_20,31.234939174346213,31.234939174347705,-1.4921397450950973e-12
3147,9,26,0.816496580927726,GL16_20,-38.501346462839265,-38.50134645216885,-1.0670412052519232e-08
3149,9,27,-1.0,back_uv64_96,123.17546225658349,123.1754622565832,2.8421709430408046e-13
3150,9,27,-0.816496580927726,GL16_20,120.92478155158099,120.924781551575,5.996980689833228e-12
3151,9,27,-0.7071067811865475,GL16_20,119.35490315666075,119.35490315665457,6.181721801131978e-12
3152,9,27,-0.5773502691896258,GL16_20,117.21312279551255,117.21312279550615,6.394884621861349e-12
3153,9,27,-0.5,GL16_20,115.76188056281329,115.7618805628068,6.494360604868404e-12
3154,9,27,-0.3333333333333333,GL16_20,112.07044088611674,112.07044088611009,6.6506800067366535e-12
3155,9,27,0.0,GL16_20,101.2332646677683,101.23326466776197,6.323830348284887e-12
3156,9,27,0.3333333333333333,GL16_20,80.3983138168734,80.398313816871,2.4016344468720225e-12
3157,9,27,0.5,GL16_20,59.265566261294175,59.26556626129487,-6.963318810446557e-13
3158,9,27,0.5773502691896258,GL16_20,43.65333588424873,43.65333588425237,-3.6379788070850955e-12
3159,9,27,0.7071067811865475,GL16_20,-1.2747661252990081,-1.2747661234446817,-1.8543264684327824e-09
3160,9,27,0.816496580927726,GL16_20,-88.68447417471432,-88.68447198604032,-2.1886716077779095e-06
3162,9,28,-1.0,back_uv64_96,116.32745891435825,116.32745891435854,-2.9842794901919755e-13
3163,9,28,-0.816496580927726,GL16_20,113.43720703029045,113.43720703029942,-8.96704932525226e-12
3164,9,28,-0.7071067811865475,GL16_20,111.42183682032238,111.42183682033222,-9.833911462871434e-12
3165,9,28,-0.5773502691896258,GL16_20,108.67279492261389,108.67279492262492,-1.102762325893595e-11
3166,9,28,-0.5,GL16_20,106.81028514857236,106.81028514858416,-1.1795009413548102e-11
3167,9,28,-0.3333333333333333,GL16_20,102.0712238743738,102.0712238743875,-1.3699263945360897e-11
3168,9,28,0.0,GL16_20,87.91699595105561,87.91699595107434,-1.8729906514460837e-11
3169,9,28,0.3333333333333333,GL16_20,59.83019060786086,59.83019060790548,-4.462208380473873e-11
3170,9,28,0.5,GL16_20,31.949047009270686,31.949047013528308,-4.257621801602352e-09
3171,9,28,0.5773502691896258,GL16_20,11.609284343496704,11.609284412584634,-6.908792765699441e-08
3172,9,28,0.7071067811865475,GL16_20,-46.50100847527391,-46.500997312865834,-1.1162345779301213e-05
3173,9,28,0.816496580927726,GL16_20,-159.13361805337155,-159.1324467913609,-0.001170576351016688
3343,10,23,-1.0,back_uv64_96,137.34924726881604,137.34924726881565,3.9790393202573527e-13
3344,10,23,-0.816496580927726,GL16_20,136.48241146059604,136.48241146059166,4.376943252291796e-12
3345,10,23,-0.7071067811865475,GL16_20,136.25592441003153,136.25592441002777,3.7516656448203665e-12
3346,10,23,-0.5773502691896258,GL16_20,136.88875564375522,136.88875564375147,3.7516656448203665e-12
3347,10,23,-0.5,GL16_20,137.0689030669974,137.0689030669931,4.291678124000215e-12
3348,10,23,-0.3333333333333333,GL16_20,136.65498253474343,136.65498253473814,5.2864379540691186e-12
3349,10,23,0.0,GL16_20,133.0626387390514,133.06263873904425,7.162270776487459e-12
3350,10,23,0.3333333333333333,GL16_20,124.13044688749308,124.1304468874824,1.0672351891173654e-11
3351,10,23,0.5,GL16_20,114.91370051104197,114.91370051102659,1.537614480196678e-11
3352,10,23,0.5773502691896258,GL16_20,108.15477117667258,108.15477117665279,1.9795720618472326e-11
3353,10,23,0.7071067811865475,GL16_20,88.85650651358254,88.85650651354685,3.5697667045224595e-11
3354,10,23,0.816496580927726,GL16_20,51.60988328537071,51.609883285301436,6.927081131165139e-11
3356,10,24,-1.0,back_uv64_96,135.3245518518463,135.3245518518464,-8.526512829120839e-14
3357,10,24,-0.816496580927726,GL16_20,134.25276071707114,134.25276071706708,4.064304448556033e-12
3358,10,24,-0.7071067811865475,GL16_20,133.51454586061186,133.5145458606075,4.348521542861268e-12
3359,10,24,-0.5773502691896258,GL16_20,132.82887900643962,132.82887900643505,4.575895218305515e-12
3360,10,24,-0.5,GL16_20,132.7137563203543,132.7137563203492,5.087485988055259e-12
3361,10,24,-0.3333333333333333,GL16_20,132.29997972632785,132.29997972632145,6.394884621861349e-12
3362,10,24,0.0,GL16_20,128.4739084937638,128.4739084937553,8.498091119726907e-12
3363,10,24,0.3333333333333333,GL16_20,118.28008477578331,118.28008477577245,1.0857093002473269e-11
3364,10,24,0.5,GL16_20,107.60388723691231,107.60388723690049,1.1823431123117964e-11
3365,10,24,0.5773502691896258,GL16_20,99.74264118102566,99.74264118101378,1.1880274541979446e-11
3366,10,24,0.7071067811865475,GL16_20,77.23165725833225,77.23165725832224,1.0004441719552255e-11
3367,10,24,0.816496580927726,GL16_20,33.67257243615101,33.67257243614718,3.829825345754274e-12
3369,10,25,-1.0,back_uv64_96,133.31831714752295,133.31831714752252,4.26325641456151e-13
3370,10,25,-0.816496580927726,GL16_20,132.03782254108262,132.03782254108003,2.5863755581701093e-12
3371,10,25,-0.7071067811865475,GL16_20,131.1432325812745,131.14323258127177,2.728484105322507e-12
3372,10,25,-0.5773502691896258,GL16_20,129.93717748038176,129.93717748037878,2.9842794901968737e-12
3373,10,25,-0.5,GL16_20,129.18839056881126,129.18839056880813,3.126388037349328e-12
3374,10,25,-0.3333333333333333,GL16_20,127.79835195520528,127.79835195520148,3.794298208966133e-12
3375,10,25,0.0,GL16_20,123.42929742909661,123.42929742909041,6.1959326558472684e-12
3376,10,25,0.3333333333333333,GL16_20,111.88433680028055,111.8843368002703,1.0246026249713135e-11
3377,10,25,0.5,GL16_20,99.64206648971383,99.64206648969956,1.4267698134164595e-11
3378,10,25,0.5773502691896258,GL16_20,90.59478728088743,90.59478728087038,1.7053025658387807e-11
3379,10,25,0.7071067811865475,GL16_20,64.62087086625141,64.62087086622827,2.3135271476616484e-11
3380,10,25,0.816496580927726,GL16_20,14.24950151389834,14.249501513877261,2.107825025654552e-11
3382,10,26,-1.0,back_uv64_96,130.04360755180528,130.04360755180514,1.4210854715203013e-13
3383,10,26,-0.816496580927726,GL16_20,128.45489642360025,128.45489642359522,5.030642569194163e-12
3384,10,26,-0.7071067811865475,GL16_20,127.34598894488032,127.34598894487483,5.4853899200830186e-12
3385,10,26,-0.5773502691896258,GL16_20,125.83252607643855,125.83252607643249,6.068034963409666e-12
3386,10,26,-0.5,GL16_20,124.80734863910826,124.80734863910179,6.465938895437816e-12
3387,10,26,-0.3333333333333333,GL16_20,122.22625686900909,122.22625686900159,7.503331289654808e-12
3388,10,26,0.0,GL16_20,115.31459505536259,115.31459505535153,1.1056044968488277e-11
3389,10,26,0.3333333333333333,GL16_20,101.30882027065596,101.30882027064143,1.4523493519041913e-11
3390,10,26,0.5,GL16_20,86.4953692935661,86.49536929355047,1.5631940186844384e-11
3391,10,26,0.5773502691896258,GL16_20,75.50653226313865,75.50653226312377,1.4878764886927188e-11
3392,10,26,0.7071067811865475,GL16_20,43.862961982129,43.86296198212625,2.7498003873953686e-12
3393,10,26,0.816496580927726,GL16_20,-17.667109380079175,-17.667109376036578,-4.042597359799005e-09
3395,10,27,-1.0,back_uv64_96,125.31537164367151,125.31537164367113,3.836930773105277e-13
3396,10,27,-0.816496580927726,GL16_20,123.28976648834858,123.28976648833661,1.1965539670271674e-11
3397,10,27,-0.7071067811865475,GL16_20,121.87707380418733,121.87707380417484,1.2491341294740578e-11
3398,10,27,-0.5773502691896258,GL16_20,119.94999751221212,119.94999751219898,1.314504061164825e-11
3399,10,27,-0.5,GL16_20,118.64439031239306,118.64439031237951,1.3542944543679215e-11
3400,10,27,-0.3333333333333333,GL16_20,115.3227173019107,115.32271730189633,1.4367174117172434e-11
3401,10,27,0.0,GL16_20,105.43014035147195,105.43014035145626,1.568878360570608e-11
3402,10,27,0.3333333333333333,GL16_20,86.1523951235301,86.15239512351586,1.4239276424733786e-11
3403,10,27,0.5,GL16_20,67.09050633463454,67.09050633462375,1.078603872889649e-11
3404,10,27,0.5773502691896258,GL16_20,53.099119656409535,53.0991196564023,7.23332505006398e-12
3405,10,27,0.7071067811865475,GL16_20,12.893820950051124,12.893820950775472,-7.243485808535785e-10
3406,10,27,0.816496580927726,GL16_20,-65.32480029247478,-65.32479922756131,-1.0649128952807252e-06
3408,10,28,-1.0,back_uv64_96,118.8126899567077,118.81268995670783,-1.2789769243680985e-13
3409,10,28,-0.816496580927726,GL16_20,116.18086163706857,116.18086163706991,-1.3358203432280961e-12
3410,10,28,-0.7071067811865475,GL16_20,114.34596722008058,114.34596722008244,-1.8616219676897298e-12
3411,10,28,-0.5773502691896258,GL16_20,111.84344256789294,111.84344256789551,-2.5721647034482548e-12
3412,10,28,-0.5,GL16_20,110.14816251419788,110.14816251420095,-3.0695446184789218e-12
3413,10,28,-0.3333333333333333,GL16_20,105.83532302784535,105.83532302784965,-4.305888978696937e-12
3414,10,28,0.0,GL16_20,92.95898038141256,92.95898038142045,-7.887024366906009e-12
3415,10,28,0.3333333333333333,GL16_20,67.40348801804309,67.40348801806051,-1.7422507880685885e-11
3416,10,28,0.5,GL16_20,42.011973548528054,42.01197354943769,-9.096368099063607e-10
3417,10,28,0.5773502691896258,GL16_20,23.487771284703882,23.48777130290638,-1.8202498897925462e-08
3418,10,28,0.7071067811865475,GL16_20,-29.393482851525945,-29.393478377202783,-4.4743131528708955e-06
3419,10,28,0.816496580927726,GL16_20,-131.74545042973222,-131.74476495042074,-0.000685244424201186
3576,11,23,-1.0,back_uv64_96,138.5106452313445,138.51064523134434,1.7053025658243858e-13
3577,11,23,-0.816496580927726,GL16_20,137.75445570870815,137.7544557087079,2.557953848736688e-13
3578,11,23,-0.7071067811865475,GL16_20,137.23656173698612,137.23656173698586,2.557953848736688e-13
3579,11,23,-0.5773502691896258,GL16_20,136.85907117183524,136.85907117183348,1.762145984686601e-12
3580,11,23,-0.5,GL16_20,136.952901277239,136.95290127723572,3.2684965845018024e-12
3581,11,23,-0.3333333333333333,GL16_20,137.05474719799773,137.05474719799363,4.092726157986552e-12
3582,11,23,0.0,GL16_20,134.75648149945027,134.7564814994481,2.1600499167130375e-12
3583,11,23,0.3333333333333333,GL16_20,127.59160425287052,127.59160425287362,-3.097966327909238e-12
3584,11,23,0.5,GL16_20,119.9248316523956,119.92483165240408,-8.483880264939607e-12
3585,11,23,0.5773502691896258,GL16_20,114.26208215258016,114.2620821525919,-1.1738165994687963e-11
3586,11,23,0.7071067811865475,GL16_20,98.04180313257916,98.04180313259414,-1.497824086971074e-11
3587,11,23,0.816496580927726,GL16_20,66.69443791472047,66.69443791471375,6.7217342803131385e-12
3589,11,24,-1.0,back_uv64_96,136.66724790414116,136.66724790414142,-2.5579538487360335e-13
3590,11,24,-0.816496580927726,GL16_20,135.73958620451185,135.73958620451282,-9.663381206332693e-13
3591,11,24,-0.7071067811865475,GL16_20,135.08973610666123,135.08973610666231,-1.080024958354769e-12
3592,11,24,-0.5773502691896258,GL16_20,134.21743574865178,134.21743574865286,-1.080024958354769e-12
3593,11,24,-0.5,GL16_20,133.6987510658451,133.69875106584564,-5.400124791775303e-13
3594,11,24,-0.3333333333333333,GL16_20,132.90005072656945,132.90005072656666,2.7853275241834718e-12
3595,11,24,0.0,GL16_20,130.1982710547391,130.19827105473593,3.1832314562103153e-12
3596,11,24,0.3333333333333333,GL16_20,121.92782126420937,121.9278212642131,-3.723243935375994e-12
3597,11,24,0.5,GL16_20,112.94158247171089,112.941582471724,-1.3116618902045426e-11
3598,11,24,0.5773502691896258,GL16_20,106.27436754992199,106.2743675499425,-2.050626335382624e-11
3599,11,24,0.7071067811865475,GL16_20,87.11344976679139,87.11344976683063,-3.9236169867902995e-11
3600,11,24,0.816496580927726,GL16_20,49.970187147661825,49.97018714771059,-4.876454795402669e-11
3602,11,25,-1.0,back_uv64_96,134.83761734359135,134.83761734359115,1.9895196601284784e-13
3603,11,25,-0.816496580927726,GL16_20,133.72065154563185,133.72065154563484,-2.984279490187968e-12
3604,11,25,-0.7071067811865475,GL16_20,132.93953891355383,132.93953891355713,-3.29691829392143e-12
3605,11,25,-0.5773502691896258,GL16_20,131.87233964867448,131.8723396486782,-3.723243935375994e-12
3606,11,25,-0.5,GL16_20,131.15179756335243,131.15179756335644,-4.0074610296789356e-12
3607,11,25,-0.3333333333333333,GL16_20,129.41626482880577,129.41626482880966,-3.893774191957769e-12
3608,11,25,0.0,GL16_20,125.29589211619825,125.29589211619883,-5.826450433231124e-13
3609,11,25,0.3333333333333333,GL16_20,115.73554198618739,115.73554198619337,-5.982769835082147e-12
3610,11,25,0.5,GL16_20,105.31529467671027,105.31529467672392,-1.3656631381215874e-11
3611,11,25,0.5773502691896258,GL16_20,97.55811542758148,97.55811542760058,-1.90993887370491e-11
3612,11,25,0.7071067811865475,GL16_20,75.204535082656,75.20453508268608,-3.008437943163011e-11
3613,11,25,0.816496580927726,GL16_20,31.764606238801544,31.764606238827486,-2.5941915282264767e-11
3615,11,26,-1.0,back_uv64_96,131.79523814378194,131.79523814378206,-1.1368683772160957e-13
3616,11,26,-0.816496580927726,GL16_20,130.39308111290177,130.39308111290364,-1.875832822404905e-12
3617,11,26,-0.7071067811865475,GL16_20,129.41432736181747,129.4143273618195,-2.0179413695566485e-12
3618,11,26,-0.5773502691896258,GL16_20,128.07842020601385,128.07842020601612,-2.2737367544297357e-12
3619,11,26,-0.5,GL16_20,127.1729981868308,127.17299818683327,-2.4726887204420916e-12
3620,11,26,-0.3333333333333333,GL16_20,124.8702940911279,124.87029409113093,-3.0269120543334458e-12
3621,11,26,0.0,GL16_20,118.19075163234076,118.19075163234398,-3.2116531656304955e-12
3622,11,26,0.3333333333333333,GL16_20,105.63129956701714,105.63129956702265,-5.513811629483176e-12
3623,11,26,0.5,GL16_20,92.74618459617503,92.74618459619066,-1.5631940186600027e-11
3624,11,26,0.5773502691896258,GL16_20,83.1704235696535,83.17042356967774,-2.424371814384074e-11
3625,11,26,0.7071067811865475,GL16_20,55.531493268360705,55.53149326840949,-4.878586423609845e-11
3626,11,26,0.816496580927726,GL16_20,1.696221678478656,1.6962216798967749,-1.4181189545928713e-09
3628,11,27,-1.0,back_uv64_96,127.35202431001483,127.35202431001476,7.105427357601254e-14
3629,11,27,-0.816496580927726,GL16_20,125.54034832201127,125.54034832200772,3.552713678806812e-12
3630,11,27,-0.7071067811865475,GL16_20,124.27702823387011,124.27702823386672,3.3963942769390465e-12
3631,11,27,-0.5773502691896258,GL16_20,122.55395750863083,122.55395750862775,3.0837554732035895e-12
3632,11,27,-0.5,GL16_20,121.38672731281069,121.3867273128079,2.7853275241834718e-12
3633,11,27,-0.3333333333333333,GL16_20,118.41764440198504,118.41764440198322,1.818989403547511e-12
3634,11,27,0.0,GL16_20,109.5610612807288,109.56106128073152,-2.7284841053150624e-12
3635,11,27,0.3333333333333333,GL16_20,92.08677385816947,92.08677385818477,-1.5305090528155434e-11
3636,11,27,0.5,GL16_20,74.8476154695542,74.84761546958315,-2.8947511054447502e-11
3637,11,27,0.5773502691896258,GL16_20,62.28779887632083,62.28779887635937,-3.8539837986885175e-11
3638,11,27,0.7071067811865475,GL16_20,26.38911331614693,26.38911331640579,-2.588613767449363e-10
3639,11,27,0.816496580927726,GL16_20,-43.244590802466135,-43.244590370285906,-4.3218013599176717e-07
3641,11,28,-1.0,back_uv64_96,121.18782637721874,121.18782637721918,-4.405364961711651e-13
3642,11,28,-0.816496580927726,GL16_20,118.80245626479702,118.80245626480763,-1.0615508472199552e-11
3643,11,28,-0.7071067811865475,GL16_20,117.13965186681428,117.13965186682627,-1.1993961379558564e-11
3644,11,28,-0.5773502691896258,GL16_20,114.87215424386072,114.87215424387463,-1.3912426766085983e-11
3645,11,28,-0.5,GL16_20,113.33628738275512,113.33628738277038,-1.526245796401048e-11
3646,11,28,-0.3333333333333333,GL16_20,109.42967505560871,109.42967505562747,-1.8758328223890707e-11
3647,11,28,0.0,GL16_20,97.77117789806181,97.77117789809152,-2.97148972090459e-11
3648,11,28,0.3333333333333333,GL16_20,74.64702756752229,74.64702756757428,-5.199751740157226e-11
3649,11,28,0.5,GL16_20,51.67795263036714,51.677952630664684,-2.9754687598263247e-10
3650,11,28,0.5773502691896258,GL16_20,34.92327711290934,34.92327711857443,-5.665093267322419e-09
3651,11,28,0.7071067811865475,GL16_20,-12.892892578228768,-12.89289066875959,-1.909467355294348e-06
3652,11,28,0.816496580927726,GL16_20,-105.38824858065469,-105.38784781298466,-0.0004006873733941754
3796,12,23,-1.0,back_uv64_96,139.60778547254424,139.607785472544,2.273736754432579e-13
3797,12,23,-0.816496580927726,GL16_20,138.97123899227591,138.97123899227236,3.552713678806812e-12
3798,12,23,-0.7071067811865475,GL16_20,138.52416106190867,138.52416106190492,3.7516656448203665e-12
3799,12,23,-0.5773502691896258,GL16_20,137.92878668682727,137.9287866868233,3.9790393202644774e-12
3800,12,23,-0.5,GL16_20,137.59958490746823,137.59958490746416,4.064304448556033e-12
3801,12,23,-0.3333333333333333,GL16_20,137.28628685214616,137.28628685214198,4.177991286278117e-12
3802,12,23,0.0,GL16_20,135.99847077906676,135.99847077906108,5.684341886096957e-12
3803,12,23,0.3333333333333333,GL16_20,130.51402966479898,130.51402966479017,8.810729923464057e-12
3804,12,23,0.5,GL16_20,124.29052140481517,124.29052140480269,1.2477130440025198e-11
3805,12,23,0.5773502691896258,GL16_20,119.63975648280136,119.63975648278561,1.5745627024567784e-11
3806,12,23,0.7071067811865475,GL16_20,106.24590945272068,106.24590945269277,2.7910118661046224e-11
3807,12,23,0.816496580927726,GL16_20,80.29659902978757,80.29659902973073,5.68434188624236e-11
3809,12,24,-1.0,back_uv64_96,137.9295038081261,137.92950380812624,-1.4210854715200994e-13
3810,12,24,-0.816496580927726,GL16_20,137.1413761537244,137.1413761537215,2.899014361905411e-12
3811,12,24,-0.7071067811865475,GL16_20,136.58829035558364,136.58829035558048,3.1548097467798212e-12
3812,12,24,-0.5773502691896258,GL16_20,135.83063934778002,135.83063934777647,3.552713678806812e-12
3813,12,24,-0.5,GL16_20,135.3192359843971,135.3192359843933,3.808509063681389e-12
3814,12,24,-0.3333333333333333,GL16_20,134.11941306592558,134.11941306592107,4.5190517994444485e-12
3815,12,24,0.0,GL16_20,131.57698195836082,131.57698195835394,6.878053682181424e-12
3816,12,24,0.3333333333333333,GL16_20,125.05165367982555,125.05165367981591,9.634959496953374e-12
3817,12,24,0.5,GL16_20,117.63987816540521,117.63987816539415,1.1056044968488277e-11
3818,12,24,0.5773502691896258,GL16_20,112.08019466646697,112.08019466645547,1.1496581464664507e-11
3819,12,24,0.7071067811865475,GL16_20,96.01532600085233,96.01532600084137,1.0956568985480769e-11
3820,12,24,0.816496580927726,GL16_20,64.78550014783143,64.78550014782482,6.608047442590765e-12
3822,12,25,-1.0,back_uv64_96,136.26698443308416,136.26698443308388,2.8421709430408046e-13
3823,12,25,-0.816496580927726,GL16_20,135.3054494798642,135.3054494798623,1.9042545318388816e-12
3824,12,25,-0.7071067811865475,GL16_20,134.6326409139378,134.63264091393577,2.0179413695607206e-12
3825,12,25,-0.5773502691896258,GL16_20,133.71263589949274,133.71263589949052,2.21689333557397e-12
3826,12,25,-0.5,GL16_20,133.08828857036244,133.08828857036008,2.359001882726315e-12
3827,12,25,-0.3333333333333333,GL16_20,131.5042546744169,131.50425467441417,2.728484105322507e-12
3828,12,25,0.0,GL16_20,127.21418681226157,127.21418681225725,4.320099833430741e-12
3829,12,25,0.3333333333333333,GL16_20,119.12546958755884,119.12546958755046,8.384404282004331e-12
3830,12,25,0.5,GL16_20,110.37567620250452,110.37567620249241,1.2107648217425405e-11
3831,12,25,0.5773502691896258,GL16_20,103.81375942635975,103.81375942634504,1.470823463034224e-11
3832,12,25,0.7071067811865475,GL16_20,84.81814729170823,84.81814729168708,2.1145751816444153e-11
3833,12,25,0.816496580927726,GL16_20,47.803305387239824,47.803305387214415,2.5409008231103993e-11
3835,12,26,-1.0,back_uv64_96,133.4480339158547,133.4480339158547,0.0
3836,12,26,-0.816496580927726,GL16_20,132.22211309659812,132.2221130965943,3.808509063681389e-12
3837,12,26,-0.7071067811865475,GL16_20,131.366321345871,131.36632134586682,4.177991286278117e-12
3838,12,26,-0.5773502691896258,GL16_20,130.19823257837274,130.19823257836805,4.689582056027658e-12
3839,12,26,-0.5,GL16_20,129.40655687487572,129.4065568748707,5.030642569194163e-12
3840,12,26,-0.3333333333333333,GL16_20,127.39199125752982,127.39199125752388,5.9401372709720806e-12
3841,12,26,0.0,GL16_20,121.40494995192572,121.40494995191712,8.597567102734172e-12
3842,12,26,0.3333333333333333,GL16_20,109.90845066244628,109.90845066243324,1.3045564628640532e-11
3843,12,26,0.5,GL16_20,98.60147720933512,98.60147720931984,1.527666881895884e-11
3844,12,26,0.5773502691896258,GL16_20,90.28192227463134,90.28192227461574,1.5603518477413535e-11
3845,12,26,0.7071067811865475,GL16_20,66.31784456118417,66.31784456117447,9.706013770530073e-12
3846,12,26,0.816496580927726,GL16_20,19.637968581439896,19.637968581848654,-4.087574722308503e-10
3848,12,27,-1.0,back_uv64_96,129.2825698277731,129.2825698277729,1.9895196601284784e-13
3849,12,27,-0.816496580927726,GL16_20,127.67331733661548,127.67331733660497,1.0516032489304776e-11
3850,12,27,-0.7071067811865475,GL16_20,126.55129311970883,126.55129311969775,1.1084466677918996e-11
3851,12,27,-0.5773502691896258,GL16_20,125.02114876871642,125.02114876870462,1.1795009413687224e-11
3852,12,27,-0.5,GL16_20,123.9847532124863,123.98475321247406,1.223554590986378e-11
3853,12,27,-0.3333333333333333,GL16_20,121.34900653679564,121.34900653678241,1.3230305739940587e-11
3854,12,27,0.0,GL16_20,113.48946792869705,113.4894679286819,1.5148771126520078e-11
3855,12,27,0.3333333333333333,GL16_20,97.94360590317966,97.94360590316376,1.5901946426437478e-11
3856,12,27,0.5,GL16_20,82.56327899847959,82.56327899846544,1.4154011296441364e-11
3857,12,27,0.5773502691896258,GL16_20,71.36943716918758,71.36943716917571,1.1866063687264076e-11
3858,12,27,0.7071067811865475,GL16_20,39.471981108907634,39.4719811089392,-3.156230832196556e-11
3859,12,27,0.816496580927726,GL16_20,-22.179572494145503,-22.179572363776145,-1.303693494776393e-07
3861,12,28,-1.0,back_uv64_96,123.4514338490326,123.45143384903288,-2.842170943039997e-13
3862,12,28,-0.816496580927726,GL16_20,121.30043874856672,121.30043874856753,-8.100187187661861e-13
3863,12,28,-0.7071067811865475,GL16_20,119.80125970358085,119.80125970358212,-1.2647660696521786e-12
3864,12,28,-0.5773502691896258,GL16_20,117.75719534202372,117.7571953420256,-1.875832822404905e-12
3865,12,28,-0.5,GL16_20,116.37285743704729,116.37285743704957,-2.2879476091449053e-12
3866,12,28,-0.3333333333333333,GL16_20,112.85231285821732,112.8523128582207,-3.3821834222123573e-12
3867,12,28,0.0,GL16_20,102.35076445002788,102.35076445003445,-6.565414878401774e-12
3868,12,28,0.3333333333333333,GL16_20,81.53767413785253,81.53767413786532,-1.2789769243600014e-11
3869,12,28,0.5,GL16_20,60.877813467694935,60.877813467776804,-8.18687340109275e-11
3870,12,28,0.5773502691896258,GL16_20,45.812843824140664,45.81284382597671,-1.836042427518573e-09
3871,12,28,0.7071067811865475,GL16_20,2.8342845384439803,2.8342853699282067,-8.314838806772328e-07
3872,12,28,0.816496580927726,GL16_20,-80.26526144565969,-80.26502833057913,-0.0002330879113525069
4003,13,23,-1.0,back_uv64_96,140.6246146503441,140.62461465034397,1.4210854715203013e-13
4004,13,23,-0.816496580927726,GL16_20,140.10318501539706,140.103185015395,2.0463630789911823e-12
4005,13,23,-0.7071067811865475,GL16_20,139.7358315241579,139.73583152415569,2.21689333557397e-12
4006,13,23,-0.5773502691896258,GL16_20,139.23123742802443,139.231237428022,2.4158453015872588e-12
4007,13,23,-0.5,GL16_20,138.8912249393605,138.8912249393579,2.6147972676005873e-12
4008,13,23,-0.3333333333333333,GL16_20,138.1295927119668,138.12959271196354,3.2684965845018024e-12
4009,13,23,0.0,GL16_20,136.89323451904963,136.8932345190456,4.035882739125513e-12
4010,13,23,0.3333333333333333,GL16_20,132.91528518688366,132.91528518687684,6.821210263320226e-12
4011,13,23,0.5,GL16_20,128.02138864254195,128.02138864253084,1.1112888387349715e-11
4012,13,23,0.5773502691896258,GL16_20,124.29688305503157,124.29688305501705,1.4523493519041913e-11
4013,13,23,0.7071067811865475,GL16_20,113.47614679004711,113.47614679002247,2.464162207646388e-11
4014,13,23,0.816496580927726,GL16_20,92.42250356062816,92.42250356058118,4.698108568956144e-11
4016,13,24,-1.0,back_uv64_96,139.1011719675503,139.10117196755047,-1.705302565824095e-13
4017,13,24,-0.816496580927726,GL16_20,138.44445540024057,138.44445540023932,1.2505552149385583e-12
4018,13,24,-0.7071067811865475,GL16_20,137.98298128714166,137.98298128714015,1.506350599812547e-12
4019,13,24,-0.5773502691896258,GL16_20,137.34976168495905,137.3497616849572,1.847411112977967e-12
4020,13,24,-0.5,GL16_20,136.9188207901034,136.91882079010136,2.0463630789911823e-12
4021,13,24,-0.3333333333333333,GL16_20,135.82457525348272,135.82457525348,2.728484105322507e-12
4022,13,24,0.0,GL16_20,132.99304922527847,132.99304922527347,5.0022208597636164e-12
4023,13,24,0.3333333333333333,GL16_20,127.71511125910688,127.71511125909873,8.142819751843902e-12
4024,13,24,0.5,GL16_20,121.7289588672247,121.7289588672138,1.0899725566619339e-11
4025,13,24,0.5773502691896258,GL16_20,117.18271678847046,117.18271678845841,1.205080479856391e-11
4026,13,24,0.7071067811865475,GL16_20,103.9519912595414,103.9519912595302,1.1198153515641878e-11
4027,13,24,0.816496580927726,GL16_20,78.12917889347011,78.12917889346527,4.8459014578956245e-12
4029,13,25,-1.0,back_uv64_96,137.5997044751236,137.5997044751234,1.9895196601284784e-13
4030,13,25,-0.816496580927726,GL16_20,136.78389152781486,136.7838915278144,4.547473508865675e-13
4031,13,25,-0.7071067811865475,GL16_20,136.2126961641081,136.2126961641075,5.968558980386623e-13
4032,13,25,-0.5773502691896258,GL16_20,135.43126130796767,135.43126130796688,7.958078640516289e-13
4033,13,25,-0.5,GL16_20,134.9006702804769,134.900670280476,9.094947017733418e-13
4034,13,25,-0.3333333333333333,GL16_20,133.54807566194242,133.5480756619411,1.307398633799439e-12
4035,13,25,0.0,GL16_20,129.57484417947524,129.5748441794723,2.9274360713358977e-12
4036,13,25,0.3333333333333333,GL16_20,122.27495204114344,122.27495204113657,6.863842827466124e-12
4037,13,25,0.5,GL16_20,114.92733856359337,114.92733856358198,1.138289462694159e-11
4038,13,25,0.5773502691896258,GL16_20,109.43581280641152,109.43581280639732,1.4196643860587574e-11
4039,13,25,0.7071067811865475,GL16_20,93.5049069423124,93.50490694229345,1.8957280190259162e-11
4040,13,25,0.816496580927726,GL16_20,62.39394631728847,62.39394631726487,2.3597124254871338e-11
4042,13,26,-1.0,back_uv64_96,134.99807030625084,134.99807030625095,-1.1368683772160957e-13
4043,13,26,-0.816496580927726,GL16_20,133.9374579033834,133.93745790338124,2.1600499167130375e-12
4044,13,26,-0.7071067811865475,GL16_20,133.19696579457218,133.19696579456968,2.5011104298786804e-12
4045,13,26,-0.5773502691896258,GL16_20,132.1861967964472,132.18619679644416,3.041122909057853e-12
4046,13,26,-0.5,GL16_20,131.50114085929366,131.50114085929025,3.410605131654297e-12
4047,13,26,-0.3333333333333333,GL16_20,129.7579447425856,129.7579447425812,4.405364961722325e-12
4048,13,26,0.0,GL16_20,124.56046235972673,124.56046235971927,7.460698725508884e-12
4049,13,26,0.3333333333333333,GL16_20,114.36668496213616,114.36668496212344,1.2718714970186676e-11
4050,13,26,0.5,GL16_20,104.38779423458021,104.38779423456454,1.5674572750990656e-11
4051,13,26,0.5773502691896258,GL16_20,97.13702685416754,97.1370268541513,1.624300693960781e-11
4052,13,26,0.7071067811865475,GL16_20,76.43492750363313,76.43492750362239,1.0743406164750425e-11
4053,13,26,0.816496580927726,GL16_20,36.30592942761834,36.30592942771525,-9.69109237256242e-11
4055,13,27,-1.0,back_uv64_96,131.1048961130198,131.10489611301978,2.842170943040441e-14
4056,13,27,-0.816496580927726,GL16_20,129.68635304617283,129.68635304616404,8.782308214033402e-12
4057,13,27,-0.7071067811865475,GL16_20,128.69740024004122,128.6974002400318,9.407585821507977e-12
4058,13,27,-0.5773502691896258,GL16_20,127.34889767870426,127.34889767869402,1.0246026249713135e-11
4059,13,27,-0.5,GL16_20,126.43565213891011,126.43565213889934,1.0771827874181135e-11
4060,13,27,-0.3333333333333333,GL16_20,124.11356506164368,124.11356506163166,1.2022383089133164e-11
4061,13,27,0.0,GL16_20,117.19320908286642,117.19320908285154,1.4878764886927188e-11
4062,13,27,0.3333333333333333,GL16_20,103.51225505428354,103.51225505426665,1.6896706256517932e-11
4063,13,27,0.5,GL16_20,89.9741663226398,89.97416632262471,1.509192770765841e-11
4064,13,27,0.5773502691896258,GL16_20,80.12220010857692,80.12220010856468,1.223554590986378e-11
4065,13,27,0.7071067811865475,GL16_20,52.07151920479577,52.071519204798015,-2.245315044999396e-12
4066,13,27,0.816496580927726,GL16_20,-2.053964120303851,-2.053964087845639,-3.245821159129057e-08
4068,13,28,-1.0,back_uv64_96,125.60242586969306,125.60242586969352,-4.547473508863607e-13
4069,13,28,-0.816496580927726,GL16_20,123.67364719155219,123.67364719155356,-1.3642420526584618e-12
4070,13,28,-0.7071067811865475,GL16_20,122.32957956962748,122.32957956962915,-1.6626700016772523e-12
4071,13,28,-0.5773502691896258,GL16_20,120.49729169894222,120.49729169894431,-2.0889956431325127e-12
4072,13,28,-0.5,GL16_20,119.25655841482656,119.25655841482893,-2.3732127374359187e-12
4073,13,28,-0.3333333333333333,GL16_20,116.10182853491824,116.10182853492134,-3.097966327909238e-12
4074,13,28,0.0,GL16_20,106.69607993205341,106.69607993205875,-5.343281372901678e-12
4075,13,28,0.3333333333333333,GL16_20,88.07084983302468,88.07084983303572,-1.1041834113650996e-11
4076,13,28,0.5,GL16_20,69.59747991464535,69.59747991468,-3.464606379506231e-11
4077,13,28,0.5773502691896258,GL16_20,56.132974661869845,56.13297466244238,-5.725340200295184e-10
4078,13,28,0.7071067811865475,GL16_20,17.737599629442926,17.73759997119808,-3.417550955558959e-07
4079,13,28,0.816496580927726,GL16_20,-56.46204481252874,-56.46191504406698,-0.0001297600421985273
4197,14,23,-1.0,back_uv64_96,141.55096091354943,141.55096091354923,1.9895196601284784e-13
4198,14,23,-0.816496580927726,GL16_20,141.13657135191082,141.1365713519092,1.6200374375343407e-12
4199,14,23,-0.7071067811865475,GL16_20,140.84383684885555,140.84383684885387,1.6768808563952424e-12
4200,14,23,-0.5773502691896258,GL16_20,140.44047619353697,140.4404761935352,1.762145984686601e-12
4201,14,23,-0.5,GL16_20,140.1650709148763,140.1650709148745,1.818989403547511e-12
4202,14,23,-0.3333333333333333,GL16_20,139.46611981104644,139.46611981104445,1.9895196601302596e-12
4203,14,23,0.0,GL16_20,137.81830585314572,137.81830585314256,3.1548097467798212e-12
4204,14,23,0.3333333333333333,GL16_20,134.8574327730448,134.85743277304016,4.632738637166585e-12
4205,14,23,0.5,GL16_20,131.14764698731236,131.14764698730613,6.224354365277849e-12
4206,14,23,0.5773502691896258,GL16_20,128.25678581172355,128.25678581171536,8.185452315989855e-12
4207,14,23,0.7071067811865475,GL16_20,119.74894224480929,119.7489422447907,1.8587797967656976e-11
4208,14,23,0.816496580927726,GL16_20,103.08476651055449,103.08476651049781,5.66728886058315e-11
4210,14,24,-1.0,back_uv64_96,140.17540654609468,140.17540654609473,-5.68434188608064e-14
4211,14,24,-0.816496580927726,GL16_20,139.6403236987815,139.6403236987809,5.968558980386623e-13
4212,14,24,-0.7071067811865475,GL16_20,139.26373984399265,139.26373984399197,6.821210263299288e-13
4213,14,24,-0.5773502691896258,GL16_20,138.7463511908695,138.74635119086864,8.526512829124837e-13
4214,14,24,-0.5,GL16_20,138.39378392930726,138.39378392930632,9.37916411203772e-13
4215,14,24,-0.3333333333333333,GL16_20,137.4912895924406,137.4912895924394,1.2221335055081191e-12
4216,14,24,0.0,GL16_20,134.84658483492655,134.84658483492413,2.4158453015872588e-12
4217,14,24,0.3333333333333333,GL16_20,130.1333613906679,130.13336139066269,5.20117282577746e-12
4218,14,24,0.5,GL16_20,125.31123998640604,125.31123998639963,6.409095476576642e-12
4219,14,24,0.5773502691896258,GL16_20,121.6556563491709,121.65565634916368,7.219114195348676e-12
4220,14,24,0.7071067811865475,GL16_20,110.96767328817842,110.96767328816696,1.1453948900518411e-11
4221,14,24,0.816496580927726,GL16_20,90.03092929034224,90.03092929031186,3.0382807381563444e-11
4223,14,25,-1.0,back_uv64_96,138.83104877683914,138.8310487768388,3.4106051316490625e-13
4224,14,25,-0.816496580927726,GL16_20,138.15040929436825,138.15040929436847,-2.273736754432062e-13
4225,14,25,-0.7071067811865475,GL16_20,137.67346701875934,137.6734670187596,-2.5579538487360335e-13
4226,14,25,-0.5773502691896258,GL16_20,137.0205723487969,137.02057234879715,-2.5579538487360335e-13
4227,14,25,-0.5,GL16_20,136.57704281124433,136.5770428112446,-2.842170943039997e-13
4228,14,25,-0.3333333333333333,GL16_20,135.44553901333356,135.4455390133338,-2.5579538487360335e-13
4229,14,25,0.0,GL16_20,132.06396773359475,132.06396773359475,0.0
4230,14,25,0.3333333333333333,GL16_20,125.54925220805339,125.5492522080511,2.28794760915014e-12
4231,14,25,0.5,GL16_20,119.24545580132508,119.2454558013193,5.783817869103942e-12
4232,14,25,0.5773502691896258,GL16_20,114.640267272399,114.6402672723901,8.895995051756023e-12
4233,14,25,0.7071067811865475,GL16_20,101.40015321384632,101.40015321382516,2.1159962671159655e-11
4234,14,25,0.816496580927726,GL16_20,75.62567646187486,75.62567646181867,5.6189719545487365e-11
4236,14,26,-1.0,back_uv64_96,136.442475245163,136.44247524516288,1.136868377216225e-13
4237,14,26,-0.816496580927726,GL16_20,135.53590478155726,135.5359047815564,8.526512829124837e-13
4238,14,26,-0.7071067811865475,GL16_20,134.9028034306349,134.90280343063387,1.0231815394950677e-12
4239,14,26,-0.5773502691896258,GL16_20,134.03850044441907,134.0385004444178,1.2789769243689982e-12
4240,14,26,-0.5,GL16_20,133.45267051324336,133.4526705132419,1.449507180951655e-12
4241,14,26,-0.3333333333333333,GL16_20,131.96195205122189,131.96195205121998,1.9042545318388816e-12
4242,14,26,0.0,GL16_20,127.51696370403882,127.51696370403525,3.5669245335220643e-12
4243,14,26,0.3333333333333333,GL16_20,118.75539477893182,118.75539477892423,7.588596417946663e-12
4244,14,26,0.5,GL16_20,110.13703040453117,110.13703040451882,1.2349232747586794e-11
4245,14,26,0.5773502691896258,GL16_20,103.88802274203353,103.8880227420174,1.612932010188435e-11
4246,14,26,0.7071067811865475,GL16_20,86.14315561673499,86.14315561670776,2.7227997634697723e-11
4247,14,26,0.816496580927726,GL16_20,51.96459936579584,51.96459936576279,3.305444806810616e-11
4249,14,27,-1.0,back_uv64_96,132.81742254273624,132.8174225427359,3.4106051316490625e-13
4250,14,27,-0.816496580927726,GL16_20,131.57775758573644,131.57775758572964,6.792788553889629e-12
4251,14,27,-0.7071067811865475,GL16_20,130.71357081591447,130.71357081590727,7.190692485918067e-12
4252,14,27,-0.5773502691896258,GL16_20,129.5353157763149,129.53531577630713,7.759126674530396e-12
4253,14,27,-0.5,GL16_20,128.7374616313113,128.7374616313032,8.100187187697948e-12
4254,14,27,-0.3333333333333333,GL16_20,126.70916875315417,126.70916875314529,8.881784197040695e-12
4255,14,27,0.0,GL16_20,120.66794981243908,120.66794981242842,1.06581410364583e-11
4256,14,27,0.3333333333333333,GL16_20,108.73848977853096,108.73848977851777,1.3187673175794417e-11
4257,14,27,0.5,GL16_20,96.94525574600362,96.94525574598751,1.611510924716892e-11
4258,14,27,0.5773502691896258,GL16_20,88.36815270589372,88.36815270587475,1.8971491044974635e-11
4259,14,27,0.7071067811865475,GL16_20,63.96536569366588,63.965365693635675,3.0205171697618036e-11
4260,14,27,0.816496580927726,GL16_20,16.92974080035371,16.929740808102526,-7.748816669382335e-09
4262,14,28,-1.0,back_uv64_96,127.63998953201042,127.63998953201046,-4.26325641456051e-14
4263,14,28,-0.816496580927726,GL16_20,125.92122174503776,125.92122174504068,-2.927436071327328e-12
4264,14,28,-0.7071067811865475,GL16_20,124.72372167157081,124.72372167157427,-3.4532376957881246e-12
4265,14,28,-0.5773502691896258,GL16_20,123.09151631472007,123.09151631472423,-4.163780431545519e-12
4266,14,28,-0.5,GL16_20,121.98644039213868,121.98644039214332,-4.646949491860258e-12
4267,14,28,-0.3333333333333333,GL16_20,119.17722137321658,119.1772213732224,-5.8122395785007286e-12
4268,14,28,0.0,GL16_20,110.80601788701118,110.80601788702,-8.824940778101504e-12
4269,14,28,0.3333333333333333,GL16_20,94.2450532883267,94.2450532883385,-1.1795009413548102e-11
4270,14,28,0.5,GL16_20,77.83397250403132,77.83397250404607,-1.4750867194270886e-11
4271,14,28,0.5773502691896258,GL16_20,65.87894908953297,65.8789490896871,-1.5413093022920275e-10
4272,14,28,0.7071067811865475,GL16_20,31.80626744305948,31.80626757045016,-1.2739067300081025e-07
4273,14,28,0.816496580927726,GL16_20,-33.99961036655454,-33.9995428245014,-6.753977223195673e-05
4378,15,23,-1.0,back_uv64_96,142.37996326748,142.37996326747992,8.526512829121566e-14
4379,15,23,-0.816496580927726,GL16_20,142.06287336769662,142.0628733676942,2.4158453015872588e-12
4380,15,23,-0.7071067811865475,GL16_20,141.8380683964642,141.83806839646164,2.5579538487396322e-12
4381,15,23,-0.5773502691896258,GL16_20,141.52741008825797,141.52741008825515,2.8137492336139553e-12
4382,15,23,-0.5,GL16_20,141.3147070382405,141.31470703823751,2.9842794901968737e-12
4383,15,23,-0.3333333333333333,GL16_20,140.76738175683298,140.76738175682954,3.4390268410847984e-12
4384,15,23,0.0,GL16_20,139.1797957595324,139.17979575952756,4.831690603180354e-12
4385,15,23,0.3333333333333333,GL16_20,136.5509054280902,136.5509054280834,6.792788553889629e-12
4386,15,23,0.5,GL16_20,133.76955433746372,133.76955433745354,1.01749719761364e-11
4387,15,23,0.5773502691896258,GL16_20,131.59248619229245,131.59248619227895,1.3500311979533032e-11
4388,15,23,0.7071067811865475,GL16_20,125.11025302913448,125.1102530291099,2.4584778657601672e-11
4389,15,23,0.816496580927726,GL16_20,112.31584280787685,112.3158428078304,4.644107321035853e-11
4391,15,24,-1.0,back_uv64_96,141.14736887065587,141.14736887065604,-1.705302565824095e-13
4392,15,24,-0.816496580927726,GL16_20,140.7232714688939,140.72327146889228,1.6200374375343407e-12
4393,15,24,-0.7071067811865475,GL16_20,140.42416183284786,140.42416183284598,1.875832822408424e-12
4394,15,24,-0.5773502691896258,GL16_20,140.0125193329938,140.01251933299162,2.1884716261435033e-12
4395,15,24,-0.5,GL16_20,139.73161904404503,139.73161904404262,2.4158453015872588e-12
4396,15,24,-0.3333333333333333,GL16_20,139.01113333967933,139.0111333396763,3.041122909057853e-12
4397,15,24,0.0,GL16_20,136.83765703685057,136.83765703684537,5.20117282577746e-12
4398,15,24,0.3333333333333333,GL16_20,132.6692895651545,132.66928956514488,9.606537787522697e-12
4399,15,24,0.5,GL16_20,128.65695157015318,128.65695157013982,1.3358203432379104e-11
4400,15,24,0.5773502691896258,GL16_20,125.71168364254859,125.71168364253275,1.584510300757577e-11
4401,15,24,0.7071067811865475,GL16_20,117.19775125027483,117.19775125025397,2.0861534722134145e-11
4402,15,24,0.816496580927726,GL16_20,100.58152146076696,100.58152146074625,2.0719426174979168e-11
4404,15,25,-1.0,back_uv64_96,139.95756703284513,139.957567032845,1.4210854715203013e-13
4405,15,25,-0.816496580927726,GL16_20,139.4010843234361,139.40108432343473,1.364242052660323e-12
4406,15,25,-0.7071067811865475,GL16_20,139.01068810005992,139.0106881000584,1.5347723092429942e-12
4407,15,25,-0.5773502691896258,GL16_20,138.47578984256745,138.47578984256566,1.7905676941170555e-12
4408,15,25,-0.5,GL16_20,138.112160827133,138.11216082713105,1.9610979506997995e-12
4409,15,25,-0.3333333333333333,GL16_20,137.18377068600108,137.18377068599867,2.4158453015872588e-12
4410,15,25,0.0,GL16_20,134.40006498541,134.40006498540583,4.177991286278117e-12
4411,15,25,0.3333333333333333,GL16_20,128.91880623809078,128.91880623808206,8.725464795172097e-12
4412,15,25,0.5,GL16_20,123.57608298298574,123.57608298297203,1.3713474800263964e-11
4413,15,25,0.5773502691896258,GL16_20,119.71830901972633,119.71830901970903,1.7308821043265838e-11
4414,15,25,0.7071067811865475,GL16_20,108.77967372936203,108.77967372933614,2.5892177291433253e-11
4415,15,25,0.816496580927726,GL16_20,87.7195510964892,87.71955109645627,3.2926550375665124e-11
4417,15,26,-1.0,back_uv64_96,137.7791012217159,137.77910122171605,-1.4210854715200994e-13
4418,15,26,-0.816496580927726,GL16_20,137.01511841829551,137.0151184182928,2.728484105322507e-12
4419,15,26,-0.7071067811865475,GL16_20,136.4813694353647,136.48136943536161,3.0979663279188355e-12
4420,15,26,-0.5773502691896258,GL16_20,135.75250209191228,135.75250209190864,3.63797880709833e-12
4421,15,26,-0.5,GL16_20,135.25838349777348,135.25838349776942,4.064304448556033e-12
4422,15,26,-0.3333333333333333,GL16_20,134.0008820225182,134.00088202251314,5.05906427862471e-12
4423,15,26,0.0,GL16_20,130.25169928000997,130.25169928000147,8.498091119726907e-12
4424,15,26,0.3333333333333333,GL16_20,122.8622916338866,122.86229163387102,1.5575096767982688e-11
4425,15,26,0.5,GL16_20,115.5891366880238,115.58913668800228,2.1515234039047286e-11
4426,15,26,0.5773502691896258,GL16_20,110.3172517362703,110.31725173624562,2.4670043785894984e-11
4427,15,26,0.7071067811865475,GL16_20,95.3735409656499,95.3735409656224,2.7498003874293947e-11
4428,15,26,0.816496580927726,GL16_20,66.68895124165753,66.68895124165026,7.275957614209896e-12
4430,15,27,-1.0,back_uv64_96,134.41896295479157,134.41896295479157,0.0
4431,15,27,-0.816496580927726,GL16_20,133.3462868753343,133.34628687532518,9.123368727201304e-12
4432,15,27,-0.7071067811865475,GL16_20,132.59852204661905,132.59852204660922,9.83391146296814e-12
4433,15,27,-0.5773502691896258,GL16_20,131.57906899596105,131.57906899595022,1.0828671293042556e-11
4434,15,27,-0.5,GL16_20,130.8888137081824,130.88881370817091,1.1482370609949141e-11
4435,15,27,-0.3333333333333333,GL16_20,129.13436590605278,129.1343659060397,1.3073986338071308e-11
4436,15,27,0.0,GL16_20,123.91189949626903,123.91189949625178,1.7251977624404047e-11
4437,15,27,0.3333333333333333,GL16_20,113.61258754907804,113.61258754905502,2.3021584638892244e-11
4438,15,27,0.5,GL16_20,103.4448922365718,103.44489223654627,2.5536905923544068e-11
4439,15,27,0.5773502691896258,GL16_20,96.05656226763952,96.05656226761394,2.5579538487690763e-11
4440,15,27,0.7071067811865475,GL16_20,75.05641844113052,75.056418441111,1.95115035241627e-11
4441,15,27,0.816496580927726,GL16_20,34.627688354302414,34.627688356013955,-1.7115411295795277e-09
4443,15,28,-1.0,back_uv64_96,129.5635348205493,129.56353482054973,-4.2632564145596923e-13
4444,15,28,-0.816496580927726,GL16_20,128.0425457400714,128.04254574006998,1.4210854715212101e-12
4445,15,28,-0.7071067811865475,GL16_20,126.98305280996827,126.98305280996695,1.3216094885146598e-12
4446,15,28,-0.5773502691896258,GL16_20,125.53921629892368,125.53921629892247,1.2079226507929e-12
4447,15,28,-0.5,GL16_20,124.56183899726223,124.5618389972611,1.1226575225015886e-12
4448,15,28,-0.3333333333333333,GL16_20,122.07780413441867,122.07780413441772,9.521272659189876e-13
4449,15,28,0.0,GL16_20,114.67986341581265,114.67986341581216,4.831690603169849e-13
4450,15,28,0.3333333333333333,GL16_20,100.05955098393437,100.05955098393515,-7.815970093358048e-13
4451,15,28,0.5,GL16_20,85.58637883920284,85.58637883920748,-4.646949491860258e-12
4452,15,28,0.5773502691896258,GL16_20,75.04959417768995,75.04959417773,-4.00461885866374e-11
4453,15,28,0.7071067811865475,GL16_20,45.03805603164739,45.03805607358791,-4.194051595775428e-08
4454,15,28,0.816496580927726,GL16_20,-12.882264221021046,-12.88223190811651,-3.231238247892662e-05
4546,16,23,-1.0,back_uv64_96,143.1067719426332,143.10677194263306,1.4210854715203013e-13
4547,16,23,-0.816496580927726,GL16_20,142.87636517570883,142.8763651757085,3.4106051316490625e-13
4548,16,23,-0.7071067811865475,GL16_20,142.7121007854917,142.7121007854914,3.1263880373449295e-13
4549,16,23,-0.5773502691896258,GL16_20,142.48410462976176,142.48410462976148,2.8421709430408046e-13
4550,16,23,-0.5,GL16_20,142.32743676083263,142.32743676083234,2.8421709430408046e-13
4551,16,23,-0.3333333333333333,GL16_20,141.92235518486098,141.92235518486075,2.273736754432579e-13
4552,16,23,0.0,GL16_20,140.68522528156012,140.68522528156,1.136868377216225e-13
4553,16,23,0.3333333333333333,GL16_20,138.35778975074058,138.35778975074004,5.400124791778219e-13
4554,16,23,0.5,GL16_20,136.15208145425512,136.152081454254,1.1368683772168065e-12
4555,16,23,0.5773502691896258,GL16_20,134.5122545561897,134.5122545561881,1.591615728103891e-12
4556,16,23,0.7071067811865475,GL16_20,129.6953407878593,129.69534078785512,4.177991286278117e-12
4557,16,23,0.816496580927726,GL16_20,120.20988818375329,120.20988818373648,1.6811441128225283e-11
4559,16,24,-1.0,back_uv64_96,142.01351221519516,142.01351221519522,-5.68434188608064e-14
4560,16,24,-0.816496580927726,GL16_20,141.6892568847058,141.68925688470674,-9.379164112028924e-13
4561,16,24,-0.7071067811865475,GL16_20,141.459837346609,141.45983734660993,-9.379164112028924e-13
4562,16,24,-0.5773502691896258,GL16_20,141.1433098790248,141.14330987902576,-9.663381206332693e-13
4563,16,24,-0.5,GL16_20,140.92686963300068,140.92686963300167,-9.947598300636455e-13
4564,16,24,-0.3333333333333333,GL16_20,140.37038330251104,140.37038330251204,-9.947598300636455e-13
4565,16,24,0.0,GL16_20,138.67807145583703,138.67807145583794,-9.094947017725146e-13
4566,16,24,0.3333333333333333,GL16_20,135.30473951763082,135.30473951763105,-2.273736754432062e-13
4567,16,24,0.5,GL16_20,132.01448299866865,132.01448299866797,6.821210263299288e-13
4568,16,24,0.5773502691896258,GL16_20,129.64089218322778,129.64089218322664,1.1368683772168065e-12
4569,16,24,0.7071067811865475,GL16_20,122.91662848131038,122.91662848130886,1.5205614545277706e-12
4570,16,24,0.816496580927726,GL16_20,110.00333265602097,110.00333265601911,1.8616219676931952e-12
4572,16,25,-1.0,back_uv64_96,140.97666925471432,140.97666925471407,2.557953848736688e-13
4573,16,25,-0.816496580927726,GL16_20,140.53305429602628,140.53305429602784,-1.5631940186709986e-12
4574,16,25,-0.7071067811865475,GL16_20,140.22130657051326,140.2213065705149,-1.6484591469620737e-12
4575,16,25,-0.5773502691896258,GL16_20,139.7935985219184,139.79359852192022,-1.8189894035442021e-12
4576,16,25,-0.5,GL16_20,139.50252681979865,139.50252681980058,-1.932676241265605e-12
4577,16,25,-0.3333333333333333,GL16_20,138.75849632195536,138.75849632195752,-2.1600499167083717e-12
4578,16,25,0.0,GL16_20,136.5226174933765,136.52261749337924,-2.7569058147453885e-12
4579,16,25,0.3333333333333333,GL16_20,132.0939895821998,132.093989582203,-3.1832314562001824e-12
4580,16,25,0.5,GL16_20,127.74953320979392,127.74953320979652,-2.6005864128785853e-12
4581,16,25,0.5773502691896258,GL16_20,124.61406008350524,124.61406008350693,-1.6910917111076086e-12
4582,16,25,0.7071067811865475,GL16_20,115.77125638260146,115.77125638259902,2.444267011017732e-12
4583,16,25,0.816496580927726,GL16_20,98.89789506943377,98.8978950694191,1.4665602066196008e-11
4585,16,26,-1.0,back_uv64_96,139.00631553636936,139.00631553636933,2.842170943040441e-14
4586,16,26,-0.816496580927726,GL16_20,138.373368023936,138.37336802393725,-1.2505552149369944e-12
4587,16,26,-0.7071067811865475,GL16_20,137.93087043010462,137.93087043010584,-1.2221335055066255e-12
4588,16,26,-0.5773502691896258,GL16_20,137.3263292118341,137.3263292118353,-1.1937117960762558e-12
4589,16,26,-0.5,GL16_20,136.91635692226038,136.91635692226154,-1.1652900866458854e-12
4590,16,26,-0.3333333333333333,GL16_20,135.87269024621395,135.872690246215,-1.0516032489243953e-12
4591,16,26,0.0,GL16_20,132.76055093590156,132.7605509359021,-5.400124791775303e-13
4592,16,26,0.3333333333333333,GL16_20,126.6321916518836,126.63219165188269,9.094947017733418e-13
4593,16,26,0.5,GL16_20,120.60866851854954,120.60866851854698,2.5579538487396322e-12
4594,16,26,0.5773502691896258,GL16_20,116.2475172492627,116.24751724925899,3.709033080674601e-12
4595,16,26,0.7071067811865475,GL16_20,103.90611910459484,103.9061191045882,6.636469152021357e-12
4596,16,26,0.816496580927726,GL16_20,80.27835431180807,80.27835431180071,7.361222742501731e-12
4598,16,27,-1.0,back_uv64_96,135.90863170833498,135.9086317083348,1.7053025658243858e-13
4599,16,27,-0.816496580927726,GL16_20,134.99103897384558,134.99103897384185,3.723243935389857e-12
4600,16,27,-0.7071067811865475,GL16_20,134.35134245950354,134.35134245949953,4.007461029694995e-12
4601,16,27,-0.5773502691896258,GL16_20,133.47923431595123,133.47923431594685,4.376943252291796e-12
4602,16,27,-0.5,GL16_20,132.8887781332732,132.8887781332686,4.604316927736049e-12
4603,16,27,-0.3333333333333333,GL16_20,131.3882093294396,131.38820932943443,5.172751116346908e-12
4604,16,27,0.0,GL16_20,126.92406709204236,126.92406709203617,6.1959326558472684e-12
4605,16,27,0.3333333333333333,GL16_20,118.13265669347007,118.1326566934636,6.465938895437816e-12
4606,16,27,0.5,GL16_20,109.46747866153936,109.4674786615337,5.655920176666393e-12
4607,16,27,0.5773502691896258,GL16_20,103.17775241978401,103.17775241977915,4.860112312610896e-12
4608,16,27,0.7071067811865475,GL16_20,85.32194691022008,85.32194691021692,3.1548097467798212e-12
4609,16,27,0.816496580927726,GL16_20,50.99743296218455,50.997432962481646,-2.9709923405923673e-10
4611,16,28,-1.0,back_uv64_96,131.37266016146395,131.37266016146407,-1.1368683772160957e-13
4612,16,28,-0.816496580927726,GL16_20,130.0372066004175,130.03720660042185,-4.348521542842359e-12
4613,16,28,-0.7071067811865475,GL16_20,129.10715394646874,129.1071539464737,-4.945377440878069e-12
4614,16,28,-0.5773502691896258,GL16_20,127.83996576872472,127.83996576873048,-5.755396159640249e-12
4615,16,28,-0.5,GL16_20,126.98232510080045,126.98232510080675,-6.295408638814672e-12
4616,16,28,-0.3333333333333333,GL16_20,124.80314452324544,124.80314452325315,-7.716494110324916e-12
4617,16,28,0.0,GL16_20,118.31720980651167,118.3172098065235,-1.182343112297817e-11
4618,16,28,0.3333333333333333,GL16_20,105.51403234171448,105.51403234173316,-1.8673063095601092e-11
4619,16,28,0.5,GL16_20,92.85442550994854,92.85442550997253,-2.3987922758973272e-11
4620,16,28,0.5773502691896258,GL16_20,83.64461941645591,83.64461941648852,-3.2613911570856767e-11
4621,16,28,0.7071067811865475,GL16_20,57.43252879642074,57.43252880825485,-1.1834110510343454e-08
4622,16,28,0.816496580927726,GL16_20,6.88922305616639,6.889237000917174,-1.3944653556726286e-05
4701,17,23,-1.0,back_uv64_96,143.7278310138489,143.7278310138488,1.136868377216225e-13
4702,17,23,-0.816496580927726,GL16_20,143.57299193492668,143.57299193492514,1.5347723092429942e-12
4703,17,23,-0.7071067811865475,GL16_20,143.4615078352943,143.46150783529268,1.6200374375343407e-12
4704,17,23,-0.5773502691896258,GL16_20,143.30558169235525,143.30558169235354,1.7053025658256945e-12
4705,17,23,-0.5,GL16_20,143.19777319983595,143.1977731998342,1.762145984686601e-12
4706,17,23,-0.3333333333333333,GL16_20,142.91703655904558,142.9170365590437,1.875832822408424e-12
4707,17,23,0.0,GL16_20,142.04261091055304,142.04261091055082,2.21689333557397e-12
4708,17,23,0.3333333333333333,GL16_20,140.27038469899486,140.2703846989922,2.6716406864615455e-12
4709,17,23,0.5,GL16_20,138.54753099302894,138.5475309930257,3.240074875071306e-12
4710,17,23,0.5773502691896258,GL16_20,137.30563729355944,137.30563729355566,3.780087354250878e-12
4711,17,23,0.7071067811865475,GL16_20,133.77615900709318,133.77615900708702,6.167510946416689e-12
4712,17,23,0.816496580927726,GL16_20,126.99218882572615,126.99218882571019,1.595878984529919e-11
4714,17,24,-1.0,back_uv64_96,142.77115948947417,142.77115948947423,-5.68434188608064e-14
4715,17,24,-0.816496580927726,GL16_20,142.53530505172827,142.53530505172773,5.400124791778219e-13
4716,17,24,-0.7071067811865475,GL16_20,142.3675808191674,142.3675808191668,5.968558980386623e-13
4717,17,24,-0.5773502691896258,GL16_20,142.13524437320828,142.1352443732076,6.821210263299288e-13
4718,17,24,-0.5,GL16_20,141.97585239289165,141.97585239289094,7.105427357603526e-13
4719,17,24,-0.3333333333333333,GL16_20,141.56448539961912,141.56448539961823,8.810729923429124e-13
4720,17,24,0.0,GL16_20,140.30389017530922,140.30389017530788,1.3358203432298806e-12
4721,17,24,0.3333333333333333,GL16_20,137.7509306972472,137.75093069724474,2.4726887204482057e-12
4722,17,24,0.5,GL16_20,135.22222889075488,135.2222288907511,3.780087354250878e-12
4723,17,24,0.5773502691896258,GL16_20,133.39523337945332,133.39523337944854,4.774847184319273e-12
4724,17,24,0.7071067811865475,GL16_20,128.25589144967793,128.25589144967066,7.275957614209896e-12
4725,17,24,0.816496580927726,GL16_20,118.52115787262798,118.5211578726184,9.57811607809202e-12
4727,17,25,-1.0,back_uv64_96,141.8863650779034,141.88636507790324,1.7053025658243858e-13
4728,17,25,-0.816496580927726,GL16_20,141.5441666458313,141.54416664583096,3.4106051316490625e-13
4729,17,25,-0.7071067811865475,GL16_20,141.3030626171554,141.3030626171551,3.1263880373449295e-13
4730,17,25,-0.5773502691896258,GL16_20,140.9715997343506,140.97159973435035,2.557953848736688e-13
4731,17,25,-0.5,GL16_20,140.74565265494914,140.74565265494888,2.557953848736688e-13
4732,17,25,-0.3333333333333333,GL16_20,140.167005685178,140.1670056851778,1.9895196601284784e-13
4733,17,25,0.0,GL16_20,138.4222251765653,138.42222517656518,1.136868377216225e-13
4734,17,25,0.3333333333333333,GL16_20,134.9548105244588,134.95481052445848,3.1263880373449295e-13
4735,17,25,0.5,GL16_20,131.54779332741205,131.54779332741077,1.2789769243689982e-12
4736,17,25,0.5773502691896258,GL16_20,129.0900877653757,129.09008776537323,2.4726887204482057e-12
4737,17,25,0.7071067811865475,GL16_20,122.17780709551242,122.17780709550523,7.190692485918067e-12
4738,17,25,0.816496580927726,GL16_20,109.06450784967858,109.06450784966195,1.6626700016924568e-11
4740,17,26,-1.0,back_uv64_96,140.1228604666129,140.12286046661296,-5.68434188608064e-14
4741,17,26,-0.816496580927726,GL16_20,139.6093540182145,139.6093540182138,7.105427357603526e-13
4742,17,26,-0.7071067811865475,GL16_20,139.2499853228056,139.2499853228048,7.958078640516289e-13
4743,17,26,-0.5773502691896258,GL16_20,138.7586401333116,138.75864013331068,9.094947017733418e-13
4744,17,26,-0.5,GL16_20,138.42524012141527,138.42524012141425,1.0231815394950677e-12
4745,17,26,-0.3333333333333333,GL16_20,137.57601726654482,137.57601726654354,1.2789769243689982e-12
4746,17,26,0.0,GL16_20,135.0420753542838,135.0420753542816,2.21689333557397e-12
4747,17,26,0.3333333333333333,GL16_20,130.05582078618568,130.05582078618121,4.462208380583385e-12
4748,17,26,0.5,GL16_20,125.1644313580445,125.16443135803749,7.0059513746191294e-12
4749,17,26,0.5773502691896258,GL16_20,121.62884037442213,121.62884037441326,8.867573342325367e-12
4750,17,26,0.7071067811865475,GL16_20,111.64565922993017,111.64565922991696,1.3216094885225196e-11
4751,17,26,0.816496580927726,GL16_20,92.59199978425863,92.5919997842475,1.1127099242065075e-11
4753,17,27,-1.0,back_uv64_96,137.28577709774714,137.2857770977471,5.684341886080963e-14
4754,17,27,-0.816496580927726,GL16_20,136.51137732343324,136.51137732342767,5.5706550483747016e-12
4755,17,27,-0.7071067811865475,GL16_20,135.97140809848642,135.97140809848042,5.996980689833228e-12
4756,17,27,-0.5773502691896258,GL16_20,135.23520634392017,135.23520634391366,6.508571459583699e-12
4757,17,27,-0.5,GL16_20,134.73676247535315,134.73676247534632,6.821210263320226e-12
4758,17,27,-0.3333333333333333,GL16_20,133.47013947363038,133.47013947362277,7.617018127377283e-12
4759,17,27,0.0,GL16_20,129.70398681124806,129.70398681123865,9.407585821507977e-12
4760,17,27,0.3333333333333333,GL16_20,122.29835475127543,122.29835475126409,1.13402620627955e-11
4761,17,27,0.5,GL16_20,115.0123650614498,115.01236506143769,1.2107648217425405e-11
4762,17,27,0.5773502691896258,GL16_20,109.73051311755154,109.73051311753933,1.2207124200433029e-11
4763,17,27,0.7071067811865475,GL16_20,94.75835971378858,94.75835971377815,1.043076736101267e-11
4764,17,27,0.816496580927726,GL16_20,66.03083824702807,66.03083824706867,-4.060041192050793e-11
4766,17,28,-1.0,back_uv64_96,133.06712963357242,133.0671296335727,-2.842170943039997e-13
4767,17,28,-0.816496580927726,GL16_20,131.90497075970106,131.90497075970214,-1.080024958354769e-12
4768,17,28,-0.7071067811865475,GL16_20,131.09579341566268,131.09579341566416,-1.4779288903799162e-12
4769,17,28,-0.5773502691896258,GL16_20,129.9935366230075,129.99353662300956,-2.07478478841734e-12
4770,17,28,-0.5,GL16_20,129.24767388560025,129.24767388560272,-2.4726887204420916e-12
4771,17,28,-0.3333333333333333,GL16_20,127.35302983383336,127.3530298338369,-3.5385028240790385e-12
4772,17,28,0.0,GL16_20,121.71791056252853,121.71791056253517,-6.6364691519773145e-12
4773,17,28,0.3333333333333333,GL16_20,110.60852582309792,110.60852582310957,-1.1652900866397748e-11
4774,17,28,0.5,GL16_20,99.63825568125228,99.63825568126781,-1.553246420359516e-11
4775,17,28,0.5773502691896258,GL16_20,91.66420717919337,91.66420717921233,-1.8957280189899784e-11
4776,17,28,0.7071067811865475,GL16_20,68.98988991924278,68.98988992199484,-2.752059909504388e-09
4777,17,28,0.816496580927726,GL16_20,25.315037242189547,25.31504254050349,-5.298299907983822e-06
4843,18,23,-1.0,back_uv64_96,144.24045507900735,144.2404550790073,5.684341886080963e-14
4844,18,23,-0.816496580927726,GL16_20,144.14976710105333,144.1497671010533,2.842170943040441e-14
4845,18,23,-0.7071067811865475,GL16_20,144.08308954688448,144.0830895468845,-2.8421709430403604e-14
4846,18,23,-0.5773502691896258,GL16_20,143.98834394218284,143.9883439421829,-5.68434188608064e-14
4847,18,23,-0.5,GL16_20,143.92201064564708,143.92201064564716,-8.526512829120839e-14
4848,18,23,-0.3333333333333333,GL16_20,143.7468267270847,143.74682672708494,-2.273736754432062e-13
4849,18,23,0.0,GL16_20,143.1863429797712,143.18634297977178,-5.684341886079186e-13
4850,18,23,0.3333333333333333,GL16_20,142.00032326597352,142.00032326597503,-1.5063505998102778e-12
4851,18,23,0.5,GL16_20,140.80366279925832,140.80366279926088,-2.557953848733089e-12
4852,18,23,0.5773502691896258,GL16_20,139.9353027323795,139.9353027323829,-3.3821834222123573e-12
4853,18,23,0.7071067811865475,GL16_20,137.49101071893065,137.49101071893648,-5.826450433215848e-12
4854,18,23,0.816496580927726,GL16_20,132.89357168403058,132.8935716840401,-9.521272659140016e-12
4856,18,24,-1.0,back_uv64_96,143.4182404198534,143.4182404198535,-1.1368683772160957e-13
4857,18,24,-0.816496580927726,GL16_20,143.25915859261335,143.25915859261463,-1.2789769243673624e-12
4858,18,24,-0.7071067811865475,GL16_20,143.14500758473045,143.14500758473181,-1.3642420526584618e-12
4859,18,24,-0.5773502691896258,GL16_20,142.9857685316736,142.9857685316751,-1.4779288903799162e-12
4860,18,24,-0.5,GL16_20,142.87590056974338,142.87590056974489,-1.5063505998102778e-12
4861,18,24,-0.3333333333333333,GL16_20,142.59048437128797,142.59048437128968,-1.7053025658227864e-12
4862,18,24,0.0,GL16_20,141.70479103695283,141.70479103695502,-2.188471626138714e-12
4863,18,24,0.3333333333333333,GL16_20,139.88389486730856,139.8838948673116,-3.0411229090486046e-12
4864,18,24,0.5,GL16_20,138.06101877096071,138.06101877096467,-3.950617610818354e-12
4865,18,24,0.5773502691896258,GL16_20,136.73930496301858,136.73930496302333,-4.746425474866205e-12
4866,18,24,0.7071067811865475,GL16_20,133.02508247452676,133.0250824745345,-7.759126674470192e-12
4867,18,24,0.816496580927726,GL16_20,126.0457533395064,126.04575333952357,-1.7166712495816672e-11
4869,18,25,-1.0,back_uv64_96,142.68509403148357,142.68509403148343,1.4210854715203013e-13
4870,18,25,-0.816496580927726,GL16_20,142.43276359162536,142.43276359162712,-1.7621459846834959e-12
4871,18,25,-0.7071067811865475,GL16_20,142.25423835129274,142.25423835129465,-1.9042545318352554e-12
4872,18,25,-0.5773502691896258,GL16_20,142.00800384584545,142.00800384584755,-2.103206497847685e-12
4873,18,25,-0.5,GL16_20,141.83970674727988,141.83970674728212,-2.245315044999396e-12
4874,18,25,-0.3333333333333333,GL16_20,141.40738387274286,141.40738387274547,-2.61479726759375e-12
4875,18,25,0.0,GL16_20,140.0964095289078,140.09640952891158,-3.780087354236589e-12
4876,18,25,0.3333333333333333,GL16_20,137.4775111093767,137.47751110938265,-5.940137270936795e-12
4877,18,25,0.5,GL16_20,134.901243502004,134.901243502012,-7.986500349911634e-12
4878,18,25,0.5773502691896258,GL16_20,133.04482280302653,133.04482280303588,-9.3507424025592e-12
4879,18,25,0.7071067811865475,GL16_20,127.83980845209756,127.83980845211057,-1.3017142919040312e-11
4880,18,25,0.816496580927726,GL16_20,118.02629074475479,118.02629074477473,-1.9937829165229652e-11
4882,18,26,-1.0,back_uv64_96,141.1277565788452,141.1277565788453,-8.526512829120839e-14
4883,18,26,-0.816496580927726,GL16_20,140.72209171496053,140.7220917149626,-2.07478478841734e-12
4884,18,26,-0.7071067811865475,GL16_20,140.43773448858045,140.43773448858266,-2.2168933355690553e-12
4885,18,26,-0.5773502691896258,GL16_20,140.04847242051693,140.04847242051923,-2.3021584638600746e-12
4886,18,26,-0.5,GL16_20,139.78408829247368,139.7840882924761,-2.4158453015814225e-12
4887,18,26,-0.3333333333333333,GL16_20,139.10998106156265,139.10998106156526,-2.61479726759375e-12
4888,18,26,0.0,GL16_20,137.09566107924394,137.09566107924707,-3.1263880373395537e-12
4889,18,26,0.3333333333333333,GL16_20,133.1322295585498,133.13222955855397,-4.177991286260662e-12
4890,18,26,0.5,GL16_20,129.25217965512687,129.25217965513247,-5.599076757773915e-12
4891,18,26,0.5773502691896258,GL16_20,126.45320477211838,126.45320477212536,-6.977529665139841e-12
4892,18,26,0.7071067811865475,GL16_20,118.57189299307737,118.57189299308973,-1.2363443602149316e-11
4893,18,26,0.816496580927726,GL16_20,103.59075966082156,103.59075966084998,-2.842170943000011e-11
4895,18,27,-1.0,back_uv64_96,138.54993250872343,138.54993250872337,5.684341886080963e-14
4896,18,27,-0.816496580927726,GL16_20,137.90687586279117,137.90687586278946,1.7053025658256945e-12
4897,18,27,-0.7071067811865475,GL16_20,137.4583237579567,137.45832375795484,1.847411112977967e-12
4898,18,27,-0.5773502691896258,GL16_20,136.84663370321013,136.84663370320808,2.0463630789911823e-12
4899,18,27,-0.5,GL16_20,136.43244547771076,136.4324454777086,2.1600499167130375e-12
4900,18,27,-0.3333333333333333,GL16_20,135.3799108763834,135.37991087638102,2.3874235921567865e-12
4901,18,27,0.0,GL16_20,132.251620098044,132.25162009804146,2.529532139309156e-12
4902,18,27,0.3333333333333333,GL16_20,126.11001638965872,126.11001638965831,4.1211478674094303e-13
4903,18,27,0.5,GL16_20,120.08017355561304,120.08017355561694,-3.893774191957769e-12
4904,18,27,0.5773502691896258,GL16_20,115.71556773784759,115.71556773785547,-7.87281351219092e-12
4905,18,27,0.7071067811865475,GL16_20,103.36626416364805,103.3662641636694,-2.1344703782005612e-11
4906,18,27,0.816496580927726,GL16_20,79.72782247670645,79.72782247675792,-5.1471715777136986e-11
4908,18,28,-1.0,back_uv64_96,134.64685884609523,134.64685884609548,-2.5579538487360335e-13
4909,18,28,-0.816496580927726,GL16_20,133.6457690021775,133.64576900218236,-4.860112312587275e-12
4910,18,28,-0.7071067811865475,GL16_20,132.94891176261834,132.94891176262382,-5.485389920052929e-12
4911,18,28,-0.5773502691896258,GL16_20,131.99988252849207,131.9998825284985,-6.423306331250676e-12
4912,18,28,-0.5,GL16_20,131.35784816287457,131.35784816288162,-7.0485839387153526e-12
4913,18,28,-0.3333333333333333,GL16_20,129.72744832378123,129.72744832378996,-8.725464795095964e-12
4914,18,28,0.0,GL16_20,124.88205461456275,124.88205461457687,-1.4125589586811026e-11
4915,18,28,0.3333333333333333,GL16_20,115.3433670377146,115.34336703773982,-2.5224267119165425e-11
4916,18,28,0.5,GL16_20,105.93838749162381,105.93838749166011,-3.629452294196727e-11
4917,18,28,0.5773502691896258,GL16_20,99.10895265442379,99.10895265446823,-4.443734269344933e-11
4918,18,28,0.7071067811865475,GL16_20,79.71082175331969,79.71082175386984,-5.501448184382855e-10
4919,18,28,0.816496580927726,GL16_20,42.395912358786866,42.39591407328169,-1.7144933519242254e-06
4972,19,23,-1.0,back_uv64_96,144.6425659432509,144.64256594325084,5.684341886080963e-14
4973,19,23,-0.816496580927726,GL16_20,144.6044221570078,144.60442215700638,1.4210854715212101e-12
4974,19,23,-0.7071067811865475,GL16_20,144.5744474223006,144.5744474222991,1.506350599812547e-12
4975,19,23,-0.5773502691896258,GL16_20,144.52981895883934,144.52981895883772,1.6200374375343407e-12
4976,19,23,-0.5,GL16_20,144.4974608600901,144.49746086008838,1.7053025658256945e-12
4977,19,23,-0.3333333333333333,GL16_20,144.40873842014128,144.40873842013937,1.9042545318388816e-12
4978,19,23,0.0,GL16_20,144.10580199534954,144.10580199534706,2.4726887204482057e-12
4979,19,23,0.3333333333333333,GL16_20,143.42052473093955,143.42052473093602,3.5242919693763072e-12
4980,19,23,0.5,GL16_20,142.6998330639529,142.6998330639485,4.405364961722325e-12
4981,19,23,0.5773502691896258,GL16_20,142.16804758932335,142.16804758931838,4.973799150333071e-12
4982,19,23,0.7071067811865475,GL16_20,140.65995875840517,140.6599587583987,6.48014975015311e-12
4983,19,23,0.816496580927726,GL16_20,137.84085725880342,137.840857258794,9.43600753093865e-12
4985,19,24,-1.0,back_uv64_96,143.95312085089947,143.9531208508995,-2.8421709430403604e-14
4986,19,24,-0.816496580927726,GL16_20,143.85906157509254,143.85906157509183,7.105427357603526e-13
4987,19,24,-0.7071067811865475,GL16_20,143.79028156420293,143.79028156420213,7.958078640516289e-13
4988,19,24,-0.5773502691896258,GL16_20,143.69294320935413,143.69294320935325,8.810729923429124e-13
4989,19,24,-0.5,GL16_20,143.6250092713355,143.62500927133453,9.663381206342032e-13
4990,19,24,-0.3333333333333333,GL16_20,143.44622260526828,143.4462226052671,1.1652900866472433e-12
4991,19,24,0.0,GL16_20,142.87774681503697,142.87774681503518,1.7905676941170555e-12
4992,19,24,0.3333333333333333,GL16_20,141.6778553888004,141.67785538879716,3.240074875071306e-12
4993,19,24,0.5,GL16_20,140.45850983839313,140.45850983838838,4.746425474888734e-12
4994,19,24,0.5773502691896258,GL16_20,139.5695523292205,139.56955232921467,5.826450433249796e-12
4995,19,24,0.7071067811865475,GL16_20,137.06748810762062,137.06748810761192,8.697043085741446e-12
4996,19,24,0.816496580927726,GL16_20,132.39321681850106,132.39321681848895,1.2107648217425405e-11
4998,19,25,-1.0,back_uv64_96,143.37161097803778,143.3716109780376,1.7053025658243858e-13
4999,19,25,-0.816496580927726,GL16_20,143.1975420951725,143.19754209517154,9.663381206342032e-13
5000,19,25,-0.7071067811865475,GL16_20,143.07349832193057,143.07349832192952,1.0516032489255012e-12
5001,19,25,-0.5773502691896258,GL16_20,142.90144184046156,142.90144184046045,1.1084466677863706e-12
5002,19,25,-0.5,GL16_20,142.78330435532078,142.78330435531964,1.1368683772168065e-12
5003,19,25,-0.3333333333333333,GL16_20,142.47823166201434,142.47823166201306,1.2789769243689982e-12
5004,19,25,0.0,GL16_20,141.54390754162088,141.54390754161923,1.6484591469647911e-12
5005,19,25,0.3333333333333333,GL16_20,139.65890958580388,139.65890958580147,2.4158453015872588e-12
5006,19,25,0.5,GL16_20,137.79828947891482,137.79828947891144,3.3821834222237965e-12
5007,19,25,0.5773502691896258,GL16_20,136.4583690812854,136.4583690812812,4.20641299570864e-12
5008,19,25,0.7071067811865475,GL16_20,132.7141691799481,132.71416917994102,7.07700564819564e-12
5009,19,25,0.816496580927726,GL16_20,125.70985467355693,125.70985467354377,1.3159251466363638e-11
5011,19,26,-1.0,back_uv64_96,142.0202336306778,142.0202336306778,0.0
5012,19,26,-0.816496580927726,GL16_20,141.71082986891702,141.7108298689157,1.307398633799439e-12
5013,19,26,-0.7071067811865475,GL16_20,141.49338943525873,141.4933894352573,1.4210854715212101e-12
5014,19,26,-0.5773502691896258,GL16_20,141.19514019829893,141.19514019829728,1.6484591469647911e-12
5015,19,26,-0.5,GL16_20,140.992251385134,140.99225138513225,1.762145984686601e-12
5016,19,26,-0.3333333333333333,GL16_20,140.47404451581113,140.47404451580903,2.1032064978521083e-12
5017,19,26,0.0,GL16_20,138.92122888330525,138.92122888330195,3.2969182939322997e-12
5018,19,26,0.3333333333333333,GL16_20,135.86227225751927,135.86227225751333,5.9401372709720806e-12
5019,19,26,0.5,GL16_20,132.8731659549912,132.8731659549827,8.498091119726907e-12
5020,19,26,0.5773502691896258,GL16_20,130.72178608083382,130.7217860808236,1.0231815394997788e-11
5021,19,26,0.7071067811865475,GL16_20,124.68472816903481,124.68472816902064,1.4168222151156768e-11
5022,19,26,0.816496580927726,GL16_20,113.27095176155187,113.27095176153504,1.6825651982940724e-11
5024,19,27,-1.0,back_uv64_96,139.7007792016191,139.70077920161896,1.4210854715203013e-13
5025,19,27,-0.816496580927726,GL16_20,139.17727798500644,139.17727798500076,5.684341886096957e-12
5026,19,27,-0.7071067811865475,GL16_20,138.8118797444409,138.81187974443475,6.13908923698611e-12
5027,19,27,-0.5773502691896258,GL16_20,138.31337346470684,138.31337346470008,6.764366844459032e-12
5028,19,27,-0.5,GL16_20,137.97573034222168,137.97573034221452,7.162270776487459e-12
5029,19,27,-0.3333333333333333,GL16_20,137.11754391993443,137.11754391992625,8.185452315989855e-12
5030,19,27,0.0,GL16_20,134.56730885781195,134.56730885780115,1.0800249583611846e-11
5031,19,27,0.3333333333333333,GL16_20,129.56853388572065,129.56853388570644,1.4210854715302978e-11
5032,19,27,0.5,GL16_20,124.67228997973604,124.67228997972023,1.5802470443429487e-11
5033,19,27,0.5773502691896258,GL16_20,121.13458868652214,121.13458868650594,1.6200374375461512e-11
5034,19,27,0.7071067811865475,GL16_20,111.14776705733229,111.14776705731722,1.506350599822758e-11
5035,19,27,0.816496580927726,GL16_20,92.0906487900905,92.09064879008365,6.849631972750825e-12
5037,19,28,-1.0,back_uv64_96,136.111907433924,136.11190743392407,-8.526512829120839e-14
5038,19,28,-0.816496580927726,GL16_20,135.25968993934364,135.2596899393421,1.5347723092429942e-12
5039,19,28,-0.7071067811865475,GL16_20,134.66661575571882,134.66661575571746,1.364242052660323e-12
5040,19,28,-0.5773502691896258,GL16_20,133.859133436489,133.8591334364879,1.1084466677863706e-12
5041,19,28,-0.5,GL16_20,133.3129930846763,133.31299308467538,9.094947017733418e-13
5042,19,28,-0.3333333333333333,GL16_20,131.92658397858958,131.92658397858924,3.4106051316490625e-13
5043,19,28,0.0,GL16_20,127.8099594085913,127.80995940859283,-1.5347723092406386e-12
5044,19,28,0.3333333333333333,GL16_20,119.7191921257587,119.7191921257642,-5.499600774768053e-12
5045,19,28,0.5,GL16_20,111.75571673800388,111.75571673801315,-9.265477274268782e-12
5046,19,28,0.5773502691896258,GL16_20,105.97987389067075,105.97987389068275,-1.2008172234273594e-11
5047,19,28,0.7071067811865475,GL16_20,89.59649894079824,89.59649894087772,-7.948131041896617e-11
5048,19,28,0.816496580927726,GL16_20,58.13311722990172,58.13311768033493,-4.5043310395614733e-07
5088,20,23,-1.0,back_uv64_96,144.93252167175638,144.93252167175638,0.0
5089,20,23,-0.816496580927726,GL16_20,144.93519014560445,144.93519014560422,2.273736754432579e-13
5090,20,23,-0.7071067811865475,GL16_20,144.9337316128876,144.9337316128874,1.9895196601284784e-13
5091,20,23,-0.5773502691896258,GL16_20,144.928049389103,144.92804938910282,1.7053025658243858e-13
5092,20,23,-0.5,GL16_20,144.92209725170298,144.9220972517028,1.7053025658243858e-13
5093,20,23,-0.3333333333333333,GL16_20,144.90058155828845,144.90058155828834,1.136868377216225e-13
5094,20,23,0.0,GL16_20,144.7978595556629,144.7978595556629,0.0
5095,20,23,0.3333333333333333,GL16_20,144.5041167543036,144.50411675430396,-3.6948222259518384e-13
5096,20,23,0.5,GL16_20,144.16116246933112,144.16116246933194,-8.242295734813765e-13
5097,20,23,0.5773502691896258,GL16_20,143.89772919899133,143.89772919899258,-1.2505552149369944e-12
5098,20,23,0.7071067811865475,GL16_20,143.12882437397167,143.12882437397445,-2.7853275241757137e-12
5099,20,23,0.816496580927726,GL16_20,141.66923437194447,141.66923437195135,-6.878053682134116e-12
5101,20,24,-1.0,back_uv64_96,144.37448787835632,144.3744878783564,-8.526512829120839e-14
5102,20,24,-0.816496580927726,GL16_20,144.33361937494672,144.3336193749476,-8.810729923421361e-13
5103,20,24,-0.7071067811865475,GL16_20,144.3019559029863,144.30195590298723,-9.379164112028924e-13
5104,20,24,-0.5773502691896258,GL16_20,144.2552565141758,144.25525651417684,-1.0231815394940208e-12
5105,20,24,-0.5,GL16_20,144.22162658943563,144.22162658943668,-1.0516032489243953e-12
5106,20,24,-0.3333333333333333,GL16_20,144.13006113498614,144.13006113498733,-1.1937117960762558e-12
5107,20,24,0.0,GL16_20,143.82095511926923,143.8209551192708,-1.5631940186709986e-12
5108,20,24,0.3333333333333333,GL16_20,143.12823561380404,143.12823561380625,-2.2168933355690553e-12
5109,20,24,0.5,GL16_20,142.40115768073795,142.40115768074085,-2.8990143618970066e-12
5110,20,24,0.5773502691896258,GL16_20,141.86435942302737,141.8643594230308,-3.4390268410729714e-12
5111,20,24,0.7071067811865475,GL16_20,140.3419767999691,140.34197679997445,-5.343281372901678e-12
5112,20,24,0.816496580927726,GL16_20,137.50216903619418,137.50216903620543,-1.125499693437665e-11
5114,20,25,-1.0,back_uv64_96,143.9449063943236,143.94490639432354,5.684341886080963e-14
5115,20,25,-0.816496580927726,GL16_20,143.8374589699455,143.83745896994657,-1.080024958354769e-12
5116,20,25,-0.7071067811865475,GL16_20,143.75978339660688,143.75978339660807,-1.1937117960762558e-12
5117,20,25,-0.5773502691896258,GL16_20,143.65084300663506,143.65084300663636,-1.3073986337977297e-12
5118,20,25,-0.5,GL16_20,143.5753737014275,143.57537370142893,-1.4210854715191906e-12
5119,20,25,-0.3333333333333333,GL16_20,143.3784997255883,143.37849972558996,-1.6484591469620737e-12
5120,20,25,0.0,GL16_20,142.7639538253536,142.7639538253561,-2.501110429872425e-12
5121,20,25,0.3333333333333333,GL16_20,141.49935596510542,141.4993559651096,-4.177991286260662e-12
5122,20,25,0.5,GL16_20,140.23989185610702,140.23989185611305,-6.025402399227497e-12
5123,20,25,0.5773502691896258,GL16_20,139.33163324130157,139.33163324130896,-7.389644451877739e-12
5124,20,25,0.7071067811865475,GL16_20,136.8003869326961,136.80038693270762,-1.1510792319247374e-11
5125,20,25,0.816496580927726,GL16_20,132.11025962043834,132.11025962045835,-2.0008883438804244e-11
5127,20,26,-1.0,back_uv64_96,142.79967967139984,142.79967967139999,-1.4210854715200994e-13
5128,20,26,-0.816496580927726,GL16_20,142.57499136472563,142.57499136472737,-1.7337242752531416e-12
5129,20,26,-0.7071067811865475,GL16_20,142.41640749264553,142.41640749264735,-1.8189894035442021e-12
5130,20,26,-0.5773502691896258,GL16_20,142.19816058972896,142.1981605897309,-1.932676241265605e-12
5131,20,26,-0.5,GL16_20,142.04929497627248,142.04929497627452,-2.0463630789869947e-12
5132,20,26,-0.3333333333333333,GL16_20,141.66792264644798,141.66792264645022,-2.245315044999396e-12
5133,20,26,0.0,GL16_20,140.51910356785496,140.51910356785777,-2.813749233606038e-12
5134,20,26,0.3333333333333333,GL16_20,138.24771335898183,138.24771335898575,-3.922195901388061e-12
5135,20,26,0.5,GL16_20,136.03044614893943,136.03044614894478,-5.343281372901678e-12
5136,20,26,0.5773502691896258,GL16_20,134.43844126806545,134.43844126807215,-6.70752342555285e-12
5137,20,26,0.7071067811865475,GL16_20,129.98964109552136,129.9896410955333,-1.1937117960698436e-11
5138,20,26,0.816496580927726,GL16_20,121.63904101505469,121.63904101507994,-2.525268882859511e-11
5140,20,27,-1.0,back_uv64_96,140.73811670139074,140.73811670139082,-8.526512829120839e-14
5141,20,27,-0.816496580927726,GL16_20,140.32246415138732,140.32246415138624,1.0800249583559355e-12
5142,20,27,-0.7071067811865475,GL16_20,140.03201807381242,140.0320180738112,1.2221335055081191e-12
5143,20,27,-0.5773502691896258,GL16_20,139.63545620172522,139.6354562017238,1.4210854715212101e-12
5144,20,27,-0.5,GL16_20,139.36670955585785,139.36670955585635,1.506350599812547e-12
5145,20,27,-0.3333333333333333,GL16_20,138.68329102210544,138.68329102210365,1.7905676941170555e-12
5146,20,27,0.0,GL16_20,136.6517570333578,136.6517570333556,2.1884716261435033e-12
5147,20,27,0.3333333333333333,GL16_20,132.67536353626315,132.67536353626224,9.094947017733418e-13
5148,20,27,0.5,GL16_20,128.79084949966105,128.79084949966378,-2.7284841053150624e-12
5149,20,27,0.5773502691896258,GL16_20,125.99014376161584,125.99014376162219,-6.35225205767512e-12
5150,20,27,0.7071067811865475,GL16_20,118.10623417132045,118.10623417133964,-1.918465386533868e-11
5151,20,27,0.816496580927726,GL16_20,103.12319183415353,103.12319183419686,-4.3328896025712214e-11
5153,20,28,-1.0,back_uv64_96,137.46247663749028,137.46247663749068,-3.9790393202557694e-13
5154,20,28,-0.816496580927726,GL16_20,136.7469800600198,136.74698006002328,-3.4674485505032773e-12
5155,20,28,-0.7071067811865475,GL16_20,136.249180025658,136.249180025662,-4.0074610296789356e-12
5156,20,28,-0.5773502691896258,GL16_20,135.57159912091785,135.57159912092257,-4.7180037654359355e-12
5157,20,28,-0.5,GL16_20,135.11344077330025,135.1134407733055,-5.2580162446109184e-12
5158,20,28,-0.3333333333333333,GL16_20,133.95082323408525,133.95082323409193,-6.679101716122637e-12
5159,20,28,0.0,GL16_20,130.50218012139547,130.50218012140692,-1.1453948900387219e-11
5160,20,28,0.3333333333333333,GL16_20,123.73695160199613,123.73695160201837,-2.2239987629043828e-11
5161,20,28,0.5,GL16_20,117.09154631519742,117.09154631523107,-3.365130396503214e-11
5162,20,28,0.5773502691896258,GL16_20,112.27845640234948,112.27845640239151,-4.203570824668403e-11
5163,20,28,0.7071067811865475,GL16_20,98.64866432468438,98.64866432475273,-6.835421117778549e-11
5164,20,28,0.816496580927726,GL16_20,72.52854586799492,72.52854595735877,-8.936384743693117e-08
5191,21,23,-1.0,back_uv64_96,145.1090016019276,145.10900160192756,2.842170943040441e-14
5192,21,23,-0.816496580927726,GL16_20,145.14066535692345,145.14066535692274,7.105427357603526e-13
5193,21,23,-0.7071067811865475,GL16_20,145.15948133304968,145.15948133304892,7.673861546212026e-13
5194,21,23,-0.5773502691896258,GL16_20,145.18150475346627,145.18150475346545,8.242295734820559e-13
5195,21,23,-0.5,GL16_20,145.19434561803763,145.19434561803675,8.810729923429124e-13
5196,21,23,-0.3333333333333333,GL16_20,145.22068323033656,145.22068323033557,9.94759830064635e-13
5197,21,23,0.0,GL16_20,145.26062132277139,145.2606213227701,1.2789769243689982e-12
5198,21,23,0.3333333333333333,GL16_20,145.24608095502444,145.24608095502256,1.875832822408424e-12
5199,21,23,0.5,GL16_20,145.172942709055,145.17294270905256,2.444267011017732e-12
5200,21,23,0.5773502691896258,GL16_20,145.10113587290923,145.10113587290638,2.8421709430444397e-12
5201,21,23,0.7071067811865475,GL16_20,144.85653144945778,144.856531449454,3.780087354250878e-12
5202,21,23,0.816496580927726,GL16_20,144.3361479038165,144.33614790381128,5.229594535208012e-12
5204,21,24,-1.0,back_uv64_96,144.6812702056109,144.68127020561093,-2.8421709430403604e-14
5205,21,24,-0.816496580927726,GL16_20,144.6817042402903,144.68170424029003,2.557953848736688e-13
5206,21,24,-0.7071067811865475,GL16_20,144.67886768102582,144.67886768102554,2.8421709430408046e-13
5207,21,24,-0.5773502691896258,GL16_20,144.67150299256045,144.6715029925601,3.4106051316490625e-13
5208,21,24,-0.5,GL16_20,144.6645217832164,144.664521783216,3.9790393202573527e-13
5209,21,24,-0.3333333333333333,GL16_20,144.64071772368825,144.6407177236878,4.547473508865675e-13
5210,21,24,0.0,GL16_20,144.53309268810588,144.5330926881051,7.673861546212026e-13
5211,21,24,0.3333333333333333,GL16_20,144.23388770886385,144.23388770886243,1.4210854715212101e-12
5212,21,24,0.5,GL16_20,143.8876907554878,143.8876907554856,2.1884716261435033e-12
5213,21,24,0.5773502691896258,GL16_20,143.62239325467874,143.62239325467596,2.7853275241834718e-12
5214,21,24,0.7071067811865475,GL16_20,142.84919189244573,142.84919189244118,4.547473508874981e-12
5215,21,24,0.816496580927726,GL16_20,141.38401579941336,141.38401579940555,7.815970093391646e-12
5217,21,25,-1.0,back_uv64_96,144.4041494296083,144.4041494296082,1.136868377216225e-13
5218,21,25,-0.816496580927726,GL16_20,144.351664457566,144.35166445756528,7.105427357603526e-13
5219,21,25,-0.7071067811865475,GL16_20,144.31223744839582,144.31223744839505,7.673861546212026e-13
5220,21,25,-0.5773502691896258,GL16_20,144.25535184073735,144.25535184073652,8.242295734820559e-13
5221,21,25,-0.5,GL16_20,144.21506598024766,144.21506598024683,8.242295734820559e-13
5222,21,25,-0.3333333333333333,GL16_20,144.10738004165,144.10738004164907,9.37916411203772e-13
5223,21,25,0.0,GL16_20,143.7560788559175,143.75607885591631,1.1937117960776808e-12
5224,21,25,0.3333333333333333,GL16_20,143.00001483275867,143.00001483275705,1.6200374375343407e-12
5225,21,25,0.5,GL16_20,142.22973105175868,142.2297310517566,2.074784788421645e-12
5226,21,25,0.5773502691896258,GL16_20,141.67038785278612,141.67038785278368,2.444267011017732e-12
5227,21,25,0.7071067811865475,GL16_20,140.11018864069175,140.11018864068802,3.723243935389857e-12
5228,21,25,0.816496580927726,GL16_20,137.2473573971284,137.24735739712133,7.07700564819564e-12
5230,21,26,-1.0,back_uv64_96,143.4656024950619,143.46560249506192,-2.8421709430403604e-14
5231,21,26,-0.816496580927726,GL16_20,143.31412844718045,143.31412844717966,7.958078640516289e-13
5232,21,26,-0.7071067811865475,GL16_20,143.20638253276516,143.2063825327643,8.526512829124837e-13
5233,21,26,-0.5773502691896258,GL16_20,143.05719812769325,143.0571981276923,9.663381206342032e-13
5234,21,26,-0.5,GL16_20,142.95494035955275,142.9549403595517,1.0516032489255012e-12
5235,21,26,-0.3333333333333333,GL16_20,142.69151188773068,142.69151188772943,1.2505552149385583e-12
5236,21,26,0.0,GL16_20,141.88992075828543,141.8899207582834,2.0179413695607206e-12
5237,21,26,0.3333333333333333,GL16_20,140.29110604983578,140.29110604983205,3.723243935389857e-12
5238,21,26,0.5,GL16_20,138.72847827558908,138.72847827558348,5.599076757805265e-12
5239,21,26,0.5773502691896258,GL16_20,137.60891416261063,137.60891416260367,6.963318810473226e-12
5240,21,26,0.7071067811865475,GL16_20,134.49549119458942,134.49549119457888,1.0544454198735479e-11
5241,21,26,0.816496580927726,GL16_20,128.70725909304286,128.70725909302743,1.5432988220828464e-11
5243,21,27,-1.0,back_uv64_96,141.66183808806608,141.66183808806602,5.684341886080963e-14
5244,21,27,-0.816496580927726,GL16_20,141.34242467433458,141.34242467433043,4.1495695768475945e-12
5245,21,27,-0.7071067811865475,GL16_20,141.11880399502303,141.1188039950185,4.5190517994444485e-12
5246,21,27,-0.5773502691896258,GL16_20,140.81305661992764,140.8130566199226,5.030642569194163e-12
5247,21,27,-0.5,GL16_20,140.6056355295567,140.60563552955134,5.3717030823607854e-12
5248,21,27,-0.3333333333333333,GL16_20,140.0776097285032,140.077609728497,6.1959326558472684e-12
5249,21,27,0.0,GL16_20,138.5060288488942,138.5060288488856,8.611777957449495e-12
5250,21,27,0.3333333333333333,GL16_20,135.43258772303236,135.43258772302005,1.2306600183440661e-11
5251,21,27,0.5,GL16_20,132.43883943247056,132.43883943245604,1.4523493519041913e-11
5252,21,27,0.5773502691896258,GL16_20,130.28583131936705,130.28583131935153,1.5518253349120998e-11
5253,21,27,0.7071067811865475,GL16_20,124.24654673604145,124.24654673602521,1.624300693960781e-11
5254,21,27,0.816496580927726,GL16_20,112.83130595007995,112.83130595006718,1.277555838904821e-11
5256,21,28,-1.0,back_uv64_96,138.69891063035175,138.69891063035195,-1.9895196601280826e-13
5257,21,28,-0.816496580927726,GL16_20,138.10804910527966,138.10804910527776,1.9042545318388816e-12
5258,21,28,-0.7071067811865475,GL16_20,137.69705521300685,137.69705521300503,1.818989403547511e-12
5259,21,28,-0.5773502691896258,GL16_20,137.1377808625803,137.13778086257864,1.6768808563952424e-12
5260,21,28,-0.5,GL16_20,136.75972418179765,136.7597241817961,1.5631940186734422e-12
5261,21,28,-0.3333333333333333,GL16_20,135.80077346946663,135.8007734694654,1.2221335055081191e-12
5262,21,28,0.0,GL16_20,132.95953582575743,132.9595358257576,-1.705302565824095e-13
5263,21,28,0.3333333333333333,GL16_20,127.3979453426565,127.39794534265991,-3.4106051316426648e-12
5264,21,28,0.5,GL16_20,121.94764140632203,121.94764140632864,-6.608047442547099e-12
5265,21,28,0.5773502691896258,GL16_20,118.0067300513796,118.00673005138846,-8.853362487531657e-12
5266,21,28,0.7071067811865475,GL16_20,106.86976069820304,106.8697606982185,-1.5461409930020252e-11
5267,21,28,0.816496580927726,GL16_20,85.5848867686089,85.58488678041631,-1.1807415420076505e-08
5281,22,23,-1.0,back_uv64_96,145.17092664927256,145.17092664927256,0.0
5282,22,23,-0.816496580927726,GL16_20,145.2197088308404,145.21970883084018,2.273736754432579e-13
5283,22,23,-0.7071067811865475,GL16_20,145.25051950257122,145.25051950257097,2.557953848736688e-13
5284,22,23,-0.5773502691896258,GL16_20,145.2889605597863,145.28896055978603,2.557953848736688e-13
5285,22,23,-0.5,GL16_20,145.3129522579859,145.31295225798564,2.557953848736688e-13
5286,22,23,-0.3333333333333333,GL16_20,145.3677257175667,145.36772571756643,2.8421709430408046e-13
5287,22,23,0.0,GL16_20,145.49266401528234,145.49266401528203,3.1263880373449295e-13
5288,22,23,0.3333333333333333,GL16_20,145.6448680547226,145.64486805472225,3.4106051316490625e-13
5289,22,23,0.5,GL16_20,145.7329272449564,145.73292724495596,4.26325641456151e-13
5290,22,23,0.5773502691896258,GL16_20,145.77546088841044,145.77546088840995,4.831690603169849e-13
5291,22,23,0.7071067811865475,GL16_20,145.84195341009897,145.84195341009826,7.105427357603526e-13
5292,22,23,0.816496580927726,GL16_20,145.86606483551273,145.86606483551154,1.1937117960776808e-12
5294,22,24,-1.0,back_uv64_96,144.87258149249658,144.87258149249658,0.0
5295,22,24,-0.816496580927726,GL16_20,144.90238961498738,144.90238961498767,-2.842170943039997e-13
5296,22,24,-0.7071067811865475,GL16_20,144.92006579339073,144.92006579339107,-3.4106051316478993e-13
5297,22,24,-0.5773502691896258,GL16_20,144.94070253551607,144.9407025355164,-3.4106051316478993e-13
5298,22,24,-0.5,GL16_20,144.9526979846839,144.95269798468425,-3.4106051316478993e-13
5299,22,24,-0.3333333333333333,GL16_20,144.9771633319224,144.97716333192278,-3.6948222259518384e-13
5300,22,24,0.0,GL16_20,145.01312775907877,145.0131277590792,-4.2632564145596923e-13
5301,22,24,0.3333333333333333,GL16_20,144.99425518918554,144.99425518918594,-3.9790393202557694e-13
5302,22,24,0.5,GL16_20,144.918767497818,144.91876749781827,-2.5579538487360335e-13
5303,22,24,0.5773502691896258,GL16_20,144.84579415745233,144.8457941574524,-5.68434188608064e-14
5304,22,24,0.7071067811865475,GL16_20,144.59901166631118,144.59901166631042,7.673861546212026e-13
5305,22,24,0.816496580927726,GL16_20,144.07640192815077,144.07640192814762,3.1548097467798212e-12
5307,22,25,-1.0,back_uv64_96,144.74864631358759,144.7486463135875,8.526512829121566e-14
5308,22,25,-0.816496580927726,GL16_20,144.73945445473856,144.73945445473862,-5.68434188608064e-14
5309,22,25,-0.7071067811865475,GL16_20,144.73015512819603,144.7301551281961,-5.68434188608064e-14
5310,22,25,-0.5773502691896258,GL16_20,144.71426951465136,144.71426951465145,-8.526512829120839e-14
5311,22,25,-0.5,GL16_20,144.70169238023587,144.70169238023595,-8.526512829120839e-14
5312,22,25,-0.3333333333333333,GL16_20,144.66423082484857,144.66423082484866,-8.526512829120839e-14
5313,22,25,0.0,GL16_20,144.51998717204606,144.51998717204614,-8.526512829120839e-14
5314,22,25,0.3333333333333333,GL16_20,144.16233966779254,144.16233966779257,-2.8421709430403604e-14
5315,22,25,0.5,GL16_20,143.77238500132188,143.77238500132174,1.4210854715203013e-13
5316,22,25,0.5773502691896258,GL16_20,143.4821736804459,143.48217368044556,3.4106051316490625e-13
5317,22,25,0.7071067811865475,GL16_20,142.66116599258982,142.66116599258848,1.3358203432298806e-12
5318,22,25,0.816496580927726,GL16_20,141.1573945714433,141.15739457143897,4.320099833430741e-12
5320,22,26,-1.0,back_uv64_96,144.0175997246904,144.01759972469043,-2.8421709430403604e-14
5321,22,26,-0.816496580927726,GL16_20,143.9278878293835,143.92788782938385,-3.4106051316478993e-13
5322,22,26,-0.7071067811865475,GL16_20,143.8630063366495,143.86300633664982,-3.126388037343952e-13
5323,22,26,-0.5773502691896258,GL16_20,143.77202067218187,143.77202067218215,-2.842170943039997e-13
5324,22,26,-0.5,GL16_20,143.70901656909618,143.70901656909643,-2.5579538487360335e-13
5325,22,26,-0.3333333333333333,GL16_20,143.54483171788615,143.54483171788635,-1.9895196601280826e-13
5326,22,26,0.0,GL16_20,143.03454147226304,143.0345414722629,1.4210854715203013e-13
5327,22,26,0.3333333333333333,GL16_20,141.99575018536711,141.99575018536578,1.3358203432298806e-12
5328,22,26,0.5,GL16_20,140.97323618217604,140.9732361821731,2.9274360713358977e-12
5329,22,26,0.5773502691896258,GL16_20,140.24106395956952,140.24106395956525,4.263256414569689e-12
5330,22,26,0.7071067811865475,GL16_20,138.21504398782764,138.21504398781943,8.213874025420492e-12
5331,22,26,0.816496580927726,GL16_20,134.49504291752064,134.4950429175064,1.4239276424733786e-11
5333,22,27,-1.0,back_uv64_96,142.47190835644176,142.47190835644176,0.0
5334,22,27,-0.816496580927726,GL16_20,142.23723528008168,142.2372352800794,2.2737367544349055e-12
5335,22,27,-0.7071067811865475,GL16_20,142.07239997443378,142.07239997443125,2.529532139309156e-12
5336,22,27,-0.5773502691896258,GL16_20,141.84646612374164,141.8464661237387,2.9274360713358977e-12
5337,22,27,-0.5,GL16_20,141.69289281201313,141.69289281200992,3.21165316564081e-12
5338,22,27,-0.3333333333333333,GL16_20,141.30113674572317,141.30113674571928,3.89377419197293e-12
5339,22,27,0.0,GL16_20,140.1315535133436,140.13155351333756,6.025402399263802e-12
5340,22,27,0.3333333333333333,GL16_20,137.84302655927763,137.84302655926768,9.94759830069088e-12
5341,22,27,0.5,GL16_20,135.620289963444,135.620289963431,1.3017142919209758e-11
5342,22,27,0.5773502691896258,GL16_20,134.0265256572397,134.026525657225,1.469402377562683e-11
5343,22,27,0.7071067811865475,GL16_20,129.5755772796923,129.57557727967512,1.719513420554226e-11
5344,22,27,0.816496580927726,GL16_20,121.22369948969808,121.2236994896835,1.458033693790355e-11
5346,22,28,-1.0,back_uv64_96,139.82170018030462,139.82170018030482,-1.9895196601280826e-13
5347,22,28,-0.816496580927726,GL16_20,139.343479465458,139.34347946545725,7.389644451907772e-13
5348,22,28,-0.7071067811865475,GL16_20,139.010881516425,139.01088151642432,6.821210263299288e-13
5349,22,28,-0.5773502691896258,GL16_20,138.55839056594456,138.558390565944,5.684341886082417e-13
5350,22,28,-0.5,GL16_20,138.25259980215012,138.2525998021496,5.11590769747403e-13
5351,22,28,-0.3333333333333333,GL16_20,137.47729384692116,137.4772938469209,2.557953848736688e-13
5352,22,28,0.0,GL16_20,135.18315574468494,135.18315574468556,-6.252776074686927e-13
5353,22,28,0.3333333333333333,GL16_20,130.70388368441445,130.70388368441712,-2.671640686454408e-12
5354,22,28,0.5,GL16_20,126.32631506607186,126.32631506607663,-4.774847184296474e-12
5355,22,28,0.5773502691896258,GL16_20,123.16738332423091,123.16738332423738,-6.465938895396008e-12
5356,22,28,0.7071067811865475,GL16_20,114.26313283808223,114.26313283809488,-1.2647660696449802e-11
5357,22,28,0.816496580927726,GL16_20,97.30589973873687,97.30589973956042,-8.235474521162713e-10
5359,23,23,-1.0,back_uv64_96,145.1174026460507,145.1174026460507,0.0
5360,23,23,-0.816496580927726,GL16_20,145.17138268206452,145.1713826820642,3.1263880373449295e-13
5361,23,23,-0.7071067811865475,GL16_20,145.20588064434924,145.20588064434892,3.1263880373449295e-13
5362,23,23,-0.5773502691896258,GL16_20,145.2494172613193,145.249417261319,3.1263880373449295e-13
5363,23,23,-0.5,GL16_20,145.27689676420016,145.27689676419982,3.4106051316490625e-13
5364,23,23,-0.3333333333333333,GL16_20,145.3406431941136,145.34064319411328,3.1263880373449295e-13
5365,23,23,0.0,GL16_20,145.49284811572247,145.49284811572213,3.4106051316490625e-13
5366,23,23,0.3333333333333333,GL16_20,145.69945945666905,145.69945945666868,3.6948222259532036e-13
5367,23,23,0.5,GL16_20,145.84056324510513,145.84056324510476,3.6948222259532036e-13
5368,23,23,0.5773502691896258,GL16_20,145.92081260695886,145.92081260695844,4.26325641456151e-13
5369,23,23,0.7071067811865475,GL16_20,146.08983511681248,146.08983511681203,4.547473508865675e-13
5370,23,23,0.816496580927726,GL16_20,146.29121455123246,146.2912145512319,5.684341886082417e-13
5371,23,24,-1.0,back_uv64_96,144.9476791593595,144.94767915935952,-2.8421709430403604e-14
5372,23,24,-0.816496580927726,GL16_20,144.99490324110482,144.994903241105,-1.705302565824095e-13
5373,23,24,-0.7071067811865475,GL16_20,145.02476006920136,145.02476006920156,-1.9895196601280826e-13
5374,23,24,-0.5773502691896258,GL16_20,145.06204405741147,145.0620440574117,-2.273736754432062e-13
5375,23,24,-0.5,GL16_20,145.08533218637456,145.08533218637479,-2.273736754432062e-13
5376,23,24,-0.3333333333333333,GL16_20,145.13855267102497,145.13855267102525,-2.842170943039997e-13
5377,23,24,0.0,GL16_20,145.26021956045778,145.2602195604582,-4.2632564145596923e-13
5378,23,24,0.3333333333333333,GL16_20,145.40889919740633,145.40889919740692,-5.96855898038306e-13
5379,23,24,0.5,GL16_20,145.4950841046472,145.495084104648,-7.958078640509956e-13
5380,23,24,0.5773502691896258,GL16_20,145.53671634558708,145.53671634558802,-9.379164112028924e-13
5381,23,24,0.7071067811865475,GL16_20,145.60163360420955,145.6016336042108,-1.2505552149369944e-12
5382,23,24,0.816496580927726,GL16_20,145.6243218733999,145.62432187340156,-1.6484591469620737e-12
5384,23,25,-1.0,back_uv64_96,144.97780939198591,144.9778093919859,2.842170943040441e-14
5385,23,25,-0.816496580927726,GL16_20,145.0002353770326,145.00023537703274,-1.4210854715200994e-13
5386,23,25,-0.7071067811865475,GL16_20,145.0129437232832,145.01294372328337,-1.705302565824095e-13
5387,23,25,-0.5773502691896258,GL16_20,145.0270114573371,145.0270114573373,-1.9895196601280826e-13
5388,23,25,-0.5,GL16_20,145.03467861764975,145.03467861764997,-2.273736754432062e-13
5389,23,25,-0.3333333333333333,GL16_20,145.04852256531174,145.04852256531203,-2.842170943039997e-13
5390,23,25,0.0,GL16_20,145.05546747732322,145.05546747732367,-4.547473508863607e-13
5391,23,25,0.3333333333333333,GL16_20,144.98780739007245,144.98780739007327,-8.242295734813765e-13
5392,23,25,0.5,GL16_20,144.87266855215466,144.8726685521559,-1.2221335055066255e-12
5393,23,25,0.5773502691896258,GL16_20,144.7752820359431,144.7752820359446,-1.5063505998102778e-12
5394,23,25,0.7071067811865475,GL16_20,144.47528360381304,144.4752836038153,-2.2737367544297357e-12
5395,23,25,0.816496580927726,GL16_20,143.89543942309723,143.89543942310047,-3.240074875060808e-12
5397,23,26,-1.0,back_uv64_96,144.45533512233692,144.45533512233695,-2.8421709430403604e-14
5398,23,26,-0.816496580927726,GL16_20,144.41598278252408,144.4159827825249,-8.242295734813765e-13
5399,23,26,-0.7071067811865475,GL16_20,144.38603735544964,144.3860373554505,-8.526512829117567e-13
5400,23,26,-0.5773502691896258,GL16_20,144.34246306792775,144.34246306792866,-9.094947017725146e-13
5401,23,26,-0.5,GL16_20,144.31142019574997,144.31142019575094,-9.663381206332693e-13
5402,23,26,-0.3333333333333333,GL16_20,144.2279733415246,144.22797334152565,-1.0516032489243953e-12
5403,23,26,0.0,GL16_20,143.95396142109186,143.9539614210931,-1.2505552149369944e-12
5404,23,26,0.3333333333333333,GL16_20,143.36560529399375,143.36560529399517,-1.4210854715191906e-12
5405,23,26,0.5,GL16_20,142.77236274404365,142.77236274404498,-1.3358203432280961e-12
5406,23,26,0.5773502691896258,GL16_20,142.34529881196752,142.34529881196866,-1.136868377215514e-12
5407,23,26,0.7071067811865475,GL16_20,141.16632239267344,141.16632239267355,-1.1368683772160957e-13
5408,23,26,0.816496580927726,GL16_20,139.03290496106536,139.03290496106206,3.2969182939322997e-12
5410,23,27,-1.0,back_uv64_96,143.1683446393047,143.16834463930468,2.842170943040441e-14
5411,23,27,-0.816496580927726,GL16_20,143.00703384935906,143.0070338493583,7.673861546212026e-13
5412,23,27,-0.7071067811865475,GL16_20,142.8930401612747,142.8930401612738,9.094947017733418e-13
5413,23,27,-0.5773502691896258,GL16_20,142.7360646600837,142.7360646600826,1.1084466677863706e-12
5414,23,27,-0.5,GL16_20,142.6289686400259,142.62896864002468,1.2221335055081191e-12
5415,23,27,-0.3333333333333333,GL16_20,142.35465777736084,142.35465777735928,1.5631940186734422e-12
5416,23,27,0.0,GL16_20,141.53012437450082,141.53012437449814,2.6716406864615455e-12
5417,23,27,0.3333333333333333,GL16_20,139.91039687832475,139.91039687832003,4.718003765458195e-12
5418,23,27,0.5,GL16_20,138.3405783468653,138.340578346859,6.309619493569595e-12
5419,23,27,0.5773502691896258,GL16_20,137.2187660951222,137.21876609511497,7.219114195348676e-12
5420,23,27,0.7071067811865475,GL16_20,134.10290679437782,134.10290679436852,9.293898983785298e-12
5421,23,27,0.816496580927726,GL16_20,128.31344508447947,128.31344508446563,1.3841372492702543e-11
5423,23,28,-1.0,back_uv64_96,140.83148689560224,140.83148689560235,-1.1368683772160957e-13
5424,23,28,-0.816496580927726,GL16_20,140.45403785960318,140.4540378596039,-7.105427357598478e-13
5425,23,28,-0.7071067811865475,GL16_20,140.1915060791453,140.19150607914617,-8.526512829117567e-13
5426,23,28,-0.5773502691896258,GL16_20,139.8343762076289,139.83437620763002,-1.108446667785142e-12
5427,23,28,-0.5,GL16_20,139.5930785589579,139.5930785589592,-1.3073986337977297e-12
5428,23,28,-0.3333333333333333,GL16_20,138.98153927419978,138.98153927420157,-1.7905676941138494e-12
5429,23,28,0.0,GL16_20,137.17455112446171,137.1745511244653,-3.5811353882244927e-12
5430,23,28,0.3333333333333333,GL16_20,133.65698509272642,133.65698509273375,-7.332801033017349e-12
5431,23,28,0.5,GL16_20,130.23055524180594,130.2305552418163,-1.0345502232613544e-11
5432,23,28,0.5773502691896258,GL16_20,127.76392636176341,127.76392636177533,-1.1922907105983403e-11
5433,23,28,0.7071067811865475,GL16_20,120.83332498555677,120.83332498557036,-1.3585577107640832e-11
5434,23,28,0.816496580927726,GL16_20,107.69686142405295,107.69686142407161,-1.8658852240886155e-11
5436,24,24,-1.0,back_uv64_96,144.90593384920052,144.90593384920052,0.0
5437,24,24,-0.816496580927726,GL16_20,144.95859291318948,144.95859291318973,-2.5579538487360335e-13
5438,24,24,-0.7071067811865475,GL16_20,144.99228448049354,144.9922844804938,-2.5579538487360335e-13
5439,24,24,-0.5773502691896258,GL16_20,145.03484528295272,145.034845282953,-2.842170943039997e-13
5440,24,24,-0.5,GL16_20,145.0617327390937,145.061732739094,-2.842170943039997e-13
5441,24,24,-0.3333333333333333,GL16_20,145.1241759515813,145.1241759515816,-3.126388037343952e-13
5442,24,24,0.0,GL16_20,145.27365250202857,145.273652502029,-4.2632564145596923e-13
5443,24,24,0.3333333333333333,GL16_20,145.4773518572473,145.47735185724787,-5.684341886079186e-13
5444,24,24,0.5,GL16_20,145.61692058224284,145.61692058224355,-7.105427357598478e-13
5445,24,24,0.5773502691896258,GL16_20,145.6964371592975,145.69643715929834,-8.526512829117567e-13
5446,24,24,0.7071067811865475,GL16_20,145.8641964934754,145.86419649347653,-1.136868377215514e-12
5447,24,24,0.816496580927726,GL16_20,146.06446763397838,146.06446763398012,-1.7337242752531416e-12
5448,24,25,-1.0,back_uv64_96,145.0911337037549,145.09113370375485,5.684341886080963e-14
5449,24,25,-0.816496580927726,GL16_20,145.13349784861194,145.13349784861188,5.684341886080963e-14
5450,24,25,-0.7071067811865475,GL16_20,145.1600947599899,145.16009475998985,5.684341886080963e-14
5451,24,25,-0.5773502691896258,GL16_20,145.1930759585006,145.19307595850054,5.684341886080963e-14
5452,24,25,-0.5,GL16_20,145.21353137231415,145.2135313723141,5.684341886080963e-14
5453,24,25,-0.3333333333333333,GL16_20,145.25979823652753,145.25979823652744,8.526512829121566e-14
5454,24,25,0.0,GL16_20,145.36232306819565,145.36232306819554,1.136868377216225e-13
5455,24,25,0.3333333333333333,GL16_20,145.47767860957833,145.4776786095782,1.4210854715203013e-13
5456,24,25,0.5,GL16_20,145.53498465796483,145.53498465796463,1.9895196601284784e-13
5457,24,25,0.5773502691896258,GL16_20,145.55766619266413,145.5576661926639,2.273736754432579e-13
5458,24,25,0.7071067811865475,GL16_20,145.5765582736961,145.5765582736958,2.8421709430408046e-13
5459,24,25,0.816496580927726,GL16_20,145.5357877734622,145.53578777346172,4.831690603169849e-13
5461,24,26,-1.0,back_uv64_96,144.77851955807745,144.77851955807745,0.0
5462,24,26,-0.816496580927726,GL16_20,144.77817041336414,144.77817041336428,-1.4210854715200994e-13
5463,24,26,-0.7071067811865475,GL16_20,144.77527493238463,144.77527493238475,-1.1368683772160957e-13
5464,24,26,-0.5773502691896258,GL16_20,144.76839644240883,144.7683964424089,-8.526512829120839e-14
5465,24,26,-0.5,GL16_20,144.76208079385384,144.76208079385393,-8.526512829120839e-14
5466,24,26,-0.3333333333333333,GL16_20,144.74105294362613,144.7410529436262,-5.68434188608064e-14
5467,24,26,0.0,GL16_20,144.64920876658593,144.64920876658584,8.526512829121566e-14
5468,24,26,0.3333333333333333,GL16_20,144.4050879093006,144.40508790930002,5.684341886082417e-13
5469,24,26,0.5,GL16_20,144.1351443741834,144.13514437418218,1.2221335055081191e-12
5470,24,26,0.5773502691896258,GL16_20,143.93491397950658,143.93491397950476,1.818989403547511e-12
5471,24,26,0.7071067811865475,GL16_20,143.37453475715228,143.37453475714835,3.922195901403445e-12
5472,24,26,0.816496580927726,GL16_20,142.36863236559512,142.36863236558625,8.867573342325367e-12
5474,24,27,-1.0,back_uv64_96,143.75119757299808,143.75119757299808,0.0
5475,24,27,-0.816496580927726,GL16_20,143.65199737248366,143.65199737248204,1.6200374375343407e-12
5476,24,27,-0.7071067811865475,GL16_20,143.58100409958533,143.58100409958354,1.7905676941170555e-12
5477,24,27,-0.5773502691896258,GL16_20,143.48229004157918,143.4822900415771,2.074784788421645e-12
5478,24,27,-0.5,GL16_20,143.4144194884362,143.41441948843394,2.2737367544349055e-12
5479,24,27,-0.3333333333333333,GL16_20,143.23906876532257,143.2390687653198,2.7853275241834718e-12
5480,24,27,0.0,GL16_20,142.70387690257547,142.7038769025711,4.376943252291796e-12
5481,24,27,0.3333333333333333,GL16_20,141.6395024401992,141.63950244019136,7.844391802822273e-12
5482,24,27,0.5,GL16_20,140.60688561664657,140.60688561663542,1.1141310096780435e-11
5483,24,27,0.5773502691896258,GL16_20,139.8713687173398,139.8713687173265,1.3301360013517539e-11
5484,24,27,0.7071067811865475,GL16_20,137.84189869509598,137.84189869507748,1.850253283936418e-11
5485,24,27,0.816496580927726,GL16_20,134.12050345425538,134.12050345423063,2.4755308914188303e-11
5487,24,28,-1.0,back_uv64_96,141.72906573593932,141.72906573593949,-1.705302565824095e-13
5488,24,28,-0.816496580927726,GL16_20,141.44068669307828,141.4406866930765,1.7905676941170555e-12
5489,24,28,-0.7071067811865475,GL16_20,141.24000162695296,141.2400016269511,1.847411112977967e-12
5490,24,28,-0.5773502691896258,GL16_20,140.96695137993888,140.96695137993697,1.9042545318388816e-12
5491,24,28,-0.5,GL16_20,140.78246310294426,140.78246310294233,1.93267624126934e-12
5492,24,28,-0.3333333333333333,GL16_20,140.31501752218068,140.31501752217872,1.9610979506997995e-12
5493,24,28,0.0,GL16_20,138.93572064032213,138.93572064032023,1.9042545318388816e-12
5494,24,28,0.3333333333333333,GL16_20,136.26012912582317,136.26012912582172,1.449507180951655e-12
5495,24,28,0.5,GL16_20,133.66421501333988,133.66421501333886,1.0231815394950677e-12
5496,24,28,0.5773502691896258,GL16_20,131.80092459080797,131.8009245908072,7.673861546212026e-13
5497,24,28,0.7071067811865475,GL16_20,126.58651127350082,126.5865112735009,-8.526512829120839e-14
5498,24,28,0.816496580927726,GL16_20,116.7652892179468,116.76528921795263,-5.826450433215848e-12
5500,25,25,-1.0,back_uv64_96,145.46901650492902,145.46901650492902,0.0
5501,25,25,-0.816496580927726,GL16_20,145.5192628456262,145.51926284562603,1.7053025658243858e-13
5502,25,25,-0.7071067811865475,GL16_20,145.55137878476833,145.55137878476813,1.9895196601284784e-13
5503,25,25,-0.5773502691896258,GL16_20,145.59190580584283,145.59190580584263,1.9895196601284784e-13
5504,25,25,-0.5,GL16_20,145.61747962242615,145.61747962242595,1.9895196601284784e-13
5505,25,25,-0.3333333333333333,GL16_20,145.67676994564212,145.67676994564192,1.9895196601284784e-13
5506,25,25,0.0,GL16_20,145.8179302216435,145.81793022164325,2.557953848736688e-13
5507,25,25,0.3333333333333333,GL16_20,146.00763255306842,146.00763255306808,3.4106051316490625e-13
5508,25,25,0.5,GL16_20,146.13491562723434,146.13491562723388,4.547473508865675e-13
5509,25,25,0.5773502691896258,GL16_20,146.20609111311185,146.20609111311134,5.11590769747403e-13
5510,25,25,0.7071067811865475,GL16_20,146.35207748864977,146.3520774886491,6.821210263299288e-13
5511,25,25,0.816496580927726,GL16_20,146.51652146239778,146.5165214623968,9.663381206342032e-13
5512,25,26,-1.0,back_uv64_96,145.42125408849225,145.42125408849222,2.842170943040441e-14
5513,25,26,-0.816496580927726,GL16_20,145.45342304553202,145.45342304553225,-2.273736754432062e-13
5514,25,26,-0.7071067811865475,GL16_20,145.47310224985344,145.47310224985367,-2.273736754432062e-13
5515,25,26,-0.5773502691896258,GL16_20,145.49687379902207,145.4968737990223,-2.273736754432062e-13
5516,25,26,-0.5,GL16_20,145.51122597658946,145.5112259765897,-2.5579538487360335e-13
5517,25,26,-0.3333333333333333,GL16_20,145.54241288639466,145.54241288639494,-2.842170943039997e-13
5518,25,26,0.0,GL16_20,145.60316093152522,145.60316093152557,-3.4106051316478993e-13
5519,25,26,0.3333333333333333,GL16_20,145.64700405098554,145.647004050986,-4.547473508863607e-13
5520,25,26,0.5,GL16_20,145.64515456097854,145.6451545609791,-5.684341886079186e-13
5521,25,26,0.5773502691896258,GL16_20,145.6307778021386,145.63077780213922,-6.252776074686927e-13
5522,25,26,0.7071067811865475,GL16_20,145.56577604377046,145.5657760437712,-7.389644451902312e-13
5523,25,26,0.816496580927726,GL16_20,145.42276753410925,145.42276753411016,-9.094947017725146e-13
5525,25,27,-1.0,back_uv64_96,144.72738566552843,144.7273856655284,2.842170943040441e-14
5526,25,27,-0.816496580927726,GL16_20,144.69142447936136,144.6914244793609,4.547473508865675e-13
5527,25,27,-0.7071067811865475,GL16_20,144.66427348080185,144.66427348080134,5.11590769747403e-13
5528,25,27,-0.5773502691896258,GL16_20,144.62503177949392,144.62503177949333,5.968558980386623e-13
5529,25,27,-0.5,GL16_20,144.59724278627365,144.597242786273,6.536993168995058e-13
5530,25,27,-0.3333333333333333,GL16_20,144.5231358884379,144.52313588843708,8.242295734820559e-13
5531,25,27,0.0,GL16_20,144.28465359624036,144.28465359623897,1.3926637620907661e-12
5532,25,27,0.3333333333333333,GL16_20,143.79103723416043,143.7910372341578,2.6147972676005873e-12
5533,25,27,0.5,GL16_20,143.31183742022196,143.3118374202183,3.666400516528839e-12
5534,25,27,0.5773502691896258,GL16_20,142.97558084390198,142.9755808438977,4.291678124000215e-12
5535,25,27,0.7071067811865475,GL16_20,142.07538262003857,142.0753826200334,5.172751116346908e-12
5536,25,27,0.816496580927726,GL16_20,140.5158603798058,140.5158603798015,4.291678124000215e-12
5538,25,28,-1.0,back_uv64_96,143.12002546198443,143.1200254619843,1.136868377216225e-13
5539,25,28,-0.816496580927726,GL16_20,142.93149953052364,142.93149953052318,4.547473508865675e-13
5540,25,28,-0.7071067811865475,GL16_20,142.8002639588284,142.800263958828,3.9790393202573527e-13
5541,25,28,-0.5773502691896258,GL16_20,142.62179317424832,142.62179317424804,2.8421709430408046e-13
5542,25,28,-0.5,GL16_20,142.50132267813908,142.50132267813888,1.9895196601284784e-13
5543,25,28,-0.3333333333333333,GL16_20,142.1967006479669,142.19670064796694,-2.8421709430403604e-14
5544,25,28,0.0,GL16_20,141.30487451185974,141.3048745118608,-1.0516032489243953e-12
5545,25,28,0.3333333333333333,GL16_20,139.60746247386842,139.60746247387254,-4.1211478674000896e-12
5546,25,28,0.5,GL16_20,137.99552076945906,137.9955207694669,-7.844391802760739e-12
5547,25,28,0.5773502691896258,GL16_20,136.85486549824995,136.8548654982606,-1.0658141036344705e-11
5548,25,28,0.7071067811865475,GL16_20,133.71347524584064,133.713475245859,-1.8360424291872438e-11
5549,25,28,0.816496580927726,GL16_20,127.91434429514791,127.91434429517727,-2.9359625841176346e-11
5551,26,26,-1.0,back_uv64_96,145.73778201946376,145.73778201946376,0.0
5552,26,26,-0.816496580927726,GL16_20,145.78525567277777,145.785255672778,-2.273736754432062e-13
5553,26,26,-0.7071067811865475,GL16_20,145.81554755367134,145.81554755367156,-2.273736754432062e-13
5554,26,26,-0.5773502691896258,GL16_20,145.85370532287934,145.8537053228796,-2.5579538487360335e-13
5555,26,26,-0.5,GL16_20,145.87774050538374,145.877740505384,-2.5579538487360335e-13
5556,26,26,-0.3333333333333333,GL16_20,145.93331429866893,145.9333142986692,-2.5579538487360335e-13
5557,26,26,0.0,GL16_20,146.06456057424668,146.06456057424703,-3.4106051316478993e-13
5558,26,26,0.3333333333333333,GL16_20,146.23753701112946,146.23753701112992,-4.547473508863607e-13
5559,26,26,0.5,GL16_20,146.3504388159643,146.35043881596485,-5.400124791775303e-13
5560,26,26,0.5773502691896258,GL16_20,146.41211649722885,146.41211649722945,-5.96855898038306e-13
5561,26,26,0.7071067811865475,GL16_20,146.5345470771267,146.53454707712743,-7.389644451902312e-13
5562,26,26,0.816496580927726,GL16_20,146.66446547892514,146.6644654789261,-9.663381206332693e-13
5563,26,27,-1.0,back_uv64_96,145.50217976560575,145.50217976560575,0.0
5564,26,27,-0.816496580927726,GL16_20,145.52284435839437,145.52284435839425,1.136868377216225e-13
5565,26,27,-0.7071067811865475,GL16_20,145.53477925380773,145.5347792538076,1.136868377216225e-13
5566,26,27,-0.5773502691896258,GL16_20,145.54832543803164,145.54832543803147,1.7053025658243858e-13
5567,26,27,-0.5,GL16_20,145.55595791803268,145.55595791803248,1.9895196601284784e-13
5568,26,27,-0.3333333333333333,GL16_20,145.57074830777617,145.5707483077759,2.8421709430408046e-13
5569,26,27,0.0,GL16_20,145.587749683646,145.58774968364548,5.11590769747403e-13
5570,26,27,0.3333333333333333,GL16_20,145.56294139938956,145.56294139938836,1.1937117960776808e-12
5571,26,27,0.5,GL16_20,145.51043894066635,145.51043894066441,1.93267624126934e-12
5572,26,27,0.5773502691896258,GL16_20,145.46712897697722,145.46712897697475,2.4726887204482057e-12
5573,26,27,0.7071067811865475,GL16_20,145.34439603296488,145.34439603296082,4.064304448556033e-12
5574,26,27,0.816496580927726,GL16_20,145.14579818753617,145.1457981875295,6.679101716167247e-12
5576,26,28,-1.0,back_uv64_96,144.4709382703029,144.470938270303,-1.1368683772160957e-13
5577,26,28,-0.816496580927726,GL16_20,144.38735089336294,144.38735089336154,1.3926637620907661e-12
5578,26,28,-0.7071067811865475,GL16_20,144.3285842601858,144.32858426018436,1.449507180951655e-12
5579,26,28,-0.5773502691896258,GL16_20,144.2481472427186,144.24814724271707,1.5347723092429942e-12
5580,26,28,-0.5,GL16_20,144.19361900280683,144.19361900280524,1.591615728103891e-12
5581,26,28,-0.3333333333333333,GL16_20,144.05530526069677,144.0553052606951,1.6768808563952424e-12
5582,26,28,0.0,GL16_20,143.65109591532223,143.65109591532033,1.9042545318388816e-12
5583,26,28,0.3333333333333333,GL16_20,142.8999102598096,142.8999102598077,1.875832822408424e-12
5584,26,28,0.5,GL16_20,142.21321068436734,142.21321068436592,1.4210854715212101e-12
5585,26,28,0.5773502691896258,GL16_20,141.74155190107172,141.7415519010708,9.094947017733418e-13
5586,26,28,0.7071067811865475,GL16_20,140.49206253122782,140.49206253122873,-9.094947017725146e-13
5587,26,28,0.816496580927726,GL16_20,138.3163533722289,138.31635337223378,-4.88853402201754e-12
5589,27,27,-1.0,back_uv64_96,145.84246862576705,145.84246862576703,2.842170943040441e-14
5590,27,27,-0.816496580927726,GL16_20,145.88702278232032,145.88702278232097,-6.536993168990785e-13
5591,27,27,-0.7071067811865475,GL16_20,145.91538012949349,145.9153801294942,-7.105427357598478e-13
5592,27,27,-0.5773502691896258,GL16_20,145.951010843789,145.95101084378973,-7.389644451902312e-13
5593,27,27,-0.5,GL16_20,145.97339743790715,145.97339743790795,-7.958078640509956e-13
5594,27,27,-0.3333333333333333,GL16_20,146.02497024047443,146.0249702404753,-8.810729923421361e-13
5595,27,27,0.0,GL16_20,146.14548717935878,146.14548717935995,-1.1652900866458854e-12
5596,27,27,0.3333333333333333,GL16_20,146.30057790406389,146.3005779040655,-1.6200374375317162e-12
5597,27,27,0.5,GL16_20,146.39867097446793,146.39867097446995,-2.0179413695566485e-12
5598,27,27,0.5773502691896258,GL16_20,146.4509541694389,146.45095416944116,-2.2737367544297357e-12
5599,27,27,0.7071067811865475,GL16_20,146.55158212655994,146.5515821265628,-2.8705926524666846e-12
5600,27,27,0.816496580927726,GL16_20,146.6535713542488,146.6535713542524,-3.5811353882244927e-12
5601,27,28,-1.0,back_uv64_96,145.55269337043887,145.55269337043887,0.0
5602,27,28,-0.816496580927726,GL16_20,145.55260167207405,145.55260167207342,6.252776074690836e-13
5603,27,28,-0.7071067811865475,GL16_20,145.55086759376468,145.550867593764,6.821210263299288e-13
5604,27,28,-0.5773502691896258,GL16_20,145.54675867512884,145.5467586751281,7.389644451907772e-13
5605,27,28,-0.5,GL16_20,145.5430400147004,145.5430400146996,7.958078640516289e-13
5606,27,28,-0.3333333333333333,GL16_20,145.5309926076488,145.53099260764793,8.810729923429124e-13
5607,27,28,0.0,GL16_20,145.48250178407696,145.48250178407574,1.2221335055081191e-12
5608,27,28,0.3333333333333333,GL16_20,145.37252656422896,145.37252656422712,1.847411112977967e-12
5609,27,28,0.5,GL16_20,145.26995676946842,145.269956769466,2.4158453015872588e-12
5610,27,28,0.5773502691896258,GL16_20,145.20250873337008,145.20250873336724,2.8421709430444397e-12
5611,27,28,0.7071067811865475,GL16_20,145.0407798768098,145.04077987680594,3.8653524825424155e-12
5612,27,28,0.816496580927726,GL16_20,144.81650430729275,144.81650430728735,5.400124791791342e-12
5614,28,28,-1.0,back_uv64_96,146.3107477922571,146.3107477922571,0.0
5615,28,28,-0.816496580927726,GL16_20,146.34726058720938,146.3472605872092,1.7053025658243858e-13
5616,28,28,-0.7071067811865475,GL16_20,146.37021248314863,146.37021248314846,1.7053025658243858e-13
5617,28,28,-0.5773502691896258,GL16_20,146.39871341983277,146.3987134198326,1.7053025658243858e-13
5618,28,28,-0.5,GL16_20,146.41641829932075,146.41641829932058,1.7053025658243858e-13
5619,28,28,-0.3333333333333333,GL16_20,146.45657613290976,146.45657613290956,1.9895196601284784e-13
5620,28,28,0.0,GL16_20,146.54665767476277,146.5466576747626,1.7053025658243858e-13
5621,28,28,0.3333333333333333,GL16_20,146.65384906726493,146.65384906726476,1.7053025658243858e-13
5622,28,28,0.5,GL16_20,146.71627574282653,146.71627574282635,1.7053025658243858e-13
5623,28,28,0.5773502691896258,GL16_20,146.74794683184132,146.74794683184115,1.7053025658243858e-13
5624,28,28,0.7071067811865475,GL16_20,146.80638184640534,146.8063818464051,2.557953848736688e-13
5625,28,28,0.816496580927726,GL16_20,146.8637794915999,146.86377949159947,4.26325641456151e-13
